[INFO] [1788525940.965812390] [vslam_compare]: vslam_compare: logging per-message CSV to /workspaces/isaac_ros-dev/results/feasibility_gate/g3_1_baseline_20260904_v2/vslam_compare.csv (exp_id='g3_1_baseline_20260904_v2')
[INFO] [1788525940.984591924] [vslam_compare]: vslam_compare ready -- watching /visual_slam/tracking/odometry vs /ground_truth/odom
[WARN] [1788525941.985172904] [vslam_compare]: No /ground_truth/odom data yet.
[INFO] [1788525942.132647918] [vslam_compare]: cuVSLAM origin set: (0.0, 0.0, 0.0) -- tracking initialized
[INFO] [1788525942.820486254] [vslam_compare]: Ground truth origin set: (0.021988725289702415, -0.019256846979260445, -0.041015446186065674)
[INFO] [1788525942.984765507] [vslam_compare]: gt=(0.0, 0.0, 0.0) vslam=(0.0, 0.0, 0.0) error=0.002m max_error=0.002m (n=1)
[INFO] [1788525943.984629772] [vslam_compare]: gt=(-0.0, 0.01, 0.01) vslam=(0.0, 0.0, 0.0) error=0.015m max_error=0.015m (n=2)
[INFO] [1788525944.984649785] [vslam_compare]: gt=(-0.01, 0.02, 0.02) vslam=(0.0, 0.0, 0.0) error=0.035m max_error=0.035m (n=3)
[INFO] [1788525945.984731670] [vslam_compare]: gt=(-0.01, 0.03, 0.02) vslam=(0.0, 0.0, 0.0) error=0.040m max_error=0.040m (n=4)
[INFO] [1788525946.984822949] [vslam_compare]: gt=(-0.01, 0.02, 0.02) vslam=(0.0, 0.0, 0.0) error=0.035m max_error=0.040m (n=5)
[INFO] [1788525947.984945844] [vslam_compare]: gt=(-0.01, 0.04, 0.01) vslam=(0.0, 0.0, 0.0) error=0.042m max_error=0.042m (n=6)
[INFO] [1788525948.985030204] [vslam_compare]: gt=(-0.01, 0.05, 0.0) vslam=(0.0, 0.0, 0.0) error=0.047m max_error=0.047m (n=7)
[INFO] [1788525949.984843976] [vslam_compare]: gt=(-0.01, 0.04, 0.0) vslam=(-0.0, -0.0, 0.0) error=0.046m max_error=0.047m (n=8)
[INFO] [1788525950.984669897] [vslam_compare]: gt=(0.04, 0.03, 0.0) vslam=(0.01, -0.08, 0.01) error=0.112m max_error=0.112m (n=9)
[INFO] [1788525951.984719179] [vslam_compare]: gt=(0.1, 0.06, 0.28) vslam=(0.18, -0.04, 0.29) error=0.125m max_error=0.125m (n=10)
[INFO] [1788525952.985005505] [vslam_compare]: gt=(0.03, -0.1, 1.2) vslam=(0.14, -0.18, 1.13) error=0.150m max_error=0.150m (n=11)
[INFO] [1788525953.985046771] [vslam_compare]: gt=(-0.01, -0.12, 2.5) vslam=(0.09, -0.17, 2.61) error=0.154m max_error=0.154m (n=12)
[INFO] [1788525954.984684050] [vslam_compare]: gt=(-0.04, -0.05, 3.44) vslam=(0.03, -0.06, 3.62) error=0.194m max_error=0.194m (n=13)
[INFO] [1788525955.984589932] [vslam_compare]: gt=(-0.06, 0.0, 3.9) vslam=(-0.04, 0.04, 4.21) error=0.315m max_error=0.315m (n=14)
[INFO] [1788525956.984670282] [vslam_compare]: gt=(-0.05, 0.06, 4.25) vslam=(-0.04, 0.11, 4.6) error=0.362m max_error=0.362m (n=15)
[INFO] [1788525957.984663403] [vslam_compare]: gt=(-0.04, 0.08, 4.52) vslam=(-0.02, 0.17, 4.94) error=0.425m max_error=0.425m (n=16)
[INFO] [1788525958.984582609] [vslam_compare]: gt=(-0.05, 0.09, 4.66) vslam=(-0.03, 0.18, 5.12) error=0.470m max_error=0.470m (n=17)
[INFO] [1788525959.984737416] [vslam_compare]: gt=(-0.04, 0.08, 4.75) vslam=(-0.01, 0.17, 5.24) error=0.501m max_error=0.501m (n=18)
[INFO] [1788525960.984899929] [vslam_compare]: gt=(-0.02, 0.07, 4.61) vslam=(0.02, 0.15, 5.14) error=0.535m max_error=0.535m (n=19)
[INFO] [1788525961.984588273] [vslam_compare]: gt=(-0.1, 0.21, 4.6) vslam=(0.01, 0.15, 5.05) error=0.467m max_error=0.535m (n=20)
[INFO] [1788525962.984585522] [vslam_compare]: gt=(-0.36, 0.7, 4.61) vslam=(-0.26, 0.56, 5.05) error=0.473m max_error=0.535m (n=21)
[INFO] [1788525963.984836253] [vslam_compare]: gt=(-0.66, 1.54, 4.63) vslam=(-0.48, 1.28, 5.05) error=0.528m max_error=0.535m (n=22)
[INFO] [1788525964.984934573] [vslam_compare]: gt=(-0.91, 2.3, 4.67) vslam=(-0.69, 2.05, 5.06) error=0.506m max_error=0.535m (n=23)
[INFO] [1788525965.984974033] [vslam_compare]: gt=(-0.98, 2.83, 4.7) vslam=(-0.8, 2.65, 5.07) error=0.458m max_error=0.535m (n=24)
[INFO] [1788525966.984800207] [vslam_compare]: gt=(-1.02, 3.13, 4.68) vslam=(-0.74, 2.99, 5.05) error=0.483m max_error=0.535m (n=25)
[INFO] [1788525967.984606274] [vslam_compare]: gt=(-1.39, 3.37, 4.7) vslam=(-1.09, 3.11, 4.99) error=0.487m max_error=0.535m (n=26)
[INFO] [1788525968.984740400] [vslam_compare]: gt=(-1.95, 3.82, 4.79) vslam=(-1.58, 3.52, 5.05) error=0.546m max_error=0.546m (n=27)
[INFO] [1788525969.984698488] [vslam_compare]: gt=(-2.38, 4.1, 4.81) vslam=(-1.98, 3.77, 5.07) error=0.580m max_error=0.580m (n=28)
[INFO] [1788525970.984762683] [vslam_compare]: gt=(-2.68, 4.47, 4.82) vslam=(-2.28, 4.17, 5.04) error=0.541m max_error=0.580m (n=29)
[INFO] [1788525971.984763909] [vslam_compare]: gt=(-2.98, 4.98, 4.85) vslam=(-2.55, 4.65, 5.05) error=0.577m max_error=0.580m (n=30)
[INFO] [1788525972.984825004] [vslam_compare]: gt=(-3.14, 5.33, 4.84) vslam=(-2.66, 5.13, 5.19) error=0.629m max_error=0.629m (n=31)
[INFO] [1788525973.984693761] [vslam_compare]: gt=(-3.0, 5.09, 4.82) vslam=(-2.6, 4.98, 5.18) error=0.553m max_error=0.629m (n=32)
[INFO] [1788525974.985003454] [vslam_compare]: gt=(-2.91, 4.94, 4.82) vslam=(-2.51, 4.75, 5.22) error=0.598m max_error=0.629m (n=33)
[INFO] [1788525975.985032624] [vslam_compare]: gt=(-3.1, 5.14, 4.85) vslam=(-2.65, 4.9, 5.23) error=0.634m max_error=0.634m (n=34)
[INFO] [1788525976.985182535] [vslam_compare]: gt=(-3.38, 5.59, 4.9) vslam=(-2.87, 5.32, 5.28) error=0.689m max_error=0.689m (n=35)
[INFO] [1788525977.984658751] [vslam_compare]: gt=(-3.62, 6.28, 4.95) vslam=(-3.07, 5.99, 5.22) error=0.681m max_error=0.689m (n=36)
[INFO] [1788525978.984572907] [vslam_compare]: gt=(-3.61, 7.08, 4.98) vslam=(-2.97, 6.79, 5.18) error=0.739m max_error=0.739m (n=37)
[INFO] [1788525979.984779845] [vslam_compare]: gt=(-3.5, 7.75, 4.98) vslam=(-2.8, 7.47, 5.14) error=0.776m max_error=0.776m (n=38)
[INFO] [1788525980.984738767] [vslam_compare]: gt=(-3.4, 8.06, 4.95) vslam=(-2.61, 7.82, 5.11) error=0.847m max_error=0.847m (n=39)
[INFO] [1788525981.984947078] [vslam_compare]: gt=(-3.45, 8.11, 4.93) vslam=(-2.64, 8.08, 5.12) error=0.838m max_error=0.847m (n=40)
[INFO] [1788525982.984813389] [vslam_compare]: gt=(-3.45, 8.25, 4.92) vslam=(-2.67, 8.2, 5.12) error=0.804m max_error=0.847m (n=41)
[INFO] [1788525983.984734477] [vslam_compare]: gt=(-3.26, 8.76, 4.91) vslam=(-2.52, 8.68, 5.1) error=0.776m max_error=0.847m (n=42)
[INFO] [1788525984.984740829] [vslam_compare]: gt=(-2.89, 9.43, 4.96) vslam=(-2.06, 9.27, 5.17) error=0.863m max_error=0.863m (n=43)
[INFO] [1788525985.984916750] [vslam_compare]: gt=(-2.56, 9.74, 4.98) vslam=(-1.7, 9.62, 5.19) error=0.896m max_error=0.896m (n=44)
[INFO] [1788525986.984728339] [vslam_compare]: gt=(-2.21, 9.84, 5.05) vslam=(-1.44, 9.69, 5.31) error=0.825m max_error=0.896m (n=45)
[INFO] [1788525987.984934936] [vslam_compare]: gt=(-1.65, 9.89, 5.1) vslam=(-0.89, 9.55, 5.33) error=0.866m max_error=0.896m (n=46)
[INFO] [1788525988.984865243] [vslam_compare]: gt=(-1.04, 9.84, 5.09) vslam=(-0.29, 9.45, 5.32) error=0.880m max_error=0.896m (n=47)
[INFO] [1788525989.984874330] [vslam_compare]: gt=(-0.39, 9.6, 5.09) vslam=(0.31, 9.22, 5.31) error=0.828m max_error=0.896m (n=48)
[INFO] [1788525990.984953822] [vslam_compare]: gt=(0.25, 9.3, 5.06) vslam=(1.07, 8.82, 5.3) error=0.984m max_error=0.984m (n=49)
[INFO] [1788525991.984743537] [vslam_compare]: gt=(0.53, 9.01, 5.03) vslam=(1.4, 8.5, 5.29) error=1.041m max_error=1.041m (n=50)
[INFO] [1788525992.984682724] [vslam_compare]: gt=(0.54, 8.85, 5.05) vslam=(1.5, 8.36, 5.27) error=1.097m max_error=1.097m (n=51)
[INFO] [1788525993.984911862] [vslam_compare]: gt=(0.33, 8.42, 5.05) vslam=(1.08, 7.98, 5.18) error=0.883m max_error=1.097m (n=52)
[INFO] [1788525994.984610963] [vslam_compare]: gt=(0.13, 8.03, 5.06) vslam=(0.51, 7.57, 5.13) error=0.605m max_error=1.097m (n=53)
[INFO] [1788525995.984896912] [vslam_compare]: gt=(0.09, 8.0, 5.04) vslam=(-0.01, 7.35, 5.11) error=0.657m max_error=1.097m (n=54)
[INFO] [1788525996.984994671] [vslam_compare]: gt=(0.03, 8.05, 5.02) vslam=(-0.86, 7.05, 4.97) error=1.342m max_error=1.342m (n=55)
[INFO] [1788525997.984800942] [vslam_compare]: gt=(-0.06, 8.04, 5.01) vslam=(-1.48, 6.7, 4.88) error=1.952m max_error=1.952m (n=56)
[INFO] [1788525998.984958365] [vslam_compare]: gt=(-0.1, 8.0, 5.01) vslam=(-1.49, 6.68, 4.87) error=1.931m max_error=1.952m (n=57)
[INFO] [1788525999.984892221] [vslam_compare]: gt=(-0.06, 7.98, 5.02) vslam=(-1.51, 6.66, 4.86) error=1.966m max_error=1.966m (n=58)
[INFO] [1788526000.984827666] [vslam_compare]: gt=(-0.03, 7.99, 5.03) vslam=(-1.49, 6.67, 4.88) error=1.979m max_error=1.979m (n=59)
[INFO] [1788526001.985073049] [vslam_compare]: gt=(-0.02, 8.01, 5.05) vslam=(-1.42, 6.64, 4.81) error=1.971m max_error=1.979m (n=60)
[INFO] [1788526002.984889490] [vslam_compare]: gt=(-0.04, 8.03, 5.05) vslam=(-1.52, 6.66, 4.83) error=2.031m max_error=2.031m (n=61)
[INFO] [1788526003.984875973] [vslam_compare]: gt=(-0.02, 8.0, 5.03) vslam=(-1.53, 6.6, 4.87) error=2.064m max_error=2.064m (n=62)
[INFO] [1788526004.984581029] [vslam_compare]: gt=(-0.05, 8.01, 5.02) vslam=(-1.58, 6.6, 4.88) error=2.092m max_error=2.092m (n=63)
[INFO] [1788526005.984781486] [vslam_compare]: gt=(-0.02, 8.02, 5.03) vslam=(-1.59, 6.64, 5.05) error=2.085m max_error=2.092m (n=64)
[INFO] [1788526006.985247626] [vslam_compare]: gt=(-0.0, 8.0, 5.04) vslam=(-1.68, 6.64, 5.05) error=2.162m max_error=2.162m (n=65)
[INFO] [1788526007.985122075] [vslam_compare]: gt=(0.01, 7.99, 5.03) vslam=(-1.66, 6.61, 5.04) error=2.171m max_error=2.171m (n=66)
[INFO] [1788526008.985019958] [vslam_compare]: gt=(0.01, 7.99, 5.04) vslam=(-1.67, 6.61, 5.04) error=2.184m max_error=2.184m (n=67)
[INFO] [1788526009.984983199] [vslam_compare]: gt=(0.01, 8.02, 5.03) vslam=(-1.69, 6.62, 5.04) error=2.202m max_error=2.202m (n=68)
[INFO] [1788526010.985207903] [vslam_compare]: gt=(-0.01, 8.05, 5.03) vslam=(-1.7, 6.62, 5.04) error=2.215m max_error=2.215m (n=69)
[INFO] [1788526011.984725664] [vslam_compare]: gt=(-0.02, 8.03, 5.04) vslam=(-1.71, 6.6, 5.03) error=2.209m max_error=2.215m (n=70)
[INFO] [1788526012.985114001] [vslam_compare]: gt=(-0.03, 8.0, 5.04) vslam=(-1.55, 6.77, 5.08) error=1.958m max_error=2.215m (n=71)
[INFO] [1788526013.985158242] [vslam_compare]: gt=(-0.01, 8.0, 5.05) vslam=(-1.53, 6.73, 4.93) error=1.984m max_error=2.215m (n=72)
[INFO] [1788526014.985050313] [vslam_compare]: gt=(-0.03, 8.0, 5.04) vslam=(-1.59, 6.64, 4.95) error=2.078m max_error=2.215m (n=73)
[INFO] [1788526015.984734103] [vslam_compare]: gt=(-0.03, 8.0, 5.05) vslam=(-1.66, 6.44, 4.96) error=2.262m max_error=2.262m (n=74)
[INFO] [1788526016.984696222] [vslam_compare]: gt=(-0.04, 8.01, 5.04) vslam=(-1.64, 6.43, 4.85) error=2.259m max_error=2.262m (n=75)
[INFO] [1788526017.984801805] [vslam_compare]: gt=(-0.04, 8.0, 5.02) vslam=(-1.67, 6.39, 4.73) error=2.314m max_error=2.314m (n=76)
[INFO] [1788526018.984973052] [vslam_compare]: gt=(-0.01, 7.99, 5.03) vslam=(-1.66, 6.42, 4.86) error=2.277m max_error=2.314m (n=77)
[INFO] [1788526019.984766036] [vslam_compare]: gt=(0.0, 8.0, 5.04) vslam=(-1.71, 6.36, 4.85) error=2.382m max_error=2.382m (n=78)
[INFO] [1788526020.984932880] [vslam_compare]: gt=(-0.01, 8.0, 5.04) vslam=(-1.71, 6.33, 4.82) error=2.397m max_error=2.397m (n=79)
[INFO] [1788526021.984888813] [vslam_compare]: gt=(-0.01, 8.0, 5.04) vslam=(-1.74, 6.24, 4.77) error=2.485m max_error=2.485m (n=80)
[INFO] [1788526022.984792573] [vslam_compare]: gt=(-0.01, 8.01, 5.03) vslam=(-1.94, 6.1, 4.61) error=2.752m max_error=2.752m (n=81)
[INFO] [1788526023.985034927] [vslam_compare]: gt=(-0.01, 8.0, 5.03) vslam=(-1.95, 6.16, 4.6) error=2.709m max_error=2.752m (n=82)
[INFO] [1788526024.984923128] [vslam_compare]: gt=(-0.02, 8.0, 5.04) vslam=(-2.24, 6.01, 4.6) error=3.009m max_error=3.009m (n=83)
[INFO] [1788526025.984662799] [vslam_compare]: gt=(-0.03, 8.0, 5.04) vslam=(-2.4, 5.83, 4.55) error=3.257m max_error=3.257m (n=84)
[INFO] [1788526026.984859177] [vslam_compare]: gt=(-0.04, 8.03, 5.05) vslam=(-2.84, 5.5, 4.65) error=3.795m max_error=3.795m (n=85)
[INFO] [1788526027.984695389] [vslam_compare]: gt=(-0.04, 8.04, 5.05) vslam=(-2.96, 5.45, 4.65) error=3.930m max_error=3.930m (n=86)
[INFO] [1788526028.984699813] [vslam_compare]: gt=(-0.03, 8.01, 5.05) vslam=(-2.96, 5.44, 4.65) error=3.914m max_error=3.930m (n=87)
[INFO] [1788526029.984939992] [vslam_compare]: gt=(-0.02, 8.01, 5.06) vslam=(-2.97, 5.43, 4.67) error=3.937m max_error=3.937m (n=88)
[INFO] [1788526030.984836182] [vslam_compare]: gt=(-0.02, 8.03, 5.06) vslam=(-2.96, 5.44, 4.67) error=3.941m max_error=3.941m (n=89)
[INFO] [1788526031.984595338] [vslam_compare]: gt=(-0.0, 8.03, 5.04) vslam=(-2.97, 5.43, 4.67) error=3.960m max_error=3.960m (n=90)
[INFO] [1788526032.984856811] [vslam_compare]: gt=(-0.0, 8.01, 5.04) vslam=(-2.96, 5.43, 4.67) error=3.949m max_error=3.960m (n=91)
[INFO] [1788526033.984797294] [vslam_compare]: gt=(-0.01, 8.01, 5.03) vslam=(-2.94, 5.46, 4.67) error=3.904m max_error=3.960m (n=92)
[INFO] [1788526034.985062662] [vslam_compare]: gt=(-0.03, 8.02, 5.04) vslam=(-2.95, 5.47, 4.68) error=3.893m max_error=3.960m (n=93)
[INFO] [1788526035.984809951] [vslam_compare]: gt=(-0.03, 8.03, 5.05) vslam=(-2.94, 5.47, 4.68) error=3.895m max_error=3.960m (n=94)
[INFO] [1788526036.984656862] [vslam_compare]: gt=(-0.02, 8.05, 5.04) vslam=(-2.94, 5.47, 4.67) error=3.909m max_error=3.960m (n=95)
[INFO] [1788526037.984743320] [vslam_compare]: gt=(-0.01, 8.05, 5.04) vslam=(-2.93, 5.46, 4.68) error=3.923m max_error=3.960m (n=96)
[INFO] [1788526038.984931654] [vslam_compare]: gt=(0.0, 8.03, 5.05) vslam=(-2.93, 5.44, 4.68) error=3.935m max_error=3.960m (n=97)
[INFO] [1788526039.984734267] [vslam_compare]: gt=(0.0, 8.01, 5.05) vslam=(-2.97, 5.41, 4.66) error=3.965m max_error=3.965m (n=98)
[INFO] [1788526040.984881636] [vslam_compare]: gt=(-0.02, 8.0, 5.05) vslam=(-2.98, 5.4, 4.66) error=3.961m max_error=3.965m (n=99)
[INFO] [1788526041.985273408] [vslam_compare]: gt=(-0.02, 7.99, 5.05) vslam=(-2.99, 5.37, 4.64) error=3.978m max_error=3.978m (n=100)
[INFO] [1788526042.985116791] [vslam_compare]: gt=(-0.04, 8.0, 5.04) vslam=(-3.01, 5.38, 4.64) error=3.982m max_error=3.982m (n=101)
[INFO] [1788526043.984930157] [vslam_compare]: gt=(-0.06, 8.0, 5.04) vslam=(-3.01, 5.39, 4.64) error=3.963m max_error=3.982m (n=102)
[INFO] [1788526044.984831630] [vslam_compare]: gt=(-0.06, 7.99, 5.04) vslam=(-3.0, 5.39, 4.64) error=3.948m max_error=3.982m (n=103)
[INFO] [1788526045.984737678] [vslam_compare]: gt=(-0.05, 7.99, 5.03) vslam=(-2.99, 5.41, 4.65) error=3.937m max_error=3.982m (n=104)
[INFO] [1788526046.984762117] [vslam_compare]: gt=(-0.03, 8.01, 5.02) vslam=(-2.96, 5.42, 4.65) error=3.924m max_error=3.982m (n=105)
[INFO] [1788526047.984620790] [vslam_compare]: gt=(-0.01, 8.03, 5.02) vslam=(-2.95, 5.44, 4.67) error=3.935m max_error=3.982m (n=106)
[INFO] [1788526048.984825786] [vslam_compare]: gt=(-0.01, 8.04, 5.03) vslam=(-2.95, 5.46, 4.67) error=3.929m max_error=3.982m (n=107)
[INFO] [1788526049.984818380] [vslam_compare]: gt=(-0.02, 8.04, 5.05) vslam=(-2.94, 5.44, 4.67) error=3.923m max_error=3.982m (n=108)
[INFO] [1788526050.984912121] [vslam_compare]: gt=(0.0, 8.02, 5.05) vslam=(-2.92, 5.41, 4.66) error=3.931m max_error=3.982m (n=109)
[INFO] [1788526051.984582175] [vslam_compare]: gt=(0.01, 8.01, 5.05) vslam=(-2.91, 5.4, 4.65) error=3.941m max_error=3.982m (n=110)
[INFO] [1788526052.984654723] [vslam_compare]: gt=(-0.01, 8.02, 5.06) vslam=(-2.94, 5.4, 4.65) error=3.947m max_error=3.982m (n=111)
[INFO] [1788526053.984884589] [vslam_compare]: gt=(-0.03, 8.01, 5.06) vslam=(-2.95, 5.4, 4.64) error=3.938m max_error=3.982m (n=112)
[INFO] [1788526054.984979309] [vslam_compare]: gt=(-0.03, 8.0, 5.05) vslam=(-2.96, 5.4, 4.63) error=3.938m max_error=3.982m (n=113)
[INFO] [1788526055.984888513] [vslam_compare]: gt=(-0.02, 8.01, 5.04) vslam=(-2.95, 5.41, 4.63) error=3.931m max_error=3.982m (n=114)
[INFO] [1788526056.984717180] [vslam_compare]: gt=(-0.0, 8.02, 5.02) vslam=(-2.95, 5.43, 4.64) error=3.943m max_error=3.982m (n=115)
[INFO] [1788526057.984633144] [vslam_compare]: gt=(-0.0, 8.05, 5.04) vslam=(-2.95, 5.45, 4.65) error=3.958m max_error=3.982m (n=116)
[INFO] [1788526058.984808279] [vslam_compare]: gt=(-0.02, 8.03, 5.04) vslam=(-2.96, 5.42, 4.63) error=3.949m max_error=3.982m (n=117)
[INFO] [1788526059.984701388] [vslam_compare]: gt=(-0.03, 8.01, 5.03) vslam=(-2.97, 5.42, 4.62) error=3.939m max_error=3.982m (n=118)
[INFO] [1788526060.984684419] [vslam_compare]: gt=(-0.04, 8.01, 5.02) vslam=(-2.97, 5.42, 4.62) error=3.933m max_error=3.982m (n=119)
[INFO] [1788526061.984796842] [vslam_compare]: gt=(-0.03, 8.03, 5.02) vslam=(-2.96, 5.44, 4.63) error=3.930m max_error=3.982m (n=120)
[INFO] [1788526062.984865681] [vslam_compare]: gt=(-0.02, 8.03, 5.04) vslam=(-2.95, 5.43, 4.63) error=3.937m max_error=3.982m (n=121)
[INFO] [1788526063.984747386] [vslam_compare]: gt=(-0.01, 8.02, 5.03) vslam=(-2.95, 5.44, 4.63) error=3.938m max_error=3.982m (n=122)
[INFO] [1788526064.984942657] [vslam_compare]: gt=(0.0, 8.04, 5.03) vslam=(-2.94, 5.44, 4.62) error=3.951m max_error=3.982m (n=123)
[INFO] [1788526065.984790389] [vslam_compare]: gt=(-0.0, 8.03, 5.03) vslam=(-2.95, 5.43, 4.62) error=3.954m max_error=3.982m (n=124)
[INFO] [1788526066.984704627] [vslam_compare]: gt=(-0.02, 8.02, 5.04) vslam=(-2.97, 5.42, 4.61) error=3.956m max_error=3.982m (n=125)
[INFO] [1788526067.984663860] [vslam_compare]: gt=(-0.03, 8.02, 5.04) vslam=(-2.98, 5.42, 4.61) error=3.956m max_error=3.982m (n=126)
[INFO] [1788526068.984791903] [vslam_compare]: gt=(-0.05, 8.01, 5.05) vslam=(-2.99, 5.41, 4.6) error=3.953m max_error=3.982m (n=127)
[INFO] [1788526069.985023066] [vslam_compare]: gt=(-0.06, 8.01, 5.04) vslam=(-2.98, 5.4, 4.6) error=3.941m max_error=3.982m (n=128)
[INFO] [1788526070.984789896] [vslam_compare]: gt=(-0.03, 8.01, 5.05) vslam=(-2.96, 5.41, 4.6) error=3.944m max_error=3.982m (n=129)
[INFO] [1788526071.985086311] [vslam_compare]: gt=(-0.02, 8.02, 5.04) vslam=(-2.94, 5.4, 4.6) error=3.945m max_error=3.982m (n=130)
[INFO] [1788526072.984818139] [vslam_compare]: gt=(0.0, 8.01, 5.03) vslam=(-2.92, 5.41, 4.6) error=3.931m max_error=3.982m (n=131)
[INFO] [1788526073.984661469] [vslam_compare]: gt=(0.01, 8.01, 5.02) vslam=(-2.92, 5.42, 4.6) error=3.931m max_error=3.982m (n=132)
[INFO] [1788526074.984782876] [vslam_compare]: gt=(-0.01, 8.02, 5.04) vslam=(-2.94, 5.44, 4.6) error=3.931m max_error=3.982m (n=133)
[INFO] [1788526075.984961206] [vslam_compare]: gt=(-0.02, 8.04, 5.05) vslam=(-2.93, 5.43, 4.6) error=3.934m max_error=3.982m (n=134)
[INFO] [1788526076.984620718] [vslam_compare]: gt=(-0.0, 8.02, 5.05) vslam=(-2.92, 5.43, 4.58) error=3.931m max_error=3.982m (n=135)
[INFO] [1788526077.984826083] [vslam_compare]: gt=(-0.01, 8.03, 5.04) vslam=(-2.93, 5.43, 4.58) error=3.937m max_error=3.982m (n=136)
[INFO] [1788526078.984782983] [vslam_compare]: gt=(-0.01, 8.02, 5.04) vslam=(-2.93, 5.43, 4.57) error=3.932m max_error=3.982m (n=137)
[INFO] [1788526079.984886016] [vslam_compare]: gt=(-0.02, 8.01, 5.04) vslam=(-2.95, 5.42, 4.57) error=3.939m max_error=3.982m (n=138)
[INFO] [1788526080.984619671] [vslam_compare]: gt=(-0.04, 8.01, 5.03) vslam=(-2.96, 5.42, 4.56) error=3.927m max_error=3.982m (n=139)
[INFO] [1788526081.984590195] [vslam_compare]: gt=(-0.05, 7.99, 5.03) vslam=(-2.96, 5.43, 4.56) error=3.910m max_error=3.982m (n=140)
[INFO] [1788526082.984976632] [vslam_compare]: gt=(-0.04, 7.99, 5.03) vslam=(-2.96, 5.45, 4.55) error=3.900m max_error=3.982m (n=141)
[INFO] [1788526083.984812469] [vslam_compare]: gt=(-0.03, 8.03, 5.03) vslam=(-2.95, 5.47, 4.56) error=3.905m max_error=3.982m (n=142)
[INFO] [1788526084.985015200] [vslam_compare]: gt=(-0.02, 8.04, 5.03) vslam=(-2.96, 5.49, 4.56) error=3.923m max_error=3.982m (n=143)
[INFO] [1788526085.984639991] [vslam_compare]: gt=(-0.02, 8.04, 5.03) vslam=(-2.96, 5.48, 4.55) error=3.923m max_error=3.982m (n=144)
[INFO] [1788526086.985134921] [vslam_compare]: gt=(-0.03, 8.03, 5.03) vslam=(-2.94, 5.46, 4.55) error=3.908m max_error=3.982m (n=145)
[INFO] [1788526087.984880337] [vslam_compare]: gt=(-0.04, 8.02, 5.03) vslam=(-2.92, 5.46, 4.55) error=3.889m max_error=3.982m (n=146)
[INFO] [1788526088.984738752] [vslam_compare]: gt=(-0.02, 8.02, 5.03) vslam=(-2.91, 5.44, 4.55) error=3.899m max_error=3.982m (n=147)
[INFO] [1788526089.984817540] [vslam_compare]: gt=(-0.0, 8.01, 5.03) vslam=(-2.89, 5.45, 4.55) error=3.889m max_error=3.982m (n=148)
[INFO] [1788526090.984817255] [vslam_compare]: gt=(0.02, 7.99, 5.04) vslam=(-2.9, 5.45, 4.55) error=3.905m max_error=3.982m (n=149)
[INFO] [1788526091.984950674] [vslam_compare]: gt=(-0.0, 8.0, 5.04) vslam=(-2.92, 5.46, 4.54) error=3.904m max_error=3.982m (n=150)
[INFO] [1788526092.984848203] [vslam_compare]: gt=(-0.03, 8.01, 5.05) vslam=(-2.94, 5.47, 4.53) error=3.897m max_error=3.982m (n=151)
[INFO] [1788526093.984950496] [vslam_compare]: gt=(-0.04, 8.02, 5.04) vslam=(-2.97, 5.49, 4.53) error=3.906m max_error=3.982m (n=152)
[INFO] [1788526094.984802240] [vslam_compare]: gt=(-0.04, 8.02, 5.03) vslam=(-2.96, 5.49, 4.53) error=3.898m max_error=3.982m (n=153)
[INFO] [1788526095.984895844] [vslam_compare]: gt=(-0.04, 8.02, 5.03) vslam=(-2.94, 5.49, 4.53) error=3.882m max_error=3.982m (n=154)
[INFO] [1788526096.984768062] [vslam_compare]: gt=(-0.02, 8.03, 5.04) vslam=(-2.92, 5.5, 4.53) error=3.883m max_error=3.982m (n=155)
[INFO] [1788526097.985043573] [vslam_compare]: gt=(-0.02, 8.04, 5.05) vslam=(-2.92, 5.49, 4.53) error=3.891m max_error=3.982m (n=156)
[INFO] [1788526098.984888065] [vslam_compare]: gt=(-0.02, 8.01, 5.05) vslam=(-2.9, 5.48, 4.53) error=3.874m max_error=3.982m (n=157)
[INFO] [1788526099.984922039] [vslam_compare]: gt=(-0.01, 7.99, 5.04) vslam=(-2.91, 5.48, 4.52) error=3.869m max_error=3.982m (n=158)
[INFO] [1788526100.984953956] [vslam_compare]: gt=(-0.02, 8.0, 5.04) vslam=(-2.91, 5.49, 4.53) error=3.862m max_error=3.982m (n=159)
[INFO] [1788526101.985005333] [vslam_compare]: gt=(-0.02, 8.0, 5.05) vslam=(-2.92, 5.52, 4.53) error=3.853m max_error=3.982m (n=160)
[INFO] [1788526102.984820645] [vslam_compare]: gt=(-0.02, 8.02, 5.05) vslam=(-2.92, 5.53, 4.53) error=3.859m max_error=3.982m (n=161)
[INFO] [1788526103.984795983] [vslam_compare]: gt=(-0.02, 8.04, 5.05) vslam=(-2.91, 5.54, 4.53) error=3.857m max_error=3.982m (n=162)
[INFO] [1788526104.984814785] [vslam_compare]: gt=(-0.01, 8.04, 5.05) vslam=(-2.9, 5.53, 4.53) error=3.866m max_error=3.982m (n=163)
[INFO] [1788526105.984752572] [vslam_compare]: gt=(-0.02, 8.03, 5.05) vslam=(-2.91, 5.52, 4.52) error=3.864m max_error=3.982m (n=164)
[INFO] [1788526106.984703316] [vslam_compare]: gt=(-0.01, 8.02, 5.05) vslam=(-2.91, 5.5, 4.52) error=3.876m max_error=3.982m (n=165)
[INFO] [1788526107.984601828] [vslam_compare]: gt=(-0.02, 8.01, 5.04) vslam=(-2.91, 5.48, 4.5) error=3.874m max_error=3.982m (n=166)
[INFO] [1788526108.984616634] [vslam_compare]: gt=(-0.02, 8.0, 5.03) vslam=(-2.91, 5.5, 4.5) error=3.858m max_error=3.982m (n=167)
[INFO] [1788526109.985392261] [vslam_compare]: gt=(-0.02, 8.02, 5.03) vslam=(-2.9, 5.5, 4.51) error=3.865m max_error=3.982m (n=168)
[INFO] [1788526110.984889094] [vslam_compare]: gt=(-0.02, 8.03, 5.03) vslam=(-2.9, 5.52, 4.52) error=3.853m max_error=3.982m (n=169)
[INFO] [1788526111.984779787] [vslam_compare]: gt=(-0.04, 8.02, 5.04) vslam=(-2.92, 5.53, 4.52) error=3.838m max_error=3.982m (n=170)
[INFO] [1788526112.984696858] [vslam_compare]: gt=(-0.04, 8.02, 5.04) vslam=(-2.91, 5.52, 4.51) error=3.842m max_error=3.982m (n=171)
[INFO] [1788526113.984927171] [vslam_compare]: gt=(-0.03, 8.02, 5.05) vslam=(-2.89, 5.52, 4.51) error=3.837m max_error=3.982m (n=172)
[INFO] [1788526114.985009524] [vslam_compare]: gt=(-0.02, 8.04, 5.06) vslam=(-2.88, 5.53, 4.51) error=3.848m max_error=3.982m (n=173)
[INFO] [1788526115.985188191] [vslam_compare]: gt=(-0.01, 8.04, 5.04) vslam=(-2.87, 5.51, 4.5) error=3.859m max_error=3.982m (n=174)
[INFO] [1788526116.984979710] [vslam_compare]: gt=(-0.0, 8.02, 5.05) vslam=(-2.87, 5.5, 4.51) error=3.856m max_error=3.982m (n=175)
[INFO] [1788526117.984862963] [vslam_compare]: gt=(-0.02, 7.99, 5.05) vslam=(-2.88, 5.48, 4.5) error=3.843m max_error=3.982m (n=176)
[INFO] [1788526118.985032497] [vslam_compare]: gt=(-0.05, 8.0, 4.95) vslam=(-2.81, 5.51, 4.45) error=3.750m max_error=3.982m (n=177)
[INFO] [1788526119.984768607] [vslam_compare]: gt=(-0.05, 8.05, 5.03) vslam=(-2.84, 5.79, 4.43) error=3.632m max_error=3.982m (n=178)
[INFO] [1788526120.984875590] [vslam_compare]: gt=(-0.09, 8.0, 5.68) vslam=(-2.91, 6.4, 4.84) error=3.348m max_error=3.982m (n=179)
[INFO] [1788526121.985112537] [vslam_compare]: gt=(-0.05, 7.99, 6.51) vslam=(-3.03, 7.07, 5.4) error=3.316m max_error=3.982m (n=180)
[INFO] [1788526122.984890652] [vslam_compare]: gt=(0.01, 8.03, 6.94) vslam=(-2.9, 7.01, 5.62) error=3.357m max_error=3.982m (n=181)
[INFO] [1788526123.984834644] [vslam_compare]: gt=(-0.03, 8.05, 7.26) vslam=(-2.86, 8.62, 6.04) error=3.135m max_error=3.982m (n=182)
[INFO] [1788526124.984890466] [vslam_compare]: gt=(-0.04, 7.81, 7.5) vslam=(-2.53, 9.46, 6.21) error=3.248m max_error=3.982m (n=183)
[INFO] [1788526125.984671109] [vslam_compare]: gt=(0.01, 6.24, 7.68) vslam=(-1.34, 9.55, 6.45) error=3.782m max_error=3.982m (n=184)
[INFO] [1788526126.985056681] [vslam_compare]: gt=(0.08, 3.7, 7.78) vslam=(0.32, 8.79, 6.59) error=5.239m max_error=5.239m (n=185)
[INFO] [1788526127.984749231] [vslam_compare]: gt=(0.21, 2.86, 7.51) vslam=(0.87, 10.77, 4.83) error=8.379m max_error=8.379m (n=186)
[INFO] [1788526128.984838347] [vslam_compare]: gt=(-0.58, 4.47, 6.41) vslam=(0.67, 11.82, 4.64) error=7.663m max_error=8.379m (n=187)
[INFO] [1788526129.984780238] [vslam_compare]: gt=(-0.9, 3.88, 6.02) vslam=(0.25, 11.51, 4.37) error=7.889m max_error=8.379m (n=188)
[INFO] [1788526130.984816002] [vslam_compare]: gt=(-0.43, 2.44, 6.44) vslam=(0.52, 10.31, 3.57) error=8.427m max_error=8.427m (n=189)
[INFO] [1788526131.984795946] [vslam_compare]: gt=(-3.3, 4.95, 5.37) vslam=(0.5, 1.13, 1.13) error=6.857m max_error=8.427m (n=190)
[INFO] [1788526132.985121122] [vslam_compare]: gt=(-6.89, 4.82, 3.67) vslam=(-0.17, 3.66, 0.54) error=7.502m max_error=8.427m (n=191)
[INFO] [1788526133.985065964] [vslam_compare]: gt=(-7.97, 4.29, 2.6) vslam=(2.36, 5.5, -0.85) error=10.958m max_error=10.958m (n=192)
[INFO] [1788526134.984747905] [vslam_compare]: gt=(-7.02, 3.23, 2.7) vslam=(1.81, 6.25, 0.53) error=9.591m max_error=10.958m (n=193)
[INFO] [1788526135.984720017] [vslam_compare]: gt=(-4.53, 2.12, 3.91) vslam=(2.93, 3.96, 1.32) error=8.108m max_error=10.958m (n=194)
[INFO] [1788526136.984617511] [vslam_compare]: gt=(-2.05, 1.2, 6.07) vslam=(4.11, 1.55, 2.68) error=7.041m max_error=10.958m (n=195)
[INFO] [1788526137.985056305] [vslam_compare]: gt=(-1.0, 0.73, 6.97) vslam=(4.71, 0.23, 3.44) error=6.729m max_error=10.958m (n=196)
[INFO] [1788526138.984981768] [vslam_compare]: gt=(-0.7, 0.39, 7.37) vslam=(4.9, -0.27, 3.82) error=6.665m max_error=10.958m (n=197)
[INFO] [1788526139.985068715] [vslam_compare]: gt=(-0.66, 0.15, 6.92) vslam=(4.82, -0.53, 3.95) error=6.276m max_error=10.958m (n=198)
[INFO] [1788526140.985013931] [vslam_compare]: gt=(-0.59, 0.04, 6.43) vslam=(4.06, -0.8, 3.34) error=5.640m max_error=10.958m (n=199)
[INFO] [1788526141.984927916] [vslam_compare]: gt=(-0.49, -0.02, 5.89) vslam=(3.23, -1.27, 2.05) error=5.493m max_error=10.958m (n=200)
[INFO] [1788526142.984788812] [vslam_compare]: gt=(-0.42, -0.03, 5.35) vslam=(3.2, -1.54, 1.86) error=5.260m max_error=10.958m (n=201)
[INFO] [1788526143.984666775] [vslam_compare]: gt=(-0.4, -0.04, 4.88) vslam=(3.19, -1.43, 1.52) error=5.103m max_error=10.958m (n=202)
[INFO] [1788526144.984739250] [vslam_compare]: gt=(-0.38, -0.04, 4.38) vslam=(2.88, -1.43, 1.19) error=4.767m max_error=10.958m (n=203)
[INFO] [1788526145.984862033] [vslam_compare]: gt=(-0.36, -0.03, 3.87) vslam=(2.65, -1.42, 0.9) error=4.450m max_error=10.958m (n=204)
[INFO] [1788526146.984633688] [vslam_compare]: gt=(-0.33, -0.02, 3.37) vslam=(3.02, -2.74, -0.77) error=5.985m max_error=10.958m (n=205)
[INFO] [1788526147.984641150] [vslam_compare]: gt=(-0.32, -0.0, 2.88) vslam=(3.09, -3.15, -0.52) error=5.748m max_error=10.958m (n=206)
[INFO] [1788526148.985008055] [vslam_compare]: gt=(-0.3, 0.0, 2.36) vslam=(3.41, -3.62, -0.35) error=5.855m max_error=10.958m (n=207)
[INFO] [1788526149.984776247] [vslam_compare]: gt=(-0.26, 0.03, 1.86) vslam=(3.4, -3.66, -0.37) error=5.644m max_error=10.958m (n=208)
[INFO] [1788526150.985005788] [vslam_compare]: gt=(-0.22, 0.05, 1.36) vslam=(3.4, -3.65, -0.46) error=5.479m max_error=10.958m (n=209)
[INFO] [1788526151.984726721] [vslam_compare]: gt=(-0.2, 0.04, 0.88) vslam=(3.44, -4.46, -1.57) error=6.285m max_error=10.958m (n=210)
[INFO] [1788526152.984784142] [vslam_compare]: gt=(-0.17, 0.04, 0.4) vslam=(3.47, -4.29, -1.66) error=6.016m max_error=10.958m (n=211)
[INFO] [1788526153.985229968] [vslam_compare]: gt=(-0.14, 0.03, -0.06) vslam=(3.34, -4.43, -3.24) error=6.489m max_error=10.958m (n=212)
[INFO] [1788526154.984681254] [vslam_compare]: gt=(-0.14, 0.03, -0.01) vslam=(3.34, -4.43, -3.24) error=6.513m max_error=10.958m (n=213)
[INFO] [1788526155.984822566] [vslam_compare]: gt=(-0.15, 0.04, 0.01) vslam=(3.34, -4.42, -3.23) error=6.528m max_error=10.958m (n=214)
[INFO] [1788526156.984835072] [vslam_compare]: gt=(-0.16, 0.05, 0.01) vslam=(3.35, -4.42, -3.22) error=6.534m max_error=10.958m (n=215)
[INFO] [1788526157.985029713] [vslam_compare]: gt=(-0.15, 0.04, 0.0) vslam=(3.35, -4.41, -3.22) error=6.521m max_error=10.958m (n=216)
[INFO] [1788526158.985052791] [vslam_compare]: gt=(-0.15, 0.04, 0.01) vslam=(3.36, -4.41, -3.23) error=6.524m max_error=10.958m (n=217)
[INFO] [1788526159.984593094] [vslam_compare]: gt=(-0.14, 0.04, 0.02) vslam=(3.36, -4.4, -3.23) error=6.518m max_error=10.958m (n=218)
[INFO] [1788526160.984569385] [vslam_compare]: gt=(-0.14, 0.03, 0.02) vslam=(3.36, -4.4, -3.23) error=6.513m max_error=10.958m (n=219)
[INFO] [1788526161.984805352] [vslam_compare]: gt=(-0.14, 0.02, 0.01) vslam=(3.37, -4.4, -3.23) error=6.507m max_error=10.958m (n=220)
[INFO] [1788526162.984999851] [vslam_compare]: gt=(-0.15, 0.03, -0.0) vslam=(3.37, -4.4, -3.23) error=6.510m max_error=10.958m (n=221)
[INFO] [1788526163.984973574] [vslam_compare]: gt=(-0.16, 0.04, -0.01) vslam=(3.37, -4.39, -3.23) error=6.512m max_error=10.958m (n=222)
[INFO] [1788526164.984721792] [vslam_compare]: gt=(-0.16, 0.04, -0.02) vslam=(3.37, -4.39, -3.23) error=6.515m max_error=10.958m (n=223)
[INFO] [1788526165.984786118] [vslam_compare]: gt=(-0.16, 0.05, -0.02) vslam=(3.37, -4.39, -3.23) error=6.520m max_error=10.958m (n=224)
[INFO] [1788526166.985048252] [vslam_compare]: gt=(-0.17, 0.05, -0.03) vslam=(3.37, -4.39, -3.23) error=6.519m max_error=10.958m (n=225)
[INFO] [1788526167.984846745] [vslam_compare]: gt=(-0.18, 0.07, -0.03) vslam=(3.37, -4.39, -3.23) error=6.538m max_error=10.958m (n=226)
[INFO] [1788526168.984868994] [vslam_compare]: gt=(-0.17, 0.07, -0.02) vslam=(3.37, -4.39, -3.23) error=6.539m max_error=10.958m (n=227)
[INFO] [1788526169.984674301] [vslam_compare]: gt=(-0.15, 0.06, -0.01) vslam=(3.37, -4.39, -3.23) error=6.527m max_error=10.958m (n=228)
[INFO] [1788526170.984987205] [vslam_compare]: gt=(-0.14, 0.04, 0.01) vslam=(3.37, -4.39, -3.23) error=6.514m max_error=10.958m (n=229)
[INFO] [1788526171.984824562] [vslam_compare]: gt=(-0.15, 0.03, 0.0) vslam=(3.37, -4.39, -3.23) error=6.506m max_error=10.958m (n=230)
[INFO] [1788526172.984903808] [vslam_compare]: gt=(-0.16, 0.02, -0.0) vslam=(3.37, -4.39, -3.23) error=6.503m max_error=10.958m (n=231)
[INFO] [1788526173.984615165] [vslam_compare]: gt=(-0.15, 0.02, -0.0) vslam=(3.37, -4.39, -3.24) error=6.498m max_error=10.958m (n=232)
[INFO] [1788526174.984830169] [vslam_compare]: gt=(-0.15, 0.03, -0.01) vslam=(3.37, -4.39, -3.24) error=6.500m max_error=10.958m (n=233)
[INFO] [1788526175.984809705] [vslam_compare]: gt=(-0.14, 0.02, -0.0) vslam=(3.37, -4.39, -3.24) error=6.495m max_error=10.958m (n=234)
[INFO] [1788526176.985003989] [vslam_compare]: gt=(-0.14, 0.01, -0.0) vslam=(3.37, -4.39, -3.24) error=6.489m max_error=10.958m (n=235)
[INFO] [1788526177.984673714] [vslam_compare]: gt=(-0.15, 0.01, -0.01) vslam=(3.37, -4.39, -3.24) error=6.485m max_error=10.958m (n=236)
[INFO] [1788526178.984779321] [vslam_compare]: gt=(-0.14, 0.01, -0.01) vslam=(3.37, -4.39, -3.24) error=6.486m max_error=10.958m (n=237)
[INFO] [1788526179.984742580] [vslam_compare]: gt=(-0.16, 0.02, -0.02) vslam=(3.37, -4.39, -3.24) error=6.497m max_error=10.958m (n=238)
[INFO] [1788526180.984775227] [vslam_compare]: gt=(-0.16, 0.05, -0.02) vslam=(3.37, -4.39, -3.24) error=6.518m max_error=10.958m (n=239)
[INFO] [1788526181.984669283] [vslam_compare]: gt=(-0.17, 0.06, -0.02) vslam=(3.37, -4.39, -3.24) error=6.530m max_error=10.958m (n=240)
[INFO] [1788526182.985135750] [vslam_compare]: gt=(-0.18, 0.06, -0.02) vslam=(3.37, -4.39, -3.24) error=6.532m max_error=10.958m (n=241)
[INFO] [1788526183.984802201] [vslam_compare]: gt=(-0.16, 0.05, -0.01) vslam=(3.37, -4.39, -3.24) error=6.523m max_error=10.958m (n=242)
[INFO] [1788526184.984749738] [vslam_compare]: gt=(-0.14, 0.05, 0.0) vslam=(3.36, -4.39, -3.24) error=6.514m max_error=10.958m (n=243)
[INFO] [1788526185.984646432] [vslam_compare]: gt=(-0.14, 0.04, -0.0) vslam=(3.36, -4.39, -3.24) error=6.506m max_error=10.958m (n=244)
[INFO] [1788526186.984905210] [vslam_compare]: gt=(-0.13, 0.04, -0.01) vslam=(3.36, -4.39, -3.24) error=6.499m max_error=10.958m (n=245)
[INFO] [1788526187.984772630] [vslam_compare]: gt=(-0.12, 0.04, -0.02) vslam=(3.36, -4.39, -3.24) error=6.493m max_error=10.958m (n=246)
[INFO] [1788526188.984725095] [vslam_compare]: gt=(-0.12, 0.04, -0.03) vslam=(3.36, -4.39, -3.24) error=6.484m max_error=10.958m (n=247)
[INFO] [1788526189.984569752] [vslam_compare]: gt=(-0.13, 0.04, -0.04) vslam=(3.36, -4.39, -3.24) error=6.484m max_error=10.958m (n=248)
[INFO] [1788526190.984687458] [vslam_compare]: gt=(-0.15, 0.03, -0.04) vslam=(3.36, -4.39, -3.24) error=6.492m max_error=10.958m (n=249)
[INFO] [1788526191.984703215] [vslam_compare]: gt=(-0.16, 0.02, -0.02) vslam=(3.36, -4.39, -3.24) error=6.494m max_error=10.958m (n=250)
[INFO] [1788526192.985038216] [vslam_compare]: gt=(-0.16, 0.02, -0.01) vslam=(3.36, -4.39, -3.24) error=6.497m max_error=10.958m (n=251)
[INFO] [1788526193.985187594] [vslam_compare]: gt=(-0.17, 0.02, -0.02) vslam=(3.36, -4.39, -3.24) error=6.504m max_error=10.958m (n=252)
[INFO] [1788526194.984808048] [vslam_compare]: gt=(-0.18, 0.03, -0.03) vslam=(3.36, -4.39, -3.24) error=6.513m max_error=10.958m (n=253)
[INFO] [1788526195.984612818] [vslam_compare]: gt=(-0.18, 0.06, -0.03) vslam=(3.36, -4.39, -3.24) error=6.524m max_error=10.958m (n=254)
[INFO] [1788526196.985072276] [vslam_compare]: gt=(-0.15, 0.06, -0.04) vslam=(3.36, -4.39, -3.24) error=6.506m max_error=10.958m (n=255)
[INFO] [1788526197.984680698] [vslam_compare]: gt=(-0.13, 0.04, -0.04) vslam=(3.36, -4.39, -3.24) error=6.482m max_error=10.958m (n=256)
[INFO] [1788526198.984840839] [vslam_compare]: gt=(-0.13, 0.04, -0.05) vslam=(3.36, -4.39, -3.24) error=6.474m max_error=10.958m (n=257)
[INFO] [1788526199.984751377] [vslam_compare]: gt=(-0.14, 0.04, -0.05) vslam=(3.36, -4.39, -3.24) error=6.482m max_error=10.958m (n=258)
[INFO] [1788526200.985052777] [vslam_compare]: gt=(-0.17, 0.05, -0.04) vslam=(3.36, -4.39, -3.24) error=6.513m max_error=10.958m (n=259)
[INFO] [1788526201.984574562] [vslam_compare]: gt=(-0.18, 0.06, -0.05) vslam=(3.36, -4.39, -3.24) error=6.519m max_error=10.958m (n=260)
[INFO] [1788526202.984666448] [vslam_compare]: gt=(-0.18, 0.05, -0.05) vslam=(3.36, -4.39, -3.24) error=6.513m max_error=10.958m (n=261)
[INFO] [1788526203.984593074] [vslam_compare]: gt=(-0.16, 0.06, -0.05) vslam=(3.36, -4.39, -3.24) error=6.507m max_error=10.958m (n=262)
[INFO] [1788526204.984753103] [vslam_compare]: gt=(-0.16, 0.05, -0.05) vslam=(3.36, -4.39, -3.24) error=6.500m max_error=10.958m (n=263)
[INFO] [1788526205.984911652] [vslam_compare]: gt=(-0.16, 0.04, -0.04) vslam=(3.36, -4.39, -3.24) error=6.498m max_error=10.958m (n=264)
[INFO] [1788526206.984829122] [vslam_compare]: gt=(-0.16, 0.05, -0.03) vslam=(3.36, -4.39, -3.24) error=6.508m max_error=10.958m (n=265)
[INFO] [1788526207.984632456] [vslam_compare]: gt=(-0.15, 0.03, -0.02) vslam=(3.36, -4.39, -3.24) error=6.497m max_error=10.958m (n=266)
[INFO] [1788526208.984968030] [vslam_compare]: gt=(-0.14, 0.02, -0.01) vslam=(3.36, -4.39, -3.24) error=6.490m max_error=10.958m (n=267)
[INFO] [1788526209.984919340] [vslam_compare]: gt=(-0.14, 0.02, -0.01) vslam=(3.36, -4.39, -3.24) error=6.492m max_error=10.958m (n=268)
[INFO] [1788526210.984822193] [vslam_compare]: gt=(-0.14, 0.04, -0.02) vslam=(3.37, -4.39, -3.24) error=6.499m max_error=10.958m (n=269)
[INFO] [1788526211.984754121] [vslam_compare]: gt=(-0.14, 0.05, -0.01) vslam=(3.37, -4.39, -3.24) error=6.508m max_error=10.958m (n=270)
[INFO] [1788526212.985224409] [vslam_compare]: gt=(-0.14, 0.04, 0.01) vslam=(3.37, -4.39, -3.24) error=6.511m max_error=10.958m (n=271)
[INFO] [1788526213.984757947] [vslam_compare]: gt=(-0.12, 0.04, -0.01) vslam=(3.37, -4.39, -3.24) error=6.493m max_error=10.958m (n=272)
[INFO] [1788526214.984862425] [vslam_compare]: gt=(-0.11, 0.04, -0.02) vslam=(3.37, -4.39, -3.24) error=6.482m max_error=10.958m (n=273)
[INFO] [1788526215.984636507] [vslam_compare]: gt=(-0.11, 0.05, -0.02) vslam=(3.37, -4.39, -3.24) error=6.489m max_error=10.958m (n=274)
[INFO] [1788526216.984750452] [vslam_compare]: gt=(-0.13, 0.06, -0.01) vslam=(3.37, -4.39, -3.24) error=6.507m max_error=10.958m (n=275)
[INFO] [1788526217.984684437] [vslam_compare]: gt=(-0.13, 0.08, -0.01) vslam=(3.37, -4.39, -3.24) error=6.524m max_error=10.958m (n=276)
[INFO] [1788526218.984681377] [vslam_compare]: gt=(-0.14, 0.07, -0.0) vslam=(3.37, -4.39, -3.24) error=6.524m max_error=10.958m (n=277)
[INFO] [1788526219.984695187] [vslam_compare]: gt=(-0.14, 0.07, -0.01) vslam=(3.37, -4.38, -3.24) error=6.520m max_error=10.958m (n=278)
[INFO] [1788526220.984654095] [vslam_compare]: gt=(-0.14, 0.07, -0.01) vslam=(3.37, -4.38, -3.24) error=6.524m max_error=10.958m (n=279)
[INFO] [1788526221.984881856] [vslam_compare]: gt=(-0.15, 0.06, -0.0) vslam=(3.37, -4.38, -3.24) error=6.525m max_error=10.958m (n=280)
[INFO] [1788526222.985093274] [vslam_compare]: gt=(-0.16, 0.06, 0.0) vslam=(3.37, -4.38, -3.24) error=6.533m max_error=10.958m (n=281)
[INFO] [1788526223.984812656] [vslam_compare]: gt=(-0.16, 0.05, 0.01) vslam=(3.37, -4.38, -3.24) error=6.524m max_error=10.958m (n=282)
[INFO] [1788526224.984581788] [vslam_compare]: gt=(-0.16, 0.05, -0.0) vslam=(3.37, -4.38, -3.23) error=6.520m max_error=10.958m (n=283)
[INFO] [1788526225.984770778] [vslam_compare]: gt=(-0.18, 0.06, -0.0) vslam=(3.37, -4.37, -3.23) error=6.541m max_error=10.958m (n=284)
[INFO] [1788526226.984688907] [vslam_compare]: gt=(-0.19, 0.05, 0.01) vslam=(3.37, -4.37, -3.23) error=6.544m max_error=10.958m (n=285)
[INFO] [1788526227.984761667] [vslam_compare]: gt=(-0.18, 0.03, 0.02) vslam=(3.37, -4.37, -3.23) error=6.521m max_error=10.958m (n=286)
[INFO] [1788526228.984713612] [vslam_compare]: gt=(-0.17, 0.01, 0.01) vslam=(3.37, -4.37, -3.23) error=6.500m max_error=10.958m (n=287)
[INFO] [1788526229.984923026] [vslam_compare]: gt=(-0.17, 0.0, -0.0) vslam=(3.37, -4.37, -3.23) error=6.491m max_error=10.958m (n=288)
[INFO] [1788526230.984827335] [vslam_compare]: gt=(-0.17, 0.0, -0.01) vslam=(3.38, -4.37, -3.23) error=6.485m max_error=10.958m (n=289)
[INFO] [1788526231.984601179] [vslam_compare]: gt=(-0.17, 0.01, -0.01) vslam=(3.38, -4.37, -3.23) error=6.488m max_error=10.958m (n=290)
[INFO] [1788526232.984940578] [vslam_compare]: gt=(-0.17, 0.02, -0.02) vslam=(3.38, -4.37, -3.23) error=6.493m max_error=10.958m (n=291)
[INFO] [1788526233.984679319] [vslam_compare]: gt=(-0.17, 0.03, -0.03) vslam=(3.38, -4.36, -3.23) error=6.487m max_error=10.958m (n=292)
[INFO] [1788526234.984922751] [vslam_compare]: gt=(-0.15, 0.04, -0.04) vslam=(3.38, -4.36, -3.23) error=6.483m max_error=10.958m (n=293)
[INFO] [1788526235.984768957] [vslam_compare]: gt=(-0.15, 0.04, -0.04) vslam=(3.38, -4.36, -3.23) error=6.477m max_error=10.958m (n=294)
[INFO] [1788526236.985024100] [vslam_compare]: gt=(-0.14, 0.05, -0.03) vslam=(3.39, -4.36, -3.24) error=6.505m max_error=10.958m (n=295)
[INFO] [1788526237.985109063] [vslam_compare]: gt=(-0.14, 0.06, -0.03) vslam=(3.39, -4.36, -3.24) error=6.513m max_error=10.958m (n=296)
[INFO] [1788526238.984892976] [vslam_compare]: gt=(-0.15, 0.05, -0.02) vslam=(3.39, -4.36, -3.24) error=6.517m max_error=10.958m (n=297)
[INFO] [1788526239.984853697] [vslam_compare]: gt=(-0.17, 0.03, -0.0) vslam=(3.39, -4.36, -3.24) error=6.522m max_error=10.958m (n=298)
[INFO] [1788526240.984770821] [vslam_compare]: gt=(-0.17, 0.03, 0.01) vslam=(3.39, -4.36, -3.24) error=6.528m max_error=10.958m (n=299)
[INFO] [1788526241.985152642] [vslam_compare]: gt=(-0.18, 0.03, 0.01) vslam=(3.39, -4.36, -3.24) error=6.528m max_error=10.958m (n=300)
[INFO] [1788526242.984719757] [vslam_compare]: gt=(-0.18, 0.03, 0.01) vslam=(3.39, -4.36, -3.24) error=6.528m max_error=10.958m (n=301)
[INFO] [1788526243.984647457] [vslam_compare]: gt=(-0.18, 0.03, -0.01) vslam=(3.39, -4.36, -3.24) error=6.524m max_error=10.958m (n=302)
[INFO] [1788526244.984778143] [vslam_compare]: gt=(-0.18, 0.03, -0.0) vslam=(3.39, -4.36, -3.24) error=6.527m max_error=10.958m (n=303)
[INFO] [1788526245.984597987] [vslam_compare]: gt=(-0.18, 0.02, -0.01) vslam=(3.39, -4.36, -3.24) error=6.517m max_error=10.958m (n=304)
[INFO] [1788526246.984906032] [vslam_compare]: gt=(-0.16, 0.02, -0.01) vslam=(3.39, -4.36, -3.24) error=6.505m max_error=10.958m (n=305)
[INFO] [1788526247.984984855] [vslam_compare]: gt=(-0.14, 0.03, -0.01) vslam=(3.39, -4.36, -3.24) error=6.501m max_error=10.958m (n=306)
[INFO] [1788526248.984592522] [vslam_compare]: gt=(-0.13, 0.05, -0.02) vslam=(3.39, -4.36, -3.24) error=6.503m max_error=10.958m (n=307)
[INFO] [1788526249.984599925] [vslam_compare]: gt=(-0.14, 0.05, -0.02) vslam=(3.39, -4.36, -3.24) error=6.510m max_error=10.958m (n=308)
[INFO] [1788526250.984676566] [vslam_compare]: gt=(-0.15, 0.05, -0.02) vslam=(3.39, -4.36, -3.24) error=6.509m max_error=10.958m (n=309)
[INFO] [1788526251.984614781] [vslam_compare]: gt=(-0.16, 0.03, -0.03) vslam=(3.39, -4.36, -3.24) error=6.504m max_error=10.958m (n=310)
[INFO] [1788526252.984753766] [vslam_compare]: gt=(-0.18, 0.02, -0.03) vslam=(3.39, -4.36, -3.24) error=6.504m max_error=10.958m (n=311)
[INFO] [1788526253.984668237] [vslam_compare]: gt=(-0.18, 0.02, -0.03) vslam=(3.39, -4.36, -3.24) error=6.503m max_error=10.958m (n=312)
[INFO] [1788526254.984818550] [vslam_compare]: gt=(-0.17, 0.03, -0.02) vslam=(3.39, -4.36, -3.24) error=6.512m max_error=10.958m (n=313)
[INFO] [1788526255.984865863] [vslam_compare]: gt=(-0.17, 0.04, -0.02) vslam=(3.39, -4.36, -3.24) error=6.522m max_error=10.958m (n=314)
[INFO] [1788526256.984715280] [vslam_compare]: gt=(-0.17, 0.05, -0.03) vslam=(3.39, -4.36, -3.24) error=6.519m max_error=10.958m (n=315)
[INFO] [1788526257.984926231] [vslam_compare]: gt=(-0.17, 0.06, -0.06) vslam=(3.39, -4.36, -3.24) error=6.509m max_error=10.958m (n=316)
[INFO] [1788526258.985560538] [vslam_compare]: gt=(-0.17, 0.06, -0.06) vslam=(3.39, -4.36, -3.24) error=6.512m max_error=10.958m (n=317)
[INFO] [1788526259.984753882] [vslam_compare]: gt=(-0.16, 0.05, -0.05) vslam=(3.39, -4.36, -3.24) error=6.505m max_error=10.958m (n=318)
[INFO] [1788526260.984817134] [vslam_compare]: gt=(-0.15, 0.04, -0.05) vslam=(3.39, -4.36, -3.24) error=6.494m max_error=10.958m (n=319)
[INFO] [1788526261.984620354] [vslam_compare]: gt=(-0.15, 0.04, -0.04) vslam=(3.39, -4.36, -3.24) error=6.492m max_error=10.958m (n=320)
[INFO] [1788526262.984893696] [vslam_compare]: gt=(-0.14, 0.04, -0.04) vslam=(3.39, -4.36, -3.24) error=6.493m max_error=10.958m (n=321)
[INFO] [1788526263.985147219] [vslam_compare]: gt=(-0.14, 0.04, -0.04) vslam=(3.39, -4.36, -3.24) error=6.491m max_error=10.958m (n=322)
[INFO] [1788526264.984714625] [vslam_compare]: gt=(-0.14, 0.04, -0.03) vslam=(3.39, -4.36, -3.24) error=6.496m max_error=10.958m (n=323)
[INFO] [1788526265.984927104] [vslam_compare]: gt=(-0.15, 0.04, -0.04) vslam=(3.39, -4.36, -3.24) error=6.501m max_error=10.958m (n=324)
[INFO] [1788526266.984588255] [vslam_compare]: gt=(-0.17, 0.04, -0.03) vslam=(3.39, -4.36, -3.24) error=6.509m max_error=10.958m (n=325)
[INFO] [1788526267.984792590] [vslam_compare]: gt=(-0.19, 0.04, -0.02) vslam=(3.39, -4.36, -3.24) error=6.530m max_error=10.958m (n=326)
[INFO] [1788526268.984876099] [vslam_compare]: gt=(-0.19, 0.06, -0.01) vslam=(3.39, -4.36, -3.24) error=6.547m max_error=10.958m (n=327)
[INFO] [1788526269.984765565] [vslam_compare]: gt=(-0.19, 0.07, -0.02) vslam=(3.39, -4.36, -3.24) error=6.554m max_error=10.958m (n=328)
[INFO] [1788526270.984851007] [vslam_compare]: gt=(-0.19, 0.06, -0.01) vslam=(3.39, -4.36, -3.24) error=6.553m max_error=10.958m (n=329)
[INFO] [1788526271.985000061] [vslam_compare]: gt=(-0.17, 0.05, -0.01) vslam=(3.39, -4.36, -3.24) error=6.528m max_error=10.958m (n=330)
[INFO] [1788526272.985110638] [vslam_compare]: gt=(-0.16, 0.04, -0.02) vslam=(3.39, -4.36, -3.24) error=6.515m max_error=10.958m (n=331)
[INFO] [1788526273.984799322] [vslam_compare]: gt=(-0.15, 0.05, -0.02) vslam=(3.39, -4.36, -3.24) error=6.514m max_error=10.958m (n=332)
[INFO] [1788526274.984593805] [vslam_compare]: gt=(-0.14, 0.04, -0.01) vslam=(3.39, -4.36, -3.24) error=6.509m max_error=10.958m (n=333)
[INFO] [1788526275.984621632] [vslam_compare]: gt=(-0.14, 0.06, -0.01) vslam=(3.39, -4.36, -3.24) error=6.522m max_error=10.958m (n=334)
[INFO] [1788526276.984820406] [vslam_compare]: gt=(-0.15, 0.06, -0.0) vslam=(3.39, -4.36, -3.24) error=6.528m max_error=10.958m (n=335)
[INFO] [1788526277.984586436] [vslam_compare]: gt=(-0.16, 0.06, 0.01) vslam=(3.39, -4.36, -3.24) error=6.541m max_error=10.958m (n=336)
[INFO] [1788526278.984872077] [vslam_compare]: gt=(-0.16, 0.05, 0.0) vslam=(3.39, -4.36, -3.24) error=6.534m max_error=10.958m (n=337)
[INFO] [1788526279.984744558] [vslam_compare]: gt=(-0.18, 0.04, 0.01) vslam=(3.39, -4.36, -3.24) error=6.538m max_error=10.958m (n=338)
[INFO] [1788526280.984690899] [vslam_compare]: gt=(-0.17, 0.03, 0.01) vslam=(3.39, -4.36, -3.24) error=6.533m max_error=10.958m (n=339)
[INFO] [1788526281.984967589] [vslam_compare]: gt=(-0.17, 0.02, 0.01) vslam=(3.39, -4.36, -3.24) error=6.515m max_error=10.958m (n=340)
[INFO] [1788526282.984983902] [vslam_compare]: gt=(-0.16, 0.01, 0.01) vslam=(3.39, -4.36, -3.24) error=6.506m max_error=10.958m (n=341)
[INFO] [1788526283.984776114] [vslam_compare]: gt=(-0.16, 0.02, 0.01) vslam=(3.39, -4.36, -3.24) error=6.509m max_error=10.958m (n=342)
[INFO] [1788526284.984575690] [vslam_compare]: gt=(-0.16, 0.02, 0.01) vslam=(3.39, -4.36, -3.24) error=6.519m max_error=10.958m (n=343)
[INFO] [1788526285.984587419] [vslam_compare]: gt=(-0.16, 0.03, 0.02) vslam=(3.39, -4.36, -3.24) error=6.526m max_error=10.958m (n=344)
[INFO] [1788526286.984798746] [vslam_compare]: gt=(-0.16, 0.04, 0.02) vslam=(3.39, -4.36, -3.24) error=6.529m max_error=10.958m (n=345)
[INFO] [1788526287.984666881] [vslam_compare]: gt=(-0.15, 0.04, 0.01) vslam=(3.39, -4.36, -3.24) error=6.525m max_error=10.958m (n=346)
[INFO] [1788526288.984788874] [vslam_compare]: gt=(-0.16, 0.05, 0.01) vslam=(3.39, -4.36, -3.24) error=6.531m max_error=10.958m (n=347)
[INFO] [1788526289.984773134] [vslam_compare]: gt=(-0.16, 0.04, 0.02) vslam=(3.39, -4.36, -3.24) error=6.534m max_error=10.958m (n=348)
[INFO] [1788526290.984608370] [vslam_compare]: gt=(-0.15, 0.03, 0.02) vslam=(3.39, -4.36, -3.24) error=6.521m max_error=10.958m (n=349)
[INFO] [1788526291.985016740] [vslam_compare]: gt=(-0.15, 0.02, 0.03) vslam=(3.39, -4.36, -3.24) error=6.515m max_error=10.958m (n=350)
[INFO] [1788526292.984816159] [vslam_compare]: gt=(-0.15, 0.02, 0.03) vslam=(3.39, -4.36, -3.24) error=6.520m max_error=10.958m (n=351)
[INFO] [1788526293.984571696] [vslam_compare]: gt=(-0.16, 0.0, 0.03) vslam=(3.39, -4.36, -3.24) error=6.512m max_error=10.958m (n=352)
[INFO] [1788526294.984686573] [vslam_compare]: gt=(-0.15, -0.0, 0.02) vslam=(3.39, -4.36, -3.24) error=6.500m max_error=10.958m (n=353)
[INFO] [1788526295.984850239] [vslam_compare]: gt=(-0.15, 0.02, 0.0) vslam=(3.39, -4.36, -3.24) error=6.508m max_error=10.958m (n=354)
[INFO] [1788526296.984567852] [vslam_compare]: gt=(-0.16, 0.02, 0.01) vslam=(3.39, -4.36, -3.24) error=6.517m max_error=10.958m (n=355)
[INFO] [1788526297.984759778] [vslam_compare]: gt=(-0.17, 0.03, 0.01) vslam=(3.39, -4.36, -3.24) error=6.524m max_error=10.958m (n=356)
[INFO] [1788526298.984685831] [vslam_compare]: gt=(-0.19, 0.04, 0.0) vslam=(3.39, -4.36, -3.24) error=6.542m max_error=10.958m (n=357)
[INFO] [1788526299.984822059] [vslam_compare]: gt=(-0.18, 0.04, 0.0) vslam=(3.39, -4.36, -3.24) error=6.536m max_error=10.958m (n=358)
[INFO] [1788526300.984762885] [vslam_compare]: gt=(-0.17, 0.05, 0.01) vslam=(3.39, -4.36, -3.24) error=6.539m max_error=10.958m (n=359)
[INFO] [1788526301.985033316] [vslam_compare]: gt=(-0.17, 0.04, 0.0) vslam=(3.39, -4.36, -3.24) error=6.529m max_error=10.958m (n=360)
[INFO] [1788526302.984581213] [vslam_compare]: gt=(-0.16, 0.03, 0.0) vslam=(3.39, -4.36, -3.24) error=6.517m max_error=10.958m (n=361)
[INFO] [1788526303.984585027] [vslam_compare]: gt=(-0.16, 0.02, -0.01) vslam=(3.39, -4.36, -3.24) error=6.506m max_error=10.958m (n=362)
[INFO] [1788526304.984822027] [vslam_compare]: gt=(-0.15, 0.03, -0.01) vslam=(3.39, -4.36, -3.24) error=6.502m max_error=10.958m (n=363)
[INFO] [1788526305.984883419] [vslam_compare]: gt=(-0.15, 0.04, -0.01) vslam=(3.39, -4.36, -3.24) error=6.512m max_error=10.958m (n=364)
[INFO] [1788526306.984812355] [vslam_compare]: gt=(-0.15, 0.03, -0.01) vslam=(3.39, -4.36, -3.24) error=6.506m max_error=10.958m (n=365)
[INFO] [1788526307.984766472] [vslam_compare]: gt=(-0.15, 0.01, -0.02) vslam=(3.39, -4.36, -3.24) error=6.491m max_error=10.958m (n=366)
[INFO] [1788526308.985026940] [vslam_compare]: gt=(-0.15, 0.01, -0.01) vslam=(3.39, -4.36, -3.24) error=6.496m max_error=10.958m (n=367)
[INFO] [1788526309.985020892] [vslam_compare]: gt=(-0.14, 0.0, -0.01) vslam=(3.39, -4.36, -3.24) error=6.483m max_error=10.958m (n=368)
[INFO] [1788526310.984901101] [vslam_compare]: gt=(-0.14, 0.0, -0.01) vslam=(3.39, -4.36, -3.24) error=6.480m max_error=10.958m (n=369)
[INFO] [1788526311.984922124] [vslam_compare]: gt=(-0.15, 0.01, -0.02) vslam=(3.39, -4.36, -3.24) error=6.490m max_error=10.958m (n=370)
[INFO] [1788526312.985110089] [vslam_compare]: gt=(-0.14, 0.03, -0.03) vslam=(3.39, -4.36, -3.24) error=6.487m max_error=10.958m (n=371)
[INFO] [1788526313.984570278] [vslam_compare]: gt=(-0.14, 0.04, -0.03) vslam=(3.39, -4.36, -3.24) error=6.491m max_error=10.958m (n=372)
[INFO] [1788526314.984759776] [vslam_compare]: gt=(-0.13, 0.04, -0.03) vslam=(3.39, -4.36, -3.24) error=6.493m max_error=10.958m (n=373)
[INFO] [1788526315.984998739] [vslam_compare]: gt=(-0.11, 0.04, -0.02) vslam=(3.39, -4.36, -3.24) error=6.488m max_error=10.958m (n=374)
[INFO] [1788526316.985096988] [vslam_compare]: gt=(-0.13, 0.04, -0.03) vslam=(3.39, -4.36, -3.24) error=6.494m max_error=10.958m (n=375)
[INFO] [1788526317.984572642] [vslam_compare]: gt=(-0.15, 0.04, -0.03) vslam=(3.39, -4.36, -3.24) error=6.502m max_error=10.958m (n=376)
[INFO] [1788526318.984713997] [vslam_compare]: gt=(-0.15, 0.04, -0.02) vslam=(3.41, -4.37, -3.26) error=6.524m max_error=10.958m (n=377)
[INFO] [1788526319.984860495] [vslam_compare]: gt=(-0.14, 0.03, -0.01) vslam=(3.41, -4.37, -3.26) error=6.523m max_error=10.958m (n=378)
[INFO] [1788526320.984791379] [vslam_compare]: gt=(-0.15, 0.03, -0.0) vslam=(3.41, -4.37, -3.26) error=6.527m max_error=10.958m (n=379)
[INFO] [1788526321.984771086] [vslam_compare]: gt=(-0.15, 0.03, 0.0) vslam=(3.41, -4.37, -3.26) error=6.532m max_error=10.958m (n=380)
[INFO] [1788526322.984891285] [vslam_compare]: gt=(-0.14, 0.03, 0.0) vslam=(3.41, -4.37, -3.26) error=6.529m max_error=10.958m (n=381)
[INFO] [1788526323.984894631] [vslam_compare]: gt=(-0.14, 0.02, 0.0) vslam=(3.41, -4.37, -3.26) error=6.526m max_error=10.958m (n=382)
[INFO] [1788526324.984662114] [vslam_compare]: gt=(-0.14, 0.03, -0.01) vslam=(3.41, -4.37, -3.26) error=6.517m max_error=10.958m (n=383)
[INFO] [1788526325.984829588] [vslam_compare]: gt=(-0.14, 0.02, -0.04) vslam=(3.41, -4.37, -3.26) error=6.499m max_error=10.958m (n=384)
[INFO] [1788526326.984994128] [vslam_compare]: gt=(-0.15, 0.01, -0.05) vslam=(3.41, -4.37, -3.26) error=6.490m max_error=10.958m (n=385)
[INFO] [1788526327.984864978] [vslam_compare]: gt=(-0.15, 0.01, -0.04) vslam=(3.41, -4.37, -3.26) error=6.496m max_error=10.958m (n=386)
[INFO] [1788526328.984760395] [vslam_compare]: gt=(-0.14, 0.01, -0.02) vslam=(3.41, -4.37, -3.26) error=6.506m max_error=10.958m (n=387)
[INFO] [1788526329.985025525] [vslam_compare]: gt=(-0.14, 0.03, -0.01) vslam=(3.41, -4.37, -3.26) error=6.520m max_error=10.958m (n=388)
[INFO] [1788526330.984848572] [vslam_compare]: gt=(-0.15, 0.02, -0.01) vslam=(3.41, -4.37, -3.26) error=6.523m max_error=10.958m (n=389)
[INFO] [1788526331.984657573] [vslam_compare]: gt=(-0.15, 0.01, -0.01) vslam=(3.41, -4.37, -3.26) error=6.515m max_error=10.958m (n=390)
[INFO] [1788526332.984765307] [vslam_compare]: gt=(-0.14, 0.01, 0.0) vslam=(3.41, -4.37, -3.26) error=6.519m max_error=10.958m (n=391)
[INFO] [1788526333.984780219] [vslam_compare]: gt=(-0.13, 0.03, 0.01) vslam=(3.41, -4.37, -3.26) error=6.530m max_error=10.958m (n=392)
[INFO] [1788526334.984717800] [vslam_compare]: gt=(-0.13, 0.04, 0.01) vslam=(3.41, -4.37, -3.26) error=6.535m max_error=10.958m (n=393)
[INFO] [1788526335.984685186] [vslam_compare]: gt=(-0.13, 0.04, 0.02) vslam=(3.41, -4.37, -3.26) error=6.538m max_error=10.958m (n=394)
[INFO] [1788526336.984723973] [vslam_compare]: gt=(-0.15, 0.02, 0.01) vslam=(3.41, -4.37, -3.26) error=6.525m max_error=10.958m (n=395)
[INFO] [1788526337.985186522] [vslam_compare]: gt=(-0.14, 0.01, 0.01) vslam=(3.41, -4.37, -3.26) error=6.516m max_error=10.958m (n=396)
[INFO] [1788526338.984974797] [vslam_compare]: gt=(-0.14, 0.03, 0.0) vslam=(3.41, -4.37, -3.26) error=6.525m max_error=10.958m (n=397)
[INFO] [1788526339.984770284] [vslam_compare]: gt=(-0.14, 0.03, 0.0) vslam=(3.41, -4.37, -3.26) error=6.532m max_error=10.958m (n=398)
[INFO] [1788526340.984795445] [vslam_compare]: gt=(-0.15, 0.03, 0.01) vslam=(3.41, -4.37, -3.26) error=6.540m max_error=10.958m (n=399)
[INFO] [1788526341.984694843] [vslam_compare]: gt=(-0.17, 0.03, 0.0) vslam=(3.41, -4.37, -3.26) error=6.542m max_error=10.958m (n=400)
[INFO] [1788526342.984586325] [vslam_compare]: gt=(-0.17, 0.02, -0.0) vslam=(3.41, -4.37, -3.26) error=6.531m max_error=10.958m (n=401)
[INFO] [1788526343.984675380] [vslam_compare]: gt=(-0.17, 0.01, -0.01) vslam=(3.41, -4.37, -3.26) error=6.524m max_error=10.958m (n=402)
[INFO] [1788526344.984933856] [vslam_compare]: gt=(-0.18, 0.0, -0.02) vslam=(3.41, -4.37, -3.26) error=6.525m max_error=10.958m (n=403)
[INFO] [1788526345.984803994] [vslam_compare]: gt=(-0.18, 0.01, -0.02) vslam=(3.41, -4.37, -3.26) error=6.520m max_error=10.958m (n=404)
[INFO] [1788526346.984882915] [vslam_compare]: gt=(-0.16, 0.0, -0.02) vslam=(3.41, -4.37, -3.26) error=6.511m max_error=10.958m (n=405)
[INFO] [1788526347.984824141] [vslam_compare]: gt=(-0.14, -0.0, -0.01) vslam=(3.41, -4.37, -3.26) error=6.502m max_error=10.958m (n=406)
[INFO] [1788526348.984933394] [vslam_compare]: gt=(-0.14, 0.0, -0.02) vslam=(3.41, -4.37, -3.26) error=6.502m max_error=10.958m (n=407)
[INFO] [1788526349.984930928] [vslam_compare]: gt=(-0.15, 0.01, -0.02) vslam=(3.41, -4.37, -3.26) error=6.510m max_error=10.958m (n=408)
[INFO] [1788526350.984800945] [vslam_compare]: gt=(-0.16, 0.0, -0.03) vslam=(3.41, -4.37, -3.26) error=6.504m max_error=10.958m (n=409)
[INFO] [1788526351.984844418] [vslam_compare]: gt=(-0.16, 0.02, -0.02) vslam=(3.41, -4.37, -3.26) error=6.524m max_error=10.958m (n=410)
[INFO] [1788526352.984698810] [vslam_compare]: gt=(-0.15, 0.05, -0.02) vslam=(3.41, -4.37, -3.26) error=6.531m max_error=10.958m (n=411)
[INFO] [1788526353.984800746] [vslam_compare]: gt=(-0.15, 0.04, -0.03) vslam=(3.41, -4.37, -3.26) error=6.529m max_error=10.958m (n=412)
[INFO] [1788526354.984575534] [vslam_compare]: gt=(-0.16, 0.04, -0.02) vslam=(3.41, -4.37, -3.26) error=6.534m max_error=10.958m (n=413)
[INFO] [1788526355.984654360] [vslam_compare]: gt=(-0.16, 0.05, -0.0) vslam=(3.41, -4.37, -3.26) error=6.545m max_error=10.958m (n=414)
[INFO] [1788526356.985221664] [vslam_compare]: gt=(-0.16, 0.05, 0.0) vslam=(3.41, -4.37, -3.26) error=6.556m max_error=10.958m (n=415)
[INFO] [1788526357.985024843] [vslam_compare]: gt=(-0.15, 0.04, 0.0) vslam=(3.41, -4.37, -3.26) error=6.542m max_error=10.958m (n=416)
[INFO] [1788526358.984747209] [vslam_compare]: gt=(-0.13, 0.05, -0.01) vslam=(3.41, -4.37, -3.26) error=6.527m max_error=10.958m (n=417)
[INFO] [1788526359.984728209] [vslam_compare]: gt=(-0.13, 0.05, -0.02) vslam=(3.41, -4.37, -3.26) error=6.521m max_error=10.958m (n=418)
[INFO] [1788526360.984620199] [vslam_compare]: gt=(-0.13, 0.05, -0.02) vslam=(3.41, -4.37, -3.26) error=6.530m max_error=10.958m (n=419)
[INFO] [1788526361.984893840] [vslam_compare]: gt=(-0.14, 0.04, -0.01) vslam=(3.41, -4.37, -3.26) error=6.531m max_error=10.958m (n=420)
[INFO] [1788526362.985005577] [vslam_compare]: gt=(-0.14, 0.04, 0.0) vslam=(3.41, -4.37, -3.26) error=6.535m max_error=10.958m (n=421)
[INFO] [1788526363.984580788] [vslam_compare]: gt=(-0.15, 0.05, 0.01) vslam=(3.41, -4.37, -3.26) error=6.551m max_error=10.958m (n=422)
[INFO] [1788526364.984574757] [vslam_compare]: gt=(-0.15, 0.05, 0.04) vslam=(3.41, -4.37, -3.26) error=6.568m max_error=10.958m (n=423)
[INFO] [1788526365.984739797] [vslam_compare]: gt=(-0.15, 0.05, 0.04) vslam=(3.41, -4.37, -3.26) error=6.566m max_error=10.958m (n=424)
[INFO] [1788526366.984761326] [vslam_compare]: gt=(-0.15, 0.04, 0.05) vslam=(3.41, -4.37, -3.26) error=6.565m max_error=10.958m (n=425)
[INFO] [1788526367.984631741] [vslam_compare]: gt=(-0.15, 0.03, 0.06) vslam=(3.41, -4.37, -3.26) error=6.560m max_error=10.958m (n=426)
[INFO] [1788526368.984742404] [vslam_compare]: gt=(-0.14, 0.04, 0.05) vslam=(3.41, -4.37, -3.26) error=6.559m max_error=10.958m (n=427)
[INFO] [1788526369.984592739] [vslam_compare]: gt=(-0.16, 0.04, 0.04) vslam=(3.41, -4.37, -3.26) error=6.559m max_error=10.958m (n=428)
[INFO] [1788526370.984912335] [vslam_compare]: gt=(-0.17, 0.03, 0.02) vslam=(3.41, -4.37, -3.26) error=6.551m max_error=10.958m (n=429)
[INFO] [1788526371.984699031] [vslam_compare]: gt=(-0.17, 0.04, 0.0) vslam=(3.41, -4.37, -3.26) error=6.549m max_error=10.958m (n=430)
[INFO] [1788526372.984740160] [vslam_compare]: gt=(-0.17, 0.04, 0.01) vslam=(3.41, -4.37, -3.26) error=6.549m max_error=10.958m (n=431)
[INFO] [1788526373.985014002] [vslam_compare]: gt=(-0.16, 0.04, 0.0) vslam=(3.41, -4.37, -3.26) error=6.542m max_error=10.958m (n=432)
[INFO] [1788526374.984684733] [vslam_compare]: gt=(-0.16, 0.04, 0.0) vslam=(3.41, -4.37, -3.26) error=6.542m max_error=10.958m (n=433)
[INFO] [1788526375.984750367] [vslam_compare]: gt=(-0.17, 0.04, -0.0) vslam=(3.41, -4.37, -3.26) error=6.550m max_error=10.958m (n=434)
[INFO] [1788526376.984701201] [vslam_compare]: gt=(-0.18, 0.05, 0.0) vslam=(3.41, -4.37, -3.26) error=6.563m max_error=10.958m (n=435)
[INFO] [1788526377.984623726] [vslam_compare]: gt=(-0.17, 0.05, 0.01) vslam=(3.41, -4.37, -3.26) error=6.568m max_error=10.958m (n=436)
[INFO] [1788526378.984726165] [vslam_compare]: gt=(-0.16, 0.04, 0.01) vslam=(3.41, -4.37, -3.26) error=6.552m max_error=10.958m (n=437)
[INFO] [1788526379.984768556] [vslam_compare]: gt=(-0.16, 0.03, 0.01) vslam=(3.41, -4.37, -3.26) error=6.541m max_error=10.958m (n=438)
[INFO] [1788526380.984837699] [vslam_compare]: gt=(-0.14, 0.04, 0.0) vslam=(3.41, -4.37, -3.26) error=6.532m max_error=10.958m (n=439)
[INFO] [1788526381.984905190] [vslam_compare]: gt=(-0.14, 0.03, -0.01) vslam=(3.41, -4.37, -3.26) error=6.526m max_error=10.958m (n=440)
[INFO] [1788526382.984744481] [vslam_compare]: gt=(-0.14, 0.03, 0.0) vslam=(3.41, -4.37, -3.26) error=6.531m max_error=10.958m (n=441)
[INFO] [1788526383.984945673] [vslam_compare]: gt=(-0.15, 0.03, 0.01) vslam=(3.41, -4.37, -3.26) error=6.534m max_error=10.958m (n=442)
[INFO] [1788526384.984671959] [vslam_compare]: gt=(-0.15, 0.03, 0.01) vslam=(3.41, -4.37, -3.26) error=6.539m max_error=10.958m (n=443)
[INFO] [1788526385.984990871] [vslam_compare]: gt=(-0.15, 0.03, 0.01) vslam=(3.41, -4.37, -3.26) error=6.533m max_error=10.958m (n=444)
[INFO] [1788526386.984685100] [vslam_compare]: gt=(-0.15, 0.01, 0.0) vslam=(3.41, -4.37, -3.26) error=6.519m max_error=10.958m (n=445)
[INFO] [1788526387.984757478] [vslam_compare]: gt=(-0.16, 0.0, 0.01) vslam=(3.41, -4.37, -3.26) error=6.526m max_error=10.958m (n=446)
[INFO] [1788526388.984940763] [vslam_compare]: gt=(-0.16, 0.0, 0.02) vslam=(3.41, -4.37, -3.26) error=6.527m max_error=10.958m (n=447)
[INFO] [1788526389.984701547] [vslam_compare]: gt=(-0.15, 0.0, 0.0) vslam=(3.41, -4.37, -3.26) error=6.517m max_error=10.958m (n=448)
[INFO] [1788526390.984562698] [vslam_compare]: gt=(-0.15, 0.0, -0.0) vslam=(3.41, -4.37, -3.26) error=6.511m max_error=10.958m (n=449)
[INFO] [1788526391.984645568] [vslam_compare]: gt=(-0.15, 0.01, -0.0) vslam=(3.41, -4.37, -3.26) error=6.511m max_error=10.958m (n=450)
[INFO] [1788526392.984641177] [vslam_compare]: gt=(-0.14, 0.02, -0.0) vslam=(3.41, -4.37, -3.26) error=6.518m max_error=10.958m (n=451)
[INFO] [1788526393.984767398] [vslam_compare]: gt=(-0.14, 0.03, 0.0) vslam=(3.41, -4.37, -3.26) error=6.526m max_error=10.958m (n=452)
[INFO] [1788526394.984755804] [vslam_compare]: gt=(-0.14, 0.02, 0.02) vslam=(3.41, -4.37, -3.26) error=6.529m max_error=10.958m (n=453)
[INFO] [1788526395.984696321] [vslam_compare]: gt=(-0.15, 0.03, 0.02) vslam=(3.41, -4.37, -3.26) error=6.539m max_error=10.958m (n=454)
[INFO] [1788526396.984775744] [vslam_compare]: gt=(-0.15, 0.03, 0.01) vslam=(3.41, -4.37, -3.26) error=6.534m max_error=10.958m (n=455)
[INFO] [1788526397.985057872] [vslam_compare]: gt=(-0.15, 0.01, 0.01) vslam=(3.41, -4.37, -3.26) error=6.523m max_error=10.958m (n=456)
[INFO] [1788526398.984614398] [vslam_compare]: gt=(-0.16, 0.0, 0.0) vslam=(3.41, -4.37, -3.26) error=6.524m max_error=10.958m (n=457)
[INFO] [1788526399.984934043] [vslam_compare]: gt=(-0.18, 0.0, 0.0) vslam=(3.41, -4.37, -3.26) error=6.529m max_error=10.958m (n=458)
[INFO] [1788526400.984734628] [vslam_compare]: gt=(-0.17, -0.01, -0.0) vslam=(3.41, -4.37, -3.26) error=6.521m max_error=10.958m (n=459)
[INFO] [1788526401.984716707] [vslam_compare]: gt=(-0.16, 0.01, -0.01) vslam=(3.42, -4.37, -3.26) error=6.523m max_error=10.958m (n=460)
[INFO] [1788526402.984845465] [vslam_compare]: gt=(-0.15, 0.02, -0.0) vslam=(3.42, -4.37, -3.26) error=6.526m max_error=10.958m (n=461)
[INFO] [1788526403.984681732] [vslam_compare]: gt=(-0.14, 0.04, -0.01) vslam=(3.42, -4.37, -3.26) error=6.526m max_error=10.958m (n=462)
[INFO] [1788526404.984997093] [vslam_compare]: gt=(-0.15, 0.05, -0.02) vslam=(3.42, -4.37, -3.26) error=6.538m max_error=10.958m (n=463)
[INFO] [1788526405.984775880] [vslam_compare]: gt=(-0.15, 0.05, -0.02) vslam=(3.42, -4.37, -3.26) error=6.541m max_error=10.958m (n=464)
[INFO] [1788526406.984951137] [vslam_compare]: gt=(-0.15, 0.06, -0.01) vslam=(3.42, -4.37, -3.26) error=6.550m max_error=10.958m (n=465)
[INFO] [1788526407.984834554] [vslam_compare]: gt=(-0.14, 0.05, 0.01) vslam=(3.42, -4.37, -3.26) error=6.551m max_error=10.958m (n=466)
[INFO] [1788526408.985088923] [vslam_compare]: gt=(-0.15, 0.05, 0.02) vslam=(3.42, -4.37, -3.26) error=6.556m max_error=10.958m (n=467)
[INFO] [1788526409.984759342] [vslam_compare]: gt=(-0.16, 0.05, 0.02) vslam=(3.42, -4.37, -3.26) error=6.565m max_error=10.958m (n=468)
[INFO] [1788526410.984663008] [vslam_compare]: gt=(-0.16, 0.05, 0.03) vslam=(3.42, -4.37, -3.26) error=6.569m max_error=10.958m (n=469)
[INFO] [1788526411.984953587] [vslam_compare]: gt=(-0.16, 0.04, 0.03) vslam=(3.42, -4.37, -3.26) error=6.566m max_error=10.958m (n=470)
[INFO] [1788526412.984851167] [vslam_compare]: gt=(-0.16, 0.03, 0.03) vslam=(3.42, -4.37, -3.26) error=6.553m max_error=10.958m (n=471)
[INFO] [1788526413.984592235] [vslam_compare]: gt=(-0.17, 0.01, 0.02) vslam=(3.42, -4.37, -3.26) error=6.540m max_error=10.958m (n=472)
[INFO] [1788526414.984584644] [vslam_compare]: gt=(-0.17, 0.02, 0.02) vslam=(3.42, -4.37, -3.26) error=6.552m max_error=10.958m (n=473)
[INFO] [1788526415.984819337] [vslam_compare]: gt=(-0.17, 0.03, 0.01) vslam=(3.42, -4.37, -3.26) error=6.548m max_error=10.958m (n=474)
[INFO] [1788526416.984699292] [vslam_compare]: gt=(-0.18, 0.02, -0.0) vslam=(3.42, -4.37, -3.26) error=6.545m max_error=10.958m (n=475)
[INFO] [1788526417.984876702] [vslam_compare]: gt=(-0.18, 0.04, -0.01) vslam=(3.42, -4.37, -3.26) error=6.551m max_error=10.958m (n=476)
[INFO] [1788526418.984603136] [vslam_compare]: gt=(-0.17, 0.05, -0.01) vslam=(3.42, -4.37, -3.26) error=6.551m max_error=10.958m (n=477)
[INFO] [1788526419.984592231] [vslam_compare]: gt=(-0.16, 0.04, -0.01) vslam=(3.42, -4.37, -3.26) error=6.545m max_error=10.958m (n=478)
[INFO] [1788526420.985006538] [vslam_compare]: gt=(-0.15, 0.03, -0.01) vslam=(3.42, -4.37, -3.26) error=6.534m max_error=10.958m (n=479)
[INFO] [1788526421.984752385] [vslam_compare]: gt=(-0.15, 0.03, -0.01) vslam=(3.42, -4.37, -3.26) error=6.530m max_error=10.958m (n=480)
[INFO] [1788526422.984749072] [vslam_compare]: gt=(-0.14, 0.03, -0.02) vslam=(3.42, -4.37, -3.26) error=6.523m max_error=10.958m (n=481)
[INFO] [1788526423.984815794] [vslam_compare]: gt=(-0.14, 0.04, -0.02) vslam=(3.42, -4.37, -3.26) error=6.527m max_error=10.958m (n=482)
[INFO] [1788526424.984850091] [vslam_compare]: gt=(-0.15, 0.05, -0.01) vslam=(3.42, -4.37, -3.26) error=6.542m max_error=10.958m (n=483)
[INFO] [1788526425.984893140] [vslam_compare]: gt=(-0.16, 0.04, 0.01) vslam=(3.42, -4.37, -3.26) error=6.553m max_error=10.958m (n=484)
[INFO] [1788526426.985002737] [vslam_compare]: gt=(-0.17, 0.05, 0.01) vslam=(3.42, -4.37, -3.26) error=6.564m max_error=10.958m (n=485)
[INFO] [1788526427.985180185] [vslam_compare]: gt=(-0.17, 0.05, 0.01) vslam=(3.42, -4.37, -3.26) error=6.560m max_error=10.958m (n=486)
[INFO] [1788526428.984887538] [vslam_compare]: gt=(-0.16, 0.02, 0.01) vslam=(3.42, -4.37, -3.26) error=6.540m max_error=10.958m (n=487)
[INFO] [1788526429.984746817] [vslam_compare]: gt=(-0.16, 0.02, 0.0) vslam=(3.42, -4.37, -3.26) error=6.531m max_error=10.958m (n=488)
[INFO] [1788526430.984782337] [vslam_compare]: gt=(-0.15, 0.03, 0.01) vslam=(3.42, -4.37, -3.26) error=6.535m max_error=10.958m (n=489)
[INFO] [1788526431.984782976] [vslam_compare]: gt=(-0.15, 0.04, 0.0) vslam=(3.42, -4.37, -3.26) error=6.541m max_error=10.958m (n=490)
[INFO] [1788526432.984877033] [vslam_compare]: gt=(-0.15, 0.05, 0.02) vslam=(3.42, -4.37, -3.26) error=6.555m max_error=10.958m (n=491)
[INFO] [1788526433.984573929] [vslam_compare]: gt=(-0.15, 0.06, 0.02) vslam=(3.42, -4.37, -3.26) error=6.562m max_error=10.958m (n=492)
[INFO] [1788526434.984566436] [vslam_compare]: gt=(-0.16, 0.06, 0.03) vslam=(3.42, -4.37, -3.26) error=6.572m max_error=10.958m (n=493)
[INFO] [1788526435.984751303] [vslam_compare]: gt=(-0.18, 0.05, 0.02) vslam=(3.42, -4.37, -3.26) error=6.570m max_error=10.958m (n=494)
[INFO] [1788526436.985034716] [vslam_compare]: gt=(-0.17, 0.04, 0.0) vslam=(3.42, -4.37, -3.26) error=6.554m max_error=10.958m (n=495)
[INFO] [1788526437.984718053] [vslam_compare]: gt=(-0.16, 0.03, 0.0) vslam=(3.42, -4.37, -3.26) error=6.543m max_error=10.958m (n=496)
[INFO] [1788526438.985318549] [vslam_compare]: gt=(-0.15, 0.03, 0.0) vslam=(3.42, -4.37, -3.26) error=6.535m max_error=10.958m (n=497)
[INFO] [1788526439.984650804] [vslam_compare]: gt=(-0.15, 0.03, 0.0) vslam=(3.42, -4.37, -3.26) error=6.537m max_error=10.958m (n=498)
[INFO] [1788526440.984925675] [vslam_compare]: gt=(-0.17, 0.04, -0.01) vslam=(3.42, -4.37, -3.26) error=6.550m max_error=10.958m (n=499)
[INFO] [1788526441.984786724] [vslam_compare]: gt=(-0.16, 0.05, -0.01) vslam=(3.42, -4.37, -3.26) error=6.551m max_error=10.958m (n=500)
[INFO] [1788526442.984775853] [vslam_compare]: gt=(-0.17, 0.06, -0.02) vslam=(3.42, -4.37, -3.26) error=6.554m max_error=10.958m (n=501)
[INFO] [1788526443.984722957] [vslam_compare]: gt=(-0.17, 0.04, -0.02) vslam=(3.42, -4.37, -3.26) error=6.542m max_error=10.958m (n=502)
[INFO] [1788526444.985718302] [vslam_compare]: gt=(-0.16, 0.03, -0.02) vslam=(3.42, -4.37, -3.26) error=6.531m max_error=10.958m (n=503)
[INFO] [1788526445.985057758] [vslam_compare]: gt=(-0.15, 0.02, -0.01) vslam=(3.42, -4.37, -3.26) error=6.523m max_error=10.958m (n=504)
[INFO] [1788526446.984583972] [vslam_compare]: gt=(-0.16, 0.02, -0.01) vslam=(3.42, -4.37, -3.26) error=6.524m max_error=10.958m (n=505)
[INFO] [1788526447.984836361] [vslam_compare]: gt=(-0.15, 0.03, -0.01) vslam=(3.42, -4.37, -3.26) error=6.529m max_error=10.958m (n=506)
[INFO] [1788526448.984674366] [vslam_compare]: gt=(-0.16, 0.03, -0.01) vslam=(3.42, -4.37, -3.26) error=6.534m max_error=10.958m (n=507)
[INFO] [1788526449.984950293] [vslam_compare]: gt=(-0.15, 0.04, -0.01) vslam=(3.42, -4.37, -3.26) error=6.534m max_error=10.958m (n=508)
[INFO] [1788526450.984578745] [vslam_compare]: gt=(-0.16, 0.05, -0.01) vslam=(3.42, -4.37, -3.26) error=6.548m max_error=10.958m (n=509)
[INFO] [1788526451.984815083] [vslam_compare]: gt=(-0.18, 0.07, -0.01) vslam=(3.42, -4.37, -3.26) error=6.570m max_error=10.958m (n=510)
[INFO] [1788526452.984752359] [vslam_compare]: gt=(-0.17, 0.06, -0.0) vslam=(3.42, -4.37, -3.26) error=6.567m max_error=10.958m (n=511)
[INFO] [1788526453.984801575] [vslam_compare]: gt=(-0.16, 0.04, 0.01) vslam=(3.42, -4.37, -3.26) error=6.551m max_error=10.958m (n=512)
[INFO] [1788526454.984695885] [vslam_compare]: gt=(-0.17, 0.03, 0.02) vslam=(3.42, -4.37, -3.26) error=6.552m max_error=10.958m (n=513)
[INFO] [1788526455.984946816] [vslam_compare]: gt=(-0.17, 0.03, 0.03) vslam=(3.42, -4.37, -3.26) error=6.559m max_error=10.958m (n=514)
[INFO] [1788526456.984686212] [vslam_compare]: gt=(-0.15, 0.04, 0.02) vslam=(3.42, -4.37, -3.26) error=6.549m max_error=10.958m (n=515)
[INFO] [1788526457.985054213] [vslam_compare]: gt=(-0.15, 0.03, -0.0) vslam=(3.42, -4.37, -3.26) error=6.536m max_error=10.958m (n=516)
[INFO] [1788526458.984761933] [vslam_compare]: gt=(-0.16, 0.02, -0.01) vslam=(3.42, -4.37, -3.26) error=6.531m max_error=10.958m (n=517)
[INFO] [1788526459.984864013] [vslam_compare]: gt=(-0.16, 0.02, -0.01) vslam=(3.42, -4.37, -3.26) error=6.524m max_error=10.958m (n=518)
[INFO] [1788526460.984587284] [vslam_compare]: gt=(-0.15, 0.02, -0.01) vslam=(3.42, -4.37, -3.26) error=6.525m max_error=10.958m (n=519)
[INFO] [1788526461.984891078] [vslam_compare]: gt=(-0.15, 0.02, -0.02) vslam=(3.42, -4.37, -3.26) error=6.515m max_error=10.958m (n=520)
[INFO] [1788526462.984619390] [vslam_compare]: gt=(-0.15, 0.01, -0.02) vslam=(3.42, -4.37, -3.26) error=6.514m max_error=10.958m (n=521)
[INFO] [1788526463.984709430] [vslam_compare]: gt=(-0.17, 0.02, -0.0) vslam=(3.42, -4.37, -3.26) error=6.537m max_error=10.958m (n=522)
[INFO] [1788526464.984834636] [vslam_compare]: gt=(-0.18, 0.02, 0.0) vslam=(3.42, -4.37, -3.26) error=6.542m max_error=10.958m (n=523)
[INFO] [1788526465.984833809] [vslam_compare]: gt=(-0.18, 0.02, -0.01) vslam=(3.42, -4.37, -3.26) error=6.542m max_error=10.958m (n=524)
[INFO] [1788526466.984676963] [vslam_compare]: gt=(-0.17, 0.03, -0.01) vslam=(3.42, -4.37, -3.26) error=6.539m max_error=10.958m (n=525)
[INFO] [1788526467.984757747] [vslam_compare]: gt=(-0.16, 0.03, -0.01) vslam=(3.42, -4.37, -3.26) error=6.537m max_error=10.958m (n=526)
[INFO] [1788526468.984779151] [vslam_compare]: gt=(-0.15, 0.04, 0.0) vslam=(3.42, -4.37, -3.26) error=6.539m max_error=10.958m (n=527)
[INFO] [1788526469.984715758] [vslam_compare]: gt=(-0.15, 0.05, 0.01) vslam=(3.42, -4.37, -3.26) error=6.552m max_error=10.958m (n=528)
[INFO] [1788526470.984558702] [vslam_compare]: gt=(-0.16, 0.04, 0.01) vslam=(3.42, -4.37, -3.26) error=6.551m max_error=10.958m (n=529)
[INFO] [1788526471.984919683] [vslam_compare]: gt=(-0.17, 0.04, -0.0) vslam=(3.42, -4.37, -3.26) error=6.548m max_error=10.958m (n=530)
[INFO] [1788526472.984622966] [vslam_compare]: gt=(-0.16, 0.03, -0.01) vslam=(3.42, -4.37, -3.26) error=6.535m max_error=10.958m (n=531)
[INFO] [1788526473.984571313] [vslam_compare]: gt=(-0.16, 0.03, -0.0) vslam=(3.42, -4.37, -3.26) error=6.535m max_error=10.958m (n=532)
[INFO] [1788526474.984807481] [vslam_compare]: gt=(-0.15, 0.04, 0.01) vslam=(3.42, -4.37, -3.26) error=6.544m max_error=10.958m (n=533)
[INFO] [1788526475.984765082] [vslam_compare]: gt=(-0.14, 0.05, 0.02) vslam=(3.42, -4.37, -3.26) error=6.549m max_error=10.958m (n=534)
[INFO] [1788526476.984745585] [vslam_compare]: gt=(-0.14, 0.06, 0.03) vslam=(3.42, -4.37, -3.26) error=6.570m max_error=10.958m (n=535)
[INFO] [1788526477.984757696] [vslam_compare]: gt=(-0.16, 0.07, 0.03) vslam=(3.42, -4.37, -3.26) error=6.583m max_error=10.958m (n=536)
[INFO] [1788526478.984871253] [vslam_compare]: gt=(-0.16, 0.08, 0.02) vslam=(3.42, -4.37, -3.26) error=6.585m max_error=10.958m (n=537)
[INFO] [1788526479.984714858] [vslam_compare]: gt=(-0.15, 0.07, 0.03) vslam=(3.42, -4.37, -3.26) error=6.573m max_error=10.958m (n=538)
[INFO] [1788526480.984642598] [vslam_compare]: gt=(-0.14, 0.05, 0.02) vslam=(3.42, -4.37, -3.26) error=6.557m max_error=10.958m (n=539)
[INFO] [1788526481.984698293] [vslam_compare]: gt=(-0.16, 0.05, 0.01) vslam=(3.42, -4.37, -3.26) error=6.557m max_error=10.958m (n=540)
[INFO] [1788526482.984765448] [vslam_compare]: gt=(-0.18, 0.03, 0.01) vslam=(3.42, -4.37, -3.26) error=6.558m max_error=10.958m (n=541)
[INFO] [1788526483.984769374] [vslam_compare]: gt=(-0.18, 0.03, 0.01) vslam=(3.42, -4.37, -3.26) error=6.556m max_error=10.958m (n=542)
[INFO] [1788526484.984849469] [vslam_compare]: gt=(-0.15, 0.03, 0.01) vslam=(3.42, -4.37, -3.27) error=6.542m max_error=10.958m (n=543)
[INFO] [1788526485.984945541] [vslam_compare]: gt=(-0.15, 0.03, -0.01) vslam=(3.42, -4.37, -3.27) error=6.532m max_error=10.958m (n=544)
[INFO] [1788526486.985488357] [vslam_compare]: gt=(-0.16, 0.04, -0.02) vslam=(3.42, -4.37, -3.27) error=6.536m max_error=10.958m (n=545)
[INFO] [1788526487.984776761] [vslam_compare]: gt=(-0.16, 0.04, -0.03) vslam=(3.42, -4.37, -3.27) error=6.541m max_error=10.958m (n=546)
[INFO] [1788526488.984711808] [vslam_compare]: gt=(-0.17, 0.05, -0.03) vslam=(3.42, -4.37, -3.27) error=6.554m max_error=10.958m (n=547)
[INFO] [1788526489.984995869] [vslam_compare]: gt=(-0.17, 0.05, -0.02) vslam=(3.42, -4.37, -3.27) error=6.559m max_error=10.958m (n=548)
[INFO] [1788526490.984786203] [vslam_compare]: gt=(-0.17, 0.05, -0.01) vslam=(3.42, -4.37, -3.27) error=6.557m max_error=10.958m (n=549)
[INFO] [1788526491.984775082] [vslam_compare]: gt=(-0.16, 0.04, -0.01) vslam=(3.42, -4.37, -3.27) error=6.549m max_error=10.958m (n=550)
[INFO] [1788526492.984860307] [vslam_compare]: gt=(-0.16, 0.03, -0.0) vslam=(3.42, -4.37, -3.27) error=6.546m max_error=10.958m (n=551)
[INFO] [1788526493.985059590] [vslam_compare]: gt=(-0.16, 0.04, 0.01) vslam=(3.42, -4.37, -3.27) error=6.559m max_error=10.958m (n=552)
[INFO] [1788526494.984980094] [vslam_compare]: gt=(-0.16, 0.03, 0.01) vslam=(3.42, -4.37, -3.27) error=6.549m max_error=10.958m (n=553)
[INFO] [1788526495.984896376] [vslam_compare]: gt=(-0.15, 0.02, 0.01) vslam=(3.42, -4.37, -3.27) error=6.537m max_error=10.958m (n=554)
[INFO] [1788526496.985018938] [vslam_compare]: gt=(-0.16, 0.02, 0.0) vslam=(3.42, -4.37, -3.27) error=6.542m max_error=10.958m (n=555)
[INFO] [1788526497.984603039] [vslam_compare]: gt=(-0.16, 0.04, -0.0) vslam=(3.42, -4.37, -3.27) error=6.545m max_error=10.958m (n=556)
[INFO] [1788526498.984747114] [vslam_compare]: gt=(-0.14, 0.05, 0.0) vslam=(3.42, -4.37, -3.27) error=6.547m max_error=10.958m (n=557)
[INFO] [1788526499.984566774] [vslam_compare]: gt=(-0.12, 0.05, 0.01) vslam=(3.42, -4.37, -3.27) error=6.541m max_error=10.958m (n=558)
[INFO] [1788526500.984720509] [vslam_compare]: gt=(-0.12, 0.05, 0.01) vslam=(3.42, -4.37, -3.27) error=6.542m max_error=10.958m (n=559)
[INFO] [1788526501.984887285] [vslam_compare]: gt=(-0.12, 0.03, 0.01) vslam=(3.42, -4.37, -3.27) error=6.536m max_error=10.958m (n=560)
[INFO] [1788526502.984994706] [vslam_compare]: gt=(-0.13, 0.01, 0.02) vslam=(3.42, -4.37, -3.27) error=6.527m max_error=10.958m (n=561)
[INFO] [1788526503.984864023] [vslam_compare]: gt=(-0.13, 0.01, 0.03) vslam=(3.42, -4.37, -3.27) error=6.529m max_error=10.958m (n=562)
[INFO] [1788526504.984745348] [vslam_compare]: gt=(-0.13, 0.01, 0.02) vslam=(3.42, -4.37, -3.27) error=6.525m max_error=10.958m (n=563)
[INFO] [1788526505.985159285] [vslam_compare]: gt=(-0.14, 0.01, 0.01) vslam=(3.42, -4.37, -3.27) error=6.531m max_error=10.958m (n=564)
[INFO] [1788526506.984746948] [vslam_compare]: gt=(-0.16, 0.02, 0.02) vslam=(3.42, -4.37, -3.27) error=6.553m max_error=10.958m (n=565)
[INFO] [1788526507.984581815] [vslam_compare]: gt=(-0.16, 0.03, 0.01) vslam=(3.42, -4.37, -3.27) error=6.553m max_error=10.958m (n=566)
[INFO] [1788526508.984581642] [vslam_compare]: gt=(-0.16, 0.05, -0.0) vslam=(3.42, -4.37, -3.27) error=6.554m max_error=10.958m (n=567)
[INFO] [1788526509.985228512] [vslam_compare]: gt=(-0.15, 0.05, -0.02) vslam=(3.42, -4.37, -3.27) error=6.545m max_error=10.958m (n=568)
[INFO] [1788526510.984727453] [vslam_compare]: gt=(-0.17, 0.05, -0.02) vslam=(3.42, -4.37, -3.27) error=6.554m max_error=10.958m (n=569)
[INFO] [1788526511.984746962] [vslam_compare]: gt=(-0.16, 0.05, -0.01) vslam=(3.42, -4.37, -3.27) error=6.555m max_error=10.958m (n=570)
[INFO] [1788526512.984768010] [vslam_compare]: gt=(-0.15, 0.05, -0.01) vslam=(3.42, -4.37, -3.27) error=6.551m max_error=10.958m (n=571)
[INFO] [1788526513.984587710] [vslam_compare]: gt=(-0.16, 0.04, -0.01) vslam=(3.42, -4.37, -3.27) error=6.552m max_error=10.958m (n=572)
[INFO] [1788526514.984817223] [vslam_compare]: gt=(-0.16, 0.05, 0.0) vslam=(3.42, -4.37, -3.27) error=6.555m max_error=10.958m (n=573)
[INFO] [1788526515.984966463] [vslam_compare]: gt=(-0.16, 0.04, 0.01) vslam=(3.42, -4.37, -3.27) error=6.553m max_error=10.958m (n=574)
[INFO] [1788526516.985121558] [vslam_compare]: gt=(-0.14, 0.02, 0.0) vslam=(3.42, -4.37, -3.27) error=6.530m max_error=10.958m (n=575)
[INFO] [1788526517.985013892] [vslam_compare]: gt=(-0.13, 0.03, -0.0) vslam=(3.42, -4.37, -3.27) error=6.524m max_error=10.958m (n=576)
[INFO] [1788526518.984825731] [vslam_compare]: gt=(-0.13, 0.05, -0.01) vslam=(3.42, -4.37, -3.27) error=6.534m max_error=10.958m (n=577)
[INFO] [1788526519.985245590] [vslam_compare]: gt=(-0.14, 0.05, -0.02) vslam=(3.42, -4.37, -3.27) error=6.539m max_error=10.958m (n=578)
[INFO] [1788526520.984905206] [vslam_compare]: gt=(-0.14, 0.05, -0.03) vslam=(3.42, -4.37, -3.27) error=6.533m max_error=10.958m (n=579)
[INFO] [1788526521.984713541] [vslam_compare]: gt=(-0.14, 0.05, -0.03) vslam=(3.42, -4.37, -3.27) error=6.535m max_error=10.958m (n=580)
[INFO] [1788526522.985043046] [vslam_compare]: gt=(-0.13, 0.04, -0.03) vslam=(3.42, -4.37, -3.27) error=6.518m max_error=10.958m (n=581)
[INFO] [1788526523.984761323] [vslam_compare]: gt=(-0.16, 0.02, -0.03) vslam=(3.42, -4.37, -3.27) error=6.525m max_error=10.958m (n=582)
[INFO] [1788526524.985050471] [vslam_compare]: gt=(-0.15, 0.02, -0.01) vslam=(3.42, -4.37, -3.27) error=6.526m max_error=10.958m (n=583)
[INFO] [1788526525.984658351] [vslam_compare]: gt=(-0.15, 0.02, 0.0) vslam=(3.42, -4.37, -3.27) error=6.534m max_error=10.958m (n=584)
[INFO] [1788526526.984892695] [vslam_compare]: gt=(-0.14, 0.02, 0.0) vslam=(3.42, -4.37, -3.27) error=6.527m max_error=10.958m (n=585)
[INFO] [1788526527.985016599] [vslam_compare]: gt=(-0.12, 0.02, 0.0) vslam=(3.42, -4.37, -3.27) error=6.519m max_error=10.958m (n=586)
[INFO] [1788526528.984591179] [vslam_compare]: gt=(-0.12, 0.04, 0.0) vslam=(3.42, -4.37, -3.27) error=6.536m max_error=10.958m (n=587)
[INFO] [1788526529.984722162] [vslam_compare]: gt=(-0.13, 0.06, 0.01) vslam=(3.42, -4.37, -3.27) error=6.555m max_error=10.958m (n=588)
[INFO] [1788526530.984813336] [vslam_compare]: gt=(-0.14, 0.06, 0.02) vslam=(3.42, -4.37, -3.27) error=6.568m max_error=10.958m (n=589)
[INFO] [1788526531.985254400] [vslam_compare]: gt=(-0.13, 0.07, 0.01) vslam=(3.42, -4.37, -3.27) error=6.564m max_error=10.958m (n=590)
[INFO] [1788526532.984930241] [vslam_compare]: gt=(-0.13, 0.07, 0.02) vslam=(3.42, -4.37, -3.27) error=6.569m max_error=10.958m (n=591)
[INFO] [1788526533.985029439] [vslam_compare]: gt=(-0.13, 0.07, 0.03) vslam=(3.42, -4.37, -3.27) error=6.568m max_error=10.958m (n=592)
[INFO] [1788526534.984900568] [vslam_compare]: gt=(-0.13, 0.07, 0.02) vslam=(3.42, -4.37, -3.27) error=6.564m max_error=10.958m (n=593)
[INFO] [1788526535.984769425] [vslam_compare]: gt=(-0.14, 0.06, 0.03) vslam=(3.42, -4.37, -3.27) error=6.573m max_error=10.958m (n=594)
[INFO] [1788526536.984741567] [vslam_compare]: gt=(-0.13, 0.06, 0.03) vslam=(3.42, -4.37, -3.27) error=6.563m max_error=10.958m (n=595)
[INFO] [1788526537.984770105] [vslam_compare]: gt=(-0.14, 0.05, 0.03) vslam=(3.42, -4.37, -3.27) error=6.560m max_error=10.958m (n=596)
[INFO] [1788526538.985083023] [vslam_compare]: gt=(-0.14, 0.05, 0.02) vslam=(3.42, -4.37, -3.27) error=6.561m max_error=10.958m (n=597)
[INFO] [1788526539.984743827] [vslam_compare]: gt=(-0.15, 0.06, 0.03) vslam=(3.42, -4.37, -3.27) error=6.571m max_error=10.958m (n=598)
[INFO] [1788526540.984761844] [vslam_compare]: gt=(-0.15, 0.06, 0.03) vslam=(3.42, -4.37, -3.27) error=6.578m max_error=10.958m (n=599)
[INFO] [1788526541.984876933] [vslam_compare]: gt=(-0.14, 0.06, 0.02) vslam=(3.42, -4.37, -3.27) error=6.567m max_error=10.958m (n=600)
[INFO] [1788526542.984797595] [vslam_compare]: gt=(-0.15, 0.05, -0.0) vslam=(3.42, -4.37, -3.27) error=6.557m max_error=10.958m (n=601)
[INFO] [1788526543.984607784] [vslam_compare]: gt=(-0.16, 0.05, -0.01) vslam=(3.42, -4.37, -3.27) error=6.556m max_error=10.958m (n=602)
[INFO] [1788526544.984598479] [vslam_compare]: gt=(-0.15, 0.05, -0.01) vslam=(3.42, -4.37, -3.27) error=6.550m max_error=10.958m (n=603)
[INFO] [1788526545.985040162] [vslam_compare]: gt=(-0.14, 0.05, -0.03) vslam=(3.42, -4.37, -3.27) error=6.535m max_error=10.958m (n=604)
[INFO] [1788526546.984786049] [vslam_compare]: gt=(-0.14, 0.04, -0.03) vslam=(3.42, -4.37, -3.27) error=6.528m max_error=10.958m (n=605)
[INFO] [1788526547.985144682] [vslam_compare]: gt=(-0.14, 0.05, -0.04) vslam=(3.42, -4.37, -3.27) error=6.529m max_error=10.958m (n=606)
[INFO] [1788526548.984695912] [vslam_compare]: gt=(-0.15, 0.04, -0.04) vslam=(3.42, -4.37, -3.27) error=6.529m max_error=10.958m (n=607)
[INFO] [1788526549.984848717] [vslam_compare]: gt=(-0.15, 0.04, -0.03) vslam=(3.42, -4.37, -3.27) error=6.531m max_error=10.958m (n=608)
[INFO] [1788526550.985248862] [vslam_compare]: gt=(-0.14, 0.04, -0.04) vslam=(3.42, -4.37, -3.27) error=6.524m max_error=10.958m (n=609)
[INFO] [1788526551.985039320] [vslam_compare]: gt=(-0.14, 0.04, -0.03) vslam=(3.42, -4.37, -3.27) error=6.528m max_error=10.958m (n=610)
[INFO] [1788526552.984842773] [vslam_compare]: gt=(-0.14, 0.03, -0.02) vslam=(3.42, -4.37, -3.27) error=6.529m max_error=10.958m (n=611)
[INFO] [1788526553.984654934] [vslam_compare]: gt=(-0.16, 0.03, -0.02) vslam=(3.42, -4.37, -3.27) error=6.538m max_error=10.958m (n=612)
[INFO] [1788526554.984695639] [vslam_compare]: gt=(-0.16, 0.04, -0.01) vslam=(3.42, -4.37, -3.27) error=6.547m max_error=10.958m (n=613)
[INFO] [1788526555.984659874] [vslam_compare]: gt=(-0.17, 0.04, -0.0) vslam=(3.42, -4.37, -3.27) error=6.558m max_error=10.958m (n=614)
[INFO] [1788526556.984713165] [vslam_compare]: gt=(-0.17, 0.03, 0.0) vslam=(3.42, -4.37, -3.27) error=6.551m max_error=10.958m (n=615)
[INFO] [1788526557.984995722] [vslam_compare]: gt=(-0.17, 0.01, 0.0) vslam=(3.42, -4.37, -3.27) error=6.536m max_error=10.958m (n=616)
[INFO] [1788526558.984742497] [vslam_compare]: gt=(-0.15, 0.01, 0.01) vslam=(3.42, -4.37, -3.27) error=6.534m max_error=10.958m (n=617)
[INFO] [1788526559.984929228] [vslam_compare]: gt=(-0.14, 0.02, 0.01) vslam=(3.42, -4.37, -3.27) error=6.532m max_error=10.958m (n=618)
[INFO] [1788526560.984750523] [vslam_compare]: gt=(-0.15, 0.02, 0.01) vslam=(3.42, -4.37, -3.27) error=6.533m max_error=10.958m (n=619)
[INFO] [1788526561.984836139] [vslam_compare]: gt=(-0.15, 0.02, 0.01) vslam=(3.42, -4.37, -3.27) error=6.537m max_error=10.958m (n=620)
[INFO] [1788526562.984765836] [vslam_compare]: gt=(-0.15, 0.02, 0.01) vslam=(3.42, -4.37, -3.27) error=6.532m max_error=10.958m (n=621)
[INFO] [1788526563.985093451] [vslam_compare]: gt=(-0.15, 0.03, 0.01) vslam=(3.42, -4.37, -3.27) error=6.545m max_error=10.958m (n=622)
[INFO] [1788526564.984800988] [vslam_compare]: gt=(-0.15, 0.03, 0.0) vslam=(3.42, -4.37, -3.27) error=6.543m max_error=10.958m (n=623)
[INFO] [1788526565.984637143] [vslam_compare]: gt=(-0.15, 0.04, 0.01) vslam=(3.42, -4.37, -3.27) error=6.554m max_error=10.958m (n=624)
[INFO] [1788526566.984844897] [vslam_compare]: gt=(-0.16, 0.05, 0.0) vslam=(3.42, -4.37, -3.27) error=6.558m max_error=10.958m (n=625)
[INFO] [1788526567.984755061] [vslam_compare]: gt=(-0.15, 0.04, -0.01) vslam=(3.42, -4.37, -3.27) error=6.546m max_error=10.958m (n=626)
[INFO] [1788526568.984702744] [vslam_compare]: gt=(-0.15, 0.04, -0.02) vslam=(3.42, -4.37, -3.27) error=6.534m max_error=10.958m (n=627)
[INFO] [1788526569.984859484] [vslam_compare]: gt=(-0.14, 0.04, -0.02) vslam=(3.42, -4.37, -3.27) error=6.534m max_error=10.958m (n=628)
[INFO] [1788526570.984745253] [vslam_compare]: gt=(-0.15, 0.04, -0.01) vslam=(3.42, -4.37, -3.27) error=6.541m max_error=10.958m (n=629)
[INFO] [1788526571.984894829] [vslam_compare]: gt=(-0.15, 0.03, -0.02) vslam=(3.42, -4.37, -3.27) error=6.536m max_error=10.958m (n=630)
[INFO] [1788526572.984945633] [vslam_compare]: gt=(-0.16, 0.02, -0.03) vslam=(3.42, -4.37, -3.27) error=6.527m max_error=10.958m (n=631)
[INFO] [1788526573.984868199] [vslam_compare]: gt=(-0.16, 0.01, -0.03) vslam=(3.42, -4.37, -3.27) error=6.522m max_error=10.958m (n=632)
[INFO] [1788526574.984790174] [vslam_compare]: gt=(-0.16, 0.01, -0.03) vslam=(3.42, -4.37, -3.27) error=6.514m max_error=10.958m (n=633)
[INFO] [1788526575.984961601] [vslam_compare]: gt=(-0.15, 0.02, -0.04) vslam=(3.42, -4.37, -3.27) error=6.510m max_error=10.958m (n=634)
[INFO] [1788526576.984866202] [vslam_compare]: gt=(-0.15, 0.02, -0.04) vslam=(3.42, -4.37, -3.27) error=6.513m max_error=10.958m (n=635)
[INFO] [1788526577.984650962] [vslam_compare]: gt=(-0.16, 0.04, -0.03) vslam=(3.42, -4.37, -3.27) error=6.533m max_error=10.958m (n=636)
[INFO] [1788526578.984818700] [vslam_compare]: gt=(-0.17, 0.06, -0.03) vslam=(3.42, -4.37, -3.27) error=6.556m max_error=10.958m (n=637)
[INFO] [1788526579.984590784] [vslam_compare]: gt=(-0.18, 0.05, -0.03) vslam=(3.42, -4.37, -3.27) error=6.551m max_error=10.958m (n=638)
[INFO] [1788526580.984886608] [vslam_compare]: gt=(-0.17, 0.03, -0.03) vslam=(3.42, -4.37, -3.27) error=6.535m max_error=10.958m (n=639)
[INFO] [1788526581.984773994] [vslam_compare]: gt=(-0.16, 0.03, -0.03) vslam=(3.42, -4.37, -3.27) error=6.525m max_error=10.958m (n=640)
[INFO] [1788526582.984669866] [vslam_compare]: gt=(-0.15, 0.04, -0.03) vslam=(3.42, -4.37, -3.27) error=6.534m max_error=10.958m (n=641)
[INFO] [1788526583.984684496] [vslam_compare]: gt=(-0.15, 0.05, -0.02) vslam=(3.42, -4.37, -3.27) error=6.546m max_error=10.958m (n=642)
[INFO] [1788526584.985066025] [vslam_compare]: gt=(-0.15, 0.05, 0.0) vslam=(3.42, -4.37, -3.27) error=6.554m max_error=10.958m (n=643)
[INFO] [1788526585.984798160] [vslam_compare]: gt=(-0.13, 0.04, 0.01) vslam=(3.42, -4.37, -3.27) error=6.541m max_error=10.958m (n=644)
[INFO] [1788526586.984576129] [vslam_compare]: gt=(-0.14, 0.03, -0.01) vslam=(3.42, -4.37, -3.27) error=6.526m max_error=10.958m (n=645)
[INFO] [1788526587.984576408] [vslam_compare]: gt=(-0.15, 0.03, -0.02) vslam=(3.42, -4.37, -3.27) error=6.529m max_error=10.958m (n=646)
[INFO] [1788526588.984652806] [vslam_compare]: gt=(-0.16, 0.02, -0.02) vslam=(3.42, -4.37, -3.27) error=6.529m max_error=10.958m (n=647)
[INFO] [1788526589.984692015] [vslam_compare]: gt=(-0.16, 0.0, -0.02) vslam=(3.42, -4.37, -3.27) error=6.513m max_error=10.958m (n=648)
[INFO] [1788526590.985062997] [vslam_compare]: gt=(-0.16, -0.0, -0.04) vslam=(3.42, -4.37, -3.27) error=6.505m max_error=10.958m (n=649)
[INFO] [1788526591.984852519] [vslam_compare]: gt=(-0.16, 0.01, -0.04) vslam=(3.42, -4.37, -3.27) error=6.511m max_error=10.958m (n=650)
[INFO] [1788526592.984759709] [vslam_compare]: gt=(-0.17, 0.02, -0.04) vslam=(3.42, -4.37, -3.27) error=6.527m max_error=10.958m (n=651)
[INFO] [1788526593.984904797] [vslam_compare]: gt=(-0.18, 0.03, -0.03) vslam=(3.42, -4.37, -3.27) error=6.540m max_error=10.958m (n=652)
[INFO] [1788526594.984873557] [vslam_compare]: gt=(-0.18, 0.03, -0.03) vslam=(3.42, -4.37, -3.27) error=6.542m max_error=10.958m (n=653)
[INFO] [1788526595.984987714] [vslam_compare]: gt=(-0.17, 0.05, -0.02) vslam=(3.42, -4.37, -3.27) error=6.550m max_error=10.958m (n=654)
[INFO] [1788526596.984849112] [vslam_compare]: gt=(-0.16, 0.06, -0.0) vslam=(3.42, -4.37, -3.27) error=6.562m max_error=10.958m (n=655)
[INFO] [1788526597.984734511] [vslam_compare]: gt=(-0.16, 0.05, 0.0) vslam=(3.42, -4.37, -3.27) error=6.563m max_error=10.958m (n=656)
[INFO] [1788526598.985105198] [vslam_compare]: gt=(-0.14, 0.03, 0.0) vslam=(3.42, -4.37, -3.27) error=6.542m max_error=10.958m (n=657)
[INFO] [1788526599.984748164] [vslam_compare]: gt=(-0.13, 0.03, -0.01) vslam=(3.42, -4.37, -3.27) error=6.525m max_error=10.958m (n=658)
[INFO] [1788526600.984893118] [vslam_compare]: gt=(-0.12, 0.02, -0.02) vslam=(3.42, -4.37, -3.27) error=6.509m max_error=10.958m (n=659)
[INFO] [1788526601.984750157] [vslam_compare]: gt=(-0.13, 0.02, -0.02) vslam=(3.42, -4.37, -3.27) error=6.510m max_error=10.958m (n=660)
[INFO] [1788526602.984957873] [vslam_compare]: gt=(-0.12, 0.02, -0.03) vslam=(3.42, -4.37, -3.27) error=6.506m max_error=10.958m (n=661)
[INFO] [1788526603.984853047] [vslam_compare]: gt=(-0.13, 0.02, -0.03) vslam=(3.42, -4.37, -3.27) error=6.512m max_error=10.958m (n=662)
[INFO] [1788526604.984683299] [vslam_compare]: gt=(-0.15, 0.02, -0.03) vslam=(3.42, -4.37, -3.27) error=6.517m max_error=10.958m (n=663)
[INFO] [1788526605.984698260] [vslam_compare]: gt=(-0.16, 0.0, -0.02) vslam=(3.42, -4.37, -3.27) error=6.514m max_error=10.958m (n=664)
[INFO] [1788526606.984719380] [vslam_compare]: gt=(-0.16, 0.01, -0.02) vslam=(3.42, -4.37, -3.27) error=6.520m max_error=10.958m (n=665)
[INFO] [1788526607.984740518] [vslam_compare]: gt=(-0.16, 0.02, -0.02) vslam=(3.42, -4.37, -3.27) error=6.525m max_error=10.958m (n=666)
[INFO] [1788526608.984781680] [vslam_compare]: gt=(-0.14, 0.03, -0.01) vslam=(3.42, -4.37, -3.27) error=6.527m max_error=10.958m (n=667)
[INFO] [1788526609.984629100] [vslam_compare]: gt=(-0.13, 0.04, -0.01) vslam=(3.42, -4.37, -3.27) error=6.531m max_error=10.958m (n=668)
[INFO] [1788526610.984631584] [vslam_compare]: gt=(-0.13, 0.05, -0.0) vslam=(3.42, -4.37, -3.27) error=6.541m max_error=10.958m (n=669)
[INFO] [1788526611.984735985] [vslam_compare]: gt=(-0.14, 0.03, 0.0) vslam=(3.42, -4.37, -3.27) error=6.534m max_error=10.958m (n=670)
[INFO] [1788526612.984635783] [vslam_compare]: gt=(-0.14, 0.02, 0.01) vslam=(3.42, -4.37, -3.27) error=6.529m max_error=10.958m (n=671)
[INFO] [1788526613.984775192] [vslam_compare]: gt=(-0.14, 0.01, 0.02) vslam=(3.42, -4.37, -3.27) error=6.529m max_error=10.958m (n=672)
[INFO] [1788526614.984789196] [vslam_compare]: gt=(-0.16, 0.02, 0.02) vslam=(3.42, -4.37, -3.27) error=6.545m max_error=10.958m (n=673)
[INFO] [1788526615.984753344] [vslam_compare]: gt=(-0.16, 0.03, 0.01) vslam=(3.42, -4.37, -3.27) error=6.552m max_error=10.958m (n=674)
[INFO] [1788526616.984778242] [vslam_compare]: gt=(-0.15, 0.03, 0.01) vslam=(3.42, -4.37, -3.27) error=6.543m max_error=10.958m (n=675)
[INFO] [1788526617.984787527] [vslam_compare]: gt=(-0.15, 0.02, 0.0) vslam=(3.42, -4.37, -3.27) error=6.534m max_error=10.958m (n=676)
[INFO] [1788526618.984810103] [vslam_compare]: gt=(-0.16, 0.02, 0.0) vslam=(3.42, -4.37, -3.27) error=6.538m max_error=10.958m (n=677)
[INFO] [1788526619.984786630] [vslam_compare]: gt=(-0.16, 0.01, -0.0) vslam=(3.42, -4.37, -3.27) error=6.532m max_error=10.958m (n=678)
[INFO] [1788526620.984750671] [vslam_compare]: gt=(-0.16, -0.01, 0.01) vslam=(3.42, -4.37, -3.27) error=6.526m max_error=10.958m (n=679)
[INFO] [1788526621.984669755] [vslam_compare]: gt=(-0.16, 0.03, 0.01) vslam=(3.42, -4.37, -3.27) error=6.544m max_error=10.958m (n=680)
[INFO] [1788526622.984665488] [vslam_compare]: gt=(-0.16, 0.05, 0.01) vslam=(3.42, -4.37, -3.27) error=6.559m max_error=10.958m (n=681)
[INFO] [1788526623.984716749] [vslam_compare]: gt=(-0.16, 0.05, 0.02) vslam=(3.42, -4.37, -3.27) error=6.565m max_error=10.958m (n=682)
[INFO] [1788526624.984974940] [vslam_compare]: gt=(-0.14, 0.05, 0.02) vslam=(3.42, -4.37, -3.27) error=6.554m max_error=10.958m (n=683)
[INFO] [1788526625.984824691] [vslam_compare]: gt=(-0.14, 0.05, 0.01) vslam=(3.42, -4.37, -3.27) error=6.549m max_error=10.958m (n=684)
[INFO] [1788526626.984747302] [vslam_compare]: gt=(-0.15, 0.05, 0.0) vslam=(3.42, -4.37, -3.27) error=6.554m max_error=10.958m (n=685)
[INFO] [1788526627.984909734] [vslam_compare]: gt=(-0.15, 0.03, 0.01) vslam=(3.42, -4.37, -3.27) error=6.545m max_error=10.958m (n=686)
[INFO] [1788526628.984582214] [vslam_compare]: gt=(-0.14, 0.03, 0.01) vslam=(3.42, -4.37, -3.27) error=6.540m max_error=10.958m (n=687)
[INFO] [1788526629.985082625] [vslam_compare]: gt=(-0.13, 0.04, 0.01) vslam=(3.42, -4.37, -3.27) error=6.543m max_error=10.958m (n=688)
[INFO] [1788526630.984724820] [vslam_compare]: gt=(-0.13, 0.04, 0.01) vslam=(3.42, -4.37, -3.27) error=6.539m max_error=10.958m (n=689)
[INFO] [1788526631.984589664] [vslam_compare]: gt=(-0.13, 0.04, 0.0) vslam=(3.42, -4.37, -3.27) error=6.538m max_error=10.958m (n=690)
[INFO] [1788526632.984689750] [vslam_compare]: gt=(-0.13, 0.05, 0.0) vslam=(3.42, -4.37, -3.27) error=6.544m max_error=10.958m (n=691)
[INFO] [1788526633.984824265] [vslam_compare]: gt=(-0.13, 0.06, -0.0) vslam=(3.42, -4.37, -3.27) error=6.550m max_error=10.958m (n=692)
[INFO] [1788526634.984928589] [vslam_compare]: gt=(-0.14, 0.05, 0.01) vslam=(3.42, -4.37, -3.27) error=6.551m max_error=10.958m (n=693)
[INFO] [1788526635.985186524] [vslam_compare]: gt=(-0.16, 0.04, 0.0) vslam=(3.42, -4.37, -3.27) error=6.549m max_error=10.958m (n=694)
[INFO] [1788526636.985142605] [vslam_compare]: gt=(-0.16, 0.02, -0.01) vslam=(3.42, -4.37, -3.27) error=6.538m max_error=10.958m (n=695)
[INFO] [1788526637.984744325] [vslam_compare]: gt=(-0.15, 0.03, -0.0) vslam=(3.42, -4.37, -3.27) error=6.538m max_error=10.958m (n=696)
[INFO] [1788526638.984923891] [vslam_compare]: gt=(-0.13, 0.04, 0.0) vslam=(3.42, -4.37, -3.27) error=6.538m max_error=10.958m (n=697)
[INFO] [1788526639.984896248] [vslam_compare]: gt=(-0.12, 0.04, 0.01) vslam=(3.42, -4.37, -3.27) error=6.536m max_error=10.958m (n=698)
[INFO] [1788526640.984701741] [vslam_compare]: gt=(-0.12, 0.03, 0.01) vslam=(3.42, -4.37, -3.27) error=6.532m max_error=10.958m (n=699)
[INFO] [1788526641.985044165] [vslam_compare]: gt=(-0.14, 0.05, 0.0) vslam=(3.42, -4.37, -3.27) error=6.549m max_error=10.958m (n=700)
[INFO] [1788526642.984829641] [vslam_compare]: gt=(-0.16, 0.06, -0.01) vslam=(3.42, -4.37, -3.27) error=6.560m max_error=10.958m (n=701)
[INFO] [1788526643.984862050] [vslam_compare]: gt=(-0.18, 0.06, -0.02) vslam=(3.42, -4.37, -3.27) error=6.569m max_error=10.958m (n=702)
[INFO] [1788526644.984880789] [vslam_compare]: gt=(-0.17, 0.07, -0.02) vslam=(3.42, -4.37, -3.27) error=6.565m max_error=10.958m (n=703)
[INFO] [1788526645.984916824] [vslam_compare]: gt=(-0.15, 0.06, -0.03) vslam=(3.42, -4.37, -3.27) error=6.547m max_error=10.958m (n=704)
[INFO] [1788526646.984768042] [vslam_compare]: gt=(-0.13, 0.05, -0.02) vslam=(3.42, -4.37, -3.27) error=6.535m max_error=10.958m (n=705)
[INFO] [1788526647.984922437] [vslam_compare]: gt=(-0.13, 0.05, -0.02) vslam=(3.42, -4.37, -3.27) error=6.528m max_error=10.958m (n=706)
[INFO] [1788526648.984777592] [vslam_compare]: gt=(-0.13, 0.06, -0.03) vslam=(3.42, -4.37, -3.27) error=6.534m max_error=10.958m (n=707)
[INFO] [1788526649.985022975] [vslam_compare]: gt=(-0.14, 0.06, -0.02) vslam=(3.42, -4.37, -3.27) error=6.540m max_error=10.958m (n=708)
[INFO] [1788526650.985043876] [vslam_compare]: gt=(-0.14, 0.04, -0.01) vslam=(3.42, -4.37, -3.27) error=6.535m max_error=10.958m (n=709)
[INFO] [1788526651.984811162] [vslam_compare]: gt=(-0.14, 0.03, -0.0) vslam=(3.42, -4.37, -3.27) error=6.530m max_error=10.958m (n=710)
[INFO] [1788526652.984577451] [vslam_compare]: gt=(-0.13, 0.04, -0.01) vslam=(3.42, -4.37, -3.27) error=6.535m max_error=10.958m (n=711)
[INFO] [1788526653.984912598] [vslam_compare]: gt=(-0.13, 0.05, -0.02) vslam=(3.42, -4.37, -3.27) error=6.530m max_error=10.958m (n=712)
[INFO] [1788526654.984707549] [vslam_compare]: gt=(-0.14, 0.05, -0.02) vslam=(3.42, -4.37, -3.27) error=6.535m max_error=10.958m (n=713)
[INFO] [1788526655.984794315] [vslam_compare]: gt=(-0.14, 0.05, -0.03) vslam=(3.42, -4.37, -3.27) error=6.530m max_error=10.958m (n=714)
[INFO] [1788526656.984979769] [vslam_compare]: gt=(-0.13, 0.04, -0.03) vslam=(3.42, -4.37, -3.27) error=6.521m max_error=10.958m (n=715)
[INFO] [1788526657.984659719] [vslam_compare]: gt=(-0.14, 0.04, -0.04) vslam=(3.42, -4.37, -3.27) error=6.522m max_error=10.958m (n=716)
[INFO] [1788526658.984877441] [vslam_compare]: gt=(-0.14, 0.05, -0.04) vslam=(3.42, -4.37, -3.27) error=6.529m max_error=10.958m (n=717)
[INFO] [1788526659.984962119] [vslam_compare]: gt=(-0.15, 0.04, -0.04) vslam=(3.42, -4.37, -3.27) error=6.524m max_error=10.958m (n=718)
[INFO] [1788526660.984684260] [vslam_compare]: gt=(-0.15, 0.04, -0.04) vslam=(3.42, -4.37, -3.27) error=6.528m max_error=10.958m (n=719)
[INFO] [1788526661.984706752] [vslam_compare]: gt=(-0.16, 0.06, -0.03) vslam=(3.42, -4.37, -3.27) error=6.547m max_error=10.958m (n=720)
[INFO] [1788526662.984784210] [vslam_compare]: gt=(-0.16, 0.05, -0.03) vslam=(3.42, -4.37, -3.27) error=6.540m max_error=10.958m (n=721)
[INFO] [1788526663.984933564] [vslam_compare]: gt=(-0.16, 0.05, -0.03) vslam=(3.42, -4.37, -3.27) error=6.541m max_error=10.958m (n=722)
[INFO] [1788526664.984888473] [vslam_compare]: gt=(-0.16, 0.05, -0.02) vslam=(3.42, -4.37, -3.27) error=6.548m max_error=10.958m (n=723)
[INFO] [1788526665.984637763] [vslam_compare]: gt=(-0.15, 0.05, -0.02) vslam=(3.42, -4.37, -3.27) error=6.544m max_error=10.958m (n=724)
[INFO] [1788526666.984999664] [vslam_compare]: gt=(-0.15, 0.06, -0.01) vslam=(3.42, -4.37, -3.27) error=6.552m max_error=10.958m (n=725)
[INFO] [1788526667.985026747] [vslam_compare]: gt=(-0.15, 0.06, -0.01) vslam=(3.42, -4.37, -3.27) error=6.557m max_error=10.958m (n=726)
[INFO] [1788526668.984809711] [vslam_compare]: gt=(-0.17, 0.06, -0.0) vslam=(3.42, -4.37, -3.27) error=6.565m max_error=10.958m (n=727)
[INFO] [1788526669.984658962] [vslam_compare]: gt=(-0.17, 0.07, -0.0) vslam=(3.42, -4.37, -3.27) error=6.575m max_error=10.958m (n=728)
[INFO] [1788526670.984597131] [vslam_compare]: gt=(-0.16, 0.07, -0.01) vslam=(3.42, -4.37, -3.27) error=6.563m max_error=10.958m (n=729)
[INFO] [1788526671.984989235] [vslam_compare]: gt=(-0.14, 0.04, -0.02) vslam=(3.42, -4.37, -3.27) error=6.536m max_error=10.958m (n=730)
[INFO] [1788526672.985149353] [vslam_compare]: gt=(-0.15, 0.02, -0.01) vslam=(3.42, -4.37, -3.27) error=6.524m max_error=10.958m (n=731)
[INFO] [1788526673.984774843] [vslam_compare]: gt=(-0.15, 0.02, -0.01) vslam=(3.42, -4.37, -3.27) error=6.528m max_error=10.958m (n=732)
[INFO] [1788526674.984580339] [vslam_compare]: gt=(-0.14, 0.05, -0.01) vslam=(3.42, -4.37, -3.27) error=6.541m max_error=10.958m (n=733)
[INFO] [1788526675.985026788] [vslam_compare]: gt=(-0.14, 0.06, -0.01) vslam=(3.42, -4.37, -3.27) error=6.553m max_error=10.958m (n=734)
[INFO] [1788526676.984668237] [vslam_compare]: gt=(-0.16, 0.05, -0.01) vslam=(3.42, -4.37, -3.27) error=6.552m max_error=10.958m (n=735)
[INFO] [1788526677.984870449] [vslam_compare]: gt=(-0.18, 0.04, -0.02) vslam=(3.42, -4.37, -3.27) error=6.552m max_error=10.958m (n=736)
[INFO] [1788526678.984582285] [vslam_compare]: gt=(-0.17, 0.03, -0.02) vslam=(3.42, -4.37, -3.27) error=6.542m max_error=10.958m (n=737)
[INFO] [1788526679.984555579] [vslam_compare]: gt=(-0.16, 0.03, -0.01) vslam=(3.42, -4.37, -3.27) error=6.538m max_error=10.958m (n=738)
[INFO] [1788526680.984982787] [vslam_compare]: gt=(-0.15, 0.02, -0.01) vslam=(3.42, -4.37, -3.27) error=6.524m max_error=10.958m (n=739)
[INFO] [1788526681.984777255] [vslam_compare]: gt=(-0.15, 0.0, -0.01) vslam=(3.42, -4.37, -3.27) error=6.517m max_error=10.958m (n=740)
[INFO] [1788526682.984854120] [vslam_compare]: gt=(-0.16, -0.01, -0.0) vslam=(3.42, -4.37, -3.27) error=6.516m max_error=10.958m (n=741)
[INFO] [1788526683.984869594] [vslam_compare]: gt=(-0.17, -0.01, -0.0) vslam=(3.42, -4.37, -3.27) error=6.526m max_error=10.958m (n=742)
[INFO] [1788526684.985191158] [vslam_compare]: gt=(-0.18, 0.01, -0.0) vslam=(3.42, -4.37, -3.27) error=6.535m max_error=10.958m (n=743)
[INFO] [1788526685.985019610] [vslam_compare]: gt=(-0.17, 0.03, 0.0) vslam=(3.42, -4.37, -3.27) error=6.549m max_error=10.958m (n=744)
[INFO] [1788526686.985228461] [vslam_compare]: gt=(-0.17, 0.03, -0.01) vslam=(3.42, -4.37, -3.27) error=6.544m max_error=10.958m (n=745)
[INFO] [1788526687.984716327] [vslam_compare]: gt=(-0.15, 0.02, -0.01) vslam=(3.42, -4.37, -3.27) error=6.531m max_error=10.958m (n=746)
[INFO] [1788526688.984560497] [vslam_compare]: gt=(-0.14, 0.02, -0.01) vslam=(3.42, -4.37, -3.27) error=6.519m max_error=10.958m (n=747)
[INFO] [1788526689.984661285] [vslam_compare]: gt=(-0.14, 0.02, -0.01) vslam=(3.42, -4.37, -3.27) error=6.524m max_error=10.958m (n=748)
[INFO] [1788526690.984809804] [vslam_compare]: gt=(-0.15, 0.03, 0.0) vslam=(3.42, -4.37, -3.27) error=6.537m max_error=10.958m (n=749)
[INFO] [1788526691.985508946] [vslam_compare]: gt=(-0.15, 0.04, 0.01) vslam=(3.42, -4.37, -3.27) error=6.553m max_error=10.958m (n=750)
[INFO] [1788526692.984832631] [vslam_compare]: gt=(-0.15, 0.04, 0.02) vslam=(3.42, -4.37, -3.27) error=6.554m max_error=10.958m (n=751)
[INFO] [1788526693.984678957] [vslam_compare]: gt=(-0.16, 0.04, 0.02) vslam=(3.42, -4.37, -3.27) error=6.560m max_error=10.958m (n=752)
[INFO] [1788526694.984870866] [vslam_compare]: gt=(-0.17, 0.03, 0.01) vslam=(3.42, -4.37, -3.27) error=6.553m max_error=10.958m (n=753)
[INFO] [1788526695.985151252] [vslam_compare]: gt=(-0.17, -0.0, 0.0) vslam=(3.42, -4.37, -3.27) error=6.530m max_error=10.958m (n=754)
[INFO] [1788526696.984633169] [vslam_compare]: gt=(-0.16, 0.0, 0.0) vslam=(3.42, -4.37, -3.27) error=6.528m max_error=10.958m (n=755)
[INFO] [1788526697.984905454] [vslam_compare]: gt=(-0.16, 0.02, 0.01) vslam=(3.42, -4.37, -3.27) error=6.545m max_error=10.958m (n=756)
[INFO] [1788526698.984913922] [vslam_compare]: gt=(-0.16, 0.02, 0.02) vslam=(3.42, -4.37, -3.27) error=6.545m max_error=10.958m (n=757)
[INFO] [1788526699.984959921] [vslam_compare]: gt=(-0.16, 0.02, 0.02) vslam=(3.42, -4.37, -3.27) error=6.550m max_error=10.958m (n=758)
[INFO] [1788526700.984816071] [vslam_compare]: gt=(-0.16, 0.03, 0.02) vslam=(3.42, -4.37, -3.27) error=6.557m max_error=10.958m (n=759)
[INFO] [1788526701.984814937] [vslam_compare]: gt=(-0.17, 0.04, 0.02) vslam=(3.42, -4.37, -3.27) error=6.563m max_error=10.958m (n=760)
[INFO] [1788526702.985122476] [vslam_compare]: gt=(-0.15, 0.04, 0.01) vslam=(3.42, -4.37, -3.27) error=6.551m max_error=10.958m (n=761)
[INFO] [1788526703.984962702] [vslam_compare]: gt=(-0.15, 0.05, 0.01) vslam=(3.42, -4.37, -3.27) error=6.555m max_error=10.958m (n=762)
[INFO] [1788526704.985116642] [vslam_compare]: gt=(-0.15, 0.05, 0.01) vslam=(3.42, -4.37, -3.27) error=6.554m max_error=10.958m (n=763)
[INFO] [1788526705.984883846] [vslam_compare]: gt=(-0.14, 0.04, 0.01) vslam=(3.42, -4.37, -3.27) error=6.549m max_error=10.958m (n=764)
[INFO] [1788526706.984784970] [vslam_compare]: gt=(-0.15, 0.05, 0.01) vslam=(3.42, -4.37, -3.27) error=6.555m max_error=10.958m (n=765)
[INFO] [1788526707.984826617] [vslam_compare]: gt=(-0.15, 0.05, 0.0) vslam=(3.42, -4.37, -3.27) error=6.554m max_error=10.958m (n=766)
[INFO] [1788526708.984592914] [vslam_compare]: gt=(-0.15, 0.05, -0.01) vslam=(3.42, -4.37, -3.27) error=6.545m max_error=10.958m (n=767)
[INFO] [1788526709.985050826] [vslam_compare]: gt=(-0.15, 0.04, -0.0) vslam=(3.42, -4.37, -3.27) error=6.545m max_error=10.958m (n=768)
[INFO] [1788526710.984870245] [vslam_compare]: gt=(-0.14, 0.04, 0.0) vslam=(3.42, -4.37, -3.27) error=6.543m max_error=10.958m (n=769)
[INFO] [1788526711.984832681] [vslam_compare]: gt=(-0.14, 0.04, 0.01) vslam=(3.42, -4.37, -3.27) error=6.549m max_error=10.958m (n=770)
[INFO] [1788526712.984772657] [vslam_compare]: gt=(-0.15, 0.04, 0.02) vslam=(3.42, -4.37, -3.27) error=6.551m max_error=10.958m (n=771)
[INFO] [1788526713.985123546] [vslam_compare]: gt=(-0.14, 0.04, 0.02) vslam=(3.42, -4.37, -3.27) error=6.546m max_error=10.958m (n=772)
[INFO] [1788526714.985001460] [vslam_compare]: gt=(-0.13, 0.04, 0.01) vslam=(3.42, -4.37, -3.27) error=6.540m max_error=10.958m (n=773)
[INFO] [1788526715.984760394] [vslam_compare]: gt=(-0.15, 0.04, 0.01) vslam=(3.42, -4.37, -3.27) error=6.546m max_error=10.958m (n=774)
[INFO] [1788526716.984814377] [vslam_compare]: gt=(-0.16, 0.04, 0.01) vslam=(3.42, -4.37, -3.27) error=6.553m max_error=10.958m (n=775)
[INFO] [1788526717.984799433] [vslam_compare]: gt=(-0.17, 0.04, 0.01) vslam=(3.42, -4.37, -3.27) error=6.558m max_error=10.958m (n=776)
[INFO] [1788526718.984935360] [vslam_compare]: gt=(-0.16, 0.04, 0.01) vslam=(3.42, -4.37, -3.27) error=6.552m max_error=10.958m (n=777)
[INFO] [1788526719.985352931] [vslam_compare]: gt=(-0.16, 0.02, 0.01) vslam=(3.42, -4.37, -3.27) error=6.541m max_error=10.958m (n=778)
[INFO] [1788526720.984609870] [vslam_compare]: gt=(-0.18, 0.02, 0.01) vslam=(3.42, -4.37, -3.27) error=6.549m max_error=10.958m (n=779)
[INFO] [1788526721.984845876] [vslam_compare]: gt=(-0.18, 0.03, 0.01) vslam=(3.42, -4.37, -3.27) error=6.561m max_error=10.958m (n=780)
[INFO] [1788526722.984633061] [vslam_compare]: gt=(-0.18, 0.04, 0.01) vslam=(3.42, -4.37, -3.27) error=6.563m max_error=10.958m (n=781)
[INFO] [1788526723.984988471] [vslam_compare]: gt=(-0.17, 0.04, 0.01) vslam=(3.42, -4.37, -3.27) error=6.560m max_error=10.958m (n=782)
[INFO] [1788526724.984826923] [vslam_compare]: gt=(-0.16, 0.05, 0.01) vslam=(3.42, -4.37, -3.27) error=6.559m max_error=10.958m (n=783)
[INFO] [1788526725.984920348] [vslam_compare]: gt=(-0.14, 0.05, 0.0) vslam=(3.42, -4.37, -3.27) error=6.547m max_error=10.958m (n=784)
[INFO] [1788526726.985194310] [vslam_compare]: gt=(-0.13, 0.05, -0.0) vslam=(3.42, -4.37, -3.27) error=6.540m max_error=10.958m (n=785)
[INFO] [1788526727.984943379] [vslam_compare]: gt=(-0.14, 0.05, -0.01) vslam=(3.42, -4.37, -3.27) error=6.538m max_error=10.958m (n=786)
[INFO] [1788526728.984822319] [vslam_compare]: gt=(-0.16, 0.04, -0.03) vslam=(3.42, -4.37, -3.27) error=6.535m max_error=10.958m (n=787)
[INFO] [1788526729.984975489] [vslam_compare]: gt=(-0.16, 0.04, -0.03) vslam=(3.42, -4.37, -3.27) error=6.535m max_error=10.958m (n=788)
[INFO] [1788526730.985043211] [vslam_compare]: gt=(-0.16, 0.04, -0.04) vslam=(3.42, -4.37, -3.27) error=6.527m max_error=10.958m (n=789)
[INFO] [1788526731.984844950] [vslam_compare]: gt=(-0.17, 0.05, -0.04) vslam=(3.42, -4.37, -3.27) error=6.542m max_error=10.958m (n=790)
[INFO] [1788526732.984860156] [vslam_compare]: gt=(-0.17, 0.06, -0.03) vslam=(3.42, -4.37, -3.27) error=6.554m max_error=10.958m (n=791)
[INFO] [1788526733.984907652] [vslam_compare]: gt=(-0.15, 0.05, -0.02) vslam=(3.42, -4.37, -3.27) error=6.548m max_error=10.958m (n=792)
[INFO] [1788526734.984775836] [vslam_compare]: gt=(-0.15, 0.06, -0.02) vslam=(3.42, -4.37, -3.27) error=6.549m max_error=10.958m (n=793)
[INFO] [1788526735.984647558] [vslam_compare]: gt=(-0.15, 0.06, -0.01) vslam=(3.42, -4.37, -3.27) error=6.553m max_error=10.958m (n=794)
[INFO] [1788526736.984568501] [vslam_compare]: gt=(-0.14, 0.05, -0.02) vslam=(3.42, -4.37, -3.27) error=6.536m max_error=10.958m (n=795)
[INFO] [1788526737.984742764] [vslam_compare]: gt=(-0.14, 0.04, -0.01) vslam=(3.42, -4.37, -3.27) error=6.536m max_error=10.958m (n=796)
[INFO] [1788526738.984932427] [vslam_compare]: gt=(-0.13, 0.04, 0.0) vslam=(3.42, -4.37, -3.27) error=6.533m max_error=10.958m (n=797)
[INFO] [1788526739.985313143] [vslam_compare]: gt=(-0.14, 0.02, -0.0) vslam=(3.42, -4.37, -3.27) error=6.525m max_error=10.958m (n=798)
[INFO] [1788526740.984669451] [vslam_compare]: gt=(-0.16, 0.01, -0.01) vslam=(3.42, -4.37, -3.27) error=6.525m max_error=10.958m (n=799)
[INFO] [1788526741.984809883] [vslam_compare]: gt=(-0.17, 0.02, -0.02) vslam=(3.42, -4.37, -3.27) error=6.537m max_error=10.958m (n=800)
[INFO] [1788526742.985025284] [vslam_compare]: gt=(-0.18, 0.04, -0.03) vslam=(3.42, -4.37, -3.27) error=6.543m max_error=10.958m (n=801)
[INFO] [1788526743.984932844] [vslam_compare]: gt=(-0.17, 0.05, -0.03) vslam=(3.42, -4.37, -3.27) error=6.550m max_error=10.958m (n=802)
[INFO] [1788526744.984942093] [vslam_compare]: gt=(-0.16, 0.06, -0.02) vslam=(3.42, -4.37, -3.27) error=6.553m max_error=10.958m (n=803)
[INFO] [1788526745.984711888] [vslam_compare]: gt=(-0.16, 0.05, -0.01) vslam=(3.42, -4.37, -3.27) error=6.550m max_error=10.958m (n=804)
[INFO] [1788526746.984853142] [vslam_compare]: gt=(-0.16, 0.05, 0.01) vslam=(3.42, -4.37, -3.27) error=6.561m max_error=10.958m (n=805)
[INFO] [1788526747.984820855] [vslam_compare]: gt=(-0.17, 0.05, 0.02) vslam=(3.42, -4.37, -3.27) error=6.569m max_error=10.958m (n=806)
[INFO] [1788526748.984975704] [vslam_compare]: gt=(-0.15, 0.05, 0.02) vslam=(3.42, -4.37, -3.27) error=6.562m max_error=10.958m (n=807)
[INFO] [1788526749.984922507] [vslam_compare]: gt=(-0.15, 0.05, 0.01) vslam=(3.42, -4.37, -3.27) error=6.559m max_error=10.958m (n=808)
[INFO] [1788526750.984786176] [vslam_compare]: gt=(-0.16, 0.05, 0.01) vslam=(3.42, -4.37, -3.27) error=6.561m max_error=10.958m (n=809)
[INFO] [1788526751.984635389] [vslam_compare]: gt=(-0.17, 0.03, 0.01) vslam=(3.42, -4.37, -3.27) error=6.553m max_error=10.958m (n=810)
[INFO] [1788526752.984820554] [vslam_compare]: gt=(-0.18, 0.02, 0.01) vslam=(3.42, -4.37, -3.27) error=6.555m max_error=10.958m (n=811)
[INFO] [1788526753.984906073] [vslam_compare]: gt=(-0.19, 0.02, -0.0) vslam=(3.42, -4.37, -3.27) error=6.548m max_error=10.958m (n=812)
[INFO] [1788526754.985075539] [vslam_compare]: gt=(-0.18, 0.01, -0.0) vslam=(3.42, -4.37, -3.27) error=6.544m max_error=10.958m (n=813)
[INFO] [1788526755.984997295] [vslam_compare]: gt=(-0.18, 0.03, 0.0) vslam=(3.42, -4.37, -3.27) error=6.556m max_error=10.958m (n=814)
[INFO] [1788526756.984833612] [vslam_compare]: gt=(-0.18, 0.04, 0.01) vslam=(3.42, -4.37, -3.27) error=6.568m max_error=10.958m (n=815)
[INFO] [1788526757.984774051] [vslam_compare]: gt=(-0.17, 0.04, 0.01) vslam=(3.42, -4.37, -3.27) error=6.565m max_error=10.958m (n=816)
[INFO] [1788526758.984825597] [vslam_compare]: gt=(-0.17, 0.04, 0.01) vslam=(3.42, -4.37, -3.27) error=6.556m max_error=10.958m (n=817)
[INFO] [1788526759.984744956] [vslam_compare]: gt=(-0.16, 0.03, 0.01) vslam=(3.42, -4.37, -3.27) error=6.551m max_error=10.958m (n=818)
[INFO] [1788526760.984734566] [vslam_compare]: gt=(-0.15, 0.02, 0.02) vslam=(3.42, -4.37, -3.27) error=6.541m max_error=10.958m (n=819)
[INFO] [1788526761.984781982] [vslam_compare]: gt=(-0.15, 0.03, 0.03) vslam=(3.42, -4.37, -3.27) error=6.554m max_error=10.958m (n=820)
[INFO] [1788526762.984910308] [vslam_compare]: gt=(-0.15, 0.05, 0.03) vslam=(3.42, -4.37, -3.27) error=6.569m max_error=10.958m (n=821)
[INFO] [1788526763.984565265] [vslam_compare]: gt=(-0.14, 0.05, 0.03) vslam=(3.42, -4.37, -3.27) error=6.567m max_error=10.958m (n=822)
[INFO] [1788526764.984623079] [vslam_compare]: gt=(-0.14, 0.05, 0.03) vslam=(3.42, -4.37, -3.27) error=6.557m max_error=10.958m (n=823)
[INFO] [1788526765.984983974] [vslam_compare]: gt=(-0.13, 0.04, 0.02) vslam=(3.42, -4.37, -3.27) error=6.545m max_error=10.958m (n=824)
[INFO] [1788526766.984796652] [vslam_compare]: gt=(-0.14, 0.02, 0.01) vslam=(3.42, -4.37, -3.27) error=6.532m max_error=10.958m (n=825)
[INFO] [1788526767.984914585] [vslam_compare]: gt=(-0.16, 0.02, -0.01) vslam=(3.42, -4.37, -3.27) error=6.534m max_error=10.958m (n=826)
[INFO] [1788526768.984916332] [vslam_compare]: gt=(-0.16, 0.03, -0.01) vslam=(3.42, -4.37, -3.27) error=6.541m max_error=10.958m (n=827)
[INFO] [1788526769.984763782] [vslam_compare]: gt=(-0.16, 0.03, -0.01) vslam=(3.42, -4.37, -3.27) error=6.542m max_error=10.958m (n=828)
[INFO] [1788526770.984623734] [vslam_compare]: gt=(-0.16, 0.03, 0.0) vslam=(3.42, -4.37, -3.27) error=6.547m max_error=10.958m (n=829)
[INFO] [1788526771.985044565] [vslam_compare]: gt=(-0.15, 0.02, 0.0) vslam=(3.42, -4.37, -3.27) error=6.537m max_error=10.958m (n=830)
[INFO] [1788526772.984973093] [vslam_compare]: gt=(-0.16, 0.02, 0.01) vslam=(3.42, -4.37, -3.27) error=6.541m max_error=10.958m (n=831)
[INFO] [1788526773.985316870] [vslam_compare]: gt=(-0.17, 0.01, 0.02) vslam=(3.42, -4.37, -3.27) error=6.551m max_error=10.958m (n=832)
[INFO] [1788526774.984942203] [vslam_compare]: gt=(-0.18, 0.0, 0.03) vslam=(3.42, -4.37, -3.27) error=6.551m max_error=10.958m (n=833)
[INFO] [1788526775.984658133] [vslam_compare]: gt=(-0.18, 0.0, 0.03) vslam=(3.42, -4.37, -3.27) error=6.551m max_error=10.958m (n=834)
[INFO] [1788526776.985354301] [vslam_compare]: gt=(-0.18, 0.01, 0.02) vslam=(3.42, -4.37, -3.27) error=6.549m max_error=10.958m (n=835)
[INFO] [1788526777.984645551] [vslam_compare]: gt=(-0.19, 0.02, 0.02) vslam=(3.42, -4.37, -3.27) error=6.560m max_error=10.958m (n=836)
[INFO] [1788526778.984720424] [vslam_compare]: gt=(-0.18, 0.02, 0.01) vslam=(3.42, -4.37, -3.27) error=6.553m max_error=10.958m (n=837)
[INFO] [1788526779.985174740] [vslam_compare]: gt=(-0.19, 0.01, 0.0) vslam=(3.42, -4.37, -3.27) error=6.549m max_error=10.958m (n=838)
[INFO] [1788526780.984944194] [vslam_compare]: gt=(-0.19, -0.0, -0.0) vslam=(3.42, -4.37, -3.27) error=6.537m max_error=10.958m (n=839)
[INFO] [1788526781.984953040] [vslam_compare]: gt=(-0.18, -0.0, 0.0) vslam=(3.42, -4.37, -3.27) error=6.537m max_error=10.958m (n=840)
[INFO] [1788526782.984786821] [vslam_compare]: gt=(-0.16, 0.01, 0.01) vslam=(3.42, -4.37, -3.27) error=6.538m max_error=10.958m (n=841)
[INFO] [1788526783.984791938] [vslam_compare]: gt=(-0.15, 0.02, 0.01) vslam=(3.42, -4.37, -3.27) error=6.539m max_error=10.958m (n=842)
[INFO] [1788526784.984714070] [vslam_compare]: gt=(-0.13, 0.03, 0.01) vslam=(3.42, -4.37, -3.27) error=6.531m max_error=10.958m (n=843)
[INFO] [1788526785.985014783] [vslam_compare]: gt=(-0.12, 0.03, 0.01) vslam=(3.42, -4.37, -3.27) error=6.530m max_error=10.958m (n=844)
[INFO] [1788526786.984851364] [vslam_compare]: gt=(-0.12, 0.04, 0.02) vslam=(3.42, -4.37, -3.27) error=6.545m max_error=10.958m (n=845)
[INFO] [1788526787.984867967] [vslam_compare]: gt=(-0.14, 0.04, 0.03) vslam=(3.42, -4.37, -3.27) error=6.556m max_error=10.958m (n=846)
[INFO] [1788526788.984740261] [vslam_compare]: gt=(-0.14, 0.03, 0.03) vslam=(3.42, -4.37, -3.27) error=6.554m max_error=10.958m (n=847)
[INFO] [1788526789.984958385] [vslam_compare]: gt=(-0.15, 0.04, 0.03) vslam=(3.42, -4.37, -3.27) error=6.560m max_error=10.958m (n=848)
[INFO] [1788526790.984823753] [vslam_compare]: gt=(-0.16, 0.02, 0.03) vslam=(3.42, -4.37, -3.27) error=6.554m max_error=10.958m (n=849)
[INFO] [1788526791.984694128] [vslam_compare]: gt=(-0.15, 0.02, 0.02) vslam=(3.42, -4.37, -3.27) error=6.546m max_error=10.958m (n=850)
[INFO] [1788526792.984785031] [vslam_compare]: gt=(-0.16, 0.01, 0.01) vslam=(3.42, -4.37, -3.27) error=6.538m max_error=10.958m (n=851)
[INFO] [1788526793.985045007] [vslam_compare]: gt=(-0.16, 0.03, 0.01) vslam=(3.42, -4.37, -3.27) error=6.548m max_error=10.958m (n=852)
[INFO] [1788526794.984711159] [vslam_compare]: gt=(-0.17, 0.03, 0.01) vslam=(3.42, -4.37, -3.27) error=6.551m max_error=10.958m (n=853)
[INFO] [1788526795.984901191] [vslam_compare]: gt=(-0.16, 0.05, -0.0) vslam=(3.42, -4.37, -3.27) error=6.553m max_error=10.958m (n=854)
[INFO] [1788526796.984704533] [vslam_compare]: gt=(-0.15, 0.04, 0.01) vslam=(3.42, -4.37, -3.27) error=6.550m max_error=10.958m (n=855)
[INFO] [1788526797.984788906] [vslam_compare]: gt=(-0.15, 0.04, 0.01) vslam=(3.42, -4.37, -3.27) error=6.549m max_error=10.958m (n=856)
[INFO] [1788526798.985047620] [vslam_compare]: gt=(-0.14, 0.04, 0.0) vslam=(3.42, -4.37, -3.27) error=6.537m max_error=10.958m (n=857)
[INFO] [1788526799.984724994] [vslam_compare]: gt=(-0.14, 0.03, 0.0) vslam=(3.42, -4.37, -3.27) error=6.536m max_error=10.958m (n=858)
[INFO] [1788526800.984806846] [vslam_compare]: gt=(-0.14, 0.02, 0.01) vslam=(3.42, -4.37, -3.27) error=6.535m max_error=10.958m (n=859)
[INFO] [1788526801.984970128] [vslam_compare]: gt=(-0.15, 0.03, 0.01) vslam=(3.42, -4.37, -3.27) error=6.541m max_error=10.958m (n=860)
[INFO] [1788526802.984849711] [vslam_compare]: gt=(-0.15, 0.02, 0.01) vslam=(3.42, -4.37, -3.27) error=6.542m max_error=10.958m (n=861)
[INFO] [1788526803.984703315] [vslam_compare]: gt=(-0.16, 0.02, 0.02) vslam=(3.42, -4.37, -3.27) error=6.547m max_error=10.958m (n=862)
[INFO] [1788526804.985078754] [vslam_compare]: gt=(-0.15, 0.02, 0.02) vslam=(3.42, -4.37, -3.27) error=6.542m max_error=10.958m (n=863)
[INFO] [1788526805.984866772] [vslam_compare]: gt=(-0.14, 0.02, 0.02) vslam=(3.42, -4.37, -3.27) error=6.540m max_error=10.958m (n=864)
[INFO] [1788526806.984717754] [vslam_compare]: gt=(-0.13, 0.02, 0.02) vslam=(3.42, -4.37, -3.27) error=6.532m max_error=10.958m (n=865)
[INFO] [1788526807.985213350] [vslam_compare]: gt=(-0.13, 0.01, 0.01) vslam=(3.42, -4.37, -3.27) error=6.521m max_error=10.958m (n=866)
[INFO] [1788526808.984813132] [vslam_compare]: gt=(-0.14, 0.03, 0.01) vslam=(3.42, -4.37, -3.27) error=6.531m max_error=10.958m (n=867)
[INFO] [1788526809.984751500] [vslam_compare]: gt=(-0.16, 0.04, 0.01) vslam=(3.42, -4.37, -3.27) error=6.552m max_error=10.958m (n=868)
[INFO] [1788526810.985044073] [vslam_compare]: gt=(-0.16, 0.05, -0.01) vslam=(3.42, -4.37, -3.27) error=6.550m max_error=10.958m (n=869)
[INFO] [1788526811.984760796] [vslam_compare]: gt=(-0.16, 0.05, -0.01) vslam=(3.42, -4.37, -3.27) error=6.558m max_error=10.958m (n=870)
[INFO] [1788526812.984911020] [vslam_compare]: gt=(-0.17, 0.04, -0.02) vslam=(3.42, -4.37, -3.27) error=6.548m max_error=10.958m (n=871)
[INFO] [1788526813.984896056] [vslam_compare]: gt=(-0.16, 0.05, -0.02) vslam=(3.42, -4.37, -3.27) error=6.544m max_error=10.958m (n=872)
[INFO] [1788526814.984987146] [vslam_compare]: gt=(-0.16, 0.04, -0.02) vslam=(3.42, -4.37, -3.27) error=6.544m max_error=10.958m (n=873)
[INFO] [1788526815.984886238] [vslam_compare]: gt=(-0.17, 0.04, -0.02) vslam=(3.42, -4.36, -3.27) error=6.549m max_error=10.958m (n=874)
[INFO] [1788526816.984636391] [vslam_compare]: gt=(-0.16, 0.03, -0.02) vslam=(3.42, -4.36, -3.27) error=6.536m max_error=10.958m (n=875)
[INFO] [1788526817.984768811] [vslam_compare]: gt=(-0.16, 0.02, -0.01) vslam=(3.42, -4.36, -3.27) error=6.533m max_error=10.958m (n=876)
[INFO] [1788526818.984824706] [vslam_compare]: gt=(-0.16, 0.01, -0.0) vslam=(3.42, -4.36, -3.27) error=6.525m max_error=10.958m (n=877)
[INFO] [1788526819.984914362] [vslam_compare]: gt=(-0.16, 0.01, -0.0) vslam=(3.42, -4.36, -3.27) error=6.529m max_error=10.958m (n=878)
[INFO] [1788526820.984701043] [vslam_compare]: gt=(-0.15, 0.02, -0.0) vslam=(3.42, -4.36, -3.27) error=6.530m max_error=10.958m (n=879)
[INFO] [1788526821.984675610] [vslam_compare]: gt=(-0.14, 0.03, 0.01) vslam=(3.42, -4.36, -3.27) error=6.535m max_error=10.958m (n=880)
[INFO] [1788526822.984904527] [vslam_compare]: gt=(-0.15, 0.04, 0.01) vslam=(3.42, -4.36, -3.27) error=6.554m max_error=10.958m (n=881)
[INFO] [1788526823.985420934] [vslam_compare]: gt=(-0.16, 0.04, 0.02) vslam=(3.42, -4.36, -3.27) error=6.558m max_error=10.958m (n=882)
[INFO] [1788526824.985000992] [vslam_compare]: gt=(-0.16, 0.03, 0.01) vslam=(3.42, -4.36, -3.27) error=6.551m max_error=10.958m (n=883)
[INFO] [1788526825.984787540] [vslam_compare]: gt=(-0.17, 0.03, 0.01) vslam=(3.42, -4.36, -3.27) error=6.555m max_error=10.958m (n=884)
[INFO] [1788526826.984767213] [vslam_compare]: gt=(-0.17, 0.03, 0.01) vslam=(3.42, -4.36, -3.27) error=6.553m max_error=10.958m (n=885)
[INFO] [1788526827.984937929] [vslam_compare]: gt=(-0.17, 0.03, 0.01) vslam=(3.42, -4.36, -3.27) error=6.559m max_error=10.958m (n=886)
[INFO] [1788526828.984710303] [vslam_compare]: gt=(-0.18, 0.01, 0.03) vslam=(3.42, -4.36, -3.27) error=6.561m max_error=10.958m (n=887)
[INFO] [1788526829.984611563] [vslam_compare]: gt=(-0.19, 0.01, 0.02) vslam=(3.42, -4.36, -3.27) error=6.558m max_error=10.958m (n=888)
[INFO] [1788526830.984962935] [vslam_compare]: gt=(-0.18, 0.02, 0.02) vslam=(3.42, -4.36, -3.27) error=6.556m max_error=10.958m (n=889)
[INFO] [1788526831.985277737] [vslam_compare]: gt=(-0.16, 0.04, 0.01) vslam=(3.42, -4.36, -3.27) error=6.558m max_error=10.958m (n=890)
[INFO] [1788526832.984678831] [vslam_compare]: gt=(-0.16, 0.05, 0.01) vslam=(3.42, -4.36, -3.27) error=6.561m max_error=10.958m (n=891)
[INFO] [1788526833.984786272] [vslam_compare]: gt=(-0.16, 0.04, 0.02) vslam=(3.42, -4.36, -3.27) error=6.564m max_error=10.958m (n=892)
[INFO] [1788526834.985137974] [vslam_compare]: gt=(-0.17, 0.04, 0.02) vslam=(3.42, -4.36, -3.27) error=6.568m max_error=10.958m (n=893)
[INFO] [1788526835.984746253] [vslam_compare]: gt=(-0.19, 0.04, 0.01) vslam=(3.42, -4.36, -3.27) error=6.569m max_error=10.958m (n=894)
[INFO] [1788526836.984868754] [vslam_compare]: gt=(-0.17, 0.03, 0.0) vslam=(3.42, -4.36, -3.27) error=6.552m max_error=10.958m (n=895)
[INFO] [1788526837.985152170] [vslam_compare]: gt=(-0.16, 0.03, 0.01) vslam=(3.42, -4.36, -3.27) error=6.551m max_error=10.958m (n=896)
[INFO] [1788526838.985000356] [vslam_compare]: gt=(-0.16, 0.04, 0.01) vslam=(3.42, -4.36, -3.27) error=6.553m max_error=10.958m (n=897)
[INFO] [1788526839.984977278] [vslam_compare]: gt=(-0.15, 0.05, 0.0) vslam=(3.42, -4.36, -3.27) error=6.550m max_error=10.958m (n=898)
[INFO] [1788526840.985613099] [vslam_compare]: gt=(-0.16, 0.05, -0.0) vslam=(3.42, -4.36, -3.27) error=6.559m max_error=10.958m (n=899)
[INFO] [1788526841.984819525] [vslam_compare]: gt=(-0.16, 0.05, 0.01) vslam=(3.42, -4.36, -3.27) error=6.563m max_error=10.958m (n=900)
[INFO] [1788526842.984843454] [vslam_compare]: gt=(-0.17, 0.03, 0.01) vslam=(3.42, -4.36, -3.27) error=6.555m max_error=10.958m (n=901)
[INFO] [1788526843.985153952] [vslam_compare]: gt=(-0.19, 0.02, 0.01) vslam=(3.42, -4.36, -3.27) error=6.562m max_error=10.958m (n=902)
[INFO] [1788526844.984763627] [vslam_compare]: gt=(-0.2, 0.03, -0.0) vslam=(3.42, -4.36, -3.27) error=6.565m max_error=10.958m (n=903)
[INFO] [1788526845.984896389] [vslam_compare]: gt=(-0.19, 0.02, -0.01) vslam=(3.42, -4.36, -3.27) error=6.552m max_error=10.958m (n=904)
[INFO] [1788526846.984976200] [vslam_compare]: gt=(-0.17, 0.02, 0.0) vslam=(3.42, -4.36, -3.27) error=6.546m max_error=10.958m (n=905)
[INFO] [1788526847.984910928] [vslam_compare]: gt=(-0.16, 0.02, 0.0) vslam=(3.42, -4.36, -3.27) error=6.540m max_error=10.958m (n=906)
[INFO] [1788526848.985011811] [vslam_compare]: gt=(-0.17, 0.04, -0.01) vslam=(3.42, -4.36, -3.27) error=6.550m max_error=10.958m (n=907)
[INFO] [1788526849.984822433] [vslam_compare]: gt=(-0.18, 0.04, -0.01) vslam=(3.42, -4.36, -3.27) error=6.553m max_error=10.958m (n=908)
[INFO] [1788526850.984966930] [vslam_compare]: gt=(-0.17, 0.04, -0.03) vslam=(3.42, -4.36, -3.27) error=6.542m max_error=10.958m (n=909)
[INFO] [1788526851.984877901] [vslam_compare]: gt=(-0.17, 0.05, -0.04) vslam=(3.42, -4.36, -3.27) error=6.543m max_error=10.958m (n=910)
[INFO] [1788526852.984649520] [vslam_compare]: gt=(-0.16, 0.04, -0.04) vslam=(3.42, -4.36, -3.27) error=6.533m max_error=10.958m (n=911)
[INFO] [1788526853.984815517] [vslam_compare]: gt=(-0.15, 0.04, -0.04) vslam=(3.42, -4.36, -3.27) error=6.532m max_error=10.958m (n=912)
[INFO] [1788526854.984763176] [vslam_compare]: gt=(-0.15, 0.05, -0.04) vslam=(3.42, -4.36, -3.27) error=6.535m max_error=10.958m (n=913)
[INFO] [1788526855.984864667] [vslam_compare]: gt=(-0.15, 0.06, -0.03) vslam=(3.42, -4.36, -3.27) error=6.542m max_error=10.958m (n=914)
[INFO] [1788526856.984880085] [vslam_compare]: gt=(-0.14, 0.04, -0.01) vslam=(3.42, -4.36, -3.27) error=6.538m max_error=10.958m (n=915)
[INFO] [1788526857.984904155] [vslam_compare]: gt=(-0.13, 0.04, -0.02) vslam=(3.42, -4.36, -3.27) error=6.528m max_error=10.958m (n=916)
[INFO] [1788526858.984803641] [vslam_compare]: gt=(-0.13, 0.04, -0.02) vslam=(3.42, -4.36, -3.27) error=6.523m max_error=10.958m (n=917)
[INFO] [1788526859.984856507] [vslam_compare]: gt=(-0.13, 0.05, -0.03) vslam=(3.42, -4.36, -3.27) error=6.524m max_error=10.958m (n=918)
[INFO] [1788526860.984859819] [vslam_compare]: gt=(-0.13, 0.05, -0.04) vslam=(3.42, -4.36, -3.27) error=6.526m max_error=10.958m (n=919)
[INFO] [1788526861.984740468] [vslam_compare]: gt=(-0.14, 0.06, -0.04) vslam=(3.42, -4.36, -3.27) error=6.533m max_error=10.958m (n=920)
[INFO] [1788526862.984876599] [vslam_compare]: gt=(-0.13, 0.07, -0.04) vslam=(3.42, -4.36, -3.27) error=6.537m max_error=10.958m (n=921)
[INFO] [1788526863.984867156] [vslam_compare]: gt=(-0.13, 0.05, -0.03) vslam=(3.42, -4.36, -3.27) error=6.529m max_error=10.958m (n=922)
[INFO] [1788526864.984756270] [vslam_compare]: gt=(-0.14, 0.04, -0.03) vslam=(3.42, -4.36, -3.27) error=6.523m max_error=10.958m (n=923)
[INFO] [1788526865.984670197] [vslam_compare]: gt=(-0.15, 0.03, -0.03) vslam=(3.42, -4.36, -3.27) error=6.528m max_error=10.958m (n=924)
[INFO] [1788526866.984571788] [vslam_compare]: gt=(-0.16, 0.02, -0.02) vslam=(3.42, -4.36, -3.27) error=6.526m max_error=10.958m (n=925)
[INFO] [1788526867.984663498] [vslam_compare]: gt=(-0.16, 0.02, -0.02) vslam=(3.42, -4.36, -3.27) error=6.523m max_error=10.958m (n=926)
[INFO] [1788526868.984616065] [vslam_compare]: gt=(-0.16, 0.01, -0.01) vslam=(3.42, -4.36, -3.27) error=6.526m max_error=10.958m (n=927)
[INFO] [1788526869.984892510] [vslam_compare]: gt=(-0.17, 0.02, -0.0) vslam=(3.42, -4.36, -3.27) error=6.541m max_error=10.958m (n=928)
[INFO] [1788526870.984754331] [vslam_compare]: gt=(-0.16, 0.05, -0.01) vslam=(3.42, -4.36, -3.27) error=6.552m max_error=10.958m (n=929)
[INFO] [1788526871.984653889] [vslam_compare]: gt=(-0.16, 0.05, -0.02) vslam=(3.42, -4.36, -3.27) error=6.548m max_error=10.958m (n=930)
[INFO] [1788526872.985188141] [vslam_compare]: gt=(-0.17, 0.05, -0.02) vslam=(3.42, -4.36, -3.27) error=6.555m max_error=10.958m (n=931)
[INFO] [1788526873.984831936] [vslam_compare]: gt=(-0.17, 0.05, -0.01) vslam=(3.42, -4.36, -3.27) error=6.558m max_error=10.958m (n=932)
[INFO] [1788526874.985120885] [vslam_compare]: gt=(-0.15, 0.04, -0.01) vslam=(3.42, -4.36, -3.27) error=6.539m max_error=10.958m (n=933)
[INFO] [1788526875.984767428] [vslam_compare]: gt=(-0.16, 0.03, -0.01) vslam=(3.42, -4.36, -3.27) error=6.539m max_error=10.958m (n=934)
[INFO] [1788526876.984773313] [vslam_compare]: gt=(-0.16, 0.02, -0.0) vslam=(3.42, -4.36, -3.27) error=6.536m max_error=10.958m (n=935)
[INFO] [1788526877.984609530] [vslam_compare]: gt=(-0.16, 0.02, 0.01) vslam=(3.42, -4.36, -3.27) error=6.546m max_error=10.958m (n=936)
[INFO] [1788526878.984571125] [vslam_compare]: gt=(-0.17, 0.03, 0.02) vslam=(3.42, -4.36, -3.27) error=6.563m max_error=10.958m (n=937)
[INFO] [1788526879.984702021] [vslam_compare]: gt=(-0.17, 0.04, 0.02) vslam=(3.42, -4.36, -3.27) error=6.566m max_error=10.958m (n=938)
[INFO] [1788526880.984801334] [vslam_compare]: gt=(-0.15, 0.04, 0.01) vslam=(3.42, -4.36, -3.27) error=6.554m max_error=10.958m (n=939)
[INFO] [1788526881.984746487] [vslam_compare]: gt=(-0.15, 0.04, 0.01) vslam=(3.42, -4.36, -3.27) error=6.555m max_error=10.958m (n=940)
[INFO] [1788526882.984577283] [vslam_compare]: gt=(-0.15, 0.06, 0.02) vslam=(3.42, -4.36, -3.27) error=6.574m max_error=10.958m (n=941)
[INFO] [1788526883.984687784] [vslam_compare]: gt=(-0.16, 0.07, 0.02) vslam=(3.42, -4.36, -3.27) error=6.584m max_error=10.958m (n=942)
[INFO] [1788526884.984701372] [vslam_compare]: gt=(-0.17, 0.05, 0.01) vslam=(3.42, -4.36, -3.27) error=6.567m max_error=10.958m (n=943)
[INFO] [1788526885.985016374] [vslam_compare]: gt=(-0.17, 0.02, 0.0) vslam=(3.42, -4.36, -3.27) error=6.545m max_error=10.958m (n=944)
[INFO] [1788526886.984694380] [vslam_compare]: gt=(-0.16, 0.04, -0.01) vslam=(3.42, -4.36, -3.27) error=6.544m max_error=10.958m (n=945)
[INFO] [1788526887.984854116] [vslam_compare]: gt=(-0.16, 0.05, -0.02) vslam=(3.42, -4.36, -3.27) error=6.548m max_error=10.958m (n=946)
[INFO] [1788526888.984821591] [vslam_compare]: gt=(-0.17, 0.04, -0.02) vslam=(3.42, -4.36, -3.27) error=6.552m max_error=10.958m (n=947)
[INFO] [1788526889.984564305] [vslam_compare]: gt=(-0.18, 0.05, -0.02) vslam=(3.42, -4.36, -3.27) error=6.563m max_error=10.958m (n=948)
[INFO] [1788526890.984763852] [vslam_compare]: gt=(-0.19, 0.07, -0.02) vslam=(3.42, -4.36, -3.27) error=6.572m max_error=10.958m (n=949)
[INFO] [1788526891.984715074] [vslam_compare]: gt=(-0.17, 0.05, -0.03) vslam=(3.42, -4.36, -3.27) error=6.548m max_error=10.958m (n=950)
[INFO] [1788526892.984874108] [vslam_compare]: gt=(-0.17, 0.05, -0.02) vslam=(3.42, -4.36, -3.27) error=6.554m max_error=10.958m (n=951)
[INFO] [1788526893.984578112] [vslam_compare]: gt=(-0.17, 0.06, -0.01) vslam=(3.42, -4.36, -3.27) error=6.567m max_error=10.958m (n=952)
[INFO] [1788526894.984859043] [vslam_compare]: gt=(-0.17, 0.08, -0.01) vslam=(3.42, -4.36, -3.27) error=6.577m max_error=10.958m (n=953)
[INFO] [1788526895.984872473] [vslam_compare]: gt=(-0.17, 0.09, -0.01) vslam=(3.42, -4.36, -3.27) error=6.583m max_error=10.958m (n=954)
[INFO] [1788526896.984842689] [vslam_compare]: gt=(-0.15, 0.06, -0.0) vslam=(3.42, -4.36, -3.27) error=6.561m max_error=10.958m (n=955)
[INFO] [1788526897.984916632] [vslam_compare]: gt=(-0.13, 0.06, -0.01) vslam=(3.42, -4.36, -3.27) error=6.542m max_error=10.958m (n=956)
[INFO] [1788526898.984623510] [vslam_compare]: gt=(-0.12, 0.06, -0.0) vslam=(3.42, -4.36, -3.27) error=6.540m max_error=10.958m (n=957)
[INFO] [1788526899.984609201] [vslam_compare]: gt=(-0.14, 0.06, -0.01) vslam=(3.42, -4.36, -3.27) error=6.550m max_error=10.958m (n=958)
[INFO] [1788526900.985013605] [vslam_compare]: gt=(-0.14, 0.08, -0.01) vslam=(3.42, -4.36, -3.27) error=6.558m max_error=10.958m (n=959)
[INFO] [1788526901.984836584] [vslam_compare]: gt=(-0.14, 0.07, -0.01) vslam=(3.42, -4.36, -3.27) error=6.550m max_error=10.958m (n=960)
[INFO] [1788526902.985080100] [vslam_compare]: gt=(-0.15, 0.06, -0.03) vslam=(3.42, -4.36, -3.27) error=6.548m max_error=10.958m (n=961)
[INFO] [1788526903.984842188] [vslam_compare]: gt=(-0.15, 0.07, -0.03) vslam=(3.42, -4.36, -3.27) error=6.548m max_error=10.958m (n=962)
[INFO] [1788526904.985005596] [vslam_compare]: gt=(-0.16, 0.07, -0.03) vslam=(3.42, -4.36, -3.27) error=6.556m max_error=10.958m (n=963)
[INFO] [1788526905.984940555] [vslam_compare]: gt=(-0.16, 0.07, -0.02) vslam=(3.42, -4.36, -3.27) error=6.563m max_error=10.958m (n=964)
[INFO] [1788526906.984902720] [vslam_compare]: gt=(-0.15, 0.05, -0.02) vslam=(3.42, -4.36, -3.27) error=6.544m max_error=10.958m (n=965)
[INFO] [1788526907.984838782] [vslam_compare]: gt=(-0.16, 0.03, -0.01) vslam=(3.42, -4.36, -3.27) error=6.537m max_error=10.958m (n=966)
[INFO] [1788526908.985130610] [vslam_compare]: gt=(-0.16, 0.03, -0.01) vslam=(3.42, -4.36, -3.27) error=6.539m max_error=10.958m (n=967)
[INFO] [1788526909.984737762] [vslam_compare]: gt=(-0.15, 0.04, -0.01) vslam=(3.42, -4.36, -3.27) error=6.541m max_error=10.958m (n=968)
[INFO] [1788526910.984864825] [vslam_compare]: gt=(-0.15, 0.06, -0.0) vslam=(3.42, -4.36, -3.27) error=6.552m max_error=10.958m (n=969)
[INFO] [1788526911.984566914] [vslam_compare]: gt=(-0.16, 0.05, 0.01) vslam=(3.42, -4.36, -3.27) error=6.565m max_error=10.958m (n=970)
[INFO] [1788526912.984956985] [vslam_compare]: gt=(-0.17, 0.04, 0.01) vslam=(3.42, -4.36, -3.27) error=6.558m max_error=10.958m (n=971)
[INFO] [1788526913.984938453] [vslam_compare]: gt=(-0.17, 0.03, 0.02) vslam=(3.42, -4.36, -3.27) error=6.555m max_error=10.958m (n=972)
[INFO] [1788526914.985109769] [vslam_compare]: gt=(-0.17, 0.01, 0.01) vslam=(3.42, -4.36, -3.27) error=6.544m max_error=10.958m (n=973)
[INFO] [1788526915.984932222] [vslam_compare]: gt=(-0.16, 0.0, 0.01) vslam=(3.42, -4.36, -3.27) error=6.526m max_error=10.958m (n=974)
[INFO] [1788526916.984979779] [vslam_compare]: gt=(-0.15, -0.01, 0.0) vslam=(3.42, -4.36, -3.27) error=6.511m max_error=10.958m (n=975)
[INFO] [1788526917.984708468] [vslam_compare]: gt=(-0.15, 0.01, 0.0) vslam=(3.42, -4.36, -3.27) error=6.525m max_error=10.958m (n=976)
[INFO] [1788526918.984750164] [vslam_compare]: gt=(-0.16, 0.0, 0.0) vslam=(3.42, -4.36, -3.27) error=6.527m max_error=10.958m (n=977)
[INFO] [1788526919.984700425] [vslam_compare]: gt=(-0.16, -0.0, -0.0) vslam=(3.42, -4.36, -3.27) error=6.526m max_error=10.958m (n=978)
[INFO] [1788526920.984903851] [vslam_compare]: gt=(-0.16, -0.0, -0.01) vslam=(3.42, -4.36, -3.27) error=6.518m max_error=10.958m (n=979)
[INFO] [1788526921.984684778] [vslam_compare]: gt=(-0.15, -0.01, -0.01) vslam=(3.42, -4.36, -3.27) error=6.507m max_error=10.958m (n=980)
[INFO] [1788526922.984926626] [vslam_compare]: gt=(-0.15, 0.02, -0.01) vslam=(3.42, -4.36, -3.27) error=6.524m max_error=10.958m (n=981)
[INFO] [1788526923.985034329] [vslam_compare]: gt=(-0.14, 0.03, -0.0) vslam=(3.42, -4.36, -3.27) error=6.528m max_error=10.958m (n=982)
[INFO] [1788526924.984712230] [vslam_compare]: gt=(-0.14, 0.02, -0.01) vslam=(3.42, -4.36, -3.27) error=6.521m max_error=10.958m (n=983)
[INFO] [1788526925.984926311] [vslam_compare]: gt=(-0.13, 0.03, -0.02) vslam=(3.42, -4.36, -3.27) error=6.517m max_error=10.958m (n=984)
[INFO] [1788526926.984942820] [vslam_compare]: gt=(-0.12, 0.03, -0.02) vslam=(3.42, -4.36, -3.27) error=6.509m max_error=10.958m (n=985)
[INFO] [1788526927.984977338] [vslam_compare]: gt=(-0.13, 0.02, -0.01) vslam=(3.42, -4.36, -3.27) error=6.514m max_error=10.958m (n=986)
[INFO] [1788526928.985569636] [vslam_compare]: gt=(-0.14, 0.01, -0.0) vslam=(3.42, -4.36, -3.27) error=6.514m max_error=10.958m (n=987)
[INFO] [1788526929.985038243] [vslam_compare]: gt=(-0.13, 0.01, 0.0) vslam=(3.42, -4.36, -3.27) error=6.518m max_error=10.958m (n=988)
[INFO] [1788526930.985002555] [vslam_compare]: gt=(-0.13, 0.03, 0.0) vslam=(3.42, -4.36, -3.27) error=6.525m max_error=10.958m (n=989)
[INFO] [1788526931.984975097] [vslam_compare]: gt=(-0.14, 0.04, 0.01) vslam=(3.42, -4.36, -3.27) error=6.540m max_error=10.958m (n=990)
[INFO] [1788526932.985016913] [vslam_compare]: gt=(-0.15, 0.06, 0.01) vslam=(3.42, -4.36, -3.27) error=6.558m max_error=10.958m (n=991)
[INFO] [1788526933.984982572] [vslam_compare]: gt=(-0.16, 0.05, -0.0) vslam=(3.42, -4.36, -3.27) error=6.556m max_error=10.958m (n=992)
[INFO] [1788526934.984946403] [vslam_compare]: gt=(-0.16, 0.05, -0.01) vslam=(3.42, -4.36, -3.27) error=6.556m max_error=10.958m (n=993)
[INFO] [1788526935.985116511] [vslam_compare]: gt=(-0.15, 0.05, -0.01) vslam=(3.42, -4.36, -3.27) error=6.550m max_error=10.958m (n=994)
[INFO] [1788526936.984963033] [vslam_compare]: gt=(-0.15, 0.03, -0.01) vslam=(3.42, -4.36, -3.27) error=6.535m max_error=10.958m (n=995)
[INFO] [1788526937.984745321] [vslam_compare]: gt=(-0.15, 0.02, -0.01) vslam=(3.42, -4.36, -3.27) error=6.527m max_error=10.958m (n=996)
[INFO] [1788526938.984749827] [vslam_compare]: gt=(-0.15, 0.02, -0.01) vslam=(3.42, -4.36, -3.27) error=6.525m max_error=10.958m (n=997)
[INFO] [1788526939.984952685] [vslam_compare]: gt=(-0.14, 0.02, -0.0) vslam=(3.42, -4.36, -3.27) error=6.529m max_error=10.958m (n=998)
[INFO] [1788526940.985111255] [vslam_compare]: gt=(-0.16, 0.02, 0.0) vslam=(3.42, -4.36, -3.27) error=6.540m max_error=10.958m (n=999)
[INFO] [1788526941.985046876] [vslam_compare]: gt=(-0.17, 0.03, -0.0) vslam=(3.42, -4.36, -3.27) error=6.546m max_error=10.958m (n=1000)
[INFO] [1788526942.984753588] [vslam_compare]: gt=(-0.18, 0.03, -0.01) vslam=(3.42, -4.36, -3.27) error=6.550m max_error=10.958m (n=1001)
[INFO] [1788526943.984718553] [vslam_compare]: gt=(-0.19, 0.04, -0.01) vslam=(3.42, -4.36, -3.27) error=6.562m max_error=10.958m (n=1002)
[INFO] [1788526944.984768400] [vslam_compare]: gt=(-0.18, 0.05, -0.01) vslam=(3.42, -4.36, -3.27) error=6.568m max_error=10.958m (n=1003)
[INFO] [1788526945.984905073] [vslam_compare]: gt=(-0.16, 0.05, -0.0) vslam=(3.42, -4.36, -3.27) error=6.557m max_error=10.958m (n=1004)
[INFO] [1788526946.984917070] [vslam_compare]: gt=(-0.15, 0.03, 0.0) vslam=(3.42, -4.36, -3.27) error=6.541m max_error=10.958m (n=1005)
[INFO] [1788526947.984942666] [vslam_compare]: gt=(-0.15, 0.03, 0.01) vslam=(3.42, -4.36, -3.27) error=6.540m max_error=10.958m (n=1006)
[INFO] [1788526948.984939423] [vslam_compare]: gt=(-0.15, 0.02, 0.01) vslam=(3.42, -4.36, -3.27) error=6.538m max_error=10.958m (n=1007)
[INFO] [1788526949.984849664] [vslam_compare]: gt=(-0.14, 0.03, 0.02) vslam=(3.42, -4.36, -3.27) error=6.542m max_error=10.958m (n=1008)
[INFO] [1788526950.984719114] [vslam_compare]: gt=(-0.13, 0.04, 0.02) vslam=(3.42, -4.36, -3.27) error=6.541m max_error=10.958m (n=1009)
[INFO] [1788526951.984919984] [vslam_compare]: gt=(-0.13, 0.04, 0.02) vslam=(3.42, -4.36, -3.27) error=6.545m max_error=10.958m (n=1010)
[INFO] [1788526952.984641338] [vslam_compare]: gt=(-0.13, 0.03, 0.01) vslam=(3.42, -4.36, -3.27) error=6.533m max_error=10.958m (n=1011)
[INFO] [1788526953.984776575] [vslam_compare]: gt=(-0.13, 0.02, 0.0) vslam=(3.42, -4.36, -3.27) error=6.521m max_error=10.958m (n=1012)
[INFO] [1788526954.984820417] [vslam_compare]: gt=(-0.13, -0.0, -0.01) vslam=(3.42, -4.36, -3.27) error=6.503m max_error=10.958m (n=1013)
[INFO] [1788526955.984600373] [vslam_compare]: gt=(-0.13, 0.0, -0.01) vslam=(3.42, -4.36, -3.27) error=6.504m max_error=10.958m (n=1014)
[INFO] [1788526956.984670723] [vslam_compare]: gt=(-0.14, 0.01, -0.01) vslam=(3.42, -4.36, -3.27) error=6.513m max_error=10.958m (n=1015)
[INFO] [1788526957.984730186] [vslam_compare]: gt=(-0.15, 0.01, -0.02) vslam=(3.42, -4.36, -3.27) error=6.519m max_error=10.958m (n=1016)
[INFO] [1788526958.984621833] [vslam_compare]: gt=(-0.15, 0.02, -0.01) vslam=(3.42, -4.36, -3.27) error=6.525m max_error=10.958m (n=1017)
[INFO] [1788526959.984815345] [vslam_compare]: gt=(-0.15, 0.04, -0.01) vslam=(3.42, -4.36, -3.27) error=6.539m max_error=10.958m (n=1018)
[INFO] [1788526960.984903926] [vslam_compare]: gt=(-0.16, 0.05, 0.0) vslam=(3.42, -4.36, -3.27) error=6.555m max_error=10.958m (n=1019)
[INFO] [1788526961.984574635] [vslam_compare]: gt=(-0.15, 0.04, 0.01) vslam=(3.42, -4.36, -3.27) error=6.549m max_error=10.958m (n=1020)
[INFO] [1788526962.984659248] [vslam_compare]: gt=(-0.14, 0.04, -0.01) vslam=(3.42, -4.36, -3.27) error=6.534m max_error=10.958m (n=1021)
[INFO] [1788526963.984691697] [vslam_compare]: gt=(-0.13, 0.04, -0.01) vslam=(3.42, -4.36, -3.27) error=6.533m max_error=10.958m (n=1022)
[INFO] [1788526964.985075173] [vslam_compare]: gt=(-0.13, 0.04, -0.01) vslam=(3.42, -4.36, -3.27) error=6.530m max_error=10.958m (n=1023)
[INFO] [1788526965.985081393] [vslam_compare]: gt=(-0.15, 0.04, -0.01) vslam=(3.42, -4.36, -3.27) error=6.541m max_error=10.958m (n=1024)
[INFO] [1788526966.984945753] [vslam_compare]: gt=(-0.15, 0.03, -0.01) vslam=(3.42, -4.36, -3.27) error=6.539m max_error=10.958m (n=1025)
[INFO] [1788526967.984630184] [vslam_compare]: gt=(-0.15, 0.05, -0.01) vslam=(3.42, -4.36, -3.27) error=6.548m max_error=10.958m (n=1026)
[INFO] [1788526968.984699594] [vslam_compare]: gt=(-0.15, 0.07, 0.0) vslam=(3.42, -4.36, -3.27) error=6.566m max_error=10.958m (n=1027)
[INFO] [1788526969.984679962] [vslam_compare]: gt=(-0.15, 0.05, -0.0) vslam=(3.42, -4.36, -3.27) error=6.556m max_error=10.958m (n=1028)
[INFO] [1788526970.984843605] [vslam_compare]: gt=(-0.16, 0.03, -0.01) vslam=(3.42, -4.36, -3.27) error=6.541m max_error=10.958m (n=1029)
[INFO] [1788526971.984995370] [vslam_compare]: gt=(-0.16, 0.02, -0.01) vslam=(3.42, -4.36, -3.27) error=6.532m max_error=10.958m (n=1030)
[INFO] [1788526972.984571401] [vslam_compare]: gt=(-0.16, 0.01, -0.01) vslam=(3.42, -4.36, -3.27) error=6.522m max_error=10.958m (n=1031)
[INFO] [1788526973.984751016] [vslam_compare]: gt=(-0.15, 0.01, -0.02) vslam=(3.42, -4.36, -3.27) error=6.516m max_error=10.958m (n=1032)
[INFO] [1788526974.985052812] [vslam_compare]: gt=(-0.15, 0.01, -0.03) vslam=(3.42, -4.36, -3.27) error=6.512m max_error=10.958m (n=1033)
[INFO] [1788526975.984862128] [vslam_compare]: gt=(-0.15, 0.02, -0.03) vslam=(3.42, -4.36, -3.27) error=6.517m max_error=10.958m (n=1034)
[INFO] [1788526976.985186263] [vslam_compare]: gt=(-0.15, 0.04, -0.03) vslam=(3.42, -4.36, -3.27) error=6.534m max_error=10.958m (n=1035)
[INFO] [1788526977.984835991] [vslam_compare]: gt=(-0.15, 0.06, -0.01) vslam=(3.42, -4.36, -3.27) error=6.552m max_error=10.958m (n=1036)
[INFO] [1788526978.984805697] [vslam_compare]: gt=(-0.14, 0.07, -0.0) vslam=(3.42, -4.36, -3.27) error=6.557m max_error=10.958m (n=1037)
[INFO] [1788526979.984771510] [vslam_compare]: gt=(-0.14, 0.06, 0.0) vslam=(3.42, -4.36, -3.27) error=6.551m max_error=10.958m (n=1038)
[INFO] [1788526980.984693375] [vslam_compare]: gt=(-0.14, 0.05, -0.01) vslam=(3.42, -4.36, -3.27) error=6.542m max_error=10.958m (n=1039)
[INFO] [1788526981.984636693] [vslam_compare]: gt=(-0.13, 0.05, -0.02) vslam=(3.42, -4.36, -3.27) error=6.532m max_error=10.958m (n=1040)
[INFO] [1788526982.984932070] [vslam_compare]: gt=(-0.14, 0.04, -0.02) vslam=(3.42, -4.36, -3.27) error=6.530m max_error=10.958m (n=1041)
[INFO] [1788526983.984810647] [vslam_compare]: gt=(-0.16, 0.04, -0.02) vslam=(3.42, -4.36, -3.27) error=6.533m max_error=10.958m (n=1042)
[INFO] [1788526984.984740162] [vslam_compare]: gt=(-0.17, 0.03, -0.02) vslam=(3.42, -4.36, -3.27) error=6.540m max_error=10.958m (n=1043)
[INFO] [1788526985.984575396] [vslam_compare]: gt=(-0.17, 0.02, -0.02) vslam=(3.42, -4.36, -3.27) error=6.536m max_error=10.958m (n=1044)
[INFO] [1788526986.985016158] [vslam_compare]: gt=(-0.18, 0.04, -0.02) vslam=(3.42, -4.36, -3.27) error=6.551m max_error=10.958m (n=1045)
[INFO] [1788526987.984871988] [vslam_compare]: gt=(-0.18, 0.06, -0.01) vslam=(3.42, -4.36, -3.27) error=6.568m max_error=10.958m (n=1046)
[INFO] [1788526988.984918276] [vslam_compare]: gt=(-0.18, 0.06, 0.01) vslam=(3.42, -4.36, -3.27) error=6.583m max_error=10.958m (n=1047)
[INFO] [1788526989.984763184] [vslam_compare]: gt=(-0.18, 0.06, 0.01) vslam=(3.42, -4.36, -3.27) error=6.578m max_error=10.958m (n=1048)
[INFO] [1788526990.984821672] [vslam_compare]: gt=(-0.16, 0.05, 0.01) vslam=(3.42, -4.36, -3.27) error=6.564m max_error=10.958m (n=1049)
[INFO] [1788526991.984891685] [vslam_compare]: gt=(-0.15, 0.04, 0.02) vslam=(3.42, -4.36, -3.27) error=6.552m max_error=10.958m (n=1050)
[INFO] [1788526992.984685189] [vslam_compare]: gt=(-0.14, 0.03, 0.02) vslam=(3.42, -4.36, -3.27) error=6.541m max_error=10.958m (n=1051)
[INFO] [1788526993.984775778] [vslam_compare]: gt=(-0.14, 0.03, 0.01) vslam=(3.42, -4.36, -3.27) error=6.535m max_error=10.958m (n=1052)
[INFO] [1788526994.984934518] [vslam_compare]: gt=(-0.14, 0.03, 0.01) vslam=(3.42, -4.36, -3.27) error=6.539m max_error=10.958m (n=1053)
[INFO] [1788526995.984679964] [vslam_compare]: gt=(-0.14, 0.03, 0.01) vslam=(3.42, -4.36, -3.27) error=6.535m max_error=10.958m (n=1054)
[INFO] [1788526996.985029986] [vslam_compare]: gt=(-0.16, 0.02, 0.01) vslam=(3.42, -4.36, -3.27) error=6.539m max_error=10.958m (n=1055)
[INFO] [1788526997.984924586] [vslam_compare]: gt=(-0.15, 0.03, 0.01) vslam=(3.42, -4.36, -3.27) error=6.545m max_error=10.958m (n=1056)
[INFO] [1788526998.985066179] [vslam_compare]: gt=(-0.16, 0.04, 0.01) vslam=(3.42, -4.36, -3.27) error=6.553m max_error=10.958m (n=1057)
[INFO] [1788526999.985089767] [vslam_compare]: gt=(-0.17, 0.03, 0.0) vslam=(3.42, -4.36, -3.27) error=6.553m max_error=10.958m (n=1058)
[INFO] [1788527000.984734114] [vslam_compare]: gt=(-0.17, 0.02, 0.01) vslam=(3.42, -4.36, -3.27) error=6.548m max_error=10.958m (n=1059)
[INFO] [1788527001.984713146] [vslam_compare]: gt=(-0.17, 0.01, 0.01) vslam=(3.42, -4.36, -3.27) error=6.540m max_error=10.958m (n=1060)
[INFO] [1788527002.984866215] [vslam_compare]: gt=(-0.16, 0.02, 0.01) vslam=(3.42, -4.36, -3.27) error=6.540m max_error=10.958m (n=1061)
[INFO] [1788527003.984729349] [vslam_compare]: gt=(-0.16, 0.02, 0.01) vslam=(3.42, -4.36, -3.27) error=6.539m max_error=10.958m (n=1062)
[INFO] [1788527004.984733098] [vslam_compare]: gt=(-0.16, 0.02, 0.01) vslam=(3.42, -4.36, -3.27) error=6.544m max_error=10.958m (n=1063)
[INFO] [1788527005.984581773] [vslam_compare]: gt=(-0.16, 0.03, 0.0) vslam=(3.42, -4.36, -3.27) error=6.544m max_error=10.958m (n=1064)
[INFO] [1788527006.984959163] [vslam_compare]: gt=(-0.16, 0.03, 0.0) vslam=(3.42, -4.36, -3.27) error=6.543m max_error=10.958m (n=1065)
[INFO] [1788527007.984853189] [vslam_compare]: gt=(-0.16, 0.04, 0.0) vslam=(3.42, -4.36, -3.27) error=6.553m max_error=10.958m (n=1066)
[INFO] [1788527008.984671108] [vslam_compare]: gt=(-0.17, 0.05, -0.01) vslam=(3.42, -4.36, -3.27) error=6.556m max_error=10.958m (n=1067)
[INFO] [1788527009.984851002] [vslam_compare]: gt=(-0.17, 0.04, -0.01) vslam=(3.42, -4.36, -3.27) error=6.555m max_error=10.958m (n=1068)
[INFO] [1788527010.985032683] [vslam_compare]: gt=(-0.16, 0.05, -0.01) vslam=(3.42, -4.36, -3.27) error=6.551m max_error=10.958m (n=1069)
[INFO] [1788527011.984769071] [vslam_compare]: gt=(-0.16, 0.05, -0.01) vslam=(3.42, -4.36, -3.27) error=6.548m max_error=10.958m (n=1070)
[INFO] [1788527012.984803966] [vslam_compare]: gt=(-0.15, 0.05, 0.0) vslam=(3.42, -4.36, -3.27) error=6.552m max_error=10.958m (n=1071)
[INFO] [1788527013.984813889] [vslam_compare]: gt=(-0.15, 0.05, 0.01) vslam=(3.42, -4.36, -3.27) error=6.559m max_error=10.958m (n=1072)
[INFO] [1788527014.984950541] [vslam_compare]: gt=(-0.15, 0.06, 0.0) vslam=(3.42, -4.36, -3.27) error=6.556m max_error=10.958m (n=1073)
[INFO] [1788527015.985100040] [vslam_compare]: gt=(-0.13, 0.07, 0.01) vslam=(3.42, -4.36, -3.27) error=6.561m max_error=10.958m (n=1074)
[INFO] [1788527016.984777727] [vslam_compare]: gt=(-0.13, 0.07, 0.01) vslam=(3.42, -4.36, -3.27) error=6.565m max_error=10.958m (n=1075)
[INFO] [1788527017.984803703] [vslam_compare]: gt=(-0.15, 0.06, 0.01) vslam=(3.42, -4.36, -3.27) error=6.561m max_error=10.958m (n=1076)
[INFO] [1788527018.984692689] [vslam_compare]: gt=(-0.15, 0.05, -0.0) vslam=(3.42, -4.36, -3.27) error=6.545m max_error=10.958m (n=1077)
[INFO] [1788527019.984775608] [vslam_compare]: gt=(-0.15, 0.04, -0.0) vslam=(3.42, -4.36, -3.27) error=6.540m max_error=10.958m (n=1078)
[INFO] [1788527020.984580749] [vslam_compare]: gt=(-0.16, 0.04, 0.01) vslam=(3.42, -4.36, -3.27) error=6.550m max_error=10.958m (n=1079)
[INFO] [1788527021.985107542] [vslam_compare]: gt=(-0.16, 0.02, 0.01) vslam=(3.42, -4.36, -3.27) error=6.546m max_error=10.958m (n=1080)
[INFO] [1788527022.984607027] [vslam_compare]: gt=(-0.16, 0.01, 0.01) vslam=(3.42, -4.36, -3.27) error=6.537m max_error=10.958m (n=1081)
[INFO] [1788527023.984833643] [vslam_compare]: gt=(-0.16, 0.02, 0.0) vslam=(3.42, -4.36, -3.27) error=6.539m max_error=10.958m (n=1082)
[INFO] [1788527024.984811440] [vslam_compare]: gt=(-0.17, 0.03, -0.0) vslam=(3.42, -4.36, -3.27) error=6.545m max_error=10.958m (n=1083)
[INFO] [1788527025.984875544] [vslam_compare]: gt=(-0.17, 0.04, -0.01) vslam=(3.42, -4.36, -3.27) error=6.549m max_error=10.958m (n=1084)
[INFO] [1788527026.985174594] [vslam_compare]: gt=(-0.17, 0.05, -0.02) vslam=(3.42, -4.36, -3.27) error=6.552m max_error=10.958m (n=1085)
[INFO] [1788527027.984589872] [vslam_compare]: gt=(-0.17, 0.05, -0.02) vslam=(3.42, -4.36, -3.27) error=6.554m max_error=10.958m (n=1086)
[INFO] [1788527028.984834532] [vslam_compare]: gt=(-0.19, 0.04, -0.02) vslam=(3.42, -4.36, -3.27) error=6.558m max_error=10.958m (n=1087)
[INFO] [1788527029.984587528] [vslam_compare]: gt=(-0.19, 0.04, -0.01) vslam=(3.42, -4.36, -3.27) error=6.557m max_error=10.958m (n=1088)
[INFO] [1788527030.984827568] [vslam_compare]: gt=(-0.18, 0.03, -0.01) vslam=(3.42, -4.36, -3.27) error=6.550m max_error=10.958m (n=1089)
[INFO] [1788527031.984709887] [vslam_compare]: gt=(-0.18, 0.04, -0.01) vslam=(3.42, -4.36, -3.27) error=6.558m max_error=10.958m (n=1090)
[INFO] [1788527032.985038045] [vslam_compare]: gt=(-0.15, 0.04, 0.01) vslam=(3.42, -4.36, -3.27) error=6.548m max_error=10.958m (n=1091)
[INFO] [1788527033.984903809] [vslam_compare]: gt=(-0.14, 0.04, 0.01) vslam=(3.42, -4.36, -3.27) error=6.545m max_error=10.958m (n=1092)
[INFO] [1788527034.984912000] [vslam_compare]: gt=(-0.14, 0.04, 0.01) vslam=(3.42, -4.36, -3.27) error=6.548m max_error=10.958m (n=1093)
[INFO] [1788527035.985189408] [vslam_compare]: gt=(-0.15, 0.05, 0.01) vslam=(3.42, -4.36, -3.27) error=6.556m max_error=10.958m (n=1094)
[INFO] [1788527036.984579104] [vslam_compare]: gt=(-0.15, 0.04, 0.01) vslam=(3.42, -4.36, -3.27) error=6.550m max_error=10.958m (n=1095)
[INFO] [1788527037.984780369] [vslam_compare]: gt=(-0.15, 0.02, -0.0) vslam=(3.42, -4.36, -3.27) error=6.528m max_error=10.958m (n=1096)
[INFO] [1788527038.985067445] [vslam_compare]: gt=(-0.16, 0.0, -0.0) vslam=(3.42, -4.36, -3.27) error=6.524m max_error=10.958m (n=1097)
[INFO] [1788527039.985172239] [vslam_compare]: gt=(-0.15, 0.0, 0.0) vslam=(3.42, -4.36, -3.27) error=6.522m max_error=10.958m (n=1098)
[INFO] [1788527040.984781283] [vslam_compare]: gt=(-0.14, 0.02, -0.0) vslam=(3.42, -4.36, -3.27) error=6.525m max_error=10.958m (n=1099)
[INFO] [1788527041.984555816] [vslam_compare]: gt=(-0.14, 0.02, -0.0) vslam=(3.42, -4.36, -3.27) error=6.527m max_error=10.958m (n=1100)
[INFO] [1788527042.984564035] [vslam_compare]: gt=(-0.14, 0.03, -0.0) vslam=(3.42, -4.36, -3.27) error=6.530m max_error=10.958m (n=1101)
[INFO] [1788527043.984591792] [vslam_compare]: gt=(-0.14, 0.04, -0.0) vslam=(3.42, -4.36, -3.27) error=6.538m max_error=10.958m (n=1102)
[INFO] [1788527044.985044592] [vslam_compare]: gt=(-0.15, 0.03, -0.0) vslam=(3.42, -4.36, -3.27) error=6.536m max_error=10.958m (n=1103)
[INFO] [1788527045.984828667] [vslam_compare]: gt=(-0.15, 0.04, 0.01) vslam=(3.42, -4.36, -3.27) error=6.545m max_error=10.958m (n=1104)
[INFO] [1788527046.984685152] [vslam_compare]: gt=(-0.15, 0.05, 0.02) vslam=(3.42, -4.36, -3.27) error=6.563m max_error=10.958m (n=1105)
[INFO] [1788527047.984583504] [vslam_compare]: gt=(-0.15, 0.05, 0.02) vslam=(3.42, -4.36, -3.27) error=6.566m max_error=10.958m (n=1106)
[INFO] [1788527048.984922876] [vslam_compare]: gt=(-0.15, 0.05, 0.02) vslam=(3.42, -4.36, -3.27) error=6.561m max_error=10.958m (n=1107)
[INFO] [1788527049.985087606] [vslam_compare]: gt=(-0.14, 0.05, 0.02) vslam=(3.42, -4.36, -3.27) error=6.558m max_error=10.958m (n=1108)
[INFO] [1788527050.985051353] [vslam_compare]: gt=(-0.15, 0.05, 0.01) vslam=(3.42, -4.36, -3.27) error=6.557m max_error=10.958m (n=1109)
[INFO] [1788527051.984685141] [vslam_compare]: gt=(-0.16, 0.04, 0.01) vslam=(3.42, -4.36, -3.27) error=6.558m max_error=10.958m (n=1110)
[INFO] [1788527052.984635539] [vslam_compare]: gt=(-0.16, 0.03, 0.01) vslam=(3.42, -4.36, -3.27) error=6.549m max_error=10.958m (n=1111)
[INFO] [1788527053.985109424] [vslam_compare]: gt=(-0.17, 0.03, -0.0) vslam=(3.42, -4.36, -3.27) error=6.543m max_error=10.958m (n=1112)
[INFO] [1788527054.984587273] [vslam_compare]: gt=(-0.16, 0.02, -0.01) vslam=(3.42, -4.36, -3.27) error=6.535m max_error=10.958m (n=1113)
[INFO] [1788527055.984600418] [vslam_compare]: gt=(-0.16, 0.03, -0.01) vslam=(3.42, -4.36, -3.27) error=6.541m max_error=10.958m (n=1114)
[INFO] [1788527056.984989681] [vslam_compare]: gt=(-0.15, 0.03, -0.0) vslam=(3.42, -4.36, -3.27) error=6.538m max_error=10.958m (n=1115)
[INFO] [1788527057.984947642] [vslam_compare]: gt=(-0.14, 0.02, -0.01) vslam=(3.42, -4.36, -3.27) error=6.522m max_error=10.958m (n=1116)
[INFO] [1788527058.984866876] [vslam_compare]: gt=(-0.13, 0.03, -0.02) vslam=(3.42, -4.36, -3.27) error=6.519m max_error=10.958m (n=1117)
[INFO] [1788527059.984959862] [vslam_compare]: gt=(-0.14, 0.04, -0.03) vslam=(3.42, -4.36, -3.27) error=6.531m max_error=10.958m (n=1118)
[INFO] [1788527060.985137887] [vslam_compare]: gt=(-0.15, 0.06, -0.03) vslam=(3.42, -4.36, -3.27) error=6.539m max_error=10.958m (n=1119)
[INFO] [1788527061.984822846] [vslam_compare]: gt=(-0.13, 0.06, -0.04) vslam=(3.42, -4.36, -3.27) error=6.527m max_error=10.958m (n=1120)
[INFO] [1788527062.985098106] [vslam_compare]: gt=(-0.12, 0.05, -0.04) vslam=(3.42, -4.36, -3.27) error=6.517m max_error=10.958m (n=1121)
[INFO] [1788527063.984731014] [vslam_compare]: gt=(-0.12, 0.03, -0.04) vslam=(3.42, -4.36, -3.27) error=6.501m max_error=10.958m (n=1122)
[INFO] [1788527064.984920027] [vslam_compare]: gt=(-0.12, 0.03, -0.03) vslam=(3.42, -4.36, -3.27) error=6.506m max_error=10.958m (n=1123)
[INFO] [1788527065.984746280] [vslam_compare]: gt=(-0.13, 0.02, -0.01) vslam=(3.42, -4.36, -3.27) error=6.516m max_error=10.958m (n=1124)
[INFO] [1788527066.984598587] [vslam_compare]: gt=(-0.13, 0.02, -0.0) vslam=(3.42, -4.36, -3.27) error=6.524m max_error=10.958m (n=1125)
[INFO] [1788527067.984861523] [vslam_compare]: gt=(-0.13, 0.03, 0.0) vslam=(3.42, -4.36, -3.27) error=6.525m max_error=10.958m (n=1126)
[INFO] [1788527068.984894926] [vslam_compare]: gt=(-0.14, 0.03, 0.01) vslam=(3.42, -4.36, -3.27) error=6.541m max_error=10.958m (n=1127)
[INFO] [1788527069.984815472] [vslam_compare]: gt=(-0.15, 0.04, 0.01) vslam=(3.42, -4.36, -3.27) error=6.548m max_error=10.958m (n=1128)
[INFO] [1788527070.984667909] [vslam_compare]: gt=(-0.15, 0.04, -0.0) vslam=(3.42, -4.36, -3.27) error=6.541m max_error=10.958m (n=1129)
[INFO] [1788527071.984898178] [vslam_compare]: gt=(-0.15, 0.04, -0.0) vslam=(3.42, -4.36, -3.27) error=6.546m max_error=10.958m (n=1130)
[INFO] [1788527072.984896401] [vslam_compare]: gt=(-0.16, 0.06, -0.01) vslam=(3.42, -4.36, -3.27) error=6.557m max_error=10.958m (n=1131)
[INFO] [1788527073.984724460] [vslam_compare]: gt=(-0.16, 0.06, -0.01) vslam=(3.42, -4.36, -3.27) error=6.554m max_error=10.958m (n=1132)
[INFO] [1788527074.985110765] [vslam_compare]: gt=(-0.16, 0.06, -0.01) vslam=(3.42, -4.36, -3.27) error=6.560m max_error=10.958m (n=1133)
[INFO] [1788527075.984853598] [vslam_compare]: gt=(-0.15, 0.05, -0.0) vslam=(3.42, -4.36, -3.27) error=6.552m max_error=10.958m (n=1134)
[INFO] [1788527076.984868367] [vslam_compare]: gt=(-0.15, 0.05, -0.0) vslam=(3.42, -4.36, -3.27) error=6.546m max_error=10.958m (n=1135)
[INFO] [1788527077.984675004] [vslam_compare]: gt=(-0.16, 0.06, -0.01) vslam=(3.42, -4.36, -3.27) error=6.559m max_error=10.958m (n=1136)
[INFO] [1788527078.984755276] [vslam_compare]: gt=(-0.16, 0.05, -0.01) vslam=(3.42, -4.36, -3.27) error=6.552m max_error=10.958m (n=1137)
[INFO] [1788527079.984886292] [vslam_compare]: gt=(-0.16, 0.04, -0.0) vslam=(3.42, -4.36, -3.27) error=6.552m max_error=10.958m (n=1138)
[INFO] [1788527080.985047873] [vslam_compare]: gt=(-0.17, 0.04, 0.0) vslam=(3.42, -4.36, -3.27) error=6.557m max_error=10.958m (n=1139)
[INFO] [1788527081.984947294] [vslam_compare]: gt=(-0.17, 0.04, 0.0) vslam=(3.42, -4.36, -3.27) error=6.556m max_error=10.958m (n=1140)
[INFO] [1788527082.984567743] [vslam_compare]: gt=(-0.18, 0.03, -0.01) vslam=(3.42, -4.36, -3.27) error=6.550m max_error=10.958m (n=1141)
[INFO] [1788527083.984884315] [vslam_compare]: gt=(-0.19, 0.03, -0.01) vslam=(3.42, -4.36, -3.27) error=6.550m max_error=10.958m (n=1142)
[INFO] [1788527084.984749205] [vslam_compare]: gt=(-0.18, 0.01, -0.02) vslam=(3.42, -4.36, -3.27) error=6.536m max_error=10.958m (n=1143)
[INFO] [1788527085.984855800] [vslam_compare]: gt=(-0.18, 0.01, -0.01) vslam=(3.42, -4.36, -3.27) error=6.538m max_error=10.958m (n=1144)
[INFO] [1788527086.985116353] [vslam_compare]: gt=(-0.19, 0.02, -0.01) vslam=(3.42, -4.36, -3.27) error=6.550m max_error=10.958m (n=1145)
[INFO] [1788527087.984612123] [vslam_compare]: gt=(-0.17, 0.02, 0.0) vslam=(3.42, -4.36, -3.27) error=6.550m max_error=10.958m (n=1146)
[INFO] [1788527088.985082384] [vslam_compare]: gt=(-0.17, 0.01, 0.01) vslam=(3.42, -4.36, -3.27) error=6.544m max_error=10.958m (n=1147)
[INFO] [1788527089.984835879] [vslam_compare]: gt=(-0.17, 0.0, 0.01) vslam=(3.42, -4.36, -3.27) error=6.535m max_error=10.958m (n=1148)
[INFO] [1788527090.984606440] [vslam_compare]: gt=(-0.16, 0.01, 0.01) vslam=(3.42, -4.36, -3.27) error=6.533m max_error=10.958m (n=1149)
[INFO] [1788527091.984702937] [vslam_compare]: gt=(-0.15, 0.02, 0.01) vslam=(3.42, -4.36, -3.27) error=6.537m max_error=10.958m (n=1150)
[INFO] [1788527092.984817546] [vslam_compare]: gt=(-0.15, 0.04, 0.0) vslam=(3.42, -4.36, -3.27) error=6.543m max_error=10.958m (n=1151)
[INFO] [1788527093.984758544] [vslam_compare]: gt=(-0.16, 0.04, 0.01) vslam=(3.42, -4.36, -3.27) error=6.561m max_error=10.958m (n=1152)
[INFO] [1788527094.985070238] [vslam_compare]: gt=(-0.18, 0.03, 0.03) vslam=(3.42, -4.36, -3.27) error=6.563m max_error=10.958m (n=1153)
[INFO] [1788527095.984922588] [vslam_compare]: gt=(-0.17, 0.02, 0.02) vslam=(3.42, -4.36, -3.27) error=6.556m max_error=10.958m (n=1154)
[INFO] [1788527096.984895843] [vslam_compare]: gt=(-0.17, 0.02, 0.0) vslam=(3.42, -4.36, -3.27) error=6.548m max_error=10.958m (n=1155)
[INFO] [1788527097.984683625] [vslam_compare]: gt=(-0.18, 0.03, -0.0) vslam=(3.42, -4.36, -3.27) error=6.553m max_error=10.958m (n=1156)
[INFO] [1788527098.984801128] [vslam_compare]: gt=(-0.17, 0.02, -0.0) vslam=(3.42, -4.36, -3.27) error=6.541m max_error=10.958m (n=1157)
[INFO] [1788527099.984918724] [vslam_compare]: gt=(-0.16, 0.02, 0.01) vslam=(3.42, -4.36, -3.27) error=6.544m max_error=10.958m (n=1158)
[INFO] [1788527100.984893916] [vslam_compare]: gt=(-0.17, 0.03, 0.01) vslam=(3.42, -4.36, -3.27) error=6.551m max_error=10.958m (n=1159)
[INFO] [1788527101.984885029] [vslam_compare]: gt=(-0.18, 0.03, 0.01) vslam=(3.42, -4.36, -3.27) error=6.556m max_error=10.958m (n=1160)
[INFO] [1788527102.984663496] [vslam_compare]: gt=(-0.18, 0.04, 0.0) vslam=(3.42, -4.36, -3.27) error=6.560m max_error=10.958m (n=1161)
[INFO] [1788527103.984964063] [vslam_compare]: gt=(-0.19, 0.05, 0.0) vslam=(3.42, -4.36, -3.27) error=6.572m max_error=10.958m (n=1162)
[INFO] [1788527104.984892511] [vslam_compare]: gt=(-0.18, 0.06, 0.02) vslam=(3.42, -4.36, -3.27) error=6.581m max_error=10.958m (n=1163)
[INFO] [1788527105.985068750] [vslam_compare]: gt=(-0.18, 0.06, 0.02) vslam=(3.42, -4.36, -3.27) error=6.585m max_error=10.958m (n=1164)
[INFO] [1788527106.984684459] [vslam_compare]: gt=(-0.17, 0.05, 0.01) vslam=(3.42, -4.36, -3.27) error=6.570m max_error=10.958m (n=1165)
[INFO] [1788527107.984713713] [vslam_compare]: gt=(-0.16, 0.04, 0.02) vslam=(3.42, -4.36, -3.27) error=6.563m max_error=10.958m (n=1166)
[INFO] [1788527108.984856709] [vslam_compare]: gt=(-0.16, 0.05, 0.01) vslam=(3.42, -4.36, -3.27) error=6.559m max_error=10.958m (n=1167)
[INFO] [1788527109.984791788] [vslam_compare]: gt=(-0.16, 0.05, -0.01) vslam=(3.42, -4.36, -3.27) error=6.554m max_error=10.958m (n=1168)
[INFO] [1788527110.984707570] [vslam_compare]: gt=(-0.17, 0.04, -0.01) vslam=(3.42, -4.36, -3.27) error=6.550m max_error=10.958m (n=1169)
[INFO] [1788527111.984875156] [vslam_compare]: gt=(-0.17, 0.05, -0.01) vslam=(3.42, -4.36, -3.27) error=6.552m max_error=10.958m (n=1170)
[INFO] [1788527112.984716329] [vslam_compare]: gt=(-0.17, 0.05, -0.01) vslam=(3.42, -4.36, -3.27) error=6.562m max_error=10.958m (n=1171)
[INFO] [1788527113.984767094] [vslam_compare]: gt=(-0.17, 0.04, 0.01) vslam=(3.42, -4.36, -3.27) error=6.564m max_error=10.958m (n=1172)
[INFO] [1788527114.985115322] [vslam_compare]: gt=(-0.17, 0.03, 0.02) vslam=(3.42, -4.36, -3.27) error=6.555m max_error=10.958m (n=1173)
[INFO] [1788527115.984880289] [vslam_compare]: gt=(-0.16, 0.02, 0.03) vslam=(3.42, -4.36, -3.27) error=6.549m max_error=10.958m (n=1174)
[INFO] [1788527116.985176885] [vslam_compare]: gt=(-0.17, 0.02, 0.02) vslam=(3.42, -4.36, -3.27) error=6.554m max_error=10.958m (n=1175)
[INFO] [1788527117.984826234] [vslam_compare]: gt=(-0.17, 0.03, 0.02) vslam=(3.42, -4.36, -3.27) error=6.561m max_error=10.958m (n=1176)
[INFO] [1788527118.985020655] [vslam_compare]: gt=(-0.16, 0.04, 0.02) vslam=(3.42, -4.36, -3.27) error=6.560m max_error=10.958m (n=1177)
[INFO] [1788527119.985074243] [vslam_compare]: gt=(-0.17, 0.04, 0.02) vslam=(3.42, -4.36, -3.27) error=6.567m max_error=10.958m (n=1178)
[INFO] [1788527120.984805618] [vslam_compare]: gt=(-0.17, 0.04, 0.02) vslam=(3.42, -4.36, -3.27) error=6.571m max_error=10.958m (n=1179)
[INFO] [1788527121.984897753] [vslam_compare]: gt=(-0.17, 0.06, 0.02) vslam=(3.42, -4.36, -3.27) error=6.577m max_error=10.958m (n=1180)
[INFO] [1788527122.984747215] [vslam_compare]: gt=(-0.18, 0.05, 0.02) vslam=(3.42, -4.36, -3.27) error=6.579m max_error=10.958m (n=1181)
[INFO] [1788527123.984838468] [vslam_compare]: gt=(-0.19, 0.04, 0.02) vslam=(3.42, -4.36, -3.27) error=6.578m max_error=10.958m (n=1182)
[INFO] [1788527124.984887833] [vslam_compare]: gt=(-0.19, 0.02, 0.03) vslam=(3.42, -4.36, -3.27) error=6.572m max_error=10.958m (n=1183)
[INFO] [1788527125.984608035] [vslam_compare]: gt=(-0.18, 0.0, 0.02) vslam=(3.42, -4.36, -3.27) error=6.551m max_error=10.958m (n=1184)
[INFO] [1788527126.985014373] [vslam_compare]: gt=(-0.17, 0.01, 0.02) vslam=(3.42, -4.36, -3.27) error=6.545m max_error=10.958m (n=1185)
[INFO] [1788527127.984927427] [vslam_compare]: gt=(-0.17, 0.01, 0.02) vslam=(3.42, -4.36, -3.27) error=6.544m max_error=10.958m (n=1186)
[INFO] [1788527128.984803394] [vslam_compare]: gt=(-0.17, 0.02, 0.01) vslam=(3.42, -4.36, -3.27) error=6.545m max_error=10.958m (n=1187)
[INFO] [1788527129.985105572] [vslam_compare]: gt=(-0.17, 0.02, -0.0) vslam=(3.42, -4.36, -3.27) error=6.537m max_error=10.958m (n=1188)
[INFO] [1788527130.984745450] [vslam_compare]: gt=(-0.16, 0.01, -0.0) vslam=(3.42, -4.36, -3.27) error=6.527m max_error=10.958m (n=1189)
[INFO] [1788527131.984601213] [vslam_compare]: gt=(-0.14, 0.02, -0.0) vslam=(3.42, -4.36, -3.27) error=6.524m max_error=10.958m (n=1190)
[INFO] [1788527132.984855868] [vslam_compare]: gt=(-0.13, 0.04, 0.0) vslam=(3.42, -4.36, -3.27) error=6.538m max_error=10.958m (n=1191)
[INFO] [1788527133.984670986] [vslam_compare]: gt=(-0.14, 0.05, 0.01) vslam=(3.42, -4.36, -3.27) error=6.546m max_error=10.958m (n=1192)
[INFO] [1788527134.984556890] [vslam_compare]: gt=(-0.15, 0.04, 0.01) vslam=(3.42, -4.36, -3.27) error=6.548m max_error=10.958m (n=1193)
[INFO] [1788527135.984775858] [vslam_compare]: gt=(-0.15, 0.02, 0.01) vslam=(3.42, -4.36, -3.27) error=6.535m max_error=10.958m (n=1194)
[INFO] [1788527136.984589857] [vslam_compare]: gt=(-0.15, 0.02, 0.02) vslam=(3.42, -4.36, -3.27) error=6.535m max_error=10.958m (n=1195)
[INFO] [1788527137.984776705] [vslam_compare]: gt=(-0.14, 0.04, 0.02) vslam=(3.42, -4.36, -3.27) error=6.549m max_error=10.958m (n=1196)
[INFO] [1788527138.984696960] [vslam_compare]: gt=(-0.15, 0.06, 0.01) vslam=(3.42, -4.36, -3.27) error=6.558m max_error=10.958m (n=1197)
[INFO] [1788527139.984786905] [vslam_compare]: gt=(-0.16, 0.05, 0.01) vslam=(3.42, -4.36, -3.27) error=6.561m max_error=10.958m (n=1198)
[INFO] [1788527140.984766611] [vslam_compare]: gt=(-0.16, 0.03, 0.01) vslam=(3.42, -4.36, -3.27) error=6.547m max_error=10.958m (n=1199)
[INFO] [1788527141.985051617] [vslam_compare]: gt=(-0.14, 0.02, 0.01) vslam=(3.42, -4.36, -3.27) error=6.523m max_error=10.958m (n=1200)
[INFO] [1788527142.984856356] [vslam_compare]: gt=(-0.14, 0.01, -0.0) vslam=(3.42, -4.36, -3.27) error=6.520m max_error=10.958m (n=1201)
[INFO] [1788527143.984955757] [vslam_compare]: gt=(-0.16, 0.01, 0.0) vslam=(3.42, -4.36, -3.27) error=6.531m max_error=10.958m (n=1202)
[INFO] [1788527144.984931721] [vslam_compare]: gt=(-0.16, 0.01, 0.01) vslam=(3.42, -4.36, -3.27) error=6.534m max_error=10.958m (n=1203)
[INFO] [1788527145.984742016] [vslam_compare]: gt=(-0.17, 0.0, 0.01) vslam=(3.42, -4.36, -3.27) error=6.534m max_error=10.958m (n=1204)
[INFO] [1788527146.985101828] [vslam_compare]: gt=(-0.17, 0.02, -0.0) vslam=(3.42, -4.36, -3.27) error=6.540m max_error=10.958m (n=1205)
[INFO] [1788527147.984990623] [vslam_compare]: gt=(-0.16, 0.04, 0.01) vslam=(3.42, -4.36, -3.27) error=6.555m max_error=10.958m (n=1206)
[INFO] [1788527148.984627642] [vslam_compare]: gt=(-0.15, 0.04, 0.01) vslam=(3.42, -4.36, -3.27) error=6.549m max_error=10.958m (n=1207)
[INFO] [1788527149.985252032] [vslam_compare]: gt=(-0.14, 0.02, 0.0) vslam=(3.42, -4.36, -3.27) error=6.529m max_error=10.958m (n=1208)
[INFO] [1788527150.984843913] [vslam_compare]: gt=(-0.14, 0.01, 0.0) vslam=(3.42, -4.36, -3.27) error=6.522m max_error=10.958m (n=1209)
[INFO] [1788527151.984911219] [vslam_compare]: gt=(-0.15, 0.01, -0.0) vslam=(3.42, -4.36, -3.27) error=6.525m max_error=10.958m (n=1210)
[INFO] [1788527152.984855779] [vslam_compare]: gt=(-0.15, 0.03, -0.0) vslam=(3.42, -4.36, -3.27) error=6.537m max_error=10.958m (n=1211)
[INFO] [1788527153.984740604] [vslam_compare]: gt=(-0.17, 0.03, 0.0) vslam=(3.42, -4.36, -3.27) error=6.553m max_error=10.958m (n=1212)
[INFO] [1788527154.985064616] [vslam_compare]: gt=(-0.17, 0.04, -0.0) vslam=(3.42, -4.36, -3.27) error=6.554m max_error=10.958m (n=1213)
[INFO] [1788527155.984789101] [vslam_compare]: gt=(-0.16, 0.04, -0.01) vslam=(3.42, -4.36, -3.27) error=6.548m max_error=10.958m (n=1214)
[INFO] [1788527156.984937488] [vslam_compare]: gt=(-0.15, 0.03, -0.01) vslam=(3.42, -4.36, -3.27) error=6.531m max_error=10.958m (n=1215)
[INFO] [1788527157.985110516] [vslam_compare]: gt=(-0.14, 0.03, -0.01) vslam=(3.42, -4.36, -3.27) error=6.524m max_error=10.958m (n=1216)
[INFO] [1788527158.984564454] [vslam_compare]: gt=(-0.15, 0.03, -0.0) vslam=(3.42, -4.36, -3.27) error=6.536m max_error=10.958m (n=1217)
[INFO] [1788527159.984714520] [vslam_compare]: gt=(-0.15, 0.03, -0.01) vslam=(3.42, -4.36, -3.27) error=6.531m max_error=10.958m (n=1218)
[INFO] [1788527160.984921471] [vslam_compare]: gt=(-0.16, 0.03, -0.02) vslam=(3.42, -4.36, -3.27) error=6.533m max_error=10.958m (n=1219)
[INFO] [1788527161.984669986] [vslam_compare]: gt=(-0.16, 0.03, -0.02) vslam=(3.42, -4.36, -3.27) error=6.537m max_error=10.958m (n=1220)
[INFO] [1788527162.984815929] [vslam_compare]: gt=(-0.17, 0.03, -0.02) vslam=(3.42, -4.36, -3.27) error=6.539m max_error=10.958m (n=1221)
[INFO] [1788527163.984775872] [vslam_compare]: gt=(-0.15, 0.04, -0.01) vslam=(3.42, -4.36, -3.27) error=6.537m max_error=10.958m (n=1222)
[INFO] [1788527164.984925627] [vslam_compare]: gt=(-0.15, 0.03, -0.02) vslam=(3.42, -4.36, -3.27) error=6.526m max_error=10.958m (n=1223)
[INFO] [1788527165.984752439] [vslam_compare]: gt=(-0.14, 0.03, -0.03) vslam=(3.42, -4.36, -3.27) error=6.523m max_error=10.958m (n=1224)
[INFO] [1788527166.984691400] [vslam_compare]: gt=(-0.16, 0.05, -0.03) vslam=(3.42, -4.36, -3.27) error=6.535m max_error=10.958m (n=1225)
[INFO] [1788527167.984738244] [vslam_compare]: gt=(-0.17, 0.06, -0.02) vslam=(3.42, -4.36, -3.27) error=6.556m max_error=10.958m (n=1226)
[INFO] [1788527168.984840567] [vslam_compare]: gt=(-0.16, 0.07, -0.02) vslam=(3.42, -4.36, -3.27) error=6.561m max_error=10.958m (n=1227)
[INFO] [1788527169.984866624] [vslam_compare]: gt=(-0.17, 0.07, -0.01) vslam=(3.42, -4.36, -3.27) error=6.569m max_error=10.958m (n=1228)
[INFO] [1788527170.985070169] [vslam_compare]: gt=(-0.17, 0.07, -0.0) vslam=(3.42, -4.36, -3.27) error=6.573m max_error=10.958m (n=1229)
[INFO] [1788527171.984887748] [vslam_compare]: gt=(-0.17, 0.08, -0.0) vslam=(3.42, -4.36, -3.27) error=6.578m max_error=10.958m (n=1230)
[INFO] [1788527172.984612113] [vslam_compare]: gt=(-0.16, 0.09, 0.0) vslam=(3.42, -4.36, -3.27) error=6.587m max_error=10.958m (n=1231)
[INFO] [1788527173.985044734] [vslam_compare]: gt=(-0.17, 0.08, 0.0) vslam=(3.42, -4.36, -3.27) error=6.583m max_error=10.958m (n=1232)
[INFO] [1788527174.984958868] [vslam_compare]: gt=(-0.19, 0.07, -0.0) vslam=(3.42, -4.36, -3.27) error=6.581m max_error=10.958m (n=1233)
[INFO] [1788527175.984632788] [vslam_compare]: gt=(-0.18, 0.06, -0.0) vslam=(3.42, -4.36, -3.27) error=6.573m max_error=10.958m (n=1234)
[INFO] [1788527176.984847622] [vslam_compare]: gt=(-0.16, 0.03, -0.01) vslam=(3.42, -4.36, -3.27) error=6.542m max_error=10.958m (n=1235)
[INFO] [1788527177.984609086] [vslam_compare]: gt=(-0.15, 0.02, -0.02) vslam=(3.42, -4.36, -3.27) error=6.524m max_error=10.958m (n=1236)
[INFO] [1788527178.984771153] [vslam_compare]: gt=(-0.14, 0.03, -0.03) vslam=(3.42, -4.36, -3.27) error=6.519m max_error=10.958m (n=1237)
[INFO] [1788527179.984775923] [vslam_compare]: gt=(-0.14, 0.03, -0.02) vslam=(3.42, -4.36, -3.27) error=6.523m max_error=10.958m (n=1238)
[INFO] [1788527180.984742466] [vslam_compare]: gt=(-0.15, 0.03, -0.02) vslam=(3.42, -4.36, -3.27) error=6.528m max_error=10.958m (n=1239)
[INFO] [1788527181.984745926] [vslam_compare]: gt=(-0.15, 0.02, -0.01) vslam=(3.42, -4.36, -3.27) error=6.531m max_error=10.958m (n=1240)
[INFO] [1788527182.984824451] [vslam_compare]: gt=(-0.16, 0.04, -0.01) vslam=(3.42, -4.36, -3.27) error=6.542m max_error=10.958m (n=1241)
[INFO] [1788527183.984694403] [vslam_compare]: gt=(-0.15, 0.04, -0.01) vslam=(3.42, -4.36, -3.27) error=6.545m max_error=10.958m (n=1242)
[INFO] [1788527184.984576137] [vslam_compare]: gt=(-0.14, 0.04, 0.0) vslam=(3.42, -4.36, -3.27) error=6.543m max_error=10.958m (n=1243)
[INFO] [1788527185.984867234] [vslam_compare]: gt=(-0.16, 0.04, 0.01) vslam=(3.42, -4.36, -3.27) error=6.553m max_error=10.958m (n=1244)
[INFO] [1788527186.985199316] [vslam_compare]: gt=(-0.17, 0.05, -0.0) vslam=(3.42, -4.36, -3.27) error=6.561m max_error=10.958m (n=1245)
[INFO] [1788527187.984655530] [vslam_compare]: gt=(-0.18, 0.06, -0.01) vslam=(3.42, -4.36, -3.27) error=6.572m max_error=10.958m (n=1246)
[INFO] [1788527188.985068494] [vslam_compare]: gt=(-0.17, 0.08, -0.01) vslam=(3.42, -4.36, -3.27) error=6.575m max_error=10.958m (n=1247)
[INFO] [1788527189.984582800] [vslam_compare]: gt=(-0.15, 0.08, -0.0) vslam=(3.42, -4.36, -3.27) error=6.571m max_error=10.958m (n=1248)
[INFO] [1788527190.984778705] [vslam_compare]: gt=(-0.15, 0.07, 0.0) vslam=(3.42, -4.36, -3.27) error=6.570m max_error=10.958m (n=1249)
[INFO] [1788527191.984720992] [vslam_compare]: gt=(-0.17, 0.07, 0.0) vslam=(3.42, -4.36, -3.27) error=6.573m max_error=10.958m (n=1250)
[INFO] [1788527192.984962052] [vslam_compare]: gt=(-0.17, 0.05, 0.0) vslam=(3.42, -4.36, -3.27) error=6.567m max_error=10.958m (n=1251)
[INFO] [1788527193.984787532] [vslam_compare]: gt=(-0.15, 0.04, 0.01) vslam=(3.42, -4.36, -3.27) error=6.554m max_error=10.958m (n=1252)
[INFO] [1788527194.984774484] [vslam_compare]: gt=(-0.15, 0.04, -0.0) vslam=(3.42, -4.36, -3.27) error=6.545m max_error=10.958m (n=1253)
[INFO] [1788527195.984974503] [vslam_compare]: gt=(-0.16, 0.04, -0.01) vslam=(3.42, -4.36, -3.27) error=6.547m max_error=10.958m (n=1254)
[INFO] [1788527196.984566453] [vslam_compare]: gt=(-0.15, 0.04, 0.0) vslam=(3.42, -4.36, -3.27) error=6.546m max_error=10.958m (n=1255)
[INFO] [1788527197.984698960] [vslam_compare]: gt=(-0.15, 0.03, -0.01) vslam=(3.42, -4.36, -3.27) error=6.535m max_error=10.958m (n=1256)
[INFO] [1788527198.985044378] [vslam_compare]: gt=(-0.15, 0.03, -0.01) vslam=(3.42, -4.36, -3.27) error=6.533m max_error=10.958m (n=1257)
[INFO] [1788527199.984669688] [vslam_compare]: gt=(-0.16, 0.02, 0.01) vslam=(3.42, -4.36, -3.27) error=6.540m max_error=10.958m (n=1258)
[INFO] [1788527200.984682102] [vslam_compare]: gt=(-0.16, 0.02, 0.02) vslam=(3.42, -4.36, -3.27) error=6.549m max_error=10.958m (n=1259)
[INFO] [1788527201.984935860] [vslam_compare]: gt=(-0.16, 0.03, 0.02) vslam=(3.42, -4.36, -3.27) error=6.553m max_error=10.958m (n=1260)
[INFO] [1788527202.984803686] [vslam_compare]: gt=(-0.15, 0.03, 0.01) vslam=(3.42, -4.36, -3.27) error=6.544m max_error=10.958m (n=1261)
[INFO] [1788527203.984909193] [vslam_compare]: gt=(-0.15, 0.03, -0.0) vslam=(3.42, -4.36, -3.27) error=6.540m max_error=10.958m (n=1262)
[INFO] [1788527204.984778260] [vslam_compare]: gt=(-0.15, 0.04, -0.01) vslam=(3.42, -4.36, -3.27) error=6.543m max_error=10.958m (n=1263)
[INFO] [1788527205.984874430] [vslam_compare]: gt=(-0.15, 0.05, -0.02) vslam=(3.42, -4.36, -3.27) error=6.544m max_error=10.958m (n=1264)
[INFO] [1788527206.984903033] [vslam_compare]: gt=(-0.15, 0.05, -0.01) vslam=(3.42, -4.36, -3.27) error=6.543m max_error=10.958m (n=1265)
[INFO] [1788527207.984596375] [vslam_compare]: gt=(-0.14, 0.04, -0.01) vslam=(3.42, -4.36, -3.27) error=6.536m max_error=10.958m (n=1266)
[INFO] [1788527208.984927537] [vslam_compare]: gt=(-0.14, 0.04, -0.01) vslam=(3.42, -4.36, -3.27) error=6.537m max_error=10.958m (n=1267)
[INFO] [1788527209.984678771] [vslam_compare]: gt=(-0.14, 0.04, -0.02) vslam=(3.42, -4.36, -3.27) error=6.529m max_error=10.958m (n=1268)
[INFO] [1788527210.984637838] [vslam_compare]: gt=(-0.13, 0.04, -0.02) vslam=(3.42, -4.36, -3.27) error=6.522m max_error=10.958m (n=1269)
[INFO] [1788527211.984811732] [vslam_compare]: gt=(-0.14, 0.02, -0.02) vslam=(3.42, -4.36, -3.27) error=6.522m max_error=10.958m (n=1270)
[INFO] [1788527212.984606768] [vslam_compare]: gt=(-0.15, 0.02, 0.0) vslam=(3.42, -4.36, -3.27) error=6.529m max_error=10.958m (n=1271)
[INFO] [1788527213.984744169] [vslam_compare]: gt=(-0.15, 0.03, 0.01) vslam=(3.42, -4.36, -3.27) error=6.543m max_error=10.958m (n=1272)
[INFO] [1788527214.985154348] [vslam_compare]: gt=(-0.16, 0.03, 0.01) vslam=(3.42, -4.36, -3.27) error=6.545m max_error=10.958m (n=1273)
[INFO] [1788527215.984681075] [vslam_compare]: gt=(-0.17, 0.02, 0.01) vslam=(3.42, -4.36, -3.27) error=6.546m max_error=10.958m (n=1274)
[INFO] [1788527216.984808509] [vslam_compare]: gt=(-0.17, 0.02, 0.01) vslam=(3.42, -4.36, -3.27) error=6.547m max_error=10.958m (n=1275)
[INFO] [1788527217.984825640] [vslam_compare]: gt=(-0.17, 0.02, 0.0) vslam=(3.42, -4.36, -3.27) error=6.545m max_error=10.958m (n=1276)
[INFO] [1788527218.985044093] [vslam_compare]: gt=(-0.16, 0.02, 0.01) vslam=(3.42, -4.36, -3.27) error=6.537m max_error=10.958m (n=1277)
[INFO] [1788527219.984804032] [vslam_compare]: gt=(-0.16, 0.01, 0.0) vslam=(3.42, -4.36, -3.27) error=6.532m max_error=10.958m (n=1278)
[INFO] [1788527220.984565216] [vslam_compare]: gt=(-0.15, 0.03, -0.0) vslam=(3.42, -4.36, -3.27) error=6.536m max_error=10.958m (n=1279)
[INFO] [1788527221.984610222] [vslam_compare]: gt=(-0.15, 0.04, -0.01) vslam=(3.42, -4.36, -3.27) error=6.539m max_error=10.958m (n=1280)
[INFO] [1788527222.984903188] [vslam_compare]: gt=(-0.15, 0.02, -0.01) vslam=(3.42, -4.36, -3.27) error=6.525m max_error=10.958m (n=1281)
[INFO] [1788527223.984829881] [vslam_compare]: gt=(-0.15, 0.02, -0.02) vslam=(3.42, -4.36, -3.27) error=6.517m max_error=10.958m (n=1282)
[INFO] [1788527224.984908957] [vslam_compare]: gt=(-0.15, 0.01, -0.03) vslam=(3.42, -4.36, -3.27) error=6.509m max_error=10.958m (n=1283)
[INFO] [1788527225.984570552] [vslam_compare]: gt=(-0.17, 0.01, -0.03) vslam=(3.42, -4.36, -3.27) error=6.515m max_error=10.958m (n=1284)
[INFO] [1788527226.984821565] [vslam_compare]: gt=(-0.16, 0.0, -0.03) vslam=(3.42, -4.36, -3.27) error=6.512m max_error=10.958m (n=1285)
[INFO] [1788527227.984691974] [vslam_compare]: gt=(-0.16, -0.02, -0.01) vslam=(3.42, -4.36, -3.27) error=6.509m max_error=10.958m (n=1286)
[INFO] [1788527228.984850263] [vslam_compare]: gt=(-0.16, -0.02, -0.0) vslam=(3.42, -4.36, -3.27) error=6.512m max_error=10.958m (n=1287)
[INFO] [1788527229.984750515] [vslam_compare]: gt=(-0.15, 0.0, -0.0) vslam=(3.42, -4.36, -3.27) error=6.519m max_error=10.958m (n=1288)
[INFO] [1788527230.984699143] [vslam_compare]: gt=(-0.15, 0.02, 0.0) vslam=(3.42, -4.36, -3.27) error=6.528m max_error=10.958m (n=1289)
[INFO] [1788527231.985153468] [vslam_compare]: gt=(-0.16, 0.04, 0.0) vslam=(3.42, -4.36, -3.27) error=6.550m max_error=10.958m (n=1290)
[INFO] [1788527232.984771851] [vslam_compare]: gt=(-0.16, 0.05, -0.02) vslam=(3.42, -4.36, -3.27) error=6.552m max_error=10.958m (n=1291)
[INFO] [1788527233.985006065] [vslam_compare]: gt=(-0.15, 0.06, -0.03) vslam=(3.42, -4.36, -3.27) error=6.545m max_error=10.958m (n=1292)
[INFO] [1788527234.984573687] [vslam_compare]: gt=(-0.16, 0.07, -0.03) vslam=(3.42, -4.36, -3.27) error=6.559m max_error=10.958m (n=1293)
[INFO] [1788527235.984636021] [vslam_compare]: gt=(-0.15, 0.07, -0.02) vslam=(3.42, -4.36, -3.27) error=6.552m max_error=10.958m (n=1294)
[INFO] [1788527236.985066407] [vslam_compare]: gt=(-0.13, 0.06, -0.03) vslam=(3.42, -4.36, -3.27) error=6.537m max_error=10.958m (n=1295)
[INFO] [1788527237.985071105] [vslam_compare]: gt=(-0.13, 0.06, -0.03) vslam=(3.42, -4.36, -3.27) error=6.533m max_error=10.958m (n=1296)
[INFO] [1788527238.985219361] [vslam_compare]: gt=(-0.14, 0.05, -0.03) vslam=(3.42, -4.36, -3.27) error=6.529m max_error=10.958m (n=1297)
[INFO] [1788527239.985196240] [vslam_compare]: gt=(-0.14, 0.04, -0.03) vslam=(3.42, -4.36, -3.27) error=6.527m max_error=10.958m (n=1298)
[INFO] [1788527240.984612820] [vslam_compare]: gt=(-0.15, 0.03, -0.02) vslam=(3.42, -4.36, -3.27) error=6.525m max_error=10.958m (n=1299)
[INFO] [1788527241.984890448] [vslam_compare]: gt=(-0.15, 0.01, -0.01) vslam=(3.42, -4.36, -3.27) error=6.523m max_error=10.958m (n=1300)
[INFO] [1788527242.984753239] [vslam_compare]: gt=(-0.15, 0.01, -0.01) vslam=(3.42, -4.36, -3.27) error=6.523m max_error=10.958m (n=1301)
[INFO] [1788527243.984974101] [vslam_compare]: gt=(-0.15, 0.03, -0.02) vslam=(3.42, -4.36, -3.27) error=6.530m max_error=10.958m (n=1302)
[INFO] [1788527244.984968976] [vslam_compare]: gt=(-0.16, 0.05, -0.01) vslam=(3.42, -4.36, -3.27) error=6.551m max_error=10.958m (n=1303)
[INFO] [1788527245.984800480] [vslam_compare]: gt=(-0.15, 0.06, -0.01) vslam=(3.42, -4.36, -3.27) error=6.549m max_error=10.958m (n=1304)
[INFO] [1788527246.984767526] [vslam_compare]: gt=(-0.14, 0.03, -0.02) vslam=(3.42, -4.36, -3.27) error=6.524m max_error=10.958m (n=1305)
[INFO] [1788527247.984976659] [vslam_compare]: gt=(-0.13, 0.02, -0.02) vslam=(3.42, -4.36, -3.27) error=6.511m max_error=10.958m (n=1306)
[INFO] [1788527248.984855864] [vslam_compare]: gt=(-0.12, 0.02, -0.03) vslam=(3.42, -4.36, -3.27) error=6.501m max_error=10.958m (n=1307)
[INFO] [1788527249.984914404] [vslam_compare]: gt=(-0.12, 0.02, -0.03) vslam=(3.42, -4.36, -3.27) error=6.502m max_error=10.958m (n=1308)
[INFO] [1788527250.984918014] [vslam_compare]: gt=(-0.13, 0.02, -0.02) vslam=(3.42, -4.36, -3.27) error=6.514m max_error=10.958m (n=1309)
[INFO] [1788527251.984758563] [vslam_compare]: gt=(-0.13, 0.02, -0.02) vslam=(3.42, -4.36, -3.27) error=6.514m max_error=10.958m (n=1310)
[INFO] [1788527252.984710516] [vslam_compare]: gt=(-0.13, 0.01, -0.01) vslam=(3.42, -4.36, -3.27) error=6.508m max_error=10.958m (n=1311)
[INFO] [1788527253.984966607] [vslam_compare]: gt=(-0.14, 0.02, -0.01) vslam=(3.42, -4.36, -3.27) error=6.521m max_error=10.958m (n=1312)
[INFO] [1788527254.984796859] [vslam_compare]: gt=(-0.15, 0.03, -0.0) vslam=(3.42, -4.36, -3.27) error=6.538m max_error=10.958m (n=1313)
[INFO] [1788527255.985174434] [vslam_compare]: gt=(-0.16, 0.03, -0.01) vslam=(3.42, -4.36, -3.27) error=6.538m max_error=10.958m (n=1314)
[INFO] [1788527256.984866750] [vslam_compare]: gt=(-0.14, 0.03, -0.01) vslam=(3.42, -4.36, -3.27) error=6.530m max_error=10.958m (n=1315)
[INFO] [1788527257.984839943] [vslam_compare]: gt=(-0.15, 0.03, -0.01) vslam=(3.42, -4.36, -3.27) error=6.533m max_error=10.958m (n=1316)
[INFO] [1788527258.984612330] [vslam_compare]: gt=(-0.16, 0.04, -0.01) vslam=(3.42, -4.36, -3.27) error=6.540m max_error=10.958m (n=1317)
[INFO] [1788527259.984688832] [vslam_compare]: gt=(-0.16, 0.04, -0.02) vslam=(3.42, -4.36, -3.27) error=6.545m max_error=10.958m (n=1318)
[INFO] [1788527260.984836761] [vslam_compare]: gt=(-0.16, 0.05, -0.01) vslam=(3.42, -4.36, -3.27) error=6.551m max_error=10.958m (n=1319)
[INFO] [1788527261.984904607] [vslam_compare]: gt=(-0.15, 0.05, -0.01) vslam=(3.42, -4.36, -3.27) error=6.547m max_error=10.958m (n=1320)
[INFO] [1788527262.985156104] [vslam_compare]: gt=(-0.14, 0.04, -0.02) vslam=(3.42, -4.36, -3.27) error=6.528m max_error=10.958m (n=1321)
[INFO] [1788527263.984850628] [vslam_compare]: gt=(-0.13, 0.05, -0.01) vslam=(3.42, -4.36, -3.27) error=6.532m max_error=10.958m (n=1322)
[INFO] [1788527264.984712734] [vslam_compare]: gt=(-0.15, 0.07, -0.01) vslam=(3.42, -4.36, -3.27) error=6.561m max_error=10.958m (n=1323)
[INFO] [1788527265.984895888] [vslam_compare]: gt=(-0.16, 0.07, -0.01) vslam=(3.42, -4.36, -3.27) error=6.569m max_error=10.958m (n=1324)
[INFO] [1788527266.984881914] [vslam_compare]: gt=(-0.16, 0.06, -0.0) vslam=(3.42, -4.36, -3.27) error=6.560m max_error=10.958m (n=1325)
[INFO] [1788527267.984890881] [vslam_compare]: gt=(-0.15, 0.05, 0.01) vslam=(3.42, -4.36, -3.27) error=6.561m max_error=10.958m (n=1326)
[INFO] [1788527268.985080600] [vslam_compare]: gt=(-0.16, 0.06, 0.01) vslam=(3.42, -4.36, -3.27) error=6.565m max_error=10.958m (n=1327)
[INFO] [1788527269.984926017] [vslam_compare]: gt=(-0.16, 0.07, 0.01) vslam=(3.42, -4.36, -3.27) error=6.573m max_error=10.958m (n=1328)
[INFO] [1788527270.984930165] [vslam_compare]: gt=(-0.14, 0.06, 0.02) vslam=(3.42, -4.36, -3.27) error=6.566m max_error=10.958m (n=1329)
[INFO] [1788527271.984772444] [vslam_compare]: gt=(-0.14, 0.07, 0.02) vslam=(3.42, -4.36, -3.27) error=6.564m max_error=10.958m (n=1330)
[INFO] [1788527272.984851173] [vslam_compare]: gt=(-0.14, 0.06, 0.02) vslam=(3.42, -4.36, -3.27) error=6.570m max_error=10.958m (n=1331)
[INFO] [1788527273.984774316] [vslam_compare]: gt=(-0.14, 0.06, 0.03) vslam=(3.42, -4.36, -3.27) error=6.564m max_error=10.958m (n=1332)
[INFO] [1788527274.985001865] [vslam_compare]: gt=(-0.14, 0.04, 0.02) vslam=(3.42, -4.36, -3.27) error=6.547m max_error=10.958m (n=1333)
[INFO] [1788527275.984997081] [vslam_compare]: gt=(-0.13, 0.02, 0.02) vslam=(3.42, -4.36, -3.27) error=6.530m max_error=10.958m (n=1334)
[INFO] [1788527276.984690547] [vslam_compare]: gt=(-0.13, 0.02, 0.01) vslam=(3.42, -4.36, -3.27) error=6.526m max_error=10.958m (n=1335)
[INFO] [1788527277.984643074] [vslam_compare]: gt=(-0.12, 0.02, 0.02) vslam=(3.42, -4.36, -3.27) error=6.527m max_error=10.958m (n=1336)
[INFO] [1788527278.984826286] [vslam_compare]: gt=(-0.13, 0.03, 0.01) vslam=(3.42, -4.36, -3.27) error=6.534m max_error=10.958m (n=1337)
[INFO] [1788527279.984687212] [vslam_compare]: gt=(-0.13, 0.03, 0.0) vslam=(3.42, -4.36, -3.27) error=6.531m max_error=10.958m (n=1338)
[INFO] [1788527280.984737784] [vslam_compare]: gt=(-0.14, 0.02, -0.0) vslam=(3.42, -4.36, -3.27) error=6.527m max_error=10.958m (n=1339)
[INFO] [1788527281.985141376] [vslam_compare]: gt=(-0.16, 0.03, -0.0) vslam=(3.42, -4.36, -3.27) error=6.543m max_error=10.958m (n=1340)
[INFO] [1788527282.984786618] [vslam_compare]: gt=(-0.16, 0.05, 0.01) vslam=(3.42, -4.36, -3.27) error=6.560m max_error=10.958m (n=1341)
[INFO] [1788527283.985083942] [vslam_compare]: gt=(-0.16, 0.04, 0.0) vslam=(3.42, -4.36, -3.27) error=6.554m max_error=10.958m (n=1342)
[INFO] [1788527284.984838183] [vslam_compare]: gt=(-0.15, 0.03, 0.0) vslam=(3.42, -4.36, -3.27) error=6.545m max_error=10.958m (n=1343)
[INFO] [1788527285.984913144] [vslam_compare]: gt=(-0.15, 0.04, 0.01) vslam=(3.42, -4.36, -3.27) error=6.547m max_error=10.958m (n=1344)
[INFO] [1788527286.984590753] [vslam_compare]: gt=(-0.15, 0.04, 0.0) vslam=(3.42, -4.36, -3.27) error=6.547m max_error=10.958m (n=1345)
[INFO] [1788527287.984992210] [vslam_compare]: gt=(-0.15, 0.04, 0.0) vslam=(3.42, -4.36, -3.27) error=6.543m max_error=10.958m (n=1346)
[INFO] [1788527288.984769168] [vslam_compare]: gt=(-0.14, 0.03, 0.0) vslam=(3.42, -4.36, -3.27) error=6.536m max_error=10.958m (n=1347)
[INFO] [1788527289.984886761] [vslam_compare]: gt=(-0.14, 0.03, 0.0) vslam=(3.42, -4.36, -3.27) error=6.533m max_error=10.958m (n=1348)
[INFO] [1788527290.984655853] [vslam_compare]: gt=(-0.15, 0.01, 0.01) vslam=(3.42, -4.36, -3.27) error=6.532m max_error=10.958m (n=1349)
[INFO] [1788527291.984820380] [vslam_compare]: gt=(-0.15, 0.01, 0.02) vslam=(3.42, -4.36, -3.27) error=6.530m max_error=10.958m (n=1350)
[INFO] [1788527292.984887784] [vslam_compare]: gt=(-0.14, 0.02, 0.02) vslam=(3.42, -4.36, -3.27) error=6.532m max_error=10.958m (n=1351)
[INFO] [1788527293.985195140] [vslam_compare]: gt=(-0.14, 0.02, 0.01) vslam=(3.42, -4.36, -3.27) error=6.532m max_error=10.958m (n=1352)
[INFO] [1788527294.985075885] [vslam_compare]: gt=(-0.14, 0.02, -0.0) vslam=(3.42, -4.36, -3.27) error=6.526m max_error=10.958m (n=1353)
[INFO] [1788527295.984586574] [vslam_compare]: gt=(-0.14, 0.03, -0.01) vslam=(3.42, -4.36, -3.27) error=6.525m max_error=10.958m (n=1354)
[INFO] [1788527296.984870197] [vslam_compare]: gt=(-0.13, 0.02, -0.01) vslam=(3.42, -4.36, -3.27) error=6.520m max_error=10.958m (n=1355)
[INFO] [1788527297.984948170] [vslam_compare]: gt=(-0.14, 0.02, -0.0) vslam=(3.42, -4.36, -3.27) error=6.524m max_error=10.958m (n=1356)
[INFO] [1788527298.985199688] [vslam_compare]: gt=(-0.15, 0.01, -0.0) vslam=(3.42, -4.36, -3.27) error=6.523m max_error=10.958m (n=1357)
[INFO] [1788527299.984861684] [vslam_compare]: gt=(-0.15, 0.0, 0.01) vslam=(3.42, -4.36, -3.27) error=6.528m max_error=10.958m (n=1358)
[INFO] [1788527300.985008430] [vslam_compare]: gt=(-0.17, 0.0, 0.01) vslam=(3.42, -4.36, -3.27) error=6.537m max_error=10.958m (n=1359)
[INFO] [1788527301.984859754] [vslam_compare]: gt=(-0.18, 0.01, 0.02) vslam=(3.42, -4.36, -3.27) error=6.553m max_error=10.958m (n=1360)
[INFO] [1788527302.985024325] [vslam_compare]: gt=(-0.17, 0.03, 0.03) vslam=(3.42, -4.36, -3.27) error=6.561m max_error=10.958m (n=1361)
[INFO] [1788527303.984670557] [vslam_compare]: gt=(-0.17, 0.03, 0.02) vslam=(3.42, -4.36, -3.27) error=6.558m max_error=10.958m (n=1362)
[INFO] [1788527304.984992851] [vslam_compare]: gt=(-0.19, 0.03, 0.01) vslam=(3.42, -4.36, -3.27) error=6.560m max_error=10.958m (n=1363)
[INFO] [1788527305.984735370] [vslam_compare]: gt=(-0.19, 0.04, 0.0) vslam=(3.42, -4.36, -3.27) error=6.567m max_error=10.958m (n=1364)
[INFO] [1788527306.984594723] [vslam_compare]: gt=(-0.18, 0.05, 0.01) vslam=(3.42, -4.36, -3.27) error=6.572m max_error=10.958m (n=1365)
[INFO] [1788527307.984675748] [vslam_compare]: gt=(-0.19, 0.04, 0.01) vslam=(3.42, -4.36, -3.27) error=6.574m max_error=10.958m (n=1366)
[INFO] [1788527308.984982824] [vslam_compare]: gt=(-0.19, 0.04, 0.01) vslam=(3.42, -4.36, -3.27) error=6.568m max_error=10.958m (n=1367)
[INFO] [1788527309.984748345] [vslam_compare]: gt=(-0.17, 0.04, 0.0) vslam=(3.42, -4.36, -3.27) error=6.559m max_error=10.958m (n=1368)
[INFO] [1788527310.985364035] [vslam_compare]: gt=(-0.15, 0.02, -0.0) vslam=(3.42, -4.36, -3.27) error=6.530m max_error=10.958m (n=1369)
[INFO] [1788527311.984997336] [vslam_compare]: gt=(-0.14, 0.01, -0.01) vslam=(3.42, -4.36, -3.27) error=6.517m max_error=10.958m (n=1370)
[INFO] [1788527312.984809611] [vslam_compare]: gt=(-0.13, 0.02, -0.01) vslam=(3.42, -4.36, -3.27) error=6.516m max_error=10.958m (n=1371)
[INFO] [1788527313.984739651] [vslam_compare]: gt=(-0.12, 0.03, -0.01) vslam=(3.42, -4.36, -3.27) error=6.522m max_error=10.958m (n=1372)
[INFO] [1788527314.985302977] [vslam_compare]: gt=(-0.13, 0.03, -0.0) vslam=(3.42, -4.36, -3.27) error=6.527m max_error=10.958m (n=1373)
[INFO] [1788527315.984953168] [vslam_compare]: gt=(-0.15, 0.03, 0.01) vslam=(3.42, -4.36, -3.27) error=6.538m max_error=10.958m (n=1374)
[INFO] [1788527316.984846131] [vslam_compare]: gt=(-0.16, 0.02, 0.01) vslam=(3.42, -4.36, -3.27) error=6.545m max_error=10.958m (n=1375)
[INFO] [1788527317.984831383] [vslam_compare]: gt=(-0.16, 0.03, 0.02) vslam=(3.42, -4.36, -3.27) error=6.553m max_error=10.958m (n=1376)
[INFO] [1788527318.984753441] [vslam_compare]: gt=(-0.15, 0.03, 0.01) vslam=(3.42, -4.36, -3.27) error=6.547m max_error=10.958m (n=1377)
[INFO] [1788527319.984774592] [vslam_compare]: gt=(-0.15, 0.04, -0.0) vslam=(3.42, -4.36, -3.27) error=6.544m max_error=10.958m (n=1378)
[INFO] [1788527320.984627635] [vslam_compare]: gt=(-0.15, 0.05, -0.01) vslam=(3.42, -4.36, -3.27) error=6.547m max_error=10.958m (n=1379)
[INFO] [1788527321.984604644] [vslam_compare]: gt=(-0.15, 0.05, -0.02) vslam=(3.42, -4.36, -3.27) error=6.542m max_error=10.958m (n=1380)
[INFO] [1788527322.985386393] [vslam_compare]: gt=(-0.17, 0.04, -0.02) vslam=(3.42, -4.36, -3.27) error=6.546m max_error=10.958m (n=1381)
[INFO] [1788527323.984978334] [vslam_compare]: gt=(-0.18, 0.03, -0.01) vslam=(3.42, -4.36, -3.27) error=6.547m max_error=10.958m (n=1382)
[INFO] [1788527324.984995215] [vslam_compare]: gt=(-0.17, 0.02, -0.01) vslam=(3.42, -4.36, -3.27) error=6.542m max_error=10.958m (n=1383)
[INFO] [1788527325.985615093] [vslam_compare]: gt=(-0.16, 0.02, -0.01) vslam=(3.42, -4.36, -3.27) error=6.527m max_error=10.958m (n=1384)
[INFO] [1788527326.986111045] [vslam_compare]: gt=(-0.16, 0.02, -0.02) vslam=(3.42, -4.36, -3.27) error=6.524m max_error=10.958m (n=1385)
[INFO] [1788527327.984680985] [vslam_compare]: gt=(-0.16, 0.03, -0.04) vslam=(3.42, -4.36, -3.27) error=6.524m max_error=10.958m (n=1386)
[INFO] [1788527328.984828886] [vslam_compare]: gt=(-0.17, 0.03, -0.04) vslam=(3.42, -4.36, -3.27) error=6.534m max_error=10.958m (n=1387)
[INFO] [1788527329.984708162] [vslam_compare]: gt=(-0.18, 0.04, -0.02) vslam=(3.42, -4.36, -3.27) error=6.546m max_error=10.958m (n=1388)
[INFO] [1788527330.984748635] [vslam_compare]: gt=(-0.17, 0.03, -0.01) vslam=(3.42, -4.36, -3.27) error=6.543m max_error=10.958m (n=1389)
[INFO] [1788527331.984979284] [vslam_compare]: gt=(-0.16, 0.02, -0.01) vslam=(3.42, -4.36, -3.27) error=6.537m max_error=10.958m (n=1390)
[INFO] [1788527332.985318461] [vslam_compare]: gt=(-0.17, 0.02, 0.0) vslam=(3.42, -4.36, -3.27) error=6.547m max_error=10.958m (n=1391)
[INFO] [1788527333.984671041] [vslam_compare]: gt=(-0.18, 0.02, 0.0) vslam=(3.42, -4.36, -3.27) error=6.551m max_error=10.958m (n=1392)
[INFO] [1788527334.985194068] [vslam_compare]: gt=(-0.19, 0.02, -0.01) vslam=(3.42, -4.36, -3.27) error=6.546m max_error=10.958m (n=1393)
[INFO] [1788527335.984853303] [vslam_compare]: gt=(-0.18, 0.02, -0.02) vslam=(3.42, -4.36, -3.27) error=6.537m max_error=10.958m (n=1394)
[INFO] [1788527336.984924362] [vslam_compare]: gt=(-0.17, 0.02, -0.02) vslam=(3.42, -4.36, -3.27) error=6.533m max_error=10.958m (n=1395)
[INFO] [1788527337.984541063] [vslam_compare]: gt=(-0.17, 0.02, -0.02) vslam=(3.42, -4.36, -3.27) error=6.534m max_error=10.958m (n=1396)
[INFO] [1788527338.984794129] [vslam_compare]: gt=(-0.16, 0.02, -0.03) vslam=(3.42, -4.36, -3.27) error=6.527m max_error=10.958m (n=1397)
[INFO] [1788527339.984762440] [vslam_compare]: gt=(-0.15, 0.02, -0.02) vslam=(3.42, -4.36, -3.27) error=6.518m max_error=10.958m (n=1398)
[INFO] [1788527340.984738409] [vslam_compare]: gt=(-0.15, 0.03, -0.01) vslam=(3.42, -4.36, -3.27) error=6.536m max_error=10.958m (n=1399)
[INFO] [1788527341.984882541] [vslam_compare]: gt=(-0.16, 0.04, -0.01) vslam=(3.42, -4.36, -3.27) error=6.544m max_error=10.958m (n=1400)
[INFO] [1788527342.984830614] [vslam_compare]: gt=(-0.16, 0.04, -0.0) vslam=(3.42, -4.36, -3.27) error=6.545m max_error=10.958m (n=1401)
[INFO] [1788527343.984946261] [vslam_compare]: gt=(-0.16, 0.02, -0.0) vslam=(3.42, -4.36, -3.27) error=6.538m max_error=10.958m (n=1402)
[INFO] [1788527344.984894969] [vslam_compare]: gt=(-0.16, 0.01, 0.01) vslam=(3.42, -4.36, -3.27) error=6.533m max_error=10.958m (n=1403)
[INFO] [1788527345.984562425] [vslam_compare]: gt=(-0.17, 0.01, 0.02) vslam=(3.42, -4.36, -3.27) error=6.541m max_error=10.958m (n=1404)
[INFO] [1788527346.984704268] [vslam_compare]: gt=(-0.17, 0.03, 0.02) vslam=(3.42, -4.36, -3.27) error=6.561m max_error=10.958m (n=1405)
[INFO] [1788527347.984804509] [vslam_compare]: gt=(-0.18, 0.06, 0.01) vslam=(3.42, -4.36, -3.27) error=6.577m max_error=10.958m (n=1406)
[INFO] [1788527348.984636958] [vslam_compare]: gt=(-0.17, 0.04, 0.02) vslam=(3.42, -4.36, -3.27) error=6.562m max_error=10.958m (n=1407)
[INFO] [1788527349.985065724] [vslam_compare]: gt=(-0.15, 0.03, 0.03) vslam=(3.42, -4.36, -3.27) error=6.552m max_error=10.958m (n=1408)
[INFO] [1788527350.984651426] [vslam_compare]: gt=(-0.14, 0.03, 0.03) vslam=(3.42, -4.36, -3.27) error=6.550m max_error=10.958m (n=1409)
[INFO] [1788527351.984588239] [vslam_compare]: gt=(-0.14, 0.03, 0.04) vslam=(3.42, -4.36, -3.27) error=6.550m max_error=10.958m (n=1410)
[INFO] [1788527352.984980636] [vslam_compare]: gt=(-0.14, 0.03, 0.04) vslam=(3.42, -4.36, -3.27) error=6.556m max_error=10.958m (n=1411)
[INFO] [1788527353.984824489] [vslam_compare]: gt=(-0.14, 0.05, 0.04) vslam=(3.42, -4.36, -3.27) error=6.565m max_error=10.958m (n=1412)
[INFO] [1788527354.984924599] [vslam_compare]: gt=(-0.14, 0.05, 0.03) vslam=(3.42, -4.36, -3.27) error=6.564m max_error=10.958m (n=1413)
[INFO] [1788527355.985079554] [vslam_compare]: gt=(-0.14, 0.05, 0.02) vslam=(3.42, -4.36, -3.27) error=6.558m max_error=10.958m (n=1414)
[INFO] [1788527356.984945154] [vslam_compare]: gt=(-0.15, 0.06, 0.01) vslam=(3.42, -4.36, -3.27) error=6.563m max_error=10.958m (n=1415)
[INFO] [1788527357.984906290] [vslam_compare]: gt=(-0.16, 0.05, -0.01) vslam=(3.42, -4.36, -3.27) error=6.551m max_error=10.958m (n=1416)
[INFO] [1788527358.984719338] [vslam_compare]: gt=(-0.15, 0.04, -0.01) vslam=(3.42, -4.36, -3.27) error=6.538m max_error=10.958m (n=1417)
[INFO] [1788527359.985332118] [vslam_compare]: gt=(-0.14, 0.04, -0.02) vslam=(3.42, -4.36, -3.27) error=6.537m max_error=10.958m (n=1418)
[INFO] [1788527360.985325302] [vslam_compare]: gt=(-0.15, 0.04, -0.0) vslam=(3.42, -4.36, -3.27) error=6.539m max_error=10.958m (n=1419)
[INFO] [1788527361.984675217] [vslam_compare]: gt=(-0.14, 0.03, 0.0) vslam=(3.42, -4.36, -3.27) error=6.533m max_error=10.958m (n=1420)
[INFO] [1788527362.984742094] [vslam_compare]: gt=(-0.14, 0.03, 0.01) vslam=(3.42, -4.36, -3.27) error=6.536m max_error=10.958m (n=1421)
[INFO] [1788527363.985223034] [vslam_compare]: gt=(-0.14, 0.04, 0.01) vslam=(3.42, -4.36, -3.27) error=6.545m max_error=10.958m (n=1422)
[INFO] [1788527364.984599158] [vslam_compare]: gt=(-0.15, 0.04, 0.01) vslam=(3.42, -4.36, -3.27) error=6.548m max_error=10.958m (n=1423)
[INFO] [1788527365.984770239] [vslam_compare]: gt=(-0.16, 0.03, 0.01) vslam=(3.42, -4.36, -3.27) error=6.550m max_error=10.958m (n=1424)
[INFO] [1788527366.984821786] [vslam_compare]: gt=(-0.15, 0.04, 0.01) vslam=(3.42, -4.36, -3.27) error=6.551m max_error=10.958m (n=1425)
[INFO] [1788527367.984851810] [vslam_compare]: gt=(-0.15, 0.04, 0.02) vslam=(3.42, -4.36, -3.27) error=6.556m max_error=10.958m (n=1426)
[INFO] [1788527368.984796379] [vslam_compare]: gt=(-0.16, 0.04, 0.02) vslam=(3.42, -4.36, -3.27) error=6.559m max_error=10.958m (n=1427)
[INFO] [1788527369.985152632] [vslam_compare]: gt=(-0.17, 0.03, 0.02) vslam=(3.42, -4.36, -3.27) error=6.557m max_error=10.958m (n=1428)
[INFO] [1788527370.984581059] [vslam_compare]: gt=(-0.17, 0.02, 0.02) vslam=(3.42, -4.36, -3.27) error=6.551m max_error=10.958m (n=1429)
[INFO] [1788527371.984742207] [vslam_compare]: gt=(-0.18, 0.02, 0.02) vslam=(3.42, -4.36, -3.27) error=6.552m max_error=10.958m (n=1430)
[INFO] [1788527372.984873211] [vslam_compare]: gt=(-0.18, 0.01, 0.01) vslam=(3.42, -4.36, -3.27) error=6.545m max_error=10.958m (n=1431)
[INFO] [1788527373.984652635] [vslam_compare]: gt=(-0.17, 0.01, 0.01) vslam=(3.42, -4.36, -3.27) error=6.544m max_error=10.958m (n=1432)
[INFO] [1788527374.984963921] [vslam_compare]: gt=(-0.17, 0.02, 0.01) vslam=(3.42, -4.36, -3.27) error=6.545m max_error=10.958m (n=1433)
[INFO] [1788527375.984800029] [vslam_compare]: gt=(-0.15, 0.02, -0.0) vslam=(3.42, -4.36, -3.27) error=6.531m max_error=10.958m (n=1434)
[INFO] [1788527376.984863778] [vslam_compare]: gt=(-0.14, 0.03, 0.0) vslam=(3.42, -4.36, -3.27) error=6.531m max_error=10.958m (n=1435)
[INFO] [1788527377.984721515] [vslam_compare]: gt=(-0.14, 0.02, 0.01) vslam=(3.42, -4.36, -3.27) error=6.529m max_error=10.958m (n=1436)
[INFO] [1788527378.984733502] [vslam_compare]: gt=(-0.15, 0.02, 0.01) vslam=(3.42, -4.36, -3.27) error=6.532m max_error=10.958m (n=1437)
[INFO] [1788527379.984684592] [vslam_compare]: gt=(-0.14, 0.02, 0.01) vslam=(3.42, -4.36, -3.27) error=6.531m max_error=10.958m (n=1438)
[INFO] [1788527380.984870009] [vslam_compare]: gt=(-0.13, 0.03, -0.0) vslam=(3.42, -4.36, -3.27) error=6.531m max_error=10.958m (n=1439)
[INFO] [1788527381.985070367] [vslam_compare]: gt=(-0.14, 0.03, -0.01) vslam=(3.42, -4.36, -3.27) error=6.533m max_error=10.958m (n=1440)
[INFO] [1788527382.985119255] [vslam_compare]: gt=(-0.15, 0.03, -0.02) vslam=(3.42, -4.36, -3.27) error=6.529m max_error=10.958m (n=1441)
[INFO] [1788527383.984639538] [vslam_compare]: gt=(-0.15, 0.03, -0.02) vslam=(3.42, -4.36, -3.27) error=6.533m max_error=10.958m (n=1442)
[INFO] [1788527384.984971526] [vslam_compare]: gt=(-0.16, 0.04, -0.02) vslam=(3.42, -4.36, -3.27) error=6.539m max_error=10.958m (n=1443)
[INFO] [1788527385.984589460] [vslam_compare]: gt=(-0.16, 0.05, -0.02) vslam=(3.42, -4.36, -3.27) error=6.546m max_error=10.958m (n=1444)
[INFO] [1788527386.984643891] [vslam_compare]: gt=(-0.15, 0.06, -0.01) vslam=(3.42, -4.36, -3.27) error=6.549m max_error=10.958m (n=1445)
[INFO] [1788527387.984947403] [vslam_compare]: gt=(-0.15, 0.05, -0.0) vslam=(3.42, -4.36, -3.27) error=6.548m max_error=10.958m (n=1446)
[INFO] [1788527388.984958365] [vslam_compare]: gt=(-0.15, 0.03, 0.01) vslam=(3.42, -4.36, -3.27) error=6.540m max_error=10.958m (n=1447)
[INFO] [1788527389.984925011] [vslam_compare]: gt=(-0.14, 0.03, -0.0) vslam=(3.42, -4.36, -3.27) error=6.530m max_error=10.958m (n=1448)
[INFO] [1788527390.984891767] [vslam_compare]: gt=(-0.13, 0.02, -0.01) vslam=(3.42, -4.36, -3.27) error=6.520m max_error=10.958m (n=1449)
[INFO] [1788527391.984852393] [vslam_compare]: gt=(-0.14, 0.03, 0.0) vslam=(3.42, -4.36, -3.27) error=6.529m max_error=10.958m (n=1450)
[INFO] [1788527392.984606839] [vslam_compare]: gt=(-0.14, 0.03, 0.0) vslam=(3.42, -4.36, -3.27) error=6.538m max_error=10.958m (n=1451)
[INFO] [1788527393.984935585] [vslam_compare]: gt=(-0.15, 0.03, -0.02) vslam=(3.42, -4.36, -3.27) error=6.533m max_error=10.958m (n=1452)
[INFO] [1788527394.985041141] [vslam_compare]: gt=(-0.15, 0.04, -0.01) vslam=(3.42, -4.36, -3.27) error=6.542m max_error=10.958m (n=1453)
[INFO] [1788527395.984691227] [vslam_compare]: gt=(-0.15, 0.04, 0.0) vslam=(3.42, -4.36, -3.27) error=6.546m max_error=10.958m (n=1454)
[INFO] [1788527396.984882440] [vslam_compare]: gt=(-0.17, 0.03, 0.01) vslam=(3.42, -4.36, -3.27) error=6.553m max_error=10.958m (n=1455)
[INFO] [1788527397.984966711] [vslam_compare]: gt=(-0.16, 0.03, 0.01) vslam=(3.42, -4.36, -3.27) error=6.550m max_error=10.958m (n=1456)
[INFO] [1788527398.984709336] [vslam_compare]: gt=(-0.16, 0.02, 0.02) vslam=(3.42, -4.36, -3.27) error=6.552m max_error=10.958m (n=1457)
[INFO] [1788527399.985133041] [vslam_compare]: gt=(-0.16, 0.03, 0.03) vslam=(3.42, -4.36, -3.27) error=6.558m max_error=10.958m (n=1458)
[INFO] [1788527400.984800878] [vslam_compare]: gt=(-0.16, 0.05, 0.02) vslam=(3.42, -4.36, -3.27) error=6.561m max_error=10.958m (n=1459)
[INFO] [1788527401.984813443] [vslam_compare]: gt=(-0.16, 0.04, 0.01) vslam=(3.42, -4.36, -3.27) error=6.553m max_error=10.958m (n=1460)
[INFO] [1788527402.984755282] [vslam_compare]: gt=(-0.16, 0.03, -0.0) vslam=(3.42, -4.36, -3.27) error=6.543m max_error=10.958m (n=1461)
[INFO] [1788527403.984663586] [vslam_compare]: gt=(-0.16, 0.04, -0.01) vslam=(3.42, -4.36, -3.27) error=6.541m max_error=10.958m (n=1462)
[INFO] [1788527404.985037807] [vslam_compare]: gt=(-0.14, 0.05, -0.02) vslam=(3.42, -4.36, -3.27) error=6.532m max_error=10.958m (n=1463)
[INFO] [1788527405.984901821] [vslam_compare]: gt=(-0.14, 0.05, -0.02) vslam=(3.42, -4.36, -3.27) error=6.532m max_error=10.958m (n=1464)
[INFO] [1788527406.984715391] [vslam_compare]: gt=(-0.16, 0.04, -0.03) vslam=(3.42, -4.36, -3.27) error=6.536m max_error=10.958m (n=1465)
[INFO] [1788527407.984881078] [vslam_compare]: gt=(-0.15, 0.02, -0.02) vslam=(3.42, -4.36, -3.27) error=6.522m max_error=10.958m (n=1466)
[INFO] [1788527408.984748963] [vslam_compare]: gt=(-0.16, 0.03, -0.03) vslam=(3.42, -4.36, -3.27) error=6.524m max_error=10.958m (n=1467)
[INFO] [1788527409.985359204] [vslam_compare]: gt=(-0.16, 0.02, -0.03) vslam=(3.42, -4.36, -3.27) error=6.523m max_error=10.958m (n=1468)
[INFO] [1788527410.984898695] [vslam_compare]: gt=(-0.16, 0.02, -0.03) vslam=(3.42, -4.36, -3.27) error=6.523m max_error=10.958m (n=1469)
[INFO] [1788527411.984814955] [vslam_compare]: gt=(-0.16, 0.03, -0.03) vslam=(3.42, -4.36, -3.27) error=6.527m max_error=10.958m (n=1470)
[INFO] [1788527412.984599628] [vslam_compare]: gt=(-0.15, 0.03, -0.03) vslam=(3.42, -4.36, -3.27) error=6.522m max_error=10.958m (n=1471)
[INFO] [1788527413.984870083] [vslam_compare]: gt=(-0.14, 0.03, -0.03) vslam=(3.42, -4.36, -3.27) error=6.524m max_error=10.958m (n=1472)
[INFO] [1788527414.984613636] [vslam_compare]: gt=(-0.14, 0.04, -0.02) vslam=(3.42, -4.36, -3.27) error=6.529m max_error=10.958m (n=1473)
[INFO] [1788527415.984860615] [vslam_compare]: gt=(-0.14, 0.05, -0.01) vslam=(3.42, -4.36, -3.27) error=6.536m max_error=10.958m (n=1474)
[INFO] [1788527416.984745655] [vslam_compare]: gt=(-0.13, 0.05, -0.01) vslam=(3.42, -4.36, -3.27) error=6.538m max_error=10.958m (n=1475)
[INFO] [1788527417.984731262] [vslam_compare]: gt=(-0.13, 0.04, -0.01) vslam=(3.42, -4.36, -3.27) error=6.528m max_error=10.958m (n=1476)
[INFO] [1788527418.984638150] [vslam_compare]: gt=(-0.14, 0.04, -0.02) vslam=(3.42, -4.36, -3.27) error=6.530m max_error=10.958m (n=1477)
[INFO] [1788527419.984627050] [vslam_compare]: gt=(-0.15, 0.04, -0.02) vslam=(3.42, -4.36, -3.27) error=6.538m max_error=10.958m (n=1478)
[INFO] [1788527420.984560598] [vslam_compare]: gt=(-0.15, 0.05, -0.02) vslam=(3.42, -4.36, -3.27) error=6.541m max_error=10.958m (n=1479)
[INFO] [1788527421.984795475] [vslam_compare]: gt=(-0.14, 0.04, -0.01) vslam=(3.42, -4.36, -3.27) error=6.531m max_error=10.958m (n=1480)
[INFO] [1788527422.985009177] [vslam_compare]: gt=(-0.13, 0.04, -0.01) vslam=(3.42, -4.36, -3.27) error=6.526m max_error=10.958m (n=1481)
[INFO] [1788527423.984959326] [vslam_compare]: gt=(-0.13, 0.03, -0.02) vslam=(3.42, -4.36, -3.27) error=6.519m max_error=10.958m (n=1482)
[INFO] [1788527424.985040156] [vslam_compare]: gt=(-0.14, 0.04, -0.03) vslam=(3.42, -4.36, -3.27) error=6.524m max_error=10.958m (n=1483)
[INFO] [1788527425.984687695] [vslam_compare]: gt=(-0.14, 0.04, -0.02) vslam=(3.42, -4.36, -3.27) error=6.526m max_error=10.958m (n=1484)
[INFO] [1788527426.985021803] [vslam_compare]: gt=(-0.14, 0.05, -0.03) vslam=(3.42, -4.36, -3.27) error=6.535m max_error=10.958m (n=1485)
[INFO] [1788527427.984841034] [vslam_compare]: gt=(-0.14, 0.05, -0.03) vslam=(3.42, -4.36, -3.27) error=6.531m max_error=10.958m (n=1486)
[INFO] [1788527428.984575592] [vslam_compare]: gt=(-0.15, 0.05, -0.03) vslam=(3.42, -4.36, -3.27) error=6.539m max_error=10.958m (n=1487)
[INFO] [1788527429.984971010] [vslam_compare]: gt=(-0.15, 0.07, -0.04) vslam=(3.42, -4.36, -3.27) error=6.543m max_error=10.958m (n=1488)
[INFO] [1788527430.984622802] [vslam_compare]: gt=(-0.14, 0.07, -0.04) vslam=(3.42, -4.36, -3.27) error=6.541m max_error=10.958m (n=1489)
[INFO] [1788527431.984765366] [vslam_compare]: gt=(-0.14, 0.06, -0.04) vslam=(3.42, -4.36, -3.27) error=6.537m max_error=10.958m (n=1490)
[INFO] [1788527432.985451746] [vslam_compare]: gt=(-0.14, 0.06, -0.04) vslam=(3.42, -4.36, -3.27) error=6.536m max_error=10.958m (n=1491)
[INFO] [1788527433.984720818] [vslam_compare]: gt=(-0.15, 0.05, -0.04) vslam=(3.42, -4.36, -3.27) error=6.538m max_error=10.958m (n=1492)
[INFO] [1788527434.984732281] [vslam_compare]: gt=(-0.17, 0.04, -0.04) vslam=(3.42, -4.36, -3.27) error=6.539m max_error=10.958m (n=1493)
[INFO] [1788527435.984844736] [vslam_compare]: gt=(-0.18, 0.04, -0.03) vslam=(3.42, -4.36, -3.27) error=6.543m max_error=10.958m (n=1494)
[INFO] [1788527436.984999699] [vslam_compare]: gt=(-0.17, 0.04, -0.03) vslam=(3.42, -4.36, -3.27) error=6.544m max_error=10.958m (n=1495)
[INFO] [1788527437.985019068] [vslam_compare]: gt=(-0.17, 0.05, -0.03) vslam=(3.42, -4.36, -3.27) error=6.546m max_error=10.958m (n=1496)
[INFO] [1788527438.984968960] [vslam_compare]: gt=(-0.17, 0.05, -0.03) vslam=(3.42, -4.36, -3.27) error=6.545m max_error=10.958m (n=1497)
[INFO] [1788527439.984727661] [vslam_compare]: gt=(-0.18, 0.05, -0.03) vslam=(3.42, -4.36, -3.27) error=6.556m max_error=10.958m (n=1498)
[INFO] [1788527440.984826219] [vslam_compare]: gt=(-0.19, 0.05, -0.03) vslam=(3.42, -4.36, -3.27) error=6.560m max_error=10.958m (n=1499)
[INFO] [1788527441.984788554] [vslam_compare]: gt=(-0.18, 0.05, -0.02) vslam=(3.42, -4.36, -3.27) error=6.553m max_error=10.958m (n=1500)
[INFO] [1788527442.984867455] [vslam_compare]: gt=(-0.16, 0.04, -0.01) vslam=(3.42, -4.36, -3.27) error=6.547m max_error=10.958m (n=1501)
[INFO] [1788527443.985118620] [vslam_compare]: gt=(-0.15, 0.05, 0.01) vslam=(3.42, -4.36, -3.27) error=6.551m max_error=10.958m (n=1502)
Traceback (most recent call last):
  File "/workspaces/isaac_ros-dev/ros2_ws/install/px4_vslam_bridge/lib/python3.10/site-packages/px4_vslam_bridge/vslam_compare.py", line 194, in main
    rclpy.spin(node)
  File "/opt/ros/humble/local/lib/python3.10/dist-packages/rclpy/__init__.py", line 229, in spin
    executor.spin_once()
  File "/opt/ros/humble/local/lib/python3.10/dist-packages/rclpy/executors.py", line 808, in spin_once
    self._spin_once_impl(timeout_sec)
  File "/opt/ros/humble/local/lib/python3.10/dist-packages/rclpy/executors.py", line 797, in _spin_once_impl
    handler, entity, node = self.wait_for_ready_callbacks(timeout_sec=timeout_sec)
  File "/opt/ros/humble/local/lib/python3.10/dist-packages/rclpy/executors.py", line 780, in wait_for_ready_callbacks
    return next(self._cb_iter)
  File "/opt/ros/humble/local/lib/python3.10/dist-packages/rclpy/executors.py", line 681, in _wait_for_ready_callbacks
    raise ExternalShutdownException()
rclpy.executors.ExternalShutdownException

During handling of the above exception, another exception occurred:

Traceback (most recent call last):
  File "/workspaces/isaac_ros-dev/ros2_ws/install/px4_vslam_bridge/lib/px4_vslam_bridge/vslam_compare", line 33, in <module>
    sys.exit(load_entry_point('px4-vslam-bridge==0.1.0', 'console_scripts', 'vslam_compare')())
  File "/workspaces/isaac_ros-dev/ros2_ws/install/px4_vslam_bridge/lib/python3.10/site-packages/px4_vslam_bridge/vslam_compare.py", line 199, in main
    rclpy.shutdown()
  File "/opt/ros/humble/local/lib/python3.10/dist-packages/rclpy/__init__.py", line 130, in shutdown
    _shutdown(context=context)
  File "/opt/ros/humble/local/lib/python3.10/dist-packages/rclpy/utilities.py", line 58, in shutdown
    return context.shutdown()
  File "/opt/ros/humble/local/lib/python3.10/dist-packages/rclpy/context.py", line 102, in shutdown
    self.__context.shutdown()
rclpy._rclpy_pybind11.RCLError: failed to shutdown: rcl_shutdown already called on the given context, at ./src/rcl/init.c:241
