t_wall,t_sim,exp_id,gt_x,gt_y,gt_z,gt_dyaw_deg,vslam_x,vslam_y,vslam_z,vslam_dyaw_deg,pos_error_m,yaw_error_deg,vo_state,feature_count,msg_age_s
1788689645.993648,35.608000,gate_sweep_poor_none_r15,0.0,0.0,0.0,0.0,0.0,0.0,0.0,0.0,0.0,0.0,,,1788689610.3856325
1788689646.037064,35.644000,gate_sweep_poor_none_r15,-0.00021726451814174652,0.00035920552909374237,-0.00035421550273895264,0.0005020471961923215,0.0,0.0,0.0,0.0,0.0005492732519934769,0.0005020471961923215,1,140,1788689610.3930397
1788689646.080527,35.676000,gate_sweep_poor_none_r15,-0.0007287561893463135,0.0009484104812145233,-0.0008526444435119629,0.0003617170736685594,0.0,0.0,0.0,0.0,0.0014688671047579317,0.0003617170736685594,1,140,1788689610.4045086
1788689646.124576,35.708000,gate_sweep_poor_none_r15,-0.0012742262333631516,0.001420062966644764,-0.0011546015739440918,-2.1291267131386266e-05,0.0,0.0,0.0,0.0,0.002230097782067178,2.1291267131386266e-05,1,140,1788689610.4165535
1788689646.171446,35.740000,gate_sweep_poor_none_r15,-0.0019329171627759933,0.0018696719780564308,-0.0013204216957092285,0.0006035016189834669,0.0,0.0,0.0,0.0,0.002995889770699696,0.0006035016189834669,1,140,1788689610.4314263
1788689646.215279,35.776000,gate_sweep_poor_none_r15,-0.002898726612329483,0.0023668119683861732,-0.0015234798192977905,0.0020755745983554656,0.0,0.0,0.0,0.0,0.00404047096593093,0.0020755745983554656,1,140,1788689610.4392602
1788689646.259736,35.808000,gate_sweep_poor_none_r15,-0.003775734454393387,0.0026913946494460106,-0.001694604754447937,0.0018977981352142571,0.0,0.0,0.0,0.0,0.004936746003488279,0.0018977981352142567,1,140,1788689610.4517195
1788689646.302884,35.840000,gate_sweep_poor_none_r15,-0.0044416338205337524,0.0029142582789063454,-0.0018333494663238525,0.002635462429006538,0.0,0.0,0.0,0.0,0.005619802716960213,0.002635462429006538,1,140,1788689610.4628544
1788689646.357496,35.872000,gate_sweep_poor_none_r15,-0.00560898520052433,0.003251931630074978,-0.0020691007375717163,0.0042889444793071715,0.0,0.0,0.0,0.0,0.006805655895547679,0.0042889444793071715,1,140,1788689610.4854758
1788689646.388473,35.908000,gate_sweep_poor_none_r15,-0.006603755988180637,0.0034908419474959373,-0.002276897430419922,0.005785192210676703,0.0,0.0,0.0,0.0,0.007808958481288123,0.005785192210676703,1,140,1788689610.4804568
1788689646.437525,35.940000,gate_sweep_poor_none_r15,-0.007681524381041527,0.0036946916952729225,-0.002443954348564148,0.006598207379270605,0.0,0.0,0.0,0.0,0.00886732633872915,0.006598207379270605,1,140,1788689610.4975064
1788689646.481391,35.972000,gate_sweep_poor_none_r15,-0.008839268237352371,0.0038665737956762314,-0.0026360303163528442,0.007677482973646409,0.0,0.0,0.0,0.0,0.010001585460216188,0.007677482973646409,1,140,1788689610.5093715
1788689646.528310,36.004000,gate_sweep_poor_none_r15,-0.010329676326364279,0.004093525931239128,-0.002891242504119873,0.008719439160102711,0.0,0.0,0.0,0.0,0.011481221658639256,0.008719439160102711,1,140,1788689610.524286
1788689646.573463,36.040000,gate_sweep_poor_none_r15,-0.011223710142076015,0.004273991100490093,-0.0030475854873657227,0.008613294243750194,0.0,0.0,0.0,0.0,0.012390578944634132,0.008613294243750194,1,140,1788689610.5334456
1788689646.616783,36.072000,gate_sweep_poor_none_r15,-0.01240897225216031,0.004561646841466427,-0.003205209970474243,0.008848433220487993,0.0,0.0,0.0,0.0,0.013603844501315526,0.008848433220487993,1,140,1788689610.544755
1788689646.660627,36.104000,gate_sweep_poor_none_r15,-0.013568510534241796,0.00487653911113739,-0.0033201128244400024,0.009921395872373588,0.0,0.0,0.0,0.0,0.01479554868828102,0.009921395872373588,1,140,1788689610.556611
1788689646.704548,36.136000,gate_sweep_poor_none_r15,-0.014977136394008994,0.005303744226694107,-0.003534674644470215,0.01091557661879238,0.0,0.0,0.0,0.0,0.016276923610719578,0.01091557661879238,1,140,1788689610.5685296
1788689646.748226,36.172000,gate_sweep_poor_none_r15,-0.016052392311394215,0.005675967782735825,-0.0037062615156173706,0.010282993415476945,0.0,0.0,0.0,0.0,0.017425047592810456,0.010282993415476945,1,140,1788689610.5762067
1788689646.791025,36.204000,gate_sweep_poor_none_r15,-0.01683313911780715,0.005978696048259735,-0.003828376531600952,0.0104297593145297,0.0,0.0,0.0,0.0,0.018268985901375007,0.010429759314529701,1,140,1788689610.587008
1788689646.833933,36.236000,gate_sweep_poor_none_r15,-0.01809270615922287,0.006538235582411289,-0.003963112831115723,0.011044813712177595,0.0,0.0,0.0,0.0,0.019641812645660898,0.011044813712177595,1,140,1788689610.5979142
1788689646.876428,36.268000,gate_sweep_poor_none_r15,-0.01906832051463425,0.006995875388383865,-0.004052281379699707,0.012257769589975645,0.0,0.0,0.0,0.0,0.020711448623379234,0.012257769589975645,1,140,1788689610.6084087
1788689646.918741,36.304000,gate_sweep_poor_none_r15,-0.0200385928619653,0.007465406320989132,-0.004111051559448242,0.012595747106702807,0.0,0.0,0.0,0.0,0.02177563409753004,0.012595747106702807,1,140,1788689610.6147218
1788689646.963433,36.336000,gate_sweep_poor_none_r15,-0.021278885193169117,0.008138610515743494,-0.004219278693199158,0.012961097654869486,0.0,0.0,0.0,0.0,0.023169597512298887,0.012961097654869486,1,140,1788689610.6274161
1788689647.006235,36.368000,gate_sweep_poor_none_r15,-0.02229648781940341,0.008761861827224493,-0.00435522198677063,0.012602144742545646,0.0,0.0,0.0,0.0,0.02434895378274452,0.012602144742545647,1,140,1788689610.638213
1788689647.049641,36.400000,gate_sweep_poor_none_r15,-0.02307703346014023,0.009302937891334295,-0.004504695534706116,0.01348718047611952,0.0,0.0,0.0,0.0,0.02528609120822861,0.013487180476119518,1,140,1788689610.6496215
1788689647.094487,36.436000,gate_sweep_poor_none_r15,-0.024348711594939232,0.010377153754234314,-0.004830121994018555,0.014088441596443015,0.0,0.0,0.0,0.0,0.02690492807739224,0.014088441596443015,1,140,1788689610.6584673
1788689647.137036,36.468000,gate_sweep_poor_none_r15,-0.025317923165857792,0.011340717319399118,-0.005139976739883423,0.014262509660993244,0.0,0.0,0.0,0.0,0.028213976388260842,0.014262509660993244,1,140,1788689610.6690161
1788689647.183877,36.500000,gate_sweep_poor_none_r15,-0.02626774087548256,0.012375252554193139,-0.005449473857879639,0.014634854300666397,0.0,0.0,0.0,0.0,0.029543829335569798,0.014634854300666397,1,140,1788689610.6838434
1788689647.229775,36.532000,gate_sweep_poor_none_r15,-0.027410066686570644,0.013714236905798316,-0.0058106184005737305,0.014826315550078092,0.0,0.0,0.0,0.0,0.03119543774124185,0.014826315550078092,1,140,1788689610.6977594
1788689647.275447,36.568000,gate_sweep_poor_none_r15,-0.028272132389247417,0.014790447836276144,-0.0060903578996658325,0.015287550841329177,0.0,0.0,0.0,0.0,0.032483276872550294,0.015287550841329177,1,140,1788689610.7074275
1788689647.319095,36.600000,gate_sweep_poor_none_r15,-0.028892798349261284,0.01559960775921354,-0.00629878044128418,0.015123426276106909,0.0,0.0,0.0,0.0,0.033433758295170694,0.015123426276106909,1,140,1788689610.7190752
1788689647.364900,36.632000,gate_sweep_poor_none_r15,-0.02968665212392807,0.01666385878343135,-0.006537020206451416,0.014699751339163616,0.0,0.0,0.0,0.0,0.03466574875955832,0.014699751339163616,1,140,1788689610.7328815
1788689647.408041,36.664000,gate_sweep_poor_none_r15,-0.030615470372140408,0.018016476882621646,-0.006844654679298401,0.014484818673866088,0.0,0.0,0.0,0.0,0.0361766466528932,0.014484818673866088,1,140,1788689610.7440228
1788689647.451188,36.700000,gate_sweep_poor_none_r15,-0.03132020402699709,0.019115262432023883,-0.007099971175193787,0.014071015036434178,0.0,0.0,0.0,0.0,0.037373226096049705,0.014071015036434178,1,140,1788689610.7511692
1788689647.508336,36.732000,gate_sweep_poor_none_r15,-0.03213016968220472,0.02046995609998703,-0.007369548082351685,0.014430166030491224,0.0,0.0,0.0,0.0,0.03880305587812327,0.014430166030491227,1,140,1788689610.7763164
1788689647.541759,36.764000,gate_sweep_poor_none_r15,-0.032439702190458775,0.021003672387450933,-0.0074575841426849365,0.014836696463046181,0.0,0.0,0.0,0.0,0.03935865969783842,0.014836696463046181,1,140,1788689610.7777402
1788689647.586740,36.796000,gate_sweep_poor_none_r15,-0.03326759487390518,0.022326787002384663,-0.007574483752250671,0.014573268712374205,0.0,0.0,0.0,0.0,0.04077488308575813,0.014573268712374205,1,140,1788689610.7907207
1788689647.631809,36.832000,gate_sweep_poor_none_r15,-0.034023530781269073,0.023377064149826765,-0.007517591118812561,0.014750707616826324,0.0,0.0,0.0,0.0,0.04195952753926967,0.014750707616826324,1,140,1788689610.7997894
1788689647.678482,36.864000,gate_sweep_poor_none_r15,-0.03477657586336136,0.024401011876761913,-0.007349804043769836,0.014508350917150937,0.0,0.0,0.0,0.0,0.043114257837423335,0.014508350917150935,1,140,1788689610.8144615
1788689647.722671,36.896000,gate_sweep_poor_none_r15,-0.03564205951988697,0.02560202218592167,-0.0070932358503341675,0.014003019270220681,0.0,0.0,0.0,0.0,0.04445372809625821,0.014003019270220681,1,140,1788689610.8266525
1788689647.767065,36.928000,gate_sweep_poor_none_r15,-0.03624841384589672,0.02646661549806595,-0.006731763482093811,0.015017563978488923,0.0,0.0,0.0,0.0,0.04538442333934313,0.015017563978488923,1,140,1788689610.8390274
1788689647.889064,36.964000,gate_sweep_poor_none_r15,-0.03664902038872242,0.027059701271355152,-0.006411373615264893,0.014925363249341128,0.0,0.0,0.0,0.0,0.046005258829643444,0.014925363249341128,1,140,1788689610.9250424
1788689647.935242,36.996000,gate_sweep_poor_none_r15,-0.037192026153206825,0.02794802561402321,-0.005895271897315979,0.015359561021765515,0.0,0.0,0.0,0.0,0.04689448982392496,0.015359561021765515,1,140,1788689610.9392006
1788689647.977887,37.028000,gate_sweep_poor_none_r15,-0.03752940706908703,0.028590137138962746,-0.00528089702129364,0.01490513947597979,0.0,0.0,0.0,0.0,0.04747357380618658,0.01490513947597979,1,140,1788689610.9498553
1788689648.021261,37.060000,gate_sweep_poor_none_r15,-0.03779854625463486,0.029187140986323357,-0.004573360085487366,0.01498681432055765,0.0,0.0,0.0,0.0,0.04797431521544436,0.01498681432055765,1,140,1788689610.961242
1788689648.073181,37.096000,gate_sweep_poor_none_r15,-0.037994351238012314,0.02984695602208376,-0.0036578327417373657,0.015017522839400044,0.0,0.0,0.0,0.0,0.048454011703347906,0.015017522839400044,1,140,1788689610.9771535
1788689648.118797,37.128000,gate_sweep_poor_none_r15,-0.03799405135214329,0.03036247007548809,-0.002936258912086487,0.014053938795482319,0.0,0.0,0.0,0.0,0.048724215166927196,0.014053938795482319,1,140,1788689610.9907775
1788689648.165660,37.160000,gate_sweep_poor_none_r15,-0.03792395070195198,0.030753732658922672,-0.002422630786895752,0.014447112795109256,0.0,0.0,0.0,0.0,0.048886473070064954,0.01444711279510926,1,140,1788689611.0056412
1788689648.209613,37.192000,gate_sweep_poor_none_r15,-0.03756524994969368,0.03144529089331627,-0.0016193240880966187,0.013497433217789439,0.0,0.0,0.0,0.0,0.04901608443817733,0.013497433217789439,1,140,1788689611.0175953
1788689648.268322,37.228000,gate_sweep_poor_none_r15,-0.0371148306876421,0.032050175592303276,-0.0010874569416046143,0.011871232714920493,0.0,0.0,0.0,0.0,0.049050045617406474,0.011871232714920493,1,140,1788689611.0402954
1788689648.302059,37.260000,gate_sweep_poor_none_r15,-0.036559123545885086,0.03274613432586193,-0.0006263256072998047,0.010056985560262396,0.0,0.0,0.0,0.0,0.0490843265360445,0.010056985560262398,1,140,1788689611.0420356
1788689648.348372,37.292000,gate_sweep_poor_none_r15,-0.035923806950449944,0.03355010412633419,-0.00019331276416778564,0.007535156771140433,0.0,0.0,0.0,0.0,0.0491545192482426,0.007535156771140433,1,140,1788689611.0563529
1788689648.392382,37.324000,gate_sweep_poor_none_r15,-0.0350769218057394,0.034654874354600906,0.00028264522552490234,0.0038590539720256807,0.0,0.0,0.0,0.0,0.04930953911995775,0.0038590539720256807,1,140,1788689611.0683649
1788689648.437482,37.360000,gate_sweep_poor_none_r15,-0.03455551341176033,0.03537444770336151,0.0005453526973724365,0.0017681856605076768,0.0,0.0,0.0,0.0,0.04945434730165527,0.0017681856605076768,1,140,1788689611.077462
1788689648.481564,37.392000,gate_sweep_poor_none_r15,-0.03383469022810459,0.03638070821762085,0.00089988112449646,-0.00102317673064187,0.0,0.0,0.0,0.0,0.04969056227580532,0.00102317673064187,1,140,1788689611.0895445
1788689648.525974,37.424000,gate_sweep_poor_none_r15,-0.033107174560427666,0.03740486316382885,0.0012292712926864624,-0.004942361430883097,0.0,0.0,0.0,0.0,0.04996718826980774,0.004942361430883097,1,140,1788689611.101951
1788689648.581061,37.456000,gate_sweep_poor_none_r15,-0.03205812256783247,0.03894386067986488,0.0017061829566955566,-0.009192684831535835,0.0,0.0,0.0,0.0,0.050470373165933835,0.009192684831535835,1,140,1788689611.1250412
1788689648.613141,37.492000,gate_sweep_poor_none_r15,-0.03158513270318508,0.03969149850308895,0.0019501745700836182,-0.011478359343978608,0.0,0.0,0.0,0.0,0.050762573242028666,0.011478359343978608,1,140,1788689611.1211224
1788689648.656547,37.524000,gate_sweep_poor_none_r15,-0.031143993139266968,0.04041248373687267,0.002190902829170227,-0.013456665715198107,0.0,0.0,0.0,0.0,0.05106777071351923,0.013456665715198105,1,140,1788689611.132527
1788689648.700339,37.556000,gate_sweep_poor_none_r15,-0.03046127874404192,0.041501978412270546,0.002612084150314331,-0.015069172979680827,0.0,0.0,0.0,0.0,0.051547324842935484,0.015069172979680827,1,140,1788689611.1443207
1788689648.745004,37.588000,gate_sweep_poor_none_r15,-0.029962058179080486,0.04224264994263649,0.003041580319404602,-0.01677072873082718,0.0,0.0,0.0,0.0,0.05187887446101852,0.01677072873082718,1,140,1788689611.1569877
1788689648.788128,37.624000,gate_sweep_poor_none_r15,-0.029503905214369297,0.04283851012587547,0.0035066157579421997,-0.01788813906108488,0.0,0.0,0.0,0.0,0.05213362376410326,0.01788813906108488,1,140,1788689611.1641047
1788689648.831326,37.656000,gate_sweep_poor_none_r15,-0.028948698192834854,0.04341636225581169,0.004119873046875,-0.0184414110531695,0.0,0.0,0.0,0.0,0.05234482775317994,0.0184414110531695,1,140,1788689611.175301
1788689648.873262,37.688000,gate_sweep_poor_none_r15,-0.028501898050308228,0.04380473122000694,0.00461915135383606,-0.018239966157224775,0.0,0.0,0.0,0.0,0.052464742722678634,0.018239966157224775,1,140,1788689611.1852412
1788689648.914742,37.720000,gate_sweep_poor_none_r15,-0.028157810680568218,0.04404517449438572,0.005001932382583618,-0.017672654848994447,0.0,0.0,0.0,0.0,0.052515321822526675,0.017672654848994447,1,140,1788689611.1947234
1788689648.959710,37.756000,gate_sweep_poor_none_r15,-0.027593999169766903,0.0443069227039814,0.0056601762771606445,-0.018239845523675014,0.0,0.0,0.0,0.0,0.05250304548467842,0.01823984552367501,1,140,1788689611.203692
1788689649.003477,37.788000,gate_sweep_poor_none_r15,-0.02720824722200632,0.04438390955328941,0.006163090467453003,-0.01657548396511379,0.0,0.0,0.0,0.0,0.0524233137853608,0.016575483965113793,1,140,1788689611.2154582
1788689649.046932,37.820000,gate_sweep_poor_none_r15,-0.026891919784247875,0.044349757954478264,0.006645485758781433,-0.015249596969090272,0.0,0.0,0.0,0.0,0.05228994990696967,0.015249596969090272,1,140,1788689611.226913
1788689649.091697,37.852000,gate_sweep_poor_none_r15,-0.02662747260183096,0.044174233451485634,0.007211640477180481,-0.01302485367822701,0.0,0.0,0.0,0.0,0.05208063897994838,0.013024853678227012,1,140,1788689611.2396777
1788689649.149659,37.888000,gate_sweep_poor_none_r15,-0.026530301198363304,0.0439169742166996,0.007651686668395996,-0.011015907861816882,0.0,0.0,0.0,0.0,0.05187586929293276,0.011015907861816882,1,140,1788689611.261645
1788689649.181990,37.920000,gate_sweep_poor_none_r15,-0.026518884114921093,0.043780943378806114,0.007789433002471924,-0.009720954525127161,0.0,0.0,0.0,0.0,0.05177545252664471,0.009720954525127163,1,140,1788689611.261976
1788689649.227898,37.952000,gate_sweep_poor_none_r15,-0.026520337909460068,0.04352501966059208,0.008005008101463318,-0.007824805299407572,0.0,0.0,0.0,0.0,0.05159298221649302,0.007824805299407572,1,140,1788689611.275879
1788689649.272268,37.984000,gate_sweep_poor_none_r15,-0.02660142071545124,0.04319445975124836,0.00821550190448761,-0.0055316682932318355,0.0,0.0,0.0,0.0,0.0513896040929028,0.0055316682932318355,1,140,1788689611.2882483
1788689649.314403,38.020000,gate_sweep_poor_none_r15,-0.026689400896430016,0.04292477294802666,0.00831460952758789,-0.0026751988122366644,0.0,0.0,0.0,0.0,0.05122492542157827,0.002675198812236665,1,140,1788689611.294381
1788689649.359641,38.052000,gate_sweep_poor_none_r15,-0.02681807428598404,0.042627351358532906,0.008383005857467651,-0.0024496578664743437,0.0,0.0,0.0,0.0,0.05105462740495432,0.0024496578664743437,1,140,1788689611.307624
1788689649.406376,38.084000,gate_sweep_poor_none_r15,-0.02695215493440628,0.04239833168685436,0.008363410830497742,-0.0015510573551768916,0.0,0.0,0.0,0.0,0.05093116753184092,0.0015510573551768918,1,140,1788689611.3223572
1788689649.450182,38.116000,gate_sweep_poor_none_r15,-0.027248493395745754,0.042022690176963806,0.008257344365119934,-0.0005842992440210833,0.0,0.0,0.0,0.0,0.05075993122543872,0.0005842992440210834,1,140,1788689611.3341608
1788689649.493036,38.152000,gate_sweep_poor_none_r15,-0.02755041141062975,0.04168469086289406,0.008132919669151306,0.000788966044144156,0.0,0.0,0.0,0.0,0.05062393706118549,0.000788966044144156,1,140,1788689611.3410177
1788689649.536832,38.184000,gate_sweep_poor_none_r15,-0.02789649646729231,0.04128768853843212,0.00800536572933197,0.0027058601847397903,0.0,0.0,0.0,0.0,0.05046755017292393,0.0027058601847397903,1,140,1788689611.3528152
1788689649.584199,38.216000,gate_sweep_poor_none_r15,-0.028379236347973347,0.04075006954371929,0.007850170135498047,0.005234537867415052,0.0,0.0,0.0,0.0,0.05027498776398017,0.005234537867415052,1,140,1788689611.3681839
1788689649.626890,38.248000,gate_sweep_poor_none_r15,-0.028810590505599976,0.040249044075608253,0.007761672139167786,0.007175038796121566,0.0,0.0,0.0,0.0,0.05010268684090262,0.007175038796121566,1,140,1788689611.3788548
1788689649.669802,38.284000,gate_sweep_poor_none_r15,-0.029141089878976345,0.03982747718691826,0.007719665765762329,0.008592578229091603,0.0,0.0,0.0,0.0,0.04995021819716261,0.008592578229091603,1,140,1788689611.3857856
1788689649.713367,38.316000,gate_sweep_poor_none_r15,-0.029664481058716774,0.03901776298880577,0.007660731673240662,0.010024214080011959,0.0,0.0,0.0,0.0,0.04960901203312741,0.01002421408001196,1,140,1788689611.3973517
1788689649.756587,38.348000,gate_sweep_poor_none_r15,-0.030060969293117523,0.038299428299069405,0.007631406188011169,0.010946608762900616,0.0,0.0,0.0,0.0,0.049282313696535476,0.010946608762900616,1,140,1788689611.4085689
1788689649.799969,38.380000,gate_sweep_poor_none_r15,-0.03044914174824953,0.03753257729113102,0.007533341646194458,0.013150227611310303,0.0,0.0,0.0,0.0,0.04891416796469101,0.013150227611310303,1,140,1788689611.4199495
1788689649.845212,38.416000,gate_sweep_poor_none_r15,-0.030936664901673794,0.036553870886564255,0.007481768727302551,0.014602269260043627,0.0,0.0,0.0,0.0,0.0484689547578541,0.01460226926004363,1,140,1788689611.4291933
1788689649.891708,38.448000,gate_sweep_poor_none_r15,-0.03132358379662037,0.03575468063354492,0.007512792944908142,0.015422183013633801,0.0,0.0,0.0,0.0,0.048124901526172,0.015422183013633798,1,140,1788689611.4436874
1788689649.935619,38.480000,gate_sweep_poor_none_r15,-0.031588874757289886,0.03516197018325329,0.007565394043922424,0.016560177414641768,0.0,0.0,0.0,0.0,0.04786915857459327,0.01656017741464177,1,140,1788689611.4556007
1788689649.977810,38.512000,gate_sweep_poor_none_r15,-0.031898840330541134,0.034130411222577095,0.0077051520347595215,0.01770451714508976,0.0,0.0,0.0,0.0,0.04734754853774726,0.01770451714508976,1,140,1788689611.4657614
1788689650.024148,38.548000,gate_sweep_poor_none_r15,-0.03203840833157301,0.03330245055258274,0.007878854870796204,0.01867500685605025,0.0,0.0,0.0,0.0,0.04687845107619165,0.01867500685605025,1,140,1788689611.476132
1788689650.068302,38.580000,gate_sweep_poor_none_r15,-0.032103185541927814,0.03248017653822899,0.008074969053268433,0.018524555743260243,0.0,0.0,0.0,0.0,0.0463765190059065,0.018524555743260243,1,140,1788689611.4882846
1788689650.112405,38.612000,gate_sweep_poor_none_r15,-0.032105328515172005,0.03170734830200672,0.008290156722068787,0.019126124711530766,0.0,0.0,0.0,0.0,0.045878478112164396,0.019126124711530766,1,140,1788689611.500387
1788689650.156629,38.644000,gate_sweep_poor_none_r15,-0.03204010520130396,0.030836491845548153,0.008588314056396484,0.01934488751915914,0.0,0.0,0.0,0.0,0.04529036000058379,0.01934488751915914,1,140,1788689611.5126107
1788689650.201751,38.680000,gate_sweep_poor_none_r15,-0.03196716122329235,0.03036672156304121,0.00880478322505951,0.019078757680469693,0.0,0.0,0.0,0.0,0.044961776908875914,0.019078757680469693,1,140,1788689611.5217345
1788689650.249623,38.712000,gate_sweep_poor_none_r15,-0.03185282647609711,0.029782735742628574,0.009121716022491455,0.018969759524344564,0.0,0.0,0.0,0.0,0.044551314301898834,0.018969759524344564,1,140,1788689611.537602
1788689650.294365,38.744000,gate_sweep_poor_none_r15,-0.0317320404574275,0.029229070991277695,0.009496062994003296,0.017664232384232637,0.0,0.0,0.0,0.0,0.04417506304456221,0.017664232384232637,1,140,1788689611.5503433
1788689650.337312,38.776000,gate_sweep_poor_none_r15,-0.031555939465761185,0.02855591382831335,0.010012075304985046,0.01813972347179564,0.0,0.0,0.0,0.0,0.04372023767146667,0.01813972347179564,1,140,1788689611.5612934
1788689650.381478,38.812000,gate_sweep_poor_none_r15,-0.03142410796135664,0.028033931739628315,0.010421782732009888,0.017886905961521787,0.0,0.0,0.0,0.0,0.04338190227805089,0.017886905961521787,1,140,1788689611.5694578
1788689650.424289,38.844000,gate_sweep_poor_none_r15,-0.031331938691437244,0.027635875158011913,0.010689511895179749,0.018194294034646733,0.0,0.0,0.0,0.0,0.043124211789554966,0.018194294034646733,1,140,1788689611.5802708
1788689650.467573,38.876000,gate_sweep_poor_none_r15,-0.03121944796293974,0.026946713216602802,0.011005789041519165,0.017784767159549405,0.0,0.0,0.0,0.0,0.04268379876153201,0.017784767159549405,1,140,1788689611.5915534
1788689650.515707,38.908000,gate_sweep_poor_none_r15,-0.031201026402413845,0.026397292502224445,0.011171191930770874,0.01825316029656316,0.0,0.0,0.0,0.0,0.042368816707175586,0.01825316029656316,1,140,1788689611.6076865
1788689650.560718,38.944000,gate_sweep_poor_none_r15,-0.031233148649334908,0.025875858031213284,0.011419370770454407,0.017453821642946492,0.0,0.0,0.0,0.0,0.04213634573851967,0.017453821642946492,1,140,1788689611.6166992
1788689650.607904,38.976000,gate_sweep_poor_none_r15,-0.03132127970457077,0.025300404988229275,0.011677563190460205,0.018157883443631655,0.0,0.0,0.0,0.0,0.04192253018327454,0.018157883443631652,1,140,1788689611.6318839
1788689650.654762,39.008000,gate_sweep_poor_none_r15,-0.03141957428306341,0.024912730790674686,0.011905595660209656,0.019131773984216068,0.0,0.0,0.0,0.0,0.04182794534282043,0.019131773984216068,1,140,1788689611.6467428
1788689650.699750,39.040000,gate_sweep_poor_none_r15,-0.03149714507162571,0.0246551176533103,0.012151986360549927,0.018759417575759062,0.0,0.0,0.0,0.0,0.041804494335760126,0.01875941757575906,1,140,1788689611.659734
1788689650.742844,39.076000,gate_sweep_poor_none_r15,-0.03158024791628122,0.024226234294474125,0.01258029043674469,0.019350244531166953,0.0,0.0,0.0,0.0,0.04174309756136203,0.019350244531166953,1,140,1788689611.6668205
1788689650.786609,39.108000,gate_sweep_poor_none_r15,-0.03160736709833145,0.023825544863939285,0.012934967875480652,0.02035844616142076,0.0,0.0,0.0,0.0,0.041641273238122604,0.020358446161420757,1,140,1788689611.6785905
1788689650.830059,39.140000,gate_sweep_poor_none_r15,-0.031640561297535896,0.0233791284263134,0.013395503163337708,0.02121644077612116,0.0,0.0,0.0,0.0,0.04155897340161535,0.02121644077612116,1,140,1788689611.6900387
1788689650.872949,39.172000,gate_sweep_poor_none_r15,-0.031736377626657486,0.02277358341962099,0.01399683952331543,0.021698273910663746,0.0,0.0,0.0,0.0,0.041493918630007544,0.021698273910663746,1,140,1788689611.7009292
1788689650.916108,39.208000,gate_sweep_poor_none_r15,-0.03186581842601299,0.022278470918536186,0.014543533325195312,0.02238133249453954,0.0,0.0,0.0,0.0,0.04151234770533652,0.022381332494539538,1,140,1788689611.70809
1788689650.963403,39.240000,gate_sweep_poor_none_r15,-0.03199442941695452,0.021912564523518085,0.01501832902431488,0.022556013901820236,0.0,0.0,0.0,0.0,0.04158550473898816,0.02255601390182024,1,140,1788689611.723381
1788689651.006176,39.272000,gate_sweep_poor_none_r15,-0.03217428270727396,0.021447911858558655,0.015657499432563782,0.02301024907109958,0.0,0.0,0.0,0.0,0.04171755840531447,0.02301024907109958,1,140,1788689611.734155
1788689651.050692,39.304000,gate_sweep_poor_none_r15,-0.03239913750439882,0.020928107667714357,0.016515836119651794,0.023048307937877443,0.0,0.0,0.0,0.0,0.04195786749003793,0.023048307937877443,1,140,1788689611.7466564
1788689651.097990,39.340000,gate_sweep_poor_none_r15,-0.03263807389885187,0.02054869383573532,0.017195284366607666,0.02409365252832328,0.0,0.0,0.0,0.0,0.04222760342039558,0.024093652528323285,1,140,1788689611.7579703
1788689651.164377,39.372000,gate_sweep_poor_none_r15,-0.03291354328393936,0.020206864457577467,0.017802223563194275,0.024592361572046435,0.0,0.0,0.0,0.0,0.04252690755868109,0.024592361572046435,1,140,1788689611.7923598
1788689651.254149,39.404000,gate_sweep_poor_none_r15,-0.033242229372262955,0.01991727203130722,0.01833745837211609,0.02452698398928886,0.0,0.0,0.0,0.0,0.04287197124411619,0.02452698398928886,1,140,1788689611.8501313
1788689651.308839,39.436000,gate_sweep_poor_none_r15,-0.03363659419119358,0.019683996215462685,0.018820136785507202,0.024862200063228954,0.0,0.0,0.0,0.0,0.04327906797077068,0.024862200063228958,1,140,1788689611.8728197
1788689651.343186,39.472000,gate_sweep_poor_none_r15,-0.03409112058579922,0.01952468790113926,0.019273146986961365,0.023755411097701278,0.0,0.0,0.0,0.0,0.043759251995588486,0.023755411097701278,1,140,1788689611.871169
1788689651.387097,39.504000,gate_sweep_poor_none_r15,-0.034597281366586685,0.019435562659054995,0.01969975233078003,0.023631988088235398,0.0,0.0,0.0,0.0,0.04430342216721968,0.023631988088235398,1,140,1788689611.883078
1788689651.430351,39.536000,gate_sweep_poor_none_r15,-0.035271309316158295,0.01939375977963209,0.02020220458507538,0.023737780486886642,0.0,0.0,0.0,0.0,0.04503678773362318,0.023737780486886646,1,140,1788689611.894332
1788689651.476156,39.568000,gate_sweep_poor_none_r15,-0.03580770269036293,0.019414683105424047,0.020609065890312195,0.02352566295126614,0.0,0.0,0.0,0.0,0.045649261647004676,0.02352566295126614,1,140,1788689611.908135
1788689651.519751,39.604000,gate_sweep_poor_none_r15,-0.03619323670864105,0.019443835597485304,0.020927786827087402,0.023604125874401076,0.0,0.0,0.0,0.0,0.046108409077626734,0.02360412587440108,1,140,1788689611.9157321
1788689651.568334,39.636000,gate_sweep_poor_none_r15,-0.03681023232638836,0.019473224878311157,0.021460697054862976,0.023993643005522088,0.0,0.0,0.0,0.0,0.0468482786147428,0.023993643005522085,1,140,1788689611.9323094
1788689651.611238,39.668000,gate_sweep_poor_none_r15,-0.03726317919790745,0.019496537046507,0.021923333406448364,0.023334209001737924,0.0,0.0,0.0,0.0,0.04742670163938746,0.023334209001737927,1,140,1788689611.9432187
1788689651.654470,39.700000,gate_sweep_poor_none_r15,-0.037653956562280655,0.019544273614883423,0.022443830966949463,0.02171452574469308,0.0,0.0,0.0,0.0,0.04799504791538963,0.02171452574469308,1,140,1788689611.9544513
1788689651.700396,39.736000,gate_sweep_poor_none_r15,-0.03805991820991039,0.019615391734987497,0.02333652973175049,0.02111316774800403,0.0,0.0,0.0,0.0,0.048763865586958534,0.02111316774800403,1,140,1788689611.9643722
1788689651.754301,39.768000,gate_sweep_poor_none_r15,-0.03834390826523304,0.019702460151165724,0.024089902639389038,0.02003312428704142,0.0,0.0,0.0,0.0,0.04938386017957813,0.02003312428704142,1,140,1788689611.9862857
1788689651.787078,39.800000,gate_sweep_poor_none_r15,-0.038538286462426186,0.01977651147171855,0.02462969720363617,0.01908331966604812,0.0,0.0,0.0,0.0,0.049829026819654426,0.01908331966604812,1,140,1788689611.987058
1788689651.831149,39.832000,gate_sweep_poor_none_r15,-0.038787610828876495,0.019937570672482252,0.025570303201675415,0.017576643721257453,0.0,0.0,0.0,0.0,0.050555176628691675,0.017576643721257453,1,140,1788689611.9991305
1788689651.874813,39.868000,gate_sweep_poor_none_r15,-0.038928404450416565,0.020158076658844948,0.026285752654075623,0.017063758152477498,0.0,0.0,0.0,0.0,0.051114670303449336,0.017063758152477498,1,140,1788689612.0067947
1788689651.918172,39.900000,gate_sweep_poor_none_r15,-0.039007095620036125,0.0204432662576437,0.02691282331943512,0.016756787066409803,0.0,0.0,0.0,0.0,0.05161182716214071,0.016756787066409803,1,140,1788689612.018156
1788689651.962622,39.932000,gate_sweep_poor_none_r15,-0.039009567350149155,0.020762850996106863,0.027482718229293823,0.01654826969229366,0.0,0.0,0.0,0.0,0.05203981290899418,0.01654826969229366,1,140,1788689612.0306025
1788689652.005517,39.964000,gate_sweep_poor_none_r15,-0.0389249287545681,0.02116227289661765,0.028141096234321594,0.015550095488624207,0.0,0.0,0.0,0.0,0.05248726674126277,0.015550095488624207,1,140,1788689612.0414975
1788689652.050203,40.000000,gate_sweep_poor_none_r15,-0.038809241726994514,0.021400827914476395,0.028515398502349854,0.014949011929957833,0.0,0.0,0.0,0.0,0.05269991110615976,0.01494901192995783,1,140,1788689612.0501807
1788689652.095744,40.032000,gate_sweep_poor_none_r15,-0.03861350193619728,0.021699607372283936,0.029017478227615356,0.014228166522639526,0.0,0.0,0.0,0.0,0.05295176611387123,0.014228166522639526,1,140,1788689612.063726
1788689652.139335,40.064000,gate_sweep_poor_none_r15,-0.03839767910540104,0.021965895779430866,0.029525473713874817,0.012785943211246431,0.0,0.0,0.0,0.0,0.053184922074803145,0.012785943211246431,1,140,1788689612.0753155
1788689652.181989,40.096000,gate_sweep_poor_none_r15,-0.03807566501200199,0.022237374912947416,0.030200466513633728,0.012950290877038995,0.0,0.0,0.0,0.0,0.053444600164715306,0.012950290877038995,1,140,1788689612.0859728
1788689652.225617,40.132000,gate_sweep_poor_none_r15,-0.03783280588686466,0.022385526448488235,0.03070525825023651,0.011816193310762571,0.0,0.0,0.0,0.0,0.05362131926634093,0.011816193310762571,1,140,1788689612.0935879
1788689652.269495,40.164000,gate_sweep_poor_none_r15,-0.037664417177438736,0.022451473865658045,0.031076058745384216,0.012072396853474778,0.0,0.0,0.0,0.0,0.0537438222236104,0.012072396853474778,1,140,1788689612.105478
1788689652.314105,40.196000,gate_sweep_poor_none_r15,-0.037386296316981316,0.022483390290290117,0.03166460990905762,0.011850643133921274,0.0,0.0,0.0,0.0,0.05390626598030541,0.011850643133921274,1,140,1788689612.118076
1788689652.360950,40.228000,gate_sweep_poor_none_r15,-0.03718486614525318,0.022463960573077202,0.032088443636894226,0.011707270203334098,0.0,0.0,0.0,0.0,0.05400936964923124,0.011707270203334098,1,140,1788689612.13293
1788689652.405888,40.264000,gate_sweep_poor_none_r15,-0.03702392801642418,0.02237950311973691,0.03251001238822937,0.01123989735261927,0.0,0.0,0.0,0.0,0.054115749196832715,0.01123989735261927,1,140,1788689612.14187
1788689652.452043,40.296000,gate_sweep_poor_none_r15,-0.036889564245939255,0.022159604355692863,0.03304998576641083,0.012015978448826438,0.0,0.0,0.0,0.0,0.05426038679014443,0.012015978448826438,1,140,1788689612.156025
1788689652.497807,40.328000,gate_sweep_poor_none_r15,-0.036823032423853874,0.021941347513347864,0.033487990498542786,0.012761331494320629,0.0,0.0,0.0,0.0,0.05439488905421337,0.012761331494320629,1,140,1788689612.1697872
1788689652.541888,40.360000,gate_sweep_poor_none_r15,-0.03678441606462002,0.02175414189696312,0.033834293484687805,0.012292848050928836,0.0,0.0,0.0,0.0,0.05450775514086293,0.012292848050928836,1,140,1788689612.1818712
1788689652.588827,40.396000,gate_sweep_poor_none_r15,-0.036736758425831795,0.021377914119511843,0.03449848294258118,0.01154879140981429,0.0,0.0,0.0,0.0,0.05474257901376872,0.01154879140981429,1,140,1788689612.1928077
1788689652.631338,40.428000,gate_sweep_poor_none_r15,-0.03673537261784077,0.021041319239884615,0.03520211577415466,0.011340370974181528,0.0,0.0,0.0,0.0,0.055058275233640694,0.011340370974181528,1,140,1788689612.2033195
1788689652.687362,40.460000,gate_sweep_poor_none_r15,-0.036806344985961914,0.02059380430728197,0.03621356189250946,0.012427200483513177,0.0,0.0,0.0,0.0,0.0555898720273296,0.012427200483513177,1,140,1788689612.2273495
1788689652.723563,40.492000,gate_sweep_poor_none_r15,-0.03689984977245331,0.020240596495568752,0.03713935613632202,0.012840634205668545,0.0,0.0,0.0,0.0,0.05613031653168021,0.012840634205668547,1,140,1788689612.2315419
1788689652.777667,40.528000,gate_sweep_poor_none_r15,-0.03698417916893959,0.019916122779250145,0.03806449472904205,0.013964889658311764,0.0,0.0,0.0,0.0,0.056686746372813304,0.013964889658311764,1,140,1788689612.2496498
1788689652.810995,40.560000,gate_sweep_poor_none_r15,-0.0370364673435688,0.019681849982589483,0.03873343765735626,0.014101175466309566,0.0,0.0,0.0,0.0,0.05709075516039966,0.014101175466309566,1,140,1788689612.2509766
1788689652.855148,40.592000,gate_sweep_poor_none_r15,-0.0371147058904171,0.019359209341928363,0.03955458104610443,0.014241930415545187,0.0,0.0,0.0,0.0,0.057592059013457854,0.014241930415545185,1,140,1788689612.2631266
1788689652.899059,40.624000,gate_sweep_poor_none_r15,-0.037267886102199554,0.018899458227679133,0.04050903022289276,0.014153022779635897,0.0,0.0,0.0,0.0,0.058198508446742396,0.014153022779635897,1,140,1788689612.2750385
1788689652.942403,40.660000,gate_sweep_poor_none_r15,-0.03742651455104351,0.018543602200224996,0.0412432998418808,0.015154029749325072,0.0,0.0,0.0,0.0,0.05869939485077291,0.015154029749325072,1,140,1788689612.2823782
1788689652.985812,40.692000,gate_sweep_poor_none_r15,-0.03763706050813198,0.018209650414064527,0.04192833602428436,0.015981147362060678,0.0,0.0,0.0,0.0,0.05921254135451822,0.015981147362060678,1,140,1788689612.293795
1788689653.030046,40.724000,gate_sweep_poor_none_r15,-0.03781792148947716,0.01797300740145147,0.042463019490242004,0.01601495891207125,0.0,0.0,0.0,0.0,0.059634991448524244,0.01601495891207125,1,140,1788689612.3060234
1788689653.072709,40.756000,gate_sweep_poor_none_r15,-0.03813406638801098,0.017594350851140916,0.043393149971961975,0.015676344540552386,0.0,0.0,0.0,0.0,0.06038819144209781,0.015676344540552386,1,140,1788689612.3166907
1788689653.116592,40.792000,gate_sweep_poor_none_r15,-0.03842614032328129,0.017286486341618,0.04407511651515961,0.015611541109791712,0.0,0.0,0.0,0.0,0.06097546035913419,0.015611541109791712,1,140,1788689612.324559
1788689653.162557,40.824000,gate_sweep_poor_none_r15,-0.038824787363409996,0.016959277214482427,0.044649913907051086,0.015631424695954976,0.0,0.0,0.0,0.0,0.061551571948722295,0.015631424695954976,1,140,1788689612.3385384
1788689653.205418,40.856000,gate_sweep_poor_none_r15,-0.03945485129952431,0.016550813394133,0.04524014890193939,0.016348652300206955,0.0,0.0,0.0,0.0,0.06226785517218845,0.016348652300206955,1,140,1788689612.3494012
1788689653.250185,40.888000,gate_sweep_poor_none_r15,-0.04006101377308369,0.016249835374765098,0.04560215771198273,0.014796823446745981,0.0,0.0,0.0,0.0,0.06283708110839263,0.014796823446745981,1,140,1788689612.362162
1788689653.295011,40.924000,gate_sweep_poor_none_r15,-0.04055763781070709,0.016046169825131074,0.04582415521144867,0.01468105761812594,0.0,0.0,0.0,0.0,0.06326337606928975,0.01468105761812594,1,140,1788689612.370992
1788689653.342635,40.956000,gate_sweep_poor_none_r15,-0.04143122769892216,0.01575823769599083,0.046099111437797546,0.01417146380511035,0.0,0.0,0.0,0.0,0.06395308248456642,0.01417146380511035,1,140,1788689612.3866158
1788689653.387110,40.988000,gate_sweep_poor_none_r15,-0.0421840064227581,0.015574529970763251,0.04616348445415497,0.014454563404799836,0.0,0.0,0.0,0.0,0.06444473352132435,0.014454563404799836,1,140,1788689612.3990903
1788689653.430259,41.020000,gate_sweep_poor_none_r15,-0.04302039369940758,0.015446207427885383,0.046160802245140076,0.014003054241736156,0.0,0.0,0.0,0.0,0.06496275288095647,0.01400305424173616,1,140,1788689612.4102404
1788689653.476042,41.056000,gate_sweep_poor_none_r15,-0.044151367619633675,0.015370460547273979,0.04610447585582733,0.01379728151035149,0.0,0.0,0.0,0.0,0.06565985846816842,0.013797281510351488,1,140,1788689612.420021
1788689653.519238,41.088000,gate_sweep_poor_none_r15,-0.04508081264793873,0.015371117304312065,0.04599751532077789,0.01451790596437069,0.0,0.0,0.0,0.0,0.06621421548177303,0.01451790596437069,1,140,1788689612.4312186
1788689653.565638,41.120000,gate_sweep_poor_none_r15,-0.04577621817588806,0.01539199534454383,0.04589174687862396,0.013656524682685044,0.0,0.0,0.0,0.0,0.06662152882323143,0.013656524682685044,1,140,1788689612.4456112
1788689653.609003,41.152000,gate_sweep_poor_none_r15,-0.04696572758257389,0.015504759270697832,0.04560984671115875,0.012310114744855504,0.0,0.0,0.0,0.0,0.06727878747731882,0.012310114744855504,1,140,1788689612.4569736
1788689653.654696,41.188000,gate_sweep_poor_none_r15,-0.04796867445111275,0.015669403574065655,0.0453287810087204,0.011974638239952979,0.0,0.0,0.0,0.0,0.0678323103299623,0.011974638239952979,1,140,1788689612.466666
1788689653.700126,41.220000,gate_sweep_poor_none_r15,-0.04900680296123028,0.015881138257100247,0.04498831927776337,0.011943713959220165,0.0,0.0,0.0,0.0,0.06839463546404759,0.011943713959220163,1,140,1788689612.480103
1788689653.745120,41.252000,gate_sweep_poor_none_r15,-0.050054365769028664,0.01615827769273892,0.04461909830570221,0.011170649106518368,0.0,0.0,0.0,0.0,0.06897386029612444,0.011170649106518368,1,140,1788689612.4930997
1788689653.790327,41.284000,gate_sweep_poor_none_r15,-0.051347510889172554,0.016631709586363286,0.0441238135099411,0.011081852607765215,0.0,0.0,0.0,0.0,0.06971435689252883,0.011081852607765215,1,140,1788689612.5063088
1788689653.834316,41.320000,gate_sweep_poor_none_r15,-0.05208863876760006,0.016962916823104024,0.04381163418292999,0.010291901394107053,0.0,0.0,0.0,0.0,0.07014574916263959,0.010291901394107053,1,140,1788689612.5142877
1788689653.877110,41.352000,gate_sweep_poor_none_r15,-0.053044045343995094,0.017406467464752495,0.04339073598384857,0.01070486130427898,0.0,0.0,0.0,0.0,0.07070651897298683,0.01070486130427898,1,140,1788689612.52509
1788689653.920254,41.384000,gate_sweep_poor_none_r15,-0.05396098457276821,0.01783156511373818,0.04296593368053436,0.010827588526219312,0.0,0.0,0.0,0.0,0.07124481754842306,0.010827588526219314,1,140,1788689612.5362272
1788689653.963079,41.416000,gate_sweep_poor_none_r15,-0.054993851110339165,0.01834224001504481,0.042430028319358826,0.01060202405968103,0.0,0.0,0.0,0.0,0.071840578588269,0.01060202405968103,1,140,1788689612.546993
1788689654.006371,41.452000,gate_sweep_poor_none_r15,-0.05574016086757183,0.018734922632575035,0.041995272040367126,0.010523095593127795,0.0,0.0,0.0,0.0,0.07226040225002764,0.010523095593127795,1,140,1788689612.5543523
1788689654.049372,41.484000,gate_sweep_poor_none_r15,-0.05624452419579029,0.0190224873367697,0.04165937006473541,0.010151005750588454,0.0,0.0,0.0,0.0,0.0725314045133484,0.010151005750588454,1,140,1788689612.565353
1788689654.096659,41.516000,gate_sweep_poor_none_r15,-0.05695216543972492,0.019503066083416343,0.041041597723960876,0.010967531860467302,0.0,0.0,0.0,0.0,0.07285829725338998,0.010967531860467302,1,140,1788689612.5806413
1788689654.142119,41.548000,gate_sweep_poor_none_r15,-0.05740695632994175,0.019899997860193253,0.040514275431632996,0.01061906855032436,0.0,0.0,0.0,0.0,0.07302722138801226,0.01061906855032436,1,140,1788689612.594091
1788689654.184542,41.584000,gate_sweep_poor_none_r15,-0.05777747370302677,0.020282339304685593,0.039920464158058167,0.011121834157656071,0.0,0.0,0.0,0.0,0.07309755956096722,0.011121834157656071,1,140,1788689612.6005242
1788689654.228267,41.616000,gate_sweep_poor_none_r15,-0.05813099257647991,0.020726787857711315,0.03912137448787689,0.011043177340183782,0.0,0.0,0.0,0.0,0.07307047265924888,0.011043177340183782,1,140,1788689612.612247
1788689654.272116,41.648000,gate_sweep_poor_none_r15,-0.05838443525135517,0.02107207663357258,0.03848738968372345,0.011411951583824832,0.0,0.0,0.0,0.0,0.07303460726215773,0.011411951583824832,1,140,1788689612.6241004
1788689654.317178,41.680000,gate_sweep_poor_none_r15,-0.05866696499288082,0.021432647481560707,0.037837862968444824,0.01188732645455032,0.0,0.0,0.0,0.0,0.07302653650258625,0.011887326454550321,1,140,1788689612.6371596
1788689654.362024,41.716000,gate_sweep_poor_none_r15,-0.05879623256623745,0.02190734399482608,0.03690674901008606,0.011074039480454993,0.0,0.0,0.0,0.0,0.07279448335817909,0.011074039480454993,1,140,1788689612.6460056
1788689654.408978,41.748000,gate_sweep_poor_none_r15,-0.05876043252646923,0.022325856145471334,0.036080628633499146,0.011931993152530962,0.0,0.0,0.0,0.0,0.07247788659939321,0.011931993152530962,1,140,1788689612.6609437
1788689654.455253,41.780000,gate_sweep_poor_none_r15,-0.05866876058280468,0.022665849421173334,0.035579174757003784,0.012451491644638995,0.0,0.0,0.0,0.0,0.07226092910207545,0.012451491644638995,1,140,1788689612.6752326
1788689654.506554,41.812000,gate_sweep_poor_none_r15,-0.05845283903181553,0.023274768609553576,0.03474685549736023,0.01138546733234231,0.0,0.0,0.0,0.0,0.07187345276012577,0.01138546733234231,1,140,1788689612.694531
1788689654.564410,41.848000,gate_sweep_poor_none_r15,-0.058160798624157906,0.023790836334228516,0.03401586413383484,0.011860670447029799,0.0,0.0,0.0,0.0,0.07145461078792192,0.011860670447029797,1,140,1788689612.7163906
1788689654.610446,41.880000,gate_sweep_poor_none_r15,-0.05782988481223583,0.024305131286382675,0.033322080969810486,0.011717089392136643,0.0,0.0,0.0,0.0,0.07103095145359781,0.011717089392136643,1,140,1788689612.7304118
1788689654.662611,41.912000,gate_sweep_poor_none_r15,-0.057466352358460426,0.024762979708611965,0.0327751487493515,0.011813009661496024,0.0,0.0,0.0,0.0,0.07063849653678916,0.011813009661496024,1,140,1788689612.750586
1788689654.713276,41.944000,gate_sweep_poor_none_r15,-0.056927578523755074,0.025292797945439816,0.03228406608104706,0.011820009763912913,0.0,0.0,0.0,0.0,0.07016221025033745,0.011820009763912913,1,140,1788689612.7692497
1788689654.760013,41.980000,gate_sweep_poor_none_r15,-0.056528350338339806,0.02560529764741659,0.03204531967639923,0.011457578168848596,0.0,0.0,0.0,0.0,0.06984259569023404,0.011457578168848596,1,140,1788689612.779995
1788689654.808083,42.012000,gate_sweep_poor_none_r15,-0.0559662189334631,0.026019953191280365,0.0317884236574173,0.011447390961897223,0.0,0.0,0.0,0.0,0.06942448778643018,0.011447390961897223,1,140,1788689612.7960508
1788689654.863062,42.044000,gate_sweep_poor_none_r15,-0.05529449321329594,0.02657258603721857,0.03153109550476074,0.012985493871375093,0.0,0.0,0.0,0.0,0.06897675907253803,0.012985493871375093,1,140,1788689612.8190463
1788689654.896393,42.076000,gate_sweep_poor_none_r15,-0.05476117320358753,0.02707172092050314,0.03149145841598511,0.012158565069032732,0.0,0.0,0.0,0.0,0.06872682240142228,0.012158565069032732,1,140,1788689612.8203678
1788689654.938989,42.112000,gate_sweep_poor_none_r15,-0.054215798154473305,0.027598912827670574,0.031560540199279785,0.01148201927816234,0.0,0.0,0.0,0.0,0.06853554155667194,0.011482019278162338,1,140,1788689612.8269706
1788689654.989736,42.144000,gate_sweep_poor_none_r15,-0.05381729267537594,0.028021639212965965,0.03168267011642456,0.010552612803406313,0.0,0.0,0.0,0.0,0.06844928663466761,0.010552612803406311,1,140,1788689612.8457143
1788689655.033466,42.176000,gate_sweep_poor_none_r15,-0.05317973159253597,0.028813845477998257,0.03198543190956116,0.009630381827519558,0.0,0.0,0.0,0.0,0.06842067960730369,0.009630381827519558,1,140,1788689612.8574476
1788689655.082449,42.208000,gate_sweep_poor_none_r15,-0.052666252478957176,0.02958824671804905,0.03228996694087982,0.0086600007112283,0.0,0.0,0.0,0.0,0.06849701058490447,0.0086600007112283,1,140,1788689612.8744247
1788689655.131720,42.244000,gate_sweep_poor_none_r15,-0.052162228152155876,0.030461810529232025,0.03258824348449707,0.008352609215385217,0.0,0.0,0.0,0.0,0.06863536668453997,0.008352609215385217,1,140,1788689612.8876948
1788689655.179318,42.276000,gate_sweep_poor_none_r15,-0.05152621679008007,0.03169148787856102,0.03300654888153076,0.008520055549913851,0.0,0.0,0.0,0.0,0.06891105636778606,0.008520055549913851,1,140,1788689612.9033005
1788689655.225841,42.308000,gate_sweep_poor_none_r15,-0.05103142373263836,0.03276831842958927,0.03335690498352051,0.008110085551850946,0.0,0.0,0.0,0.0,0.06921453612473799,0.008110085551850946,1,140,1788689612.9178216
1788689655.278938,42.340000,gate_sweep_poor_none_r15,-0.05066852457821369,0.03362281993031502,0.033647581934928894,0.007631655780640857,0.0,0.0,0.0,0.0,0.06949786452163251,0.007631655780640857,1,140,1788689612.9389057
1788689655.326046,42.376000,gate_sweep_poor_none_r15,-0.05005607567727566,0.035075873136520386,0.034207358956336975,0.0072797542984188056,0.0,0.0,0.0,0.0,0.0700433508283699,0.0072797542984188056,1,140,1788689612.9500206
1788689655.374561,42.408000,gate_sweep_poor_none_r15,-0.049536166712641716,0.036232227459549904,0.034674763679504395,0.005916879346673228,0.0,0.0,0.0,0.0,0.07049074659480259,0.005916879346673228,1,140,1788689612.966534
1788689655.420238,42.440000,gate_sweep_poor_none_r15,-0.04899744503200054,0.037386637181043625,0.035153985023498535,0.006712730633347017,0.0,0.0,0.0,0.0,0.0709528922765187,0.006712730633347017,1,140,1788689612.980215
1788689655.467911,42.472000,gate_sweep_poor_none_r15,-0.048276640474796295,0.038827963173389435,0.0357142835855484,0.0063195369860725385,0.0,0.0,0.0,0.0,0.07151052224502208,0.0063195369860725385,1,140,1788689612.9958916
1788689655.512365,42.508000,gate_sweep_poor_none_r15,-0.047626618295907974,0.03993888571858406,0.036096662282943726,0.0066649497358164025,0.0,0.0,0.0,0.0,0.07187752354328247,0.0066649497358164025,1,140,1788689613.004348
1788689655.559679,42.540000,gate_sweep_poor_none_r15,-0.04708726331591606,0.04073479399085045,0.03636634349822998,0.006336670811370041,0.0,0.0,0.0,0.0,0.07210440172063488,0.006336670811370041,1,140,1788689613.0196624
1788689655.606127,42.572000,gate_sweep_poor_none_r15,-0.04636295884847641,0.04175060987472534,0.036725252866744995,0.00548588342674265,0.0,0.0,0.0,0.0,0.07239738652895829,0.00548588342674265,1,140,1788689613.0341063
1788689655.651540,42.604000,gate_sweep_poor_none_r15,-0.04538612626492977,0.04292921721935272,0.037170588970184326,0.004184379184730325,0.0,0.0,0.0,0.0,0.07269436589442752,0.004184379184730325,1,140,1788689613.0475209
1788689655.698450,42.640000,gate_sweep_poor_none_r15,-0.04457041062414646,0.04374939948320389,0.037558212876319885,0.004529224168163593,0.0,0.0,0.0,0.0,0.07287764275008454,0.004529224168163593,1,140,1788689613.0584297
1788689655.747738,42.672000,gate_sweep_poor_none_r15,-0.04378477856516838,0.0444232951849699,0.03794856369495392,0.004122721001609386,0.0,0.0,0.0,0.0,0.07301115993875028,0.004122721001609386,1,140,1788689613.0757136
1788689655.791795,42.704000,gate_sweep_poor_none_r15,-0.04323529824614525,0.0448309350758791,0.03821633756160736,0.0032793870092905713,0.0,0.0,0.0,0.0,0.07307251337427459,0.0032793870092905713,1,140,1788689613.0877771
1788689655.843911,42.736000,gate_sweep_poor_none_r15,-0.04235224798321724,0.045330360531806946,0.038547053933143616,0.0023395439814612893,0.0,0.0,0.0,0.0,0.07303718136743922,0.0023395439814612898,1,140,1788689613.10785
1788689655.900676,42.772000,gate_sweep_poor_none_r15,-0.04144406504929066,0.04565756022930145,0.03894968330860138,0.0023259556046771705,0.0,0.0,0.0,0.0,0.07293353936113663,0.002325955604677171,1,140,1788689613.128654
1788689655.934763,42.804000,gate_sweep_poor_none_r15,-0.040878018364310265,0.04581211321055889,0.0392165333032608,0.0016870855192591737,0.0,0.0,0.0,0.0,0.07285395381539506,0.0016870855192591737,1,140,1788689613.1307473
1788689655.979181,42.836000,gate_sweep_poor_none_r15,-0.039998145774006844,0.046021247282624245,0.03967703878879547,0.002237438004434505,0.0,0.0,0.0,0.0,0.07274664441645905,0.002237438004434505,1,140,1788689613.1431575
1788689656.025816,42.868000,gate_sweep_poor_none_r15,-0.03930835239589214,0.04612521268427372,0.040106937289237976,0.0017319961868073525,0.0,0.0,0.0,0.0,0.07267219710433966,0.0017319961868073525,1,140,1788689613.1577854
1788689656.073448,42.904000,gate_sweep_poor_none_r15,-0.038828883320093155,0.04616532474756241,0.04044778645038605,0.0009429047761880598,0.0,0.0,0.0,0.0,0.0726288015712041,0.0009429047761880598,1,140,1788689613.1694124
1788689656.121574,42.936000,gate_sweep_poor_none_r15,-0.038081951439380646,0.04620220325887203,0.04090769588947296,0.00028729680387257775,0.0,0.0,0.0,0.0,0.07251426200680162,0.00028729680387257775,1,140,1788689613.1855524
1788689656.169310,42.968000,gate_sweep_poor_none_r15,-0.03750697895884514,0.04624488949775696,0.04123218357563019,0.0007144180738086723,0.0,0.0,0.0,0.0,0.07242552200497744,0.0007144180738086723,1,140,1788689613.2012863
1788689656.215240,43.000000,gate_sweep_poor_none_r15,-0.03693726100027561,0.046306610107421875,0.041481807827949524,0.0007007154006234474,0.0,0.0,0.0,0.0,0.0723146165758915,0.0007007154006234473,1,140,1788689613.215221
1788689656.263904,43.036000,gate_sweep_poor_none_r15,-0.036264948546886444,0.046389153227210045,0.04161320626735687,0.0007861927142319509,0.0,0.0,0.0,0.0,0.07210241997391961,0.0007861927142319508,1,140,1788689613.2278755
1788689656.317336,43.068000,gate_sweep_poor_none_r15,-0.03578299470245838,0.04647328890860081,0.041688188910484314,0.0009093060589694668,0.0,0.0,0.0,0.0,0.07195897710845167,0.000909306058969467,1,140,1788689613.249299
1788689656.376255,43.100000,gate_sweep_poor_none_r15,-0.03530678153038025,0.04657386615872383,0.04181577265262604,0.0017088027529599456,0.0,0.0,0.0,0.0,0.07186273494336845,0.0017088027529599456,1,140,1788689613.2762396
1788689656.416560,43.132000,gate_sweep_poor_none_r15,-0.035098714753985405,0.04665037430822849,0.041910961270332336,0.0023578302276578006,0.0,0.0,0.0,0.0,0.07186588811865303,0.0023578302276578006,1,140,1788689613.28454
1788689656.462964,43.168000,gate_sweep_poor_none_r15,-0.034910593181848526,0.04675687476992607,0.0420367568731308,0.0029182082693244888,0.0,0.0,0.0,0.0,0.0719169227857379,0.0029182082693244888,1,140,1788689613.2949347
1788689656.510082,43.200000,gate_sweep_poor_none_r15,-0.03477183170616627,0.046850649639964104,0.04217402637004852,0.0027133733759561883,0.0,0.0,0.0,0.0,0.07199105605663919,0.0027133733759561883,1,140,1788689613.310052
1788689656.554574,43.232000,gate_sweep_poor_none_r15,-0.034656355157494545,0.04692622274160385,0.04233984649181366,0.003089190237756801,0.0,0.0,0.0,0.0,0.07208186966600799,0.003089190237756801,1,140,1788689613.322554
1788689656.611912,43.264000,gate_sweep_poor_none_r15,-0.03444410488009453,0.04706204682588577,0.04264979064464569,0.004052322891742044,0.0,0.0,0.0,0.0,0.07225120936333816,0.004052322891742044,1,130,1788689613.347899
1788689656.644441,43.300000,gate_sweep_poor_none_r15,-0.0343375988304615,0.047127749770879745,0.04279331862926483,0.004052230517447663,0.0,0.0,0.0,0.0,0.07232816609878998,0.004052230517447663,1,118,1788689613.3444235
1788689656.689519,43.332000,gate_sweep_poor_none_r15,-0.03408580832183361,0.047301143407821655,0.04306842386722565,0.004540997543804823,0.0,0.0,0.0,0.0,0.07248537529079299,0.004540997543804823,1,108,1788689613.3575006
1788689656.744085,43.364000,gate_sweep_poor_none_r15,-0.033760298043489456,0.047552160918712616,0.043468669056892395,0.004386996391540115,0.0,0.0,0.0,0.0,0.07273576095430646,0.004386996391540115,1,100,1788689613.3800664
1788689656.777275,43.396000,gate_sweep_poor_none_r15,-0.03347096964716911,0.04774026945233345,0.04383574426174164,0.004783133059937564,0.0,0.0,0.0,0.0,0.07294526448977982,0.004783133059937564,1,97,1788689613.381256
1788689656.822464,43.432000,gate_sweep_poor_none_r15,-0.033155838027596474,0.04789506644010544,0.04426749050617218,0.004827746523392178,0.0,0.0,0.0,0.0,0.07316322642098537,0.004827746523392177,1,95,1788689613.390443
1788689656.867490,43.464000,gate_sweep_poor_none_r15,-0.03290991112589836,0.04801375791430473,0.04454745352268219,0.0046361897305567685,0.0,0.0,0.0,0.0,0.07329978727611369,0.0046361897305567685,1,92,1788689613.4034598
1788689656.913933,43.496000,gate_sweep_poor_none_r15,-0.03255778178572655,0.048210084438323975,0.044954970479011536,0.005008245476327001,0.0,0.0,0.0,0.0,0.07351986647924569,0.005008245476327001,1,90,1788689613.4179032
1788689656.957810,43.528000,gate_sweep_poor_none_r15,-0.032341896556317806,0.04838854819536209,0.04519011080265045,0.006033442533458855,0.0,0.0,0.0,0.0,0.07368579227822869,0.006033442533458855,1,90,1788689613.4297884
1788689657.001799,43.564000,gate_sweep_poor_none_r15,-0.032155110500752926,0.048558518290519714,0.04538939893245697,0.006259154558581054,0.0,0.0,0.0,0.0,0.07383819042566045,0.006259154558581054,1,89,1788689613.437753
1788689657.049722,43.596000,gate_sweep_poor_none_r15,-0.031978643499314785,0.04880179464817047,0.04559879004955292,0.00619372746262435,0.0,0.0,0.0,0.0,0.07405064790345642,0.006193727462624349,1,88,1788689613.4536967
1788689657.098299,43.628000,gate_sweep_poor_none_r15,-0.031882128678262234,0.04905441775918007,0.04587160050868988,0.0069453770053464195,0.0,0.0,0.0,0.0,0.07434386164289739,0.0069453770053464195,1,88,1788689613.470275
1788689657.149111,43.660000,gate_sweep_poor_none_r15,-0.03183080721646547,0.049268823117017746,0.04606346786022186,0.0077216374601875295,0.0,0.0,0.0,0.0,0.07458190323863735,0.0077216374601875295,1,88,1788689613.4890897
1788689657.195104,43.696000,gate_sweep_poor_none_r15,-0.03179332613945007,0.049666304141283035,0.04633764922618866,0.008790582486612792,0.0,0.0,0.0,0.0,0.07499823391169401,0.008790582486612792,1,88,1788689613.499085
1788689657.240272,43.728000,gate_sweep_poor_none_r15,-0.031788348220288754,0.05003694072365761,0.04663689434528351,0.008756532327133639,0.0,0.0,0.0,0.0,0.07542674879464378,0.008756532327133637,1,88,1788689613.512252
1788689657.285963,43.760000,gate_sweep_poor_none_r15,-0.0317849712446332,0.05044881999492645,0.04689286649227142,0.009727147552134283,0.0,0.0,0.0,0.0,0.07585716026694278,0.009727147552134283,1,88,1788689613.5259457
1788689657.330995,43.792000,gate_sweep_poor_none_r15,-0.03177487291395664,0.050994593650102615,0.047211989760398865,0.010143786860784073,0.0,0.0,0.0,0.0,0.07641376255212924,0.010143786860784073,1,87,1788689613.5389717
1788689657.377222,43.828000,gate_sweep_poor_none_r15,-0.03173415549099445,0.051423609256744385,0.04743562638759613,0.010970766222918888,0.0,0.0,0.0,0.0,0.07682176035799067,0.010970766222918888,1,85,1788689613.5491984
1788689657.424318,43.860000,gate_sweep_poor_none_r15,-0.031690094619989395,0.051718082278966904,0.04761664569377899,0.011387213237927362,0.0,0.0,0.0,0.0,0.07711269077632263,0.011387213237927362,1,84,1788689613.5642936
1788689657.471159,43.892000,gate_sweep_poor_none_r15,-0.0316035021096468,0.052093397825956345,0.04784558713436127,0.010450977275196744,0.0,0.0,0.0,0.0,0.07747066316277124,0.010450977275196744,1,84,1788689613.5791385
1788689657.521114,43.924000,gate_sweep_poor_none_r15,-0.031415386125445366,0.052493926137685776,0.04818756878376007,0.010649127796770774,0.0,0.0,0.0,0.0,0.0778754168659741,0.010649127796770774,1,83,1788689613.5970938
1788689657.566489,43.960000,gate_sweep_poor_none_r15,-0.031265310011804104,0.05276854336261749,0.04843549430370331,0.011179094968746032,0.0,0.0,0.0,0.0,0.07815392432367511,0.011179094968746032,1,83,1788689613.6064723
1788689657.611887,43.992000,gate_sweep_poor_none_r15,-0.03115776926279068,0.05297546461224556,0.04862247407436371,0.0111620577777039,0.0,0.0,0.0,0.0,0.07836677498422885,0.0111620577777039,1,83,1788689613.6198463
1788689657.656242,44.024000,gate_sweep_poor_none_r15,-0.031083538196980953,0.053086329251527786,0.04875685274600983,0.011298558226762265,0.0,0.0,0.0,0.0,0.07849570300303625,0.011298558226762265,1,82,1788689613.6322212
1788689657.699019,44.056000,gate_sweep_poor_none_r15,-0.030982145108282566,0.053172338753938675,0.04888807237148285,0.010092177711759192,0.0,0.0,0.0,0.0,0.07859538500620523,0.010092177711759192,1,82,1788689613.64299
1788689657.743308,44.092000,gate_sweep_poor_none_r15,-0.030979161150753498,0.053161051124334335,0.048857852816581726,0.009692706156954093,0.0,0.0,0.0,0.0,0.07856777688146208,0.009692706156954094,1,82,1788689613.6512895
1788689657.786703,44.124000,gate_sweep_poor_none_r15,-0.03104123566299677,0.05312745273113251,0.04869075119495392,0.009805388565859585,0.0,0.0,0.0,0.0,0.0784657491974258,0.009805388565859585,1,81,1788689613.6626737
1788689657.831503,44.156000,gate_sweep_poor_none_r15,-0.03122198022902012,0.05306175351142883,0.04841993749141693,0.00986736925887593,0.0,0.0,0.0,0.0,0.07832529656376461,0.00986736925887593,1,81,1788689613.6754818
1788689657.875580,44.188000,gate_sweep_poor_none_r15,-0.03144886717200279,0.05294732749462128,0.048206910490989685,0.010181577141806784,0.0,0.0,0.0,0.0,0.07820714132552886,0.010181577141806784,1,80,1788689613.6875627
1788689657.920366,44.224000,gate_sweep_poor_none_r15,-0.031637090258300304,0.05283655226230621,0.048088446259498596,0.010898967436773255,0.0,0.0,0.0,0.0,0.07813517388879314,0.010898967436773255,1,80,1788689613.6963375
1788689657.963960,44.256000,gate_sweep_poor_none_r15,-0.03194096218794584,0.05259677767753601,0.04795543849468231,0.010068798653337041,0.0,0.0,0.0,0.0,0.07801519191009655,0.010068798653337043,1,80,1788689613.7079334
1788689658.006354,44.288000,gate_sweep_poor_none_r15,-0.03214015532284975,0.05234349146485329,0.04794560372829437,0.01033538394982241,0.0,0.0,0.0,0.0,0.07792054671124113,0.01033538394982241,1,80,1788689613.718327
1788689658.051397,44.320000,gate_sweep_poor_none_r15,-0.03227279055863619,0.05206498131155968,0.0480240136384964,0.010728077094278636,0.0,0.0,0.0,0.0,0.07783701674245451,0.010728077094278636,1,80,1788689613.7313702
1788689658.104828,44.356000,gate_sweep_poor_none_r15,-0.032327085733413696,0.05166314169764519,0.048157110810279846,0.011005143296866311,0.0,0.0,0.0,0.0,0.07767385662937058,0.011005143296866313,1,80,1788689613.7488096
1788689658.137260,44.388000,gate_sweep_poor_none_r15,-0.03226057440042496,0.05128193646669388,0.04824654757976532,0.010226470456477621,0.0,0.0,0.0,0.0,0.0774487638493084,0.010226470456477621,1,80,1788689613.749238
1788689658.182191,44.420000,gate_sweep_poor_none_r15,-0.0321690421551466,0.05097290128469467,0.04836024343967438,0.010667054105813558,0.0,0.0,0.0,0.0,0.07727740345083675,0.010667054105813558,1,80,1788689613.7621682
1788689658.226203,44.452000,gate_sweep_poor_none_r15,-0.031901657581329346,0.05041903629899025,0.04854728281497955,0.010821603075623099,0.0,0.0,0.0,0.0,0.07691965708759299,0.010821603075623099,1,80,1788689613.7741783
1788689658.270070,44.488000,gate_sweep_poor_none_r15,-0.031572616659104824,0.049965374171733856,0.04864458739757538,0.011396033553825475,0.0,0.0,0.0,0.0,0.0765484462409558,0.011396033553825475,1,80,1788689613.7820454
1788689658.314894,44.520000,gate_sweep_poor_none_r15,-0.031125926412642002,0.04946588724851608,0.0486878901720047,0.012148130923383335,0.0,0.0,0.0,0.0,0.07606712789194359,0.012148130923383335,1,80,1788689613.7948556
1788689658.358194,44.552000,gate_sweep_poor_none_r15,-0.030592596158385277,0.04893696680665016,0.04866333305835724,0.0117794045130265,0.0,0.0,0.0,0.0,0.07549075204482887,0.0117794045130265,1,80,1788689613.8061705
1788689658.400994,44.584000,gate_sweep_poor_none_r15,-0.02991873025894165,0.04828522726893425,0.048539504408836365,0.01105907787990027,0.0,0.0,0.0,0.0,0.0747173144657608,0.01105907787990027,1,79,1788689613.816973
1788689658.444055,44.620000,gate_sweep_poor_none_r15,-0.029519363306462765,0.04794703423976898,0.048383668065071106,0.010102802057417981,0.0,0.0,0.0,0.0,0.07423806461539458,0.010102802057417981,1,79,1788689613.8240376
1788689658.487515,44.652000,gate_sweep_poor_none_r15,-0.02901940792798996,0.047513220459222794,0.04814736545085907,0.009218361027816457,0.0,0.0,0.0,0.0,0.07360571278614433,0.009218361027816457,1,79,1788689613.8354943
1788689658.533341,44.684000,gate_sweep_poor_none_r15,-0.028576142154634,0.047119103372097015,0.047898128628730774,0.009877701696231679,0.0,0.0,0.0,0.0,0.07301394749749292,0.009877701696231679,1,79,1788689613.8493178
1788689658.593948,44.716000,gate_sweep_poor_none_r15,-0.028061730787158012,0.046605903655290604,0.04777432978153229,0.008122143271575049,0.0,0.0,0.0,0.0,0.07240136446484807,0.008122143271575049,1,79,1788689613.8779244
1788689658.628389,44.752000,gate_sweep_poor_none_r15,-0.027864315547049046,0.046373480930924416,0.04779885709285736,0.008238051162293897,0.0,0.0,0.0,0.0,0.07219176236898314,0.008238051162293897,1,79,1788689613.8763578
1788689658.673419,44.784000,gate_sweep_poor_none_r15,-0.027699729427695274,0.046160461381077766,0.04782368242740631,0.007732312034547799,0.0,0.0,0.0,0.0,0.0720081093085974,0.007732312034547799,1,79,1788689613.8893979
1788689658.715518,44.816000,gate_sweep_poor_none_r15,-0.027488643303513527,0.045840637758374214,0.047888025641441345,0.007486332869310909,0.0,0.0,0.0,0.0,0.07176526026287111,0.007486332869310909,1,78,1788689613.8994927
1788689658.760036,44.848000,gate_sweep_poor_none_r15,-0.027341564185917377,0.045634550973773,0.047963693737983704,0.007349586154158348,0.0,0.0,0.0,0.0,0.0716281319852865,0.007349586154158348,1,78,1788689613.9120157
1788689658.802010,44.884000,gate_sweep_poor_none_r15,-0.0272118728607893,0.04548266343772411,0.04811222851276398,0.007035062330745517,0.0,0.0,0.0,0.0,0.07158173810718392,0.007035062330745517,1,78,1788689613.9179828
1788689658.845097,44.916000,gate_sweep_poor_none_r15,-0.027028950862586498,0.04533660039305687,0.048323020339012146,0.008011993807489015,0.0,0.0,0.0,0.0,0.07156176223805855,0.008011993807489015,1,78,1788689613.9290755
1788689658.899746,44.948000,gate_sweep_poor_none_r15,-0.026788590475916862,0.04523235373198986,0.04849584400653839,0.007557335185708934,0.0,0.0,0.0,0.0,0.07152231322970998,0.007557335185708934,1,78,1788689613.9517226
1788689658.933165,44.980000,gate_sweep_poor_none_r15,-0.02665422111749649,0.045217489823699,0.04852910339832306,0.008063079958052216,0.0,0.0,0.0,0.0,0.07148526257895294,0.008063079958052216,1,78,1788689613.9531424
1788689658.980949,45.016000,gate_sweep_poor_none_r15,-0.02628309652209282,0.045219702646136284,0.048607125878334045,0.00899205617259102,0.0,0.0,0.0,0.0,0.07140220834362788,0.00899205617259102,1,78,1788689613.9649339
1788689659.024748,45.048000,gate_sweep_poor_none_r15,-0.02591193187981844,0.04527232609689236,0.04867367446422577,0.009750575697476158,0.0,0.0,0.0,0.0,0.07134520523354836,0.009750575697476158,1,78,1788689613.9767272
1788689659.068557,45.080000,gate_sweep_poor_none_r15,-0.025475257076323032,0.04534483700990677,0.048775121569633484,0.009948845505892666,0.0,0.0,0.0,0.0,0.07130326395539185,0.009948845505892666,1,78,1788689613.98854
1788689659.112566,45.112000,gate_sweep_poor_none_r15,-0.02489870134741068,0.04543079063296318,0.04897482693195343,0.010885566447521488,0.0,0.0,0.0,0.0,0.07129120380059854,0.010885566447521488,1,78,1788689614.000547
1788689659.157714,45.148000,gate_sweep_poor_none_r15,-0.024427901953458786,0.04552040621638298,0.04916553199291229,0.01152104018811633,0.0,0.0,0.0,0.0,0.07131675337603638,0.01152104018811633,1,78,1788689614.0096848
1788689659.266642,45.180000,gate_sweep_poor_none_r15,-0.023901580832898617,0.04559403844177723,0.04936404526233673,0.01140822680186273,0.0,0.0,0.0,0.0,0.07132258318656073,0.01140822680186273,1,78,1788689614.0866206
1788689659.315347,45.212000,gate_sweep_poor_none_r15,-0.023502076976001263,0.04563991725444794,0.049509599804878235,0.011514218068662376,0.0,0.0,0.0,0.0,0.07132005427660541,0.011514218068662376,1,78,1788689614.1033237
1788689659.358095,45.244000,gate_sweep_poor_none_r15,-0.022824592888355255,0.045702505856752396,0.04973052442073822,0.011087607281173343,0.0,0.0,0.0,0.0,0.07129380156273955,0.011087607281173343,1,78,1788689614.1140707
1788689659.405648,45.280000,gate_sweep_poor_none_r15,-0.02229493111371994,0.04577190428972244,0.04988966882228851,0.010246579216225158,0.0,0.0,0.0,0.0,0.07128190675669847,0.010246579216225158,1,78,1788689614.1256285
1788689659.449696,45.312000,gate_sweep_poor_none_r15,-0.02174951182678342,0.045829227194190025,0.050089165568351746,0.00861732366392146,0.0,0.0,0.0,0.0,0.07129013842919532,0.008617323663921459,1,78,1788689614.1376736
1788689659.496514,45.344000,gate_sweep_poor_none_r15,-0.021329765673726797,0.045848285779356956,0.05025039613246918,0.008244906923003482,0.0,0.0,0.0,0.0,0.07128903509005963,0.008244906923003482,1,78,1788689614.1524928
1788689659.542337,45.376000,gate_sweep_poor_none_r15,-0.020623808493837714,0.04584992304444313,0.050510987639427185,0.007124620605327233,0.0,0.0,0.0,0.0,0.07126651943431933,0.007124620605327233,1,78,1788689614.1663194
1788689659.589098,45.412000,gate_sweep_poor_none_r15,-0.02008527680300176,0.04582543671131134,0.050743624567985535,0.007404992385389513,0.0,0.0,0.0,0.0,0.07126222301003714,0.007404992385389513,1,78,1788689614.1770718
1788689659.633106,45.444000,gate_sweep_poor_none_r15,-0.019574236124753952,0.04574771039187908,0.05100907385349274,0.007104733033850235,0.0,0.0,0.0,0.0,0.07125959122362364,0.007104733033850237,1,78,1788689614.1890855
1788689659.678131,45.476000,gate_sweep_poor_none_r15,-0.0189171910751611,0.04561806656420231,0.05133672058582306,0.007169924460524207,0.0,0.0,0.0,0.0,0.07123431052334975,0.007169924460524205,1,78,1788689614.2021117
1788689659.723150,45.508000,gate_sweep_poor_none_r15,-0.018315451103262603,0.045531364157795906,0.051535770297050476,0.007325161380171855,0.0,0.0,0.0,0.0,0.07116527588154335,0.007325161380171853,1,78,1788689614.2151282
1788689659.771856,45.544000,gate_sweep_poor_none_r15,-0.017824283393565565,0.045504409819841385,0.051653727889060974,0.007631845960754289,0.0,0.0,0.0,0.0,0.07110881799315306,0.007631845960754289,1,74,1788689614.2278311
1788689659.816216,45.576000,gate_sweep_poor_none_r15,-0.01693151830113493,0.04555101878941059,0.0518050342798233,0.007419239932544838,0.0,0.0,0.0,0.0,0.07103050894839887,0.007419239932544838,1,73,1788689614.2401886
1788689659.859422,45.608000,gate_sweep_poor_none_r15,-0.01609980163630098,0.04565691202878952,0.051877960562705994,0.0071746879031096425,0.0,0.0,0.0,0.0,0.07095829775916657,0.0071746879031096425,1,68,1788689614.2514026
1788689659.903292,45.640000,gate_sweep_poor_none_r15,-0.015167769743129611,0.045821357518434525,0.05189649760723114,0.006935664050424927,-0.00153253972530365,-0.003928415477275848,1.7076730728149414e-05,0.04648957244906604,0.07316032887600403,0.03955390839864111,1,64,1788689614.2632637
1788689659.948183,45.676000,gate_sweep_poor_none_r15,-0.013897812692448497,0.04604942724108696,0.051863327622413635,0.008203224780469495,0.0018677785992622375,0.00129599217325449,-0.003119077067822218,-0.015414172773757614,0.07262567483107356,0.02361739755422711,1,58,1788689614.2721598
1788689659.994741,45.708000,gate_sweep_poor_none_r15,-0.012837591115385294,0.04625021666288376,0.051805511116981506,0.0812793687350199,-0.0005103950388729572,0.0012080922024324536,-0.003939206711947918,-0.0008984874697455412,0.07272019186475329,0.08217785620476543,1,54,1788689614.286715
1788689660.037014,45.740000,gate_sweep_poor_none_r15,-0.012024205643683672,0.04640058055520058,0.051754698157310486,0.2025395246687547,-0.0004651178023777902,0.0006318437517620623,-0.0030478935223072767,0.07843628091259436,0.07233058713371794,0.12410324375616032,1,144,1788689614.2969947
1788689660.080202,45.772000,gate_sweep_poor_none_r15,-0.010617243591696024,0.04664696007966995,0.05162154138088226,0.5831966467241076,-0.0012431084178388119,-0.0006067834910936654,-0.005545567721128464,0.2910673135885985,0.07475873898609064,0.29212933313550915,1,97,1788689614.3081858
1788689660.124542,45.808000,gate_sweep_poor_none_r15,-0.009425859432667494,0.04680607095360756,0.05151577293872833,1.112820783855051,-0.0012412978103384376,-0.0006305432762019336,-0.0051286481320858,0.6836950702488417,0.07433579122458547,0.4291257136062092,1,79,1788689614.3165257
1788689660.173524,45.840000,gate_sweep_poor_none_r15,-0.008194250985980034,0.046962883323431015,0.051460132002830505,1.8281665396056213,0.0004758154973387718,-0.0031415526755154133,-0.005378808360546827,1.2927507407264125,0.07626460319984135,0.5354157988792089,1,68,1788689614.3334997
1788689660.217163,45.872000,gate_sweep_poor_none_r15,-0.006863560527563095,0.047097403556108475,0.0514763742685318,2.7110224005467765,-0.0007339279400184751,-0.007413425948470831,-0.0067197768948972225,2.0873308206440733,0.07997371405138243,0.6236915799027032,1,64,1788689614.345141
1788689660.260567,45.904000,gate_sweep_poor_none_r15,-0.004965928383171558,0.047212328761816025,0.051546499133110046,4.028819009012301,0.004818938672542572,-0.009044459089636803,-0.014770140871405602,2.9909898367640593,0.08751266504997945,1.0378291722482411,1,200,1788689614.3565476
1788689660.306821,45.940000,gate_sweep_poor_none_r15,-0.003660239279270172,0.04721243679523468,0.051611557602882385,4.92293146528165,0.003115103580057621,-0.011286300607025623,-0.02287677489221096,4.226223407519529,0.0949553538586405,0.6967080577621212,1,122,1788689614.3667982
1788689660.352067,45.972000,gate_sweep_poor_none_r15,-0.0017140740528702736,0.047153037041425705,0.05173717439174652,6.224239485992025,0.005865404382348061,-0.015548991039395332,-0.029109932482242584,5.477561900499092,0.10259262891988014,0.7466775854929341,1,218,1788689614.3800232
1788689660.395836,46.004000,gate_sweep_poor_none_r15,0.00046371854841709137,0.04705928638577461,0.05188937485218048,7.6543676298062895,0.01120099425315857,-0.020229456946253777,-0.0294490996748209,6.846784447216004,0.1061084893264572,0.8075831825902847,1,224,1788689614.391819
1788689660.446043,46.036000,gate_sweep_poor_none_r15,0.0035834312438964844,0.046928830444812775,0.052087292075157166,9.643238492601677,0.010480432771146297,-0.020169248804450035,-0.03171674162149429,8.26907348253796,0.10757712086143936,1.3741650100637157,1,122,1788689614.4100256
1788689660.491339,46.072000,gate_sweep_poor_none_r15,0.006383905187249184,0.04689007066190243,0.052228882908821106,11.41535282323799,0.013640112243592739,-0.014086408540606499,-0.033936191350221634,9.934188098422451,0.10580738905598645,1.4811647248155382,1,236,1788689614.419319
1788689660.534835,46.104000,gate_sweep_poor_none_r15,0.00862465612590313,0.04697202518582344,0.05228935182094574,12.833395453473896,0.019852448254823685,-0.0019536130130290985,-0.039041657000780106,11.549558871890607,0.10421676718095527,1.2838365815832884,1,205,1788689614.430818
1788689660.577055,46.136000,gate_sweep_poor_none_r15,0.012499172240495682,0.04729022458195686,0.05230237543582916,15.329465194759024,0.02333770878612995,-0.009988748468458652,-0.04124385491013527,13.52337609328596,0.11022364465078041,1.8060891014730638,1,233,1788689614.4410307
1788689660.620134,46.168000,gate_sweep_poor_none_r15,0.0157333891838789,0.0476725734770298,0.05223526060581207,17.432614520741065,0.027846477925777435,-0.014324427582323551,-0.034498874098062515,15.58057789491211,0.10729941836772663,1.8520366258289567,1,133,1788689614.4521103
1788689660.664262,46.204000,gate_sweep_poor_none_r15,0.019030852243304253,0.04812949150800705,0.052122101187705994,19.630818025604025,0.03478778526186943,-0.019410358741879463,-0.035200491547584534,17.95556571640901,0.11151299257011292,1.6752523091950167,1,266,1788689614.4602447
1788689660.713728,46.236000,gate_sweep_poor_none_r15,0.023133425042033195,0.04875949025154114,0.051947250962257385,22.516263175632417,0.0418127067387104,-0.025242896750569344,-0.03517100214958191,20.18077899957399,0.11582253179745489,2.3354841760584244,1,262,1788689614.477705
1788689660.758600,46.268000,gate_sweep_poor_none_r15,0.02635716088116169,0.04929295927286148,0.05184684693813324,24.95480259236017,0.04477782920002937,-0.03172758221626282,-0.025111600756645203,22.492808483772134,0.11325304338557352,2.4619941085880357,1,232,1788689614.490564
1788689660.803500,46.300000,gate_sweep_poor_none_r15,0.028736425563693047,0.04967847093939781,0.05178551375865936,26.874303729108576,0.04720524698495865,-0.03780031204223633,-0.019703447818756104,24.872031232559614,0.11447404275230096,2.0022724965489616,1,267,1788689614.5034635
1788689660.848453,46.336000,gate_sweep_poor_none_r15,0.032590294256806374,0.05030933767557144,0.051711663603782654,30.245279893050707,0.053785260766744614,-0.046480197459459305,-0.0187101811170578,27.699696424356965,0.12155935558770835,2.5455834686937417,1,251,1788689614.5124373
1788689660.894193,46.368000,gate_sweep_poor_none_r15,0.03556772880256176,0.05082370713353157,0.051686957478523254,33.15454272572387,0.062121327966451645,-0.05464273318648338,-0.017737597227096558,30.407239788378078,0.12902725471157406,2.747302937345793,1,246,1788689614.5261722
1788689660.939833,46.400000,gate_sweep_poor_none_r15,0.038649627938866615,0.05142563581466675,0.05168808996677399,36.23156015062338,0.06702399253845215,-0.06332562118768692,-0.017026066780090332,33.2653815138948,0.13672816420724399,2.9661786367285825,1,230,1788689614.539814
1788689660.984301,46.432000,gate_sweep_poor_none_r15,0.04294363595545292,0.0525282546877861,0.052020177245140076,40.47799980121879,0.07446394115686417,-0.07216686755418777,-0.016515595838427544,36.370865131954886,0.14573796809031336,4.107134669263908,1,225,1788689614.552285
1788689661.030025,46.468000,gate_sweep_poor_none_r15,0.04668867401778698,0.05370265245437622,0.05302496254444122,44.116002344777556,0.09680092334747314,-0.07709793001413345,-0.01793215423822403,39.99446062985383,0.1570189234744998,4.1215417149237235,1,219,1788689614.562001
1788689661.073673,46.500000,gate_sweep_poor_none_r15,0.04963443987071514,0.05479300022125244,0.05445431172847748,47.017186673469354,0.11944718658924103,-0.0798497274518013,-0.018297508358955383,43.45911167312912,0.16821210136509013,3.558075000340228,1,212,1788689614.5736308
1788689661.120399,46.532000,gate_sweep_poor_none_r15,0.05363753251731396,0.05649835616350174,0.05771501362323761,51.001458007164665,0.1440926045179367,-0.09299302101135254,-0.01722479984164238,47.24471877714264,0.19012040275158107,3.7567392300220295,1,209,1788689614.5883443
1788689661.166215,46.564000,gate_sweep_poor_none_r15,0.05849158577620983,0.059011124074459076,0.06525768339633942,56.197127464742024,0.16409406065940857,-0.10674826800823212,-0.014272797852754593,51.14288906662828,0.21202159374175183,5.054238398113744,1,231,1788689614.602184
1788689661.211761,46.600000,gate_sweep_poor_none_r15,0.06202278099954128,0.06130576133728027,0.07539813220500946,60.40437721240707,0.18803320825099945,-0.12061543762683868,-0.009153811261057854,55.639643840033465,0.23690289477447637,4.764733372373607,1,299,1788689614.611738
1788689661.257806,46.632000,gate_sweep_poor_none_r15,0.06505131535232067,0.06379175931215286,0.09019522368907928,64.58881252830496,0.208317369222641,-0.13312005996704102,0.00042597297579050064,59.617830089281505,0.2595340924368911,4.97098243902345,1,314,1788689614.62576
1788689661.305509,46.664000,gate_sweep_poor_none_r15,0.06693132035434246,0.06572208926081657,0.10452021658420563,67.67802530335298,0.2297067493200302,-0.14836318790912628,0.013792711310088634,63.651272946473036,0.28383062975859363,4.026752356879938,1,323,1788689614.6414835
1788689661.353903,46.696000,gate_sweep_poor_none_r15,0.06925533525645733,0.06896369531750679,0.1342761367559433,72.63489295778098,0.2450641691684723,-0.16165000200271606,0.029927249997854233,67.56712700965298,0.3081884385256175,5.0677659481280015,1,322,1788689614.6578362
1788689661.400093,46.732000,gate_sweep_poor_none_r15,0.0703395064920187,0.07153084501624107,0.16332723200321198,76.36416185410732,0.2602299153804779,-0.1615387350320816,0.04672783240675926,71.80132921307978,0.32245188248478407,4.562832641027538,1,340,1788689614.6680615
1788689661.445916,46.764000,gate_sweep_poor_none_r15,0.07075942121446133,0.0739637240767479,0.19656191766262054,79.82686540124513,0.2842251658439636,-0.15731801092624664,0.0604826994240284,75.48818187322155,0.3428941800507114,4.338683528023583,1,367,1788689614.68189
1788689661.505568,46.796000,gate_sweep_poor_none_r15,0.07050359807908535,0.07671250402927399,0.2426818460226059,83.75426796865226,0.29719221591949463,-0.14004561305046082,0.06821147352457047,78.89494478145218,0.3589034990884742,4.85932318720008,1,184,1788689614.70954
1788689661.537219,46.828000,gate_sweep_poor_none_r15,0.06970099173486233,0.07860186323523521,0.2828456610441208,86.55524408386566,0.3118883967399597,-0.13757538795471191,0.08679772168397903,82.20603029244994,0.37923889252356807,4.349213791415731,1,352,1788689614.709204
1788689661.582790,46.864000,gate_sweep_poor_none_r15,0.06879261694848537,0.07982264086604118,0.31439606845378876,88.43979602040852,0.3221474885940552,-0.14600631594657898,0.1093234196305275,85.45233341788942,0.39653776619258857,2.9874626025191082,1,169,1788689614.7187648
1788689661.625733,46.896000,gate_sweep_poor_none_r15,0.06681468896567822,0.08141403272747993,0.3689933866262436,91.22839601753024,0.334634006023407,-0.1624576598405838,0.1377251148223877,88.24538419446128,0.4297506283513994,2.9830118230689684,1,318,1788689614.7297149
1788689661.672842,46.928000,gate_sweep_poor_none_r15,0.06488055549561977,0.08220027759671211,0.414176806807518,93.07662995069848,0.34937646985054016,-0.16311833262443542,0.15565402805805206,90.75878712559673,0.4560188295869183,2.3178428251017467,1,188,1788689614.7448144
1788689661.716526,46.960000,gate_sweep_poor_none_r15,0.06269252859055996,0.0826135091483593,0.46035240590572357,94.67980527941396,0.3672829270362854,-0.16759580373764038,0.17792505025863647,93.18519748313837,0.48491774797177317,1.4946077962755855,1,337,1788689614.7565093
1788689661.761497,46.996000,gate_sweep_poor_none_r15,0.0596968587487936,0.08263953402638435,0.5193164199590683,96.24096139709961,0.37103381752967834,-0.1651204526424408,0.21003520488739014,95.48978604762834,0.5039549413323382,0.7511753494712636,1,196,1788689614.7654748
1788689661.806175,47.028000,gate_sweep_poor_none_r15,0.057128166779875755,0.08230055496096611,0.5676513165235519,97.24193547558919,0.36639562249183655,-0.17095382511615753,0.25072696805000305,97.03087768339586,0.5101227135172294,0.2110577921933302,1,351,1788689614.7781549
1788689661.850369,47.060000,gate_sweep_poor_none_r15,0.055164312943816185,0.08185525611042976,0.6046290248632431,97.82818635871183,0.36960718035697937,-0.1690252721309662,0.29792192578315735,98.44590656800868,0.5058503740670907,0.6177202092968506,1,207,1788689614.790343
1788689661.893849,47.092000,gate_sweep_poor_none_r15,0.051824359223246574,0.08075323328375816,0.6679235547780991,98.59074100410368,0.36653193831443787,-0.17904311418533325,0.3477378785610199,99.53455270648699,0.5187040290476906,0.9438117023833126,1,338,1788689614.8018296
1788689661.938801,47.128000,gate_sweep_poor_none_r15,0.049115998670458794,0.0795181579887867,0.7202846854925156,98.96688536974838,0.3633977174758911,-0.18930985033512115,0.3990955948829651,100.56250405318175,0.5236448498374503,1.5956186834333697,1,193,1788689614.8107817
1788689661.981007,47.160000,gate_sweep_poor_none_r15,0.04638627730309963,0.07795628160238266,0.7743416875600815,99.19566663721143,0.358329713344574,-0.2049456536769867,0.4482865631580353,101.15442306588629,0.5325919229795057,1.958756428674852,1,317,1788689614.8209934
1788689662.024074,47.192000,gate_sweep_poor_none_r15,0.04367396421730518,0.07604943215847015,0.8302650302648544,99.25517988284726,0.35914409160614014,-0.22577975690364838,0.502112090587616,101.64055826880552,0.5461745256449051,2.3853783859582727,1,229,1788689614.8320563
1788689662.069135,47.224000,gate_sweep_poor_none_r15,0.04035441391170025,0.07319561019539833,0.9031143039464951,99.14195048696169,0.3521592915058136,-0.24793961644172668,0.5555078983306885,101.93101083218876,0.5667277377223549,2.789060345227077,1,165,1788689614.8450942
1788689662.112681,47.260000,gate_sweep_poor_none_r15,0.03840028680860996,0.07118093222379684,0.9487169831991196,98.97628863205395,0.34223729372024536,-0.27646341919898987,0.6180521249771118,101.96186546425412,0.5679020780981275,2.9855768322001657,1,312,1788689614.8526661
1788689662.167194,47.292000,gate_sweep_poor_none_r15,0.03583326376974583,0.06830566748976707,1.0119048207998276,98.66333309119453,0.34036654233932495,-0.3097786605358124,0.6805107593536377,101.99138613042062,0.5878012426124088,3.3280530392260816,1,223,1788689614.8751743
1788689662.200894,47.324000,gate_sweep_poor_none_r15,0.033286770805716515,0.06523141637444496,1.0780699700117111,98.25876639876051,0.33473920822143555,-0.345017671585083,0.7511879205703735,101.76169537411012,0.6050039342371846,3.502928975349597,1,157,1788689614.8768613
1788689662.245423,47.356000,gate_sweep_poor_none_r15,0.030108710750937462,0.06106516346335411,1.1657071560621262,97.64541486105833,0.3321600556373596,-0.3663187623023987,0.8142874240875244,101.38650047088359,0.6303870739250161,3.7410856098252667,1,313,1788689614.8894048
1788689662.292073,47.392000,gate_sweep_poor_none_r15,0.027559826150536537,0.05748559534549713,1.2398486584424973,97.08770359965241,0.338204026222229,-0.3933561444282532,0.889797568321228,100.92109657457728,0.6498414106960965,3.833392974924873,1,200,1788689614.900051
1788689662.333335,47.424000,gate_sweep_poor_none_r15,0.025636108592152596,0.05467645451426506,1.2975714653730392,96.6374229583048,0.3377109467983246,-0.4266553223133087,0.9610778093338013,100.45746870992691,0.6650556101410248,3.820045751622122,1,313,1788689614.9093177
1788689662.377312,47.456000,gate_sweep_poor_none_r15,0.022418374195694923,0.04987771064043045,1.3970895260572433,95.8518524630734,0.34072214365005493,-0.4683922231197357,1.0384935140609741,100.06218246689473,0.7060539028347976,4.210330003821323,1,199,1788689614.9212909
1788689662.422167,47.488000,gate_sweep_poor_none_r15,0.019841404631733894,0.045956892892718315,1.4792504757642746,95.20343960700713,0.3295643627643585,-0.5025153756141663,1.1082606315612793,99.42779483090828,0.7310154612710147,4.224355223901163,1,331,1788689614.9341516
1788689662.467932,47.524000,gate_sweep_poor_none_r15,0.017292069271206856,0.04200940020382404,1.5631876438856125,94.55393970492824,0.3322191834449768,-0.5520060658454895,1.202664852142334,98.77393167597617,0.7628958936276753,4.219991971047931,1,197,1788689614.943902
1788689662.511512,47.556000,gate_sweep_poor_none_r15,0.014156175777316093,0.037080904468894005,1.6698861569166183,93.75327737128396,0.33071306347846985,-0.5820642113685608,1.2791662216186523,98.19033620760617,0.79762836299599,4.437058836322208,1,323,1788689614.955494
1788689662.556195,47.588000,gate_sweep_poor_none_r15,0.011656839400529861,0.03321264497935772,1.7562284916639328,93.13172890299158,0.31860506534576416,-0.6153446435928345,1.352134346961975,97.53220827610316,0.823490041077272,4.400479373111574,1,183,1788689614.968164
1788689662.599251,47.620000,gate_sweep_poor_none_r15,0.009789187461137772,0.030409601517021656,1.8214419335126877,92.68307332585617,0.3151276111602783,-0.646472692489624,1.4304760694503784,96.99734537550594,0.8391993206555658,4.3142720496497775,1,353,1788689614.9792325
1788689662.645198,47.656000,gate_sweep_poor_none_r15,0.006639858707785606,0.025924045592546463,1.9307482689619064,91.97363042183362,0.3055216073989868,-0.6860960721969604,1.5289603471755981,96.34865568262812,0.8704806039947439,4.3750252607945095,1,205,1788689614.9891763
1788689662.688747,47.688000,gate_sweep_poor_none_r15,0.0040613822638988495,0.022472598124295473,2.018645092844963,91.4452976187397,0.3098423182964325,-0.7193402647972107,1.604812502861023,95.88429847842858,0.9027988241959277,4.439000859688874,1,387,1788689615.0007162
1788689662.740365,47.720000,gate_sweep_poor_none_r15,0.0014340691268444061,0.019176574191078544,2.1068373173475266,90.95625246068936,0.30830180644989014,-0.7558767199516296,1.6974756717681885,95.3683412689667,0.9286831396351787,4.412088808277343,1,219,1788689615.0203383
1788689662.780255,47.752000,gate_sweep_poor_none_r15,-0.0019417321309447289,0.015384773927507922,2.217241808772087,90.43410454470583,0.3126389980316162,-0.7623192071914673,1.7689067125320435,94.8758318558011,0.9512039090323812,4.441727311095257,1,368,1788689615.02824
1788689662.825425,47.788000,gate_sweep_poor_none_r15,-0.004748841747641563,0.012628316413611174,2.3052909821271896,90.07094247960855,0.3186423182487488,-0.7765951752662659,1.8597080707550049,94.4020640026614,0.9622887784288561,4.331121523052856,1,207,1788689615.037406
1788689662.872065,47.820000,gate_sweep_poor_none_r15,-0.00690129678696394,0.010742392390966415,2.3708966225385666,89.83074932437421,0.3233385384082794,-0.7801188826560974,1.941080093383789,94.07081977256466,0.9587815986206185,4.240070448190458,1,362,1788689615.0520482
1788689662.919350,47.852000,gate_sweep_poor_none_r15,-0.009836879093199968,0.008399899583309889,2.457389160990715,89.55112086180486,0.31363871693611145,-0.7824734449386597,2.0304746627807617,93.65573472950389,0.9551822323953375,4.104613867699039,1,213,1788689615.0673242
1788689662.965266,47.884000,gate_sweep_poor_none_r15,-0.013599609490484,0.0058177774772048,2.5634248703718185,89.26313387530989,0.3150882124900818,-0.7687929272651672,2.1163158416748047,93.40885239966994,0.9528714035808764,4.1457185243600465,1,384,1788689615.081251
1788689663.010305,47.920000,gate_sweep_poor_none_r15,-0.01667651376919821,0.004096468910574913,2.646165892481804,89.07963999535156,0.31023359298706055,-0.7636123895645142,2.2006783485412598,93.13381051482565,0.9458891378415819,4.054170519474096,1,220,1788689615.090284
1788689663.055396,47.952000,gate_sweep_poor_none_r15,-0.019785768818110228,0.0026792874559760094,2.7267244309186935,88.93440367107469,0.3033486604690552,-0.7496547698974609,2.2861390113830566,92.93184145373417,0.9298053049708954,3.99743778265947,1,386,1788689615.1033816
1788689663.101811,47.984000,gate_sweep_poor_none_r15,-0.022116364911198616,0.0018065376207232475,2.785572573542595,88.85045282709648,0.30047228932380676,-0.7461801767349243,2.3645565509796143,92.8282215498984,0.916952591985246,3.9777687228019265,1,223,1788689615.1177878
1788689663.145674,48.016000,gate_sweep_poor_none_r15,-0.025983382016420364,0.0006649661809206009,2.8805540055036545,88.75273830418352,0.2926383316516876,-0.739333987236023,2.4453296661376953,92.70731483324435,0.9157174635527648,3.9545765290608306,1,363,1788689615.1296544
1788689663.201306,48.052000,gate_sweep_poor_none_r15,-0.029809927567839622,-0.00011491961777210236,2.971563145518303,88.70484534328259,0.2844254672527313,-0.7333193421363831,2.535898208618164,92.58641090664041,0.9089205387728302,3.881565563357827,1,202,1788689615.1492777
1788689663.236101,48.084000,gate_sweep_poor_none_r15,-0.032102061435580254,-0.000410962849855423,3.02412848174572,88.69842803547763,0.2768712639808655,-0.7264087796211243,2.618924856185913,92.47506299016361,0.8869765069844623,3.776634954685973,1,348,1788689615.152082
1788689663.280299,48.116000,gate_sweep_poor_none_r15,-0.03594198264181614,-0.0007529351860284805,3.108567997813225,88.72262431481148,0.27032703161239624,-0.7248069643974304,2.6887524127960205,92.43895149353513,0.8912351382956408,3.716327178723653,1,208,1788689615.1642718
1788689663.328219,48.148000,gate_sweep_poor_none_r15,-0.0390477329492569,-0.0008541755378246307,3.1730573624372482,88.77130293712774,0.26440685987472534,-0.7187896370887756,2.7497398853302,92.49085231208977,0.8869688288111494,3.7195493749620243,1,153,1788689615.180196
1788689663.384918,48.184000,gate_sweep_poor_none_r15,-0.04302488639950752,-0.0008411798626184464,3.249949261546135,88.86429520393514,0.254645973443985,-0.7016427516937256,2.8188962936401367,92.5334185146817,0.8749499671532562,3.6691233107465595,1,312,1788689615.200898
1788689663.419031,48.216000,gate_sweep_poor_none_r15,-0.04543965868651867,-0.0007952526211738586,3.294021174311638,88.93636635486013,0.25087201595306396,-0.7088585495948792,2.8503665924072266,92.60825607541346,0.886557177565985,3.671889720553329,1,153,1788689615.2030082
1788689663.467327,48.248000,gate_sweep_poor_none_r15,-0.048648009076714516,-0.000680854544043541,3.350570246577263,89.0498525910539,0.23958709836006165,-0.7119308114051819,2.895739793777466,92.61491069189682,0.8920912055883802,3.5650581008429163,1,295,1788689615.2193003
1788689663.516556,48.280000,gate_sweep_poor_none_r15,-0.05181999318301678,-0.0004929490387439728,3.4046178311109543,89.18148099661353,0.23040318489074707,-0.7050981521606445,2.9594826698303223,92.67441673087379,0.8799225683643104,3.49293573426026,1,190,1788689615.2365355
1788689663.561087,48.316000,gate_sweep_poor_none_r15,-0.055681945756077766,-9.76361334323883e-05,3.468824192881584,89.3665859097754,0.2207234799861908,-0.6970604062080383,3.029435157775879,92.76701559436957,0.8690338235195195,3.4004296845941764,1,146,1788689615.2450619
1788689663.603958,48.348000,gate_sweep_poor_none_r15,-0.058671923354268074,0.00037087220698595047,3.517477795481682,89.5292180669567,0.22651416063308716,-0.6759386658668518,3.055856227874756,93.03732988761088,0.8670756399931706,3.5081118206541837,1,308,1788689615.2559378
1788689663.649104,48.380000,gate_sweep_poor_none_r15,-0.060847992077469826,0.0008014030754566193,3.552531287074089,89.6591007105551,0.2258119136095047,-0.6766430735588074,3.064316511154175,93.23481114795104,0.8828695191687552,3.5757104373959376,1,178,1788689615.26908
1788689663.693353,48.412000,gate_sweep_poor_none_r15,-0.0643377248197794,0.0016964785754680634,3.608232781291008,89.88621825392764,0.21456292271614075,-0.684636652469635,3.0763700008392334,93.3218929377035,0.9119850630333936,3.4356746837758574,1,144,1788689615.28133
1788689663.738014,48.448000,gate_sweep_poor_none_r15,-0.06701607815921307,0.0025554904714226723,3.6504230946302414,90.0759358618071,0.20985843241214752,-0.6683775186538696,3.0522146224975586,93.50191699777918,0.9405657730692568,3.4259811359720858,1,304,1788689615.29
1788689663.784572,48.480000,gate_sweep_poor_none_r15,-0.06960556469857693,0.0035501793026924133,3.6906450241804123,90.27036163344607,0.1998024880886078,-0.6765616536140442,3.048271894454956,93.64693204997921,0.9735378996080345,3.3765704165331436,1,164,1788689615.304555
1788689663.828580,48.512000,gate_sweep_poor_none_r15,-0.0721582118421793,0.004696877673268318,3.7289917916059494,90.46872490998136,0.20027104020118713,-0.6735119819641113,3.0604608058929443,93.88770704036902,0.9905143277701465,3.418982130387652,1,327,1788689615.3165615
1788689663.876665,48.544000,gate_sweep_poor_none_r15,-0.07529381476342678,0.0063336873427033424,3.7744510620832443,90.71976824459858,0.2033042311668396,-0.681979775428772,3.080453634262085,94.113642278933,1.0163782386744649,3.393874034334424,1,201,1788689615.332635
1788689663.921926,48.580000,gate_sweep_poor_none_r15,-0.07711014337837696,0.007481483742594719,3.800371453166008,90.87018376056692,0.1987985372543335,-0.6901998519897461,3.107806921005249,94.33903022010008,1.0210438176125436,3.4688464595331734,1,160,1788689615.3419056
1788689663.977870,48.612000,gate_sweep_poor_none_r15,-0.07940141297876835,0.009119193535298109,3.8335645645856857,91.06825673026007,0.20393353700637817,-0.6745630502700806,3.1148149967193604,94.59404763214249,1.0316496719748776,3.5257909018824147,1,361,1788689615.36584
1788689664.015986,48.644000,gate_sweep_poor_none_r15,-0.08156496472656727,0.010875338222831488,3.865324780344963,91.26249235577609,0.1915784776210785,-0.6661990284919739,3.1324586868286133,94.70509663083156,1.0344707580138222,3.4426042750554693,1,175,1788689615.3719654
1788689664.057934,48.676000,gate_sweep_poor_none_r15,-0.08411231078207493,0.013325256062671542,3.9029520004987717,91.49865267587062,0.1844549924135208,-0.6680951714515686,3.1674952507019043,94.86790880684251,1.03795897134772,3.3692561309718867,1,344,1788689615.3819182
1788689664.107256,48.712000,gate_sweep_poor_none_r15,-0.08598012663424015,0.015517534237005748,3.9314954727888107,91.67871131235702,0.18607741594314575,-0.669962465763092,3.221055507659912,95.139953959754,1.024022988475225,3.4612426473969706,1,188,1788689615.395228
1788689664.151320,48.744000,gate_sweep_poor_none_r15,-0.08725430257618427,0.01726515730842948,3.9520595520734787,91.80867790678512,0.18226346373558044,-0.6580027937889099,3.2688684463500977,95.35155006441724,0.9976856815031565,3.5428721576321234,1,359,1788689615.4072785
1788689664.196715,48.776000,gate_sweep_poor_none_r15,-0.08913963474333286,0.02026359084993601,3.9848845452070236,92.01554344243685,0.1794198453426361,-0.6487166881561279,3.3147761821746826,95.56786956561271,0.9842276292855027,3.5523261231758676,1,208,1788689615.4206944
1788689664.238319,48.808000,gate_sweep_poor_none_r15,-0.0904166791588068,0.022729930002242327,4.0098946541547775,92.1680940201619,0.16250933706760406,-0.631119430065155,3.3621432781219482,95.60694965470897,0.9545011265038567,3.438855634547062,1,360,1788689615.4302936
1788689664.283694,48.844000,gate_sweep_poor_none_r15,-0.09146588481962681,0.025275633670389652,4.033956810832024,92.31211561516129,0.15291230380535126,-0.6172616481781006,3.413853406906128,95.72615354739332,0.9257986223803502,3.41403793223204,1,191,1788689615.4396758
1788689664.327629,48.876000,gate_sweep_poor_none_r15,-0.09241932816803455,0.028519011102616787,4.062770649790764,92.47413831539741,0.14382486045360565,-0.6159350275993347,3.4408209323883057,95.77583016863187,0.9262579422783651,3.3016918532344586,1,353,1788689615.4515984
1788689664.373401,48.908000,gate_sweep_poor_none_r15,-0.0928992498666048,0.031102104112505913,4.084878489375114,92.59000423261357,0.1423759162425995,-0.6159414052963257,3.4669110774993896,95.91093696517953,0.9251504899183657,3.3209327325659697,1,202,1788689615.4653826
1788689664.419320,48.940000,gate_sweep_poor_none_r15,-0.09306255169212818,0.03304468095302582,4.10090546309948,92.66958007758605,0.13604463636875153,-0.6097499132156372,3.4871857166290283,95.98804718809488,0.9177837006187104,3.3184671105088346,1,346,1788689615.4793003
1788689664.465845,48.976000,gate_sweep_poor_none_r15,-0.093070263043046,0.036261048167943954,4.126669928431511,92.78614020370779,0.1318686455488205,-0.6030406355857849,3.524841785430908,96.09410283660307,0.9063670719727227,3.3079626328952734,1,196,1788689615.4898262
1788689664.510528,49.008000,gate_sweep_poor_none_r15,-0.09286635555326939,0.03877692110836506,4.146462485194206,92.86535759807778,0.1279815137386322,-0.5979083180427551,3.5513863563537598,96.14385387846163,0.8990314089281995,3.2784962803838527,1,349,1788689615.5025077
1788689664.556803,49.040000,gate_sweep_poor_none_r15,-0.09249854274094105,0.04124659113585949,4.165573641657829,92.93346369493972,0.12299919128417969,-0.5916478037834167,3.5725338459014893,96.17655327725032,0.8936950194786362,3.243089582310597,1,174,1788689615.5167735
1788689664.601435,49.072000,gate_sweep_poor_none_r15,-0.09180581755936146,0.044216109439730644,4.188613459467888,93.00190557272103,0.1235809177160263,-0.5900381803512573,3.591214895248413,96.26261219262769,0.897527155233952,3.260706619906665,1,334,1788689615.529394
1788689664.647113,49.108000,gate_sweep_poor_none_r15,-0.09107359685003757,0.046507468447089195,4.206373259425163,93.0441717822964,0.1226724237203598,-0.591667890548706,3.616718292236328,96.30828414857295,0.8947894335929315,3.264112366276558,1,164,1788689615.539093
1788689664.692238,49.140000,gate_sweep_poor_none_r15,-0.09040259756147861,0.04817381501197815,4.219306513667107,93.06895674001414,0.12262905389070511,-0.5896134376525879,3.635697364807129,96.34117215109062,0.8903677345989843,3.272215411076482,1,329,1788689615.5522199
1788689664.736802,49.172000,gate_sweep_poor_none_r15,-0.08940921165049076,0.050328660756349564,4.23618321120739,93.09409780414066,0.12407083809375763,-0.588861882686615,3.660878896713257,96.41134959685311,0.8860662146483655,3.3172517927124594,1,181,1788689615.5647836
1788689664.781981,49.204000,gate_sweep_poor_none_r15,-0.0879881177097559,0.052895039319992065,4.256565138697624,93.1121299804799,0.12019005417823792,-0.5810022354125977,3.678799867630005,96.4133331997338,0.8825965185835888,3.3012032192539,1,138,1788689615.5779645
1788689664.824946,49.240000,gate_sweep_poor_none_r15,-0.08673437871038914,0.054827503859996796,4.2723079174757,93.11634867041788,0.11332280188798904,-0.5642828941345215,3.69525146484375,96.37774424333172,0.8696635613489123,3.2613955729138437,1,322,1788689615.5849245
1788689664.871301,49.272000,gate_sweep_poor_none_r15,-0.08537992276251316,0.05661845952272415,4.2875857800245285,93.11285754902275,0.10351413488388062,-0.5518932342529297,3.705669403076172,96.3362168711295,0.8628986708974212,3.223359322106747,1,173,1788689615.599279
1788689664.919473,49.304000,gate_sweep_poor_none_r15,-0.08432021923363209,0.05781745910644531,4.298769041895866,93.10528770981237,0.09715551882982254,-0.5414058566093445,3.736342191696167,96.33390135207637,0.8416210474011779,3.2286136422639884,1,300,1788689615.6154528
1788689664.961431,49.336000,gate_sweep_poor_none_r15,-0.08250925876200199,0.05957990884780884,4.3169718235731125,93.0868920937779,0.09681784361600876,-0.5362381935119629,3.7700822353363037,96.35076894545861,0.8283994462025667,3.26387685168071,1,179,1788689615.6254086
1788689665.007646,49.372000,gate_sweep_poor_none_r15,-0.08105127699673176,0.06079467013478279,4.331204935908318,93.06490483819401,0.09853949397802353,-0.5356020331382751,3.8095407485961914,96.34353767504228,0.8124502427953972,3.2786328368482835,1,148,1788689615.6356254
1788689665.053096,49.404000,gate_sweep_poor_none_r15,-0.07962610013782978,0.06183834746479988,4.345190092921257,93.03864442330182,0.10187678784132004,-0.5383773446083069,3.830885648727417,96.32547850380085,0.8109939806639166,3.2868340804990237,1,123,1788689615.6490717
1788689665.096311,49.436000,gate_sweep_poor_none_r15,-0.07785662449896336,0.0629548653960228,4.362327620387077,93.00224243920343,0.09533166140317917,-0.5435776710510254,3.8006722927093506,96.29776783709549,0.8445902007786893,3.2955253978920602,1,257,1788689615.6602838
1788689665.139383,49.468000,gate_sweep_poor_none_r15,-0.07645170949399471,0.06369531154632568,4.375739142298698,92.96981662596772,0.09585542976856232,-0.5377898812294006,3.748817205429077,96.27115366715974,0.8857230392722413,3.3013370411920175,1,150,1788689615.6713653
1788689665.184039,49.504000,gate_sweep_poor_none_r15,-0.07543102093040943,0.06419637054204941,4.385624930262566,92.94474768216503,0.08725980669260025,-0.533306896686554,3.695338487625122,96.12347715906571,0.9273477409421842,3.1787294769006946,1,113,1788689615.680014
1788689665.225777,49.536000,gate_sweep_poor_none_r15,-0.07378238625824451,0.06494136899709702,4.401751562952995,92.90117871395694,0.0873463898897171,-0.5302066802978516,3.676884412765503,96.16090994272062,0.9516281146033145,3.2597312287636786,1,234,1788689615.6897547
1788689665.270050,49.568000,gate_sweep_poor_none_r15,-0.07246948592364788,0.06547428667545319,4.414283320307732,92.86585388403056,0.091545470058918,-0.533147394657135,3.6697275638580322,96.17239879460344,0.9693359054578562,3.3065449105728786,1,159,1788689615.7020283
1788689665.313751,49.600000,gate_sweep_poor_none_r15,-0.07112404145300388,0.06598721444606781,4.426491782069206,92.83184337272138,0.09138418734073639,-0.5407928228378296,3.667212724685669,96.12934397514353,0.9854418425524458,3.2975006024221427,1,132,1788689615.7137327
1788689665.360692,49.636000,gate_sweep_poor_none_r15,-0.0693915169686079,0.06657415255904198,4.441296622157097,92.79051060465562,0.09389518946409225,-0.5502945780754089,3.6624574661254883,96.06854800032616,1.0068664312113231,3.2780373956705424,1,112,1788689615.7246675
1788689665.404520,49.668000,gate_sweep_poor_none_r15,-0.06803431175649166,0.0670764148235321,4.452724024653435,92.75986266322835,0.08501990884542465,-0.5636550188064575,3.661074161529541,95.84602782365585,1.0236978272894213,3.086165160427509,1,94,1788689615.736498
1788689665.448923,49.700000,gate_sweep_poor_none_r15,-0.06707490421831608,0.06746959313750267,4.461096331477165,92.73821765637736,0.09266491234302521,-0.582903265953064,3.6763598918914795,95.86757761072292,1.0316554388216579,3.129359954345565,1,190,1788689615.748907
1788689665.498203,49.732000,gate_sweep_poor_none_r15,-0.06560915522277355,0.06811458989977837,4.474680468440056,92.70592372754054,0.0964566171169281,-0.5935224294662476,3.6856446266174316,95.89975119014093,1.0424041536948903,3.1938274626004044,1,148,1788689615.7661645
1788689665.545567,49.768000,gate_sweep_poor_none_r15,-0.06456617824733257,0.06859314441680908,4.48521713912487,92.6833900495861,0.09606520086526871,-0.6024441719055176,3.6915111541748047,95.88609148020264,1.0516951603949884,3.2027014306165427,1,119,1788689615.7775376
1788689665.590337,49.800000,gate_sweep_poor_none_r15,-0.06366762332618237,0.06904555857181549,4.495488688349724,92.66397108279843,0.09814710915088654,-0.6004095673561096,3.688188314437866,95.84087490396368,1.0611729675203871,3.1769038211652503,1,104,1788689615.7903163
1788689665.637261,49.832000,gate_sweep_poor_none_r15,-0.06286927126348019,0.06949176266789436,4.505510851740837,92.64723112490273,0.0991697609424591,-0.5940448641777039,3.678187131881714,95.80886308116378,1.0728476315700235,3.161631956261047,1,91,1788689615.8052402
1788689665.684188,49.864000,gate_sweep_poor_none_r15,-0.061969319358468056,0.07008913904428482,4.517723128199577,92.62998809842728,0.10195770859718323,-0.5902174711227417,3.6681909561157227,95.79272587620267,1.0883849508929064,3.1627377777754013,1,84,1788689615.8201683
1788689665.730896,49.900000,gate_sweep_poor_none_r15,-0.061458440497517586,0.07045205309987068,4.524871870875359,92.62205245333645,0.103117436170578,-0.5887375473976135,3.661299467086792,95.78638177173339,1.098805462841475,3.1643293183969328,1,74,1788689615.8308582
1788689665.775554,49.932000,gate_sweep_poor_none_r15,-0.06077597476541996,0.070931326597929,4.53427891433239,92.61396385311834,0.09973116219043732,-0.5822099447250366,3.6575605869293213,95.67223456229803,1.1049846546099997,3.058270709179694,1,71,1788689615.84351
1788689665.823504,49.964000,gate_sweep_poor_none_r15,-0.06010410748422146,0.0713861882686615,4.543499991297722,92.60908249474988,0.12005580961704254,-0.8324704170227051,3.7487916946411133,95.72698907038135,1.2169534236911517,3.117906575631467,1,183,1788689615.859484
1788689665.869669,49.996000,gate_sweep_poor_none_r15,-0.05930881388485432,0.07190709561109543,4.554719492793083,92.60580766229133,0.12005580961704254,-0.8324704170227051,3.7487916946411133,95.72697984110388,1.2245774656410102,3.1211721788125524,1,82,1788689615.87365
1788689665.918000,50.032000,gate_sweep_poor_none_r15,-0.05870783142745495,0.0722951777279377,4.563536211848259,92.60667851080483,0.08082053065299988,-0.9157909750938416,3.780428647994995,95.51743341692497,1.2684793517386055,2.910754906120146,1,63,1788689615.8859792
1788689665.964316,50.064000,gate_sweep_poor_none_r15,-0.0583184938877821,0.07259257137775421,4.570028826594353,92.6100104851169,0.10624543577432632,-1.1548757553100586,3.914149284362793,95.59776220104946,1.4014056350270234,2.987751715932559,1,176,1788689615.900292
1788689666.010760,50.096000,gate_sweep_poor_none_r15,-0.057798685505986214,0.07316490635275841,4.580654188990593,92.61927407759238,0.10624543577432632,-1.1548757553100586,3.914149284362793,95.59775042994049,1.4068486515317815,2.978476352348117,1,75,1788689615.9147441
1788689666.054037,50.128000,gate_sweep_poor_none_r15,-0.0575189795345068,0.07368329167366028,4.5889583081007,92.62886461855997,0.10624543577432632,-1.1548757553100586,3.914149284362793,95.59776002270645,1.4112205122393506,2.968895404146481,1,70,1788689615.926022
1788689666.102881,50.164000,gate_sweep_poor_none_r15,-0.057341327890753746,0.07424444332718849,4.597065016627312,92.6421583017357,0.10624543577432632,-1.1548757553100586,3.914149284362793,95.59776518909891,1.4155815021816527,2.955606887363203,1,65,1788689615.9388545
1788689666.152619,50.196000,gate_sweep_poor_none_r15,-0.05720457620918751,0.07497571781277657,4.606906458735466,92.66043341417397,0.08490751683712006,-1.2075328826904297,3.94124698638916,95.47345689508444,1.4519389417186446,2.8130234809104757,1,60,1788689615.9566002
1788689666.198344,50.228000,gate_sweep_poor_none_r15,-0.057127753272652626,0.07549217343330383,4.614567801356316,92.67758453738897,0.08054516464471817,-1.3517069816589355,3.996655225753784,95.64356491486683,1.5613030492866014,2.9659803774778615,1,172,1788689615.970316
1788689666.253435,50.260000,gate_sweep_poor_none_r15,-0.057098766788840294,0.07581039145588875,4.620196387171745,92.69127259663132,0.08054516464471817,-1.3517069816589355,3.996655225753784,95.64355538667343,1.5638271267590913,2.952282790042096,1,64,1788689615.99341
1788689666.290624,50.296000,gate_sweep_poor_none_r15,-0.05711987428367138,0.0762142539024353,4.629426524043083,92.71525989807981,0.0736461728811264,-1.3939619064331055,4.015565872192383,95.52142314882276,1.5985439003670268,2.8061632507429564,1,54,1788689615.9946017
1788689666.336366,50.328000,gate_sweep_poor_none_r15,-0.05721909739077091,0.07638806104660034,4.636701628565788,92.73484139841247,0.15615081787109375,-1.5244851112365723,4.068644046783447,95.73335639007315,1.7120195824508682,2.998514991660672,1,168,1788689616.0083494
1788689666.381499,50.360000,gate_sweep_poor_none_r15,-0.0573281105607748,0.07638296857476234,4.643858000636101,92.75452754764564,0.15615081787109375,-1.5244851112365723,4.068644046783447,95.7333686203576,1.7144162139194938,2.978841072711961,1,60,1788689616.021464
1788689666.425829,50.392000,gate_sweep_poor_none_r15,-0.05741054378449917,0.07617398723959923,4.652663752436638,92.77945221706703,0.15730205178260803,-1.5984361171722412,4.081913948059082,95.6567491129602,1.782182886151255,2.877296895893166,1,57,1788689616.033805
1788689666.469468,50.428000,gate_sweep_poor_none_r15,-0.057448508217930794,0.07580259814858437,4.659598395228386,92.79964940137727,0.22214826941490173,-1.6741262674331665,4.108213424682617,95.8096453192233,1.8559231606946058,3.0099959178460445,1,164,1788689616.041443
1788689666.524951,50.460000,gate_sweep_poor_none_r15,-0.05746174789965153,0.0754772312939167,4.664745852351189,92.81501886082896,0.22214826941490173,-1.6741262674331665,4.108213424682617,95.80966851333505,1.8571544113474703,2.994649652506101,1,62,1788689616.0649211
1788689666.558575,50.492000,gate_sweep_poor_none_r15,-0.05744541622698307,0.07501397281885147,4.671594187617302,92.8353740188453,0.20000679790973663,-1.7190049886703491,4.126616477966309,95.70420800780443,1.8925607997533742,2.868833988959119,1,52,1788689616.0665514
1788689666.603508,50.524000,gate_sweep_poor_none_r15,-0.05736626125872135,0.07440099120140076,4.680048510432243,92.86212853570234,0.20000679790973663,-1.7190049886703491,4.126616477966309,95.70417903205009,1.8944215251059775,2.8420504963477486,1,155,1788689616.0794938
1788689666.647142,50.560000,gate_sweep_poor_none_r15,-0.05727761052548885,0.07390745729207993,4.686721846461296,92.88399116575988,0.20000679790973663,-1.7190049886703491,4.126616477966309,95.70420350247514,1.8959030380079436,2.8202123367152616,1,58,1788689616.0871258
1788689666.695244,50.592000,gate_sweep_poor_none_r15,-0.05719601921737194,0.07347942143678665,4.693329855799675,92.90549942680592,0.20000679790973663,-1.7190049886703491,4.126616477966309,95.7042043144647,1.8974503161428369,2.7987048876587863,1,54,1788689616.1032283
1788689666.742025,50.624000,gate_sweep_poor_none_r15,-0.05714679695665836,0.07322460412979126,4.698209807276726,92.92138422526111,0.20000679790973663,-1.7190049886703491,4.126616477966309,95.7041666317195,1.8986663263389474,2.782782406458401,1,51,1788689616.1180077
1788689666.789351,50.656000,gate_sweep_poor_none_r15,-0.05706304498016834,0.07286346703767776,4.706215903162956,92.9478891651327,0.21519099175930023,-1.7068681716918945,4.100754261016846,95.7745332796104,1.8995132972754494,2.8266441144777064,1,46,1788689616.1333299
1788689666.834081,50.692000,gate_sweep_poor_none_r15,-0.05693591572344303,0.07263805717229843,4.712546393275261,92.96918183778415,0.21519099175930023,-1.7068681716918945,4.100754261016846,95.7745453895169,1.9013114120090588,2.805363551732756,1,149,1788689616.142066
1788689666.877882,50.724000,gate_sweep_poor_none_r15,-0.05672819726169109,0.07242535054683685,4.7187452763319016,92.99012593384106,0.21519099175930023,-1.7068681716918945,4.100754261016846,95.77451606945223,1.903086539978852,2.7843901356111775,1,54,1788689616.15385
1788689666.926476,50.756000,gate_sweep_poor_none_r15,-0.05641327239573002,0.07212099432945251,4.726305052638054,93.01403342804372,0.21519099175930023,-1.7068681716918945,4.100754261016846,95.77452986876297,1.9052257404377162,2.7604964407192547,1,53,1788689616.17046
1788689666.970617,50.788000,gate_sweep_poor_none_r15,-0.056128883734345436,0.07187166064977646,4.7322011440992355,93.03377881797154,0.21519099175930023,-1.7068681716918945,4.100754261016846,95.774533955802,1.9068967020138319,2.7407551378304724,1,50,1788689616.1826034
1788689667.017775,50.824000,gate_sweep_poor_none_r15,-0.05592429079115391,0.0716383159160614,4.736526057124138,93.04779037431197,0.21519099175930023,-1.7068681716918945,4.100754261016846,95.77453371259324,1.908086633154138,2.7267433382812563,1,48,1788689616.1937509
1788689667.059672,50.856000,gate_sweep_poor_none_r15,-0.05560196004807949,0.07114389911293983,4.743626639246941,93.0703106649794,0.21519099175930023,-1.7068681716918945,4.100754261016846,95.77454555340607,1.9099582826249026,2.704234888426676,1,46,1788689616.2036486
1788689667.106810,50.888000,gate_sweep_poor_none_r15,-0.05538505129516125,0.07068198919296265,4.749263808131218,93.08691394471606,0.21519099175930023,-1.7068681716918945,4.100754261016846,95.77453634463106,1.9114027838828946,2.687622399915004,1,45,1788689616.2187915
1788689667.149023,50.920000,gate_sweep_poor_none_r15,-0.05518567003309727,0.07019289210438728,4.754768416285515,93.10295234455697,0.21519099175930023,-1.7068681716918945,4.100754261016846,95.77454636201907,1.9127948345273635,2.6715940174620894,1,162,1788689616.229001
1788689667.195589,50.956000,gate_sweep_poor_none_r15,-0.05496452562510967,0.069569431245327,4.761436030268669,93.12091664403799,0.3633744716644287,-1.8043770790100098,4.031136512756348,95.8324655022793,2.0542688298346206,2.711548858241319,1,48,1788689616.2395668
1788689667.241368,50.988000,gate_sweep_poor_none_r15,-0.05478431098163128,0.06906788051128387,4.766580626368523,93.13442032020613,0.3874976933002472,-1.8190069198608398,4.025352954864502,95.9782821503343,2.076019817852205,2.8438618301281573,1,154,1788689616.2533407
1788689667.284945,51.020000,gate_sweep_poor_none_r15,-0.05462661199271679,0.06865391507744789,4.76991705596447,93.14345296869256,0.3874976933002472,-1.8190069198608398,4.025352954864502,95.97827251057157,2.076803560700314,2.8348195418790256,1,106,1788689616.2649257
1788689667.339608,51.052000,gate_sweep_poor_none_r15,-0.05431049503386021,0.06785770133137703,4.773234412074089,93.15485350600183,0.3874976933002472,-1.8190069198608398,4.025352954864502,95.97827240347172,2.077204671673894,2.8234188974698813,1,98,1788689616.2875834
1788689667.373242,51.088000,gate_sweep_poor_none_r15,-0.05406705103814602,0.06712479144334793,4.77364020049572,93.15899108186143,0.3874976933002472,-1.8190069198608398,4.025352954864502,95.97827255329385,2.0766333469835856,2.8192814714324093,1,98,1788689616.2852247
1788689667.418445,51.120000,gate_sweep_poor_none_r15,-0.05388662405312061,0.06627846509218216,4.772224947810173,93.15801961530015,0.3874976933002472,-1.8190069198608398,4.025352954864502,95.97827243675208,2.0753165715547115,2.820252821451928,1,93,1788689616.2984297
1788689667.465824,51.152000,gate_sweep_poor_none_r15,-0.053744276985526085,0.0653294064104557,4.769199892878532,93.15249598958033,0.3874976933002472,-1.8190069198608398,4.025352954864502,95.97827258632195,2.0733369562230166,2.825776596741628,1,89,1788689616.3138022
1788689667.509220,51.184000,gate_sweep_poor_none_r15,-0.05354188568890095,0.06405271962285042,4.763614222407341,93.13714027568355,0.3874976933002472,-1.8190069198608398,4.025352954864502,95.9782683493241,2.070135071738395,2.841128073640536,1,88,1788689616.325199
1788689667.558460,51.220000,gate_sweep_poor_none_r15,-0.05339599959552288,0.06324896588921547,4.759452387690544,93.12324940339904,0.3874976933002472,-1.8190069198608398,4.025352954864502,95.97830447417849,2.067891787582588,2.8550550707794424,1,86,1788689616.338436
1788689667.601191,51.252000,gate_sweep_poor_none_r15,-0.0531779732555151,0.06215503066778183,4.753334566950798,93.09952309294891,0.3874976933002472,-1.8190069198608398,4.025352954864502,95.9782780084373,2.0646846138688533,2.8787549154883743,1,81,1788689616.3491642
1788689667.646528,51.284000,gate_sweep_poor_none_r15,-0.05295603163540363,0.061061494052410126,4.746791884303093,93.07261146152429,0.3874976933002472,-1.8190069198608398,4.025352954864502,95.9782722186358,2.0613420030925176,2.9056607571114994,1,81,1788689616.362512
1788689667.692562,51.316000,gate_sweep_poor_none_r15,-0.0526572372764349,0.059656478464603424,4.738213583827019,93.03187839987314,0.3874976933002472,-1.8190069198608398,4.025352954864502,95.97828296076742,2.0570082166689327,2.9464045608942784,1,79,1788689616.3765452
1788689667.737236,51.352000,gate_sweep_poor_none_r15,-0.0523920152336359,0.058480095118284225,4.731185480952263,92.9975499918159,0.3874976933002472,-1.8190069198608398,4.025352954864502,95.97827356955813,2.0534507546987038,2.9807235777422254,1,78,1788689616.385218
1788689667.785915,51.384000,gate_sweep_poor_none_r15,-0.0522110927850008,0.05759469419717789,4.725906893610954,92.96903305997715,0.3842768669128418,-1.8030062913894653,4.023362636566162,95.8860772655068,2.036154758272021,2.9170442055296446,1,72,1788689616.4018972
1788689667.832827,51.416000,gate_sweep_poor_none_r15,-0.05192442052066326,0.05612078681588173,4.7172451466321945,92.91926014412006,0.3842768669128418,-1.8030062913894653,4.023362636566162,95.8860793878396,2.0317721313795345,2.966819243719542,1,70,1788689616.4168074
1788689667.874382,51.448000,gate_sweep_poor_none_r15,-0.051643917337059975,0.05493234097957611,4.710492178797722,92.87899922155204,0.3842768669128418,-1.8030062913894653,4.023362636566162,95.88608511378807,2.028326871980388,3.0070858922360344,1,60,1788689616.4263682
1788689667.919455,51.484000,gate_sweep_poor_none_r15,-0.05130664445459843,0.05370517820119858,4.703934237360954,92.83704527653849,0.3677442669868469,-1.7705847024917603,4.026166915893555,95.66201889530439,1.9907299609007068,2.8249736187658936,1,57,1788689616.4354362
1788689667.965716,51.516000,gate_sweep_poor_none_r15,-0.05086793191730976,0.05216541513800621,4.696067854762077,92.78337717371164,0.36824584007263184,-1.7397359609603882,4.006398677825928,95.59098834607727,1.9652507395115624,2.807611172365629,1,172,1788689616.4496927
1788689668.022245,51.548000,gate_sweep_poor_none_r15,-0.05051056109368801,0.05098723992705345,4.6900773495435715,92.74152267638645,0.3690393567085266,-1.7235569953918457,3.9834210872650146,95.59138618621884,1.9556053921097891,2.8498635098324,1,108,1788689616.474221
1788689668.057152,51.580000,gate_sweep_poor_none_r15,-0.05020861141383648,0.05012261122465134,4.685775801539421,92.71235059457156,0.3690393567085266,-1.7235569953918457,3.9834210872650146,95.59138855438967,1.9532051480490893,2.879037959818105,1,91,1788689616.4771376
1788689668.104175,51.616000,gate_sweep_poor_none_r15,-0.04968368075788021,0.04872646555304527,4.679099127650261,92.66419876969461,0.3690393567085266,-1.7235569953918457,3.9834210872650146,95.591374462619,1.9494321183150112,2.9271756929243917,1,75,1788689616.4881587
1788689668.148889,51.648000,gate_sweep_poor_none_r15,-0.04927864111959934,0.04762435704469681,4.674180552363396,92.62667466162355,0.3690393567085266,-1.7235569953918457,3.9834210872650146,95.59139431417901,1.946592399335021,2.9647196525554493,1,70,1788689616.5008738
1788689668.197335,51.680000,gate_sweep_poor_none_r15,-0.04892377369105816,0.04652736522257328,4.66966013610363,92.59159427394417,0.360099196434021,-1.7229840755462646,3.9757566452026367,95.38704764093998,1.9442151588202203,2.7954533669958224,1,66,1788689616.5173151
1788689668.239930,51.712000,gate_sweep_poor_none_r15,-0.04857334680855274,0.04520860314369202,4.664499327540398,92.55184130063809,0.31525719165802,-1.6804616451263428,4.260432243347168,95.58260334494672,1.8093039200238468,3.0307620443086383,1,179,1788689616.5279045
1788689668.282856,51.748000,gate_sweep_poor_none_r15,-0.04833843745291233,0.04417117312550545,4.660721346735954,92.52329695439612,0.3085259795188904,-1.6587220430374146,4.280740261077881,95.54212424039663,1.7808939168889895,3.0188272860005108,1,95,1788689616.5348423
1788689668.329828,51.780000,gate_sweep_poor_none_r15,-0.0481596514582634,0.04337015934288502,4.658144995570183,92.5029582243012,0.28439342975616455,-1.6456282138824463,4.292848587036133,95.34472789769995,1.7597580864058846,2.841769673398753,1,74,1788689616.5497983
1788689668.376821,51.812000,gate_sweep_poor_none_r15,-0.04793763905763626,0.042333830147981644,4.655014559626579,92.47883635251826,0.29122206568717957,-1.667189359664917,4.290551662445068,95.43394632825802,1.7805426266317241,2.955109975739756,1,185,1788689616.5648
1788689668.421725,51.844000,gate_sweep_poor_none_r15,-0.04769262298941612,0.04104517586529255,4.651666685938835,92.45273179084809,0.29122206568717957,-1.667189359664917,4.290551662445068,95.43397481238718,1.7785759626093478,2.9812430215390946,1,114,1788689616.577702
1788689668.467857,51.880000,gate_sweep_poor_none_r15,-0.0475581381469965,0.040045587345957756,4.649347826838493,92.43597325254389,0.29122206568717957,-1.667189359664917,4.290551662445068,95.43396332273406,1.7771206707448381,2.997990070190168,1,97,1788689616.5878367
1788689668.511793,51.912000,gate_sweep_poor_none_r15,-0.04748662747442722,0.039100971072912216,4.6473293751478195,92.42180096784938,0.29122206568717957,-1.667189359664917,4.290551662445068,95.43395794038354,1.7757929518595519,3.012156972534163,1,93,1788689616.59977
1788689668.559180,51.944000,gate_sweep_poor_none_r15,-0.04746500588953495,0.03842464089393616,4.646016165614128,92.414022305508,0.29122206568717957,-1.667189359664917,4.290551662445068,95.43396411651042,1.7748755067240103,3.019941811002423,1,86,1788689616.6151626
1788689668.601399,51.976000,gate_sweep_poor_none_r15,-0.04750147648155689,0.037373924627900124,4.644192740321159,92.40343723337914,0.29122206568717957,-1.667189359664917,4.290551662445068,95.43397979026187,1.7735082858954492,3.030542556882742,1,84,1788689616.6253831
1788689668.645427,52.012000,gate_sweep_poor_none_r15,-0.04764270409941673,0.03664664179086685,4.643022105097771,92.3993032345296,0.29122206568717957,-1.667189359664917,4.290551662445068,95.43396415698378,1.7726031324024982,3.034660922454181,1,80,1788689616.6334088
1788689668.691919,52.044000,gate_sweep_poor_none_r15,-0.04786417633295059,0.0360200647264719,4.642049357295036,92.39880113278062,0.29122206568717957,-1.667189359664917,4.290551662445068,95.4339690518933,1.7718500084227846,3.0351679191126726,1,78,1788689616.6478858
1788689668.738367,52.076000,gate_sweep_poor_none_r15,-0.04817603714764118,0.035367151722311974,4.641051813960075,92.40055808348691,0.29122206568717957,-1.667189359664917,4.290551662445068,95.43393985196028,1.7710844426189762,3.0333817684733706,1,74,1788689616.662349
1788689668.783705,52.108000,gate_sweep_poor_none_r15,-0.04843001253902912,0.03491640463471413,4.640439078211784,92.40565890349691,0.29122206568717957,-1.667189359664917,4.290551662445068,95.43396189422805,1.7705786542306798,3.028302990731123,1,73,1788689616.6756804
1788689668.829432,52.144000,gate_sweep_poor_none_r15,-0.048604412004351616,0.03460743464529514,4.640093848109245,92.41179237903204,0.29122206568717957,-1.667189359664917,4.290551662445068,95.43395220148807,1.7702469047066955,3.0221598224560373,1,71,1788689616.6854098
1788689668.876567,52.176000,gate_sweep_poor_none_r15,-0.04888048581779003,0.03416741266846657,4.639748618006706,92.42419443527096,0.29122206568717957,-1.667189359664917,4.290551662445068,95.43395502119704,1.7698087823486401,3.0097605859260663,1,70,1788689616.700553
1788689668.920761,52.208000,gate_sweep_poor_none_r15,-0.04909403808414936,0.03389735892415047,4.639740988612175,92.4362042712699,0.29122206568717957,-1.667189359664917,4.290551662445068,95.43395221513723,1.7695887262737795,2.997747943867337,1,69,1788689616.71274
1788689668.964911,52.240000,gate_sweep_poor_none_r15,-0.04927959479391575,0.03380406275391579,4.640007063746452,92.44954214517543,0.27323389053344727,-1.6539983749389648,4.287463665008545,95.24062445561071,1.7541319405602613,2.791082310435287,1,67,1788689616.7248924
1788689669.013160,52.276000,gate_sweep_poor_none_r15,-0.04959271661937237,0.034112030640244484,4.640590235590935,92.4715718160582,0.26637303829193115,-1.6497448682785034,4.296910285949707,95.24738276714932,1.7473764111084735,2.7758109510911155,1,191,1788689616.7371407
1788689669.056177,52.308000,gate_sweep_poor_none_r15,-0.05001594312489033,0.03480938822031021,4.641210123896599,92.4960925259131,0.27912095189094543,-1.6623300313949585,4.300835609436035,95.38008993905534,1.7619500887842938,2.8839974131422363,1,248,1788689616.7481627
1788689669.102860,52.340000,gate_sweep_poor_none_r15,-0.050469907000660896,0.03563087247312069,4.641722247004509,92.52310130968793,0.2844030559062958,-1.6697181463241577,4.304120063781738,95.41016391522703,1.7704040248812432,2.8870626055390987,1,164,1788689616.7628324
1788689669.151355,52.372000,gate_sweep_poor_none_r15,-0.05157145671546459,0.037745989859104156,4.6426015347242355,92.59701984549045,0.2867335379123688,-1.6776467561721802,4.307351112365723,95.41417544001142,1.7802851985618624,2.817155594520973,1,123,1788689616.7793415
1788689669.197256,52.408000,gate_sweep_poor_none_r15,-0.05286444537341595,0.040256133303046227,4.64334873855114,92.69452070708014,0.2800220251083374,-1.6757545471191406,4.304105758666992,95.31941872456017,1.7806155837107267,2.6248980174800165,1,104,1788689616.7892346
1788689669.242531,52.440000,gate_sweep_poor_none_r15,-0.054556166753172874,0.043615540489554405,4.644223257899284,92.84150477880891,0.28353625535964966,-1.6603236198425293,4.284233570098877,95.43754997175029,1.7740653097690502,2.596045192941379,1,339,1788689616.8025136
1788689669.298404,52.472000,gate_sweep_poor_none_r15,-0.05736045353114605,0.04906488582491875,4.645396277308464,93.11721425891062,0.2875215709209442,-1.6431318521499634,4.25510835647583,95.62241845571177,1.7705360973306543,2.5052041968011483,1,188,1788689616.8263812
1788689669.331771,52.504000,gate_sweep_poor_none_r15,-0.060222407802939415,0.05453145131468773,4.646397635340691,93.43137796467582,0.27698734402656555,-1.6309081315994263,4.239194393157959,95.6491373805574,1.7664176982884732,2.2177594158815905,1,142,1788689616.8277495
1788689669.376528,52.540000,gate_sweep_poor_none_r15,-0.06282723881304264,0.05930304527282715,4.647222563624382,93.73354326458964,0.2932305335998535,-1.6314623355865479,4.206392288208008,96.06301802184107,1.7831982621491806,2.329474757251434,1,370,1788689616.8365102
1788689669.421123,52.572000,gate_sweep_poor_none_r15,-0.06688702665269375,0.06653178855776787,4.6484280079603195,94.23472048035546,0.29843994975090027,-1.6304683685302734,4.189584255218506,96.53775493634063,1.7954974024696386,2.303034455985167,1,235,1788689616.8490942
1788689669.470171,52.604000,gate_sweep_poor_none_r15,-0.07160853780806065,0.07472267001867294,4.649789854884148,94.86171994854018,0.29264333844184875,-1.6360071897506714,4.176760196685791,96.9715764697662,1.8119142198220295,2.1098565212260176,1,172,1788689616.866149
1788689669.515802,52.636000,gate_sweep_poor_none_r15,-0.07855029217898846,0.08641963824629784,4.651756331324577,95.83233753588453,0.29813918471336365,-1.6343460083007812,4.159111976623535,97.6289365238788,1.8291057466852012,1.7965989879942736,1,401,1788689616.8797839
1788689669.563720,52.672000,gate_sweep_poor_none_r15,-0.084951626136899,0.0969805158674717,4.653506323695183,96.76345344934956,0.29894715547561646,-1.6249853372573853,4.15028190612793,98.56593269631384,1.834606085318451,1.802479246964278,1,269,1788689616.8917007
1788689669.612398,52.704000,gate_sweep_poor_none_r15,-0.09027102775871754,0.10557018592953682,4.654882952570915,97.55031322627725,0.292093962430954,-1.6156858205795288,4.154569149017334,99.46851350668173,1.8328227212942705,1.9182002804044709,1,202,1788689616.9083757
1788689669.659688,52.736000,gate_sweep_poor_none_r15,-0.1001474279910326,0.12112263962626457,4.657233282923698,99.02461486447984,0.28177523612976074,-1.6534253358840942,4.153560638427734,100.4769587229874,1.8837652644558969,1.4523438585075596,1,387,1788689616.9236486
1788689669.705899,52.768000,gate_sweep_poor_none_r15,-0.10900392569601536,0.13469384238123894,4.659152075648308,100.33685672095193,0.27226173877716064,-1.678572177886963,4.162733554840088,101.61795043930199,1.9182618473417221,1.2810937183500608,1,245,1788689616.9378808
1788689669.753238,52.804000,gate_sweep_poor_none_r15,-0.11868797428905964,0.14925387874245644,4.661068484187126,101.75447148919226,0.2692491114139557,-1.6645886898040771,4.162283420562744,103.16260718429326,1.9207567741986526,1.408135695101008,1,183,1788689616.949218
1788689669.805102,52.836000,gate_sweep_poor_none_r15,-0.1318927500396967,0.168770182877779,4.663347288966179,103.64429181349115,0.26754963397979736,-1.684043049812317,4.166247367858887,104.59141077296017,1.959484479384202,0.9471189594690334,1,411,1788689616.969078
1788689669.852246,52.868000,gate_sweep_poor_none_r15,-0.1433031875640154,0.1852985955774784,4.6650038212537766,105.22649638690591,0.25950440764427185,-1.6830848455429077,4.174521446228027,106.098448798169,1.9732419015471059,0.8719524112630914,1,235,1788689616.9842303
1788689669.904567,52.900000,gate_sweep_poor_none_r15,-0.15236996300518513,0.19822724536061287,4.666140601038933,106.44083975322016,0.23788180947303772,-1.6854503154754639,4.1691412925720215,107.4897948295304,1.986843202604658,1.0489550763102353,1,173,1788689617.0045412
1788689669.951778,52.936000,gate_sweep_poor_none_r15,-0.16833029873669147,0.22076191380620003,4.667882487177849,108.48700996988816,0.23487529158592224,-1.7393507957458496,4.204327583312988,109.1296283300944,2.054142091266338,0.642618360206234,1,382,1788689617.0157604
1788689670.002730,52.968000,gate_sweep_poor_none_r15,-0.1818260420113802,0.2396141178905964,4.669135138392448,110.11708250149451,0.21862488985061646,-1.7977464199066162,4.21724796295166,110.50617511683144,2.1249472767883777,0.38909261533693845,1,213,1788689617.0346913
1788689670.067123,53.000000,gate_sweep_poor_none_r15,-0.19593467004597187,0.2591666169464588,4.670273348689079,111.71799774943061,0.19809262454509735,-1.789831280708313,4.23472785949707,112.12199002194636,2.1315134920126444,0.40399227251576125,1,384,1788689617.0671005
1788689670.106752,53.032000,gate_sweep_poor_none_r15,-0.2143642921000719,0.2845230735838413,4.671629473567009,113.6422398943657,0.18650425970554352,-1.7532633543014526,4.243499755859375,113.73466389429856,2.120510357599004,0.09242399993286393,1,237,1788689617.0747218
1788689670.157236,53.068000,gate_sweep_poor_none_r15,-0.22971379943192005,0.3056318201124668,4.672657534480095,115.0936732509127,0.17410950362682343,-1.7279728651046753,4.237789154052734,115.44529033264658,2.118426723803753,0.3516170817338795,1,378,1788689617.0892165
1788689670.207359,53.100000,gate_sweep_poor_none_r15,-0.24153664894402027,0.32196593657135963,4.673406645655632,116.11626587773632,0.1559879034757614,-1.7046436071395874,4.229508876800537,116.82606869405019,2.1123960901382515,0.7098028163138747,1,200,1788689617.107321
1788689670.255204,53.132000,gate_sweep_poor_none_r15,-0.25757779367268085,0.34438488259911537,4.674447104334831,117.37504961697157,0.1413675844669342,-1.6757482290267944,4.219708442687988,118.15124062901916,2.1087632521984783,0.7761910120475896,1,368,1788689617.1231854
1788689670.316516,53.164000,gate_sweep_poor_none_r15,-0.2781668771058321,0.3735135830938816,4.6757693737745285,118.7603544799601,0.1236933171749115,-1.6552355289459229,4.2149434089660645,119.29112925009821,2.1188853544237127,0.5307747701381107,1,192,1788689617.152487
1788689670.353630,53.200000,gate_sweep_poor_none_r15,-0.2950110603123903,0.39775097742676735,4.676929995417595,119.7009504495296,0.10100448131561279,-1.6395394802093506,4.214381217956543,120.38211606583887,2.126342420570313,0.6811656163092704,1,330,1788689617.1536121
1788689670.405385,53.232000,gate_sweep_poor_none_r15,-0.312053756788373,0.4227699376642704,4.678453490138054,120.47813389491598,0.08454844355583191,-1.6214395761489868,4.226853847503662,121.2219327019368,2.130734164298777,0.7437988070208,1,178,1788689617.1733642
1788689670.452774,53.264000,gate_sweep_poor_none_r15,-0.32490687258541584,0.44204289093613625,4.679693266749382,120.94765748789233,0.06907359510660172,-1.5988792181015015,4.236607551574707,121.97769932208567,2.1253020056155107,1.0300418341933337,1,337,1788689617.1887567
1788689670.506755,53.296000,gate_sweep_poor_none_r15,-0.3463579285889864,0.4751320220530033,4.681940123438835,121.51395558888524,0.05092689394950867,-1.5761761665344238,4.239422798156738,122.47047825318863,2.1357720145090617,0.956522664303403,1,171,1788689617.2107203
1788689670.555888,53.332000,gate_sweep_poor_none_r15,-0.3634627927094698,0.5024992264807224,4.683991000056267,121.76155951619167,0.03695538640022278,-1.5422213077545166,4.236687660217285,122.96756233274374,2.1310319235327917,1.2060028165520669,1,341,1788689617.2238595
1788689670.607176,53.364000,gate_sweep_poor_none_r15,-0.3805092442780733,0.5306215323507786,4.6861687153577805,121.83448380298385,0.022754620760679245,-1.5145714282989502,4.233351707458496,123.17950004575066,2.1331852319430813,1.3450162427668078,1,190,1788689617.2431583
1788689670.656428,53.396000,gate_sweep_poor_none_r15,-0.4016347099095583,0.5667731203138828,4.688992545008659,121.67425702625498,0.0020218659192323685,-1.489608883857727,4.22568416595459,123.08540692893405,2.1462293056410306,1.411149902679079,1,140,1788689617.2603977
1788689670.707404,53.428000,gate_sweep_poor_none_r15,-0.418379383161664,0.5964655317366123,4.69129852950573,121.35960159555945,0.009029395878314972,-1.4492968320846558,4.225796699523926,123.23875815651611,2.141147792036887,1.8791565609566492,1,351,1788689617.2793753
1788689670.758671,53.464000,gate_sweep_poor_none_r15,-0.43081541545689106,0.6191888488829136,4.693013235926628,121.0157008635437,-0.010407231748104095,-1.4118965864181519,4.224032878875732,122.8391945281392,2.1264979806529385,1.8234936645955095,1,186,1788689617.294641
1788689670.806659,53.496000,gate_sweep_poor_none_r15,-0.45128299482166767,0.6578928865492344,4.695780321955681,120.25705096868197,-0.02739272639155388,-1.383788824081421,4.232433319091797,122.3648145101812,2.1360799639190517,2.107763541499236,1,360,1788689617.3106368
1788689670.856545,53.528000,gate_sweep_poor_none_r15,-0.4673921037465334,0.6895953454077244,4.6978569477796555,119.48886144336359,-0.04126429930329323,-1.3532732725143433,4.23499870300293,121.75884730858701,2.1375534731482686,2.269985865223417,1,209,1788689617.3285267
1788689670.904373,53.560000,gate_sweep_poor_none_r15,-0.48323376663029194,0.7218851484358311,4.699791952967644,118.59443546419003,-0.058594658970832825,-1.3268262147903442,4.2345709800720215,120.88377513120895,2.1433541879931615,2.2893396670189223,1,145,1788689617.3443458
1788689670.952006,53.596000,gate_sweep_poor_none_r15,-0.5026424396783113,0.7630160488188267,4.7020402401685715,117.31524446015156,-0.07340221852064133,-1.286141037940979,4.249368190765381,120.02026603539105,2.142009317904174,2.705021575239487,1,348,1788689617.3559902
1788689671.000721,53.628000,gate_sweep_poor_none_r15,-0.5178331900388002,0.7964774407446384,4.703722521662712,116.1829940962966,-0.10273484885692596,-1.249335765838623,4.26784610748291,118.81622627602708,2.1325211739911687,2.633232179730494,1,167,1788689617.372696
1788689671.048090,53.660000,gate_sweep_poor_none_r15,-0.52902259118855,0.8218576945364475,4.7048831433057785,115.2805816903133,-0.11709479987621307,-1.2163810729980469,4.265678405761719,117.68730199175425,2.125324111804395,2.4067203014409477,1,359,1788689617.3880734
1788689671.098237,53.692000,gate_sweep_poor_none_r15,-0.547342436388135,0.8646597303450108,4.70660500228405,113.69226324077475,-0.13438664376735687,-1.1876635551452637,4.274351596832275,116.40240645588263,2.1376169819098334,2.7101432151078746,1,178,1788689617.4062123
1788689671.144806,53.728000,gate_sweep_poor_none_r15,-0.5617429781705141,0.8992925323545933,4.707759901881218,112.36616961512172,-0.14817506074905396,-1.1527724266052246,4.272855281829834,115.0059703329214,2.138025034150237,2.639800717799678,1,344,1788689617.4167657
1788689671.193259,53.760000,gate_sweep_poor_none_r15,-0.5759554672986269,0.9341718591749668,4.708745047450066,111.00722735045137,-0.16556383669376373,-1.1226820945739746,4.256746768951416,113.64179370412269,2.1455469981542965,2.6345663536713224,1,157,1788689617.433228
1788689671.240011,53.792000,gate_sweep_poor_none_r15,-0.5900498200207949,0.9693342484533787,4.7095637768507,109.63242999928083,-0.18386241793632507,-1.0867587327957153,4.24871826171875,112.27465991800847,2.145899611345123,2.6422299187276317,1,293,1788689617.4479938
1788689671.291178,53.824000,gate_sweep_poor_none_r15,-0.6075474191457033,1.0137168802320957,4.7104726284742355,107.91231213441975,-0.19923685491085052,-1.055420160293579,4.241321563720703,110.87633368572236,2.1605898108850985,2.964021551302619,1,134,1788689617.4671302
1788689671.337886,53.860000,gate_sweep_poor_none_r15,-0.618006544187665,1.0405198968946934,4.7109890431165695,106.89026842265417,-0.21525472402572632,-1.0204474925994873,4.2365498542785645,109.34142105395325,2.152879038196869,2.4511526312990757,1,276,1788689617.4778588
1788689671.386623,53.892000,gate_sweep_poor_none_r15,-0.6318438220769167,1.076530758291483,4.711679503321648,105.54801489054957,-0.23209375143051147,-0.991157054901123,4.23024320602417,107.93463051774975,2.160304126775333,2.3866156272001833,1,293,1788689617.4946017
1788689671.431846,53.924000,gate_sweep_poor_none_r15,-0.6455656457692385,1.112821999937296,4.712462469935417,104.23857248927618,-0.24512670934200287,-0.9557366967201233,4.2208147048950195,106.67381684984166,2.163562790443863,2.435244360565476,1,316,1788689617.5078292
1788689671.477999,53.956000,gate_sweep_poor_none_r15,-0.6625329423695803,1.1585072912275791,4.713548228144646,102.66464748006923,-0.26372164487838745,-0.921781063079834,4.212784767150879,105.30915846705838,2.1765601604228886,2.6445109869891406,1,159,1788689617.5219805
1788689671.525489,53.992000,gate_sweep_poor_none_r15,-0.6759539414197206,1.195261899381876,4.714508578181267,101.4648555544244,-0.27929699420928955,-0.8859883546829224,4.205307483673096,103.89439398474781,2.179042245681209,2.4295384303234067,1,243,1788689617.533472
1788689671.570360,54.024000,gate_sweep_poor_none_r15,-0.6859099436551332,1.2229290641844273,4.715262934565544,100.60386119565302,-0.2954328656196594,-0.853746771812439,4.1950907707214355,102.6722009767647,2.176151179565121,2.0683397811116824,1,131,1788689617.5463386
1788689671.615736,54.056000,gate_sweep_poor_none_r15,-0.702278571203351,1.2691887058317661,4.716566130518913,99.25102188444646,-0.3116185665130615,-0.8195899724960327,4.188211917877197,101.54036498374204,2.189696275814911,2.2893430992955763,1,255,1788689617.5597193
1788689671.662008,54.088000,gate_sweep_poor_none_r15,-0.7151597309857607,1.3063117899000645,4.717659041285515,98.24801581425186,-0.3265138268470764,-0.7850451469421387,4.184950828552246,100.4806460567123,2.192851457804484,2.232630242460445,1,125,1788689617.5739894
1788689671.721637,54.124000,gate_sweep_poor_none_r15,-0.7278919983655214,1.3435391820967197,4.718805834650993,97.32046206635947,-0.3433951437473297,-0.7486647963523865,4.184556007385254,99.38665421919814,2.1933030334595864,2.066192152838659,1,266,1788689617.5976205
1788689671.759573,54.156000,gate_sweep_poor_none_r15,-0.7435731459408998,1.3902232088148594,4.720359846949577,96.26847699045857,-0.36225640773773193,-0.7189117074012756,4.1807541847229,98.42897880304253,2.210209677913622,2.1605018125839637,1,142,1788689617.6035511
1788689671.803082,54.188000,gate_sweep_poor_none_r15,-0.7559302020817995,1.4276563562452793,4.721746489405632,95.51383727088565,-0.3788772523403168,-0.6873582005500793,4.176522254943848,97.59926580929583,2.2164667757964382,2.0854285384101847,1,207,1788689617.6150663
1788689671.848998,54.220000,gate_sweep_poor_none_r15,-0.76508136279881,1.4557651914656162,4.722878023982048,94.99870151119707,-0.392374187707901,-0.6528444290161133,4.173633575439453,96.86155394482384,2.2106140853181966,1.8628524336267784,1,117,1788689617.6289775
1788689671.891027,54.256000,gate_sweep_poor_none_r15,-0.7801261115819216,1.502706352621317,4.7249355763196945,94.23575128658096,-0.40890929102897644,-0.6125203371047974,4.1708455085754395,96.11473088964107,2.217882251149498,1.8789796030601067,1,210,1788689617.6350098
1788689671.936714,54.288000,gate_sweep_poor_none_r15,-0.7919736672192812,1.5403538383543491,4.726713702082634,93.71084677009303,-0.42543017864227295,-0.5792660713195801,4.1673970222473145,95.51542628418571,2.2226060916964854,1.804579514092675,1,123,1788689617.64869
1788689671.981200,54.320000,gate_sweep_poor_none_r15,-0.8036268521100283,1.57806009426713,4.728619620203972,93.25794108961132,-0.4397653639316559,-0.5417574644088745,4.171259880065918,95.01625776224354,2.2218621794740634,1.7583166726322281,1,94,1788689617.6611807
1788689672.023162,54.352000,gate_sweep_poor_none_r15,-0.8178730774670839,1.6253188289701939,4.731104418635368,92.79284796758913,-0.4621262550354004,-0.4648864269256592,4.122627258300781,94.94808131552327,2.2058463836119078,2.155233347934144,1,252,1788689617.6711435
1788689672.068315,54.388000,gate_sweep_poor_none_r15,-0.8289805222302675,1.6632828153669834,4.733113333582878,92.49739521794713,-0.46068626642227173,-0.3921804130077362,4.0932135581970215,94.80924827111183,2.1840424594317436,2.311853053164697,1,165,1788689617.6802976
1788689672.111218,54.420000,gate_sweep_poor_none_r15,-0.8371238280087709,1.6918317712843418,4.7346520870924,92.31849626330951,-0.4742569029331207,-0.33569973707199097,4.102152347564697,94.53149881267147,2.154672212470884,2.213002549361959,1,118,1788689617.6911783
1788689672.159108,54.452000,gate_sweep_poor_none_r15,-0.8477040100842714,1.7299940027296543,4.736706778407097,92.13503250974041,-0.4988791346549988,-0.2844785749912262,4.12951135635376,94.17608243812214,2.132713023514928,2.041049928381712,1,97,1788689617.7070832
1788689672.205953,54.484000,gate_sweep_poor_none_r15,-0.860395984724164,1.777807179838419,4.739270254969597,91.99535035090692,-0.49607858061790466,-0.2437749207019806,4.12136173248291,94.211662724535,2.1450716310467906,2.216312373628078,1,270,1788689617.72194
1788689672.251183,54.520000,gate_sweep_poor_none_r15,-0.8701123166829348,1.8161094821989536,4.741300150752068,91.95101947451178,-0.5136920809745789,-0.20324885845184326,4.113030433654785,94.03274592365597,2.1446599566830726,2.081726449144183,1,145,1788689617.7311647
1788689672.294295,54.552000,gate_sweep_poor_none_r15,-0.8794617224484682,1.8544482626020908,4.743335768580437,91.9675955699499,-0.5184517502784729,-0.1632441133260727,4.115453243255615,94.03078527490094,2.1437460646011908,2.0631897049510277,1,284,1788689617.7422717
1788689672.343540,54.584000,gate_sweep_poor_none_r15,-0.8862510491162539,1.8832518495619297,4.744877383112907,92.01732870235988,-0.521606981754303,-0.11879341304302216,4.133213996887207,94.20068175273302,2.124919440221273,2.1833530503731473,1,170,1788689617.7595227
1788689672.400017,54.616000,gate_sweep_poor_none_r15,-0.8971479702740908,1.93129438534379,4.7474880665540695,92.17361548105353,-0.5345775485038757,-0.07442671805620193,4.153453350067139,94.26216395873544,2.1230288975325844,2.0885484776819037,1,112,1788689617.7839904
1788689672.432503,54.652000,gate_sweep_poor_none_r15,-0.905438618734479,1.9696957506239414,4.749608561396599,92.36081944564864,-0.5449760556221008,-0.02347433939576149,4.127763271331787,94.43688329429334,2.1188090598094216,2.0760638486446865,1,290,1788689617.7804768
1788689672.478652,54.684000,gate_sweep_poor_none_r15,-0.913345830515027,2.00802356377244,4.751723811030388,92.59997117736951,-0.5577483773231506,0.01604200154542923,4.101950168609619,94.56488763031818,2.1252401933319596,1.9649164529486736,1,171,1788689617.7946315
1788689672.524353,54.716000,gate_sweep_poor_none_r15,-0.9226747918874025,2.0558182634413242,4.754463240504265,92.9683893867833,-0.5695391297340393,0.061308473348617554,4.092585563659668,94.82020628670453,2.1309284731697,1.851816899921235,1,270,1788689617.8083305
1788689672.569758,54.748000,gate_sweep_poor_none_r15,-0.9296927619725466,2.0938772596418858,4.756696745753288,93.31161792638959,-0.5806996822357178,0.09752006828784943,4.0902299880981445,95.07815127910631,2.133404824273755,1.7665333527167308,1,156,1788689617.821737
1788689672.616934,54.784000,gate_sweep_poor_none_r15,-0.9347215462476015,2.1223313249647617,4.75834946334362,93.59462550252303,-0.5952311754226685,0.1393330991268158,4.082157611846924,95.42189975663148,2.122444603656317,1.8272742541084421,1,302,1788689617.8329093
1788689672.675631,54.816000,gate_sweep_poor_none_r15,-0.9426493812352419,2.169570866972208,4.761044546961784,94.10854406048358,-0.603524923324585,0.1786639541387558,4.079737663269043,95.81671261403065,2.1314067662669034,1.7081685535470605,1,194,1788689617.8596053
1788689672.717894,54.848000,gate_sweep_poor_none_r15,-0.9485471416264772,2.207138005644083,4.763144060969353,94.54982384935808,-0.6086384057998657,0.220289409160614,4.080662250518799,96.29159559955832,2.128118115997193,1.7417717502002432,1,136,1788689617.869861
1788689672.750920,54.880000,gate_sweep_poor_none_r15,-0.9540375042706728,2.244453851133585,4.765201613306999,95.00986072123392,-0.6142913103103638,0.263435035943985,4.078417778015137,96.77375460115736,2.124037442905356,1.763893879923433,1,114,1788689617.8708968
1788689672.794718,54.916000,gate_sweep_poor_none_r15,-0.960367338731885,2.290772620588541,4.767724558711052,95.60346077813189,-0.6020020842552185,0.326330304145813,4.050548553466797,97.62172633516892,2.1217447284593653,2.0182655570370276,1,304,1788689617.8787038
1788689672.840895,54.948000,gate_sweep_poor_none_r15,-0.9649872947484255,2.3275126852095127,4.769722029566765,96.08672153098911,-0.5871561765670776,0.37800824642181396,4.008546352386475,98.31021077483975,2.1266669514171657,2.2234892438506275,1,164,1788689617.8928595
1788689672.885775,54.980000,gate_sweep_poor_none_r15,-0.9681818056851625,2.3548652566969395,4.771238371729851,96.44846894851878,-0.5884668827056885,0.42234665155410767,3.9917328357696533,98.89306649539117,2.1181219187169322,2.4445975468723806,1,298,1788689617.905751
1788689672.928296,55.012000,gate_sweep_poor_none_r15,-0.9730194974690676,2.3999680913984776,4.773688361048698,97.04408650235729,-0.5983308553695679,0.4583876132965088,3.996962070465088,99.32791565585985,2.1244834812134483,2.283829153502575,1,180,1788689617.9162812
1788689672.973548,55.048000,gate_sweep_poor_none_r15,-0.9764502216130495,2.435543242841959,4.775586649775505,97.5069908021048,-0.6239768862724304,0.5086795687675476,4.005770206451416,99.4690044021017,2.1046753733072068,1.9620135999969088,1,124,1788689617.9255207
1788689673.018258,55.080000,gate_sweep_poor_none_r15,-0.9794617462903261,2.4706408418715,4.77748017013073,97.95212843433572,-0.6108793616294861,0.5751549005508423,3.9611504077911377,100.15585582891048,2.09645276810806,2.203727394574761,1,291,1788689617.938241
1788689673.063226,55.112000,gate_sweep_poor_none_r15,-0.9820292163640261,2.505238238722086,4.77928452193737,98.37390627410126,-0.6231787204742432,0.6231734156608582,3.929952621459961,100.4049912442921,2.0957829930060514,2.031084970190853,1,181,1788689617.951205
1788689673.109133,55.144000,gate_sweep_poor_none_r15,-0.9846398998051882,2.5477363504469395,4.781413599848747,98.86091961864517,-0.6322852969169617,0.6686033606529236,3.9089503288269043,100.84899757339828,2.101543889332519,1.98807795475311,1,290,1788689617.9651134
1788689673.153437,55.180000,gate_sweep_poor_none_r15,-0.9859155584126711,2.5727462209761143,4.782689139246941,99.12954279337039,-0.635132372379303,0.7111995220184326,3.9013772010803223,101.32045727371228,2.0892859278612304,2.1909144803418887,1,184,1788689617.9734125
1788689673.196221,55.212000,gate_sweep_poor_none_r15,-0.9873537588864565,2.605561438947916,4.784351393580437,99.45881148435615,-0.6428375840187073,0.7522991299629211,3.895634174346924,101.52629476280634,2.084008367644441,2.067483278450204,1,125,1788689617.9841974
1788689673.238270,55.244000,gate_sweep_poor_none_r15,-0.9884951878339052,2.637747947126627,4.785976931452751,99.75087072547343,-0.6511040329933167,0.8122901320457458,3.881051540374756,101.89379171746425,2.0651922403065033,2.1429209919908208,1,264,1788689617.9942505
1788689673.281450,55.276000,gate_sweep_poor_none_r15,-0.9894758630543947,2.6769871152937412,4.787961050868034,100.06439954371251,-0.6476954817771912,0.8644739389419556,3.8799736499786377,102.14028211821437,2.055835344488637,2.0758825745018616,1,153,1788689618.0054212
1788689673.323795,55.312000,gate_sweep_poor_none_r15,-0.9899020958691835,2.7075387872755527,4.789498373866081,100.27056951091026,-0.6497569680213928,0.9234544038772583,3.8941421508789062,102.41133864947716,2.024924334666884,2.140769138566889,1,255,1788689618.0117803
1788689673.368080,55.344000,gate_sweep_poor_none_r15,-0.9900273252278566,2.7299243845045567,4.790603205561638,100.40034592880512,-0.6505299210548401,0.9757354855537415,3.897369861602783,102.57153491069525,1.9975742758161479,2.171188981890124,1,176,1788689618.0240617
1788689673.413188,55.376000,gate_sweep_poor_none_r15,-0.9898901153355837,2.766201440244913,4.792355105280876,100.57043054330805,-0.649836540222168,1.0284202098846436,3.9025931358337402,102.6501523013815,1.981715519648144,2.079721758073442,1,114,1788689618.0371692
1788689673.458161,55.408000,gate_sweep_poor_none_r15,-0.9894833136349916,2.794186297804117,4.7936516255140305,100.66477987102058,-0.6408834457397461,1.0919700860977173,3.878161907196045,103.07935849595442,1.9639713143624615,2.4145786249338315,1,223,1788689618.050143
1788689673.503455,55.444000,gate_sweep_poor_none_r15,-0.9888626504689455,2.8211945928633213,4.794858023524284,100.72490404023577,-0.6435433626174927,1.168088674545288,3.823239803314209,103.15641146534277,1.9483445674686335,2.4315074251070037,1,113,1788689618.0594273
1788689673.545741,55.476000,gate_sweep_poor_none_r15,-0.9878465104848146,2.853572551161051,4.7962456196546555,100.75587781437044,-0.6294757127761841,1.218505620956421,3.8209688663482666,103.35962131281607,1.9372759845822078,2.6037434984456347,1,214,1788689618.0697205
1788689673.589458,55.508000,gate_sweep_poor_none_r15,-0.9869042206555605,2.8784341253340244,4.797264143824577,100.7500788646777,-0.617993175983429,1.2570240497589111,3.8262128829956055,103.54863836701917,1.9256184832970196,2.7985595023414556,1,110,1788689618.0814395
1788689673.633927,55.540000,gate_sweep_poor_none_r15,-0.9861721564084291,2.896449986845255,4.797968432307243,100.7299400671632,-0.619062602519989,1.297120451927185,3.821040630340576,103.46989048553628,1.9097152447610724,2.739950418373077,1,81,1788689618.0939066
1788689673.676996,55.576000,gate_sweep_poor_none_r15,-0.9849049616605043,2.925364438444376,4.799066111445427,100.67356126280092,-0.6266741156578064,1.3340173959732056,3.7694308757781982,103.50275147681819,1.9289539826385333,2.8291902140172653,1,202,1788689618.1009793
1788689673.721200,55.608000,gate_sweep_poor_none_r15,-0.9838347006589174,2.9474605955183506,4.799886271357536,100.61266866190424,-0.602429986000061,1.3845082521438599,3.7515182495117188,103.79306310771922,1.9202513099208467,3.1803944458149895,1,126,1788689618.1131804
1788689673.765675,55.640000,gate_sweep_poor_none_r15,-0.9827135968953371,2.9686130918562412,4.800658270716667,100.54626193071088,-0.5944165587425232,1.4421043395996094,3.7311935424804688,103.70256238500775,1.903879819078839,3.156300454296864,1,81,1788689618.1256526
1788689673.806497,55.672000,gate_sweep_poor_none_r15,-0.981276648119092,2.9936758913099766,4.801455065608025,100.45366971473544,-0.5927202105522156,1.4854469299316406,3.6851561069488525,103.90742424256096,1.916208253353113,3.4537545278255277,1,200,1788689618.1344826
1788689673.850791,55.708000,gate_sweep_poor_none_r15,-0.9800969529896975,3.0125383771955967,4.801961466670036,100.38100820375222,-0.5779964327812195,1.53422212600708,3.66184663772583,104.03549480912186,1.9097030109570636,3.6544866053696463,1,149,1788689618.1427696
1788689673.898149,55.740000,gate_sweep_poor_none_r15,-0.9791937042027712,3.025950614362955,4.802287623286247,100.32495214744581,-0.5741257071495056,1.5735653638839722,3.649549722671509,103.95496931847542,1.8979746219481748,3.630017171029601,1,100,1788689618.158126
1788689673.951942,55.772000,gate_sweep_poor_none_r15,-0.9776522684842348,3.0470678247511387,4.802694842219353,100.23910973380927,-0.6003198623657227,1.5789457559585571,3.736827850341797,103.68508260091447,1.8530608727068587,3.445972867105199,1,202,1788689618.1799207
1788689673.983624,55.804000,gate_sweep_poor_none_r15,-0.9763407874852419,3.062721434980631,4.802935168147087,100.17462950724617,-0.6132506132125854,1.6100066900253296,3.744506359100342,103.46298255537498,1.8337083052339611,3.288353048128803,1,115,1788689618.1795952
1788689674.027932,55.840000,gate_sweep_poor_none_r15,-0.9749770928174257,3.0772778429090977,4.803167387843132,100.11694777371939,-0.6079217791557312,1.646115779876709,3.7310640811920166,103.35309166096303,1.8254752680008195,3.2361438872436463,1,88,1788689618.187905
1788689674.074044,55.872000,gate_sweep_poor_none_r15,-0.9735883641988039,3.090734902769327,4.803330942988396,100.06546223795834,-0.5998024940490723,1.646608591079712,3.740272283554077,103.56494899837759,1.8317506364776115,3.4994867604192406,1,206,1788689618.2020257
1788689674.120646,55.904000,gate_sweep_poor_none_r15,-0.9725153613835573,3.100060645490885,4.8034220188856125,100.03126562947496,-0.5960584878921509,1.655137538909912,3.746283531188965,103.53180577455251,1.829498385815109,3.5005401450775633,1,111,1788689618.216618
1788689674.168028,55.936000,gate_sweep_poor_none_r15,-0.9706545639783144,3.1142017282545567,4.803508326411247,99.98338280930352,-0.6035382747650146,1.6692287921905518,3.745802640914917,103.28971805722087,1.827966759242201,3.3063352479173513,1,76,1788689618.2320101
1788689674.211155,55.972000,gate_sweep_poor_none_r15,-0.9691244531422853,3.124182168394327,4.803600832819939,99.9523691385145,-0.6228916049003601,1.6068878173828125,3.7947957515716553,103.27190637694889,1.8546555002925813,3.3195372384343895,1,211,1788689618.2391407
1788689674.255339,56.004000,gate_sweep_poor_none_r15,-0.9675787854939699,3.13299173489213,4.803704306483269,99.92139340029368,-0.6230327486991882,1.6074509620666504,3.7952818870544434,103.13535302098546,1.8608875293876947,3.213959620691782,1,113,1788689618.251321
1788689674.299317,56.036000,gate_sweep_poor_none_r15,-0.9656937289983034,3.1426560319960117,4.80369858443737,99.8856988889925,-0.6161477565765381,1.6111440658569336,3.7835569381713867,103.09497472819565,1.873072413899082,3.209275839203156,1,77,1788689618.2632926
1788689674.345327,56.068000,gate_sweep_poor_none_r15,-0.964259522035718,3.149434272199869,4.803596541285515,99.8643421372822,-0.6422165036201477,1.5309966802597046,3.819713592529297,103.0206641828091,1.921217739239496,3.156322045526898,1,195,1788689618.277312
1788689674.391136,56.104000,gate_sweep_poor_none_r15,-0.963282423093915,3.1541067995131016,4.803487345576286,99.85796761627059,-0.6311784982681274,1.5139172077178955,3.8400213718414307,102.95543367357163,1.9310053331005772,3.0974660573010424,1,104,1788689618.2871122
1788689674.438796,56.136000,gate_sweep_poor_none_r15,-0.9619639087468386,3.1613389886915684,4.803263708949089,99.88093654142456,-0.6380285620689392,1.5149346590042114,3.836491584777832,102.79927449600274,1.9365509716284801,2.918337954578183,1,169,1788689618.3027682
1788689674.485121,56.168000,gate_sweep_poor_none_r15,-0.9612674284726381,3.1667363084852695,4.80303530395031,99.94392819607967,-0.6365191340446472,1.5268349647521973,3.8336005210876465,102.69511019139482,1.9324962277156983,2.7511819953151435,1,106,1788689618.3171027
1788689674.529354,56.200000,gate_sweep_poor_none_r15,-0.9610009957104921,3.1719619669020176,4.80283360183239,100.0732910459199,-0.6314869523048401,1.5422273874282837,3.8332748413085938,102.57899846743553,1.9247489432241311,2.505707421515623,1,66,1788689618.3293352
1788689674.574480,56.236000,gate_sweep_poor_none_r15,-0.9614419508725405,3.178477708250284,4.802695319056511,100.3617327388796,-0.6456028819084167,1.5613939762115479,3.8121907711029053,102.52928984179741,1.9224498363872147,2.1675571029178147,1,225,1788689618.3384624
1788689674.633753,56.268000,gate_sweep_poor_none_r15,-0.9624566603451967,3.183837119489908,4.802766844630241,100.73321377704879,-0.6448585391044617,1.5772058963775635,3.806708335876465,102.62244028743429,1.9168372404969365,1.8892265103854953,1,156,1788689618.3657274
1788689674.665556,56.300000,gate_sweep_poor_none_r15,-0.9637048412114382,3.187998954206705,4.803000971674919,101.1135582295348,-0.6272997260093689,1.603027105331421,3.815361976623535,103.1626973797647,1.8975602619699228,2.0491391502298923,1,247,1788689618.3655324
1788689674.714850,56.332000,gate_sweep_poor_none_r15,-0.9668008852750063,3.1952461637556553,4.803856894373894,101.98059857970117,-0.6123235821723938,1.6190766096115112,3.82018780708313,103.86596926896877,1.8914464029195477,1.8853706892675952,1,129,1788689618.3828318
1788689674.763090,56.368000,gate_sweep_poor_none_r15,-0.9702715445309877,3.2014047540724277,4.805035158991814,102.9101951310589,-0.6024365425109863,1.6366952657699585,3.826289653778076,104.69719213272303,1.8819035935644854,1.7869970016641417,1,266,1788689618.3950756
1788689674.807304,56.400000,gate_sweep_poor_none_r15,-0.9747061301022768,3.2079238332808018,4.8066921681165695,104.07589579942173,-0.5986384749412537,1.6524103879928589,3.831704616546631,105.67868105600715,1.8739396162753537,1.6027852565854317,1,160,1788689618.4072764
1788689674.855348,56.432000,gate_sweep_poor_none_r15,-0.980145649984479,3.2148301042616367,4.808634802699089,105.48977546358765,-0.600638747215271,1.6601836681365967,3.8343217372894287,106.72465808803106,1.8735626437441941,1.2348826244434057,1,123,1788689618.4233186
1788689674.907107,56.464000,gate_sweep_poor_none_r15,-0.9884625244885683,3.223994914442301,4.811082407832146,107.61464348945705,-0.6302425265312195,1.729752540588379,3.7966067790985107,107.75929099379735,1.841261154766393,0.1446475043403088,1,267,1788689618.4430857
1788689674.955753,56.500000,gate_sweep_poor_none_r15,-0.9942913819104433,3.229836408048868,4.812455698847771,109.08077009284479,-0.643997073173523,1.7844834327697754,3.795480728149414,109.1645751138263,1.8016629587435398,0.08380502098151091,1,137,1788689618.4557316
1788689675.003909,56.532000,gate_sweep_poor_none_r15,-1.0031279493123293,3.2379290498793125,4.814024016261101,111.25563929292011,-0.6667811870574951,1.7938203811645508,3.783510446548462,110.90994019584446,1.8056957686438537,0.34569909707566304,1,240,1788689618.471894
1788689675.055535,56.564000,gate_sweep_poor_none_r15,-1.0132212210446596,3.246348086744547,4.815319582819939,113.67098754417651,-0.6665489077568054,1.8131836652755737,3.778862476348877,113.23271579154238,1.8023277408171952,0.43827175263412543,1,133,1788689618.4915085
1788689675.103188,56.596000,gate_sweep_poor_none_r15,-1.027757840231061,3.257303658872843,4.816823527216911,117.00412774148487,-0.6937218308448792,1.8732002973556519,3.7850914001464844,115.5953944200727,1.7583496105607386,1.4087333214121662,1,206,1788689618.5071702
1788689675.151218,56.632000,gate_sweep_poor_none_r15,-1.0409556198865175,3.266400519758463,4.818180605769157,119.89540501491746,-0.7091785073280334,1.9071763753890991,3.773958921432495,118.61058817738326,1.74584227612152,1.2848168375341988,1,129,1788689618.5191813
1788689675.195288,56.664000,gate_sweep_poor_none_r15,-1.051777319982648,3.2733952440321445,4.819262072443962,122.1777527586856,-0.7215309739112854,1.9489710330963135,3.799264669418335,121.73272823177214,1.7039826412805703,0.4450245269134522,1,208,1788689618.5312722
1788689675.256312,56.696000,gate_sweep_poor_none_r15,-1.0715244580060244,3.2854163087904453,4.821013495326042,126.15459565069644,-0.7169048190116882,1.9686721563339233,3.795797348022461,125.12187239035032,1.7060593190393223,1.032723260346126,1,109,1788689618.5602748
1788689675.291914,56.728000,gate_sweep_poor_none_r15,-1.0888016987591982,3.295409146696329,4.822220370173454,129.4503140115322,-0.7460857033729553,1.995718240737915,3.7992334365844727,128.20992146865663,1.6891278728439638,1.2403925428755935,1,182,1788689618.5638916
1788689675.341213,56.764000,gate_sweep_poor_none_r15,-1.107328848913312,3.305744592100382,4.82313971221447,132.80513308873861,-0.7719128727912903,2.054832935333252,3.80489182472229,131.91696020920446,1.6474564062384356,0.8881728795341483,1,85,1788689618.5771844
1788689675.389016,56.796000,gate_sweep_poor_none_r15,-1.132172541692853,3.319189015775919,4.823800608515739,137.0168297937603,-0.7904905080795288,2.085393190383911,3.801424264907837,135.2327110399828,1.638368743237598,1.7841187537775052,1,148,1788689618.592995
1788689675.439229,56.828000,gate_sweep_poor_none_r15,-1.1532650757580996,3.33042449131608,4.823939844965935,140.352975218063,-0.8267014026641846,2.049757480621338,3.794167995452881,138.1999134348883,1.6754646779075744,2.1530617831746808,1,73,1788689618.611201
1788689675.485688,56.860000,gate_sweep_poor_none_r15,-1.1697459984570742,3.3391930498182774,4.823848769068718,142.80704029092576,-0.7870853543281555,2.117459535598755,3.7740838527679443,142.47274559594857,1.6556172044975594,0.3342946949771632,1,127,1788689618.6256614
1788689675.534319,56.896000,gate_sweep_poor_none_r15,-1.1984056998044252,3.354467574506998,4.8234415501356125,146.75536637811294,-0.7927708029747009,2.189593553543091,3.779283285140991,147.10446747677346,1.6160871376875878,0.34910109866051214,1,154,1788689618.6383004
1788689675.578304,56.928000,gate_sweep_poor_none_r15,-1.2223951388150454,3.3673962987959385,4.8229861706495285,149.74063397943888,-0.8095797300338745,2.260211229324341,3.76412296295166,150.6987336214248,1.5866526502055232,0.9580996419859104,1,206,1788689618.650282
1788689675.624801,56.960000,gate_sweep_poor_none_r15,-1.2473030854016542,3.381022874265909,4.822559878230095,152.53300997422932,-0.8281975984573364,2.2871968746185303,3.75400710105896,153.77660634955922,1.5855313823105384,1.2435963753298986,1,110,1788689618.6647787
1788689675.666937,56.992000,gate_sweep_poor_none_r15,-1.2796116638928652,3.3991724886000156,4.822293803095818,155.70390809573172,-0.8518015146255493,2.317560911178589,3.7363440990448,156.71701608385436,1.5912862369657708,1.0131079881226512,1,216,1788689618.6749198
1788689675.716182,57.028000,gate_sweep_poor_none_r15,-1.3063309956341982,3.414744798094034,4.822465941309929,157.9541381468114,-0.9056033492088318,2.3857672214508057,3.722132444381714,159.76081554323287,1.5588814272761282,1.806677396421465,1,110,1788689618.688159
1788689675.761570,57.060000,gate_sweep_poor_none_r15,-1.3268552590161562,3.4270939268171787,4.822853609919548,159.4602460504603,-0.9455077052116394,2.4557173252105713,3.6861963272094727,162.4194431819913,1.5430451183550475,2.959197131531024,1,135,1788689618.7015507
1788689675.809713,57.092000,gate_sweep_poor_none_r15,-1.35480304248631,3.444404784590006,4.82355360686779,161.22125070143858,-1.0048941373825073,2.4835121631622314,3.657928705215454,164.62247208013474,1.5506231918610338,3.401221378696164,1,77,1788689618.7176905
1788689675.855593,57.124000,gate_sweep_poor_none_r15,-1.390598015859723,3.4675437845289707,4.824428126215935,163.01549274204052,-1.0999822616577148,2.555026054382324,3.595503568649292,166.90961629106235,1.558012096426969,3.8941235490218324,1,154,1788689618.731577
1788689675.900425,57.160000,gate_sweep_poor_none_r15,-1.419843154028058,3.487260762602091,4.824877306818962,164.1232647237755,-1.1645915508270264,2.6113200187683105,3.5668747425079346,168.76329678908087,1.5540257460730482,4.640032065305379,1,102,1788689618.740404
1788689675.946441,57.192000,gate_sweep_poor_none_r15,-1.4495764542371035,3.5080093778669834,4.824938341975212,164.94232680018774,-1.2243561744689941,2.66338849067688,3.5619101524353027,170.28614072557642,1.5360171955642568,5.343813925388681,1,75,1788689618.7544124
1788689675.992060,57.224000,gate_sweep_poor_none_r15,-1.4721459913998842,3.5242196954786777,4.824677988886833,165.36894267800218,-1.4378324747085571,2.8261499404907227,3.4277398586273193,170.36164081249677,1.562022707911001,4.99269813449459,1,168,1788689618.7680411
1788689676.034684,57.256000,gate_sweep_poor_none_r15,-1.51019855029881,3.5524942316114902,4.823698088526726,165.73272835960475,-1.5320674180984497,2.840082883834839,3.426257371902466,170.65489431589376,1.568709256777402,4.922165956289016,1,97,1788689618.77866
1788689676.081372,57.292000,gate_sweep_poor_none_r15,-1.541015462949872,3.5762867368757725,4.8224602192640305,165.71967049034623,-1.7484246492385864,2.897878646850586,3.43316650390625,171.30020412192863,1.5599336956105518,5.58053363158239,1,59,1788689618.7893422
1788689676.125393,57.324000,gate_sweep_poor_none_r15,-1.572145538404584,3.6011120714247227,4.8211293667554855,165.44752292614754,-1.8682180643081665,2.8870339393615723,3.305271625518799,170.05671404493717,1.7015849114730994,4.609191118789621,1,147,1788689618.801365
1788689676.168527,57.356000,gate_sweep_poor_none_r15,-1.6115071345120668,3.633507911115885,4.819580599665642,164.76320921928843,-1.8756003379821777,2.8423469066619873,3.312783718109131,168.577221298987,1.7222420844225212,3.8140120796985717,1,106,1788689618.8125088
1788689676.213197,57.388000,gate_sweep_poor_none_r15,-1.6433670092374086,3.660518351942301,4.818679377436638,163.95445835397902,-1.935210943222046,2.8456010818481445,3.3217175006866455,167.61339134062615,1.7292073037505367,3.658932986647147,1,62,1788689618.825153
1788689676.257153,57.424000,gate_sweep_poor_none_r15,-1.667474227026105,3.681401912122965,4.8182936161756516,163.20904262311564,-1.9002846479415894,2.877859115600586,3.3363864421844482,166.62991027697905,1.7017433973006755,3.4208676538634277,1,151,1788689618.8331301
1788689676.301353,57.456000,gate_sweep_poor_none_r15,-1.7080198097974062,3.717328492552042,4.818241164088249,161.72284525825316,-1.9076157808303833,2.9171531200408936,3.3484842777252197,165.72943269113406,1.6853202910537508,4.0065874328809175,1,86,1788689618.8453352
1788689676.349788,57.488000,gate_sweep_poor_none_r15,-1.7407456208020449,3.7469951547682285,4.81866030395031,160.3480459869031,-1.9246101379394531,2.951357126235962,3.3665931224823,164.5762688187987,1.6659367132653433,4.228222831895612,1,62,1788689618.8617668
1788689676.393254,57.520000,gate_sweep_poor_none_r15,-1.7737431097775698,3.7773973383009434,4.819289728999138,158.83397390087924,-2.0500552654266357,2.943073034286499,3.323112726211548,163.49119095206646,1.7352207569352889,4.657217051187215,1,113,1788689618.873236
1788689676.440417,57.556000,gate_sweep_poor_none_r15,-1.8153599072247744,3.8162440694868565,4.820214793086052,156.79156094419452,-2.2296981811523438,2.933143138885498,3.264028787612915,162.39732213928883,1.836643226786493,5.605761195094322,1,64,1788689618.8843894
1788689676.486307,57.588000,gate_sweep_poor_none_r15,-1.8489032555371523,3.84783286228776,4.820958659052849,155.06962831247927,-2.3647384643554688,2.920220375061035,3.2306439876556396,161.4147218351509,1.9119758479585456,6.345093522671643,1,82,1788689618.8982837
1788689676.529588,57.620000,gate_sweep_poor_none_r15,-1.8741883803158998,3.87172407284379,4.821449801325798,153.74406980088904,-2.5147838592529297,2.881370782852173,3.2109181880950928,160.37713066658503,1.9962400366306856,6.633060865695977,1,36,1788689618.9095685
1788689676.584328,57.652000,gate_sweep_poor_none_r15,-1.916553096845746,3.9118298925459385,4.822134539484978,151.50120746330424,-2.2671010494232178,3.0743391513824463,2.967789888381958,157.39682639014313,2.064671570411433,5.895618926838916,1,50,1788689618.9323082
1788689676.619272,57.688000,gate_sweep_poor_none_r15,-1.9506275225430727,3.9440490640699863,4.8225331753492355,149.70526764300539,-2.267683744430542,3.0804660320281982,2.9537155628204346,157.12137265710342,2.0829737324234054,7.41610501409804,1,22,1788689618.931251
1788689676.666145,57.720000,gate_sweep_poor_none_r15,-1.9848919678479433,3.976322118192911,4.822892710566521,147.93058783714181,-2.2682576179504395,3.0866010189056396,2.939643383026123,156.84470877489102,2.102029437438097,8.91412093774918,1,19,1788689618.9461236
1788689676.710019,57.752000,gate_sweep_poor_none_r15,-2.019365506246686,4.008624020963907,4.823209330439568,146.19757055790305,-2.2688241004943848,3.0927491188049316,2.9255735874176025,156.571623983513,2.1218100385857537,10.374053425609956,1,9,1788689618.958004
1788689676.759841,57.784000,gate_sweep_poor_none_r15,-2.06278963573277,4.048918668180704,4.823625609278679,144.11817932667066,-2.269381284713745,3.098916530609131,2.911506414413452,156.30393742691143,2.1450836781326923,12.185758100240752,1,2,1788689618.9758227
1788689676.806150,57.820000,gate_sweep_poor_none_r15,-2.0890080500394106,4.072975102812052,4.823945090174675,142.92829048304534,-2.269925355911255,3.105104684829712,2.897444725036621,156.045094387631,2.1635405876586393,13.116803904585657,1,1,1788689618.9861286
1788689676.851458,57.852000,gate_sweep_poor_none_r15,-2.1241128016263247,4.104885045439005,4.824499174952507,141.42007777287333,-2.270458459854126,3.1113109588623047,2.8833868503570557,155.80073504268594,2.1855259261548947,14.380657269812636,1,24,1788689618.9994364
1788689676.896153,57.884000,gate_sweep_poor_none_r15,-2.1593603659421206,4.136544171720743,4.825223013758659,140.00992837709336,-2.3700597286224365,4.183310031890869,3.001952648162842,153.92909579527998,1.8360000253734339,13.919167418186595,1,50,1788689619.0121346
1788689676.942441,57.916000,gate_sweep_poor_none_r15,-2.2035755682736635,4.175660077482462,4.826417490839958,138.39764888526426,-2.2894716262817383,3.220301866531372,2.693450689315796,150.26990532613772,2.338725041644958,11.872256440873441,1,25,1788689619.0264225
1788689676.987256,57.952000,gate_sweep_poor_none_r15,-2.2390269804745913,4.206512872129679,4.827545210719109,137.23216545199097,-2.2898035049438477,3.2266793251037598,2.679483413696289,150.0698275626167,2.3615294872483545,12.837662110625729,1,78,1788689619.0352414
1788689677.036199,57.984000,gate_sweep_poor_none_r15,-2.2656225729733706,4.22937673702836,4.8284535855054855,136.43022100397192,-2.2901108264923096,3.2330517768859863,2.6655263900756836,149.88935818648827,2.381494730939571,13.459137182516333,1,15,1788689619.0521631
1788689677.084058,58.016000,gate_sweep_poor_none_r15,-2.3099615145474672,4.266949120908976,4.83009247481823,135.22639825419634,-2.295567035675049,3.2883849143981934,2.574967861175537,149.5188452308564,2.458329133851525,14.29244697666008,1,87,1788689619.0680268
1788689677.130567,58.048000,gate_sweep_poor_none_r15,-2.3454582262784243,4.296497289091349,4.831507250666618,134.37423423984038,-2.302093505859375,3.3350512981414795,2.46636700630188,146.92859354446347,2.5534579040987326,12.554359304623087,1,39,1788689619.082531
1788689677.176102,58.084000,gate_sweep_poor_none_r15,-2.3809811640530825,4.325601045042276,4.832951113581657,133.60807373506333,-2.302280902862549,3.341423749923706,2.452420711517334,146.79683119644682,2.5771541813579746,13.18875746138349,1,13,1788689619.0920854
1788689677.221992,58.116000,gate_sweep_poor_none_r15,-2.4253491926938295,4.361425343900919,4.834786459803581,132.7472606510021,-2.302457094192505,3.3477818965911865,2.438477039337158,146.67937161841434,2.6047791355053773,13.93211096741224,1,44,1788689619.1059756
1788689677.267777,58.148000,gate_sweep_poor_none_r15,-2.460712866857648,4.389676991850138,4.836255118250847,132.11303273768425,-2.302621603012085,3.3541252613067627,2.4245352745056152,146.57286980087352,2.629401612354071,14.459837063189283,1,12,1788689619.1197627
1788689677.315246,58.180000,gate_sweep_poor_none_r15,-2.487113432958722,4.410653058439493,4.8373671025037766,131.657227304017,-2.3027803897857666,3.360450029373169,2.410593271255493,146.47390838894881,2.650686005753408,14.816681084931828,1,7,1788689619.135223
1788689677.364829,58.216000,gate_sweep_poor_none_r15,-2.530795769765973,4.445298139005899,4.8392191380262375,130.91019675945373,-2.3029391765594482,3.3667521476745605,2.3966474533081055,146.38004377816205,2.6798015817353638,15.469847018708313,1,15,1788689619.148809
1788689677.412107,58.248000,gate_sweep_poor_none_r15,-2.5653051901608706,4.472802583128214,4.840715929865837,130.30511386454017,-2.3031058311462402,3.373034954071045,2.3826935291290283,146.2879229547457,2.705570450813221,15.98280909020553,1,20,1788689619.1640825
1788689677.462464,58.280000,gate_sweep_poor_none_r15,-2.5992950964719057,4.500190678983927,4.842313334345818,129.675270492429,-2.303280830383301,3.379300594329834,2.3687314987182617,146.19477223601731,2.7317807608134337,16.51950174358829,1,29,1788689619.1824505
1788689677.510370,58.312000,gate_sweep_poor_none_r15,-2.6410469580441713,4.53437227383256,4.844384714961052,128.83245893390574,-2.3034586906433105,3.3855397701263428,2.354764699935913,146.09772973772536,2.7626056141028132,17.265270803819618,1,19,1788689619.1983488
1788689677.555351,58.348000,gate_sweep_poor_none_r15,-2.6737815905362368,4.561714593321085,4.8460927456617355,128.1015458685896,-2.303633451461792,3.39176344871521,2.340794801712036,145.9955647919906,2.7896797510795865,17.894018923400992,1,43,1788689619.2073376
1788689677.602830,58.380000,gate_sweep_poor_none_r15,-2.6978809405118227,4.582244340330362,4.847380682826042,127.51590454798419,-2.3038063049316406,3.3979690074920654,2.326820135116577,145.88500764977638,2.812655036979535,18.369103101792195,1,24,1788689619.2228143
1788689677.650731,58.412000,gate_sweep_poor_none_r15,-2.7294780779629946,4.609691087156534,4.849095389246941,126.68182338415713,-2.303978681564331,3.404163122177124,2.3128416538238525,145.76461017058057,2.8402342194140595,19.082786786423448,1,15,1788689619.2387104
1788689677.699160,58.444000,gate_sweep_poor_none_r15,-2.767898516729474,4.644169274717569,4.851198717951775,125.55376237409246,-2.3041422367095947,3.410339593887329,2.2988617420196533,145.63530392545061,2.8725997993569963,20.081541551358168,1,11,1788689619.255143
1788689677.746845,58.480000,gate_sweep_poor_none_r15,-2.797789292410016,4.671945039182901,4.852844759821892,124.58580620319177,-1.628434658050537,3.37849760055542,2.3087451457977295,144.4267242196684,3.0842891212510986,19.840918016476625,1,52,1788689619.266827
1788689677.794361,58.512000,gate_sweep_poor_none_r15,-2.826900200918317,4.699907723814249,4.854500338435173,123.56657968751466,-2.3146915435791016,3.4496798515319824,2.1150355339050293,141.43223434107452,3.0545203971399606,17.865654653559865,1,29,1788689619.2823403
1788689677.840112,58.544000,gate_sweep_poor_none_r15,-2.8481649924069643,4.721008721739054,4.855754420161247,122.77162423819944,-2.3148398399353027,3.451392889022827,2.1069681644439697,141.27485360770962,3.074440755741253,18.50322936951019,1,19,1788689619.29609
1788689677.886642,58.576000,gate_sweep_poor_none_r15,-2.8825306463986635,4.756435815244913,4.8578324764966965,121.40187587921356,-2.3149783611297607,3.4531099796295166,2.0989022254943848,141.11070283100275,3.1036220710956743,19.70882695178919,1,12,1788689619.3106155
1788689677.933599,58.612000,gate_sweep_poor_none_r15,-2.909033255651593,4.78496402874589,4.859471842646599,120.27538615074722,-2.4512691497802734,3.684471368789673,2.0512900352478027,140.5200869485084,3.05065847558314,20.244700797761176,1,70,1788689619.32157
1788689677.981960,58.644000,gate_sweep_poor_none_r15,-2.934648470953107,4.813697282224894,4.861057326197624,119.1355236678598,-2.464630603790283,3.7006068229675293,2.0657246112823486,139.4986575061514,3.0452868753235163,20.3631338382916,1,40,1788689619.3379428
1788689678.032005,58.676000,gate_sweep_poor_none_r15,-2.965628581121564,4.8499802984297276,4.863012358546257,117.70903776406925,-2.431198835372925,3.5888118743896484,2.0813965797424316,137.93410748653773,3.1005720904096234,20.225069722468472,1,27,1788689619.3559785
1788689678.079875,58.708000,gate_sweep_poor_none_r15,-2.9894876051694155,4.87935346737504,4.8645439594984055,116.58107725181559,-2.474794387817383,3.557342767715454,2.0541696548461914,136.23300079672273,3.148146300642972,19.651923544907152,1,76,1788689619.3718388
1788689678.130789,58.744000,gate_sweep_poor_none_r15,-3.0068661738187075,4.901570741087198,4.8656731098890305,115.75167939240987,-2.5709729194641113,3.5738205909729004,2.040982484817505,134.1431275809836,3.151475926877333,18.391448188573715,1,46,1788689619.3867712
1788689678.180602,58.776000,gate_sweep_poor_none_r15,-3.0349218416959047,4.938993398100138,4.867537543177605,114.41474213858764,-2.682196855545044,3.5890281200408936,2.0339794158935547,132.02389954307023,3.1584605155863814,17.609157404482588,1,41,1788689619.404578
1788689678.230460,58.808000,gate_sweep_poor_none_r15,-3.0565764475613832,4.969307843595743,4.869077727198601,113.3988519598865,-2.8228583335876465,3.599497079849243,1.9980159997940063,129.93282083170047,3.1896710062077975,16.53396887181396,1,82,1788689619.4224446
1788689678.278491,58.840000,gate_sweep_poor_none_r15,-3.077602343633771,4.999991361051798,4.870711848139763,112.44068338542898,-2.9850192070007324,3.5740227699279785,1.9884604215621948,127.82253316170853,3.2170376662496336,15.381849776279552,1,37,1788689619.438461
1788689678.325166,58.876000,gate_sweep_poor_none_r15,-3.1031024027615786,5.038795415312052,4.872853323817253,111.34220676370668,-2.4426543712615967,3.4100711345672607,1.9358481168746948,131.85241770743932,3.4227085722578745,20.51021094373262,1,27,1788689619.4491353
1788689678.373655,58.908000,gate_sweep_poor_none_r15,-3.1228608656674623,5.070224229246378,4.874654337763786,110.55079496886319,-2.444521903991699,3.4063878059387207,1.9328184127807617,131.71621152901642,3.4471573796351827,21.165416560153233,1,21,1788689619.4656234
1788689678.422932,58.940000,gate_sweep_poor_none_r15,-3.1373850870877504,5.0940150655806065,4.876038119196892,110.01289455361655,-2.444847583770752,3.367507219314575,1.958457589149475,131.55348061261637,3.4601609335449233,21.540586058999807,1,64,1788689619.482898
1788689678.468678,58.972000,gate_sweep_poor_none_r15,-3.161037163808942,5.13412756100297,4.878354117274284,109.2261684716895,-2.4160373210906982,3.4122307300567627,1.9504737854003906,131.36049563046683,3.477418108287639,22.134327158777317,1,41,1788689619.4966598
1788689678.519556,59.008000,gate_sweep_poor_none_r15,-3.179523902013898,5.166628781706095,4.880223795771599,108.69973205031171,-2.4757132530212402,3.2004354000091553,1.9280669689178467,129.76898054087596,3.6161437712297237,21.069248490564238,1,26,1788689619.5115368
1788689678.568636,59.040000,gate_sweep_poor_none_r15,-3.1976720858365297,5.199457112699747,4.882122561335564,108.2666227724313,-2.711116075515747,3.039639472961426,1.885241150856018,128.1827263549049,3.72596929356402,19.916103582473596,1,79,1788689619.5286198
1788689678.616318,59.072000,gate_sweep_poor_none_r15,-3.2154988814145327,5.232629720121622,4.883935496211052,107.92497808201963,-2.9074833393096924,2.994936943054199,1.9198522567749023,126.67828644521015,3.726651578699591,18.75330836319052,1,51,1788689619.5443008
1788689678.665263,59.104000,gate_sweep_poor_none_r15,-3.237428145483136,5.27460378780961,4.886134669184685,107.61818403474145,-3.1054036617279053,2.9410784244537354,1.9462697505950928,125.13645981021831,3.7557391849394697,17.518275775476866,1,31,1788689619.5612457
1788689678.711890,59.140000,gate_sweep_poor_none_r15,-3.250383811071515,5.300080243498087,4.887412115931511,107.49381411717847,-3.376326560974121,2.968275547027588,1.8824621438980103,123.69492770263446,3.805640426151562,16.201113585455982,1,70,1788689619.571873
1788689678.756793,59.172000,gate_sweep_poor_none_r15,-3.267471509054303,5.334306184202433,4.889072939753532,107.38853340498292,-2.5125598907470703,2.863769054412842,1.9684910774230957,129.06728472102765,3.899133708363661,21.678751316044746,1,40,1788689619.584773
1788689678.802769,59.204000,gate_sweep_poor_none_r15,-3.2843179274350405,5.368806306272745,4.890690848231316,107.34161959979131,-2.5143489837646484,2.850247621536255,1.9695518016815186,129.05497949596824,3.933070473810043,21.713359896176925,1,15,1788689619.5987513
1788689678.849861,59.236000,gate_sweep_poor_none_r15,-3.3049687910825014,5.4123439230024815,4.892610117793083,107.3380957424017,-2.548552989959717,2.8436431884765625,1.9660046100616455,129.22783512396433,3.9667881372246496,21.88973938156262,1,70,1788689619.6138346
1788689678.895271,59.272000,gate_sweep_poor_none_r15,-3.3211316633969545,5.447555962949991,4.894145056605339,107.35667799909034,-2.548552989959717,2.8436431884765625,1.9660046100616455,129.22783175939725,3.993901102731645,21.871153760306907,1,42,1788689619.6232438
1788689678.942466,59.304000,gate_sweep_poor_none_r15,-3.3330192137509584,5.4741515554487705,4.895292803645134,107.36711311384913,-2.5493340492248535,2.5117151737213135,2.0218193531036377,129.33430088865873,4.20083818110715,21.967187774809613,1,25,1788689619.6384423
1788689679.001382,59.336000,gate_sweep_poor_none_r15,-3.352354960516095,5.518812123686075,4.897218748927116,107.3503798958879,-2.5511221885681152,2.4953346252441406,2.0240283012390137,129.3400852733151,4.247188892327995,21.989705377427224,1,21,1788689619.6653578
1788689679.049198,59.368000,gate_sweep_poor_none_r15,-3.36733384616673,5.554808083921671,4.8987589329481125,107.28174094451427,-2.9326348304748535,3.183095932006836,1.9080119132995605,128.337598893143,3.8416857629588446,21.05585794862872,1,15,1788689619.6811724
1788689679.087991,59.404000,gate_sweep_poor_none_r15,-3.38186021335423,5.591038171201944,4.900298163294792,107.14346466690996,-3.459730625152588,3.4513659477233887,1.923413872718811,126.87925740279599,3.6668925678886986,19.735792735886022,1,69,1788689619.6839716
1788689679.133635,59.436000,gate_sweep_poor_none_r15,-3.3993436861783266,5.636541787534952,4.902296110987663,106.8447561014024,-2.5924389362335205,2.008307933807373,2.1320619583129883,129.2718808564796,4.6356632139817435,22.427124755077223,1,29,1788689619.6976206
1788689679.182396,59.468000,gate_sweep_poor_none_r15,-3.4127575922757387,5.673060838133097,4.903974577784538,106.4870833315149,-2.594470739364624,1.9862629175186157,2.1365530490875244,129.23994179113095,4.681954100436073,22.752858459616043,1,14,1788689619.7143784
1788689679.240235,59.500000,gate_sweep_poor_none_r15,-3.422465281561017,5.700513783842325,4.905255362391472,106.14239701146826,-2.5503830909729004,1.9406148195266724,2.196240186691284,129.2152030033943,4.715520203665425,23.072805991926014,1,71,1788689619.7402165
1788689679.275718,59.536000,gate_sweep_poor_none_r15,-3.4379622507840395,5.746385518461466,4.9073648899793625,105.41498716106483,-2.621260166168213,1.6424376964569092,2.218111515045166,128.28154141179488,4.974080189879004,22.86655425073006,1,46,1788689619.7396848
1788689679.323152,59.568000,gate_sweep_poor_none_r15,-3.4496533442288637,5.783178750425577,4.909127280116081,104.69560866832266,-2.6236276626586914,1.6175389289855957,2.223742723464966,128.19464110585074,5.0245560764788255,23.499032437528072,1,23,1788689619.7551315
1788689679.369119,59.600000,gate_sweep_poor_none_r15,-3.4606842566281557,5.819994870573282,4.910923048853874,103.85285029395673,-2.6260440349578857,1.592631220817566,2.229370594024658,128.0877308037559,5.075229186441373,24.234880509799154,1,16,1788689619.7691019
1788689679.415481,59.632000,gate_sweep_poor_none_r15,-3.473483519628644,5.866070691496134,4.91316132247448,102.6362454640824,-2.368814468383789,1.6608450412750244,2.2189764976501465,128.90550133020346,5.114963181917293,26.269255866121068,1,86,1788689619.7834568
1788689679.460393,59.668000,gate_sweep_poor_none_r15,-3.4828228522092104,5.9029726423323154,4.914958044886589,101.54085006737282,-1.9789619445800781,1.539730429649353,2.360858678817749,130.37537347844798,5.274742060782392,28.834523411075175,1,54,1788689619.7923746
1788689679.505581,59.700000,gate_sweep_poor_none_r15,-3.4893002081662416,5.930609170347452,4.916317030787468,100.65438472953068,-1.577231526374817,1.4818389415740967,2.516815662384033,131.94053614974425,5.4041807898401855,31.28615142021357,1,36,1788689619.805561
1788689679.553612,59.732000,gate_sweep_poor_none_r15,-3.497340874746442,5.9673289693892,4.91815809905529,99.3954879664484,-1.355055570602417,1.432558298110962,2.4628071784973145,133.15647435846012,5.584109553771455,33.76098639201173,1,77,1788689619.821595
1788689679.597537,59.764000,gate_sweep_poor_none_r15,-3.506264166906476,6.013037625700235,4.920397326350212,97.71795604406812,-1.0429692268371582,1.4738959074020386,2.5421440601348877,134.65245595848697,5.68574692532389,36.93449991441883,1,37,1788689619.8335137
1788689679.640369,59.800000,gate_sweep_poor_none_r15,-3.5125565100461245,6.049355927854776,4.922105357050896,96.3087716236103,-0.6334806084632874,1.4660842418670654,2.7190592288970947,136.32859394168628,5.843703417989753,40.01982231807597,1,25,1788689619.8403497
1788689679.696659,59.832000,gate_sweep_poor_none_r15,-3.5181371737271547,6.085343781858683,4.923649832606316,94.85497497736138,-0.6286858320236206,1.5083757638931274,2.656118392944336,137.14882539725514,5.8684976035956105,42.29385041989377,1,58,1788689619.8646402
1788689679.729832,59.864000,gate_sweep_poor_none_r15,-3.5218693781644106,6.1120604909956455,4.924740359187126,93.74495057988499,-2.6557464599609375,0.04002225399017334,2.6621971130371094,119.29278012310004,6.5375009905768175,25.547829543215055,1,30,1788689619.8658104
1788689679.773787,59.896000,gate_sweep_poor_none_r15,-3.527243809774518,6.156065408140421,4.926459357142448,91.8758726350283,-5.190925598144531,-1.5730410814285278,2.3879265785217285,100.0070864284015,8.303678274607147,8.131213793373197,1,22,1788689619.8777623
1788689679.818224,59.932000,gate_sweep_poor_none_r15,-3.5308103132992983,6.190739098936319,4.927813097834587,90.38052014191538,-2.6713387966156006,-0.43373382091522217,2.795581817626953,116.16231577291101,7.012042711373974,25.781795630995635,1,60,1788689619.8861904
1788689679.862390,59.964000,gate_sweep_poor_none_r15,-3.53376074321568,6.224940720945597,4.929138228297234,88.90026903367247,-2.6760783195495605,-0.46841001510620117,2.804926872253418,115.93165717125781,7.0745202735462165,27.031388137585342,1,13,1788689619.8983724
1788689679.918406,59.996000,gate_sweep_poor_none_r15,-3.5367636252194643,6.26694530621171,4.930701300501823,87.09212721737595,-2.5573508739471436,-0.46685683727264404,2.849957227706909,115.70076705129603,7.115675410066178,28.60863983392008,1,60,1788689619.9223833
1788689679.952482,60.028000,gate_sweep_poor_none_r15,-3.5386583376675844,6.299907628446817,4.931924864649773,85.69435856663064,-2.7434895038604736,-0.9465370774269104,2.9336109161376953,112.80633480124169,7.558869822027726,27.111976234611042,1,34,1788689619.924465
1788689679.996365,60.064000,gate_sweep_poor_none_r15,-3.5398556757718325,6.324220601469278,4.932827040553093,84.6794312544641,-2.7501702308654785,-0.9809428453445435,2.942681074142456,112.58903728178956,7.612469839295409,27.909606027325445,1,22,1788689619.9323478
1788689680.039609,60.096000,gate_sweep_poor_none_r15,-3.541457848623395,6.363939706236124,4.934306666254997,83.06102249443968,-3.326901912689209,-1.3336907625198364,2.3831472396850586,110.78605371899334,8.112210765441278,27.725031224553664,1,45,1788689619.9435942
1788689680.084597,60.128000,gate_sweep_poor_none_r15,-3.542387681081891,6.394924584776163,4.935525938868523,81.84129656278525,-2.8437962532043457,-1.4553697109222412,3.067675828933716,109.76045372208104,8.099630519064581,27.919157159295796,1,29,1788689619.9565725
1788689680.131395,60.160000,gate_sweep_poor_none_r15,-3.5430442858487368,6.425136510282755,4.936734244227409,80.69043750053447,-2.8521809577941895,-1.4894598722457886,3.0765044689178467,109.57085840007052,8.159570016448953,28.880420899536055,1,16,1788689619.9713688
1788689680.173593,60.196000,gate_sweep_poor_none_r15,-3.543549971655011,6.461768094450235,4.938255354762077,79.35086332226396,-3.151066303253174,-1.3477919101715088,3.290696382522583,109.05361263416083,7.991102643738009,29.702749311896874,1,52,1788689619.977562
1788689680.217185,60.228000,gate_sweep_poor_none_r15,-3.543700175359845,6.490098897367716,4.939434573054314,78.3588718839663,-2.9758193492889404,-1.9867844581604004,3.2052767276763916,107.04571856970307,8.671063573088043,28.686846685736768,1,34,1788689619.9891431
1788689680.264193,60.260000,gate_sweep_poor_none_r15,-3.5437051821500063,6.510764066129923,4.9402723759412766,77.65952373174215,-2.985694408416748,-2.0205087661743164,3.2139170169830322,106.89118892033873,8.722057956022686,29.231665188596583,1,23,1788689620.0041738
1788689680.306606,60.292000,gate_sweep_poor_none_r15,-3.543553786352277,6.54403156414628,4.941588446497917,76.57442813160517,-3.1428956985473633,-2.0242221355438232,3.787083625793457,106.24969409033407,8.654962723582724,29.6752659587289,1,47,1788689620.0145922
1788689680.350987,60.328000,gate_sweep_poor_none_r15,-3.5432529021054506,6.569523278623819,4.942539736628532,75.7762494170826,-3.130821704864502,-2.5124480724334717,3.3399581909179688,104.86653598243042,9.23149883412954,29.090286565347828,1,33,1788689620.0229735
1788689680.397234,60.360000,gate_sweep_poor_none_r15,-3.542800383642316,6.594006005674601,4.943493410944939,75.03174898978702,-3.4097676277160645,-2.8652894496917725,2.635787010192871,103.12361381619814,9.737632004657822,28.09186482641113,1,24,1788689620.0372162
1788689680.437962,60.392000,gate_sweep_poor_none_r15,-3.54214377887547,6.617493096739054,4.944447085261345,74.33576231127353,-3.2576687335968018,-2.9436891078948975,3.4505491256713867,103.36341713095153,9.681366758638074,29.02765481967801,1,39,1788689620.045948
1788689680.484647,60.424000,gate_sweep_poor_none_r15,-3.540993409231305,6.645523492246866,4.945469900965691,73.52323874182576,-3.269503116607666,-2.976820945739746,3.458963394165039,103.2578362560734,9.740273151046711,29.734597514247632,1,17,1788689620.0606294
1788689680.529740,60.460000,gate_sweep_poor_none_r15,-3.540107684209943,6.6616162694990635,4.946017786860466,73.06122586215832,-3.5683443546295166,-2.694556474685669,3.4292209148406982,102.39923820339283,9.47836686774418,29.338012341234506,1,51,1788689620.0697112
1788689680.573910,60.492000,gate_sweep_poor_none_r15,-3.5387987662106752,6.68228429928422,4.946668192744255,72.46504039966085,-3.4305837154388428,-3.4607436656951904,3.571305990219116,101.8182576152146,10.236422616505374,29.353217215553766,1,31,1788689620.0818944
1788689680.619790,60.524000,gate_sweep_poor_none_r15,-3.5373413134366274,6.702080670744181,4.947185084223747,71.88474099599487,-3.443204641342163,-3.493607997894287,3.5796592235565186,101.72932739635671,10.28742222913153,29.84458640036184,1,19,1788689620.0957727
1788689680.667695,60.556000,gate_sweep_poor_none_r15,-3.535271840170026,6.725643578916788,4.947753950953484,71.17120714836055,-3.8373870849609375,-3.5903258323669434,3.4743075370788574,101.07683842016698,10.42504402150114,29.905631271806424,1,53,1788689620.1116734
1788689680.715537,60.592000,gate_sweep_poor_none_r15,-3.533360915258527,6.743590299040079,4.948183581233025,70.60355691196477,-4.037829399108887,-3.722428798675537,3.441474199295044,101.09687196001626,10.585944330411255,30.493315048051493,1,42,1788689620.1235147
1788689680.760061,60.624000,gate_sweep_poor_none_r15,-3.5318057108670473,6.756548348814249,4.948545977473259,70.17466292701528,-4.037829399108887,-3.722428798675537,3.441474199295044,101.09689549029089,10.598881420945151,30.922232563275617,1,33,1788689620.136044
1788689680.807475,60.656000,gate_sweep_poor_none_r15,-3.5290052462369204,6.777143899351358,4.9491835087537766,69.44645271729304,-4.037829399108887,-3.722428798675537,3.441474199295044,101.09687953237095,10.61946873537119,31.650426815077907,1,31,1788689620.151461
1788689680.852328,60.688000,gate_sweep_poor_none_r15,-3.52659316547215,6.792672578245401,4.949718996882439,68.84834879607335,-3.874408006668091,-4.716522693634033,3.898858070373535,98.6363442045726,11.5623033888958,29.78799540849925,1,27,1788689620.1643088
1788689680.897876,60.724000,gate_sweep_poor_none_r15,-3.5240270663052797,6.807333890348673,4.950295493006706,68.23548445363683,-3.9524857997894287,-5.811105251312256,4.006129741668701,95.74999994685109,12.660964900989937,27.514515493214258,1,20,1788689620.1738374
1788689680.944624,60.756000,gate_sweep_poor_none_r15,-3.520597891882062,6.824477139860392,4.950999781489372,67.4510426698479,-3.8958733081817627,-6.781805038452148,3.9920289516448975,94.13157000290839,13.645195909419437,26.680527333060486,1,57,1788689620.1886108
1788689680.990497,60.788000,gate_sweep_poor_none_r15,-3.517689423635602,6.837250176817179,4.951513335108757,66.81406897451669,-4.092830181121826,-5.760987281799316,4.135090351104736,97.18371509292956,12.637757730049254,30.369646118412884,1,35,1788689620.2024798
1788689681.035786,60.820000,gate_sweep_poor_none_r15,-3.5153519678860903,6.846297685056925,4.951950594782829,66.33991115913811,-4.134407997131348,-4.848448753356934,3.937614679336548,100.60717887338474,11.754964992525618,34.26726771424663,1,23,1788689620.215764
1788689681.080689,60.856000,gate_sweep_poor_none_r15,-3.511245684698224,6.8604311384260654,4.9527187794446945,65.5752607056074,-4.192721366882324,-3.661745548248291,3.7981185913085938,104.55156973924554,10.607248131605367,38.97630903363814,1,58,1788689620.2246633
1788689681.126261,60.888000,gate_sweep_poor_none_r15,-3.5077776480466127,6.870934907346964,4.95334105193615,65.01376436141497,-4.318221569061279,-5.850104808807373,4.187069892883301,96.11050208436671,12.769841122671881,31.09673772295173,1,27,1788689620.238243
1788689681.172357,60.920000,gate_sweep_poor_none_r15,-3.504200654104352,6.8807982839643955,4.954008147120476,64.52622295766687,-4.332515716552734,-5.891347885131836,4.198409080505371,96.0234533430358,12.821261777099322,31.49723038536892,1,17,1788689620.2523417
1788689681.216990,60.952000,gate_sweep_poor_none_r15,-3.4996404219418764,6.892309609800577,4.955009505152702,64.07936671369168,-4.255718231201172,-5.827342510223389,4.213747024536133,96.14809392141285,12.763646570367511,32.06872720772117,1,45,1788689620.2649744
1788689681.263284,60.988000,gate_sweep_poor_none_r15,-3.495930390432477,6.901013318449259,4.956093356013298,63.90092101756872,-4.4956135749816895,-6.492238998413086,4.364082336425781,95.14132190199193,13.443550540683889,31.24040088442321,1,31,1788689620.275264
1788689681.310183,61.020000,gate_sweep_poor_none_r15,-3.4931284952908754,6.907225552946329,4.957165762782097,63.8988759478071,-4.509431838989258,-6.5366034507751465,4.376596927642822,95.10867479669139,13.494683061859966,31.20979884888429,1,12,1788689620.2901661
1788689681.357342,61.052000,gate_sweep_poor_none_r15,-3.489561514928937,6.9151539243757725,4.959034964442253,64.0987261730153,-4.523192405700684,-6.5809221267700195,4.389123916625977,95.11047979871647,13.547592413380748,31.011753625701175,1,20,1788689620.3053293
1788689681.405666,61.084000,gate_sweep_poor_none_r15,-3.4852978754788637,6.924633447080851,4.961778208613396,64.7147651510128,-4.536890506744385,-6.625206470489502,4.401657581329346,95.14400087132505,13.60212277444311,30.429235720312246,1,5,1788689620.321652
1788689681.450711,61.120000,gate_sweep_poor_none_r15,-3.4821371603757143,6.931956712156534,4.963867232203484,65.52554756958747,-4.550474166870117,-6.669456481933594,4.414194107055664,95.21864569850888,13.65437385530088,29.693098128921413,1,2,1788689620.3306918
1788689681.496773,61.152000,gate_sweep_poor_none_r15,-3.4792718458920717,6.939208451658487,4.965390726923943,66.62854043644849,-4.563900470733643,-6.713653564453125,4.426722049713135,95.34898014437636,13.706466518713603,28.720439707927863,1,2,1788689620.3447552
1788689681.542164,61.184000,gate_sweep_poor_none_r15,-3.4773504305630922,6.944681111723185,4.965997740626335,67.65290748106959,-4.57718563079834,-6.757822513580322,4.439228057861328,95.51909076813043,13.756661272554929,27.866183287060824,1,2,1788689620.3581436
1788689681.588699,61.216000,gate_sweep_poor_none_r15,-3.474685626104474,6.9540147222578526,4.9657402485609055,69.7342436152656,-4.5902862548828125,-6.801969051361084,4.451709270477295,95.73644249855423,13.810716208416844,26.00219888328862,1,2,1788689620.372684
1788689681.634820,61.252000,gate_sweep_poor_none_r15,-3.473162131384015,6.9617967046797276,4.9642754048109055,71.72811476014066,-4.603180885314941,-6.846104145050049,4.4641571044921875,96.00062218544059,13.863087194940295,24.272507425299935,1,42,1788689620.3828063
1788689681.679224,61.284000,gate_sweep_poor_none_r15,-3.472272114828229,6.969862882047892,4.961585566401482,73.99966892058177,-4.615828037261963,-6.890240669250488,4.476568222045898,96.31569697140642,13.91565422194634,22.31602805082466,1,21,1788689620.395203
1788689681.724475,61.316000,gate_sweep_poor_none_r15,-3.4721493292599916,6.980303708463907,4.9569230526685715,77.2036452761555,-4.62821102142334,-6.934398651123047,4.4889397621154785,96.67527226059525,13.970484198918061,19.47162698443975,1,18,1788689620.4084542
1788689681.769175,61.348000,gate_sweep_poor_none_r15,-3.4729430247098207,6.989059392362833,4.9525404423475266,80.02795863571093,-4.640298843383789,-6.978601455688477,4.501273155212402,97.07574319090024,14.023619765881264,17.047784555189317,1,16,1788689620.4211495
1788689681.813496,61.384000,gate_sweep_poor_none_r15,-3.47411079891026,6.995875779539347,4.949264571070671,82.2795961218326,-4.220104694366455,-6.606700897216797,4.867900371551514,99.48556538345473,13.623260229183451,17.205969261622123,1,71,1788689620.4294784
1788689681.858616,61.416000,gate_sweep_poor_none_r15,-3.477225737646222,7.007698003202677,4.944667860865593,86.24356541247342,-3.853217124938965,-6.585676670074463,4.931600570678711,101.88226987056292,13.598579899588175,15.6387044580895,1,87,1788689620.4425993
1788689681.905684,61.448000,gate_sweep_poor_none_r15,-3.4808370638638735,7.017596188932657,4.942155882716179,89.55707612244244,-3.7950761318206787,-6.2780985832214355,4.892956256866455,104.39843415498764,13.29949872248198,14.841358032545195,1,54,1788689620.4576616
1788689681.949218,61.480000,gate_sweep_poor_none_r15,-3.485383229330182,7.027943078428507,4.940533205866814,92.94141213714623,-3.7904655933380127,-6.118366718292236,4.887787342071533,107.13440194984261,13.14995508153286,14.192989812696382,1,88,1788689620.4692004
1788689681.994402,61.516000,gate_sweep_poor_none_r15,-3.4923536349087954,7.041469994932413,4.939497038722038,97.18199975432498,-3.7518491744995117,-5.861355781555176,4.863870143890381,110.45592601071475,12.905656526526727,13.273926256389771,1,57,1788689620.4783802
1788689682.038169,61.548000,gate_sweep_poor_none_r15,-3.49890442378819,7.0528516210615635,4.939281031489372,100.5216475853284,-3.7754602432250977,-5.710664749145508,4.861895561218262,113.2916474408998,12.766746718127425,12.769999855571402,1,83,1788689620.4901373
1788689682.081447,61.580000,gate_sweep_poor_none_r15,-3.5043797064572573,7.061675015836954,4.939392611384392,102.95898304914151,-3.766233444213867,-5.644494533538818,4.8598480224609375,116.59599574377654,12.70911638703054,13.637012694635036,1,49,1788689620.5014253
1788689682.126614,61.612000,gate_sweep_poor_none_r15,-3.514471249654889,7.077099744230509,4.9400492161512375,106.82828215071447,-3.8792145252227783,-5.56182861328125,4.86290168762207,119.93962204218545,12.644425626517997,13.11133989147098,1,29,1788689620.5145903
1788689682.172114,61.648000,gate_sweep_poor_none_r15,-3.5233900118619204,7.090141240507364,4.941062495112419,109.69409854716076,-3.9835546016693115,-5.498444080352783,4.853215217590332,123.60022818796068,12.597299273036908,13.906129640799927,1,60,1788689620.5240977
1788689682.218814,61.680000,gate_sweep_poor_none_r15,-3.532943205907941,7.103906098753214,4.942680403590202,112.31232440899973,-3.9847471714019775,-5.495733737945557,4.851350784301758,126.92892054097726,12.608068525238991,14.616596131977534,1,37,1788689620.5387878
1788689682.265698,61.712000,gate_sweep_poor_none_r15,-3.5430581141263247,7.118427697569132,4.944741293787956,114.64949879892077,-4.1202521324157715,-6.144631862640381,5.0721540451049805,130.43791310457962,13.27622445733772,15.788414305658835,1,50,1788689620.5536783
1788689682.316854,61.744000,gate_sweep_poor_none_r15,-3.5562841463834047,7.137684766203165,4.947214648127556,117.14815704660482,-4.128643989562988,-6.16232967376709,5.080002307891846,130.80977445809776,13.312986609175551,13.661617411492935,1,14,1788689620.5728352
1788689682.379411,61.780000,gate_sweep_poor_none_r15,-3.5644945669919252,7.149892274290323,4.948276087641716,118.41219116865537,-4.136987686157227,-6.180126190185547,5.087861061096191,131.13505945198918,13.343036558429027,12.722868283333801,1,11,1788689620.5993958
1788689682.418896,61.812000,gate_sweep_poor_none_r15,-3.5755936671048403,7.1667994894087315,4.948935553431511,119.81393432056034,-4.145308494567871,-6.198037147521973,5.095728874206543,131.39949763475994,13.377779397026272,11.585563314199597,1,4,1788689620.6068716
1788689682.467794,61.844000,gate_sweep_poor_none_r15,-3.5868274737149477,7.184398118406534,4.948475405573845,120.8869274947439,-4.153594493865967,-6.216034412384033,5.103612899780273,131.6194134132886,13.413309975897434,10.732485918544699,1,30,1788689620.6237764
1788689682.521926,61.876000,gate_sweep_poor_none_r15,-3.6009525824338198,7.207442704588175,4.946086451411247,121.77408903360731,-4.161858081817627,-6.234118461608887,5.111511707305908,131.78844336970784,13.454276163329773,10.014354336100514,1,15,1788689620.6458516
1788689682.569216,61.912000,gate_sweep_poor_none_r15,-3.6122383642941713,7.226761285215616,4.94265703856945,122.12877691767427,-3.559107780456543,-6.953612327575684,5.132413387298584,129.86578724352376,14.18174270423666,7.737010325849468,1,54,1788689620.657199
1788689682.616889,61.944000,gate_sweep_poor_none_r15,-3.620638804510236,7.241797868162394,4.9392509907484055,122.19244434662075,-4.299027442932129,-6.522717475891113,5.225578784942627,129.20696924004437,13.784196654399286,7.0145248934236335,1,26,1788689620.6728556
1788689682.667164,61.976000,gate_sweep_poor_none_r15,-3.6344925928860903,7.267896119505167,4.932200476527214,121.92588723933818,-4.306814670562744,-6.541126251220703,5.233695983886719,129.22163422053802,13.828666434341995,7.295746981199824,1,14,1788689620.6911435
1788689682.715694,62.008000,gate_sweep_poor_none_r15,-3.6454257536679506,7.289770547300577,4.925422713160515,121.38523828853866,-4.306814670562744,-6.541126251220703,5.233695983886719,129.22162829205513,13.850132633306503,7.836390003516469,1,58,1788689620.7076774
1788689682.762115,62.044000,gate_sweep_poor_none_r15,-3.6561998892575502,7.312554780393839,4.917803809046745,120.56026256349261,-4.428308486938477,-6.83684778213501,5.359035968780518,126.85500474400025,14.177320987474824,6.294742180507637,1,32,1788689620.718098
1788689682.810735,62.076000,gate_sweep_poor_none_r15,-3.669389681890607,7.342307511717081,4.907316729426384,119.14150184284297,-4.437222003936768,-6.8574042320251465,5.367995262145996,126.72770103629435,14.227916389642527,7.586199193451381,1,15,1788689620.7347202
1788689682.856693,62.108000,gate_sweep_poor_none_r15,-3.679658370092511,7.36707204952836,4.898383662104607,117.70476940911995,-4.4462199211120605,-6.877988815307617,5.376962184906006,126.55797529857561,14.273696544934314,8.853205889455664,1,15,1788689620.7486746
1788689682.905927,62.140000,gate_sweep_poor_none_r15,-3.6871728468686342,7.386245671659708,4.89145140349865,116.45902263253433,-4.4462199211120605,-6.877988815307617,5.376962184906006,126.5579743177129,14.292664505926398,10.098951685178582,1,56,1788689620.765906
1788689682.951670,62.176000,gate_sweep_poor_none_r15,-3.699341969564557,7.419256154447794,4.879783675074577,114.08217864485117,-4.591375350952148,-7.280383586883545,5.5448150634765625,121.68543209167319,14.741689144260143,7.6032534468220305,1,29,1788689620.7756505
1788689683.000793,62.208000,gate_sweep_poor_none_r15,-3.7087959814816713,7.446689072996378,4.870797678828239,111.93521372504674,-4.600963115692139,-7.302443027496338,5.554330825805664,121.39144588090046,14.791892288553445,9.456232155853726,1,17,1788689620.7927763
1788689683.049526,62.240000,gate_sweep_poor_none_r15,-3.718050913885236,7.474987450987101,4.862669989466667,109.59610103653809,-4.612438201904297,-7.159033298492432,5.3739800453186035,121.38269109298001,14.670239598942578,11.786590056441927,1,53,1788689620.8094852
1788689683.097547,62.272000,gate_sweep_poor_none_r15,-3.72939963825047,7.511524621397257,4.854619070887566,106.43810741033346,-4.722537517547607,-7.134352684020996,5.330321311950684,120.94885439155209,14.687216806284733,14.510746981218636,1,26,1788689620.8255298
1788689683.143823,62.308000,gate_sweep_poor_none_r15,-3.73831077106297,7.5416612066328526,4.850518748164177,103.76001601776642,-4.722537517547607,-7.134352684020996,5.330321311950684,120.94885813277983,14.71680320271276,17.18884211501341,1,53,1788689620.8358061
1788689683.190627,62.340000,gate_sweep_poor_none_r15,-3.744907336309552,7.564835969358683,4.848910853266716,101.68152701267712,-4.867569923400879,-7.4451446533203125,5.464781284332275,114.93668389311625,15.064500853513678,13.25515688043913,1,25,1788689620.8506043
1788689683.238269,62.372000,gate_sweep_poor_none_r15,-3.753639655187726,7.5963038839399815,4.848350569605827,98.84038876844842,-4.879671573638916,-7.466200828552246,5.474270343780518,114.50637229581623,15.117498855926014,15.665983527367821,1,37,1788689620.8662415
1788689683.282950,62.404000,gate_sweep_poor_none_r15,-3.764513688161969,7.636652413755655,4.84986786544323,95.22523170450386,-4.891955375671387,-7.4871745109558105,5.483755588531494,114.06516285292945,15.179034200265958,18.83993114842559,1,27,1788689620.8789322
1788689683.329917,62.440000,gate_sweep_poor_none_r15,-3.773248152807355,7.669641438871622,4.852578684687614,92.31608469023232,-4.904419422149658,-7.508065700531006,5.493240833282471,113.61652924098765,15.233279044207821,21.30044455075533,1,11,1788689620.8898833
1788689683.374119,62.472000,gate_sweep_poor_none_r15,-3.782049374654889,7.703188840299845,4.856086298823357,89.42344385461142,-4.917070388793945,-7.528872013092041,5.502725124359131,113.16398157283136,15.287972145273587,23.74053771821994,1,7,1788689620.9020817
1788689683.419411,62.504000,gate_sweep_poor_none_r15,-3.78870196826756,7.7286705411970615,4.859106585383415,87.27791204820281,-4.929896831512451,-7.549578666687012,5.512207508087158,112.71386790547972,15.334724170631283,25.435955857276905,1,5,1788689620.9153826
1788689683.461032,62.536000,gate_sweep_poor_none_r15,-3.7998871374875307,7.771655026823282,4.864618346095085,83.77797155592746,-4.942889213562012,-7.570190906524658,5.521693229675293,112.26890339618258,15.398390753293906,28.490931840255108,1,5,1788689620.9250154
1788689683.504804,62.572000,gate_sweep_poor_none_r15,-3.8089921046048403,7.806513253599405,4.869275137782097,81.06657951553593,-4.956048965454102,-7.590704441070557,5.531182289123535,111.83268166770031,15.454066560490675,30.76610215216438,1,4,1788689620.9327865
1788689683.548707,62.604000,gate_sweep_poor_none_r15,-3.8182391691952944,7.841734830290079,4.8740468472242355,78.45335823721109,-4.969362258911133,-7.611114501953125,5.540674686431885,111.41040842623553,15.50999772819754,32.95705018902445,1,2,1788689620.9446874
1788689683.593542,62.636000,gate_sweep_poor_none_r15,-3.8299207258969545,7.886106435209513,4.880035445094109,75.34163673553684,-4.982816696166992,-7.631418704986572,5.550174713134766,111.00340309644498,15.574718046675917,35.66176636090815,1,25,1788689620.9575276
1788689683.638069,62.668000,gate_sweep_poor_none_r15,-3.8393735457211733,7.921792451292276,4.884873911738396,72.99183596963744,-4.996400833129883,-7.6516242027282715,5.559683322906494,110.61379438657144,15.630911239109956,37.62195841693401,1,11,1788689620.970053
1788689683.681967,62.704000,gate_sweep_poor_none_r15,-3.8465318251401186,7.948645535856485,4.888542219996452,71.31498520679494,-5.010105609893799,-7.671736240386963,5.569206714630127,110.24340701729862,15.678441725580363,38.92842181050367,1,23,1788689620.9779336
1788689683.726558,62.736000,gate_sweep_poor_none_r15,-3.8584708739072084,7.993519250303507,4.8946719616651535,68.68815097334628,-5.023922443389893,-7.691753387451172,5.578745365142822,109.89537565080536,15.743379926269034,41.207224677459074,1,10,1788689620.990536
1788689683.774858,62.768000,gate_sweep_poor_none_r15,-3.867993788793683,8.029517594724894,4.899593874812126,66.74303222604459,-5.037835121154785,-7.7116827964782715,5.588303089141846,109.56888359025724,15.79962780830035,42.82585136421266,1,22,1788689621.006835
1788689683.820678,62.800000,gate_sweep_poor_none_r15,-3.877442793920636,8.065521661192179,4.904479071497917,64.93825486432958,-5.051840782165527,-7.7315216064453125,5.597879409790039,109.26415374318529,15.855806212979152,44.32589887885571,1,6,1788689621.0206594
1788689683.870649,62.836000,gate_sweep_poor_none_r15,-3.889145093038678,8.110528413206339,4.910500571131706,62.87951227961565,-5.065916061401367,-7.751272201538086,5.607478618621826,108.98423820995171,15.920655986879781,46.10472593033605,1,13,1788689621.0346332
1788689683.919549,62.868000,gate_sweep_poor_none_r15,-3.8982350397855043,8.146469537168741,4.915248438715935,61.388798601576404,-5.080057621002197,-7.77093505859375,5.617099285125732,108.7257118249289,15.976641333186418,47.3369132233525,1,4,1788689621.0515313
1788689683.966836,62.900000,gate_sweep_poor_none_r15,-3.9048695135861635,8.173422280699015,4.918738886713982,60.35886326647922,-5.094249725341797,-7.790505409240723,5.626738548278809,108.48900327497671,16.023822143874302,48.13014000849749,1,4,1788689621.0668209
1788689684.013397,62.932000,gate_sweep_poor_none_r15,-3.915488677099347,8.218280259519815,4.9242668598890305,58.801527886342974,-5.108477592468262,-7.80999231338501,5.63640022277832,108.27624998378505,16.08837711362045,49.474722097442076,1,14,1788689621.0813787
1788689684.062537,62.968000,gate_sweep_poor_none_r15,-3.923535780981183,8.254028741270304,4.928502604365349,57.69569709674449,-5.122742176055908,-7.82940149307251,5.646082401275635,108.08096794636003,16.14403124519692,50.38527084961555,1,6,1788689621.0944982
1788689684.109600,63.000000,gate_sweep_poor_none_r15,-3.931134419515729,8.28957885876298,4.932545706629753,56.708144633794284,-5.137029647827148,-7.84873628616333,5.6557841300964355,107.90747440348566,16.199459029109605,51.19932976969138,1,29,1788689621.1095705
1788689684.156145,63.032000,gate_sweep_poor_none_r15,-3.938230948522687,8.32492584362626,4.9361992329359055,55.833184149650194,-5.15142822265625,-7.867918491363525,5.665453910827637,107.75257366918514,16.254595278517485,51.91938951953494,1,13,1788689621.1241205
1788689684.202093,63.064000,gate_sweep_poor_none_r15,-3.9463564921170473,8.368691865354776,4.940236613154411,54.91205378364969,-5.456290245056152,-8.137386322021484,5.72177267074585,106.70639300709286,16.593411815397058,51.79433922344317,1,43,1788689621.1380787
1788689684.250040,63.100000,gate_sweep_poor_none_r15,-3.950811820104718,8.394594613462687,4.942348048090935,54.453373410936116,-5.376545429229736,-8.141197204589844,5.8056559562683105,105.20182384670277,16.619579655288614,50.74845043576666,1,33,1788689621.1500223
1788689684.312180,63.132000,gate_sweep_poor_none_r15,-3.9561764765530825,8.428598824888468,4.944795176386833,53.95615685570365,-5.414811134338379,-8.092669486999512,5.720174312591553,103.10012275769789,16.603648228722143,49.14396590199425,1,22,1788689621.1801577
1788689684.350787,63.164000,gate_sweep_poor_none_r15,-3.9608501959592104,8.461851540952921,4.9468570202589035,53.58998743577766,-5.632342338562012,-8.232009887695312,5.73459529876709,100.70488497820622,16.795815758013042,47.11489754242857,1,71,1788689621.186767
1788689684.395618,63.196000,gate_sweep_poor_none_r15,-3.9656486082822084,8.502130929380655,4.948897883296013,53.314396800443056,-5.618589878082275,-8.3619966506958,5.850415229797363,103.63739175581622,16.96890530955213,50.32299495537316,1,38,1788689621.199601
1788689684.442985,63.232000,gate_sweep_poor_none_r15,-3.9686207342892885,8.533138696104288,4.950267359614372,53.2348498113395,-5.633886337280273,-8.38047981262207,5.858433723449707,103.597411683455,17.01964649255788,50.362561872115485,1,24,1788689621.21097
1788689684.503329,63.264000,gate_sweep_poor_none_r15,-3.970295624807477,8.555651132017374,4.951069876551628,53.252223201172995,-5.649045944213867,-8.398984909057617,5.866489887237549,103.58141546490648,17.0621182658013,50.329192263733496,1,13,1788689621.2392998
1788689684.540801,63.296000,gate_sweep_poor_none_r15,-3.971931891515851,8.591684762388468,4.952011153101921,53.41913061113837,-5.723898887634277,-8.827542304992676,5.927774429321289,103.20569651076049,17.53427996673061,49.78656589962212,1,73,1788689621.2447813
1788689684.592381,63.328000,gate_sweep_poor_none_r15,-3.9720711279660463,8.619037095457315,4.952329203486443,53.66707695066024,-5.7794084548950195,-8.879883766174316,5.928133487701416,102.91363539562026,17.619049166627857,49.24655844496002,1,53,1788689621.2643633
1788689684.637639,63.364000,gate_sweep_poor_none_r15,-3.971140818670392,8.644998971372843,4.952382609248161,54.0060239880906,-5.7794084548950195,-8.879883766174316,5.928133487701416,102.91361791691622,17.64492665288802,48.90759392882562,1,41,1788689621.2736218
1788689684.686473,63.396000,gate_sweep_poor_none_r15,-3.9684567023068666,8.67564720287919,4.9520988911390305,54.54544194441082,-5.7794084548950195,-8.879883766174316,5.928133487701416,102.91366617815522,17.67565719822846,48.36822423374441,1,32,1788689621.2904518
1788689684.736634,63.428000,gate_sweep_poor_none_r15,-3.965140061452985,8.698744241148233,4.951529070734978,55.05552191709443,-5.762807369232178,-8.885051727294922,5.92468786239624,102.53597764264568,17.702218122119145,47.48045572555124,1,25,1788689621.3086128
1788689684.785398,63.460000,gate_sweep_poor_none_r15,-3.9619299937039614,8.715238992124796,4.950978323817253,55.47926448911208,-5.776094913482666,-8.874236106872559,5.953005790710449,102.79245620225763,17.711151505726896,47.31319171314554,1,70,1788689621.325374
1788689684.833800,63.496000,gate_sweep_poor_none_r15,-3.9552557040005922,8.741259042173624,4.949882075190544,56.248770199909266,-5.782713890075684,-8.918146133422852,5.974047660827637,102.99251093816453,17.783225515202236,46.74374073825527,1,44,1788689621.3377857
1788689684.880543,63.528000,gate_sweep_poor_none_r15,-3.948680119588971,8.760784570127726,4.948882147669792,56.911043647813536,-5.782713890075684,-8.918146133422852,5.974047660827637,102.99248417323348,17.80334898331202,46.08144052541994,1,33,1788689621.352511
1788689684.926956,63.560000,gate_sweep_poor_none_r15,-3.941022114828229,8.779242936521769,4.947770640254021,57.60652301726546,-6.201902389526367,-9.673335075378418,6.315625190734863,107.34771785559984,18.64082189639321,49.74119483833438,1,29,1788689621.366936
1788689684.976480,63.592000,gate_sweep_poor_none_r15,-3.929936842992902,8.800975266844034,4.9463453739881516,58.508250399502124,-6.21022891998291,-9.697805404663086,6.324312210083008,107.4631752517541,18.68966053437799,48.95492485225198,1,21,1788689621.384462
1788689685.023315,63.628000,gate_sweep_poor_none_r15,-3.919794039800763,8.817350808531046,4.945088431239128,59.24705458320686,-6.195738792419434,-9.700993537902832,6.341072082519531,107.68511721707776,18.70983089727735,48.438062633870906,1,74,1788689621.3952985
1788689685.068923,63.660000,gate_sweep_poor_none_r15,-3.9114284086972475,8.829101983457804,4.944166228175163,59.80572450885166,-6.195738792419434,-9.700993537902832,6.341072082519531,107.68511616674073,18.722549503895884,47.879391657889066,1,47,1788689621.4089057
1788689685.119020,63.692000,gate_sweep_poor_none_r15,-3.8994626570492983,8.844228211790323,4.942971751093864,60.55219736081958,-6.137996673583984,-9.610352516174316,6.334031581878662,107.91651159800058,18.6418247991169,47.36431423718101,1,33,1788689621.4270015
1788689685.164932,63.724000,gate_sweep_poor_none_r15,-3.883090453222394,8.862256471067667,4.941444918513298,61.47082388485493,-6.162869453430176,-9.656468391418457,6.341604232788086,108.29189392934009,18.710986316268862,46.821070044485154,1,28,1788689621.4409096
1788689685.212839,63.760000,gate_sweep_poor_none_r15,-3.8689407873898745,8.876072350889444,4.940235659480095,62.190295755242985,-6.3927226066589355,-9.609379768371582,6.527108192443848,108.7567039507018,18.724304504056747,46.56640819545883,1,62,1788689621.4528232
1788689685.257692,63.792000,gate_sweep_poor_none_r15,-3.8539173174649477,8.889460984617472,4.939104601740837,62.88576894810202,-6.3927226066589355,-9.609379768371582,6.527108192443848,108.75669476341959,18.739647726277397,45.87092581531757,1,43,1788689621.4656756
1788689685.302216,63.824000,gate_sweep_poor_none_r15,-3.8420388270169497,8.899301949888468,4.938293501734734,63.39074392276602,-6.316214561462402,-9.56039047241211,6.540864944458008,108.76949926810266,18.69358245815639,45.37875534533664,1,32,1788689621.4781976
1788689685.347998,63.856000,gate_sweep_poor_none_r15,-3.8211998511105776,8.915355149656534,4.9370608776807785,64.19093230600292,-6.354364395141602,-9.460040092468262,6.566767692565918,108.60729171124065,18.62063417861813,44.416359405237735,1,30,1788689621.4919763
1788689685.391762,63.892000,gate_sweep_poor_none_r15,-3.8035888243466616,8.927975121885538,4.93621401488781,64.79051823429404,-6.476783752441406,-9.602803230285645,6.704733848571777,108.77253388624109,18.80594001540527,43.98201565194706,1,79,1788689621.499743
1788689685.439757,63.924000,gate_sweep_poor_none_r15,-3.785242037847638,8.940440598875284,4.935459658503532,65.34826555693466,-6.445352077484131,-9.571157455444336,6.747411727905273,109.18722842111107,18.789321920960163,43.838962864176416,1,48,1788689621.5157292
1788689685.486020,63.956000,gate_sweep_poor_none_r15,-3.761459307745099,8.955937806516886,4.934679552912712,65.98656185440205,-6.460214138031006,-9.5173921585083,6.767333030700684,109.45956863144112,18.75915287000821,43.47300677703906,1,34,1788689621.5299988
1788689685.536758,63.988000,gate_sweep_poor_none_r15,-3.741754489019513,8.968351785093546,4.934233710169792,66.44566137265677,-6.435935020446777,-9.445494651794434,6.7931227684021,109.47491091982135,18.702508330917265,43.02924954716459,1,28,1788689621.548734
1788689685.582312,64.024000,gate_sweep_poor_none_r15,-3.7266141939908266,8.977777902036905,4.933949992060661,66.76074921817657,-6.43499231338501,-9.38576889038086,6.856367588043213,109.4560760932488,18.66148044095841,42.69532687507223,1,56,1788689621.5582755
1788689685.630764,64.056000,gate_sweep_poor_none_r15,-3.7008151579648256,8.993723336607218,4.933638617396355,67.22379806692192,-6.6847662925720215,-12.425613403320312,7.374823570251465,114.4635312297605,21.763532220808713,47.23973316283858,1,31,1788689621.5747337
1788689685.675748,64.088000,gate_sweep_poor_none_r15,-3.6797012854367495,9.006781045347452,4.9336123913526535,67.5412209793444,-6.690146446228027,-12.465848922729492,7.390310287475586,114.5255018824209,21.821365272706988,46.9842809030765,1,20,1788689621.5877283
1788689685.721359,64.120000,gate_sweep_poor_none_r15,-3.6582121420651674,9.020110551267862,4.933766409754753,67.81006100961446,-6.690146446228027,-12.465848922729492,7.390310287475586,114.52550586504732,21.837437761014545,46.71544485543287,1,52,1788689621.6013417
1788689685.772650,64.156000,gate_sweep_poor_none_r15,-3.630845980718732,9.037152711302042,4.934177920222282,68.07935121325086,-6.767267227172852,-13.063291549682617,7.627274513244629,115.02023326388291,22.483761785507493,46.94088205063205,1,32,1788689621.6166346
1788689685.820218,64.188000,gate_sweep_poor_none_r15,-3.608592228963971,9.051180306822062,4.934644266963005,68.24257407726833,-6.77271032333374,-13.106500625610352,7.6440558433532715,115.05744207976457,22.54585058738913,46.814868002496254,1,15,1788689621.6321874
1788689685.865527,64.220000,gate_sweep_poor_none_r15,-3.5917572546750307,9.061927262693644,4.935021445155144,68.33566870961981,-6.77271032333374,-13.106500625610352,7.6440558433532715,115.05738485459227,22.558735000761107,46.72171614497247,1,49,1788689621.6455054
1788689685.913964,64.252000,gate_sweep_poor_none_r15,-3.5634738970547915,9.080346528440714,4.935761019587517,68.43837515507884,-6.8463897705078125,-13.724396705627441,7.890289306640625,115.27215350675027,23.228497325546996,46.83377835167143,1,26,1788689621.661946
1788689685.959688,64.288000,gate_sweep_poor_none_r15,-3.540685372427106,9.095570985227823,4.936496302485466,68.4772088437332,-6.8519721031188965,-13.770423889160156,7.908233165740967,115.2865974929999,23.29483980182788,46.809388649266715,1,34,1788689621.6716735
1788689686.008538,64.320000,gate_sweep_poor_none_r15,-3.517813639715314,9.111176911741495,4.937365099787712,68.48027128806379,-6.857585906982422,-13.816458702087402,7.926143646240234,115.29249603915873,23.361578517674197,46.81222475109494,1,13,1788689621.6885192
1788689686.054618,64.352000,gate_sweep_poor_none_r15,-3.49492116458714,9.127160493284464,4.938332602381706,68.44964421307684,-6.863230228424072,-13.862500190734863,7.944021224975586,115.29193389198866,23.428703942212856,46.84228967891182,1,18,1788689621.7026021
1788689686.099746,64.384000,gate_sweep_poor_none_r15,-3.4663722086697817,9.147604409605265,4.939658209681511,68.36950289639607,-6.868901252746582,-13.908553123474121,7.961867332458496,115.28638482214703,23.501007469207696,46.916881925750964,1,4,1788689621.71573
1788689686.147279,64.420000,gate_sweep_poor_none_r15,-3.4493519831448793,9.160159531980753,4.940613314509392,68.30192009556902,-6.8746113777160645,-13.954610824584961,7.979678153991699,115.27536708587651,23.563975166670094,46.973446990307494,1,2,1788689621.727264
1788689686.196048,64.452000,gate_sweep_poor_none_r15,-3.426831679418683,9.17715973034501,4.941983744502068,68.19022036166686,-6.880361080169678,-14.000673294067383,7.997453689575195,115.25867494969063,23.632069431487345,47.06845458802377,1,2,1788689621.7440314
1788689686.245769,64.484000,gate_sweep_poor_none_r15,-3.4045407343655825,9.194376412779093,4.943425700068474,68.05715665942301,-6.886144638061523,-14.046745300292969,8.015193939208984,115.2383982023807,23.70036000441877,47.181241542957665,1,2,1788689621.761752
1788689686.290901,64.516000,gate_sweep_poor_none_r15,-3.3771428633481264,9.216216508299112,4.945285364985466,67.86775363311277,-6.891968727111816,-14.092826843261719,8.032898902893066,115.21429884371969,23.773911335264014,47.346545210606926,1,2,1788689621.7748694
1788689686.345422,64.552000,gate_sweep_poor_none_r15,-3.355643467977643,9.233952943235636,4.946817919611931,67.69818466738404,-6.897833824157715,-14.138922691345215,8.050570487976074,115.1870859207428,23.842644734899384,47.48890125335876,1,22,1788689621.7933936
1788689686.380832,64.584000,gate_sweep_poor_none_r15,-3.339767413213849,9.247417870908976,4.947997614741325,67.56442874952766,-6.903741836547852,-14.185029983520508,8.068208694458008,115.15708139616098,23.906426820474916,47.592652646633326,1,9,1788689621.796794
1788689686.424759,64.616000,gate_sweep_poor_none_r15,-3.3137490320950747,9.270073357969522,4.950005576014519,67.33082374345794,-6.909696102142334,-14.231149673461914,8.08581256866455,115.1252208146621,23.98065063335058,47.79439707120416,1,7,1788689621.8087437
1788689686.470773,64.648000,gate_sweep_poor_none_r15,-3.2933890391141176,9.288342896848917,4.95166639983654,67.13719407122869,-6.915690898895264,-14.27728271484375,8.103384017944336,115.09186718986993,24.04980468066488,47.954673118641225,1,3,1788689621.8227515
1788689686.519257,64.684000,gate_sweep_poor_none_r15,-3.27348561771214,9.306688729673624,4.953410193324089,66.94113365992821,-6.921726226806641,-14.323423385620117,8.120924949645996,115.05758340113991,24.11897609465865,48.116449741211696,1,1,1788689621.835226
1788689686.566247,64.716000,gate_sweep_poor_none_r15,-3.249233203008771,9.329608384519815,4.955721899867058,66.69281741230786,-6.9278035163879395,-14.369576454162598,8.138436317443848,115.02264020960537,24.1932410526651,48.32982279729751,1,1,1788689621.8502297
1788689686.610199,64.748000,gate_sweep_poor_none_r15,-3.230307536199689,9.34789127483964,4.957628294825554,66.49433779530898,-6.933919906616211,-14.415736198425293,8.155916213989258,114.98714154372345,24.262229511985964,48.49280374841447,1,27,1788689621.8621852
1788689686.653992,64.780000,gate_sweep_poor_none_r15,-3.216432051733136,9.361574593931437,4.959068343043327,66.3465849262357,-6.940074443817139,-14.461906433105469,8.173368453979492,114.95142685548025,24.326024872816287,48.60484192924453,1,14,1788689621.8739412
1788689686.700577,64.816000,gate_sweep_poor_none_r15,-3.1939227152615786,9.384247247129679,4.9614186733961105,66.1033087642668,-6.946264266967773,-14.508084297180176,8.190789222717285,114.91579516332791,24.39984442345294,48.812486399061115,1,7,1788689621.884554
1788689686.746010,64.848000,gate_sweep_poor_none_r15,-3.1765224505215883,9.402174416929483,4.963255450129509,65.912799408292,-6.952485084533691,-14.554269790649414,8.208185195922852,114.8809115845789,24.468319965609215,48.968112176286894,1,31,1788689621.897995
1788689686.793180,64.880000,gate_sweep_poor_none_r15,-3.159676032140851,9.419843140989542,4.965170428156853,65.72614170121278,-6.958736419677734,-14.600471496582031,8.225554466247559,114.84662180816287,24.53647242763156,49.12048010695008,1,10,1788689621.9131653
1788689686.842193,64.912000,gate_sweep_poor_none_r15,-3.1393413115292788,9.441555444151163,4.9675431698560715,65.50032966137968,-6.965017795562744,-14.646681785583496,8.242901802062988,114.81337314531258,24.609082623414345,49.31304348393291,1,36,1788689621.9301775
1788689686.887967,64.948000,gate_sweep_poor_none_r15,-3.1236521769315004,9.458546105772257,4.969429060816765,65.32458504239615,-6.971319675445557,-14.69290542602539,8.260228157043457,114.78081797103773,24.676436431616676,49.456232928641576,1,9,1788689621.9399307
1788689686.935527,64.980000,gate_sweep_poor_none_r15,-3.112241940572858,9.471055451780558,4.9708743542432785,65.1968681687145,-6.977650165557861,-14.739139556884766,8.277535438537598,114.7487753576275,24.738814252703616,49.55190718891299,1,35,1788689621.9554927
1788689686.981383,65.012000,gate_sweep_poor_none_r15,-3.0974614191800356,9.487368050962687,4.972767397761345,65.0287722730379,-6.984001159667969,-14.785383224487305,8.294822692871094,114.71836029307978,24.805396530150812,49.68958802004188,1,15,1788689621.9693692
1788689687.026088,65.044000,gate_sweep_poor_none_r15,-3.079722600057721,9.507136765867472,4.975089117884636,64.82530221051074,-6.990373134613037,-14.831634521484375,8.312091827392578,114.68864496426174,24.87578265029472,49.86334275375099,1,7,1788689621.9820726
1788689687.072521,65.080000,gate_sweep_poor_none_r15,-3.0661787558346987,9.522360268980265,4.976878687739372,64.66554752674122,-6.996762752532959,-14.87789249420166,8.32934284210205,114.6600019599659,24.941147555165827,49.994454433224675,1,7,1788689621.9924967
1788689687.118058,65.112000,gate_sweep_poor_none_r15,-3.0532290507107973,9.537072602659464,4.978597208857536,64.50924367523274,-7.003170967102051,-14.924158096313477,8.346576690673828,114.63249184073581,25.005941978681314,50.12324816550307,1,35,1788689622.0060434
1788689687.163033,65.144000,gate_sweep_poor_none_r15,-3.0439281035214663,9.547731820493937,4.979856535792351,64.39290320034397,-7.009598255157471,-14.97043228149414,8.363795280456543,114.6051765663664,25.06627120477302,50.212273366022416,1,15,1788689622.019018
1788689687.208218,65.176000,gate_sweep_poor_none_r15,-3.029197173193097,9.564771119505167,4.981957480311394,64.19645107029956,-7.0160393714904785,-15.01672077178955,8.381000518798828,114.5783101858518,25.133605946887176,50.38185911555224,1,11,1788689622.0322003
1788689687.255434,65.212000,gate_sweep_poor_none_r15,-3.0181366968899965,9.577659074217081,4.983671233057976,64.0303708445575,-7.022493839263916,-15.06303596496582,8.398201942443848,114.55217915025625,25.196383631446658,50.521808305698755,1,4,1788689622.0434113
1788689687.300085,65.244000,gate_sweep_poor_none_r15,-3.0076925326138735,9.589822236448526,4.985504195094109,63.839305480206505,-7.028962135314941,-15.109383583068848,8.415406227111816,114.52537076218026,25.258376932846016,50.686065281973754,1,26,1788689622.0560591
1788689687.353603,65.276000,gate_sweep_poor_none_r15,-2.995435433462262,9.604017678648233,4.987988993525505,63.53692388402356,-6.75342321395874,-14.870325088500977,8.294798851013184,115.35087735931887,24.981011137979333,51.813953475295314,1,8,1788689622.0775735
1788689687.388080,65.308000,gate_sweep_poor_none_r15,-2.986289696767926,9.61454052105546,4.990168139338493,63.206375290957936,-6.881923675537109,-15.116374015808105,8.276097297668457,115.51940432179765,25.250572832309246,52.31302903083972,1,3,1788689622.0800607
1788689687.434831,65.344000,gate_sweep_poor_none_r15,-2.9797803927212954,9.621923867613077,4.9919763058424,62.881115743733794,1.0100812911987305,-16.902320861816406,8.539173126220703,137.55936001338551,27.056185244893314,74.67824426965171,1,2,1788689622.0908146
1788689687.479666,65.376000,gate_sweep_poor_none_r15,-2.969534592702985,9.633306924253702,4.995575949549675,62.12920681538964,8.693328857421875,-19.494731903076172,9.992453575134277,165.92548162426758,31.77158818485099,103.79627480887794,1,9,1788689622.103648
1788689687.526630,65.408000,gate_sweep_poor_none_r15,-2.9618203211575747,9.641569558531046,4.999186083674431,61.27892806102018,8.693330764770508,-19.494728088378906,9.992452621459961,165.92548494888482,31.775762746510267,104.64655688786463,1,1,1788689622.1186047
1788689687.585248,65.440000,gate_sweep_poor_none_r15,-2.9545032549649477,9.649103585630655,5.003058478236198,60.15638307485328,8.693333625793457,-19.49472427368164,9.992451667785645,165.9254822456356,31.77937775812965,105.76909917078231,1,0,1788689622.1452265
1788689687.632982,65.476000,gate_sweep_poor_none_r15,-2.945832686498761,9.657638970762491,5.006999060511589,58.325249404921664,11.817578315734863,-19.989131927490234,11.339692115783691,166.18547597585328,33.71931687396186,107.86022657093162,1,12,1788689622.156954
1788689687.669666,65.508000,gate_sweep_poor_none_r15,-2.9392556715756655,9.663729134947062,5.008943125605583,56.5170597930077,11.817580223083496,-19.989131927490234,11.339693069458008,166.18546718866068,33.72142893860962,109.66840739565299,1,1,1788689622.1616445
1788689687.716267,65.540000,gate_sweep_poor_none_r15,-2.9344505835324526,9.66788524761796,5.009577319025993,54.96815627789275,11.817581176757812,-19.989131927490234,11.339693069458008,166.18547359040514,33.72286278172632,111.21731731251238,1,0,1788689622.1762505
1788689687.764591,65.572000,gate_sweep_poor_none_r15,-2.926658110693097,9.67396492138505,5.009093806147575,52.02702740591033,11.817583084106445,-19.989131927490234,11.339693069458008,166.18547139120713,33.7248936263527,114.1584439852968,1,38,1788689622.1925745
1788689687.811281,65.608000,gate_sweep_poor_none_r15,-2.920568661764264,9.67806762829423,5.007412478327751,49.35917579869918,11.794944763183594,-19.738759994506836,10.906142234802246,166.58990568359224,33.4169282772868,117.23072988489305,1,42,1788689622.2032514
1788689687.857065,65.640000,gate_sweep_poor_none_r15,-2.9145366717129946,9.681481782346964,5.004801318049431,46.4199043855709,11.73904800415039,-19.256258010864258,11.036470413208008,167.79818254110432,32.99244398746158,121.37827815553342,1,26,1788689622.2170327
1788689687.907391,65.672000,gate_sweep_poor_none_r15,-2.9084770251065493,9.684204522520304,5.0013261288404465,43.21589623197129,11.76019287109375,-18.479646682739258,10.863911628723145,169.648164927775,32.29152055848607,126.43226869580373,1,50,1788689622.2353575
1788689687.955987,65.704000,gate_sweep_poor_none_r15,-2.9007827807217836,9.68657249584794,4.995988413691521,38.850216723934494,11.903654098510742,-17.25811004638672,10.884703636169434,172.5373197781063,31.302783192304616,133.6871030541718,1,28,1788689622.251965
1788689687.999430,65.740000,gate_sweep_poor_none_r15,-2.896081881597638,9.687417451292276,4.9923563450574875,36.0441620335479,11.995133399963379,-16.136917114257812,10.405077934265137,174.86560150791928,30.297559362389837,138.8214394743714,1,21,1788689622.2594151
1788689688.046311,65.772000,gate_sweep_poor_none_r15,-2.889729456976056,9.687883798032999,4.98706679046154,32.09412051816484,11.995135307312012,-16.13690948486328,10.405072212219238,174.86559676344635,30.29577412619894,142.77147624528152,1,58,1788689622.2742941
1788689688.089887,65.804000,gate_sweep_poor_none_r15,-2.8832678366452456,9.687591973692179,4.981392428278923,27.911495331249547,11.8896484375,-16.603429794311523,9.935108184814453,177.42400510591347,30.56135109325336,149.51250977466393,1,57,1788689622.2858605
1788689688.136229,65.836000,gate_sweep_poor_none_r15,-2.8749413061887026,9.68603939190507,4.974011942744255,22.367969068786632,12.248905181884766,-17.149356842041016,10.3189058303833,179.13063532049145,31.263990696931526,156.7626662517048,1,13,1788689622.3002064
1788689688.183072,65.872000,gate_sweep_poor_none_r15,-2.8680016566067934,9.683808747678995,4.968071982264519,17.702002349792384,13.597330093383789,-17.108503341674805,10.060240745544434,-175.59957967616705,31.856950881154734,166.69841797404058,1,62,1788689622.3110526
1788689688.231518,65.904000,gate_sweep_poor_none_r15,-2.8625864554196596,9.681552354246378,4.963778540492058,14.078095332326319,14.73910140991211,-16.900081634521484,9.869668006896973,-170.52744097934968,32.25632391761295,175.394463688324,1,24,1788689622.3274965
1788689688.276020,65.936000,gate_sweep_poor_none_r15,-2.8531462717801332,9.676675263792276,4.957337900996208,7.823948101634337,15.847098350524902,-16.58770179748535,9.671396255493164,-165.54729575849072,32.58433668989776,173.37124386012505,1,82,1788689622.3399987
1788689688.323368,65.968000,gate_sweep_poor_none_r15,-2.8451623488217592,9.671678964048624,4.953328177332878,2.6519527660648206,17.287294387817383,-15.005364418029785,9.40959644317627,-159.05289584712335,32.15790122490567,161.70484861318818,1,39,1788689622.3553467
1788689688.369312,66.004000,gate_sweep_poor_none_r15,-2.8367871809750795,9.66561359539628,4.951048895716667,-2.629326263087573,18.379819869995117,-12.992110252380371,9.19359016418457,-151.5525454898669,31.329156087134525,148.92321922677934,1,83,1788689622.3652902
1788689688.418422,66.036000,gate_sweep_poor_none_r15,-2.8256899882107973,9.656549874693155,4.951354548335075,-9.31494509356564,18.951610565185547,-10.565678596496582,9.167817115783691,-144.17156746037386,30.01612733709412,134.8566223668082,1,120,1788689622.3824046
1788689688.461597,66.068000,gate_sweep_poor_none_r15,-2.816242652013898,9.64818138256669,4.953808352351189,-14.653214109652424,18.58108139038086,-7.991015434265137,9.085456848144531,-136.42779871933652,28.036712714064144,121.77458460968411,1,171,1788689622.393579
1788689688.507381,66.100000,gate_sweep_poor_none_r15,-2.8087274599820375,9.641282502561808,4.956742808222771,-18.605099505584562,17.71820831298828,-5.388369083404541,9.180323600769043,-128.36853060017,25.789225535761155,109.76343109458544,1,76,1788689622.4073572
1788689688.554082,66.136000,gate_sweep_poor_none_r15,-2.7953142691403627,9.628769341856241,4.963230177760124,-25.004633166886574,17.903003692626953,-3.2248764038085938,9.425044059753418,-125.88123908811289,24.76982758355446,100.87660592122631,1,226,1788689622.4180675
1788689688.601731,66.168000,gate_sweep_poor_none_r15,-2.783673958852887,9.617941323667765,4.969809576869011,-29.88030192489663,17.139921188354492,-3.642225742340088,9.200892448425293,-131.46420941437572,24.303986020285677,101.58390748947907,1,93,1788689622.4337125
1788689688.646080,66.200000,gate_sweep_poor_none_r15,-2.7711040545254946,9.606514398008585,4.977443739771843,-34.47753594536415,16.825294494628906,-3.721900224685669,9.089975357055664,-136.23271075906635,24.053656452916048,101.7551748137022,1,329,1788689622.4460363
1788689688.692392,66.232000,gate_sweep_poor_none_r15,-2.754099564626813,9.59158081188798,4.9876308888196945,-39.77733443762117,16.979509353637695,-3.7040207386016846,9.134514808654785,-141.0228000784182,24.15336390180421,101.24546564079702,1,161,1788689622.4603555
1788689688.740506,66.268000,gate_sweep_poor_none_r15,-2.7393164206296206,9.579223100095987,4.995339438319206,-43.62877123490707,17.0286865234375,-3.7128028869628906,9.144352912902832,-145.89947406509603,24.179871960983817,102.27070283018894,1,389,1788689622.4724877
1788689688.786698,66.300000,gate_sweep_poor_none_r15,-2.7275135088711977,9.569811288267374,5.0004764050245285,-46.2860066901703,16.981416702270508,-3.721867084503174,9.152549743652344,-149.70794175405655,24.131936454461638,103.42193506388625,1,235,1788689622.486683
1788689688.835922,66.332000,gate_sweep_poor_none_r15,-2.7110118437558413,9.557142678648233,5.006307169795036,-49.52167483832214,16.968870162963867,-3.740513324737549,9.149903297424316,-153.28835785441376,24.110055990223177,103.76668301609162,1,174,1788689622.5039017
1788689688.886070,66.364000,gate_sweep_poor_none_r15,-2.688869910314679,9.54118675366044,5.0117326229810715,-53.0875254300696,16.70553207397461,-3.4680652618408203,9.152430534362793,-156.5451891448048,23.717690560515138,103.45766371473519,1,388,1788689622.5220442
1788689688.934211,66.400000,gate_sweep_poor_none_r15,-2.6698700953274965,9.528400842100382,5.01455645263195,-55.56499389407417,16.72766876220703,-3.583360195159912,9.134053230285645,-160.1260826685716,23.772947754304223,104.56108877449742,1,396,1788689622.5341954
1788689688.981550,66.432000,gate_sweep_poor_none_r15,-2.6497685480862856,9.515600625425577,5.016165301203728,-57.7173057354277,16.728479385375977,-3.6354141235351562,9.130313873291016,-162.8039077234202,23.777970905258613,105.0866019879925,1,193,1788689622.549512
1788689689.027739,66.464000,gate_sweep_poor_none_r15,-2.633916335180402,9.506026688963175,5.016580149531364,-59.12295227899234,16.692401885986328,-3.5892162322998047,9.107120513916016,-164.73729118585877,23.70072749147902,105.61433890686644,1,408,1788689622.563717
1788689689.075952,66.496000,gate_sweep_poor_none_r15,-2.6060630846768618,9.490171853452921,5.015953108668327,-61.077342906427006,16.681564331054688,-3.595097780227661,9.10696029663086,-166.4824047821056,23.66375271435542,105.40506187567858,1,292,1788689622.5799348
1788689689.125648,66.532000,gate_sweep_poor_none_r15,-2.5824555922299623,9.477673951536417,5.0144181698560715,-62.30129168865312,16.64850425720215,-3.6224117279052734,9.107671737670898,-168.20922924831348,23.62618856924688,105.90793755966037,1,201,1788689622.5936267
1788689689.172273,66.564000,gate_sweep_poor_none_r15,-2.557653145864606,9.465377274900675,5.012060686945915,-63.22987455669452,16.450551986694336,-3.7589573860168457,9.201971054077148,-168.90749836168675,23.531898318452303,105.67762380499224,1,398,1788689622.6082377
1788689689.222254,66.596000,gate_sweep_poor_none_r15,-2.525196271017194,9.450219575315714,5.008235976099968,-63.98768054114464,16.171552658081055,-3.883451461791992,9.205636024475098,-169.83841334881043,23.344664722579353,105.8507328076658,1,197,1788689622.6262343
1788689689.272615,66.628000,gate_sweep_poor_none_r15,-2.4979645777493715,9.438323441892862,5.004529044032097,-64.27681579389662,16.00059700012207,-3.864729404449463,9.1646728515625,-170.3283502411961,23.161925480888065,106.05153444729947,1,403,1788689622.6445987
1788689689.323401,66.664000,gate_sweep_poor_none_r15,-2.476842598989606,9.429510537534952,5.001473948359489,-64.31350078921281,15.933971405029297,-3.8950932025909424,9.174501419067383,-170.61915524291635,23.106650458109204,106.30565445370355,1,216,1788689622.6593616
1788689689.370888,66.696000,gate_sweep_poor_none_r15,-2.4404460955411196,9.414932671934366,4.996002718806267,-64.03187995054257,15.934239387512207,-3.9009146690368652,9.18156623840332,-170.31410313228784,23.07509044371794,106.28222318174528,1,409,1788689622.6748607
1788689689.420053,66.728000,gate_sweep_poor_none_r15,-2.410317139700055,9.40334552899003,4.991312071681023,-63.507642508125116,15.923938751220703,-3.9004547595977783,9.194369316101074,-169.82964878011762,23.039134779593255,106.3220062719925,1,262,1788689622.692036
1788689689.472907,66.760000,gate_sweep_poor_none_r15,-2.3793563414365053,9.391778413206339,4.986511752009392,-62.7217272409185,15.910307884216309,-3.930943489074707,9.1848726272583,-169.2227299232607,23.013756112626734,106.50100268234219,1,190,1788689622.7128756
