t_wall,t_sim,exp_id,gt_x,gt_y,gt_z,gt_dyaw_deg,vslam_x,vslam_y,vslam_z,vslam_dyaw_deg,pos_error_m,yaw_error_deg,vo_state,feature_count,msg_age_s
1788713017.924816,37.424000,r2_medium_r120,-3.865547478199005e-05,0.00010149739682674408,-9.082257747650146e-05,0.0001640332306400811,0.0,0.0,0.0,0.0,0.00014157933420065846,0.0001640332306400811,,,1788712980.5007975
1788713017.968012,37.456000,r2_medium_r120,-0.00012116320431232452,0.0002981778234243393,-0.00029440224170684814,0.00022594157091798561,0.0,0.0,0.0,0.0,0.00043619171975557263,0.00022594157091798561,1,3,1788712980.5119913
1788713018.017463,37.492000,r2_medium_r120,-0.00020320527255535126,0.0004694480448961258,-0.0005111247301101685,0.0010149538526525316,0.0,0.0,0.0,0.0,0.0007231336939883815,0.0010149538526525316,1,3,1788712980.525445
1788713018.061169,37.524000,r2_medium_r120,-0.0002865660935640335,0.0006742756813764572,-0.0007735937833786011,0.0012582090300386495,0.0,0.0,0.0,0.0,0.0010654647634522007,0.0012582090300386495,1,3,1788712980.5371487
1788713018.104904,37.556000,r2_medium_r120,-0.0003131348639726639,0.0008522253483533859,-0.0010021328926086426,0.0007280711920277243,0.0,0.0,0.0,0.0,0.0013522617431027892,0.0007280711920277243,1,3,1788712980.5488884
1788713018.149525,37.588000,r2_medium_r120,-0.000294441357254982,0.0009892061352729797,-0.0011803358793258667,0.00027719764219123413,0.0,0.0,0.0,0.0,0.0015679340799114698,0.00027719764219123413,1,3,1788712980.5615058
1788713018.199306,37.624000,r2_medium_r120,-0.00018716417253017426,0.0012045707553625107,-0.0014823824167251587,0.0005369343573360941,0.0,0.0,0.0,0.0,0.0019192391100562318,0.0005369343573360941,1,3,1788712980.5752897
1788713018.244667,37.656000,r2_medium_r120,-4.745274782180786e-05,0.0013722274452447891,-0.0017068535089492798,-0.0004429603960733588,0.0,0.0,0.0,0.0,0.0021905727163852263,0.0004429603960733588,1,3,1788712980.58865
1788713018.287978,37.688000,r2_medium_r120,0.00011474825441837311,0.0015313932672142982,-0.0019276291131973267,-0.0019118826543874795,0.0,0.0,0.0,0.0,0.0024645661887657344,0.0019118826543874795,1,3,1788712980.5999575
1788713018.333030,37.720000,r2_medium_r120,0.00033082813024520874,0.0017456766217947006,-0.002222970128059387,-0.0024896689765008403,0.0,0.0,0.0,0.0,0.002845774114346827,0.0024896689765008403,1,3,1788712980.6130128
1788713018.381370,37.756000,r2_medium_r120,0.0004992745816707611,0.002006293274462223,-0.0024668127298355103,-0.0031153694261557593,0.0,0.0,0.0,0.0,0.003218641461103331,0.0031153694261557593,1,3,1788712980.6253517
1788713018.428339,37.788000,r2_medium_r120,0.000618811696767807,0.0022177351638674736,-0.0026711076498031616,-0.004331601268718207,0.0,0.0,0.0,0.0,0.0035264845455421907,0.004331601268718207,1,3,1788712980.6403153
1788713018.477361,37.820000,r2_medium_r120,0.0007702894508838654,0.0025056442245841026,-0.002942800521850586,-0.004629082563820771,0.0,0.0,0.0,0.0,0.003941024451806753,0.004629082563820771,1,3,1788712980.657342
1788713018.521322,37.852000,r2_medium_r120,0.000969940796494484,0.002872958779335022,-0.0032900720834732056,-0.004895212357304995,0.0,0.0,0.0,0.0,0.004474287832819012,0.004895212357304996,1,3,1788712980.6693025
1788713018.565041,37.888000,r2_medium_r120,0.0011173132807016373,0.003160404972732067,-0.0035782456398010254,-0.0046348805790164885,0.0,0.0,0.0,0.0,0.004903100082361861,0.0046348805790164885,1,3,1788712980.6770225
1788713018.609547,37.920000,r2_medium_r120,0.0012264102697372437,0.0034488653764128685,-0.003876522183418274,-0.004468516266206332,0.0,0.0,0.0,0.0,0.005331620651628399,0.004468516266206332,1,3,1788712980.6895297
1788713018.660750,37.952000,r2_medium_r120,0.0012721940875053406,0.0036663897335529327,-0.004099860787391663,-0.004168262317250266,0.0,0.0,0.0,0.0,0.0056453299239794365,0.004168262317250266,1,3,1788712980.7087314
1788713018.704841,37.984000,r2_medium_r120,0.0012907497584819794,0.004028024151921272,-0.0044517964124679565,-0.004811317235487566,0.0,0.0,0.0,0.0,0.006140806527284909,0.004811317235487566,1,3,1788712980.7208238
1788713018.750304,38.020000,r2_medium_r120,0.0012720804661512375,0.004306413233280182,-0.004708915948867798,-0.005698992226879047,0.0,0.0,0.0,0.0,0.006506709849196884,0.005698992226879048,1,3,1788712980.7302828
1788713018.799017,38.052000,r2_medium_r120,0.0012198258191347122,0.0045679062604904175,-0.004954800009727478,-0.005360561670185799,0.0,0.0,0.0,0.0,0.006848633861585143,0.0053605616701858,1,3,1788712980.7469976
1788713018.847051,38.084000,r2_medium_r120,0.0010940153151750565,0.004862130619585514,-0.005252227187156677,-0.005418247169022031,0.0,0.0,0.0,0.0,0.007240378035521097,0.00541824716902203,1,3,1788712980.7630315
1788713018.891343,38.116000,r2_medium_r120,0.0009218528866767883,0.005095144733786583,-0.005481541156768799,-0.005193420199874956,0.0,0.0,0.0,0.0,0.007540398269074234,0.005193420199874956,1,3,1788712980.775323
1788713018.938094,38.152000,r2_medium_r120,0.0007522627711296082,0.005287055857479572,-0.005648940801620483,-0.0049502761760192695,0.0,0.0,0.0,0.0,0.007773634355766248,0.0049502761760192695,1,3,1788712980.7860763
1788713018.986409,38.184000,r2_medium_r120,0.00044079311192035675,0.005635506473481655,-0.005905091762542725,-0.0040625518626197545,0.0,0.0,0.0,0.0,0.008174554452948492,0.0040625518626197545,1,3,1788712980.8023877
1788713019.030418,38.216000,r2_medium_r120,0.00016409717500209808,0.005923222750425339,-0.006098121404647827,-0.003529762814329549,0.0,0.0,0.0,0.0,0.008502857184489458,0.003529762814329549,1,3,1788712980.814402
1788713019.075768,38.248000,r2_medium_r120,-8.774176239967346e-05,0.006196313537657261,-0.0062694251537323,-0.0039429899246742174,0.0,0.0,0.0,0.0,0.008815196641713383,0.0039429899246742174,1,3,1788712980.8277485
1788713019.122437,38.284000,r2_medium_r120,-0.00037864409387111664,0.006545622833073139,-0.006448373198509216,-0.003201663148740741,0.0,0.0,0.0,0.0,0.009196198482521128,0.0032016631487407406,1,3,1788712980.8384178
1788713019.172441,38.316000,r2_medium_r120,-0.0005635954439640045,0.006820333190262318,-0.006569951772689819,-0.0024359780567501797,0.0,0.0,0.0,0.0,0.009486772419854966,0.0024359780567501797,1,3,1788712980.856404
1788713019.219518,38.348000,r2_medium_r120,-0.0006832163780927658,0.007033471018075943,-0.006648153066635132,-0.0022174800321898783,0.0,0.0,0.0,0.0,0.009702290367682187,0.0022174800321898788,1,3,1788712980.871493
1788713019.266691,38.380000,r2_medium_r120,-0.0008647721260786057,0.00738317146897316,-0.006762892007827759,-0.0012544118929924467,0.0,0.0,0.0,0.0,0.010049664674995,0.001254411892992447,1,3,1788712980.886659
1788713019.313332,38.416000,r2_medium_r120,-0.0009890850633382797,0.007643873803317547,-0.006849914789199829,-0.0005852285128868335,0.0,0.0,0.0,0.0,0.01031156770830031,0.0005852285128868335,1,3,1788712980.8973076
1788713019.356269,38.448000,r2_medium_r120,-0.0010754186660051346,0.00790205504745245,-0.006932854652404785,0.00012479256829048342,0.0,0.0,0.0,0.0,0.01056709387256173,0.00012479256829048342,1,3,1788712980.9082503
1788713019.400569,38.480000,r2_medium_r120,-0.0011061076074838638,0.008165019564330578,-0.007015213370323181,0.0003154058703693332,0.0,0.0,0.0,0.0,0.010821471117939368,0.0003154058703693332,1,3,1788712980.9205525
1788713019.446555,38.512000,r2_medium_r120,-0.0011006630957126617,0.008479897864162922,-0.007097408175468445,0.0004383505512955558,0.0,0.0,0.0,0.0,0.011112755276982616,0.0004383505512955558,1,3,1788712980.9345362
1788713019.490079,38.548000,r2_medium_r120,-0.001085761934518814,0.008670024573802948,-0.0071395933628082275,-0.00012913911466405677,0.0,0.0,0.0,0.0,0.011283704997697003,0.00012913911466405677,1,3,1788712980.9420595
1788713019.537097,38.580000,r2_medium_r120,-0.0010283757001161575,0.008900142274796963,-0.007188126444816589,-7.462280916641968e-05,0.0,0.0,0.0,0.0,0.01148648122267603,7.462280916641968e-05,1,3,1788712980.957077
1788713019.584335,38.612000,r2_medium_r120,-0.0009427033364772797,0.009114019107073545,-0.007220014929771423,-0.0005463039032387242,0.0,0.0,0.0,0.0,0.011665446817453214,0.0005463039032387242,1,3,1788712980.9723184
1788713019.633331,38.644000,r2_medium_r120,-0.0007589459419250488,0.009341251570731401,-0.007224291563034058,-0.000136333870463246,0.0,0.0,0.0,0.0,0.011833231529813885,0.000136333870463246,1,3,1788712980.9893098
1788713019.678017,38.680000,r2_medium_r120,-0.000548243522644043,0.009483535308390856,-0.007183849811553955,-0.0005667476380996506,0.0,0.0,0.0,0.0,0.011909899706571041,0.0005667476380996506,1,3,1788712980.9980013
1788713019.745984,38.712000,r2_medium_r120,-0.00036360882222652435,0.009550814516842365,-0.007134601473808289,-0.0012846012425765255,0.0,0.0,0.0,0.0,0.011926978137851818,0.0012846012425765255,1,3,1788712981.0339675
1788713019.846181,38.744000,r2_medium_r120,-3.5099685192108154e-05,0.009585832245647907,-0.007027760148048401,-0.0029525954379215043,0.0,0.0,0.0,0.0,0.01188607691915634,0.0029525954379215043,1,3,1788712981.1021621
1788713019.894672,38.776000,r2_medium_r120,0.0002712346613407135,0.009535159915685654,-0.006950318813323975,-0.0037818747621336402,0.0,0.0,0.0,0.0,0.011802532544587888,0.0037818747621336402,1,3,1788712981.1186512
1788713019.940510,38.812000,r2_medium_r120,0.0006071384996175766,0.009448302909731865,-0.006868124008178711,-0.004238896667045917,0.0,0.0,0.0,0.0,0.011696588067615542,0.004238896667045917,1,3,1788712981.1284935
1788713019.991076,38.844000,r2_medium_r120,0.0010350551456212997,0.009348394814878702,-0.006773337721824646,-0.00590832778434826,0.0,0.0,0.0,0.0,0.011590596562007532,0.0059083277843482605,1,3,1788712981.1470566
1788713020.037268,38.876000,r2_medium_r120,0.001389976590871811,0.009278242941945791,-0.006727367639541626,-0.006358457660124548,0.0,0.0,0.0,0.0,0.011544492295917148,0.006358457660124548,1,3,1788712981.161245
1788713020.084074,38.908000,r2_medium_r120,0.0016635321080684662,0.009227462578564882,-0.00670015811920166,-0.0072057509723370645,0.0,0.0,0.0,0.0,0.011524127886121964,0.0072057509723370645,1,3,1788712981.1760576
1788713020.132328,38.944000,r2_medium_r120,0.0021056830883026123,0.009134683292359114,-0.006659075617790222,-0.008558792699079611,0.0,0.0,0.0,0.0,0.011498679411285306,0.008558792699079611,1,3,1788712981.1883092
1788713020.194166,38.976000,r2_medium_r120,0.0024409424513578415,0.00901512848213315,-0.006627723574638367,-0.009731041785005905,0.0,0.0,0.0,0.0,0.011452399808862174,0.009731041785005903,1,3,1788712981.2181485
1788713020.294980,39.008000,r2_medium_r120,0.0027582142502069473,0.008836760185658932,-0.006588846445083618,-0.010828104666258508,0.0,0.0,0.0,0.0,0.01136261298759148,0.010828104666258508,1,3,1788712981.2869573
1788713020.350086,39.040000,r2_medium_r120,0.003153279423713684,0.00855187140405178,-0.006518006324768066,-0.011719750708227672,0.0,0.0,0.0,0.0,0.011205448767683122,0.011719750708227672,1,3,1788712981.3100667
1788713020.401302,39.076000,r2_medium_r120,0.0034445952624082565,0.008261343464255333,-0.006437152624130249,-0.012768195658063634,0.0,0.0,0.0,0.0,0.011025060828065605,0.012768195658063634,1,3,1788712981.3252804
1788713020.447381,39.108000,r2_medium_r120,0.0036596357822418213,0.008000907488167286,-0.006353259086608887,-0.01399168207948941,0.0,0.0,0.0,0.0,0.010852251181872562,0.013991682079489413,1,3,1788712981.339363
1788713020.494645,39.140000,r2_medium_r120,0.003935225307941437,0.007659553550183773,-0.006231129169464111,-0.01391563530441714,0.0,0.0,0.0,0.0,0.01062928640779531,0.01391563530441714,1,3,1788712981.3546293
1788713020.539617,39.172000,r2_medium_r120,0.004264259710907936,0.0072319395840168,-0.006078943610191345,-0.01508726449564091,0.0,0.0,0.0,0.0,0.010365250428466642,0.01508726449564091,1,3,1788712981.3675973
1788713020.588609,39.208000,r2_medium_r120,0.004526231437921524,0.0068800244480371475,-0.005954384803771973,-0.015328697082384922,0.0,0.0,0.0,0.0,0.01016249013906575,0.015328697082384922,1,3,1788712981.3805885
1788713020.633009,39.240000,r2_medium_r120,0.004776503890752792,0.0065148500725626945,-0.005830839276313782,-0.01519705024106068,0.0,0.0,0.0,0.0,0.009962778104150976,0.01519705024106068,1,3,1788712981.3929858
1788713020.680656,39.272000,r2_medium_r120,0.004959572106599808,0.006211942061781883,-0.005746930837631226,-0.016003097893371346,0.0,0.0,0.0,0.0,0.009808812043872314,0.016003097893371346,1,3,1788712981.4086385
1788713020.729310,39.304000,r2_medium_r120,0.005248205736279488,0.0056840525940060616,-0.005603238940238953,-0.017331542612690536,0.0,0.0,0.0,0.0,0.00955240304651945,0.017331542612690536,1,3,1788712981.425294
1788713020.772710,39.340000,r2_medium_r120,0.005491456016898155,0.005252376198768616,-0.005490913987159729,-0.0183935574535348,0.0,0.0,0.0,0.0,0.009375163003025834,0.0183935574535348,1,3,1788712981.432691
1788713020.817672,39.372000,r2_medium_r120,0.005754267796874046,0.004836780950427055,-0.005384296178817749,-0.018905674666771746,0.0,0.0,0.0,0.0,0.009246442190474515,0.01890567466677175,1,3,1788712981.4456508
1788713020.864750,39.404000,r2_medium_r120,0.006060928106307983,0.004352150484919548,-0.0052746981382369995,-0.019488545353424726,0.0,0.0,0.0,0.0,0.009137751572610212,0.019488545353424726,1,3,1788712981.4607344
1788713020.910985,39.436000,r2_medium_r120,0.006298838183283806,0.004002757370471954,-0.005213111639022827,-0.019655299687862542,0.0,0.0,0.0,0.0,0.00910351371652599,0.019655299687862542,1,3,1788712981.4749641
1788713020.954401,39.472000,r2_medium_r120,0.006488284096121788,0.0037587080150842667,-0.005196526646614075,-0.02067729337131523,0.0,0.0,0.0,0.0,0.009123026123146626,0.02067729337131523,1,3,1788712981.482379
1788713021.003389,39.504000,r2_medium_r120,0.0067980848252773285,0.003390934318304062,-0.0051915645599365234,-0.021527314810227967,0.0,0.0,0.0,0.0,0.009201344218249148,0.021527314810227967,1,3,1788712981.4993699
1788713021.047055,39.536000,r2_medium_r120,0.0070120468735694885,0.0031091757118701935,-0.005212709307670593,-0.022476268422990976,0.0,0.0,0.0,0.0,0.009274055924496833,0.022476268422990976,1,3,1788712981.511037
1788713021.095510,39.568000,r2_medium_r120,0.007177630439400673,0.0027902908623218536,-0.005248397588729858,-0.022322421687192773,0.0,0.0,0.0,0.0,0.00931932288690296,0.022322421687192773,1,3,1788712981.5274942
1788713021.142758,39.604000,r2_medium_r120,0.007344961166381836,0.0023242849856615067,-0.005335494875907898,-0.021741258279472993,0.0,0.0,0.0,0.0,0.009371139781321597,0.02174125827947299,1,3,1788712981.5387425
1788713021.193147,39.636000,r2_medium_r120,0.0074315499514341354,0.0019047996029257774,-0.005440771579742432,-0.022964513204891013,0.0,0.0,0.0,0.0,0.009405221506742936,0.022964513204891013,1,3,1788712981.5571249
1788713021.236623,39.668000,r2_medium_r120,0.007469445466995239,0.0015881573781371117,-0.005546852946281433,-0.023610030214341517,0.0,0.0,0.0,0.0,0.00943834927568471,0.023610030214341517,1,3,1788712981.5686035
1788713021.282311,39.700000,r2_medium_r120,0.007493497803807259,0.0010457225143909454,-0.005735412240028381,-0.023631220293984744,0.0,0.0,0.0,0.0,0.00949426134440356,0.023631220293984744,1,3,1788712981.5822916
1788713021.327948,39.736000,r2_medium_r120,0.007507491856813431,0.0005593113601207733,-0.005905956029891968,-0.023284714132647575,0.0,0.0,0.0,0.0,0.009568467996743126,0.023284714132647575,1,3,1788712981.5919302
1788713021.372739,39.768000,r2_medium_r120,0.00751747190952301,4.2244791984558105e-05,-0.006076321005821228,-0.023854729162294676,0.0,0.0,0.0,0.0,0.009666221883378307,0.02385472916229468,1,3,1788712981.6047227
1788713021.418068,39.800000,r2_medium_r120,0.00754072330892086,-0.00046536512672901154,-0.006246134638786316,-0.02455172897878541,0.0,0.0,0.0,0.0,0.009802717513461465,0.024551728978785412,1,3,1788712981.6180491
1788713021.465244,39.832000,r2_medium_r120,0.007575180381536484,-0.0010047238320112228,-0.006454050540924072,-0.02496794905830874,0.0,0.0,0.0,0.0,0.010002379525704314,0.02496794905830874,1,3,1788712981.6332276
1788713021.512780,39.868000,r2_medium_r120,0.0075785499066114426,-0.0012360922992229462,-0.006548687815666199,-0.025675367125238817,0.0,0.0,0.0,0.0,0.01009195991699598,0.025675367125238813,1,3,1788712981.644761
1788713021.560707,39.900000,r2_medium_r120,0.0075578223913908005,-0.001476908102631569,-0.006670117378234863,-0.025654719921936422,0.0,0.0,0.0,0.0,0.010187855646938549,0.025654719921936422,1,3,1788712981.660685
1788713021.608556,39.932000,r2_medium_r120,0.0075136106461286545,-0.0016667023301124573,-0.006794765591621399,-0.02547265699896372,0.0,0.0,0.0,0.0,0.01026650286338548,0.02547265699896372,1,3,1788712981.6765387
1788713021.654116,39.964000,r2_medium_r120,0.007456835359334946,-0.001832587644457817,-0.006928578019142151,-0.024533236930142692,0.0,0.0,0.0,0.0,0.010342531818572625,0.024533236930142692,1,3,1788712981.6900961
1788713021.699439,40.000000,r2_medium_r120,0.007464166730642319,-0.001868927851319313,-0.007022157311439514,-0.023980654421273395,0.0,0.0,0.0,0.0,0.010417167062252005,0.02398065442127339,1,3,1788712981.6994183
1788713021.747995,40.032000,r2_medium_r120,0.007513515651226044,-0.0018256306648254395,-0.007071629166603088,-0.023840951427412275,0.0,0.0,0.0,0.0,0.01047825289996005,0.023840951427412275,1,3,1788712981.7159753
1788713021.793113,40.064000,r2_medium_r120,0.007686769589781761,-0.0016784705221652985,-0.007112875580787659,-0.02336376775738301,0.0,0.0,0.0,0.0,0.010606445636872745,0.02336376775738301,1,3,1788712981.7290945
1788713021.838220,40.096000,r2_medium_r120,0.007931184023618698,-0.001532452180981636,-0.007111400365829468,-0.022955145936777603,0.0,0.0,0.0,0.0,0.010762160789851606,0.022955145936777603,1,3,1788712981.7422023
1788713021.884177,40.132000,r2_medium_r120,0.008239516988396645,-0.0013718772679567337,-0.007073700428009033,-0.022451123661619568,0.0,0.0,0.0,0.0,0.010945726343446949,0.022451123661619568,1,3,1788712981.7521536
1788713021.934722,40.164000,r2_medium_r120,0.008689021691679955,-0.0011371169239282608,-0.006958410143852234,-0.022117793323600712,0.0,0.0,0.0,0.0,0.011189799130781325,0.022117793323600712,1,3,1788712981.7707014
1788713021.980981,40.196000,r2_medium_r120,0.009133618324995041,-0.0009222589433193207,-0.00682435929775238,-0.02208206578592562,0.0,0.0,0.0,0.0,0.011438768512826766,0.022082065785925618,1,3,1788712981.7849603
1788713022.027818,40.228000,r2_medium_r120,0.009533016011118889,-0.0007466878741979599,-0.006695270538330078,-0.0209236174778358,0.0,0.0,0.0,0.0,0.011673156583853149,0.0209236174778358,1,3,1788712981.7998013
1788713022.070644,40.264000,r2_medium_r120,0.010290883481502533,-0.0004651769995689392,-0.006441056728363037,-0.020788456258960107,0.0,0.0,0.0,0.0,0.012149316204987852,0.020788456258960107,1,3,1788712981.8066256
1788713022.119330,40.296000,r2_medium_r120,0.010953389108181,-0.00024455413222312927,-0.0062103271484375,-0.01970624376405079,0.0,0.0,0.0,0.0,0.01259383591164445,0.01970624376405079,1,3,1788712981.8233085
1788713022.165079,40.328000,r2_medium_r120,0.011642882600426674,-5.435198545455933e-06,-0.005965515971183777,-0.020330961788037935,0.0,0.0,0.0,0.0,0.013082206449645646,0.02033096178803793,1,3,1788712981.837058
1788713022.212849,40.360000,r2_medium_r120,0.012523191049695015,0.00030237995088100433,-0.005670502781867981,-0.020940720860411235,0.0,0.0,0.0,0.0,0.013750503608996604,0.020940720860411235,1,3,1788712981.8528314
1788713022.258437,40.396000,r2_medium_r120,0.013245360925793648,0.0005232244729995728,-0.005424246191978455,-0.020811272772201052,0.0,0.0,0.0,0.0,0.0143225625030886,0.020811272772201052,1,3,1788712981.8624167
1788713022.301507,40.428000,r2_medium_r120,0.01379415113478899,0.0006553400307893753,-0.005234554409980774,-0.02168928575129493,0.0,0.0,0.0,0.0,0.014768501479717045,0.02168928575129493,1,3,1788712981.873488
1788713022.347765,40.460000,r2_medium_r120,0.014523465186357498,0.0008387472480535507,-0.00500410795211792,-0.023022556986140946,0.0,0.0,0.0,0.0,0.015384265805097929,0.023022556986140946,1,3,1788712981.887748
1788713022.395958,40.492000,r2_medium_r120,0.015460636466741562,0.0010754875838756561,-0.0047263503074646,-0.02442194575749084,0.0,0.0,0.0,0.0,0.016202664618163286,0.02442194575749084,1,3,1788712981.9039369
1788713022.447495,40.528000,r2_medium_r120,0.01623416692018509,0.001280754804611206,-0.004486799240112305,-0.024607368639588473,0.0,0.0,0.0,0.0,0.016891414265331334,0.024607368639588473,1,3,1788712981.9194763
1788713022.491561,40.560000,r2_medium_r120,0.017006958834826946,0.001490110531449318,-0.004237502813339233,-0.024597254614774355,0.0,0.0,0.0,0.0,0.017590153731519585,0.024597254614774355,1,3,1788712981.9315438
1788713022.536809,40.592000,r2_medium_r120,0.017582831904292107,0.0016534719616174698,-0.0040441155433654785,-0.026101232892411213,0.0,0.0,0.0,0.0,0.018117527917200452,0.026101232892411213,1,3,1788712981.944785
1788713022.581563,40.624000,r2_medium_r120,0.018517345190048218,0.0019210046157240868,-0.0037394165992736816,-0.026002811715973195,0.0,0.0,0.0,0.0,0.018988564140659994,0.026002811715973195,1,3,1788712981.957544
1788713022.631624,40.660000,r2_medium_r120,0.019247638061642647,0.0021116677671670914,-0.0035241246223449707,-0.02744327679737675,0.0,0.0,0.0,0.0,0.01968121353130201,0.02744327679737675,1,3,1788712981.9716034
1788713022.678976,40.692000,r2_medium_r120,0.01997450739145279,0.002263466827571392,-0.003336995840072632,-0.026229822201874597,0.0,0.0,0.0,0.0,0.020377432832606276,0.0262298222018746,1,3,1788712981.9869552
1788713022.725358,40.724000,r2_medium_r120,0.020885652396827936,0.0024285679683089256,-0.003126084804534912,-0.02565167072423566,0.0,0.0,0.0,0.0,0.02125748867159441,0.02565167072423566,1,3,1788712982.0013309
1788713022.772450,40.756000,r2_medium_r120,0.02163067739456892,0.0025319904088974,-0.0029853880405426025,-0.026601967030447576,0.0,0.0,0.0,0.0,0.02198203179260912,0.026601967030447576,1,3,1788712982.0164342
1788713022.822702,40.792000,r2_medium_r120,0.02218802459537983,0.0026028286665678024,-0.002878248691558838,-0.02661386837341721,0.0,0.0,0.0,0.0,0.022524818934747233,0.02661386837341721,1,3,1788712982.0306835
1788713022.869791,40.824000,r2_medium_r120,0.02306874142959714,0.0026938077062368393,-0.0026773810386657715,-0.028038454849604034,0.0,0.0,0.0,0.0,0.023379302819588086,0.028038454849604034,1,3,1788712982.0457666
1788713022.920660,40.856000,r2_medium_r120,0.023708130232989788,0.002756747417151928,-0.002509579062461853,-0.028540348081325634,0.0,0.0,0.0,0.0,0.02399943921297173,0.028540348081325634,1,3,1788712982.0646405
1788713022.967620,40.888000,r2_medium_r120,0.024249044246971607,0.0028020041063427925,-0.002339959144592285,-0.029073313847366847,0.0,0.0,0.0,0.0,0.024522291546711327,0.029073313847366847,1,3,1788712982.0795996
1788713023.012641,40.924000,r2_medium_r120,0.02477066428400576,0.002816867083311081,-0.0021134614944458008,-0.029996028842201566,0.0,0.0,0.0,0.0,0.025019737583045612,0.029996028842201566,1,3,1788712982.08862
1788713023.056065,40.956000,r2_medium_r120,0.025134341092780232,0.002798808738589287,-0.001918897032737732,-0.031510265674693214,0.0,0.0,0.0,0.0,0.02536238550187412,0.031510265674693214,1,3,1788712982.1000426
1788713023.102452,40.988000,r2_medium_r120,0.02539077284745872,0.0027688434347510338,-0.0017712712287902832,-0.03259231069054865,0.0,0.0,0.0,0.0,0.025602641299743885,0.03259231069054865,1,3,1788712982.1144342
1788713023.148601,41.020000,r2_medium_r120,0.025788035010918975,0.0026796702295541763,-0.0015123933553695679,-0.03260860961486713,0.0,0.0,0.0,0.0,0.025970959087505945,0.03260860961486713,1,3,1788712982.128577
1788713023.194562,41.056000,r2_medium_r120,0.026103975949808955,0.002563510090112686,-0.001286536455154419,-0.033417629773116894,0.0,0.0,0.0,0.0,0.026261079955339904,0.033417629773116894,1,3,1788712982.138542
1788713023.239745,41.088000,r2_medium_r120,0.02640277531463653,0.0024108756333589554,-0.00105246901512146,-0.033659251380958745,0.0,0.0,0.0,0.0,0.026533498764062285,0.033659251380958745,1,3,1788712982.1517267
1788713023.285515,41.120000,r2_medium_r120,0.02665446768514812,0.002210223115980625,-0.0007913410663604736,-0.03385985750263224,0.0,0.0,0.0,0.0,0.026757652260322264,0.03385985750263225,1,3,1788712982.1654892
1788713023.329962,41.152000,r2_medium_r120,0.026904013589955866,0.001857249066233635,-0.0004554837942123413,-0.034883702216119486,0.0,0.0,0.0,0.0,0.026971888825763495,0.034883702216119486,1,3,1788712982.1779373
1788713023.380073,41.188000,r2_medium_r120,0.027035902836360037,0.0016288794577121735,-0.0002310723066329956,-0.03559221862746054,0.0,0.0,0.0,0.0,0.02708591303382166,0.03559221862746053,1,3,1788712982.192057
1788713023.427140,41.220000,r2_medium_r120,0.027223007869906723,0.0013177711516618729,6.842613220214844e-05,-0.03684554421035606,0.0,0.0,0.0,0.0,0.027254969462993786,0.03684554421035606,1,3,1788712982.20712
1788713023.477959,41.252000,r2_medium_r120,0.02740366308717057,0.00101451575756073,0.00035688281059265137,-0.03761687118827398,0.0,0.0,0.0,0.0,0.027424758123965113,0.03761687118827398,1,3,1788712982.225936
1788713023.522202,41.284000,r2_medium_r120,0.02763215609593317,0.0006218887865543365,0.0007005929946899414,-0.039405885642013076,0.0,0.0,0.0,0.0,0.0276480311544433,0.039405885642013076,1,3,1788712982.238184
1788713023.567987,41.320000,r2_medium_r120,0.027827108366182074,0.0002739951014518738,0.0009676814079284668,-0.04036019058338157,0.0,0.0,0.0,0.0,0.027845276810369662,0.04036019058338157,1,3,1788712982.2479694
1788713023.620658,41.352000,r2_medium_r120,0.027963009575614706,9.743496775627136e-06,0.0011634677648544312,-0.04134242881947626,0.0,0.0,0.0,0.0,0.027987205232061035,0.04134242881947626,1,3,1788712982.268633
1788713023.667571,41.384000,r2_medium_r120,0.028195285060064634,-0.00040875189006328583,0.0014684498310089111,-0.04277624394582482,0.0,0.0,0.0,0.0,0.028236457331473515,0.04277624394582482,1,3,1788712982.283555
1788713023.715508,41.416000,r2_medium_r120,0.02839506145392079,-0.0007241759449243546,0.0017153620719909668,-0.04435457493700876,0.0,0.0,0.0,0.0,0.028456043519947925,0.04435457493700876,1,3,1788712982.2994869
1788713023.763256,41.452000,r2_medium_r120,0.028599060635315254,-0.0009987857192754745,0.001963883638381958,-0.04603786395927656,0.0,0.0,0.0,0.0,0.02868380520573537,0.04603786395927656,1,3,1788712982.3112378
1788713023.812010,41.484000,r2_medium_r120,0.028898524004034698,-0.0012466609477996826,0.0022655129432678223,-0.047623441558749646,0.0,0.0,0.0,0.0,0.029013986317406516,0.047623441558749646,1,3,1788712982.327993
1788713023.861651,41.516000,r2_medium_r120,0.029139258607756346,-0.0014012586325407028,0.00248149037361145,-0.04721311513537189,0.0,0.0,0.0,0.0,0.029278280558108234,0.04721311513537189,1,3,1788712982.3456342
1788713023.906830,41.548000,r2_medium_r120,0.0293221699539572,-0.0014998074620962143,0.0026442110538482666,-0.04682217749726263,0.0,0.0,0.0,0.0,0.029479330476274445,0.046822177497262626,1,3,1788712982.3588104
1788713023.953961,41.584000,r2_medium_r120,0.029633190017193556,-0.0016188081353902817,0.0028996169567108154,-0.04632596258716256,0.0,0.0,0.0,0.0,0.029818689925446933,0.04632596258716256,1,3,1788712982.3699439
1788713023.999951,41.616000,r2_medium_r120,0.029869752004742622,-0.0016688257455825806,0.0030844807624816895,-0.04594351746940749,0.0,0.0,0.0,0.0,0.03007492453470274,0.04594351746940748,1,3,1788712982.383934
1788713024.045711,41.648000,r2_medium_r120,0.030101093230769038,-0.001689467579126358,0.003256171941757202,-0.04446760199127198,0.0,0.0,0.0,0.0,0.030323798741296506,0.04446760199127198,1,3,1788712982.3976843
1788713024.089014,41.680000,r2_medium_r120,0.030421803472563624,-0.0016524232923984528,0.003460407257080078,-0.044040375923014886,0.0,0.0,0.0,0.0,0.030662534918779915,0.044040375923014886,1,3,1788712982.4089956
1788713024.137878,41.716000,r2_medium_r120,0.030709081795066595,-0.0015750676393508911,0.0036028921604156494,-0.04256406415591941,0.0,0.0,0.0,0.0,0.030959802562099868,0.04256406415591941,1,3,1788712982.4218552
1788713024.183095,41.748000,r2_medium_r120,0.030937427189201117,-0.001523016020655632,0.003703296184539795,-0.04320983196537025,0.0,0.0,0.0,0.0,0.03119548655681974,0.04320983196537025,1,3,1788712982.4350748
1788713024.228853,41.780000,r2_medium_r120,0.031251133885234594,-0.001444527879357338,0.003832608461380005,-0.04344216212856336,0.0,0.0,0.0,0.0,0.03151839014806023,0.043442162128563354,1,3,1788712982.4488368
1788713024.273444,41.812000,r2_medium_r120,0.03167754225432873,-0.0013290215283632278,0.003975778818130493,-0.04141680390357636,0.0,0.0,0.0,0.0,0.031953713379016375,0.04141680390357636,1,3,1788712982.4614275
1788713024.318696,41.848000,r2_medium_r120,0.03204657766036689,-0.0012510810047388077,0.004075139760971069,-0.040348206141511925,0.0,0.0,0.0,0.0,0.032328858740973083,0.04034820614151193,1,3,1788712982.4706645
1788713024.368770,41.880000,r2_medium_r120,0.03241369128227234,-0.0011951476335525513,0.004157125949859619,-0.03993944212095372,0.0,0.0,0.0,0.0,0.03270103142977971,0.03993944212095372,1,3,1788712982.488753
1788713024.414529,41.912000,r2_medium_r120,0.032688710372895,-0.001166604459285736,0.004200756549835205,-0.03977163571419161,0.0,0.0,0.0,0.0,0.03297816106756746,0.03977163571419161,1,3,1788712982.5025089
1788713024.463224,41.944000,r2_medium_r120,0.03312855074182153,-0.0011642929166555405,0.004227489233016968,-0.03872274904190439,0.0,0.0,0.0,0.0,0.0334174822131245,0.03872274904190439,1,3,1788712982.5192063
1788713024.510486,41.980000,r2_medium_r120,0.03347176406532526,-0.001202588900923729,0.0041963160037994385,-0.038651163358912194,0.0,0.0,0.0,0.0,0.033755211119368925,0.038651163358912194,1,3,1788712982.53047
1788713024.555875,42.012000,r2_medium_r120,0.03381495596840978,-0.0012732688337564468,0.004135221242904663,-0.03887661061021776,0.0,0.0,0.0,0.0,0.03409065143695963,0.03887661061021776,1,3,1788712982.5438552
1788713024.607462,42.044000,r2_medium_r120,0.03425299562513828,-0.0013773329555988312,0.004034221172332764,-0.03854235856801768,0.0,0.0,0.0,0.0,0.03451723766226983,0.03854235856801768,1,3,1788712982.5634408
1788713024.655053,42.076000,r2_medium_r120,0.034588008653372526,-0.001462770625948906,0.003925293684005737,-0.03911922771489033,0.0,0.0,0.0,0.0,0.03484075158511376,0.039119227714890334,1,3,1788712982.5790348
1788713024.705753,42.112000,r2_medium_r120,0.03481991868466139,-0.0015322975814342499,0.003842175006866455,-0.039740910423789806,0.0,0.0,0.0,0.0,0.035064754125302085,0.039740910423789806,1,3,1788712982.5937347
1788713024.755035,42.144000,r2_medium_r120,0.03516967920586467,-0.001653272658586502,0.003701448440551758,-0.04043359424342013,0.0,0.0,0.0,0.0,0.03540254745756472,0.04043359424342013,1,3,1788712982.6110158
1788713024.798013,42.176000,r2_medium_r120,0.035406095907092094,-0.0017558466643095016,0.0036025643348693848,-0.03997974292867609,0.0,0.0,0.0,0.0,0.03563219183095033,0.03997974292867609,1,3,1788712982.6219947
1788713024.845452,42.208000,r2_medium_r120,0.03560000937432051,-0.0018853340297937393,0.003508955240249634,-0.03961701456498147,0.0,0.0,0.0,0.0,0.03582217077081848,0.03961701456498147,1,3,1788712982.6374326
1788713024.893568,42.244000,r2_medium_r120,0.03579816361889243,-0.002045644447207451,0.003397315740585327,-0.04009553493759626,0.0,0.0,0.0,0.0,0.03601714777617202,0.04009553493759626,1,3,1788712982.6495464
1788713024.942525,42.276000,r2_medium_r120,0.03592938231304288,-0.0021648257970809937,0.003325849771499634,-0.03946724342435639,0.0,0.0,0.0,0.0,0.036147866615211056,0.039467243424356396,1,3,1788712982.6665056
1788713024.988308,42.308000,r2_medium_r120,0.03602885687723756,-0.0022587087005376816,0.003268212080001831,-0.03888588500811357,0.0,0.0,0.0,0.0,0.03624722752258747,0.03888588500811357,1,3,1788712982.6802866
1788713025.034758,42.340000,r2_medium_r120,0.03618174232542515,-0.002418903633952141,0.0031786561012268066,-0.039241214185110215,0.0,0.0,0.0,0.0,0.03640155803126667,0.039241214185110215,1,3,1788712982.6947398
1788713025.081034,42.376000,r2_medium_r120,0.03626491688191891,-0.0025610551238059998,0.003124445676803589,-0.03836623369587374,0.0,0.0,0.0,0.0,0.03648924993182179,0.03836623369587374,1,3,1788712982.7050133
1788713025.129752,42.408000,r2_medium_r120,0.03632692061364651,-0.0027270596474409103,0.0030832290649414062,-0.038474993626068606,0.0,0.0,0.0,0.0,0.03655938069849892,0.038474993626068606,1,3,1788712982.7217324
1788713025.178347,42.440000,r2_medium_r120,0.03637865465134382,-0.0029269084334373474,0.003064483404159546,-0.03870118525906326,0.0,0.0,0.0,0.0,0.036624641510243285,0.03870118525906326,1,3,1788712982.7383254
1788713025.220878,42.472000,r2_medium_r120,0.03643170464783907,-0.0032203402370214462,0.0030525624752044678,-0.03733048147844469,0.0,0.0,0.0,0.0,0.03670092413624737,0.03733048147844469,1,3,1788712982.7488587
1788713025.268324,42.508000,r2_medium_r120,0.03645716514438391,-0.00342542864382267,0.0030438899993896484,-0.03717991185662321,0.0,0.0,0.0,0.0,0.03674402969309689,0.03717991185662321,1,3,1788712982.7603035
1788713025.314424,42.540000,r2_medium_r120,0.036484768614172935,-0.003709675744175911,0.00301969051361084,-0.03811256173889738,0.0,0.0,0.0,0.0,0.03679699125953992,0.03811256173889738,1,3,1788712982.7744014
1788713025.362273,42.572000,r2_medium_r120,0.03648299165070057,-0.003991948440670967,0.0029837489128112793,-0.03963297288090977,0.0,0.0,0.0,0.0,0.03682182898380749,0.03963297288090977,1,3,1788712982.7902544
1788713025.410487,42.604000,r2_medium_r120,0.03640542924404144,-0.004351360723376274,0.002895534038543701,-0.04038180274486628,0.0,0.0,0.0,0.0,0.03677871308183872,0.04038180274486628,1,3,1788712982.8064692
1788713025.456854,42.640000,r2_medium_r120,0.03627598378807306,-0.004680639132857323,0.0027913153171539307,-0.040674591320180614,0.0,0.0,0.0,0.0,0.036683059082965715,0.040674591320180614,1,3,1788712982.8168309
1788713025.503839,42.672000,r2_medium_r120,0.0361459506675601,-0.004971306771039963,0.002702385187149048,-0.04124537226798366,0.0,0.0,0.0,0.0,0.03658615211214755,0.04124537226798366,1,3,1788712982.8318198
1788713025.550976,42.704000,r2_medium_r120,0.035891460720449686,-0.005490502342581749,0.0025236308574676514,-0.04272174893975047,0.0,0.0,0.0,0.0,0.03639658337435316,0.04272174893975047,1,3,1788712982.8469527
1788713025.594563,42.736000,r2_medium_r120,0.03564499644562602,-0.005928449332714081,0.0023561716079711914,-0.043756196139247125,-0.0026257559657096863,0.007826503366231918,-0.0021983981132507324,-0.08794628713894055,0.04092179516132535,0.044190090999693434,1,3,1788712982.8585453
1788713025.643003,42.772000,r2_medium_r120,0.03534797392785549,-0.0063852183520793915,0.0022043585777282715,-0.0437833241248035,0.0034370566718280315,0.00851557869464159,-0.002196626039221883,-0.007295324759889633,0.035492380285735016,0.03648799936491386,1,3,1788712982.8709853
1788713025.691218,42.804000,r2_medium_r120,0.034933801740407944,-0.006975686177611351,0.0020206570625305176,-0.04534803656808473,0.004918358288705349,0.008700493723154068,-0.00225477060303092,0.014188486954192853,0.03413134547021207,0.05953652352227759,1,1,1788712982.8871982
1788713025.743879,42.836000,r2_medium_r120,0.03458621492609382,-0.007479134947061539,0.001887202262878418,-0.04578163673191269,0.006386860273778439,0.008886412717401981,-0.0023130495101213455,0.035735765033363995,0.03287365005778148,0.08151740176527669,1,1,1788712982.9078615
1788713025.796124,42.868000,r2_medium_r120,0.03430391987785697,-0.007872790098190308,0.0017723441123962402,-0.04695606415667813,0.007842986844480038,0.009073381312191486,-0.002371566602960229,0.05732304622663906,0.0316942533984277,0.10427911038331718,1,1,1788712982.928104
1788713025.845872,42.904000,r2_medium_r120,0.033811384811997414,-0.008538952097296715,0.0015772581100463867,-0.04705032223042369,0.012148535810410976,0.009616280905902386,-0.002353983698412776,0.11966175647703282,0.02853675129412179,0.1667120787074565,1,1,1788712982.9418507
1788713025.893086,42.936000,r2_medium_r120,0.03339973697438836,-0.009076535701751709,0.0014119148254394531,-0.047320135495373096,0.009778080508112907,0.009307068772614002,-0.0023811920545995235,0.08422771542516239,0.03017162951323728,0.1315478509205355,1,1,1788712982.9570682
1788713025.946614,42.968000,r2_medium_r120,0.033004439901560545,-0.009597068652510643,0.0012168437242507935,-0.048520270337372856,0.015177933499217033,0.01000404916703701,-0.0023760672193020582,0.163811582320309,0.026737560833720128,0.21233185265768187,1,1,1788712982.9785879
1788713025.997620,43.000000,r2_medium_r120,0.03254549251869321,-0.01019013486802578,0.0009502321481704712,-0.048348865892429586,0.01775692217051983,0.010356881655752659,-0.0023863648530095816,0.20380306761531236,0.025534576176619434,0.25215193350774195,1,1,1788712982.9975946
1788713026.037044,43.036000,r2_medium_r120,0.032211951445788145,-0.010618943721055984,0.000718727707862854,-0.049044853529510185,0.02976374700665474,0.00792745128273964,-0.004325827583670616,0.0035455628375938284,0.01937550026972068,0.052590416367104015,1,7,1788712983.0010238
1788713026.086528,43.068000,r2_medium_r120,0.03198521723970771,-0.010903431102633476,0.0005536675453186035,-0.05033316826915535,0.054198168218135834,-0.00013263802975416183,-0.006976244039833546,0.11646879625136473,0.02580939253583944,0.16680196452052007,1,6,1788712983.0185032
1788713026.134760,43.100000,r2_medium_r120,0.03172285598702729,-0.011238150298595428,0.00033836066722869873,-0.050671146522323254,0.058270618319511414,0.0018352051265537739,-0.007223502267152071,0.020369214823679174,0.03054305285940983,0.07104036134600243,1,5,1788712983.0347419
1788713026.187791,43.132000,r2_medium_r120,0.03144887019880116,-0.011584052816033363,6.417930126190186e-05,-0.05055131706775727,0.07080036401748657,-0.001564609818160534,-0.006076116114854813,-0.4735900954630222,0.04106863196585495,0.42303877839526494,1,5,1788712983.055771
1788713026.246152,43.168000,r2_medium_r120,0.03129222942516208,-0.011815166100859642,-0.00016002357006072998,-0.050176086491569294,-0.5436417460441589,0.05937311798334122,0.010884679853916168,-2.2585594440079104,0.5794297484713176,2.208383357516341,1,3,1788712983.0781252
1788713026.291876,43.200000,r2_medium_r120,0.031218208838254213,-0.01203865371644497,-0.00038421154022216797,-0.0503772995548374,-0.6035119891166687,0.03507810831069946,-2.4255365133285522e-05,-1.3914220778545836,0.6364766633807293,1.341044778299746,1,15,1788712983.0918567
1788713026.340201,43.232000,r2_medium_r120,0.031212853034958243,-0.012215808033943176,-0.000552937388420105,-0.05011763922853976,-0.6082595586776733,0.041413191705942154,-0.0018524357583373785,-1.1115025502641263,0.6417185704424357,1.0613849110355864,1,15,1788712983.1081822
1788713026.393042,43.264000,r2_medium_r120,0.03140290663577616,-0.012524055317044258,-0.0008373260498046875,-0.05032694602500996,-0.5926461219787598,0.03794489800930023,-0.001501371618360281,-1.3972654096895654,0.6260868520589773,1.3469384636645554,1,8,1788712983.129023
1788713026.444622,43.300000,r2_medium_r120,0.03170023625716567,-0.012747954577207565,-0.001069679856300354,-0.05008668229678919,-0.5960835218429565,0.037939831614494324,-0.0018464361783117056,-1.4896094210136392,0.6298272000745222,1.4395227387168499,1,10,1788712983.1446054
1788713026.493153,43.332000,r2_medium_r120,0.03210642212070525,-0.012952946126461029,-0.0013054758310317993,-0.050483319371337494,-0.6067895889282227,0.0453997403383255,0.001040774630382657,-2.2797981147696413,0.6415595481661208,2.229314795398304,1,19,1788712983.1611211
1788713026.541842,43.364000,r2_medium_r120,0.03259820770472288,-0.013171518221497536,-0.001589938998222351,-0.050134343839635304,-0.6064803600311279,0.043056387454271317,0.0010412964038550854,-1.6986767374233265,0.6415527386861744,1.6485423935836911,1,22,1788712983.1778219
1788713026.595042,43.396000,r2_medium_r120,0.03257982153445482,-0.013225743547081947,-0.0018216073513031006,-0.05010810526484249,-0.6089272499084473,0.039738353341817856,0.0008046528091654181,-1.375226704728912,0.6436951262149931,1.3251185994640697,1,22,1788712983.1990266
1788713026.645088,43.432000,r2_medium_r120,0.03173711197450757,-0.013113552704453468,-0.0019899308681488037,-0.049165592795374656,-0.613896906375885,0.03326977416872978,0.001628007274121046,-0.5305448260258943,0.6473081091254002,0.4813792332305196,1,21,1788712983.2130702
1788713026.695872,43.464000,r2_medium_r120,0.02850080546340905,-0.012610465288162231,-0.002252638339996338,-0.04748105672448491,-0.6158341765403748,0.03324029967188835,0.0023585972376167774,-0.8879814971511202,0.6459807467524016,0.8405004404266353,1,18,1788712983.2318554
1788713026.744156,43.496000,r2_medium_r120,0.024897718569263816,-0.011994779109954834,-0.0024780333042144775,-0.045465552844219714,-0.6101634502410889,0.029662292450666428,0.0011528837494552135,-0.5756420913166246,0.6364363151961306,0.5301765384724048,1,16,1788712983.2481387
1788713026.788448,43.528000,r2_medium_r120,0.020460561849176884,-0.0111885666847229,-0.0027045011520385742,-0.04393943453240301,-0.6268448233604431,0.045168858021497726,0.005551258102059364,-2.3795066783988794,0.6498065701435725,2.335567243866476,1,19,1788712983.2604249
1788713026.841934,43.564000,r2_medium_r120,0.014241796918213367,-0.010015066713094711,-0.0029687434434890747,-0.04117021167909185,-0.6322161555290222,0.04998911917209625,0.005213357973843813,-2.4837577224477205,0.6492883283947282,2.442587510768629,1,15,1788712983.277918
1788713026.892639,43.596000,r2_medium_r120,0.00850771926343441,-0.008928606286644936,-0.003183901309967041,-0.03735780982708889,-0.6210503578186035,0.04321838915348053,0.0038885977119207382,-2.010086577829323,0.6317536717701611,1.9727287680022338,1,15,1788712983.29662
1788713026.941378,43.628000,r2_medium_r120,0.003952361643314362,-0.00807650201022625,-0.003355249762535095,-0.03510308209821517,-0.6250463724136353,0.03816830366849899,0.0043032411485910416,-1.5882283747045811,0.6307429286012997,1.5531252926063661,1,18,1788712983.3133595
1788713026.996528,43.660000,r2_medium_r120,-0.004090232774615288,-0.006589803844690323,-0.0036368966102600098,-0.031446202960650975,-0.6285535097122192,0.03630182147026062,0.005542484112083912,-1.8784026851573883,0.6260018664479,1.8469564821967372,1,15,1788712983.3365083
1788713027.049177,43.696000,r2_medium_r120,-0.010502493008971214,-0.005381062626838684,-0.0038696080446243286,-0.028307597311637442,-0.6171461343765259,0.020634474232792854,0.004145415965467691,1.189244091939446,0.6072541118672343,1.2175516892510834,1,16,1788712983.3531537
1788713027.097651,43.728000,r2_medium_r120,-0.01710931397974491,-0.0041369423270225525,-0.004106491804122925,-0.025335412585135303,-0.639168381690979,0.036505892872810364,0.01994144916534424,0.760403352272926,0.6238490420283752,0.7857387648580613,1,17,1788712983.3696356
1788713027.148451,43.760000,r2_medium_r120,-0.023829633370041847,-0.0028997212648391724,-0.004329472780227661,-0.02328918499843383,-0.6359266638755798,0.04284278675913811,0.022166434675455093,0.014988926969808235,0.6143754429548118,0.03827811196824206,1,16,1788712983.3884313
1788713027.199325,43.792000,r2_medium_r120,-0.03228255175054073,-0.0014394037425518036,-0.0045914798974990845,-0.02034446254959244,-0.626965343952179,0.04098157584667206,0.0200777780264616,0.4487465327169353,0.5967040599296817,0.4690909952665278,1,16,1788712983.407305
1788713027.252770,43.828000,r2_medium_r120,-0.037271877750754356,-0.0006009526550769806,-0.004744201898574829,-0.018524025501505108,-0.6229705214500427,0.043635156005620956,0.016971880570054054,-0.11907229354030768,0.587768085879466,0.10054826803880258,1,17,1788712983.4247482
1788713027.301234,43.860000,r2_medium_r120,-0.04392906837165356,0.00048151053488254547,-0.004932418465614319,-0.01708256945530125,-0.6233373880386353,0.051177073270082474,0.01622219942510128,-0.6018939599203196,0.5820064938112427,0.5848113904650184,1,14,1788712983.4412081
1788713027.352543,43.892000,r2_medium_r120,-0.05052050016820431,0.001513451337814331,-0.005091920495033264,-0.01434270338429613,-0.6151942610740662,0.04997702315449715,0.008914684876799583,-0.8271331415892746,0.5669227099374688,0.8127904382049785,1,14,1788712983.4605274
1788713027.406137,43.924000,r2_medium_r120,-0.058625077828764915,0.002810702659189701,-0.005233749747276306,-0.01242574385986985,-0.6170403957366943,0.05175046622753143,0.009124490432441235,-0.857812477262235,0.5607396247755259,0.8453867334023651,1,16,1788712983.4821227
1788713027.454077,43.960000,r2_medium_r120,-0.0648124273866415,0.0038502728566527367,-0.0053142160177230835,-0.011264125984655485,-0.6327894926071167,0.07165881991386414,0.019767235964536667,-3.2508658568899773,0.5725600622677174,3.239601730905322,1,18,1788712983.4940605
1788713027.498029,43.992000,r2_medium_r120,-0.069309426471591,0.004629051312804222,-0.005352288484573364,-0.010782589665237348,-0.6221161484718323,0.05621034651994705,0.014503678306937218,-1.415820679954089,0.5555629229179392,1.4050380902888517,1,18,1788712983.5060103
1788713027.551404,44.024000,r2_medium_r120,-0.07672254554927349,0.005942964926362038,-0.005362123250961304,-0.009111859413690845,-0.6293777227401733,0.06091231480240822,0.017862174659967422,-1.7456770927895342,0.5558675582503045,1.7365652333758435,1,19,1788712983.527382
1788713027.599620,44.056000,r2_medium_r120,-0.08238360099494457,0.006961743347346783,-0.00535188615322113,-0.007502643418057403,-0.624281108379364,0.05536118894815445,0.014609000645577908,-1.6485039773439871,0.5444206570710804,1.6410013339259297,1,21,1788712983.5436018
1788713027.650656,44.092000,r2_medium_r120,-0.08771171979606152,0.007943328469991684,-0.005349695682525635,-0.007913114068950216,-0.6232660412788391,0.05556235834956169,0.016373910009860992,-1.9521896231383982,0.5381058616200236,1.9442765090694483,1,13,1788712983.5586402
1788713027.699542,44.124000,r2_medium_r120,-0.09407437406480312,0.009186159819364548,-0.005327939987182617,-0.007199953953111372,-0.6179106831550598,0.049207910895347595,0.012237710878252983,-1.2401540836206908,0.5256565146279625,1.2329541296675794,1,15,1788712983.5755224
1788713027.746300,44.156000,r2_medium_r120,-0.09900086931884289,0.010207627899944782,-0.005265578627586365,-0.006899410429143756,-0.6313846111297607,0.06222691386938095,0.014251923188567162,-2.5689391919697533,0.5352750578296243,2.5620397815406095,1,13,1788712983.5902793
1788713027.799214,44.188000,r2_medium_r120,-0.10252220742404461,0.010949643794447184,-0.005206495523452759,-0.006069334466288608,-0.622623085975647,0.054430387914180756,0.011299647390842438,-1.568063919191005,0.5221761692506289,1.5619945847247165,1,19,1788712983.6111917
1788713027.847627,44.224000,r2_medium_r120,-0.10807196609675884,0.012114262208342552,-0.005077391862869263,-0.005348836579078726,-0.6168755888938904,0.050867047160863876,0.010174432769417763,-0.9311590390935294,0.5105051645847241,0.9258102025144507,1,13,1788712983.6236088
1788713027.896281,44.256000,r2_medium_r120,-0.11224141530692577,0.012961265165358782,-0.0049554407596588135,-0.005259807579755525,-0.6269184350967407,0.0582008995115757,0.010604151524603367,-2.086336151895293,0.5168956955978231,2.0810763443155373,1,12,1788712983.6402621
1788713027.945742,44.288000,r2_medium_r120,-0.1161693911999464,0.013756432803347707,-0.004826903343200684,-0.005065353047030524,-0.6277309060096741,0.05574631318449974,0.01037974376231432,-1.9337742257137562,0.5135071329641278,1.9287088726667256,1,12,1788712983.6577208
1788713027.996562,44.320000,r2_medium_r120,-0.12077131681144238,0.014677553903311491,-0.0046806782484054565,-0.004610687990531117,-0.6205551028251648,0.050349049270153046,0.009184912778437138,-1.1869108517273566,0.5012469879794197,1.1823001637368253,1,14,1788712983.676541
1788713028.047071,44.356000,r2_medium_r120,-0.12418578378856182,0.015396329225040972,-0.004569441080093384,-0.00370887956550114,-0.6217178106307983,0.05437473952770233,0.010202150791883469,-1.349388479775054,0.49927510866244756,1.3456796002095528,1,16,1788712983.6910503
1788713028.099912,44.388000,r2_medium_r120,-0.12657818011939526,0.015908459085039794,-0.004484966397285461,-0.003835181880273417,-0.6190374493598938,0.05651138722896576,0.010290720500051975,-1.5011475038495412,0.494351140949462,1.497312321969268,1,17,1788712983.711883
1788713028.153351,44.420000,r2_medium_r120,-0.1296596359461546,0.016575361500144936,-0.004362031817436218,-0.003377330413459993,-0.629716157913208,0.08054788410663605,0.01573382318019867,-5.640756253384083,0.504532310361299,5.6373789229706235,1,19,1788712983.7333245
1788713028.214435,44.452000,r2_medium_r120,-0.13323363475501537,0.01742045913124457,-0.004208609461784363,-0.0029126181195550964,-0.6288349032402039,0.07369358092546463,0.01511012576520443,-4.62994751810616,0.4991597891370713,4.627034899986605,1,16,1788712983.762419
1788713028.324101,44.488000,r2_medium_r120,-0.13581673614680767,0.018094476079568267,-0.004115238785743713,-0.002769470416022089,-0.6284945607185364,0.06454891711473465,0.017099646851420403,-3.1206704824514087,0.4953176004234241,3.1179010120353863,1,16,1788712983.8360806
1788713028.373864,44.520000,r2_medium_r120,-0.13819406740367413,0.018753638956695795,-0.004034191370010376,-0.0023217656074314068,-0.6254069805145264,0.059012025594711304,0.015512688085436821,-2.3049248500117154,0.4892639787406228,2.302603084404284,1,18,1788712983.853841
1788713028.424914,44.552000,r2_medium_r120,-0.13982346467673779,0.019255965016782284,-0.003987863659858704,-0.0020346319092736874,-0.6347837448120117,0.06393055617809296,0.018952831625938416,-2.584918647487595,0.4975015311606738,2.5828840155783213,1,19,1788712983.8728921
1788713028.471303,44.584000,r2_medium_r120,-0.1423806380480528,0.020147768314927816,-0.003934770822525024,-0.0020726518009747054,-0.6438547372817993,0.07019786536693573,0.021243052557110786,-3.3771444923897063,0.5045941014393143,3.3750718405887317,1,22,1788712983.8872857
1788713028.519399,44.620000,r2_medium_r120,-0.1442501526325941,0.020948661491274834,-0.0038754642009735107,-0.0017344964331917497,-0.6427716612815857,0.06804285198450089,0.01953384466469288,-3.162435728136684,0.5012878944333755,3.1607012317034924,1,21,1788712983.8993757
1788713028.568283,44.652000,r2_medium_r120,-0.14595591835677624,0.021799407433718443,-0.0038061439990997314,-0.0033857151346183595,-0.638047456741333,0.05960807576775551,0.015769360587000847,-2.3924632825512204,0.4939299322076699,2.389077567416602,1,20,1788712983.9162517
1788713028.616787,44.684000,r2_medium_r120,-0.14792090468108654,0.022912282031029463,-0.0037090182304382324,-0.006178407844206515,-0.6424015164375305,0.06030762940645218,0.016005482524633408,-2.354268070637025,0.4962843428402485,2.3480896627928183,1,20,1788712983.9327707
1788713028.662274,44.716000,r2_medium_r120,-0.14934694580733776,0.023861206136643887,-0.0036346465349197388,-0.007344361999348785,-0.6364209651947021,0.0581851564347744,0.01416010968387127,-1.9148464017635587,0.48860606553246694,1.90750203976421,1,15,1788712983.9462528
1788713028.713369,44.752000,r2_medium_r120,-0.15032346360385418,0.02459016442298889,-0.003592267632484436,-0.008623425318998736,-0.629685640335083,0.05504954978823662,0.012604955583810806,-1.6392860821564583,0.480601935781837,1.6306626568374596,1,14,1788712983.9613497
1788713028.760709,44.784000,r2_medium_r120,-0.15170310251414776,0.025780617259442806,-0.0035557150840759277,-0.011430144931366406,-0.643896758556366,0.07333932816982269,0.022164594382047653,-4.458603923372051,0.495154481299216,4.447173778440685,1,16,1788712983.9766834
1788713028.808959,44.816000,r2_medium_r120,-0.15260198526084423,0.026675842702388763,-0.0035467445850372314,-0.013928868485601752,-0.6325286626815796,0.05836610868573189,0.020101526752114296,-2.3409913658309907,0.48155283136478094,2.327062497345389,1,16,1788712983.9929402
1788713028.855373,44.848000,r2_medium_r120,-0.15330450050532818,0.027486655861139297,-0.0035477131605148315,-0.01758480751616892,-0.6253349781036377,0.05365629121661186,0.015472948551177979,-1.6820650858410489,0.47313783104744145,1.6644802783248798,1,17,1788712984.007357
1788713028.905236,44.884000,r2_medium_r120,-0.15391051582992077,0.028357715345919132,-0.0035579651594161987,-0.02176778046463209,-0.6473246812820435,0.05591508001089096,0.019298342987895012,-1.88389739118365,0.4947113884258354,1.8621296107190182,1,15,1788712984.021217
1788713028.952470,44.916000,r2_medium_r120,-0.15412884764373302,0.028945578262209892,-0.00357779860496521,-0.02454644562769328,-0.6462694406509399,0.06293587386608124,0.019384460523724556,-2.7411144986486193,0.49384711077925414,2.716568053020926,1,17,1788712984.0364542
1788713029.001493,44.948000,r2_medium_r120,-0.15419055335223675,0.029344365000724792,-0.003597348928451538,-0.024774243342984115,-0.6373862624168396,0.05878797173500061,0.018874989822506905,-2.9669485270018106,0.4846132739049817,2.9421742836588267,1,15,1788712984.0534651
1788713029.050539,44.980000,r2_medium_r120,-0.15399998240172863,0.029971580021083355,-0.0036180466413497925,-0.023245921140968535,-0.6535842418670654,0.08441219478845596,0.029868029057979584,-5.945414267980051,0.5036561625826886,5.922168346839083,1,18,1788712984.0705132
1788713029.098093,45.016000,r2_medium_r120,-0.15354291908442974,0.030393251217901707,-0.0036156773567199707,-0.024328599171589672,-0.654552161693573,0.08931782841682434,0.02742953598499298,-6.4167702324867575,0.5054168301998773,6.392441633315168,1,19,1788712984.082071
1788713029.138110,45.048000,r2_medium_r120,-0.15283742360770702,0.03071764577180147,-0.0036192238330841064,-0.02584576684807857,-0.6086465716362,0.10380233079195023,0.03929571062326431,-5.881126722793213,0.4636216584784921,5.855280955945135,1,20,1788712984.0900912
1788713029.187798,45.080000,r2_medium_r120,-0.15190069191157818,0.030959452502429485,-0.003625050187110901,-0.02745418830989488,-0.6055984497070312,0.10513181984424591,0.03994489833712578,-5.8749167126030555,0.46178083104446377,5.847462524293161,1,9,1788712984.107782
1788713029.243482,45.112000,r2_medium_r120,-0.15039211325347424,0.031219459138810635,-0.0036394447088241577,-0.029408626648988714,-0.602575421333313,0.10646235197782516,0.040607817471027374,-5.866403740133726,0.4605312771563103,5.836995113484737,1,2,1788712984.1314664
1788713029.287147,45.148000,r2_medium_r120,-0.14927211217582226,0.031383165158331394,-0.003650069236755371,-0.030408730703696606,-0.5995739698410034,0.10779404640197754,0.04128173738718033,-5.85729616129976,0.4589436272960269,5.826887430596063,1,10,1788712984.139124
1788713029.335187,45.180000,r2_medium_r120,-0.14764839224517345,0.03163934592157602,-0.003644585609436035,-0.0274086226562536,-0.5966016054153442,0.10912126302719116,0.0419701412320137,-5.846146348184245,0.4578680360092876,5.818737725527992,1,8,1788712984.1551635
1788713029.384761,45.212000,r2_medium_r120,-0.14585374109447002,0.03198071010410786,-0.0036147981882095337,-0.028849405654244792,-0.5936625003814697,0.11045203357934952,0.04267644137144089,-5.833909762947862,0.45698283596004674,5.805060357293617,1,4,1788712984.172741
1788713029.434503,45.244000,r2_medium_r120,-0.14318153075873852,0.0325714573264122,-0.003531336784362793,-0.01976996831628251,-0.5907459855079651,0.1117820292711258,0.043393395841121674,-5.819920053819397,0.4569356479798379,5.800150085503114,1,3,1788712984.190484
1788713029.485037,45.280000,r2_medium_r120,-0.14067290537059307,0.03313208930194378,-0.0034573376178741455,0.023708767221431393,-0.5878604650497437,0.11311216652393341,0.04412585496902466,-5.804337051896335,0.45676874510083454,5.828045819117766,1,2,1788712984.205017
1788713029.530793,45.312000,r2_medium_r120,-0.13858923129737377,0.03360810689628124,-0.003406047821044922,0.13473215254694898,-0.5850160121917725,0.11443305760622025,0.04487796127796173,-5.783427072151996,0.45624652205980976,5.918159224698946,1,6,1788712984.2187717
1788713029.579642,45.344000,r2_medium_r120,-0.13474134914577007,0.03450983017683029,-0.0033408552408218384,0.49942417788264115,-0.5822071433067322,0.11570814996957779,0.04563962295651436,-5.740130324946155,0.45740342294926645,6.239554502828796,1,3,1788712984.2356224
1788713029.627713,45.376000,r2_medium_r120,-0.13127337209880352,0.035275742411613464,-0.0033015161752700806,0.952860285071452,-0.5793902277946472,0.11694608628749847,0.04638597369194031,-5.6714574494511565,0.45820040165503895,6.62431773452261,1,2,1788712984.251691
1788713029.682736,45.412000,r2_medium_r120,-0.1273899655789137,0.036093901842832565,-0.003321439027786255,1.5495427215301498,-0.5766646265983582,0.11811210215091705,0.04716983437538147,-5.577595908969418,0.4594823989074959,7.127138630499568,1,2,1788712984.2707124
1788713029.724943,45.444000,r2_medium_r120,-0.12190471403300762,0.03720742650330067,-0.0034319013357162476,2.5303111291456815,-0.5740004777908325,0.11921387910842896,0.047974035143852234,-5.455324059056024,0.4623399270904359,7.985635188201707,1,5,1788712984.2809258
1788713029.772515,45.476000,r2_medium_r120,-0.11696170084178448,0.03815742954611778,-0.0036139190196990967,3.5361693997109884,-0.571404218673706,0.1202545091509819,0.04880227893590927,-5.30342817474716,0.4647638005494676,8.839597574458148,1,1,1788712984.2964895
1788713029.827502,45.508000,r2_medium_r120,-0.11287925951182842,0.038845306262373924,-0.0038164258003234863,4.400132024587461,-0.5688892006874084,0.12122444808483124,0.04966086521744728,-5.115477923786531,0.4664667299100332,9.51560994837399,1,1,1788712984.3194797
1788713029.880155,45.544000,r2_medium_r120,-0.10537302307784557,0.039930252358317375,-0.004343509674072266,5.9825601689467724,-0.5664605498313904,0.12214185297489166,0.05055556818842888,-4.894564881610717,0.4715658632193312,10.87712505055749,1,27,1788712984.336133
1788713029.930484,45.576000,r2_medium_r120,-0.09944028966128826,0.04112177714705467,-0.00368480384349823,6.92801261730377,-0.5641202926635742,0.12303658574819565,0.05149247869849205,-4.646981530587043,0.47506007364025515,11.574994147890813,1,34,1788712984.3544624
1788713029.972275,45.608000,r2_medium_r120,-0.09295138530433178,0.041584016755223274,-0.003313392400741577,7.815806740852035,-0.5618268251419067,0.1236233115196228,0.052398886531591415,-4.445719269117755,0.47924782940786853,12.26152600996979,1,26,1788712984.3642495
1788713030.024958,45.640000,r2_medium_r120,-0.084065405651927,0.040926532819867134,-0.0027785450220108032,9.02217570892095,-0.5586073994636536,0.12468281388282776,0.05279882997274399,-4.298210495135659,0.48507119386705905,13.320386204056609,1,4,1788712984.3849373
1788713030.065209,45.676000,r2_medium_r120,-0.07590666972100735,0.03983530402183533,-0.002976849675178528,9.95145655303848,-0.5555034875869751,0.12561845779418945,0.05324951559305191,-4.136556182684637,0.4904419041329667,14.088012735723117,1,10,1788712984.3891935
1788713030.115560,45.708000,r2_medium_r120,-0.06946752034127712,0.03898121602833271,-0.0029125213623046875,10.663161987660182,-0.5520613193511963,0.12661603093147278,0.05349891632795334,-4.005441584531784,0.49371944050059013,14.668603572191962,1,3,1788712984.4075408
1788713030.173165,45.740000,r2_medium_r120,-0.06106693856418133,0.03863115608692169,-0.002272665500640869,11.543561497130472,-0.5484471917152405,0.12760122120380402,0.05364357307553291,-3.872450514718851,0.4985797923953601,15.416012011849327,1,2,1788712984.4331477
1788713030.213892,45.772000,r2_medium_r120,-0.0506120752543211,0.03888072073459625,-0.001562371850013733,12.489940869229931,-0.5452398657798767,0.12871187925338745,0.054061610251665115,-3.735212530966426,0.5057868282051926,16.225153400196355,1,25,1788712984.4418726
1788713030.259889,45.808000,r2_medium_r120,-0.042468151077628136,0.039564186707139015,-0.0011334419250488281,13.11659045792991,-0.5420970916748047,0.12980419397354126,0.05451570823788643,-3.6088747180694414,0.5107535267695703,16.725465175999354,1,7,1788712984.451871
1788713030.305771,45.840000,r2_medium_r120,-0.03469511680305004,0.04058132693171501,-0.0006672292947769165,13.680471744628365,-0.5388957858085632,0.1309088170528412,0.05493437498807907,-3.502730231543269,0.515236749947067,17.183201976171635,1,5,1788712984.4657497
1788713030.356664,45.872000,r2_medium_r120,-0.02891501970589161,0.04127330146729946,-0.0002692192792892456,14.158694020685116,-0.5358614921569824,0.13201433420181274,0.05545458942651749,-3.415374900015643,0.5180094630496743,17.57406892070076,1,4,1788712984.4846454
1788713030.414390,45.904000,r2_medium_r120,-0.019323477521538734,0.042315153405070305,0.0004168301820755005,15.10702736191903,-0.5328590273857117,0.1331559121608734,0.055996816605329514,-3.3166980715818037,0.5244615708671491,18.423725433500834,1,4,1788712984.510363
1788713030.457615,45.940000,r2_medium_r120,-0.011716695502400398,0.04299826920032501,0.0009564757347106934,15.905996086847523,-0.5296094417572021,0.13431452214717865,0.056387610733509064,-3.2019122959233046,0.5287950126493718,19.10790838277083,1,10,1788712984.517598
1788713030.507441,45.972000,r2_medium_r120,-0.004208998754620552,0.04347348213195801,0.0014941394329071045,16.7140727549984,-0.5264667272567749,0.13543438911437988,0.05683811753988266,-3.0805658986541893,0.5331724855109883,19.79463865365259,1,5,1788712984.535421
1788713030.552969,46.004000,r2_medium_r120,0.004879515618085861,0.04399579018354416,0.0021660327911376953,17.688353446102443,-0.5233288407325745,0.13655917346477509,0.05729083716869354,-2.9587682835341105,0.539083288278164,20.647121729636556,1,5,1788712984.5489316
1788713030.601847,46.036000,r2_medium_r120,0.011837482452392578,0.0443654078990221,0.002701312303543091,18.418848075481474,-0.5201955437660217,0.13770300149917603,0.05774785205721855,-2.8412539052954036,0.5429559548481299,21.260101980776877,1,4,1788712984.5658295
1788713030.648060,46.072000,r2_medium_r120,0.016832553781569004,0.04462770000100136,0.003084897994995117,18.946743221810735,-1.0022125244140625,0.4051794409751892,0.1461872011423111,-1.438972421440124,1.090380070654414,20.385715643250855,1,3,1788712984.5760407
1788713030.701499,46.104000,r2_medium_r120,0.024560684571042657,0.04510834440588951,0.0037061870098114014,19.749343831910174,-0.9878855347633362,0.42858174443244934,0.1514030545949936,-2.686483269440499,1.0926635164893546,22.43582710135067,1,3,1788712984.5974772
1788713030.756451,46.136000,r2_medium_r120,0.03016174293588847,0.045513030141592026,0.004207223653793335,20.313887453810427,-0.541721522808075,0.24564744532108307,0.14785227179527283,-2.2633894131003105,0.6226862401183967,22.57727686691074,1,2,1788712984.620425
1788713030.797968,46.168000,r2_medium_r120,0.03513703402131796,0.04587453417479992,0.004692792892456055,20.73529815381103,-0.6402497291564941,-0.028246566653251648,0.09743480384349823,19.849162302478348,0.6857421512923115,0.8861358513326809,1,19,1788712984.6299503
1788713030.845214,46.204000,r2_medium_r120,0.040326098911464214,0.04628331400454044,0.005308568477630615,21.011339695978396,-0.6402497887611389,-0.028246620669960976,0.09743478149175644,19.84916825455967,0.6908150904317748,1.1621714414187245,1,8,1788712984.641192
1788713030.893054,46.236000,r2_medium_r120,0.04359671380370855,0.046537650749087334,0.005800813436508179,21.022635101156272,-0.6402497291564941,-0.028246644884347916,0.09743476659059525,19.849160077345147,0.6939995891881754,1.1734750238111247,1,4,1788712984.65704
1788713030.943369,46.268000,r2_medium_r120,0.04555729776620865,0.04669767990708351,0.00614890456199646,20.915420286199513,-0.6402497887611389,-0.028246698901057243,0.09743477404117584,19.849157232058115,0.6959031037526968,1.0662630541413969,1,4,1788712984.6753457
1788713030.990803,46.300000,r2_medium_r120,0.04770934209227562,0.04712678864598274,0.006917238235473633,20.625014912287075,-0.6402497887611389,-0.02824673056602478,0.09743477404117584,19.849157539053344,0.6979701694279813,0.7758573732337289,1,4,1788712984.690782
1788713031.038488,46.336000,r2_medium_r120,0.04834737442433834,0.04758033528923988,0.007662773132324219,20.29792930491381,-0.6402497887611389,-0.028246765956282616,0.09743478149175644,19.849155372100558,0.6985519421741461,0.44877393281325384,1,4,1788712984.7024655
1788713031.094521,46.368000,r2_medium_r120,0.04812067747116089,0.047872766852378845,0.008429020643234253,20.037330642687348,-0.6402497887611389,-0.028246795758605003,0.09743477404117584,19.849158883451086,0.698262207720636,0.18817175923625903,1,4,1788712984.7264974
1788713031.142479,46.400000,r2_medium_r120,0.04710834100842476,0.04764317721128464,0.009311765432357788,19.844219425960947,-0.6402497887611389,-0.028246814385056496,0.09743478149175644,19.849156772219125,0.6971270725945236,0.004937346258176704,1,4,1788712984.742462
1788713031.196874,46.432000,r2_medium_r120,0.04489916004240513,0.046697935089468956,0.010590791702270508,19.490167336180452,-0.6402498483657837,-0.02824684977531433,0.09743478894233704,19.849155575427012,0.694685370767073,0.3589882392465611,1,4,1788712984.7648566
1788713031.258440,46.468000,r2_medium_r120,0.04317179694771767,0.04583456926047802,0.011462599039077759,19.202382378211404,-0.6402499079704285,-0.028246914967894554,0.09743478894233704,19.849156694238427,0.6927802757696456,0.6467743160270242,1,4,1788712984.7904148
1788713031.302116,46.500000,r2_medium_r120,0.040480587631464005,0.044351641088724136,0.012713313102722168,18.795860481276804,-0.6402499079704285,-0.028246980160474777,0.09743478894233704,19.84916032019526,0.6898132326348381,1.0532998389184576,1,12,1788712984.8020744
1788713031.353338,46.532000,r2_medium_r120,0.037399561144411564,0.04255928844213486,0.014049619436264038,18.396257670588355,-0.6402499675750732,-0.0282470490783453,0.09743479639291763,19.84916311499816,0.6864222526571355,1.452905444409803,1,5,1788712984.8213203
1788713031.412852,46.564000,r2_medium_r120,0.033072912599891424,0.03992168977856636,0.01582828164100647,17.911231234991057,-0.6402499675750732,-0.02824709750711918,0.09743479639291763,19.849169048988223,0.6816672999176833,1.9379378139971664,1,2,1788712984.8488328
1788713031.453803,46.600000,r2_medium_r120,0.02935099508613348,0.03763237223029137,0.01728081703186035,17.52093063392095,-0.6402499675750732,-0.028247158974409103,0.09743478894233704,19.849168801725632,0.6775914853668037,2.328238167804681,1,11,1788712984.8537815
1788713031.510145,46.632000,r2_medium_r120,0.026399115682579577,0.035803455859422684,0.01838982105255127,17.234173095005623,-0.6402499079704285,-0.028247173875570297,0.09743478894233704,19.849165646302236,0.674367489471175,2.614992551296611,1,2,1788712984.878129
1788713031.551512,46.664000,r2_medium_r120,0.021054179407656193,0.03252593241631985,0.020279794931411743,16.772932924145042,-0.6402499079704285,-0.028247235342860222,0.09743478149175644,19.849170205696332,0.6685576757868941,3.07623728155129,1,6,1788712984.8874717
1788713031.602555,46.696000,r2_medium_r120,0.01653929613530636,0.029797357507050037,0.021784663200378418,16.474549725151082,-0.6402499079704285,-0.028247276321053505,0.09743476659059525,19.849171427207875,0.663674751884561,3.3746217020567952,1,0,1788712984.906537
1788713031.653380,46.732000,r2_medium_r120,0.012082904577255249,0.026920263655483723,0.023375481367111206,16.36834804258897,-0.6402499079704285,-0.028247319161891937,0.09743472188711166,19.849168764055552,0.6588371055326823,3.480820721466583,1,0,1788712984.9213488
1788713031.710631,46.764000,r2_medium_r120,0.007673775777220726,0.023312123958021402,0.026053547859191895,16.55368341488687,-0.6402498483657837,-0.02824733778834343,0.09743469953536987,19.849170258738102,0.653879705781421,3.295486843851231,1,0,1788712984.9466026
1788713031.759145,46.796000,r2_medium_r120,0.0054350681602954865,0.020738077349960804,0.03006821870803833,16.893849445974073,-0.6402498483657837,-0.028247373178601265,0.09743467718362808,19.849166608887497,0.6510351953007759,2.955317162913425,1,10,1788712984.9631214
1788713031.814266,46.828000,r2_medium_r120,0.004255108535289764,0.01895693177357316,0.03464016318321228,17.26379193230918,-0.6402497887611389,-0.028247419744729996,0.09743467718362808,19.84917153486642,0.649274952874275,2.585379602557244,1,35,1788712984.9862444
1788713031.866817,46.864000,r2_medium_r120,0.0027056261897087097,0.016376273037167266,0.045289456844329834,18.099344448299,-0.6402497291564941,-0.028247438371181488,0.09743468463420868,19.849168895706836,0.6466080647265977,1.749824447407835,1,60,1788712985.0028
1788713031.913173,46.896000,r2_medium_r120,0.0013650432229042053,0.014694503508508205,0.05648583173751831,18.9603322763933,-1.0434513092041016,1.0137341022491455,1.304460883140564,16.121003494544507,1.9097547117562406,2.839328781848793,1,55,1788712985.0171523
1788713031.961458,46.928000,r2_medium_r120,-0.000599294900894165,0.013331381138414145,0.0699610710144043,19.987172328422922,0.04934537410736084,1.5939252376556396,1.3120261430740356,10.609520141533512,2.01084486036413,9.37765218688941,1,72,1788712985.0334406
1788713032.012573,46.960000,r2_medium_r120,-0.004556944593787193,0.011989456601440907,0.08988314867019653,21.49571238700883,-1.664457082748413,1.8674767017364502,2.0145087242126465,8.437903238203782,3.1467896325519695,13.057809148805045,1,89,1788712985.0525522
1788713032.065474,46.996000,r2_medium_r120,-0.009245583787560463,0.011160625610500574,0.108284592628479,22.873147202554424,-2.759519338607788,1.975566029548645,2.436969518661499,9.73283543127802,4.104347427083598,13.140311771276403,1,99,1788712985.0694504
1788713032.112160,47.028000,r2_medium_r120,-0.013775208964943886,0.0106650753878057,0.12353920936584473,24.001599658362526,-3.4512033462524414,2.0163347721099854,2.6959586143493652,11.045135397656864,4.738772491532085,12.956464260705662,1,124,1788712985.0841393
1788713032.162705,47.060000,r2_medium_r120,-0.021320020779967308,0.009989107958972454,0.14572831988334656,25.629873343812665,-4.250741004943848,2.04202938079834,2.9914822578430176,12.81706721478412,5.487759561710027,12.812806129028544,1,127,1788712985.1026726
1788713032.205588,47.092000,r2_medium_r120,-0.03309226967394352,0.009097625967115164,0.17674481868743896,27.862319497928546,-4.974165439605713,2.039386034011841,3.2689685821533203,14.713460481863082,6.172367689453009,13.148859016065463,1,127,1788712985.1135743
1788713032.266597,47.128000,r2_medium_r120,-0.04438084922730923,0.008157987147569656,0.2042233943939209,29.812566861898937,-5.764869213104248,2.107956647872925,3.6304683685302734,16.298489474042004,6.990872346111755,13.514077387856933,1,44,1788712985.138573
1788713032.309501,47.160000,r2_medium_r120,-0.05725072883069515,0.006867174990475178,0.23409157991409302,31.912739169599945,-6.566939353942871,2.181190013885498,4.0026021003723145,17.79226745988328,7.829776327996838,14.120471709716664,1,156,1788712985.1494808
1788713032.365058,47.192000,r2_medium_r120,-0.06787083856761456,0.005587580613791943,0.25806891918182373,33.58817921308847,-7.418046951293945,2.2520103454589844,4.404155254364014,19.550521791316076,8.732785124191018,14.037657421772394,1,56,1788712985.1730328
1788713032.415383,47.224000,r2_medium_r120,-0.08719201944768429,0.0027435049414634705,0.3009795546531677,36.57697575068293,-8.068044662475586,2.29514741897583,4.756061553955078,21.65046846945952,9.423209656762893,14.926507281223406,1,211,1788712985.1913645
1788713032.471195,47.260000,r2_medium_r120,-0.10389250330626965,-0.00030798278748989105,0.3379904627799988,39.14563794118145,-8.318713188171387,2.296208143234253,4.849241256713867,24.26043967412254,9.649282301152487,14.885198267058904,1,223,1788712985.2111769
1788713032.521842,47.292000,r2_medium_r120,-0.12147633545100689,-0.004176285117864609,0.37737393379211426,41.87754440174743,-8.390308380126953,2.278179883956909,4.8663330078125,26.581879270607267,9.681605581400403,15.295665131140158,1,214,1788712985.2298193
1788713032.579309,47.324000,r2_medium_r120,-0.14433587901294231,-0.010175058618187904,0.4298365116119385,45.52011948918245,-8.44123649597168,2.2152934074401855,4.915059566497803,29.310067710578657,9.690639586383872,16.210051778603795,1,233,1788712985.2552893
1788713032.632396,47.356000,r2_medium_r120,-0.16303339414298534,-0.01599344052374363,0.47439873218536377,48.621601409182155,-8.488245964050293,2.15777587890625,4.95088529586792,32.01052481823994,9.699142711759027,16.611076590942226,1,257,1788712985.276371
1788713032.686055,47.392000,r2_medium_r120,-0.1771626304835081,-0.0209441389888525,0.509269654750824,51.057184381566195,-8.544163703918457,2.0991127490997314,4.98517370223999,34.783308580007095,9.722914440327207,16.273875801559107,1,283,1788712985.2940361
1788713032.728535,47.424000,r2_medium_r120,-0.20065605454146862,-0.03026864118874073,0.5700256824493408,55.316891535238895,-8.577962875366211,2.085174560546875,5.015341281890869,37.41963598898473,9.7167484421819,17.897255546254165,1,314,1788712985.304497
1788713032.788160,47.456000,r2_medium_r120,-0.2191453706473112,-0.038654619827866554,0.6214957237243652,58.857653692658346,-8.584516525268555,2.0514941215515137,5.056430339813232,40.51771769510828,9.696226140341523,18.33993599755006,1,132,1788712985.3321347
1788713032.831098,47.488000,r2_medium_r120,-0.23711988143622875,-0.047835199162364006,0.676372230052948,62.46283418773885,-8.628339767456055,2.0205252170562744,5.1155314445495605,43.461056851323725,9.715802618341158,19.001777336415124,1,321,1788712985.3430755
1788713032.890258,47.524000,r2_medium_r120,-0.25854080729186535,-0.0603803601115942,0.7507128119468689,66.99447050347263,-8.647924423217773,1.9836546182632446,5.173609256744385,46.93943416593608,9.701641583226438,20.055036337536553,1,166,1788712985.3662393
1788713032.931537,47.556000,r2_medium_r120,-0.27454238943755627,-0.07120984606444836,0.8146235942840576,70.5906271309623,-8.663976669311523,1.96293044090271,5.230913162231445,50.07036463122933,9.696594649223417,20.52026249973297,1,343,1788712985.3755176
1788713032.984157,47.588000,r2_medium_r120,-0.2858357708901167,-0.07969086430966854,0.8647396564483643,73.23896098940429,-8.67087459564209,1.939774513244629,5.290056228637695,53.312271432164685,9.693840480832765,19.926689557239598,1,192,1788712985.396134
1788713033.038927,47.620000,r2_medium_r120,-0.30305018834769726,-0.09441420249640942,0.9518885612487793,77.51781844169335,-8.671313285827637,1.931550145149231,5.352686882019043,56.43458981714201,9.669507984725497,21.083228624551335,1,145,1788712985.4189086
1788713033.081723,47.656000,r2_medium_r120,-0.3152248542755842,-0.10664817504584789,1.0244197845458984,80.78325418530632,-8.749581336975098,1.988304615020752,5.377985954284668,58.18462810894955,9.720120105438875,22.598626076356766,1,357,1788712985.4257054
1788713033.130111,47.688000,r2_medium_r120,-0.3259276431053877,-0.1191843282431364,1.09901762008667,83.87721945899506,-8.843049049377441,1.738573670387268,5.335166931152344,60.67350539746781,9.692140259834,23.203714061527258,1,215,1788712985.4420912
1788713033.182962,47.720000,r2_medium_r120,-0.335070488974452,-0.13193191401660442,1.1753748655319214,86.77693582134214,-8.87374496459961,1.5355900526046753,5.304356098175049,63.31858799194735,9.630061128018669,23.45834782939479,1,163,1788712985.4629452
1788713033.225238,47.752000,r2_medium_r120,-0.34420490078628063,-0.14805750362575054,1.2728875875473022,90.10747402530441,-8.969483375549316,1.3121572732925415,5.220473766326904,63.850316696282526,9.597452401592458,26.25715732902188,1,358,1788712985.473216
1788713033.269464,47.788000,r2_medium_r120,-0.3482807856053114,-0.15779605321586132,1.332373023033142,91.9410474544009,-8.979593276977539,1.300736427307129,5.26669454574585,66.46024855007126,9.597174488595028,25.48079890432964,1,262,1788712985.4814448
1788713033.318003,47.820000,r2_medium_r120,-0.3522415142506361,-0.17073544673621655,1.4125909805297852,94.18490827098874,-8.95225715637207,1.2552645206451416,5.330294609069824,68.94215718528518,9.557308547534749,25.242751085703553,1,211,1788712985.4979827
1788713033.374788,47.852000,r2_medium_r120,-0.3545813839882612,-0.18353007547557354,1.4936760663986206,96.18956747871462,-8.951351165771484,1.1689006090164185,5.401683330535889,71.05673199129107,9.539708602147464,25.132835487423545,1,154,1788712985.5227692
1788713033.419647,47.884000,r2_medium_r120,-0.3550436180084944,-0.19910858385264874,1.5961017608642578,98.35586864428355,-9.15015983581543,0.847592294216156,5.263424396514893,71.25904417052736,9.586391778288435,27.096824473756183,1,390,1788712985.5356321
1788713033.472261,47.920000,r2_medium_r120,-0.3534423094242811,-0.2110577803105116,1.6787724494934082,99.81739816473845,-9.227860450744629,0.659982442855835,5.297561168670654,72.56176796790398,9.62339026598287,27.25563019683447,1,246,1788712985.5522408
1788713033.533983,47.952000,r2_medium_r120,-0.3511103969067335,-0.21967831067740917,1.7411417961120605,100.75596066952974,-9.203328132629395,0.5928825736045837,5.355177879333496,74.01173992592351,9.596002857551394,26.74422074360624,1,166,1788712985.5819628
1788713033.575020,47.984000,r2_medium_r120,-0.3452261071652174,-0.2333275806158781,1.8456690311431885,102.03080113875431,-9.345025062561035,0.25359058380126953,5.1971845626831055,74.09019147110914,9.615930890690528,27.940609667645177,1,393,1788712985.5910025
1788713033.621731,48.016000,r2_medium_r120,-0.3387430589646101,-0.2435589861124754,1.929725170135498,102.7977620517293,-9.380712509155273,0.19199222326278687,5.238393306732178,74.64302673672248,9.638163789451788,28.154735315006814,1,243,1788712985.605713
1788713033.674670,48.052000,r2_medium_r120,-0.3286451678723097,-0.2554572355002165,2.035187005996704,103.45554537348141,-9.36968994140625,0.13225199282169342,5.297255516052246,75.36576393486156,9.619350290277787,28.089781438619845,1,182,1788712985.6226518
1788713033.717324,48.084000,r2_medium_r120,-0.31900948099792004,-0.26417948119342327,2.1197612285614014,103.75910967760643,-9.40841293334961,-0.1290004700422287,5.18971061706543,75.74134994414787,9.594796388285417,28.017759733458565,1,396,1788712985.633305
1788713033.765880,48.116000,r2_medium_r120,-0.30831450037658215,-0.27224708907306194,2.2041983604431152,103.87480506755305,-9.434536933898926,-0.2658557593822479,5.198811054229736,75.79738181806243,9.604982141628877,28.07742324949062,1,239,1788712985.6498582
1788713033.827960,48.148000,r2_medium_r120,-0.299640653654933,-0.27780543081462383,2.267200231552124,103.84970722450655,-9.448944091796875,-0.3446114659309387,5.246345520019531,75.67596623205989,9.622344989622928,28.173740992446653,1,194,1788712985.679938
1788713033.872301,48.184000,r2_medium_r120,-0.2841759901493788,-0.28612021915614605,2.371030807495117,103.62210803425745,-9.579633712768555,-0.7525563836097717,5.123602390289307,75.54815666524541,9.70565542799232,28.073951369012033,1,385,1788712985.6882772
1788713033.922254,48.216000,r2_medium_r120,-0.2710165660828352,-0.2919034194201231,2.4525673389434814,103.28933164738092,-9.588146209716797,-0.8324030041694641,5.160785675048828,75.18110972902659,9.717792504134575,28.10822191835432,1,244,1788712985.7062325
1788713033.967845,48.248000,r2_medium_r120,-0.25727000646293163,-0.2969714533537626,2.532332181930542,102.84119966196708,-9.584470748901367,-0.8915812373161316,5.2049970626831055,74.68683718533148,9.720770136657691,28.154362476635594,1,209,1788712985.7198265
1788713034.026143,48.280000,r2_medium_r120,-0.23947343043982983,-0.302331430837512,2.6291282176971436,102.14142611178818,-9.576780319213867,-0.9535296559333801,5.26398229598999,74.06813200650943,9.723775762398656,28.073294105278748,1,157,1788712985.7461228
1788713034.071027,48.316000,r2_medium_r120,-0.2248235922306776,-0.30578686110675335,2.7039718627929688,101.49194183580461,-9.647872924804688,-1.1823108196258545,5.166234493255615,73.38575500882817,9.778797995426347,28.106186826976433,1,375,1788712985.755005
1788713034.122968,48.348000,r2_medium_r120,-0.21370883099734783,-0.30788583867251873,2.758450746536255,100.9617973426863,-9.753912925720215,-1.5231349468231201,5.1061272621154785,72.60062450293998,9.899692398535926,28.361172839746313,1,212,1788712985.7749453
1788713034.176697,48.380000,r2_medium_r120,-0.19882137887179852,-0.3101827036589384,2.8289976119995117,100.20347627313002,-9.759401321411133,-1.6077239513397217,5.114989280700684,71.71232695715644,9.915344675627248,28.49114931597359,1,174,1788712985.7966611
1788713034.225327,48.412000,r2_medium_r120,-0.18025664798915386,-0.312163008376956,2.9135169982910156,99.19575310066402,-9.860645294189453,-2.0647430419921875,4.981438636779785,71.17496267509661,10.052748928459344,28.02079042556741,1,364,1788712985.813305
1788713034.273166,48.448000,r2_medium_r120,-0.1655902098864317,-0.31309850327670574,2.9781494140625,98.35628060046145,-9.868094444274902,-2.164668321609497,5.001034259796143,70.0415182154404,10.0826069203151,28.314762385021037,1,203,1788712985.8251472
1788713034.327073,48.480000,r2_medium_r120,-0.1512002032250166,-0.3135568033903837,3.040059804916382,97.49740744054532,-9.85964584350586,-2.1992058753967285,5.047690391540527,69.01735774700823,10.091589059478952,28.480049693537083,1,186,1788712985.8470507
1788713034.370011,48.512000,r2_medium_r120,-0.14056472294032574,-0.3136333953589201,3.0846903324127197,96.8503565921754,-9.957497596740723,-2.613753318786621,4.907304763793945,68.21676596330259,10.246201543807885,28.633590628872806,1,387,1788712985.857979
1788713034.424945,48.544000,r2_medium_r120,-0.12315422110259533,-0.31315858475863934,3.1558799743652344,95.7784654892436,-9.96548080444336,-2.7031846046447754,4.910488605499268,67.18270576607928,10.27921535903004,28.59575972316432,1,211,1788712985.8809288
1788713034.483323,48.580000,r2_medium_r120,-0.10952614061534405,-0.31259251944720745,3.209963321685791,94.93722070949345,-9.959111213684082,-2.7499992847442627,4.948474407196045,65.99559235331232,10.29454703450212,28.941628356181127,1,185,1788712985.9033074
1788713034.525806,48.612000,r2_medium_r120,-0.0962690468877554,-0.3114487063139677,3.2616896629333496,94.1163722888279,-9.989968299865723,-3.00931453704834,4.861355304718018,65.19141229479328,10.378954432626015,28.924959994034616,1,391,1788712985.9137864
1788713034.571954,48.644000,r2_medium_r120,-0.0801705326884985,-0.30957592837512493,3.3233423233032227,93.12427651240735,-10.026924133300781,-3.239824056625366,4.8123602867126465,64.32559037069863,10.475754663973541,28.79868614170872,1,207,1788712985.9279337
1788713034.633604,48.676000,r2_medium_r120,-0.06449449621140957,-0.3078745435923338,3.3817138671875,92.19059255397025,-10.033087730407715,-3.2699508666992188,4.8357014656066895,63.32643506933452,10.500515565872542,28.864157484635733,1,167,1788712985.9575822
1788713034.670883,48.712000,r2_medium_r120,-0.058466238901019096,-0.30688305012881756,3.4041314125061035,91.83594216262158,-10.06937026977539,-3.500800371170044,4.780474662780762,62.29335060522383,10.597812421042397,29.542591557397753,1,374,1788712985.958866
1788713034.721098,48.744000,r2_medium_r120,-0.043859874829649925,-0.3042285870760679,3.4582431316375732,91.00211830536712,-10.098097801208496,-3.6728286743164062,4.751847267150879,61.49319025086482,10.682161695434475,29.5089280545023,1,188,1788712985.9770813
1788713034.775326,48.776000,r2_medium_r120,-0.03251279704272747,-0.30264307372272015,3.499481201171875,90.3939312895751,-10.116527557373047,-3.8057994842529297,4.752675533294678,60.72644412674774,10.748486151884988,29.667487162827364,1,172,1788712985.999302
1788713034.819549,48.808000,r2_medium_r120,-0.02186414785683155,-0.300402594730258,3.5389950275421143,89.84156690241765,-10.179780006408691,-4.340688228607178,4.58944845199585,60.3297804847693,10.982286419033068,29.511786417648352,1,377,1788712986.0115309
1788713034.867822,48.844000,r2_medium_r120,-0.009340448305010796,-0.2972827684134245,3.586120128631592,89.23513950408177,-10.1990327835083,-4.506769180297852,4.5567851066589355,59.591970846916176,11.067601196172056,29.643168657165592,1,208,1788712986.0238018
1788713034.920518,48.876000,r2_medium_r120,0.000727042555809021,-0.2966612409800291,3.6220648288726807,88.82156750354375,-10.188444137573242,-4.540229320526123,4.587132453918457,58.9967061926493,11.079640558457953,29.82486131089445,1,183,1788712986.044501
1788713034.973255,48.908000,r2_medium_r120,0.008221184834837914,-0.2970349621027708,3.6481211185455322,88.55137839029656,-10.177582740783691,-4.562350749969482,4.6221699714660645,58.449109189961725,11.085679570926027,30.10226920033483,1,160,1788712986.0652332
1788713035.020099,48.940000,r2_medium_r120,0.020456261467188597,-0.29883171431720257,3.6898534297943115,88.18063005033405,-10.186424255371094,-4.885300159454346,4.52228307723999,58.081202515205845,11.220919828659243,30.099427535128196,1,369,1788712986.0800805
1788713035.069853,48.976000,r2_medium_r120,0.029872596845962107,-0.30079848878085613,3.7217822074890137,87.9520280724984,-10.17497730255127,-4.9727606773376465,4.417869567871094,57.56992332611858,11.245031337164683,30.382104746379817,1,184,1788712986.0938287
1788713035.125444,49.008000,r2_medium_r120,0.0385327385738492,-0.30166823975741863,3.7524619102478027,87.77957778638921,-10.183720588684082,-4.975441932678223,4.4032883644104,57.12935478161327,11.25887199912639,30.65022300477594,1,154,1788712986.1174154
1788713035.169498,49.040000,r2_medium_r120,0.04665924794971943,-0.3022675942629576,3.7819881439208984,87.66318894937487,-10.311532974243164,-5.71280574798584,4.221025466918945,57.076783109881305,11.694392801499932,30.58640583949357,1,366,1788712986.129473
1788713035.231770,49.072000,r2_medium_r120,0.05697827786207199,-0.3054572772234678,3.817552089691162,87.595403075758,-10.350937843322754,-6.124223232269287,4.185027122497559,57.043427928229505,11.929702138987182,30.551975147528488,1,173,1788712986.1597497
1788713035.276897,49.108000,r2_medium_r120,0.06285201571881771,-0.30749128572642803,3.8381032943725586,87.59569329675992,-10.358366966247559,-6.168777942657471,4.222470283508301,56.70021168314721,11.962617787388824,30.895481613612716,1,371,1788712986.1688776
1788713035.322175,49.140000,r2_medium_r120,0.07024232484400272,-0.3098850380629301,3.864652633666992,87.63780092321485,-10.349457740783691,-6.159101486206055,4.25318717956543,56.5624926265419,11.955519294795451,31.075308296672954,1,252,1788712986.1821523
1788713035.370216,49.172000,r2_medium_r120,0.07768428139388561,-0.3132947813719511,3.8904032707214355,87.72307504967613,-10.341310501098633,-6.160553932189941,4.278717041015625,56.480326677782024,11.953939912791562,31.242748371894102,1,229,1788712986.1981754
1788713035.422166,49.204000,r2_medium_r120,0.0870950985699892,-0.31922261230647564,3.921286106109619,87.88620281422122,-10.334484100341797,-6.166626930236816,4.299381256103516,56.43930217996681,11.955936023540362,31.446900634254412,1,218,1788712986.2181473
1788713035.468619,49.240000,r2_medium_r120,0.09367425926029682,-0.32226945273578167,3.9449610710144043,88.05397230612628,-10.326953887939453,-6.1774187088012695,4.321464538574219,56.456132186509365,11.958846878110803,31.597840119616922,1,213,1788712986.228595
1788713035.519925,49.272000,r2_medium_r120,0.09809052385389805,-0.3236383330076933,3.9621572494506836,88.19838629182426,-10.32037353515625,-6.183841705322266,4.339786052703857,56.510611132209455,11.95947241423382,31.68777515961481,1,204,1788712986.247898
1788713035.567907,49.304000,r2_medium_r120,0.10457060672342777,-0.3243443798273802,3.989820957183838,88.46842563039802,-10.314214706420898,-6.186005115509033,4.357862949371338,56.59353285313262,11.960167594546375,31.874892777265387,1,199,1788712986.2638865
1788713035.618698,49.336000,r2_medium_r120,0.10931088961660862,-0.32447670213878155,4.011169910430908,88.70542968904263,-10.309067726135254,-6.1917500495910645,4.3767313957214355,56.71304869337258,11.962489068517783,31.99238099567005,1,196,1788712986.2826686
1788713035.667937,49.372000,r2_medium_r120,0.11448064632713795,-0.32706992141902447,4.032182455062866,88.96125621140904,-10.303131103515625,-6.196302890777588,4.396883964538574,56.868300590821335,11.962756263089263,32.0929556205877,1,195,1788712986.2959166
1788713035.718055,49.404000,r2_medium_r120,0.12136941589415073,-0.33345199935138226,4.058032751083374,89.30212159960534,-10.298107147216797,-6.199550628662109,4.415833473205566,57.03044709380758,11.962634590037876,32.27167450579776,1,191,1788712986.3140333
1788713035.765065,49.436000,r2_medium_r120,0.1270608026534319,-0.34052364341914654,4.078369855880737,89.58573644735507,-10.294413566589355,-6.202807426452637,4.43365478515625,57.200586836700104,11.962429793422912,32.38514961065497,1,186,1788712986.329045
1788713035.814832,49.468000,r2_medium_r120,0.1313189659267664,-0.34667439572513103,4.093394994735718,89.80207835536437,-10.290260314941406,-6.203883171081543,4.451916217803955,57.38562664245374,11.960131555000693,32.41645171291063,1,185,1788712986.3468068
1788713035.860719,49.504000,r2_medium_r120,0.13823513127863407,-0.3580086659640074,4.1179492473602295,90.1704742366548,-10.28650188446045,-6.207342624664307,4.471512317657471,57.611249728210254,11.958881906449413,32.55922450844455,1,180,1788712986.35669
1788713035.909326,49.536000,r2_medium_r120,0.14356818981468678,-0.36808876506984234,4.137139081954956,90.46748689792899,-10.282646179199219,-6.209439754486084,4.489248275756836,57.82783043049444,11.956224668955747,32.63965646743455,1,177,1788712986.3733115
1788713035.961876,49.568000,r2_medium_r120,0.1487663183361292,-0.37915231101214886,4.155957937240601,90.76163429230833,-10.278406143188477,-6.2121148109436035,4.506119251251221,58.05339173820988,11.952907178331694,32.70824255409844,1,171,1788712986.393855
1788713036.011602,49.600000,r2_medium_r120,0.15511110611259937,-0.39429192058742046,4.179013013839722,91.11929620514425,-10.273482322692871,-6.214032173156738,4.523602485656738,58.29068648473016,11.94753863416174,32.8286097204141,1,171,1788712986.4115825
1788713036.069468,49.636000,r2_medium_r120,0.15989490039646626,-0.40691654197871685,4.1970460414886475,91.39477911557769,-10.271387100219727,-6.21339225769043,4.545831680297852,58.542521590877435,11.943552898336772,32.85225752470025,1,166,1788712986.433451
1788713036.110091,49.668000,r2_medium_r120,0.1632635612040758,-0.4164382051676512,4.210318326950073,91.59280334625997,-10.2918701171875,-5.606067180633545,4.130803108215332,58.10078506570737,11.672548642265038,33.4920182805526,1,385,1788712986.4420693
1788713036.157416,49.700000,r2_medium_r120,0.1676622498780489,-0.4299342166632414,4.2277610301971436,91.84319182571393,-10.290359497070312,-5.601679801940918,4.1291632652282715,58.28176460900805,11.667343004203692,33.56142721670588,1,296,1788712986.4573948
1788713036.206819,49.732000,r2_medium_r120,0.17276732809841633,-0.4470649193972349,4.249041318893433,92.13149049785854,-10.28298282623291,-5.595524787902832,4.143906116485596,58.48586540796765,11.655059146919744,33.645625089890885,1,250,1788712986.4748018
1788713036.253173,49.768000,r2_medium_r120,0.17635616846382618,-0.45973111502826214,4.265580892562866,92.33922048695783,-10.274690628051758,-5.593696117401123,4.169713497161865,58.728875196691256,11.644361998239706,33.610345290266565,1,201,1788712986.48515
1788713036.304988,49.800000,r2_medium_r120,0.17964770086109638,-0.4723421763628721,4.281733274459839,92.5241047251704,-10.267721176147461,-5.594100475311279,4.190742015838623,58.93719304824025,11.635643683710816,33.58691167693014,1,186,1788712986.5049698
1788713036.357464,49.832000,r2_medium_r120,0.18187435157597065,-0.4813095759600401,4.293562650680542,92.64884252495284,-10.261353492736816,-5.590025424957275,4.211694240570068,59.11993679509763,11.626120929639406,33.52890572985521,1,175,1788712986.5254447
1788713036.403430,49.864000,r2_medium_r120,0.1846741158515215,-0.4919149111956358,4.312456846237183,92.82371270108356,-10.255488395690918,-5.586057662963867,4.230360984802246,59.284089077077184,11.616971351142848,33.53962362400638,1,168,1788712986.5394094
1788713036.463310,49.900000,r2_medium_r120,0.18665474839508533,-0.49907330982387066,4.329979658126831,92.95781983369932,-10.256789207458496,-5.575838565826416,4.253539562225342,59.411830554817705,11.61227411887399,33.54598927888161,1,164,1788712986.5632915
1788713036.504664,49.932000,r2_medium_r120,0.1876631397753954,-0.5029531549662352,4.339534521102905,93.02051407408284,-10.258516311645508,-5.459195613861084,4.093011379241943,59.32902906549513,11.564937444798973,33.69148500858771,1,395,1788712986.5726485
1788713036.552747,49.964000,r2_medium_r120,0.189277159050107,-0.5102401804178953,4.354158163070679,93.0971108560449,-10.249493598937988,-5.444546222686768,4.088030815124512,59.40402553215768,11.54929152900399,33.69308532388723,1,341,1788712986.5887237
1788713036.600681,49.996000,r2_medium_r120,0.19026909954845905,-0.51560471765697,4.364747762680054,93.13401366497885,-10.244208335876465,-5.436636447906494,4.091403007507324,59.45948028350166,11.539912911096641,33.67453338147718,1,258,1788712986.604657
1788713036.651089,50.032000,r2_medium_r120,0.190756993368268,-0.5183979105204344,4.372246503829956,93.14794018259545,-10.238607406616211,-5.423707962036133,4.100576877593994,59.49692694170462,11.528552071920556,33.651013240890826,1,252,1788712986.6190705
1788713036.696563,50.064000,r2_medium_r120,0.19144387729465961,-0.523552818223834,4.383565664291382,93.14412270640159,-10.2333402633667,-5.414861679077148,4.109439373016357,59.51237281828314,11.518514312844992,33.63174988811845,1,251,1788712986.6325395
1788713036.745944,50.096000,r2_medium_r120,0.19167562015354633,-0.5269002746790648,4.391723394393921,93.1205489291577,-10.229467391967773,-5.407407283782959,4.121185779571533,59.508554095168556,11.510549984515555,33.61199483398915,1,249,1788712986.6499236
1788713036.796030,50.128000,r2_medium_r120,0.19167791493237019,-0.5297369789332151,4.398939847946167,93.08114622230764,-10.224597930908203,-5.397524356842041,4.135732650756836,59.48947983348569,11.500584093072076,33.59166638882194,1,242,1788712986.6680112
1788713036.844388,50.164000,r2_medium_r120,0.19137664325535297,-0.5326617788523436,4.406835317611694,93.01434087680744,-10.218317985534668,-5.389385223388672,4.17130708694458,59.47446542730749,11.489341949337648,33.539875449499945,1,233,1788712986.680366
1788713036.895654,50.196000,r2_medium_r120,0.1908284444361925,-0.5339353512972593,4.412424802780151,92.94788439128654,-10.211761474609375,-5.385711669921875,4.203145980834961,59.45366693137097,11.48030522656562,33.49421745991556,1,213,1788712986.6996357
1788713036.946811,50.228000,r2_medium_r120,0.1902564186602831,-0.534479720517993,4.416297674179077,92.89461128630944,-10.205329895019531,-5.378892421722412,4.233002185821533,59.40966008617452,11.470403064444161,33.484951200134915,1,192,1788712986.7187927
1788713036.995990,50.260000,r2_medium_r120,0.18896167166531086,-0.5345315765589476,4.422136068344116,92.79930270949049,-10.202264785766602,-5.370254039764404,4.255737781524658,59.337227733560866,11.462525350926787,33.46207497592962,1,175,1788712986.7359679
1788713037.046279,50.296000,r2_medium_r120,0.18745839782059193,-0.5326333474367857,4.42661452293396,92.71927917600621,-10.200202941894531,-5.3555426597595215,4.2755279541015625,59.22928717015893,11.453680172537695,33.48999200584727,1,167,1788712986.7502606
1788713037.101653,50.328000,r2_medium_r120,0.18564926274120808,-0.529692692682147,4.430797338485718,92.63844868522335,-10.202827453613281,-5.337233066558838,4.294408798217773,59.10197170333022,11.447772480557525,33.53647698189313,1,165,1788712986.7736325
1788713037.147060,50.360000,r2_medium_r120,0.18359421379864216,-0.5256612133234739,4.434833288192749,92.55686667456479,-10.113712310791016,-5.424657344818115,3.8426151275634766,58.91504707768091,11.418642962608793,33.641819596883884,1,394,1788712986.7870429
1788713037.200601,50.392000,r2_medium_r120,0.18077545054256916,-0.5193924736231565,4.43973708152771,92.45215130615092,-10.093026161193848,-5.3749470710754395,3.750464916229248,58.78857771986265,11.384309646351554,33.66357358628827,1,250,1788712986.8085809
1788713037.254722,50.428000,r2_medium_r120,0.1789280641824007,-0.5144597124308348,4.442671537399292,92.38750999150687,-10.078584671020508,-5.3213887214660645,3.6982295513153076,58.65034541911298,11.35241506823103,33.73716457239389,1,191,1788712986.8266988
1788713037.311997,50.460000,r2_medium_r120,0.17570269294083118,-0.505512161180377,4.447533369064331,92.2810132170379,-10.107406616210938,-5.28704309463501,3.6983237266540527,58.46821588683233,11.365152450355774,33.812797330205555,1,166,1788712986.851983
1788713037.359620,50.492000,r2_medium_r120,0.17361612804234028,-0.4988677930086851,4.450632810592651,92.218375254693,-10.068496704101562,-5.4056620597839355,3.6773903369903564,58.47674415973424,11.383119483068244,33.74163109495877,1,397,1788712986.867597
1788713037.414524,50.524000,r2_medium_r120,0.16998636908829212,-0.4866733979433775,4.455817937850952,92.11419995462387,-10.037699699401855,-5.5155253410339355,3.6663966178894043,58.417137838029994,11.406550432044886,33.69706211659387,1,244,1788712986.8905044
1788713037.469024,50.560000,r2_medium_r120,0.16677907295525074,-0.4735967945307493,4.460629224777222,92.02937356227453,-10.026087760925293,-5.499382019042969,3.6863763332366943,58.31096473193417,11.3908963192633,33.71840883034035,1,234,1788712986.908993
1788713037.518455,50.592000,r2_medium_r120,0.16421248205006123,-0.4620032738894224,4.464573621749878,91.96676014296405,-10.012508392333984,-5.502530097961426,3.7082226276397705,58.232824760628205,11.38176722858119,33.73393538233585,1,217,1788712986.9264386
1788713037.566305,50.624000,r2_medium_r120,0.16087286360561848,-0.4432470928877592,4.469834089279175,91.86281908898563,-9.997440338134766,-5.4994001388549805,3.7323803901672363,58.16087793634123,11.371009132316729,33.7019411526444,1,203,1788712986.9422824
1788713037.618364,50.656000,r2_medium_r120,0.15867130644619465,-0.42780537717044353,4.473425626754761,91.78139352725108,-9.983490943908691,-5.491435527801514,3.754918336868286,58.08102623536582,11.358699667678678,33.70036729188527,1,190,1788712986.9623456
1788713037.666938,50.692000,r2_medium_r120,0.15701520629227161,-0.4122390877455473,4.476582288742065,91.70383278876601,-9.971117973327637,-5.4843597412109375,3.776479482650757,57.968617591157326,11.348816394960524,33.735215197608674,1,179,1788712986.9749115
1788713037.714365,50.724000,r2_medium_r120,0.15572191961109638,-0.39283175580203533,4.480053663253784,91.61432577364133,-9.963065147399902,-5.4681572914123535,3.7977283000946045,57.86804199881366,11.34082664099657,33.746283774827674,1,174,1788712986.9903495
1788713037.759522,50.756000,r2_medium_r120,0.15515041537582874,-0.3773749005049467,4.482617139816284,91.55323082629342,-9.955042839050293,-5.452229976654053,3.81773042678833,57.7679070312721,11.33191228464644,33.78532379502131,1,169,1788712987.0035055
1788713037.823825,50.788000,r2_medium_r120,0.1548787672072649,-0.36552063934504986,4.484508275985718,91.51307790163911,-9.951674461364746,-5.439035415649414,3.840378522872925,57.65163973559628,11.32686512174411,33.86143816604283,1,164,1788712987.035793
1788713037.867925,50.824000,r2_medium_r120,0.15466238744556904,-0.34530083648860455,4.487781286239624,91.46046605110634,-9.907633781433105,-5.2928595542907715,3.772120952606201,57.454250338357205,11.235671371549943,34.00621571274913,1,399,1788712987.043905
1788713037.927171,50.856000,r2_medium_r120,0.15470808930695057,-0.3287623953074217,4.490527868270874,91.4307531703363,-9.89327621459961,-5.12312126159668,3.6269514560699463,57.222698753254555,11.166630186857127,34.20805441708175,1,178,1788712987.0711553
1788713037.968246,50.888000,r2_medium_r120,0.15489565022289753,-0.31208030693233013,4.493385076522827,91.41383066175614,-9.889697074890137,-5.111545562744141,3.6410064697265625,57.22264701693572,11.164911958652533,34.19118364482042,1,387,1788712987.080229
1788713038.015955,50.920000,r2_medium_r120,0.15534989722073078,-0.29120401851832867,4.4970738887786865,91.41133659422688,-9.883209228515625,-5.093574523925781,3.658515214920044,57.15346346195383,11.1596869329572,34.25787313227305,1,327,1788712987.0959287
1788713038.067748,50.956000,r2_medium_r120,0.15575000829994678,-0.27415971271693707,4.500205755233765,91.42132603288225,-9.874896049499512,-5.072536468505859,3.6763014793395996,57.076762576353794,11.149757758946153,34.34456345652846,1,319,1788712987.111728
1788713038.119166,50.988000,r2_medium_r120,0.1559900064021349,-0.2610843013972044,4.502682447433472,91.43799357747328,-9.864006042480469,-5.054624557495117,3.6936280727386475,57.03815095789391,11.137006688857966,34.39984261957937,1,317,1788712987.1311495
1788713038.165713,51.020000,r2_medium_r120,0.15634203143417835,-0.24381317012012005,4.506108045578003,91.47054550216004,-9.853144645690918,-5.041656017303467,3.714289665222168,57.02688109263467,11.128166779541118,34.44366440952537,1,306,1788712987.1456935
1788713038.210819,51.052000,r2_medium_r120,0.1571072805672884,-0.22264806739985943,4.5095374584198,91.52676091559934,-9.844834327697754,-5.0304131507873535,3.734527349472046,57.01741825305054,11.124481187954549,34.50934266254879,1,289,1788712987.1587996
1788713038.260500,51.088000,r2_medium_r120,0.15751140005886555,-0.20514933578670025,4.512408971786499,91.58333512957796,-9.832032203674316,-5.0194549560546875,3.7608890533447266,57.04351809652514,11.114553621448104,34.53981703305282,1,279,1788712987.172482
1788713038.308278,51.120000,r2_medium_r120,0.15788604505360126,-0.187621233984828,4.51512598991394,91.64922579071373,-9.823393821716309,-5.008636951446533,3.7812585830688477,57.06104260340591,11.108856903283465,34.58818318730783,1,260,1788712987.1882503
1788713038.355138,51.152000,r2_medium_r120,0.15806293673813343,-0.17427307181060314,4.517217397689819,91.70448172523142,-9.817107200622559,-4.996310710906982,3.7983195781707764,57.0662837241658,11.102832086322119,34.63819800106561,1,247,1788712987.2031128
1788713038.402494,51.184000,r2_medium_r120,0.15839812345802784,-0.15249609760940075,4.520348310470581,91.80467800416788,-9.809608459472656,-4.981924533843994,3.8149302005767822,57.08018735584899,11.098745378096883,34.72449064831889,1,245,1788712987.218473
1788713038.450474,51.220000,r2_medium_r120,0.15847771055996418,-0.13491704873740673,4.5229127407073975,91.88984992706317,-9.80217170715332,-4.966776371002197,3.835315227508545,57.104900637690285,11.092077878959667,34.784949289372875,1,244,1788712987.2304516
1788713038.498300,51.252000,r2_medium_r120,0.15842522867023945,-0.1173588614910841,4.525514364242554,91.97769374975601,-9.797049522399902,-4.954885482788086,3.8543262481689453,57.12821968811537,11.088896916200039,34.84947406164064,1,239,1788712987.2462823
1788713038.544041,51.284000,r2_medium_r120,0.15823900885879993,-0.09601767919957638,4.528774976730347,92.09025828200757,-9.79301929473877,-4.943049430847168,3.8736066818237305,57.15265418728907,11.088304835323132,34.937604094718495,1,235,1788712987.2600179
1788713038.595834,51.316000,r2_medium_r120,0.15780282206833363,-0.0789171289652586,4.5315940380096436,92.18132422515329,-9.78915023803711,-4.931346416473389,3.891191005706787,57.17891520007949,11.085939798410886,35.00240902507381,1,231,1788712987.2798164
1788713038.644870,51.352000,r2_medium_r120,0.15721865184605122,-0.0657846238464117,4.534066915512085,92.25081316821992,-9.785069465637207,-4.918646812438965,3.910566806793213,57.20885579999735,11.080979957480862,35.04195736822257,1,229,1788712987.292849
1788713038.689614,51.384000,r2_medium_r120,0.15619097836315632,-0.04449559189379215,4.538077116012573,92.36140867102993,-9.781671524047852,-4.905876159667969,3.9282937049865723,57.23775803209935,11.079980503138156,35.12365063893058,1,226,1788712987.305597
1788713038.739841,51.416000,r2_medium_r120,0.1551699209958315,-0.02751687355339527,4.541538953781128,92.4462630379348,-9.778722763061523,-4.894582748413086,3.9466683864593506,57.265821918404875,11.07810566299391,35.18044111952993,1,217,1788712987.323823
1788713038.787727,51.448000,r2_medium_r120,0.1539840865880251,-0.010714450851082802,4.545110464096069,92.52891145808715,-9.776765823364258,-4.884981155395508,3.9635541439056396,57.29341940422525,11.077746947579236,35.2354920538619,1,212,1788712987.3397095
1788713038.833873,51.484000,r2_medium_r120,0.1523070801049471,0.00980831915512681,4.549670934677124,92.62527309850911,-9.774675369262695,-4.874485015869141,3.9849112033843994,57.32666162206786,11.077917470657809,35.29861147644126,1,206,1788712987.3498545
1788713038.881893,51.516000,r2_medium_r120,0.15068559534847736,0.02609912119805813,4.553508520126343,92.69597285453426,-9.773512840270996,-4.864706993103027,4.0050859451293945,57.35282006976655,11.07747563111755,35.34315278476772,1,200,1788712987.3658779
1788713038.929625,51.548000,r2_medium_r120,0.14937102980911732,0.037996599450707436,4.5564610958099365,92.74602529940803,-9.772489547729492,-4.855640888214111,4.021993160247803,57.371438700064076,11.075949672824326,35.37458659934396,1,192,1788712987.3816094
1788713038.976042,51.580000,r2_medium_r120,0.1469720248132944,0.05735246650874615,4.5614707469940186,92.8207280842741,-9.76902961730957,-4.847680568695068,4.039251804351807,57.40303303590945,11.075159153126354,35.41769504836465,1,190,1788712987.396023
1788713039.023497,51.616000,r2_medium_r120,0.14478024281561375,0.07280291058123112,4.565832853317261,92.873759041454,-9.765863418579102,-4.8375725746154785,4.058115005493164,57.43437968567617,11.072055933825624,35.439379355777824,1,189,1788712987.407478
1788713039.070661,51.648000,r2_medium_r120,0.14243465848267078,0.08788524009287357,4.570307493209839,92.92131124888384,-9.763969421386719,-4.832285404205322,4.071694850921631,57.46073304184988,11.072196508810537,35.46057820703396,1,187,1788712987.4226394
1788713039.118665,51.680000,r2_medium_r120,0.13992301560938358,0.1025692317634821,4.574902296066284,92.96272880171378,-9.763253211975098,-4.824635028839111,4.08625602722168,57.477084172318555,11.071992431190987,35.48564462939523,1,184,1788712987.4386427
1788713039.170222,51.712000,r2_medium_r120,0.1366069409996271,0.12020051665604115,4.58079981803894,93.00881939594574,-9.76253604888916,-4.817694187164307,4.100193023681641,57.489269476509286,11.0727963465,35.51954991943646,1,180,1788712987.4582057
1788713039.217587,51.748000,r2_medium_r120,0.1344491560012102,0.1306942943483591,4.584491491317749,93.03133804589164,-9.759927749633789,-4.811749458312988,4.117254734039307,57.514362266272954,11.069993441115333,35.51697577961868,1,176,1788712987.469564
1788713039.263079,51.780000,r2_medium_r120,0.13151233829557896,0.1441675890237093,4.589452505111694,93.05702358281724,-9.755401611328125,-4.803579330444336,4.130579948425293,57.53522218992018,11.065343693245557,35.52180139289706,1,174,1788712987.4830532
1788713039.308743,51.812000,r2_medium_r120,0.12853903509676456,0.15697179920971394,4.5944507122039795,93.07835314148618,-9.750924110412598,-4.797163963317871,4.148437976837158,57.56583479437118,11.061020773741541,35.512518347115,1,170,1788712987.4967213
1788713039.368149,51.844000,r2_medium_r120,0.12466633506119251,0.1724374908953905,4.600805997848511,93.09856598594645,-9.751276969909668,-4.7926836013793945,4.166208744049072,57.59039946831427,11.062348683573518,35.50816651763219,1,164,1788712987.5241282
1788713039.411431,51.880000,r2_medium_r120,0.121333884075284,0.18465747125446796,4.606150388717651,93.10770984721437,-9.722079277038574,-4.642149448394775,4.124170780181885,57.50078364121033,10.973748313270521,35.606926206004026,1,409,1788712987.531413
1788713039.465882,51.912000,r2_medium_r120,0.11871328391134739,0.19368291087448597,4.610274076461792,93.11023392433523,-9.718998908996582,-4.635002136230469,4.136560440063477,57.51120586287642,10.96910137996427,35.59902806145881,1,384,1788712987.5538654
1788713039.515753,51.944000,r2_medium_r120,0.11420686729252338,0.20791922695934772,4.6171252727508545,93.1065927683691,-9.717927932739258,-4.631900310516357,4.150803089141846,57.523693200492126,10.968691091477297,35.58289956787697,1,373,1788712987.5717251
1788713039.561348,51.976000,r2_medium_r120,0.11040864326059818,0.21894836612045765,4.6228063106536865,93.09621103479375,-9.718788146972656,-4.631486892700195,4.164875507354736,57.52994318212066,10.970393446078052,35.5662678526731,1,370,1788712987.5853293
1788713039.611788,52.012000,r2_medium_r120,0.106449069455266,0.22975692339241505,4.628699064254761,93.07901805463129,-9.717436790466309,-4.631986141204834,4.179855823516846,57.54788128950841,10.970266143976755,35.531136765122874,1,367,1788712987.5997698
1788713039.662001,52.044000,r2_medium_r120,0.10146857239305973,0.24238081462681293,4.635923147201538,93.05252862219616,-9.716972351074219,-4.634703159332275,4.191837310791016,57.56378923468041,10.97200722232564,35.48873938751575,1,362,1788712987.6179817
1788713039.711701,52.076000,r2_medium_r120,0.09743861295282841,0.2519629616290331,4.641627073287964,93.02808698519462,-9.71737003326416,-4.637401103973389,4.203231334686279,57.5718455545543,10.973993828660745,35.45624143064031,1,357,1788712987.6356819
1788713039.759740,52.108000,r2_medium_r120,0.09435595758259296,0.2589858938008547,4.645897626876831,93.00736735090878,-9.715736389160156,-4.641260623931885,4.213505744934082,57.59422127569823,10.974392490053493,35.41314607521055,1,354,1788712987.6517205
1788713039.807059,52.144000,r2_medium_r120,0.08915646933019161,0.2702207434922457,4.653011083602905,92.97004455639961,-9.715319633483887,-4.646713733673096,4.226285934448242,57.615851668052926,10.976615628521872,35.35419288834668,1,354,1788712987.6630409
1788713039.853315,52.176000,r2_medium_r120,0.08491616137325764,0.27881445176899433,4.658688306808472,92.93768016033454,-9.71474552154541,-4.651802062988281,4.236417293548584,57.63658355261456,10.97828133743625,35.301096607719984,1,351,1788712987.6772888
1788713039.903721,52.208000,r2_medium_r120,0.0806273352354765,0.2869690526276827,4.664350271224976,92.9044252825161,-9.714075088500977,-4.655975341796875,4.246260166168213,57.65816534166885,10.979239235569478,35.24625994084726,1,350,1788712987.695694
1788713039.951981,52.240000,r2_medium_r120,0.07520131953060627,0.2964237201958895,4.671338796615601,92.86148156004343,-9.715714454650879,-4.66011381149292,4.2572407722473145,57.67414015409324,10.98183833308164,35.18734140595019,1,348,1788712987.7119534
1788713039.999388,52.276000,r2_medium_r120,0.07077524997293949,0.30356706865131855,4.67695689201355,92.82413747206412,-9.716545104980469,-4.665286064147949,4.268287181854248,57.70306069098918,10.983995271203284,35.12107678107494,1,346,1788712987.7233691
1788713040.047724,52.308000,r2_medium_r120,0.06734941340982914,0.3087483812123537,4.681217908859253,92.7946387816676,-9.71622371673584,-4.668511867523193,4.275742530822754,57.732414618985,10.98434490803822,35.0622241626826,1,343,1788712987.739706
1788713040.097192,52.340000,r2_medium_r120,0.0628559049218893,0.31488813646137714,4.68677020072937,92.7564465619213,-9.715986251831055,-4.672178268432617,4.2836456298828125,57.765944902035585,10.984493373530302,34.9905016598857,1,342,1788712987.7571685
1788713040.149183,52.372000,r2_medium_r120,0.057170530781149864,0.3219479490071535,4.693705320358276,92.7051582310877,-9.715574264526367,-4.676454544067383,4.290469646453857,57.804621421642146,10.98422356499052,34.90053680944554,1,342,1788712987.7771676
1788713040.198182,52.408000,r2_medium_r120,0.05260263569653034,0.3272834587842226,4.699414014816284,92.66291038712431,-9.716889381408691,-4.68253755569458,4.2994513511657715,57.84945197745887,10.986412107767963,34.81345840966544,1,341,1788712987.7901642
1788713040.243671,52.440000,r2_medium_r120,0.0481113288551569,0.33219178207218647,4.705121755599976,92.6262852501027,-9.71763801574707,-4.6884331703186035,4.307480335235596,57.89580301142119,10.987932192790291,34.73048223868151,1,338,1788712987.803653
1788713040.291997,52.472000,r2_medium_r120,0.0447861272841692,0.33562793023884296,4.709473371505737,92.60136108243302,-9.71793270111084,-4.694787979125977,4.313427925109863,57.94888509175478,10.989659464200882,34.65247599067823,1,336,1788712987.8199782
1788713040.338853,52.504000,r2_medium_r120,0.03943997900933027,0.34055896289646626,4.7165772914886475,92.56677915853918,-9.718226432800293,-4.700420379638672,4.317558765411377,58.002692654488605,10.990120214091226,34.56408650405058,1,334,1788712987.8348339
1788713040.391060,52.540000,r2_medium_r120,0.035249809734523296,0.34409125335514545,4.722252607345581,92.54721140761445,-9.721261978149414,-4.706227779388428,4.323917388916016,58.05641658208624,10.993357792133008,34.49079482552821,1,332,1788712987.8510396
1788713040.442174,52.572000,r2_medium_r120,0.03118847357109189,0.3471763897687197,4.727922201156616,92.53305966336754,-9.72291088104248,-4.71006965637207,4.327920913696289,58.10927535527032,10.994461915930652,34.423784308097225,1,331,1788712987.8701582
1788713040.487394,52.604000,r2_medium_r120,0.026385540375486016,0.3501331675797701,4.734853506088257,92.52950700857025,-9.724477767944336,-4.714040279388428,4.332634925842285,58.16829735192288,10.994860969780865,34.36120965664737,1,329,1788712987.8833764
1788713040.537188,52.636000,r2_medium_r120,0.02267084363847971,0.3521240521222353,4.740405797958374,92.53407902828714,-9.726189613342285,-4.717999458312988,4.336775779724121,58.23112358889272,10.995878764899647,34.30295543939442,1,328,1788712987.9011695
1788713040.588684,52.672000,r2_medium_r120,0.019950798712670803,0.3535308111459017,4.744691610336304,92.54258733992022,-9.729405403137207,-4.722970008850098,4.342687129974365,58.30303950472841,10.999200631327705,34.239547835191814,1,327,1788712987.91666
1788713040.638986,52.704000,r2_medium_r120,0.01566101610660553,0.35518293268978596,4.751647710800171,92.56510847245433,-9.732733726501465,-4.728630542755127,4.347890853881836,58.37204093517049,11.001789813949934,34.19306753728384,1,326,1788712987.9349644
1788713040.688282,52.736000,r2_medium_r120,0.012354720383882523,0.3560983408242464,4.757179021835327,92.58874350650828,-9.734865188598633,-4.7340216636657715,4.350616455078125,58.44813191602735,11.003768024402495,34.14061159048093,1,325,1788712987.9522634
1788713040.734084,52.768000,r2_medium_r120,0.009169019758701324,0.35660641081631184,4.762725591659546,92.61615795350542,-9.738070487976074,-4.7386274337768555,4.35346794128418,58.52161203298735,11.006251758733493,34.094545920518065,1,324,1788712987.9660623
1788713040.785716,52.804000,r2_medium_r120,0.005385084077715874,0.356590973213315,4.76952052116394,92.65361080329978,-9.742486953735352,-4.745931625366211,4.357020854949951,58.61158868704856,11.010308901625754,34.04202211625122,1,324,1788712987.9816988
1788713040.833580,52.836000,r2_medium_r120,0.0024785902351140976,0.3562654126435518,4.774900197982788,92.68555789049127,-9.745709419250488,-4.7534050941467285,4.36013126373291,58.70145967707946,11.013988170733619,33.984098213411805,1,321,1788712987.9975595
1788713040.881436,52.868000,r2_medium_r120,0.0004371851682662964,0.355704115703702,4.778886556625366,92.71163971801953,-9.747968673706055,-4.76026725769043,4.362259387969971,58.79548282175933,11.017175594515376,33.91615689626019,1,319,1788712988.013416
1788713040.937030,52.900000,r2_medium_r120,-0.00273115374147892,0.3542997110635042,4.785334348678589,92.76015357854492,-9.749326705932617,-4.765689849853516,4.362667083740234,58.89009579447366,11.017670605837779,33.87005778407126,1,317,1788712988.0370095
1788713040.985280,52.936000,r2_medium_r120,-0.0050774794071912766,0.3529928494244814,4.790466070175171,92.80158711582754,-9.7510404586792,-4.774916648864746,4.365302085876465,59.0023749870629,11.02088992003505,33.79921212876463,1,314,1788712988.049254
1788713041.033299,52.968000,r2_medium_r120,-0.007223131135106087,0.3514420259743929,4.795533895492554,92.84860412412996,-9.753189086914062,-4.783235549926758,4.3667378425598145,59.10403331643613,11.024183973187098,33.74457080769385,1,313,1788712988.065279
1788713041.083254,53.000000,r2_medium_r120,-0.009189805015921593,0.3496269751340151,4.800495862960815,92.89727916507594,-9.75516128540039,-4.792929172515869,4.367786884307861,59.21011254554462,11.02801346065582,33.68716661953132,1,312,1788712988.0832365
1788713041.134246,53.032000,r2_medium_r120,-0.011418541893362999,0.3468963075429201,4.8065574169158936,92.95805292292721,-9.758221626281738,-4.8020548820495605,4.368744373321533,59.30762296376194,11.031933147902498,33.650429959165265,1,308,1788712988.102226
1788713041.179937,53.068000,r2_medium_r120,-0.01270674355328083,0.345209376886487,4.810222387313843,92.99399441742936,-9.762341499328613,-4.812170505523682,4.368949890136719,59.41394664902131,11.038508347565644,33.58004776840805,1,308,1788712988.111921
1788713041.228570,53.100000,r2_medium_r120,-0.014270039275288582,0.34259976632893085,4.814982175827026,93.03985160063759,-9.765885353088379,-4.821733474731445,4.371341228485107,59.511188408823465,11.043602507491547,33.52866319181412,1,306,1788712988.128551
1788713041.276885,53.132000,r2_medium_r120,-0.0156343262642622,0.3395542372018099,4.819603681564331,93.08463502401725,-9.767790794372559,-4.831191062927246,4.3715901374816895,59.61353438000181,11.047256622028597,33.47110064401544,1,304,1788712988.144868
1788713041.325198,53.164000,r2_medium_r120,-0.017167558893561363,0.33542891032993793,4.825247526168823,93.13619305237363,-9.769230842590332,-4.840991020202637,4.370202541351318,59.71170701420604,11.050118891878451,33.42448603816758,1,304,1788712988.1611805
1788713041.374336,53.200000,r2_medium_r120,-0.01832622103393078,0.3320371676236391,4.829756498336792,93.17217075414501,-9.771459579467773,-4.8524980545043945,4.370874881744385,59.820841101928735,11.055025468759792,33.35132965221627,1,304,1788712988.174314
1788713041.429500,53.232000,r2_medium_r120,-0.01917838864028454,0.32941742427647114,4.833143949508667,93.19558591106752,-9.776097297668457,-4.865171909332275,4.372601509094238,59.909237448317896,11.063151643253207,33.28634846274963,1,302,1788712988.1974804
1788713041.478521,53.264000,r2_medium_r120,-0.020492838695645332,0.32464067824184895,4.838703870773315,93.22657989830884,-9.779863357543945,-4.876844882965088,4.372898101806641,59.99538644559011,11.06877319227439,33.231193452718735,1,298,1788712988.2144978
1788713041.526185,53.296000,r2_medium_r120,-0.021460579708218575,0.3206511903554201,4.8431642055511475,93.24446686961693,-9.782449722290039,-4.890349864959717,4.372804641723633,60.08286285237659,11.074867004139582,33.16160401724034,1,297,1788712988.2301672
1788713041.574879,53.332000,r2_medium_r120,-0.022332241758704185,0.3164741564542055,4.847614049911499,93.25852728119773,-9.785480499267578,-4.903672218322754,4.370911598205566,60.17595238179345,11.081346366739831,33.08257489940428,1,294,1788712988.2428627
1788713041.619111,53.364000,r2_medium_r120,-0.023278964683413506,0.3109471667557955,4.853094816207886,93.2677150435016,-9.789571762084961,-4.914221286773682,4.36946439743042,60.24628554810239,11.08678306607935,33.0214294953992,1,294,1788712988.2550948
1788713041.669849,53.396000,r2_medium_r120,-0.023908240720629692,0.30623109824955463,4.857375860214233,93.27120000092226,-9.791914939880371,-4.925839900970459,4.36672306060791,60.32195183008993,11.091855660144077,32.94924817083233,1,294,1788712988.2738304
1788713041.720621,53.428000,r2_medium_r120,-0.02435406483709812,0.30263705737888813,4.8605945110321045,93.27185790421387,-9.794258117675781,-4.9364118576049805,4.36461877822876,60.39104747527432,11.097055945736113,32.880810428939554,1,294,1788712988.2926025
1788713041.770655,53.464000,r2_medium_r120,-0.025039518252015114,0.29648457653820515,4.865916013717651,93.26547253723642,-9.794543266296387,-4.951103210449219,4.362029552459717,60.48111059361991,11.101093758320918,32.7843619436165,1,293,1788712988.3066297
1788713041.820170,53.496000,r2_medium_r120,-0.025524912402033806,0.29149426706135273,4.87015700340271,93.25577826583655,-9.798568725585938,-4.964160919189453,4.36078405380249,60.53978341908235,11.108274285997874,32.7159948467542,1,291,1788712988.3241537
1788713041.871665,53.528000,r2_medium_r120,-0.02592807076871395,0.2864447105675936,4.874379873275757,93.24315312392069,-9.80156421661377,-4.978655815124512,4.35839319229126,60.60183382742991,11.115331207685584,32.64131929649079,1,289,1788712988.343645
1788713041.923973,53.560000,r2_medium_r120,-0.026244616135954857,0.2799938786774874,4.87959361076355,93.22902859095036,-9.80445384979248,-4.990873336791992,4.357069492340088,60.66080942108311,11.120631658076395,32.568219169867255,1,287,1788712988.3639526
1788713041.976111,53.596000,r2_medium_r120,-0.0264070276170969,0.27486579306423664,4.883724927902222,93.2175772532149,-9.808253288269043,-5.0061421394348145,4.356061935424805,60.726797665871175,11.128880863940388,32.490779587343724,1,285,1788712988.3800893
1788713042.024572,53.628000,r2_medium_r120,-0.026469243690371513,0.27109612710773945,4.886861562728882,93.20895806012417,-9.810341835021973,-5.018936634063721,4.355465412139893,60.787506484043625,11.135124218729572,32.42145157608054,1,281,1788712988.3965483
1788713042.072921,53.660000,r2_medium_r120,-0.026395725086331367,0.2657864112406969,4.890865087509155,93.1999937333776,-9.815727233886719,-5.030488967895508,4.353965759277344,60.82989646698727,11.143150594400678,32.37009726639032,1,280,1788712988.4129047
1788713042.121746,53.692000,r2_medium_r120,-0.026158077642321587,0.2591060269623995,4.895787000656128,93.19093872768515,-9.818260192871094,-5.042724132537842,4.352047443389893,60.882747089265344,11.14855683850561,32.3081916384198,1,279,1788712988.4297235
1788713042.170373,53.728000,r2_medium_r120,-0.02584773860871792,0.2538429517298937,4.899732351303101,93.18676488761471,-9.822968482971191,-5.054792404174805,4.348739147186279,60.92898936481711,11.156557611224075,32.2577755227976,1,279,1788712988.4423532
1788713042.222369,53.760000,r2_medium_r120,-0.025419218465685844,0.24859468825161457,4.903513669967651,93.18427126146153,-9.82645034790039,-5.066845417022705,4.345771789550781,60.97090915884977,11.16356532287413,32.21336210261176,1,279,1788712988.4623427
1788713042.272035,53.792000,r2_medium_r120,-0.025029627606272697,0.24475167877972126,4.905854940414429,93.18541181963548,-9.827991485595703,-5.076635837554932,4.343233585357666,61.06248738614456,11.168337793842188,32.12292443349092,1,278,1788712988.4800138
1788713042.321989,53.824000,r2_medium_r120,-0.024208487942814827,0.23833966441452503,4.908248662948608,93.18754647889055,-9.828511238098145,-5.087623596191406,4.337775230407715,61.271918357680974,11.172093671611535,31.91562812120958,1,277,1788712988.497972
1788713042.374708,53.860000,r2_medium_r120,-0.023467669263482094,0.2333818543702364,4.908906698226929,93.18562263137206,-9.831130027770996,-5.101312160491943,4.330746173858643,61.54325095255654,11.179600653092638,31.642371678815522,1,270,1788712988.5146675
1788713042.426401,53.892000,r2_medium_r120,-0.02265019156038761,0.22856772132217884,4.908566236495972,93.17894554330056,-9.835235595703125,-5.116140842437744,4.325186252593994,61.7677949152761,11.188971094374192,31.411150628024462,1,270,1788712988.5343814
1788713042.475070,53.924000,r2_medium_r120,-0.021509317681193352,0.22265085764229298,4.906925916671753,93.16466508433089,-9.838574409484863,-5.131435871124268,4.319034576416016,61.97214503484666,11.1976170654212,31.192520049484223,1,268,1788712988.551044
1788713042.527003,53.956000,r2_medium_r120,-0.020584972575306892,0.21830426342785358,4.904891729354858,93.14701762093672,-9.842700958251953,-5.144505977630615,4.312349796295166,62.13533571611521,11.206462513216222,31.011681904821508,1,266,1788712988.5709794
1788713042.573020,53.992000,r2_medium_r120,-0.019923584535717964,0.21541467495262623,4.903081655502319,93.1303302421337,-9.847819328308105,-5.157034873962402,4.304743766784668,62.27130266384547,11.216450291209416,30.85902757828823,1,264,1788712988.580996
1788713042.621627,54.024000,r2_medium_r120,-0.018835777416825294,0.2110221702605486,4.899543523788452,93.0941877950416,-9.8511962890625,-5.166591167449951,4.295432090759277,62.363367102657065,11.22314523938845,30.730820692384537,1,264,1788712988.5976071
1788713042.669605,54.056000,r2_medium_r120,-0.01801767759025097,0.20808385498821735,4.8964011669158936,93.06106578254877,-9.854504585266113,-5.17446756362915,4.288581371307373,62.41838512600886,11.229326754657738,30.64268065653991,1,264,1788712988.6135845
1788713042.718891,54.088000,r2_medium_r120,-0.017213786020874977,0.20569282956421375,4.893099546432495,93.02307633723777,-9.858509063720703,-5.1824116706848145,4.281828880310059,62.44413148360425,11.236387972820383,30.578944853633516,1,264,1788712988.6308744
1788713042.766093,54.124000,r2_medium_r120,-0.016234809532761574,0.20343117602169514,4.888928174972534,92.9717961917302,-9.860435485839844,-5.188405513763428,4.274545669555664,62.45339164633429,11.240892122410932,30.51840454539591,1,264,1788712988.642067
1788713042.814994,54.156000,r2_medium_r120,-0.01552748866379261,0.20225668139755726,4.885616064071655,92.9272336969517,-9.860198020935059,-5.19223165512085,4.26714563369751,62.444967677638466,11.24279982811446,30.482266019313233,1,264,1788712988.658975
1788713042.861035,54.188000,r2_medium_r120,-0.014986967667937279,0.2016375083476305,4.883127927780151,92.8933236681838,-9.861175537109375,-5.195049285888672,4.261536121368408,62.40994883320536,11.245356111474724,30.483374834978434,1,263,1788712988.6730168
1788713042.907766,54.220000,r2_medium_r120,-0.014137880876660347,0.20118083246052265,4.879117727279663,92.83466809659336,-9.862656593322754,-5.198952674865723,4.256374835968018,62.36016546568439,11.249114251132296,30.474502630908976,1,262,1788712988.6877356
1788713042.954673,54.256000,r2_medium_r120,-0.013550708070397377,0.2014577854424715,4.8760926723480225,92.78731883274457,-9.865499496459961,-5.2041168212890625,4.250756740570068,62.2871421717754,11.254873468216513,30.500176660969178,1,262,1788712988.6986556
1788713043.004505,54.288000,r2_medium_r120,-0.013032471761107445,0.20217728801071644,4.873194456100464,92.73986793681172,-9.866534233093262,-5.207360744476318,4.246196746826172,62.2153242820146,11.258229204139289,30.524543654797125,1,262,1788712988.716478
1788713043.052312,54.320000,r2_medium_r120,-0.012544380500912666,0.20333357341587543,4.870504140853882,92.69279903874451,-9.866606712341309,-5.211082458496094,4.242181777954102,62.143961876263404,11.261138237236105,30.548837162481107,1,260,1788712988.7322915
1788713043.100928,54.352000,r2_medium_r120,-0.01186860166490078,0.20529206283390522,4.867321729660034,92.63595062438682,-9.86611270904541,-5.213676452636719,4.238117218017578,62.06338840797051,11.263536079623336,30.572562216416312,1,259,1788712988.74891
1788713043.148794,54.388000,r2_medium_r120,-0.011451410129666328,0.20689940638840199,4.865554571151733,92.60328498374466,-9.865828514099121,-5.214507102966309,4.234288692474365,61.96673085274286,11.264940890057673,30.636554131001795,1,257,1788712988.7607753
1788713043.198408,54.420000,r2_medium_r120,-0.01089262031018734,0.20933051593601704,4.86326003074646,92.56148585954834,-9.864810943603516,-5.215457916259766,4.231175422668457,61.88271238361386,11.266213508006597,30.678773475934484,1,257,1788712988.7783847
1788713043.243942,54.452000,r2_medium_r120,-0.01031915657222271,0.21203665621578693,4.861022710800171,92.52341191414096,-9.862863540649414,-5.215400695800781,4.227371692657471,61.80035766900278,11.266375666693744,30.723054245138187,1,256,1788712988.7919226
1788713043.293864,54.484000,r2_medium_r120,-0.009643672034144402,0.21593924053013325,4.858403921127319,92.4791112343912,-9.86230182647705,-5.214206218719482,4.224545478820801,61.71169544048191,11.26779166215824,30.767415793909286,1,256,1788712988.8098462
1788713043.342218,54.520000,r2_medium_r120,-0.009153323248028755,0.21950663812458515,4.856460332870483,92.448417672994,-9.860246658325195,-5.213160514831543,4.220550060272217,61.620070086170536,11.267754619532953,30.828347586823465,1,254,1788712988.8221862
1788713043.393041,54.552000,r2_medium_r120,-0.008804233744740486,0.22240968234837055,4.8551061153411865,92.42790864388951,-9.857619285583496,-5.212383270263672,4.216512203216553,61.54537432012048,11.26693989278765,30.882534323769036,1,254,1788712988.841022
1788713043.446201,54.584000,r2_medium_r120,-0.008189862594008446,0.227470638230443,4.853033781051636,92.39651906525938,-9.855576515197754,-5.210564613342285,4.213181018829346,61.47131482145601,11.267327227011274,30.925204243803375,1,252,1788712988.8621836
1788713043.500327,54.616000,r2_medium_r120,-0.0076650213450193405,0.23181493766605854,4.851536512374878,92.3765517665642,-9.854037284851074,-5.209146976470947,4.210721969604492,61.396579690080046,11.26790826111292,30.979972076484156,1,252,1788712988.8843114
1788713043.546034,54.652000,r2_medium_r120,-0.007125509902834892,0.23636137135326862,4.850158452987671,92.35957251852332,-9.852701187133789,-5.207613945007324,4.20860481262207,61.31576256791256,11.268709719160022,31.04380995061076,1,252,1788712988.8940167
1788713043.599071,54.684000,r2_medium_r120,-0.006410734727978706,0.24226840026676655,4.848679304122925,92.34239373876775,-9.85065746307373,-5.2053117752075195,4.206230640411377,61.28167602950403,11.2693417599375,31.06071770926373,1,251,1788712988.9150565
1788713043.647358,54.716000,r2_medium_r120,-0.005825476720929146,0.24722846038639545,4.847809553146362,92.33258554728769,-9.849167823791504,-5.205655097961426,4.203683853149414,61.40271714418024,11.271212249795024,30.929868403107452,1,249,1788712988.931334
1788713043.697961,54.748000,r2_medium_r120,-0.005416920408606529,0.2511740494519472,4.847338438034058,92.32821720608027,-9.847928047180176,-5.206839084625244,4.20092248916626,61.608750693810656,11.27310011626491,30.719466512269612,1,249,1788712988.9499443
1788713043.747550,54.784000,r2_medium_r120,-0.004837589338421822,0.2582277227193117,4.8468310832977295,92.33119232255821,-9.846853256225586,-5.209387302398682,4.198550224304199,61.84882078031733,11.277426768650985,30.48237154224087,1,243,1788712988.963524
1788713043.795808,54.816000,r2_medium_r120,-0.004552843049168587,0.2644822169095278,4.846685171127319,92.34983582942887,-9.84557056427002,-5.213438987731934,4.194938659667969,62.06845871939411,11.28175624753712,30.28137711003476,1,242,1788712988.979789
1788713043.843862,54.848000,r2_medium_r120,-0.00448867492377758,0.27135695703327656,4.846721410751343,92.39214542910632,-9.844157218933105,-5.2186174392700195,4.191329002380371,62.287617319179134,11.28664853430737,30.104528109927198,1,242,1788712988.9958432
1788713043.889196,54.880000,r2_medium_r120,-0.004733508452773094,0.2808200288563967,4.846960783004761,92.49406449014978,-9.843936920166016,-5.2222394943237305,4.188917636871338,62.49618197844259,11.292767981097732,29.997882511707193,1,240,1788712989.00918
1788713043.936996,54.916000,r2_medium_r120,-0.005292782559990883,0.28923256881535053,4.847409009933472,92.63098142110242,-9.842691421508789,-5.225475311279297,4.1868815422058105,62.75297061104808,11.29702224128077,29.87801081005433,1,239,1788712989.0209768
1788713043.985314,54.948000,r2_medium_r120,-0.005988301709294319,0.29612122662365437,4.84787917137146,92.77464498021467,-9.839783668518066,-5.22747278213501,4.184971809387207,63.02095403219451,11.298365734053629,29.753690948020164,1,235,1788712989.0372958
1788713044.034215,54.980000,r2_medium_r120,-0.007245244458317757,0.3057813514024019,4.8485801219940186,93.03746423638349,-9.836801528930664,-5.228248119354248,4.183831214904785,63.33210047142562,11.29989159427157,29.705363764957873,1,231,1788712989.0541947
1788713044.087447,55.012000,r2_medium_r120,-0.009566036984324455,0.3189664650708437,4.849853277206421,93.50340123028568,-9.832728385925293,-5.228269577026367,4.182685375213623,63.716422325151456,11.30094948443905,29.786978905134223,1,230,1788712989.0754292
1788713044.131549,55.048000,r2_medium_r120,-0.012129226699471474,0.3305091131478548,4.851267576217651,94.00388502193452,-9.826897621154785,-5.226871490478516,4.182631969451904,64.26317340315696,11.29872698072648,29.74071161877757,1,230,1788712989.0835319
1788713044.182631,55.080000,r2_medium_r120,-0.015350857749581337,0.3428523112088442,4.853002309799194,94.63023958113,-9.820980072021484,-5.225079536437988,4.183647155761719,64.86365940582054,11.296028756605528,29.766580175309446,1,229,1788712989.102607
1788713044.235213,55.112000,r2_medium_r120,-0.01825190894305706,0.35270880348980427,4.854511022567749,95.18807610093573,-9.81600570678711,-5.2216691970825195,4.186835289001465,65.58324633535109,11.292274370631699,29.60482976558464,1,229,1788712989.1231928
1788713044.280684,55.144000,r2_medium_r120,-0.023954765871167183,0.37006290443241596,4.857336759567261,96.28961024798153,-9.81032657623291,-5.219158172607422,4.189516067504883,66.45025957162619,11.289749772931906,29.839350676355334,1,226,1788712989.1366556
1788713044.330556,55.180000,r2_medium_r120,-0.02933829091489315,0.3848764766007662,4.859947919845581,97.32473605549127,-9.806653022766113,-5.21412467956543,4.195106506347656,67.58051456550302,11.286572173052685,29.744221489988245,1,225,1788712989.1505306
1788713044.382228,55.212000,r2_medium_r120,-0.03544406406581402,0.4004718828946352,4.86275839805603,98.49139201979479,-9.802115440368652,-5.207636833190918,4.199284076690674,68.74646178325324,11.281797344361365,29.74493023654154,1,217,1788712989.1702113
1788713044.440711,55.244000,r2_medium_r120,-0.04399632476270199,0.42084922082722187,4.8663718700408936,100.11843935093032,-9.794157981872559,-5.2020039558410645,4.204620361328125,70.07696943486248,11.27475255805765,30.041469916067847,1,213,1788712989.19669
1788713044.488517,55.276000,r2_medium_r120,-0.05164343677461147,0.4380009341984987,4.869427442550659,101.53768173792211,-9.789146423339844,-5.193212032318115,4.210954189300537,71.53090804744022,11.26779086213786,30.0067736904819,1,207,1788712989.2124968
1788713044.536683,55.312000,r2_medium_r120,-0.057880980893969536,0.45144365914165974,4.871788740158081,102.65848617979549,-9.78699016571045,-5.182316780090332,4.218252182006836,73.29994937405529,11.261524419437007,29.358536805740204,1,203,1788712989.2246587
1788713044.586915,55.344000,r2_medium_r120,-0.06905966810882092,0.4746329952031374,4.875656843185425,104.61159962288238,-9.784465789794922,-5.169098377227783,4.228651523590088,74.9883530893572,11.254307433024985,29.623246533525172,1,197,1788712989.2428963
1788713044.634969,55.376000,r2_medium_r120,-0.07872611097991467,0.4940128792077303,4.878649473190308,106.22523257921281,-9.784392356872559,-5.158134460449219,4.237241744995117,76.75268727638283,11.249805807196827,29.472545302829985,1,190,1788712989.258951
1788713044.685059,55.408000,r2_medium_r120,-0.08896488510072231,0.5141003597527742,4.881541967391968,107.8609358993206,-9.777653694152832,-5.1432061195373535,4.2463698387146,78.60445900872688,11.237404107369201,29.256476890593714,1,186,1788712989.2770388
1788713044.733349,55.444000,r2_medium_r120,-0.10250372998416424,0.5401538778096437,4.885020017623901,109.89946102909403,-9.776132583618164,-5.127934455871582,4.258351802825928,80.69382393278025,11.229382601359326,29.205637096313776,1,179,1788712989.2893238
1788713044.783447,55.476000,r2_medium_r120,-0.11387668363749981,0.5618115235120058,4.887751340866089,111.49682391337008,-9.778093338012695,-5.112844467163086,4.270002365112305,82.54370038452429,11.224099872695914,28.9531235288458,1,173,1788712989.3074188
1788713044.842754,55.508000,r2_medium_r120,-0.12266258709132671,0.5784237552434206,4.889728307723999,112.66139874089694,-9.789433479309082,-5.091952800750732,4.285739898681641,84.31870578433642,11.223387713504959,28.34269295656052,1,169,1788712989.3347344
1788713044.899200,55.540000,r2_medium_r120,-0.13770814053714275,0.6068746615201235,4.892975568771362,114.50985224142454,-10.002153396606445,-4.9886674880981445,3.9554340839385986,85.83452860280369,11.37964657596734,28.675323638620853,1,395,1788712989.3591816
1788713044.944163,55.576000,r2_medium_r120,-0.15007021836936474,0.6304302383214235,4.895647764205933,115.87908937370388,-10.01086711883545,-5.0105767250061035,3.940207004547119,87.66867262056644,11.400400963026195,28.21041675313744,1,397,1788712989.3681448
1788713044.993726,55.608000,r2_medium_r120,-0.16261045448482037,0.6546245384961367,4.898395299911499,117.13005526168612,-10.009516716003418,-4.99776554107666,3.9559969902038574,89.24611764267767,11.392944795307619,27.88393761900845,1,333,1788712989.385708
1788713045.045302,55.640000,r2_medium_r120,-0.17528255097568035,0.6794987488538027,4.901268720626831,118.24733465447977,-10.01207160949707,-4.97989559173584,3.9719369411468506,90.66856405933751,11.386607082028238,27.57877059514226,1,275,1788712989.4052842
1788713045.098960,55.672000,r2_medium_r120,-0.1912181507796049,0.7115065027028322,4.905004262924194,119.43122428292288,-10.018915176391602,-4.959246635437012,3.9878439903259277,91.9148129434847,11.38342009005107,27.516411339438186,1,264,1788712989.4269383
1788713045.151570,55.708000,r2_medium_r120,-0.2008411716669798,0.7313012052327394,4.907419919967651,120.02129840776558,-10.022640228271484,-4.937061786651611,4.005878925323486,93.12349232753235,11.375889058930964,26.89780608023324,1,253,1788712989.4435523
1788713045.203722,55.740000,r2_medium_r120,-0.21376183442771435,0.7583494354039431,4.91063666343689,120.67892169411353,-10.027254104614258,-4.918038368225098,4.024752140045166,93.9822505832327,11.371490686052754,26.696671110880825,1,242,1788712989.4637034
1788713045.255428,55.772000,r2_medium_r120,-0.2267461996525526,0.7858331371098757,4.913501501083374,121.1809700543107,-10.032597541809082,-4.8977742195129395,4.042236804962158,94.63996698297382,11.367375039974585,26.54100307133689,1,230,1788712989.48341
1788713045.307281,55.804000,r2_medium_r120,-0.24297180585563183,0.8209445048123598,4.91666579246521,121.56222347238031,-10.037158966064453,-4.877206802368164,4.060462951660156,95.0892044677982,11.363455185520163,26.47301900458212,1,223,1788712989.5032485
1788713045.362773,55.840000,r2_medium_r120,-0.25590035133063793,0.8497897554188967,4.919060468673706,121.67172515554917,-10.037986755371094,-4.851568222045898,4.080838680267334,95.36242553963177,11.353295247190296,26.3092996159174,1,221,1788712989.5227401
1788713045.418860,55.872000,r2_medium_r120,-0.2655566018074751,0.8718429375439882,4.9207494258880615,121.64058027418075,-10.037792205810547,-4.829771518707275,4.099545478820801,95.37867569338837,11.343693050790714,26.26190458079238,1,215,1788712989.546842
1788713045.473294,55.904000,r2_medium_r120,-0.2815519254654646,0.909195439890027,4.9231812953948975,121.37843027081506,-10.037213325500488,-4.808593273162842,4.1189703941345215,95.19825269835368,11.336348278566346,26.180177572461368,1,212,1788712989.5692632
1788713045.524025,55.936000,r2_medium_r120,-0.29419839195907116,0.9397905636578798,4.924978971481323,120.98396967896255,-10.039758682250977,-4.787415504455566,4.139853477478027,94.79322626360593,11.331074828085987,26.190743415356625,1,207,1788712989.5879946
1788713045.577371,55.972000,r2_medium_r120,-0.3066661637276411,0.9709595609456301,4.926703214645386,120.43326344634545,-10.041449546813965,-4.762022972106934,4.162552833557129,94.12108930522075,11.323295547004712,26.312174141124697,1,207,1788712989.6053514
1788713045.633054,56.004000,r2_medium_r120,-0.3219637852162123,1.0106137562543154,4.9286048412323,119.54169049608082,-10.040115356445312,-4.7367353439331055,4.182257175445557,93.3455475677941,11.315101699897934,26.19614292828671,1,205,1788712989.6290326
1788713045.683819,56.036000,r2_medium_r120,-0.33396303467452526,1.042780416086316,4.929944753646851,118.68356285129494,-10.040234565734863,-4.7152018547058105,4.203317642211914,92.39705039185064,11.309025326017318,26.286512459444296,1,202,1788712989.647787
1788713045.744992,56.068000,r2_medium_r120,-0.34281730465590954,1.0671630073338747,4.930913686752319,117.96395636835773,-10.039637565612793,-4.691157341003418,4.225639820098877,91.30595289462627,11.299733962990613,26.65800347373146,1,200,1788712989.6769743
1788713045.797851,56.104000,r2_medium_r120,-0.35733908228576183,1.1083339620381594,4.93239951133728,116.6370093162509,-10.038750648498535,-4.664157867431641,4.250260353088379,89.93786703075558,11.292329505771189,26.699142285495313,1,199,1788712989.6938255
1788713045.851164,56.136000,r2_medium_r120,-0.36873319558799267,1.1417583394795656,4.9334752559661865,115.47963702099872,-10.035223007202148,-4.642416477203369,4.270939350128174,88.60750976018818,11.284354541333498,26.87212726081053,1,198,1788712989.7151453
1788713045.908927,56.168000,r2_medium_r120,-0.3799093943089247,1.1755544114857912,4.934495687484741,114.25000196959932,-10.034324645996094,-4.619971752166748,4.291359901428223,87.18126669954871,11.278718056804925,27.068735270050613,1,194,1788712989.7409072
1788713045.958034,56.200000,r2_medium_r120,-0.39360555820167065,1.2182524371892214,4.935602903366089,112.64008664513698,-10.032231330871582,-4.599192142486572,4.31278133392334,85.69770812121303,11.275356975747554,26.94237852392396,1,192,1788712989.7580173
1788713046.005782,56.236000,r2_medium_r120,-0.4043924789875746,1.2527830768376589,4.936444997787476,111.31248471342353,-10.032585144042969,-4.568840503692627,4.339330673217773,83.95297876806828,11.267206425082444,27.359505945355256,1,188,1788712989.7697632
1788713046.057151,56.268000,r2_medium_r120,-0.4124214332550764,1.2789068389683962,4.93712592124939,110.30501001274835,-10.030614852905273,-4.539823532104492,4.361204147338867,82.37503171744775,11.256062974180299,27.929978295300604,1,180,1788712989.7891333
1788713046.108606,56.300000,r2_medium_r120,-0.42312183789908886,1.3139141965657473,4.937884092330933,108.96094486597147,-10.02447509765625,-4.5160441398620605,4.38346004486084,80.81565555031501,11.246412078860825,28.145289315656456,1,177,1788712989.808588
1788713046.162500,56.332000,r2_medium_r120,-0.4365117233246565,1.3580435682088137,4.938810110092163,107.29579624039455,-10.018966674804688,-4.489605903625488,4.406064033508301,79.2568779808234,11.238428076234845,28.038918259571144,1,171,1788712989.8304815
1788713046.223864,56.368000,r2_medium_r120,-0.4472497683018446,1.3937250543385744,4.939673185348511,105.9937087844545,-10.012728691101074,-4.459846496582031,4.434882640838623,77.53187847149967,11.225751663834808,28.461830312954834,1,168,1788712989.8558345
1788713046.263885,56.400000,r2_medium_r120,-0.45801994018256664,1.4295863080769777,4.940557241439819,104.72943714251349,-10.026694297790527,-3.9818503856658936,4.137517929077148,76.30007521809519,11.02216168405866,28.4293619244183,1,401,1788712989.8638704
1788713046.313852,56.432000,r2_medium_r120,-0.4661188405007124,1.4566153455525637,4.941312551498413,103.81264742896475,-10.030388832092285,-3.927281141281128,4.129559516906738,74.79767377019823,11.005477947012025,29.01497365876652,1,334,1788712989.8818293
1788713046.362256,56.464000,r2_medium_r120,-0.479709742590785,1.501728193834424,4.942562818527222,102.35460216883536,-10.036209106445312,-3.8874170780181885,4.137890338897705,73.34794800048084,11.00077563865187,29.006654168354512,1,279,1788712989.8982382
1788713046.412807,56.500000,r2_medium_r120,-0.490636108443141,1.5379799772053957,4.943683385848999,101.26073115194663,-10.048956871032715,-3.85168194770813,4.162881374359131,71.79434853131355,11.000891020574658,29.466382620633077,1,253,1788712989.9127872
1788713046.460258,56.532000,r2_medium_r120,-0.5016483049839735,1.574394242838025,4.944939374923706,100.2361881469905,-10.051138877868652,-3.823012590408325,4.192205429077148,70.53630485962464,10.995061578655095,29.699883287365857,1,230,1788712989.928231
1788713046.506217,56.564000,r2_medium_r120,-0.5155878644436598,1.6200207639485598,4.946548223495483,99.06210288053889,-10.046619415283203,-3.801931619644165,4.231601238250732,69.40369486559574,10.988597693279894,29.658408014943152,1,215,1788712989.9421954
1788713046.551910,56.596000,r2_medium_r120,-0.5268362741917372,1.6569173503667116,4.9481236934661865,98.21201992539764,-10.027539253234863,-3.793576240539551,4.272002696990967,68.43845364490278,10.973986380635973,29.773566280494858,1,197,1788712989.9558892
1788713046.605134,56.632000,r2_medium_r120,-0.5353319030255079,1.6848098207265139,4.94945216178894,97.6259151844726,-10.019668579101562,-3.7683751583099365,4.300557613372803,67.38150969492696,10.959513343927016,30.24440548954565,1,179,1788712989.9731114
1788713046.653420,56.664000,r2_medium_r120,-0.5498077850788832,1.7315020728856325,4.950406789779663,96.75057359623736,-10.010252952575684,-3.7385637760162354,4.323977947235107,66.5397577785013,10.945960727743719,30.210815817736062,1,172,1788712989.9894
1788713046.709842,56.696000,r2_medium_r120,-0.5615720730274916,1.7690613437443972,4.95051646232605,96.13915852920029,-10.005765914916992,-3.709758758544922,4.3518829345703125,65.77184449623408,10.934744127641322,30.367314032966203,1,167,1788712990.013822
1788713046.749053,56.728000,r2_medium_r120,-0.5734776835888624,1.8068123031407595,4.950120687484741,95.60321766410671,-9.925766944885254,-3.7697534561157227,4.170491695404053,66.26123838555144,10.916557216428831,29.341979278555264,1,380,1788712990.021038
1788713046.799768,56.764000,r2_medium_r120,-0.5884890537708998,1.8542381692677736,4.949068784713745,95.02434384984724,-9.929797172546387,-3.7512364387512207,4.155386924743652,65.61837372431897,10.922971841302719,29.40597012552827,1,249,1788712990.035738
1788713046.848197,56.796000,r2_medium_r120,-0.6004933696240187,1.8923725057393312,4.947938680648804,94.62238091881932,-9.937575340270996,-3.7262773513793945,4.200411319732666,65.0119980538082,10.922871559200875,29.610382865011104,1,221,1788712990.0521762
1788713046.896636,56.828000,r2_medium_r120,-0.6094864588230848,1.921007888391614,4.946921110153198,94.3443238986608,-9.933917999267578,-3.697383403778076,4.224656581878662,64.50609060761681,10.91022503494625,29.838233291043995,1,183,1788712990.068613
1788713046.945207,56.860000,r2_medium_r120,-0.624380050227046,1.9687616992741823,4.945086240768433,93.89809430766208,-9.9301118850708,-3.6690988540649414,4.245856285095215,64.03114398703424,10.90279960064536,29.866950320627836,1,173,1788712990.085188
1788713046.992529,56.896000,r2_medium_r120,-0.6360844951122999,2.006966846063733,4.9435203075408936,93.5242281792763,-9.92558765411377,-3.6371572017669678,4.276512622833252,63.50919938159175,10.890174675360269,30.01502879768455,1,173,1788712990.0965085
1788713047.050511,56.928000,r2_medium_r120,-0.6473155003041029,2.045034544542432,4.941773176193237,93.09908298474485,-9.921892166137695,-3.6004014015197754,4.31133508682251,62.99652834300601,10.875944627297697,30.102554641738834,1,164,1788712990.1224918
1788713047.091961,56.960000,r2_medium_r120,-0.6580789666622877,2.082918779924512,4.939976453781128,92.5866167759345,-9.84775447845459,-3.5821807384490967,4.201899528503418,63.68074477748974,10.8207322355162,28.905871998444756,1,368,1788712990.1319416
1788713047.139956,56.992000,r2_medium_r120,-0.6709027271717787,2.12995614297688,4.937861204147339,91.7560076201139,-9.845490455627441,-3.5717220306396484,4.199136257171631,63.036965507290425,10.827183776490939,28.719042112823484,1,252,1788712990.1479383
1788713047.190060,57.028000,r2_medium_r120,-0.6782159190624952,2.1579748559743166,4.936922788619995,91.12302118461928,-9.841371536254883,-3.538351058959961,4.22387170791626,62.06132815813385,10.812954806052275,29.061693026485422,1,235,1788712990.162044
1788713047.237839,57.060000,r2_medium_r120,-0.6874743085354567,2.194984572008252,4.936018705368042,90.08501824027685,-9.83296012878418,-3.4718024730682373,4.24788761138916,60.93719481865014,10.780812154245048,29.147823421626704,1,219,1788712990.177815
1788713047.292057,57.092000,r2_medium_r120,-0.696169612929225,2.2316299844533205,4.9356114864349365,88.79512615272789,-9.819735527038574,-3.3936097621917725,4.270639896392822,59.57526414747042,10.73894614996727,29.219862005257472,1,213,1788712990.2000315
1788713047.339602,57.124000,r2_medium_r120,-0.7059708219021559,2.276674883440137,4.934768438339233,86.79630139791627,-9.808011054992676,-3.3372888565063477,4.2861456871032715,57.94879451987195,10.713749892155096,28.847506878044317,1,198,1788712990.2155821
1788713047.387440,57.160000,r2_medium_r120,-0.7128930669277906,2.312117712572217,4.933645963668823,84.87125961180992,-9.80745792388916,-3.2915525436401367,4.30272912979126,55.748052812533146,10.700947917315824,29.123206799276776,1,195,1788712990.2274103
1788713047.436824,57.192000,r2_medium_r120,-0.717519162222743,2.3383077550679445,4.932288885116577,83.2339762433893,-9.806724548339844,-3.2582969665527344,4.321044445037842,53.507947658675405,10.691550810177828,29.726028584713895,1,188,1788712990.2448037
1788713047.485053,57.224000,r2_medium_r120,-0.7240869384258986,2.381014244630933,4.928428411483765,80.12944955588935,-9.807501792907715,-3.223299026489258,4.3379058837890625,51.02107715309658,10.689502772121337,29.10837240279278,1,184,1788712990.2610252
1788713047.532928,57.256000,r2_medium_r120,-0.7284315209835768,2.414379494264722,4.923961400985718,77.31868337272694,-9.806730270385742,-3.1925625801086426,4.3552374839782715,48.31011758067607,10.685352334038944,29.008565792050863,1,182,1788712990.276906
1788713047.586492,57.292000,r2_medium_r120,-0.7319378238171339,2.447019474580884,4.918224096298218,74.2204437957232,-9.808950424194336,-3.1603739261627197,4.3718132972717285,45.01870114382078,10.683332029821136,29.201742651902425,1,179,1788712990.294471
1788713047.633348,57.324000,r2_medium_r120,-0.7352444510906935,2.486708538606763,4.909456968307495,69.96894698276868,-9.804400444030762,-3.141171932220459,4.373838901519775,41.96462687412586,10.686885221226463,28.004320108642826,1,173,1788712990.309324
1788713047.691396,57.356000,r2_medium_r120,-0.7370572071522474,2.517541306093335,4.901429891586304,66.27960622223674,-9.793846130371094,-3.1317873001098633,4.380048751831055,38.82446142466096,10.687009759212248,27.455144797575777,1,160,1788712990.3353775
1788713047.732879,57.388000,r2_medium_r120,-0.7379168253391981,2.540062801912427,4.895094633102417,63.362460220943014,-9.46609115600586,-3.8827672004699707,3.724459648132324,36.23632377699448,10.899732045057247,27.126136443948532,1,388,1788712990.3448596
1788713047.792833,57.424000,r2_medium_r120,-0.7383614163845778,2.576404707506299,4.884604215621948,58.240019686008345,-9.415979385375977,-4.015253067016602,3.6413638591766357,32.566171312330376,10.96798306053054,25.673848373677966,1,189,1788712990.368814
1788713047.843541,57.456000,r2_medium_r120,-0.7378382664173841,2.6042708326131105,4.876887083053589,53.947258790775685,-9.400981903076172,-4.060341835021973,3.662680149078369,29.396637157440786,10.997336866600802,24.5506216333349,1,382,1788712990.3875184
1788713047.895926,57.488000,r2_medium_r120,-0.7365306001156569,2.6309756208211184,4.87052321434021,49.51686146463437,-9.40038013458252,-4.040770530700684,3.6761653423309326,26.10807201674446,11.000044372304059,23.40878944788991,1,264,1788712990.4079068
1788713047.947170,57.520000,r2_medium_r120,-0.7339490037411451,2.662579672411084,4.8648107051849365,43.854990596134826,-9.387978553771973,-4.0248870849609375,3.681825637817383,22.82744284676863,11.000631470664638,21.027547749366196,1,215,1788712990.42715
1788713047.997072,57.556000,r2_medium_r120,-0.73113745264709,2.6865457464009523,4.862158536911011,39.281975150145136,-9.369916915893555,-3.9967405796051025,3.695845603942871,19.1805990644941,10.984312112626677,20.101376085651037,1,169,1788712990.4410524
1788713048.054153,57.588000,r2_medium_r120,-0.7286673169583082,2.703799622133374,4.861333608627319,35.86356490126917,-9.337056159973145,-3.9475555419921875,3.7110328674316406,15.949655479915865,10.939290460860677,19.913909421353306,1,150,1788712990.4661365
1788713048.096040,57.620000,r2_medium_r120,-0.7249782662838697,2.726025240495801,4.861282110214233,31.362439846174777,-9.428254127502441,-3.7603087425231934,3.7050132751464844,12.774689954364739,10.915882780365767,18.587749891810034,1,388,1788712990.4760208
1788713048.149806,57.652000,r2_medium_r120,-0.7196655254811049,2.7524997163563967,4.862928152084351,25.88760794969612,-9.443466186523438,-3.740201950073242,3.720144510269165,9.70547442931009,10.93461601314199,16.182133520386024,1,225,1788712990.497788
1788713048.198018,57.688000,r2_medium_r120,-0.7143568377941847,2.7724114824086428,4.865254163742065,21.69064917878562,-9.446258544921875,-3.702831506729126,3.7466440200805664,6.313852937253833,10.928228028588153,15.376796241531787,1,207,1788712990.5099988
1788713048.253875,57.720000,r2_medium_r120,-0.706717012450099,2.7904392648488283,4.867846250534058,17.68643735165457,-9.43673324584961,-3.65606689453125,3.7766263484954834,3.3520058523349188,10.906942100009028,14.33443149931965,1,160,1788712990.5338538
1788713048.298795,57.752000,r2_medium_r120,-0.6997949462383986,2.8029545713216066,4.870057821273804,14.83591575159155,-9.469316482543945,-3.3468329906463623,3.873090982437134,1.436918104443398,10.757245832963134,13.398997647148155,1,375,1788712990.5467796
1788713048.348495,57.784000,r2_medium_r120,-0.6855524759739637,2.8218017984181643,4.873878240585327,10.40522125364916,-9.472588539123535,-3.31618595123291,3.9022138118743896,-1.140333064778399,10.762482434456278,11.545554318427557,1,256,1788712990.5644784
1788713048.402483,57.820000,r2_medium_r120,-0.6727547626942396,2.8357213903218508,4.877161741256714,7.1860551545886,-9.448735237121582,-3.284144401550293,3.9377739429473877,-4.0579481882216575,10.740253257426906,11.244003342810256,1,203,1788712990.5824673
1788713048.447790,57.852000,r2_medium_r120,-0.6588483434170485,2.848748343065381,4.88029932975769,4.259510705033869,-9.3748779296875,-3.128875255584717,3.998570203781128,-5.429986138848139,10.605592953129769,9.689496843882004,1,380,1788712990.5957668
1788713048.497505,57.884000,r2_medium_r120,-0.6401498299092054,2.864014284685254,4.883415937423706,1.0436602158198482,-9.368391990661621,-3.0937485694885254,4.0349578857421875,-7.484957073090299,10.601746578218709,8.528617288910146,1,259,1788712990.6134813
1788713048.540378,57.916000,r2_medium_r120,-0.6247684340924025,2.8760322500020266,4.885565519332886,-1.175616489462221,-9.361858367919922,-3.088197946548462,4.037447452545166,-9.364478428819078,10.612638060559995,8.188861939356856,1,225,1788712990.624357
1788713048.587450,57.952000,r2_medium_r120,-0.613313315436244,2.885219471529126,4.887094259262085,-2.6249710950538385,-9.3462495803833,-3.0900895595550537,4.032285213470459,-11.169396801346709,10.615987581442944,8.544425706292872,1,187,1788712990.635429
1788713048.637708,57.984000,r2_medium_r120,-0.5935133080929518,2.9002250600606203,4.887821912765503,-4.638303244835994,-9.339875221252441,-3.0928351879119873,4.027918338775635,-12.502241526657102,10.637436345678266,7.863938281821109,1,177,1788712990.6536908
1788713048.688043,58.016000,r2_medium_r120,-0.5772568564862013,2.9122380185872316,4.887065649032593,-5.886847862054461,-9.322464942932129,-3.074577569961548,4.033877849578857,-13.663546165468238,10.63242939255496,7.776698303413778,1,170,1788712990.67202
1788713048.731668,58.048000,r2_medium_r120,-0.5605955105274916,2.924424784258008,4.885042905807495,-6.818817094577365,-9.40464973449707,-3.1071279048919678,3.7681515216827393,-14.067922973462695,10.763102216481945,7.249105878885329,1,398,1788712990.6836514
1788713048.776249,58.084000,r2_medium_r120,-0.5392585378140211,2.939950840547681,4.880815267562866,-7.541855023780419,-9.403538703918457,-3.1012110710144043,3.7862584590911865,-14.70028831811162,10.782817568329378,7.1584332943312,1,366,1788712990.6922326
1788713048.821160,58.116000,r2_medium_r120,-0.5217908602207899,2.9526025224477053,4.876305341720581,-7.780979700438981,-9.400309562683105,-3.099498987197876,3.7948923110961914,-15.010096487535574,10.799327811296019,7.229116787096591,1,265,1788712990.7051442
1788713048.867052,58.148000,r2_medium_r120,-0.5084515195339918,2.962184565141797,4.872311353683472,-7.767206488105881,-9.395848274230957,-3.1019766330718994,3.792736053466797,-15.06531979937822,10.813202806854065,7.298113311272338,1,254,1788712990.7190342
1788713048.913882,58.180000,r2_medium_r120,-0.48574274592101574,2.978346483781934,4.86472487449646,-7.3894463277012274,-9.389910697937012,-3.1055376529693604,3.787318706512451,-14.881554891879734,10.837834523461444,7.4921085641785075,1,252,1788712990.7338643
1788713048.961584,58.216000,r2_medium_r120,-0.4673118870705366,2.991640703752637,4.858596563339233,-6.786418319300431,-9.37960433959961,-3.1126556396484375,3.7724688053131104,-14.399393009769463,10.856844113932063,7.612974690469034,1,251,1788712990.745566
1788713049.008993,58.248000,r2_medium_r120,-0.4486314635723829,3.0052133966237307,4.852830648422241,-5.929863078954548,-9.371075630187988,-3.1183090209960938,3.7612674236297607,-13.745479108866904,10.876536534172297,7.8156160299123565,1,251,1788712990.760977
1788713049.053728,58.280000,r2_medium_r120,-0.4294756632298231,3.0187179017812014,4.846997976303101,-4.843548736106771,-9.359800338745117,-3.124213695526123,3.745060920715332,-12.89766597979348,10.894979242467215,8.05411724368671,1,248,1788712990.7737083
1788713049.101003,58.312000,r2_medium_r120,-0.4048688095062971,3.0354489255696535,4.840315580368042,-3.188596094658451,-9.347498893737793,-3.1285810470581055,3.7302088737487793,-11.882754073957399,10.917794430512815,8.694157979298948,1,241,1788712990.78899
1788713049.146174,58.348000,r2_medium_r120,-0.38978114537894726,3.045591728761792,4.837427854537964,-2.0551313196115,-9.328719139099121,-3.135284185409546,3.7085258960723877,-10.560257640073312,10.926218886411935,8.50512632046181,1,221,1788712990.7981517
1788713049.191906,58.380000,r2_medium_r120,-0.36934378556907177,3.0592967439442873,4.8352954387664795,-0.3989105365980384,-9.298321723937988,-3.144890546798706,3.677903175354004,-9.22521174828643,10.934264667269709,8.82630121168839,1,198,1788712990.8118906
1788713049.237669,58.412000,r2_medium_r120,-0.34854274801909924,3.0731195379048586,4.834742307662964,1.388025912953026,-9.270971298217773,-3.129025936126709,3.6682233810424805,-7.847217505086276,10.928728476845533,9.235243418039301,1,178,1788712990.825642
1788713049.284712,58.444000,r2_medium_r120,-0.3220773320645094,3.0906101632863283,4.835983991622925,3.767349112103552,-9.023258209228516,-3.2451210021972656,3.2624435424804688,-6.236361498604345,10.87787054544648,10.003710610707897,1,389,1788712990.840691
1788713049.329895,58.480000,r2_medium_r120,-0.3005798738449812,3.104729311540723,4.838224172592163,5.746934402320536,-9.012669563293457,-3.2584919929504395,3.2575762271881104,-4.490425456627473,10.903648015881414,10.23735985894801,1,252,1788712990.849882
1788713049.376400,58.512000,r2_medium_r120,-0.28428187780082226,3.115347759798169,4.840454816818237,7.259448578929925,-9.002229690551758,-3.2653212547302246,3.250621795654297,-2.9144830990325024,10.919849823783972,10.173931677962427,1,182,1788712990.864379
1788713049.423372,58.544000,r2_medium_r120,-0.2567242067307234,3.1329785753041506,4.844899892807007,9.798153850235053,-8.96938419342041,-3.2577621936798096,3.2386412620544434,-1.3972345215705935,10.923922299654292,11.195388371805647,1,173,1788712990.8793437
1788713049.473149,58.576000,r2_medium_r120,-0.23432102613151073,3.1470140386372805,4.849055051803589,11.819197990559138,-8.835786819458008,-3.454958200454712,3.0055313110351562,0.17109934130715046,10.99862859734267,11.648098649251988,1,377,1788712990.8971353
1788713049.518811,58.612000,r2_medium_r120,-0.2116327565163374,3.1609507966786623,4.853547811508179,13.807616189574745,-8.765141487121582,-3.5158443450927734,2.8914709091186523,1.8827043447248712,11.026869489597365,11.924911844849872,1,237,1788712990.906791
1788713049.568201,58.644000,r2_medium_r120,-0.1828600000590086,3.1780790258198977,4.85949969291687,16.21650147981748,-8.734482765197754,-3.527740240097046,2.844083070755005,3.4134819996103407,11.0526091084987,12.803019480207139,1,327,1788712990.9241848
1788713049.612627,58.676000,r2_medium_r120,-0.15950199775397778,3.1915208268910646,4.864410161972046,18.063377757217516,-8.70932674407959,-3.5259249210357666,2.8311963081359863,4.835200277594268,11.06153421296761,13.228177479623247,1,244,1788712990.9366133
1788713049.659446,58.708000,r2_medium_r120,-0.1417787503451109,3.2014764714986086,4.868174314498901,19.39258016940967,-8.681920051574707,-3.5223870277404785,2.8192927837371826,6.187593257861695,11.06084396998998,13.204986911547975,1,232,1788712990.9514327
1788713049.709974,58.744000,r2_medium_r120,-0.11181127838790417,3.217752354219556,4.8744800090789795,21.486060140900854,-8.651651382446289,-3.5179800987243652,2.804439067840576,7.629810928795914,11.07176725635655,13.856249212104942,1,220,1788712990.9659538
1788713049.758204,58.776000,r2_medium_r120,-0.08747398667037487,3.2305385041981936,4.879561185836792,23.041942021747627,-8.624698638916016,-3.512176752090454,2.7943646907806396,8.810652477913752,11.076843332524517,14.231289543833874,1,205,1788712990.9821885
1788713049.804873,58.808000,r2_medium_r120,-0.0628287848085165,3.243114845827222,4.884615659713745,24.489754223953128,-8.598189353942871,-3.506654977798462,2.7854206562042236,9.896861146413292,11.082345978168195,14.592893077539834,1,189,1788712990.9968555
1788713049.849571,58.840000,r2_medium_r120,-0.03161156736314297,3.258472101762891,4.89081072807312,26.149462604966097,-8.567660331726074,-3.4999730587005615,2.775007724761963,10.906730829649305,11.091317858730507,15.24273177531679,1,185,1788712991.0095544
1788713049.895996,58.876000,r2_medium_r120,-0.0063548218458890915,3.2706226278096437,4.8956639766693115,27.36854561882757,-8.533068656921387,-3.4939558506011963,2.759539842605591,11.9556971100977,11.091771595736025,15.412848508729871,1,176,1788712991.019979
1788713049.943526,58.908000,r2_medium_r120,0.01271295640617609,3.2797357011586428,4.8992297649383545,28.228121260202844,-8.49464225769043,-3.467550754547119,2.760791778564453,12.77382732968253,11.066791959539765,15.45429393052031,1,166,1788712991.0354996
1788713049.994252,58.940000,r2_medium_r120,0.03837951552122831,3.2916773725301027,4.9036948680877686,29.31322325392082,-8.571616172790527,-3.2015128135681152,2.392810344696045,13.252030816831489,11.072401981295537,16.061192437089336,1,374,1788712991.0542378
1788713050.044988,58.972000,r2_medium_r120,0.07065527327358723,3.3066398072987795,4.9090611934661865,30.605974807871252,-8.553511619567871,-3.212613344192505,2.2987451553344727,13.992548598577637,11.121630548968051,16.613426209293614,1,219,1788712991.072974
1788713050.092128,59.008000,r2_medium_r120,0.096574941650033,3.3187087941914797,4.913194417953491,31.61945782511923,-8.524491310119629,-3.213160276412964,2.259838104248047,14.806989811704234,11.136803697668435,16.812468013414996,1,183,1788712991.0841155
1788713050.137266,59.040000,r2_medium_r120,0.12255978025496006,3.3309089113026857,4.917216062545776,32.641904768486675,-8.496946334838867,-3.1946351528167725,2.253589630126953,15.510062290555119,11.1343395301376,17.131842477931553,1,175,1788712991.0972476
1788713050.184136,59.072000,r2_medium_r120,0.14203658886253834,3.3402189183980227,4.920183897018433,33.4308113439578,-8.467577934265137,-3.1136560440063477,2.291707754135132,16.149087026986773,11.076409666534895,17.281724316971026,1,165,1788712991.1121051
1788713050.237312,59.104000,r2_medium_r120,0.1744628418236971,3.3560434747487307,4.925035238265991,34.819210481262076,-8.507454872131348,-3.009248733520508,2.1392295360565186,16.770968028562727,11.119952944999465,18.048242452699352,1,399,1788712991.1332927
1788713050.285988,59.140000,r2_medium_r120,0.20025992579758167,3.3690909314900637,4.928900480270386,36.02072195017985,-8.481364250183105,-3.005377769470215,2.12497615814209,17.704158531595404,11.12953014087824,18.31656341858444,1,298,1788712991.1459699
1788713050.337227,59.172000,r2_medium_r120,0.225853206589818,3.382512466982007,4.9328601360321045,37.32205577375026,-8.451292991638184,-2.993875026702881,2.1210527420043945,18.59473619418338,11.129125951131678,18.727319579566878,1,213,1788712991.1652105
1788713050.386649,59.204000,r2_medium_r120,0.257598789408803,3.3997889924794436,4.937687635421753,39.10707995270409,-8.433954238891602,-2.986912250518799,2.122493267059326,19.559539063930018,11.147123671276495,19.547540888774073,1,195,1788712991.182635
1788713050.441822,59.236000,r2_medium_r120,0.2825829703360796,3.4142826963216066,4.941590070724487,40.67185344177341,-8.405835151672363,-2.945263147354126,2.1490399837493896,20.57522030580769,11.12343331840141,20.09663313596572,1,175,1788712991.2057996
1788713050.489509,59.272000,r2_medium_r120,0.3010003287345171,3.4255670476704836,4.944549322128296,41.92654810650644,-8.407585144042969,-2.8825783729553223,1.9366326332092285,21.805002108994735,11.166007450826424,20.121545997511706,1,390,1788712991.2174935
1788713050.539634,59.304000,r2_medium_r120,0.33112660236656666,3.4451188016682863,4.949347257614136,44.16487256857482,-8.379973411560059,-2.883859634399414,1.9167675971984863,23.127979323439224,11.186410098579843,21.036893245135595,1,263,1788712991.2356217
1788713050.589445,59.336000,r2_medium_r120,0.35463312454521656,3.461541311815381,4.95305609703064,46.07892210828331,-8.354207038879395,-2.8680245876312256,1.918581485748291,24.54739755491153,11.185496754012854,21.531524553371778,1,208,1788712991.2534328
1788713050.638138,59.368000,r2_medium_r120,0.3775928933173418,3.478675978258252,4.956698179244995,48.089536111887575,-8.322772979736328,-2.8454947471618652,1.9196670055389404,26.088429422074277,11.176540611446823,22.0011066898133,1,180,1788712991.2701235
1788713050.690107,59.404000,r2_medium_r120,0.40555170364677906,3.5010632444173098,4.960938215255737,50.713631195032775,-8.2913818359375,-2.80859112739563,1.933667778968811,27.912245655139674,11.163008446565868,22.801385539893104,1,168,1788712991.28608
1788713050.739883,59.436000,r2_medium_r120,0.42720705457031727,3.5197748113423586,4.964097738265991,52.880601648136626,-8.184429168701172,-2.7125892639160156,1.7071027755737305,29.64293744124073,11.118032946323535,23.237664206895893,1,399,1788712991.3038678
1788713050.792299,59.468000,r2_medium_r120,0.44313252158463,3.534153835847974,4.966232061386108,54.53291090231099,-8.140451431274414,-2.7816200256347656,1.630845546722412,31.541820699282717,11.166544503442788,22.99109020302827,1,224,1788712991.3242831
1788713050.840470,59.500000,r2_medium_r120,0.4689531046897173,3.5588976312428713,4.969463109970093,57.30969217985537,-8.125615119934082,-2.816249132156372,1.5773370265960693,33.46978838007392,11.225667845972431,23.839903799781446,1,172,1788712991.3404567
1788713050.894486,59.536000,r2_medium_r120,0.48891022987663746,3.5794593263417482,4.971811056137085,59.52728219170044,-8.08971118927002,-2.804274559020996,1.5603299140930176,35.659162806662415,11.224215222218996,23.868119385038028,1,161,1788712991.358459
1788713050.942534,59.568000,r2_medium_r120,0.5082710105925798,3.6006292272359133,4.974097967147827,61.71973471841991,-8.050679206848145,-2.741941213607788,1.4705288410186768,37.689488622704324,11.21422423724701,24.03024609571558,1,385,1788712991.3745131
1788713050.991371,59.600000,r2_medium_r120,0.5270758587867022,3.622361795976758,4.976241827011108,63.862303549604654,-8.042879104614258,-2.7724850177764893,1.445766806602478,39.713031297966644,11.260659293124009,24.149272251638006,1,228,1788712991.3913543
1788713051.042729,59.632000,r2_medium_r120,0.5499067325145006,3.6502348352223635,4.978825330734253,66.43796212950781,-8.027290344238281,-2.800384759902954,1.4366711378097534,41.7395683283875,11.301577729720917,24.69839380112031,1,208,1788712991.4107134
1788713051.092268,59.668000,r2_medium_r120,0.5631454605609179,3.6673852372914553,4.980415105819702,67.91383894362785,-8.00104808807373,-2.80499529838562,1.43573796749115,43.9738237904079,11.304948339204204,23.940015153219953,1,192,1788712991.4242535
1788713051.142345,59.700000,r2_medium_r120,0.5804391521960497,3.690601723268628,4.9825074672698975,69.78441587702628,-7.974234580993652,-2.80461049079895,1.4383456707000732,45.89864183190566,11.310672271238502,23.88577404512062,1,184,1788712991.442325
1788713051.192177,59.732000,r2_medium_r120,0.5973697919398546,3.7141546178609133,4.98460841178894,71.52893683320737,-7.948664665222168,-2.786726474761963,1.4418569803237915,47.7148469279576,11.306955718873695,23.814089905249773,1,177,1788712991.46016
1788713051.244701,59.764000,r2_medium_r120,0.6179385203868151,3.744146006181836,4.987433195114136,73.51126401638349,-7.936875343322754,-2.7645068168640137,1.4566495418548584,49.35753008966963,11.314319909733111,24.153733926713855,1,169,1788712991.480667
1788713051.294245,59.800000,r2_medium_r120,0.6340137738734484,3.768541472032666,4.989861249923706,74.92601048434456,-7.891366481781006,-2.723048448562622,1.4311013221740723,51.12653413788821,11.29104160049168,23.79947634645635,1,376,1788712991.4942296
1788713051.339933,59.832000,r2_medium_r120,0.645864786580205,3.7870353627949953,4.9917848110198975,75.88230686076395,-7.851606845855713,-2.7036988735198975,1.4161444902420044,52.50770640760364,11.274832982093175,23.3746004531603,1,190,1788712991.507916
1788713051.387910,59.864000,r2_medium_r120,0.6653003711253405,3.8181663919240236,4.99509596824646,77.26959414472083,-7.803159713745117,-2.7446837425231934,1.3758405447006226,53.756798302132815,11.308617418461196,23.51279584258801,1,175,1788712991.5238883
1788713051.437450,59.896000,r2_medium_r120,0.6805790085345507,3.843318598344922,4.997856855392456,78.1910769329565,-7.7525177001953125,-3.0016417503356934,1.281740665435791,54.91523638568474,11.479552334958813,23.275840547271766,1,162,1788712991.5414188
1788713051.482349,59.932000,r2_medium_r120,0.6956775803118944,3.8686748910695314,5.000689268112183,78.94833212895877,-7.7786431312561035,-3.1505508422851562,0.7856534123420715,55.46510162584076,11.783470146087131,23.48323050311801,1,390,1788712991.5503283
1788713051.530331,59.964000,r2_medium_r120,0.7143764514476061,3.900689261034131,5.004291296005249,79.66476622869278,-7.6748785972595215,-3.3493597507476807,0.6173830628395081,56.080905886801624,11.924251540105727,23.58386034189116,1,185,1788712991.5663083
1788713051.578151,59.996000,r2_medium_r120,0.7292457837611437,3.9264465738087893,5.007116079330444,80.05882045838871,-7.640196800231934,-3.360008955001831,0.60139000415802,56.57286852174409,11.93944829502376,23.485951936644625,1,399,1788712991.5821333
1788713051.623516,60.028000,r2_medium_r120,0.7402855772525072,3.945838825777173,5.009237051010132,80.25622367066366,-7.620099067687988,-3.332095146179199,0.6136728525161743,56.90120810989628,11.924149400883707,23.355015560767377,1,270,1788712991.5954993
1788713051.671088,60.064000,r2_medium_r120,0.7585418839007616,3.978224413469434,5.012739896774292,80.40558007012574,-7.602564811706543,-3.305527687072754,0.6230968832969666,57.04638154328182,11.926026816306104,23.359198526843915,1,248,1788712991.60707
1788713051.718853,60.096000,r2_medium_r120,0.773005785420537,4.004180567339063,5.01549220085144,80.37626379468253,-7.584787845611572,-3.281965494155884,0.6325428485870361,57.011346325731594,11.92270455194098,23.364917468950946,1,244,1788712991.62284
1788713051.764456,60.128000,r2_medium_r120,0.7873474378138781,4.030170338228345,5.018142461776733,80.22720264000861,-7.568293571472168,-3.2579751014709473,0.64078688621521,56.82511563626846,11.92036251383203,23.40208700374016,1,239,1788712991.6364393
1788713051.810049,60.160000,r2_medium_r120,0.8051854390650988,4.062646286562085,5.021202802658081,79.89268611590214,-7.553436279296875,-3.237309694290161,0.6513874530792236,56.50214697941074,11.92691077112879,23.3905391364914,1,237,1788712991.650036
1788713051.857173,60.196000,r2_medium_r120,0.8192930240184069,4.088530438020825,5.023509740829468,79.520880352632,-7.530253887176514,-3.217074394226074,0.6710572242736816,56.028377071506746,11.917660781213177,23.492503281125252,1,231,1788712991.6611593
1788713051.904569,60.228000,r2_medium_r120,0.8297389764338732,4.107939617708325,5.025191068649292,79.19138638062844,-7.507713794708252,-3.201014518737793,0.6876788139343262,55.504556429429286,11.905794464860412,23.686829951199165,1,208,1788712991.6765506
1788713051.950657,60.260000,r2_medium_r120,0.8436020631343126,4.133633034303784,5.027233839035034,78.69475495548068,-7.487643241882324,-3.1871790885925293,0.6994822025299072,54.87655634082128,11.905182598279632,23.818198614659387,1,193,1788712991.6906419
1788713051.997355,60.292000,r2_medium_r120,0.8606506008654833,4.165553944185376,5.029630422592163,78.00023938549448,-7.471147537231445,-3.169980525970459,0.7118875980377197,54.16374074514624,11.9109961496019,23.836498640348243,1,186,1788712991.7053413
1788713052.044127,60.328000,r2_medium_r120,0.874021889641881,4.190901653841138,5.031382322311401,77.40321343084715,-7.450751304626465,-3.146778106689453,0.7257166504859924,53.29780794278762,11.903031121594399,24.105405488059525,1,178,1788712991.7161088
1788713052.091526,60.360000,r2_medium_r120,0.8871102947741747,4.2160471845418215,5.033001661300659,76.78342645235473,-7.448025703430176,-3.1103177070617676,0.7441136837005615,52.429026547865604,11.89725492363202,24.35439990448913,1,168,1788712991.7314885
1788713052.140110,60.392000,r2_medium_r120,0.8967245239764452,4.234794991090894,5.034166097640991,76.31184121940751,-7.485318183898926,-2.691488742828369,0.45885318517684937,51.17840745746169,11.796844263037567,25.133433761945824,1,380,1788712991.7480972
1788713052.187420,60.424000,r2_medium_r120,0.9124590177088976,4.265788929536939,5.036056280136108,75.52483895937822,-7.397260665893555,-2.57033371925354,0.4515336751937866,50.31579001558863,11.696232795416794,25.20904894378959,1,252,1788712991.7634048
1788713052.233824,60.460000,r2_medium_r120,0.9248077291995287,4.29031934030354,5.03747820854187,74.90406278588003,-7.259745121002197,-2.442012071609497,0.46588361263275146,49.37980778768766,11.541692629199655,25.524254998192365,1,163,1788712991.773806
1788713052.285122,60.492000,r2_medium_r120,0.936915161088109,4.314598934724927,5.038805723190308,74.29970414733423,-7.230820655822754,-2.40914249420166,0.4217572808265686,48.69602418386117,11.542865480332244,25.60367996347306,1,379,1788712991.7931044
1788713052.336105,60.524000,r2_medium_r120,0.9517003316432238,4.3444956708699465,5.040337324142456,73.57680627084703,-7.216524600982666,-2.38896107673645,0.42774444818496704,47.99190854531004,11.547092766631396,25.584897725536994,1,324,1788712991.8120894
1788713052.385789,60.556000,r2_medium_r120,0.9632244724780321,4.368057148531079,5.041520833969116,73.02678576711793,-7.200300693511963,-2.3700661659240723,0.4362921714782715,47.35072682752497,11.54355144530414,25.676058939592952,1,311,1788712991.8297725
1788713052.438234,60.592000,r2_medium_r120,0.971719803288579,4.3855160642415285,5.042414426803589,72.63294444921148,-7.179816246032715,-2.3470349311828613,0.4460371732711792,46.70461428079977,11.528289843951908,25.92833016841171,1,296,1788712991.8462148
1788713052.487195,60.624000,r2_medium_r120,0.985607685521245,4.414212124422193,5.043901205062866,72.00634514088787,-7.16002082824707,-2.328794479370117,0.4542931020259857,46.203972181777445,11.527528116754429,25.802372959110436,1,287,1788712991.863178
1788713052.534304,60.656000,r2_medium_r120,0.9964535851031542,4.436787026003003,5.045179128646851,71.5292936260933,-7.141582489013672,-2.3185648918151855,0.46238982677459717,45.76728418624197,11.526680721810223,25.76200943985133,1,277,1788712991.8782887
1788713052.582069,60.688000,r2_medium_r120,1.0071354527026415,4.459044830873609,5.04654860496521,71.06691254969464,-7.121695041656494,-2.3048973083496094,0.47183021903038025,45.37116732419421,11.522015742889467,25.69574522550043,1,265,1788712991.894051
1788713052.629238,60.724000,r2_medium_r120,1.0203410405665636,4.486508743837476,5.048421621322632,70.50011981384996,-7.100586891174316,-2.2887043952941895,0.4803953766822815,44.94453185929969,11.520410032846685,25.55558795455028,1,254,1788712991.9052248
1788713052.681506,60.756000,r2_medium_r120,1.0307931322604418,4.508243935182691,5.050141096115112,70.04127209756516,-7.0839691162109375,-2.2735276222229004,0.48801782727241516,44.57591732974756,11.51758483911309,25.46535476781759,1,248,1788712991.92549
1788713052.730880,60.788000,r2_medium_r120,1.0386206526309252,4.5244039464741945,5.051518201828003,69.69069402480342,-7.072038650512695,-2.2608368396759033,0.49606913328170776,44.216007686211945,11.514095842654093,25.474686338591468,1,245,1788712991.9428616
