t_wall,t_sim,exp_id,gt_x,gt_y,gt_z,gt_dyaw_deg,vslam_x,vslam_y,vslam_z,vslam_dyaw_deg,pos_error_m,yaw_error_deg,vo_state,feature_count,msg_age_s
1788717423.182813,38.680000,r2_none_r101,-0.00045943818986415863,0.00642763078212738,-0.008476927876472473,-0.0028520545557476885,0.0,0.0,0.0,0.0,0.010648184218192941,0.0028520545557476885,1,3,1788717384.5028017
1788717423.183135,38.712000,r2_none_r101,-0.00045943818986415863,0.00642763078212738,-0.008476927876472473,-0.0028520545557476885,0.0,0.0,0.0,0.0,0.010648184218192941,0.0028520545557476885,1,3,1788717384.4711294
1788717423.189037,38.744000,r2_none_r101,-0.00045943818986415863,0.00642763078212738,-0.008476927876472473,-0.0028520545557476885,0.0,0.0,0.0,0.0,0.010648184218192941,0.0028520545557476885,1,3,1788717384.445019
1788717423.232958,38.776000,r2_none_r101,-0.0005636103451251984,0.0064557213336229324,-0.008807942271232605,-0.0029725207829635666,0.0,0.0,0.0,0.0,0.010934982469665535,0.0029725207829635666,1,3,1788717384.4569383
1788717423.277577,38.812000,r2_none_r101,-0.0006593093276023865,0.006413238123059273,-0.009065836668014526,-0.0034451187458937583,0.0,0.0,0.0,0.0,0.011124464324345737,0.0034451187458937583,1,3,1788717384.4655547
1788717423.321060,38.844000,r2_none_r101,-0.0007412545382976532,0.006351284682750702,-0.009269237518310547,-0.0032635733953524765,0.0,0.0,0.0,0.0,0.011260863181068599,0.003263573395352477,1,3,1788717384.4770381
1788717423.363921,38.876000,r2_none_r101,-0.0008568968623876572,0.006232723593711853,-0.00955413281917572,-0.0028687016570410374,0.0,0.0,0.0,0.0,0.011439517889965153,0.0028687016570410374,1,3,1788717384.487902
1788717423.409784,38.908000,r2_none_r101,-0.0010816901922225952,0.006053892895579338,-0.00994245707988739,-0.0024953011086012843,0.0,0.0,0.0,0.0,0.011690685422527604,0.0024953011086012843,1,3,1788717384.5017648
1788717423.459943,38.944000,r2_none_r101,-0.0013788044452667236,0.0058999136090278625,-0.01027168333530426,-0.0016001029759008189,0.0,0.0,0.0,0.0,0.011925500443715003,0.001600102975900819,1,3,1788717384.5159197
1788717423.504169,38.976000,r2_none_r101,-0.0017631575465202332,0.005751272663474083,-0.010593503713607788,-0.0017860391680484765,0.0,0.0,0.0,0.0,0.012182289715554195,0.0017860391680484765,1,3,1788717384.5281465
1788717423.548572,39.008000,r2_none_r101,-0.002086663618683815,0.005640897899866104,-0.010825544595718384,-0.0008928415844842505,0.0,0.0,0.0,0.0,0.012384115227505757,0.0008928415844842505,1,3,1788717384.5405562
1788717423.592140,39.040000,r2_none_r101,-0.0027192365378141403,0.005472477525472641,-0.011209160089492798,-0.00035194899783803105,0.0,0.0,0.0,0.0,0.012766656865728976,0.00035194899783803105,1,3,1788717384.552117
1788717423.636599,39.076000,r2_none_r101,-0.003293624147772789,0.005403609946370125,-0.011503174901008606,0.0005818820192738698,0.0,0.0,0.0,0.0,0.013128975332542007,0.0005818820192738698,1,3,1788717384.5605803
1788717423.681032,39.108000,r2_none_r101,-0.003888895735144615,0.005433486774563789,-0.011778756976127625,0.001180224541841679,0.0,0.0,0.0,0.0,0.013541986725398188,0.001180224541841679,1,3,1788717384.5730147
1788717423.724240,39.140000,r2_none_r101,-0.004624407738447189,0.005607720464468002,-0.012108087539672852,0.0023508653737779254,0.0,0.0,0.0,0.0,0.014122232812392112,0.0023508653737779254,1,3,1788717384.5842216
1788717423.769591,39.172000,r2_none_r101,-0.0051831696182489395,0.005876971408724785,-0.012355446815490723,0.002569539835627127,0.0,0.0,0.0,0.0,0.014630827257572528,0.002569539835627127,1,3,1788717384.5975661
1788717423.814166,39.208000,r2_none_r101,-0.005577513948082924,0.006139617413282394,-0.0125323086977005,0.0026652671639297697,0.0,0.0,0.0,0.0,0.015028716682305232,0.0026652671639297697,1,3,1788717384.6061475
1788717423.858000,39.240000,r2_none_r101,-0.0062030646950006485,0.006634023040533066,-0.012810185551643372,0.0016463655441631957,0.0,0.0,0.0,0.0,0.015703156599238884,0.0016463655441631957,1,3,1788717384.6179729
1788717423.904450,39.272000,r2_none_r101,-0.006677862256765366,0.007046831771731377,-0.013021960854530334,0.00242716431842521,0.0,0.0,0.0,0.0,0.01624263361762293,0.00242716431842521,1,3,1788717384.6324308
1788717423.948134,39.304000,r2_none_r101,-0.007118411362171173,0.007469171658158302,-0.013228654861450195,0.0026274730850671443,0.0,0.0,0.0,0.0,0.016776698573422982,0.0026274730850671443,1,3,1788717384.644113
1788717423.991683,39.340000,r2_none_r101,-0.007622158154845238,0.00801730528473854,-0.013483971357345581,0.00276539158223963,0.0,0.0,0.0,0.0,0.017441099808552393,0.00276539158223963,1,3,1788717384.6516566
1788717424.039222,39.372000,r2_none_r101,-0.008002223446965218,0.008485136553645134,-0.01366889476776123,0.0022182717163874467,0.0,0.0,0.0,0.0,0.017968633965922257,0.0022182717163874467,1,3,1788717384.6672041
1788717424.083572,39.404000,r2_none_r101,-0.008281547576189041,0.008848195895552635,-0.013796478509902954,0.0012065742928955541,0.0,0.0,0.0,0.0,0.01836348061062965,0.0012065742928955541,1,3,1788717384.6795518
1788717424.131288,39.436000,r2_none_r101,-0.008722342550754547,0.009463556110858917,-0.013985052704811096,0.0004671172656296052,0.0,0.0,0.0,0.0,0.019005784724457516,0.0004671172656296052,1,3,1788717384.6952686
1788717424.175769,39.472000,r2_none_r101,-0.009059898555278778,0.010008377954363823,-0.014120221138000488,-6.384403630914104e-05,0.0,0.0,0.0,0.0,0.01953535349297202,6.384403630914104e-05,1,3,1788717384.7037494
1788717424.219843,39.504000,r2_none_r101,-0.009364258497953415,0.010578930377960205,-0.014253780245780945,-0.001628820250795983,0.0,0.0,0.0,0.0,0.020069214146379452,0.001628820250795983,1,3,1788717384.7158034
1788717424.269798,39.536000,r2_none_r101,-0.009649913758039474,0.01116589643061161,-0.014380425214767456,-0.0016978865192137222,0.0,0.0,0.0,0.0,0.020605696008489115,0.0016978865192137222,1,3,1788717384.733775
1788717424.315124,39.568000,r2_none_r101,-0.009957663714885712,0.011923642829060555,-0.014531299471855164,-0.0021890175209086605,0.0,0.0,0.0,0.0,0.021271741567499752,0.0021890175209086605,1,3,1788717384.7471046
1788717424.359708,39.604000,r2_none_r101,-0.010084766894578934,0.012368218973279,-0.014634877443313599,-0.002323215598906574,0.0,0.0,0.0,0.0,0.021653059868521656,0.002323215598906574,1,3,1788717384.755687
1788717424.404701,39.636000,r2_none_r101,-0.010171975940465927,0.01293054036796093,-0.01476992666721344,-0.002800519735275887,0.0,0.0,0.0,0.0,0.022109244729202025,0.0028005197352758866,1,3,1788717384.7686696
1788717424.448985,39.668000,r2_none_r101,-0.010170277208089828,0.013465968891978264,-0.014904946088790894,-0.0024677728126687422,0.0,0.0,0.0,0.0,0.02251497889403587,0.0024677728126687422,1,3,1788717384.7809632
1788717424.494852,39.700000,r2_none_r101,-0.010048016905784607,0.014128820970654488,-0.015109777450561523,-0.0034339716584694964,0.0,0.0,0.0,0.0,0.02299764336546762,0.0034339716584694964,1,3,1788717384.794832
1788717424.539920,39.736000,r2_none_r101,-0.0098172128200531,0.01464184932410717,-0.015293583273887634,-0.0034435735379042135,0.0,0.0,0.0,0.0,0.023337847127346777,0.0034435735379042135,1,3,1788717384.8038926
1788717424.584530,39.768000,r2_none_r101,-0.009554129093885422,0.015004714950919151,-0.015445277094841003,-0.004012021088587951,0.0,0.0,0.0,0.0,0.02355800157138514,0.004012021088587951,1,3,1788717384.816511
1788717424.633966,39.800000,r2_none_r101,-0.0090227872133255,0.015557730570435524,-0.015685752034187317,-0.006180138022715976,0.0,0.0,0.0,0.0,0.023864125512518278,0.006180138022715976,1,3,1788717384.8339446
1788717424.680837,39.832000,r2_none_r101,-0.00848131999373436,0.015966756269335747,-0.015895798802375793,-0.007240425137478696,0.0,0.0,0.0,0.0,0.02407377232936505,0.007240425137478696,1,3,1788717384.848821
1788717424.782318,39.868000,r2_none_r101,-0.007876455783843994,0.016365723684430122,-0.0161130428314209,-0.0087426857307544,0.0,0.0,0.0,0.0,0.024279736751397676,0.0087426857307544,1,3,1788717384.9142947
1788717424.832639,39.900000,r2_none_r101,-0.0072429124265909195,0.016774160787463188,-0.016293883323669434,-0.010575671371189303,0.0,0.0,0.0,0.0,0.024481071959950727,0.010575671371189303,1,3,1788717384.9326177
1788717424.877451,39.932000,r2_none_r101,-0.00658799521625042,0.01721239648759365,-0.016473442316055298,-0.013144128052999393,0.0,0.0,0.0,0.0,0.024719275384927165,0.013144128052999395,1,3,1788717384.945432
1788717424.921341,39.964000,r2_none_r101,-0.0059373341500759125,0.01770208217203617,-0.01664222776889801,-0.015213721319651704,0.0,0.0,0.0,0.0,0.025011585218595374,0.015213721319651707,1,3,1788717384.9573257
1788717424.966249,40.000000,r2_none_r101,-0.005149433389306068,0.018420593813061714,-0.01687052845954895,-0.017054754731710822,0.0,0.0,0.0,0.0,0.0255039148203008,0.017054754731710822,1,3,1788717384.966231
1788717425.011182,40.032000,r2_none_r101,-0.004548823460936546,0.019102519378066063,-0.017052173614501953,-0.01789090494979044,0.0,0.0,0.0,0.0,0.026007204125920048,0.01789090494979044,1,3,1788717384.979159
1788717425.055788,40.064000,r2_none_r101,-0.0041186269372701645,0.019638648256659508,-0.01719103753566742,-0.019262202839895933,0.0,0.0,0.0,0.0,0.026422932553937482,0.019262202839895933,1,3,1788717384.9917715
1788717425.101054,40.096000,r2_none_r101,-0.0034313350915908813,0.02056831307709217,-0.017421752214431763,-0.020957733219217026,0.0,0.0,0.0,0.0,0.02717254153680001,0.020957733219217026,1,3,1788717385.0050313
1788717425.147855,40.132000,r2_none_r101,-0.00292186439037323,0.0212972741574049,-0.017626240849494934,-0.02132542391928871,0.0,0.0,0.0,0.0,0.027799200429792968,0.02132542391928871,1,3,1788717385.015832
1788717425.202013,40.164000,r2_none_r101,-0.002462262287735939,0.022012291476130486,-0.017834216356277466,-0.021796258698790566,0.0,0.0,0.0,0.0,0.028437000275103704,0.021796258698790566,1,3,1788717385.037991
1788717425.246489,40.196000,r2_none_r101,-0.00206848606467247,0.022739967331290245,-0.018040314316749573,-0.021162020346948737,0.0,0.0,0.0,0.0,0.029100475760286314,0.021162020346948737,1,3,1788717385.050464
1788717425.297069,40.228000,r2_none_r101,-0.001664780080318451,0.023713188245892525,-0.01829579472541809,-0.021409857978855588,0.0,0.0,0.0,0.0,0.029997048090363774,0.02140985797885559,1,3,1788717385.069051
1788717425.341050,40.264000,r2_none_r101,-0.0014396067708730698,0.024332856759428978,-0.018447160720825195,-0.021715524389755294,0.0,0.0,0.0,0.0,0.030568907804983614,0.021715524389755294,1,3,1788717385.0770278
1788717425.384858,40.296000,r2_none_r101,-0.0011399723589420319,0.025170063599944115,-0.018643587827682495,-0.02217757707951226,0.0,0.0,0.0,0.0,0.031343500214444694,0.02217757707951226,1,3,1788717385.0888407
1788717425.429950,40.328000,r2_none_r101,-0.0008536707609891891,0.02600366435945034,-0.01883271336555481,-0.023737041118507905,0.0,0.0,0.0,0.0,0.032118381132869425,0.023737041118507905,1,3,1788717385.1019323
1788717425.475877,40.360000,r2_none_r101,-0.0005502272397279739,0.027005964890122414,-0.019030049443244934,-0.02465480961727844,0.0,0.0,0.0,0.0,0.03304190780621195,0.02465480961727844,1,3,1788717385.1158593
1788717425.521145,40.396000,r2_none_r101,-0.00036414526402950287,0.027747923508286476,-0.019149050116539,-0.025105766813051267,0.0,0.0,0.0,0.0,0.033715960332767546,0.025105766813051267,1,3,1788717385.1251242
1788717425.566354,40.428000,r2_none_r101,-0.00025082752108573914,0.02825332246720791,-0.019215479493141174,-0.02516760509436144,0.0,0.0,0.0,0.0,0.03416939854654597,0.02516760509436144,1,3,1788717385.1383352
1788717425.610539,40.460000,r2_none_r101,-5.3573399782180786e-05,0.029003968462347984,-0.019271671772003174,-0.024492905419590098,0.0,0.0,0.0,0.0,0.034822842927622444,0.024492905419590098,1,3,1788717385.1505218
1788717425.654604,40.492000,r2_none_r101,0.0001391340047121048,0.029562870040535927,-0.01929284632205963,-0.02452851173488741,0.0,0.0,0.0,0.0,0.03530150935174718,0.02452851173488741,1,3,1788717385.162586
1788717425.703049,40.528000,r2_none_r101,0.00035876035690307617,0.03009762056171894,-0.019296646118164062,-0.02425101057483819,0.0,0.0,0.0,0.0,0.03575410499342066,0.02425101057483819,1,3,1788717385.1750324
1788717425.746400,40.560000,r2_none_r101,0.0006881318986415863,0.03072892315685749,-0.019277453422546387,-0.024010504557118256,0.0,0.0,0.0,0.0,0.03628168207716431,0.024010504557118256,1,3,1788717385.186384
1788717425.790310,40.592000,r2_none_r101,0.0009862873703241348,0.031189007684588432,-0.019284337759017944,-0.023153960435794894,0.0,0.0,0.0,0.0,0.036682593227988426,0.023153960435794894,1,3,1788717385.1982913
1788717425.836505,40.624000,r2_none_r101,0.0012288447469472885,0.03149315156042576,-0.019280582666397095,-0.023509188810112335,0.0,0.0,0.0,0.0,0.0369468472616517,0.023509188810112335,1,3,1788717385.212475
1788717425.881526,40.660000,r2_none_r101,0.0016329623758792877,0.031904472038149834,-0.01925225555896759,-0.02352557616196535,0.0,0.0,0.0,0.0,0.037298944304925315,0.02352557616196535,1,3,1788717385.221501
1788717425.925169,40.692000,r2_none_r101,0.001922382041811943,0.03213232941925526,-0.019213944673538208,-0.02315255032011932,0.0,0.0,0.0,0.0,0.03748810233314038,0.02315255032011932,1,3,1788717385.2331543
1788717425.970110,40.724000,r2_none_r101,0.0021823644638061523,0.03228315897285938,-0.01915358006954193,-0.022242254159835155,0.0,0.0,0.0,0.0,0.03760086032792533,0.022242254159835155,1,3,1788717385.246093
1788717426.014033,40.756000,r2_none_r101,0.002493973821401596,0.03241274319589138,-0.01903463900089264,-0.022815218671993504,0.0,0.0,0.0,0.0,0.037671253082409435,0.022815218671993504,1,3,1788717385.2580152
1788717426.062149,40.792000,r2_none_r101,0.0027247127145528793,0.03248046897351742,-0.018880784511566162,-0.02341944497807989,0.0,0.0,0.0,0.0,0.03766814234719666,0.02341944497807989,1,3,1788717385.2701225
1788717426.107410,40.824000,r2_none_r101,0.0028710607439279556,0.03251810558140278,-0.018740937113761902,-0.024478296458838145,0.0,0.0,0.0,0.0,0.03764163790671921,0.024478296458838145,1,3,1788717385.2833917
1788717426.151772,40.856000,r2_none_r101,0.0030365269631147385,0.03255983628332615,-0.018554240465164185,-0.02564398283116345,0.0,0.0,0.0,0.0,0.037598181791595464,0.02564398283116345,1,3,1788717385.2957509
1788717426.196483,40.888000,r2_none_r101,0.003185141831636429,0.03256569243967533,-0.018270522356033325,-0.026755075299747515,0.0,0.0,0.0,0.0,0.03747641177761661,0.026755075299747515,1,3,1788717385.3084645
1788717426.240901,40.924000,r2_none_r101,0.003258330747485161,0.03255285508930683,-0.018021360039711,-0.026678530854562364,0.0,0.0,0.0,0.0,0.03735069626400971,0.026678530854562364,1,3,1788717385.3168838
1788717426.284372,40.956000,r2_none_r101,0.0033015236258506775,0.032527608796954155,-0.01776503026485443,-0.027678728384517605,0.0,0.0,0.0,0.0,0.037209430157030536,0.0276787283845176,1,3,1788717385.3283534
1788717426.328460,40.988000,r2_none_r101,0.0033062901347875595,0.03250357322394848,-0.017567381262779236,-0.02758978331836107,0.0,0.0,0.0,0.0,0.03709483402324131,0.02758978331836107,1,3,1788717385.3404403
1788717426.374218,41.020000,r2_none_r101,0.0032458901405334473,0.03243407420814037,-0.017223745584487915,-0.02632257070466046,0.0,0.0,0.0,0.0,0.03686681956044942,0.02632257070466046,1,3,1788717385.3542027
1788717426.421805,41.056000,r2_none_r101,0.0031475797295570374,0.03234400786459446,-0.016943365335464478,-0.026499696517155252,0.0,0.0,0.0,0.0,0.036648597951216166,0.026499696517155252,1,3,1788717385.365785
1788717426.468391,41.088000,r2_none_r101,0.0030189212411642075,0.03222493641078472,-0.016639217734336853,-0.026064184926970983,0.0,0.0,0.0,0.0,0.03639263632866052,0.026064184926970983,1,3,1788717385.3803716
1788717426.513206,41.120000,r2_none_r101,0.0028356127440929413,0.03204577602446079,-0.016255095601081848,-0.026012788235613916,0.0,0.0,0.0,0.0,0.03604442527832395,0.026012788235613916,1,3,1788717385.393187
1788717426.557742,41.152000,r2_none_r101,0.0026705022901296616,0.03184426762163639,-0.015962183475494385,-0.024170246339776266,0.0,0.0,0.0,0.0,0.03572086594898469,0.024170246339776262,1,3,1788717385.405723
1788717426.602044,41.188000,r2_none_r101,0.0025342758744955063,0.03165699727833271,-0.01575806736946106,-0.02376337725195648,0.0,0.0,0.0,0.0,0.03545285204477756,0.02376337725195648,1,3,1788717385.4140248
1788717426.645802,41.220000,r2_none_r101,0.002284720540046692,0.031272949650883675,-0.015453383326530457,-0.021512792321347108,0.0,0.0,0.0,0.0,0.03495746535504979,0.021512792321347108,1,3,1788717385.4257834
1788717426.694341,41.252000,r2_none_r101,0.002063518390059471,0.030916815623641014,-0.015249207615852356,-0.021634518266778202,0.0,0.0,0.0,0.0,0.034534706157193465,0.021634518266778202,1,3,1788717385.442322
1788717426.739260,41.284000,r2_none_r101,0.0018349066376686096,0.03053097613155842,-0.015087828040122986,-0.0216169080116646,0.0,0.0,0.0,0.0,0.03410498410618412,0.0216169080116646,1,3,1788717385.4552236
1788717426.785091,41.320000,r2_none_r101,0.0015562660992145538,0.0300223957747221,-0.014937207102775574,-0.02140334129102163,0.0,0.0,0.0,0.0,0.03356912820221617,0.021403341291021626,1,3,1788717385.4650695
1788717426.829269,41.352000,r2_none_r101,0.0013492871075868607,0.029627325013279915,-0.014845147728919983,-0.020127304039969863,0.0,0.0,0.0,0.0,0.0331659068055538,0.020127304039969863,1,3,1788717385.477247
1788717426.874797,41.384000,r2_none_r101,0.0012046582996845245,0.029356805607676506,-0.014782726764678955,-0.02054970236165929,0.0,0.0,0.0,0.0,0.032890762346060955,0.02054970236165929,1,3,1788717385.4907818
1788717426.920156,41.416000,r2_none_r101,0.0009928718209266663,0.028948010876774788,-0.014677613973617554,-0.02021987092046218,0.0,0.0,0.0,0.0,0.032471610371726176,0.020219870920462176,1,3,1788717385.5041406
1788717426.963584,41.452000,r2_none_r101,0.0008389856666326523,0.02865239419043064,-0.014589399099349976,-0.02059265475606369,0.0,0.0,0.0,0.0,0.032163864131549126,0.02059265475606369,1,3,1788717385.5115602
1788717427.007415,41.484000,r2_none_r101,0.0006935428828001022,0.028394637629389763,-0.014491230249404907,-0.020394068490861787,0.0,0.0,0.0,0.0,0.0318862384419346,0.020394068490861787,1,3,1788717385.5233886
1788717427.053592,41.516000,r2_none_r101,0.0005628429353237152,0.02817312441766262,-0.014393150806427002,-0.020513690223294176,0.0,0.0,0.0,0.0,0.03164181603131356,0.020513690223294176,1,3,1788717385.5375724
1788717427.096982,41.548000,r2_none_r101,0.0004643108695745468,0.027949148789048195,-0.014293670654296875,-0.020924712425849323,0.0,0.0,0.0,0.0,0.03139553349426422,0.020924712425849323,1,3,1788717385.5489616
1788717427.141081,41.584000,r2_none_r101,0.0004476718604564667,0.02783014066517353,-0.014236465096473694,-0.021125885384899932,0.0,0.0,0.0,0.0,0.031263302416429134,0.02112588538489993,1,3,1788717385.5570648
1788717427.185571,41.616000,r2_none_r101,0.0004673078656196594,0.027668429538607597,-0.014165341854095459,-0.021201448121490864,0.0,0.0,0.0,0.0,0.031087252686873956,0.021201448121490864,1,3,1788717385.5695534
1788717427.228854,41.648000,r2_none_r101,0.0005256850272417068,0.02749738283455372,-0.014102175831794739,-0.021805737352721444,0.0,0.0,0.0,0.0,0.03090717992131814,0.021805737352721444,1,3,1788717385.5808356
1788717427.273540,41.680000,r2_none_r101,0.000689169391989708,0.02722206898033619,-0.014056220650672913,-0.02293621258242217,0.0,0.0,0.0,0.0,0.030644629757943576,0.02293621258242217,1,3,1788717385.5935173
1788717427.317723,41.716000,r2_none_r101,0.0008948948234319687,0.02695375494658947,-0.014045000076293945,-0.024197369923763017,0.0,0.0,0.0,0.0,0.03040670599734372,0.024197369923763017,1,3,1788717385.601699
1788717427.361824,41.748000,r2_none_r101,0.0010692961513996124,0.02672106958925724,-0.01405198872089386,-0.024906373766894554,0.0,0.0,0.0,0.0,0.03020955711799586,0.024906373766894554,1,3,1788717385.6138077
1788717427.406162,41.780000,r2_none_r101,0.0013721548020839691,0.02624663896858692,-0.01408153772354126,-0.02616667512387226,0.0,0.0,0.0,0.0,0.02981708521314153,0.026166675123872257,1,3,1788717385.6261456
1788717427.450026,41.812000,r2_none_r101,0.0016349777579307556,0.025786561891436577,-0.014115601778030396,-0.027457101048286428,0.0,0.0,0.0,0.0,0.029442658507780037,0.027457101048286428,1,3,1788717385.6380067
1788717427.495930,41.848000,r2_none_r101,0.0019096862524747849,0.025273961946368217,-0.014167234301567078,-0.02967460052000743,0.0,0.0,0.0,0.0,0.029036710932969986,0.02967460052000742,1,3,1788717385.6479115
1788717427.541816,41.880000,r2_none_r101,0.0022668857127428055,0.024579858407378197,-0.014252051711082458,-0.032927274974004044,0.0,0.0,0.0,0.0,0.02850314347816336,0.03292727497400405,1,3,1788717385.661794
1788717427.586704,41.912000,r2_none_r101,0.0025550201535224915,0.024023180827498436,-0.01433524489402771,-0.0341732379627591,0.0,0.0,0.0,0.0,0.028091646289018772,0.0341732379627591,1,3,1788717385.6746666
1788717427.630137,41.944000,r2_none_r101,0.0027707666158676147,0.023611335083842278,-0.014407500624656677,-0.03545280115686897,0.0,0.0,0.0,0.0,0.027798351863565045,0.03545280115686897,1,3,1788717385.6861155
1788717427.674901,41.980000,r2_none_r101,0.0031215008348226547,0.022963134571909904,-0.01456160843372345,-0.037477938256395026,0.0,0.0,0.0,0.0,0.02736950414250372,0.037477938256395026,1,3,1788717385.6948838
1788717427.719139,42.012000,r2_none_r101,0.00336652435362339,0.02248220704495907,-0.014709606766700745,-0.03843383004118976,0.0,0.0,0.0,0.0,0.027076847140442974,0.03843383004118976,1,3,1788717385.707117
1788717427.765241,42.044000,r2_none_r101,0.0035677477717399597,0.022032754495739937,-0.01486937701702118,-0.03994009882543293,0.0,0.0,0.0,0.0,0.026819199609731486,0.03994009882543293,1,3,1788717385.7212224
1788717427.810957,42.076000,r2_none_r101,0.0037956517189741135,0.021514078602194786,-0.01506216824054718,-0.041522154604696784,0.0,0.0,0.0,0.0,0.026535475540862555,0.041522154604696784,1,3,1788717385.734941
1788717427.857174,42.112000,r2_none_r101,0.0039679426699876785,0.02113981358706951,-0.015211626887321472,-0.04237462949629626,0.0,0.0,0.0,0.0,0.02634444685483905,0.04237462949629626,1,3,1788717385.7451558
1788717427.901644,42.144000,r2_none_r101,0.004096338525414467,0.020871704444289207,-0.01532389223575592,-0.041936206488444185,0.0,0.0,0.0,0.0,0.026215066449994308,0.041936206488444185,1,3,1788717385.7576222
1788717427.946147,42.176000,r2_none_r101,0.004272641614079475,0.020548967644572258,-0.015482679009437561,-0.043155997992587965,0.0,0.0,0.0,0.0,0.026081197958094632,0.043155997992587965,1,3,1788717385.7701254
1788717427.990902,42.208000,r2_none_r101,0.004527349025011063,0.02023477293550968,-0.015699848532676697,-0.042857073464242064,0.0,0.0,0.0,0.0,0.026008232713794575,0.042857073464242064,1,3,1788717385.782883
1788717428.035770,42.244000,r2_none_r101,0.004762265831232071,0.020040931180119514,-0.015865430235862732,-0.04212072970806095,0.0,0.0,0.0,0.0,0.02600057643558378,0.04212072970806096,1,3,1788717385.791748
1788717428.080144,42.276000,r2_none_r101,0.0050237905234098434,0.019890693947672844,-0.01601959764957428,-0.04166570538453637,0.0,0.0,0.0,0.0,0.026028939390557913,0.04166570538453637,1,3,1788717385.8041246
1788717428.127800,42.308000,r2_none_r101,0.005237147212028503,0.019800616428256035,-0.01612214744091034,-0.04069608804455272,0.0,0.0,0.0,0.0,0.026065604922307722,0.04069608804455272,1,3,1788717385.8197808
1788717428.171447,42.340000,r2_none_r101,0.005617458373308182,0.01967650093138218,-0.016293928027153015,-0.040406161708225086,0.0,0.0,0.0,0.0,0.026157458172241747,0.040406161708225086,1,3,1788717385.8314257
1788717428.216164,42.376000,r2_none_r101,0.005936281755566597,0.01961256004869938,-0.01643754541873932,-0.03993903545286741,0.0,0.0,0.0,0.0,0.026269466156327383,0.039939035452867415,1,3,1788717385.8401434
1788717428.259424,42.408000,r2_none_r101,0.006281590089201927,0.019579285755753517,-0.016567856073379517,-0.04069085953988538,0.0,0.0,0.0,0.0,0.0264064510985939,0.04069085953988538,1,3,1788717385.8514082
1788717428.306613,42.440000,r2_none_r101,0.006741417571902275,0.019571611657738686,-0.016724973917007446,-0.04141339127658654,0.0,0.0,0.0,0.0,0.026612392720021718,0.04141339127658654,1,3,1788717385.8665879
1788717428.353283,42.472000,r2_none_r101,0.007137371227145195,0.019608179107308388,-0.016849398612976074,-0.041550880382260215,0.0,0.0,0.0,0.0,0.02682023470362117,0.041550880382260215,1,3,1788717385.8812623
1788717428.398455,42.508000,r2_none_r101,0.007445795461535454,0.01965930126607418,-0.016944602131843567,-0.04111141194463096,0.0,0.0,0.0,0.0,0.027000880314015048,0.04111141194463096,1,3,1788717385.8904362
1788717428.443970,42.540000,r2_none_r101,0.007950916886329651,0.019770530983805656,-0.017097964882850647,-0.04275740214688065,0.0,0.0,0.0,0.0,0.02732089635883375,0.04275740214688065,1,3,1788717385.903951
1788717428.490996,42.572000,r2_none_r101,0.008323160000145435,0.019885076209902763,-0.017216533422470093,-0.04243655627828498,0.0,0.0,0.0,0.0,0.02758804580517967,0.04243655627828498,1,3,1788717385.9189773
1788717428.536474,42.604000,r2_none_r101,0.00867543276399374,0.020012876018881798,-0.01731550693511963,-0.042028807026656276,0.0,0.0,0.0,0.0,0.027849687980476302,0.042028807026656276,1,3,1788717385.9324558
1788717428.581161,42.640000,r2_none_r101,0.00910478550940752,0.020195672288537025,-0.01741766929626465,-0.0423180426222035,0.0,0.0,0.0,0.0,0.02818044538456303,0.04231804262220349,1,3,1788717385.9411435
1788717428.627631,42.672000,r2_none_r101,0.009469144977629185,0.020346486940979958,-0.017488881945610046,-0.04306844316182494,0.0,0.0,0.0,0.0,0.028451805376009325,0.04306844316182494,1,3,1788717385.9556055
1788717428.670846,42.704000,r2_none_r101,0.009744813665747643,0.020465349778532982,-0.01752588152885437,-0.04309672452730662,0.0,0.0,0.0,0.0,0.02865219814082823,0.04309672452730662,1,3,1788717385.966829
1788717428.715818,42.736000,r2_none_r101,0.010194518603384495,0.020690156146883965,-0.0175798237323761,-0.04289910275956381,0.0,0.0,0.0,0.0,0.02900105124643944,0.04289910275956381,1,3,1788717385.9797995
1788717428.762576,42.772000,r2_none_r101,0.010569082573056221,0.020864663645625114,-0.017637446522712708,-0.04337492678708993,0.0,0.0,0.0,0.0,0.02929367193307629,0.04337492678708993,1,3,1788717385.9905558
1788717428.805762,42.804000,r2_none_r101,0.01097078062593937,0.021030543372035027,-0.017718419432640076,-0.04390782268052245,0.0,0.0,0.0,0.0,0.029607164154246357,0.04390782268052245,1,3,1788717386.0017424
1788717428.850969,42.836000,r2_none_r101,0.011388352140784264,0.021191520616412163,-0.017818301916122437,-0.043620363259056334,8.118897676467896e-05,0.002430001273751259,-0.0008984506130218506,0.0038918784494270846,0.02767901578781,0.047512241708483414,1,3,1788717386.0149496
1788717428.895535,42.868000,r2_none_r101,0.011930271051824093,0.02135019563138485,-0.017967700958251953,-0.04322262131476849,0.005807361099869013,0.003382850671187043,-0.005872666370123625,-0.3200688554834675,0.022507895789844874,0.27684623416869897,1,3,1788717386.027514
1788717428.941370,42.904000,r2_none_r101,0.012278281152248383,0.021421251818537712,-0.01806485652923584,-0.043969882132973495,0.01194201223552227,0.004095959011465311,-0.005855217110365629,-0.23476967346121833,0.021197974959273353,0.19079979132824482,1,2,1788717386.037354
1788717428.986112,42.936000,r2_none_r101,0.012736719101667404,0.021499039605259895,-0.01820172369480133,-0.044920782491688974,0.003100734204053879,0.003017806215211749,-0.005904628895223141,-0.36410915798088067,0.02419972588841203,0.3191883754891917,1,1,1788717386.05009
1788717429.034951,42.968000,r2_none_r101,0.013175423257052898,0.021563051268458366,-0.018347755074501038,-0.045415976205418145,-0.0004250595811754465,0.0026247932109981775,-0.005908667575567961,-0.4118317983001029,0.026426533058462525,0.36641582209468476,1,1,1788717386.0669334
1788717429.083699,43.000000,r2_none_r101,0.013710972853004932,0.02161659114062786,-0.018545925617218018,-0.04645731812351829,0.0010000205365940928,0.002778226975351572,-0.005896895192563534,-0.3931387694723026,0.026008657095234092,0.34668145134878425,1,1,1788717386.0836813
1788717429.128936,43.036000,r2_none_r101,0.014140922576189041,0.02163727395236492,-0.018717020750045776,-0.047558242504125936,0.0025890872348099947,0.002951965434476733,-0.00588366249576211,-0.3720460192492006,0.02544171256511223,0.3244877767450747,1,1,1788717386.092915
1788717429.172762,43.068000,r2_none_r101,0.014470846392214298,0.02163265086710453,-0.018855392932891846,-0.046999261634626616,0.00398715864866972,0.0031073696445673704,-0.005871785804629326,-0.3532197235796508,0.024933267077126172,0.3062204619450243,1,1,1788717386.1047413
1788717429.218855,43.100000,r2_none_r101,0.015042958781123161,0.021581755951046944,-0.019100919365882874,-0.048086167500526834,0.005373391322791576,0.0032637538388371468,-0.005859865341335535,-0.33434107623951553,0.024584044579668517,0.2862549087389887,1,1,1788717386.1188354
1788717429.261300,43.132000,r2_none_r101,0.015503579284995794,0.021499039605259895,-0.01931747794151306,-0.048953602904372354,0.01963558793067932,0.02296164259314537,-0.006753567606210709,0.9389577489571748,0.013306560256568645,0.9879113518615471,1,9,1788717386.1292841
1788717429.308627,43.168000,r2_none_r101,0.01595129445195198,0.021383142098784447,-0.019547238945961,-0.050773228588350226,0.011210278607904911,0.022656498476862907,-0.005969705991446972,1.0685238347334556,0.01443773073685795,1.1192970633218058,1,3,1788717386.1406083
1788717429.351866,43.200000,r2_none_r101,0.01647942839190364,0.021194608882069588,-0.0198124498128891,-0.05192215945626743,0.01451598946005106,0.023062076419591904,-0.005918595474213362,1.1043543190370426,0.014155624882962696,1.15627647849331,1,2,1788717386.1518502
1788717429.397177,43.232000,r2_none_r101,0.016885678749531507,0.021008869633078575,-0.020026281476020813,-0.051793526274488806,0.018371794372797012,0.023417027667164803,-0.005863074213266373,1.1462402674263454,0.014443136942180808,1.1980337937008343,1,2,1788717386.1651626
1788717429.445270,43.264000,r2_none_r101,0.017195540945976973,0.020856233313679695,-0.02018772065639496,-0.052794815929631006,-1.5022872686386108,0.35601818561553955,-0.14695106446743011,-12.418301739660734,1.5611631843686367,12.365506923731102,1,1,1788717386.1812475
1788717429.491704,43.300000,r2_none_r101,0.0177647746168077,0.02063470147550106,-0.020478546619415283,-0.05455833972479214,-2.0331923961639404,0.6919383406639099,-0.337579607963562,-18.607480876789705,2.1811985181248765,18.552922537064912,1,16,1788717386.1916876
1788717429.537342,43.332000,r2_none_r101,0.018309523817151785,0.020541241392493248,-0.0207328200340271,-0.055445487996050744,-3.3348145484924316,1.3929953575134277,-0.8164651393890381,-21.31400092673295,3.709482614762523,21.258555438736902,1,19,1788717386.2053208
1788717429.580971,43.364000,r2_none_r101,0.018879323732107878,0.0205210093408823,-0.021004512906074524,-0.055476327796154384,-3.541323184967041,1.5221070051193237,-0.9029083251953125,-21.906596417506112,3.963276011053979,21.85112008970996,1,19,1788717386.216956
1788717429.624408,43.396000,r2_none_r101,0.019593456061556935,0.020639246329665184,-0.02139212191104889,-0.05652766045244966,-3.530259132385254,1.5130996704101562,-0.8960343599319458,-21.85995960074986,3.9489100473015646,21.80343194029741,1,12,1788717386.228395
1788717429.669853,43.432000,r2_none_r101,0.020152050768956542,0.02082555554807186,-0.021703794598579407,-0.05757162791289008,-3.5417563915252686,1.5368034839630127,-0.919654130935669,-22.09957302308042,3.9738766509865426,22.042001395167528,1,15,1788717386.2378263
1788717429.713827,43.464000,r2_none_r101,0.020554622169584036,0.020977361127734184,-0.021941736340522766,-0.05775258162780133,-3.5184733867645264,1.5273032188415527,-0.9175891876220703,-22.031628871189888,3.9491671520238967,21.973876289562085,1,18,1788717386.2498093
1788717429.765270,43.496000,r2_none_r101,0.021065613254904747,0.021190384402871132,-0.02226121723651886,-0.05741285640319202,-3.531160831451416,1.5363057851791382,-0.9253749251365662,-21.87435763514004,3.9660435904736735,21.81694477873685,1,13,1788717386.2692468
1788717429.811217,43.528000,r2_none_r101,0.021616910584270954,0.021514633670449257,-0.022661104798316956,-0.056861298852213214,-3.5362300872802734,1.5364751815795898,-0.9212499856948853,-21.681068636408686,3.9699927832183604,21.624207337556474,1,13,1788717386.283199
1788717429.857375,43.564000,r2_none_r101,0.02200243598781526,0.021824663504958153,-0.022987037897109985,-0.0562115537856805,-3.535752534866333,1.539540410041809,-0.9227118492126465,-21.9491362898003,3.971219744111384,21.89292473601462,1,16,1788717386.2933545
1788717429.900740,43.596000,r2_none_r101,0.022379129368346184,0.02216535620391369,-0.023324966430664062,-0.05592085186394628,-3.5257456302642822,1.532413125038147,-0.9194434881210327,-21.55134434091083,3.958922332921348,21.495423489046882,1,15,1788717386.3047218
1788717429.945275,43.628000,r2_none_r101,0.022663020994514227,0.02242792584002018,-0.02358919382095337,-0.05539158918164605,-3.5319886207580566,1.5364389419555664,-0.9213687777519226,-21.67032896794855,3.966583647480126,21.614937378766903,1,15,1788717386.3172567
1788717429.992854,43.660000,r2_none_r101,0.023127914981159847,0.02289046160876751,-0.024043887853622437,-0.05304088329723586,-3.5323245525360107,1.5359344482421875,-0.9192656874656677,-21.657950662639106,3.966354298945332,21.604909779341867,1,17,1788717386.3328362
1788717430.037589,43.696000,r2_none_r101,0.023477081034798175,0.023282485082745552,-0.02442382276058197,-0.051878405838420225,-3.5248005390167236,1.5330307483673096,-0.9189090132713318,-21.69351238280879,3.9584994181497994,21.641633976970372,1,15,1788717386.3415673
1788717430.082695,43.728000,r2_none_r101,0.023762143042404205,0.023695601150393486,-0.024798795580863953,-0.05043648012976586,-3.542100429534912,1.5367847681045532,-0.9205808639526367,-21.331845252803994,3.9758320170346937,21.281408772674226,1,21,1788717386.354667
1788717430.131825,43.760000,r2_none_r101,0.024031453649513423,0.024220319464802742,-0.025247320532798767,-0.04954926083658127,-3.5411107540130615,1.539465069770813,-0.9243960976600647,-21.594694577454202,3.9767667944696683,21.54514531661762,1,20,1788717386.3717883
1788717430.178689,43.792000,r2_none_r101,0.024161933455616236,0.024638229981064796,-0.025568276643753052,-0.04881225811841969,-3.535541296005249,1.537259817123413,-0.9225671291351318,-21.88852160032449,3.9704052802067955,21.83970934220607,1,13,1788717386.3866634
1788717430.225930,43.828000,r2_none_r101,0.02420949551742524,0.024940261617302895,-0.0258122980594635,-0.048081305485634114,-3.539046287536621,1.5399534702301025,-0.9240436553955078,-21.795419027005163,3.974780040334447,21.747337721519532,1,15,1788717386.3979156
1788717430.272006,43.860000,r2_none_r101,0.024156927247531712,0.02537812851369381,-0.02624085545539856,-0.04722950699903096,-3.5387344360351562,1.5413168668746948,-0.9251605868339539,-21.90642430772776,3.9749618625188856,21.859194800728734,1,19,1788717386.411987
1788717430.317347,43.892000,r2_none_r101,0.024006926512811333,0.025661898776888847,-0.026593446731567383,-0.04749961593019702,-3.535855293273926,1.5399936437606812,-0.9238833785057068,-21.971201070229444,3.971265400271537,21.92370145429925,1,17,1788717386.4253294
1788717430.362066,43.924000,r2_none_r101,0.023802584735676646,0.02590935491025448,-0.026947692036628723,-0.047742581963664765,-3.533658504486084,1.5368198156356812,-0.923753023147583,-21.563324966218158,3.9676995379647164,21.515582384254493,1,16,1788717386.4380438
1788717430.411604,43.960000,r2_none_r101,0.023522232222603634,0.0261992197483778,-0.027372702956199646,-0.046170444027439445,-3.5414533615112305,1.5380990505218506,-0.9207603335380554,-21.684853427314778,3.9740449847337436,21.63868298328734,1,20,1788717386.4515877
1788717430.457374,43.992000,r2_none_r101,0.023239678928803187,0.02639920823276043,-0.02771623432636261,-0.04560194019678893,-3.5407557487487793,1.5389329195022583,-0.9200721979141235,-22.160573972731594,3.9731751537006312,22.114972032534805,1,14,1788717386.4653537
1788717430.502924,44.024000,r2_none_r101,0.023005264229141176,0.026541242375969887,-0.02797369658946991,-0.044746899834030775,-3.5385210514068604,1.5360740423202515,-0.9171175360679626,-22.011824780634843,3.969097597484588,21.967077880800808,1,16,1788717386.4789073
1788717430.548177,44.056000,r2_none_r101,0.022564583632629365,0.026768015697598457,-0.02841174602508545,-0.04517221619154979,-3.539515256881714,1.541867971420288,-0.9219217896461487,-22.480101033702837,3.9726944085949145,22.434928817511285,1,21,1788717386.4921525
1788717430.591751,44.092000,r2_none_r101,0.022223032487090677,0.02696286328136921,-0.028763964772224426,-0.04522878902171251,-3.537109136581421,1.537166953086853,-0.9179547429084778,-21.866021679489496,3.9673948785763336,21.820792890467786,1,17,1788717386.499736
1788717430.638756,44.124000,r2_none_r101,0.021931061637587845,0.027184082195162773,-0.02911938726902008,-0.044395995023368565,-3.5382437705993652,1.5410890579223633,-0.9214736223220825,-22.312089802647446,3.9702706699219044,22.26769380762408,1,23,1788717386.5147355
1788717430.682922,44.156000,r2_none_r101,0.021686360822059214,0.027421357110142708,-0.02946433424949646,-0.04366092373229693,-3.5380403995513916,1.5338149070739746,-0.9144306182861328,-21.40896404519799,3.965355149261301,21.36530312146569,1,18,1788717386.5269053
1788717430.726615,44.188000,r2_none_r101,0.021475610439665616,0.027749912813305855,-0.0298900306224823,-0.04392068975407688,-3.538736581802368,1.5368285179138184,-0.9163171052932739,-21.709812970779627,3.9671377653001105,21.66589228102555,1,13,1788717386.5385973
1788717430.771980,44.224000,r2_none_r101,0.021407045889645815,0.027964727953076363,-0.030150696635246277,-0.0433665770612686,-3.535104513168335,1.5298233032226562,-0.9111983180046082,-20.941043996308924,3.959873553656027,20.897677419247653,1,16,1788717386.547956
1788717430.816952,44.256000,r2_none_r101,0.021362537634558976,0.02824716828763485,-0.0304957777261734,-0.04201709997325801,-3.5381977558135986,1.5437220335006714,-0.9232156872749329,-22.62484111999606,3.970400784138794,22.5828240200228,1,17,1788717386.5609312
1788717430.860785,44.288000,r2_none_r101,0.021379275363869965,0.02848968468606472,-0.030825868248939514,-0.041193261909413324,-3.5436108112335205,1.556447982788086,-0.9276825785636902,-23.96620427540057,3.980975111340573,23.925011013491158,1,20,1788717386.5727694
1788717430.908967,44.320000,r2_none_r101,0.021492658532224596,0.02867489866912365,-0.03121313452720642,-0.040536090105344924,-3.5415916442871094,1.552301287651062,-0.9247003197669983,-23.416623366133337,3.9768488118593854,23.376087276027988,1,20,1788717386.5889373
1788717430.952063,44.356000,r2_none_r101,0.021629679133184254,0.02869538404047489,-0.031503066420555115,-0.04077115841598685,-3.540040969848633,1.5462223291397095,-0.92100590467453,-22.850228671143157,3.9723546090678576,22.80945751272717,1,20,1788717386.596045
1788717430.996936,44.388000,r2_none_r101,0.021730428328737617,0.02863597311079502,-0.03170889616012573,-0.041190997512825636,-3.541208028793335,1.5435932874679565,-0.9217724204063416,-22.70704580774243,3.972636302351031,22.665854810229604,1,18,1788717386.6089132
1788717431.041587,44.420000,r2_none_r101,0.021887474576942623,0.028388818725943565,-0.03202354907989502,-0.04229473795890503,-3.538196086883545,1.5401198863983154,-0.9187418222427368,-22.414225668053636,3.968097161298842,22.37193093009473,1,18,1788717386.621572
1788717431.086864,44.452000,r2_none_r101,0.021979458280839026,0.0281467717140913,-0.03223617374897003,-0.043328525442814236,-3.5380971431732178,1.548170804977417,-0.9269127249717712,-23.285430947440496,3.973042235016726,23.242102421997686,1,24,1788717386.6348445
1788717431.129756,44.488000,r2_none_r101,0.022029549116268754,0.02791372500360012,-0.0323873907327652,-0.04373744112169849,-3.542598247528076,1.5537400245666504,-0.9273009300231934,-23.373100887013774,3.979395364606677,23.329363445892074,1,25,1788717386.6417327
1788717431.176249,44.520000,r2_none_r101,0.022106182761490345,0.027595708146691322,-0.03249010443687439,-0.04388560569898362,-3.5418221950531006,1.5479638576507568,-0.9258115887641907,-22.75888290541198,3.976320920974478,22.714997299712998,1,22,1788717386.656232
1788717431.222138,44.552000,r2_none_r101,0.022194030578248203,0.027326392009854317,-0.03254708647727966,-0.044852119010449505,-3.544398546218872,1.5492440462112427,-0.9246283769607544,-22.702847846655853,3.9790231192925782,22.657995727645403,1,15,1788717386.6701145
1788717431.267253,44.584000,r2_none_r101,0.02227864437736571,0.027120182290673256,-0.03255872428417206,-0.04588692982251231,-3.545691728591919,1.5472352504730225,-0.922603964805603,-22.550871724573852,3.979113335037902,22.50498479475134,1,16,1788717386.6832387
1788717431.311806,44.620000,r2_none_r101,0.022502849285956472,0.026751747354865074,-0.032534435391426086,-0.04697903737177871,-3.5480268001556396,1.5511512756347656,-0.9245311617851257,-22.872788927168727,3.9834826545698157,22.825809889796947,1,15,1788717386.6917922
1788717431.358524,44.652000,r2_none_r101,0.022752523655071855,0.026485102251172066,-0.03250622749328613,-0.04775430263044057,-3.5457592010498047,1.5485363006591797,-0.9221130013465881,-22.7577655241598,3.9802406952365463,22.71001122152936,1,17,1788717386.7065063
1788717431.402009,44.684000,r2_none_r101,0.02300761963124387,0.026278244331479073,-0.03246419131755829,-0.04860225337745126,-3.5441558361053467,1.5462509393692017,-0.9184080362319946,-22.328287158119387,3.977419843308552,22.279684904741934,1,18,1788717386.717992
1788717431.445091,44.716000,r2_none_r101,0.023287185751541983,0.02606472559273243,-0.032392069697380066,-0.050040524495179026,-3.5584962368011475,1.5557092428207397,-0.9259897470474243,-22.959576252402428,3.9959356406384168,22.90953572790725,1,21,1788717386.7290776
1788717431.490564,44.752000,r2_none_r101,0.023477138369344175,0.025882786139845848,-0.03230629861354828,-0.04952449495727633,-3.5604307651519775,1.5570249557495117,-0.9271637797355652,-23.044903104050395,3.9986950516386757,22.995378609093116,1,18,1788717386.738549
1788717431.535093,44.784000,r2_none_r101,0.023619034851435572,0.025737503543496132,-0.03223675489425659,-0.0503046020154146,-3.550717830657959,1.5474114418029785,-0.9188051223754883,-22.274005727573797,3.9846429040424667,22.22370112555838,1,19,1788717386.7510762
1788717431.579704,44.816000,r2_none_r101,0.02378956723259762,0.025554323568940163,-0.032144591212272644,-0.050826658872348905,-3.5496997833251953,1.5579235553741455,-0.9303051233291626,-23.449699498966215,3.9905731345993054,23.398872840093865,1,20,1788717386.7636702
1788717431.623732,44.848000,r2_none_r101,0.023984683793969452,0.025318318977952003,-0.032033517956733704,-0.05089307716344884,-3.545135259628296,1.5492303371429443,-0.9231119155883789,-23.014355533523673,3.981826932498201,22.963462456360226,1,21,1788717386.7757156
1788717431.668824,44.884000,r2_none_r101,0.02412129327422008,0.02514115534722805,-0.031958937644958496,-0.05077457269234889,-3.55354642868042,1.5555448532104492,-0.9267966747283936,-23.349177568690624,3.992815595899481,23.298402995998273,1,22,1788717386.7848005
1788717431.713055,44.916000,r2_none_r101,0.02420403982978314,0.024985672906041145,-0.03190654516220093,-0.05096334739192159,-3.5524208545684814,1.5547001361846924,-0.9245721101760864,-23.084203882273215,3.9911306399759514,23.033240534881294,1,19,1788717386.7970347
1788717431.759837,44.948000,r2_none_r101,0.024209295632317662,0.024888573214411736,-0.03187313675880432,-0.05145996880959891,-3.5538718700408936,1.55348539352417,-0.9241281747817993,-22.995310077566344,3.991915845816879,22.943850108756752,1,14,1788717386.8118236
1788717431.805396,44.980000,r2_none_r101,0.024175987928174436,0.02472715638577938,-0.03182525932788849,-0.05154096774841462,-3.5482232570648193,1.545837163925171,-0.918114960193634,-22.2356291283146,3.982627456155508,22.184088160566187,1,17,1788717386.8253791
1788717431.851031,45.016000,r2_none_r101,0.02407955442322418,0.024646328762173653,-0.03179043531417847,-0.052320139837719694,-3.5453057289123535,1.5577465295791626,-0.9237122535705566,-23.791476757955625,3.9857787264873923,23.739156618117907,1,18,1788717386.835014
1788717431.895386,45.048000,r2_none_r101,0.023928239766974002,0.02460370771586895,-0.03175993263721466,-0.05270379571478917,-3.5398645401000977,1.5518426895141602,-0.9201918840408325,-23.196734836641777,3.9777366953623003,23.144031040926986,1,20,1788717386.8473713
1788717431.940491,45.080000,r2_none_r101,0.023647855035960674,0.024596350267529488,-0.03171567618846893,-0.05215690780999113,-3.5556585788726807,1.5557117462158203,-0.9189285039901733,-22.716968727388764,3.9928555577863802,22.66481181957877,1,19,1788717386.8604734
1788717431.986200,45.112000,r2_none_r101,0.02335193734325003,0.024604396894574165,-0.031671106815338135,-0.0526156782441956,-3.558349609375,1.5525190830230713,-0.9165945053100586,-22.66621399591452,3.9932691718759075,22.613598317670323,1,18,1788717386.8741822
1788717432.032657,45.148000,r2_none_r101,0.023100484591850545,0.024609895423054695,-0.03164137899875641,-0.052168042097437674,-3.5727379322052,1.488071084022522,-0.8198353052139282,-22.71576141510734,3.9614419389375093,22.663593373009903,1,19,1788717386.8846428
1788717432.079127,45.180000,r2_none_r101,0.022659968468360603,0.02457277663052082,-0.03159847855567932,-0.05224119304252118,-3.573908567428589,1.4834387302398682,-0.8130478858947754,-22.71575226656444,3.9590729066582067,22.663511073521917,1,15,1788717386.8991115
1788717432.124195,45.212000,r2_none_r101,0.022302896541077644,0.024527641013264656,-0.031551867723464966,-0.05101974400601413,-3.5750820636749268,1.4788086414337158,-0.8062599897384644,-22.716570329228617,3.9568023016683838,22.6655505852226,1,0,1788717386.9121783
1788717432.167829,45.244000,r2_none_r101,0.021988293156027794,0.024474000558257103,-0.031503915786743164,-0.05068795541798319,-3.5762574672698975,1.4741802215576172,-0.7994716763496399,-22.717540763748886,3.954591655391411,22.666852808330905,1,4,1788717386.9238105
1788717432.211968,45.280000,r2_none_r101,0.021602282766252756,0.024354545399546623,-0.031450092792510986,-0.05033352728854889,-3.57743763923645,1.4695534706115723,-0.7926813364028931,-22.71898992760142,3.9523614839551082,22.668656400312873,1,1,1788717386.931952
1788717432.256951,45.312000,r2_none_r101,0.021317559177987278,0.024108415469527245,-0.03139401972293854,-0.04920217406646834,-3.578622817993164,1.4649344682693481,-0.7858917117118835,-22.722261484380518,3.9502933056711784,22.673059310314045,1,0,1788717386.9449296
1788717432.305303,45.344000,r2_none_r101,0.0211745691485703,0.023746630176901817,-0.03129659593105316,-0.04201694705073621,-3.5798163414001465,1.4603209495544434,-0.7790998220443726,-22.7263442013077,3.9484289252733182,22.684327254256967,1,0,1788717386.9612892
1788717432.349001,45.376000,r2_none_r101,0.02110116509720683,0.02268162928521633,-0.03101775050163269,0.05316497751460333,-3.5810177326202393,1.4557108879089355,-0.7723047137260437,-22.730161548062085,3.946940558357988,22.783326525576687,1,0,1788717386.9729886
1788717432.395039,45.412000,r2_none_r101,0.021199691342189908,0.02160177193582058,-0.030708730220794678,0.2657374532893002,-3.58223032951355,1.451087474822998,-0.7654926180839539,-22.72660907248027,3.945636152995679,22.99234652576957,1,0,1788717386.9830248
1788717432.439297,45.444000,r2_none_r101,0.021454343921504915,0.020264187827706337,-0.030297935009002686,0.6658468348224282,-3.583451509475708,1.4464261531829834,-0.7586479783058167,-22.704470246735774,3.9445884384627483,23.370317081558202,1,7,1788717386.9952831
1788717432.484289,45.476000,r2_none_r101,0.021844886476173997,0.01870272494852543,-0.02980673313140869,1.2545649586284802,-3.5846803188323975,1.441713571548462,-0.7517605423927307,-22.65772768014688,3.943754712044606,23.91229263877536,1,2,1788717387.008274
1788717432.528146,45.508000,r2_none_r101,0.022490065719466656,0.016429448500275612,-0.02908472716808319,2.2238255353462844,-3.5859057903289795,1.4369462728500366,-0.74483323097229,-22.586977909895005,3.9434356369676284,24.81080344524129,1,1,1788717387.0201294
1788717432.573712,45.544000,r2_none_r101,0.022959336929488927,0.01493748091161251,-0.02861557900905609,2.9182759563882015,-3.587127923965454,1.4321321249008179,-0.7378685474395752,-22.495070750117897,3.9426146734692633,25.413346706506097,1,1,1788717387.0296695
1788717432.617712,45.576000,r2_none_r101,0.023757614544592798,0.012743903324007988,-0.02792513370513916,3.9610204141221237,-3.5883419513702393,1.4272714853286743,-0.7308673858642578,-22.38255033000455,3.942369765027707,26.343570744126673,1,4,1788717387.0416977
1788717432.662340,45.608000,r2_none_r101,0.024769143434241414,0.010410111397504807,-0.027183562517166138,5.126673286750245,-3.5895471572875977,1.422376275062561,-0.7238358855247498,-22.25432258253277,3.9423667039166306,27.380995869283016,1,1,1788717387.054319
1788717432.722291,45.640000,r2_none_r101,0.026337276911363006,0.007318783551454544,-0.026171699166297913,6.758213415870641,-3.5907435417175293,1.4174500703811646,-0.7167743444442749,-22.112304655984573,3.943180937803135,28.870518071855216,1,1,1788717387.0822747
1788717432.818335,45.676000,r2_none_r101,0.027822091709822416,0.004852119833230972,-0.025327906012535095,8.215381729101699,-3.5919320583343506,1.4124879837036133,-0.7096766233444214,-21.954507233728634,3.943652114338932,30.169888962830335,1,2,1788717387.1423144
1788717432.862793,45.708000,r2_none_r101,0.029093241319060326,0.002930484712123871,-0.02465406060218811,9.406036994986977,-3.5931036472320557,1.4074872732162476,-0.7025452256202698,-21.780471463931303,3.943681846089004,31.18650845891828,1,2,1788717387.1547797
1788717432.908151,45.740000,r2_none_r101,0.03155307285487652,-0.0002306383103132248,-0.023501619696617126,11.595398721948989,-3.594254970550537,1.4024425745010376,-0.695376455783844,-21.588794516383846,3.945299976545402,33.18419323833284,1,1,1788717387.1681356
1788717432.951867,45.772000,r2_none_r101,0.03379721660166979,-0.002778962254524231,-0.02253134548664093,13.541737310871225,-3.595386505126953,1.3973451852798462,-0.6881617307662964,-21.37535304606698,3.946439651683072,34.9170903569382,1,2,1788717387.1798518
1788717432.998506,45.808000,r2_none_r101,0.03624444268643856,-0.005294235423207283,-0.02152480185031891,15.663097229750585,-3.5964839458465576,1.3921996355056763,-0.6809108257293701,-21.143858996239118,3.9477201765860204,36.80695622598971,1,1,1788717387.190487
1788717433.043808,45.840000,r2_none_r101,0.039543941617012024,-0.008401747792959213,-0.020231664180755615,18.56906983051023,-3.5975470542907715,1.3869941234588623,-0.673613965511322,-20.888457996905455,3.9499960736324953,39.45752782741568,1,1,1788717387.2037897
1788717433.093251,45.872000,r2_none_r101,0.042321957647800446,-0.010782673954963684,-0.019182831048965454,21.10167982017889,-3.59856915473938,1.3817247152328491,-0.6662688255310059,-20.609245684651782,3.95144090243767,41.710925504830676,1,2,1788717387.221236
1788717433.139126,45.904000,r2_none_r101,0.04445764236152172,-0.012480205856263638,-0.018392950296401978,23.136512358336386,-3.5995376110076904,1.3763978481292725,-0.6588863134384155,-20.31009480760812,3.951950835176086,43.446607165944506,1,0,1788717387.2351077
1788717433.184108,45.940000,r2_none_r101,0.04809582978487015,-0.015188995748758316,-0.01706133782863617,26.797091215501112,-3.60044527053833,1.3710016012191772,-0.6514593362808228,-19.985488497291428,3.9542176662786397,46.78257971279254,1,0,1788717387.2440915
1788717433.229408,45.972000,r2_none_r101,0.051033733412623405,-0.01722511975094676,-0.01599191129207611,29.998951706543505,-3.6012885570526123,1.3655141592025757,-0.6439718008041382,-19.62711083594264,3.9554752898509826,49.626062542486146,1,1,1788717387.2573907
1788717433.274995,46.004000,r2_none_r101,0.053979406133294106,-0.019164924393408,-0.01492258906364441,33.46616249143036,-3.6020548343658447,1.3599505424499512,-0.6364380717277527,-19.242482996234894,3.9566181688128426,52.70864548766525,1,0,1788717387.270975
1788717433.320811,46.036000,r2_none_r101,0.05777955800294876,-0.02151833300013095,-0.01354186236858368,38.16203913846332,-3.6027302742004395,1.3542943000793457,-0.6288521885871887,-18.82362207770459,3.95863605684458,56.98566121616791,1,0,1788717387.2847936
1788717433.369080,46.072000,r2_none_r101,0.06107658892869949,-0.023243530187755823,-0.012166798114776611,42.17635588414483,-3.6032767295837402,1.3485074043273926,-0.6212107539176941,-18.366200351531795,3.959813178590169,60.54255623567663,1,2,1788717387.2970617
1788717433.416443,46.104000,r2_none_r101,0.06368205323815346,-0.024415160063654184,-0.01059405505657196,45.29544610786666,-3.603628635406494,1.342507004737854,-0.6134956479072571,-17.858999460816797,3.959941189252034,63.154445568683464,1,0,1788717387.3124268
1788717433.463768,46.136000,r2_none_r101,0.06859631091356277,-0.026132741011679173,-0.005340024828910828,51.253560875664846,-3.6038644313812256,1.336403727531433,-0.6057149171829224,-17.326919052731014,3.96281762678721,68.58047992839586,1,42,1788717387.327753
1788717433.517386,46.168000,r2_none_r101,0.07307668030261993,-0.02756493492051959,0.004213124513626099,56.82648405277207,-3.612875461578369,1.3224464654922485,-0.5961093306541443,-14.146497981087618,3.9710402948925303,70.97298203385968,1,47,1788717387.3493657
1788717433.565501,46.204000,r2_none_r101,0.07566216960549355,-0.028105597011744976,0.012864992022514343,60.186764288505834,-3.611673355102539,1.3035727739334106,-0.5726677775382996,-10.501457809770418,3.9639196737126956,70.68822209827626,1,69,1788717387.3614833
1788717433.617759,46.236000,r2_none_r101,0.07888303697109222,-0.028663303703069687,0.02802540361881256,64.62017210736337,-3.611436367034912,1.2958391904830933,-0.5530132055282593,-8.26967975677804,3.96363091445308,72.8898518641414,1,68,1788717387.3817441
1788717433.664499,46.268000,r2_none_r101,0.08175202831625938,-0.029026218689978123,0.04722954332828522,68.96087641388002,-3.6160807609558105,1.290320873260498,-0.5250353813171387,-5.117999269698219,3.9676354709616746,74.07887568357822,1,80,1788717387.3964806
1788717433.709590,46.300000,r2_none_r101,0.08475857973098755,-0.02966506965458393,0.07684220373630524,74.16503409062803,-3.5328564643859863,1.3188717365264893,-0.5410043597221375,-1.8077755376964637,3.9099136181025678,75.97280962832448,1,82,1788717387.4095733
1788717433.755137,46.336000,r2_none_r101,0.08670628070831299,-0.029811435379087925,0.10444135963916779,78.07148377638798,-3.4759297370910645,1.342058777809143,-0.5428610444068909,1.7501814471387738,3.872131671242384,76.3213023292492,1,103,1788717387.41912
1788717433.801425,46.368000,r2_none_r101,0.0879267156124115,-0.029868182726204395,0.12705586850643158,80.85126671450185,-3.4412357807159424,1.3690402507781982,-0.532954216003418,4.2957492857236295,3.8532513598875195,76.55551742877823,1,134,1788717387.4334035
1788717433.845313,46.400000,r2_none_r101,0.08961644768714905,-0.030291647650301456,0.1675177961587906,85.10269654949586,-3.408291816711426,1.392573356628418,-0.5209149122238159,7.090814303468669,3.8384693095711917,78.01188224602718,1,177,1788717387.4452946
1788717433.889576,46.432000,r2_none_r101,0.09068380296230316,-0.030826395377516747,0.20176856219768524,88.19021027106261,-3.3862404823303223,1.4128903150558472,-0.5012105703353882,9.711678688155805,3.8298172392973426,78.47853158290681,1,204,1788717387.4575598
1788717433.932636,46.468000,r2_none_r101,0.09160522371530533,-0.03163207974284887,0.23716597259044647,90.93825072986168,-3.349053144454956,1.4383881092071533,-0.47809669375419617,12.469162336967642,3.8092899658922126,78.46908839289404,1,233,1788717387.4646213
1788717433.976375,46.500000,r2_none_r101,0.09282705932855606,-0.03273380920290947,0.28246375918388367,93.95777047712586,-3.329021453857422,1.4549460411071777,-0.449834406375885,14.89784406284157,3.8024333245296926,79.0599264142843,1,246,1788717387.4763565
1788717434.020393,46.532000,r2_none_r101,0.09398142993450165,-0.03358432184904814,0.31944677233695984,96.02237496450718,-3.303377866744995,1.470382571220398,-0.4273757338523865,17.192859079567132,3.7896847443995263,78.82951588494005,1,265,1788717387.4883766
1788717434.066132,46.564000,r2_none_r101,0.09494759887456894,-0.03410838823765516,0.3477359712123871,97.39880663834796,-3.3062782287597656,1.4888296127319336,-0.3949388563632965,18.99112514843935,3.799900417758166,78.40768148990861,1,124,1788717387.5021174
1788717434.108107,46.600000,r2_none_r101,0.09674720466136932,-0.034747326746582985,0.3961905539035797,99.37226930273467,-3.309896230697632,1.5107388496398926,-0.3562151789665222,20.744238342075842,3.8157386446050077,78.62803096065882,1,271,1788717387.50809
1788717434.153492,46.632000,r2_none_r101,0.09837055951356888,-0.03500557038933039,0.43633803725242615,100.6939812902471,-3.3057398796081543,1.5356276035308838,-0.3243153989315033,22.042868678044915,3.825369276126763,78.65111261220217,1,142,1788717387.521473
1788717434.198033,46.664000,r2_none_r101,0.10019268840551376,-0.03505459055304527,0.4779232442378998,101.80105078272808,-3.304182291030884,1.556778073310852,-0.285646915435791,23.321900520160714,3.8349367164401436,78.47915026256736,1,277,1788717387.5340168
1788717434.245656,46.696000,r2_none_r101,0.10278318077325821,-0.034840391017496586,0.5321768820285797,102.90499759677047,-3.3058648109436035,1.5767402648925781,-0.24579843878746033,24.51658181457867,3.8498466127545603,78.3884157821918,1,165,1788717387.5496411
1788717434.295876,46.732000,r2_none_r101,0.1050422266125679,-0.03445116616785526,0.5776070058345795,103.58267053158805,-3.3068771362304688,1.6029223203659058,-0.19937458634376526,25.601009081957006,3.8634034305947074,77.98166144963105,1,130,1788717387.5638402
1788717434.340337,46.764000,r2_none_r101,0.10680302232503891,-0.03409815672785044,0.6129704415798187,103.97601183432425,-3.3250787258148193,1.6266541481018066,-0.18874450027942657,26.183646939832574,3.895979645636368,77.79236489449168,1,313,1788717387.5763206
1788717434.388857,46.796000,r2_none_r101,0.10928280651569366,-0.033644082956016064,0.6618576943874359,104.36718507888962,-3.319744110107422,1.649109125137329,-0.16006311774253845,26.927100534202438,3.90710094260267,77.44008454468718,1,215,1788717387.59284
1788717434.437752,46.828000,r2_none_r101,0.11243104934692383,-0.0330634331330657,0.7259837687015533,104.61870952121961,-3.3095614910125732,1.6696652173995972,-0.13606654107570648,27.717390275913097,3.9182200729678134,76.90131924530651,1,178,1788717387.6097353
1788717434.484776,46.864000,r2_none_r101,0.1148027703166008,-0.03257089760154486,0.7797351777553558,104.64858251067868,-3.2964224815368652,1.6887331008911133,-0.10745234787464142,28.60436724455622,3.9225561665504594,76.04421526612246,1,144,1788717387.6207528
1788717434.530418,46.896000,r2_none_r101,0.11708463728427887,-0.032111543230712414,0.8354925811290741,104.51339659106979,-3.349032163619995,1.7435917854309082,-0.015326686203479767,27.618291971154694,3.9863493844111484,76.8951046199151,1,367,1788717387.6344035
1788717434.574177,46.928000,r2_none_r101,0.11868935823440552,-0.03176376409828663,0.8786518275737762,104.3150667291525,-3.3541576862335205,1.7765610218048096,0.03345215693116188,27.535372610349405,4.0056294897101345,76.7796941188031,1,222,1788717387.646159
1788717434.618642,46.960000,r2_none_r101,0.1211889237165451,-0.03129366505891085,0.9532624185085297,103.80763482495381,-3.353170394897461,1.8110142946243286,0.08336882293224335,27.360003874309097,4.02765268621524,76.44763095064471,1,193,1788717387.6586251
1788717434.668402,46.996000,r2_none_r101,0.12290064990520477,-0.030918166041374207,1.0157999694347382,103.26821188786083,-3.3516969680786133,1.8540425300598145,0.13506916165351868,26.991708535195333,4.049887922957876,76.2765033526655,1,148,1788717387.6723826
1788717434.714893,47.028000,r2_none_r101,0.12435154616832733,-0.030549674294888973,1.081201046705246,102.62359389844286,-3.358912467956543,1.9801764488220215,0.22589686512947083,26.359585615070753,4.111896518311601,76.2640082833721,1,372,1788717387.6868732
1788717434.759354,47.060000,r2_none_r101,0.12576305121183395,-0.030159196816384792,1.1674449145793915,101.69787602610833,-3.3561460971832275,2.0356171131134033,0.28508830070495605,25.74999070645533,4.1436308081671935,75.947885319653,1,248,1788717387.6993392
1788717434.806926,47.092000,r2_none_r101,0.12639369070529938,-0.02990606427192688,1.2400936782360077,100.87796471024738,-3.354853391647339,2.086289644241333,0.351789653301239,25.11791749966157,4.169706172601854,75.76004721058582,1,206,1788717387.7149107
1788717434.853334,47.128000,r2_none_r101,0.12654682248830795,-0.029626179486513138,1.2964691817760468,100.22956157280379,-3.3525736331939697,2.1434125900268555,0.42916569113731384,24.333510770733078,4.1926831485135105,75.8960508020707,1,169,1788717387.72531
1788717434.902249,47.160000,r2_none_r101,0.12628130614757538,-0.02928026206791401,1.393229216337204,99.10538443144519,-3.3752994537353516,2.2735166549682617,0.45460963249206543,23.588059181526702,4.294758221631485,75.51732524991849,1,369,1788717387.742233
1788717434.948687,47.192000,r2_none_r101,0.12549825757741928,-0.028937023133039474,1.4728351533412933,98.18492816073486,-3.3699002265930176,2.3401260375976562,0.5166829824447632,22.814052712502857,4.329491577861058,75.370875448232,1,278,1788717387.7566555
1788717434.993279,47.224000,r2_none_r101,0.12411690503358841,-0.02849721908569336,1.554162710905075,97.2639025585949,-3.3664565086364746,2.392695665359497,0.6077737808227539,22.108872522927363,4.352232731241593,75.15503003566754,1,250,1788717387.769259
1788717435.039727,47.260000,r2_none_r101,0.12160267680883408,-0.02785862237215042,1.6577872931957245,96.1275820895009,-3.3669846057891846,2.4623286724090576,0.7257438898086548,21.270731168985392,4.386340034378517,74.85685092051551,1,216,1788717387.779712
1788717435.085780,47.292000,r2_none_r101,0.11898013204336166,-0.02723462926223874,1.7420203387737274,95.24594596786838,-3.367408275604248,2.527754306793213,0.8259846568107605,20.561050485848224,4.418370057269396,74.68489548202015,1,190,1788717387.793761
1788717435.132211,47.324000,r2_none_r101,0.11666767299175262,-0.0267241052351892,1.8058392703533173,94.60498737853064,-3.3662707805633545,2.5984363555908203,0.9247809648513794,19.827781332652055,4.44956081585936,74.77720604587859,1,169,1788717387.8081827
1788717435.175503,47.356000,r2_none_r101,0.11199244856834412,-0.025643719360232353,1.9133321940898895,93.58905599702946,-3.382446765899658,2.800790548324585,0.9051110744476318,19.255387074713976,4.606120484664665,74.33366892231548,1,386,1788717387.819485
1788717435.220112,47.392000,r2_none_r101,0.10756426304578781,-0.02452789107337594,2.0001316964626312,92.83198152007093,-3.424800157546997,2.96089243888855,0.9624707698822021,18.285350106735745,4.739944424249248,74.54663141333519,1,281,1788717387.8280983
1788717435.264900,47.424000,r2_none_r101,0.10257945954799652,-0.02330182585865259,2.087603658437729,92.13386688662901,-3.439337968826294,3.0606298446655273,0.9118654131889343,17.594117276464083,4.841298796730514,74.53974961016492,1,233,1788717387.8408852
1788717435.312970,47.456000,r2_none_r101,0.09707590937614441,-0.022057757014408708,2.1755984723567963,91.50854859161838,-3.4315104484558105,3.1190545558929443,0.8757705092430115,17.04544149600984,4.899700090890104,74.46310709560854,1,183,1788717387.856951
1788717435.356880,47.488000,r2_none_r101,0.08951915055513382,-0.02061472173954826,2.2857886254787445,90.81393912988852,-3.4461448192596436,3.4053571224212646,0.8588530421257019,16.53233296208892,5.125850948229779,74.2816061677996,1,366,1788717387.8688624
1788717435.404296,47.524000,r2_none_r101,0.0845833458006382,-0.019708721491042525,2.3516789376735687,90.44555339447052,-3.415440082550049,3.5482401847839355,0.920078456401825,15.968354422628211,5.19902907616124,74.47719897184231,1,235,1788717387.880272
1788717435.450089,47.556000,r2_none_r101,0.07749340310692787,-0.01828281977213919,2.438969224691391,90.00867272583525,-3.416670560836792,3.6003899574279785,0.981971263885498,15.604941974700239,5.23706191801898,74.40373075113501,1,181,1788717387.8940692
1788717435.499108,47.588000,r2_none_r101,0.06975844502449036,-0.01649791467934847,2.5252841413021088,89.63329332696347,-3.448227643966675,3.8211843967437744,0.9438360929489136,15.243458179732858,5.441048573150713,74.38983514723061,1,381,1788717387.9110873
1788717435.547844,47.620000,r2_none_r101,0.059124093502759933,-0.013487353920936584,2.6309500634670258,89.24773989502387,-3.472238779067993,3.873167037963867,0.9970462322235107,15.008000406494997,5.499658883010912,74.23973948852887,1,244,1788717387.9278278
1788717435.593155,47.656000,r2_none_r101,0.050271620973944664,-0.010717458091676235,2.713109105825424,89.00278627662179,-3.5188286304473877,3.909003257751465,1.0753198862075806,14.820219312809517,5.548426860183174,74.18256696381228,1,182,1788717387.9371352
1788717435.637257,47.688000,r2_none_r101,0.04365389235317707,-0.008639014326035976,2.773155778646469,88.85500215244824,-3.5133652687072754,4.178788661956787,1.1087911128997803,14.542976824516018,5.740822728219071,74.31202532793222,1,382,1788717387.949241
1788717435.680607,47.720000,r2_none_r101,0.03155312594026327,-0.0033286698162555695,2.870767444372177,88.67209952031922,-3.5034682750701904,4.327821731567383,1.251916527748108,14.333153986290537,5.820302259785325,74.33894553402868,1,204,1788717387.9605935
1788717435.727472,47.752000,r2_none_r101,0.021252309903502464,0.002072462812066078,2.9463044106960297,88.58371831370285,-3.5401439666748047,4.4192280769348145,1.4192636013031006,14.20337424648602,5.8759391412567705,74.38034406721683,1,158,1788717387.9754462
1788717435.774454,47.788000,r2_none_r101,0.010268475860357285,0.008672462776303291,3.019510120153427,88.54295419979894,-3.5351390838623047,4.554284572601318,1.3366992473602295,14.18127980157808,6.00536065953723,74.36167439822084,1,385,1788717387.9864368
1788717435.818898,47.820000,r2_none_r101,-0.004301436245441437,0.018243582919239998,3.107594817876816,88.5545511999304,-3.534646511077881,4.648205757141113,1.2605009078979492,14.171848657719453,6.108325629368494,74.38270254221095,1,184,1788717387.9988832
1788717435.865654,47.852000,r2_none_r101,-0.016017179936170578,0.026029763743281364,3.1750877797603607,88.60926076914267,-3.559049129486084,4.703300476074219,1.255243182182312,14.213369036617474,6.17379461845062,74.39589173252519,1,160,1788717388.013614
1788717435.912635,47.884000,r2_none_r101,-0.024798095226287842,0.03192179836332798,3.2240346372127533,88.67304569013676,-3.498422145843506,5.070451736450195,1.145887851715088,14.021354115040712,6.463090750105425,74.65169157509605,1,389,1788717388.0286195
1788717435.959843,47.920000,r2_none_r101,-0.04004433751106262,0.04267835430800915,3.303006261587143,88.82412158824484,-3.5134332180023193,5.170420169830322,1.2137001752853394,14.145431288620602,6.536311372940715,74.67869029962424,1,276,1788717388.0398266
1788717436.007009,47.952000,r2_none_r101,-0.052754804491996765,0.05199051462113857,3.3639255464076996,88.97962489052587,-3.5620980262756348,5.198824882507324,1.4163185358047485,14.30986580196956,6.526757765267753,74.6697590885563,1,168,1788717388.054989
1788717436.053512,47.984000,r2_none_r101,-0.06590335071086884,0.062136223539710045,3.422741025686264,89.16223067435544,-3.6210250854492188,5.270909309387207,1.5209496021270752,14.61272401177313,6.586882284311869,74.54950666258232,1,376,1788717388.0694866
1788717436.102166,48.016000,r2_none_r101,-0.08286406844854355,0.07607156597077847,3.493140071630478,89.42520956033462,-3.5453011989593506,5.542158603668213,1.291190505027771,14.631011428203305,6.834848958117924,74.79419813213133,1,193,1788717388.0861468
1788717436.148411,48.052000,r2_none_r101,-0.09611059725284576,0.08705001138150692,3.5465775430202484,89.65704862337294,-3.526679515838623,5.660325050354004,1.2477363348007202,14.819324955756452,6.936488208438684,74.8377236676165,1,163,1788717388.0963862
1788717436.193288,48.084000,r2_none_r101,-0.10577047616243362,0.09525012783706188,3.5850211083889008,89.83993973161054,-3.529430627822876,6.038221836090088,1.182798147201538,14.820845493208578,7.267120249068353,75.01909423840196,1,374,1788717388.1092703
1788717436.238548,48.116000,r2_none_r101,-0.11894287914037704,0.1075946893543005,3.6347881257534027,90.09641086468854,-3.467337131500244,6.189635753631592,1.1458874940872192,15.03010677666849,7.375472454771977,75.06630408802005,1,235,1788717388.1225312
1788717436.284980,48.148000,r2_none_r101,-0.13556527346372604,0.12417941354215145,3.6946566998958588,90.43106201543661,-3.4969494342803955,6.191427230834961,1.3789639472961426,15.334631320260192,7.312512049732048,75.09643069517641,1,158,1788717388.136961
1788717436.334336,48.184000,r2_none_r101,-0.1482655629515648,0.13703522644937038,3.74021777510643,90.70506175508511,-3.5786852836608887,6.2140045166015625,1.5104970932006836,15.751652157946742,7.325912198013467,74.95340959713836,1,369,1788717388.150318
1788717436.377077,48.216000,r2_none_r101,-0.16011960059404373,0.14932920597493649,3.7834807336330414,90.98057552608034,-3.6216659545898438,6.264060974121094,1.5549813508987427,16.04261957237285,7.37146235533253,74.93795595370749,1,174,1788717388.1610572
1788717436.425749,48.248000,r2_none_r101,-0.1688489243388176,0.15932481549680233,3.814774125814438,91.1890721384409,-3.6324527263641357,6.281759738922119,1.5830302238464355,16.356692312721055,7.379799559131235,74.83237982571985,1,144,1788717388.1777067
1788717436.474793,48.280000,r2_none_r101,-0.18184734135866165,0.17424280010163784,3.8640213906764984,91.52976340732845,-3.5910234451293945,6.679221153259277,1.4192501306533813,16.333999757230256,7.740421926187609,75.1957636500982,1,378,1788717388.194768
1788717436.520375,48.316000,r2_none_r101,-0.19114003330469131,0.185612877830863,3.901211827993393,91.79373578036855,-3.5598018169403076,6.970605850219727,1.2948765754699707,16.429878701354895,8.011054568309948,75.36385707901364,1,164,1788717388.2043605
1788717436.567332,48.348000,r2_none_r101,-0.2003743126988411,0.1991134937852621,3.9374614655971527,92.05263205700452,-3.5554211139678955,7.0612874031066895,1.2652102708816528,16.65504093220058,8.092385077845458,75.39759112480394,1,143,1788717388.2193103
1788717436.615327,48.380000,r2_none_r101,-0.2119518592953682,0.21810761652886868,3.9816456735134125,92.36461408264012,-3.6012959480285645,7.273141860961914,1.2788965702056885,16.82214071876315,8.28045978538537,75.54247336387697,1,370,1788717388.2353094
1788717436.661002,48.412000,r2_none_r101,-0.22097133845090866,0.23418100737035275,4.015907138586044,92.60115303908312,-3.5851945877075195,7.428111553192139,1.2951762676239014,16.98141549561049,8.394820500829834,75.61973754347264,1,170,1788717388.2489836
1788717436.705055,48.448000,r2_none_r101,-0.22719775885343552,0.24591191671788692,4.040636390447617,92.76920427477468,-3.5889663696289062,7.503796100616455,1.3071283102035522,17.247542414819662,8.452836059219404,75.52166185995503,1,149,1788717388.2570376
1788717436.751612,48.480000,r2_none_r101,-0.23581137508153915,0.263123145326972,4.079335063695908,93.02988252520915,-3.602365493774414,7.563164234161377,1.3387815952301025,17.461211976509098,8.493227881452288,75.56867054870004,1,145,1788717388.271589
1788717436.796388,48.512000,r2_none_r101,-0.24113788455724716,0.274806072935462,4.108122676610947,93.21834542046881,-3.6222426891326904,7.6190996170043945,1.354055404663086,17.832979460130236,8.541393557224142,75.38536596033858,1,370,1788717388.2843704
1788717436.843014,48.544000,r2_none_r101,-0.24551131576299667,0.2860386874526739,4.135445445775986,93.3892047707714,-3.6422393321990967,7.677910327911377,1.3758264780044556,18.032699023040333,8.590286631652285,75.35650574773106,1,161,1788717388.2989979
1788717436.888532,48.580000,r2_none_r101,-0.25120338052511215,0.30482946895062923,4.169080585241318,93.58091952313984,-3.649761915206909,8.065155029296875,1.3317936658859253,17.937221559117596,8.934374627189468,75.64369796402225,1,150,1788717388.308516
1788717436.934114,48.612000,r2_none_r101,-0.25563784688711166,0.32290016673505306,4.195489257574081,93.71838283819457,-3.6461126804351807,8.231364250183105,1.305245280265808,17.96666723873343,9.077038834580218,75.75171559946115,1,142,1788717388.3220906
1788717436.979167,48.644000,r2_none_r101,-0.2589142546057701,0.33803745172917843,4.215020507574081,93.8106829909426,-3.7262344360351562,8.35760498046875,1.332318902015686,18.283260548188757,9.200312012929267,75.52742244275383,1,363,1788717388.3351436
1788717437.024360,48.676000,r2_none_r101,-0.2642878517508507,0.3663915004581213,4.247159332036972,93.94600105728253,-3.735042095184326,8.38528823852539,1.3344298601150513,18.440056866914315,9.21047408609893,75.50594419036821,1,155,1788717388.3483305
1788717437.073994,48.712000,r2_none_r101,-0.2679399475455284,0.38968279026448727,4.272000640630722,94.03299937921975,-3.713494300842285,8.578102111816406,1.3290337324142456,18.45876028787641,9.358584829446398,75.57423909134334,1,139,1788717388.3619664
1788717437.117981,48.744000,r2_none_r101,-0.27104439586400986,0.41332276724278927,4.296081393957138,94.10301932524428,-3.7184689044952393,8.667790412902832,1.3753200769424438,18.806006482121976,9.41019758171576,75.2970128431223,1,357,1788717388.3739648
1788717437.165734,48.776000,r2_none_r101,-0.27263732999563217,0.4336498286575079,4.318465083837509,94.15324480742325,-3.746151924133301,8.877521514892578,1.3818093538284302,18.797579069779328,9.591048929386442,75.35566573764392,1,137,1788717388.3897119
1788717437.212233,48.808000,r2_none_r101,-0.27344559878110886,0.4579940941184759,4.3450396955013275,94.189443418649,-3.739445686340332,8.910820007324219,1.3885788917541504,19.04776925335294,9.602295715609703,75.14167416529605,1,370,1788717388.4042127
1788717437.261599,48.844000,r2_none_r101,-0.2738284692168236,0.4743399526923895,4.36083921790123,94.20014339614309,-3.7431740760803223,8.911418914794922,1.4004508256912231,19.20743315424818,9.590858136024531,74.99271024189491,1,309,1788717388.4175813
1788717437.307700,48.876000,r2_none_r101,-0.2745189294219017,0.49874972365796566,4.381934970617294,94.20512441087129,-3.7498598098754883,8.91263198852539,1.4100477695465088,19.32900266096372,9.576195619257726,74.87612174990757,1,289,1788717388.4316716
1788717437.356877,48.908000,r2_none_r101,-0.27532487362623215,0.5258166696876287,4.403012603521347,94.20043325819138,-3.7577481269836426,8.91363525390625,1.420510172843933,19.43683905548825,9.559188933496626,74.76359420270313,1,286,1788717388.4488578
1788717437.403930,48.940000,r2_none_r101,-0.2762500271201134,0.562605669721961,4.429290622472763,94.1776493267578,-3.7682130336761475,8.914416313171387,1.431705117225647,19.53749000254214,9.535830615340153,74.64015932421567,1,283,1788717388.4639137
1788717437.448265,48.976000,r2_none_r101,-0.27643778175115585,0.5921386387199163,4.449760764837265,94.1446006952866,-3.776931047439575,8.914636611938477,1.4417672157287598,19.640904625205888,9.516588191617593,74.50369607008071,1,280,1788717388.472245
1788717437.495658,49.008000,r2_none_r101,-0.2763393148779869,0.6145712044090033,4.464863628149033,94.11406939545843,-3.7850229740142822,8.912096977233887,1.4539587497711182,19.74103241136434,9.498702182783877,74.3730369840941,1,276,1788717388.487642
1788717437.540148,49.040000,r2_none_r101,-0.2764322981238365,0.6548598911613226,4.490185111761093,94.04710449893565,-3.7947897911071777,8.908417701721191,1.465713381767273,19.841646951801486,9.468235592031792,74.20545754713417,1,274,1788717388.500133
1788717437.584690,49.072000,r2_none_r101,-0.276190809905529,0.6871482636779547,4.510005325078964,93.98411732658762,-3.8030202388763428,8.90442180633545,1.4781978130340576,19.937178742774712,9.442137845107185,74.04693858381292,1,271,1788717388.5126584
1788717437.629171,49.108000,r2_none_r101,-0.2757248505949974,0.719568183645606,4.529501765966415,93.91126020435803,-3.813624858856201,8.900555610656738,1.4897674322128296,20.03837172090368,9.417286051149196,73.87288848345436,1,269,1788717388.521158
1788717437.673597,49.140000,r2_none_r101,-0.27491607517004013,0.7601385023444891,4.553410857915878,93.80874946468899,-3.8231923580169678,8.894307136535645,1.5024311542510986,20.1394491314347,9.384212332478825,73.66930033325428,1,268,1788717388.5335803
1788717437.719446,49.172000,r2_none_r101,-0.27406658977270126,0.7921979334205389,4.5720599591732025,93.72120688109574,-3.832324266433716,8.888992309570312,1.512976884841919,20.231901887598745,9.358272603361572,73.489304993497,1,263,1788717388.5474253
1788717437.764555,49.204000,r2_none_r101,-0.27316852658987045,0.8154526259750128,4.585665076971054,93.65189648051708,-3.8421199321746826,8.881386756896973,1.5242419242858887,20.32789079052064,9.336435040185005,73.32400568999644,1,258,1788717388.560518
1788717437.809726,49.240000,r2_none_r101,-0.27116846293210983,0.852274289354682,4.607472747564316,93.52956660772386,-3.853698253631592,8.874533653259277,1.5351008176803589,20.417548435195933,9.307557911640577,73.11201817252793,1,255,1788717388.5697024
1788717437.853518,49.272000,r2_none_r101,-0.26914360374212265,0.8800285961478949,4.624173492193222,93.42773290244916,-3.865304470062256,8.867328643798828,1.5456547737121582,20.49698240941713,9.284751613677948,72.93075049303204,1,249,1788717388.5815003
1788717437.898347,49.304000,r2_none_r101,-0.2668243870139122,0.9064411427825689,4.640241950750351,93.32379429678474,-3.876929998397827,8.859041213989258,1.5556254386901855,20.572628263033703,9.262373855787537,72.75116603375103,1,246,1788717388.5943336
1788717437.943921,49.336000,r2_none_r101,-0.2635796293616295,0.9376920964568853,4.659461349248886,93.19669871388447,-3.8900601863861084,8.851009368896484,1.566001057624817,20.63697492091952,9.23804351909117,72.55972379296495,1,242,1788717388.6079023
1788717437.989301,49.372000,r2_none_r101,-0.26050954312086105,0.9604294206947088,4.674012988805771,93.09522672451847,-3.9050376415252686,8.839343070983887,1.5796030759811401,20.706481864650637,9.216031579663762,72.38874485986783,1,240,1788717388.6172862
1788717438.037085,49.404000,r2_none_r101,-0.25784581154584885,0.9758825805038214,4.6843903958797455,93.02022397488861,-3.9172720909118652,8.82563591003418,1.5926965475082397,20.767193582375967,9.196118685654604,72.25303039251264,1,232,1788717388.6330693
1788717438.080699,49.436000,r2_none_r101,-0.25439485162496567,0.995897164568305,4.697813838720322,92.92782707170852,-3.930126190185547,8.811724662780762,1.6032023429870605,20.81281307287693,9.174681502080322,72.11501399883159,1,222,1788717388.6446648
1788717438.127702,49.468000,r2_none_r101,-0.24965640157461166,1.018200745806098,4.7136591374874115,92.8195665690328,-3.942368507385254,8.796113014221191,1.6166834831237793,20.853692929309247,9.150043724227963,71.96587363972355,1,216,1788717388.6596713
1788717438.171604,49.504000,r2_none_r101,-0.24514403194189072,1.032351603731513,4.725282043218613,92.73857513440032,-3.9585120677948,8.777405738830566,1.6329801082611084,20.88931247892627,9.12892638716355,71.84926265547405,1,214,1788717388.667589
1788717438.215627,49.536000,r2_none_r101,-0.24033864587545395,1.043958654627204,4.736248344182968,92.66503735676874,-3.974594831466675,8.758623123168945,1.6466668844223022,20.912427771725863,9.11077552781889,71.75260958504288,1,204,1788717388.679611
1788717438.263281,49.568000,r2_none_r101,-0.2363976463675499,1.0504287388175726,4.7439301908016205,92.61586927996916,-3.995845079421997,8.740917205810547,1.6610753536224365,20.916118627511633,9.098409301079542,71.69975065245752,1,198,1788717388.6952624
1788717438.313184,49.600000,r2_none_r101,-0.2298315390944481,1.0583214666694403,4.756212562322617,92.54034886171307,-4.018736362457275,8.725461959838867,1.6719383001327515,20.897679638987686,9.091402027570185,71.64266922272537,1,195,1788717388.713169
1788717438.356614,49.636000,r2_none_r101,-0.2241080179810524,1.0606927778571844,4.765232414007187,92.49117948048135,-4.044463157653809,8.706686973571777,1.6871204376220703,20.866321204437416,9.084663668694112,71.62485827604394,1,194,1788717388.7205844
1788717438.400784,49.668000,r2_none_r101,-0.21806970983743668,1.0596949961036444,4.773618549108505,92.44937114814674,-4.066287517547607,8.686980247497559,1.7021958827972412,20.83089897706505,9.078430359750488,71.61847217108169,1,194,1788717388.7327704
1788717438.449069,49.700000,r2_none_r101,-0.21047795563936234,1.0546152498573065,4.783391326665878,92.41385895319397,-4.089402198791504,8.666927337646484,1.717917799949646,20.779905122081995,9.076919992432053,71.63395383111197,1,191,1788717388.74905
1788717438.495554,49.732000,r2_none_r101,-0.20398836582899094,1.046571483835578,4.790439456701279,92.3947586521345,-4.116710186004639,8.647812843322754,1.7307965755462646,20.708066726979055,9.08018043914655,71.68669192515543,1,186,1788717388.7635386
1788717438.540213,49.768000,r2_none_r101,-0.19857408851385117,1.0377888586372137,4.795060008764267,92.38706993983949,-4.148766040802002,8.627720832824707,1.7455840110778809,20.60011752054192,9.083522867983605,71.78695241929758,1,186,1788717388.772197
1788717438.584177,49.800000,r2_none_r101,-0.18966858834028244,1.0197545196861029,4.802296489477158,92.38227023815197,-4.175700664520264,8.605523109436035,1.761828064918518,20.503615979688785,9.09267755121177,71.87865425846319,1,183,1788717388.7841597
1788717438.629496,49.832000,r2_none_r101,-0.1821926012635231,1.0015926267951727,4.8074019849300385,92.3892740741985,-4.203395366668701,8.582392692565918,1.777288556098938,20.394646434757963,9.100559801972326,71.99462763944054,1,180,1788717388.7974799
1788717438.674780,49.864000,r2_none_r101,-0.1744910553097725,0.9804146196693182,4.811969608068466,92.40336808970143,-4.231621742248535,8.557881355285645,1.7963757514953613,20.272931043725368,9.108903218723624,72.13043704597605,1,176,1788717388.8107612
1788717438.719091,49.900000,r2_none_r101,-0.1647624745965004,0.9502004887908697,4.817046016454697,92.43539978961577,-4.268990516662598,8.534757614135742,1.8135229349136353,20.092915191563367,9.131886196742231,72.34248459805241,1,174,1788717388.8190758
1788717438.765128,49.932000,r2_none_r101,-0.15671361237764359,0.9228018429130316,4.8205269277095795,92.46821649166996,-4.304198265075684,8.511713981628418,1.8311442136764526,19.92776353090855,9.150389358080211,72.54045296076141,1,172,1788717388.8331087
1788717438.810244,49.964000,r2_none_r101,-0.15074113756418228,0.900934686884284,4.822920650243759,92.49851400063987,-4.339263916015625,8.487724304199219,1.849947214126587,19.744543173092993,9.161968719378091,72.75397082754688,1,171,1788717388.846229
1788717438.854603,49.996000,r2_none_r101,-0.14078814536333084,0.8617690112441778,4.826531261205673,92.55668945860256,-4.373928546905518,8.462142944335938,1.869307279586792,19.559454545300373,9.188598111760644,72.9972349133022,1,169,1788717388.8585756
1788717438.902103,50.032000,r2_none_r101,-0.13230954855680466,0.8276403453201056,4.828835338354111,92.61272054060444,-4.411751747131348,8.43338680267334,1.8907890319824219,19.33813108752851,9.208318022465674,73.27458945307595,1,166,1788717388.8700855
1788717438.947562,50.064000,r2_none_r101,-0.1237892284989357,0.7914977576583624,4.830860942602158,92.67580906394328,-4.450456142425537,8.413612365722656,1.9056509733200073,19.10223933988929,9.23977981593295,73.57356972405398,1,164,1788717388.883535
1788717438.992022,50.096000,r2_none_r101,-0.11521849781274796,0.7535070683807135,4.832611411809921,92.74253188397431,-4.518615245819092,8.389274597167969,1.9070696830749512,19.068431870398758,9.28728394529877,73.67410001357555,1,404,1788717388.8960068
1788717439.039826,50.128000,r2_none_r101,-0.10453587025403976,0.7039069440215826,4.834484905004501,92.83613056129407,-4.5594987869262695,8.367724418640137,1.9124561548233032,18.828693397933208,9.333758347529624,74.00743716336086,1,368,1788717388.9118097
1788717439.084042,50.164000,r2_none_r101,-0.09782242774963379,0.6727049257606268,4.835316509008408,92.89707569854616,-4.604942321777344,8.340800285339355,1.9248027801513672,18.56113336694046,9.358680801726198,74.33594233160571,1,348,1788717388.9200256
1788717439.129976,50.196000,r2_none_r101,-0.08903087675571442,0.6302710082381964,4.836318343877792,92.98126534931673,-4.64720344543457,8.316370964050293,1.9381768703460693,18.32024822874056,9.394269194418252,74.66101712057616,1,337,1788717388.933961
1788717439.173562,50.228000,r2_none_r101,-0.08052463084459305,0.5871906187385321,4.837242931127548,93.06788938290752,-4.69013786315918,8.293267250061035,1.9483463764190674,18.065654937366567,9.43280841017939,75.00223444554095,1,328,1788717388.945542
1788717439.218965,50.260000,r2_none_r101,-0.07003135979175568,0.5320671107620001,4.83818182349205,93.17992533892723,-4.733306884765625,8.269349098205566,1.954233169555664,17.816447560490136,9.483081303752513,75.3634777784371,1,319,1788717388.9589481
1788717439.263998,50.296000,r2_none_r101,-0.061395153403282166,0.48692732118070126,4.838625282049179,93.26892483047298,-4.780858516693115,8.24547004699707,1.965193748474121,17.514832591447945,9.524963435304967,75.75409223902504,1,312,1788717388.967978
1788717439.308925,50.328000,r2_none_r101,-0.054885752499103546,0.4525905158370733,4.838826030492783,93.33454285868572,-4.825188636779785,8.225022315979004,1.9715299606323242,17.247775102742594,9.55970043714087,76.08676775594313,1,306,1788717388.9808881
1788717439.354124,50.360000,r2_none_r101,-0.04476882517337799,0.3950472082942724,4.839166969060898,93.4416341221338,-4.8663458824157715,8.199483871459961,1.9804058074951172,17.00669536469133,9.608816385339454,76.43493875744248,1,301,1788717388.9941084
1788717439.398489,50.392000,r2_none_r101,-0.036828771233558655,0.3486271407455206,4.839238494634628,93.52334383267785,-4.9075212478637695,8.178062438964844,1.9860283136367798,16.747845246488197,9.652176471027381,76.77549858618966,1,296,1788717389.0064726
1788717439.443897,50.428000,r2_none_r101,-0.02911561354994774,0.3021224346011877,4.839166015386581,93.60165712727803,-4.955830097198486,8.153099060058594,1.992745041847229,16.467286450891116,9.696002368784548,77.13437067638691,1,292,1788717389.0158703
1788717439.491691,50.460000,r2_none_r101,-0.019978761672973633,0.24425544403493404,4.838949531316757,93.69245666232177,-4.998075008392334,8.132486343383789,2.002892017364502,16.21787787494496,9.749300035668636,77.47457878737681,1,288,1788717389.0316498
1788717439.540068,50.492000,r2_none_r101,-0.01312321051955223,0.1984847541898489,4.838697284460068,93.75830815679038,-5.038519859313965,8.110637664794922,2.0115206241607666,15.978806557612364,9.790286156545761,77.77950159917802,1,279,1788717389.0480542
1788717439.588316,50.524000,r2_none_r101,-0.008053936064243317,0.16433069668710232,4.838382571935654,93.80378281480728,-5.078952312469482,8.089977264404297,2.0206427574157715,15.738799536060759,9.821890934159633,78.06498327874652,1,273,1788717389.064298
1788717439.633050,50.560000,r2_none_r101,0.0001988336443901062,0.10807636938989162,4.837234824895859,93.85834816543219,-5.122345924377441,8.065771102905273,2.028883218765259,15.397147803450755,9.871788541769506,78.46120036198144,1,269,1788717389.0730305
1788717439.679526,50.592000,r2_none_r101,0.006541870534420013,0.06373411975800991,4.835267871618271,93.87373638476056,-5.163812637329102,8.043485641479492,2.0403709411621094,14.67556462333926,9.910623034768008,79.19817176142129,1,262,1788717389.087509
1788717439.726620,50.624000,r2_none_r101,0.012488676235079765,0.020302636548876762,4.832339137792587,93.87318420018129,-5.204509258270264,8.018501281738281,2.05021071434021,13.769782669605569,9.946280087606837,80.10340153057571,1,258,1788717389.1026053
1788717439.772119,50.656000,r2_none_r101,0.01907417643815279,-0.0321005480363965,4.827449649572372,93.85163318661846,-5.244956970214844,7.997011184692383,2.0576555728912354,12.847100657949891,9.992418043536494,81.00453252866856,1,249,1788717389.1161013
1788717439.821487,50.692000,r2_none_r101,0.023744437436107546,-0.07243083603680134,4.822545379400253,93.81870035003767,-5.289346218109131,7.97234582901001,2.068229913711548,11.874196285077629,10.026645380637325,81.94450406496004,1,242,1788717389.1294692
1788717439.868522,50.724000,r2_none_r101,0.026913715293630958,-0.10161654092371464,4.818317741155624,93.78776374019712,-5.330050468444824,7.953439235687256,2.0776329040527344,11.089501130032577,10.054468767990484,82.69826261016455,1,237,1788717389.1445017
1788717439.915417,50.756000,r2_none_r101,0.0300441887229681,-0.13832289911806583,4.812366336584091,93.73959194314125,-5.367717266082764,7.93723201751709,2.0842530727386475,10.397214623462768,10.08925259446636,83.34237731967848,1,230,1788717389.1593983
1788717439.963324,50.788000,r2_none_r101,0.032723261043429375,-0.18113228119909763,4.804199069738388,93.66929094195743,-5.401795864105225,7.917781829833984,2.0907535552978516,9.831982499764463,10.123694703977137,83.83730844219296,1,224,1788717389.1753066
1788717440.010879,50.824000,r2_none_r101,0.034317394718527794,-0.2127960417419672,4.797090858221054,93.60891163436303,-5.43520975112915,7.899430274963379,2.094001293182373,9.3127023256594,10.150400790571398,84.29620930870362,1,219,1788717389.1868393
1788717440.057104,50.856000,r2_none_r101,0.03498752415180206,-0.24194119311869144,4.789633125066757,93.54385535192935,-5.458309650421143,7.8833231925964355,2.096620559692383,8.969913594729613,10.170966122409709,84.57394175719973,1,212,1788717389.201088
1788717440.105615,50.888000,r2_none_r101,0.035030072554945946,-0.2621437553316355,4.783814758062363,93.49080102832285,-5.480268478393555,7.8661394119262695,2.0956003665924072,8.726511047590524,10.184007166519917,84.76428998073233,1,211,1788717389.2176008
1788717440.153088,50.920000,r2_none_r101,0.03343208320438862,-0.29239500500261784,4.773949950933456,93.39891598830268,-5.50108003616333,7.85056734085083,2.0960164070129395,8.55820456356384,10.203430218856303,84.84071142473883,1,206,1788717389.2330656
1788717440.201495,50.956000,r2_none_r101,0.03122640959918499,-0.3135759625583887,4.765875667333603,93.3211407574691,-5.516838550567627,7.83738899230957,2.092163562774658,8.441232919938678,10.216065334353605,84.87990783753041,1,201,1788717389.2454772
1788717440.252842,50.988000,r2_none_r101,0.02810191549360752,-0.3320648167282343,4.757723659276962,93.24098757435812,-5.527945518493652,7.827979564666748,2.0873684883117676,8.401770203953465,10.226768019963727,84.83921737040465,1,200,1788717389.2648263
1788717440.302896,51.020000,r2_none_r101,0.022755527665140107,-0.35112656094133854,4.747675269842148,93.1359970654886,-5.539552688598633,7.8170318603515625,2.077528476715088,8.4256956689206,10.236589695054713,84.710301396568,1,199,1788717389.282877
1788717440.350915,51.052000,r2_none_r101,0.017735477536916733,-0.3634559605270624,4.7396319806575775,93.05071666702818,-5.547443866729736,7.810375690460205,2.068678617477417,8.476250753373947,10.242887135022862,84.57446591365425,1,197,1788717389.2988956
1788717440.400093,51.088000,r2_none_r101,0.013962199911475182,-0.37105793692171574,4.73356232047081,92.98527127551083,-5.552261829376221,7.8025126457214355,2.05678653717041,8.59231868383289,10.244766205616052,84.39295259167794,1,193,1788717389.312075
1788717440.447778,51.120000,r2_none_r101,0.006421146914362907,-0.38051767088472843,4.723622649908066,92.87587159763738,-5.553254127502441,7.799078464508057,2.0473086833953857,8.718363595458948,10.245898620543002,84.15750800217843,1,191,1788717389.3277595
1788717440.496135,51.152000,r2_none_r101,-0.00013665109872817993,-0.38535229302942753,4.7157720029354095,92.78807984484293,-5.553386688232422,7.7940449714660645,2.0394551753997803,8.884209447178872,10.242255481421662,83.90387039766406,1,189,1788717389.3441184
1788717440.543592,51.184000,r2_none_r101,-0.0072211213409900665,-0.3877972159534693,4.708080619573593,92.70130470332914,-5.550545692443848,7.792856693267822,2.025191068649292,9.059688935505262,10.239601653653773,83.6416157678239,1,187,1788717389.3595712
1788717440.590349,51.220000,r2_none_r101,-0.016891084611415863,-0.38750446774065495,4.698782294988632,92.59525287186692,-5.545832633972168,7.790594100952148,2.0093538761138916,9.292066904263475,10.231496277463725,83.30318596760344,1,187,1788717389.370328
1788717440.637112,51.252000,r2_none_r101,-0.02504434809088707,-0.3848505709320307,4.6915691792964935,92.51494456127327,-5.534878253936768,7.787539958953857,1.9964430332183838,9.528667599882851,10.218118299679803,82.9862769613904,1,184,1788717389.3850906
1788717440.684589,51.284000,r2_none_r101,-0.031470708549022675,-0.381392041221261,4.686378329992294,92.4595027378237,-5.524617671966553,7.785591125488281,1.9860848188400269,9.779289714719194,10.206167873075147,82.68021302310451,1,183,1788717389.4005692
1788717440.732730,51.316000,r2_none_r101,-0.04272053390741348,-0.3731300625950098,4.678072780370712,92.37277725745444,-5.511948108673096,7.786397457122803,1.9755457639694214,10.032196778189707,10.1879336415187,82.34058047926474,1,182,1788717389.4167094
1788717440.780805,51.352000,r2_none_r101,-0.051710791885852814,-0.3644735012203455,4.671657890081406,92.31356100975546,-5.495016098022461,7.786896228790283,1.9627751111984253,10.330733146513024,10.169191071116586,81.98282786324243,1,182,1788717389.4287899
1788717440.825426,51.384000,r2_none_r101,-0.06097860634326935,-0.3541086409240961,4.6654952466487885,92.26427353447211,-5.478229522705078,7.791538715362549,1.9516111612319946,10.587880181215667,10.152011878090027,81.67639335325644,1,180,1788717389.4414096
1788717440.873622,51.416000,r2_none_r101,-0.07048900425434113,-0.34209958650171757,4.659566253423691,92.22616410872422,-5.460567474365234,7.800683975219727,1.9368538856506348,10.834479682986851,10.1376048790934,81.39168442573737,1,178,1788717389.4576063
1788717440.919189,51.448000,r2_none_r101,-0.08270514011383057,-0.32480967976152897,4.652522891759872,92.1938904732215,-5.439032554626465,7.803132057189941,1.9261529445648193,11.122154501257157,10.1087473674885,81.07173597196434,1,178,1788717389.471174
1788717440.966462,51.484000,r2_none_r101,-0.08998043835163116,-0.31345860101282597,4.648410648107529,92.18316883262642,-5.415523529052734,7.81204080581665,1.9105620384216309,11.424131495310405,10.093610099011128,80.75903733731602,1,176,1788717389.4824462
1788717441.013970,51.516000,r2_none_r101,-0.09986526519060135,-0.29703504778444767,4.643166869878769,92.18674630801452,-5.391252517700195,7.818994522094727,1.8986549377441406,11.773313542405896,10.069809371621865,80.41343276560863,1,175,1788717389.4979537
1788717441.061836,51.548000,r2_none_r101,-0.10989514738321304,-0.27925137616693974,4.638133376836777,92.20138479024295,-5.364588260650635,7.8346991539001465,1.878636121749878,12.49876127382161,10.053000448613744,79.70262351642135,1,175,1788717389.5138187
1788717441.106275,51.580000,r2_none_r101,-0.12221375852823257,-0.25585744716227055,4.632003158330917,92.21497371218511,-5.331765174865723,7.844663143157959,1.8616082668304443,13.440681601393567,10.021624002551576,78.77429211079154,1,175,1788717389.5262575
1788717441.150213,51.616000,r2_none_r101,-0.13144873827695847,-0.23661049641668797,4.627155154943466,92.21042130080968,-5.297049522399902,7.861333847045898,1.8427585363388062,14.435830822643887,10.000649907903302,77.7745904781658,1,175,1788717389.5341954
1788717441.200210,51.648000,r2_none_r101,-0.13796152919530869,-0.22205793298780918,4.623556464910507,92.19711441057792,-5.261682987213135,7.8734354972839355,1.8236502408981323,15.254987022639318,9.981433279954764,76.9421273879386,1,174,1788717389.5521765
1788717441.249023,51.680000,r2_none_r101,-0.14823519438505173,-0.1977588776499033,4.6177423894405365,92.1508275556977,-5.768522262573242,7.646417617797852,2.212740898132324,10.470222037457182,9.944986867451016,81.68060551824051,1,382,1788717389.568996
1788717441.299919,51.712000,r2_none_r101,-0.15549904853105545,-0.17868910171091557,4.61321958899498,92.08281757147202,-5.775363922119141,7.6581268310546875,2.195784091949463,10.432406483175454,9.941959542455086,81.65041108829656,1,379,1788717389.587897
1788717441.347288,51.748000,r2_none_r101,-0.16180581599473953,-0.1601033452898264,4.6088665425777435,91.97752020966627,-5.723553657531738,7.68401575088501,2.1418864727020264,10.764373292691564,9.927196689548374,81.2131469169747,1,158,1788717389.5992663
1788717441.392217,51.780000,r2_none_r101,-0.16825886815786362,-0.1376525703817606,4.603762477636337,91.76726162585852,-5.705229759216309,7.689427375793457,2.1117923259735107,11.295149607372755,9.906116412046915,80.47211201848576,1,372,1788717389.6122005
1788717441.438582,51.812000,r2_none_r101,-0.17215991765260696,-0.12035948224365711,4.60005983710289,91.50537028085498,-5.678503036499023,7.696343898773193,2.0944552421569824,11.35158001796044,9.884266319534374,80.15379026289452,1,260,1788717389.6265645
1788717441.483801,51.844000,r2_none_r101,-0.17405693978071213,-0.10803011246025562,4.597476810216904,91.23406024635268,-5.653523921966553,7.705263137817383,2.079737901687622,11.25033534778848,9.869707140296573,79.9837248985642,1,228,1788717389.6397848
1788717441.529571,51.880000,r2_none_r101,-0.17505554109811783,-0.08870536275207996,4.5936382710933685,90.59828557003463,-5.623898983001709,7.714780330657959,2.061960220336914,10.9593276329517,9.84853682403193,79.63895793708294,1,216,1788717389.6495516
1788717441.572282,51.912000,r2_none_r101,-0.17402049154043198,-0.07478888891637325,4.591038554906845,89.89543850672348,-5.5983357429504395,7.720351696014404,2.0479466915130615,10.531140981657645,9.83131369203393,79.36429752506584,1,214,1788717389.660263
1788717441.616529,51.944000,r2_none_r101,-0.17199943214654922,-0.06295408122241497,4.589084953069687,89.00748181495328,-5.571727275848389,7.725639343261719,2.03438401222229,9.917135427623403,9.815586850266925,79.09034638732989,1,211,1788717389.6725132
1788717441.660682,51.976000,r2_none_r101,-0.16818589717149734,-0.050856441259384155,4.587539523839951,87.62639097266064,-5.545636177062988,7.7302470207214355,2.0211477279663086,9.095722083777847,9.800454553166526,78.53066888888279,1,207,1788717389.68466
1788717441.704614,52.012000,r2_none_r101,-0.1638992503285408,-0.04337139613926411,4.586864799261093,86.30383204097413,-5.520755767822266,7.735700607299805,2.0095937252044678,7.906245283583731,9.790413636454463,78.3975867573904,1,204,1788717389.692599
1788717441.748834,52.044000,r2_none_r101,-0.15994714945554733,-0.03899235650897026,4.5865839421749115,85.18732680956121,-5.4973883628845215,7.738924026489258,2.000481605529785,6.610046284080354,9.78121604215569,78.57728052548087,1,202,1788717389.7048187
1788717441.794810,52.076000,r2_none_r101,-0.15423660725355148,-0.03418561164289713,4.586640685796738,83.5475553743388,-5.481170177459717,7.7425994873046875,1.9952819347381592,5.109734424088404,9.775978105196966,78.43782095025038,1,198,1788717389.7187955
1788717441.838798,52.108000,r2_none_r101,-0.1457766816020012,-0.030268973670899868,4.5869573056697845,81.26980699569296,-5.463820457458496,7.745842456817627,1.9921019077301025,3.4149445363150313,9.771528699109318,77.85486245937794,1,194,1788717389.730783
1788717441.888657,52.144000,r2_none_r101,-0.13773652166128159,-0.028453756123781204,4.587146610021591,79.28780221051481,-5.449005603790283,7.748701095581055,1.9879285097122192,1.3350134490861114,9.769833754120455,77.9527887614287,1,183,1788717389.7446373
1788717441.933845,52.176000,r2_none_r101,-0.12882065027952194,-0.027783941943198442,4.587167590856552,77.19221070123672,-5.420236587524414,7.747390270233154,1.978302001953125,-0.6353881455050683,9.760051040419095,77.82759884674178,1,175,1788717389.7578297
1788717441.983257,52.208000,r2_none_r101,-0.12151768058538437,-0.027924618683755398,4.586980193853378,75.56618711775984,-5.402224540710449,7.748769760131836,1.9729115962982178,-2.6848263135970627,9.756853746818077,78.25101343135691,1,166,1788717389.7752392
1788717442.031963,52.240000,r2_none_r101,-0.10861005634069443,-0.029339556582272053,4.58630308508873,72.7884735094955,-5.3809332847595215,7.7557573318481445,1.960922360420227,-4.785956257742363,9.762056634574222,77.57442976723787,1,159,1788717389.7919376
1788717442.075122,52.276000,r2_none_r101,-0.09746622294187546,-0.031380634754896164,4.585351318120956,70.54350067822318,-5.277512550354004,7.61253547668457,1.7231673002243042,-6.584387391120497,9.667183189800571,77.12788806934368,1,383,1788717389.7991045
1788717442.123185,52.308000,r2_none_r101,-0.08577638864517212,-0.034169115126132965,4.58410057425499,68.3158195190558,-5.248995304107666,7.6046061515808105,1.7052526473999023,-8.568557708083624,9.659062197242612,76.88437722713942,1,311,1788717389.8151665
1788717442.170659,52.340000,r2_none_r101,-0.0708913579583168,-0.03833736106753349,4.582403510808945,65.60886334509334,-5.227470874786377,7.608097553253174,1.6944475173950195,-10.511350990739828,9.664293509212603,76.12021433583317,1,247,1788717389.8306448
1788717442.220458,52.372000,r2_none_r101,-0.058663852512836456,-0.042368218302726746,4.580868095159531,63.54644088411944,-5.206760883331299,7.608595371246338,1.6853749752044678,-12.355349949833908,9.665610549522182,75.90179083395334,1,214,1788717389.8484411
1788717442.275032,52.408000,r2_none_r101,-0.04929308593273163,-0.04564734920859337,4.57963165640831,62.079393907517776,-5.176567554473877,7.603959083557129,1.6783065795898438,-14.2969308031695,9.655211507436814,76.37632471068729,1,198,1788717389.8670073
1788717442.320072,52.440000,r2_none_r101,-0.03380673751235008,-0.05162952095270157,4.577606528997421,59.817358550944896,-5.137648105621338,7.587920188903809,1.6666967868804932,-15.881695988256794,9.63770263117412,75.6990545392017,1,175,1788717389.880055
1788717442.370714,52.472000,r2_none_r101,-0.021211709827184677,-0.056580161675810814,4.575887531042099,58.19428334752237,-5.0800604820251465,7.5697550773620605,1.646919846534729,-17.362009127058155,9.608943322501602,75.55629247458053,1,166,1788717389.8986883
1788717442.418102,52.504000,r2_none_r101,-0.008817024528980255,-0.06180998869240284,4.573848575353622,56.7533316375288,-5.037702560424805,7.591392517089844,1.5396685600280762,-18.581607131068772,9.647147075330345,75.33493876859757,1,383,1788717389.914065
1788717442.465284,52.540000,r2_none_r101,0.006142742931842804,-0.0686380285769701,4.571034282445908,55.22525485628868,-5.015778064727783,7.609055995941162,1.5147687196731567,-19.863542330777253,9.669924163235034,75.08879718706592,1,321,1788717389.9252615
1788717442.514361,52.572000,r2_none_r101,0.017621049657464027,-0.07438488863408566,4.56860813498497,54.22565582526774,-5.001745700836182,7.6024169921875,1.5113587379455566,-20.80864214062377,9.668200637608058,75.03429796589151,1,232,1788717389.9423473
1788717442.566397,52.604000,r2_none_r101,0.02582204807549715,-0.0787449087947607,4.566799968481064,53.60583707261777,-4.978548049926758,7.582729339599609,1.507639765739441,-21.570931492198344,9.648853241843165,75.17676856481611,1,214,1788717389.9623811
1788717442.615781,52.636000,r2_none_r101,0.038787392899394035,-0.08625323511660099,4.563608020544052,52.81751569550608,-4.96151876449585,7.56517219543457,1.5068577527999878,-22.176281360486033,9.638002645067253,74.99379705599212,1,203,1788717389.9797657
1788717442.665066,52.672000,r2_none_r101,0.04863503389060497,-0.09245646186172962,4.560942500829697,52.39693851111995,-4.937658309936523,7.548213481903076,1.5052428245544434,-22.677509382659295,9.621863593495508,75.07444789377924,1,194,1788717389.993044
1788717442.712744,52.704000,r2_none_r101,0.05787327513098717,-0.09865578450262547,4.557986110448837,52.1560745325883,-4.916011333465576,7.534149646759033,1.502663016319275,-22.968403662687347,9.609071030055544,75.12447819527564,1,189,1788717390.008722
1788717442.763397,52.736000,r2_none_r101,0.0664614625275135,-0.10486427135765553,4.5547517240047455,52.08057296772513,-4.885337829589844,7.502503395080566,1.5042150020599365,-23.114283265479084,9.575914229655437,75.19485623320422,1,182,1788717390.0273821
1788717442.815654,52.768000,r2_none_r101,0.07623496651649475,-0.11264516599476337,4.550324767827988,52.20310700595068,-4.869649887084961,7.4842023849487305,1.5041613578796387,-23.136188237605452,9.563105207905464,75.33929524355614,1,172,1788717390.0476305
1788717442.862237,52.804000,r2_none_r101,0.0817265473306179,-0.11744869686663151,4.547412246465683,52.38159330239455,-4.859354019165039,7.472775936126709,1.5041190385818481,-23.012204517751776,9.55444507509734,75.39379782014632,1,167,1788717390.0582225
1788717442.912798,52.836000,r2_none_r101,0.08844849467277527,-0.12388967163860798,4.543350547552109,52.7291758078638,-4.850914001464844,7.460554599761963,1.5067319869995117,-22.78539691901442,9.546839741847787,75.51457272687821,1,167,1788717390.0767744
1788717442.963008,52.868000,r2_none_r101,0.09447578340768814,-0.13033329881727695,4.539207309484482,53.18567238410051,-4.844532489776611,7.452159404754639,1.5085417032241821,-22.579797486730403,9.543213941816111,75.76546987083091,1,164,1788717390.0949917
1788717443.010967,52.900000,r2_none_r101,0.10127950459718704,-0.13846253044903278,4.533705085515976,53.896352635109615,-4.839955806732178,7.449479103088379,1.5102366209030151,-22.29550083211333,9.546414310745561,76.19185346722294,1,162,1788717390.1109474
1788717443.061334,52.936000,r2_none_r101,0.10622814297676086,-0.14508556760847569,4.529153674840927,54.55959696004055,-4.816092014312744,7.444284439086914,1.508382797241211,-21.85674954429464,9.536919288970665,76.4163465043352,1,160,1788717390.1253088
1788717443.108802,52.968000,r2_none_r101,0.10966738313436508,-0.15011915005743504,4.525636523962021,55.10341901733448,-4.732244968414307,7.395712375640869,1.4319926500320435,-21.34116129154876,9.484425183057034,76.44458030888325,1,371,1788717390.1407876
1788717443.161990,53.000000,r2_none_r101,0.11484929919242859,-0.1585699114948511,4.519457668066025,56.08390116538546,-4.669764518737793,7.4272661209106445,1.3622225522994995,-20.837752969486413,9.508184436237006,76.92165413487187,1,175,1788717390.1619725
1788717443.209091,53.032000,r2_none_r101,0.1185770258307457,-0.1654300931841135,4.5143865048885345,56.92413336429293,-4.653022766113281,7.439391136169434,1.3457530736923218,-20.246202338014392,9.52059390616998,77.17033570230733,1,160,1788717390.1770768
1788717443.262608,53.068000,r2_none_r101,0.12194368988275528,-0.17232375778257847,4.509225219488144,57.807081438710284,-4.614644527435303,7.477306365966797,1.3101592063903809,-19.608676839216727,9.549143015305999,77.41575827792701,1,157,1788717390.1945605
1788717443.311965,53.100000,r2_none_r101,0.12569782137870789,-0.18089314736425877,4.502795547246933,58.96416799826326,-4.608078479766846,7.512948989868164,1.2705057859420776,-18.894014869073924,9.5943494830539,77.85818286733718,1,387,1788717390.211947
1788717443.360392,53.132000,r2_none_r101,0.1284303069114685,-0.18757293559610844,4.497713416814804,59.92983586792687,-4.621600151062012,7.701911926269531,1.1104190349578857,-18.33882344608452,9.812263957244642,78.26865931401139,1,191,1788717390.2283752
1788717443.408934,53.164000,r2_none_r101,0.13042040914297104,-0.1924018058925867,4.493869632482529,60.676945016052706,-4.598550796508789,7.806433200836182,1.0507416725158691,-17.767266356953446,9.909574172357623,78.44421137300614,1,166,1788717390.2449036
1788717443.458617,53.200000,r2_none_r101,0.1335396021604538,-0.19991047121584415,4.487579673528671,61.96973086953195,-4.562839031219482,7.984407901763916,0.9801998734474182,-17.207494037841535,10.066814419685091,79.17722490737347,1,384,1788717390.2585993
1788717443.507175,53.232000,r2_none_r101,0.13593055307865143,-0.205329904332757,4.482612460851669,63.04666212120344,-4.541408061981201,8.037741661071777,0.9858032464981079,-16.503177706188737,10.102148288057286,79.54983982739218,1,202,1788717390.27516
1788717443.555202,53.264000,r2_none_r101,0.13821560889482498,-0.21006318368017673,4.477734416723251,64.16381644874728,-4.53736686706543,8.04439640045166,0.995361864566803,-15.698402093190555,10.105646595225126,79.86221854193784,1,188,1788717390.2911823
1788717443.605415,53.296000,r2_none_r101,0.14073581248521805,-0.214628541842103,4.471818774938583,65.61626588914122,-4.537149906158447,8.044389724731445,1.0012829303741455,-14.843854745100652,10.106365151363397,80.46012063424186,1,174,1788717390.3093953
1788717443.654343,53.332000,r2_none_r101,0.1424034759402275,-0.2168306801468134,4.467289298772812,66.82219698849653,-4.524601459503174,8.060795783996582,1.005599021911621,-13.905288771135973,10.113522359705122,80.7274857596325,1,166,1788717390.3223064
1788717443.700802,53.364000,r2_none_r101,0.14345689117908478,-0.21748619712889194,4.464074462652206,67.74947115676734,-4.420687198638916,8.261981964111328,0.9183387756347656,-13.41517482896671,10.261824064575276,81.16464598573405,1,385,1788717390.336785
1788717443.748806,53.396000,r2_none_r101,0.1443464457988739,-0.21659950353205204,4.460221618413925,69.01261921410256,-4.377557754516602,8.333101272583008,0.9016760587692261,-12.584070981616382,10.305738569263253,81.59669019571894,1,184,1788717390.3527908
1788717443.800184,53.428000,r2_none_r101,0.14500461518764496,-0.21299009956419468,4.456013530492783,70.6202501323347,-4.357187271118164,8.367563247680664,0.8823837637901306,-11.638471765516645,10.32794545083852,82.25872189785136,1,173,1788717390.3721616
1788717443.848972,53.464000,r2_none_r101,0.14531809091567993,-0.20876776613295078,4.453183501958847,71.91743446833208,-4.3457136154174805,8.379894256591797,0.8733162879943848,-10.50328046342889,10.331985791584392,82.42071493176097,1,162,1788717390.3849525
1788717443.896140,53.496000,r2_none_r101,0.14544975012540817,-0.20306041277945042,4.4507454335689545,73.2110305303157,-4.32991886138916,8.403043746948242,0.8674545288085938,-9.519587566556925,10.340886167304543,82.73061809687263,1,158,1788717390.4001231
1788717443.946618,53.528000,r2_none_r101,0.1454906463623047,-0.19800970889627934,4.4491938054561615,74.17091559230445,-4.295994281768799,8.469023704528809,0.8269314765930176,-8.64277551468012,10.390622740497497,82.81369110698458,1,376,1788717390.4186013
1788717443.990327,53.560000,r2_none_r101,0.14529775083065033,-0.18665109016001225,4.447199672460556,75.73024090809307,-4.254902362823486,8.485074043273926,0.8033314347267151,-7.63474918215156,10.38452471536359,83.36499009024463,1,180,1788717390.4303114
1788717444.040010,53.596000,r2_none_r101,0.1450352445244789,-0.17562084831297398,4.4461468160152435,76.92466854367102,-4.235084056854248,8.50151252746582,0.7874859571456909,-6.538406189372833,10.385754088923386,83.46307473304385,1,163,1788717390.4439852
1788717444.087389,53.628000,r2_none_r101,0.1446342170238495,-0.1628525499254465,4.445535987615585,78.05610132005827,-4.218166828155518,8.594043731689453,0.7664932608604431,-5.777114474430029,10.452397850831595,83.8332157944883,1,386,1788717390.4593654
1788717444.134123,53.660000,r2_none_r101,0.14385075867176056,-0.14456422068178654,4.445454448461533,79.35827611380161,-4.123081207275391,8.878447532653809,0.6427677273750305,-5.401897840906968,10.680911749545613,84.76017395470858,1,187,1788717390.4740825
1788717444.181348,53.692000,r2_none_r101,0.14320062100887299,-0.12838740833103657,4.445858806371689,80.29696925450033,-4.098069190979004,8.8912992477417,0.6245863437652588,-4.900255292769453,10.674513582608364,85.19722454726977,1,397,1788717390.4893334
1788717444.229204,53.728000,r2_none_r101,0.142777219414711,-0.11589728482067585,4.446430057287216,80.9301487572297,-4.092991352081299,8.890042304992676,0.6322287917137146,-4.007431949910513,10.658180641223122,84.93758070714023,1,267,1788717390.5011752
1788717444.274558,53.760000,r2_none_r101,0.1420593038201332,-0.09286701865494251,4.447839111089706,81.84133211745964,-4.081602573394775,8.894553184509277,0.6318476796150208,-3.310811033428382,10.638366047771207,85.15214315088802,1,247,1788717390.5145388
1788717444.320822,53.792000,r2_none_r101,0.14166101068258286,-0.07315623201429844,4.449352115392685,82.42890025221989,-4.070118427276611,8.90062141418457,0.6298342943191528,-2.7113074215804724,10.623393415615025,85.14020767380038,1,231,1788717390.5288062
1788717444.366507,53.824000,r2_none_r101,0.1414661929011345,-0.05264305882155895,4.451227992773056,82.88106701437634,-4.055870532989502,8.908899307250977,0.6265331506729126,-2.2220144640503485,10.609202034300727,85.10308147842669,1,223,1788717390.5424874
1788717444.413850,53.860000,r2_none_r101,0.14157862961292267,-0.026434910483658314,4.454089969396591,83.25235047850899,-4.039235591888428,8.91733455657959,0.6229322552680969,-1.7894311384417063,10.589994771727087,85.04178161695069,1,216,1788717390.5538337
1788717444.462044,53.892000,r2_none_r101,0.1419164463877678,-0.003432534635066986,4.456807941198349,83.38946782524175,-4.022270679473877,8.922256469726562,0.6194388270378113,-1.5143996793211487,10.570420064504873,84.9038675045629,1,208,1788717390.5700264
1788717444.506699,53.924000,r2_none_r101,0.14226093143224716,0.014852939173579216,4.459070056676865,83.3992564830297,-4.00616979598999,8.929410934448242,0.614259660243988,-1.3695518470923467,10.557527586317487,84.76880833012204,1,201,1788717390.5826728
1788717444.554832,53.956000,r2_none_r101,0.14315076917409897,0.04715356044471264,4.463156074285507,83.23747970342808,-3.9878947734832764,8.937372207641602,0.609362006187439,-1.3425191291885104,10.533435032779407,84.5799988326166,1,197,1788717390.5988152
1788717444.603542,53.992000,r2_none_r101,0.14432331919670105,0.07362412475049496,4.466601699590683,82.95492786621499,-3.9654898643493652,8.94676399230957,0.6038975119590759,-1.4519792029622125,10.513974469916793,84.40690706917721,1,196,1788717390.6115255
1788717444.649270,54.024000,r2_none_r101,0.1459079161286354,0.1010006945580244,4.470149844884872,82.54204503857994,-3.9451675415039062,8.956430435180664,0.6001012325286865,-1.6749216613866584,10.494418066436427,84.21696669996659,1,191,1788717390.625252
1788717444.694655,54.056000,r2_none_r101,0.14791088551282883,0.12912132404744625,4.47373566031456,82.00608088925753,-3.9247000217437744,8.967547416687012,0.5985190868377686,-2.021797630514929,10.474790636967716,84.02787851977246,1,181,1788717390.6386368
1788717444.746850,54.088000,r2_none_r101,0.15090804547071457,0.16514023207128048,4.478195041418076,81.17631265711856,-3.8999557495117188,8.978355407714844,0.5941325426101685,-2.4684854726574166,10.448358756873704,83.64479812977598,1,174,1788717390.6588342
1788717444.794351,54.124000,r2_none_r101,0.15310221165418625,0.18687895499169827,4.480755656957626,80.60092544711807,-3.87501859664917,8.988173484802246,0.5891488194465637,-3.0874463772832565,10.432312611522068,83.68837182440133,1,170,1788717390.6703334
1788717444.845281,54.156000,r2_none_r101,0.15628882497549057,0.21625282429158688,4.4841035306453705,79.75253450410311,-3.8552467823028564,9.001385688781738,0.584712564945221,-3.7615650964775647,10.415192138342476,83.51409960058066,1,169,1788717390.6892579
1788717444.890940,54.188000,r2_none_r101,0.1597292497754097,0.24599280022084713,4.48737034201622,78.81858920123449,-3.6325089931488037,8.830110549926758,0.33702898025512695,-4.110372917496522,10.261261221266025,82.92896211873101,1,388,1788717390.702924
1788717444.936911,54.220000,r2_none_r101,0.1645507588982582,0.28341286443173885,4.4912093579769135,77.54919596202656,-3.5840747356414795,8.814881324768066,0.3099013566970825,-4.8763257251453656,10.213788904691224,82.42552168717192,1,308,1788717390.7168958
1788717444.983365,54.256000,r2_none_r101,0.16891088336706161,0.31310816667973995,4.494048923254013,76.46899371731799,-3.5565338134765625,8.815195083618164,0.2981208562850952,-5.84705355898003,10.186767518481675,82.31604727629802,1,268,1788717390.7273414
1788717445.030626,54.288000,r2_none_r101,0.17244862765073776,0.33531235717236996,4.4960688054561615,75.62685562187252,-3.5326967239379883,8.817559242248535,0.28942257165908813,-6.770730098834397,10.167226112962323,82.39758572070691,1,257,1788717390.7426095
1788717445.079927,54.320000,r2_none_r101,0.17868226021528244,0.37269740365445614,4.49926170706749,74.18090865864114,-3.5111374855041504,8.821090698242188,0.2832466959953308,-7.73722508874149,10.137302480912846,81.91813374738263,1,249,1788717390.7599132
1788717445.126851,54.352000,r2_none_r101,0.1840096339583397,0.4022895898669958,4.501633495092392,72.99846251026216,-3.4885127544403076,8.82180118560791,0.27565035223960876,-8.723410998370014,10.111109223412678,81.72187350863216,1,238,1788717390.7748373
1788717445.174658,54.388000,r2_none_r101,0.18967115134000778,0.4312704112380743,4.503730624914169,71.80622804655363,-3.463261842727661,8.825121879577637,0.2674221694469452,-9.869889036244734,10.086970370807952,81.67611708279837,1,232,1788717390.786643
1788717445.221690,54.420000,r2_none_r101,0.19728823751211166,0.46810429356992245,4.5055526196956635,70.3183214590771,-3.4346272945404053,8.82454776763916,0.25824177265167236,-10.891432390958439,10.052890499686955,81.20975385003553,1,222,1788717390.8016648
1788717445.267981,54.452000,r2_none_r101,0.203780896961689,0.4979241993278265,4.506512492895126,69.14227169395845,-3.4087536334991455,8.824747085571289,0.2509169578552246,-11.92606510021542,10.024793188414977,81.06833679417387,1,215,1788717390.8159654
1788717445.316261,54.484000,r2_none_r101,0.20888755470514297,0.5203193332999945,4.506964057683945,68.27525948094038,-3.3827898502349854,8.82252311706543,0.2415519654750824,-12.938989958811002,10.001023675838796,81.21424943975138,1,202,1788717390.832241
1788717445.368354,54.520000,r2_none_r101,0.21774869412183762,0.5576031114906073,4.507347911596298,66.86910549660409,-3.354351758956909,8.819913864135742,0.232808917760849,-14.048709620650184,9.964806281608318,80.91781511725428,1,192,1788717390.8483338
1788717445.415270,54.552000,r2_none_r101,0.22517553716897964,0.5873687770217657,4.507314532995224,65.78711874564631,-3.327362537384033,8.819503784179688,0.22353151440620422,-15.015728085219697,9.936768614472989,80.80284683086602,1,182,1788717390.8632495
1788717445.462024,54.584000,r2_none_r101,0.23291153460741043,0.6171306278556585,4.507009834051132,64.75105929997395,-3.3055641651153564,8.819266319274902,0.21810056269168854,-15.94273145152387,9.90911615210635,80.69379075149781,1,177,1788717390.8780017
1788717445.509101,54.616000,r2_none_r101,0.24302967637777328,0.6543814446777105,4.506321281194687,63.52843776517405,-3.2829627990722656,8.816938400268555,0.21403391659259796,-16.818247764331538,9.873382895974283,80.34668552950559,1,172,1788717390.8930817
1788717445.559718,54.652000,r2_none_r101,0.25155410915613174,0.6840399410575628,4.505591243505478,62.61415964286435,-3.2500624656677246,8.8184175491333,0.20184923708438873,-17.793251584868486,9.846401015887913,80.40741122773284,1,164,1788717390.9076881
1788717445.606349,54.684000,r2_none_r101,0.25817374140024185,0.7061485555022955,4.504974216222763,61.96722850316859,-3.069769859313965,8.846635818481445,0.09122378379106522,-18.52215728629804,9.839915363866266,80.48938578946664,1,414,1788717390.9223325
1788717445.654865,54.716000,r2_none_r101,0.2671479657292366,0.7358142044395208,4.504111140966415,61.16015741822693,-3.0095713138580322,8.847169876098633,0.06016245484352112,-19.24820557091188,9.812219932016848,80.40836298913881,1,319,1788717390.9388509
1788717445.707375,54.748000,r2_none_r101,0.27876294404268265,0.7727630045264959,4.502945274114609,60.24271278746022,-2.9741127490997314,8.843707084655762,0.0463736429810524,-19.920939573104633,9.77662361569856,80.16365236056485,1,275,1788717390.9593506
1788717445.755066,54.784000,r2_none_r101,0.2883163169026375,0.8019973542541265,4.502131789922714,59.58163785028082,-2.9399399757385254,8.842535972595215,0.03413672000169754,-20.614977970414476,9.748583482170638,80.19661582069529,1,255,1788717390.971042
1788717445.802256,54.816000,r2_none_r101,0.29813192039728165,0.8310879971832037,4.501344054937363,58.98495120726851,-2.909200668334961,8.838555335998535,0.031046945601701736,-21.181943462143774,9.715455303930584,80.16689466941229,1,241,1788717390.9862363
1788717445.851155,54.848000,r2_none_r101,0.30566252022981644,0.8527591731399298,4.500823348760605,58.57930769690844,-2.8782646656036377,8.836692810058594,0.03732835128903389,-21.69608016237928,9.685214310270288,80.27538785928772,1,219,1788717391.0031364
1788717445.900988,54.880000,r2_none_r101,0.3187193050980568,0.8894166853278875,4.499811977148056,57.97963941213071,-2.8519463539123535,8.843688011169434,0.06347241252660751,-22.17379866151494,9.64389245994368,80.15343807364565,1,201,1788717391.020966
1788717445.949172,54.916000,r2_none_r101,0.32955915480852127,0.9189206268638372,4.499046176671982,57.56779864115657,-2.815819263458252,8.858631134033203,0.09008485823869705,-22.67827054831907,9.611001417084225,80.24606918947563,1,174,1788717391.0331454
1788717446.000820,54.948000,r2_none_r101,0.34077832847833633,0.9485930111259222,4.4983037412166595,57.21158515622348,-2.6747920513153076,9.040071487426758,0.02713344246149063,-23.11603876846478,9.724045068200727,80.32762392468825,1,408,1788717391.0527995
1788717446.048934,54.980000,r2_none_r101,0.35524550825357437,0.9860625173896551,4.497432559728622,56.83984653587122,-2.599276304244995,9.06045913696289,0.006082499399781227,-23.433274074561798,9.700376553264384,80.27312061043301,1,292,1788717391.0689185
1788717446.097376,55.012000,r2_none_r101,0.36714691668748856,1.0160558130592108,4.496799796819687,56.59763756183887,-2.547161817550659,9.049779891967773,0.008232432417571545,-23.676669058195653,9.653038638649893,80.27430662003452,1,210,1788717391.0853546
1788717446.150349,55.048000,r2_none_r101,0.37614647299051285,1.0384308006614447,4.496505588293076,56.44519236056175,-2.496945858001709,9.041050910949707,0.009314203634858131,-23.898036895691803,9.614128909815353,80.34322925625355,1,194,1788717391.102312
1788717446.198345,55.080000,r2_none_r101,0.391654796898365,1.075834145769477,4.496025413274765,56.240465028903,-2.466531753540039,9.02900218963623,0.018979348242282867,-24.030451937037085,9.563788671834669,80.27091696594009,1,184,1788717391.1183279
1788717446.249013,55.112000,r2_none_r101,0.40446624904870987,1.1057606842368841,4.495901435613632,56.11882236999473,-2.408045768737793,9.009568214416504,0.02925066463649273,-24.170024307164542,9.504281479111835,80.28884667715927,1,172,1788717391.1369832
1788717446.297229,55.144000,r2_none_r101,0.41769716888666153,1.1360958721488714,4.496110290288925,56.026401218805894,-2.2822883129119873,9.289915084838867,-0.05740553140640259,-24.610348089880954,9.721584011547998,80.63674930868686,1,400,1788717391.1532063
1788717446.347437,55.180000,r2_none_r101,0.4348566010594368,1.1746535208076239,4.4967659413814545,55.94743587970532,-2.1955859661102295,9.420891761779785,-0.0934942439198494,-24.808277902678487,9.797456904463123,80.75571378238381,1,215,1788717391.167422
1788717446.397737,55.212000,r2_none_r101,0.4491395726799965,1.2057697679847479,4.49760565161705,55.90602562452608,-2.1507790088653564,9.446758270263672,-0.09785206615924835,-24.854446419426765,9.787323421713822,80.76047204395284,1,172,1788717391.185722
1788717446.446920,55.244000,r2_none_r101,0.4601290598511696,1.2292957212775946,4.498451083898544,55.88585812487715,-2.08776593208313,9.439291954040527,-0.09696441888809204,-24.913195750869246,9.747494584515406,80.7990538757464,1,160,1788717391.2028928
1788717446.493330,55.276000,r2_none_r101,0.47911540418863297,1.2687103655189276,4.500163406133652,55.86661624916106,-2.0403404235839844,9.588881492614746,-0.19357043504714966,-24.94293529124995,9.879475827396016,80.80955154041102,1,401,1788717391.2172847
1788717446.541835,55.312000,r2_none_r101,0.49465618282556534,1.3000326063483953,4.501941055059433,55.85995987845746,-2.0179483890533447,9.74891185760498,-0.2503868341445923,-25.02405205652045,10.01405825344786,80.88401193497792,1,228,1788717391.2298124
1788717446.590508,55.344000,r2_none_r101,0.5103524103760719,1.3313209917396307,4.504211276769638,55.857053478400395,-1.9837907552719116,9.811509132385254,-0.29400432109832764,-25.068794361853925,10.05769426633752,80.92584784025432,1,171,1788717391.2464747
1788717446.642381,55.376000,r2_none_r101,0.5265084877610207,1.3636722471565008,4.506914466619492,55.856169962049066,-1.9395455121994019,9.997420310974121,-0.29976341128349304,-24.994640410387603,10.18465415132577,80.85081037243667,1,393,1788717391.2663622
1788717446.696141,55.408000,r2_none_r101,0.5473684445023537,1.4054390098899603,4.510883182287216,55.85201933014642,-1.9106894731521606,9.997879028320312,-0.295050710439682,-24.950649577279925,10.14736787438637,80.80266890742635,1,341,1788717391.2881196
1788717446.743340,55.444000,r2_none_r101,0.560213603079319,1.4309635069221258,4.513526290655136,55.84655726808116,-1.8756685256958008,9.993233680725098,-0.28858935832977295,-24.911427338360966,10.114658025890334,80.75798460644214,1,309,1788717391.2993212
1788717446.794755,55.476000,r2_none_r101,0.5776430740952492,1.4659966137260199,4.517387717962265,55.83295817877138,-1.840836524963379,9.984742164611816,-0.2828357219696045,-24.87823396529975,10.07274612035222,80.71119214407112,1,288,1788717391.318741
1788717446.846400,55.508000,r2_none_r101,0.5953161492943764,1.5021948721259832,4.52164825797081,55.81100608483876,-1.8059886693954468,9.975704193115234,-0.2760717570781708,-24.842206965092767,10.02919450344624,80.65321304993154,1,277,1788717391.3383846
1788717446.895946,55.540000,r2_none_r101,0.6176837459206581,1.5488821174949408,4.527706474065781,55.74915539962414,-1.774271011352539,9.97178840637207,-0.2630181908607483,-24.736721549445154,9.980873745678942,80.48587694906928,1,257,1788717391.355925
1788717446.946183,55.576000,r2_none_r101,0.6356572285294533,1.5866156723350286,4.533274978399277,55.69456056388757,-1.7356055974960327,9.962359428405762,-0.25657179951667786,-24.31264288456468,9.93572357774511,80.00720344845224,1,233,1788717391.3701673
1788717446.994067,55.608000,r2_none_r101,0.6491586342453957,1.6150816585868597,4.537718623876572,55.65607200184312,-1.692406177520752,9.944646835327148,-0.25141745805740356,-24.134112378325838,9.889408789839148,79.79018438016895,1,229,1788717391.3860507
1788717447.043017,55.640000,r2_none_r101,0.6717178001999855,1.663303842768073,4.5454510152339935,55.584101784062675,-1.6542901992797852,9.92905330657959,-0.2469235211610794,-24.05819968550882,9.833604685426,79.64230146957149,1,224,1788717391.4030013
1788717447.092239,55.672000,r2_none_r101,0.6897661462426186,1.701808562502265,4.55169090628624,55.52517973536756,-1.6247869729995728,9.921464920043945,-0.23575541377067566,-24.00460964095023,9.789767568502105,79.52978937631778,1,217,1788717391.4202232
1788717447.141829,55.708000,r2_none_r101,0.7077831402420998,1.7401531841605902,4.557931274175644,55.46826591209858,-1.592785120010376,9.911933898925781,-0.2231387048959732,-23.97846579642571,9.743163988924197,79.4467317085243,1,208,1788717391.4338114
1788717447.191250,55.740000,r2_none_r101,0.7302003279328346,1.787728538736701,4.5657475888729095,55.41591966687309,-1.5609679222106934,9.901171684265137,-0.2138107419013977,-23.961875878837727,9.69131515654414,79.37779554571081,1,195,1788717391.4512339
1788717447.239097,55.772000,r2_none_r101,0.7480363622307777,1.8253796007484198,4.571993678808212,55.40001610314267,-1.5271843671798706,9.893843650817871,-0.20353607833385468,-23.9511124474698,9.647923401237824,79.35112855061247,1,192,1788717391.4670808
1788717447.288984,55.804000,r2_none_r101,0.7613577619194984,1.8532035257667303,4.576651901006699,55.41149711906604,-1.4987598657608032,9.88782024383545,-0.19097091257572174,-23.903776522320737,9.612149852650662,79.31527364138678,1,183,1788717391.4849672
1788717447.337990,55.840000,r2_none_r101,0.7833738103508949,1.8988037016242743,4.584400027990341,55.489276028582864,-1.4697952270507812,9.875872611999512,-0.17658784985542297,-23.791254322112575,9.559152927167506,79.28053035069544,1,175,1788717391.4979732
1788717447.387802,55.872000,r2_none_r101,0.8008012548089027,1.9345514681190252,4.590600341558456,55.62166772407418,-1.4350593090057373,9.86939525604248,-0.16976803541183472,-23.687088943683936,9.519554899470233,79.30875666775812,1,169,1788717391.5157804
1788717447.434444,55.904000,r2_none_r101,0.8180138245224953,1.9696760084480047,4.5967839658260345,55.82864040887879,-0.4684957265853882,10.336920738220215,-0.6359407901763916,-23.56202481908737,9.952250979807195,79.39066522796617,1,404,1788717391.5304265
1788717447.481323,55.936000,r2_none_r101,0.8391645923256874,2.012762298807502,4.60448345541954,56.20684106916656,-0.0670352578163147,11.164009094238281,-0.6781991720199585,-24.070249600645376,10.605340721614303,80.27709066981193,1,195,1788717391.5453088
1788717447.533120,55.972000,r2_none_r101,0.8556742444634438,2.0464744474738836,4.610564082860947,56.614082031333766,0.2550268769264221,11.229609489440918,-0.3407924473285675,-24.140228099371576,10.450199899914947,80.75431013070533,1,178,1788717391.5610967
1788717447.579167,56.004000,r2_none_r101,0.8678043261170387,2.0712613966315985,4.615062564611435,56.983161528657725,0.04534295201301575,11.635635375976562,-0.4607291519641876,-23.519641880560922,10.8589757288025,80.50280340921864,1,396,1788717391.5751503
1788717447.627109,56.036000,r2_none_r101,0.8836477771401405,2.10399436019361,4.620988219976425,57.55975645675169,0.025417370721697807,11.71722412109375,-0.4914594888687134,-22.982734308925732,10.921898527363878,80.54249076567743,1,170,1788717391.591088
1788717447.679283,56.068000,r2_none_r101,0.9027156606316566,2.143997898325324,4.628171771764755,58.412805268346936,0.16604392230510712,11.75753402709961,-0.46262601017951965,-22.525545059019763,10.903163953914767,80.9383503273667,1,161,1788717391.6112645
1788717447.729172,56.104000,r2_none_r101,0.9171644225716591,2.175247898325324,4.633667320013046,59.1929761177061,0.1523420363664627,11.789142608642578,-0.5410771369934082,-21.68981695960323,10.944857467268623,80.88279307730933,1,383,1788717391.625147
1788717447.776583,56.136000,r2_none_r101,0.9309096112847328,2.2058720495551825,4.6388839185237885,60.04825648335054,0.18891379237174988,11.83792495727539,-0.74501633644104,-20.95200894235184,11.059538099207218,81.00026542570238,1,164,1788717391.6405609
1788717447.823605,56.168000,r2_none_r101,0.9407720938324928,2.2284340765327215,4.642607539892197,60.73283646937801,0.18254980444908142,11.83965015411377,-0.7575311064720154,-20.027424959851153,11.050424106342097,80.76026142922916,1,381,1788717391.6555884
1788717447.874079,56.200000,r2_none_r101,0.9563860073685646,2.2654495146125555,4.648524612188339,61.93718553028472,0.20645737648010254,11.826717376708984,-0.7523744106292725,-19.135147147029187,11.006813632330498,81.07233267731391,1,331,1788717391.674058
1788717447.925436,56.236000,r2_none_r101,0.9681750908493996,2.2944934275001287,4.652950137853622,62.94013149068258,0.2450946569442749,11.81650447845459,-0.7436552047729492,-18.152678794253337,10.968814384082766,81.09281028493592,1,288,1788717391.6894193
1788717447.973137,56.268000,r2_none_r101,0.9793541803956032,2.323065271601081,4.657099574804306,63.96205844236126,0.28475290536880493,11.818083763122559,-0.7124096155166626,-17.283562459673917,10.930209331506191,81.24562090203517,1,253,1788717391.7051184
1788717448.020788,56.300000,r2_none_r101,0.9925108328461647,2.3583681490272284,4.661933273077011,65.2383275048189,0.31774431467056274,11.810576438903809,-0.6962542533874512,-16.357125557053507,10.88621720240882,81.5954530618724,1,213,1788717391.7207694
1788717448.068552,56.332000,r2_none_r101,1.0024109855294228,2.3860156442970037,4.665506213903427,66.23599038568352,0.3499179482460022,11.802840232849121,-0.6905316710472107,-15.426455468184125,10.853085935359104,81.66244585386765,1,194,1788717391.7365355
1788717448.116255,56.368000,r2_none_r101,1.0095155611634254,2.4063887502998114,4.66803440451622,66.9600305621106,0.3882037401199341,11.793148040771484,-0.6857965588569641,-14.410013242703702,10.824083533519042,81.37004380481429,1,180,1788717391.7482364
1788717448.162961,56.400000,r2_none_r101,1.0212454572319984,2.4491608049720526,4.673403590917587,68.10319040171503,0.4197158217430115,11.784414291381836,-0.6795127987861633,-13.538505958055854,10.777871284862172,81.64169635977089,1,174,1788717391.7629445
1788717448.211467,56.432000,r2_none_r101,1.0305403843522072,2.4883494284003973,4.678295940160751,68.94638122421382,0.4543737769126892,11.783082008361816,-0.6762754321098328,-12.736519293678851,10.742227714643938,81.68290051789268,1,169,1788717391.7794375
1788717448.257851,56.464000,r2_none_r101,1.0398224964737892,2.5316548254340887,4.683737605810165,69.70949933193775,0.5086832642555237,11.66365909576416,-0.8809293508529663,-11.77857430252818,10.70705978389523,81.48807363446592,1,383,1788717391.7938375
1788717448.303462,56.500000,r2_none_r101,1.0514523163437843,2.590927353128791,4.691277831792831,70.53187958766974,0.5523660182952881,11.64197063446045,-0.8985201120376587,-10.93852640115829,10.649709510887622,81.47040598882803,1,329,1788717391.8034446
1788717448.350306,56.532000,r2_none_r101,1.0608306303620338,2.641328325495124,4.697678416967392,71.07266706018598,0.5863444805145264,11.632514953613281,-0.8991379141807556,-10.273467615712043,10.601458726640145,81.34613467589801,1,262,1788717391.8182902
1788717448.394906,56.564000,r2_none_r101,1.0679232254624367,2.680668344721198,4.702682346105576,71.40500251846309,0.6245018839836121,11.629088401794434,-0.89215087890625,-9.703358740197844,10.562812259034319,81.10836125866093,1,240,1788717391.830886
1788717448.440254,56.596000,r2_none_r101,1.0800220146775246,2.749048700556159,4.7114079892635345,71.80776149207064,0.663970410823822,11.633992195129395,-0.8828064799308777,-9.254266358268847,10.507642712148744,81.06202785033948,1,215,1788717391.8442364
1788717448.487616,56.632000,r2_none_r101,1.089887298643589,2.80402516387403,4.718313544988632,71.98696810938048,0.7059741020202637,11.646784782409668,-0.8698635101318359,-8.8825328694509,10.467545548652796,80.86950097883138,1,194,1788717391.8555992
1788717448.535757,56.664000,r2_none_r101,1.1000155583024025,2.8602135088294744,4.725114196538925,72.03637802351044,0.7455576062202454,11.66128158569336,-0.8631075024604797,-8.651438309732725,10.431330763165102,80.68781633324316,1,169,1788717391.8717291
1788717448.580455,56.696000,r2_none_r101,1.1104538813233376,2.917200556024909,4.731771320104599,71.9541687101321,0.8030092716217041,11.649674415588379,-0.9551183581352234,-8.35595151980351,10.42551370957156,80.3101202299356,1,371,1788717391.8844376
1788717448.625718,56.728000,r2_none_r101,1.1239140406250954,2.9892260935157537,4.739769786596298,71.66824864943844,0.8410625457763672,11.648453712463379,-0.9645710587501526,-8.250863693479182,10.373125488721872,79.91911234291763,1,312,1788717391.8977008
1788717448.674469,56.764000,r2_none_r101,1.1321717873215675,3.031970014795661,4.744304984807968,71.40127067193953,0.8822889924049377,11.645182609558105,-0.9687734246253967,-8.281063346557113,10.338720304085193,79.68233401849665,1,276,1788717391.9104435
1788717448.722154,56.796000,r2_none_r101,1.143418587744236,3.089054575189948,4.750184863805771,70.93991160164731,0.9181264042854309,11.640583038330078,-0.9685961604118347,-8.436496315021804,10.289987950759455,79.37640791666911,1,261,1788717391.9261374
1788717448.774888,56.828000,r2_none_r101,1.1549489870667458,3.1459047701209784,4.75585350394249,70.36576391821242,0.9569590091705322,11.633968353271484,-0.9703361988067627,-8.724167503948621,10.240882380675249,79.08993142216106,1,251,1788717391.9468691
1788717448.820624,56.860000,r2_none_r101,1.1698216572403908,3.215389957651496,4.7625249326229095,69.50578956723422,0.9910466074943542,11.627995491027832,-0.9701009392738342,-9.130048339755099,10.181693953647681,78.63583790698932,1,241,1788717391.9606097
1788717448.866258,56.896000,r2_none_r101,1.1820509806275368,3.269004574045539,4.767415851354599,68.72340123175056,1.0279768705368042,11.628713607788086,-0.969110369682312,-9.753253304057495,10.139832693140505,78.47665453580805,1,233,1788717391.970242
1788717448.911002,56.928000,r2_none_r101,1.1913299933075905,3.3070726301521063,4.770716995000839,68.0917621840417,1.0627734661102295,11.620353698730469,-0.9647131562232971,-10.389206154363867,10.100610274901182,78.48096833840556,1,225,1788717391.982987
1788717448.956359,56.960000,r2_none_r101,1.2072114124894142,3.3687887098640203,4.775811046361923,66.98325824578264,1.0886703729629517,11.621668815612793,-0.9562650918960571,-11.111187599375777,10.048919288794313,78.0944458451584,1,209,1788717391.9963377
1788717449.006805,56.992000,r2_none_r101,1.2201797142624855,3.415311088785529,4.7793148458004,66.07307535820608,1.1166877746582031,11.623355865478516,-0.9495375156402588,-11.906414997290101,10.01011783232067,77.97949035549618,1,193,1788717392.014789
1788717449.053566,57.028000,r2_none_r101,1.2333794012665749,3.459308138117194,4.782416671514511,65.1678102556616,1.1438684463500977,11.613548278808594,-0.9432310461997986,-12.799291368988213,9.964069764432606,77.96710162464981,1,179,1788717392.025551
1788717449.100735,57.060000,r2_none_r101,1.250205434858799,3.510792722925544,4.78586420416832,64.08557826378639,1.1680010557174683,11.600555419921875,-0.9385738372802734,-13.59334947912416,9.910610926882722,77.67892774291055,1,174,1788717392.0407193
1788717449.148924,57.092000,r2_none_r101,1.263873614370823,3.5491764452308416,4.788378566503525,63.294283070300175,1.1870148181915283,11.594866752624512,-0.9356131553649902,-14.386207652452214,9.874366867250673,77.6804907227524,1,171,1788717392.0569072
1788717449.197740,57.124000,r2_none_r101,1.274238146841526,3.575994959101081,4.790094703435898,62.76242905908814,1.210443139076233,11.583195686340332,-0.9304344654083252,-15.12380775743844,9.840924106043808,77.88623681652658,1,163,1788717392.0737102
1788717449.250360,57.160000,r2_none_r101,1.2915966883301735,3.617135277017951,4.792733997106552,62.02472970977793,1.3632551431655884,11.808117866516113,-1.2285279035568237,-16.093448700045624,10.16626409218213,78.11817840982356,1,379,1788717392.0903406
1788717449.296018,57.192000,r2_none_r101,1.3055901899933815,3.6468465235084295,4.794749587774277,61.59751255686082,1.4010223150253296,11.90732192993164,-1.2929573059082031,-16.78711990217809,10.261809609128402,78.38463245903891,1,278,1788717392.1040037
1788717449.346499,57.224000,r2_none_r101,1.3196996822953224,3.673869838938117,4.796801418066025,61.3367581689751,1.4253616333007812,11.925339698791504,-1.3088804483413696,-17.242218217073468,10.265343167655685,78.57897638604857,1,240,1788717392.122486
1788717449.392163,57.256000,r2_none_r101,1.337380088865757,3.704152336344123,4.799507945775986,61.26696130825122,1.4523468017578125,11.921586990356445,-1.3127351999282837,-17.530419227370068,10.242019620672703,78.79738053562129,1,225,1788717392.1361437
1788717449.440720,57.292000,r2_none_r101,1.3514941111207008,3.7252886202186346,4.801764816045761,61.42573305954339,1.485588550567627,11.894312858581543,-1.3099849224090576,-17.63894987413794,10.203157510847014,79.06468293368133,1,211,1788717392.1487036
1788717449.487553,57.324000,r2_none_r101,1.3619358912110329,3.7390656378120184,4.803402274847031,61.672493913864926,1.527762770652771,11.828299522399902,-1.2927165031433105,-17.52069939620225,10.130442613670768,79.19319331006717,1,206,1788717392.1635344
1788717449.535070,57.356000,r2_none_r101,1.3755252733826637,3.7558674719184637,4.80550941824913,62.16780778480326,1.5673695802688599,11.791559219360352,-1.2827634811401367,-17.273144066017043,10.083462351564968,79.4409518508203,1,191,1788717392.1790533
1788717449.582407,57.388000,r2_none_r101,1.392252840101719,3.775613537058234,4.808013290166855,63.050248589501535,1.6146634817123413,11.743934631347656,-1.2649648189544678,-16.84453880206545,10.02121103804656,79.89478739156698,1,179,1788717392.194389
1788717449.628744,57.424000,r2_none_r101,1.4053789749741554,3.7896306421607733,4.809849113225937,63.95419305264513,1.659032940864563,11.724287986755371,-1.2512800693511963,-16.20186680726956,9.988013540160479,80.15605985991469,1,172,1788717392.20473
1788717449.675894,57.456000,r2_none_r101,1.418241299688816,3.8026275541633368,4.811492770910263,65.01988240616446,1.728590965270996,11.687257766723633,-1.2379790544509888,-15.50497354031367,9.942827559079218,80.52485594647813,1,163,1788717392.2198603
1788717449.722782,57.488000,r2_none_r101,1.4276955500245094,3.811441173776984,4.812556117773056,65.91568466861068,1.9170379638671875,11.687490463256836,-1.2732493877410889,-14.447939660555797,9.965371897688904,80.36362432916647,1,387,1788717392.2347634
1788717449.774440,57.520000,r2_none_r101,1.443187989294529,3.825234403833747,4.813961833715439,67.57024350447223,2.0806455612182617,11.717333793640137,-1.3512539863586426,-13.548802322069768,10.03501225921907,81.11904582654199,1,193,1788717392.2544127
1788717449.820436,57.556000,r2_none_r101,1.4553190842270851,3.8347661402076483,4.814671367406845,69.01788835367424,2.0934855937957764,11.70649242401123,-1.3492475748062134,-12.238475030885123,10.018244751813173,81.25636338455935,1,400,1788717392.264421
1788717449.864372,57.588000,r2_none_r101,1.4672396555542946,3.843122949823737,4.815008968114853,70.55235417019567,2.094607353210449,11.696937561035156,-1.3428670167922974,-11.007803935731715,9.999771538432094,81.56015810592739,1,311,1788717392.2763534
1788717449.910510,57.620000,r2_none_r101,1.4818588867783546,3.85260652564466,4.814974159002304,72.55718521627136,2.0922739505767822,11.685338973999023,-1.3345544338226318,-9.71795534018375,9.977023908540403,82.2751405564551,1,281,1788717392.2904956
1788717449.959502,57.652000,r2_none_r101,1.4934015646576881,3.859032144770026,4.814515918493271,74.20379088965092,2.0906834602355957,11.679015159606934,-1.3298925161361694,-8.402986052249803,9.96306353621557,82.60677694190072,1,261,1788717392.307486
1788717450.007672,57.688000,r2_none_r101,1.5018864050507545,3.862921705469489,4.813938468694687,75.4489662739829,2.095256805419922,11.668641090393066,-1.324730634689331,-6.89438904100231,9.948095391030764,82.34335531498522,1,250,1788717392.3196526
1788717450.050497,57.720000,r2_none_r101,1.5161477699875832,3.8695750143378973,4.812476962804794,77.5149208630205,2.096606731414795,11.66231918334961,-1.3209006786346436,-5.55897766547893,9.933887234213826,83.07389852849943,1,243,1788717392.330481
1788717450.096065,57.752000,r2_none_r101,1.5275038853287697,3.87427400611341,4.810931533575058,79.13871663731796,2.0975890159606934,11.657096862792969,-1.3169686794281006,-4.2440214985431055,9.922121229613431,83.38273813586106,1,231,1788717392.3440514
1788717450.141198,57.784000,r2_none_r101,1.538791574537754,3.8784985449165106,4.809132903814316,80.71375837570895,2.1034343242645264,11.649945259094238,-1.3129769563674927,-2.9559547946685236,9.909310501051934,83.66971317037746,1,222,1788717392.357182
1788717450.186598,57.820000,r2_none_r101,1.5527964010834694,3.8833086397498846,4.806674808263779,82.58959863070133,2.1099853515625,11.643350601196289,-1.3077692985534668,-1.5731367072394922,9.895207805060842,84.16273533794082,1,211,1788717392.3665838
1788717450.233117,57.852000,r2_none_r101,1.563805140554905,3.8864467050880194,4.804609626531601,83.99680416999465,2.1128721237182617,11.639069557189941,-1.3051649332046509,-0.41989576402174666,9.88604980817583,84.41669993401639,1,199,1788717392.3810952
1788717450.281276,57.884000,r2_none_r101,1.571904219686985,3.8886651899665594,4.803027480840683,84.98924681123503,2.117680072784424,11.632915496826172,-1.3024771213531494,0.6585853120460647,9.876662925529528,84.33066149918898,1,195,1788717392.397259
1788717450.328769,57.916000,r2_none_r101,1.5851707831025124,3.891887178644538,4.80044350028038,86.50884091005152,2.1196024417877197,11.630122184753418,-1.300058364868164,1.632895121972449,9.868232932711651,84.87594578807906,1,187,1788717392.4127507
1788717450.374025,57.952000,r2_none_r101,1.595470704138279,3.8935737516731024,4.798477500677109,87.59652408969578,2.121290683746338,11.626166343688965,-1.296626091003418,2.6247521627523263,9.86000824737842,84.97177192694345,1,180,1788717392.4220085
1788717450.418005,57.984000,r2_none_r101,1.6056068316102028,3.894782295450568,4.796566337347031,88.56349113677423,2.124633312225342,11.620438575744629,-1.2913635969161987,3.408332688701074,9.849773821429865,85.15515844807315,1,175,1788717392.4339907
1788717450.465560,58.016000,r2_none_r101,1.615581788122654,3.8955712225288153,4.794773429632187,89.4083047309057,2.124276876449585,11.623554229736328,-1.2875921726226807,4.049703780362684,9.847622219199376,85.358600950543,1,167,1788717392.4495323
1788717450.515575,58.048000,r2_none_r101,1.6277954950928688,3.8962013628333807,4.792773574590683,90.28882520746279,2.27085542678833,11.582531929016113,-1.4505220651626587,4.478208532039812,9.92330308384009,85.81061667542298,1,387,1788717392.467558
1788717450.560079,58.084000,r2_none_r101,1.6349872723221779,3.896065941080451,4.7916854321956635,90.72425207163727,2.2797303199768066,11.574442863464355,-1.447380542755127,5.006581398748193,9.914590763086762,85.71767067288907,1,265,1788717392.4760616
1788717450.604464,58.116000,r2_none_r101,1.6444406881928444,3.8958654310554266,4.79032501578331,91.19804064735445,2.2825143337249756,11.572118759155273,-1.4457720518112183,5.3800717898695325,9.910646284211122,85.81796885748491,1,214,1788717392.4884477
1788717450.650281,58.148000,r2_none_r101,1.6536933556199074,3.895793905481696,4.789069026708603,91.55606710010822,2.286792039871216,11.568170547485352,-1.4451974630355835,5.65032790668278,9.906172618418848,85.90573919342545,1,211,1788717392.5022628
1788717450.694994,58.180000,r2_none_r101,1.6649699583649635,3.8954546358436346,4.7876313626766205,91.8467871867582,2.2917914390563965,11.565316200256348,-1.4452059268951416,5.8311235508799975,9.902925944597783,86.0156636358782,1,210,1788717392.514977
1788717450.741271,58.216000,r2_none_r101,1.6736704483628273,3.89492510817945,4.786562770605087,91.96251186946832,2.2973248958587646,11.562061309814453,-1.4447290897369385,5.934777646021073,9.899642450769031,86.02773422344725,1,206,1788717392.525249
1788717450.788327,58.248000,r2_none_r101,1.6800183430314064,3.8945717718452215,4.785730212926865,91.98768521953146,2.3049063682556152,11.55837345123291,-1.445570707321167,5.944741324176452,9.89714364772676,86.04294389535501,1,206,1788717392.5403097
1788717450.833302,58.280000,r2_none_r101,1.6903010979294777,3.89459871314466,4.784236758947372,91.92312371602837,2.31181263923645,11.556063652038574,-1.4468308687210083,5.877012999399258,9.894974754210107,86.04611071662912,1,206,1788717392.5532856
1788717450.879387,58.312000,r2_none_r101,1.6980959549546242,3.8947856333106756,4.782978862524033,91.78581492122613,2.31628680229187,11.554272651672363,-1.445916771888733,5.7574949867773775,9.891867474475646,86.02831993444875,1,205,1788717392.5673683
1788717450.925138,58.348000,r2_none_r101,1.705460824072361,3.895229807123542,4.78164467215538,91.58246119362222,2.32240629196167,11.551101684570312,-1.4447568655014038,5.573152847262897,9.887419887026356,86.00930834635933,1,203,1788717392.5771198
1788717450.970745,58.380000,r2_none_r101,1.7140462771058083,3.8962879087775946,4.779958099126816,91.25263000552991,2.3309671878814697,11.54765796661377,-1.445070743560791,5.37623854817713,9.883068312239718,85.87639145735278,1,202,1788717392.590729
1788717451.014803,58.412000,r2_none_r101,1.7203649654984474,3.8975810911506414,4.778576225042343,90.94031577993078,2.338388442993164,11.544221878051758,-1.444718837738037,5.162932001689527,9.87838396606758,85.77738377824126,1,201,1788717392.602783
1788717451.058749,58.444000,r2_none_r101,1.7247231379151344,3.8985855486243963,4.77750238776207,90.68453561887786,2.3469929695129395,11.540616035461426,-1.444973111152649,4.932836623034806,9.874565865882781,85.75169899584306,1,200,1788717392.614734
1788717451.103792,58.480000,r2_none_r101,1.7312467470765114,3.9003937151283026,4.7756966054439545,90.23097184564362,2.3554787635803223,11.536604881286621,-1.4445812702178955,4.656726915136104,9.868801519690104,85.57424493050752,1,200,1788717392.6237767
1788717451.149615,58.512000,r2_none_r101,1.735808290541172,3.9018371012061834,4.774202197790146,89.85255840779266,2.3645999431610107,11.533717155456543,-1.4454046487808228,4.408416129387651,9.865317097325423,85.444142278405,1,200,1788717392.637598
1788717451.196269,58.544000,r2_none_r101,1.739787258207798,3.9032969381660223,4.772664397954941,89.46861725556535,2.372722625732422,11.53107738494873,-1.4449561834335327,4.165458563624053,9.861158523109223,85.3031586919413,1,200,1788717392.652253
1788717451.243198,58.576000,r2_none_r101,1.7439600601792336,3.9052386190742254,4.770728439092636,88.9934200248844,2.3787007331848145,11.528936386108398,-1.4430203437805176,3.918961244789531,9.855675385365886,85.07445878009487,1,200,1788717392.6671796
1788717451.288145,58.612000,r2_none_r101,1.7465486899018288,3.90662001632154,4.769183963537216,88.62460594183362,2.387861490249634,11.527029991149902,-1.4419597387313843,3.6475925882452835,9.8519153661907,84.97701335358835,1,200,1788717392.676124
1788717451.333121,58.644000,r2_none_r101,1.7480261698365211,3.907441845163703,4.768059581518173,88.35815462810257,2.3973934650421143,11.52486515045166,-1.4419025182724,3.4099213372565367,9.84938805088225,84.94823329084603,1,199,1788717392.6891034
1788717451.377529,58.676000,r2_none_r101,1.7494947090744972,3.908875932916999,4.766597598791122,88.02349891827714,2.4104113578796387,11.522282600402832,-1.4438811540603638,3.1845680543458816,9.847376210991703,84.83893086393125,1,198,1788717392.701515
1788717451.422307,58.708000,r2_none_r101,1.7504040375351906,3.9104123022407293,4.764785140752792,87.64331591174941,2.418353796005249,11.521346092224121,-1.444899559020996,2.963227614813687,9.845438238390196,84.68008829693572,1,197,1788717392.7142935
1788717451.469994,58.744000,r2_none_r101,1.7503248825669289,3.9112360384315252,4.76340851187706,87.3747457810552,2.428767204284668,11.520220756530762,-1.4475836753845215,2.7344778994398244,9.845473902986583,84.64026788161537,1,197,1788717392.7259772
1788717451.518062,58.776000,r2_none_r101,1.7496039047837257,3.9118282701820135,4.762003272771835,87.14065681148891,2.4377169609069824,11.519770622253418,-1.4495936632156372,2.552115851978895,9.845721045490675,84.58854095951001,1,194,1788717392.7420478
1788717451.562925,58.808000,r2_none_r101,1.7486188784241676,3.912033310160041,4.760959953069687,86.9893607500413,2.447658061981201,11.518721580505371,-1.4519425630569458,2.3975889727408575,9.846345509743703,84.59177177730045,1,192,1788717392.754908
1788717451.607861,58.840000,r2_none_r101,1.7462761774659157,3.9122276213020086,4.759221404790878,86.78333082263102,2.4574015140533447,11.51844310760498,-1.4546579122543335,2.2644987127961462,9.847462080922881,84.51883210983486,1,191,1788717392.7678463
1788717451.655467,58.876000,r2_none_r101,1.743732489645481,3.9120156671851873,4.75791010260582,86.66069983359456,2.4699244499206543,11.517996788024902,-1.456626534461975,2.1458723119831165,9.84879531654488,84.51482752161144,1,189,1788717392.779446
1788717451.699862,58.908000,r2_none_r101,1.7406562939286232,3.911540975794196,4.75664696097374,86.57720896732894,2.4811487197875977,11.517157554626465,-1.459875226020813,2.049541799149244,9.85083147142201,84.5276671681797,1,189,1788717392.7918444
1788717451.743917,58.940000,r2_none_r101,1.7362534180283546,3.9110157396644354,4.755187839269638,86.52857880938492,2.4898931980133057,11.51826286315918,-1.461350679397583,1.96231258034471,9.85309762815573,84.56626622904021,1,188,1788717392.803903
1788717451.789656,58.972000,r2_none_r101,1.7322992458939552,3.9102737810462713,4.7541278302669525,86.5326653708114,2.4972927570343018,11.519182205200195,-1.4619208574295044,1.8896254581023872,9.85494615749169,84.64303991270901,1,186,1788717392.8176427
1788717451.834427,59.008000,r2_none_r101,1.7290796414017677,3.9094622042030096,4.7534588277339935,86.56370531390164,2.503359079360962,11.520695686340332,-1.462241768836975,1.8254543556593246,9.857246962203357,84.73825095824232,1,186,1788717392.8263876
1788717451.879531,59.040000,r2_none_r101,1.7233527079224586,3.908129682764411,4.752376884222031,86.66823863201542,2.5114519596099854,11.52241039276123,-1.464046835899353,1.7799174133446176,9.861150796394298,84.88832121867081,1,184,1788717392.8395176
1788717451.925092,59.072000,r2_none_r101,1.718384899199009,3.906957855448127,4.751651614904404,86.80063352075722,2.516685724258423,11.523934364318848,-1.4654264450073242,1.7597716810040842,9.864465264119222,85.04086183975313,1,184,1788717392.8530684
1788717451.968735,59.104000,r2_none_r101,1.7131073847413063,3.9058020021766424,4.751025527715683,86.98224062247803,2.5213096141815186,11.525822639465332,-1.4657148122787476,1.7638938489063467,9.867409275554133,85.2183467735717,1,183,1788717392.864717
1788717452.013105,59.140000,r2_none_r101,1.7061894312500954,3.904646148905158,4.7503693997859955,87.28189535693674,2.5309317111968994,11.527226448059082,-1.467111349105835,1.800692947439561,9.871220649353447,85.48120240949719,1,182,1788717392.8730786
1788717452.057851,59.172000,r2_none_r101,1.700399436056614,3.9038863088935614,4.74990114569664,87.58625456454865,2.536754608154297,11.528063774108887,-1.4694796800613403,1.8719805741479032,9.874627580359562,85.71427399040074,1,182,1788717392.8858373
1788717452.102207,59.204000,r2_none_r101,1.695905365049839,3.9036662485450506,4.74960121512413,87.85399382599212,2.5431301593780518,11.528751373291016,-1.4697000980377197,2.0021175853234388,9.876204829571092,85.85187624066869,1,182,1788717392.898167
1788717452.145464,59.236000,r2_none_r101,1.6881307736039162,3.9038729574531317,4.749210685491562,88.37504166918855,2.552006959915161,11.530381202697754,-1.469353437423706,2.1799771103272407,9.87828172461531,86.19506455886132,1,182,1788717392.9094446
1788717452.192843,59.272000,r2_none_r101,1.6816234961152077,3.9044785406440496,4.749022334814072,88.86131784017572,2.5625290870666504,11.531773567199707,-1.4706929922103882,2.4408321642334534,9.881117489004628,86.42048567594226,1,178,1788717392.920826
1788717452.234162,59.304000,r2_none_r101,1.6748416796326637,3.9056751634925604,4.748894542455673,89.40648081428176,2.571044445037842,11.53302001953125,-1.4724032878875732,2.7316390402870687,9.88352748989415,86.6748417739947,1,177,1788717392.930145
1788717452.281357,59.336000,r2_none_r101,1.667744792997837,3.9074711706489325,4.748816817998886,90.00557901127975,2.583205223083496,11.533754348754883,-1.4741923809051514,3.0793574035931184,9.885550384341718,86.92622160768663,1,174,1788717392.9453337
1788717452.328170,59.368000,r2_none_r101,1.6583701744675636,3.910714140161872,4.748800605535507,90.82240542497793,2.5952019691467285,11.536293029785156,-1.4778213500976562,3.4738034621221106,9.889283502446627,87.34860196285582,1,174,1788717392.9601533
1788717452.374105,59.404000,r2_none_r101,1.6524784937500954,3.9130301382392645,4.748828262090683,91.34356390713793,2.6089532375335693,11.537544250488281,-1.4816200733184814,3.9836261548752994,9.892752187515004,87.35993775226264,1,172,1788717392.9700894
1788717452.422148,59.436000,r2_none_r101,1.644304670393467,3.9169125463813543,4.748927921056747,92.06459654229862,2.6322829723358154,11.550700187683105,-1.494863748550415,4.433917407519943,9.911394921556504,87.63067913477867,1,171,1788717392.9861283
1788717452.469633,59.468000,r2_none_r101,1.6357897892594337,3.9218218233436346,4.749079555273056,92.80421092371125,2.9436838626861572,11.683073043823242,-1.712694525718689,4.862527049172389,10.183424359638444,87.94168387453887,1,380,1788717393.0016146
1788717452.516798,59.500000,r2_none_r101,1.6246145144104958,3.9291880037635565,4.749276012182236,93.7354249131016,3.0728354454040527,11.768997192382812,-1.833990216255188,5.332361709170054,10.339214003656732,88.40306320393154,1,286,1788717393.0167751
1788717452.562682,59.536000,r2_none_r101,1.6152066364884377,3.9360546972602606,4.749500125646591,94.46759626302854,3.117372989654541,11.78687858581543,-1.8641679286956787,5.974365651653459,10.37461057653348,88.49323061137508,1,238,1788717393.0266557
1788717452.609451,59.568000,r2_none_r101,1.6079308167099953,3.9418175127357244,4.749676078557968,94.99921915668227,3.131192207336426,11.785014152526855,-1.863669991493225,6.5635325895370915,10.371711769850993,88.43568656714518,1,219,1788717393.0414362
1788717452.658336,59.600000,r2_none_r101,1.595517911016941,3.9529023077338934,4.749922126531601,95.8348709627936,3.1565752029418945,11.788278579711914,-1.8734724521636963,7.126555822844398,10.37783103240935,88.70831513994919,1,209,1788717393.0583167
1788717452.705531,59.632000,r2_none_r101,1.5853151455521584,3.9629828836768866,4.7501080930233,96.4438050921813,3.2007362842559814,11.805209159851074,-1.8985393047332764,7.660441528160297,10.407430549457601,88.78336356402099,1,198,1788717393.073512
1788717452.751894,59.668000,r2_none_r101,1.5748178139328957,3.97405051253736,4.750457137823105,96.98410206947885,3.2648327350616455,11.832382202148438,-1.9394668340682983,8.204694916744518,10.457753588953546,88.77940715273434,1,187,1788717393.0838776
1788717452.797913,59.700000,r2_none_r101,1.5615336075425148,3.9902751352638006,4.751028388738632,97.54627978516307,3.3170394897460938,11.849249839782715,-1.9753506183624268,8.634174941096834,10.492352398575324,88.91210484406623,1,176,1788717393.097899
1788717452.844417,59.732000,r2_none_r101,1.5509672537446022,4.006326904520392,4.75144562125206,97.88978510494799,3.352428674697876,11.860923767089844,-1.9982695579528809,8.992506445418583,10.51183191099717,88.89727865952942,1,173,1788717393.1124017
1788717452.891945,59.764000,r2_none_r101,1.543113149702549,4.019870033487678,4.751748889684677,98.08105818576105,3.3914575576782227,11.893876075744629,-2.0313916206359863,9.212369691047693,10.555915089974302,88.86868849471335,1,169,1788717393.1279223
1788717452.941201,59.800000,r2_none_r101,1.5301169529557228,4.045099487528205,4.752269119024277,98.25650929889852,3.4397168159484863,12.025901794433594,-2.0884246826171875,9.491698399727387,10.683392194732171,88.76481089917114,1,412,1788717393.1411812
1788717452.984912,59.832000,r2_none_r101,1.5198649540543556,4.067647209390998,4.752697318792343,98.26207178125784,3.471867084503174,12.226337432861328,-2.158151149749756,9.402632050837731,10.868963383643251,88.8594397304201,1,253,1788717393.1528912
1788717453.032920,59.864000,r2_none_r101,1.509760893881321,4.092426052317023,4.7530926167964935,98.14140930685952,3.531339406967163,12.277494430541992,-2.2115015983581543,9.38574950327722,10.93561596905059,88.75565980358229,1,234,1788717393.1689065
1788717453.078280,59.896000,r2_none_r101,1.49740020185709,4.126455536112189,4.7535260617733,97.80941584140234,3.6005144119262695,12.3211030960083,-2.265646457672119,9.28942864896311,10.992912301535203,88.51998719243923,1,212,1788717393.182264
1788717453.125693,59.932000,r2_none_r101,1.4876743927598,4.155750980600715,4.753899425268173,97.39581658365205,3.7039780616760254,12.412227630615234,-2.3532779216766357,9.037404150124834,11.117255887403688,88.35841243352722,1,206,1788717393.1936686
1788717453.172822,59.964000,r2_none_r101,1.4804350510239601,4.178832283243537,4.754185050725937,97.00071228196751,3.8312907218933105,12.559118270874023,-2.4615302085876465,8.665013228769668,11.305850800502602,88.33569905319783,1,201,1788717393.2088068
1788717453.219132,59.996000,r2_none_r101,1.470965899527073,4.211741676554084,4.754566520452499,96.36243739459739,3.969614267349243,12.76966667175293,-2.5949199199676514,8.151095953770076,11.554058803182075,88.21134144082731,1,194,1788717393.2231152
1788717453.266835,60.028000,r2_none_r101,1.4592339172959328,4.255878200754523,4.7551325261592865,95.39048625067718,4.078702926635742,12.992656707763672,-2.7219700813293457,7.487383638497439,11.794065455742645,87.90310261217975,1,177,1788717393.2388132
1788717453.310568,60.064000,r2_none_r101,1.4499810114502907,4.292854538187385,4.755696147680283,94.48201737944477,3.8931007385253906,13.502951622009277,-2.6997106075286865,6.632518028088681,12.098669851676405,87.84949935135609,1,391,1788717393.2465475
1788717453.356297,60.096000,r2_none_r101,1.4409873858094215,4.331853142008185,4.756257861852646,93.46309325591032,3.976383924484253,13.616375923156738,-2.778836488723755,5.848051041354967,12.223266574614135,87.61504221455536,1,242,1788717393.2602787
1788717453.403564,60.128000,r2_none_r101,1.4344170466065407,4.3621971514075994,4.756673663854599,92.63224991792787,4.194699287414551,13.5817232131958,-2.869539737701416,5.129326170096746,12.279167304788404,87.50292374783112,1,190,1788717393.2755446
1788717453.452863,60.160000,r2_none_r101,1.423838533461094,4.415558090433478,4.757376044988632,91.13700612087096,4.499512672424316,13.619112968444824,-2.918973922729492,4.221328171099916,12.373016714954346,86.91567794977105,1,161,1788717393.292839
1788717453.498039,60.196000,r2_none_r101,1.4155352488160133,4.457617988809943,4.7584236562252045,89.87959041394988,4.044322490692139,14.11448860168457,-2.8696818351745605,3.5811386373080296,12.583865295876919,86.29845177664184,1,398,1788717393.302002
1788717453.544326,60.228000,r2_none_r101,1.4073493853211403,4.498974552378058,4.759862273931503,88.65186597251564,4.082446575164795,14.138778686523438,-2.891831874847412,3.5465980387276645,12.594855777906044,85.10526793378799,1,267,1788717393.3163023
1788717453.587795,60.260000,r2_none_r101,1.3973321095108986,4.549433460459113,4.762161105871201,87.24328077558795,4.125372886657715,14.170247077941895,-2.880509614944458,3.5872095432785276,12.586209790517989,83.65607123230943,1,234,1788717393.32778
1788717453.638359,60.292000,r2_none_r101,1.3893704786896706,4.590147724375129,4.764450877904892,86.25389583432093,4.181202411651611,14.207357406616211,-2.888207197189331,3.644699178030078,12.603500435529902,82.60919665629085,1,171,1788717393.3463333
1788717453.688134,60.328000,r2_none_r101,1.383426584303379,4.620728245005012,4.766412109136581,85.60378337862254,4.498970985412598,14.285661697387695,-2.9969162940979004,4.192776103182098,12.782285533140625,81.41100727544045,1,370,1788717393.3601153
1788717453.732075,60.360000,r2_none_r101,1.3736054077744484,4.6684505846351385,4.769980758428574,84.71955104397952,4.897595405578613,14.465245246887207,-3.1124415397644043,4.251795044002516,13.058647420234772,80.467755999977,1,157,1788717393.3720465
1788717453.779766,60.392000,r2_none_r101,1.3657223358750343,4.704430332407355,4.773092597723007,84.19844801091371,4.982149600982666,14.439888000488281,-3.129640817642212,4.5180815126635006,13.050320977092463,79.68036649825021,1,365,1788717393.387752
1788717453.825685,60.424000,r2_none_r101,1.3576550856232643,4.741675129160285,4.776510566473007,83.84282044949755,5.009947299957275,14.435159683227539,-3.1336278915405273,4.743804225487778,13.033540257496043,79.09901622400977,1,219,1788717393.401654
1788717453.871753,60.460000,r2_none_r101,1.3475350514054298,4.78709720633924,4.780886501073837,83.6271555102375,5.0568623542785645,14.436765670776367,-3.137798547744751,5.016612505703309,13.022318665113962,78.61054300453421,1,201,1788717393.411732
1788717453.917917,60.492000,r2_none_r101,1.3396770134568214,4.818567028269172,4.784124702215195,83.63840233630545,5.099236011505127,14.437726020812988,-3.1458890438079834,5.313473646122997,13.021045334217952,78.32492869018245,1,188,1788717393.425903
1788717453.962853,60.524000,r2_none_r101,1.3339490070939064,4.839662304148078,4.786328166723251,83.746586944549,5.145076274871826,14.435199737548828,-3.1517345905303955,5.653115010833553,13.023512200059278,78.09347193371545,1,181,1788717393.438839
1788717454.008925,60.556000,r2_none_r101,1.3247809782624245,4.86970972083509,4.789530128240585,84.10564647213705,5.187361717224121,14.434176445007324,-3.1532578468322754,6.056408360741883,13.018695575969117,78.04923811139517,1,168,1788717393.452908
1788717454.053083,60.592000,r2_none_r101,1.317859448492527,4.8890244867652655,4.791587680578232,84.54052426866639,5.215561866760254,14.42963981628418,-3.155507802963257,6.575182053903198,13.014290285365043,77.9653422147632,1,155,1788717393.4610662
1788717454.097812,60.624000,r2_none_r101,1.3113335743546486,4.904257049784064,4.793168395757675,85.09344807911431,5.250085830688477,14.443791389465332,-3.163032293319702,7.050518087037911,13.031408755756543,78.0429299920764,1,152,1788717393.4737918
1788717454.141188,60.656000,r2_none_r101,1.3052750006318092,4.915493717417121,4.794276088476181,85.75022583287956,5.294363498687744,14.316574096679688,-3.331822156906128,7.644770400877629,13.050923800110214,78.10545543200193,1,388,1788717393.485169
1788717454.190245,60.688000,r2_none_r101,1.2984843626618385,4.924251785501838,4.794903606176376,86.69497119334085,5.31712007522583,14.304865837097168,-3.334329605102539,8.251814778726626,13.04721370939568,78.44315641461422,1,333,1788717393.5022283
1788717454.237926,60.724000,r2_none_r101,1.2948835268616676,4.926389446482062,4.794904559850693,87.31593183679166,5.334301471710205,14.300433158874512,-3.334798812866211,8.965943422474528,13.049201883003166,78.34998841431714,1,285,1788717393.5139112
1788717454.281757,60.756000,r2_none_r101,1.2906674519181252,4.926319828256965,4.794492095708847,88.19212187693921,5.343222141265869,14.300384521484375,-3.335096597671509,9.622745468599108,13.053218021105172,78.5693764083401,1,238,1788717393.5257401
1788717454.329191,60.788000,r2_none_r101,1.287152923643589,4.9232442285865545,4.793691009283066,89.11248824285632,5.359154224395752,14.300152778625488,-3.3371262550354004,10.289961237640652,13.062074794413782,78.82252700521565,1,219,1788717393.5411775
1788717454.373437,60.820000,r2_none_r101,1.2838884964585304,4.914812793955207,4.79215607047081,90.30275877350391,5.364400386810303,14.30218505859375,-3.338003635406494,10.959168730742872,13.071833542593714,79.34359004276104,1,205,1788717393.5534174
1788717454.423151,60.856000,r2_none_r101,1.2822373285889626,4.904531707987189,4.790557712316513,91.2695530240742,5.367120265960693,14.301034927368164,-3.3362224102020264,11.707327562027585,13.077656384980841,79.56222546204661,1,198,1788717393.5671213
1788717454.465297,60.888000,r2_none_r101,1.2815909758210182,4.894853821024299,4.789237350225449,91.99555688288063,5.3718647956848145,14.298258781433105,-3.3327748775482178,12.352975645700795,13.08133966377332,79.64258123717984,1,190,1788717393.5772808
1788717454.515504,60.920000,r2_none_r101,1.2816414013504982,4.87544702552259,4.7867611348629,93.19560605480335,5.376126289367676,14.293800354003906,-3.330427408218384,12.99375812681525,13.090413888118517,80.2018479279881,1,186,1788717393.595481
1788717454.562212,60.952000,r2_none_r101,1.2827773466706276,4.8570420648902655,4.784633487462997,94.13218361858434,5.376220703125,14.289636611938477,-3.326921224594116,13.59063970292948,13.096848408995198,80.54154391565486,1,178,1788717393.6101966
1788717454.609163,60.988000,r2_none_r101,1.2848709002137184,4.836354484781623,4.78232416510582,95.03724268136087,5.37904691696167,14.298805236816406,-3.3316304683685303,14.183312192709664,13.120080460305022,80.8539304886512,1,168,1788717393.621141
1788717454.656263,61.020000,r2_none_r101,1.288743294775486,4.807752361521125,4.7793048322200775,96.11521059392012,5.472136497497559,14.291241645812988,-3.535057306289673,14.700662209057928,13.287812666656023,81.4145483848622,1,384,1788717393.636239
1788717454.700822,61.052000,r2_none_r101,1.2927678003907204,4.783048382028937,4.776843398809433,96.92500049217915,5.46850061416626,14.291524887084961,-3.548490047454834,15.152563157285297,13.310110704676001,81.77243733489385,1,253,1788717393.648807
1788717454.747617,61.084000,r2_none_r101,1.29634241014719,4.763443699106574,4.774997562170029,97.49825595490458,5.458252906799316,14.290460586547852,-3.5475780963897705,15.547970128656983,13.317312617348387,81.95028582624758,1,230,1788717393.6635993
1788717454.792081,61.120000,r2_none_r101,1.3032842054963112,4.729167213663459,4.7719243466854095,98.3841914854564,5.443466663360596,14.288311004638672,-3.5405240058898926,15.932459058268021,13.327232961690846,82.45173242718838,1,223,1788717393.6720638
1788717454.837858,61.152000,r2_none_r101,1.309705175459385,4.700394859537482,4.769492954015732,99.02483610281861,5.425384044647217,14.28419017791748,-3.5299830436706543,16.20707243073957,13.329262811388109,82.81776367207905,1,212,1788717393.6858444
1788717454.883830,61.184000,r2_none_r101,1.3168467655777931,4.670616379007697,4.767031043767929,99.60170037314153,5.398577690124512,14.276318550109863,-3.5157532691955566,16.425578063129684,13.324209451798328,83.17612231001183,1,205,1788717393.6998148
1788717454.927033,61.216000,r2_none_r101,1.3267211094498634,4.632303943857551,4.764009326696396,100.23249898185831,5.375860214233398,14.275174140930176,-3.505040407180786,16.58467971758592,13.332578768895873,83.64781926427239,1,199,1788717393.7110164
1788717454.971241,61.252000,r2_none_r101,1.335351623594761,4.60082315467298,4.761732429265976,100.66463056559246,5.3512749671936035,14.273946762084961,-3.493283748626709,16.69078864331104,13.335750924608746,83.97384192228142,1,197,1788717393.7192252
1788717455.016809,61.284000,r2_none_r101,1.3422344103455544,4.576760044321418,4.760091632604599,100.9453366037854,5.3164448738098145,14.267085075378418,-3.478050947189331,16.726693966562248,13.325304543628729,84.21864263722316,1,189,1788717393.732795
1788717455.060480,61.316000,r2_none_r101,1.3517964258790016,4.544662227854133,4.7580269277095795,101.2633119594821,5.283164978027344,14.25695514678955,-3.4578938484191895,16.712413847069406,13.314865625895306,84.55089811241268,1,186,1788717393.7444553
1788717455.104729,61.348000,r2_none_r101,1.3644808903336525,4.504195919260383,4.755637973546982,101.5727294142885,5.242281913757324,14.2548189163208,-3.441296339035034,16.63690375680916,13.315469264462804,84.93582565747934,1,183,1788717393.756714
1788717455.155782,61.384000,r2_none_r101,1.3751331940293312,4.4716622736305,4.753859847784042,101.75112016288787,5.2035417556762695,14.243267059326172,-3.418945789337158,16.50343607510848,13.301718843250379,85.2476840877794,1,175,1788717393.7717676
1788717455.199057,61.416000,r2_none_r101,1.3861911669373512,4.439153423532844,4.752216190099716,101.87192615538125,5.175376892089844,14.23869800567627,-3.405935049057007,16.330203234083683,13.302046238006781,85.54172292129756,1,170,1788717393.7830405
1788717455.249510,61.448000,r2_none_r101,1.3947195187211037,4.41484903357923,4.75109276175499,101.9276762097118,5.120300769805908,14.243302345275879,-3.387010097503662,16.067543851800604,13.293124851084086,85.8601323579112,1,166,1788717393.8014858
1788717455.298008,61.480000,r2_none_r101,1.409274972975254,4.374710788950324,4.749466270208359,101.95513103888332,5.289979457855225,14.434289932250977,-3.737515687942505,15.73559276582868,13.721656700168362,86.21953827305465,1,397,1788717393.8179939
1788717455.343342,61.516000,r2_none_r101,1.421157754957676,4.342982521280646,4.748382896184921,101.9244196736763,5.284380912780762,14.444809913635254,-3.7511980533599854,15.404404817855687,13.755518388993313,86.52001485582062,1,232,1788717393.8273237
1788717455.387629,61.548000,r2_none_r101,1.4331993237137794,4.311750641092658,4.747585624456406,101.84989448365981,5.270890235900879,14.449406623840332,-3.7563841342926025,15.080331822093918,13.777425086704005,86.7695626615659,1,205,1788717393.8396137
1788717455.434066,61.580000,r2_none_r101,1.448304332792759,4.273722400888801,4.7468341290950775,101.70064421763115,5.255971908569336,14.451398849487305,-3.7583141326904297,14.732411459832182,13.799310751444434,86.96823275779897,1,201,1788717393.8540483
1788717455.481886,61.612000,r2_none_r101,1.4603549614548683,4.244100799784064,4.746437877416611,101.54338608976752,5.238011360168457,14.449139595031738,-3.7564890384674072,14.372589357562886,13.809897567184079,87.17079673220464,1,197,1788717393.8698723
1788717455.532548,61.648000,r2_none_r101,1.469328798353672,4.222343197092414,4.746247619390488,101.40439660250699,5.218238353729248,14.442398071289062,-3.748647928237915,13.94620932781326,13.808225622834161,87.45818727469373,1,191,1788717393.884533
1788717455.581194,61.680000,r2_none_r101,1.4840517416596413,4.187061062082648,4.746161788702011,101.13977780218738,5.198321342468262,14.436786651611328,-3.742314338684082,13.5530408926804,13.816906321363465,87.58673690950698,1,186,1788717393.90118
1788717455.630611,61.712000,r2_none_r101,1.4955193176865578,4.159793129190803,4.746377319097519,100.90021641184406,5.177929401397705,14.431802749633789,-3.7354307174682617,13.133409772532369,13.820831857606933,87.76680663931168,1,183,1788717393.918599
1788717455.676960,61.744000,r2_none_r101,1.5066702738404274,4.133498897776008,4.746977657079697,100.64252749468143,5.164908409118652,14.423575401306152,-3.7244060039520264,12.589389672641264,13.821458744839573,88.05313782204017,1,179,1788717393.9329438
1788717455.723056,61.780000,r2_none_r101,1.5201566591858864,4.102194061502814,4.748013347387314,100.29965752459083,5.135276794433594,14.408750534057617,-3.7147040367126465,11.873158929394021,13.817083101631196,88.4264985951968,1,175,1788717393.9430342
1788717455.769338,61.812000,r2_none_r101,1.530509628355503,4.078528633341193,4.749019473791122,100.01254826322703,5.162747859954834,15.036563873291016,-4.12772274017334,10.968990699331199,14.56256307194076,89.04355756389583,1,409,1788717393.9573214
1788717455.814765,61.844000,r2_none_r101,1.538025178015232,4.061697235330939,4.749853938817978,99.79224990719412,5.261776447296143,15.408693313598633,-4.354305744171143,10.089422915164514,15.016869415729037,89.70282699202961,1,192,1788717393.9707377
1788717455.860212,61.876000,r2_none_r101,1.550053395330906,4.035500278696418,4.751335948705673,99.42026108984564,5.255899906158447,15.428237915039062,-4.40463399887085,9.599243434271202,15.078446700283001,89.82101765557444,1,396,1788717393.9841957
1788717455.909214,61.912000,r2_none_r101,1.5591782703995705,4.0163414385169744,4.752560466527939,99.1202773364722,5.234094142913818,15.409188270568848,-4.388411045074463,8.967200930636759,15.061850012019715,90.15307640583544,1,235,1788717393.9971957
1788717455.954781,61.944000,r2_none_r101,1.5678275004029274,3.9988906290382147,4.753823131322861,98.81913379471771,5.215363502502441,15.402030944824219,-4.3784332275390625,8.40795147044277,15.05769684088806,90.41118232427495,1,219,1788717394.0107617
1788717456.001443,61.976000,r2_none_r101,1.5759574547410011,3.9832341577857733,4.7550948560237885,98.51847425310179,5.206227779388428,15.396716117858887,-4.373311996459961,7.905306730631285,15.05902535848195,90.61316752247049,1,210,1788717394.0254238
1788717456.049630,62.008000,r2_none_r101,1.5853658095002174,3.9663584139198065,4.756658881902695,98.14334257039476,5.200634479522705,15.394776344299316,-4.371416091918945,7.428414154683376,15.066540965847967,90.71492841571138,1,201,1788717394.041614
1788717456.098321,62.044000,r2_none_r101,1.5904993191361427,3.9577765371650457,4.757561057806015,97.91789565935498,5.194624900817871,15.392167091369629,-4.368675231933594,6.923926234764328,15.067288985440475,90.99396942459065,1,196,1788717394.0543063
1788717456.145084,62.076000,r2_none_r101,1.5968488827347755,3.9480833914130926,4.758686393499374,97.6148314085999,5.190617561340332,15.390144348144531,-4.367241859436035,6.504102807634922,15.070451178734134,91.11072860096498,1,193,1788717394.069067
1788717456.192106,62.108000,r2_none_r101,1.602636732161045,3.9403829481452703,4.759708255529404,97.30892014389474,5.188779830932617,15.38818359375,-4.366074085235596,6.104316223716076,15.07290500458997,91.20460392017866,1,186,1788717394.0840886
1788717456.240804,62.140000,r2_none_r101,1.6089628115296364,3.933583965525031,4.760885089635849,96.91882974187733,5.1880106925964355,15.386478424072266,-4.365349769592285,5.721418188024951,15.075361949863144,91.19741155385239,1,178,1788717394.1007879
1788717456.286082,62.176000,r2_none_r101,1.6132618561387062,3.9303872492164373,4.761763900518417,96.59730833956387,5.189306735992432,15.385518074035645,-4.365048885345459,5.295298512242192,15.076698273317655,91.30200982732167,1,177,1788717394.1100662
1788717456.336218,62.208000,r2_none_r101,1.6160450354218483,3.9292840864509344,4.762399047613144,96.35099601621154,5.191145420074463,15.381613731384277,-4.3624114990234375,4.935205384854546,15.073133866869641,91.415790631357,1,174,1788717394.1282017
1788717456.381119,62.240000,r2_none_r101,1.6198718920350075,3.9298825170844793,4.763393729925156,95.92640798081413,5.195435523986816,15.381377220153809,-4.363341331481934,4.575634804163447,15.073774547261836,91.35077317665069,1,173,1788717394.1411052
1788717456.427894,62.272000,r2_none_r101,1.6221942082047462,3.932548752054572,4.764099448919296,95.57382837497713,5.202810287475586,15.380640029907227,-4.364589691162109,4.229503332044109,15.073571933334815,91.34432504293302,1,171,1788717394.155875
1788717456.475030,62.308000,r2_none_r101,1.6238775625824928,3.937154045328498,4.764708369970322,95.20838514730924,5.214704513549805,15.38002872467041,-4.36529016494751,3.8475467357408957,15.072832924388143,91.36083841156835,1,168,1788717394.1670156
1788717456.521057,62.340000,r2_none_r101,1.6250783577561378,3.9456164743751287,4.7654145658016205,94.7336724251793,5.2280426025390625,15.381213188171387,-4.368622779846191,3.5076710653390104,15.072652778507866,91.22600135984027,1,168,1788717394.18104
1788717456.569797,62.372000,r2_none_r101,1.6253618374466896,3.9544989969581366,4.765964359045029,94.33893991859901,5.244924068450928,15.392610549926758,-4.380700588226318,3.1320888329762604,15.086189257062532,91.20685108562274,1,165,1788717394.1977706
1788717456.616766,62.404000,r2_none_r101,1.6251588240265846,3.962413540109992,4.766373008489609,94.0351110779365,5.417922496795654,15.246286392211914,-4.676461219787598,3.004054354021329,15.194668837543091,91.03105672391519,1,388,1788717394.2127461
1788717456.666441,62.440000,r2_none_r101,1.6241169348359108,3.9778709318488836,4.767065852880478,93.51441581734687,5.436526298522949,15.249873161315918,-4.682864665985107,2.640435596930054,15.195186284768791,90.87398022041681,1,346,1788717394.2264233
1788717456.709207,62.472000,r2_none_r101,1.6226498261094093,3.9921791460365057,4.767648071050644,93.08840204639324,5.454675674438477,15.25224781036377,-4.686817169189453,2.3033182977096898,15.194093635572182,90.78508374868355,1,254,1788717394.2371929
1788717456.753824,62.504000,r2_none_r101,1.6206363812088966,4.00814794562757,4.768233150243759,92.65312984944669,5.476870536804199,15.255791664123535,-4.692957878112793,1.9691394081486546,15.195202096584833,90.68399044129802,1,242,1788717394.2498095
1788717456.802869,62.536000,r2_none_r101,1.6174047365784645,4.0303819086402655,4.7688935697078705,92.09911970257265,5.502208709716797,15.259841918945312,-4.700479030609131,1.6374227675968631,15.19412687443362,90.46169693497579,1,237,1788717394.2668524
1788717456.849457,62.572000,r2_none_r101,1.6142558231949806,4.049895038828254,4.76935800909996,91.65033946587309,5.531318187713623,15.265666961669922,-4.708099365234375,1.2583189742330045,15.197339098508532,90.39202049164008,1,235,1788717394.2774432
1788717456.894258,62.604000,r2_none_r101,1.6115891113877296,4.065494766458869,4.76964458823204,91.31070114909046,5.5573530197143555,15.269518852233887,-4.713216781616211,0.9346597909688432,15.199469342534297,90.37604135812163,1,229,1788717394.2902398
1788717456.939634,62.636000,r2_none_r101,1.607798732817173,4.087539425119758,4.769936889410019,90.85629318054313,5.5847954750061035,15.274072647094727,-4.7180938720703125,0.6158797086649811,15.197952373412942,90.24041347187816,1,223,1788717394.3036187
1788717456.987267,62.668000,r2_none_r101,1.6025678291916847,4.117050876840949,4.77017816901207,90.28729460871772,5.615471839904785,15.278149604797363,-4.72183084487915,0.29439181797438596,15.191173704957091,89.99290279074333,1,218,1788717394.3192546
1788717457.036712,62.704000,r2_none_r101,1.5980217829346657,4.142178287729621,4.770278781652451,89.8307666927956,5.64886999130249,15.28657054901123,-4.727716445922852,-0.08606949691322731,15.192720738024294,89.91683618970885,1,208,1788717394.3326938
1788717457.082393,62.736000,r2_none_r101,1.5931778326630592,4.1685750391334295,4.770339339971542,89.37511025977508,5.678612232208252,15.294923782348633,-4.732476711273193,-0.42314817746625233,15.191771571888129,89.79825843724134,1,198,1788717394.3463755
1788717457.131992,62.768000,r2_none_r101,1.589365877211094,4.189189663156867,4.7703631818294525,89.03523213609249,5.708358287811279,15.301627159118652,-4.735441207885742,-0.7462210323097636,15.192520616269311,89.78145316840225,1,187,1788717394.3639724
1788717457.184071,62.800000,r2_none_r101,1.5827151909470558,4.2249925043433905,4.770378917455673,88.475357774651,5.743621349334717,15.308879852294922,-4.742158889770508,-1.0691686373991538,15.187299771022362,89.54452641205016,1,178,1788717394.3840568
1788717457.233230,62.836000,r2_none_r101,1.5771291628479958,4.254835834726691,4.770479530096054,88.0312554367092,5.783376216888428,15.325151443481445,-4.7542524337768555,-1.4587173887178224,15.19753009342917,89.48997282542703,1,172,1788717394.3972006
1788717457.277709,62.868000,r2_none_r101,1.5713229551911354,4.285705318674445,4.770645469427109,87.59297506057773,5.889125347137451,15.293659210205078,-4.819460868835449,-1.6442187745293046,15.224605280700889,89.23719383510704,1,383,1788717394.409668
1788717457.323223,62.900000,r2_none_r101,1.5638740435242653,4.32568477652967,4.770904392004013,87.05154569391328,5.931918144226074,15.29743480682373,-4.8332624435424805,-1.9366752473069155,15.22166641987482,88.9882209412202,1,328,1788717394.4232075
1788717457.370553,62.932000,r2_none_r101,1.557746447622776,4.358739605173469,4.771260112524033,86.62522969357966,5.970907211303711,15.302104949951172,-4.840102195739746,-2.2285672237022442,15.218788336003893,88.85379691728191,1,290,1788717394.4385178
