t_wall,t_sim,exp_id,gt_x,gt_y,gt_z,gt_dyaw_deg,vslam_x,vslam_y,vslam_z,vslam_dyaw_deg,pos_error_m,yaw_error_deg,vo_state,feature_count,msg_age_s
1788593649.412894,33.268000,gate_sweep_medium_r01,0.0,0.0,0.0,0.0,0.0,0.0,0.0,0.0,0.0,0.0,,,1788593616.1448734
1788593649.526187,33.300000,gate_sweep_medium_r01,4.0723010897636414e-05,0.00019740313291549683,0.00036722421646118164,-0.00012986252073337608,0.0,0.0,0.0,0.0,0.00041890331301739676,0.00012986252073337608,1,380,1788593616.2261653
1788593649.579409,33.332000,gate_sweep_medium_r01,0.0002202410250902176,0.0005931146442890167,0.0009402036666870117,-0.0009083585817760382,0.0,0.0,0.0,0.0,0.001133258145902591,0.0009083585817760382,1,380,1788593616.2473855
1788593649.633915,33.364000,gate_sweep_medium_r01,0.00042598508298397064,0.0009688921272754669,0.0013681352138519287,-0.0009493205480665546,0.0,0.0,0.0,0.0,0.001729742526679304,0.0009493205480665546,1,380,1788593616.2698889
1788593649.689063,33.400000,gate_sweep_medium_r01,0.0006568990647792816,0.0013527385890483856,0.0018139481544494629,-0.0011782578113958692,0.0,0.0,0.0,0.0,0.0023562313083903973,0.0011782578113958692,1,380,1788593616.289042
1788593649.743731,33.432000,gate_sweep_medium_r01,0.0009443014860153198,0.001856442540884018,0.0023227035999298096,-0.0006729078851324455,0.0,0.0,0.0,0.0,0.00311978143741217,0.0006729078851324455,1,380,1788593616.3117144
1788593649.795200,33.464000,gate_sweep_medium_r01,0.001173064112663269,0.002265509217977524,0.002748161554336548,-0.0006900694259456502,0.0,0.0,0.0,0.0,0.003749800442409311,0.0006900694259456502,1,380,1788593616.3311753
1788593649.848131,33.496000,gate_sweep_medium_r01,0.0013102516531944275,0.002585824579000473,0.0031152963638305664,-0.0004919482834144286,0.0,0.0,0.0,0.0,0.004255387124875673,0.0004919482834144286,1,380,1788593616.3521094
1788593649.899952,33.532000,gate_sweep_medium_r01,0.001500176265835762,0.0031228624284267426,0.0037124454975128174,-0.000796180236827856,0.0,0.0,0.0,0.0,0.005077898201762171,0.0007961802368278561,1,380,1788593616.367935
1788593649.947315,33.564000,gate_sweep_medium_r01,0.0016135480254888535,0.003553386777639389,0.004206418991088867,-0.0007720820723143197,0.0,0.0,0.0,0.0,0.005737948723250714,0.0007720820723143197,1,380,1788593616.383298
1788593649.993818,33.596000,gate_sweep_medium_r01,0.00167916901409626,0.003983069211244583,0.004717648029327393,0.00015030378145433306,0.0,0.0,0.0,0.0,0.006398488247084789,0.00015030378145433306,1,380,1788593616.3977997
1788593650.038213,33.628000,gate_sweep_medium_r01,0.0017071664333343506,0.004524771124124527,0.005328148603439331,0.0005738431671594308,0.0,0.0,0.0,0.0,0.007195633293682159,0.0005738431671594308,1,380,1788593616.4101965
1788593650.083566,33.664000,gate_sweep_medium_r01,0.0016956888139247894,0.004944968968629837,0.005741804838180542,0.0003829605132792928,0.0,0.0,0.0,0.0,0.007765075753277309,0.00038296051327929277,1,380,1788593616.4195335
1788593650.129555,33.696000,gate_sweep_medium_r01,0.001667054370045662,0.005258478224277496,0.0060169994831085205,0.0005366856947428438,0.0,0.0,0.0,0.0,0.008163023109584902,0.0005366856947428438,1,380,1788593616.4335375
1788593650.172431,33.728000,gate_sweep_medium_r01,0.0016162414103746414,0.005628164857625961,0.00636821985244751,0.0010421361388668025,0.0,0.0,0.0,0.0,0.008651167554170492,0.0010421361388668025,1,380,1788593616.4444156
1788593650.219202,33.760000,gate_sweep_medium_r01,0.0015284288674592972,0.006016511470079422,0.006820976734161377,0.0015137293242361329,0.0,0.0,0.0,0.0,0.009222810237690622,0.0015137293242361329,1,380,1788593616.4591823
1788593650.263756,33.796000,gate_sweep_medium_r01,0.0014367680996656418,0.006293691694736481,0.007253080606460571,0.001691157917568119,0.0,0.0,0.0,0.0,0.009709893717462937,0.001691157917568119,1,380,1788593616.4677298
1788593650.310332,33.828000,gate_sweep_medium_r01,0.0013344977051019669,0.006534487009048462,0.007761567831039429,0.0025486679624226374,0.0,0.0,0.0,0.0,0.010233393366433816,0.002548667962422637,1,380,1788593616.4823139
1788593650.357192,33.860000,gate_sweep_medium_r01,0.001271527260541916,0.00667957216501236,0.008165597915649414,0.002524806578723732,0.0,0.0,0.0,0.0,0.010625933144998004,0.002524806578723732,1,380,1788593616.4971766
1788593650.401799,33.892000,gate_sweep_medium_r01,0.0012047477066516876,0.006869006901979446,0.008835792541503906,0.0017594753976076447,0.0,0.0,0.0,0.0,0.011256371648653923,0.0017594753976076447,1,380,1788593616.5097797
1788593650.446348,33.928000,gate_sweep_medium_r01,0.0011811275035142899,0.006944037973880768,0.009387493133544922,0.0016571649994917,0.0,0.0,0.0,0.0,0.011736258044820294,0.0016571649994917,1,380,1788593616.518325
1788593650.539251,33.960000,gate_sweep_medium_r01,0.0011730566620826721,0.006952017545700073,0.00990748405456543,0.0010868668194759807,0.0,0.0,0.0,0.0,0.012159969168531903,0.0010868668194759807,1,380,1788593616.5791035
1788593650.646473,33.992000,gate_sweep_medium_r01,0.0011863596737384796,0.006904270499944687,0.010535001754760742,0.001612820743341799,0.0,0.0,0.0,0.0,0.012651587346443578,0.001612820743341799,1,380,1788593616.6544545
1788593650.866733,34.024000,gate_sweep_medium_r01,0.0011881347745656967,0.00681459903717041,0.010932058095932007,0.002091091428462589,0.0,0.0,0.0,0.0,0.012936781612625634,0.002091091428462589,1,380,1788593616.8427112
1788593650.945511,34.060000,gate_sweep_medium_r01,0.0011690650135278702,0.006695721298456192,0.011164188385009766,0.0015073782197242115,0.0,0.0,0.0,0.0,0.013070520227153996,0.0015073782197242115,1,380,1788593616.8854916
1788593651.017316,34.092000,gate_sweep_medium_r01,0.0011336710304021835,0.006343889981508255,0.011342734098434448,0.0010051405688105597,0.0,0.0,0.0,0.0,0.01304560335632053,0.00100514056881056,1,380,1788593616.9252968
1788593651.094950,34.124000,gate_sweep_medium_r01,0.0011276844888925552,0.0059013403952121735,0.01140683889389038,0.0006228081155525532,0.0,0.0,0.0,0.0,0.012892380087393567,0.0006228081155525532,1,380,1788593616.9709291
1788593651.145756,34.156000,gate_sweep_medium_r01,0.0010984428226947784,0.005370490252971649,0.011416912078857422,7.994360056985846e-06,0.0,0.0,0.0,0.0,0.012664699902025064,7.994360056985846e-06,1,380,1788593616.989731
1788593651.204902,34.192000,gate_sweep_medium_r01,0.0010121036320924759,0.004584349691867828,0.011409640312194824,0.00042497662022391886,0.0,0.0,0.0,0.0,0.012337767541702373,0.00042497662022391886,1,380,1788593617.0128815
1788593651.325804,34.224000,gate_sweep_medium_r01,0.0008363183587789536,0.0038949623703956604,0.01138991117477417,0.0004695189407161459,0.0,0.0,0.0,0.0,0.012066492316877942,0.0004695189407161459,1,380,1788593617.1017785
1788593651.399321,34.256000,gate_sweep_medium_r01,0.0006882883608341217,0.003382839262485504,0.011387050151824951,-0.0010534822430568508,0.0,0.0,0.0,0.0,0.011898834123713543,0.0010534822430568508,1,380,1788593617.1433015
1788593651.454293,34.288000,gate_sweep_medium_r01,0.00042654387652873993,0.002520725131034851,0.011460751295089722,-0.0016069624017770586,0.0,0.0,0.0,0.0,0.011742436506651232,0.0016069624017770586,1,380,1788593617.1662755
1788593651.512940,34.324000,gate_sweep_medium_r01,0.0002616085112094879,0.0018086880445480347,0.011518269777297974,-0.0018185772528802042,0.0,0.0,0.0,0.0,0.011662346681446412,0.0018185772528802042,1,380,1788593617.1889231
1788593651.566860,34.356000,gate_sweep_medium_r01,0.00013717450201511383,0.0011580921709537506,0.011532008647918701,-0.0018320966029702656,0.0,0.0,0.0,0.0,0.01159082472372433,0.0018320966029702656,1,380,1788593617.210837
1788593651.623963,34.388000,gate_sweep_medium_r01,1.060590147972107e-05,0.0006084814667701721,0.011496514081954956,-0.000984561891044604,0.0,0.0,0.0,0.0,0.01151261039978065,0.000984561891044604,1,380,1788593617.2359324
1788593651.689769,34.420000,gate_sweep_medium_r01,-0.00014969520270824432,5.85801899433136e-05,0.011418044567108154,-0.0006945773982312835,0.0,0.0,0.0,0.0,0.01141917606611071,0.0006945773982312835,1,380,1788593617.2697456
1788593651.752044,34.456000,gate_sweep_medium_r01,-0.00024163909256458282,-0.0002160966396331787,0.011366128921508789,-0.00026470130794934506,0.0,0.0,0.0,0.0,0.01137075080498534,0.00026470130794934506,1,380,1788593617.2960176
1788593651.818887,34.488000,gate_sweep_medium_r01,-0.0003932435065507889,-0.0005011074244976044,0.011267215013504028,-0.0013848324190838637,0.0,0.0,0.0,0.0,0.011285206390087048,0.0013848324190838637,1,380,1788593617.330868
1788593651.888461,34.520000,gate_sweep_medium_r01,-0.0005354955792427063,-0.0007102228701114655,0.011150717735290527,-0.00144269103214837,0.0,0.0,0.0,0.0,0.011186137762996689,0.00144269103214837,1,380,1788593617.3684342
1788593651.955543,34.552000,gate_sweep_medium_r01,-0.0006671454757452011,-0.0008331835269927979,0.01092866063117981,-0.0018696643268836625,0.0,0.0,0.0,0.0,0.010980660320170137,0.0018696643268836621,1,380,1788593617.4035199
1788593652.015937,34.588000,gate_sweep_medium_r01,-0.0007628519088029861,-0.0008179508149623871,0.010638117790222168,-0.001982314965172784,0.0,0.0,0.0,0.0,0.010696753558398145,0.001982314965172784,1,380,1788593617.4279153
1788593652.079241,34.620000,gate_sweep_medium_r01,-0.0008321758359670639,-0.0007561184465885162,0.010395169258117676,-0.0016235632858117132,0.0,0.0,0.0,0.0,0.010455801051672401,0.0016235632858117132,1,380,1788593617.459224
1788593652.195175,34.652000,gate_sweep_medium_r01,-0.000993063673377037,-0.0005730241537094116,0.00998792052268982,-0.0019276983264633041,0.0,0.0,0.0,0.0,0.01005351125267605,0.0019276983264633041,1,380,1788593617.5431533
1788593652.260262,34.684000,gate_sweep_medium_r01,-0.0011681634932756424,-0.0003672763705253601,0.009534686803817749,-0.002563419016617366,0.0,0.0,0.0,0.0,0.009612999028724832,0.002563419016617366,1,380,1788593617.5762422
1788593652.320704,34.720000,gate_sweep_medium_r01,-0.00133461132645607,-0.00012773647904396057,0.009056031703948975,-0.0029496671208479176,0.0,0.0,0.0,0.0,0.009154737255853515,0.0029496671208479176,1,380,1788593617.6006854
1788593652.376967,34.752000,gate_sweep_medium_r01,-0.0014909598976373672,0.00018956512212753296,0.008461713790893555,-0.002717704685855128,0.0,0.0,0.0,0.0,0.008594154794445363,0.002717704685855128,1,380,1788593617.6249404
1788593652.432534,34.784000,gate_sweep_medium_r01,-0.0015590265393257141,0.0004186704754829407,0.008084714412689209,-0.0020000452624668683,0.0,0.0,0.0,0.0,0.008244298384465935,0.0020000452624668683,1,380,1788593617.6485162
1788593652.484967,34.816000,gate_sweep_medium_r01,-0.0015740636736154556,0.0006044283509254456,0.007777661085128784,-0.002389306973183038,0.0,0.0,0.0,0.0,0.007958330354736783,0.002389306973183038,1,380,1788593617.668944
1788593652.538663,34.852000,gate_sweep_medium_r01,-0.001590760424733162,0.0009055137634277344,0.007199615240097046,-0.002977042714254841,0.0,0.0,0.0,0.0,0.007428656238519315,0.002977042714254841,1,380,1788593617.6866374
1788593652.594487,34.884000,gate_sweep_medium_r01,-0.0016340035945177078,0.0010893717408180237,0.0066661536693573,-0.0020923917505870715,0.0,0.0,0.0,0.0,0.0069494102828999435,0.0020923917505870715,1,380,1788593617.7104604
1788593652.648628,34.916000,gate_sweep_medium_r01,-0.0016986411064863205,0.0011900216341018677,0.006026595830917358,-0.0020412711195196475,0.0,0.0,0.0,0.0,0.006373491225969173,0.0020412711195196475,1,380,1788593617.7326105
1788593652.700162,34.948000,gate_sweep_medium_r01,-0.0018187295645475388,0.001217953860759735,0.005092650651931763,-0.0008390727481609932,0.0,0.0,0.0,0.0,0.005543129034987354,0.0008390727481609932,1,380,1788593617.7521453
1788593652.753073,34.984000,gate_sweep_medium_r01,-0.0019384175539016724,0.0012052655220031738,0.004278987646102905,-0.001248968161570567,0.0,0.0,0.0,0.0,0.004849728123029683,0.001248968161570567,1,380,1788593617.7690527
1788593652.804142,35.016000,gate_sweep_medium_r01,-0.0020512528717517853,0.001172829419374466,0.003649592399597168,-0.0019320828555186402,0.0,0.0,0.0,0.0,0.004347722607758872,0.0019320828555186402,1,380,1788593617.788127
1788593652.854679,35.048000,gate_sweep_medium_r01,-0.0022178124636411667,0.001125965267419815,0.0028698742389678955,-0.0017476958957783866,0.0,0.0,0.0,0.0,0.0037977187961734916,0.0017476958957783866,1,380,1788593617.806661
1788593652.906216,35.080000,gate_sweep_medium_r01,-0.0024574734270572662,0.0010532885789871216,0.0019531846046447754,-0.0011939056097316522,0.0,0.0,0.0,0.0,0.0033111210450750155,0.0011939056097316522,1,380,1788593617.8262002
1788593652.960355,35.116000,gate_sweep_medium_r01,-0.002623559907078743,0.0009906738996505737,0.0012373030185699463,-0.0007534116905303947,0.0,0.0,0.0,0.0,0.00306519495648192,0.0007534116905303947,1,380,1788593617.8443375
1788593653.013730,35.148000,gate_sweep_medium_r01,-0.0027836263179779053,0.0009374246001243591,0.0005623698234558105,-0.0006883736350034126,0.0,0.0,0.0,0.0,0.0029905852566665383,0.0006883736350034126,1,380,1788593617.8657107
1788593653.070442,35.180000,gate_sweep_medium_r01,-0.002896733582019806,0.0008992254734039307,0.00011089444160461426,-0.0007770704513776514,0.0,0.0,0.0,0.0,0.0030351226456930233,0.0007770704513776514,1,380,1788593617.8904197
1788593653.125599,35.212000,gate_sweep_medium_r01,-0.003091404214501381,0.0008880980312824249,-0.0005601942539215088,-0.001836045965291906,0.0,0.0,0.0,0.0,0.0032648607524259432,0.001836045965291906,1,380,1788593617.9135795
1788593653.180783,35.248000,gate_sweep_medium_r01,-0.0032613836228847504,0.000973723828792572,-0.0009965598583221436,-0.0016894735844735363,0.0,0.0,0.0,0.0,0.0035465325011338014,0.0016894735844735363,1,380,1788593617.932764
1788593653.233379,35.280000,gate_sweep_medium_r01,-0.0034259967505931854,0.0011187493801116943,-0.0013010203838348389,-0.0024169571619173085,0.0,0.0,0.0,0.0,0.003831671691276422,0.002416957161917309,1,380,1788593617.9533563
1788593653.289446,35.312000,gate_sweep_medium_r01,-0.003597751259803772,0.0013938173651695251,-0.0015626847743988037,-0.0026938420682862726,0.0,0.0,0.0,0.0,0.004162754458168964,0.0026938420682862726,1,380,1788593617.9774249
1788593653.342608,35.344000,gate_sweep_medium_r01,-0.003629283979535103,0.001742921769618988,-0.0017032921314239502,-0.003643648026465071,0.0,0.0,0.0,0.0,0.0043715766702750024,0.003643648026465071,1,380,1788593617.998592
1788593653.396849,35.380000,gate_sweep_medium_r01,-0.0035919398069381714,0.0020848363637924194,-0.0017375946044921875,-0.0036030945289883564,0.0,0.0,0.0,0.0,0.004501978370674229,0.0036030945289883564,1,380,1788593618.0168293
1788593653.446115,35.412000,gate_sweep_medium_r01,-0.0034220553934574127,0.0027632005512714386,-0.0017017722129821777,-0.003968561444798153,0.0,0.0,0.0,0.0,0.004716118008205054,0.003968561444798153,1,380,1788593618.0340974
1788593653.500983,35.444000,gate_sweep_medium_r01,-0.0032017771154642105,0.003417685627937317,-0.0016888678073883057,-0.0041500124860914004,0.0,0.0,0.0,0.0,0.004978375861599061,0.0041500124860914004,1,380,1788593618.056965
1788593653.557451,35.476000,gate_sweep_medium_r01,-0.0029571205377578735,0.0041542500257492065,-0.001649230718612671,-0.0048847977774953005,0.0,0.0,0.0,0.0,0.005359320583290607,0.0048847977774953005,1,380,1788593618.0814254
1788593653.614551,35.512000,gate_sweep_medium_r01,-0.0026554428040981293,0.005091667175292969,-0.001578986644744873,-0.004006930603256115,0.0,0.0,0.0,0.0,0.00595564017835825,0.004006930603256115,1,380,1788593618.1025293
1788593653.666395,35.544000,gate_sweep_medium_r01,-0.0024063121527433395,0.005846932530403137,-0.0014801323413848877,-0.0033957010166018628,0.0,0.0,0.0,0.0,0.006493669990039548,0.0033957010166018628,1,380,1788593618.1223774
1788593653.723996,35.576000,gate_sweep_medium_r01,-0.002207331359386444,0.006427627056837082,-0.0013862252235412598,-0.0032828305127005166,0.0,0.0,0.0,0.0,0.006936016268889293,0.0032828305127005166,1,380,1788593618.1479802
1788593653.778188,35.608000,gate_sweep_medium_r01,-0.0018684901297092438,0.007435053586959839,-0.00110548734664917,-0.0026957460071187042,0.0,0.0,0.0,0.0,0.007745539327857464,0.0026957460071187047,1,380,1788593618.1701674
1788593653.831200,35.644000,gate_sweep_medium_r01,-0.0016309581696987152,0.00827738270163536,-0.0007707178592681885,-0.0034062954750359725,0.0,0.0,0.0,0.0,0.008471664237871697,0.0034062954750359725,1,380,1788593618.187178
1788593653.894121,35.676000,gate_sweep_medium_r01,-0.001420043408870697,0.009129025042057037,-0.00033423304557800293,-0.0031365633970156155,0.0,0.0,0.0,0.0,0.009244854419099197,0.003136563397015615,1,380,1788593618.218103
1788593653.954568,35.708000,gate_sweep_medium_r01,-0.001200702041387558,0.009983334690332413,0.00016045570373535156,-0.0026687321582888578,0.0,0.0,0.0,0.0,0.010056560195427064,0.0026687321582888578,1,380,1788593618.2465436
1788593654.013803,35.740000,gate_sweep_medium_r01,-0.0009141582995653152,0.011006265878677368,0.0008086264133453369,-0.0038577531666520934,0.0,0.0,0.0,0.0,0.011073727947947863,0.0038577531666520934,1,380,1788593618.2737844
1788593654.066330,35.776000,gate_sweep_medium_r01,-0.000703170895576477,0.011614467948675156,0.001281142234802246,-0.004124434353253168,0.0,0.0,0.0,0.0,0.011706051446366635,0.004124434353253168,1,380,1788593618.2903116
1788593654.116373,35.808000,gate_sweep_medium_r01,-0.0004115719348192215,0.012398160994052887,0.0019503533840179443,-0.004165554993356764,0.0,0.0,0.0,0.0,0.012557374957153089,0.004165554993356764,1,380,1788593618.3083546
1788593654.168657,35.840000,gate_sweep_medium_r01,-0.0001492425799369812,0.013163696974515915,0.0026537179946899414,-0.004513926678576212,0.0,0.0,0.0,0.0,0.01342934885167136,0.004513926678576212,1,380,1788593618.3286386
1788593654.221159,35.872000,gate_sweep_medium_r01,0.00012422911822795868,0.014123689383268356,0.003559410572052002,-0.004514118289904265,0.0,0.0,0.0,0.0,0.014565831191157563,0.004514118289904265,1,380,1788593618.3491414
1788593654.277919,35.908000,gate_sweep_medium_r01,0.0002696644514799118,0.01486077718436718,0.004321783781051636,-0.005388871854118435,0.0,0.0,0.0,0.0,0.01547879945247567,0.005388871854118436,1,380,1788593618.369899
1788593654.330376,35.940000,gate_sweep_medium_r01,0.00034596584737300873,0.015407847240567207,0.004910379648208618,-0.004712665788891975,0.0,0.0,0.0,0.0,0.016175081985750316,0.004712665788891975,1,380,1788593618.390354
1788593654.388997,35.972000,gate_sweep_medium_r01,0.000426730141043663,0.016316687688231468,0.005913674831390381,-0.0042173974393602,0.0,0.0,0.0,0.0,0.017360528383087295,0.0042173974393602,1,380,1788593618.4169807
1788593654.444393,36.004000,gate_sweep_medium_r01,0.00050300732254982,0.017000174149870872,0.006755709648132324,-0.0044631400776646716,0.0,0.0,0.0,0.0,0.01830023361441992,0.0044631400776646716,1,380,1788593618.4403734
1788593654.504463,36.040000,gate_sweep_medium_r01,0.0006028041243553162,0.017624111846089363,0.007630139589309692,-0.004572794496142489,0.0,0.0,0.0,0.0,0.019214362371105586,0.004572794496142489,1,380,1788593618.4644434
1788593654.558842,36.072000,gate_sweep_medium_r01,0.0007799174636602402,0.018338147550821304,0.0087718665599823,-0.0039407464465433745,0.0,0.0,0.0,0.0,0.020343096366874716,0.0039407464465433745,1,380,1788593618.4868264
1788593654.614344,36.104000,gate_sweep_medium_r01,0.0009565744549036026,0.01884428970515728,0.00969657301902771,-0.0034319728488740285,0.0,0.0,0.0,0.0,0.021214283336775885,0.0034319728488740285,1,380,1788593618.5103247
1788593654.667636,36.136000,gate_sweep_medium_r01,0.0010944325476884842,0.019203098490834236,0.010426700115203857,-0.003992108113493932,0.0,0.0,0.0,0.0,0.021878593408684026,0.003992108113493932,1,380,1788593618.5316172
1788593654.722469,36.172000,gate_sweep_medium_r01,0.0013325251638889313,0.01975278928875923,0.011678844690322876,-0.004384834462109319,0.0,0.0,0.0,0.0,0.022985728644078298,0.004384834462109319,1,380,1788593618.5504477
1788593655.086953,36.204000,gate_sweep_medium_r01,0.0028407443314790726,0.022125938907265663,0.017717719078063965,-0.004791001444472214,0.0,0.0,0.0,0.0,0.028487621350580934,0.004791001444472214,1,380,1788593618.8829348
1788593655.097105,36.236000,gate_sweep_medium_r01,0.0028407443314790726,0.022125938907265663,0.017717719078063965,-0.004791001444472214,0.0,0.0,0.0,0.0,0.028487621350580934,0.004791001444472214,1,380,1788593618.8610888
1788593655.105119,36.268000,gate_sweep_medium_r01,0.002909887582063675,0.022226912900805473,0.017888188362121582,-0.004859309609480902,0.0,0.0,0.0,0.0,0.028679093181601528,0.004859309609480902,1,380,1788593618.837102
1788593655.114491,36.304000,gate_sweep_medium_r01,0.0030734166502952576,0.022464655339717865,0.018228143453598022,-0.004773987286167422,0.0,0.0,0.0,0.0,0.029092470558609747,0.004773987286167422,1,380,1788593618.8104734
1788593655.124276,36.336000,gate_sweep_medium_r01,0.0031502563506364822,0.0225823987275362,0.01839393377304077,-0.004978979305291337,0.0,0.0,0.0,0.0,0.02929548850951566,0.004978979305291337,1,380,1788593618.788259
1788593655.134270,36.368000,gate_sweep_medium_r01,0.0031502563506364822,0.0225823987275362,0.01839393377304077,-0.004978979305291337,0.0,0.0,0.0,0.0,0.02929548850951566,0.004978979305291337,1,380,1788593618.766255
1788593655.143996,36.400000,gate_sweep_medium_r01,0.0031502563506364822,0.0225823987275362,0.01839393377304077,-0.004978979305291337,0.0,0.0,0.0,0.0,0.02929548850951566,0.004978979305291337,1,380,1788593618.7439811
1788593655.154151,36.436000,gate_sweep_medium_r01,0.0031502563506364822,0.0225823987275362,0.01839393377304077,-0.004978979305291337,0.0,0.0,0.0,0.0,0.02929548850951566,0.004978979305291337,1,380,1788593618.7181277
1788593655.206189,36.468000,gate_sweep_medium_r01,0.0035085920244455338,0.023074734956026077,0.019057363271713257,-0.004845849567836458,0.0,0.0,0.0,0.0,0.03013198808832401,0.004845849567836457,1,380,1788593618.7381682
1788593655.265445,36.500000,gate_sweep_medium_r01,0.003795729950070381,0.023444054648280144,0.019486933946609497,-0.004398519265383052,0.0,0.0,0.0,0.0,0.03072087008606574,0.004398519265383052,1,380,1788593618.765429
1788593655.318218,36.532000,gate_sweep_medium_r01,0.004284394904971123,0.024018093943595886,0.020161211490631104,-0.004859542452393929,0.0,0.0,0.0,0.0,0.03164963388658857,0.004859542452393929,1,380,1788593618.7862008
1788593655.372661,36.568000,gate_sweep_medium_r01,0.00465825479477644,0.024452561512589455,0.02065780758857727,-0.004951940972621128,0.0,0.0,0.0,0.0,0.032347675598514175,0.004951940972621128,1,380,1788593618.804642
1788593655.440584,36.600000,gate_sweep_medium_r01,0.005030004307627678,0.024891754612326622,0.021119296550750732,-0.004538692441685957,0.0,0.0,0.0,0.0,0.033029154966689483,0.004538692441685957,1,380,1788593618.8405602
1788593655.510217,36.632000,gate_sweep_medium_r01,0.005467331036925316,0.025416795164346695,0.02169087529182434,-0.004791490314543712,0.0,0.0,0.0,0.0,0.03385851821948444,0.004791490314543712,1,380,1788593618.878199
1788593655.563811,36.664000,gate_sweep_medium_r01,0.005834254436194897,0.025813959538936615,0.022156476974487305,-0.005279927931329198,0.0,0.0,0.0,0.0,0.03451533722600871,0.005279927931329198,1,380,1788593618.8997931
1788593655.624629,36.700000,gate_sweep_medium_r01,0.0061320960521698,0.02611558325588703,0.022516101598739624,-0.00565573222744288,0.0,0.0,0.0,0.0,0.03502286570218046,0.005655732227442881,1,380,1788593618.9246092
1788593655.680956,36.732000,gate_sweep_medium_r01,0.006697739474475384,0.026637177914381027,0.023145675659179688,-0.007268173018561355,0.0,0.0,0.0,0.0,0.03591825807344055,0.007268173018561353,1,380,1788593618.9489355
1788593655.744840,36.764000,gate_sweep_medium_r01,0.007218410260975361,0.027053572237491608,0.023627251386642456,-0.007582309472978828,0.0,0.0,0.0,0.0,0.0366367059871999,0.007582309472978828,1,380,1788593618.980824
1788593655.816336,36.796000,gate_sweep_medium_r01,0.007799625396728516,0.027422389015555382,0.024048984050750732,-0.008186515451235376,0.0,0.0,0.0,0.0,0.03729846122191917,0.008186515451235376,1,380,1788593619.0203166
1788593655.884575,36.832000,gate_sweep_medium_r01,0.008558364585042,0.02781272493302822,0.02454891800880432,-0.010342151882720864,0.0,0.0,0.0,0.0,0.0380715464352814,0.010342151882720866,1,380,1788593619.0525477
1788593655.957928,36.864000,gate_sweep_medium_r01,0.00919063575565815,0.028137413784861565,0.0249461829662323,-0.011236673092572265,0.0,0.0,0.0,0.0,0.03871038471364549,0.011236673092572265,1,380,1788593619.093902
1788593656.029039,36.896000,gate_sweep_medium_r01,0.009656820446252823,0.02840520814061165,0.02526220679283142,-0.011861942446323591,0.0,0.0,0.0,0.0,0.03922102908754964,0.011861942446323591,1,380,1788593619.1330118
1788593656.097372,36.928000,gate_sweep_medium_r01,0.010427034460008144,0.028893250972032547,0.025726795196533203,-0.013593756999602484,0.0,0.0,0.0,0.0,0.040067580291894604,0.013593756999602484,1,380,1788593619.1693473
1788593656.166676,36.964000,gate_sweep_medium_r01,0.011041627265512943,0.029332567006349564,0.0260695219039917,-0.014406603025885352,0.0,0.0,0.0,0.0,0.0407668614459736,0.014406603025885352,1,380,1788593619.2026541
1788593656.237350,36.996000,gate_sweep_medium_r01,0.011619489639997482,0.029843192547559738,0.026365160942077637,-0.01429720884935517,0.0,0.0,0.0,0.0,0.041481928504185896,0.01429720884935517,1,380,1788593619.241314
1788593656.299095,37.028000,gate_sweep_medium_r01,0.012175948359072208,0.030419742688536644,0.026646047830581665,-0.015267696134076435,0.0,0.0,0.0,0.0,0.04223300046964717,0.015267696134076435,1,380,1788593619.2710717
1788593656.356415,37.060000,gate_sweep_medium_r01,0.012860943097621202,0.031239924021065235,0.026984035968780518,-0.015647225301143743,0.0,0.0,0.0,0.0,0.0432374248466143,0.015647225301143746,1,380,1788593619.2963896
1788593656.415156,37.096000,gate_sweep_medium_r01,0.013284955639392138,0.03179739695042372,0.02711033821105957,-0.015606218454159822,0.0,0.0,0.0,0.0,0.04384672093875971,0.015606218454159824,1,380,1788593619.319133
1788593656.482991,37.128000,gate_sweep_medium_r01,0.013829972594976425,0.032572364434599876,0.027265578508377075,-0.016579947481558145,0.0,0.0,0.0,0.0,0.04467257366925102,0.016579947481558145,1,380,1788593619.3549633
1788593656.544667,37.160000,gate_sweep_medium_r01,0.01437021791934967,0.03337707743048668,0.02741903066635132,-0.01622835764787223,0.0,0.0,0.0,0.0,0.04552291404921938,0.01622835764787223,1,380,1788593619.3846436
1788593656.610417,37.192000,gate_sweep_medium_r01,0.015107746236026287,0.034413084387779236,0.0275934636592865,-0.01688763511629523,0.0,0.0,0.0,0.0,0.04662513925050461,0.016887635116295232,1,380,1788593619.4183896
1788593656.675090,37.228000,gate_sweep_medium_r01,0.01579152885824442,0.0352181363850832,0.02768447995185852,-0.017571111996487702,0.0,0.0,0.0,0.0,0.047498630973154835,0.017571111996487702,1,380,1788593619.4470706
1788593656.734335,37.260000,gate_sweep_medium_r01,0.01634363504126668,0.03576619736850262,0.027724236249923706,-0.01792651442424724,0.0,0.0,0.0,0.0,0.048114120133349494,0.01792651442424724,1,380,1788593619.4743133
1788593656.799242,37.292000,gate_sweep_medium_r01,0.01726737222634256,0.03658680617809296,0.02778106927871704,-0.01831563424941759,0.0,0.0,0.0,0.0,0.04907692268454984,0.01831563424941759,1,380,1788593619.5072122
1788593656.863636,37.324000,gate_sweep_medium_r01,0.018040316877886653,0.0371826458722353,0.027694731950759888,-0.018602864555719523,0.0,0.0,0.0,0.0,0.04974937552310641,0.018602864555719523,1,380,1788593619.5396073
1788593656.925997,37.360000,gate_sweep_medium_r01,0.018790018395520747,0.03772798087447882,0.027515262365341187,-0.018882948604374797,0.0,0.0,0.0,0.0,0.05033443150769271,0.018882948604374797,1,380,1788593619.5659773
1788593656.977455,37.392000,gate_sweep_medium_r01,0.019737428170628846,0.038340887520462275,0.027115702629089355,-0.01901585842060903,0.0,0.0,0.0,0.0,0.05093968056158849,0.01901585842060903,1,380,1788593619.5854306
1788593657.039850,37.424000,gate_sweep_medium_r01,0.020505325228441507,0.038859745021909475,0.02676945924758911,-0.02037208371991468,0.0,0.0,0.0,0.0,0.051450481963732,0.020372083719914683,1,380,1788593619.6158314
1788593657.111979,37.456000,gate_sweep_medium_r01,0.02109258942073211,0.039276455994695425,0.026493072509765625,-0.021021240963156638,0.0,0.0,0.0,0.0,0.051859620274183706,0.021021240963156638,1,380,1788593619.6559582
1788593657.169166,37.492000,gate_sweep_medium_r01,0.022105241660028696,0.03998419735580683,0.02597057819366455,-0.02107921817459519,0.0,0.0,0.0,0.0,0.05255329370029649,0.02107921817459519,1,380,1788593619.6771462
1788593657.242750,37.524000,gate_sweep_medium_r01,0.022918469039723277,0.04056321131065488,0.02554422616958618,-0.021636343864074585,0.0,0.0,0.0,0.0,0.05313320831232164,0.021636343864074585,1,380,1788593619.7187142
1788593657.318600,37.556000,gate_sweep_medium_r01,0.023723337333649397,0.041170012671500444,0.02514788508415222,-0.023118988087796475,0.0,0.0,0.0,0.0,0.05376042040221929,0.023118988087796475,1,380,1788593619.7625756
1788593657.385977,37.588000,gate_sweep_medium_r01,0.024679211899638176,0.04200248117558658,0.02490907907485962,-0.02395893197957893,0.0,0.0,0.0,0.0,0.05471502668600608,0.02395893197957893,1,380,1788593619.797958
1788593657.449862,37.624000,gate_sweep_medium_r01,0.02538373926654458,0.04271913040429354,0.024715155363082886,-0.025103300834307698,0.0,0.0,0.0,0.0,0.05549862364304432,0.025103300834307694,1,380,1788593619.825833
1788593657.519224,37.656000,gate_sweep_medium_r01,0.0258301654830575,0.043247187277302146,0.024584829807281494,-0.02536304599722525,0.0,0.0,0.0,0.0,0.056052925997963535,0.02536304599722525,1,380,1788593619.8631973
1788593657.582799,37.688000,gate_sweep_medium_r01,0.02636463986709714,0.04390695784240961,0.024425804615020752,-0.027023194311095268,0.0,0.0,0.0,0.0,0.05674094741355692,0.027023194311095268,1,380,1788593619.8947735
1788593657.643645,37.720000,gate_sweep_medium_r01,0.026902634650468826,0.044673104654066265,0.02426367998123169,-0.027737149819518095,0.0,0.0,0.0,0.0,0.05751664278103675,0.02773714981951809,1,380,1788593619.92362
1788593657.718255,37.756000,gate_sweep_medium_r01,0.027261215262115,0.04524491634219885,0.024187535047531128,-0.027006097280426265,0.0,0.0,0.0,0.0,0.05809744541763855,0.027006097280426265,1,380,1788593619.9622343
1788593657.795339,37.788000,gate_sweep_medium_r01,0.027546207886189222,0.04575386926808278,0.024186283349990845,-0.027040598551025308,0.0,0.0,0.0,0.0,0.05862752275336224,0.02704059855102531,1,380,1788593620.0073075
1788593657.870729,37.820000,gate_sweep_medium_r01,0.027696184813976288,0.046082517044851556,0.024215102195739746,-0.026661383702906927,0.0,0.0,0.0,0.0,0.05896650069988116,0.026661383702906927,1,380,1788593620.0506961
1788593657.936938,37.852000,gate_sweep_medium_r01,0.027871421072632074,0.04654175363248214,0.02429986000061035,-0.02684210935087179,0.0,0.0,0.0,0.0,0.05944269626996984,0.02684210935087179,1,380,1788593620.0849147
1788593658.013998,37.888000,gate_sweep_medium_r01,0.027985669672489166,0.046807503094896674,0.02434098720550537,-0.025003581628060018,0.0,0.0,0.0,0.0,0.05972121659121671,0.02500358162806002,1,380,1788593620.1259675
1788593658.094674,37.920000,gate_sweep_medium_r01,0.02809036709368229,0.046974277473054826,0.024338096380233765,-0.024764189281021493,0.0,0.0,0.0,0.0,0.05989986980776271,0.024764189281021493,1,380,1788593620.1746519
1788593658.159399,37.952000,gate_sweep_medium_r01,0.02822982706129551,0.047072582645341754,0.024264603853225708,-0.024443012941351976,0.0,0.0,0.0,0.0,0.06001268343414713,0.024443012941351976,1,380,1788593620.207378
1788593658.224140,37.984000,gate_sweep_medium_r01,0.028389815241098404,0.047017898759804666,0.0242270827293396,-0.024425664290146833,0.0,0.0,0.0,0.0,0.060030125360398916,0.024425664290146833,1,380,1788593620.240106
1788593658.295280,38.020000,gate_sweep_medium_r01,0.02854567114263773,0.04692579677794129,0.024156153202056885,-0.024524495739565118,0.0,0.0,0.0,0.0,0.060003378919436766,0.024524495739565118,1,380,1788593620.2752628
1788593658.348540,38.052000,gate_sweep_medium_r01,0.028787167742848396,0.046705921879038215,0.023944854736328125,-0.026265538634101922,0.0,0.0,0.0,0.0,0.05986234403671115,0.026265538634101922,1,380,1788593620.2965121
1788593658.408636,38.084000,gate_sweep_medium_r01,0.028909086249768734,0.04647555493284017,0.023655682802200317,-0.026500460767434286,0.0,0.0,0.0,0.0,0.05962636835285483,0.026500460767434286,1,379,1788593620.324617
1788593658.472617,38.116000,gate_sweep_medium_r01,0.028958053328096867,0.0462196655862499,0.023347526788711548,-0.026718824658955392,0.0,0.0,0.0,0.0,0.05932902617275358,0.026718824658955396,1,379,1788593620.356589
1788593658.544598,38.152000,gate_sweep_medium_r01,0.028926671482622623,0.045840304148441646,0.023000001907348633,-0.028067656419503404,0.0,0.0,0.0,0.0,0.05888196578939302,0.028067656419503404,1,379,1788593620.3925748
1788593658.615494,38.184000,gate_sweep_medium_r01,0.02885393239557743,0.045462578418664634,0.022687137126922607,-0.02891112119440707,0.0,0.0,0.0,0.0,0.05843031441107924,0.02891112119440707,1,379,1788593620.4314666
1788593658.684129,38.216000,gate_sweep_medium_r01,0.02877210360020399,0.04519828216871247,0.022451460361480713,-0.02911594235672406,0.0,0.0,0.0,0.0,0.0580929146191389,0.02911594235672406,1,379,1788593620.4681063
1788593658.745929,38.248000,gate_sweep_medium_r01,0.028553069569170475,0.04478739679325372,0.021948039531707764,-0.027117675037196233,0.0,0.0,0.0,0.0,0.05747090683662169,0.027117675037196233,1,379,1788593620.4979124
1788593658.803055,38.284000,gate_sweep_medium_r01,0.028338542208075523,0.044479966280050576,0.02149820327758789,-0.02693294878582696,0.0,0.0,0.0,0.0,0.056953604968586535,0.02693294878582696,1,379,1788593620.5190365
1788593658.867124,38.316000,gate_sweep_medium_r01,0.028132405132055283,0.04422886297106743,0.020999431610107422,-0.026730901294018235,0.0,0.0,0.0,0.0,0.05646769577532918,0.026730901294018235,1,379,1788593620.5510972
1788593658.925783,38.348000,gate_sweep_medium_r01,0.0279338788241148,0.04408722301013768,0.020442664623260498,-0.026361913139960405,0.0,0.0,0.0,0.0,0.0560525410289761,0.026361913139960405,1,379,1788593620.5777586
1788593658.989007,38.380000,gate_sweep_medium_r01,0.027667677495628595,0.044080695835873485,0.019765466451644897,-0.02635500008191843,0.0,0.0,0.0,0.0,0.05567119351539005,0.02635500008191843,1,379,1788593620.6089892
1788593659.054269,38.416000,gate_sweep_medium_r01,0.02748974086716771,0.04415834718383849,0.01934090256690979,-0.02631060488675099,0.0,0.0,0.0,0.0,0.05549518890007624,0.02631060488675099,1,379,1788593620.6382446
1788593659.126994,38.448000,gate_sweep_medium_r01,0.02724937116727233,0.04429844312835485,0.018796831369400024,-0.026669536560368325,0.0,0.0,0.0,0.0,0.05530100507348417,0.026669536560368325,1,379,1788593620.678976
1788593659.188839,38.480000,gate_sweep_medium_r01,0.0270179258659482,0.04446208546869457,0.018250882625579834,-0.02745522335932756,0.0,0.0,0.0,0.0,0.05513565161432361,0.02745522335932756,1,379,1788593620.7088184
1788593659.257072,38.512000,gate_sweep_medium_r01,0.02673979988321662,0.044691814458929,0.017556697130203247,-0.026618397898748737,0.0,0.0,0.0,0.0,0.0549601018152941,0.026618397898748737,1,379,1788593620.74505
1788593659.328139,38.548000,gate_sweep_medium_r01,0.02657302003353834,0.04491167771629989,0.017024338245391846,-0.026420519274720982,0.0,0.0,0.0,0.0,0.05489091256017821,0.02642051927472098,1,379,1788593620.7801108
1788593659.392680,38.580000,gate_sweep_medium_r01,0.026511323172599077,0.04508419625926763,0.016668587923049927,-0.02665636213432771,0.0,0.0,0.0,0.0,0.054893322290189325,0.02665636213432771,1,379,1788593620.8126485
1788593659.454884,38.612000,gate_sweep_medium_r01,0.026572278700768948,0.045358090166701004,0.01614174246788025,-0.027066345645268598,0.0,0.0,0.0,0.0,0.05499089187148438,0.027066345645268598,1,379,1788593620.84286
1788593659.519714,38.644000,gate_sweep_medium_r01,0.02682303637266159,0.04549357472569682,0.015721797943115234,-0.028265176640670648,0.0,0.0,0.0,0.0,0.055102772635647196,0.028265176640670648,1,379,1788593620.8756757
1788593659.598051,38.680000,gate_sweep_medium_r01,0.027255909517407417,0.04553059389581904,0.015390247106552124,-0.029713672352926306,0.0,0.0,0.0,0.0,0.05525196186677746,0.029713672352926306,1,379,1788593620.9180322
1788593659.675462,38.712000,gate_sweep_medium_r01,0.027957821264863014,0.0454701941634994,0.015083760023117065,-0.03131188269284994,0.0,0.0,0.0,0.0,0.05546799206370595,0.03131188269284994,1,379,1788593620.9634416
1788593659.773156,38.744000,gate_sweep_medium_r01,0.02856470737606287,0.04539915450732224,0.014897912740707397,-0.03327286333444165,0.0,0.0,0.0,0.0,0.05566842499558928,0.03327286333444165,1,379,1788593621.0291355
1788593659.851140,38.776000,gate_sweep_medium_r01,0.029010959900915623,0.045339068135945126,0.014756113290786743,-0.034662879034581186,0.0,0.0,0.0,0.0,0.05581227260432012,0.034662879034581186,1,379,1788593621.0751162
1788593659.936678,38.812000,gate_sweep_medium_r01,0.029713443480432034,0.04520932136802003,0.014565646648406982,-0.036309010694350774,0.0,0.0,0.0,0.0,0.056026150361308875,0.036309010694350774,1,379,1788593621.124652
1788593660.017963,38.844000,gate_sweep_medium_r01,0.03027877490967512,0.045053304987959564,0.01450490951538086,-0.037938415393034504,0.0,0.0,0.0,0.0,0.05618715956887534,0.037938415393034504,1,379,1788593621.1739352
1788593660.099473,38.876000,gate_sweep_medium_r01,0.0308239022269845,0.044868464523460716,0.014408111572265625,-0.03948897851071096,0.0,0.0,0.0,0.0,0.05631061832612574,0.03948897851071097,1,379,1788593621.2234495
1788593660.211241,38.908000,gate_sweep_medium_r01,0.03149307053536177,0.044552031904459,0.014240473508834839,-0.041514053998319596,0.0,0.0,0.0,0.0,0.05638694994692505,0.041514053998319596,1,379,1788593621.3032186
1788593660.321231,38.944000,gate_sweep_medium_r01,0.03204695787280798,0.044195240712724626,0.014061063528060913,-0.04290063687727366,0.0,0.0,0.0,0.0,0.05637322341411183,0.04290063687727366,1,379,1788593621.3772
1788593660.390409,38.976000,gate_sweep_medium_r01,0.032494254410266876,0.04389351583085954,0.013910084962844849,-0.04329686198704424,0.0,0.0,0.0,0.0,0.05635608010983933,0.04329686198704424,1,379,1788593621.4143791
1788593660.460687,39.008000,gate_sweep_medium_r01,0.03312489204108715,0.043525847140699625,0.013701051473617554,-0.04359058247774598,0.0,0.0,0.0,0.0,0.056386848231940984,0.04359058247774598,1,379,1788593621.4526658
1788593660.536057,39.040000,gate_sweep_medium_r01,0.034024360589683056,0.043158914893865585,0.013359874486923218,-0.04440660222405611,0.0,0.0,0.0,0.0,0.056558246919959004,0.04440660222405611,1,379,1788593621.4960372
1788593660.606566,39.076000,gate_sweep_medium_r01,0.03480827063322067,0.042985995998606086,0.013089805841445923,-0.04423609361179678,0.0,0.0,0.0,0.0,0.056839727070372735,0.04423609361179678,1,379,1788593621.5305445
1788593660.689813,39.108000,gate_sweep_medium_r01,0.03557186108082533,0.042861770605668426,0.01281130313873291,-0.0449462384930177,0.0,0.0,0.0,0.0,0.057154336391204694,0.0449462384930177,1,379,1788593621.581788
1788593660.758639,39.140000,gate_sweep_medium_r01,0.03613080643117428,0.04277843586169183,0.012511223554611206,-0.044857390500279974,0.0,0.0,0.0,0.0,0.05737560860656142,0.044857390500279974,1,379,1788593621.6186209
1788593660.824858,39.172000,gate_sweep_medium_r01,0.037054652348160744,0.04263070831075311,0.012032777070999146,-0.04596750615038934,0.0,0.0,0.0,0.0,0.05775129674526738,0.04596750615038934,1,379,1788593621.6528404
1788593660.885581,39.208000,gate_sweep_medium_r01,0.037754785269498825,0.04247665358707309,0.011638641357421875,-0.04701870801673081,0.0,0.0,0.0,0.0,0.05800989470210117,0.04701870801673081,1,379,1788593621.6775622
1788593660.944260,39.240000,gate_sweep_medium_r01,0.038398252800107,0.0423025859054178,0.011153161525726318,-0.0474596598721963,0.0,0.0,0.0,0.0,0.05820934293053925,0.0474596598721963,1,379,1788593621.7042344
1788593661.003516,39.272000,gate_sweep_medium_r01,0.03912247344851494,0.042099315440282226,0.010445922613143921,-0.046629652146585356,0.0,0.0,0.0,0.0,0.05841264921667167,0.046629652146585356,1,379,1788593621.7314975
1788593661.061187,39.304000,gate_sweep_medium_r01,0.03962736576795578,0.041932676918804646,0.009805083274841309,-0.04696746298873462,0.0,0.0,0.0,0.0,0.05852193750475781,0.04696746298873462,1,379,1788593621.7571688
1788593661.120377,39.340000,gate_sweep_medium_r01,0.03995727747678757,0.04180801659822464,0.009354174137115479,-0.04782766161241688,0.0,0.0,0.0,0.0,0.05858323010061755,0.04782766161241688,1,379,1788593621.780352
1788593661.173785,39.372000,gate_sweep_medium_r01,0.040416281670331955,0.04160724487155676,0.00858151912689209,-0.04841145441398514,0.0,0.0,0.0,0.0,0.05863685803641351,0.04841145441398514,1,379,1788593621.8017638
1788593661.232357,39.404000,gate_sweep_medium_r01,0.0406796969473362,0.041451705154031515,0.007986992597579956,-0.0484110372194293,0.0,0.0,0.0,0.0,0.05862485526342622,0.048411037219429305,1,379,1788593621.8283396
1788593661.292474,39.436000,gate_sweep_medium_r01,0.04086899757385254,0.04127145791426301,0.007458209991455078,-0.04820934501089683,0.0,0.0,0.0,0.0,0.058559654177061084,0.04820934501089683,1,379,1788593621.856459
1788593661.348789,39.472000,gate_sweep_medium_r01,0.04105895012617111,0.041021492797881365,0.0069224536418914795,-0.04758747956644804,0.0,0.0,0.0,0.0,0.0584510104382651,0.04758747956644804,1,379,1788593621.8767672
1788593661.402840,39.504000,gate_sweep_medium_r01,0.04119792766869068,0.040758904069662094,0.00661015510559082,-0.04630283542118694,0.0,0.0,0.0,0.0,0.05832882354097805,0.04630283542118694,1,379,1788593621.898823
1788593661.461151,39.536000,gate_sweep_medium_r01,0.04131831414997578,0.04056159919127822,0.0064060986042022705,-0.04606003999952799,0.0,0.0,0.0,0.0,0.0582536223120653,0.04606003999952799,1,379,1788593621.9251287
1788593661.515639,39.568000,gate_sweep_medium_r01,0.041537584736943245,0.040229684207588434,0.0060882568359375,-0.045513520347055476,0.0,0.0,0.0,0.0,0.058145208818279864,0.045513520347055476,1,379,1788593621.947607
1788593661.576937,39.604000,gate_sweep_medium_r01,0.04168951138854027,0.03998773032799363,0.005867660045623779,-0.045574552652478804,0.0,0.0,0.0,0.0,0.05806430375894109,0.045574552652478804,1,379,1788593621.9729202
1788593661.638897,39.636000,gate_sweep_medium_r01,0.04181569442152977,0.03979884600266814,0.005651891231536865,-0.04471737934877167,0.0,0.0,0.0,0.0,0.05800383019759965,0.04471737934877167,1,379,1788593622.0028753
1788593661.705985,39.668000,gate_sweep_medium_r01,0.04195440001785755,0.03963349154219031,0.005455493927001953,-0.04470399403921756,0.0,0.0,0.0,0.0,0.05797195655375823,0.04470399403921756,1,379,1788593622.03796
1788593661.768830,39.700000,gate_sweep_medium_r01,0.042146164923906326,0.0393929798156023,0.005277097225189209,-0.04316293614364592,0.0,0.0,0.0,0.0,0.05793059495352747,0.04316293614364592,1,379,1788593622.0688086
1788593661.826896,39.736000,gate_sweep_medium_r01,0.042275914922356606,0.03923562495037913,0.005211293697357178,-0.0430150524205387,0.0,0.0,0.0,0.0,0.05791238925971939,0.0430150524205387,1,379,1788593622.0908766
1788593661.885450,39.768000,gate_sweep_medium_r01,0.042487991973757744,0.03902143286541104,0.005152702331542969,-0.04192999744035179,0.0,0.0,0.0,0.0,0.057917631392775136,0.04192999744035179,1,379,1788593622.11743
1788593661.937725,39.800000,gate_sweep_medium_r01,0.04276898503303528,0.038816061336547136,0.005115419626235962,-0.04156080946191417,0.0,0.0,0.0,0.0,0.057983102852391964,0.041560809461914164,1,379,1788593622.137709
1788593661.993941,39.832000,gate_sweep_medium_r01,0.04323933832347393,0.03860433027148247,0.005141794681549072,-0.04109079898862219,0.0,0.0,0.0,0.0,0.05819254889510121,0.04109079898862219,1,379,1788593622.1619167
1788593662.067126,39.868000,gate_sweep_medium_r01,0.04369380138814449,0.038452628534287214,0.005170881748199463,-0.041183072394017355,0.0006528645753860474,-0.0003746449947357178,0.0010444670915603638,0.0002240698131815168,0.05811287903155338,0.04140714220719887,1,377,1788593622.1990998
1788593662.129185,39.900000,gate_sweep_medium_r01,0.04411656595766544,0.038351277355104685,0.005180835723876953,-0.037210113712968486,-0.0008435769705101848,-0.0009824242442846298,6.04093074798584e-05,0.011895432543908537,0.0599564283485726,0.04910554625687702,1,370,1788593622.2291636
1788593662.187669,39.932000,gate_sweep_medium_r01,0.04501588083803654,0.03816319117322564,0.0052051544189453125,0.04906252886335575,-0.0007047204999253154,-0.0011551976203918457,0.0005664527998305857,0.02979640792600955,0.06047996888840207,0.019266120937346202,1,345,1788593622.2556498
1788593662.251103,39.964000,gate_sweep_medium_r01,0.045942433178424835,0.03795952629297972,0.005232572555541992,0.3311351675362603,-0.0008444337290711701,-0.0021051671355962753,0.00016616308130323887,0.16939077656776566,0.061805008530912614,0.16174439096849463,1,336,1788593622.287081
1788593662.323138,40.000000,gate_sweep_medium_r01,0.04710836708545685,0.03768136352300644,0.005318492650985718,0.8050606651949644,-0.0007787792128510773,-0.0034775324165821075,-2.39306828007102e-05,0.5747910123474476,0.06337014267491285,0.23026965284751685,1,318,1788593622.3231153
1788593662.393992,40.032000,gate_sweep_medium_r01,0.04888089932501316,0.037257962860167027,0.005364775657653809,1.6712689827482794,-0.0005087327444925904,-0.004317568615078926,0.00012174334551673383,1.1363416964765796,0.06477152122064474,0.5349272862716999,1,296,1788593622.3619738
1788593662.471497,40.064000,gate_sweep_medium_r01,0.050459688529372215,0.036915567703545094,0.005394577980041504,2.5550024263820688,0.00046458153519779444,-0.0065300241112709045,0.00010137433127965778,1.8904295920967202,0.06644582888613718,0.6645728342853486,1,275,1788593622.407474
1788593662.553426,40.096000,gate_sweep_medium_r01,0.05173267424106598,0.03666656743735075,0.005426287651062012,3.3177758032079616,0.0014742015628144145,-0.008516477420926094,-0.0006487942882813513,2.806302742378132,0.06785520053161255,0.5114730608298297,1,262,1788593622.457404
1788593662.614594,40.132000,gate_sweep_medium_r01,0.05398848280310631,0.0362500986084342,0.005440384149551392,4.760576607758952,0.004093342460691929,-0.010800408199429512,-0.00028815597761422396,4.00169025543708,0.06881926614440613,0.7588863523218713,1,253,1788593622.4825768
1788593662.675386,40.164000,gate_sweep_medium_r01,0.055939190089702606,0.035878198221325874,0.0054399967193603516,6.053230263177752,0.005995640065521002,-0.013745993375778198,-0.0006215836619958282,5.215946580284336,0.0706658427912925,0.8372836828934165,1,244,1788593622.511366
1788593662.736382,40.196000,gate_sweep_medium_r01,0.05805434659123421,0.0354909086599946,0.005435973405838013,7.46992074899688,0.006499820854514837,-0.01749049685895443,0.00010917003965005279,6.565391450237563,0.07411661951818509,0.9045292987593173,1,237,1788593622.540364
1788593662.803864,40.228000,gate_sweep_medium_r01,0.06093098223209381,0.035042268224060535,0.005422919988632202,9.430334949949506,0.007695742417126894,-0.02144714817404747,-0.000715697999112308,8.037639732027143,0.07786351876171108,1.392695217922363,1,229,1788593622.5758455
1788593662.861016,40.264000,gate_sweep_medium_r01,0.0633879229426384,0.03478468395769596,0.005432099103927612,11.164398467675063,0.009707659482955933,-0.02315099723637104,-0.00024756247876212,9.817484549234111,0.0791856830255026,1.3469139184409524,1,222,1788593622.5969987
1788593662.931707,40.296000,gate_sweep_medium_r01,0.06534478440880775,0.03462900687009096,0.005470186471939087,12.572825638658568,0.013625621795654297,-0.02577957697212696,-0.00020989250333514065,11.56330178069874,0.07972660835877464,1.0095238579598262,1,174,1788593622.6356885
1788593662.979354,40.328000,gate_sweep_medium_r01,0.06804637610912323,0.03451709356158972,0.005516558885574341,14.601777846945742,0.01675865612924099,-0.029219062998890877,-0.0009637867333367467,13.491248995635962,0.08206535659568809,1.1105288513097793,1,372,1788593622.6513312
1788593663.043429,40.360000,gate_sweep_medium_r01,0.07159007713198662,0.03451426047831774,0.005540668964385986,17.38961463980305,0.020817190408706665,-0.033153459429740906,-0.0007097814814187586,15.59126674223493,0.08482850036718764,1.798347897568118,1,276,1788593622.6834047
1788593663.107293,40.396000,gate_sweep_medium_r01,0.07452737540006638,0.03464894741773605,0.005504786968231201,19.81319211552891,0.02498028427362442,-0.036816440522670746,-9.197904728353024e-05,18.151714492053568,0.08714091864558926,1.6614776234753423,1,228,1788593622.7112787
1788593663.186969,40.428000,gate_sweep_medium_r01,0.07749344408512115,0.03497970849275589,0.0054045021533966064,22.43688440430031,0.03038175404071808,-0.040801312774419785,-0.002190360566601157,20.619209667497753,0.08955420963233193,1.817674736802561,1,203,1788593622.7589512
1788593663.241803,40.460000,gate_sweep_medium_r01,0.07969309017062187,0.035355959087610245,0.005281507968902588,24.543359268037943,0.036493949592113495,-0.04683345556259155,-0.0009289918234571815,23.311788809923026,0.0930582394790243,1.231570458114914,1,365,1788593622.781784
1788593663.308505,40.492000,gate_sweep_medium_r01,0.08330822736024857,0.03619776479899883,0.005023568868637085,28.347395109545626,0.0409802608191967,-0.05138789117336273,0.0023913299664855003,26.18261854650713,0.09731306472024853,2.164776563038498,1,261,1788593622.8164885
1788593663.377550,40.528000,gate_sweep_medium_r01,0.08615674823522568,0.037081582471728325,0.004835903644561768,31.683841525966596,0.047391127794981,-0.057070519775152206,0.002035580575466156,29.70046630161342,0.10185889011232878,1.9833752243531753,1,179,1788593622.8495338
1788593663.428258,40.560000,gate_sweep_medium_r01,0.088993139564991,0.03812108375132084,0.004693955183029175,35.28452620426477,0.05587353557348251,-0.06229248642921448,0.004209645092487335,33.12306884905475,0.10573565056885703,2.1614573552100245,1,305,1788593622.8682415
1788593663.503477,40.592000,gate_sweep_medium_r01,0.09262800961732864,0.03957142308354378,0.004765301942825317,40.12104706659913,0.06812599301338196,-0.0663391500711441,0.0017195413820445538,36.81408780207301,0.10875051715283096,3.3069592645261245,1,179,1788593622.9114547
1788593663.559822,40.624000,gate_sweep_medium_r01,0.09568215161561966,0.04084720415994525,0.005671203136444092,44.18808185057691,0.08334078639745712,-0.0714932382106781,0.001063547097146511,40.72302905742363,0.11311018867304524,3.4650527931532817,1,251,1788593622.9358058
1788593663.622941,40.660000,gate_sweep_medium_r01,0.09800268709659576,0.041889692889526486,0.007435709238052368,47.33924517010555,0.09795031696557999,-0.07534249871969223,-0.0005710517289116979,45.25880610178243,0.11750530929840274,2.0804390683231144,1,196,1788593622.962923
1788593663.690528,40.692000,gate_sweep_medium_r01,0.10179601609706879,0.04381632711738348,0.013648629188537598,52.69198166122875,0.112102210521698,-0.08053708076477051,0.0034468970261514187,49.43225346791302,0.12519609831994238,3.2597281933157296,1,171,1788593622.9985123
1788593663.755722,40.724000,gate_sweep_medium_r01,0.10464958101511002,0.04556382216105703,0.02259710431098938,57.023565432374056,0.12888330221176147,-0.0821496844291687,0.006771628279238939,53.673172861481156,0.13095212369503662,3.3503925708929048,1,156,1788593623.0317032
1788593663.831042,40.756000,gate_sweep_medium_r01,0.10718557983636856,0.04746225255075842,0.03544166684150696,61.331962410152336,0.14480003714561462,-0.07719748467206955,0.002145528793334961,57.894894478646535,0.13440063352550294,3.4370679315058,1,147,1788593623.0750241
1788593663.913427,40.792000,gate_sweep_medium_r01,0.10978401452302933,0.0499236723408103,0.056938350200653076,66.5848720686054,0.16006478667259216,-0.070042684674263,-0.009236740879714489,62.60870057259621,0.14594254192290615,3.9761714960091883,1,316,1788593623.1213999
1788593663.991715,40.824000,gate_sweep_medium_r01,0.11126972734928131,0.05187632702291012,0.07853293418884277,70.64157573735719,0.1683669537305832,-0.061613619327545166,-0.009891769848763943,66.62564834883584,0.15478691633082298,4.01592738852135,1,337,1788593623.1676903
1788593664.063286,40.856000,gate_sweep_medium_r01,0.11205736547708511,0.05330014741048217,0.0970425009727478,73.52178298260216,0.17631925642490387,-0.05106279253959656,-0.010747979395091534,70.54175830121234,0.1632176507646849,2.980024681389821,1,333,1788593623.2072625
1788593664.125683,40.888000,gate_sweep_medium_r01,0.11271294206380844,0.05554959271103144,0.13217687606811523,78.06991166490525,0.18651221692562103,-0.04485279694199562,-0.0011565964668989182,74.33269010026056,0.1824959936996235,3.737221564644687,1,399,1788593623.2376604
1788593664.203470,40.924000,gate_sweep_medium_r01,0.11268502473831177,0.057187192142009735,0.16355624794960022,81.39521629965905,0.1989528238773346,-0.04240282252430916,0.03543262183666229,78.41376308889089,0.18378239240432231,2.981453210768158,1,232,1788593623.2794507
1788593664.266924,40.956000,gate_sweep_medium_r01,0.11221090704202652,0.05867678299546242,0.19718408584594727,84.45903857032725,0.20789164304733276,-0.039024580270051956,0.06160597503185272,81.79459058469052,0.1925663100294961,2.664447985636722,1,378,1788593623.3108966
1788593664.323457,40.988000,gate_sweep_medium_r01,0.11132732033729553,0.05999009031802416,0.23256701231002808,87.21020280788439,0.2126433253288269,-0.037165284156799316,0.09733211994171143,84.90974560757373,0.19491684321950573,2.3004572003106567,1,213,1788593623.3354387
1788593664.396561,41.020000,gate_sweep_medium_r01,0.1098003163933754,0.061449721455574036,0.27852433919906616,90.26327803556676,0.21796749532222748,-0.03399847820401192,0.1269409954547882,87.77423084419254,0.2092558422514851,2.489047191374225,1,183,1788593623.3765368
1788593664.447403,41.056000,gate_sweep_medium_r01,0.10868741571903229,0.062219588086009026,0.3068363666534424,91.86581674972834,0.21613118052482605,-0.03024321421980858,0.15611858665943146,90.62927340455259,0.20690428128052477,1.2365433451757464,1,369,1788593623.391386
1788593664.514184,41.088000,gate_sweep_medium_r01,0.10710403323173523,0.06310802511870861,0.34517019987106323,93.76069694347078,0.2213139533996582,-0.027467120438814163,0.1884014904499054,92.961886455469,0.21406585694852226,0.7988104880017697,1,264,1788593623.4261615
1788593664.577607,41.120000,gate_sweep_medium_r01,0.10542847216129303,0.06381752714514732,0.3842136859893799,95.409005985882,0.21731002628803253,-0.02369581162929535,0.2186339795589447,94.95445279314002,0.21815752519419085,0.45455319274198075,1,230,1788593623.4575903
1788593664.650373,41.152000,gate_sweep_medium_r01,0.10318426042795181,0.06446739099919796,0.43433666229248047,97.11020361934156,0.2092321813106537,-0.020003795623779297,0.24498887360095978,96.66288184759264,0.23288221910529455,0.4473217717489117,1,199,1788593623.4983444
1788593664.708712,41.188000,gate_sweep_medium_r01,0.10130839794874191,0.06484395079314709,0.4757680892944336,98.23807874213186,0.20576725900173187,-0.020658409222960472,0.28126245737075806,98.39401165892076,0.23675883947772738,0.15593291678889354,1,372,1788593623.5206962
1788593664.782925,41.220000,gate_sweep_medium_r01,0.09989017993211746,0.06504015810787678,0.5077798664569855,98.93404839267416,0.20197854936122894,-0.027806781232357025,0.3216184377670288,99.69557217906608,0.23172972802260314,0.7615237863919112,1,225,1788593623.5629017
1788593664.838088,41.252000,gate_sweep_medium_r01,0.097557432949543,0.06517598405480385,0.5630894005298615,99.86910819112713,0.20174776017665863,-0.03445592150092125,0.36137980222702026,100.81091666722436,0.2479292297004367,0.9418084760972344,1,355,1788593623.5860713
1788593664.909400,41.284000,gate_sweep_medium_r01,0.09575176239013672,0.06509236246347427,0.6094006597995758,100.40543707869767,0.20429296791553497,-0.04459015280008316,0.4049872159957886,101.75429412907376,0.25611775311206236,1.3488570503760824,1,198,1788593623.6253812
1788593664.966583,41.320000,gate_sweep_medium_r01,0.09400422871112823,0.0648445188999176,0.6576909124851227,100.78693808811224,0.19916072487831116,-0.05260093882679939,0.4517225921154022,102.47270283628943,0.2593728459625653,1.6857647481771851,1,375,1788593623.6465616
1788593665.033520,41.352000,gate_sweep_medium_r01,0.09193504601716995,0.06429039314389229,0.7209408581256866,101.02292909918035,0.19067293405532837,-0.059284552931785583,0.49587318301200867,102.89991030287408,0.2750916142177342,1.876981203693733,1,280,1788593623.6815004
1788593665.105986,41.384000,gate_sweep_medium_r01,0.09030671417713165,0.06370232254266739,0.7739079296588898,101.05011000305768,0.18334798514842987,-0.06286812573671341,0.5389665365219116,103.18684956887259,0.2826202658882446,2.1367395658149024,1,204,1788593623.7219627
1788593665.163024,41.416000,gate_sweep_medium_r01,0.08903560042381287,0.06316129676997662,0.8150875866413116,100.96542743514279,0.1790509819984436,-0.06624703854322433,0.5865567922592163,103.33207299262756,0.2776249451138564,2.366645557484784,1,393,1788593623.7470067
1788593665.227867,41.452000,gate_sweep_medium_r01,0.08682461827993393,0.06207304261624813,0.8866349756717682,100.65944174563118,0.17511042952537537,-0.06856098026037216,0.6433203220367432,103.31704155312171,0.2899338770715269,2.657599807490517,1,315,1788593623.775845
1788593665.291060,41.484000,gate_sweep_medium_r01,0.08498973399400711,0.06105673033744097,0.946899801492691,100.27253129463728,0.17126597464084625,-0.07059217244386673,0.6947773694992065,103.14497550071022,0.2972217085240961,2.872444206072941,1,269,1788593623.8070385
1788593665.356437,41.516000,gate_sweep_medium_r01,0.08312620967626572,0.05997238960117102,1.0102037489414215,99.7814973622856,0.16402865946292877,-0.07640741765499115,0.7487341165542603,102.77295106128183,0.305795727356333,2.9914536989962266,1,234,1788593623.8404105
1788593665.423050,41.548000,gate_sweep_medium_r01,0.08075778931379318,0.05860452726483345,1.0940997898578644,99.0414031033209,0.15628141164779663,-0.08258476108312607,0.8027806282043457,102.28059876010121,0.3324230536848511,3.239195656780305,1,206,1788593623.8750257
1788593665.481246,41.584000,gate_sweep_medium_r01,0.0788097158074379,0.05756572540849447,1.1653591692447662,98.36845868348985,0.15133066475391388,-0.09071775525808334,0.8690736293792725,101.65548390728209,0.3391642667028469,3.2870252237922406,1,402,1788593623.8972301
1788593665.543520,41.616000,gate_sweep_medium_r01,0.07729009911417961,0.05688967742025852,1.221123844385147,97.82371584280021,0.14717425405979156,-0.09832483530044556,0.9410804510116577,101.02053465756552,0.3277188463358902,3.1968188147653054,1,281,1788593623.9274974
1788593665.617047,41.648000,gate_sweep_medium_r01,0.07521736994385719,0.0560101130977273,1.2978922426700592,97.06031622185097,0.14635778963565826,-0.10736928880214691,1.0131447315216064,100.35613349358982,0.3359091147681534,3.2958172717388416,1,232,1788593623.96903
1788593665.673981,41.680000,gate_sweep_medium_r01,0.07251285016536713,0.05499359965324402,1.3973137438297272,96.06661109902653,0.1443529576063156,-0.11189928650856018,1.0854334831237793,99.63955480303268,0.3609481036195563,3.5729437040061507,1,392,1788593623.9939628
1788593665.735842,41.716000,gate_sweep_medium_r01,0.07022033259272575,0.0542626678943634,1.4790728390216827,95.25899243860663,0.14230144023895264,-0.11484751850366592,1.170573353767395,98.79102222065973,0.3591181889367951,3.532029782053097,1,257,1788593624.0198123
1788593665.810307,41.748000,gate_sweep_medium_r01,0.06779344752430916,0.05361096281558275,1.5623628199100494,94.45462493961814,0.1399962157011032,-0.11622890830039978,1.2468522787094116,98.01244087770048,0.36552116650312444,3.5578159380823458,1,206,1788593624.0622907
1788593665.866357,41.780000,gate_sweep_medium_r01,0.06590493768453598,0.053209631238132715,1.625641256570816,93.85926413739134,0.1347971111536026,-0.11697249114513397,1.3273730278015137,97.19751554349696,0.35024566041186295,3.338251406105627,1,387,1788593624.0863287
1788593665.928418,41.812000,gate_sweep_medium_r01,0.06263963133096695,0.05264906818047166,1.7322477400302887,92.89413065206517,0.12852048873901367,-0.11845501512289047,1.4108108282089233,96.38926037349636,0.3700521354852036,3.495129721431173,1,255,1788593624.1163957
1788593665.989151,41.848000,gate_sweep_medium_r01,0.059890203177928925,0.05230258917436004,1.818364530801773,92.1562460824174,0.1199040338397026,-0.12063217908143997,1.5025638341903687,95.4889039176386,0.36501804602325566,3.33265783522121,1,214,1788593624.1411328
1788593666.058841,41.880000,gate_sweep_medium_r01,0.056991808116436005,0.0520165734924376,1.9050580561161041,91.45722996682524,0.11665965616703033,-0.12283821403980255,1.5816881656646729,94.77046699765474,0.37242789216773803,3.3132370308294963,1,186,1788593624.1788175
1788593666.120028,41.912000,gate_sweep_medium_r01,0.05312476307153702,0.0516607747413218,2.0140054523944855,90.6445278732285,0.11577315628528595,-0.12492458522319794,1.6584193706512451,94.11627338606475,0.40193117825763897,3.4717455128362418,1,417,1788593624.2080119
1788593666.177057,41.944000,gate_sweep_medium_r01,0.0497926902025938,0.051366742700338364,2.1015537083148956,90.0502341713609,0.11009848862886429,-0.12625865638256073,1.7440978288650513,93.45688164659646,0.40368586484598495,3.4066474752355576,1,306,1788593624.2330415
1788593666.239536,41.980000,gate_sweep_medium_r01,0.04718705266714096,0.051166889257729053,2.1673238575458527,89.65641149746713,0.10381630063056946,-0.12881700694561005,1.8382874727249146,92.77769638491328,0.3792967402357556,3.121284887446151,1,264,1788593624.2595153
1788593666.299204,42.012000,gate_sweep_medium_r01,0.042716387659311295,0.05081303883343935,2.2767055332660675,89.06764010195164,0.0985221117734909,-0.13079582154750824,1.9237107038497925,92.23201061685442,0.4008757994783416,3.16437051490278,1,244,1788593624.2871852
1788593666.362247,42.044000,gate_sweep_medium_r01,0.039104606956243515,0.05048434063792229,2.363559514284134,88.66005677154538,0.0917186588048935,-0.1328161358833313,2.00747013092041,91.73001247426635,0.4039392925789816,3.06995570272095,1,229,1788593624.3182247
1788593666.423187,42.076000,gate_sweep_medium_r01,0.03548322804272175,0.050089113879948854,2.4493651688098907,88.30728950491974,0.08332416415214539,-0.13439293205738068,2.089297294616699,91.26823364654555,0.40739569765407796,2.9609441416258115,1,220,1788593624.347167
1788593666.488609,42.112000,gate_sweep_medium_r01,0.030904658138751984,0.04949582810513675,2.554588109254837,87.94418652974083,0.07364022731781006,-0.13682803511619568,2.181497812271118,90.80951625589447,0.4192126913419719,2.8653297261536257,1,206,1788593624.3765829
1788593666.552299,42.144000,gate_sweep_medium_r01,0.0272123534232378,0.04898569104261696,2.6367326080799103,87.71008717057924,0.06792708486318588,-0.1390281319618225,2.264106273651123,90.48899728727424,0.4193533976335546,2.7789101166950045,1,197,1788593624.408276
1788593666.628048,42.176000,gate_sweep_medium_r01,0.02442047232761979,0.048585412790998816,2.696978360414505,87.56615257332973,0.06070057302713394,-0.1416972577571869,2.341226577758789,90.20336407271827,0.4050716865944052,2.6372114993885374,1,188,1788593624.4520323
1788593666.690353,42.208000,gate_sweep_medium_r01,0.019732250191736966,0.047817562241107225,2.794507771730423,87.38543052812103,0.057851266115903854,-0.1445542424917221,2.4188334941864014,90.01617237762994,0.4237819409076032,2.63074184950891,1,428,1788593624.4823275
1788593666.751127,42.244000,gate_sweep_medium_r01,0.016014075372368097,0.04710470326244831,2.869752436876297,87.28899160486787,0.05123410373926163,-0.14590778946876526,2.5035507678985596,89.82292277800339,0.41544907643484047,2.533931173135509,1,320,1788593624.5071113
1788593666.809503,42.276000,gate_sweep_medium_r01,0.012367134913802147,0.046373931341804564,2.9424112141132355,87.2346149315551,0.04797350987792015,-0.14662349224090576,2.5769407749176025,89.72959499887624,0.4148306417967437,2.494980067321142,1,297,1788593624.5334857
1788593666.872676,42.308000,gate_sweep_medium_r01,0.008778773248195648,0.04566858980251709,3.012401133775711,87.21920995708187,0.044291961938142776,-0.14783194661140442,2.649071216583252,89.67355069733078,0.4131734174538366,2.4543407402489104,1,287,1788593624.5646555
1788593666.933588,42.340000,gate_sweep_medium_r01,0.004368072375655174,0.044767280924133956,3.096122056245804,87.25053411830847,0.038605816662311554,-0.14968989789485931,2.7193121910095215,89.64720979697378,0.42540744242133993,2.3966756786653187,1,273,1788593624.5935726
1788593666.993143,42.376000,gate_sweep_medium_r01,0.0017822589725255966,0.044212363311089575,3.1442478001117706,87.29457875782836,0.03204727917909622,-0.15154297649860382,2.798276901245117,89.65333141135207,0.39866274891782005,2.3587526535237044,1,258,1788593624.61712
1788593667.051936,42.408000,gate_sweep_medium_r01,-0.001629844307899475,0.0434848265722394,3.206135541200638,87.38005484967296,0.02642633020877838,-0.1528184413909912,2.862452745437622,89.69725441365041,0.3967870789794408,2.317199563977446,1,240,1788593624.643913
1788593667.117107,42.440000,gate_sweep_medium_r01,-0.004977241158485413,0.042772362707182765,3.2655315697193146,87.49315401223183,0.02437339350581169,-0.15386328101158142,2.92333984375,89.80221819961027,0.39575524438439,2.3090641873784454,1,228,1788593624.6770933
1788593667.176828,42.472000,gate_sweep_medium_r01,-0.009004062041640282,0.04192760610021651,3.33621147274971,87.6711218475418,0.02063126675784588,-0.15473373234272003,2.983506441116333,89.92221326210785,0.40491329206476095,2.251091414566055,1,218,1788593624.7048106
1788593667.235094,42.508000,gate_sweep_medium_r01,-0.01203225553035736,0.04132507462054491,3.38994100689888,87.83891645083975,0.01433507539331913,-0.15586595237255096,3.0488946437835693,90.06604645920349,0.39483181110545146,2.2271300083637406,1,213,1788593624.727079
1788593667.296947,42.540000,gate_sweep_medium_r01,-0.014156103134155273,0.04094861447811127,3.4286530315876007,87.97742791282525,0.008968088775873184,-0.15725646913051605,3.1061534881591797,90.21779990624287,0.3792439042770955,2.2403719934176216,1,200,1788593624.756926
1788593667.372577,42.572000,gate_sweep_medium_r01,-0.017412330955266953,0.04040894703939557,3.490270644426346,88.22895174179655,0.0038757012225687504,-0.15765933692455292,3.1610848903656006,90.388221329214,0.3847693934072321,2.159269587417449,1,191,1788593624.8005567
1788593667.419645,42.604000,gate_sweep_medium_r01,-0.019709374755620956,0.03998446138575673,3.536983758211136,88.44515408806767,-0.021750852465629578,-0.19578032195568085,3.3200716972351074,90.5786693474418,0.32037484747112055,2.133515259374133,1,404,1788593624.8156288
1788593667.482611,42.640000,gate_sweep_medium_r01,-0.021748296916484833,0.03960313741117716,3.5815084278583527,88.67308415174573,-0.029580075293779373,-0.19647562503814697,3.40985107421875,90.82452492147038,0.29199446208910723,2.151440769724665,1,263,1788593624.842594
1788593667.547120,42.672000,gate_sweep_medium_r01,-0.023972876369953156,0.039156701415777206,3.6342799961566925,88.96762959221131,-0.03597712144255638,-0.19925454258918762,3.4568700790405273,91.04033578467516,0.29741940397176947,2.072706192463861,1,245,1788593624.875104
1788593667.605973,42.704000,gate_sweep_medium_r01,-0.02546297386288643,0.03882673615589738,3.6743681728839874,89.21035659003907,-0.03620513156056404,-0.2004677951335907,3.4981865882873535,91.29675225568282,0.2973503277416025,2.0863956656437526,1,194,1788593624.9019537
1788593667.671376,42.736000,gate_sweep_medium_r01,-0.026383526623249054,0.03859374253079295,3.7032091915607452,89.39397189944752,-0.03252188116312027,-0.20026372373104095,3.5464112758636475,91.57346675680468,0.2857904038844455,2.179494857357153,1,173,1788593624.9353526
1788593667.729803,42.772000,gate_sweep_medium_r01,-0.027609091252088547,0.038218443281948566,3.7491429150104523,89.69888623044488,-0.0736488327383995,-0.2655954360961914,3.6252691745758057,91.57465029764481,0.33131138626402734,1.8757640671999205,1,373,1788593624.9577785
1788593667.786853,42.804000,gate_sweep_medium_r01,-0.028305359184741974,0.03793272562325001,3.7840631306171417,89.94158217543568,-0.05239207670092583,-0.22844380140304565,3.762380361557007,92.08864150223921,0.26834076579120514,2.147059326803538,1,244,1788593624.9828358
1788593667.849368,42.836000,gate_sweep_medium_r01,-0.028733156621456146,0.0376481544226408,3.8174817860126495,90.18015223244917,-0.05996120348572731,-0.18764394521713257,3.929816722869873,92.41455105856144,0.2536747112145219,2.23439882611226,1,204,1788593625.0133498
1788593667.918278,42.868000,gate_sweep_medium_r01,-0.02884674072265625,0.03733129985630512,3.8573935329914093,90.46835759972981,-0.056046973913908005,-0.1796562373638153,4.0052337646484375,92.69819699701569,0.2639700325622501,2.2298393972858723,1,171,1788593625.0502596
1788593667.971288,42.904000,gate_sweep_medium_r01,-0.028619609773159027,0.03711917623877525,3.8878786861896515,90.69027234905342,-0.07561155408620834,-0.18229058384895325,4.048464775085449,92.89745237376422,0.27592893577681255,2.2071800247108073,1,404,1788593625.0672688
1788593668.031330,42.936000,gate_sweep_medium_r01,-0.02825966477394104,0.036951151676476,3.9098837673664093,90.84978829709608,-0.07841230183839798,-0.18615888059139252,4.107746601104736,93.10046168932487,0.3023955596202585,2.2506733922287916,1,305,1788593625.0953076
1788593668.095076,42.968000,gate_sweep_medium_r01,-0.027648411691188812,0.03672558628022671,3.9382660686969757,91.05272893373983,-0.07624547183513641,-0.1853732466697693,4.13815450668335,93.32612464426937,0.3027291751599392,2.2733957105295297,1,264,1788593625.1270566
1788593668.158282,43.000000,gate_sweep_medium_r01,-0.026646990329027176,0.03647132683545351,3.9721029102802277,91.29068915501462,-0.07619878649711609,-0.18601860105991364,4.168850421905518,93.5276839515148,0.3011091693208845,2.236994796500187,1,235,1788593625.1582525
1788593668.220441,43.036000,gate_sweep_medium_r01,-0.02572287991642952,0.03632114361971617,3.9979865849018097,91.46683811112301,-0.07734721153974533,-0.18696531653404236,4.202456474304199,93.72707678593638,0.3071316502345134,2.2602386748133623,1,229,1788593625.1844168
1788593668.287258,43.068000,gate_sweep_medium_r01,-0.024748526513576508,0.036257912404835224,4.022903233766556,91.62888291389805,-0.07774107903242111,-0.18687933683395386,4.230868816375732,93.89812285135345,0.30959348534859427,2.2692399374553935,1,214,1788593625.219239
1788593668.349572,43.100000,gate_sweep_medium_r01,-0.02399536967277527,0.03625553101301193,4.040982514619827,91.7408317002554,-0.07779138535261154,-0.187295064330101,4.25860595703125,94.05250508219042,0.31658939127564467,2.3116733819350346,1,210,1788593625.2495508
1788593668.406840,43.132000,gate_sweep_medium_r01,-0.02271842584013939,0.03633008059114218,4.070063382387161,91.91036694984624,-0.07837390154600143,-0.18860472738742828,4.286782264709473,94.19013655843162,0.3172700328922258,2.2797696085853865,1,206,1788593625.2748222
1788593668.464279,43.168000,gate_sweep_medium_r01,-0.021711621433496475,0.03650093451142311,4.092423230409622,92.0289739810673,-0.07710843533277512,-0.18941164016723633,4.316257476806641,94.33631953160238,0.3228111959772358,2.3073455505350915,1,205,1788593625.2962623
1788593668.526637,43.200000,gate_sweep_medium_r01,-0.02074374631047249,0.0367820430546999,4.114054471254349,92.13433005872346,-0.07751266658306122,-0.19064490497112274,4.342455863952637,94.44119834559741,0.3272811072820631,2.30686828687395,1,201,1788593625.3266144
1788593668.592464,43.232000,gate_sweep_medium_r01,-0.019563574343919754,0.03720556478947401,4.140157967805862,92.24479485175218,-0.07851684093475342,-0.1911909580230713,4.367902755737305,94.52162679904251,0.3278843511125974,2.276831947290337,1,192,1788593625.360441
1788593668.653670,43.264000,gate_sweep_medium_r01,-0.018609669059515,0.03762442339211702,4.160281926393509,92.31673338281307,-0.07887808978557587,-0.19199055433273315,4.391083240509033,94.59304719282471,0.3310960089307176,2.276313810011643,1,184,1788593625.389644
1788593668.723288,43.300000,gate_sweep_medium_r01,-0.017887603491544724,0.03797078924253583,4.174955636262894,92.3621877424003,-0.07916606962680817,-0.18988841772079468,4.414367198944092,94.64163617622613,0.33614396462721413,2.2794484338258307,1,177,1788593625.4232624
1788593668.779432,43.332000,gate_sweep_medium_r01,-0.016707327216863632,0.03858474735170603,4.198537141084671,92.42176633448955,-0.12241534143686295,-0.14274871349334717,4.636623859405518,94.54264436412748,0.4857735903293928,2.1208780296379417,1,390,1788593625.4474118
1788593668.841068,43.364000,gate_sweep_medium_r01,-0.015777453780174255,0.03912073280662298,4.21656921505928,92.45457840308791,-0.129925936460495,-0.11896948516368866,4.738576889038086,94.59495149509985,0.5572381939609695,2.140373092011939,1,247,1788593625.4770503
1788593668.899902,43.396000,gate_sweep_medium_r01,-0.014861319214105606,0.039658327121287584,4.233908444643021,92.47622572258561,-0.12984870374202728,-0.11507835239171982,4.759840965270996,94.6188225625777,0.5601522604090597,2.142596839992091,1,187,1788593625.503887
1788593668.958915,43.432000,gate_sweep_medium_r01,-0.013785399496555328,0.04033926408737898,4.254715234041214,92.48659348834737,-0.12998606264591217,-0.11200308054685593,4.789785385131836,94.63044055489594,0.5683404355429476,2.1438470665485796,1,184,1788593625.5268996
1788593669.018600,43.464000,gate_sweep_medium_r01,-0.012988869100809097,0.040912603959441185,4.270678788423538,92.48284359518031,-0.13135257363319397,-0.10815246403217316,4.8151984214782715,94.62329805469304,0.5768292570839622,2.140454459512732,1,183,1788593625.554584
1788593669.084010,43.496000,gate_sweep_medium_r01,-0.012425713241100311,0.041338738054037094,4.282329827547073,92.47307188421699,-0.13150696456432343,-0.1048392727971077,4.840057373046875,94.61456367651363,0.5887345499308966,2.1414917922966277,1,182,1788593625.5879927
1788593669.147281,43.528000,gate_sweep_medium_r01,-0.011577751487493515,0.04202881804667413,4.30112960934639,92.44729861950084,-0.13148392736911774,-0.10238895565271378,4.864170074462891,94.59587429598483,0.5935053072496052,2.1485756764839765,1,182,1788593625.6192575
1788593669.218646,43.564000,gate_sweep_medium_r01,-0.010929984971880913,0.042546885553747416,4.315606862306595,92.41880436113233,-0.13058076798915863,-0.09996499866247177,4.886401176452637,94.56738825479383,0.6003599720842113,2.1485838936614927,1,179,1788593625.6546144
1788593669.291043,43.596000,gate_sweep_medium_r01,-0.010276660323143005,0.04306383919902146,4.32965686917305,92.38338277835965,-0.13096840679645538,-0.09739454090595245,4.9092278480529785,94.53072057272871,0.6084386359924313,2.1473377943690632,1,177,1788593625.6950154
1788593669.367025,43.628000,gate_sweep_medium_r01,-0.009646093472838402,0.04361350182443857,4.343268662691116,92.34067458707699,-0.12983132898807526,-0.09541069716215134,4.931157112121582,94.49707501503988,0.6159424061659281,2.1564004279629017,1,177,1788593625.7390053
1788593669.439356,43.660000,gate_sweep_medium_r01,-0.00886627845466137,0.04430235526524484,4.359798222780228,92.28122682212876,-0.12993790209293365,-0.09347794204950333,4.950752258300781,94.44531465491005,0.6187636224573771,2.164087832781294,1,177,1788593625.7793305
1788593669.522590,43.696000,gate_sweep_medium_r01,-0.00839465856552124,0.04469721659552306,4.369539052248001,92.243783951383,-0.1302579939365387,-0.08979423344135284,4.9758381843566895,94.3868807205255,0.6328801310173352,2.1430967691425056,1,174,1788593625.8265717
1788593669.589340,43.728000,gate_sweep_medium_r01,-0.007743364199995995,0.04524247610243037,4.382277280092239,92.19177320900741,-0.12946900725364685,-0.08849246799945831,4.996092796325684,94.33740649487368,0.6398997229407821,2.1456332858662734,1,173,1788593625.8613107
1788593669.660849,43.760000,gate_sweep_medium_r01,-0.007054958492517471,0.04579129231933621,4.39474418759346,92.1371310233623,-0.13083767890930176,-0.08554603159427643,5.015900135040283,94.27366526850325,0.6468433856623483,2.136534245140951,1,173,1788593625.900829
1788593669.725174,43.792000,gate_sweep_medium_r01,-0.006105845794081688,0.04648413718678057,4.4099991619586945,92.06861709149852,-0.13137057423591614,-0.08249616622924805,5.036731243133545,94.21088592020718,0.6520124787415166,2.142268828708654,1,170,1788593625.9331527
1788593669.792747,43.828000,gate_sweep_medium_r01,-0.0052775368094444275,0.04698680236469954,4.421882897615433,92.01270259920717,-0.13168063759803772,-0.07948726415634155,5.058542728424072,94.14506583795855,0.6612935608008182,2.132363238751378,1,167,1788593625.9647205
1788593669.870796,43.860000,gate_sweep_medium_r01,-0.004591202363371849,0.04732259549200535,4.4306104481220245,91.9711758579072,-0.1261296421289444,-0.07549551874399185,5.082353115081787,94.10640560002932,0.6742583966558816,2.1352297421221156,1,166,1788593626.0107744
1788593669.931277,43.892000,gate_sweep_medium_r01,-0.0033571049571037292,0.04780976288020611,4.444803982973099,91.90358813394047,-0.1695803999900818,-0.0033597201108932495,5.259028434753418,93.95382249340007,0.832592311805819,2.0502343594595946,1,394,1788593626.0392604
1788593669.992036,43.924000,gate_sweep_medium_r01,-0.0023310165852308273,0.0481459591537714,4.455809861421585,91.85087502405376,-0.18697302043437958,0.03498399257659912,5.358261585235596,93.85942325318469,0.9212410220808054,2.008548229130911,1,230,1788593626.0680077
1788593670.049703,43.960000,gate_sweep_medium_r01,-0.0013142861425876617,0.04844005824998021,4.466515332460403,91.80075443352732,-0.18810094892978668,0.041249606758356094,5.38834285736084,93.79961027827206,0.9405886165863889,1.9988558447447304,1,215,1788593626.0896854
1788593670.111306,43.992000,gate_sweep_medium_r01,-5.637854337692261e-05,0.048778686905279756,4.479512959718704,91.74321411274731,-0.1900869458913803,0.044796448200941086,5.407670974731445,93.7378694144484,0.9474200628992897,1.9946553017010817,1,209,1788593626.119288
1788593670.165905,44.024000,gate_sweep_medium_r01,0.0009345971047878265,0.049039606703445315,4.4896500408649445,91.70207259704002,-0.1900869458913803,0.044796448200941086,5.407670974731445,93.73788969798282,0.9376938035946685,2.0358171009428028,1,208,1788593626.1418805
1788593670.229067,44.056000,gate_sweep_medium_r01,0.0016489606350660324,0.04925986798480153,4.497109681367874,91.67409594705676,-0.18862493336200714,0.049526605755090714,5.440570831298828,93.65589101702135,0.96245683919586,1.9817950699645976,1,205,1788593626.1730492
1788593670.289962,44.092000,gate_sweep_medium_r01,0.002806423231959343,0.049636627081781626,4.5093481838703156,91.63175437140168,-0.18894092738628387,0.05267809331417084,5.460304260253906,93.6075316959971,0.9700998691871018,1.9757773245954116,1,202,1788593626.1979442
1788593670.354018,44.124000,gate_sweep_medium_r01,0.003755541518330574,0.04989684512838721,4.518961697816849,91.60167810554867,-0.18963876366615295,0.05415605381131172,5.4751386642456055,93.56631119979386,0.9755479943423049,1.9646330942451824,1,200,1788593626.230001
1788593670.414551,44.156000,gate_sweep_medium_r01,0.0047393497079610825,0.0500924177467823,4.528422147035599,91.57685395328978,-0.18925566971302032,0.05531385540962219,5.49107027053833,93.53461480261433,0.9820146336255605,1.9577608493245495,1,199,1788593626.258536
1788593670.472575,44.188000,gate_sweep_medium_r01,0.005999840795993805,0.05030693858861923,4.540035992860794,91.5520185303245,-0.188911572098732,0.05798492953181267,5.507174968719482,93.50947763032879,0.9866140121884215,1.957459100004294,1,197,1788593626.284556
1788593670.536618,44.224000,gate_sweep_medium_r01,0.007045365869998932,0.050443577114492655,4.549149304628372,91.53713764335497,-0.18861232697963715,0.060578715056180954,5.5246901512146,93.48750280579446,0.995019897866627,1.950365162439501,1,196,1788593626.3126
1788593670.597907,44.256000,gate_sweep_medium_r01,0.007874000817537308,0.05052691092714667,4.555901795625687,91.52814125247936,-0.19010813534259796,0.06311134994029999,5.5402445793151855,93.46086972024646,1.0041344582003935,1.9327284677671084,1,196,1788593626.3418868
1788593670.656748,44.288000,gate_sweep_medium_r01,0.008982042782008648,0.050606660079211,4.564832955598831,91.52086292718927,-0.19094711542129517,0.06641129404306412,5.555438041687012,93.44275898812498,1.010702672074426,1.9218960609356985,1,196,1788593626.3687222
1788593670.721030,44.320000,gate_sweep_medium_r01,0.010431271977722645,0.05061148339882493,4.575851231813431,91.51597526520779,-0.19181084632873535,0.06896986067295074,5.570217609405518,93.43021013974355,1.0148908302466975,1.9142348745357674,1,194,1788593626.401012
1788593670.778205,44.356000,gate_sweep_medium_r01,0.011670523323118687,0.050547904800623655,4.584560662508011,91.51690362800278,-0.19448447227478027,0.0728820189833641,5.586910247802734,93.41037611922063,1.0235738302666797,1.8934724912178524,1,193,1788593626.4221847
1788593670.838242,44.388000,gate_sweep_medium_r01,0.012990037444978952,0.05040607275441289,4.5931117832660675,91.52122494482228,-0.19474416971206665,0.07577002048492432,5.6016154289245605,93.41126282360239,1.029988560118079,1.890037878780112,1,190,1788593626.4502256
1788593670.894795,44.420000,gate_sweep_medium_r01,0.014031877275556326,0.05025158869102597,4.599399358034134,91.52645614778041,-0.19499003887176514,0.07841719686985016,5.6148505210876465,93.41424834087636,1.0371231978220872,1.8877921930959596,1,189,1788593626.4747763
1788593670.956336,44.452000,gate_sweep_medium_r01,0.015813279431313276,0.04989815782755613,4.609643250703812,91.53802794061014,-0.19699203968048096,0.08164211362600327,5.6286139488220215,93.41065480108843,1.0414389402147004,1.8726268604782939,1,187,1788593626.504319
1788593671.020925,44.488000,gate_sweep_medium_r01,0.01727711921557784,0.04956992692314088,4.617617875337601,91.5517942543052,-0.19907014071941376,0.08461739122867584,5.64401388168335,93.40931020648375,1.049534765254648,1.8575159521785651,1,186,1788593626.5329056
1788593671.085257,44.520000,gate_sweep_medium_r01,0.01872691698372364,0.04924082010984421,4.625413209199905,91.56768969251948,-0.20010949671268463,0.08711820095777512,5.656861305236816,93.41613307648431,1.0550873171247837,1.848443383964844,1,185,1788593626.5652385
1788593671.143591,44.552000,gate_sweep_medium_r01,0.020441529544768855,0.04880277765914798,4.634927064180374,91.59120639725518,-0.201150581240654,0.08926934003829956,5.668726444244385,93.4282280852473,1.0580556528150387,1.8370216879921206,1,184,1788593626.591569
1788593671.202404,44.584000,gate_sweep_medium_r01,0.02175004710443318,0.04846220975741744,4.642318993806839,91.6115898715459,-0.20090825855731964,0.09139319509267807,5.680962562561035,93.44990943547579,1.0631087684223433,1.8383195639298961,1,183,1788593626.618387
1788593671.265145,44.620000,gate_sweep_medium_r01,0.022719653323292732,0.04818236734718084,4.647738724946976,91.6279548726545,-0.20076076686382294,0.09323905408382416,5.693923473358154,93.47315545414637,1.0707362565239187,1.8452005814918704,1,181,1788593626.6451273
1788593671.326545,44.652000,gate_sweep_medium_r01,0.024317743256688118,0.047620855271816254,4.656550198793411,91.65684221659609,-0.20250678062438965,0.09621470421552658,5.706288814544678,93.48584930196049,1.0750636670395046,1.8290070853644016,1,180,1788593626.6745284
1788593671.389633,44.684000,gate_sweep_medium_r01,0.025556831620633602,0.04713995091151446,4.663503438234329,91.68174564907258,-0.20388129353523254,0.09909442067146301,5.719392776489258,93.50302500514931,1.081777895338737,1.8212793560767297,1,178,1788593626.705613
1788593671.448085,44.716000,gate_sweep_medium_r01,0.026728265453130007,0.04662860796088353,4.670380383729935,91.70668121488697,-0.2050037682056427,0.10214453190565109,5.732232093811035,93.52270998454223,1.0882604501851703,1.8160287696552726,1,176,1788593626.7320673
1788593671.510027,44.752000,gate_sweep_medium_r01,0.0281238267198205,0.04594066303980071,4.6789014637470245,91.73948680916395,-0.20599105954170227,0.10490918904542923,5.745717525482178,93.5480114954362,1.093793205594469,1.8085246862722582,1,173,1788593626.7580092
1788593671.569553,44.784000,gate_sweep_medium_r01,0.029207248240709305,0.04535483365179971,4.685635358095169,91.76607432421798,-0.20666368305683136,0.10666584968566895,5.7568864822387695,93.57134098842742,1.0986232784249577,1.8052666642094428,1,173,1788593626.7855368
1788593671.628480,44.816000,gate_sweep_medium_r01,0.029997496865689754,0.04490095539949834,4.690598279237747,91.7859393354528,-0.20793353021144867,0.10829591751098633,5.766965389251709,93.5885765199902,1.104172201419193,1.8026371845373954,1,173,1788593626.8124616
1788593671.688190,44.848000,gate_sweep_medium_r01,0.03129089716821909,0.04414882371202111,4.698702126741409,91.81838001120015,-0.21046173572540283,0.10982325673103333,5.776875019073486,93.59616734148149,1.106893966205925,1.7777873302813358,1,173,1788593626.8401718
1788593671.745430,44.884000,gate_sweep_medium_r01,0.03230022545903921,0.04356575105339289,4.705053597688675,91.84371948294554,-0.21266883611679077,0.1122923344373703,5.788378715515137,93.61366591633862,1.1128011930738997,1.7699464333930748,1,172,1788593626.861413
1788593671.808885,44.916000,gate_sweep_medium_r01,0.033281778916716576,0.042972317431122065,4.711244374513626,91.86892241112187,-0.21359708905220032,0.11464560776948929,5.798673152923584,93.63631713275184,1.1174021586303273,1.767394721629976,1,167,1788593626.8928683
1788593671.869491,44.948000,gate_sweep_medium_r01,0.03420060407370329,0.04239141452126205,4.717289716005325,91.8942627161792,-0.21585571765899658,0.11705911159515381,5.809352397918701,93.64901137780826,1.1228109058308264,1.7547486616290622,1,166,1788593626.9214745
1788593671.930649,44.980000,gate_sweep_medium_r01,0.03522156272083521,0.04172622226178646,4.7246377766132355,91.92355395063906,-0.21783983707427979,0.1193566620349884,5.8199849128723145,93.66205510060904,1.1268770590249004,1.7385011499699674,1,166,1788593626.950633
1788593671.993489,45.016000,gate_sweep_medium_r01,0.03571816999465227,0.04135455237701535,4.728907376527786,91.94075269903627,-0.21895749866962433,0.12165689468383789,5.831175327301025,93.68401592741708,1.134152898727237,1.743263228380818,1,166,1788593626.977473
1788593672.060642,45.048000,gate_sweep_medium_r01,0.036259355023503304,0.040882169269025326,4.734452039003372,91.96395500942114,-0.22025205194950104,0.12383554875850677,5.840857028961182,93.70061977862726,1.138776258480803,1.7366647692061155,1,166,1788593627.0126193
1788593672.138882,45.080000,gate_sweep_medium_r01,0.03667213395237923,0.04044848866760731,4.739846974611282,91.98533376877195,-0.22099775075912476,0.12898461520671844,5.855469703674316,93.70866640798828,1.148410418270333,1.72333263921633,1,166,1788593627.0588617
1788593672.199565,45.112000,gate_sweep_medium_r01,0.03697662055492401,0.0399880763143301,4.74529293179512,92.04448375345257,-0.30082547664642334,0.22219234704971313,6.2328104972839355,93.55732611207411,1.5362347349235446,1.5128423586215463,1,398,1788593627.0875492
1788593672.264505,45.148000,gate_sweep_medium_r01,0.037060465663671494,0.03979311930015683,4.747516423463821,92.16729292793563,-0.27825409173965454,0.20420514047145844,6.509847164154053,93.73533306776493,1.7978498887276064,1.5680401398292974,1,218,1788593627.1164856
1788593672.338429,45.180000,gate_sweep_medium_r01,0.03699841536581516,0.039862644858658314,4.747843533754349,92.32656671967186,-0.2915233075618744,0.24192509055137634,6.466840744018555,93.78448457892641,1.7617341352459577,1.4579178592545494,1,199,1788593627.1583972
1788593672.392158,45.212000,gate_sweep_medium_r01,0.03662652149796486,0.04066287027671933,4.7461502850055695,92.7478137310143,-0.3033100366592407,0.28031471371650696,6.536023139953613,94.01872320856064,1.8375621639867634,1.2709094775463328,1,392,1788593627.1801345
1788593672.451770,45.244000,gate_sweep_medium_r01,0.035979392006993294,0.042237759567797184,4.743045598268509,93.24160236430677,-0.29034051299095154,0.2501376271247864,6.5707783699035645,94.44496801732404,1.868238239582105,1.2033656530172634,1,272,1788593627.2077336
1788593672.513627,45.280000,gate_sweep_medium_r01,0.03487479407340288,0.04490969330072403,4.738726884126663,93.87854612833003,-0.28575775027275085,0.24419733881950378,6.56987190246582,95.02658836948224,1.8696558165444834,1.148042241152211,1,250,1788593627.2336109
1788593672.580116,45.312000,gate_sweep_medium_r01,0.0326440641656518,0.05008400557562709,4.732040196657181,94.87123029415854,-0.2831801176071167,0.24297897517681122,6.569637298583984,95.69946445564311,1.8744909954704152,0.8282341614845736,1,226,1788593627.268095
1788593672.641023,45.344000,gate_sweep_medium_r01,0.030108709819614887,0.055871209129691124,4.725930482149124,95.81076547139921,-0.2805267572402954,0.24238699674606323,6.569795608520508,96.5194221400319,1.8791277595401126,0.7086566686326908,1,219,1788593627.297008
1788593672.708611,45.376000,gate_sweep_medium_r01,0.02767757046967745,0.06131086591631174,4.720968037843704,96.58996666324299,-0.278008371591568,0.24296477437019348,6.569789409637451,97.47767006287769,1.882706164655482,0.8877033996347079,1,211,1788593627.3325882
1788593672.770602,45.412000,gate_sweep_medium_r01,0.022539124358445406,0.0725688673555851,4.712112218141556,98.00830268587949,-0.2759246528148651,0.24864807724952698,6.567868709564209,98.698005448991,1.8878338565400161,0.6897027631115153,1,202,1788593627.3585875
1788593672.837727,45.444000,gate_sweep_medium_r01,0.017298148944973946,0.08366118744015694,4.7045948803424835,99.22368912851273,-0.27327871322631836,0.25414103269577026,6.565607070922852,99.8919928516013,1.8912600730614582,0.668303723088564,1,196,1788593627.393707
1788593672.904994,45.476000,gate_sweep_medium_r01,0.010946892201900482,0.09665057808160782,4.69686821103096,100.48448125771712,-0.27598750591278076,0.2637272775173187,6.56036376953125,101.12405794850159,1.892844861277879,0.6395766907844689,1,185,1788593627.4289775
1788593672.977936,45.508000,gate_sweep_medium_r01,0.0014394931495189667,0.11560161411762238,4.687043935060501,102.08821776191165,-0.2825118601322174,0.27333545684814453,6.553858757019043,102.37289239605488,1.8948630334821484,0.2846746341432198,1,180,1788593627.4699113
1788593673.037816,45.544000,gate_sweep_medium_r01,-0.007507435977458954,0.1331232786178589,4.679127007722855,103.36234894881122,-0.2796615660190582,0.287341833114624,6.562985897064209,103.92162698738163,1.9096532533421382,0.5592780385704068,1,394,1788593627.4937997
1788593673.109721,45.576000,gate_sweep_medium_r01,-0.015023965388536453,0.14767374098300934,4.6732275784015656,104.2967554013272,-0.2868834435939789,0.31213417649269104,6.593580722808838,105.21364379740672,1.9464611503888456,0.9168883960795164,1,250,1788593627.5337045
1788593673.175481,45.608000,gate_sweep_medium_r01,-0.025822725147008896,0.168738454580307,4.6654689610004425,105.49787225779261,-0.28562450408935547,0.3313698172569275,6.610288619995117,106.51908081544053,1.9688243777645138,1.0212085576479304,1,217,1788593627.5674648
1788593673.242021,45.640000,gate_sweep_medium_r01,-0.04077913239598274,0.1979726478457451,4.655966550111771,106.90194685991725,-0.2889070212841034,0.3528403043746948,6.6014180183410645,107.7488751020029,1.9673161554560465,0.8469282420856561,1,188,1788593627.602001
1788593673.313444,45.676000,gate_sweep_medium_r01,-0.053858883678913116,0.22364603728055954,4.648605138063431,107.92865478824817,-0.2977311313152313,0.3819985091686249,6.584906578063965,109.02962179013794,1.958012371020263,1.100967001889773,1,178,1788593627.637427
1788593673.389869,45.708000,gate_sweep_medium_r01,-0.0678287073969841,0.2512398734688759,4.641488820314407,108.85462298182759,-0.31689080595970154,0.4067743420600891,6.569970607757568,109.96689386452073,1.9507088210085033,1.1122708826931333,1,166,1788593627.6818528
1788593673.457001,45.740000,gate_sweep_medium_r01,-0.07888180762529373,0.2731950804591179,4.636338979005814,109.47713257194305,-0.42501068115234375,0.47632089257240295,6.590065956115723,110.62007250283678,1.9945210938274904,1.1429399308937243,1,407,1788593627.7169778
1788593673.524839,45.772000,gate_sweep_medium_r01,-0.10221222788095474,0.3201652094721794,4.626639634370804,110.5274981283102,-0.5082962512969971,0.5255224108695984,6.540536403656006,111.27449111222258,1.9672510408485935,0.7469929839123699,1,254,1788593627.7528214
1788593673.595772,45.808000,gate_sweep_medium_r01,-0.11451156437397003,0.34522881358861923,4.622119218111038,110.95144400594813,-0.5498649477958679,0.5725591778755188,6.508408546447754,111.99903069606788,1.9491790818651544,1.0475866901197395,1,185,1788593627.7877545
1788593673.671333,45.840000,gate_sweep_medium_r01,-0.131326824426651,0.3801480755209923,4.616443425416946,111.40777036217332,-0.5619555711746216,0.5963150262832642,6.493487358093262,112.48431059511924,1.9379017501732523,1.0765402329459162,1,162,1788593627.8313134
1788593673.733408,45.872000,gate_sweep_medium_r01,-0.1528361439704895,0.4259617254137993,4.609883576631546,111.81150197770334,-0.5409780740737915,0.6421986222267151,6.566052436828613,113.04102569734759,2.0059933108194277,1.2295237196442452,1,404,1788593627.8613896
1788593673.805016,45.904000,gate_sweep_medium_r01,-0.1704305112361908,0.4642770513892174,4.6050370037555695,112.01798053517881,-0.5601902008056641,0.6831600666046143,6.565306663513184,113.31966246126647,2.010591835487578,1.3016819260876547,1,208,1788593627.9009972
1788593673.884765,45.940000,gate_sweep_medium_r01,-0.1838032454252243,0.49391361325979233,4.601652413606644,112.09631757454386,-0.5903081297874451,0.7234432101249695,6.55181884765625,113.42815103908244,2.00526286988544,1.3318334645385752,1,191,1788593627.9447348
1788593673.945308,45.972000,gate_sweep_medium_r01,-0.2063828557729721,0.5448985919356346,4.5965674221515656,112.11004032852351,-0.5806785225868225,0.7635429501533508,6.597192287445068,113.5265406213712,2.0470472523141003,1.4165002928476802,1,401,1788593627.9732926
1788593674.014632,46.004000,gate_sweep_medium_r01,-0.22467902302742004,0.5870307311415672,4.593011170625687,112.00846296357759,-0.5856953263282776,0.797822117805481,6.6117634773254395,113.46775183504015,2.06158353111056,1.459288871462563,1,217,1788593628.0106144
1788593674.084389,46.036000,gate_sweep_medium_r01,-0.24315883219242096,0.6302175149321556,4.589748173952103,111.83122413644848,-0.600702166557312,0.833355188369751,6.604920864105225,113.25456788030971,2.0567020011312707,1.4233437438612213,1,191,1788593628.0483744
1788593674.157854,46.072000,gate_sweep_medium_r01,-0.26641763746738434,0.6854914650321007,4.586063176393509,111.48708760547535,-0.6139403581619263,0.8723208904266357,6.604839324951172,112.90726582461365,2.056972147010625,1.4201782191382886,1,167,1788593628.0858357
1788593674.219961,46.104000,gate_sweep_medium_r01,-0.28521592915058136,0.7306035980582237,4.58351543545723,111.1409884209029,-0.6414536833763123,0.9344193935394287,6.647623062133789,112.50473199852696,2.1045157425231507,1.363743577624068,1,387,1788593628.1159437
1788593674.289131,46.136000,gate_sweep_medium_r01,-0.2993624061346054,0.7648521289229393,4.581802159547806,110.83535152311491,-0.6580049991607666,0.9821205735206604,6.654510974884033,112.0658162390486,2.1146990139788095,1.2304647159336886,1,219,1788593628.1531136
1788593674.356372,46.168000,gate_sweep_medium_r01,-0.32305146753787994,0.8226133212447166,4.5793197453022,110.25713973021459,-0.6736921072006226,1.03067946434021,6.646280765533447,111.56753635067865,2.106790980909385,1.310396620464066,1,170,1788593628.188356
1788593674.430101,46.204000,gate_sweep_medium_r01,-0.34208278357982635,0.8693383559584618,4.577669411897659,109.73984793045905,-0.6920031905174255,1.078156590461731,6.634675979614258,110.90179607121692,2.096980058532188,1.1619481407578742,1,158,1788593628.226078
1788593674.492397,46.236000,gate_sweep_medium_r01,-0.3611558526754379,0.9164666756987572,4.576280385255814,109.1805711991481,-0.7339836359024048,1.1478776931762695,6.653903484344482,110.22255631553122,2.1234569354763746,1.041985116383109,1,360,1788593628.2563746
1788593674.566060,46.268000,gate_sweep_medium_r01,-0.3802438825368881,0.9639005288481712,4.575207978487015,108.5885684853742,-0.7609326243400574,1.201493740081787,6.659834384918213,109.51436946252988,2.1323793533398865,0.9258009771556843,1,196,1788593628.2980375
1788593674.637362,46.300000,gate_sweep_medium_r01,-0.40409116446971893,1.0235474929213524,4.574278146028519,107.8125233869857,-0.7760632634162903,1.2434359788894653,6.664833068847656,108.79500416388993,2.134744498524214,0.9824807769042321,1,166,1788593628.337343
1788593674.698406,46.336000,gate_sweep_medium_r01,-0.41841356456279755,1.0594815835356712,4.573846131563187,107.3330960776109,-0.8032330274581909,1.3021891117095947,6.69123649597168,107.98762052180405,2.1657181068978772,0.6545244441931354,1,314,1788593628.3623888
1788593674.762959,46.368000,gate_sweep_medium_r01,-0.4374491423368454,1.1075572595000267,4.573394566774368,106.68224482165577,-0.8202650547027588,1.353840708732605,6.714658260345459,107.29168548129478,2.1891125520475536,0.609440659639013,1,207,1788593628.3949413
1788593674.831431,46.400000,gate_sweep_medium_r01,-0.4563799351453781,1.155759297311306,4.573103219270706,106.02474853731124,-0.8391833305358887,1.4079399108886719,6.734673500061035,106.57458651130803,2.2096424100253738,0.5498379739967768,1,187,1788593628.4314134
1788593674.907100,46.432000,gate_sweep_medium_r01,-0.47993533313274384,1.2160734757781029,4.572910100221634,105.20293560772939,-0.8570079803466797,1.453717827796936,6.727978706359863,105.84578466933749,2.2006770132134217,0.6428490616081116,1,169,1788593628.4750795
1788593674.959912,46.468000,gate_sweep_medium_r01,-0.49866728484630585,1.2643481120467186,4.572923928499222,104.55206034076475,-0.8831144571304321,1.531632661819458,6.764242649078369,105.10790718252248,2.2407852181735555,0.5558468417577297,1,368,1788593628.4918947
1788593675.024630,46.500000,gate_sweep_medium_r01,-0.5126411765813828,1.3005175217986107,4.573028355836868,104.07142418932312,-0.8999208807945251,1.5863333940505981,6.766449451446533,104.44221877333634,2.2456118063441166,0.3707945840132084,1,253,1788593628.524608
1788593675.089524,46.532000,gate_sweep_medium_r01,-0.5356941074132919,1.3606866225600243,4.573305398225784,103.29147831057229,-0.9148597121238708,1.635492205619812,6.765079975128174,103.79710086785968,2.2412408304847604,0.5056225572874004,1,228,1788593628.5575035
1788593675.150351,46.564000,gate_sweep_medium_r01,-0.5538745373487473,1.4086119756102562,4.573607236146927,102.6889796339766,-0.9310294389724731,1.685545802116394,6.762347221374512,103.16787406829165,2.2381959000534746,0.4788944343150584,1,220,1788593628.5863347
1788593675.210953,46.600000,gate_sweep_medium_r01,-0.5718104094266891,1.456226907670498,4.574027806520462,102.10737268012647,-0.9469294548034668,1.744297742843628,6.759754180908203,102.51963462811666,2.236313682821779,0.4122619479901833,1,208,1788593628.6109352
1788593675.276394,46.632000,gate_sweep_medium_r01,-0.5938135832548141,1.5152939185500145,4.57472351193428,101.41859268482584,-0.9624581933021545,1.7951558828353882,6.757936954498291,101.96007882133745,2.231735312119881,0.5414861365116105,1,203,1788593628.64437
1788593675.339713,46.664000,gate_sweep_medium_r01,-0.6110537499189377,1.562174640595913,4.575395375490189,100.89608131030307,-0.9808000326156616,1.8445624113082886,6.7577691078186035,101.39076908652694,2.231414411124255,0.4946877762238646,1,197,1788593628.675691
1788593675.401057,46.696000,gate_sweep_medium_r01,-0.6237936466932297,1.5970698222517967,4.575940877199173,100.52575684424652,-0.9974426031112671,1.890443205833435,6.7538981437683105,100.8637113390456,2.229165615163606,0.3379544947990757,1,191,1788593628.7050362
1788593675.461802,46.732000,gate_sweep_medium_r01,-0.6446563452482224,1.6548077687621117,4.576913148164749,99.94727003751663,-1.0149832963943481,1.9411613941192627,6.748998641967773,100.32023625055791,2.2219576597878494,0.3729662130412751,1,178,1788593628.72978
1788593675.537792,46.764000,gate_sweep_medium_r01,-0.6610023230314255,1.7005509957671165,4.577818661928177,99.52095879955348,-1.0298566818237305,1.9865410327911377,6.746188163757324,99.86898428987631,2.2180329428887813,0.3480254903228268,1,170,1788593628.7737749
1788593675.597588,46.796000,gate_sweep_medium_r01,-0.677008256316185,1.7459052428603172,4.578898698091507,99.12758101211931,-1.1271477937698364,2.268134355545044,6.855411052703857,99.44633402199855,2.37862509656674,0.31875300987924654,1,372,1788593628.8015542
1788593675.658088,46.828000,gate_sweep_medium_r01,-0.6964815109968185,1.8020212277770042,4.580384522676468,98.68138311444739,-1.1479512453079224,2.331376075744629,6.853344917297363,99.07330173990125,2.377054991282478,0.39191862545386696,1,241,1788593628.8300726
1788593675.720968,46.864000,gate_sweep_medium_r01,-0.7116259187459946,1.84637101739645,4.581636220216751,98.35872422081194,-1.1686596870422363,2.391582489013672,6.854755878448486,98.6822197186817,2.3818497842613082,0.32349549786976395,1,214,1788593628.8569498
1788593675.785818,46.896000,gate_sweep_medium_r01,-0.7227375954389572,1.879294477403164,4.582571297883987,98.13848343870532,-1.1836800575256348,2.4470818042755127,6.856203556060791,98.39155176504032,2.3883580232732124,0.2530683263350028,1,192,1788593628.889798
1788593675.847516,46.928000,gate_sweep_medium_r01,-0.7372116893529892,1.9228943213820457,4.583852559328079,97.86956326826451,-1.1986744403839111,2.503831148147583,6.856249809265137,98.13839882550316,2.3904444626058434,0.26883555723864566,1,184,1788593628.9194956
1788593675.915150,46.960000,gate_sweep_medium_r01,-0.75474052131176,1.9766696318984032,4.585534363985062,97.57158562288421,-1.2146952152252197,2.5629234313964844,6.857839107513428,97.91486870595689,2.3913637710186366,0.34328308307267463,1,182,1788593628.9551308
1788593675.976014,46.996000,gate_sweep_medium_r01,-0.7682396024465561,2.019088350236416,4.5869705975055695,97.36339842569052,-1.2323130369186401,2.6316354274749756,6.861448764801025,97.7014375974503,2.400797577456274,0.3380391717597854,1,177,1788593628.9799914
1788593676.047712,47.028000,gate_sweep_medium_r01,-0.781212791800499,2.0609880313277245,4.588466435670853,97.17582544480011,-1.239340901374817,2.687114953994751,6.864548206329346,97.5189153206977,2.404675552916551,0.3430898758975768,1,167,1788593629.0196905
1788593676.107144,47.060000,gate_sweep_medium_r01,-0.7905812114477158,2.092094026505947,4.589607983827591,97.05022927469669,-1.3108189105987549,2.884007453918457,6.915056228637695,97.26501583980405,2.5110722170866753,0.21478656510736133,1,343,1788593629.0471263
1788593676.167747,47.092000,gate_sweep_medium_r01,-0.8055416792631149,2.1434210166335106,4.59158781170845,96.86161993998472,-1.331139326095581,2.9549543857574463,6.9227213859558105,97.12582147174885,2.5236923418952526,0.26420153176411737,1,228,1788593629.0757215
1788593676.231417,47.128000,gate_sweep_medium_r01,-0.8169146627187729,2.183984838426113,4.593241959810257,96.72948341237488,-1.3480267524719238,3.019118309020996,6.924808502197266,96.99917818955072,2.5329292345362364,0.2696947771758463,1,206,1788593629.103396
1788593676.291424,47.160000,gate_sweep_medium_r01,-0.8277349919080734,2.224089466035366,4.594939023256302,96.60804019956635,-1.3634132146835327,3.074404001235962,6.927164077758789,96.8865698090864,2.539539263720569,0.27852960952005457,1,191,1788593629.1314037
1788593676.368858,47.192000,gate_sweep_medium_r01,-0.8405374139547348,2.2736769542098045,4.597245007753372,96.47290143027207,-1.377251386642456,3.1299796104431152,6.929760932922363,96.79997371157947,2.5420359298635837,0.3270722813073951,1,180,1788593629.1768382
1788593676.426389,47.224000,gate_sweep_medium_r01,-0.8501652330160141,2.3127833232283592,4.599135667085648,96.37182584470042,-1.3901958465576172,3.1846632957458496,6.929659843444824,96.73056377556728,2.5462031903667546,0.35873793086685296,1,169,1788593629.2023718
1788593676.485566,47.260000,gate_sweep_medium_r01,-0.8570238202810287,2.3417456969618797,4.600559502840042,96.30194112085762,-1.3998888731002808,3.2283854484558105,6.9204182624816895,96.65141707114698,2.5421599436675404,0.34947595028936074,1,166,1788593629.2255476
1788593676.555964,47.292000,gate_sweep_medium_r01,-0.8677422851324081,2.3893247470259666,4.602926522493362,96.18614172818961,-1.3939119577407837,3.2472779750823975,6.899225234985352,96.60399627493237,2.5071749127050595,0.41785454674275646,1,152,1788593629.2639425
1788593676.615968,47.324000,gate_sweep_medium_r01,-0.8756566494703293,2.4266796931624413,4.604858189821243,96.09572552924944,-1.4732815027236938,3.538422107696533,6.967906951904297,96.63768780529092,2.679015885261312,0.5419622760414876,1,377,1788593629.2919486
1788593676.675130,47.356000,gate_sweep_medium_r01,-0.8829430192708969,2.463349185883999,4.606845170259476,96.00203078867328,-1.4927639961242676,3.623833656311035,6.9832940101623535,96.59526554390146,2.7140587537097374,0.5932347552281826,1,228,1788593629.3191128
1788593676.737535,47.392000,gate_sweep_medium_r01,-0.8912632912397385,2.5082066878676414,4.609399110078812,95.8807460055493,-1.502941370010376,3.6801719665527344,6.98427152633667,96.53621019209369,2.718027166897786,0.6554641865443921,1,177,1788593629.3455162
1788593676.794073,47.424000,gate_sweep_medium_r01,-0.8972669094800949,2.543263278901577,4.61150386929512,95.77367295941414,-1.5099458694458008,3.724884510040283,6.981474876403809,96.48189418547662,2.718155039065686,0.7082212260624737,1,157,1788593629.3700466
1788593676.856620,47.456000,gate_sweep_medium_r01,-0.901408240199089,2.569090686738491,4.613095551729202,95.68907941624367,-1.5175857543945312,3.770061492919922,6.979459762573242,96.42242568052065,2.7242770021904317,0.7333462642769746,1,153,1788593629.400603
1788593676.926219,47.488000,gate_sweep_medium_r01,-0.9076246470212936,2.6111496314406395,4.615735799074173,95.53637731568224,-1.5229616165161133,3.8099687099456787,6.976846218109131,96.33604992806053,2.7185748435329447,0.799672612378288,1,149,1788593629.4382002
1788593676.977809,47.524000,gate_sweep_medium_r01,-0.9119764417409897,2.6438270434737206,4.6178238689899445,95.39760661264417,-1.5524673461914062,3.983515739440918,6.992557048797607,96.26886618242472,2.800777048618011,0.871259569780558,1,374,1788593629.4537923
1788593677.034828,47.556000,gate_sweep_medium_r01,-0.9157605022192001,2.6756854876875877,4.619867116212845,95.24558621035477,-1.5895543098449707,4.127057075500488,7.026357173919678,96.17984446620946,2.889925946965979,0.9342582558546938,1,218,1788593629.4788084
1788593677.099245,47.588000,gate_sweep_medium_r01,-0.9189307540655136,2.7067430838942528,4.62185600399971,95.07400452256636,-1.595700740814209,4.173400402069092,7.0254974365234375,96.06884906412752,2.8959615743418206,0.9948445415611706,1,169,1788593629.511224
1788593677.166643,47.620000,gate_sweep_medium_r01,-0.9221024960279465,2.7444501742720604,4.624305993318558,94.83670299974862,-1.5991958379745483,4.208750247955322,7.022435188293457,95.91525017170831,2.890268799833016,1.0785471719596802,1,158,1788593629.5466244
1788593677.218685,47.656000,gate_sweep_medium_r01,-0.9235802739858627,2.7664118632674217,4.6257679760456085,94.6769719699582,-1.6233433485031128,4.359416484832764,7.052086353302002,95.77605107261844,2.9856913692809024,1.099079102660244,1,361,1788593629.5626657
1788593677.278588,47.688000,gate_sweep_medium_r01,-0.9251285046339035,2.7950137481093407,4.627743035554886,94.44693224153262,-1.6433773040771484,4.433612823486328,7.059324741363525,95.58054345014764,3.0188537327520915,1.133611208615021,1,211,1788593629.590571
1788593677.348292,47.720000,gate_sweep_medium_r01,-0.9262101501226425,2.822843872010708,4.629702836275101,94.1895187144275,-1.6498421430587769,4.481240749359131,7.057332515716553,95.36761928114616,3.0277564836863498,1.1781005667186466,1,165,1788593629.6282737
1788593677.400072,47.752000,gate_sweep_medium_r01,-0.9268467277288437,2.856420122087002,4.63212850689888,93.83408368941464,-1.6845380067825317,4.626659870147705,7.0849609375,95.1242827103081,3.118370050615647,1.2901990208934522,1,369,1788593629.6480556
1788593677.463076,47.788000,gate_sweep_medium_r01,-0.9267430156469345,2.8823152408003807,4.634051591157913,93.5119135427114,-1.6819509267807007,4.666181564331055,7.080077648162842,94.85952359527502,3.1201861356036034,1.347610052563623,1,194,1788593629.675058
1788593677.525069,47.820000,gate_sweep_medium_r01,-0.9262950271368027,2.9011648520827293,4.635482102632523,93.25266777045876,-1.6837449073791504,4.701385021209717,7.078821659088135,94.56948293518089,3.1280075394013123,1.3168151647221185,1,144,1788593629.7050517
1788593677.600658,47.852000,gate_sweep_medium_r01,-0.9249003976583481,2.931470237672329,4.637834340333939,92.77681435012866,-1.6855788230895996,4.740674018859863,7.079652309417725,94.2420569794485,3.1327823069789424,1.4652426293198548,1,138,1788593629.74864
1788593677.652223,47.884000,gate_sweep_medium_r01,-0.923234686255455,2.9546628817915916,4.639846593141556,92.35752470176388,-1.713033676147461,4.891261577606201,7.1055803298950195,93.86713619115403,3.233270760952364,1.5096114893901513,1,358,1788593629.7682064
1788593677.717669,47.920000,gate_sweep_medium_r01,-0.9211270064115524,2.976978622376919,4.641870766878128,91.89976509409672,-1.7250458002090454,4.96305513381958,7.113503932952881,93.41425725847549,3.271048126207527,1.5144921643787717,1,184,1788593629.79765
1788593677.772844,47.952000,gate_sweep_medium_r01,-0.9179442971944809,3.0037062987685204,4.644373208284378,91.27772596533207,-1.7299678325653076,5.0048017501831055,7.114816188812256,92.97131937033399,3.2812884279971097,1.6935934050019152,1,152,1788593629.8208196
1788593677.830197,47.984000,gate_sweep_medium_r01,-0.9150038808584213,3.0241931304335594,4.646372586488724,90.74252004991673,-1.7318458557128906,5.042275905609131,7.113890647888184,92.49851161788271,3.2906738341374755,1.7559915679659799,1,146,1788593629.846172
1788593677.907272,48.016000,gate_sweep_medium_r01,-0.912590429186821,3.0390268191695213,4.647878915071487,90.32872673148329,-1.7302017211914062,5.078795909881592,7.114313125610352,91.98199466717473,3.3033988380385173,1.6532679356914437,1,140,1788593629.8912418
1788593677.960885,48.052000,gate_sweep_medium_r01,-0.9082521051168442,3.0627539977431297,4.650491029024124,89.63820815666321,-1.782289743423462,5.337837219238281,7.148730754852295,91.42227954620905,3.490150023367388,1.784071389545833,1,361,1788593629.908856
1788593678.020588,48.084000,gate_sweep_medium_r01,-0.9045336693525314,3.0808392390608788,4.652664452791214,89.11226949758431,-1.7880998849868774,5.407627582550049,7.145679950714111,90.92552406274284,3.522748859298833,1.8132545651585306,1,190,1788593629.9365711
1788593678.092429,48.116000,gate_sweep_medium_r01,-0.9006371349096298,3.0981448516249657,4.654924660921097,88.64860975982751,-1.7742936611175537,5.431826114654541,7.14660120010376,90.42704628860302,3.5238893199296575,1.7784365287755135,1,156,1788593629.9764087
1788593678.150988,48.148000,gate_sweep_medium_r01,-0.8955914825201035,3.118705593049526,4.657992631196976,88.2220022182593,-1.8249036073684692,5.600828170776367,7.176255702972412,90.01562268257788,3.6559817306599576,1.7936204643185845,1,359,1788593630.002967
1788593678.207612,48.184000,gate_sweep_medium_r01,-0.8914612382650375,3.134297214448452,4.660864144563675,88.07072403391187,-1.8326743841171265,5.651946544647217,7.187421798706055,89.68267077665239,3.6888933185279997,1.6119467427405199,1,182,1788593630.0235884
1788593678.270688,48.216000,gate_sweep_medium_r01,-0.888351246714592,3.1454962119460106,4.663349896669388,88.10244982734069,-1.825025200843811,5.667834758758545,7.1884942054748535,89.57704896378243,3.68997339033401,1.4745991364417268,1,152,1788593630.0546637
1788593678.334420,48.248000,gate_sweep_medium_r01,-0.8843490928411484,3.15993245691061,4.66698482632637,88.38087906363911,-1.8217103481292725,5.694879531860352,7.190413475036621,89.70441977067804,3.69760665036767,1.3235407070389311,1,142,1788593630.0864031
1788593678.402108,48.280000,gate_sweep_medium_r01,-0.8795819729566574,3.1772456988692284,4.671146661043167,89.14767752121342,-1.8234014511108398,5.729358196258545,7.1957573890686035,90.08998583543452,3.711836841071425,0.9423083142210896,1,141,1788593630.1220796
1788593678.457750,48.316000,gate_sweep_medium_r01,-0.8760794252157211,3.1905675753951073,4.673445492982864,90.11785944139342,-1.8544023036956787,6.008813381195068,7.228717803955078,90.85345181545111,3.927981881283016,0.7355923740576877,1,331,1788593630.141722
1788593678.522046,48.348000,gate_sweep_medium_r01,-0.8729393929243088,3.2034910544753075,4.67449215054512,91.39177336815112,-1.8451311588287354,6.070280075073242,7.223278999328613,91.94813280318652,3.9572655355491273,0.5563594350354126,1,170,1788593630.174028
1788593678.593266,48.380000,gate_sweep_medium_r01,-0.8708370178937912,3.212946020066738,4.674381047487259,92.54535800514171,-1.820495843887329,6.105102062225342,7.217137813568115,93.31364429117659,3.966362367388023,0.7682862860348845,1,145,1788593630.2132447
1788593678.644979,48.412000,gate_sweep_medium_r01,-0.8678718656301498,3.2283020839095116,4.672518044710159,94.83429504093534,-1.864199161529541,6.2344770431518555,7.21138334274292,94.68632952622113,4.059013792497493,0.14796551471421224,1,336,1788593630.2329597
1788593678.704699,48.448000,gate_sweep_medium_r01,-0.8660513609647751,3.2402251586318016,4.669614106416702,96.98686530959148,-1.8574376106262207,6.280691146850586,7.216393947601318,96.91639111963444,4.0881985862965795,0.07047418995705049,1,191,1788593630.2566817
1788593678.777970,48.480000,gate_sweep_medium_r01,-0.864777073264122,3.2518213614821434,4.665638715028763,99.41643838175045,-1.8643593788146973,6.3333001136779785,7.238088607788086,99.1503084266218,4.136686419897169,0.26612995512864424,1,156,1788593630.2979455
1788593678.836962,48.512000,gate_sweep_medium_r01,-0.8641213625669479,3.2658618316054344,4.659468442201614,102.82865168660899,-1.871475100517273,6.578149795532227,7.2511677742004395,101.31000745226558,4.32468710276477,1.5186442343434106,1,358,1788593630.3249445
1788593678.897558,48.544000,gate_sweep_medium_r01,-0.8644133657217026,3.2767070159316063,4.653695851564407,105.84713739347866,-1.796441674232483,6.6919708251953125,7.253089904785156,104.21909209490433,4.391987374600626,1.6280452985743217,1,193,1788593630.3535435
1788593678.970815,48.580000,gate_sweep_medium_r01,-0.8651442974805832,3.2845712527632713,4.648984223604202,108.27433839077621,-1.743528127670288,6.746911525726318,7.292355060577393,107.6156940314757,4.443733531691668,0.6586443593005111,1,146,1788593630.3907862
1788593679.027777,48.612000,gate_sweep_medium_r01,-0.8674313873052597,3.2971633300185204,4.640583783388138,112.61979508295079,-1.7378627061843872,7.037290573120117,7.315118789672852,110.17598284510957,4.679673062866549,2.4438122378412155,1,363,1788593630.415756
1788593679.100692,48.644000,gate_sweep_medium_r01,-0.870312973856926,3.306768976151943,4.633506089448929,116.35649346756601,-1.630915880203247,7.0625834465026855,7.303101539611816,113.45781907824463,4.670267549548836,2.898674389321377,1,183,1788593630.4566712
1788593679.162597,48.676000,gate_sweep_medium_r01,-0.8742124885320663,3.3159650191664696,4.626267701387405,120.31017402153647,-1.4764255285263062,7.1224684715271,7.262701034545898,117.72550660279528,4.66935860676407,2.5846674187411924,1,329,1788593630.4865794
1788593679.228833,48.712000,gate_sweep_medium_r01,-0.8806232661008835,3.326897941529751,4.617721349000931,125.49825133517928,-1.3709553480148315,7.1292314529418945,7.271067142486572,122.42706173246077,4.662446737751523,3.071189602718503,1,204,1788593630.5168178
1788593679.304532,48.744000,gate_sweep_medium_r01,-0.8871477097272873,3.335097871720791,4.612383157014847,129.78655551686526,-1.4036442041397095,7.123321533203125,7.301525115966797,126.64528981807524,4.674279796241436,3.141265698790023,1,165,1788593630.560507
1788593679.369254,48.776000,gate_sweep_medium_r01,-0.892923042178154,3.340921960771084,4.609891206026077,133.04406044142942,-1.4372849464416504,7.247007369995117,7.272235870361328,131.0472749101303,4.7583518384710315,1.9967855312991283,1,357,1788593630.5932312
1788593679.441177,48.808000,gate_sweep_medium_r01,-0.9043096154928207,3.350044570863247,4.608519822359085,138.48053237435414,-1.3444157838821411,7.274410724639893,7.278554916381836,135.46493180342603,4.766909958419093,3.015600570928111,1,148,1788593630.6331546
1788593679.504841,48.844000,gate_sweep_medium_r01,-0.9150234907865524,3.356878124177456,4.609587460756302,142.75754418230198,-1.3112475872039795,7.324705123901367,7.255025386810303,140.45265374150895,4.78528854458378,2.3048904407930295,1,360,1788593630.6608248
1788593679.566762,48.876000,gate_sweep_medium_r01,-0.9271092265844345,3.3633910045027733,4.612320214509964,146.90723538407622,-1.3169517517089844,7.35198450088501,7.240307807922363,144.85196182450136,4.792407961026237,2.055273559574842,1,257,1788593630.6907456
1788593679.630323,48.908000,gate_sweep_medium_r01,-0.9405008405447006,3.3697181567549706,4.616569310426712,150.86091062751836,-1.3253834247589111,7.367386341094971,7.235287189483643,149.08748243147892,4.794493596388269,1.7734281960394513,1,225,1788593630.7223048
1788593679.693153,48.940000,gate_sweep_medium_r01,-0.9590090364217758,3.3776059970259666,4.6237161457538605,155.46139868464385,-1.3423212766647339,7.383571147918701,7.229929447174072,153.1027792009699,4.794479412427043,2.3586194836739383,1,213,1788593630.7531374
1788593679.755868,48.976000,gate_sweep_medium_r01,-0.9710738509893417,3.382416807115078,4.6286928951740265,158.00687927156707,-1.358398675918579,7.398475170135498,7.2239460945129395,157.2823372732105,4.797299705445927,0.724541998356596,1,200,1788593630.779853
1788593679.818291,49.008000,gate_sweep_medium_r01,-0.9881677478551865,3.3890567645430565,4.635433465242386,161.13249489434537,-1.3786541223526,7.4118499755859375,7.216895580291748,160.66974215304737,4.7957576543144835,0.46275274129799976,1,195,1788593630.8102748
1788593679.883879,49.040000,gate_sweep_medium_r01,-1.0062970966100693,3.396051250398159,4.641713887453079,163.93312054777786,-1.396626591682434,7.425694465637207,7.20967435836792,163.7461854508566,4.7942468164485135,0.1869350969212525,1,192,1788593630.8438613
1788593679.950481,49.072000,gate_sweep_medium_r01,-1.03030227124691,3.405370555818081,4.6482594311237335,166.96375338042597,-1.423940658569336,7.4341044425964355,7.201452732086182,166.4273641433586,4.785858746612728,0.5363892370673642,1,183,1788593630.8784628
1788593680.023061,49.108000,gate_sweep_medium_r01,-1.050506815314293,3.413354955613613,4.652095586061478,169.01495684444444,-1.457188606262207,7.431215286254883,7.197403430938721,168.98313441069845,4.773592330815757,0.03182243374598346,1,173,1788593630.9150355
1788593680.077022,49.140000,gate_sweep_medium_r01,-1.0662262290716171,3.419715963304043,4.654046803712845,170.34110518900468,-1.4736886024475098,7.403775691986084,7.137819766998291,170.67840250248332,4.712524338459262,0.33729731347865327,1,391,1788593630.936997
1788593680.142971,49.172000,gate_sweep_medium_r01,-1.0934434980154037,3.4311457499861717,4.655627518892288,172.15651414059164,-1.4876394271850586,7.41699743270874,7.135162830352783,172.3325837274377,4.710679295814538,0.17606958684607021,1,346,1788593630.970947
1788593680.205115,49.204000,gate_sweep_medium_r01,-1.1161475032567978,3.4411428794264793,4.655472069978714,173.25935748644628,-1.507948875427246,7.426607131958008,7.131160736083984,173.65460732357909,4.708127865184147,0.39524983713279915,1,334,1788593631.0010965
1788593680.271442,49.240000,gate_sweep_medium_r01,-1.1396374553442001,3.4519837722182274,4.654219418764114,174.0611746312429,-1.531065821647644,7.436761379241943,7.122666835784912,174.75134383541706,4.703711448843485,0.6901692041741703,1,316,1788593631.0314229
1788593680.332314,49.272000,gate_sweep_medium_r01,-1.1701254695653915,3.466795288026333,4.651329308748245,174.64913225352066,-1.5550596714019775,7.448299407958984,7.1163434982299805,175.43820151947847,4.698600254451377,0.7890692659577889,1,305,1788593631.0602827
1788593680.395980,49.304000,gate_sweep_medium_r01,-1.195356234908104,3.479650817811489,4.648157387971878,174.796046177007,-1.5789707899093628,7.459821701049805,7.11127233505249,175.82453515494387,4.696366215396624,1.0284889779368656,1,299,1788593631.0919623
1788593680.457248,49.336000,gate_sweep_medium_r01,-1.2147469371557236,3.489878974854946,4.64535453915596,174.7225807369586,-1.6037847995758057,7.472880840301514,7.107773303985596,175.9399094402183,4.698846719348518,1.2173287032596667,1,289,1788593631.1212318
1788593680.520790,49.372000,gate_sweep_medium_r01,-1.2479158490896225,3.508076272904873,4.640006333589554,174.25906242823766,-1.6297816038131714,7.488216876983643,7.102787971496582,175.72570923525595,4.69602321958475,1.4666468070183014,1,283,1788593631.1487708
1788593680.578012,49.404000,gate_sweep_medium_r01,-1.2751881927251816,3.5236938819289207,4.635216981172562,173.58678094758147,-1.6563550233840942,7.500564098358154,7.095905780792236,175.24525427755117,4.692096998111843,1.6584733299697152,1,278,1788593631.1739917
1788593680.640177,49.436000,gate_sweep_medium_r01,-1.327443704009056,3.5003586634993553,4.622987061738968,171.32892136385198,-1.6832176446914673,7.508337497711182,7.089943885803223,174.1584649115544,4.719782347116854,2.829543547702408,1,274,1788593631.204159
1788593680.703678,49.468000,gate_sweep_medium_r01,-1.4000276178121567,3.4610970839858055,4.606722146272659,168.18806465253473,-1.706971287727356,7.50452184677124,7.083733081817627,171.90199316422598,4.751745090344895,3.713928511691259,1,264,1788593631.2356546
1788593680.761341,49.504000,gate_sweep_medium_r01,-1.4609919637441635,3.4261070117354393,4.594814568758011,165.53992033235116,-1.7541799545288086,7.485942840576172,7.076496601104736,169.13823501386193,4.767281391396131,3.598314681510764,1,252,1788593631.2573154
1788593680.821898,49.536000,gate_sweep_medium_r01,-1.5082558244466782,3.3980880603194237,4.587394505739212,163.514887319469,-1.784774899482727,7.466659069061279,7.075067520141602,166.5498854988534,4.776845180516046,3.0349981793844103,1,234,1788593631.2858784
1788593680.881944,49.568000,gate_sweep_medium_r01,-1.5718794912099838,3.3611522540450096,4.58059099316597,160.80384306698005,-1.8070157766342163,7.4637651443481445,7.078765869140625,164.0461887680374,4.80911627134919,3.242345701057366,1,205,1788593631.3139281
1788593680.952249,49.600000,gate_sweep_medium_r01,-1.6508526653051376,3.3174444064497948,4.577857285737991,157.46560518547872,-1.8346788883209229,7.449292182922363,7.080451488494873,161.46248908386352,4.834142723573841,3.996883898384789,1,167,1788593631.3522184
1788593681.004061,49.636000,gate_sweep_medium_r01,-1.7118280977010727,3.2870691642165184,4.579970628023148,154.8662296542344,-2.1505861282348633,7.171937465667725,7.165733814239502,157.63882255108018,4.687310698489062,2.772592896845812,1,406,1788593631.368044
1788593681.070241,49.668000,gate_sweep_medium_r01,-1.770772561430931,3.260865293443203,4.585084706544876,152.36439339847172,-2.265611171722412,7.106988430023193,7.176617622375488,154.83277638890502,4.664072392856335,2.4683829904332906,1,253,1788593631.402226
1788593681.141983,49.700000,gate_sweep_medium_r01,-1.813615545630455,3.244017206132412,4.590498715639114,150.56320952172692,-2.3418772220611572,7.079914569854736,7.190611839294434,152.28666759262595,4.664092327516885,1.7234580708990463,1,176,1788593631.4419534
1788593681.196110,49.732000,gate_sweep_medium_r01,-1.8825286477804184,3.220990501344204,4.601729184389114,147.7214222698509,-2.377772569656372,7.131377220153809,7.2008514404296875,150.38155286341436,4.721422172888489,2.6601305935634527,1,408,1788593631.4640913
1788593681.254042,49.768000,gate_sweep_medium_r01,-1.9353650659322739,3.20708879083395,4.612188130617142,145.60694609286068,-2.417567014694214,7.145792007446289,7.190453052520752,148.0694905388014,4.732161425338408,2.46254444594072,1,289,1788593631.4860203
1788593681.315824,49.800000,gate_sweep_medium_r01,-1.9862724393606186,3.1970382556319237,4.623462468385696,143.64559943643374,-2.468151807785034,7.138934135437012,7.183086395263672,146.00880302874788,4.724661416438607,2.3632035923141124,1,252,1788593631.5158093
1788593681.382685,49.832000,gate_sweep_medium_r01,-2.047592982649803,3.1894205436110497,4.638125687837601,141.418130815886,-2.5292296409606934,7.125171184539795,7.180555820465088,144.01788812644352,4.710207846527808,2.5997573105575236,1,202,1788593631.5506654
1788593681.442954,49.864000,gate_sweep_medium_r01,-2.09466253221035,3.1874314174056053,4.650051862001419,139.81862372252505,-2.5806145668029785,7.117080211639404,7.180342674255371,142.21939364025897,4.699006343954499,2.40076991773393,1,183,1788593631.578937
1788593681.514691,49.900000,gate_sweep_medium_r01,-2.128882274031639,3.1882792338728905,4.659032613039017,138.7281333462022,-2.6336376667022705,7.114635944366455,7.2071452140808105,140.4127812737078,4.7078586270252325,1.684647927505596,1,169,1788593631.614667
1788593681.569059,49.932000,gate_sweep_medium_r01,-2.1841300576925278,3.1938527449965477,4.6738541424274445,137.1159657254971,-2.5443990230560303,7.3066487312316895,7.22287654876709,139.6571974169255,4.852051089984269,2.541231691428418,1,399,1788593631.6370435
1788593681.631674,49.964000,gate_sweep_medium_r01,-2.2267957776784897,3.201997362077236,4.685455113649368,136.01295395038676,-2.5672874450683594,7.345478534698486,7.211085796356201,138.52992406799785,4.864481590967211,2.516970117611085,1,312,1788593631.6676533
1788593681.691021,49.996000,gate_sweep_medium_r01,-2.268164739012718,3.213260494172573,4.6967513859272,135.07405146729175,-2.6040332317352295,7.358344554901123,7.210110664367676,137.47499989870425,4.85916704563986,2.400948431412484,1,261,1788593631.695005
1788593681.753692,50.032000,gate_sweep_medium_r01,-2.318245753645897,3.231469951570034,4.710316449403763,134.12516142115078,-2.650895118713379,7.3752360343933105,7.209553241729736,136.47832773919228,4.850529609573802,2.3531663180415054,1,225,1788593631.7216742
1788593681.818173,50.064000,gate_sweep_medium_r01,-2.3569718450307846,3.249336801469326,4.720706254243851,133.53907110347393,-2.6914548873901367,7.393399715423584,7.211275577545166,135.77145733632506,4.846449411126314,2.2323862328511397,1,200,1788593631.754156
1788593681.881491,50.096000,gate_sweep_medium_r01,-2.385382518172264,3.264400325715542,4.7282154858112335,133.19438385278073,-2.7245943546295166,7.415517330169678,7.22183084487915,135.2408597880256,4.854374791220843,2.0464759352448576,1,187,1788593631.7854662
1788593681.955539,50.128000,gate_sweep_medium_r01,-2.4314583390951157,3.292640767991543,4.739993840456009,132.5600471151288,-2.76359224319458,7.433468818664551,7.230798244476318,134.78066328351537,4.843642890901408,2.220616168386562,1,166,1788593631.8275232
1788593682.012142,50.164000,gate_sweep_medium_r01,-2.4670418351888657,3.3177905902266502,4.748444348573685,132.01072655295962,-2.734757661819458,7.683424949645996,7.28910493850708,134.8003799398963,5.058200406983888,2.7896533869366458,1,398,1788593631.8481276
1788593682.081304,50.196000,gate_sweep_medium_r01,-2.5013567060232162,3.34478148072958,4.755892068147659,131.56960373938276,-2.7869160175323486,7.725229740142822,7.290867805480957,134.1069762363916,5.069119554977429,2.537372497008853,1,307,1788593631.8852847
1788593682.146505,50.228000,gate_sweep_medium_r01,-2.5342596620321274,3.37312301248312,4.762319356203079,131.26953853303905,-2.840052366256714,7.773897647857666,7.280036449432373,133.5329902592393,5.079293841751225,2.263451726200243,1,272,1788593631.9184885
1788593682.210230,50.260000,gate_sweep_medium_r01,-2.5731998533010483,3.409704051911831,4.7689798176288605,131.10534735066142,-2.8883230686187744,7.824012279510498,7.252946376800537,133.13481625919442,5.07498863409177,2.029468908533011,1,209,1788593631.9502115
1788593682.288186,50.296000,gate_sweep_medium_r01,-2.5951303094625473,3.431930147111416,4.772232323884964,131.1179177922428,-2.93747615814209,7.871813774108887,7.239826202392578,132.89890256183568,5.091049680629387,1.7809847695929022,1,168,1788593631.9921618
1788593682.345372,50.328000,gate_sweep_medium_r01,-2.622731074690819,3.4614966735243797,4.7757947742938995,131.25514625599305,-2.864584445953369,8.054304122924805,7.304110527038574,133.22976593455348,5.248309619871523,1.9746196785604502,1,359,1788593632.0173542
1788593682.410938,50.360000,gate_sweep_medium_r01,-2.64839206635952,3.490648590028286,4.778525620698929,131.51492715177093,-2.870028257369995,8.102025985717773,7.305952072143555,133.3837009077619,5.263250759188998,1.8687737559909467,1,285,1788593632.0509186
1788593682.478647,50.392000,gate_sweep_medium_r01,-2.677356109023094,3.526091657578945,4.780768662691116,131.98505206973311,-2.896350622177124,8.131125450134277,7.296045303344727,133.58362030839206,5.251753174549031,1.5985682386589397,1,240,1788593632.0866296
1788593682.542982,50.428000,gate_sweep_medium_r01,-2.6978407949209213,3.5534039363265038,4.781694203615189,132.45608287797114,-2.925009250640869,8.166298866271973,7.2810893058776855,133.95250620864493,5.251417048683579,1.496423330673784,1,210,1788593632.114966
1788593682.608531,50.460000,gate_sweep_medium_r01,-2.7115901559591293,3.5731201991438866,4.7819240391254425,132.8521291941288,-2.943985939025879,8.191139221191406,7.268807411193848,134.38128526182564,5.250209176237672,1.5291560676968368,1,189,1788593632.1485157
1788593682.675552,50.492000,gate_sweep_medium_r01,-2.7315021604299545,3.6042950972914696,4.781507760286331,133.57269159798375,-2.962355613708496,8.212165832519531,7.260852813720703,134.87450397174868,5.237644310513202,1.3018123737649547,1,172,1788593632.1835337
1788593682.741662,50.524000,gate_sweep_medium_r01,-2.744588479399681,3.627557121217251,4.7805249989032745,134.18834795778352,-2.985506057739258,8.220865249633789,7.251720428466797,135.39304472764687,5.221429659894509,1.204696769863357,1,165,1788593632.2176387
1788593682.813687,50.560000,gate_sweep_medium_r01,-2.7551952451467514,3.6492234095931053,4.779034405946732,134.82269187426397,-3.006917953491211,8.235458374023438,7.237878322601318,136.04807071990965,5.209878009831788,1.2253788456456942,1,153,1788593632.2536633
1788593682.872148,50.592000,gate_sweep_medium_r01,-2.765074834227562,3.6740086898207664,4.776562005281448,135.62245095029425,-2.9753246307373047,8.634140968322754,7.296427249908447,137.23296022619851,5.567480403939361,1.610509275904268,1,392,1788593632.280128
1788593682.938495,50.624000,gate_sweep_medium_r01,-2.770410403609276,3.691996417939663,4.774176865816116,136.2560105007517,-3.0058279037475586,8.708880424499512,7.26883602142334,137.9116508448879,5.607840122302195,1.655640344136205,1,308,1788593632.3144782
1788593683.000328,50.656000,gate_sweep_medium_r01,-2.7728458493947983,3.7044108733534813,4.772192269563675,136.72128047268563,-3.032299518585205,8.718052864074707,7.261247158050537,138.51380449006396,5.603509298241576,1.792524017378318,1,267,1788593632.3443103
1788593683.066162,50.692000,gate_sweep_medium_r01,-2.774162635207176,3.723049484193325,4.768683701753616,137.46865616154037,-3.04736065864563,8.741523742675781,7.255190849304199,139.2568850886225,5.60735577949909,1.7882289270821305,1,236,1788593632.3741457
1788593683.127408,50.724000,gate_sweep_medium_r01,-2.772770509123802,3.7361164912581444,4.765689641237259,138.03544057160795,-3.0471534729003906,8.760905265808105,7.250420570373535,139.91431121042191,5.612279040626949,1.8788706388139444,1,215,1788593632.4033914
1788593683.189275,50.756000,gate_sweep_medium_r01,-2.7693112939596176,3.747604452073574,4.7625382244586945,138.56681623072836,-3.049238443374634,8.766923904418945,7.250344276428223,140.50590170917977,5.609020050408847,1.9390854784514022,1,207,1788593632.4332588
1788593683.255473,50.788000,gate_sweep_medium_r01,-2.762265309691429,3.7597962245345116,4.758441239595413,139.17615539720555,-3.048511505126953,8.771810531616211,7.248154163360596,141.0752768329647,5.603650126618929,1.8991214357591653,1,195,1788593632.467458
1788593683.319937,50.824000,gate_sweep_medium_r01,-2.754487857222557,3.7678130492568016,4.755087167024612,139.61588688903967,-3.0465087890625,8.774645805358887,7.248507499694824,141.66713694332086,5.600963794525251,2.0512500542811836,1,186,1788593632.4959204
1788593683.380729,50.856000,gate_sweep_medium_r01,-2.747435674071312,3.7728570327162743,4.752571374177933,139.91600777951666,-3.050149440765381,8.784435272216797,7.2422194480896,142.15545414080862,5.604096680742878,2.2394463612919395,1,180,1788593632.5247087
1788593683.445605,50.888000,gate_sweep_medium_r01,-2.73685584962368,3.778421960771084,4.749261647462845,140.2782394723015,-3.046020269393921,8.783235549926758,7.242620944976807,142.58650170235737,5.6000519896826395,2.308262230055863,1,178,1788593632.5575843
1788593683.516164,50.920000,gate_sweep_medium_r01,-2.7215560525655746,3.7835336551070213,4.745215207338333,140.66605489445925,-3.0452301502227783,8.784558296203613,7.241469860076904,142.97842396668145,5.598776622947951,2.312369072222191,1,170,1788593632.596145
1788593683.575826,50.956000,gate_sweep_medium_r01,-2.707746610045433,3.786230407655239,4.742085725069046,140.92485455827438,-2.928783655166626,9.182596206665039,7.276926040649414,143.434061928441,5.966157610852244,2.509207370166608,1,410,1788593632.6198058
1788593683.632434,50.988000,gate_sweep_medium_r01,-2.692659005522728,3.7877901419997215,4.739118844270706,141.1387410477345,-2.83195424079895,9.650763511657715,7.2300801277160645,144.3259141581742,6.37171468378122,3.1871731104396956,1,282,1788593632.6444151
1788593683.696397,51.020000,gate_sweep_medium_r01,-2.6805850118398666,3.788261018693447,4.737035542726517,141.27149618901208,-2.8204307556152344,9.761967658996582,7.196157932281494,144.72462532157283,6.46157958886714,3.4531291325607563,1,264,1788593632.676379
1788593683.756755,51.052000,gate_sweep_medium_r01,-2.6592227071523666,3.787798725068569,4.733794957399368,141.4397067653544,-2.8064708709716797,9.727534294128418,7.199697494506836,144.90573925063137,6.432947689404596,3.46603248527697,1,214,1788593632.7047284
1788593683.817486,51.088000,gate_sweep_medium_r01,-2.6410647481679916,3.786340557038784,4.731412202119827,141.529238050776,-2.799935817718506,9.703450202941895,7.20196008682251,145.06355303665754,6.414127643646379,3.534314985881541,1,194,1788593632.7294705
1788593683.883748,51.120000,gate_sweep_medium_r01,-2.622066840529442,3.7839516028761864,4.729195386171341,141.58006423628686,-2.7909891605377197,9.683058738708496,7.208175182342529,145.1586114290243,6.40104214796697,3.578547192737427,1,183,1788593632.7637174
1788593683.944406,51.152000,gate_sweep_medium_r01,-2.597453460097313,3.77971800416708,4.726609021425247,141.59202175695427,-2.7873525619506836,9.657673835754395,7.218838691711426,145.1957306431124,6.387302651075084,3.6037088861581155,1,178,1788593632.792378
1788593684.005373,51.184000,gate_sweep_medium_r01,-2.5770152658224106,3.7753461226820946,4.724710255861282,141.56438125761846,-2.782508611679077,9.626718521118164,7.22861909866333,145.18930468148324,6.3679153538213065,3.624923423864767,1,172,1788593632.8213565
1788593684.076483,51.220000,gate_sweep_medium_r01,-2.5612896531820297,3.7715617045760155,4.723368912935257,141.52335885269784,-2.76110577583313,9.612700462341309,7.231500625610352,145.1831770737592,6.359996317488376,3.6598182210613683,1,171,1788593632.856466
1788593684.138405,51.252000,gate_sweep_medium_r01,-2.534578189253807,3.7644627913832664,4.721305161714554,141.4207588182825,-2.741971492767334,9.613545417785645,7.232542514801025,145.15736530132168,6.368759109619482,3.736606483039171,1,169,1788593632.8863878
1788593684.206045,51.284000,gate_sweep_medium_r01,-2.5128770917654037,3.7581671103835106,4.719933301210403,141.31284954516946,-2.710038423538208,9.61361026763916,7.229499816894531,145.11060986026,6.373618380107285,3.7977603150905708,1,166,1788593632.922022
1788593684.262408,51.316000,gate_sweep_medium_r01,-2.4909857362508774,3.75140031427145,4.718745976686478,141.1848974484993,-2.734527349472046,9.501279830932617,7.269238471984863,144.43795313087824,6.294874021143188,3.2530556823789434,1,398,1788593632.9463866
1788593684.323237,51.352000,gate_sweep_medium_r01,-2.463474377989769,3.7423840388655663,4.717407017946243,141.00097440699892,-2.722032308578491,9.517409324645996,7.269008636474609,144.2838557646804,6.318895479001867,3.2828813576814566,1,206,1788593632.9712203
1788593684.382418,51.384000,gate_sweep_medium_r01,-2.4414445012807846,3.7348283156752586,4.7164895832538605,140.83988226473605,-2.708899974822998,9.509936332702637,7.261839866638184,144.14436377765148,6.316819856841434,3.3044815129154395,1,190,1788593632.9983978
1788593684.444843,51.416000,gate_sweep_medium_r01,-2.4249974340200424,3.72894199937582,4.715859204530716,140.71076627114198,-2.685882806777954,9.495549201965332,7.266216278076172,143.97039414492232,6.3107955924161905,3.259627873780355,1,174,1788593633.0288248
1788593684.502699,51.448000,gate_sweep_medium_r01,-2.397777184844017,3.7188225612044334,4.714943677186966,140.4867592319558,-2.6529314517974854,9.472128868103027,7.2755560874938965,143.80895914326805,6.302568768110474,3.322199911312262,1,171,1788593633.0546744
1788593684.571905,51.484000,gate_sweep_medium_r01,-2.3762611001729965,3.710506282746792,4.714352875947952,140.30272877909925,-2.618974447250366,9.451229095458984,7.290825843811035,143.58587304224847,6.297064485565706,3.2831442631492105,1,164,1788593633.0878854
1788593684.623672,51.516000,gate_sweep_medium_r01,-2.355036363005638,3.7020398005843163,4.713838368654251,140.11618850341654,-2.53239107131958,9.575172424316406,7.369269847869873,143.40504647563407,6.447980912604858,3.2888579722175115,1,388,1788593633.1076522
1788593684.694944,51.548000,gate_sweep_medium_r01,-2.3341096490621567,3.6934862956404686,4.713391095399857,139.92915630386412,-2.4084300994873047,9.957694053649902,7.373781204223633,143.54704189401326,6.806136782050766,3.6178855901491347,1,180,1788593633.1469238
1788593684.753258,51.580000,gate_sweep_medium_r01,-2.3084584325551987,3.6826427802443504,4.712850838899612,139.69945057119418,-2.3649590015411377,10.1110258102417,7.329362392425537,143.45055929720766,6.940708422372191,3.7511087260134874,1,391,1788593633.173239
1788593684.816381,51.616000,gate_sweep_medium_r01,-2.29337440431118,3.67614134401083,4.712624341249466,139.55491441093127,-2.34085750579834,10.233057975769043,7.291553974151611,143.32883765970305,7.046012234747759,3.7739232487717764,1,239,1788593633.2003567
1788593684.877094,51.648000,gate_sweep_medium_r01,-2.2737337201833725,3.6674569472670555,4.7125504314899445,139.35693261924112,-2.3182196617126465,10.246737480163574,7.277054309844971,143.19651477937197,7.06155729790836,3.8395821601308433,1,190,1788593633.2290766
1788593684.940452,51.680000,gate_sweep_medium_r01,-2.2547308057546616,3.6588350161910057,4.712664872407913,139.16215801724564,-2.2784454822540283,10.250410079956055,7.273962020874023,143.10422435043657,7.071751359449179,3.9420663331909243,1,186,1788593633.2604342
1788593685.000173,51.712000,gate_sweep_medium_r01,-2.232036456465721,3.648488365113735,4.712985306978226,138.9319458098024,-2.230851888656616,10.196975708007812,7.279796600341797,142.97841149616065,7.033577190802956,4.046465686358249,1,174,1788593633.2881577
1788593685.072899,51.748000,gate_sweep_medium_r01,-2.2148631662130356,3.6406746730208397,4.713295251131058,138.75840276867498,-2.196359395980835,10.13611888885498,7.288496971130371,142.80948092352048,6.987331525640774,4.0510781548454995,1,165,1788593633.3248792
1788593685.130864,51.780000,gate_sweep_medium_r01,-2.202647551894188,3.635151706635952,4.713509827852249,138.6351800259134,-2.188723564147949,10.07665729522705,7.254188060760498,142.5971282397996,6.924466333838218,3.961948213886171,1,398,1788593633.3508444
1788593685.193166,51.812000,gate_sweep_medium_r01,-2.1837376207113266,3.6266809329390526,4.713763982057571,138.44240466319968,-2.1711878776550293,10.066424369812012,7.2567949295043945,142.47877057222638,6.923688282156514,4.036365909026706,1,366,1788593633.38115
1788593685.254730,51.844000,gate_sweep_medium_r01,-2.1700798124074936,3.6207719668745995,4.713782101869583,138.29690209517298,-2.15307354927063,10.055610656738281,7.261003494262695,142.3626586371217,6.920677351200353,4.065756541948746,1,348,1788593633.4107084
1788593685.321982,51.880000,gate_sweep_medium_r01,-2.157856807112694,3.615742288529873,4.713694363832474,138.15422426838546,-2.1339704990386963,10.044594764709473,7.266180992126465,142.23661810835353,6.917073275874241,4.082393839968051,1,340,1788593633.4419618
1788593685.384896,51.912000,gate_sweep_medium_r01,-2.144728049635887,3.610713802278042,4.713405877351761,137.97427615924047,-2.1210765838623047,10.036398887634277,7.268503189086914,142.10809457619945,6.915092948069391,4.1338184169589685,1,333,1788593633.4728792
1788593685.448561,51.944000,gate_sweep_medium_r01,-2.1359840482473373,3.6076327189803123,4.712996274232864,137.822867933992,-2.107051372528076,10.027542114257812,7.2735371589660645,141.98124410711273,6.911761234713398,4.1583761731207325,1,324,1788593633.5045397
1788593685.511522,51.976000,gate_sweep_medium_r01,-2.1305073350667953,3.605963312089443,4.712573796510696,137.70170576330744,-2.097912073135376,10.01938533782959,7.27571439743042,141.8274186121876,6.906716605698568,4.125712848880161,1,317,1788593633.535507
1788593685.575674,52.012000,gate_sweep_medium_r01,-2.1234260648489,3.604368768632412,4.71168926358223,137.48050253140005,-2.0882046222686768,10.013179779052734,7.2766804695129395,141.65055545592713,6.903135447302484,4.170052924527092,1,314,1788593633.5636568
1788593685.634813,52.044000,gate_sweep_medium_r01,-2.119686707854271,3.604242406785488,4.710803300142288,137.28059105814765,-2.081449031829834,10.008173942565918,7.278132915496826,141.46883091523293,6.8994914731962185,4.188239857085294,1,306,1788593633.5907934
1788593685.698058,52.076000,gate_sweep_medium_r01,-2.1177273839712143,3.6051441058516502,4.7098157703876495,137.05704966725182,-2.0771400928497314,10.003986358642578,7.279751300811768,141.26851594028463,6.895752180497741,4.211466273032823,1,299,1788593633.6220384
1788593685.757806,52.108000,gate_sweep_medium_r01,-2.1177400201559067,3.6076799258589745,4.708443909883499,136.74215288842672,-2.0746395587921143,9.999908447265625,7.281003952026367,141.03636633573834,6.8906101536862865,4.294213447311638,1,297,1788593633.6497898
1788593685.828561,52.144000,gate_sweep_medium_r01,-2.119764670729637,3.6109011992812157,4.707198888063431,136.45938148376126,-2.0727243423461914,9.998065948486328,7.2805986404418945,140.75315685324387,6.8862524359425255,4.293775369482623,1,294,1788593633.684541
1788593685.891444,52.176000,gate_sweep_medium_r01,-2.1224926561117172,3.6140628680586815,4.706239014863968,136.22950400158763,-2.0726373195648193,9.996212005615234,7.28107213973999,140.46432695845573,6.882156550788051,4.234822956868094,1,291,1788593633.7154279
1788593685.956032,52.208000,gate_sweep_medium_r01,-2.127407655119896,3.61905225366354,4.70491150021553,135.8991893440911,-2.074490785598755,9.99445915222168,7.281137943267822,140.1426838796327,6.876449374724175,4.243494535541609,1,289,1788593633.7480173
1788593686.023679,52.240000,gate_sweep_medium_r01,-2.1358786672353745,3.626742921769619,4.70309379696846,135.4529406363188,-2.079009532928467,9.99414348602295,7.280012130737305,139.79739463887532,6.869318171624054,4.3444540025565175,1,286,1788593633.7836616
1788593686.086866,52.276000,gate_sweep_medium_r01,-2.1445363610982895,3.6340711936354637,4.701519757509232,135.070018026645,-2.087160587310791,9.995917320251465,7.277776718139648,139.3819202073122,6.863925847891526,4.311902180667186,1,283,1788593633.8108518
1788593686.151808,52.308000,gate_sweep_medium_r01,-2.1548493951559067,3.6424423083662987,4.699876576662064,134.66767502163367,-2.0946176052093506,9.998724937438965,7.275893211364746,138.9911162225155,6.85870384485553,4.3234412008818275,1,283,1788593633.8437858
1788593686.216606,52.340000,gate_sweep_medium_r01,-2.163662776350975,3.6493972167372704,4.6986463367938995,134.35468122090063,-2.101898670196533,10.003212928771973,7.2740559577941895,138.59140897240908,6.856203295064184,4.2367277515084325,1,280,1788593633.8765912
1788593686.286427,52.372000,gate_sweep_medium_r01,-2.1802092641592026,3.6622548922896385,4.696588307619095,133.81876760086922,-2.114158868789673,10.004218101501465,7.2741923332214355,138.14800047594377,6.846086656954193,4.329232875074535,1,275,1788593633.9144063
1788593686.355505,52.408000,gate_sweep_medium_r01,-2.1951058954000473,3.6736987456679344,4.6949489414691925,133.3801317758361,-2.127650022506714,10.006665229797363,7.273605823516846,137.64316935184985,6.838163942113861,4.263037576013758,1,262,1788593633.9474893
1788593686.421554,52.440000,gate_sweep_medium_r01,-2.2113982290029526,3.6860965117812157,4.693320065736771,132.93812470101278,-2.1403439044952393,10.010659217834473,7.272645950317383,137.18988076361438,6.830670842508699,4.251756062601599,1,256,1788593633.981536
1788593686.488887,52.472000,gate_sweep_medium_r01,-2.2334767431020737,3.7027958258986473,4.691285878419876,132.38681244811352,-2.155578374862671,10.017494201660156,7.269303798675537,136.73144685113175,6.821118686093852,4.344634403018223,1,251,1788593634.016869
1788593686.555056,52.504000,gate_sweep_medium_r01,-2.2525964826345444,3.717088781297207,4.6896670162677765,131.9505891560421,-2.1707119941711426,10.02601432800293,7.265666484832764,136.28142948836248,6.815058318560019,4.330840332320356,1,248,1788593634.0510368
1788593686.627566,52.540000,gate_sweep_medium_r01,-2.2677713483572006,3.728314481675625,4.688473016023636,131.630140425459,-2.190479040145874,10.038229942321777,7.2598700523376465,135.78197162758227,6.814182998700171,4.151831202123293,1,246,1788593634.0875506
1788593686.696543,52.572000,gate_sweep_medium_r01,-2.2945118993520737,3.748017393052578,4.686580449342728,131.11302478706315,-2.210935354232788,10.050811767578125,7.252559661865234,135.35346004483026,6.805619096418972,4.240435257767093,1,242,1788593634.1245267
1788593686.761511,52.604000,gate_sweep_medium_r01,-2.3172472566366196,3.7647300586104393,4.685148984193802,130.7180424708352,-2.232300281524658,10.063257217407227,7.246427059173584,134.9327550648102,6.799912185907517,4.2147125939750225,1,241,1788593634.1574872
1788593686.825831,52.636000,gate_sweep_medium_r01,-2.341190680861473,3.7823222503066063,4.683714181184769,130.34442907978345,-2.255317449569702,10.07770824432373,7.2396769523620605,134.5271397503933,6.795013223913826,4.182710670609826,1,240,1788593634.189817
1788593686.891205,52.672000,gate_sweep_medium_r01,-2.3727251142263412,3.8054779395461082,4.681935101747513,129.90877151076208,-2.2811191082000732,10.093993186950684,7.2323174476623535,134.09598463709088,6.786624034638577,4.187213126328799,1,238,1788593634.219186
1788593686.955651,52.704000,gate_sweep_medium_r01,-2.399197444319725,3.824941001832485,4.6805374920368195,129.58938464231213,-2.305891513824463,10.108891487121582,7.225599765777588,133.73355185754681,6.7804189896679095,4.14416721523471,1,237,1788593634.251631
1788593687.021713,52.736000,gate_sweep_medium_r01,-2.419669970870018,3.8400197848677635,4.679432660341263,129.36634006455222,-2.3312110900878906,10.125006675720215,7.218457221984863,133.3999079363618,6.77905088610536,4.033567871809615,1,237,1788593634.285692
1788593687.091165,52.768000,gate_sweep_medium_r01,-2.454988583922386,3.8660701140761375,4.677658826112747,129.02984252432702,-2.3600590229034424,10.140960693359375,7.210659980773926,133.08045725554422,6.767522312711472,4.050614731217193,1,236,1788593634.3231423
1788593687.154342,52.804000,gate_sweep_medium_r01,-2.484294280409813,3.8877280578017235,4.67628601193428,128.79098093009904,-2.393913984298706,10.159613609313965,7.202121734619141,132.74956102232812,6.761994015612857,3.9585800922291052,1,235,1788593634.3503265
1788593687.218613,52.836000,gate_sweep_medium_r01,-2.5144404023885727,3.9100814685225487,4.674983769655228,128.57847869252512,-2.4232535362243652,10.176656723022461,7.193758487701416,132.48793864188207,6.754443466721751,3.9094599493569318,1,229,1788593634.3825972
1788593687.284970,52.868000,gate_sweep_medium_r01,-2.545409545302391,3.933103881776333,4.673748761415482,128.39359662750962,-2.452118396759033,10.193380355834961,7.187437534332275,132.25413988986784,6.746732247328065,3.860543262358229,1,227,1788593634.4169543
1788593687.350238,52.900000,gate_sweep_medium_r01,-2.585154876112938,3.9628036841750145,4.672323495149612,128.1983454834064,-2.4831838607788086,10.212491035461426,7.179732322692871,132.04828432563656,6.734692948103833,3.8499388422301397,1,224,1788593634.450222
1788593687.411292,52.936000,gate_sweep_medium_r01,-2.6095536798238754,3.981094680726528,4.671496659517288,128.0992141036111,-2.519196033477783,10.233234405517578,7.17176628112793,131.836721417735,6.734149079379853,3.7375073141238815,1,224,1788593634.4752746
1788593687.480937,52.968000,gate_sweep_medium_r01,-2.642589196562767,4.006029449403286,4.670479565858841,127.98507282741825,-2.5513150691986084,10.252307891845703,7.164843559265137,131.67837066781533,6.726527862013861,3.693297840397081,1,223,1788593634.51292
1788593687.548388,53.000000,gate_sweep_medium_r01,-2.6761461347341537,4.031560264527798,4.669612675905228,127.89003942338614,-2.5841665267944336,10.271957397460938,7.157531261444092,131.54019181378484,6.718687037901572,3.6501523903987034,1,222,1788593634.5483716
1788593687.611418,53.032000,gate_sweep_medium_r01,-2.7188531011343002,4.0642605647444725,4.668658047914505,127.79650524221933,-2.618645429611206,10.290969848632812,7.150328636169434,131.4136413691778,6.7037779641111985,3.6171361269584836,1,221,1788593634.579401
1788593687.675844,53.068000,gate_sweep_medium_r01,-2.7536126226186752,4.0909987315535545,4.667998105287552,127.73839593263835,-2.6568236351013184,10.313002586364746,7.1434197425842285,131.2895221329786,6.697045046868546,3.551126200340246,1,219,1788593634.6078253
1788593687.738289,53.100000,gate_sweep_medium_r01,-2.7799857705831528,4.111368261277676,4.667548447847366,127.70405737952665,-2.687565803527832,10.337238311767578,7.136002540588379,131.2227816414875,6.698004549406301,3.518724261960868,1,216,1788593634.6382732
1788593687.809538,53.132000,gate_sweep_medium_r01,-2.824485644698143,4.145876966416836,4.666897088289261,127.66016461681765,-2.720278263092041,10.361116409301758,7.128323554992676,131.15973218688424,6.685707199822748,3.499567570066595,1,211,1788593634.677514
1788593687.874059,53.164000,gate_sweep_medium_r01,-2.860585555434227,4.17396792024374,4.666414052248001,127.6343391836953,-2.756906509399414,10.383045196533203,7.121569633483887,131.08150441270854,6.677662682076311,3.447165229013245,1,207,1788593634.7100348
1788593687.942752,53.200000,gate_sweep_medium_r01,-2.89707051217556,4.202504716813564,4.665905743837357,127.61322895614371,-2.797048330307007,10.411166191101074,7.113200664520264,131.0192225174303,6.674333986846033,3.405993561286606,1,200,1788593634.7427235
1788593688.010053,53.232000,gate_sweep_medium_r01,-2.943060979247093,4.238810144364834,4.6654079258441925,127.58829318397373,-2.8324639797210693,10.436210632324219,7.106616497039795,130.96433821410315,6.661794337304497,3.3760450301294234,1,193,1788593634.7780373
1788593688.081135,53.264000,gate_sweep_medium_r01,-2.9800885766744614,4.268348298966885,4.665183335542679,127.56708490733686,-2.8690388202667236,10.460657119750977,7.098741054534912,130.90426039116025,6.654263576987717,3.3371754838233785,1,193,1788593634.8171172
1788593688.146642,53.296000,gate_sweep_medium_r01,-3.00800858438015,4.290737234055996,4.665129452943802,127.54994158597982,-2.9055774211883545,10.486271858215332,7.092036247253418,130.84719116427505,6.6546989421472835,3.2972495782952316,1,187,1788593634.8506227
1788593688.211826,53.332000,gate_sweep_medium_r01,-3.054710015654564,4.328481279313564,4.665245801210403,127.51595492552053,-2.943002939224243,10.517173767089844,7.086095333099365,130.79146340107698,6.646270054341019,3.2755084755564328,1,179,1788593634.8798108
1788593688.291979,53.364000,gate_sweep_medium_r01,-3.092181548476219,4.359023176133633,4.665502816438675,127.48082760673228,-2.9765124320983887,10.545906066894531,7.080321311950684,130.74016187585102,6.642457949790909,3.2593342691187295,1,172,1788593634.9279566
1788593688.355045,53.396000,gate_sweep_medium_r01,-3.129727229475975,4.389866434037685,4.665906220674515,127.43729378977307,-3.067505121231079,10.497464179992676,7.1439995765686035,130.61823790341214,6.591476958745691,3.1809441136390797,1,396,1788593634.9590263
1788593688.421704,53.428000,gate_sweep_medium_r01,-3.176658496260643,4.428902231156826,4.666680127382278,127.36733182035087,-3.1075398921966553,10.520284652709961,7.1436285972595215,130.53591586530837,6.576092373854059,3.1685840449575022,1,352,1788593634.993686
1788593688.491861,53.464000,gate_sweep_medium_r01,-3.214060887694359,4.460507474839687,4.667441159486771,127.29689974910801,-3.1510307788848877,10.556356430053711,7.137321472167969,130.4322414062225,6.577511386411324,3.135341657114488,1,329,1788593635.02784
1788593688.555954,53.496000,gate_sweep_medium_r01,-3.242040976881981,4.484407506883144,4.668084889650345,127.23449560074285,-3.1874210834503174,10.58326530456543,7.1340765953063965,130.319348453246,6.578766211188307,3.0848528525031407,1,310,1788593635.0599372
1788593688.625405,53.528000,gate_sweep_medium_r01,-3.2790905088186264,4.51655300706625,4.6690957844257355,127.13697868268305,-3.226564407348633,10.617643356323242,7.12637996673584,130.19351899582085,6.577560945651807,3.056540313137792,1,304,1788593635.0973885
1788593688.691166,53.560000,gate_sweep_medium_r01,-3.3249488919973373,4.557032190263271,4.6706521809101105,126.98624193412002,-3.2673821449279785,10.650853157043457,7.1183552742004395,130.04504399861574,6.56728393922792,3.0588020644957292,1,293,1788593635.131139
1788593688.757988,53.596000,gate_sweep_medium_r01,-3.361233338713646,4.589633546769619,4.672158032655716,126.83522588481283,-3.3093650341033936,10.687249183654785,7.112673282623291,129.8656645489606,6.568083545565931,3.0304386641477716,1,279,1788593635.1619701
1788593688.822527,53.628000,gate_sweep_medium_r01,-3.3971274942159653,4.622456632554531,4.6737439930438995,126.65266513860414,-3.3446388244628906,10.71804428100586,7.108945846557617,129.67265238390638,6.564232773733842,3.019987245302254,1,267,1788593635.194507
1788593688.888810,53.660000,gate_sweep_medium_r01,-3.423770532011986,4.647211156785488,4.674962788820267,126.48918294733335,-3.3814899921417236,10.750859260559082,7.106396198272705,129.4470903018847,6.570249328857484,2.9579073545513794,1,260,1788593635.2287877
1788593688.953761,53.692000,gate_sweep_medium_r01,-3.467554196715355,4.688699804246426,4.677053719758987,126.15684570802557,-3.4209439754486084,10.784170150756836,7.103516101837158,129.18095681940542,6.560842243916154,3.024111111379856,1,254,1788593635.2617266
1788593689.015461,53.728000,gate_sweep_medium_r01,-3.501919850707054,4.722077451646328,4.678771764039993,125.82264651602046,-3.465503454208374,10.824015617370605,7.098259925842285,128.82586146636424,6.564213471342773,3.003214950343788,1,244,1788593635.287447
1788593689.083895,53.760000,gate_sweep_medium_r01,-3.53559909760952,4.755609594285488,4.680572301149368,125.41372292383959,-3.5081422328948975,10.858716011047363,7.0914130210876465,128.42727964866472,6.562073970221035,3.0135567248251363,1,232,1788593635.3238719
1788593689.149031,53.792000,gate_sweep_medium_r01,-3.5766483396291733,4.797824941575527,4.683035641908646,124.78010909518878,-3.546463966369629,10.89313793182373,7.0867743492126465,127.96321219029501,6.552229492201039,3.183103095106229,1,224,1788593635.3570135
1788593689.219172,53.824000,gate_sweep_medium_r01,-3.608548268675804,4.831795297563076,4.685139447450638,124.15708013900763,-3.5871434211730957,10.92810344696045,7.081201076507568,127.40472180108985,6.5503085843450455,3.247641662082213,1,213,1788593635.395153
1788593689.290826,53.860000,gate_sweep_medium_r01,-3.631908044219017,4.857370458543301,4.6868336498737335,123.61588546621388,-3.633420944213867,10.964035987854004,7.080757141113281,126.65565435943473,6.559133773422106,3.0397688932208573,1,202,1788593635.43081
1788593689.356850,53.892000,gate_sweep_medium_r01,-3.6696942895650864,4.900205694139004,4.689894944429398,122.56344121249057,-3.67207670211792,10.997465133666992,7.076664447784424,125.87493310404388,6.547766566620128,3.311491891553308,1,186,1788593635.464833
1788593689.420172,53.924000,gate_sweep_medium_r01,-3.6987563222646713,4.934655271470547,4.6925051510334015,121.58131463503196,-3.7090601921081543,11.033788681030273,7.071521282196045,124.97727301087603,6.546697814140614,3.395958375844075,1,180,1788593635.4961545
1788593689.496320,53.956000,gate_sweep_medium_r01,-3.72671876847744,4.969281278550625,4.695244580507278,120.47040732413309,-3.7440645694732666,11.069761276245117,7.065514087677002,123.96231167161112,6.544794467032665,3.491904347478025,1,175,1788593635.5403035
1788593689.559082,53.992000,gate_sweep_medium_r01,-3.7601035684347153,5.0128055438399315,4.698739796876907,118.90339174275908,-3.9529614448547363,11.469548225402832,6.9413161277771,123.09928693078444,6.837826322474642,4.195895188025356,1,395,1788593635.5670571
1788593689.622051,54.024000,gate_sweep_medium_r01,-3.785493239760399,5.047787748277187,4.701545983552933,117.51353777776743,-4.019050121307373,11.548324584960938,6.909897804260254,121.82953498168438,6.869377391439611,4.315997203916948,1,316,1788593635.5980356
1788593689.685251,54.056000,gate_sweep_medium_r01,-3.803799495100975,5.074116788804531,4.7036416828632355,116.39891780385953,-4.046625137329102,11.57876205444336,6.897654056549072,120.42436034299023,6.868992984434304,4.025442539130705,1,262,1788593635.6292346
1788593689.751066,54.088000,gate_sweep_medium_r01,-3.8328181356191635,5.118096433579922,4.70704248547554,114.41257494191308,-4.078100204467773,11.61302375793457,6.889558792114258,118.9166621617835,6.856210445332844,4.504087219870424,1,216,1788593635.6630487
1788593689.815015,54.124000,gate_sweep_medium_r01,-3.854663237929344,5.153347574174404,4.709667474031448,112.72301031203186,-4.119351863861084,11.647083282470703,6.885400295257568,117.09345169700144,6.853646972762796,4.370441384969577,1,205,1788593635.6909976
1788593689.876464,54.156000,gate_sweep_medium_r01,-3.875323638319969,5.188660226762295,4.712189465761185,110.96185081193512,-4.161471366882324,11.68569278717041,6.88013219833374,115.3810003069499,6.8551650822776535,4.419149495014774,1,189,1788593635.7204475
1788593689.943030,54.188000,gate_sweep_medium_r01,-3.894845351576805,5.224061094224453,4.714588433504105,109.14487395227411,-4.201420783996582,11.720928192138672,6.877769470214844,113.59906029549947,6.854387119306047,4.454186343225363,1,172,1788593635.7550128
1788593690.011735,54.220000,gate_sweep_medium_r01,-3.917761191725731,5.2683668956160545,4.717450886964798,106.82077679575691,-4.232112884521484,11.764017105102539,6.870345115661621,111.76617003092944,6.850346136562842,4.945393235172527,1,163,1788593635.7917123
1788593690.071362,54.256000,gate_sweep_medium_r01,-3.930672988295555,5.2949429377913475,4.719075471162796,105.41363793982622,-4.485950469970703,12.21152400970459,6.866311073303223,110.02727551485047,7.263473517340267,4.613637575024259,1,372,1788593635.815344
1788593690.134413,54.288000,gate_sweep_medium_r01,-3.94698129594326,5.330421052873135,4.721087247133255,103.53555700412831,-4.562154293060303,12.318608283996582,6.840949535369873,108.1812411644731,7.3285069908342555,4.645684160344788,1,238,1788593635.846392
1788593690.195640,54.320000,gate_sweep_medium_r01,-3.962330684065819,5.365982614457607,4.722956448793411,101.67303491157755,-4.582386016845703,12.342931747436523,6.830410003662109,106.25849444668656,7.314618807963456,4.585459535109016,1,203,1788593635.8756201
1788593690.254591,54.352000,gate_sweep_medium_r01,-3.980195626616478,5.410457216203213,4.725075513124466,99.39493516179188,-4.635439872741699,12.379526138305664,6.816651344299316,104.33179015914307,7.305611276316938,4.936854997351189,1,172,1788593635.9025736
1788593690.326111,54.388000,gate_sweep_medium_r01,-3.9935217946767807,5.44611319154501,4.726659566164017,97.63352522809602,-4.698580741882324,12.428291320800781,6.802257061004639,102.1970553859297,7.318198173613562,4.563530157833687,1,153,1788593635.9380949
1788593690.376044,54.420000,gate_sweep_medium_r01,-4.002986058592796,5.472890459001064,4.727861672639847,96.35872376879627,-4.596368312835693,12.682628631591797,6.803665637969971,101.16883260509054,7.526047376906593,4.8101088362942725,1,388,1788593635.9560227
1788593690.428817,54.452000,gate_sweep_medium_r01,-4.01778469979763,5.517644964158535,4.729881078004837,94.34027405797659,-4.607723712921143,12.732681274414062,6.784094333648682,99.55178059081953,7.524929840016698,5.211506532842951,1,278,1788593635.976794
1788593690.484053,54.484000,gate_sweep_medium_r01,-4.028773412108421,5.553561292588711,4.731616288423538,92.83699395855623,-4.633966445922852,12.76553726196289,6.772729873657227,97.9336974027183,7.519640992682675,5.096703444162062,1,229,1788593636.0000367
1788593690.543771,54.520000,gate_sweep_medium_r01,-4.039042100310326,5.589554391801357,4.733451634645462,91.4426347487908,-4.663557529449463,12.806736946105957,6.760196208953857,96.23589057563417,7.522329234544313,4.793255826843383,1,204,1788593636.0237179
1788593690.598708,54.552000,gate_sweep_medium_r01,-4.050966367125511,5.63463219255209,4.735909730195999,89.87368176628438,-4.695250511169434,12.84431266784668,6.7516584396362305,94.8093199235354,7.5138430562342995,4.935638157251015,1,189,1788593636.0466921
1788593690.668510,54.584000,gate_sweep_medium_r01,-4.059878453612328,5.6707740649580956,4.737960129976273,88.76440954094743,-4.720728874206543,12.887153625488281,6.743431091308594,93.53165784025416,7.518960767073105,4.767248299306739,1,169,1788593636.0844932
1788593690.737246,54.616000,gate_sweep_medium_r01,-4.066200360655785,5.697921358048916,4.739622384309769,88.01927307494643,-4.746223449707031,12.931920051574707,6.727965354919434,92.38937795318401,7.53303897961165,4.370104878237582,1,151,1788593636.1212263
1788593690.793674,54.652000,gate_sweep_medium_r01,-4.076095208525658,5.7432461604475975,4.742595940828323,86.94672738954598,-4.678431034088135,13.415090560913086,6.683300495147705,92.16188887868756,7.936393331915052,5.21516148914157,1,374,1788593636.1416566
1788593690.850196,54.684000,gate_sweep_medium_r01,-4.083481416106224,5.779647432267666,4.745038777589798,86.23912617196109,-4.70220422744751,13.494270324707031,6.654641628265381,91.3982233865802,7.971499691847946,5.159097214619112,1,270,1788593636.1661732
1788593690.914335,54.716000,gate_sweep_medium_r01,-4.090438947081566,5.816224656999111,4.747592240571976,85.6604022770198,-4.711361408233643,13.541946411132812,6.630894184112549,90.75831436929542,7.976161202959828,5.097912092275616,1,209,1788593636.1983092
1788593690.977536,54.748000,gate_sweep_medium_r01,-4.098550900816917,5.862231336534023,4.750960618257523,85.11069392119994,-4.707539081573486,13.582245826721191,6.615203380584717,90.25802577779282,7.965230154232228,5.147331856592894,1,191,1788593636.2295191
1788593691.043051,54.784000,gate_sweep_medium_r01,-4.104533299803734,5.8993059024214745,4.753767758607864,84.79460415217251,-4.712934970855713,13.62424373626709,6.601078033447266,89.81029450649609,7.9660135815629545,5.015690354323586,1,187,1788593636.2590342
1788593691.114929,54.816000,gate_sweep_medium_r01,-4.108728989958763,5.927265249192715,4.755912095308304,84.62342394736166,-4.733591556549072,13.667314529418945,6.591729164123535,89.48164992128905,7.979288213719928,4.8582259739273885,1,176,1788593636.298909
1788593691.210608,54.848000,gate_sweep_medium_r01,-4.115207776427269,5.974074922502041,4.759422570466995,84.44382089502285,-4.769739151000977,13.712570190429688,6.5839338302612305,89.19643220710243,7.97756614946914,4.752611312079578,1,161,1788593636.3625886
1788593691.265491,54.880000,gate_sweep_medium_r01,-4.119948968291283,6.011718831956387,4.7622120678424835,84.37716417511638,-4.79697847366333,14.11989974975586,6.605632305145264,89.22070925781809,8.342611396811508,4.843545082701701,1,376,1788593636.38547
1788593691.348876,54.916000,gate_sweep_medium_r01,-4.124303922057152,6.049520097672939,4.765001565217972,84.36120817412088,-4.819543838500977,14.25306224822998,6.5936360359191895,89.20141296331154,8.433585618514796,4.84020478919066,1,234,1788593636.4328468
1788593691.416342,54.948000,gate_sweep_medium_r01,-4.128280267119408,6.087434850633144,4.767801076173782,84.38047866709971,-4.817004203796387,14.294824600219727,6.5825934410095215,89.21710931056789,8.43380450864477,4.836630643468182,1,186,1788593636.4683213
1788593691.489503,54.980000,gate_sweep_medium_r01,-4.130992040038109,6.115894876420498,4.769827157258987,84.4082856903418,-4.816230773925781,14.346702575683594,6.566207408905029,89.26304557902809,8.452380109364022,4.8547598886862815,1,174,1788593636.5094802
1788593691.570635,55.012000,gate_sweep_medium_r01,-4.134893044829369,6.163409315049648,4.773031026124954,84.46185637245175,-4.816449165344238,14.4039306640625,6.547133445739746,89.31710076372079,8.456840440982136,4.855244391269028,1,173,1788593636.558616
1788593691.640047,55.048000,gate_sweep_medium_r01,-4.137393578886986,6.201444707810879,4.77549484372139,84.49720243569718,-4.820943832397461,14.470601081848145,6.523750305175781,89.37597913328322,8.479539211882948,4.8787766975860425,1,171,1788593636.5920303
1788593691.713632,55.080000,gate_sweep_medium_r01,-4.139310464262962,6.2393937930464745,4.777884751558304,84.51204098726167,-4.8195390701293945,14.533061981201172,6.501156806945801,89.43617665502366,8.498076814687407,4.924135667761998,1,171,1788593636.6336126
1788593691.782866,55.112000,gate_sweep_medium_r01,-4.14088736474514,6.2866421565413475,4.780756741762161,84.48810841666598,-4.820826530456543,14.589635848999023,6.481081962585449,89.43869728771236,8.502536526391877,4.950588871046381,1,168,1788593636.6708448
1788593691.849449,55.144000,gate_sweep_medium_r01,-4.1414705365896225,6.324245534837246,4.782984048128128,84.42532390046934,-4.828279972076416,14.657889366149902,6.45869255065918,89.41299109438565,8.528149019177844,4.987667193916313,1,165,1788593636.7054284
1788593691.926107,55.180000,gate_sweep_medium_r01,-4.141515836119652,6.35231264680624,4.784593373537064,84.35107089754595,-4.828308582305908,14.72590446472168,6.433620452880859,89.34695287970315,8.562009957812686,4.995881982157199,1,163,1788593636.7460892
1788593691.993511,55.212000,gate_sweep_medium_r01,-4.140858754515648,6.398725114762783,4.787130147218704,84.16938882911622,-4.837118625640869,14.798637390136719,6.421816825866699,89.21978255898054,8.585773382722506,5.05039372986433,1,163,1788593636.7814932
1788593692.063905,55.244000,gate_sweep_medium_r01,-4.139721497893333,6.435444913804531,4.789094716310501,83.97188988013272,-4.83406925201416,14.878538131713867,6.407334804534912,89.03847419759346,8.624769148974123,5.066584317460737,1,160,1788593636.8198843
1788593692.116491,55.276000,gate_sweep_medium_r01,-4.138069733977318,6.471719346940517,4.790962964296341,83.727375749553,-4.922113418579102,15.674324035644531,6.436866283416748,88.8290185157399,9.38145272821926,5.101642766186901,1,364,1788593636.8404753
1788593692.176337,55.312000,gate_sweep_medium_r01,-4.135321244597435,6.516349397599697,4.793123036623001,83.3582089840638,-5.008270263671875,15.91271686553955,6.419717788696289,88.50391546717366,9.575989352016522,5.14570648310986,1,242,1788593636.8643148
1788593692.235415,55.344000,gate_sweep_medium_r01,-4.132595643401146,6.551301084458828,4.794657975435257,83.01217620286239,-5.002334117889404,15.944337844848633,6.4011077880859375,88.1888918839002,9.56902636617774,5.176715681037794,1,195,1788593636.8913996
1788593692.291974,55.376000,gate_sweep_medium_r01,-4.130254372954369,6.577058874070644,4.795716553926468,82.72551528266055,-4.986242771148682,16.011621475219727,6.39126443862915,87.85160721189288,9.606740376695074,5.126091929232331,1,172,1788593636.9159575
1788593692.349370,55.408000,gate_sweep_medium_r01,-4.1258712857961655,6.619022451341152,4.7972977459430695,82.20184864302442,-4.981435775756836,16.09770965576172,6.381649017333984,87.47035343257438,9.648195202569537,5.268504789549955,1,166,1788593636.941354
1788593692.413124,55.444000,gate_sweep_medium_r01,-4.1219745725393295,6.6517139300704,4.798407346010208,81.74756160698139,-4.980641841888428,16.196744918823242,6.370235919952393,86.99158342009562,9.711620416880214,5.244021813114225,1,160,1788593636.969108
1788593692.479000,55.476000,gate_sweep_medium_r01,-4.117756947875023,6.683538042008877,4.799392491579056,81.26680544893611,-4.94354248046875,16.30901336669922,6.363940715789795,86.54021118271241,9.786700573632809,5.273405733776299,1,157,1788593637.0029783
1788593692.538229,55.508000,gate_sweep_medium_r01,-4.113234147429466,6.714451871812344,4.800304681062698,80.76414704159919,-4.957503795623779,16.641990661621094,6.363276958465576,86.0371290872095,10.085221861810947,5.272982045610299,1,367,1788593637.0302007
1788593692.590411,55.540000,gate_sweep_medium_r01,-4.107187852263451,6.751813970506191,4.801436215639114,80.1145916010455,-4.958785057067871,16.77362632751465,6.3289690017700195,85.54064003701531,10.173263838661757,5.426048435969803,1,236,1788593637.0503886
1788593692.662950,55.576000,gate_sweep_medium_r01,-4.103331193327904,6.773506246507168,4.802139550447464,79.71902091545982,-4.945791721343994,16.83211326599121,6.301392078399658,84.96691743504151,10.20456138480483,5.247896519581677,1,186,1788593637.086933
1788593692.723683,55.608000,gate_sweep_medium_r01,-4.097967252135277,6.801670633256435,4.803081303834915,79.18734724167312,-4.943530082702637,16.884408950805664,6.281412124633789,84.43473088430304,10.225558688714099,5.247383642629902,1,172,1788593637.115664
1788593692.785852,55.640000,gate_sweep_medium_r01,-4.092407807707787,6.828942857682705,4.803996831178665,78.657016626133,-4.941233158111572,16.945209503173828,6.255621910095215,83.90364406110656,10.255075362370762,5.246627434973561,1,165,1788593637.1458368
1788593692.846313,55.672000,gate_sweep_medium_r01,-4.0851889699697495,6.861665330827236,4.805121213197708,78.00260115226916,-4.94092321395874,17.020570755004883,6.2232985496521,83.36950759871378,10.293049473861199,5.366906446444616,1,162,1788593637.1742945
1788593692.907654,55.708000,gate_sweep_medium_r01,-4.079200848937035,6.886737905442715,4.805978089570999,77.49019846442445,-4.9371514320373535,17.123855590820312,6.177958011627197,82.75303189043478,10.36421664255617,5.262833426010336,1,160,1788593637.1996298
1788593692.969587,55.740000,gate_sweep_medium_r01,-4.074636086821556,6.9049049243330956,4.806650906801224,77.1146781429668,-4.946527481079102,17.60723304748535,6.270717620849609,82.27631235858304,10.837135839426416,5.161634215616247,1,379,1788593637.2295687
1788593693.034206,55.772000,gate_sweep_medium_r01,-4.067000016570091,6.934056840837002,4.807783871889114,76.51158946450995,-4.906122207641602,17.670236587524414,6.240313529968262,81.78380776313614,10.863784921748312,5.272218298626179,1,226,1788593637.2621863
1788593693.092336,55.804000,gate_sweep_medium_r01,-4.0608969777822495,6.956360898911953,4.808698922395706,76.05180840358737,-4.883861064910889,17.705984115600586,6.238104343414307,81.3416314988531,10.87542500535552,5.2898230952657315,1,380,1788593637.288321
1788593693.155249,55.840000,gate_sweep_medium_r01,-4.054844960570335,6.977748952805996,4.809587270021439,75.61447022713753,-4.877382278442383,17.736114501953125,6.226142406463623,80.8496007254289,10.882353853048002,5.235130498291366,1,349,1788593637.3152344
1788593693.223426,55.872000,gate_sweep_medium_r01,-4.047392472624779,7.003187261521816,4.810621052980423,75.1029212617403,-4.873862266540527,17.7616024017334,6.217113971710205,80.42124480689941,10.881395635663008,5.318323545159105,1,332,1788593637.35141
1788593693.279948,55.904000,gate_sweep_medium_r01,-4.041572198271751,7.022573076188564,4.811337739229202,74.72264540880072,-4.869406700134277,17.786191940307617,6.208560943603516,80.0187424816092,10.885450550957252,5.296097072808483,1,318,1788593637.3759284
1788593693.333563,55.936000,gate_sweep_medium_r01,-4.037304505705833,7.036510072648525,4.811848908662796,74.45580140892375,-4.86417293548584,17.81142807006836,6.1990203857421875,79.64181803358704,10.895265667165319,5.186016624663298,1,308,1788593637.3975463
1788593693.388781,55.972000,gate_sweep_medium_r01,-4.03045092523098,7.058652959764004,4.812591344118118,74.04470475101098,-4.8600172996521,17.8382625579834,6.19016695022583,79.24616637531757,10.898893430533988,5.201461624306595,1,306,1788593637.4167652
1788593693.446477,56.004000,gate_sweep_medium_r01,-4.025256738066673,7.075380407273769,4.813087731599808,73.74838745985228,-4.853962421417236,17.861125946044922,6.18157434463501,78.93722731607264,10.903752360852474,5.188839856220356,1,299,1788593637.4424572
1788593693.513724,56.036000,gate_sweep_medium_r01,-4.020361050963402,7.091219507157803,4.8134792149066925,73.47763933487464,-4.850027561187744,17.88420295715332,6.173379898071289,78.65028495602864,10.909911463350037,5.172645621154006,1,288,1788593637.4777057
1788593693.569916,56.068000,gate_sweep_medium_r01,-4.014617547392845,7.10971649736166,4.813795834779739,73.17737921394667,-4.846266269683838,17.906150817871094,6.167059421539307,78.3905837288672,10.912651188854687,5.213204514920535,1,281,1788593637.501898
1788593693.620897,56.104000,gate_sweep_medium_r01,-4.0103317350149155,7.1234389171004295,4.8139417469501495,72.96628290377603,-4.842113494873047,17.930034637451172,6.1591877937316895,78.1259799527342,10.921724171829146,5.159697048958159,1,273,1788593637.5168748
1788593693.668670,56.136000,gate_sweep_medium_r01,-4.0072871297597885,7.133083425462246,4.814021855592728,72.82392167606969,-4.837894439697266,17.95018196105957,6.152090072631836,77.91969706598137,10.931146133210074,5.095775389911679,1,272,1788593637.5326524
1788593693.717229,56.168000,gate_sweep_medium_r01,-4.003447636961937,7.14521511644125,4.8140609562397,72.65480972548878,-4.83245325088501,17.970762252807617,6.14518928527832,77.7404440629932,10.93853846443734,5.085634337504422,1,268,1788593637.549203
1788593693.764693,56.200000,gate_sweep_medium_r01,-3.998994454741478,7.159132085740566,4.813978940248489,72.47785871554744,-4.829462051391602,17.987253189086914,6.141608238220215,77.58454277382108,10.940771572912636,5.106684058273645,1,264,1788593637.5646784
1788593693.816605,56.236000,gate_sweep_medium_r01,-3.9957133382558823,7.169302545487881,4.813823014497757,72.36066431033619,-4.825628280639648,18.004955291748047,6.13691520690918,77.43648648901923,10.947634548099758,5.075822178683036,1,259,1788593637.5805888
1788593693.868300,56.268000,gate_sweep_medium_r01,-3.992714986205101,7.178650937974453,4.813598424196243,72.26616783112674,-4.823277473449707,18.01838493347168,6.13136100769043,77.3275696937816,10.951080556950236,5.061401862654858,1,257,1788593637.6002748
1788593693.920024,56.300000,gate_sweep_medium_r01,-3.9906321614980698,7.185110650956631,4.813425809144974,72.20984942359053,-4.821588039398193,18.031641006469727,6.125813961029053,77.23419552335629,10.957192664423197,5.024346099765771,1,253,1788593637.6200044
1788593693.968071,56.332000,gate_sweep_medium_r01,-3.9874855130910873,7.194899640977383,4.813098698854446,72.14057642538037,-4.818947792053223,18.044912338256836,6.119805812835693,77.16202583996692,10.95999947692478,5.0214494145865345,1,252,1788593637.6360517
1788593694.023945,56.368000,gate_sweep_medium_r01,-3.985259637236595,7.201832376420498,4.812785893678665,72.10928833613579,-4.815703392028809,18.0577392578125,6.114727973937988,77.10550021359849,10.965190569601496,4.996211877462696,1,250,1788593637.6559272
1788593694.079466,56.400000,gate_sweep_medium_r01,-3.9833122342824936,7.207995496690273,4.8123781979084015,72.09754466168295,-4.812822341918945,18.06793785095215,6.112693786621094,77.07988450551258,10.9689222618638,4.982339843829637,1,249,1788593637.679451
1788593694.136006,56.432000,gate_sweep_medium_r01,-3.981285199522972,7.214646898210049,4.811839371919632,72.11017939168464,-4.810222148895264,18.078786849975586,6.111082077026367,77.07462549509437,10.972907771614405,4.964446103409725,1,245,1788593637.7039928
1788593694.189527,56.464000,gate_sweep_medium_r01,-3.9800726026296616,7.219154439866543,4.811391144990921,72.14021590280036,-4.809084892272949,18.087787628173828,6.1099090576171875,77.0878357501443,10.977276416660258,4.947619847343937,1,243,1788593637.7255108
1788593694.242029,56.500000,gate_sweep_medium_r01,-3.97942815721035,7.22203453630209,4.811059266328812,72.17533912601871,-4.8048415184021,18.098434448242188,6.1076579093933105,77.13104031127742,10.984468594451036,4.955701185258706,1,239,1788593637.7420125
1788593694.299174,56.532000,gate_sweep_medium_r01,-3.9788356870412827,7.225905977189541,4.81049183011055,72.2523717500882,-4.802019119262695,18.107847213745117,6.105663299560547,77.1806661748653,10.989619883062826,4.928294424777094,1,235,1788593637.7671556
1788593694.355214,56.564000,gate_sweep_medium_r01,-3.9787901490926743,7.228145681321621,4.8100660145282745,72.33092796303522,-4.797521114349365,18.11661720275879,6.104132652282715,77.2546271866874,10.995623717168911,4.923699223652185,1,233,1788593637.7912016
1788593694.406273,56.596000,gate_sweep_medium_r01,-3.979111060500145,7.229604326188564,4.809720307588577,72.422755954158,-4.79493522644043,18.126617431640625,6.100811004638672,77.33251122577596,11.003516659601848,4.909755271617955,1,231,1788593637.8102517
1788593694.458999,56.632000,gate_sweep_medium_r01,-3.9799076169729233,7.230350576341152,4.809339314699173,72.55395742345567,-4.793376445770264,18.131879806518555,6.097759246826172,77.42941800106799,11.007501851616441,4.875460577612319,1,229,1788593637.8269832
1788593694.509309,56.664000,gate_sweep_medium_r01,-3.9808450788259506,7.230148397386074,4.809046536684036,72.66988121969628,-4.790812969207764,18.134658813476562,6.101076126098633,77.54467210110165,11.010619231360169,4.874790881405375,1,228,1788593637.8452907
1788593694.560256,56.696000,gate_sweep_medium_r01,-3.9816833585500717,7.229572854936123,4.808799535036087,72.76221886265523,-4.7875847816467285,18.136377334594727,6.105804920196533,77.67341813488997,11.013177744428962,4.911199272234739,1,219,1788593637.8642406
1788593694.614252,56.728000,gate_sweep_medium_r01,-3.9833313077688217,7.227877222001553,4.808339864015579,72.92569567026496,-4.7847113609313965,18.137916564941406,6.107200622558594,77.80097850073105,11.016270136674448,4.875282830466094,1,212,1788593637.886235
1788593694.663330,56.764000,gate_sweep_medium_r01,-3.984819993376732,7.225893102586269,4.8078873455524445,73.06444294507081,-4.782362937927246,18.140625,6.108184337615967,77.94462499048346,11.020808473446605,4.880182045412655,1,212,1788593637.89931
1788593694.716952,56.796000,gate_sweep_medium_r01,-3.9864226430654526,7.223403058946133,4.807353764772415,73.20801306703558,-4.780405044555664,18.143177032470703,6.1078619956970215,78.0809834775983,11.02556997825706,4.8729704105627185,1,211,1788593637.920934
1788593694.770489,56.828000,gate_sweep_medium_r01,-3.9881239980459213,7.220470987260342,4.806769162416458,73.35675328109333,-4.778694152832031,18.143321990966797,6.1083903312683105,78.22125517271701,11.02850365580086,4.864501891623672,1,210,1788593637.9424715
1788593694.819986,56.860000,gate_sweep_medium_r01,-3.9903398603200912,7.216231428086758,4.805898457765579,73.54864552445987,-4.776560306549072,18.142423629760742,6.108957767486572,78.36446230645669,11.03167177641904,4.815816781996823,1,210,1788593637.959963
1788593694.869540,56.896000,gate_sweep_medium_r01,-3.991653546690941,7.213406167924404,4.805221825838089,73.66781732883236,-4.773909568786621,18.14125633239746,6.10988712310791,78.53342053192088,11.033221888423116,4.865603203088513,1,210,1788593637.9735224
1788593694.921210,56.928000,gate_sweep_medium_r01,-3.993428334593773,7.209303937852383,4.804274827241898,73.8315781275717,-4.772852420806885,18.13939094543457,6.110093593597412,78.68407894469402,11.03537342141408,4.8525008171223245,1,208,1788593637.9931958
1788593694.972569,56.960000,gate_sweep_medium_r01,-3.995216950774193,7.204891763627529,4.803285390138626,74.00178541334891,-4.77052640914917,18.13616943359375,6.111108779907227,78.84876086617527,11.036500272866107,4.846975452826348,1,208,1788593638.0125458
1788593695.024802,56.992000,gate_sweep_medium_r01,-3.9973808377981186,7.199053846299648,4.801982671022415,74.2263321793153,-4.768138408660889,18.131858825683594,6.112424850463867,79.01447901028732,11.038004831306422,4.788146830972012,1,206,1788593638.0327873
1788593695.075931,57.028000,gate_sweep_medium_r01,-3.9990454763174057,7.194204889237881,4.800856858491898,74.41392911168796,-4.765364170074463,18.125398635864258,6.114208221435547,79.211279993778,11.03644566285863,4.797350882090035,1,206,1788593638.0479178
1788593695.131717,57.060000,gate_sweep_medium_r01,-4.000242814421654,7.190534196794033,4.799973756074905,74.5593251084164,-4.764973163604736,18.12112045288086,6.115888595581055,79.3850873146808,11.036039156941607,4.825762206264394,1,206,1788593638.0716972
1788593695.188653,57.092000,gate_sweep_medium_r01,-4.0021039098501205,7.184470735490322,4.7984035313129425,74.81133424301859,-4.764542579650879,18.115032196044922,6.118178844451904,79.57234814867027,11.036317023597142,4.761013905651681,1,206,1788593638.0966265
1788593695.242696,57.124000,gate_sweep_medium_r01,-4.003378972411156,7.179806791245937,4.79719141125679,75.02074687439261,-4.7627692222595215,18.105897903442383,6.120935440063477,79.7682185449295,11.032154766743634,4.747471670536889,1,206,1788593638.1186779
1788593695.301676,57.160000,gate_sweep_medium_r01,-4.004442319273949,7.175348840653896,4.79606369137764,75.23600860269592,-4.7641401290893555,18.09780502319336,6.124785423278809,79.98522585114792,11.02917455037136,4.749217248451998,1,204,1788593638.1416578
