t_wall,t_sim,exp_id,gt_x,gt_y,gt_z,gt_dyaw_deg,vslam_x,vslam_y,vslam_z,vslam_dyaw_deg,pos_error_m,yaw_error_deg,vo_state,feature_count,msg_age_s
1788710655.796010,37.392000,r2_medium_r124,0.0003882087767124176,0.00017814990133047104,4.456937313079834e-05,0.002694615639206642,0.0,0.0,0.0,0.0,0.0004294529900721156,0.002694615639206642,,,1788710618.4039905
1788710655.842700,37.424000,r2_medium_r124,0.0005235401913523674,0.00024062907323241234,6.337463855743408e-05,0.002827198175836976,0.0,0.0,0.0,0.0,0.0005796663071614983,0.002827198175836976,1,3,1788710618.4186692
1788710655.895696,37.456000,r2_medium_r124,0.000642094761133194,0.0003765705041587353,8.52048397064209e-05,0.004295695556941568,0.0,0.0,0.0,0.0,0.0007492335360796754,0.004295695556941568,1,3,1788710618.4396696
1788710655.943029,37.492000,r2_medium_r124,0.0007187481969594955,0.000523056834936142,9.943544864654541e-05,0.004656747076348041,0.0,0.0,0.0,0.0,0.0008944690221877335,0.004656747076348041,1,3,1788710618.4510128
1788710655.993225,37.524000,r2_medium_r124,0.0007875459268689156,0.0006770025938749313,9.785592555999756e-05,0.005466175146011447,0.0,0.0,0.0,0.0,0.001043137997202867,0.005466175146011447,1,3,1788710618.4692085
1788710656.040187,37.556000,r2_medium_r124,0.0008343048393726349,0.0007986617274582386,8.727610111236572e-05,0.0060636203004543225,0.0,0.0,0.0,0.0,0.001158249643959605,0.0060636203004543225,1,3,1788710618.4841685
1788710656.086165,37.588000,r2_medium_r124,0.0009012361988425255,0.001077319961041212,7.958710193634033e-05,0.005993992001384042,0.0,0.0,0.0,0.0,0.0014068330005215929,0.005993992001384042,1,3,1788710618.4981482
1788710656.136425,37.624000,r2_medium_r124,0.000919826328754425,0.0013562990352511406,6.787478923797607e-05,0.006735087060968092,0.0,0.0,0.0,0.0,0.001640193444416578,0.006735087060968092,1,3,1788710618.512404
1788710656.185348,37.656000,r2_medium_r124,0.0008886568248271942,0.0016436697915196419,4.871189594268799e-05,0.007083044396433908,0.0,0.0,0.0,0.0,0.001869153333644007,0.007083044396433908,1,3,1788710618.5293307
1788710656.228571,37.688000,r2_medium_r124,0.0008078645914793015,0.0020037242211401463,3.936886787414551e-05,0.00619353380257301,0.0,0.0,0.0,0.0,0.0021608113893413733,0.006193533802573009,1,3,1788710618.5405536
1788710656.276325,37.720000,r2_medium_r124,0.000724421814084053,0.0023132567293941975,5.2481889724731445e-05,0.006038475047733333,0.0,0.0,0.0,0.0,0.0024246026498289256,0.0060384750477333335,1,3,1788710618.5563056
1788710656.330174,37.756000,r2_medium_r124,0.000660470686852932,0.002542042639106512,7.492303848266602e-05,0.0060860477764278125,0.0,0.0,0.0,0.0,0.002627511326126504,0.0060860477764278125,1,3,1788710618.5741558
1788710656.380695,37.788000,r2_medium_r124,0.0005665291100740433,0.0028664045967161655,0.00012227892875671387,0.006259782251084476,0.0,0.0,0.0,0.0,0.002924411510211027,0.006259782251084476,1,3,1788710618.5926685
1788710656.427792,37.820000,r2_medium_r124,0.0005202582105994225,0.0030512413941323757,0.00016479194164276123,0.006259498943361493,0.0,0.0,0.0,0.0,0.0030996611161534073,0.006259498943361493,1,3,1788710618.607769
1788710656.475335,37.852000,r2_medium_r124,0.0005138013511896133,0.0031712218187749386,0.0002180933952331543,0.0072093094915911754,0.0,0.0,0.0,0.0,0.003219969624298159,0.0072093094915911754,1,3,1788710618.6233153
1788710656.522660,37.888000,r2_medium_r124,0.000559207983314991,0.003286530263721943,0.0003001689910888672,0.007632356864175592,0.0,0.0,0.0,0.0,0.003347252032066715,0.007632356864175592,1,3,1788710618.6346407
1788710656.569373,37.920000,r2_medium_r124,0.0006565302610397339,0.003368593519553542,0.0003860294818878174,0.00769744897987277,0.0,0.0,0.0,0.0,0.003453617385369375,0.00769744897987277,1,3,1788710618.649354
1788710656.619456,37.952000,r2_medium_r124,0.0007571456953883171,0.003432708792388439,0.00045399367809295654,0.007321126264214761,0.0,0.0,0.0,0.0,0.003544413846764275,0.007321126264214761,1,3,1788710618.667439
1788710656.683125,37.984000,r2_medium_r124,0.001007850281894207,0.003587285988032818,0.0005604773759841919,0.0075906521067416865,0.0,0.0,0.0,0.0,0.0037680920688912246,0.0075906521067416865,1,3,1788710618.6991086
1788710656.790734,38.020000,r2_medium_r124,0.0012811170890927315,0.0037250795867294073,0.0006503015756607056,0.007721143268295849,0.0,0.0,0.0,0.0,0.003992539425320727,0.007721143268295849,1,3,1788710618.770703
1788710656.842169,38.052000,r2_medium_r124,0.001510458067059517,0.0038235227111727,0.0007174462080001831,0.008633267737175612,0.0,0.0,0.0,0.0,0.00417319284919502,0.00863326773717561,1,3,1788710618.7901459
1788710656.885104,38.084000,r2_medium_r124,0.0018564295023679733,0.003947649383917451,0.0007920265197753906,0.00920058842098142,0.0,0.0,0.0,0.0,0.004433686069585165,0.00920058842098142,1,3,1788710618.8010855
1788710656.939586,38.116000,r2_medium_r124,0.0023400592617690563,0.00406836299225688,0.0008648186922073364,0.010608500898177605,0.0,0.0,0.0,0.0,0.004772354361921137,0.010608500898177605,1,3,1788710618.823567
1788710656.992095,38.152000,r2_medium_r124,0.0027468549087643623,0.004125759471207857,0.0008906573057174683,0.010407400225270183,0.0,0.0,0.0,0.0,0.005035908412619526,0.010407400225270183,1,3,1788710618.840079
1788710657.039131,38.184000,r2_medium_r124,0.0031745308078825474,0.004148413892835379,0.0008823424577713013,0.010691395017852368,0.0,0.0,0.0,0.0,0.005297689297160688,0.010691395017852368,1,3,1788710618.8551137
1788710657.087097,38.216000,r2_medium_r124,0.003502513747662306,0.004148815060034394,0.0008697807788848877,0.011337224063568898,0.0,0.0,0.0,0.0,0.0054987987377471135,0.011337224063568898,1,3,1788710618.8710783
1788710657.160178,38.248000,r2_medium_r124,0.0040143635123968124,0.004090570146217942,0.0008303821086883545,0.01243026334656334,0.0,0.0,0.0,0.0,0.005791149538495968,0.01243026334656334,1,3,1788710618.9121616
1788710657.257592,38.284000,r2_medium_r124,0.004429084248840809,0.004022243432700634,0.0007801949977874756,0.011866687364133651,0.0,0.0,0.0,0.0,0.0060335672491326165,0.011866687364133653,1,3,1788710618.9735749
1788710657.309212,38.316000,r2_medium_r124,0.004841173067688942,0.003950146725401282,0.0007341355085372925,0.011658569961600198,0.0,0.0,0.0,0.0,0.00629122967061373,0.011658569961600198,1,3,1788710618.993197
1788710657.362093,38.348000,r2_medium_r124,0.005346726160496473,0.0038241599686443806,0.0006893426179885864,0.011853284841605648,0.0,0.0,0.0,0.0,0.006609604628576123,0.011853284841605648,1,3,1788710619.0140727
1788710657.408256,38.380000,r2_medium_r124,0.005752260331064463,0.0036953166127204895,0.0006917566061019897,0.012233019986499314,0.0,0.0,0.0,0.0,0.006871854988769162,0.012233019986499316,1,3,1788710619.028236
1788710657.454509,38.416000,r2_medium_r124,0.0060571846552193165,0.003587686689570546,0.0006994307041168213,0.012615965620318054,0.0,0.0,0.0,0.0,0.007074615540070525,0.012615965620318054,1,3,1788710619.0384924
1788710657.503806,38.448000,r2_medium_r124,0.006613167701289058,0.003369417507201433,0.0007264912128448486,0.01336468456510649,0.0,0.0,0.0,0.0,0.007457529809900132,0.01336468456510649,1,3,1788710619.055776
1788710657.551006,38.480000,r2_medium_r124,0.007091224659234285,0.003147534094750881,0.0007824450731277466,0.01290407608915469,0.0,0.0,0.0,0.0,0.007797734179735389,0.012904076089154688,1,3,1788710619.070981
1788710657.597809,38.512000,r2_medium_r124,0.007587398402392864,0.0028983792290091515,0.0008559674024581909,0.012610046738680436,0.0,0.0,0.0,0.0,0.008167122924620181,0.012610046738680436,1,3,1788710619.0857902
1788710657.645830,38.548000,r2_medium_r124,0.008234303910285234,0.0025858860462903976,0.0009798705577850342,0.012869957329109815,0.0,0.0,0.0,0.0,0.00868623703575674,0.012869957329109815,1,3,1788710619.0978127
1788710657.692958,38.580000,r2_medium_r124,0.008778645191341639,0.0023822360672056675,0.0010814517736434937,0.011538269362325158,0.0,0.0,0.0,0.0,0.009160196396042928,0.011538269362325158,1,3,1788710619.1129386
1788710657.742660,38.612000,r2_medium_r124,0.00919829320628196,0.0022591734305024147,0.0011632293462753296,0.01158968796278843,0.0,0.0,0.0,0.0,0.009542827935672791,0.01158968796278843,1,3,1788710619.1306412
1788710657.794113,38.644000,r2_medium_r124,0.009935676120221615,0.0021180775947868824,0.001329466700553894,0.011115013664973937,0.0,0.0,0.0,0.0,0.010245554859126073,0.011115013664973935,1,3,1788710619.1500838
1788710657.846322,38.680000,r2_medium_r124,0.010535197041463107,0.002083233091980219,0.0014792978763580322,0.011063724817315799,0.0,0.0,0.0,0.0,0.010840597724524781,0.011063724817315799,1,3,1788710619.1663027
1788710657.891731,38.712000,r2_medium_r124,0.01114668173249811,0.0021105469204485416,0.0016180872917175293,0.011183462116699783,0.0,0.0,0.0,0.0,0.011459543116225867,0.011183462116699783,1,3,1788710619.1797104
1788710657.939931,38.744000,r2_medium_r124,0.011771895922720432,0.0021731858141720295,0.0017401725053787231,0.011504461044477747,0.0,0.0,0.0,0.0,0.012096630545187224,0.011504461044477748,1,3,1788710619.1959114
1788710657.990358,38.776000,r2_medium_r124,0.01256517879664898,0.002317790873348713,0.0018629133701324463,0.011497767118801329,0.0,0.0,0.0,0.0,0.012912254603629604,0.011497767118801329,1,3,1788710619.2143376
1788710658.041340,38.812000,r2_medium_r124,0.013041188940405846,0.0024349410086870193,0.0019139349460601807,0.011712797335828962,0.0,0.0,0.0,0.0,0.01340390591107308,0.011712797335828962,1,3,1788710619.2293212
1788710658.086037,38.844000,r2_medium_r124,0.013679384486749768,0.002626897767186165,0.0019508600234985352,0.011284681924171664,0.0,0.0,0.0,0.0,0.014065276628878033,0.011284681924171664,1,3,1788710619.2420163
1788710658.135648,38.876000,r2_medium_r124,0.014302242081612349,0.002824986819177866,0.0019595175981521606,0.011605548118009,0.0,0.0,0.0,0.0,0.014709669891164784,0.011605548118009002,1,3,1788710619.2596338
1788710658.182592,38.908000,r2_medium_r124,0.015077709220349789,0.0030578593723475933,0.001950278878211975,0.010487626140263872,0.0,0.0,0.0,0.0,0.015507785366623915,0.010487626140263872,1,3,1788710619.2745738
1788710658.227699,38.944000,r2_medium_r124,0.015697170048952103,0.00322151742875576,0.0019450485706329346,0.010869757347039367,0.0,0.0,0.0,0.0,0.01614194957344426,0.010869757347039368,1,3,1788710619.2836726
1788710658.273373,38.976000,r2_medium_r124,0.016167931724339724,0.0033350090961903334,0.001926913857460022,0.010493478690649602,0.0,0.0,0.0,0.0,0.016620388049881824,0.010493478690649604,1,3,1788710619.2973554
1788710658.323253,39.008000,r2_medium_r124,0.016980646643787622,0.003510489594191313,0.0018758773803710938,0.010858739834476947,0.0,0.0,0.0,0.0,0.017440894861740587,0.010858739834476947,1,3,1788710619.315236
1788710658.375024,39.040000,r2_medium_r124,0.017617003060877323,0.003650306025519967,0.0018294751644134521,0.010547503480601675,0.0,0.0,0.0,0.0,0.018083984912184426,0.010547503480601673,1,3,1788710619.335007
1788710658.420357,39.076000,r2_medium_r124,0.01820774469524622,0.0037860365118831396,0.001766204833984375,0.010239782221949347,0.0,0.0,0.0,0.0,0.018680886458414356,0.010239782221949345,1,3,1788710619.3443358
1788710658.466716,39.108000,r2_medium_r124,0.018870161846280098,0.00395254697650671,0.0016841590404510498,0.009939681383939096,0.0,0.0,0.0,0.0,0.01935308831633418,0.009939681383939096,1,3,1788710619.35869
1788710658.513030,39.140000,r2_medium_r124,0.01932523399591446,0.004086055560037494,0.001641601324081421,0.009457958197410046,0.0,0.0,0.0,0.0,0.019820579556203373,0.009457958197410046,1,3,1788710619.3730114
1788710658.562068,39.172000,r2_medium_r124,0.01961891446262598,0.004208126105368137,0.0016183555126190186,0.009475147519675032,0.0,0.0,0.0,0.0,0.020130305625492624,0.009475147519675032,1,3,1788710619.3900487
1788710658.607942,39.208000,r2_medium_r124,0.020016763359308243,0.004488261416554451,0.001575663685798645,0.009379897772711494,0.0,0.0,0.0,0.0,0.020574207687700175,0.009379897772711494,1,3,1788710619.3999233
1788710658.653987,39.240000,r2_medium_r124,0.020252615213394165,0.0047612665221095085,0.0015360713005065918,0.00972792352688687,0.0,0.0,0.0,0.0,0.020861390100293066,0.00972792352688687,1,3,1788710619.4139695
1788710658.703332,39.272000,r2_medium_r124,0.0204486520960927,0.005037091439589858,0.0014767944812774658,0.010230119992615468,0.0,0.0,0.0,0.0,0.02111162202810948,0.010230119992615468,1,3,1788710619.431312
1788710658.756330,39.304000,r2_medium_r124,0.02067315485328436,0.005355987814255059,0.001387074589729309,0.010753009323162066,0.0,0.0,0.0,0.0,0.021400698889797877,0.010753009323162066,1,3,1788710619.4523091
1788710658.807671,39.340000,r2_medium_r124,0.02085209172219038,0.005581869976595044,0.001337587833404541,0.011918138278405916,0.0,0.0,0.0,0.0,0.021627670767753182,0.011918138278405916,1,3,1788710619.4676523
1788710658.854538,39.372000,r2_medium_r124,0.020983378402888775,0.005731044104322791,0.001313537359237671,0.01242355923412926,0.0,0.0,0.0,0.0,0.021791567546154755,0.01242355923412926,1,3,1788710619.4825194
1788710658.901593,39.404000,r2_medium_r124,0.021142243407666683,0.005913293338380754,0.0012985765933990479,0.013284155922650484,0.0,0.0,0.0,0.0,0.021991993897409287,0.013284155922650484,1,3,1788710619.4975717
1788710658.949263,39.436000,r2_medium_r124,0.021310393698513508,0.006124486215412617,0.0013140588998794556,0.013950600430016759,0.0,0.0,0.0,0.0,0.022211910358651634,0.013950600430016759,1,3,1788710619.5132453
1788710658.996865,39.472000,r2_medium_r124,0.021433130837976933,0.006248575053177774,0.0013298839330673218,0.013824085001587265,0.0,0.0,0.0,0.0,0.022364981086253215,0.013824085001587265,1,3,1788710619.5248437
1788710659.044373,39.504000,r2_medium_r124,0.0215378450229764,0.006353271950501949,0.0013476312160491943,0.013205596968522347,0.0,0.0,0.0,0.0,0.022495753879460324,0.013205596968522346,1,3,1788710619.540349
1788710659.089284,39.536000,r2_medium_r124,0.021608940325677395,0.006424805615097284,0.0013650208711624146,0.013413622466158813,0.0,0.0,0.0,0.0,0.022585121455710202,0.013413622466158813,1,3,1788710619.5532637
1788710659.141217,39.568000,r2_medium_r124,0.021689705550670624,0.006525451724883169,0.0013853609561920166,0.013447437976420345,0.0,0.0,0.0,0.0,0.022692379162783133,0.013447437976420343,1,3,1788710619.5731966
1788710659.190268,39.604000,r2_medium_r124,0.021733958274126053,0.00660487380810082,0.0013899058103561401,0.013300884924176274,0.0,0.0,0.0,0.0,0.022757880798616778,0.013300884924176273,1,3,1788710619.5862494
1788710659.240037,39.636000,r2_medium_r124,0.02175943274050951,0.00665132055291906,0.0014048516750335693,0.013700538797678843,0.0,0.0,0.0,0.0,0.02279663542094064,0.013700538797678843,1,3,1788710619.6040223
1788710659.285372,39.668000,r2_medium_r124,0.02179864887148142,0.006653744901996106,0.0014820843935012817,0.013413982486681237,0.0,0.0,0.0,0.0,0.022839658228450733,0.013413982486681235,1,3,1788710619.6173553
1788710659.332730,39.700000,r2_medium_r124,0.0218126168474555,0.0066339600016362965,0.0015695691108703613,0.013246928019618354,0.0,0.0,0.0,0.0,0.022853079141135626,0.013246928019618354,1,3,1788710619.6327116
1788710659.383077,39.736000,r2_medium_r124,0.02181644458323717,0.006627483409829438,0.0016421079635620117,0.012997750842216601,0.0,0.0,0.0,0.0,0.022859949894193047,0.012997750842216601,1,3,1788710619.6470575
1788710659.430189,39.768000,r2_medium_r124,0.021836808882653713,0.006668069283477962,0.0017698705196380615,0.012666576807071067,0.0,0.0,0.0,0.0,0.022900694570320138,0.012666576807071067,1,3,1788710619.6621692
1788710659.478882,39.800000,r2_medium_r124,0.021860484033823013,0.006710682646371424,0.0018685311079025269,0.012581190681126979,0.0,0.0,0.0,0.0,0.022943527023422988,0.012581190681126979,1,3,1788710619.6788623
1788710659.525791,39.832000,r2_medium_r124,0.021880668587982655,0.0067414671066217124,0.0019695907831192017,0.012752019435375853,0.0,0.0,0.0,0.0,0.02298021593588149,0.012752019435375853,1,3,1788710619.6937723
1788710659.572003,39.868000,r2_medium_r124,0.02191570494323969,0.0067729681031778455,0.0020809024572372437,0.013486456255226284,0.0,0.0,0.0,0.0,0.02303261546421381,0.013486456255226284,1,3,1788710619.7039807
1788710659.618749,39.900000,r2_medium_r124,0.021938624791800976,0.006815154629293829,0.0021534860134124756,0.013476171942907032,0.0,0.0,0.0,0.0,0.02307351495517258,0.013476171942907032,1,3,1788710619.7187316
1788710659.662414,39.932000,r2_medium_r124,0.021944517269730568,0.006849661731394008,0.0022019296884536743,0.011816095051346329,0.0,0.0,0.0,0.0,0.023093899592509716,0.011816095051346329,1,3,1788710619.7303975
1788710659.714912,39.964000,r2_medium_r124,0.021939747966825962,0.00687351796659641,0.0022580474615097046,0.012257495546651056,0.0,0.0,0.0,0.0,0.023101873699407978,0.012257495546651058,1,3,1788710619.750895
1788710659.759919,40.000000,r2_medium_r124,0.02195256482809782,0.00685958654503338,0.0022799670696258545,0.011468333148610824,0.0,0.0,0.0,0.0,0.023112059188640437,0.011468333148610824,1,3,1788710619.759899
1788710659.807221,40.032000,r2_medium_r124,0.02201082557439804,0.006823318894021213,0.0022956877946853638,0.010863547551068957,0.0,0.0,0.0,0.0,0.023158244874056173,0.010863547551068957,1,3,1788710619.775198
1788710659.852953,40.064000,r2_medium_r124,0.022110952995717525,0.006787350110244006,0.002290397882461548,0.010757760437598705,0.0,0.0,0.0,0.0,0.023242381254033405,0.010757760437598705,1,3,1788710619.7889338
1788710659.901420,40.096000,r2_medium_r124,0.02224170882254839,0.006775800575269386,0.0022395700216293335,0.011362736910927186,0.0,0.0,0.0,0.0,0.023358526466038664,0.011362736910927184,1,3,1788710619.8054018
1788710659.950826,40.132000,r2_medium_r124,0.022311842069029808,0.006776609050575644,0.002194926142692566,0.012527522912299091,0.0,0.0,0.0,0.0,0.023421324204868248,0.012527522912299091,1,3,1788710619.8188002
1788710660.000117,40.164000,r2_medium_r124,0.02239037025719881,0.0067798252566717565,0.0021192580461502075,0.011806021303063404,0.0,0.0,0.0,0.0,0.023490124849213333,0.011806021303063404,1,3,1788710619.8361
1788710660.049661,40.196000,r2_medium_r124,0.022451555356383324,0.0067670573480427265,0.0020437538623809814,0.011502266345793257,0.0,0.0,0.0,0.0,0.0235381038514669,0.011502266345793257,1,3,1788710619.8536415
1788710660.093754,40.228000,r2_medium_r124,0.02247309498488903,0.006739929754985496,0.0019297748804092407,0.010965761929815828,0.0,0.0,0.0,0.0,0.023541254902639364,0.010965761929815828,1,3,1788710619.8657296
1788710660.143950,40.264000,r2_medium_r124,0.022452281787991524,0.006730916327796876,0.0018128007650375366,0.010323513567351653,0.0,0.0,0.0,0.0,0.023509496777109014,0.010323513567351653,1,3,1788710619.8799348
1788710660.196148,40.296000,r2_medium_r124,0.02241680771112442,0.006734475231496617,0.0017150640487670898,0.009732118958557176,0.0,0.0,0.0,0.0,0.023469296310127025,0.009732118958557176,1,3,1788710619.900132
1788710660.242500,40.328000,r2_medium_r124,0.02229449152946472,0.006773892935598269,0.0015541762113571167,0.009136636921983927,0.0,0.0,0.0,0.0,0.02335263243739923,0.009136636921983927,1,3,1788710619.9144762
1788710660.293979,40.360000,r2_medium_r124,0.022098935209214687,0.006852915772469714,0.001436382532119751,0.010623260593696487,0.0,0.0,0.0,0.0,0.02318164331414431,0.010623260593696487,1,3,1788710619.9339623
1788710660.340750,40.396000,r2_medium_r124,0.021799679845571518,0.006990379057242535,0.0013297051191329956,0.011620682624926448,0.0,0.0,0.0,0.0,0.022931627862783764,0.011620682624926448,1,3,1788710619.9447312
1788710660.391290,40.428000,r2_medium_r124,0.021318607032299042,0.007229345694213407,0.0012186914682388306,0.01354702512496939,0.0,0.0,0.0,0.0,0.02254399374243149,0.01354702512496939,1,3,1788710619.9632714
1788710660.439487,40.460000,r2_medium_r124,0.0209036311134696,0.0074554588354658335,0.0011432170867919922,0.014663913254522475,0.0,0.0,0.0,0.0,0.022222794727101113,0.014663913254522475,1,3,1788710619.9794657
1788710660.493535,40.492000,r2_medium_r124,0.020587016828358173,0.007651376741705462,0.0010927319526672363,0.01615992439976509,0.0,0.0,0.0,0.0,0.021990063461822792,0.01615992439976509,1,3,1788710620.001514
1788710660.543483,40.528000,r2_medium_r124,0.020048941485583782,0.008040113374590874,0.001021072268486023,0.017953047702659052,0.0,0.0,0.0,0.0,0.021625125811104744,0.017953047702659052,1,3,1788710620.0154583
1788710660.597121,40.560000,r2_medium_r124,0.019586555659770966,0.008352729259058833,0.0009754151105880737,0.019548238121775655,0.0,0.0,0.0,0.0,0.021315550270316907,0.01954823812177565,1,3,1788710620.0370984
1788710660.645103,40.592000,r2_medium_r124,0.019094577059149742,0.008654142613522708,0.000932842493057251,0.01984552643599219,0.0,0.0,0.0,0.0,0.02098492917690814,0.019845526435992186,1,3,1788710620.0530844
1788710660.697062,40.624000,r2_medium_r124,0.018378675915300846,0.009032970061525702,0.000897631049156189,0.022619824097381395,0.0,0.0,0.0,0.0,0.020498195482346448,0.02261982409738139,1,3,1788710620.0730429
1788710660.744327,40.660000,r2_medium_r124,0.017738336697220802,0.00934507348574698,0.0008655190467834473,0.0247546959267271,0.0,0.0,0.0,0.0,0.02006808686592537,0.0247546959267271,1,3,1788710620.0843089
1788710660.796276,40.692000,r2_medium_r124,0.01722836634144187,0.009598609991371632,0.0008317828178405762,0.02513055853461347,0.0,0.0,0.0,0.0,0.019739346068637666,0.02513055853461347,1,3,1788710620.1042535
1788710660.843329,40.724000,r2_medium_r124,0.01650200830772519,0.009957202710211277,0.0007744282484054565,0.02665704764330797,0.0,0.0,0.0,0.0,0.019288906218663575,0.02665704764330797,1,3,1788710620.1193113
1788710660.889153,40.756000,r2_medium_r124,0.015546929091215134,0.010438905796036124,0.00070229172706604,0.028330234317630643,0.0,0.0,0.0,0.0,0.01873955634628775,0.028330234317630643,1,3,1788710620.1331322
1788710660.936456,40.792000,r2_medium_r124,0.01475442759692669,0.010881970636546612,0.0006708204746246338,0.030516675627610373,0.0,0.0,0.0,0.0,0.01834558308576727,0.030516675627610373,1,3,1788710620.1444385
1788710660.984802,40.824000,r2_medium_r124,0.013952684588730335,0.011363524477928877,0.0006525218486785889,0.03277440259902299,0.0,0.0,0.0,0.0,0.018006467742344268,0.032774402599022985,1,3,1788710620.160784
1788710661.036392,40.856000,r2_medium_r124,0.013374153524637222,0.011724118143320084,0.000644981861114502,0.0345408020203521,0.0,0.0,0.0,0.0,0.01779716073817001,0.0345408020203521,1,3,1788710620.1803734
1788710661.086460,40.888000,r2_medium_r124,0.01240111724473536,0.012407785281538963,0.0006606429815292358,0.03577748061004462,0.0,0.0,0.0,0.0,0.017554979170010185,0.03577748061004462,1,3,1788710620.198437
1788710661.136057,40.924000,r2_medium_r124,0.011643982026726007,0.013008852023631334,0.0006732642650604248,0.037075422583592005,0.0,0.0,0.0,0.0,0.0174718583207987,0.037075422583592005,1,3,1788710620.2120392
1788710661.186136,40.956000,r2_medium_r124,0.010877973167225718,0.013646355830132961,0.0006767511367797852,0.03739249633575253,0.0,0.0,0.0,0.0,0.017464573277656093,0.03739249633575253,1,3,1788710620.2301204
1788710661.234648,40.988000,r2_medium_r124,0.009913075751683209,0.014480354264378548,0.0006673485040664673,0.039356893985763614,0.0,0.0,0.0,0.0,0.017561181181981904,0.039356893985763614,1,3,1788710620.2466307
1788710661.281712,41.020000,r2_medium_r124,0.009152028476819396,0.015137363225221634,0.0006357580423355103,0.04065191008496781,0.0,0.0,0.0,0.0,0.017700383581753243,0.0406519100849678,1,3,1788710620.2616913
1788710661.332289,41.056000,r2_medium_r124,0.008583482122048736,0.015629976987838745,0.000601157546043396,0.04196051311466649,0.0,0.0,0.0,0.0,0.01784190954957075,0.04196051311466649,1,3,1788710620.2762706
1788710661.382353,41.088000,r2_medium_r124,0.007637967588379979,0.01648619957268238,0.0005534142255783081,0.04277683139408285,0.0,0.0,0.0,0.0,0.01817799748422604,0.04277683139408285,1,3,1788710620.2943358
1788710661.428522,41.120000,r2_medium_r124,0.006906312890350819,0.01718834415078163,0.0005084574222564697,0.04428335449627429,0.0,0.0,0.0,0.0,0.018530916365236304,0.04428335449627429,1,3,1788710620.3085046
1788710661.476541,41.152000,r2_medium_r124,0.006186882499605417,0.017935452982783318,0.0004562884569168091,0.04576295151816464,0.0,0.0,0.0,0.0,0.018978044891860443,0.04576295151816464,1,3,1788710620.3245218
1788710661.528358,41.188000,r2_medium_r124,0.005274365656077862,0.01891020406037569,0.00040824711322784424,0.045475444209238325,0.0,0.0,0.0,0.0,0.019636227142313306,0.045475444209238325,1,3,1788710620.3403418
1788710661.574649,41.220000,r2_medium_r124,0.0045376005582511425,0.01969107147306204,0.0003590136766433716,0.04615885934071574,0.0,0.0,0.0,0.0,0.02021031928009787,0.04615885934071574,1,3,1788710620.3546312
1788710661.622806,41.252000,r2_medium_r124,0.003989017102867365,0.020260635763406754,0.0003110617399215698,0.047614002017585796,0.0,0.0,0.0,0.0,0.020651934010897093,0.047614002017585796,1,3,1788710620.3707852
1788710661.671813,41.284000,r2_medium_r124,0.003063487820327282,0.021169668063521385,0.00019049644470214844,0.048263355612623876,0.0,0.0,0.0,0.0,0.021391028316572698,0.048263355612623876,1,3,1788710620.3877938
1788710661.718968,41.320000,r2_medium_r124,0.002324623055756092,0.021837660111486912,8.895993232727051e-05,0.04937692116590901,0.0,0.0,0.0,0.0,0.021961220033635178,0.04937692116590902,1,3,1788710620.3989499
1788710661.766573,41.352000,r2_medium_r124,0.00161802489310503,0.022441303357481956,-2.0325183868408203e-05,0.05081169000293224,0.0,0.0,0.0,0.0,0.022499566974729487,0.05081169000293224,1,3,1788710620.4145522
1788710661.813684,41.384000,r2_medium_r124,0.0009529637172818184,0.022988452576100826,-0.00013881921768188477,0.05120795595652173,0.0,0.0,0.0,0.0,0.023008614961906988,0.05120795595652173,1,3,1788710620.4296544
1788710661.863584,41.416000,r2_medium_r124,0.0001568114385008812,0.023577473126351833,-0.0002794116735458374,0.052434919266338295,0.0,0.0,0.0,0.0,0.023579650118998825,0.052434919266338295,1,3,1788710620.4475648
1788710661.912742,41.452000,r2_medium_r124,-0.0002933591604232788,0.023896374739706516,-0.0003598630428314209,0.052834856176096345,0.0,0.0,0.0,0.0,0.023900884642771777,0.052834856176096345,1,3,1788710620.4607174
1788710661.959169,41.484000,r2_medium_r124,-0.0008252384141087532,0.02428389061242342,-0.0004400908946990967,0.05476524307816787,0.0,0.0,0.0,0.0,0.02430189378858907,0.05476524307816787,1,3,1788710620.4751508
1788710662.011012,41.516000,r2_medium_r124,-0.0012581730261445045,0.024618043564260006,-0.0005175918340682983,0.0554144526287986,0.0,0.0,0.0,0.0,0.024655607264924856,0.0554144526287986,1,3,1788710620.4949827
1788710662.059639,41.548000,r2_medium_r124,-0.0016745515167713165,0.024981549941003323,-0.0006308108568191528,0.05473124146109033,0.0,0.0,0.0,0.0,0.025045556144239343,0.05473124146109034,1,3,1788710620.5116162
1788710662.109229,41.584000,r2_medium_r124,-0.0019238721579313278,0.025243251584470272,-0.000725477933883667,0.053644658439264005,0.0,0.0,0.0,0.0,0.025326850433274886,0.053644658439264005,1,3,1788710620.5252082
1788710662.156391,41.616000,r2_medium_r124,-0.0020777611061930656,0.025412696413695812,-0.000797569751739502,0.05349422537162531,0.0,0.0,0.0,0.0,0.025509965655366267,0.05349422537162531,1,3,1788710620.540369
1788710662.203935,41.648000,r2_medium_r124,-0.002301660366356373,0.02563478145748377,-0.000929415225982666,0.051837157643908914,0.0,0.0,0.0,0.0,0.025754678671598637,0.05183715764390892,1,3,1788710620.5559158
1788710662.253028,41.680000,r2_medium_r124,-0.002448190003633499,0.02575628738850355,-0.0010343492031097412,0.051478807292222435,0.0,0.0,0.0,0.0,0.025893046414183322,0.05147880729222244,1,3,1788710620.5730069
1788710662.306140,41.716000,r2_medium_r124,-0.0025747520849108696,0.02581439819186926,-0.0011538118124008179,0.05054240761223819,0.0,0.0,0.0,0.0,0.025968130159978238,0.05054240761223819,1,3,1788710620.5901222
1788710662.357187,41.748000,r2_medium_r124,-0.00275215320289135,0.025824948213994503,-0.0013092607259750366,0.048212291683619,0.0,0.0,0.0,0.0,0.026004162381362404,0.04821229168361899,1,3,1788710620.6091669
1788710662.404543,41.780000,r2_medium_r124,-0.0029063718393445015,0.025793942622840405,-0.0014222115278244019,0.04803816543252168,0.0,0.0,0.0,0.0,0.025996098917506726,0.04803816543252167,1,3,1788710620.6245258
1788710662.452504,41.812000,r2_medium_r124,-0.0030239326879382133,0.025741695426404476,-0.0014949589967727661,0.04806559489290197,0.0,0.0,0.0,0.0,0.02596177872814161,0.04806559489290197,1,3,1788710620.640486
1788710662.497815,41.848000,r2_medium_r124,-0.003210313618183136,0.025600680150091648,-0.001576349139213562,0.047317434398065815,0.0,0.0,0.0,0.0,0.025849290401925698,0.04731743439806582,1,3,1788710620.6497972
1788710662.543867,41.880000,r2_medium_r124,-0.003285168670117855,0.025437605567276478,-0.001619383692741394,0.04683571982376957,0.0,0.0,0.0,0.0,0.025699932173680457,0.04683571982376957,1,3,1788710620.6638513
1788710662.592364,41.912000,r2_medium_r124,-0.0033086445182561874,0.02524015586823225,-0.0016373693943023682,0.046224295491206706,0.0,0.0,0.0,0.0,0.025508696072795326,0.046224295491206706,1,3,1788710620.6803453
1788710662.640619,41.944000,r2_medium_r124,-0.003253248520195484,0.02487864810973406,-0.0015885978937149048,0.046627962880403155,0.0,0.0,0.0,0.0,0.025140692133870213,0.046627962880403155,1,3,1788710620.6966016
1788710662.688589,41.980000,r2_medium_r124,-0.0031435955315828323,0.024522612802684307,-0.001495271921157837,0.04638580096176799,0.0,0.0,0.0,0.0,0.024768459169975974,0.04638580096176799,1,3,1788710620.7085707
1788710662.741202,42.012000,r2_medium_r124,-0.0030415691435337067,0.024236462078988552,-0.0014004409313201904,0.04632820378695514,-0.002722710371017456,0.004013469442725182,-0.0003307908773422241,-0.23422449923213293,0.0202537713357574,0.2805527030190881,1,3,1788710620.729184
1788710662.791443,42.044000,r2_medium_r124,-0.002904975786805153,0.02381956484168768,-0.0012429505586624146,0.0463799890936926,0.002888754941523075,0.005457766819745302,-0.0015508675714954734,0.005613774147728798,0.019256628864829217,0.0407662149459638,1,3,1788710620.7474244
1788710662.842980,42.076000,r2_medium_r124,-0.002752923406660557,0.02326460275799036,-0.0009814798831939697,0.047274868321258816,0.002888754941523075,0.005457763094455004,-0.0015508675714954734,0.005613215029226068,0.018687864397164522,0.04166165329203275,1,1,1788710620.7669625
1788710662.898336,42.112000,r2_medium_r124,-0.0026803137734532356,0.022803805768489838,-0.0007296651601791382,0.04702237837151454,0.002888754941523075,0.005457759369164705,-0.0015508674550801516,0.005606618420153387,0.01823661770309448,0.041415759951361146,1,0,1788710620.7863116
1788710662.949356,42.144000,r2_medium_r124,-0.0026751654222607613,0.022326006554067135,-0.0004517287015914917,0.04657156684412596,0.002888754941523075,0.005457755643874407,-0.0015508674550801516,0.005620112738383925,0.017796157017265467,0.04095145410574203,1,0,1788710620.8053381
1788710662.998655,42.176000,r2_medium_r124,-0.002692224457859993,0.02197391167283058,-0.00024580955505371094,0.0470260040809834,0.002888754941523075,0.005457751918584108,-0.0015508674550801516,0.0056201353878728546,0.017482392290717838,0.04140586869311055,1,0,1788710620.8226357
1788710663.043381,42.208000,r2_medium_r124,-0.002777588553726673,0.02141206245869398,0.0001386404037475586,0.04727256447454425,0.002888754941523075,0.00545774819329381,-0.0015508674550801516,0.005617551060702265,0.017014759154638397,0.041655013413841986,1,0,1788710620.8353622
1788710663.092737,42.244000,r2_medium_r124,-0.0028533758595585823,0.020994480699300766,0.00045575201511383057,0.04915206729454507,0.002888754941523075,0.005457744468003511,-0.0015508674550801516,0.005616684991226419,0.016684986081977927,0.04353538230331866,1,0,1788710620.8487139
1788710663.138420,42.276000,r2_medium_r124,-0.0029193703085184097,0.0205859262496233,0.0007715225219726562,0.050238812370119366,0.002888754941523075,0.005457740742713213,-0.0015508674550801516,0.005617551060702265,0.016370394340307418,0.044621261309417105,1,0,1788710620.8623996
1788710663.194921,42.308000,r2_medium_r124,-0.0029921717941761017,0.020091992802917957,0.0011503249406814575,0.05134256984263194,0.002888754941523075,0.0054577370174229145,-0.0015508674550801516,0.005616684991226419,0.01600134938137646,0.04572588485140552,1,0,1788710620.886896
1788710663.230420,42.340000,r2_medium_r124,-0.0030257636681199074,0.019717557355761528,0.0014231353998184204,0.05183808241871689,0.002888754941523075,0.005457733292132616,-0.0015508674550801516,0.005617551060702265,0.015721603152681604,0.04622053135801463,1,3,1788710620.8903997
1788710663.279755,42.376000,r2_medium_r124,-0.0030307359993457794,0.01945856213569641,0.0016061067581176758,0.052490596520951026,-0.0016968478448688984,0.01915370672941208,-0.000980868935585022,-1.9398698005427053,0.0029265402213540614,1.9923603970636563,1,3,1788710620.9037201
1788710663.333497,42.408000,r2_medium_r124,-0.0030033867806196213,0.019097834825515747,0.0018889456987380981,0.05277769357637478,0.004552305210381746,0.019747044891119003,-0.0011032517068088055,-1.8799139285830884,0.00815249657993945,1.932691622159463,1,3,1788710620.9254766
1788710663.383739,42.440000,r2_medium_r124,-0.0029573095962405205,0.018881618045270443,0.0020944923162460327,0.05259633071483854,0.010672525502741337,0.020350227132439613,-0.0012253208551555872,-1.8195791405336468,0.014104977028317534,1.8721754712484848,1,1,1788710620.9437225
1788710663.443598,42.472000,r2_medium_r124,-0.002885350026190281,0.018708286806941032,0.0022922754287719727,0.05188174731583489,-0.28089702129364014,-0.07497817277908325,-0.010120776481926441,1.547739851034556,0.2936353621899482,1.495858103718721,1,1,1788710620.9715767
1788710663.491692,42.508000,r2_medium_r124,-0.0027535418048501015,0.01852621603757143,0.002500593662261963,0.05146515539014174,-0.9561923742294312,0.13879656791687012,-0.06368765234947205,-10.411028363541314,0.9632712227749921,10.462493518931455,1,21,1788710620.9836643
1788710663.540075,42.540000,r2_medium_r124,-0.002646905370056629,0.01841064542531967,0.0026247799396514893,0.051089211762720896,-0.9658638834953308,0.26026231050491333,-0.09238353371620178,-16.430112427070814,0.9976501162803951,16.481201638833536,1,14,1788710621.0000436
1788710663.588664,42.572000,r2_medium_r124,-0.0025903601199388504,0.01836866606026888,0.0027095824480056763,0.049561998300576386,-0.8543328642845154,0.2170793116092682,-0.08238533139228821,-16.34077082620443,0.8787447629525486,16.390332824505006,1,17,1788710621.0166464
1788710663.633323,42.604000,r2_medium_r124,-0.0025479262694716454,0.01836634986102581,0.0028219521045684814,0.04969889218484043,-0.850030243396759,0.17945820093154907,-0.08608479052782059,-14.645464599491948,0.8672261937985185,14.69516349167679,1,10,1788710621.0293033
1788710663.689307,42.640000,r2_medium_r124,-0.0025471383705735207,0.018435465171933174,0.0028809159994125366,0.05024181322887305,-0.8500303030014038,0.17945821583271027,-0.08608479052782059,-14.645459494833764,0.8672202358691473,14.695701308062636,1,43,1788710621.0492837
1788710663.741635,42.672000,r2_medium_r124,-0.0025950372219085693,0.018545557744801044,0.0028930306434631348,0.050074354445503906,-0.6655381917953491,0.20993229746818542,-0.1429528445005417,-18.82727515970907,0.7052613201035853,18.877349514154574,1,7,1788710621.069613
1788710663.789508,42.704000,r2_medium_r124,-0.002668590284883976,0.018691166304051876,0.002878621220588684,0.05042308201645671,-0.6626875400543213,0.20926320552825928,-0.1431109458208084,-18.80195043905424,0.7023216285105838,18.8523735210707,1,10,1788710621.0854886
1788710663.841522,42.736000,r2_medium_r124,-0.0033388640731573105,0.019101766869425774,0.002780228853225708,0.05022781614016068,-0.6997255682945251,0.12456067651510239,-0.10097020864486694,0.1617200656961333,0.7119270866605649,0.11149224955597263,1,9,1788710621.1054926
1788710663.897921,42.772000,r2_medium_r124,-0.004969700239598751,0.019753175787627697,0.0025793612003326416,0.05187794024731825,-0.7241252660751343,0.10338642448186874,-0.1274886280298233,5.5145016671904,0.7355929105026489,5.4626237269430815,1,19,1788710621.1259005
1788710663.955422,42.804000,r2_medium_r124,-0.008441365323960781,0.020967645570635796,0.002137899398803711,0.054012959037318696,-0.716279149055481,0.08198929578065872,-0.13921904563903809,8.842109933252129,0.7243892294773137,8.788096974214811,1,25,1788710621.151397
1788710664.006687,42.836000,r2_medium_r124,-0.013417770154774189,0.022607101127505302,0.0014874637126922607,0.05816396879571907,-0.6996940970420837,0.07037437707185745,-0.13346943259239197,10.401931660008632,0.7010494086420603,10.343767691212914,1,19,1788710621.1706586
1788710664.055718,42.868000,r2_medium_r124,-0.02070924174040556,0.025122965686023235,0.00032526254653930664,0.06364041396570604,-0.7042323350906372,0.0710291936993599,-0.13797058165073395,10.780210890678221,0.6988826378124716,10.716570476712516,1,24,1788710621.1876884
1788710664.108039,42.904000,r2_medium_r124,-0.027276351116597652,0.027498929761350155,-0.0009265989065170288,0.06939003299553477,-0.708797812461853,0.06771890819072723,-0.1375248283147812,11.803169534960556,0.6962386266335019,11.733779501965023,1,17,1788710621.2040186
1788710664.157706,42.936000,r2_medium_r124,-0.03265780117362738,0.02932224329560995,-0.00195448100566864,0.07408771528968264,-0.704282283782959,0.07180779427289963,-0.13380306959152222,10.713601918631053,0.6857612689516506,10.639514203341369,1,17,1788710621.2216845
1788710664.210537,42.968000,r2_medium_r124,-0.04189768712967634,0.032299445010721684,-0.0038119256496429443,0.08279328932552053,-0.7010836601257324,0.0736122652888298,-0.1331752985715866,9.800963768107655,0.6730288094634808,9.718170478782133,1,17,1788710621.2425168
1788710664.258552,43.000000,r2_medium_r124,-0.04944781493395567,0.03460427466779947,-0.005448788404464722,0.08892925593740812,-0.7049586176872253,0.07332266867160797,-0.13297852873802185,9.319650175159103,0.6689225375407938,9.230720919221694,1,14,1788710621.2585344
1788710664.306715,43.036000,r2_medium_r124,-0.05738514196127653,0.03686653356999159,-0.007289573550224304,0.09569099969957967,-0.7271633148193359,0.11226031184196472,-0.1456732451915741,5.647752963116801,0.6880676298272902,5.552061963417222,1,14,1788710621.2706852
1788710664.360831,43.068000,r2_medium_r124,-0.06702864449471235,0.039560857228934765,-0.009631603956222534,0.10317009476473703,-0.7140824794769287,0.10265114158391953,-0.14170485734939575,6.845005191775167,0.6634021356666283,6.74183509701043,1,14,1788710621.292803
1788710664.410620,43.100000,r2_medium_r124,-0.07483312766999006,0.04158637207001448,-0.011593267321586609,0.10944342886088176,-0.7248799204826355,0.10281387716531754,-0.14374348521232605,6.658372233170114,0.6661631334101067,6.548928804309233,1,15,1788710621.3106017
1788710664.460211,43.132000,r2_medium_r124,-0.08071965258568525,0.04305198695510626,-0.013100400567054749,0.11284641052983056,-0.7182530164718628,0.11142570525407791,-0.14549674093723297,5.687975932354394,0.654715622515202,5.575129521824564,1,16,1788710621.328184
1788710664.511091,43.168000,r2_medium_r124,-0.09017817210406065,0.04538234602659941,-0.015607193112373352,0.1188465059440747,-0.7226109504699707,0.12076400220394135,-0.1472688764333725,4.530419253428233,0.6503755930956991,4.411572747484159,1,16,1788710621.3430767
1788710664.562869,43.200000,r2_medium_r124,-0.09764302056282759,0.04712378513067961,-0.017627134919166565,0.12235907901060887,-0.716585099697113,0.10729339718818665,-0.14278848469257355,6.706824957691056,0.6343303894780101,6.584465878680447,1,15,1788710621.3628387
1788710664.617498,43.232000,r2_medium_r124,-0.10504476260393858,0.04885080736130476,-0.019651994109153748,0.1262310032317176,-0.7369359731674194,0.1164163276553154,-0.14741793274879456,5.179481466963419,0.6482096393887167,5.053250463731701,1,21,1788710621.38548
1788710664.667284,43.264000,r2_medium_r124,-0.11396027635782957,0.050890165381133556,-0.02212575078010559,0.1311098683496398,-0.7456207871437073,0.12471126765012741,-0.1512632817029953,4.380107827696728,0.6489384084174287,4.248997959347088,1,23,1788710621.403268
1788710664.716095,43.300000,r2_medium_r124,-0.12085796426981688,0.0524573577567935,-0.024051174521446228,0.13417820514958637,-0.89278244972229,0.05584874749183655,-0.14822031557559967,10.96967790569153,0.7818547744661579,10.835499700541943,1,13,1788710621.4160721
1788710664.766984,43.332000,r2_medium_r124,-0.12598377000540495,0.05362576153129339,-0.025487899780273438,0.13557884880043208,-0.9287751317024231,-0.018033742904663086,-0.09441728889942169,11.849609722806477,0.808925407980055,11.714030874006045,1,22,1788710621.4349623
1788710664.817431,43.364000,r2_medium_r124,-0.13258179556578398,0.05514878686517477,-0.02734789252281189,0.13764274082943917,-0.9315312504768372,-0.014912265352904797,-0.09889473021030426,11.972722661509408,0.8052004300319603,11.835079920679968,1,20,1788710621.453413
1788710664.869439,43.396000,r2_medium_r124,-0.14047160279005766,0.056973560713231564,-0.029544979333877563,0.13928603966332226,-0.9226252436637878,-0.020882951095700264,-0.09314865618944168,13.3744444406503,0.7885882208558745,13.235158400986979,1,14,1788710621.4734116
1788710664.921626,43.432000,r2_medium_r124,-0.1466121030971408,0.05838507320731878,-0.03121274709701538,0.1404748311148023,-0.9417346715927124,-0.010842602699995041,-0.10471850633621216,11.622813943417516,0.8015082449256862,11.482339112302714,1,16,1788710621.489608
1788710664.975976,43.464000,r2_medium_r124,-0.15258036088198423,0.0597590496763587,-0.03279973566532135,0.14223071129238152,-0.9568794369697571,-0.002718881703913212,-0.1051490306854248,10.46036894972725,0.8099598238154216,10.318138238434871,1,20,1788710621.511955
1788710665.028225,43.496000,r2_medium_r124,-0.15733105968683958,0.060688662342727184,-0.03395959734916687,0.1429073110600009,-0.9446480870246887,-0.000848973635584116,-0.1023140698671341,11.09012470542952,0.7926710011670139,10.947217394369519,1,20,1788710621.5322037
1788710665.081146,43.528000,r2_medium_r124,-0.1652028216049075,0.06182537507265806,-0.03561493754386902,0.14669551897660052,-0.9568358659744263,-0.0027801410760730505,-0.09803397208452225,10.612791283394909,0.7967138040272578,10.46609576441831,1,20,1788710621.5531275
1788710665.133166,43.564000,r2_medium_r124,-0.1717030657455325,0.06241373997181654,-0.03672036528587341,0.14969525567933267,-0.9486517906188965,-0.009930029511451721,-0.09692873805761337,11.66987486842733,0.7826288968708064,11.520179612747997,1,18,1788710621.5691452
1788710665.232363,43.596000,r2_medium_r124,-0.17806185316294432,0.06277963053435087,-0.03762724995613098,0.15238766287682795,-0.939422070980072,-0.013180995360016823,-0.09742513298988342,12.306083172611835,0.7674732469448864,12.153695509735007,1,18,1788710621.6363409
1788710665.285460,43.628000,r2_medium_r124,-0.18598815333098173,0.06292514782398939,-0.038579583168029785,0.15597792241657155,-0.9316045045852661,-0.01814837008714676,-0.09664444625377655,13.159227478268832,0.7522554000400438,13.00324955585226,1,20,1788710621.6574366
1788710665.335065,43.660000,r2_medium_r124,-0.19244491588324308,0.06282417010515928,-0.039242252707481384,0.1598521460616221,-0.9329689741134644,-0.012981612235307693,-0.09998498857021332,12.39019253458858,0.7468681794092555,12.230340388526958,1,19,1788710621.6750495
1788710665.384994,43.696000,r2_medium_r124,-0.19734403025358915,0.06263631861656904,-0.03968372941017151,0.16349348746562578,-0.9267817735671997,-0.013800699263811111,-0.09818775206804276,12.611787304170043,0.7357613470005414,12.448293816704417,1,16,1788710621.6889775
1788710665.436547,43.728000,r2_medium_r124,-0.20529995393007994,0.062166946940124035,-0.040314435958862305,0.16931799570079634,-0.9271386861801147,-0.0189093966037035,-0.09590134024620056,13.278732555099204,0.7285014981364306,13.109414559398406,1,16,1788710621.7085233
1788710665.487239,43.760000,r2_medium_r124,-0.21169942151755095,0.06164907570928335,-0.04073406755924225,0.17415221588829874,-0.9412771463394165,-0.015955856069922447,-0.09559862315654755,12.206552242469277,0.7357420074004166,12.032400026580978,1,15,1788710621.7272236
1788710665.541588,43.792000,r2_medium_r124,-0.21795147191733122,0.06101468484848738,-0.0410851389169693,0.17938912382373204,-0.9361933469772339,-0.017601370811462402,-0.09459569305181503,12.576007589365163,0.724510355137117,12.39661846554143,1,17,1788710621.7495704
1788710665.600104,43.828000,r2_medium_r124,-0.22540910076349974,0.060099209658801556,-0.041426196694374084,0.18478278557362962,-0.935092031955719,-0.019008418545126915,-0.09003185480833054,13.280974955108604,0.7157306683846391,13.096192169534975,1,18,1788710621.772073
1788710665.650446,43.860000,r2_medium_r124,-0.23109483253210783,0.05930366646498442,-0.04164294898509979,0.1892034914190494,-0.9425018429756165,-0.01356843113899231,-0.09521795809268951,12.061127429736425,0.7171335710439528,11.871923938317373,1,22,1788710621.7904253
1788710665.703849,43.892000,r2_medium_r124,-0.23525551985949278,0.05867272522300482,-0.04176509380340576,0.19256502664806166,-0.9559615254402161,-0.004414578899741173,-0.09985821694135666,10.884492778512488,0.7257905795596402,10.691927751864426,1,25,1788710621.8118265
1788710665.749725,43.924000,r2_medium_r124,-0.2417629463598132,0.057568578980863094,-0.04191043972969055,0.1965993646534505,-0.942826509475708,-0.011822680942714214,-0.0967656746506691,11.514237622233281,0.7066217964942572,11.317638257579834,1,21,1788710621.8256874
1788710665.802710,43.960000,r2_medium_r124,-0.24672625493258238,0.0566004840657115,-0.041987717151641846,0.2007962818693065,-0.9457364082336426,-0.002980424091219902,-0.10070253163576126,10.946429269888363,0.7039975202191276,10.745632988019057,1,19,1788710621.842687
1788710665.854781,43.992000,r2_medium_r124,-0.25142122339457273,0.055568805895745754,-0.04203915596008301,0.2036765534186655,-0.9417873024940491,-0.0017762724310159683,-0.10172858089208603,10.395329886570556,0.6953104404711611,10.19165333315189,1,18,1788710621.862758
1788710665.904550,44.024000,r2_medium_r124,-0.2558303279802203,0.05451591964811087,-0.042063578963279724,0.20596878009568084,-0.9353699684143066,0.0016983014065772295,-0.10070522129535675,10.891711051731308,0.6841072035385967,10.685742271635627,1,21,1788710621.8805277
1788710665.957796,44.056000,r2_medium_r124,-0.2610343201085925,0.053135002963244915,-0.04206818342208862,0.20815907886917404,-0.9403417706489563,0.014170127920806408,-0.10789027065038681,8.921748731531274,0.6836003371955074,8.7135896526621,1,24,1788710621.9017837
1788710666.007711,44.092000,r2_medium_r124,-0.26387817692011595,0.05232243146747351,-0.04207335412502289,0.2097114337760512,-0.9636135101318359,0.04038773104548454,-0.13565902411937714,4.141114373726982,0.7060667470199766,3.9314029399509307,1,24,1788710621.9156704
1788710666.055972,44.124000,r2_medium_r124,-0.26725570391863585,0.05123359244316816,-0.04207545518875122,0.2120468778429393,-0.9820684790611267,0.07789108157157898,-0.1553788185119629,-1.1934060695607374,0.7242275729174444,1.4054529474036768,1,18,1788710621.9319491
1788710666.107931,44.156000,r2_medium_r124,-0.27018735837191343,0.050205389969050884,-0.04208366572856903,0.21606817274939363,-0.9937432408332825,0.11063805222511292,-0.16931964457035065,-6.061432113244448,0.7371392107489819,6.277500285993842,1,16,1788710621.951913
1788710666.162558,44.188000,r2_medium_r124,-0.2731697065755725,0.04898663517087698,-0.042118579149246216,0.21525317174103595,-0.9917096495628357,0.12294813245534897,-0.18839547038078308,-8.849244625244852,0.7369985628595644,9.064497796985886,1,20,1788710621.9745376
1788710666.214697,44.224000,r2_medium_r124,-0.2749908668920398,0.04808629583567381,-0.04216247797012329,0.21451262817496694,-0.9790772795677185,0.08503243327140808,-0.1646796315908432,-3.465563483393463,0.7156208119648628,3.6800761115684297,1,19,1788710621.9906704
1788710666.264685,44.256000,r2_medium_r124,-0.2759962184354663,0.04746373277157545,-0.042219579219818115,0.21377553410169187,-1.003870964050293,0.10240264236927032,-0.1712685227394104,-5.065071514950113,0.7412648372310366,5.278847049051806,1,19,1788710622.008658
1788710666.314567,44.288000,r2_medium_r124,-0.2771718902513385,0.046570359729230404,-0.04243537783622742,0.21067052560940788,-1.0074646472930908,0.11098498106002808,-0.1759578138589859,-6.727471772895799,0.7451878926487504,6.938142298505207,1,16,1788710622.026547
1788710666.365918,44.320000,r2_medium_r124,-0.27764068078249693,0.046088951639831066,-0.042777493596076965,0.20833278244056466,-1.02169668674469,0.12138428539037704,-0.1822415292263031,-7.658014189276499,0.760748936592938,7.866346971717063,1,20,1788710622.0458963
1788710666.411519,44.356000,r2_medium_r124,-0.27766485046595335,0.045859611593186855,-0.04328984022140503,0.20806487558545045,-0.9926955103874207,0.15897727012634277,-0.18617361783981323,-7.097254189077399,0.7378890317698586,7.30531906466285,1,18,1788710622.0554984
1788710666.462542,44.388000,r2_medium_r124,-0.276925484649837,0.04582958575338125,-0.044119760394096375,0.20678352115632997,-0.9917376637458801,0.1622840315103531,-0.18686290085315704,-7.12990155413953,0.7381691496321912,7.3366850752958594,1,9,1788710622.074516
1788710666.518031,44.420000,r2_medium_r124,-0.2758203847333789,0.0459345942363143,-0.04489929974079132,0.20592492542431362,-0.9908217787742615,0.16560345888137817,-0.187539741396904,-7.166838234037822,0.7388463481954113,7.372763159462137,1,5,1788710622.0980039
1788710666.557983,44.452000,r2_medium_r124,-0.2747406167909503,0.04612595494836569,-0.04556046426296234,0.20574634964859773,-0.9899564385414124,0.16894382238388062,-0.18820452690124512,-7.209575130816698,0.7395709762082006,7.4153214804652965,1,18,1788710622.1059654
1788710666.614954,44.488000,r2_medium_r124,-0.27228481601923704,0.046519181691110134,-0.0467703640460968,0.24187749158717248,-0.9891310334205627,0.1722959280014038,-0.18885689973831177,-7.256221364178747,0.7415368318162003,7.498098855765919,1,9,1788710622.1269329
1788710666.666329,44.520000,r2_medium_r124,-0.26986737083643675,0.04701374005526304,-0.04790519177913666,0.36474875636492604,-0.9883663654327393,0.17564207315444946,-0.18947666883468628,-7.297727991219218,0.7435244020390069,7.662476747584144,1,9,1788710622.146312
1788710666.708256,44.552000,r2_medium_r124,-0.2670603794977069,0.04776444938033819,-0.04920418560504913,0.6346319631395,-0.9876610636711121,0.17898979783058167,-0.19006860256195068,-7.3350831876858,0.745874132861353,7.9697151508253,1,9,1788710622.1562371
1788710666.762820,44.584000,r2_medium_r124,-0.2628503544256091,0.049033540301024914,-0.05105839669704437,1.1376644814383334,-0.9870156645774841,0.18228542804718018,-0.19060155749320984,-7.355528120197552,0.7494289530971296,8.493192601635885,1,2,1788710622.1787987
1788710666.810879,44.620000,r2_medium_r124,-0.25894398521631956,0.05002837907522917,-0.05262747406959534,1.6833607523599752,-0.9864277839660645,0.1855701357126236,-0.19110116362571716,-7.3690705695233465,0.7528474001648642,9.052431321883322,1,4,1788710622.1908634
1788710666.872258,44.652000,r2_medium_r124,-0.25574160646647215,0.05080313142389059,-0.05391198396682739,2.1737153460673597,-0.9859153032302856,0.1888365000486374,-0.1915544867515564,-7.365926956621202,0.7557461854832433,9.539642302688561,1,1,1788710622.2202418
1788710666.919769,44.684000,r2_medium_r124,-0.25096337031573057,0.05173997860401869,-0.05576133728027344,2.9223279093776533,-0.9854640364646912,0.19210325181484222,-0.19197887182235718,-7.354500733446645,0.7600975554206492,10.276828642824299,1,33,1788710622.2357442
1788710666.972710,44.716000,r2_medium_r124,-0.24475664924830198,0.05332914646714926,-0.056560128927230835,3.6689012339321385,-0.9850989580154419,0.19538210332393646,-0.19236846268177032,-7.336760291600689,0.765982819794021,11.005661525532828,1,30,1788710622.2566698
1788710667.018171,44.752000,r2_medium_r124,-0.23903952073305845,0.05396447982639074,-0.057186558842659,4.229395293959528,-0.9844483733177185,0.1983374059200287,-0.19271619617938995,-7.311637489852295,0.7712627191152469,11.541032783811822,1,22,1788710622.2661474
1788710667.070750,44.784000,r2_medium_r124,-0.23238300811499357,0.05419022496789694,-0.057798758149147034,4.8803454423143195,-0.9834491610527039,0.20136116445064545,-0.19328679144382477,-7.250382838989706,0.777249418579999,12.130728281304027,1,3,1788710622.2867312
1788710667.117262,44.816000,r2_medium_r124,-0.2268841816112399,0.05428669508546591,-0.058320239186286926,5.424977264280987,-0.9824586510658264,0.20433349907398224,-0.19382722675800323,-7.172852581302559,0.7821566121688861,12.597829845583545,1,14,1788710622.3012414
1788710667.165171,44.848000,r2_medium_r124,-0.21623944770544767,0.05388961639255285,-0.05936954915523529,6.35486745633082,-0.9813807606697083,0.20725175738334656,-0.19438551366329193,-7.077889775222351,0.7919535881388463,13.432757231553172,1,2,1788710622.3171518
1788710667.213292,44.884000,r2_medium_r124,-0.2065951181575656,0.05327428784221411,-0.060522258281707764,7.099534640859279,-0.9801693558692932,0.21012020111083984,-0.1949882209300995,-6.967941491737067,0.8006864785116009,14.067476132596346,1,1,1788710622.3292701
1788710667.264452,44.916000,r2_medium_r124,-0.19580307137221098,0.052374119870364666,-0.06194455921649933,7.871196207125065,-0.978796660900116,0.21293005347251892,-0.19564366340637207,-6.838865258291771,0.8103904117879401,14.710061465416835,1,1,1788710622.3484356
1788710667.327818,44.948000,r2_medium_r124,-0.1807082248851657,0.05106359999626875,-0.06415709853172302,8.96991514695515,-0.9772757887840271,0.21567605435848236,-0.19634166359901428,-6.688094982189869,0.8240691131385446,15.658010129145019,1,1,1788710622.3797922
1788710667.372833,44.980000,r2_medium_r124,-0.16741591226309538,0.049871413968503475,-0.06622061133384705,10.028858231394635,-0.9755989909172058,0.21832802891731262,-0.1970672607421875,-6.504284820000493,0.8358578619623294,16.533143051395125,1,19,1788710622.392815
1788710667.428183,45.016000,r2_medium_r124,-0.1577546549960971,0.049821252934634686,-0.06675086915493011,10.838276490688257,-0.9737854599952698,0.22086814045906067,-0.19779840111732483,-6.278300274218314,0.8440004550193242,17.116576764906572,1,3,1788710622.412164
1788710667.483650,45.048000,r2_medium_r124,-0.14106559287756681,0.05049522500485182,-0.06794896721839905,12.207401898641395,-0.9722231030464172,0.22356759011745453,-0.19850222766399384,-6.0757501330139885,0.8589650773394272,18.283152031655383,1,40,1788710622.435631
1788710667.527485,45.080000,r2_medium_r124,-0.1279733283445239,0.0517651392146945,-0.06890945136547089,13.240998142880668,-0.9710186719894409,0.2263728231191635,-0.1990939825773239,-5.9237599035833215,0.8707245872758557,19.16475804646399,1,31,1788710622.4474623
1788710667.584186,45.112000,r2_medium_r124,-0.11509946268051863,0.05355140473693609,-0.0699404627084732,14.200958412267664,-0.9698880910873413,0.22918100655078888,-0.19965626299381256,-5.790427766786136,0.8822332713804075,19.9913861790538,1,7,1788710622.4721687
1788710667.631870,45.148000,r2_medium_r124,-0.09929536562412977,0.056325516663491726,-0.07126353681087494,15.29111992136586,-0.9688490033149719,0.23204898834228516,-0.20021486282348633,-5.684307233344651,0.896454522996362,20.97542715471051,1,44,1788710622.4838455
1788710667.691826,45.180000,r2_medium_r124,-0.08678687643259764,0.05873518344014883,-0.0720767080783844,16.35439847796364,-0.967787504196167,0.23491188883781433,-0.2007879614830017,-5.588950956071425,0.9076160666259532,21.943349434035067,1,9,1788710622.5118034
1788710667.735744,45.212000,r2_medium_r124,-0.07732283603399992,0.060566785745322704,-0.07265426218509674,17.36934106896429,-0.966600775718689,0.23768669366836548,-0.20137663185596466,-5.443130755775207,0.9158363195714593,22.812471824739493,1,22,1788710622.5237296
1788710667.790571,45.244000,r2_medium_r124,-0.06110077630728483,0.0635877950116992,-0.07345114648342133,19.500594033419283,-0.9653375148773193,0.24033422768115997,-0.20193183422088623,-5.24771218377818,0.9302637625763164,24.748306217197467,1,6,1788710622.546554
1788710667.832407,45.280000,r2_medium_r124,-0.04766612034291029,0.0659952787682414,-0.07380609214305878,21.562265456986363,-0.9639477729797363,0.24282048642635345,-0.2024584263563156,-4.991636576479073,0.9420141422084528,26.553902033465437,1,23,1788710622.5523875
1788710667.891565,45.312000,r2_medium_r124,-0.03332844655960798,0.06848058383911848,-0.07368628680706024,23.855627568768945,-0.962273895740509,0.2450236827135086,-0.2029588520526886,-4.651715796743266,0.954368120506581,28.50734336551221,1,4,1788710622.5795422
1788710667.944256,45.344000,r2_medium_r124,-0.017655848525464535,0.07155205961316824,-0.07261128723621368,26.30419057108471,-0.9600727558135986,0.24697370827198029,-0.20357033610343933,-4.228165600757134,0.9675084777101003,30.532356171841844,1,40,1788710622.6002355
1788710667.996511,45.376000,r2_medium_r124,0.003557797521352768,0.07638223376125097,-0.06889601051807404,29.58300521663614,-0.8886564373970032,0.213298037648201,-0.20062747597694397,-1.9101139071921325,0.9122200158607014,31.493119123828272,1,64,1788710622.6204894
1788710668.047863,45.412000,r2_medium_r124,0.016878158319741488,0.07979991938918829,-0.06516489386558533,31.668918896431478,-0.9007902145385742,0.19485723972320557,-0.18930016458034515,-0.8074770797223123,0.9331468238933786,32.47639597615379,1,103,1788710622.6358452
1788710668.099615,45.444000,r2_medium_r124,0.03493188042193651,0.08498451020568609,-0.058204010128974915,34.59327375548725,-0.869481086730957,0.15221382677555084,-0.16660919785499573,0.9094093222803188,0.9133642651684298,33.683864433206935,1,76,1788710622.6555982
1788710668.149568,45.476000,r2_medium_r124,0.0527958320453763,0.09082334395498037,-0.04885508120059967,37.677912822407144,-0.8455849885940552,0.09917928278446198,-0.13008049130439758,4.091621171859624,0.9020839694025332,33.58629165054752,1,85,1788710622.6735437
1788710668.205901,45.508000,r2_medium_r124,0.07410753984004259,0.0988469859585166,-0.033715084195137024,41.75598608547889,-0.8363459706306458,0.04209543764591217,-0.08779913932085037,7.033946950508253,0.9138224214709983,34.722039134970636,1,92,1788710622.6978812
1788710668.256110,45.544000,r2_medium_r124,0.08972552139312029,0.10566706117242575,-0.018892616033554077,45.1884886184619,-0.6635546684265137,0.14942504465579987,-0.11656419187784195,9.899801481727211,0.7608452813950689,35.28868713673469,1,112,1788710622.7120917
1788710668.307417,45.576000,r2_medium_r124,0.10047850478440523,0.11082642432302237,-0.006217673420906067,47.85321014250217,-0.5081297159194946,0.23684072494506836,-0.12411752343177795,12.436891003997806,0.6326009365328321,35.41631913850437,1,115,1788710622.7313957
1788710668.362002,45.608000,r2_medium_r124,0.11629927624017,0.11928002443164587,0.017877966165542603,52.45502399919053,-0.3681774139404297,0.32560884952545166,-0.1325373649597168,15.404384745052981,0.5476440625355674,37.05063925413754,1,147,1788710622.753982
1788710668.411110,45.640000,r2_medium_r124,0.12683622259646654,0.1256629964336753,0.03998750448226929,56.25602113890178,-0.14453479647636414,0.4134800434112549,-0.11220121383666992,17.703352535635695,0.4238422920227314,38.552668603266085,1,159,1788710622.7710888
1788710668.466545,45.676000,r2_medium_r124,0.13524383772164583,0.13131883647292852,0.0652821958065033,60.11445441788797,0.09501786530017853,0.5042583346366882,-0.09935469925403595,20.62038735324093,0.4096428998079481,39.49406706464704,1,160,1788710622.7905233
1788710668.519064,45.708000,r2_medium_r124,0.14273892808705568,0.1371806776151061,0.10277065634727478,64.93788530044833,0.17872415482997894,0.654549241065979,-0.13158807158470154,22.767867015829832,0.5691126253641309,42.17001828461849,1,174,1788710622.8110406
1788710668.569761,45.740000,r2_medium_r124,0.1465114699676633,0.1407686835154891,0.13859236240386963,68.73696657466937,0.25817450881004333,0.8201392292976379,-0.19220799207687378,24.462431722687903,0.7638336515527678,44.274534851981464,1,216,1788710622.8297343
1788710668.622155,45.772000,r2_medium_r124,0.14834867883473635,0.14287508185952902,0.16917374730110168,71.52515698006535,0.30361127853393555,0.9695296287536621,-0.22682985663414001,26.234858008957,0.9296682575498628,45.29029897110834,1,237,1788710622.850133
1788710668.671664,45.808000,r2_medium_r124,0.14973603654652834,0.1453444128856063,0.2266431450843811,76.02399204921606,0.3219289481639862,1.1359878778457642,-0.26046738028526306,28.0278925527897,1.1172741549885847,47.99609949642635,1,284,1788710622.863637
1788710668.725021,45.840000,r2_medium_r124,0.15030558872967958,0.14657423552125692,0.2774975895881653,79.45725122308666,0.3291127383708954,1.263860821723938,-0.28169938921928406,29.807988085915024,1.2621420576062885,49.64926313717164,1,295,1788710622.884997
1788710668.773521,45.872000,r2_medium_r124,0.15112071204930544,0.14731805678457022,0.3317222595214844,82.7175068335967,0.3259119391441345,1.3217692375183105,-0.26258546113967896,32.06604164988014,1.3278136977127704,50.65146518371656,1,293,1788710622.9014957
1788710668.828755,45.904000,r2_medium_r124,0.1529465513303876,0.14805846568197012,0.40306633710861206,86.5265706412298,0.311493456363678,1.3433194160461426,-0.2260327786207199,34.54290903062212,1.3599821903144642,51.983661610607676,1,115,1788710622.9247375
1788710668.874617,45.940000,r2_medium_r124,0.15448472369462252,0.14832139667123556,0.4622972011566162,89.34848336830075,0.2940424382686615,1.3655540943145752,-0.1691419929265976,37.29216629992242,1.3783494664756355,52.05631706837832,1,304,1788710622.934592
1788710668.928385,45.972000,r2_medium_r124,0.15636262763291597,0.14888655301183462,0.5073625445365906,91.32582056918528,0.273905873298645,1.3849329948425293,-0.11556510627269745,39.543975673207136,1.3891242129869932,51.781844895978146,1,134,1788710622.9563637
1788710668.970891,46.004000,r2_medium_r124,0.15931895840913057,0.14994793292135,0.568157970905304,93.77209580512192,0.2545592486858368,1.4027411937713623,-0.059323374181985855,41.67376049961918,1.4043840307251265,52.09833530550274,1,327,1788710622.966869
1788710669.028390,46.036000,r2_medium_r124,0.16398279834538698,0.1520771747455001,0.6447246670722961,96.51767312738552,0.23607541620731354,1.4227659702301025,-0.006666127592325211,43.60345301907345,1.4297403008568033,52.91422010831207,1,169,1788710622.9923606
1788710669.072109,46.072000,r2_medium_r124,0.16869956720620394,0.15470418985933065,0.7060539126396179,98.45904441304764,0.207791268825531,1.44379460811615,0.06608657538890839,45.434601957837,1.4397362467913346,53.02444245521063,1,337,1788710623.0000892
1788710669.119879,46.104000,r2_medium_r124,0.17365885246545076,0.157383075915277,0.7677101492881775,100.16620740872612,0.18378891050815582,1.4688160419464111,0.12633709609508514,46.88411703786043,1.459903570730408,53.282090370865696,1,201,1788710623.015857
1788710669.176783,46.136000,r2_medium_r124,0.17817023862153292,0.16030052956193686,0.8137027621269226,101.29640544561339,0.15996570885181427,1.4944772720336914,0.18506082892417908,48.08939362845978,1.4749744625713226,53.20701181715361,1,153,1788710623.0407474
1788710669.221112,46.168000,r2_medium_r124,0.18581195641309023,0.16493623610585928,0.8909265398979187,102.88954436719094,0.13245625793933868,1.5230698585510254,0.24894633889198303,48.994581802909224,1.5031674375994422,53.894962564281705,1,345,1788710623.0530918
1788710669.270851,46.204000,r2_medium_r124,0.19232711661607027,0.16901121195405722,0.9530319571495056,103.90477371016605,0.10340716689825058,1.5560835599899292,0.3273289203643799,49.77569175405225,1.5242640015383473,54.1290819561138,1,241,1788710623.0668316
1788710669.318597,46.236000,r2_medium_r124,0.19872864056378603,0.1727663790807128,1.0158212780952454,104.69344562356729,0.078518345952034,1.5899641513824463,0.3943067789077759,50.25626255648844,1.552153443912003,54.43718306707885,1,208,1788710623.082577
1788710669.366039,46.268000,r2_medium_r124,0.2067385809496045,0.17740922328084707,1.0953622460365295,105.37095641271962,0.05065301060676575,1.6180064678192139,0.46439385414123535,50.5580108190403,1.5804443165805362,54.81294559367933,1,179,1788710623.0980198
1788710669.418672,46.300000,r2_medium_r124,0.2131502376869321,0.1812814688310027,1.1600112318992615,105.67295941869666,0.023270605131983757,1.6459299325942993,0.5333482027053833,50.66251286130741,1.6043553064772884,55.01044655738925,1,167,1788710623.1186485
1788710669.471153,46.336000,r2_medium_r124,0.21791325975209475,0.18434335943311453,1.2092238068580627,105.76427346905862,-0.007263287901878357,1.6779892444610596,0.6177546977996826,50.5990359647151,1.622195492055316,55.16523750434352,1,159,1788710623.1351333
1788710669.518932,46.368000,r2_medium_r124,0.2253100173547864,0.18897157069295645,1.2933544516563416,105.67550329854473,-0.03886241838335991,1.7130507230758667,0.6947730779647827,50.30235085945901,1.6585849388748555,55.37315243908571,1,152,1788710623.1509123
1788710669.576555,46.400000,r2_medium_r124,0.2308678673580289,0.19287662860006094,1.3626587986946106,105.39764660887224,-0.06498026847839355,1.7492194175720215,0.7733619213104248,49.87239909207133,1.6902661938161276,55.5252475168009,1,147,1788710623.1765366
1788710669.619692,46.432000,r2_medium_r124,0.2359122233465314,0.19670335110276937,1.4342305064201355,104.95214848421692,-0.06679689884185791,1.7242215871810913,0.33068010210990906,48.18010092865443,1.9086037485714937,56.772047555562494,1,378,1788710623.1876674
1788710669.665488,46.468000,r2_medium_r124,0.2412505792453885,0.20105624850839376,1.5273650288581848,104.18357389198805,-0.10864420980215073,1.7583870887756348,0.39093056321144104,47.40040638314983,1.959384853508849,56.78316750883822,1,227,1788710623.1974711
1788710669.720747,46.500000,r2_medium_r124,0.24467893410474062,0.20425150450319052,1.6045700907707214,103.4193269537565,-0.15517598390579224,1.8012924194335938,0.4626845717430115,46.549503984138525,2.003578343360731,56.869822969617964,1,179,1788710623.220721
1788710669.763477,46.532000,r2_medium_r124,0.24674797523766756,0.20676482375711203,1.6637819409370422,102.77228935968667,-0.2721990942955017,1.9864240884780884,0.7995810508728027,46.026843220954525,2.045320595376699,56.74544613873214,1,374,1788710623.2314582
1788710669.811193,46.564000,r2_medium_r124,0.2490320699289441,0.21046774741262197,1.764784038066864,101.57427719928481,-0.30586889386177063,2.018078565597534,0.8717328310012817,45.13019200276353,2.0911509768728527,56.444085196521286,1,249,1788710623.2471752
1788710669.860700,46.600000,r2_medium_r124,0.24985044170171022,0.21352433320134878,1.8471562266349792,100.53020119480958,-0.3349241316318512,2.0557198524475098,0.9494006037712097,44.09743128433093,2.1311055326124975,56.432769910478655,1,229,1788710623.2606716
1788710669.920283,46.632000,r2_medium_r124,0.2497087912634015,0.2149816071614623,1.9310550093650818,99.43710200301686,-0.3634550869464874,2.0865557193756104,1.0223588943481445,43.153540033252426,2.1689832245774614,56.28356196976443,1,181,1788710623.288262
1788710669.965245,46.664000,r2_medium_r124,0.2486069994047284,0.2166758244857192,2.0142722725868225,98.30965920852029,-0.46848738193511963,2.2243895530700684,1.0770076513290405,42.115683146829454,2.3288631857532427,56.19397606169083,1,378,1788710623.3012288
1788710670.019272,46.696000,r2_medium_r124,0.245684583671391,0.2186025893315673,2.1177616715431213,96.87712823964621,-0.511868417263031,2.279017448425293,1.1343824863433838,41.07607596602542,2.4054584932363863,55.8010522736208,1,266,1788710623.3232515
1788710670.064999,46.732000,r2_medium_r124,0.24324353504925966,0.21860515233129263,2.180622160434723,96.01955024245198,-0.5475568175315857,2.3186278343200684,1.1640396118164062,39.96460476564635,2.4635138604571787,56.05494547680564,1,231,1788710623.3329802
1788710670.123931,46.764000,r2_medium_r124,0.23884378839284182,0.2188958888873458,2.264170229434967,94.88698545833718,-0.5852092504501343,2.353954553604126,1.212046504020691,38.97899161722447,2.5188297374352557,55.907993841112706,1,180,1788710623.3599083
1788710670.168813,46.796000,r2_medium_r124,0.23311588633805513,0.21977325435727835,2.346933424472809,93.77521179040208,-0.6971371173858643,2.5862205028533936,1.2091068029403687,38.09978196535704,2.785694285365883,55.67542982504504,1,375,1788710623.372795
1788710670.215094,46.828000,r2_medium_r124,0.22420233953744173,0.22131591197103262,2.4488192200660706,92.43295905416701,-0.7407343983650208,2.6267189979553223,1.2855561971664429,37.224966975204715,2.8408181523395983,55.207992078962306,1,263,1788710623.3870704
1788710670.262834,46.864000,r2_medium_r124,0.21544538903981447,0.22340262588113546,2.5285096764564514,91.40645371803757,-0.7807937264442444,2.665835380554199,1.332740068435669,36.264046623458,2.8961759428229645,55.14240709457957,1,222,1788710623.3988142
1788710670.314487,46.896000,r2_medium_r124,0.20790715981274843,0.22557780798524618,2.5869885087013245,90.66944949412957,-0.8059386014938354,2.702444076538086,1.3579198122024536,35.46963376383799,2.9450568077250443,55.199815730291576,1,186,1788710623.4184728
1788710670.372753,46.928000,r2_medium_r124,0.19396451581269503,0.2293701833114028,2.6820746064186096,89.51577410078164,-0.8367676734924316,2.7354698181152344,1.3835891485214233,34.70608719797275,3.0048308954089418,54.809686902808885,1,155,1788710623.4447339
1788710670.415491,46.960000,r2_medium_r124,0.18162201810628176,0.23263393994420767,2.7557106614112854,88.66714324831574,-1.0055830478668213,3.0529465675354004,1.4350835084915161,33.95990697411478,3.3328179162761824,54.707236274200966,1,372,1788710623.4554684
1788710670.465399,46.996000,r2_medium_r124,0.16876517701894045,0.23467922862619162,2.827724516391754,87.89409046583742,-1.0839061737060547,3.2525410652160645,1.56487238407135,33.058502851438924,3.5030659550997574,54.835587614398506,1,221,1788710623.4693801
1788710670.525823,47.028000,r2_medium_r124,0.15119873452931643,0.2377612954005599,2.9143720269203186,87.03605739245809,-1.197698712348938,3.245938301086426,1.7977110147476196,32.49714211197665,3.4807448966907084,54.53891528048145,1,169,1788710623.4978063
1788710670.563559,47.060000,r2_medium_r124,0.13564438093453646,0.24165045376867056,2.9804492592811584,86.43285824145828,-1.1963478326797485,3.3685641288757324,1.7086125612258911,32.214982131412526,3.6289614182601557,54.21787611004575,1,367,1788710623.5035355
1788710670.614185,47.092000,r2_medium_r124,0.12315874267369509,0.24540946539491415,3.028017580509186,86.03094358821845,-1.2595539093017578,3.462170362472534,1.7691950798034668,31.736296922561216,3.720763232884297,54.294646665657226,1,177,1788710623.5221682
1788710670.671792,47.128000,r2_medium_r124,0.10141805279999971,0.2517039990052581,3.1040874123573303,85.47041318922874,-1.4027554988861084,3.4833149909973145,1.9471485614776611,31.292574011866495,3.747579909999339,54.17783917736224,1,151,1788710623.543768
1788710670.718940,47.160000,r2_medium_r124,0.08402631897479296,0.2549576675519347,3.1630669236183167,85.12526022253758,-1.4613322019577026,3.6892805099487305,1.5860798358917236,31.17739156602659,4.082841488336705,53.94786865651099,1,384,1788710623.5589182
1788710670.769199,47.192000,r2_medium_r124,0.06687634531408548,0.25654300209134817,3.220584452152252,84.87109982268365,-1.500496745109558,3.7123868465423584,1.5995291471481323,30.966273255866213,4.126419196312476,53.90482656681743,1,231,1788710623.577176
1788710670.831418,47.224000,r2_medium_r124,0.043633715249598026,0.26116844173520803,3.2894063591957092,84.66591353787577,-1.5390793085098267,3.7218854427337646,1.618633508682251,30.817587567227367,4.156082842604442,53.848325970648396,1,165,1788710623.6073992
1788710670.878144,47.260000,r2_medium_r124,0.02393012586981058,0.26671900507062674,3.3418779969215393,84.56762663305456,-1.6846036911010742,4.00948429107666,1.65658438205719,30.649754096432304,4.446076287938329,53.917872536622255,1,398,1788710623.6181233
1788710670.930755,47.292000,r2_medium_r124,0.008304010378196836,0.27263312693685293,3.3795538544654846,84.53759265957751,-1.7162121534347534,4.025409698486328,1.6805702447891235,30.64509634077746,4.465851912140805,53.892496318800056,1,349,1788710623.638735
1788710670.981025,47.324000,r2_medium_r124,-0.01325394120067358,0.28137036319822073,3.428223192691803,84.55172833874362,-1.7531845569610596,4.039780139923096,1.7115733623504639,30.68773999436183,4.483290001489128,53.86398834438178,1,306,1788710623.6569996
1788710671.036561,47.356000,r2_medium_r124,-0.03946320991963148,0.29005455132573843,3.487143576145172,84.66499170990836,-1.7848596572875977,4.053616046905518,1.7406673431396484,30.79986916986222,4.501220181456199,53.86512254004616,1,289,1788710623.6805453
1788710671.088574,47.392000,r2_medium_r124,-0.0613755164667964,0.29886468406766653,3.5309372544288635,84.81627230616267,-1.821509838104248,4.067689895629883,1.7687479257583618,30.99351117464781,4.517458083435121,53.82276113151486,1,283,1788710623.6965535
1788710671.138417,47.424000,r2_medium_r124,-0.0840420825406909,0.30951454397290945,3.571761190891266,85.01208835724047,-1.8533217906951904,4.085422039031982,1.7950057983398438,31.213830554647018,4.532624826950838,53.79825780259346,1,273,1788710623.7143936
1788710671.190704,47.456000,r2_medium_r124,-0.1002626596018672,0.3160667335614562,3.6017642617225647,85.19625901633336,-1.8810019493103027,4.094783782958984,1.8198288679122925,31.50823192454924,4.541478691465218,53.688027091784114,1,263,1788710623.7346814
1788710671.238289,47.488000,r2_medium_r124,-0.1277691377326846,0.3286622082814574,3.6487918496131897,85.55185088577572,-1.9060699939727783,4.102450847625732,1.8439958095550537,31.851448133940256,4.545450844081112,53.70040275183547,1,247,1788710623.7502713
1788710671.292202,47.524000,r2_medium_r124,-0.15068560373038054,0.3418039595708251,3.6834121346473694,85.86645873998245,-1.9375991821289062,4.110236644744873,1.8683871030807495,32.27548180249481,4.548456980621727,53.590976937487646,1,232,1788710623.768178
1788710671.343657,47.556000,r2_medium_r124,-0.17341723572462797,0.35562734957784414,3.716149389743805,86.21200458017032,-1.9662889242172241,4.116474151611328,1.8889228105545044,32.698138951306994,4.549408151777504,53.51386562886332,1,214,1788710623.7876382
1788710671.391202,47.588000,r2_medium_r124,-0.2017774535343051,0.37475269194692373,3.754305422306061,86.67051833054232,-1.9934767484664917,4.124684810638428,1.9083815813064575,33.13898241244331,4.547484148958122,53.53153591809902,1,204,1788710623.8031864
1788710671.442118,47.620000,r2_medium_r124,-0.22451100777834654,0.3920419728383422,3.7826061844825745,87.04714493277162,-2.0145223140716553,4.128720283508301,1.9289417266845703,33.636950422435845,4.539050252662196,53.410194510335764,1,194,1788710623.822095
1788710671.489384,47.656000,r2_medium_r124,-0.24153591226786375,0.4062658464536071,3.8025928139686584,87.33064829251094,-2.0412771701812744,4.134470462799072,1.9527688026428223,34.197797959302406,4.534360718960611,53.13285033320853,1,182,1788710623.8333652
1788710671.537536,47.688000,r2_medium_r124,-0.2686913711950183,0.4296370064839721,3.8344846367836,87.80960762945591,-2.063399314880371,4.130468845367432,1.9728772640228271,34.737199399926446,4.514722019475629,53.072408229529465,1,178,1788710623.849517
1788710671.596171,47.720000,r2_medium_r124,-0.2900025648996234,0.4499365007504821,3.8583880066871643,88.1813523958603,-2.092379570007324,4.135661602020264,1.9923224449157715,35.24722117811042,4.507253384434952,52.93413121774988,1,163,1788710623.8761506
1788710671.641665,47.752000,r2_medium_r124,-0.3104474050924182,0.47058268543332815,3.881184160709381,88.54120516154396,-2.603573799133301,4.853468418121338,2.1253302097320557,36.122184023617145,5.248917898196707,52.41902113792681,1,382,1788710623.8896449
1788710671.693601,47.788000,r2_medium_r124,-0.33429435919970274,0.49582456704229116,3.908530294895172,88.96887767297287,-3.3513505458831787,6.321361541748047,1.9252407550811768,35.182364834766545,6.853681235365746,53.78651283820632,1,219,1788710623.9055798
1788710671.749501,47.820000,r2_medium_r124,-0.35194657277315855,0.5155628537759185,3.929551661014557,89.28918290334111,-3.711841106414795,7.021999359130859,2.707879066467285,35.07506257605898,7.423953879414812,54.21412032728214,1,201,1788710623.9294772
1788710671.793331,47.852000,r2_medium_r124,-0.3645746512338519,0.5307843899354339,3.9446845650672913,89.51147465922021,-3.7309417724609375,7.237664222717285,2.7221999168395996,35.45598041340098,7.603231773489944,54.05549424581923,1,384,1788710623.9413123
1788710671.850037,47.884000,r2_medium_r124,-0.38361660670489073,0.5543719148263335,3.969395697116852,89.83735981241608,-3.7972285747528076,7.274017810821533,2.600524663925171,35.887324319434555,7.660299964196987,53.95003549298153,1,169,1788710623.966019
1788710671.895808,47.920000,r2_medium_r124,-0.39754245709627867,0.5730621432885528,3.988408148288727,90.05465108587737,-3.8082704544067383,7.228565216064453,2.5825915336608887,36.584703344696145,7.609540523404192,53.46994774118122,1,378,1788710623.975789
1788710671.943938,47.952000,r2_medium_r124,-0.40883229207247496,0.5867915963754058,4.007943689823151,90.24348490610937,-3.8333046436309814,7.215497016906738,2.5945627689361572,37.10652556729913,7.5937073993075,53.13695933881025,1,317,1788710623.9919178
1788710671.993539,47.984000,r2_medium_r124,-0.4178625447675586,0.5964054679498076,4.0278854966163635,90.41052065845919,-3.855581760406494,7.204622745513916,2.6056525707244873,37.58589173645851,7.583481752372122,52.82462892200068,1,278,1788710624.0095239
1788710672.045476,48.016000,r2_medium_r124,-0.4257246954366565,0.6020801281556487,4.053405821323395,90.57231123878867,-3.8803958892822266,7.198495388031006,2.614820957183838,38.02313318107494,7.583994577373739,52.549178057713725,1,269,1788710624.0294619
1788710672.091075,48.052000,r2_medium_r124,-0.42878348659723997,0.6024314379319549,4.068976938724518,90.65188523999404,-3.9019434452056885,7.190867900848389,2.6248674392700195,38.47498763573582,7.58655306251677,52.17689760425822,1,266,1788710624.0390563
1788710672.142251,48.084000,r2_medium_r124,-0.43090621661394835,0.5992817496880889,4.090034544467926,90.72878478425544,-3.921564817428589,7.176671981811523,2.6466429233551025,38.84467859628147,7.584862497433471,51.88410618797398,1,256,1788710624.05823
1788710672.191885,48.116000,r2_medium_r124,-0.4309589071199298,0.5923270797356963,4.111311495304108,90.77816189514714,-3.9412457942962646,7.167047023773193,2.6630256175994873,39.15840738386134,7.592535041497352,51.6197545112858,1,243,1788710624.075861
1788710672.239620,48.148000,r2_medium_r124,-0.42825458478182554,0.5785018419846892,4.138120234012604,90.79430671561914,-3.965236186981201,7.153881072998047,2.680147886276245,39.42590053269319,7.607334240895594,51.36840618292596,1,235,1788710624.091594
1788710672.289083,48.184000,r2_medium_r124,-0.4240605039522052,0.5637222742661834,4.159696638584137,90.7808049149419,-3.989234209060669,7.1429924964904785,2.7088866233825684,39.65519143060204,7.622474001585923,51.12561348433986,1,233,1788710624.1050694
1788710672.342771,48.216000,r2_medium_r124,-0.4198301834985614,0.5506502604112029,4.1758933663368225,90.75716452578749,-4.013203144073486,7.130712032318115,2.7338948249816895,39.814678855696975,7.634716887296612,50.94248567009052,1,224,1788710624.1267526
1788710672.391234,48.248000,r2_medium_r124,-0.41096220444887877,0.5255933618173003,4.202815115451813,90.69313576871077,-4.034121036529541,7.119819641113281,2.757908344268799,39.933198125775995,7.661517847166601,50.75993764293479,1,219,1788710624.1432102
1788710672.441049,48.280000,r2_medium_r124,-0.40222085546702147,0.5026296293362975,4.224227011203766,90.62883662637506,-4.056000232696533,7.105620384216309,2.7842864990234375,40.012064209515295,7.682644032175168,50.61677241685976,1,212,1788710624.1610284
1788710672.492875,48.316000,r2_medium_r124,-0.39209223818033934,0.4771813368424773,4.245504438877106,90.55383541020242,-4.0797648429870605,7.089779376983643,2.8143303394317627,40.05724041030637,7.705429344536484,50.496594999896054,1,208,1788710624.1768513
1788710672.543467,48.348000,r2_medium_r124,-0.3776316149160266,0.44214972015470266,4.271864473819733,90.4471189307564,-4.106003761291504,7.08231782913208,2.8434321880340576,40.04256707294144,7.748097196887993,50.404551857814965,1,201,1788710624.1954381
1788710672.591577,48.380000,r2_medium_r124,-0.3648057682439685,0.4119748091325164,4.292716085910797,90.36348472098042,-4.1332244873046875,7.079216003417969,2.889613151550293,39.96382817618232,7.785999141366199,50.3996565447981,1,192,1788710624.2115545
1788710672.645712,48.412000,r2_medium_r124,-0.3545637531206012,0.3882861351594329,4.308186590671539,90.3069659853212,-4.167262554168701,7.103942394256592,2.9399189949035645,39.79568163118737,7.842758911983278,50.511284354133835,1,172,1788710624.2336943
1788710672.689656,48.448000,r2_medium_r124,-0.3363582892343402,0.34684797283262014,4.33367782831192,90.2245091487006,-4.039778709411621,7.053775787353516,2.9133574962615967,40.19169416584591,7.792016001229441,50.032814982854696,1,358,1788710624.2416396
1788710672.738640,48.480000,r2_medium_r124,-0.320893089286983,0.31245251651853323,4.353778898715973,90.17962083325304,-4.047981262207031,7.032660007476807,2.9360203742980957,40.1502827170774,7.814244314315477,50.02933811617563,1,319,1788710624.2586231
1788710672.786534,48.512000,r2_medium_r124,-0.30489788483828306,0.2775535797700286,4.3734546303749084,90.16137195686156,-4.063928127288818,7.018436908721924,2.9571964740753174,40.05304127555278,7.847012398581032,50.10833068130877,1,289,1788710624.2745147
1788710672.836911,48.544000,r2_medium_r124,-0.28395385574549437,0.2329373275861144,4.3976035714149475,90.17433561053971,-4.0812859535217285,7.000271320343018,2.9813849925994873,39.96003914667396,7.888105950943282,50.21429646386576,1,279,1788710624.292886
1788710672.888789,48.580000,r2_medium_r124,-0.26658449601382017,0.19677249249070883,4.416520178318024,90.21694173233601,-4.101311206817627,6.981898784637451,3.0064775943756104,39.843573250813904,7.920308569460168,50.373368481522114,1,275,1788710624.30877
1788710672.940834,48.612000,r2_medium_r124,-0.25332833360880613,0.169590569101274,4.430500566959381,90.26680884686982,-4.117993354797363,6.963684558868408,3.0281434059143066,39.74767756676524,7.941155739243667,50.51913128010459,1,271,1788710624.3288157
1788710672.991387,48.644000,r2_medium_r124,-0.2352738780900836,0.1334551339969039,4.4487486481666565,90.35767098783255,-4.133477210998535,6.945732116699219,3.050152063369751,39.65820978140743,7.972401101347064,50.69946120642513,1,268,1788710624.347357
1788710673.043194,48.676000,r2_medium_r124,-0.21227706503123045,0.08876570221036673,4.4708762764930725,90.50618094137407,-4.150174140930176,6.928795337677002,3.071969747543335,39.5674578981123,8.015608415533627,50.93872304326176,1,267,1788710624.3671744
1788710673.095391,48.712000,r2_medium_r124,-0.19368145894259214,0.05373117979615927,4.487993776798248,90.65374203479078,-4.16790246963501,6.910550594329834,3.0951168537139893,39.47359756360962,8.046770237071247,51.18014447118115,1,266,1788710624.3833733
1788710673.148489,48.744000,r2_medium_r124,-0.17503077816218138,0.019396202638745308,4.504630625247955,90.82532127861518,-4.1837334632873535,6.891170978546143,3.1169626712799072,39.416962156854936,8.07568004189101,51.408359121760235,1,264,1788710624.4044669
1788710673.196292,48.776000,r2_medium_r124,-0.1611950946971774,-0.005527055822312832,4.516687452793121,90.96481279811246,-4.1973466873168945,6.871582984924316,3.1382768154144287,39.374971452489355,8.092291274811078,51.58984134562311,1,259,1788710624.4202733
1788710673.242086,48.808000,r2_medium_r124,-0.13816971611231565,-0.046313793398439884,4.536308825016022,91.21927818230213,-4.210474014282227,6.852906703948975,3.16141939163208,39.34399730524483,8.128543948453661,51.87528087705731,1,257,1788710624.4340675
1788710673.291723,48.844000,r2_medium_r124,-0.11998869013041258,-0.07778951618820429,4.551452219486237,91.44127748477005,-4.226441383361816,6.834236145019531,3.1847426891326904,39.315861625124654,8.155179176652153,52.1254158596454,1,253,1788710624.4477012
1788710673.342177,48.876000,r2_medium_r124,-0.10208964627236128,-0.10833873692899942,4.5661473870277405,91.67305869169869,-4.242043972015381,6.818125247955322,3.2032384872436523,39.30246538940802,8.183681678941857,52.37059330229067,1,251,1788710624.4661574
1788710673.389541,48.908000,r2_medium_r124,-0.08027489017695189,-0.1450245464220643,4.5838451981544495,91.97268624643417,-4.257542610168457,6.804021835327148,3.2194275856018066,39.29493000898643,8.221949078024547,52.67775623744773,1,248,1788710624.4815214
1788710673.439454,48.940000,r2_medium_r124,-0.06336759310215712,-0.17297438625246286,4.597446024417877,92.21892107579231,-4.272650241851807,6.789157867431641,3.2339911460876465,39.30998326831657,8.249142691219243,52.90893780747574,1,245,1788710624.4994342
1788710673.490891,48.976000,r2_medium_r124,-0.051048426888883114,-0.19306435529142618,4.607314646244049,92.40553783062228,-4.28850793838501,6.775105953216553,3.251742124557495,39.329648297270246,8.26734766545431,53.075889533352026,1,242,1788710624.514873
1788710673.539777,49.008000,r2_medium_r124,-0.03125651087611914,-0.22504871431738138,4.6232247948646545,92.72350155812637,-4.301027297973633,6.765330791473389,3.2657525539398193,39.3493639199203,8.3029560455426,53.374137638206065,1,237,1788710624.5317607
1788710673.587784,49.040000,r2_medium_r124,-0.016133577562868595,-0.24895326141268015,4.635392248630524,92.97368368865455,-4.316692352294922,6.7538886070251465,3.276622772216797,39.384228421659614,8.329517062789671,53.589455266994925,1,231,1788710624.5477693
1788710673.641500,49.072000,r2_medium_r124,-0.0016327369958162308,-0.27153042796999216,4.647164881229401,93.22012511787355,-4.330728054046631,6.743204116821289,3.28810715675354,39.42514640782316,8.354316542749439,53.79497871005038,1,227,1788710624.5694761
1788710673.693790,49.108000,r2_medium_r124,0.01554781710729003,-0.29793394450098276,4.661367475986481,93.52352758505414,-4.342965602874756,6.732730865478516,3.3014817237854004,39.474078298851694,8.383088700561812,54.049449286202446,1,222,1788710624.5857725
1788710673.743164,49.140000,r2_medium_r124,0.02847276534885168,-0.31756327394396067,4.672342836856842,93.75468492717859,-4.353579998016357,6.724195957183838,3.315892219543457,39.52163342542032,8.404089347888924,54.23305150175827,1,221,1788710624.6031365
1788710673.793782,49.172000,r2_medium_r124,0.037671628408133984,-0.33136094454675913,4.680334150791168,93.9208076756538,-4.360187530517578,6.714500904083252,3.3341915607452393,39.585092796339325,8.41412112133301,54.33571487931448,1,218,1788710624.6217673
1788710673.850672,49.204000,r2_medium_r124,0.0520304711535573,-0.35270238760858774,4.693257391452789,94.19114940940811,-4.3670573234558105,6.705349445343018,3.347522258758545,39.64630124877171,8.435368140185975,54.5448481606364,1,213,1788710624.646656
1788710673.902536,49.240000,r2_medium_r124,0.06264467630535364,-0.36822373513132334,4.7031970620155334,94.39467625407738,-4.375818252563477,6.697718620300293,3.358396053314209,39.70300088800925,8.45198108695408,54.69167536606814,1,210,1788710624.662514
1788710673.950333,49.272000,r2_medium_r124,0.07247645873576403,-0.3823936963453889,4.712783396244049,94.58515877728593,-4.381951332092285,6.692453384399414,3.367643117904663,39.7523368963315,8.467868121790483,54.83282188095442,1,207,1788710624.6783137
1788710673.999910,49.304000,r2_medium_r124,0.08149683941155672,-0.3951148772612214,4.721942484378815,94.75875614116467,-4.388539791107178,6.690794944763184,3.3751332759857178,39.78358641112535,8.485590169684938,54.97516973003932,1,205,1788710624.6958933
1788710674.054037,49.336000,r2_medium_r124,0.09167860168963671,-0.4091971004381776,4.732972204685211,94.95659134464276,-4.39390230178833,6.689065456390381,3.3799054622650146,39.81650118565663,8.505090062824973,55.14009015898613,1,203,1788710624.7180169
1788710674.104113,49.372000,r2_medium_r124,0.09722862113267183,-0.4167017722502351,4.739369451999664,95.06042332967962,-4.3970441818237305,6.687576770782471,3.38728404045105,39.854587023798985,8.514540304943718,55.20583630588063,1,201,1788710624.7320943
1788710674.153583,49.404000,r2_medium_r124,0.10400629509240389,-0.4256483996286988,4.747663080692291,95.18385348577993,-4.401096820831299,6.688176155090332,3.39290714263916,39.879475081420196,8.528646875801524,55.30437840435974,1,201,1788710624.7495632
1788710674.208968,49.436000,r2_medium_r124,0.11007129866629839,-0.43337989691644907,4.7556872963905334,95.28712922468998,-4.405581951141357,6.689247131347656,3.396810531616211,39.89600871383903,8.54221786880318,55.391120510850946,1,197,1788710624.7729475
1788710674.256215,49.468000,r2_medium_r124,0.11663873959332705,-0.4413534486666322,4.765317976474762,95.39096672621355,-4.408856391906738,6.690197944641113,3.4025259017944336,39.90999527081648,8.555485591094872,55.480971455397054,1,195,1788710624.7881997
1788710674.307956,49.504000,r2_medium_r124,0.12109018582850695,-0.44640920404344797,4.772682249546051,95.45005372297996,-4.411122798919678,6.691201686859131,3.405038595199585,39.92704748375243,8.564863859649218,55.52300623922753,1,195,1788710624.8039396
1788710674.357886,49.536000,r2_medium_r124,0.12393735814839602,-0.44946048501878977,4.7780357003211975,95.48070915625559,-4.411741256713867,6.691385746002197,3.407649517059326,39.94573468991714,8.569832185269473,55.53497446633844,1,192,1788710624.8218663
1788710674.409966,49.568000,r2_medium_r124,0.12775746453553438,-0.45319575909525156,4.786587774753571,95.5120645478417,-4.411740303039551,6.693627834320068,3.4103877544403076,39.9452249549674,8.5777650908105,55.56683959287431,1,190,1788710624.8419514
1788710674.457870,49.600000,r2_medium_r124,0.1300176801159978,-0.4550668681040406,4.79309755563736,95.51496617083852,-4.410440444946289,6.69662618637085,3.4139902591705322,39.937294762107314,8.582797356691847,55.57767140873121,1,190,1788710624.8578534
1788710674.505382,49.636000,r2_medium_r124,0.13162135798484087,-0.45606274250894785,4.799361288547516,95.50012276999573,-4.409058570861816,6.702536582946777,3.419039011001587,39.91201427434903,8.588865356293322,55.58810849564669,1,189,1788710624.8693643
1788710674.553931,49.668000,r2_medium_r124,0.13277331460267305,-0.4562231684103608,4.806912958621979,95.45645652270427,-4.406190872192383,6.708154201507568,3.423708915710449,39.886125674373226,8.593238761487257,55.57033084833105,1,188,1788710624.8859074
1788710674.606552,49.700000,r2_medium_r124,0.13305427599698305,-0.45548433903604746,4.81268697977066,95.40002963328907,-4.402747631072998,6.714748859405518,3.429382562637329,39.8549773677765,8.596468703524362,55.54505226551256,1,187,1788710624.9065342
1788710674.658398,49.732000,r2_medium_r124,0.13291968870908022,-0.4544211709871888,4.816881239414215,95.34545100370063,-4.399749755859375,6.7211127281188965,3.431593656539917,39.82140001350319,8.599558169941686,55.52405099019744,1,185,1788710624.9263785
1788710674.706523,49.768000,r2_medium_r124,0.13212512154132128,-0.45180726889520884,4.823656618595123,95.23281525074648,-4.395880222320557,6.730093955993652,3.4354660511016846,39.77120968628892,8.602883856578536,55.461605564457564,1,184,1788710624.9385061
1788710674.756326,49.800000,r2_medium_r124,0.13099845964461565,-0.4489312255755067,4.828849375247955,95.123948192378,-4.392062187194824,6.735882759094238,3.4376626014709473,39.73359244621434,8.603198838154656,55.390355746163664,1,183,1788710624.956308
1788710674.807106,49.832000,r2_medium_r124,0.12945128697901964,-0.44528956059366465,4.833824694156647,94.99974291978657,-4.388058662414551,6.744650363922119,3.4386885166168213,39.681814537497274,8.605204077469422,55.317928382289296,1,181,1788710624.9750905
1788710674.864539,49.864000,r2_medium_r124,0.1270317630842328,-0.43984482530504465,4.8398242592811584,94.82732684813979,-4.383676052093506,6.754440784454346,3.4386963844299316,39.62294214020592,8.606241325362756,55.204384707933876,1,181,1788710625.000519
1788710674.916977,49.900000,r2_medium_r124,0.12475835997611284,-0.43483344558626413,4.844471037387848,94.67619324087718,-4.376667499542236,6.767307758331299,3.438354969024658,39.54978142865496,8.608765015239804,55.126411812222216,1,181,1788710625.0169609
1788710674.968619,49.932000,r2_medium_r124,0.12286561448127031,-0.43068183306604624,4.847878038883209,94.55649239933157,-4.371081352233887,6.777830123901367,3.439523458480835,39.485920457349586,8.610555533618657,55.07057194198199,1,181,1788710625.036595
1788710675.022225,49.964000,r2_medium_r124,0.12013323325663805,-0.42471314314752817,4.852323114871979,94.39111426092153,-4.365201473236084,6.788948059082031,3.4385623931884766,39.42275311748112,8.611263249256476,54.9683611434404,1,178,1788710625.0582075
1788710675.072432,49.996000,r2_medium_r124,0.11646805424243212,-0.4165622079744935,4.857730448246002,94.17499188242604,-4.359111309051514,6.799322128295898,3.43858003616333,39.36547945925492,8.60893636192587,54.80951242317112,1,176,1788710625.0764139
1788710675.122576,50.032000,r2_medium_r124,0.11338255275040865,-0.4094896400347352,4.861967146396637,93.9967756560402,-4.3525543212890625,6.808715343475342,3.4362525939941406,39.31683160059501,8.606958657493795,54.6799440554452,1,176,1788710625.0905497
1788710675.171273,50.064000,r2_medium_r124,0.11017087567597628,-0.4019684875383973,4.866123259067535,93.81691884653712,-4.344952583312988,6.81970739364624,3.434173345565796,39.265652396506454,8.605301163962556,54.551266450030674,1,174,1788710625.1072521
1788710675.228375,50.096000,r2_medium_r124,0.10763612855225801,-0.3959236228838563,4.869083940982819,93.68170101793882,-4.3369317054748535,6.831860542297363,3.4325685501098633,39.21540181208925,8.605732022200534,54.46629920584958,1,174,1788710625.1323578
1788710675.273888,50.128000,r2_medium_r124,0.10339305270463228,-0.38552663568407297,4.874010145664215,93.45930047925513,-4.328596115112305,6.842801094055176,3.4316768646240234,39.178187260560534,8.600672941448256,54.2811132186946,1,173,1788710625.145872
1788710675.323568,50.164000,r2_medium_r124,0.09988781530410051,-0.3768014991655946,4.8778210282325745,93.28537853169308,-4.320094108581543,6.857971668243408,3.430318832397461,39.12837573943389,8.600781685305389,54.1570027922592,1,173,1788710625.1595483
1788710675.377594,50.196000,r2_medium_r124,0.09632450062781572,-0.3678034031763673,4.881607115268707,93.11892345285452,-4.310851097106934,6.870568752288818,3.4292356967926025,39.096464584777756,8.598058556877167,54.022458868076754,1,173,1788710625.1815712
1788710675.431504,50.228000,r2_medium_r124,0.09175342041999102,-0.3562001073732972,4.886275351047516,92.92475580759975,-4.301363945007324,6.882348537445068,3.4286749362945557,39.0796524074906,8.591895346133404,53.84510340010915,1,171,1788710625.2034874
1788710675.479055,50.260000,r2_medium_r124,0.08803058136254549,-0.34665069822221994,4.889958441257477,92.78354944516586,-4.291141033172607,6.894553184509277,3.4273998737335205,39.0713348489498,8.587855102659445,53.712214596216064,1,171,1788710625.2190278
1788710675.526521,50.296000,r2_medium_r124,0.08520763088017702,-0.3393219197168946,4.892678797245026,92.68630720310621,-4.280609130859375,6.910556793212891,3.424006700515747,39.06007677358028,8.589417621526481,53.62623042952593,1,170,1788710625.2304945
1788710675.577256,50.328000,r2_medium_r124,0.08051999378949404,-0.3268950069323182,4.8971739411354065,92.54014589841096,-4.271225452423096,6.924149990081787,3.4240245819091797,39.06331667227624,8.584026503450692,53.47682922613472,1,170,1788710625.2492404
1788710675.640512,50.360000,r2_medium_r124,0.07672968227416277,-0.3165944004431367,4.900581419467926,92.43973235247607,-4.262292861938477,6.942349433898926,3.4200363159179688,39.05491043111486,8.585534114600204,53.384821921361215,1,166,1788710625.2804918
1788710675.685012,50.392000,r2_medium_r124,0.07296040374785662,-0.30611870530992746,4.903931200504303,92.35279102761268,-4.043330669403076,6.5617756843566895,3.6980764865875244,39.36390043407846,8.097278007922883,52.98889059353422,1,390,1788710625.2929904
1788710675.733009,50.428000,r2_medium_r124,0.06834517512470484,-0.2929239058867097,4.908041536808014,92.26373800777124,-4.031160354614258,6.560601234436035,3.699392795562744,39.46022933127726,8.076978656472358,52.803508676493976,1,307,1788710625.3049889
1788710675.782713,50.460000,r2_medium_r124,0.06476105842739344,-0.2822993779554963,4.9112353920936584,92.20668695521037,-4.01357364654541,6.570510387420654,3.6724917888641357,39.52842368384907,8.070210738311756,52.67826327136131,1,263,1788710625.3226926
1788710675.833537,50.492000,r2_medium_r124,0.062160701490938663,-0.274273076094687,4.913556158542633,92.17047908365235,-3.998683214187622,6.576117992401123,3.662269115447998,39.61805477793964,8.0612672926189,52.55242430571271,1,214,1788710625.3415103
1788710675.884223,50.524000,r2_medium_r124,0.05807571578770876,-0.2609535241499543,4.917409002780914,92.11954008572928,-3.9849162101745605,6.580202579498291,3.6544904708862305,39.71203641159391,8.046251535098984,52.40750367413537,1,209,1788710625.3602064
1788710675.934853,50.560000,r2_medium_r124,0.054958430118858814,-0.2502644741907716,4.920388281345367,92.0881559631003,-3.9700446128845215,6.587673187255859,3.6460065841674805,39.81366603568884,8.036298256543164,52.274489927411466,1,207,1788710625.374828
1788710675.984646,50.592000,r2_medium_r124,0.05200801510363817,-0.23978831712156534,4.9233604073524475,92.06541196364259,-3.9523584842681885,6.593217372894287,3.639023542404175,39.92744241247644,8.0233683078708,52.13796955116616,1,206,1788710625.39263
1788710676.034908,50.624000,r2_medium_r124,0.04987743217498064,-0.22951110545545816,4.926147997379303,92.05097555803185,-3.9372429847717285,6.599974632263184,3.6304872035980225,40.03992647601864,8.013597291696007,52.011049082013216,1,204,1788710625.4108891
1788710676.085295,50.656000,r2_medium_r124,0.0483058737590909,-0.21704597119241953,4.929237425327301,92.04680757812379,-3.9222218990325928,6.607629299163818,3.621933937072754,40.14402143396237,8.003144741332909,51.902786144161425,1,202,1788710625.4292808
1788710676.137955,50.692000,r2_medium_r124,0.04772102180868387,-0.20970671717077494,4.930636942386627,92.05911148485126,-3.907379388809204,6.613720893859863,3.6087920665740967,40.15563324470054,7.996827964684305,51.90347824015072,1,200,1788710625.4459355
1788710676.190636,50.724000,r2_medium_r124,0.04736339394003153,-0.20009919349104166,4.931894838809967,92.10840215804144,-3.8976452350616455,6.620253562927246,3.5965757369995117,40.08041377076033,7.9914568076502865,52.02798838728111,1,191,1788710625.4666169
1788710676.239413,50.756000,r2_medium_r124,0.047569998539984226,-0.1906226659193635,4.932455599308014,92.20382756748918,-3.8861260414123535,6.62689733505249,3.588313102722168,39.99946956980448,7.9849397336182815,52.204357997684696,1,185,1788710625.483394
1788710676.287279,50.788000,r2_medium_r124,0.048553661443293095,-0.17879431787878275,4.932337820529938,92.40148375750636,-3.8781793117523193,6.630717754364014,3.583118200302124,39.93972982121902,7.975530081970083,52.46175393628734,1,184,1788710625.499244
1788710676.337068,50.824000,r2_medium_r124,0.049968977458775043,-0.169189372099936,4.931646406650543,92.63254978127034,-3.8688478469848633,6.635472297668457,3.5769259929656982,39.9363062077109,7.968426014139312,52.696243573559435,1,183,1788710625.5130463
1788710676.393304,50.856000,r2_medium_r124,0.05138562340289354,-0.1618213588371873,4.930820524692535,92.85144458282261,-3.854952812194824,6.642816543579102,3.5695552825927734,40.00056552860456,7.963392494143265,52.85087905421805,1,180,1788710625.5372853
1788710676.443721,50.888000,r2_medium_r124,0.054133460856974125,-0.14911458734422922,4.9290953278541565,93.31155996945941,-3.847151756286621,6.653419494628906,3.562410593032837,40.11924450147412,7.960045442477251,53.19231546798528,1,177,1788710625.5556993
1788710676.493038,50.920000,r2_medium_r124,0.05685178283601999,-0.13847170118242502,4.92740398645401,93.76288219415832,-3.8391175270080566,6.668067455291748,3.5559425354003906,40.30355321947525,7.961686923233617,53.459328974683075,1,173,1788710625.5730176
1788710676.551245,50.956000,r2_medium_r124,0.05995734129101038,-0.12731943372637033,4.925539076328278,94.287631833386,-3.8277230262756348,6.7027177810668945,3.5319948196411133,40.57571001766009,7.98156830398449,53.711921815725916,1,169,1788710625.5952253
1788710676.595380,50.988000,r2_medium_r124,0.06408941466361284,-0.11266336683183908,4.92313677072525,95.04576784352217,-3.6125082969665527,6.71188497543335,3.4939417839050293,41.34448327677095,7.882539509538202,53.70128456675121,1,388,1788710625.6073563
1788710676.643457,51.020000,r2_medium_r124,0.06766302604228258,-0.10030655656009912,4.921035826206207,95.72451368862708,-3.5399324893951416,6.724211692810059,3.445678472518921,41.83468055552511,7.85910135194029,53.889833133101966,1,177,1788710625.6234384
1788710676.699616,51.052000,r2_medium_r124,0.072277189232409,-0.08401335123926401,4.918187201023102,96.65721569173722,-3.3493056297302246,6.857292175292969,3.2526588439941406,42.32113368872035,7.915992427216867,54.33608200301686,1,168,1788710625.6475987
1788710676.746047,51.088000,r2_medium_r124,0.07496630121022463,-0.0737948277965188,4.9164329171180725,97.25339435081395,-3.282339572906494,6.961888790130615,3.090665578842163,42.922724013080725,8.006608088164548,54.33067033773323,1,387,1788710625.6580303
1788710676.801710,51.120000,r2_medium_r124,0.07854799646884203,-0.059587487019598484,4.9139352440834045,98.0828700087966,-3.254345417022705,7.038520812988281,2.9814727306365967,43.51072474800433,8.076244876810835,54.572145260792276,1,154,1788710625.681685
1788710676.846673,51.152000,r2_medium_r124,0.08191664982587099,-0.044689164496958256,4.911291182041168,98.94097528776341,-3.2317240238189697,7.0540080070495605,2.9816102981567383,44.333526138257966,8.068171066665913,54.60744914950545,1,399,1788710625.6946514
1788710676.895575,51.184000,r2_medium_r124,0.08614868391305208,-0.024559379555284977,4.9073715806007385,100.03626456981294,-3.209383487701416,7.066836357116699,2.9748127460479736,45.09893130454327,8.055011448610331,54.93733326526967,1,327,1788710625.7115576
1788710676.947401,51.220000,r2_medium_r124,0.08923634607344866,-0.00747142918407917,4.9039769768714905,100.91483361379312,-3.1860156059265137,7.079229354858398,2.9674313068389893,45.96942414011319,8.04355720336155,54.94540947367993,1,309,1788710625.7273824
1788710676.997881,51.252000,r2_medium_r124,0.09116335678845644,0.0056164690759032965,4.901532709598541,101.56715122446325,-3.16631817817688,7.091672897338867,2.959167242050171,46.73420472856924,8.037173960086431,54.83294649589401,1,301,1788710625.7458556
1788710677.046411,51.284000,r2_medium_r124,0.09335398394614458,0.024568076245486736,4.897627413272858,102.41592715489504,-3.1457204818725586,7.104201793670654,2.951616048812866,47.48938228195392,8.024947177310855,54.926544872941115,1,294,1788710625.7623913
1788710677.096340,51.316000,r2_medium_r124,0.0953184412792325,0.050741913728415966,4.8916173577308655,103.42658025921655,-3.1252057552337646,7.11792516708374,2.9431440830230713,48.21700374722981,8.007084571745333,55.20957651198674,1,287,1788710625.7803223
1788710677.145762,51.352000,r2_medium_r124,0.09622338134795427,0.07368241902440786,4.885867178440094,104.17980882669234,-3.1019983291625977,7.133223533630371,2.9332547187805176,48.989484250957894,7.992398781092624,55.190324575734444,1,282,1788710625.7937436
1788710677.195533,51.384000,r2_medium_r124,0.0965144382789731,0.09805880393832922,4.879543840885162,104.8701776363284,-3.0812416076660156,7.146470546722412,2.9278228282928467,49.62741775271516,7.97417434562042,55.24275988361324,1,274,1788710625.8115094
1788710677.245300,51.416000,r2_medium_r124,0.0963931055739522,0.11735752876847982,4.874282419681549,105.34010089243249,-3.06248140335083,7.16001558303833,2.9222195148468018,50.20513034269784,7.961662528450867,55.134970549734646,1,268,1788710625.829281
1788710677.298576,51.448000,r2_medium_r124,0.09539021272212267,0.1504252916201949,4.8654733300209045,106.01782676981004,-3.0415749549865723,7.174984931945801,2.9162473678588867,50.7031252958887,7.936275603548272,55.314701473921346,1,260,1788710625.8505585
1788710677.348852,51.484000,r2_medium_r124,0.09393660444766283,0.17797868605703115,4.858111917972565,106.45770220062872,-3.015103578567505,7.193824291229248,2.910756826400757,51.1737792583689,7.91709620175781,55.283922942259814,1,252,1788710625.8648324
1788710677.400668,51.516000,r2_medium_r124,0.09185502398759127,0.20602292474359274,4.850873053073883,106.79933894533634,-2.991068124771118,7.212535381317139,2.909275531768799,51.48763899401801,7.897178792455609,55.31169995131833,1,235,1788710625.8846488
1788710677.452778,51.548000,r2_medium_r124,0.08836990315467119,0.24196725245565176,4.841935217380524,107.07947500076988,-2.970853567123413,7.230879306793213,2.9083311557769775,51.697288407978526,7.870359878138666,55.38218659279135,1,217,1788710625.9047456
1788710677.502924,51.580000,r2_medium_r124,0.0839380370453,0.2771435594186187,4.833861887454987,107.18841977218815,-2.9541289806365967,7.2507243156433105,2.9090347290039062,51.801654432214015,7.846377467177116,55.38676533997414,1,202,1788710625.9228983
1788710677.556539,51.616000,r2_medium_r124,0.07980335969477892,0.30726643558591604,4.826933920383453,107.15683282058934,-2.932213306427002,7.271612644195557,2.908132553100586,51.832366558879215,7.826631535817784,55.324466261710135,1,189,1788710625.9405222
1788710677.603918,51.648000,r2_medium_r124,0.07386516500264406,0.34563525673002005,4.818500578403473,106.96295950166527,-2.9160330295562744,7.291172027587891,2.904025077819824,51.75741507789946,7.8003326013382575,55.2055444237658,1,181,1788710625.9558985
1788710677.656007,51.680000,r2_medium_r124,0.06854463089257479,0.3767674779519439,4.812043249607086,106.68698332434171,-2.8980965614318848,7.311182022094727,2.8984804153442383,51.60497506726184,7.781310156695164,55.08200825707986,1,173,1788710625.975987
1788710677.712771,51.712000,r2_medium_r124,0.06428732816129923,0.4008482312783599,4.807088911533356,106.41310623170864,-2.8855485916137695,7.338034629821777,2.885631561279297,51.34005783892574,7.779337081691239,55.0730483927829,1,169,1788710626.000755
1788710677.759796,51.748000,r2_medium_r124,0.05646491143852472,0.4412868833169341,4.799446165561676,105.83765998567279,-2.863970994949341,7.368880271911621,2.880014419555664,51.015304078698236,7.759169689380173,54.82235590697456,1,388,1788710626.0117772
1788710677.809915,51.780000,r2_medium_r124,0.04961495194584131,0.47325228806585073,4.794037401676178,105.2723608703517,-2.8449277877807617,7.393306732177734,2.8688809871673584,50.59941322514801,7.744143490528896,54.672947645203685,1,356,1788710626.0298986
1788710677.857854,51.812000,r2_medium_r124,0.04235594067722559,0.5052606677636504,4.789058268070221,104.62177524534478,-2.827331304550171,7.415689945220947,2.8590235710144043,50.11375008647544,7.727494523841419,54.508025158869344,1,334,1788710626.0458345
1788710677.908191,51.844000,r2_medium_r124,0.03280235920101404,0.5454720472916961,4.783340036869049,103.69871743305976,-2.810736894607544,7.440230846405029,2.850264072418213,49.543865740026106,7.704556902913911,54.15485169303364,1,324,1788710626.064175
1788710677.958637,51.880000,r2_medium_r124,0.02472664602100849,0.5776007389649749,4.779402315616608,102.88167342004144,-2.791637420654297,7.4700469970703125,2.8435285091400146,48.824140579511685,7.693200203525988,54.05753284052975,1,307,1788710626.0786211
1788710678.009282,51.912000,r2_medium_r124,0.018422137945890427,0.6018356299027801,4.776640474796295,102.22896799434051,-2.778446674346924,7.49724006652832,2.8387537002563477,48.12191615930027,7.6892446084611095,54.107051835040245,1,292,1788710626.0972636
1788710678.059946,51.944000,r2_medium_r124,0.009799018413104932,0.6344239925965667,4.773076593875885,101.31230598798278,-2.7669172286987305,7.525389671325684,2.833214044570923,47.376150088879854,7.678452175575063,53.936155899102936,1,278,1788710626.11593
1788710678.110338,51.976000,r2_medium_r124,-0.0013622753322124481,0.6753658866509795,4.769085466861725,100.10391379017844,-2.7551794052124023,7.55654764175415,2.8296408653259277,46.59746501349344,7.661306448251021,53.506448776685,1,267,1788710626.1343188
1788710678.168484,52.012000,r2_medium_r124,-0.01056321244686842,0.7081001019105315,4.7664294838905334,99.09822636978086,-2.7367544174194336,7.586767196655273,2.8249897956848145,45.719722425903186,7.649664538352917,53.37850394387767,1,250,1788710626.1564677
1788710678.215649,52.044000,r2_medium_r124,-0.019985155202448368,0.7409548973664641,4.764082491397858,98.0657508401638,-2.7201786041259766,7.612307548522949,2.819673776626587,44.92428868426484,7.6346091693185745,53.141462155898964,1,239,1788710626.1716318
1788710678.265491,52.076000,r2_medium_r124,-0.027208848856389523,0.765619239769876,4.762603342533112,97.27925175780842,-2.700845718383789,7.63831901550293,2.8135435581207275,44.12267135432559,7.627658248812088,53.15658040348284,1,231,1788710626.1894708
1788710678.313098,52.108000,r2_medium_r124,-0.03948390390723944,0.806990466080606,4.7603588700294495,95.95596418299931,-2.682793617248535,7.666640758514404,2.8075454235076904,43.295899736219354,7.606271670933647,52.660064446779955,1,223,1788710626.2050788
1788710678.367869,52.144000,r2_medium_r124,-0.04953069146722555,0.840130946598947,4.758973181247711,94.89447889174734,-2.6603527069091797,7.698619365692139,2.7993085384368896,42.363000448731384,7.595758059827516,52.53147844301595,1,218,1788710626.2238524
1788710678.416607,52.176000,r2_medium_r124,-0.05972335021942854,0.8733243560418487,4.757989943027496,93.83736265973614,-2.6374032497406006,7.727354049682617,2.7928714752197266,41.54176489157785,7.581810291627192,52.29559776815829,1,205,1788710626.240587
1788710678.465323,52.208000,r2_medium_r124,-0.0725669739767909,0.9149722075089812,4.757052481174469,92.53346266113932,-2.6150588989257812,7.754242897033691,2.788534641265869,40.73910560908448,7.557443432739741,51.79435705205485,1,194,1788710626.2573023
1788710678.516976,52.240000,r2_medium_r124,-0.08294306229799986,0.9482363080605865,4.756668150424957,91.51147334257105,-2.597132682800293,7.783032417297363,2.7834253311157227,39.93618824306455,7.545149072525678,51.5752850995065,1,180,1788710626.276957
1788710678.575768,52.276000,r2_medium_r124,-0.09598785173147917,0.9896846627816558,4.756650030612946,90.27058676967286,-2.577523946762085,7.820883750915527,2.77410626411438,39.03107160379045,7.533510613169873,51.2395151658824,1,170,1788710626.2997503
1788710678.617586,52.308000,r2_medium_r124,-0.10380828659981489,1.0144477104768157,4.756960928440094,89.54811764205412,-2.9113008975982666,8.024889945983887,2.722949504852295,38.17085852122194,7.820838674303284,51.37725912083218,1,395,1788710626.309564
1788710678.667794,52.340000,r2_medium_r124,-0.11417506914585829,1.0474627232179046,4.757540285587311,88.61250715640715,-2.890869617462158,8.053001403808594,2.7094316482543945,37.442456084929404,7.8091199126546575,51.170051071477744,1,336,1788710626.3277764
1788710678.717724,52.372000,r2_medium_r124,-0.12442488502711058,1.080410978756845,4.7584348320961,87.71306683983707,-2.8685569763183594,8.07572078704834,2.6865415573120117,36.74170094677244,7.794700891665388,50.97136589306463,1,323,1788710626.3457065
1788710678.771343,52.408000,r2_medium_r124,-0.13700370024889708,1.1215779995545745,4.759830057621002,86.64234332591685,-2.844939708709717,8.096671104431152,2.668123722076416,35.99299682131694,7.769174772250451,50.64934650459991,1,287,1788710626.3633256
1788710678.822381,52.440000,r2_medium_r124,-0.1467777146026492,1.1543249106034636,4.761296331882477,85.8311267799929,-2.8221323490142822,8.117756843566895,2.6618149280548096,35.34690155753782,7.749498620549643,50.48422522245508,1,271,1788710626.3823624
1788710678.872773,52.472000,r2_medium_r124,-0.15396023821085691,1.1788904881104827,4.7625022530555725,85.24933803947243,-2.8046884536743164,8.147193908691406,2.668034553527832,34.70076121651096,7.744056274194999,50.54857682296147,1,251,1788710626.4007459
1788710678.921958,52.504000,r2_medium_r124,-0.16584912966936827,1.2194247459992766,4.765061914920807,84.33225821902619,-2.7937729358673096,8.187570571899414,2.6777589321136475,34.04246270837529,7.734201544065622,50.28979551065089,1,225,1788710626.4179397
1788710678.977073,52.540000,r2_medium_r124,-0.17540065478533506,1.2514568781480193,4.7676010727882385,83.64622470556252,-2.7792916297912598,8.22851276397705,2.682715654373169,33.362434561917546,7.733453578551992,50.28379014364497,1,197,1788710626.4370544
1788710679.037750,52.572000,r2_medium_r124,-0.18498788308352232,1.283186218701303,4.770456373691559,83.00320798983425,-2.7651398181915283,8.270612716674805,2.6820545196533203,32.77354925729383,7.735808644012219,50.22965873254042,1,177,1788710626.4657252
1788710679.082600,52.604000,r2_medium_r124,-0.19453881215304136,1.3146380400285125,4.773588716983795,82.40247567443538,-2.9275949001312256,8.549920082092285,2.596433401107788,32.68686818478421,8.034855759607156,49.71560748965117,1,389,1788710626.4785795
1788710679.136096,52.636000,r2_medium_r124,-0.20632136892527342,1.3536424851045012,4.777810633182526,81.70918406417809,-2.874490976333618,8.59650993347168,2.570004940032959,32.23660273897341,8.028241644794837,49.472581325204665,1,323,1788710626.5000777
1788710679.188350,52.672000,r2_medium_r124,-0.21320622693747282,1.376850268803537,4.780581057071686,81.3201922202386,-2.8310580253601074,8.613322257995605,2.5537168979644775,31.791932265479257,8.011154652856371,49.528259954759335,1,261,1788710626.5163324
1788710679.237817,52.704000,r2_medium_r124,-0.2221803916618228,1.4077209448441863,4.784410059452057,80.83406170733049,-2.7996177673339844,8.62629508972168,2.5420055389404297,31.45882140729112,7.986198979753548,49.375240300039366,1,249,1788710626.5337932
1788710679.289688,52.736000,r2_medium_r124,-0.23086978029459715,1.4385444140061736,4.788345396518707,80.38237321000605,-2.7688512802124023,8.636068344116211,2.538656234741211,31.161997486428465,7.956557179022269,49.22037572357759,1,238,1788710626.5536494
1788710679.339673,52.768000,r2_medium_r124,-0.24110067915171385,1.4768842672929168,4.793515264987946,79.86494440285142,-2.7344870567321777,8.642034530639648,2.536752939224243,30.88813175570924,7.9151329817778775,48.976812647142175,1,228,1788710626.571656
1788710679.388503,52.804000,r2_medium_r124,-0.24868751596659422,1.5074058985337615,4.797823965549469,79.48919628060366,-2.706108808517456,8.64522933959961,2.533571720123291,30.59956560991167,7.881261391162517,48.88963067069199,1,218,1788710626.5844843
1788710679.440631,52.836000,r2_medium_r124,-0.25425906013697386,1.5302968239411712,4.801171839237213,79.23069973448683,-2.675689458847046,8.652700424194336,2.5297741889953613,30.34953870058417,7.858193526900483,48.88116103390267,1,196,1788710626.6046128
1788710679.497841,52.868000,r2_medium_r124,-0.26350758504122496,1.5685941195115447,4.806847155094147,78.85111884671129,-2.658363103866577,8.661993980407715,2.5279159545898438,30.101782574953674,7.825930101862784,48.74933627175761,1,187,1788710626.629822
1788710679.545147,52.900000,r2_medium_r124,-0.27061412762850523,1.5991971706971526,4.811413824558258,78.59916812292806,-2.6288249492645264,8.67469596862793,2.522862672805786,29.893078063800445,7.801365771003733,48.70609005912761,1,179,1788710626.6451316
1788710679.593329,52.936000,r2_medium_r124,-0.27742914389818907,1.6297733997926116,4.815997660160065,78.40075018865068,-2.584751844406128,8.691329002380371,2.5151798725128174,29.69092272614417,7.777086090861525,48.70982746250651,1,176,1788710626.657301
1788710679.642959,52.968000,r2_medium_r124,-0.28546766471117735,1.6679855799302459,4.821649134159088,78.23820566759542,-2.562753200531006,8.701223373413086,2.510692834854126,29.54791899801853,7.745513687847105,48.69028666957689,1,176,1788710626.67494
1788710679.692794,53.000000,r2_medium_r124,-0.2914463384076953,1.6985488152131438,4.826013624668121,78.1884474110847,-2.531240701675415,8.71317195892334,2.50771164894104,29.456551348376674,7.719853670158564,48.73189606270802,1,175,1788710626.6927729
1788710679.742655,53.032000,r2_medium_r124,-0.2956218821927905,1.7214036202058196,4.829239904880524,78.20386223336288,-2.5103354454040527,8.720648765563965,2.5056469440460205,29.42503172833016,7.7002255174463,48.77883050503272,1,173,1788710626.7106376
1788710679.790936,53.068000,r2_medium_r124,-0.3019906682893634,1.759414098225534,4.834503710269928,78.3421085155119,-2.4897072315216064,8.730310440063477,2.5056087970733643,29.451044265538783,7.668327789446871,48.89106424997311,1,173,1788710626.7229156
1788710679.852757,53.100000,r2_medium_r124,-0.3065585596486926,1.7897542929276824,4.838601171970367,78.55933303735105,-2.4544637203216553,8.77072525024414,2.5007126331329346,29.490227705982893,7.668974827587377,49.06910533136816,1,170,1788710626.7526863
1788710679.893862,53.132000,r2_medium_r124,-0.31066523026674986,1.8200988983735442,4.842567026615143,78.87765758027412,-2.2479918003082275,9.288999557495117,2.184025287628174,29.541222200759155,8.161222670210096,49.33643537951495,1,376,1788710626.7618377
1788710679.951919,53.164000,r2_medium_r124,-0.31522278022021055,1.858123085461557,4.847233831882477,79.4198579057377,-2.7063064575195312,10.17334270477295,2.127570867538452,29.214436310774012,9.06954933328293,50.20542159496369,1,166,1788710626.7879012
1788710679.996578,53.200000,r2_medium_r124,-0.31836889218539,1.888583323918283,4.850796759128571,79.96766263983827,-2.9088191986083984,10.772852897644043,2.1935720443725586,29.30571898070431,9.628162952162086,50.66194365913396,1,379,1788710626.7965615
1788710680.056815,53.232000,r2_medium_r124,-0.32178823184221983,1.926828763447702,4.854903280735016,80.79106199939939,-2.9018094539642334,10.80523681640625,2.27064847946167,29.730871347942287,9.600052705029462,51.0601906514571,1,158,1788710626.8247979
1788710680.097430,53.264000,r2_medium_r124,-0.32290888857096434,1.9421150898560882,4.856516420841217,81.15985997063582,-2.856917142868042,10.799747467041016,2.273937940597534,30.270659999155416,9.568101210209797,50.8891999714804,1,379,1788710626.8334136
1788710680.150153,53.296000,r2_medium_r124,-0.3254271848127246,1.9805695032700896,4.860163748264313,82.17135340309012,-2.8267300128936768,10.812286376953125,2.272622585296631,30.92060147736322,9.536829035099432,51.25075192572691,1,345,1788710626.8541334
1788710680.197541,53.332000,r2_medium_r124,-0.3267680509015918,2.0113238310441375,4.863073885440826,83.06049289834739,-2.786594867706299,10.827238082885742,2.2706754207611084,31.747011592730797,9.512708439985389,51.31348130561659,1,328,1788710626.865523
1788710680.245197,53.364000,r2_medium_r124,-0.3275936646386981,2.042080066166818,4.865930140018463,84.00758613798074,-2.750227212905884,10.841634750366211,2.2689385414123535,32.5452908456506,9.489240291648002,51.46229529233013,1,317,1788710626.8811786
1788710680.299259,53.396000,r2_medium_r124,-0.3279196126386523,2.065153024159372,4.868043482303619,84.74703920896043,-2.713677167892456,10.856122970581055,2.2678322792053223,33.39342047175487,9.47280792648398,51.35361873720555,1,306,1788710626.9032292
1788710680.347000,53.428000,r2_medium_r124,-0.32798735331743956,2.103701732121408,4.87145334482193,86.02016175657448,-2.6755542755126953,10.87093448638916,2.2677741050720215,34.28262695816275,9.442170629955555,51.73753479841172,1,295,1788710626.918976
1788710680.399077,53.464000,r2_medium_r124,-0.3276367289945483,2.134592196904123,4.874124586582184,87.05745977559745,-2.633761167526245,10.88582992553711,2.2684552669525146,35.31001646942948,9.417636875156203,51.74744330616798,1,278,1788710626.9350584
1788710680.450661,53.496000,r2_medium_r124,-0.32693211268633604,2.1655270075425506,4.876700937747955,88.09608452050682,-2.5998568534851074,10.90009880065918,2.2731146812438965,36.22232057533831,9.39348671588461,51.87376394516851,1,269,1788710626.9546409
1788710680.502257,53.528000,r2_medium_r124,-0.3263302845880389,2.2058266615495086,4.880042612552643,89.37273087073837,-2.5631046295166016,10.919689178466797,2.2828547954559326,37.10763375263609,9.363756937850441,52.265097118102275,1,253,1788710626.9742327
1788710680.551801,53.560000,r2_medium_r124,-0.32688192557543516,2.24099578615278,4.883400976657867,90.36249689110599,-2.5301616191864014,10.946455955505371,2.2945401668548584,37.946265176312814,9.34567699318764,52.41623171479318,1,233,1788710626.991785
1788710680.600694,53.596000,r2_medium_r124,-0.3274091584607959,2.2681619143113494,4.886076033115387,91.0775689280924,-2.4928839206695557,10.975896835327148,2.305102825164795,38.857934168143906,9.336774127106208,52.2196347599485,1,209,1788710627.0046651
1788710680.651422,53.628000,r2_medium_r124,-0.32948733400553465,2.3164998507127166,4.891325056552887,92.20095554963625,-2.4616034030914307,10.999935150146484,2.307886838912964,39.64110271786164,9.307100545060704,52.5598528317746,1,185,1788710627.023395
1788710680.701385,53.660000,r2_medium_r124,-0.3316142959520221,2.3568083262071013,4.895959436893463,93.02649146756545,-2.426689624786377,11.021337509155273,2.309112548828125,40.38986819340121,9.281981653609547,52.636623274164236,1,178,1788710627.0413659
1788710680.755055,53.692000,r2_medium_r124,-0.33413399290293455,2.39846124406904,4.900935709476471,93.7757398721645,-2.397794485092163,11.0490140914917,2.3068931102752686,41.05024117206917,9.26389854216601,52.72549870009532,1,168,1788710627.0630398
1788710680.802880,53.728000,r2_medium_r124,-0.3377456469461322,2.4521314119920135,4.907577097415924,94.59274019970933,-2.3832714557647705,10.987114906311035,2.314154863357544,41.828926628123234,9.151828121580388,52.763813571586084,1,379,1788710627.0748622
1788710680.851173,53.760000,r2_medium_r124,-0.3407836062833667,2.49593963380903,4.913203299045563,95.14139954683317,-2.355659008026123,11.002732276916504,2.3150174617767334,42.38389975015529,9.120077499800086,52.757499796677884,1,268,1788710627.091151
1788710680.901577,53.792000,r2_medium_r124,-0.3431314332410693,2.5292674517259,4.917444288730621,95.4876919677246,-2.325530529022217,11.022344589233398,2.3147637844085693,42.86119679061142,9.10144006441753,52.62649517711317,1,256,1788710627.1095545
1788710680.954545,53.824000,r2_medium_r124,-0.3471668465062976,2.5856629824265838,4.924681723117828,95.94034329705076,-2.2939836978912354,11.0430908203125,2.3152658939361572,43.262199925059704,9.062407652244952,52.678143371991055,1,252,1788710627.130527
1788710681.002411,53.860000,r2_medium_r124,-0.35005761217325926,2.630832335911691,4.93035751581192,96.18545886934116,-2.2579972743988037,11.069551467895508,2.3140666484832764,43.60513689620789,9.038649912772941,52.58032197313327,1,250,1788710627.1423907
1788710681.052952,53.892000,r2_medium_r124,-0.352880428545177,2.676237246952951,4.936002790927887,96.32803641725391,-2.2280402183532715,11.091962814331055,2.3110995292663574,43.82638199488922,9.012811891735895,52.50165442236469,1,245,1788710627.1609335
1788710681.099314,53.924000,r2_medium_r124,-0.35553530883044004,2.721609733067453,4.94156938791275,96.36993830176009,-2.2016005516052246,11.118563652038574,2.312098503112793,43.95671755475203,8.990601155201817,52.41322074700805,1,244,1788710627.1752925
1788710681.160792,53.956000,r2_medium_r124,-0.35863165091723204,2.7782184099778533,4.948312342166901,96.28493478310384,-2.1731278896331787,11.143577575683594,2.3130862712860107,44.024405237935945,8.95634116233977,52.260529545167884,1,235,1788710627.204774
1788710681.208491,53.992000,r2_medium_r124,-0.36017731856554747,2.811892888508737,4.952229082584381,96.16497994016585,-2.1391818523406982,11.169452667236328,2.311814546585083,44.02917218876231,8.943458587599883,52.13580775140353,1,229,1788710627.2164729
1788710681.256049,54.024000,r2_medium_r124,-0.3620806438848376,2.8566321348771453,4.957265913486481,95.9271255609792,-2.1093809604644775,11.19326400756836,2.311053991317749,43.949041547619885,8.919356866619827,51.97808401335932,1,226,1788710627.2320294
1788710681.309841,54.056000,r2_medium_r124,-0.363765518181026,2.9011768316850066,4.9619932770729065,95.60748322996858,-2.0791213512420654,11.215057373046875,2.3121254444122314,43.811106748069506,8.89296659279803,51.79637648189908,1,225,1788710627.25382
1788710681.355737,54.088000,r2_medium_r124,-0.36538685392588377,2.9563502287492156,4.967614233493805,95.09811306433186,-2.0510199069976807,11.239076614379883,2.310431957244873,43.61046320268961,8.8603348028188,51.48764986164225,1,219,1788710627.2677193
1788710681.407188,54.124000,r2_medium_r124,-0.3659883541986346,2.999805829487741,4.971825659275055,94.6038420245515,-2.0163049697875977,11.2623929977417,2.31089186668396,43.34012885993268,8.835975344761732,51.263713164618814,1,212,1788710627.283169
1788710681.457203,54.156000,r2_medium_r124,-0.3661001129075885,3.0319987749680877,4.97487598657608,94.1814172273667,-1.9869099855422974,11.283228874206543,2.312880516052246,43.0333382970654,8.820206498653997,51.148078930301295,1,206,1788710627.3011832
1788710681.506831,54.188000,r2_medium_r124,-0.36603430937975645,3.085177562199533,4.979957640171051,93.3692731324478,-1.955940842628479,11.304115295410156,2.3146862983703613,42.678335656238005,8.7853521029202,50.690937476209804,1,198,1788710627.3188107
1788710681.556196,54.220000,r2_medium_r124,-0.36539728473871946,3.126981875859201,4.983937323093414,92.60759757148298,-1.9275202751159668,11.32207202911377,2.3206167221069336,42.25747656401665,8.757454395009667,50.35012100746634,1,186,1788710627.3361797
1788710681.617084,54.256000,r2_medium_r124,-0.3640118343755603,3.1783205484971404,4.988986551761627,91.48504705089924,-1.8956021070480347,11.343911170959473,2.3284077644348145,41.686807576865725,8.723606963897625,49.79823947403351,1,176,1788710627.3610592
1788710681.657790,54.288000,r2_medium_r124,-0.36233688425272703,3.218464753590524,4.993276655673981,90.41666921960064,-2.037562608718872,11.44556713104248,2.253380537033081,40.65237185442699,8.831683050128792,49.76429736517364,1,372,1788710627.3697722
1788710681.705114,54.320000,r2_medium_r124,-0.36027399729937315,3.2579006170853972,4.997881472110748,89.16011274521357,-2.018972635269165,11.478538513183594,2.2188878059387207,39.84458174838326,8.834759441376594,49.315530996830304,1,318,1788710627.3850963
1788710681.753005,54.352000,r2_medium_r124,-0.35829863976687193,3.2868365263566375,5.001723825931549,88.07236979859628,-1.9971318244934082,11.50127124786377,2.2050867080688477,38.90733529311871,8.830848836339023,49.16503450547757,1,267,1788710627.4009776
1788710681.800254,54.388000,r2_medium_r124,-0.3541771275922656,3.333818576298654,5.008582651615143,85.94599693711243,-1.9660449028015137,11.526839256286621,2.212149143218994,37.597703383400045,8.80589268355851,48.34829355371239,1,239,1788710627.4122398
1788710681.849981,54.420000,r2_medium_r124,-0.349948744289577,3.3700839495286345,5.013883650302887,83.93844038517283,-1.9366014003753662,11.553648948669434,2.217489004135132,36.17130391104659,8.792498266325795,47.76713647412623,1,216,1788710627.429965
1788710681.897555,54.452000,r2_medium_r124,-0.34526858758181334,3.405309102497995,5.018682539463043,81.63994911859047,-1.912437915802002,11.579078674316406,2.2258646488189697,34.47908602831376,8.778744812716694,47.160863090276706,1,196,1788710627.445537
1788710681.947798,54.484000,r2_medium_r124,-0.3386803073808551,3.447580954991281,5.023306429386139,78.34956428901269,-1.884648084640503,11.606857299804688,2.2349319458007812,32.48821665808664,8.76007072460415,45.861347630926055,1,183,1788710627.463783
1788710682.006780,54.520000,r2_medium_r124,-0.3326508505269885,3.479837796650827,5.025672018527985,75.38967038260695,-1.8403379917144775,11.639104843139648,2.234375,29.87783393137505,8.754318836852113,45.51183645123189,1,164,1788710627.4867573
1788710682.053719,54.552000,r2_medium_r124,-0.32762740086764097,3.5030535673722625,5.0266318917274475,72.98611639950812,-1.9188657999038696,11.832146644592285,2.1868622303009033,27.79983350294617,8.942601571216317,45.186282896561956,1,383,1788710627.501699
1788710682.103911,54.584000,r2_medium_r124,-0.3206441504880786,3.533090732060373,5.026865541934967,69.54419340673357,-1.9131139516830444,11.85134506225586,2.1914427280426025,24.872590027901225,8.931345794619935,44.671603378832344,1,315,1788710627.519891
1788710682.157343,54.616000,r2_medium_r124,-0.311028222553432,3.5687064146623015,5.025715410709381,64.87542740945747,-1.893894076347351,11.858565330505371,2.196885347366333,21.617993251096678,8.901095701258527,43.2574341583608,1,261,1788710627.54132
1788710682.209177,54.652000,r2_medium_r124,-0.3023914499208331,3.59551181551069,5.023707449436188,60.85580862334041,-1.8648470640182495,11.87122917175293,2.195122241973877,17.513355009818806,8.884236578474718,43.3424536135216,1,202,1788710627.55716
1788710682.261731,54.684000,r2_medium_r124,-0.29314891528338194,3.620894811116159,5.020958483219147,56.59634723307699,-1.850890874862671,11.883237838745117,2.1900627613067627,13.465483066514249,8.87168771470145,43.130864166562745,1,175,1788710627.5777113
1788710682.323704,54.716000,r2_medium_r124,-0.2857513530179858,3.638967893086374,5.0185189843177795,53.256256538233046,-1.8081048727035522,11.907944679260254,2.186697006225586,8.967596149568,8.872020798261664,44.28866038866506,1,156,1788710627.6076674
1788710682.373746,54.748000,r2_medium_r124,-0.2731101615354419,3.6675788378342986,5.014497816562653,47.44904057421684,-1.7825614213943481,12.27976131439209,2.1613080501556396,4.964769986913419,9.197218164127044,42.48427058730341,1,410,1788710627.6257248
1788710682.431629,54.784000,r2_medium_r124,-0.2623514933511615,3.6887854551896453,5.011990129947662,42.630357734658176,-2.198302745819092,12.59949016571045,2.0196852684020996,-0.8191300919008372,9.597002348361649,43.449487826559015,1,261,1788710627.647612
1788710682.489129,54.816000,r2_medium_r124,-0.2509878082200885,3.7084485506638885,5.0110278725624084,37.70341425842994,-2.317380905151367,12.81950855255127,2.0510356426239014,-6.648562803877176,9.800150447331594,44.351977062307114,1,200,1788710627.6731112
1788710682.535558,54.848000,r2_medium_r124,-0.23610309790819883,3.7310809111222625,5.012616693973541,31.466732717730615,-2.1373021602630615,13.02038288116455,1.9286115169525146,-11.383992698072674,9.970796201769597,42.85072541580329,1,401,1788710627.6875331
1788710682.595454,54.880000,r2_medium_r124,-0.22015374433249235,3.7514077639207244,5.0170469880104065,25.238330615864847,-2.1186554431915283,13.177901268005371,1.9282174110412598,-17.431574275725396,10.09970081926589,42.66990489159024,1,198,1788710627.7154377
1788710682.640853,54.916000,r2_medium_r124,-0.21317326556891203,3.7587155317887664,5.019515573978424,22.775402185369725,-2.1040966510772705,13.178444862365723,1.9031031131744385,-23.99568183700553,10.100441502085369,46.771084022375256,1,402,1788710627.7248373
1788710682.693997,54.948000,r2_medium_r124,-0.19442739617079496,3.7754703974351287,5.026606619358063,16.74403736891218,-2.08546781539917,13.186934471130371,1.9089795351028442,-29.831637487875607,10.093130758793,46.57567485678779,1,272,1788710627.7459717
1788710682.744071,54.980000,r2_medium_r124,-0.17789588402956724,3.787144801579416,5.033290922641754,12.10494845722601,-2.06093168258667,13.192856788635254,1.9186922311782837,-35.49245000597455,10.085334243888967,47.59739846320056,1,216,1788710627.7640393
1788710682.795377,55.012000,r2_medium_r124,-0.16006098221987486,3.7974478220567107,5.040758192539215,7.682025886239296,-2.036585807800293,13.200641632080078,1.924912452697754,-40.89021666660597,10.08215720589446,48.572242552845275,1,186,1788710627.7833543
1788710682.855616,55.048000,r2_medium_r124,-0.13606351148337126,3.8087228750810027,5.051049768924713,2.5214243301864414,-2.0021817684173584,13.21235466003418,1.9343148469924927,-46.558359868474355,10.080908920798555,49.07978419866079,1,169,1788710627.8075836
1788710682.900324,55.080000,r2_medium_r124,-0.11609561275690794,3.817529342137277,5.060016691684723,-1.275053707953407,-1.7861106395721436,13.160329818725586,1.9382171630859375,-50.13161152771309,9.991121219957598,48.85655781975968,1,382,1788710627.8203042
1788710682.947945,55.112000,r2_medium_r124,-0.10117379855364561,3.824782750569284,5.066951334476471,-3.912662191171463,-1.7516698837280273,13.166979789733887,1.9411146640777588,-54.35216860540684,9.988575360668865,50.43950641423537,1,286,1788710627.835926
1788710682.996046,55.144000,r2_medium_r124,-0.076299081556499,3.8380447840318084,5.078386843204498,-7.886336602696505,-1.6727304458618164,13.126423835754395,1.9736946821212769,-58.37303093278442,9.922786499996274,50.48669433008791,1,250,1788710627.8520255
1788710683.056292,55.180000,r2_medium_r124,-0.055784295313060284,3.848957917653024,5.086715757846832,-10.676774028532913,-1.556227684020996,13.062807083129883,1.993577241897583,-62.44790520555009,9.834320143544478,51.77113117701719,1,208,1788710627.876273
1788710683.099686,55.212000,r2_medium_r124,-0.035016133449971676,3.860527894459665,5.094126760959625,-13.120980916644779,-1.5430742502212524,13.15282917022705,2.0179378986358643,-63.65355575512468,9.903738698081279,50.5325748384799,1,398,1788710627.887651
1788710683.150278,55.244000,r2_medium_r124,-0.013889255933463573,3.872766158543527,5.100474417209625,-15.231513861383998,-1.5198397636413574,13.1802339553833,2.022831916809082,-66.20302916676903,9.918100981596567,50.971515305385026,1,293,1788710627.9062576
1788710683.202747,55.276000,r2_medium_r124,0.013150735525414348,3.88922633882612,5.1068626046180725,-17.415915219842695,-1.4906214475631714,13.164488792419434,2.0293397903442383,-68.47517939936739,9.88751591827011,51.059264179524696,1,265,1788710627.9267285
1788710683.256031,55.312000,r2_medium_r124,0.03004735056310892,3.8994020437821746,5.109853804111481,-18.48554127549108,-1.4780347347259521,13.128405570983887,2.0372345447540283,-70.47507110983996,9.843261999664836,51.98952983434887,1,242,1788710627.9440157
1788710683.299318,55.344000,r2_medium_r124,0.05338411871343851,3.9132265066727996,5.112868845462799,-19.63708328895858,-1.4722784757614136,13.08763313293457,2.043954610824585,-71.86380169351338,9.793651917223762,52.22671840455481,1,230,1788710627.9552999
1788710683.351019,55.376000,r2_medium_r124,0.07707114983350039,3.928180835209787,5.115046560764313,-20.477760801498388,-1.457332968711853,13.003844261169434,2.055718183517456,-72.94723466647005,9.699564564460532,52.46947386497166,1,221,1788710627.9749982
1788710683.403739,55.408000,r2_medium_r124,0.10786738712340593,3.947609088383615,5.116656839847565,-21.105982976432745,-1.443349838256836,12.885185241699219,2.064978837966919,-73.68968223221124,9.570751329116975,52.5836992557785,1,216,1788710627.9957185
1788710683.455833,55.444000,r2_medium_r124,0.13382697571069002,3.9630831694230437,5.117084562778473,-21.27731853972502,-1.4234750270843506,12.83791446685791,2.0685553550720215,-74.17803598477819,9.512168544347718,52.90071744505317,1,211,1788710628.01181
1788710683.505424,55.476000,r2_medium_r124,0.15402006078511477,3.974657199345529,5.116986334323883,-21.219180718825168,-1.4031093120574951,12.802176475524902,2.074625253677368,-74.2935305562837,9.466029230892975,53.07434983745852,1,204,1788710628.0294077
1788710683.559170,55.508000,r2_medium_r124,0.18855068553239107,3.994300744496286,5.116282045841217,-20.77115495241291,-1.3760325908660889,12.785481452941895,2.082362651824951,-74.13781954504076,9.4306651921654,53.36666459262785,1,199,1788710628.051154
1788710683.609098,55.540000,r2_medium_r124,0.21732889581471682,4.009599826298654,5.11522251367569,-20.106605115959525,-1.348755121231079,12.772581100463867,2.0905938148498535,-73.69601003069944,9.401640214642196,53.58940491473992,1,191,1788710628.06908
1788710683.667269,55.576000,r2_medium_r124,0.24704082775861025,4.024384162388742,5.113918840885162,-19.18880027873669,-1.2917169332504272,12.754980087280273,2.1092586517333984,-72.96332813170898,9.36050551535929,53.774527852972284,1,184,1788710628.0912437
1788710683.714983,55.608000,r2_medium_r124,0.28543995786458254,4.041899344883859,5.1124988198280334,-17.72044692197447,-1.4618035554885864,12.95146369934082,2.0399718284606934,-71.44282570845132,9.585072717191332,53.72237878647685,1,397,1788710628.1069658
1788710683.763796,55.640000,r2_medium_r124,0.317111779935658,4.055038115940988,5.112043917179108,-16.316266615760043,-1.4579545259475708,12.962701797485352,2.038484573364258,-70.11498558960965,9.588748598943345,53.7987189738496,1,327,1788710628.123774
1788710683.815511,55.672000,r2_medium_r124,0.341521848924458,4.064193389378488,5.112464964389801,-15.147756106420355,-1.4439009428024292,12.947525978088379,2.048422336578369,-68.59369018641524,9.565024289143158,53.445934079994885,1,244,1788710628.143496
1788710683.862135,55.708000,r2_medium_r124,0.3834288315847516,4.078153274022043,5.115172445774078,-13.01418494430732,-1.4226499795913696,12.92561149597168,2.061393976211548,-66.6647053104667,9.532313496863564,53.65052036615938,1,221,1788710628.154119
1788710683.917705,55.740000,r2_medium_r124,0.41795592475682497,4.08807625528425,5.1191611886024475,-11.172269186667052,-1.3912203311920166,12.893898963928223,2.077554941177368,-64.79218624113645,9.490363579206763,53.61991705446939,1,212,1788710628.1776836
1788710683.976912,55.772000,r2_medium_r124,0.45341913867741823,4.096800944767892,5.124376356601715,-9.246724821019523,-1.339629054069519,12.87436294555664,2.0974881649017334,-62.87386194224002,9.456355990774481,53.62713712122049,1,189,1788710628.2048917
1788710684.021014,55.804000,r2_medium_r124,0.4991316990926862,4.1058579897508025,5.132021009922028,-6.773478137436326,-1.4495644569396973,12.965658187866211,2.0120606422424316,-60.51578691009674,9.593103197347176,53.74230877266042,1,380,1788710628.2169948
1788710684.073785,55.840000,r2_medium_r124,0.5361102418974042,4.11182417627424,5.138886988162994,-4.779397327755515,-1.451092004776001,12.958988189697266,2.008105516433716,-57.97809609093315,9.59286591552882,53.19869876317764,1,299,1788710628.2337673
1788710684.122865,55.872000,r2_medium_r124,0.5641305642202497,4.115474841557443,5.144262850284576,-3.2894095521704294,-1.4240244626998901,12.943077087402344,2.03607439994812,-55.73709707099354,9.567662058450784,52.44768751882311,1,241,1788710628.2508407
1788710684.172769,55.904000,r2_medium_r124,0.6014129118993878,4.119760177098215,5.151457846164703,-1.3278040011417467,-1.3981820344924927,12.920998573303223,2.0577714443206787,-53.47704307983207,9.541020532910716,52.14923907869033,1,195,1788710628.268752
1788710684.229295,55.936000,r2_medium_r124,0.6485445098951459,4.123543403111398,5.160278856754303,1.059790992722732,-1.3722875118255615,12.892569541931152,2.0781612396240234,-51.21022664285994,9.51204659834784,52.270017635582676,1,175,1788710628.29327
1788710684.283228,55.972000,r2_medium_r124,0.686489243991673,4.125398299656808,5.167086660861969,2.9111002355809545,-1.3286106586456299,12.85969352722168,2.100492238998413,-48.71935629355309,9.473781826075372,51.630456529134044,1,166,1788710628.3112047
1788710684.331701,56.004000,r2_medium_r124,0.7244526343420148,4.126259467564523,5.173561155796051,4.705852728232174,-1.390358805656433,12.954962730407715,2.001497268676758,-46.492978556634256,9.616673959017882,51.19883128486643,1,373,1788710628.3276615
1788710684.381742,56.036000,r2_medium_r124,0.7530625658109784,4.126187941990793,5.178138792514801,6.018292363057848,-1.4005690813064575,12.944228172302246,1.9758622646331787,-44.286931975585475,9.625514933544002,50.30522433864332,1,222,1788710628.3457246
1788710684.433817,56.068000,r2_medium_r124,0.8004649477079511,4.125036380253732,5.185347616672516,8.15129045151856,-1.3812954425811768,12.897235870361328,1.9719058275222778,-42.09216181520607,9.593631764203565,50.243452266724624,1,197,1788710628.365799
1788710684.492605,56.104000,r2_medium_r124,0.8385271625593305,4.123078963719308,5.19071489572525,9.82674010159737,-1.333730697631836,12.862771034240723,1.9839693307876587,-39.74796677631187,9.559505155443146,49.57470687790924,1,167,1788710628.388587
1788710684.538928,56.136000,r2_medium_r124,0.8768559293821454,4.120322844944894,5.195718348026276,11.499285554234321,-1.387749195098877,12.928773880004883,1.9425759315490723,-37.649844297164115,9.659201912619812,49.149129851398435,1,356,1788710628.40291
1788710684.592285,56.168000,r2_medium_r124,0.9240819411352277,4.1164576029405,5.201565325260162,13.626319280309989,-1.3878499269485474,12.928023338317871,1.935465693473816,-35.519647361119624,9.677609543492276,49.14596664142962,1,192,1788710628.4242635
1788710684.643022,56.200000,r2_medium_r124,0.9617884354665875,4.112845561467111,5.205914556980133,15.389558647847933,-1.3794422149658203,12.923208236694336,1.9351472854614258,-33.39179629802427,9.68513138640871,48.7813549458722,1,169,1788710628.4430053
1788710684.698509,56.236000,r2_medium_r124,0.9902683096006513,4.109808585606515,5.208985388278961,16.764030082923423,-1.3578977584838867,12.957402229309082,1.9387537240982056,-31.062637191057544,9.720504735084496,47.826667273980966,1,154,1788710628.462488
1788710684.744324,56.268000,r2_medium_r124,1.0370845394209027,4.104589126072824,5.213847219944,19.177631421069677,-1.9084053039550781,13.351441383361816,1.7656855583190918,-29.31338977978266,10.299029368356099,48.49102120085234,1,366,1788710628.4763038
1788710684.797533,56.300000,r2_medium_r124,1.0743007259443402,4.100286147557199,5.217501699924469,21.23691996060835,-1.9156888723373413,13.360456466674805,1.781050205230713,-26.97119581674052,10.31988328481879,48.208115777348866,1,234,1788710628.4975138
1788710684.856582,56.332000,r2_medium_r124,1.1111399726942182,4.096068046055734,5.220945417881012,23.421982507676272,-1.911281704902649,13.416912078857422,1.8231109380722046,-24.72199766404018,10.371038782744952,48.14398017171646,1,214,1788710628.5245616
1788710684.904170,56.368000,r2_medium_r124,1.1564361648634076,4.091236255131662,5.2249680161476135,26.337666342951195,-2.028244733810425,13.535625457763672,1.7330585718154907,-22.500239021514954,10.560876450588083,48.837905364466145,1,376,1788710628.536149
1788710684.956637,56.400000,r2_medium_r124,1.1920709209516644,4.087786338292062,5.2279186844825745,28.814656103379907,-2.062852382659912,13.566399574279785,1.7218785285949707,-19.94453145635705,10.617483325371024,48.75918755973696,1,258,1788710628.5566213
1788710685.007336,56.432000,r2_medium_r124,1.218595583923161,4.085550925694406,5.229946672916412,30.753045119801182,-2.056872844696045,13.559553146362305,1.7307379245758057,-17.041066301423818,10.617432522439918,47.794111421225004,1,197,1788710628.575314
1788710685.057435,56.464000,r2_medium_r124,1.2631619768217206,4.082185885868967,5.232899248600006,34.1195356662841,-2.0276780128479004,13.536751747131348,1.7520540952682495,-13.990690045675295,10.598807784087322,48.1102257119594,1,173,1788710628.5934167
1788710685.108775,56.500000,r2_medium_r124,1.2986392574384809,4.079949996434152,5.234968721866608,36.91541271636483,-1.9932966232299805,13.501130104064941,1.7824102640151978,-10.455386741582183,10.56009641848652,47.37079945794701,1,165,1788710628.6087568
1788710685.167746,56.532000,r2_medium_r124,1.3326872186735272,4.07834782358259,5.23698765039444,39.78089502631413,-1.9743396043777466,13.47990608215332,1.8024921417236328,-7.324214983670119,10.54141752786408,47.10511000998425,1,154,1788710628.6357248
1788710685.209747,56.564000,r2_medium_r124,1.3652709322050214,4.077431819401681,5.238862574100494,42.6893601687396,-2.4100341796875,13.882959365844727,1.5712387561798096,-5.761603876742872,11.128915653454934,48.45096404548247,1,409,1788710628.6457286
1788710685.269441,56.596000,r2_medium_r124,1.4038867549970746,4.077407500706613,5.240996420383453,46.355508766488434,-2.5643088817596436,14.028679847717285,1.51138174533844,-3.1933365560433886,11.343915706680187,49.548845322531825,1,258,1788710628.673418
1788710685.321976,56.632000,r2_medium_r124,1.4261484937742352,4.077890536747873,5.242107927799225,48.54648889103988,-2.5445480346679688,14.014389038085938,1.5210020542144775,0.1963806113923,11.329036248088514,48.35010827964758,1,222,1788710628.6899562
1788710685.387209,56.664000,r2_medium_r124,1.4613458709791303,4.079901359044015,5.243681013584137,52.155950572575996,-2.5073509216308594,14.006422996520996,1.5219675302505493,3.0566748700023223,11.319785214525872,49.09927570257367,1,175,1788710628.7231936
1788710685.434161,56.696000,r2_medium_r124,1.4819416599348187,4.081719062291086,5.2444263100624084,54.27381648995479,-2.867567539215088,14.295613288879395,1.4146829843521118,4.418232743439035,11.743457731275155,49.855583746515755,1,396,1788710628.738138
1788710685.487976,56.728000,r2_medium_r124,1.514824707992375,4.085852763615549,5.24555641412735,57.694305073841846,-2.8863837718963623,14.310864448547363,1.4075039625167847,6.838098325133601,11.775064613909791,50.85620674870824,1,272,1788710628.7599576
1788710685.539917,56.764000,r2_medium_r124,1.5416259365156293,4.0898996805772185,5.246099054813385,60.29659810108889,-2.862783908843994,14.298158645629883,1.423118233680725,9.542403570862257,11.756809071437157,50.754194530226634,1,231,1788710628.775898
1788710685.593764,56.796000,r2_medium_r124,1.5620201425626874,4.093410632573068,5.246357023715973,62.15819231684303,-2.828763484954834,14.286630630493164,1.4376531839370728,11.76005518636285,11.734007828905716,50.39813713048018,1,192,1788710628.7977414
1788710685.645421,56.828000,r2_medium_r124,1.5958110885694623,4.1002332186326385,5.246672213077545,65.05686665080846,-2.8061583042144775,14.272486686706543,1.45023512840271,13.799031551985665,11.716015094375841,51.257835098822795,1,179,1788710628.817403
1788710685.703950,56.860000,r2_medium_r124,1.6216396884992719,4.1066161608323455,5.247162401676178,67.16663208769481,-2.7721993923187256,14.267878532409668,1.4686907529830933,15.603000149238843,11.697603295211126,51.56363193845597,1,168,1788710628.8439298
1788710685.756046,56.896000,r2_medium_r124,1.647250254638493,4.113758227787912,5.247763693332672,69.0747691590243,-3.3468925952911377,14.743345260620117,1.1903645992279053,15.986469116483812,12.425460583129304,53.088300042540496,1,411,1788710628.8600273
1788710685.805350,56.928000,r2_medium_r124,1.6766908960416913,4.123705527745187,5.249326288700104,71.14572960873711,-3.4915709495544434,14.884870529174805,1.0983762741088867,17.04205185663825,12.63898685481844,54.10367775209887,1,240,1788710628.8773303
1788710685.856422,56.960000,r2_medium_r124,1.6985032157972455,4.132638595066965,5.251066267490387,72.54224448884877,-3.4803526401519775,14.89132022857666,1.085884690284729,18.260460669972073,12.645889294114978,54.2817838188767,1,197,1788710628.896397
1788710685.906091,56.992000,r2_medium_r124,1.7140993671491742,4.13992419000715,5.252624094486237,73.4319160788188,-3.4593400955200195,14.895305633544922,1.0746866464614868,19.2815700821676,12.645072842396248,54.15034599665119,1,180,1788710628.9140685
1788710685.962712,57.028000,r2_medium_r124,1.7389363842085004,4.153268477879465,5.255500853061676,74.6145571523803,-3.4343743324279785,14.896374702453613,1.0739986896514893,20.20446374956805,12.63576018551926,54.41009340281226,1,175,1788710628.9346848
1788710686.009443,57.060000,r2_medium_r124,1.7583304243162274,4.165061137638986,5.257940828800201,75.28522135984562,-3.4016661643981934,14.899527549743652,1.0764151811599731,20.812086249555346,12.622974716366214,54.47313511029028,1,175,1788710628.9494188
1788710686.065023,57.092000,r2_medium_r124,1.7787516908720136,4.177916190586984,5.260070383548737,75.72108789329228,-3.367445468902588,14.898101806640625,1.0830520391464233,21.240222587545663,12.603698151708846,54.48086530574661,1,173,1788710628.9730048
1788710686.114433,57.124000,r2_medium_r124,1.805533011443913,4.1955114817246795,5.262148439884186,75.9373798823947,-3.3155999183654785,14.899142265319824,1.0797765254974365,21.46981646781179,12.581174399337877,54.467563414582905,1,169,1788710628.990406
1788710686.163347,57.160000,r2_medium_r124,1.8268018560484052,4.2105027651414275,5.263649046421051,75.86326203443069,-3.563412666320801,15.188433647155762,0.8822277784347534,22.304179999632876,12.99100578765965,53.55908203479782,1,381,1788710629.003326
1788710686.216649,57.192000,r2_medium_r124,1.8419743375852704,4.222180507145822,5.26483017206192,75.66391497387599,-4.075766563415527,15.629022598266602,0.6646925210952759,21.56719787836501,13.649064813055263,54.096717095510975,1,211,1788710629.0246322
1788710686.265998,57.224000,r2_medium_r124,1.860644300468266,4.238519332371652,5.266424715518951,75.2246964893958,-4.105216979980469,15.68446159362793,0.6310309767723083,21.198504445592807,13.714516767964573,54.026192043803,1,191,1788710629.0419827
1788710686.316086,57.256000,r2_medium_r124,1.882248123176396,4.260082385502756,5.268334925174713,74.40639455642264,-4.049284934997559,15.684208869934082,0.6185824275016785,20.743292998679145,13.686268616467833,53.6631015577435,1,177,1788710629.0600681
1788710686.370075,57.292000,r2_medium_r124,1.8991182642057538,4.278329989872873,5.269471704959869,73.56547653617906,-3.9712493419647217,15.66816520690918,0.6092668771743774,20.092778441631335,13.634774334022964,53.47269809454773,1,175,1788710629.078056
1788710686.422501,57.324000,r2_medium_r124,1.9156937198713422,4.2974707102403045,5.2701268792152405,72.56879612608205,-3.8872323036193848,15.65054988861084,0.6085053086280823,19.374714214701505,13.575605803492527,53.19408191138054,1,174,1788710629.0984828
1788710686.476392,57.356000,r2_medium_r124,1.929137428291142,4.31245198007673,5.270015776157379,71.73557825753076,-3.803337812423706,15.625786781311035,0.6068471074104309,18.552669600840268,13.51288121547034,53.18290865669049,1,171,1788710629.120377
1788710686.528859,57.388000,r2_medium_r124,1.9530940847471356,4.338629863224924,5.268702566623688,70.2062121608136,-3.730743646621704,15.613993644714355,0.6164276003837585,17.5955868966721,13.456727021194956,52.61062526414151,1,164,1788710629.1408403
1788710686.581913,57.424000,r2_medium_r124,1.9736383752897382,4.360608241520822,5.266688883304596,68.8781352246447,-3.592499256134033,15.58013916015625,0.6501285433769226,16.408613268119726,13.348123146658533,52.46952195652497,1,157,1788710629.1578898
1788710686.631649,57.456000,r2_medium_r124,1.9952486352995038,4.383482596836984,5.263802587985992,67.48032473389924,-3.636493682861328,15.623013496398926,0.6221138834953308,15.815498551217825,13.40107646458923,51.664826182681416,1,379,1788710629.1756291
1788710686.681105,57.488000,r2_medium_r124,2.0232795076444745,4.413410804234445,5.259118616580963,65.66861031319438,-3.6832082271575928,15.777260780334473,0.5742880702018738,14.451535304930937,13.551705641543489,51.21707500826344,1,194,1788710629.1930842
1788710686.729596,57.520000,r2_medium_r124,2.0467027025297284,4.438307425938547,5.254546701908112,64.19112452583741,-3.6722593307495117,15.887909889221191,0.5599157214164734,13.018681934094658,13.63229560082561,51.17244259174275,1,166,1788710629.2095728
1788710686.779907,57.556000,r2_medium_r124,2.064777453429997,4.457537314854562,5.2507176995277405,63.08154071597333,-3.553504467010498,16.179832458496094,0.7059566974639893,12.541608129669402,13.770698883428897,50.539932586303934,1,384,1788710629.2238936
1788710686.834782,57.588000,r2_medium_r124,2.0955878095701337,4.490688464604318,5.243742525577545,61.25723340094637,-3.8125267028808594,17.065393447875977,0.7061764001846313,10.668436699404287,14.615694607197579,50.58879670154208,1,172,1788710629.2467554
1788710686.884544,57.620000,r2_medium_r124,2.1208465890958905,4.518170974217355,5.237669050693512,59.843309977245184,-3.835355043411255,17.10109519958496,0.6915485262870789,9.89763288475003,14.64491487755573,49.94567709249515,1,389,1788710629.2645285
1788710686.937481,57.652000,r2_medium_r124,2.1464908914640546,4.5465527987107635,5.231333315372467,58.495219233452374,-3.795922040939331,17.089649200439453,0.7023486495018005,8.703808479095144,14.59976852234123,49.79141075435723,1,218,1788710629.2854629
1788710686.990272,57.688000,r2_medium_r124,2.1788671808317304,4.5832773661240935,5.2232237458229065,56.929410517004044,-3.7398531436920166,17.066173553466797,0.7253686785697937,7.400476514952036,14.52875244850431,49.52893400205201,1,192,1788710629.3022578
1788710687.042736,57.720000,r2_medium_r124,2.205031950958073,4.613618991337717,5.216694891452789,55.798149520943475,-3.688406229019165,17.07447052001953,0.7327558994293213,6.277220903831755,14.495211046592381,49.52092861711172,1,160,1788710629.3227065
1788710687.090672,57.752000,r2_medium_r124,2.224588950164616,4.637000224553049,5.211850225925446,55.02982264052688,-3.661372184753418,17.084365844726562,0.7085074782371521,5.508789750467679,14.48659881639579,49.521032890059196,1,414,1788710629.338655
1788710687.144407,57.784000,r2_medium_r124,2.2571354703977704,4.677089831791818,5.203904211521149,53.92080794937362,-3.629756450653076,17.0795841217041,0.7208201289176941,4.714707688718538,14.442139868909072,49.20610026065508,1,348,1788710629.3603928
1788710687.197109,57.820000,r2_medium_r124,2.2830916242673993,4.710055491887033,5.197772562503815,53.19980537797836,-3.5830612182617188,17.07771873474121,0.7344920039176941,3.9292717665535317,14.39762885357209,49.270533611424824,1,310,1788710629.3770943
1788710687.249206,57.852000,r2_medium_r124,2.3089004354551435,4.743727824650705,5.191939413547516,52.63728767687766,-3.5384318828582764,17.079626083374023,0.7450025081634521,3.381681813764333,14.357608746961745,49.25560586311333,1,289,1788710629.3971848
1788710687.297964,57.884000,r2_medium_r124,2.3344927625730634,4.7780076479539275,5.186382830142975,52.23535895286011,-3.4978344440460205,17.08026123046875,0.7576889991760254,3.0045096440723693,14.316941464642952,49.23084930878774,1,276,1788710629.4139504
1788710687.350947,57.916000,r2_medium_r124,2.366040070541203,4.82171072717756,5.179756700992584,51.95993841789355,-3.4567103385925293,17.080730438232422,0.7708536982536316,2.795527764174535,14.269772678310584,49.16441065371901,1,266,1788710629.4349337
1788710687.407207,57.952000,r2_medium_r124,2.384829600341618,4.848278186284006,5.175932943820953,51.912318310736666,-3.411339521408081,17.0839786529541,0.7846899032592773,2.747251907552051,14.23344504465721,49.16506640318461,1,256,1788710629.455194
1788710687.460771,57.984000,r2_medium_r124,2.409482796676457,4.884216449223459,5.17095285654068,51.98175665021631,-3.3682265281677246,17.090410232543945,0.7971252799034119,2.8616113852272753,14.195191417818773,49.12014526498903,1,250,1788710629.4767568
1788710687.510161,58.016000,r2_medium_r124,2.433593829162419,4.920709273777902,5.166142523288727,52.1958375249805,-3.3266499042510986,17.098552703857422,0.8157351613044739,3.1082852360935442,14.156494011268023,49.087552288886954,1,238,1788710629.494144
1788710687.561899,58.048000,r2_medium_r124,2.4631410436704755,4.966883799992502,5.160326063632965,52.650721609821154,-3.284743309020996,17.105300903320312,0.8349881172180176,3.496890827598328,14.109850908389276,49.153830782222826,1,211,1788710629.5138829
1788710687.613217,58.084000,r2_medium_r124,2.4863222436979413,5.0041734194383025,5.155783712863922,53.14932675631122,-3.2357702255249023,17.11187171936035,0.8509898781776428,4.082729097697289,14.066625405811624,49.06659765861393,1,197,1788710629.5291991
1788710687.668053,58.116000,r2_medium_r124,2.5034638242796063,5.0323192095384,5.152419149875641,53.594819602497815,-3.19197154045105,17.11905860900879,0.8625501394271851,4.71663472136508,14.033183153915596,48.87818488113273,1,188,1788710629.5520396
1788710687.721241,58.148000,r2_medium_r124,2.5315266447141767,5.079544208012521,5.146864473819733,54.44939396604377,-3.1502468585968018,17.127958297729492,0.8738218545913696,5.457978550573025,13.989486246676792,48.99141541547075,1,182,1788710629.5732234
1788710687.775807,58.180000,r2_medium_r124,2.5536044435575604,5.117475173436105,5.142420828342438,55.21908419487757,-3.104217052459717,17.146717071533203,0.8821772336959839,6.24763499330024,13.959343831622459,48.97144920157732,1,173,1788710629.5957708
1788710687.824929,58.216000,r2_medium_r124,2.5753682451322675,5.155454299412668,5.137932360172272,56.04531828474769,-3.288930654525757,17.237319946289062,0.7934856414794922,6.962629661885857,14.11508754437119,49.082688622861816,1,374,1788710629.6089118
1788710687.875486,58.248000,r2_medium_r124,2.6020639734342694,5.202901027165353,5.132273733615875,57.13422392909397,-3.355949878692627,17.292692184448242,0.7656436562538147,7.725672812863917,14.167866371524491,49.40855111623005,1,242,1788710629.6274676
1788710687.924541,58.280000,r2_medium_r124,2.6229995088651776,5.240822932682931,5.12768942117691,58.028544225554604,-3.3278656005859375,17.306432723999023,0.772284746170044,8.687796809260343,14.140766778016568,49.34074741629426,1,187,1788710629.644528
1788710687.976200,58.312000,r2_medium_r124,2.6385322408750653,5.26913037057966,5.124177038669586,58.70319761911396,-3.2781822681427,17.31534194946289,0.7831386923789978,9.694218103743042,14.105436466426946,49.008979515370925,1,164,1788710629.664185
1788710688.027657,58.348000,r2_medium_r124,2.6640337305143476,5.316087863408029,5.118293821811676,59.8121921409252,-3.2104849815368652,17.331274032592773,0.7946126461029053,10.792677380237416,14.055920022808419,49.019514760687784,1,157,1788710629.6796317
1788710688.077667,58.380000,r2_medium_r124,2.684174378402531,5.353352210484445,5.113625586032867,60.6734489713378,-3.205582857131958,17.337724685668945,0.8198709487915039,11.504376910081469,14.026786973584594,49.16907206125633,1,378,1788710629.697651
1788710688.127895,58.412000,r2_medium_r124,2.704031546600163,5.390372893773019,5.109029829502106,61.493766566771804,-3.173020362854004,17.344379425048828,0.831320583820343,12.43825056634619,13.990597116877993,49.055516000425605,1,318,1788710629.715879
1788710688.181960,58.444000,r2_medium_r124,2.72841985989362,5.4362389063462615,5.103520452976227,62.446665488764744,-3.139533281326294,17.348772048950195,0.8411086201667786,13.358824327537844,13.946665356767681,49.087841161226905,1,298,1788710629.7379405
1788710688.235146,58.480000,r2_medium_r124,2.747735579498112,5.472410819493234,5.09935861825943,63.13863461961051,-3.0944530963897705,17.355037689208984,0.8501456379890442,14.319282707352192,13.906250422067828,48.81935191225832,1,285,1788710629.7551284
1788710688.281469,58.512000,r2_medium_r124,2.762132723815739,5.499178550206125,5.096356928348541,63.6132087413493,-3.0540194511413574,17.366565704345703,0.8582416772842407,15.083546807391507,13.878909354477356,48.52966193395779,1,276,1788710629.7694502
1788710688.330485,58.544000,r2_medium_r124,2.7810052232816815,5.534606597386301,5.0925522446632385,64.17703447108956,-3.012209177017212,17.39023208618164,0.8703668713569641,15.743022120270751,13.854386963881355,48.434012350818804,1,257,1788710629.7864683
1788710688.382885,58.576000,r2_medium_r124,2.8044312791898847,5.578028819523752,5.0881481766700745,64.76527042823699,-2.9632863998413086,17.407045364379883,0.8794910907745361,16.3637964532947,13.816837341090318,48.401473974942284,1,235,1788710629.8068655
1788710688.434038,58.612000,r2_medium_r124,2.823115666396916,5.611988208256662,5.084862291812897,65.14011686803448,-2.916104555130005,17.423694610595703,0.8903692364692688,16.953830497556638,13.785819847856947,48.18628637047785,1,220,1788710629.8220248
1788710688.482384,58.644000,r2_medium_r124,2.8417373495176435,5.645204207859933,5.081824362277985,65.42737335748703,-2.872253179550171,17.436683654785156,0.8975871205329895,17.389034984327402,13.754872467919956,48.038338373159625,1,207,1788710629.838365
1788710688.531767,58.676000,r2_medium_r124,2.855687935836613,5.669605395756662,5.079696714878082,65.58572406419226,-2.8356616497039795,17.453136444091797,0.9068679213523865,17.720618730342277,13.735194363822751,47.86510533384998,1,197,1788710629.8557463
1788710688.580502,58.708000,r2_medium_r124,2.878758986480534,5.709394118748605,5.076424658298492,65.73742426487762,-2.7939133644104004,17.467510223388672,0.9132412672042847,17.98278105535675,13.702722425804343,47.75464320952087,1,188,1788710629.8724854
1788710688.633068,58.744000,r2_medium_r124,2.8970757322385907,5.740364692173898,5.074020445346832,65.7592727998262,-2.75126576423645,17.48271942138672,0.9195230603218079,18.183795935654466,13.67649460825574,47.57547686417175,1,182,1788710629.8890467
1788710688.683833,58.776000,r2_medium_r124,2.915258248336613,5.77055277582258,5.0717955231666565,65.69424312104164,-2.7122111320495605,17.495594024658203,0.9266464114189148,18.259520550824025,13.650174543671735,47.43472257021761,1,176,1788710629.907816
1788710688.734712,58.808000,r2_medium_r124,2.9376304941251874,5.8073960756883025,5.069240629673004,65.49788914691531,-2.6692798137664795,17.50548553466797,0.9367445707321167,18.276768670166707,13.614707630654246,47.22112047674861,1,169,1788710629.9266956
1788710688.787831,58.840000,r2_medium_r124,2.9553538160398602,5.8359629129990935,5.06738954782486,65.25500658585979,-2.6267597675323486,17.52083969116211,0.9435246586799622,18.18649469233493,13.590533433411535,47.06851189352486,1,163,1788710629.9478092
1788710688.838469,58.876000,r2_medium_r124,2.968518336303532,5.856875560246408,5.066135942935944,65.02569456126787,-3.634099245071411,18.37200164794922,0.4633888006210327,17.919292191365294,14.879792376678818,47.10640236990259,1,398,1788710629.9624555
1788710688.891032,58.908000,r2_medium_r124,2.990094025619328,5.890921256504953,5.064174711704254,64.56988970277843,-3.7641258239746094,18.52362632751465,0.4152522087097168,17.493876912882723,15.060451640857648,47.0760127898957,1,235,1788710629.9830184
1788710688.942284,58.940000,r2_medium_r124,3.007012684829533,5.917398593388498,5.062722265720367,64.15409757342087,-3.8042497634887695,18.553895950317383,0.4266986548900604,17.145913747755273,15.085326529834143,47.00818382566559,1,215,1788710630.0022695
1788710688.992569,58.972000,r2_medium_r124,3.023578722961247,5.943211219273508,5.061305582523346,63.71222120229182,-3.8216185569763184,18.56443977355957,0.4657765328884125,16.735731354081107,15.075510713300199,46.97648984821072,1,175,1788710630.0205529
1788710689.047385,59.008000,r2_medium_r124,3.04368766117841,5.974607608281076,5.059694349765778,63.156587430892664,-4.054165363311768,18.719356536865234,0.3201632499694824,16.50012402574599,15.33855592472276,46.656463405146674,1,393,1788710630.0393677
1788710689.095293,59.040000,r2_medium_r124,3.0592952566221356,5.998948714695871,5.0584850907325745,62.742420859608366,-4.198273658752441,18.82712173461914,0.2565903067588806,16.0180033676304,15.501371652432967,46.724417491977974,1,236,1788710630.0552797
1788710689.148455,59.072000,r2_medium_r124,3.070629437454045,6.016890189610422,5.057629644870758,62.47032540367033,-4.191643238067627,18.833526611328125,0.2615453600883484,15.5974570789944,15.492230247671452,46.872868324675935,1,216,1788710630.0764372
1788710689.200748,59.104000,r2_medium_r124,3.0888338880613446,6.0461679911240935,5.056436598300934,62.13272738828543,-4.15448522567749,18.829002380371094,0.27528461813926697,15.236358993390908,15.450758591854768,46.89636839489452,1,195,1788710630.0967336
1788710689.250144,59.140000,r2_medium_r124,3.1027913885191083,6.069059512577951,5.055743753910065,62.00413133092262,-4.125202178955078,18.829280853271484,0.28547003865242004,14.94204871824973,15.421499635036046,47.06208261267288,1,187,1788710630.1101265
1788710689.299035,59.172000,r2_medium_r124,3.1161683397367597,6.091537616215646,5.05538135766983,62.031204827999474,-4.097020626068115,18.831340789794922,0.2970375418663025,14.829828766974792,15.393976608639674,47.201376061024675,1,182,1788710630.1270192
1788710689.351195,59.204000,r2_medium_r124,3.1289292173460126,6.113614699803293,5.055470049381256,62.24223343661682,-4.056243419647217,18.84188461303711,0.3076523542404175,14.837080947408468,15.368062131375638,47.405152489208355,1,173,1788710630.1471546
1788710689.401109,59.236000,r2_medium_r124,3.143920977599919,6.140779159031808,5.056362688541412,62.800684881065166,-4.033480644226074,18.951860427856445,0.37565678358078003,15.369377474813922,15.412589175286325,47.43130740625125,1,387,1788710630.1650884
1788710689.451432,59.272000,r2_medium_r124,3.152411778457463,6.156767508946359,5.057387888431549,63.308945660501934,-4.044948577880859,19.095233917236328,0.3588522970676422,15.816990716222664,15.53325934248031,47.49195494427927,1,199,1788710630.1794057
1788710689.500830,59.304000,r2_medium_r124,3.162997086532414,6.177903792820871,5.0591846108436584,64.19740925240856,-4.052501678466797,19.07793617248535,0.37561604380607605,16.54244379589885,15.505162764261446,47.65496545650971,1,366,1788710630.196816
1788710689.554101,59.336000,r2_medium_r124,3.17268951702863,6.198927543126047,5.061247885227203,65.33310843016385,-4.033270359039307,19.070528030395508,0.3855524957180023,17.488571994490638,15.47469173246608,47.844536435673206,1,330,1788710630.2180846
1788710689.607564,59.368000,r2_medium_r124,3.1835840540006757,6.224988124333322,5.064065039157867,67.09893131718744,-4.00701904296875,19.07188606262207,0.3966933786869049,18.66206414410154,15.444478552282737,48.4368671730859,1,307,1788710630.2395518
1788710689.657827,59.404000,r2_medium_r124,3.191303570754826,6.245723864994943,5.066411554813385,68.78365065757303,-3.968886137008667,19.079559326171875,0.40932121872901917,20.218643803463305,15.41635948251646,48.56500685410973,1,286,1788710630.2538104
1788710689.708729,59.436000,r2_medium_r124,3.1965108709409833,6.261230132542551,5.068247854709625,70.19678212743385,-3.9418745040893555,19.08740234375,0.4227350950241089,21.789195006450143,15.39636412125922,48.4075871209837,1,262,1788710630.2727146
1788710689.757114,59.468000,r2_medium_r124,3.2040286855772138,6.2870618319138885,5.07138592004776,72.820545353212,-3.916942834854126,19.093772888183594,0.4351097643375397,23.52856951358035,15.36929211335324,49.291975839631654,1,235,1788710630.2891006
1788710689.805492,59.500000,r2_medium_r124,3.2089818315580487,6.307736060582101,5.073805868625641,75.1336003074516,-3.8987276554107666,19.10450553894043,0.4463290572166443,25.393156767721116,15.352211074419142,49.74044353973048,1,210,1788710630.3054752
1788710689.854111,59.536000,r2_medium_r124,3.213008006103337,6.328450343571603,5.075937330722809,77.61013860132242,-3.862039566040039,19.119766235351562,0.46149033308029175,27.648450417882096,15.328639257463347,49.96168818344032,1,192,1788710630.3180873
1788710689.909357,59.568000,r2_medium_r124,3.21682318020612,6.354506156407297,5.0780869126319885,80.88817247292911,-3.8395605087280273,19.137754440307617,0.46945178508758545,29.705665275505837,15.311548099135258,51.18250719742328,1,169,1788710630.3413408
1788710689.956018,59.600000,r2_medium_r124,3.2189348535612226,6.375549933873117,5.079224169254303,83.62051876131444,-3.8450164794921875,19.09743881225586,0.459404855966568,31.898399367797484,15.267239290621339,51.722119393516955,1,371,1788710630.3560028
1788710690.000077,59.632000,r2_medium_r124,3.220032055862248,6.391426703892648,5.079655230045319,85.71115613532723,-3.826563596725464,19.09903907775879,0.47036832571029663,34.118257648313886,15.244128322143522,51.592898487013336,1,278,1788710630.3680594
1788710690.051855,59.668000,r2_medium_r124,3.2209904985502362,6.418101451359689,5.07953554391861,89.23201513001128,-3.793911933898926,19.103788375854492,0.481143593788147,36.647894374329596,15.207916274431032,52.58412075568168,1,242,1788710630.3838346
1788710690.099338,59.700000,r2_medium_r124,3.2210222082212567,6.439645907841623,5.078794538974762,92.04302990587254,-3.763270378112793,19.10993194580078,0.491459459066391,38.888412504955625,15.177619521867767,53.154617400916926,1,232,1788710630.3993242
