t_wall,t_sim,exp_id,gt_x,gt_y,gt_z,gt_dyaw_deg,vslam_x,vslam_y,vslam_z,vslam_dyaw_deg,pos_error_m,yaw_error_deg,vo_state,feature_count,msg_age_s
1788682764.230275,38.248000,gate_sweep_poor_none_r09,-1.3938173651695251e-05,0.00025953352451324463,6.42538070678711e-05,-0.0003486521497861596,0.0,0.0,0.0,0.0,0.0002677320951132437,0.0003486521497861596,1,142,1788682725.9822505
1788682764.275243,38.284000,gate_sweep_poor_none_r09,2.7330592274665833e-05,0.00047214701771736145,2.4765729904174805e-05,-0.0006355432326557323,0.0,0.0,0.0,0.0,0.0004735853766652524,0.0006355432326557323,1,142,1788682725.9912174
1788682764.320389,38.316000,gate_sweep_poor_none_r09,0.00010802038013935089,0.0006495974957942963,-0.00010293722152709961,-0.0014964748684954772,0.0,0.0,0.0,0.0,0.000666514351415924,0.0014964748684954772,1,142,1788682726.0043654
1788682764.365681,38.348000,gate_sweep_poor_none_r09,0.0001623164862394333,0.0007666647434234619,-0.0002516508102416992,-0.0016673685891947817,0.0,0.0,0.0,0.0,0.0008230732657600917,0.0016673685891947817,1,142,1788682726.0176604
1788682764.413786,38.380000,gate_sweep_poor_none_r09,0.00022201426327228546,0.0008704252541065216,-0.0006020665168762207,-0.002381578056328982,0.0,0.0,0.0,0.0,0.001081394722950969,0.0023815780563289815,1,142,1788682726.0337672
1788682764.456300,38.416000,gate_sweep_poor_none_r09,0.00027456134557724,0.0008895080536603928,-0.0009196996688842773,-0.002928424506626508,0.0,0.0,0.0,0.0,0.0013086084177314978,0.002928424506626508,1,142,1788682726.0402796
1788682764.499692,38.448000,gate_sweep_poor_none_r09,0.00037376396358013153,0.0008861571550369263,-0.0012706220149993896,-0.0029899598538591725,0.0,0.0,0.0,0.0,0.0015935665373292005,0.0029899598538591725,1,142,1788682726.0516622
1788682764.543359,38.480000,gate_sweep_poor_none_r09,0.0005839783698320389,0.0008869469165802002,-0.0018042027950286865,-0.003751870328510242,0.0,0.0,0.0,0.0,0.002093526521172382,0.003751870328510242,1,142,1788682726.0633407
1788682764.589692,38.512000,gate_sweep_poor_none_r09,0.0008405577391386032,0.0009254012256860733,-0.002253904938697815,-0.0037244203084917504,0.0,0.0,0.0,0.0,0.0025774002820698008,0.0037244203084917504,1,142,1788682726.0776718
1788682764.633944,38.548000,gate_sweep_poor_none_r09,0.0010716859251260757,0.0009650066494941711,-0.002547651529312134,-0.004206314475138628,0.0,0.0,0.0,0.0,0.0029275035218574467,0.004206314475138628,1,142,1788682726.0859184
1788682764.678654,38.580000,gate_sweep_poor_none_r09,0.001497715711593628,0.0010259449481964111,-0.0030141621828079224,-0.006147067302876613,0.0,0.0,0.0,0.0,0.003518648753961322,0.006147067302876613,1,142,1788682726.0986323
1788682764.725189,38.612000,gate_sweep_poor_none_r09,0.0018472224473953247,0.0010555684566497803,-0.0033605098724365234,-0.006580896381203198,0.0,0.0,0.0,0.0,0.0039773712599628554,0.0065808963812031985,1,142,1788682726.1131656
1788682764.770531,38.644000,gate_sweep_poor_none_r09,0.0021655652672052383,0.001042000949382782,-0.0035604238510131836,-0.007298691843875429,0.0,0.0,0.0,0.0,0.004295585746310259,0.007298691843875429,1,142,1788682726.1265106
1788682764.814533,38.680000,gate_sweep_poor_none_r09,0.002491667866706848,0.0010091401636600494,-0.003693327307701111,-0.007674433082514754,0.0,0.0,0.0,0.0,0.004568089231801632,0.0076744330825147524,1,142,1788682726.1345108
1788682764.857925,38.712000,gate_sweep_poor_none_r09,0.0027175787836313248,0.000948004424571991,-0.003730401396751404,-0.00773615991467546,0.0,0.0,0.0,0.0,0.00471167076684439,0.00773615991467546,1,142,1788682726.1458983
1788682764.902011,38.744000,gate_sweep_poor_none_r09,0.002868868410587311,0.0008700620383024216,-0.0037567466497421265,-0.007503436482353308,0.0,0.0,0.0,0.0,0.004806304120434892,0.007503436482353308,1,142,1788682726.157992
1788682764.943891,38.776000,gate_sweep_poor_none_r09,0.0030767805874347687,0.0007040239870548248,-0.0037694424390792847,-0.00833401029545285,0.0,0.0,0.0,0.0,0.0049163934809061,0.00833401029545285,1,142,1788682726.1678705
1788682764.986998,38.812000,gate_sweep_poor_none_r09,0.00321187824010849,0.0005725007504224777,-0.0037608444690704346,-0.00960173405615357,0.0,0.0,0.0,0.0,0.004978741814861903,0.00960173405615357,1,142,1788682726.1749797
1788682765.030374,38.844000,gate_sweep_poor_none_r09,0.0033065397292375565,0.0004185866564512253,-0.003775760531425476,-0.008884139185429156,0.0,0.0,0.0,0.0,0.005036346628326508,0.008884139185429156,1,142,1788682726.186354
1788682765.074344,38.876000,gate_sweep_poor_none_r09,0.003373740240931511,0.0002606678754091263,-0.0037463605403900146,-0.008371897834822555,0.0,0.0,0.0,0.0,0.00504829557901895,0.008371897834822555,1,142,1788682726.1983192
1788682765.117285,38.908000,gate_sweep_poor_none_r09,0.003439726307988167,3.297626972198486e-05,-0.003652811050415039,-0.008402570096523157,0.0,0.0,0.0,0.0,0.00501755249880506,0.008402570096523157,1,142,1788682726.2092574
1788682765.163852,38.944000,gate_sweep_poor_none_r09,0.0034809187054634094,-0.00013222917914390564,-0.0035723447799682617,-0.008528955310794548,0.0,0.0,0.0,0.0,0.0049895818278517705,0.008528955310794548,1,142,1788682726.2198353
1788682765.206133,38.976000,gate_sweep_poor_none_r09,0.003542345017194748,-0.0003650691360235214,-0.0034215450286865234,-0.008064216780011436,0.0,0.0,0.0,0.0,0.004938466774035326,0.008064216780011436,1,142,1788682726.230105
1788682765.249217,39.008000,gate_sweep_poor_none_r09,0.003642318770289421,-0.0005939193069934845,-0.0032394826412200928,-0.008754338731871833,0.0,0.0,0.0,0.0,0.004910547214963783,0.008754338731871833,1,142,1788682726.2411892
1788682765.291676,39.040000,gate_sweep_poor_none_r09,0.0038261357694864273,-0.000842023640871048,-0.0030610859394073486,-0.008733587797511391,0.0,0.0,0.0,0.0,0.004971776932522878,0.008733587797511391,1,142,1788682726.2516558
1788682765.336301,39.076000,gate_sweep_poor_none_r09,0.00400158204138279,-0.0009948480874300003,-0.0029256343841552734,-0.008733656006968286,0.0,0.0,0.0,0.0,0.005055859778586822,0.008733656006968288,1,142,1788682726.2602835
1788682765.379288,39.108000,gate_sweep_poor_none_r09,0.004141619428992271,-0.001089535653591156,-0.0028241127729415894,-0.008422653681013128,0.0,0.0,0.0,0.0,0.005129884247168196,0.008422653681013128,1,142,1788682726.2712677
1788682765.424764,39.140000,gate_sweep_poor_none_r09,0.0043611545115709305,-0.0012082681059837341,-0.002721041440963745,-0.008152933742294146,0.0,0.0,0.0,0.0,0.005280496852870481,0.008152933742294146,1,142,1788682726.2847335
1788682765.466460,39.172000,gate_sweep_poor_none_r09,0.004537547007203102,-0.001266060397028923,-0.002689942717552185,-0.008389046236778682,0.0,0.0,0.0,0.0,0.005424761155591543,0.008389046236778682,1,142,1788682726.294441
1788682765.510449,39.208000,gate_sweep_poor_none_r09,0.004721064120531082,-0.0013005416840314865,-0.002682998776435852,-0.008559545135247518,0.0,0.0,0.0,0.0,0.00558375657925967,0.008559545135247518,1,142,1788682726.3024292
1788682765.553807,39.240000,gate_sweep_poor_none_r09,0.004933545365929604,-0.0013929251581430435,-0.0026844441890716553,-0.009171180580767508,0.0,0.0,0.0,0.0,0.005786739235365101,0.009171180580767508,1,142,1788682726.313784
1788682765.597290,39.272000,gate_sweep_poor_none_r09,0.005085883662104607,-0.0015555191785097122,-0.002667739987373352,-0.009174524142739181,0.0,0.0,0.0,0.0,0.005950015897407743,0.009174524142739181,1,142,1788682726.3252707
1788682765.641641,39.304000,gate_sweep_poor_none_r09,0.0052030812948942184,-0.001715162768959999,-0.0026556700468063354,-0.009068825251862832,0.0,0.0,0.0,0.0,0.006088219910844958,0.009068825251862832,1,142,1788682726.3376017
1788682765.683581,39.340000,gate_sweep_poor_none_r09,0.005399331450462341,-0.0020267292857170105,-0.0026079267263412476,-0.008918108086999218,0.0,0.0,0.0,0.0,0.006329430742136273,0.008918108086999218,1,142,1788682726.3435621
1788682765.728560,39.372000,gate_sweep_poor_none_r09,0.0055823251605033875,-0.002323674038052559,-0.002564862370491028,-0.008528614747138865,0.0,0.0,0.0,0.0,0.006568130191482924,0.008528614747138865,1,142,1788682726.3565395
1788682765.771279,39.404000,gate_sweep_poor_none_r09,0.005768507719039917,-0.002657134085893631,-0.002542555332183838,-0.00870277208345257,0.0,0.0,0.0,0.0,0.0068410986305020745,0.00870277208345257,1,142,1788682726.3672593
1788682765.813786,39.436000,gate_sweep_poor_none_r09,0.006037088111042976,-0.0031581763178110123,-0.002426162362098694,-0.009167485574755994,0.0,0.0,0.0,0.0,0.007232342243156299,0.009167485574755994,1,142,1788682726.377767
1788682765.857825,39.472000,gate_sweep_poor_none_r09,0.006284652277827263,-0.003648567944765091,-0.002292037010192871,-0.009074680130483766,0.0,0.0,0.0,0.0,0.007619864562894844,0.009074680130483766,1,142,1788682726.3858037
1788682765.901382,39.504000,gate_sweep_poor_none_r09,0.0064944010227918625,-0.004069752991199493,-0.00218181312084198,-0.00858934486844159,0.0,0.0,0.0,0.0,0.007968716493168484,0.00858934486844159,1,142,1788682726.3973615
1788682765.944434,39.536000,gate_sweep_poor_none_r09,0.006790688261389732,-0.004663707688450813,-0.0019775331020355225,-0.0079261699314697,0.0,0.0,0.0,0.0,0.00847196869897061,0.0079261699314697,1,142,1788682726.4084089
1788682765.988070,39.568000,gate_sweep_poor_none_r09,0.007172942161560059,-0.005440082401037216,-0.001639246940612793,-0.007368460509425612,0.0,0.0,0.0,0.0,0.009150558797989832,0.007368460509425612,1,142,1788682726.4200516
1788682766.032347,39.604000,gate_sweep_poor_none_r09,0.007525533437728882,-0.006089033558964729,-0.0013284683227539062,-0.007375608822172169,0.0,0.0,0.0,0.0,0.009771121291291738,0.007375608822172169,1,142,1788682726.4283218
1788682766.075416,39.636000,gate_sweep_poor_none_r09,0.007953451946377754,-0.0067458320409059525,-0.0009990334510803223,-0.007996986871717357,0.0,0.0,0.0,0.0,0.010476722561174889,0.007996986871717357,1,142,1788682726.4393954
1788682766.117182,39.668000,gate_sweep_poor_none_r09,0.008304580114781857,-0.007208133116364479,-0.0007542669773101807,-0.008471960135620108,0.0,0.0,0.0,0.0,0.01102234787053653,0.008471960135620108,1,142,1788682726.449161
1788682766.164215,39.700000,gate_sweep_poor_none_r09,0.009007331915199757,-0.007903756573796272,-0.000326305627822876,-0.00933960072959303,0.0,0.0,0.0,0.0,0.011987821802610881,0.00933960072959303,1,142,1788682726.4641938
1788682766.208715,39.736000,gate_sweep_poor_none_r09,0.009630933403968811,-0.00838247686624527,-5.4001808166503906e-05,-0.00930853338190969,0.0,0.0,0.0,0.0,0.012768073967521673,0.00930853338190969,1,142,1788682726.4726965
1788682766.252924,39.768000,gate_sweep_poor_none_r09,0.010280448012053967,-0.008792463690042496,0.0001378953456878662,-0.01006350143801066,0.0,0.0,0.0,0.0,0.013528268336916682,0.01006350143801066,1,142,1788682726.484904
1788682766.297340,39.800000,gate_sweep_poor_none_r09,0.011116072535514832,-0.009178200736641884,0.00047391653060913086,-0.011573866172790045,0.0,0.0,0.0,0.0,0.014423280980931675,0.011573866172790045,1,142,1788682726.4973133
1788682766.341173,39.832000,gate_sweep_poor_none_r09,0.011788559146225452,-0.009427709504961967,0.000590205192565918,-0.012247049837491603,0.0,0.0,0.0,0.0,0.015106295886925351,0.012247049837491603,1,142,1788682726.509157
1788682766.385208,39.868000,gate_sweep_poor_none_r09,0.012275999411940575,-0.00959121622145176,0.0006052255630493164,-0.013312941705618458,0.0,0.0,0.0,0.0,0.01559031392085397,0.013312941705618456,1,142,1788682726.5171835
1788682766.433670,39.900000,gate_sweep_poor_none_r09,0.013065047562122345,-0.009805729612708092,0.0006484091281890869,-0.014150549848126243,0.0,0.0,0.0,0.0,0.01634834044897458,0.01415054984812624,1,142,1788682726.5336432
1788682766.479581,39.932000,gate_sweep_poor_none_r09,0.013673943467438221,-0.00993834063410759,0.0006318390369415283,-0.014167815241417556,0.0,0.0,0.0,0.0,0.016915867257662365,0.014167815241417556,1,142,1788682726.5475574
1788682766.521927,39.964000,gate_sweep_poor_none_r09,0.014248311519622803,-0.010074004530906677,0.0005541145801544189,-0.01401744002403398,0.0,0.0,0.0,0.0,0.017458722502430808,0.01401744002403398,1,142,1788682726.5579035
1788682766.567212,40.000000,gate_sweep_poor_none_r09,0.014895706437528133,-0.010269677266478539,0.00030115246772766113,-0.014939691204112872,0.0,0.0,0.0,0.0,0.018095276572615896,0.014939691204112872,1,142,1788682726.5671935
1788682766.612638,40.032000,gate_sweep_poor_none_r09,0.015348673798143864,-0.010451478883624077,7.858872413635254e-05,-0.016221279890341438,0.0,0.0,0.0,0.0,0.01856936655904636,0.01622127989034144,1,142,1788682726.5806189
1788682766.655486,40.064000,gate_sweep_poor_none_r09,0.015623452141880989,-0.010569224134087563,-9.715557098388672e-05,-0.015777400750266464,0.0,0.0,0.0,0.0,0.018862931766594447,0.01577740075026646,1,142,1788682726.5914645
1788682766.698492,40.096000,gate_sweep_poor_none_r09,0.015958387404680252,-0.01072564348578453,-0.00043264031410217285,-0.015134745341247466,0.0,0.0,0.0,0.0,0.019232699612467197,0.015134745341247466,1,142,1788682726.6024725
1788682766.742320,40.132000,gate_sweep_poor_none_r09,0.01614575693383813,-0.010859547182917595,-0.0007323324680328369,-0.014092370777587411,0.0,0.0,0.0,0.0,0.019471814061055803,0.014092370777587411,1,142,1788682726.610297
1788682766.786640,40.164000,gate_sweep_poor_none_r09,0.01628582924604416,-0.010989496484398842,-0.0010351836681365967,-0.014567477304434953,0.0,0.0,0.0,0.0,0.01967406598643754,0.014567477304434953,1,142,1788682726.6226187
1788682766.829835,40.196000,gate_sweep_poor_none_r09,0.01638890104368329,-0.011131450533866882,-0.0011541247367858887,-0.014253142518494251,0.0,0.0,0.0,0.0,0.019845333766798423,0.014253142518494251,1,142,1788682726.6338143
1788682766.872088,40.228000,gate_sweep_poor_none_r09,0.01641604583710432,-0.011352695524692535,-0.0012983381748199463,-0.013846393293974187,0.0,0.0,0.0,0.0,0.02000139841657275,0.013846393293974187,1,142,1788682726.6440701
1788682766.915212,40.264000,gate_sweep_poor_none_r09,0.01635317923501134,-0.011488214135169983,-0.0013794898986816406,-0.013843040763111842,0.0,0.0,0.0,0.0,0.020032686477067674,0.013843040763111842,1,142,1788682726.6511912
1788682766.961843,40.296000,gate_sweep_poor_none_r09,0.016198046039789915,-0.011647121980786324,-0.0015515685081481934,-0.013384849894917603,0.0,0.0,0.0,0.0,0.020010984752828805,0.013384849894917603,1,142,1788682726.6658213
1788682767.020319,40.328000,gate_sweep_poor_none_r09,0.01598640438169241,-0.011744051240384579,-0.0017506778240203857,-0.01283142112178469,0.0,0.0,0.0,0.0,0.019913631949880203,0.01283142112178469,1,142,1788682726.6923
1788682767.122526,40.360000,gate_sweep_poor_none_r09,0.015644840896129608,-0.011747301556169987,-0.0020400583744049072,-0.011680060184686357,0.0,0.0,0.0,0.0,0.01967033244985409,0.011680060184686357,1,142,1788682726.7624972
1788682767.170851,40.396000,gate_sweep_poor_none_r09,0.015302693471312523,-0.011670861393213272,-0.002277955412864685,-0.010897046167590158,0.0,0.0,0.0,0.0,0.01937964174074295,0.010897046167590158,1,142,1788682726.7748241
1788682767.214931,40.428000,gate_sweep_poor_none_r09,0.015024006366729736,-0.011577492579817772,-0.002450719475746155,-0.010158987922008096,0.0,0.0,0.0,0.0,0.01912498699848114,0.010158987922008096,1,142,1788682726.7869077
1788682767.258920,40.460000,gate_sweep_poor_none_r09,0.014540527015924454,-0.011395755223929882,-0.0026984065771102905,-0.008512309100341965,0.0,0.0,0.0,0.0,0.018670071266065007,0.008512309100341965,1,142,1788682726.7989
1788682767.302168,40.492000,gate_sweep_poor_none_r09,0.014150024391710758,-0.011276690289378166,-0.0029066354036331177,-0.007733093442607758,0.0,0.0,0.0,0.0,0.018325814130297696,0.007733093442607758,1,142,1788682726.810143
1788682767.345222,40.528000,gate_sweep_poor_none_r09,0.013779083266854286,-0.011206475086510181,-0.003167584538459778,-0.006827772835207796,0.0,0.0,0.0,0.0,0.01804111447077942,0.006827772835207796,1,142,1788682726.8172038
1788682767.390180,40.560000,gate_sweep_poor_none_r09,0.013363087549805641,-0.011180250905454159,-0.0035968422889709473,-0.007401532152066339,0.0,0.0,0.0,0.0,0.017790654671045944,0.007401532152066339,1,142,1788682726.8301628
1788682767.432526,40.592000,gate_sweep_poor_none_r09,0.013104875572025776,-0.011190695688128471,-0.003953620791435242,-0.007148330526310155,0.0,0.0,0.0,0.0,0.017680513315654726,0.007148330526310155,1,142,1788682726.8405037
1788682767.478023,40.624000,gate_sweep_poor_none_r09,0.012938037514686584,-0.011155104264616966,-0.00423780083656311,-0.006642985761458819,0.0,0.0,0.0,0.0,0.017600798897103736,0.006642985761458819,1,142,1788682726.8540018
1788682767.521243,40.660000,gate_sweep_poor_none_r09,0.012676111422479153,-0.011008130386471748,-0.004727616906166077,-0.005689580087606738,0.0,0.0,0.0,0.0,0.017441705679552572,0.0056895800876067375,1,142,1788682726.8612213
1788682767.565837,40.692000,gate_sweep_poor_none_r09,0.012496601790189743,-0.01083468273282051,-0.005076423287391663,-0.004428660708829527,0.0,0.0,0.0,0.0,0.017301025392046126,0.004428660708829527,1,142,1788682726.8738148
1788682767.608433,40.724000,gate_sweep_poor_none_r09,0.01237789262086153,-0.010630888864398003,-0.005401626229286194,-0.004005053807426425,0.0,0.0,0.0,0.0,0.017187367154444348,0.004005053807426426,1,142,1788682726.8844151
1788682767.652262,40.756000,gate_sweep_poor_none_r09,0.012363775633275509,-0.010337475687265396,-0.005753234028816223,-0.0038101945654964733,0.0,0.0,0.0,0.0,0.017112160976484218,0.0038101945654964733,1,142,1788682726.8962412
1788682767.695476,40.792000,gate_sweep_poor_none_r09,0.01246730424463749,-0.010118203237652779,-0.006043329834938049,-0.003857910726206344,0.0,0.0,0.0,0.0,0.017156151881487162,0.003857910726206344,1,142,1788682726.903456
1788682767.741962,40.824000,gate_sweep_poor_none_r09,0.012609646655619144,-0.009976057335734367,-0.006252288818359375,-0.004117924727106576,0.0,0.0,0.0,0.0,0.017251551356721757,0.004117924727106576,1,142,1788682726.9179358
1788682767.785744,40.856000,gate_sweep_poor_none_r09,0.012876415625214577,-0.009801380336284637,-0.006558656692504883,-0.005081397206821444,0.0,0.0,0.0,0.0,0.017460959694699383,0.005081397206821444,1,142,1788682726.9297247
1788682767.830136,40.888000,gate_sweep_poor_none_r09,0.013323547318577766,-0.009595166891813278,-0.006935238838195801,-0.0062979080406568464,0.0,0.0,0.0,0.0,0.017823626975869696,0.0062979080406568464,1,142,1788682726.942117
1788682767.875278,40.924000,gate_sweep_poor_none_r09,0.013741833157837391,-0.009489228948950768,-0.007250472903251648,-0.006926334682950873,0.0,0.0,0.0,0.0,0.01820584526750216,0.006926334682950873,1,142,1788682726.9512599
1788682767.918854,40.956000,gate_sweep_poor_none_r09,0.01420558150857687,-0.00945945456624031,-0.007590621709823608,-0.007613337431347894,0.0,0.0,0.0,0.0,0.018678794517560045,0.007613337431347894,1,142,1788682726.9628356
1788682767.964918,40.988000,gate_sweep_poor_none_r09,0.014569095335900784,-0.009466538205742836,-0.007917061448097229,-0.008047446838151218,0.0,0.0,0.0,0.0,0.019093290614252488,0.008047446838151218,1,142,1788682726.9769003
1788682768.008322,41.020000,gate_sweep_poor_none_r09,0.015228546224534512,-0.009599011391401291,-0.008532360196113586,-0.00954741028163342,0.0,0.0,0.0,0.0,0.019921114685711228,0.00954741028163342,1,142,1788682726.988306
1788682768.053028,41.056000,gate_sweep_poor_none_r09,0.01578998751938343,-0.009784955531358719,-0.00900585949420929,-0.00953014891845873,0.0,0.0,0.0,0.0,0.020643995878763192,0.00953014891845873,1,142,1788682726.9970093
1788682768.095846,41.088000,gate_sweep_poor_none_r09,0.016384264454245567,-0.010013189166784286,-0.009558647871017456,-0.009766007005514868,0.0,0.0,0.0,0.0,0.021449378268811607,0.009766007005514868,1,142,1788682727.0078194
1788682768.139179,41.120000,gate_sweep_poor_none_r09,0.017158373724669218,-0.01028946042060852,-0.010256722569465637,-0.011217523270593137,0.0,0.0,0.0,0.0,0.022482952263652434,0.011217523270593137,1,142,1788682727.0191462
1788682768.186200,41.152000,gate_sweep_poor_none_r09,0.017806812189519405,-0.010470632463693619,-0.010785117745399475,-0.011835982221183677,0.0,0.0,0.0,0.0,0.02330312145024143,0.011835982221183677,1,142,1788682727.0341752
1788682768.229492,41.188000,gate_sweep_poor_none_r09,0.018310764338821173,-0.010559707880020142,-0.011194109916687012,-0.012102764610939924,0.0,0.0,0.0,0.0,0.023918604014659284,0.012102764610939924,1,142,1788682727.041474
1788682768.272361,41.220000,gate_sweep_poor_none_r09,0.019171877298504114,-0.01064646989107132,-0.01187625527381897,-0.012748155800284704,0.0,0.0,0.0,0.0,0.024938998368404824,0.012748155800284704,1,142,1788682727.052343
1788682768.315683,41.252000,gate_sweep_poor_none_r09,0.0198587691411376,-0.010643552988767624,-0.012407615780830383,-0.014668544541381789,0.0,0.0,0.0,0.0,0.0257216807652691,0.014668544541381789,1,142,1788682727.0636644
1788682768.357993,41.284000,gate_sweep_poor_none_r09,0.020535220159217715,-0.010586576536297798,-0.012957379221916199,-0.014504832101754841,0.0,0.0,0.0,0.0,0.026488951395760806,0.014504832101754841,1,142,1788682727.0739715
1788682768.403542,41.320000,gate_sweep_poor_none_r09,0.02135616634041071,-0.010480262339115143,-0.013636216521263123,-0.014767865937434463,0.0,0.0,0.0,0.0,0.027420214085063885,0.014767865937434463,1,142,1788682727.0835185
1788682768.447042,41.352000,gate_sweep_poor_none_r09,0.021999584045261145,-0.010388713330030441,-0.01419202983379364,-0.01497279853797373,0.0,0.0,0.0,0.0,0.02816595060745065,0.01497279853797373,1,142,1788682727.0950227
1788682768.490718,41.384000,gate_sweep_poor_none_r09,0.022473339806310833,-0.010336361825466156,-0.01462244987487793,-0.015105894853661862,0.0,0.0,0.0,0.0,0.028735125163816263,0.015105894853661862,1,142,1788682727.1066985
1788682768.533623,41.416000,gate_sweep_poor_none_r09,0.023232424689922482,-0.010217718780040741,-0.015335798263549805,-0.015287083611109259,0.0,0.0,0.0,0.0,0.029653567111246736,0.015287083611109259,1,142,1788682727.1176023
1788682768.578976,41.452000,gate_sweep_poor_none_r09,0.023795143322786316,-0.010094106197357178,-0.015928789973258972,-0.015461421719487453,0.0,0.0,0.0,0.0,0.030361590467030252,0.015461421719487453,1,142,1788682727.126957
1788682768.623184,41.484000,gate_sweep_poor_none_r09,0.024309196072863415,-0.009946929290890694,-0.016581758856773376,-0.016377590127353955,0.0,0.0,0.0,0.0,0.031061763356433576,0.016377590127353955,1,142,1788682727.139164
1788682768.668636,41.516000,gate_sweep_poor_none_r09,0.024788843700662255,-0.009806348010897636,-0.017204508185386658,-0.01704704294053039,0.0,0.0,0.0,0.0,0.03172769035444804,0.01704704294053039,1,142,1788682727.152614
1788682768.711833,41.548000,gate_sweep_poor_none_r09,0.025334570556879044,-0.009644174948334694,-0.0179031640291214,-0.01700272030980428,0.0,0.0,0.0,0.0,0.03248651809580699,0.01700272030980428,1,142,1788682727.1638134
1788682768.755243,41.584000,gate_sweep_poor_none_r09,0.025630926131270826,-0.009524300694465637,-0.018352851271629333,-0.017314556260466147,0.0,0.0,0.0,0.0,0.03293150205902863,0.017314556260466147,1,142,1788682727.171225
1788682768.799117,41.616000,gate_sweep_poor_none_r09,0.02599400421604514,-0.00933627225458622,-0.018940597772598267,-0.017180936732209346,0.0,0.0,0.0,0.0,0.03349030425031823,0.017180936732209346,1,142,1788682727.1830988
1788682768.841722,41.648000,gate_sweep_poor_none_r09,0.026321121957153082,-0.009110363200306892,-0.019526928663253784,-0.017382411476651524,0.0,0.0,0.0,0.0,0.03401618911260687,0.017382411476651524,1,142,1788682727.193702
1788682768.884897,41.680000,gate_sweep_poor_none_r09,0.026689939200878143,-0.008748766034841537,-0.02021755278110504,-0.017242582343089022,0.0,0.0,0.0,0.0,0.03460698198537019,0.01724258234308902,1,142,1788682727.204878
1788682768.928148,41.716000,gate_sweep_poor_none_r09,0.02695753565058112,-0.008434509858489037,-0.020761698484420776,-0.018018219826619816,0.0,0.0,0.0,0.0,0.03505563875988142,0.018018219826619813,1,142,1788682727.2121222
1788682768.972412,41.748000,gate_sweep_poor_none_r09,0.027120099402964115,-0.008220812305808067,-0.021144375205039978,-0.017929740165135457,0.0,0.0,0.0,0.0,0.0353576886886783,0.017929740165135457,1,142,1788682727.2243872
1788682769.015216,41.780000,gate_sweep_poor_none_r09,0.027327280724421144,-0.007917877286672592,-0.02178134024143219,-0.0179572034060916,0.0,0.0,0.0,0.0,0.035831548044023415,0.0179572034060916,1,142,1788682727.2351997
1788682769.060246,41.812000,gate_sweep_poor_none_r09,0.02744389045983553,-0.007747594267129898,-0.022313639521598816,-0.019242341671311766,0.0,0.0,0.0,0.0,0.03620898851389489,0.019242341671311763,1,142,1788682727.2482078
1788682769.101090,41.848000,gate_sweep_poor_none_r09,0.02752225217409432,-0.0076148658990859985,-0.022831350564956665,-0.018989383436810017,0.0,0.0,0.0,0.0,0.036561333619213744,0.018989383436810017,1,142,1788682727.2530682
1788682769.146101,41.880000,gate_sweep_poor_none_r09,0.027559587033465505,-0.007474716752767563,-0.02349548041820526,-0.019621391392971338,0.0,0.0,0.0,0.0,0.036978910585244815,0.019621391392971338,1,142,1788682727.2660797
1788682769.188694,41.912000,gate_sweep_poor_none_r09,0.027618902502581477,-0.007372615858912468,-0.024036139249801636,-0.01975851295762869,0.0,0.0,0.0,0.0,0.03734829621396461,0.01975851295762869,1,142,1788682727.276674
1788682769.232731,41.944000,gate_sweep_poor_none_r09,0.02772652660496533,-0.007295917719602585,-0.024454787373542786,-0.01856210782756768,0.0,0.0,0.0,0.0,0.037683249839049825,0.01856210782756768,1,142,1788682727.2887082
1788682769.281675,41.980000,gate_sweep_poor_none_r09,0.027952871285378933,-0.007139198482036591,-0.025112539529800415,-0.017390635975258306,0.0,0.0,0.0,0.0,0.038248801415190305,0.017390635975258306,1,142,1788682727.3016539
1788682769.324055,42.012000,gate_sweep_poor_none_r09,0.028155344538390636,-0.00699247233569622,-0.025620922446250916,-0.01747916559571085,0.0,0.0,0.0,0.0,0.03870464781441325,0.01747916559571085,1,142,1788682727.3120356
1788682769.372390,42.044000,gate_sweep_poor_none_r09,0.028341040015220642,-0.006831983104348183,-0.026121526956558228,-0.01757525414775884,0.0,0.0,0.0,0.0,0.03914364204854519,0.01757525414775884,1,142,1788682727.3283608
1788682769.415643,42.076000,gate_sweep_poor_none_r09,0.028515771962702274,-0.006609700620174408,-0.026837393641471863,-0.017056024689941295,0.0,0.0,0.0,0.0,0.039712505465967336,0.017056024689941295,1,142,1788682727.3396254
1788682769.459249,42.112000,gate_sweep_poor_none_r09,0.028600942809134722,-0.006405504420399666,-0.027493715286254883,-0.01603779354470242,0.0,0.0,0.0,0.0,0.04018642552769281,0.01603779354470242,1,142,1788682727.3472311
1788682769.502056,42.144000,gate_sweep_poor_none_r09,0.02865082398056984,-0.006261002272367477,-0.02801467478275299,-0.015627857545309185,0.0,0.0,0.0,0.0,0.04055726651789544,0.015627857545309185,1,142,1788682727.3580306
1788682769.545170,42.176000,gate_sweep_poor_none_r09,0.028716906439512968,-0.0060798171907663345,-0.028668761253356934,-0.014298428632042759,0.0,0.0,0.0,0.0,0.04103075388450545,0.014298428632042759,1,142,1788682727.3691492
1788682769.589890,42.208000,gate_sweep_poor_none_r09,0.028753560967743397,-0.005840238183736801,-0.029390305280685425,-0.01422010681368671,0.0,0.0,0.0,0.0,0.04152909455863924,0.01422010681368671,1,142,1788682727.3818524
1788682769.634224,42.244000,gate_sweep_poor_none_r09,0.0286931823939085,-0.00561688095331192,-0.029842987656593323,-0.014708705438445456,0.0,0.0,0.0,0.0,0.041778606724080215,0.014708705438445456,1,142,1788682727.3902035
1788682769.680592,42.276000,gate_sweep_poor_none_r09,0.028535908553749323,-0.0053595807403326035,-0.030268415808677673,-0.014257753281091875,0.0,0.0,0.0,0.0,0.04194282034230765,0.014257753281091875,1,142,1788682727.4045713
1788682769.723071,42.308000,gate_sweep_poor_none_r09,0.02838651044294238,-0.005159318447113037,-0.03057706356048584,-0.013635927142226077,0.0,0.0,0.0,0.0,0.04204009226854752,0.013635927142226077,1,142,1788682727.4150448
1788682769.766446,42.340000,gate_sweep_poor_none_r09,0.028046614956110716,-0.004871327430009842,-0.03102177381515503,-0.01360532715178129,0.0,0.0,0.0,0.0,0.042103359629195126,0.01360532715178129,1,142,1788682727.426425
1788682769.810202,42.376000,gate_sweep_poor_none_r09,0.02773173898458481,-0.004720699042081833,-0.03132644295692444,-0.014490346025189473,0.0,0.0,0.0,0.0,0.04210321098073749,0.014490346025189473,1,142,1788682727.4341795
1788682769.853306,42.408000,gate_sweep_poor_none_r09,0.027410462964326143,-0.004622494801878929,-0.031567513942718506,-0.014903917067826608,0.0,0.0,0.0,0.0,0.042061964702517406,0.014903917067826608,1,142,1788682727.4452796
1788682769.897769,42.440000,gate_sweep_poor_none_r09,0.026966887526214123,-0.004528990015387535,-0.03188444674015045,-0.01527926204044016,0.0,0.0,0.0,0.0,0.04200407977014201,0.01527926204044016,1,141,1788682727.4577525
1788682769.944319,42.472000,gate_sweep_poor_none_r09,0.026535267243161798,-0.0045073069632053375,-0.03211510181427002,-0.014869736386295754,0.0,0.0,0.0,0.0,0.0419024580217856,0.014869736386295754,1,126,1788682727.4722943
1788682769.987290,42.508000,gate_sweep_poor_none_r09,0.026183893904089928,-0.00454678013920784,-0.032293304800987244,-0.015036477324509193,0.0,0.0,0.0,0.0,0.04182256621232607,0.015036477324509195,1,119,1788682727.4792697
1788682770.031113,42.540000,gate_sweep_poor_none_r09,0.025489282328635454,-0.0046777911484241486,-0.03257201611995697,-0.014903373578316179,0.0,0.0,0.0,0.0,0.04162356877750753,0.014903373578316179,1,112,1788682727.491092
1788682770.073679,42.572000,gate_sweep_poor_none_r09,0.024835801334120333,-0.004809126257896423,-0.03276415169239044,-0.016020417174343417,0.0,0.0,0.0,0.0,0.0413936511967023,0.016020417174343413,1,101,1788682727.5016625
1788682770.116641,42.604000,gate_sweep_poor_none_r09,0.024074762361124158,-0.0049766842275857925,-0.03291530907154083,-0.015073888219346727,0.0,0.0,0.0,0.0,0.04108258925531301,0.015073888219346727,1,98,1788682727.5126216
1788682770.161051,42.640000,gate_sweep_poor_none_r09,0.022995516832452267,-0.005226863548159599,-0.03306978940963745,-0.015599831598337546,0.0,0.0,0.0,0.0,0.040616805247833614,0.015599831598337546,1,98,1788682727.5210311
1788682770.203046,42.672000,gate_sweep_poor_none_r09,0.022075854241847992,-0.005447331815958023,-0.033268317580223083,-0.015712589886398426,0.0,0.0,0.0,0.0,0.04029637352217997,0.015712589886398426,1,95,1788682727.5310223
1788682770.246380,42.704000,gate_sweep_poor_none_r09,0.021357936318963766,-0.005650753155350685,-0.03347437083721161,-0.01626966984846828,0.0,0.0,0.0,0.0,0.04010767953864671,0.01626966984846828,1,94,1788682727.5423596
1788682770.289854,42.736000,gate_sweep_poor_none_r09,0.020121150882914662,-0.006036603823304176,-0.03378167748451233,-0.01582843336373747,0.0,0.0,0.0,0.0,0.0397806866738139,0.01582843336373747,1,94,1788682727.553834
1788682770.335753,42.772000,gate_sweep_poor_none_r09,0.01912067597731948,-0.006392959505319595,-0.03399643301963806,-0.016522624214703886,0.0,0.0,0.0,0.0,0.039525025479119374,0.016522624214703886,1,94,1788682727.5637248
1788682770.377880,42.804000,gate_sweep_poor_none_r09,0.01810745196416974,-0.006789598613977432,-0.03416465222835541,-0.01647797329203513,0.0,0.0,0.0,0.0,0.03925814473275716,0.01647797329203513,1,94,1788682727.5738397
1788682770.420382,42.836000,gate_sweep_poor_none_r09,0.017106639686971903,-0.007208552211523056,-0.03428809344768524,-0.015712739545621825,0.0,0.0,0.0,0.0,0.0389906873322763,0.015712739545621825,1,94,1788682727.584355
1788682770.462357,42.868000,gate_sweep_poor_none_r09,0.01588848140090704,-0.00771576352417469,-0.03433507680892944,-0.017011396913729014,0.0,0.0,0.0,0.0,0.03861184206254654,0.017011396913729014,1,92,1788682727.5943398
1788682770.511139,42.904000,gate_sweep_poor_none_r09,0.015193886123597622,-0.0079744141548872,-0.034305229783058167,-0.016590976339559065,0.0,0.0,0.0,0.0,0.038357453605771835,0.016590976339559062,1,91,1788682727.6071198
1788682770.556192,42.936000,gate_sweep_poor_none_r09,0.014336133375763893,-0.008279802277684212,-0.03426641225814819,-0.016279995252100502,0.0,0.0,0.0,0.0,0.038056101415812484,0.016279995252100502,1,90,1788682727.6201742
1788682770.600447,42.968000,gate_sweep_poor_none_r09,0.013584312051534653,-0.008555645123124123,-0.03423488140106201,-0.015750764172673393,0.0,0.0,0.0,0.0,0.037812163412466744,0.015750764172673393,1,90,1788682727.6324203
1788682770.643966,43.000000,gate_sweep_poor_none_r09,0.012779587879776955,-0.00889887660741806,-0.034109458327293396,-0.014835011540109385,0.0,0.0,0.0,0.0,0.03749617338652518,0.014835011540109385,1,90,1788682727.6439483
1788682770.687692,43.036000,gate_sweep_poor_none_r09,0.012185952626168728,-0.009181758388876915,-0.03397279977798462,-0.014063152272741944,0.0,0.0,0.0,0.0,0.037241821293727995,0.014063152272741944,1,88,1788682727.6516714
1788682770.729031,43.068000,gate_sweep_poor_none_r09,0.011722216382622719,-0.009382260963320732,-0.033856138586997986,-0.013994712980429152,0.0,0.0,0.0,0.0,0.037036135026847695,0.013994712980429149,1,87,1788682727.6610096
1788682770.772966,43.100000,gate_sweep_poor_none_r09,0.01090025994926691,-0.009679056704044342,-0.03373555839061737,-0.013816865087788196,0.0,0.0,0.0,0.0,0.03675034293130408,0.013816865087788196,1,87,1788682727.672939
1788682770.816200,43.132000,gate_sweep_poor_none_r09,0.010178942233324051,-0.009920068085193634,-0.033617377281188965,-0.01331432197055986,0.0,0.0,0.0,0.0,0.036498584507759,0.013314321970559862,1,87,1788682727.6841795
1788682770.860582,43.168000,gate_sweep_poor_none_r09,0.009426348842680454,-0.01018165796995163,-0.03347674012184143,-0.012839673016586645,0.0,0.0,0.0,0.0,0.03623829936277764,0.012839673016586645,1,87,1788682727.6925607
1788682770.908003,43.200000,gate_sweep_poor_none_r09,0.008454653434455395,-0.010491937398910522,-0.03325985372066498,-0.012548985007017649,0.0,0.0,0.0,0.0,0.03588564872758242,0.012548985007017649,1,87,1788682727.7079756
1788682770.950761,43.232000,gate_sweep_poor_none_r09,0.007645532488822937,-0.010718755424022675,-0.03303705155849457,-0.012699587852886291,0.0,0.0,0.0,0.0,0.035563923582139965,0.012699587852886291,1,87,1788682727.7187276
1788682770.997042,43.264000,gate_sweep_poor_none_r09,0.007043339312076569,-0.010866282507777214,-0.03286674618721008,-0.013021283368123157,0.0,0.0,0.0,0.0,0.03532573748895211,0.013021283368123157,1,87,1788682727.7330167
1788682771.040142,43.300000,gate_sweep_poor_none_r09,0.006072647869586945,-0.01106678694486618,-0.03252749145030975,-0.013096201165518523,0.0,0.0,0.0,0.0,0.0348910952175628,0.01309620116551852,1,87,1788682727.7401226
1788682771.084151,43.332000,gate_sweep_poor_none_r09,0.005344945937395096,-0.01122099906206131,-0.03226611018180847,-0.012925860449433675,0.0,0.0,0.0,0.0,0.03457717647942153,0.012925860449433675,1,87,1788682727.752131
1788682771.131468,43.364000,gate_sweep_poor_none_r09,0.004665916785597801,-0.011366888880729675,-0.03203994035720825,-0.013264203899960192,0.0,0.0,0.0,0.0,0.03431522578055463,0.013264203899960192,1,87,1788682727.7674465
1788682771.177136,43.396000,gate_sweep_poor_none_r09,0.0039040297269821167,-0.011573223397135735,-0.03188343346118927,-0.012516055515512969,0.0,0.0,0.0,0.0,0.034142851040638855,0.012516055515512969,1,86,1788682727.7811155
1788682771.220323,43.432000,gate_sweep_poor_none_r09,0.003343595191836357,-0.011781253851950169,-0.03176431357860565,-0.01305570080250242,0.0,0.0,0.0,0.0,0.03404334278902343,0.01305570080250242,1,85,1788682727.7883022
1788682771.265200,43.464000,gate_sweep_poor_none_r09,0.002938702702522278,-0.01195531990379095,-0.031672507524490356,-0.013031776324139332,0.0,0.0,0.0,0.0,0.03398107385684993,0.013031776324139332,1,85,1788682727.8011823
1788682771.307800,43.496000,gate_sweep_poor_none_r09,0.002438889816403389,-0.012207197025418282,-0.031479790806770325,-0.013083082529010704,0.0,0.0,0.0,0.0,0.033851751387364855,0.013083082529010703,1,85,1788682727.8117797
1788682771.351301,43.528000,gate_sweep_poor_none_r09,0.001887226477265358,-0.01254081167280674,-0.031276822090148926,-0.01197956795580982,0.0,0.0,0.0,0.0,0.033750158240342,0.01197956795580982,1,85,1788682727.8232832
1788682771.395534,43.564000,gate_sweep_poor_none_r09,0.0014993026852607727,-0.01281363982707262,-0.031164050102233887,-0.012662692681181639,0.0,0.0,0.0,0.0,0.03372884956434945,0.012662692681181639,1,85,1788682727.8315144
1788682771.438536,43.596000,gate_sweep_poor_none_r09,0.001170676201581955,-0.01304716244339943,-0.03114156424999237,-0.013055621562408784,0.0,0.0,0.0,0.0,0.033784552010198476,0.013055621562408784,1,85,1788682727.8425138
1788682771.481205,43.628000,gate_sweep_poor_none_r09,0.0009420085698366165,-0.013193479739129543,-0.031153306365013123,-0.012621743517099606,0.0,0.0,0.0,0.0,0.03384499645804139,0.012621743517099606,1,84,1788682727.8531787
1788682771.523430,43.660000,gate_sweep_poor_none_r09,0.000583898276090622,-0.013369225896894932,-0.031244799494743347,-0.013048800325033964,0.0,0.0,0.0,0.0,0.03398991959016293,0.013048800325033964,1,83,1788682727.863411
1788682771.572642,43.696000,gate_sweep_poor_none_r09,0.00027446262538433075,-0.01344227697700262,-0.03127492964267731,-0.013281456553194635,0.0,0.0,0.0,0.0,0.03404249350757966,0.013281456553194635,1,83,1788682727.876621
1788682771.615836,43.728000,gate_sweep_poor_none_r09,-4.887580871582031e-05,-0.013442540541291237,-0.03134112060070038,-0.013377160239203455,0.0,0.0,0.0,0.0,0.0341023478012377,0.013377160239203455,1,83,1788682727.8878167
1788682771.659977,43.760000,gate_sweep_poor_none_r09,-0.0004640016704797745,-0.01332105789333582,-0.03149329125881195,-0.012683199803431085,0.0,0.0,0.0,0.0,0.034197854834187684,0.012683199803431085,1,83,1788682727.8999584
1788682771.704494,43.792000,gate_sweep_poor_none_r09,-0.0008095484226942062,-0.013073881156742573,-0.031607791781425476,-0.014183113468235645,0.0,0.0,0.0,0.0,0.03421453256216228,0.014183113468235645,1,83,1788682727.9124744
1788682771.753802,43.828000,gate_sweep_poor_none_r09,-0.001068050041794777,-0.012837449088692665,-0.031730830669403076,-0.014176205671309788,0.0,0.0,0.0,0.0,0.034245969762395176,0.014176205671309788,1,83,1788682727.9257784
1788682771.795705,43.860000,gate_sweep_poor_none_r09,-0.0015022847801446915,-0.01239513885229826,-0.03193169832229614,-0.014210420192535057,0.0,0.0,0.0,0.0,0.03428599837360054,0.014210420192535057,1,83,1788682727.9356756
1788682771.837725,43.892000,gate_sweep_poor_none_r09,-0.0018274374306201935,-0.012003907933831215,-0.03201080858707428,-0.0151771513950795,0.0,0.0,0.0,0.0,0.034236314048755837,0.0151771513950795,1,83,1788682727.9457002
1788682771.884453,43.924000,gate_sweep_poor_none_r09,-0.002060292288661003,-0.0115459393709898,-0.032044440507888794,-0.017282105389896676,0.0,0.0,0.0,0.0,0.03412330124324012,0.017282105389896676,1,83,1788682727.9604318
1788682771.925914,43.960000,gate_sweep_poor_none_r09,-0.002176772803068161,-0.010849323123693466,-0.03202706575393677,-0.01860069343163592,0.0,0.0,0.0,0.0,0.03388479146882088,0.01860069343163592,1,83,1788682727.9658937
1788682771.970091,43.992000,gate_sweep_poor_none_r09,-0.0021034814417362213,-0.010218944400548935,-0.031925588846206665,-0.02117040501613843,0.0,0.0,0.0,0.0,0.03358712077589079,0.02117040501613843,1,83,1788682727.9780617
1788682772.015970,44.024000,gate_sweep_poor_none_r09,-0.0019801445305347443,-0.009701842442154884,-0.031824588775634766,-0.022185151536148893,0.0,0.0,0.0,0.0,0.03332943398668004,0.02218515153614889,1,83,1788682727.9919512
1788682772.059839,44.056000,gate_sweep_poor_none_r09,-0.0016861893236637115,-0.008793864399194717,-0.031624749302864075,-0.02320014333016381,0.0,0.0,0.0,0.0,0.032867918309130315,0.02320014333016381,1,83,1788682728.0038188
1788682772.105883,44.092000,gate_sweep_poor_none_r09,-0.0014167111366987228,-0.008044589310884476,-0.03149327635765076,-0.024669310747537927,0.0,0.0,0.0,0.0,0.03253534913544047,0.024669310747537927,1,83,1788682728.0138528
1788682772.151645,44.124000,gate_sweep_poor_none_r09,-0.001181717962026596,-0.007315816357731819,-0.03132423758506775,-0.02507918744248907,0.0,0.0,0.0,0.0,0.03218890315943685,0.02507918744248907,1,83,1788682728.0276186
1788682772.194192,44.156000,gate_sweep_poor_none_r09,-0.0009808409959077835,-0.006606891751289368,-0.031133830547332764,-0.025813940961135685,0.0,0.0,0.0,0.0,0.03184224351741786,0.025813940961135685,1,82,1788682728.0381706
1788682772.238253,44.188000,gate_sweep_poor_none_r09,-0.0007935222238302231,-0.0057993195950984955,-0.030809715390205383,-0.026555061100072445,0.0,0.0,0.0,0.0,0.031360809104856724,0.026555061100072445,1,82,1788682728.0502312
1788682772.281591,44.224000,gate_sweep_poor_none_r09,-0.000768076628446579,-0.005378996953368187,-0.03062155842781067,-0.027836667512631127,0.0,0.0,0.0,0.0,0.031099893737428313,0.027836667512631124,1,82,1788682728.0575693
1788682772.325447,44.256000,gate_sweep_poor_none_r09,-0.0008408669382333755,-0.0048751868307590485,-0.030373677611351013,-0.028588310678835632,0.0,0.0,0.0,0.0,0.030773930452266025,0.028588310678835625,1,82,1788682728.0694199
1788682772.369047,44.288000,gate_sweep_poor_none_r09,-0.001024322584271431,-0.004399551078677177,-0.0301581472158432,-0.028571261163584626,0.0,0.0,0.0,0.0,0.030494575418310205,0.028571261163584626,1,82,1788682728.0810237
1788682772.416522,44.320000,gate_sweep_poor_none_r09,-0.0013566911220550537,-0.003829488530755043,-0.02989688515663147,-0.028667142793814045,0.0,0.0,0.0,0.0,0.03017166444325965,0.028667142793814045,1,82,1788682728.0964954
1788682772.462567,44.356000,gate_sweep_poor_none_r09,-0.0017114561051130295,-0.0033977553248405457,-0.02964457869529724,-0.030156831850791616,0.0,0.0,0.0,0.0,0.029887704315803214,0.030156831850791616,1,82,1788682728.106546
1788682772.505714,44.388000,gate_sweep_poor_none_r09,-0.002036426216363907,-0.0030902884900569916,-0.029453247785568237,-0.030156858904201708,0.0,0.0,0.0,0.0,0.02968485674219354,0.030156858904201708,1,82,1788682728.117685
1788682772.549563,44.420000,gate_sweep_poor_none_r09,-0.002639204263687134,-0.002618664875626564,-0.02915012836456299,-0.030529724127313546,0.0,0.0,0.0,0.0,0.02938626870745594,0.030529724127313546,1,82,1788682728.1295433
1788682772.595003,44.452000,gate_sweep_poor_none_r09,-0.00315859355032444,-0.002330359071493149,-0.02892094850540161,-0.030700292272065114,0.0,0.0,0.0,0.0,0.029186101984854593,0.030700292272065114,1,82,1788682728.1429796
1788682772.638225,44.488000,gate_sweep_poor_none_r09,-0.0036937687546014786,-0.002126336097717285,-0.028720498085021973,-0.029870128314346156,0.0,0.0,0.0,0.0,0.029035017531675034,0.02987012831434615,1,82,1788682728.1502044
1788682772.682452,44.520000,gate_sweep_poor_none_r09,-0.004378829151391983,-0.0019849594682455063,-0.028544604778289795,-0.02926201770744461,0.0,0.0,0.0,0.0,0.028946652151439246,0.02926201770744461,1,82,1788682728.1624267
1788682772.727597,44.552000,gate_sweep_poor_none_r09,-0.004906957969069481,-0.0019441507756710052,-0.02850058674812317,-0.028964732891689535,0.0,0.0,0.0,0.0,0.02898519283593005,0.028964732891689535,1,82,1788682728.1755695
1788682772.771177,44.584000,gate_sweep_poor_none_r09,-0.005278510972857475,-0.001943616196513176,-0.028521567583084106,-0.029097791020532122,0.0,0.0,0.0,0.0,0.02907095009466253,0.029097791020532122,1,82,1788682728.1871567
1788682772.813443,44.620000,gate_sweep_poor_none_r09,-0.005838638171553612,-0.0019656531512737274,-0.028606563806533813,-0.02898108664943387,0.0,0.0,0.0,0.0,0.029262415840574846,0.02898108664943387,1,80,1788682728.1934223
1788682772.856410,44.652000,gate_sweep_poor_none_r09,-0.006168680265545845,-0.0020364876836538315,-0.02867276966571808,-0.02991288712598988,0.0,0.0,0.0,0.0,0.02939944929088862,0.02991288712598988,1,78,1788682728.204382
1788682772.898966,44.684000,gate_sweep_poor_none_r09,-0.006385905668139458,-0.002141213044524193,-0.02872219681739807,-0.03018772669930036,0.0,0.0,0.0,0.0,0.029501341910526172,0.03018772669930036,1,78,1788682728.2149465
1788682772.944131,44.716000,gate_sweep_poor_none_r09,-0.006413344293832779,-0.002340046688914299,-0.028714269399642944,-0.029065856826133638,-0.0008275881409645081,-0.0019425395876169205,0.001647844910621643,0.022551876851321994,0.030874207181472064,0.05161773367745564,1,71,1788682728.2281048
1788682772.987657,44.752000,gate_sweep_poor_none_r09,-0.006226165220141411,-0.0025736335664987564,-0.02864520251750946,-0.029113235215112918,0.0007156282663345337,0.0023747426457703114,-0.0007486192043870687,-0.03401384909278932,0.029170092294900418,0.0049006138776764,1,59,1788682728.2356374
1788682773.031845,44.784000,gate_sweep_poor_none_r09,-0.005970928817987442,-0.002794109284877777,-0.0285758376121521,-0.023081365751207995,-0.0006123929051682353,0.00224011461250484,-0.0005288567626848817,-0.035402005893574354,0.028994662476882403,0.012320640142366357,1,56,1788682728.2478235
1788682773.070668,44.816000,gate_sweep_poor_none_r09,-0.0054665543138980865,-0.0031035691499710083,-0.0284712016582489,-0.01333314018117864,-0.0020293742418289185,0.001417367602698505,-0.000877499405760318,-0.015298182736771165,0.028172069146025835,0.001965042555592526,1,147,1788682728.254642
1788682773.113355,44.848000,gate_sweep_poor_none_r09,-0.004540635272860527,-0.0035613030195236206,-0.028318732976913452,-0.01254293252853504,-0.003051802283152938,-4.8597692511975765e-05,0.0007518679485656321,0.010004526868604778,0.02931988336528853,0.02254745939713982,1,99,1788682728.2653403
1788682773.164937,44.884000,gate_sweep_poor_none_r09,-0.0035238824784755707,-0.0040256306529045105,-0.028208717703819275,-0.012368740737829068,-0.00432713283225894,-0.0009682376403361559,0.001564309000968933,0.023847909696687982,0.029940373784042622,0.03621665043451705,1,81,1788682728.2809174
1788682773.208582,44.916000,gate_sweep_poor_none_r09,-0.002246057614684105,-0.004594169557094574,-0.028099164366722107,0.011965232649571573,-0.0052388980984687805,-2.4228764232248068e-05,0.00019715761300176382,0.012575545845296418,0.028818800991572358,0.0006103131957248447,1,73,1788682728.2925675
1788682773.252554,44.948000,gate_sweep_poor_none_r09,-0.0011649597436189651,-0.005051909014582634,-0.028007522225379944,0.07334852854526015,-0.005955860018730164,0.0001286162150790915,-0.0017688717925921082,0.03049462872125062,0.02717089147663837,0.04285389982400953,1,69,1788682728.3045046
1788682773.295732,44.980000,gate_sweep_poor_none_r09,0.0009675193578004837,-0.0059762075543403625,-0.02779567241668701,0.3277081377556065,-0.006490543484687805,0.0002489209291525185,-0.00483348872512579,0.15143201695204525,0.024932645384786168,0.17627612080356123,1,206,1788682728.31568
1788682773.337181,45.016000,gate_sweep_poor_none_r09,0.002971358597278595,-0.006880534812808037,-0.027600839734077454,0.7246478300223845,-0.008720025420188904,6.249407306313515e-06,-0.013126477599143982,0.45643761022962676,0.019839944968459623,0.2682102197927578,1,226,1788682728.3211613
1788682773.382414,45.048000,gate_sweep_poor_none_r09,0.005297241732478142,-0.00790061429142952,-0.02741234004497528,1.3130632008488707,-0.012568593956530094,0.004344519227743149,-0.01727154850959778,0.9009888114619156,0.02391583226093105,0.4120743893869553,1,114,1788682728.334371
1788682773.422789,45.080000,gate_sweep_poor_none_r09,0.008743749931454659,-0.009238842874765396,-0.027141064405441284,2.3110686786469805,-0.011752397753298283,0.003407276701182127,-0.020709142088890076,1.55132480045432,0.02492761590947911,0.7597438781926606,1,248,1788682728.342774
1788682773.468118,45.112000,gate_sweep_poor_none_r09,0.012028242461383343,-0.010257994756102562,-0.026928618550300598,3.307348906164389,-0.007017100229859352,0.0023798211477696896,-0.03846435248851776,2.3581641336962793,0.025602980813576634,0.9491847724681095,1,141,1788682728.3560934
1788682773.511257,45.148000,gate_sweep_poor_none_r09,0.014802128076553345,-0.010955728590488434,-0.02679826319217682,4.169747208465739,-0.0020656976848840714,-0.0039621819742023945,-0.06189899519085884,3.4951867352162966,0.039566331988645065,0.6745604732494425,1,267,1788682728.363237
1788682773.554830,45.180000,gate_sweep_poor_none_r09,0.020111094694584608,-0.011889373883605003,-0.026604950428009033,5.80759485879222,0.003471765201538801,-0.00678284652531147,-0.07807035744190216,4.61131741454594,0.05432892440261287,1.1962774442462802,1,152,1788682728.3748047
1788682773.597738,45.212000,gate_sweep_poor_none_r09,0.024771740892902017,-0.01242742408066988,-0.026473522186279297,7.293100167390501,0.0010133711621165276,-0.014389870688319206,-0.06961270421743393,5.819421057165266,0.049287933160862746,1.4736791102252351,1,250,1788682728.3856912
1788682773.642190,45.244000,gate_sweep_poor_none_r09,0.029524095822125673,-0.012829774059355259,-0.02640773355960846,8.89338039754946,-0.00563302356749773,-0.019979076460003853,-0.05843638256192207,7.1285396933410325,0.04809334595872446,1.7648407042084275,1,317,1788682728.3981676
1788682773.684271,45.280000,gate_sweep_poor_none_r09,0.03554320614784956,-0.013246459886431694,-0.026357367634773254,11.122526461894973,-0.01666364073753357,-0.02570180967450142,-0.05840887501835823,8.820952856825206,0.06251391625563871,2.301573605069766,1,301,1788682728.4042459
1788682773.726737,45.312000,gate_sweep_poor_none_r09,0.04044310934841633,-0.013583838008344173,-0.0263625830411911,13.042035191467766,-0.0262741781771183,-0.027627890929579735,-0.030757827684283257,10.442940342566073,0.0683209342199882,2.5990948489016925,1,293,1788682728.4147089
1788682773.769972,45.344000,gate_sweep_poor_none_r09,0.04413631744682789,-0.013908576220273972,-0.026389211416244507,14.548094362308037,-0.0433080717921257,-0.03150295466184616,0.004326516762375832,12.01768477377491,0.09433736968806039,2.5304095885331255,1,161,1788682728.425956
1788682773.818249,45.376000,gate_sweep_poor_none_r09,0.050314104184508324,-0.014531304128468037,-0.026474729180336,17.121884128554086,-0.05406317114830017,-0.03757371008396149,0.035110633820295334,13.698571248345997,0.12336257541912053,3.4233128802080888,1,302,1788682728.4422262
1788682773.862954,45.412000,gate_sweep_poor_none_r09,0.05495545640587807,-0.015173287130892277,-0.026056483387947083,18.954151046814086,-0.05598808825016022,-0.04479622095823288,0.038338761776685715,15.784009648603762,0.13165384882030043,3.170141398210326,1,300,1788682728.450935
1788682773.910847,45.444000,gate_sweep_poor_none_r09,0.060094207525253296,-0.015608676709234715,-0.026396751403808594,20.749931813866482,-0.05417577177286148,-0.04944424331188202,0.04130459949374199,17.50538602537747,0.1370618351309621,3.244545788489011,1,319,1788682728.4668314
1788682773.960054,45.476000,gate_sweep_poor_none_r09,0.06483045220375061,-0.015781838446855545,-0.026016727089881897,22.43445541053763,-0.04823335260152817,-0.051217276602983475,0.04217182844877243,19.06636967193739,0.1367068884175596,3.368085738600238,1,196,1788682728.4840298
1788682774.002569,45.508000,gate_sweep_poor_none_r09,0.0720604807138443,-0.015286266803741455,-0.026829570531845093,24.8108855181891,-0.029297959059476852,-0.053134869784116745,0.01798589900135994,20.572624340735683,0.11710882276895142,4.23826117745342,1,288,1788682728.494556
1788682774.048556,45.544000,gate_sweep_poor_none_r09,0.07626616582274437,-0.014833864755928516,-0.027023926377296448,26.036234201177795,-0.014805146493017673,-0.054747410118579865,-0.00800987146794796,22.319188279691648,0.10123541531710738,3.7170459214861435,1,286,1788682728.5045128
1788682774.093789,45.576000,gate_sweep_poor_none_r09,0.08170600607991219,-0.014073848724365234,-0.026773586869239807,27.587826657866525,-0.0225520096719265,-0.05700845643877983,-0.0014806445688009262,23.662521965929397,0.1155545209773925,3.925304691937127,1,161,1788682728.5177662
1788682774.136456,45.608000,gate_sweep_poor_none_r09,0.08805887773633003,-0.012912709265947342,-0.02655862271785736,29.136156004921162,-0.018784144893288612,-0.061205387115478516,-0.0016022534109652042,24.934077407788504,0.11987674748463019,4.202078597132657,1,276,1788682728.5284407
1788682774.183114,45.640000,gate_sweep_poor_none_r09,0.09657439216971397,-0.011340984143316746,-0.026184633374214172,31.275042950596113,-0.0009956732392311096,-0.05415533483028412,-0.006634978577494621,26.06945037891614,0.10832901407897769,5.205592571679973,1,151,1788682728.543092
1788682774.226857,45.676000,gate_sweep_poor_none_r09,0.10363024845719337,-0.00994795747101307,-0.025796979665756226,33.35402041704178,0.011117527261376381,-0.05806341394782066,-0.0038984306156635284,27.776487647923215,0.10655161747024701,5.577532769118567,1,258,1788682728.550842
1788682774.271433,45.708000,gate_sweep_poor_none_r09,0.10905961319804192,-0.00897960364818573,-0.025441527366638184,35.121073796094386,0.02149916999042034,-0.060357335954904556,-0.006406119558960199,29.817768702716535,0.10329012219036528,5.303305093377852,1,147,1788682728.5634139
1788682774.319006,45.740000,gate_sweep_poor_none_r09,0.11845602467656136,-0.0075018443167209625,-0.02465824782848358,38.42374117419348,0.030543874949216843,-0.06680275499820709,-0.00571844819933176,32.13620066740205,0.10772121465769431,6.28754050679143,1,255,1788682728.5789905
1788682774.370976,45.772000,gate_sweep_poor_none_r09,0.12667114660143852,-0.006046112626791,-0.023656785488128662,41.301628977217575,0.05181006342172623,-0.07417131960391998,-0.005990746896713972,34.78227677551463,0.10274879327773061,6.519352201702944,1,283,1788682728.5989592
1788682774.416139,45.808000,gate_sweep_poor_none_r09,0.13597389683127403,-0.0037012510001659393,-0.021521657705307007,44.283041617031934,0.08877624571323395,-0.07558867335319519,-0.010561417788267136,38.384165867978254,0.0866922523796799,5.89887574905368,1,268,1788682728.608119
1788682774.462750,45.840000,gate_sweep_poor_none_r09,0.1489497907459736,0.0005700215697288513,-0.015685170888900757,48.14755689508535,0.13016757369041443,-0.07230638712644577,-0.014393179677426815,41.658456461421544,0.07526893026518006,6.489100433663803,1,244,1788682728.622716
1788682774.506081,45.872000,gate_sweep_poor_none_r09,0.16005459800362587,0.004943694919347763,-0.008082777261734009,51.36586573116278,0.17425118386745453,-0.06156335026025772,-0.016284188255667686,44.98196822287948,0.0684981258940897,6.383897508283298,1,231,1788682728.6340532
1788682774.553363,45.904000,gate_sweep_poor_none_r09,0.1685497649013996,0.008648175746202469,-0.0004989504814147949,53.855681212114334,0.21493028104305267,-0.049117207527160645,-0.02216203138232231,48.428792940091945,0.07718342345610191,5.426888272022388,1,254,1788682728.6493452
1788682774.603618,45.940000,gate_sweep_poor_none_r09,0.18236536160111427,0.015290271490812302,0.015933901071548462,58.138638578135996,0.25311988592147827,-0.03479450196027756,-0.019398018717765808,52.41218582597388,0.09361106665051154,5.726452752162116,1,277,1788682728.6635952
1788682774.650899,45.972000,gate_sweep_poor_none_r09,0.1925812102854252,0.020756922662258148,0.03340992331504822,61.639629934225184,0.28259599208831787,-0.026232944801449776,-0.012385495938360691,56.019267640416224,0.11139088388137833,5.620362293808961,1,303,1788682728.6788828
1788682774.697428,46.004000,gate_sweep_poor_none_r09,0.20154843106865883,0.025999296456575394,0.055631667375564575,65.15472001685922,0.3049299716949463,-0.026234664022922516,0.0013306522741913795,59.6324339487384,0.12792470367633468,5.522286068120808,1,312,1788682728.6934028
1788682774.744045,46.036000,gate_sweep_poor_none_r09,0.21041228249669075,0.03185407444834709,0.09149742126464844,69.51001185330095,0.3275720477104187,-0.024806734174489975,0.017416778951883316,63.25289623857684,0.14974912148056652,6.257115614724107,1,338,1788682728.7080264
1788682774.788283,46.072000,gate_sweep_poor_none_r09,0.2153291441500187,0.035711146891117096,0.12702828645706177,72.92191574366566,0.3557370901107788,-0.02111985720694065,0.03689635545015335,67.39638579366078,0.17626094094480288,5.5255299500048825,1,365,1788682728.7162669
1788682774.835072,46.104000,gate_sweep_poor_none_r09,0.2177020199596882,0.037996094673871994,0.15749815106391907,75.41683745229317,0.36707180738449097,-0.028298325836658478,0.06864870339632034,70.83248531863298,0.18601211771547352,4.58435213366018,1,178,1788682728.7310448
1788682774.878441,46.136000,gate_sweep_poor_none_r09,0.2191813923418522,0.04014340415596962,0.2027081996202469,78.63412143866148,0.3797208368778229,-0.03090076521039009,0.0948578491806984,74.08252611995567,0.20603855304968396,4.551595318705808,1,401,1788682728.7424173
1788682774.928091,46.168000,gate_sweep_poor_none_r09,0.2184581644833088,0.04128914698958397,0.26563675701618195,82.44565099828621,0.38634610176086426,-0.02621038816869259,0.12670499086380005,77.17191346387479,0.22813281740274882,5.273737534411424,1,233,1788682728.7600555
1788682774.970678,46.204000,gate_sweep_poor_none_r09,0.21604237332940102,0.040936317294836044,0.3202083855867386,85.2996065046806,0.379232257604599,-0.025477515533566475,0.1717296540737152,80.25096561864699,0.23040761539590654,5.048640886033613,1,398,1788682728.766661
1788682775.051315,46.236000,gate_sweep_poor_none_r09,0.2133297361433506,0.039900097995996475,0.3631478101015091,87.31306722964543,0.36087745428085327,-0.03452402353286743,0.24100378155708313,82.65414247587177,0.2054956026341892,4.6589247537736584,1,219,1788682728.8152966
1788682775.122800,46.268000,gate_sweep_poor_none_r09,0.2088191695511341,0.03762994334101677,0.4223336726427078,89.81496450610219,0.3507636487483978,-0.03999185562133789,0.29911738634109497,85.01608153525187,0.2033608419993772,4.79888297085031,1,396,1788682728.8547802
1788682775.169195,46.300000,gate_sweep_poor_none_r09,0.20176320150494576,0.033333130180835724,0.4991520196199417,92.63942517463843,0.34991106390953064,-0.043627962470054626,0.36570900678634644,87.32736345065652,0.21372373895094998,5.312061723981909,1,234,1788682728.8691795
1788682775.213489,46.336000,gate_sweep_poor_none_r09,0.1951940692961216,0.0288442000746727,0.5624196082353592,94.64647412810643,0.3226425051689148,-0.048625703901052475,0.43631449341773987,89.34202201857411,0.1953130559168908,5.304452109532321,1,388,1788682728.8774714
1788682775.258830,46.368000,gate_sweep_poor_none_r09,0.18798382952809334,0.02349713072180748,0.6270292550325394,96.4237740266884,0.32636788487434387,-0.051737528294324875,0.49396437406539917,91.31787240719207,0.2061956916090805,5.1059016194963425,1,238,1788682728.8908048
1788682775.303725,46.400000,gate_sweep_poor_none_r09,0.17835209146142006,0.015686579048633575,0.709515169262886,98.32215528918799,0.3233695328235626,-0.06229879707098007,0.546853244304657,92.95027886544608,0.23145340571885437,5.371876423741914,1,411,1788682728.9037087
1788682775.348531,46.432000,gate_sweep_poor_none_r09,0.17035577073693275,0.008613016456365585,0.7767085582017899,99.58414746318735,0.3284379839897156,-0.07433618605136871,0.6062509417533875,94.42669074141794,0.24683264644053485,5.157456721769408,1,232,1788682728.9165092
1788682775.390054,46.468000,gate_sweep_poor_none_r09,0.16426539793610573,0.002902831882238388,0.8278064280748367,100.38278763559953,0.31628724932670593,-0.09577007591724396,0.6849207282066345,95.5911747697473,0.23078845131560816,4.79161286585223,1,401,1788682728.9220376
1788682775.436806,46.500000,gate_sweep_poor_none_r09,0.1540808416903019,-0.00731818750500679,0.9143708497285843,101.43739862086123,0.3124809265136719,-0.12231156975030899,0.7543221116065979,96.53626710570497,0.25284315969925936,4.901131515156268,1,243,1788682728.9367824
1788682775.480456,46.532000,gate_sweep_poor_none_r09,0.14601556584239006,-0.016033894382417202,0.9849171787500381,102.04300250956874,0.2975529432296753,-0.14947928488254547,0.8256295919418335,97.1492502306055,0.25718433914670924,4.893752278963235,1,396,1788682728.9484363
1788682775.524845,46.564000,gate_sweep_poor_none_r09,0.1381271667778492,-0.025144672370515764,1.0568227916955948,102.44858737336425,0.29275283217430115,-0.18044734001159668,0.893153727054596,97.59104829123368,0.2735243639901042,4.857539082130565,1,225,1788682728.96081
1788682775.567659,46.600000,gate_sweep_poor_none_r09,0.12865066900849342,-0.036941127851605415,1.1489050537347794,102.68748467191493,0.28082841634750366,-0.21971479058265686,0.976708710193634,97.79137534448988,0.29362537237479996,4.89610932742506,1,353,1788682728.9676383
1788682775.612563,46.632000,gate_sweep_poor_none_r09,0.12145154550671577,-0.046605052426457405,1.2246583849191666,102.68065406119592,0.26806962490081787,-0.2583155035972595,1.04637610912323,97.80417348064228,0.313213579212553,4.876480580553646,1,235,1788682728.9805465
1788682775.657193,46.664000,gate_sweep_poor_none_r09,0.11629888042807579,-0.053974417969584465,1.282877579331398,102.57137738136693,0.2561533451080322,-0.29268917441368103,1.1144976615905762,97.66592326673133,0.32387621544887707,4.9054541146356145,1,164,1788682728.9931657
1788682775.700795,46.696000,gate_sweep_poor_none_r09,0.10823473706841469,-0.06637881323695183,1.38274385035038,102.21429564242749,0.24832797050476074,-0.3197602331638336,1.192641019821167,97.43430215469307,0.34636302371071886,4.779993487734427,1,368,1788682729.0047743
1788682775.744505,46.732000,gate_sweep_poor_none_r09,0.10229567810893059,-0.07629454880952835,1.465072050690651,101.78304160986022,0.23226457834243774,-0.35511288046836853,1.2755390405654907,96.98707483967135,0.3613230397082788,4.79596677018887,1,227,1788682729.0124886
1788682775.789893,46.764000,gate_sweep_poor_none_r09,0.0967566929757595,-0.08605454117059708,1.5492344051599503,101.23968808341557,0.21391870081424713,-0.38718220591545105,1.3538169860839844,96.3585427591053,0.3776145842439705,4.881145324310258,1,161,1788682729.0258727
1788682775.833519,46.796000,gate_sweep_poor_none_r09,0.0915362797677517,-0.09557994082570076,1.6347519308328629,100.59592915022662,0.20922692120075226,-0.409397691488266,1.4343616962432861,95.73930218337071,0.3904982891520636,4.856626966855922,1,367,1788682729.0374954
1788682775.877851,46.828000,gate_sweep_poor_none_r09,0.08544421195983887,-0.10704826936125755,1.7432600408792496,99.67494898482485,0.1993342638015747,-0.4303761422634125,1.5119878053665161,94.93803405447558,0.4135198958006768,4.736914930349262,1,214,1788682729.049825
1788682775.920785,46.864000,gate_sweep_poor_none_r09,0.08202579244971275,-0.1136251948773861,1.8090338855981827,99.07304054981698,0.19908307492733002,-0.44508394598960876,1.6000494956970215,94.11960262987752,0.40895205867226003,4.953437919939463,1,401,1788682729.0567453
1788682775.967617,46.896000,gate_sweep_poor_none_r09,0.07772409170866013,-0.12200199440121651,1.8973255306482315,98.22674631070763,0.1957317590713501,-0.44678959250450134,1.679321050643921,93.31106441852548,0.4085813832518976,4.915681892182147,1,249,1788682729.0715973
1788682776.013714,46.928000,gate_sweep_poor_none_r09,0.07373109087347984,-0.12987421825528145,1.9860613495111465,97.34227696605855,0.18751932680606842,-0.4425376057624817,1.7619589567184448,92.4100430324862,0.40115837144392547,4.932233933572337,1,172,1788682729.0856876
1788682776.057511,46.960000,gate_sweep_poor_none_r09,0.06918751075863838,-0.13896726444363594,2.097329154610634,96.20646034162345,0.1957850605249405,-0.4244919419288635,1.7973476648330688,91.81365326215763,0.43305908981228175,4.392807079465827,1,387,1788682729.0974944
1788682776.102746,46.996000,gate_sweep_poor_none_r09,0.06585170328617096,-0.1455748863518238,2.186288610100746,95.28812946887213,0.17138810455799103,-0.4363371729850769,1.7763515710830688,90.64120578884798,0.5135455337944098,4.646923680024142,1,204,1788682729.1067128
1788682776.148639,47.028000,gate_sweep_poor_none_r09,0.06345759332180023,-0.15011097118258476,2.252676025032997,94.60044525043962,0.16655221581459045,-0.4324324131011963,1.8190193176269531,89.62939474510456,0.5276286929576387,4.971050505335053,1,369,1788682729.1206253
1788682776.194163,47.060000,gate_sweep_poor_none_r09,0.059548329561948776,-0.1569744236767292,2.3620782047510147,93.46574927489472,0.15540701150894165,-0.43873298168182373,1.907997488975525,88.63698176891903,0.5429236303136069,4.828767505975681,1,233,1788682729.134146
1788682776.238178,47.092000,gate_sweep_poor_none_r09,0.056435033679008484,-0.1617993749678135,2.4480247646570206,92.58063869213743,0.1510637104511261,-0.4340760111808777,2.044529438018799,87.81019681244166,0.495880662774854,4.7704418796957615,1,164,1788682729.1461573
1788682776.281063,47.128000,gate_sweep_poor_none_r09,0.053297847509384155,-0.16605724766850471,2.5322036892175674,91.72470841963774,0.15404585003852844,-0.3964582681655884,2.1538805961608887,87.06397819669652,0.4542721133854492,4.66073022294121,1,358,1788682729.1530387
1788682776.327005,47.160000,gate_sweep_poor_none_r09,0.04935934953391552,-0.17059879377484322,2.6345408111810684,90.70677833234603,0.1390179991722107,-0.3873910903930664,2.164669990539551,86.17257272942437,0.5251820269376128,4.534205602921654,1,173,1788682729.166983
1788682776.370822,47.192000,gate_sweep_poor_none_r09,0.046139832586050034,-0.17355792596936226,2.7138352543115616,89.94286914152933,0.13531474769115448,-0.37652453780174255,2.191295623779297,85.41033686256615,0.5676224770739038,4.532532278963166,1,349,1788682729.1787872
1788682776.413819,47.224000,gate_sweep_poor_none_r09,0.04366162046790123,-0.17538859322667122,2.7716918140649796,89.40320124520898,0.12533272802829742,-0.3808014392852783,2.2249374389648438,84.66727720613777,0.5897499078653415,4.735924039071219,1,233,1788682729.1898
1788682776.459656,47.260000,gate_sweep_poor_none_r09,0.03943986352533102,-0.17772628739476204,2.8649797588586807,88.57297598801182,0.10778303444385529,-0.38632732629776,2.3150007724761963,83.82366887829413,0.592167263452577,4.749307109717691,1,182,1788682729.1996355
1788682776.502497,47.292000,gate_sweep_poor_none_r09,0.035966528579592705,-0.17894061282277107,2.936664119362831,87.9754352081511,0.10038166493177414,-0.32549816370010376,2.3444631099700928,83.3108498665384,0.6134577907535369,4.664585341612694,1,325,1788682729.2104802
1788682776.547603,47.324000,gate_sweep_poor_none_r09,0.03240329772233963,-0.1796688623726368,3.005750432610512,87.44158306204781,0.08147478848695755,-0.32311493158340454,2.37587571144104,82.6288455312063,0.6478633732093535,4.8127375308415115,1,186,1788682729.2235696
1788682776.590198,47.356000,gate_sweep_poor_none_r09,0.02776854927651584,-0.17986616864800453,3.0883324295282364,86.8644436335389,0.06617676466703415,-0.30936017632484436,2.414496660232544,81.96102497853708,0.6872397929514934,4.903418655001819,1,325,1788682729.2341638
1788682776.636718,47.392000,gate_sweep_poor_none_r09,0.023917730282846605,-0.17956287041306496,3.1513681560754776,86.47884809615405,0.06597387790679932,-0.2975015640258789,2.480536699295044,81.56529610025677,0.6824171000277057,4.913551995897275,1,195,1788682729.244677
1788682776.681204,47.424000,gate_sweep_poor_none_r09,0.020956099499017,-0.17906038835644722,3.196866527199745,86.23484312678221,0.045983243733644485,-0.28566914796829224,2.554983615875244,81.12670361775454,0.6511570144173633,5.108139509027671,1,145,1788682729.2571766
1788682776.728345,47.456000,gate_sweep_poor_none_r09,0.016901616472750902,-0.17803605273365974,3.255231633782387,85.96952345653013,0.031464025378227234,-0.22244539856910706,2.627077341079712,80.86874742539975,0.6298905215920148,5.1007760311303825,1,318,1788682729.272329
1788682776.773140,47.488000,gate_sweep_poor_none_r09,0.01167323812842369,-0.1762583889067173,3.324570193886757,85.73289256609542,0.014171624556183815,-0.20213164389133453,2.700108528137207,80.58561917027721,0.6250024313944258,5.147273395818215,1,165,1788682729.2851117
1788682776.818606,47.524000,gate_sweep_poor_none_r09,0.007426979020237923,-0.17448106780648232,3.377231851220131,85.61766760022282,0.018944615498185158,-0.18799416720867157,2.767521619796753,80.56971271984409,0.609968709121903,5.047954880378724,1,331,1788682729.29459
1788682776.863882,47.556000,gate_sweep_poor_none_r09,0.003169124945998192,-0.17244886234402657,3.42751981317997,85.56506667061835,0.016095183789730072,-0.17722636461257935,2.8289573192596436,80.57669532685324,0.5987211092430917,4.988371343765117,1,193,1788682729.3078542
1788682776.907984,47.588000,gate_sweep_poor_none_r09,7.7076256275177e-06,-0.17079580202698708,3.4638142734766006,85.5648552795038,0.0045119524002075195,-0.1785944253206253,2.8832952976226807,80.54510411713157,0.5805888287529735,5.019751162372228,1,143,1788682729.3199623
1788682776.955306,47.620000,gate_sweep_poor_none_r09,-0.0050454773008823395,-0.16777722910046577,3.5214598327875137,85.63173073188516,-0.0022101467475295067,-0.1709984540939331,2.9031288623809814,80.5726756564203,0.6183458614349167,5.059055075464863,1,329,1788682729.3352818
1788682777.000500,47.656000,gate_sweep_poor_none_r09,-0.008876390755176544,-0.16506833210587502,3.5651300102472305,85.74036798668978,-0.023851878941059113,-0.15926410257816315,2.9093377590179443,80.53956637607709,0.655988895560886,5.20080161061269,1,169,1788682729.3444784
1788682777.047575,47.688000,gate_sweep_poor_none_r09,-0.012516278773546219,-0.16209836676716805,3.60672165453434,85.89396929520298,-0.03829214349389076,-0.1386190801858902,2.9245965480804443,80.59603038039849,0.6830156169189586,5.297938914804486,1,302,1788682729.359557
1788682777.094937,47.720000,gate_sweep_poor_none_r09,-0.016852624714374542,-0.15803978219628334,3.655939593911171,86.14309684756758,-0.04140738770365715,-0.12669917941093445,2.954742193222046,80.8463188594929,0.7023268217159261,5.296777988074685,1,167,1788682729.3749194
1788682777.140044,47.752000,gate_sweep_poor_none_r09,-0.020174898207187653,-0.154563058167696,3.693180814385414,86.38303289394452,-0.05195959657430649,-0.1221863180398941,3.0005388259887695,81.07056665764809,0.6941263893857151,5.312466236296441,1,126,1788682729.3880258
1788682777.188012,47.788000,gate_sweep_poor_none_r09,-0.022601958364248276,-0.15183011069893837,3.7199320942163467,86.5857587440442,-0.05928845331072807,-0.08739053457975388,3.0302231311798096,81.41028321382764,0.6936835096604312,5.175475530216561,1,324,1788682729.3999956
1788682777.234321,47.820000,gate_sweep_poor_none_r09,-0.02653282880783081,-0.14708608761429787,3.7624516636133194,86.96224956199372,-0.08484697341918945,-0.06160367652773857,3.067556381225586,81.57324704538208,0.7025576385974703,5.389002516611638,1,161,1788682729.4142938
1788682777.278081,47.852000,gate_sweep_poor_none_r09,-0.029577873647212982,-0.14316170290112495,3.79477359354496,87.29383054172813,-0.107301726937294,-0.04718822240829468,3.1024296283721924,81.76811155603762,0.7032724027283569,5.525718985690499,1,312,1788682729.4260612
1788682777.320117,47.884000,gate_sweep_poor_none_r09,-0.03249902278184891,-0.13916697725653648,3.825664535164833,87.64652039035,-0.11236560344696045,-0.03744671866297722,3.1416382789611816,82.15818171281244,0.696144813161357,5.488338677537567,1,174,1788682729.4361
1788682777.364709,47.920000,gate_sweep_poor_none_r09,-0.035890549421310425,-0.13418463990092278,3.8623829036951065,88.108089823484,-0.11762009561061859,-0.029941998422145844,3.1898934841156006,82.59706443806527,0.6854110200960908,5.511025385418721,1,134,1788682729.4446893
1788682777.410743,47.952000,gate_sweep_poor_none_r09,-0.03837472200393677,-0.1302071548998356,3.890318885445595,88.4900897341869,-0.12771740555763245,0.0027083605527877808,3.175596237182617,82.96877586237686,0.7324459797777966,5.521313871810026,1,307,1788682729.45871
1788682777.453245,47.984000,gate_sweep_poor_none_r09,-0.040096137672662735,-0.1272282935678959,3.9104643017053604,88.77915353497455,-0.1330292522907257,0.0227180328220129,3.1761884689331055,83.38933949680802,0.7551698240686207,5.389814038166528,1,202,1788682729.469226
1788682777.498545,48.016000,gate_sweep_poor_none_r09,-0.04273638501763344,-0.1222684495151043,3.9426345974206924,89.26318061521366,-0.14153797924518585,0.0291286688297987,3.201226234436035,83.76620671756648,0.763131183459722,5.496973897647188,1,131,1788682729.4825232
1788682777.541703,48.052000,gate_sweep_poor_none_r09,-0.044687751680612564,-0.11830006167292595,3.9671359211206436,89.65081997105887,-0.15126124024391174,0.06409361958503723,3.2072794437408447,84.10810844986527,0.7886743495533628,5.5427115211935964,1,326,1788682729.4896863
1788682777.586169,48.084000,gate_sweep_poor_none_r09,-0.04646157845854759,-0.11436039581894875,3.9906230121850967,90.0339487290277,-0.15521632134914398,0.06992576271295547,3.2206926345825195,84.53062639843827,0.7991131138223756,5.50332233058943,1,178,1788682729.5021486
1788682777.630184,48.116000,gate_sweep_poor_none_r09,-0.04806135222315788,-0.11048829928040504,4.013248458504677,90.40705882226656,-0.15822303295135498,0.07755936682224274,3.24133563041687,84.96309981828257,0.8020891065174928,5.443959003983986,1,136,1788682729.514165
1788682777.673403,48.148000,gate_sweep_poor_none_r09,-0.04981163516640663,-0.10577922686934471,4.040349021553993,90.85642233739499,-0.18692269921302795,0.10264493525028229,3.261944055557251,85.03400466900803,0.8174070995089624,5.822417668386961,1,364,1788682729.5253723
1788682777.717488,48.184000,gate_sweep_poor_none_r09,-0.050736863166093826,-0.10300338640809059,4.056023612618446,91.11542376854126,-0.20348940789699554,0.12559346854686737,3.2964022159576416,85.32129601675734,0.8078456091865425,5.79412775178391,1,197,1788682729.533468
1788682777.759550,48.216000,gate_sweep_poor_none_r09,-0.05181123688817024,-0.09931989386677742,4.076297298073769,91.44636358116387,-0.21082572638988495,0.14101269841194153,3.32694935798645,85.67935116330605,0.8028497356890686,5.767012417857802,1,367,1788682729.5435326
1788682777.803221,48.248000,gate_sweep_poor_none_r09,-0.052664872258901596,-0.09564575180411339,4.09587337076664,91.75820245442316,-0.2135506570339203,0.1520015150308609,3.36326265335083,86.03773556001617,0.7898935800384845,5.720466894406986,1,163,1788682729.555201
1788682777.845535,48.280000,gate_sweep_poor_none_r09,-0.05342103913426399,-0.09101689234375954,4.119463935494423,92.1163687199272,-0.21918368339538574,0.16203783452510834,3.3869330883026123,86.36807392629753,0.7925373121252199,5.748294793629671,1,371,1788682729.5655186
1788682777.890634,48.316000,gate_sweep_poor_none_r09,-0.053787436336278915,-0.08724906668066978,4.137635245919228,92.37912836883473,-0.21610930562019348,0.16989123821258545,3.407261371612549,86.77933633777276,0.791148230054374,5.59979203106197,1,217,1788682729.5746126
1788682777.935451,48.348000,gate_sweep_poor_none_r09,-0.05393310263752937,-0.08438097685575485,4.1508679538965225,92.56247344734146,-0.22055977582931519,0.18079832196235657,3.4214818477630615,87.01657595343364,0.7937812044645299,5.545897493907823,1,364,1788682729.5874078
1788682777.980960,48.380000,gate_sweep_poor_none_r09,-0.05398381128907204,-0.07954591140151024,4.172307029366493,92.83771963852314,-0.2177579402923584,0.18519189953804016,3.4434707164764404,87.31053983488576,0.792534191602493,5.527179803637383,1,187,1788682729.6009374
1788682778.023824,48.412000,gate_sweep_poor_none_r09,-0.05386543646454811,-0.07561242580413818,4.188881412148476,93.03231004144939,-0.21987967193126678,0.19609558582305908,3.456461191177368,87.50618004778038,0.7986396872478666,5.526129993669019,1,359,1788682729.6118062
1788682778.067084,48.448000,gate_sweep_poor_none_r09,-0.05360305681824684,-0.07158873975276947,4.204947963356972,93.20604030533008,-0.2241581678390503,0.20780454576015472,3.481790065765381,87.68983089948627,0.7937927933246275,5.516209405843812,1,168,1788682729.6190608
1788682778.113477,48.480000,gate_sweep_poor_none_r09,-0.05305790528655052,-0.06644879654049873,4.22436811029911,93.39378454939117,-0.23342110216617584,0.22165800631046295,3.4987778663635254,87.7484293215704,0.8012600169309231,5.645355227820775,1,354,1788682729.633459
1788682778.159428,48.512000,gate_sweep_poor_none_r09,-0.05247435346245766,-0.06227944418787956,4.239395156502724,93.51901584360134,-0.2364775538444519,0.23381774127483368,3.518296480178833,87.86144069026683,0.8009457047676977,5.657575153334511,1,185,1788682729.6474063
1788682778.206580,48.544000,gate_sweep_poor_none_r09,-0.05195433273911476,-0.059134311974048615,4.250370994210243,93.59969970661889,-0.24077753722667694,0.2444136142730713,3.532606601715088,87.9503517187838,0.801861128385594,5.649347987835087,1,349,1788682729.662563
1788682778.250066,48.580000,gate_sweep_poor_none_r09,-0.05098426714539528,-0.05390865541994572,4.268128409981728,93.70615562530742,-0.2417595386505127,0.2533932328224182,3.548875331878662,88.04415918814175,0.8050805208772027,5.661996437165672,1,169,1788682729.6700432
1788682778.292368,48.612000,gate_sweep_poor_none_r09,-0.050122473388910294,-0.04980341158807278,4.281846538186073,93.76726608995794,-0.24334575235843658,0.2582457959651947,3.5536563396453857,88.10231486422039,0.813935203232209,5.664951225737555,1,338,1788682729.6803465
1788682778.337156,48.644000,gate_sweep_poor_none_r09,-0.04914725944399834,-0.04574691131711006,4.295209422707558,93.80645685669813,-0.24347305297851562,0.26085832715034485,3.5613720417022705,88.1563890490455,0.8187103199845497,5.650067807652642,1,167,1788682729.693131
1788682778.379954,48.676000,gate_sweep_poor_none_r09,-0.04775773361325264,-0.04069919977337122,4.31139375269413,93.82694484520454,-0.24537044763565063,0.2674032151699066,3.570706844329834,88.16418311234831,0.8261930640349365,5.662761732856227,1,322,1788682729.7039363
1788682778.428293,48.712000,gate_sweep_poor_none_r09,-0.046507541090250015,-0.036657548509538174,4.323969855904579,93.82225124318953,-0.2437865138053894,0.2724458575248718,3.5836589336395264,88.19605892019003,0.8261502105080814,5.6261923229995,1,195,1788682729.7162724
1788682778.473245,48.744000,gate_sweep_poor_none_r09,-0.0454966239631176,-0.03362926188856363,4.333192363381386,93.80766810473311,-0.24476608633995056,0.27412450313568115,3.607529401779175,88.18100338576113,0.8130236357965506,5.626664718971989,1,149,1788682729.7292225
1788682778.519382,48.776000,gate_sweep_poor_none_r09,-0.04406968876719475,-0.029621288646012545,4.345219627022743,93.77290155109978,-0.24606065452098846,0.27776044607162476,3.627134323120117,88.2101306527209,0.8068025686406192,5.562770898378874,1,297,1788682729.7433412
1788682778.562810,48.808000,gate_sweep_poor_none_r09,-0.042168598622083664,-0.024688915815204382,4.35986615717411,93.70919179830857,-0.24314264953136444,0.2956736981868744,3.6561272144317627,88.20080085974365,0.7989188151002882,5.508390938564914,1,149,1788682729.7547877
1788682778.606710,48.844000,gate_sweep_poor_none_r09,-0.040539298206567764,-0.020818884018808603,4.371299758553505,93.6436623737904,-0.2450919896364212,0.3154122531414032,3.6827266216278076,88.14794281368913,0.7931116857435283,5.495719560101273,1,280,1788682729.7626848
1788682778.649759,48.876000,gate_sweep_poor_none_r09,-0.038814570754766464,-0.016995959915220737,4.3824658542871475,93.56396015498797,-0.24458125233650208,0.3345986306667328,3.7040793895721436,88.10404414617422,0.7913070699066022,5.45991600881374,1,151,1788682729.7737436
1788682778.697097,48.908000,gate_sweep_poor_none_r09,-0.037480954080820084,-0.014161618426442146,4.390686526894569,93.49922445957904,-0.2474711388349533,0.3505456745624542,3.7303056716918945,87.97572536299766,0.783077366018569,5.523499096581379,1,119,1788682729.7890766
1788682778.742361,48.940000,gate_sweep_poor_none_r09,-0.0351884625852108,-0.009477416053414345,4.404017463326454,93.38304621149744,-0.25560876727104187,0.36455073952674866,3.7468466758728027,87.86835713613553,0.7876265712677205,5.514689075361925,1,257,1788682729.8023455
1788682778.786174,48.976000,gate_sweep_poor_none_r09,-0.03331338241696358,-0.00580444373190403,4.4143920093774796,93.28437994843102,-0.2587587237358093,0.3789578080177307,3.767502784729004,87.75955952539088,0.7857055817926497,5.524820423040134,1,142,1788682729.8101573
1788682778.830392,49.008000,gate_sweep_poor_none_r09,-0.031368814408779144,-0.0021899770945310593,4.424571052193642,93.18265672958856,-0.262726366519928,0.39003899693489075,3.789655923843384,87.59871869768789,0.7813367425093103,5.583938031900666,1,110,1788682729.8223708
1788682778.876645,49.040000,gate_sweep_poor_none_r09,-0.028815150260925293,0.0021696146577596664,4.437010303139687,93.05308611803405,-0.2595866620540619,0.40959879755973816,3.800483465194702,87.60925741125244,0.7902027873651827,5.443828706781604,1,228,1788682729.8366199
1788682778.920556,49.072000,gate_sweep_poor_none_r09,-0.02669447660446167,0.005487013608217239,4.446721568703651,92.949613320447,-0.25618791580200195,0.4257662296295166,3.8131139278411865,87.57137264864505,0.7942043191858701,5.37824067180196,1,131,1788682729.8485403
1788682778.966347,49.108000,gate_sweep_poor_none_r09,-0.02507660537958145,0.007857602089643478,4.453853145241737,92.87193127584396,-0.26143792271614075,0.43372851610183716,3.835242986679077,87.38986490688642,0.7873444201946024,5.48206636895754,1,100,1788682729.8583183
1788682779.009060,49.140000,gate_sweep_poor_none_r09,-0.02238835021853447,0.011534333229064941,4.465467944741249,92.74412018914359,-0.25785958766937256,0.45296525955200195,3.8376736640930176,87.33851091416035,0.8027662332183546,5.405609274983224,1,206,1788682729.869039
1788682779.052176,49.172000,gate_sweep_poor_none_r09,-0.020261753350496292,0.014255132526159286,4.474552646279335,92.64560422914495,-0.2580305337905884,0.4628961980342865,3.844984531402588,87.26238496758401,0.8088070288280744,5.383219261560944,1,117,1788682729.8801563
1788682779.094335,49.204000,gate_sweep_poor_none_r09,-0.018188733607530594,0.01681913062930107,4.483447089791298,92.55061430616529,-0.2580305337905884,0.4628961980342865,3.844984531402588,87.26234590724303,0.8149498620430208,5.288268398922252,1,95,1788682729.8903115
1788682779.139126,49.240000,gate_sweep_poor_none_r09,-0.01565462350845337,0.01985684037208557,4.494325175881386,92.44081786290043,-0.25639843940734863,0.4657970070838928,3.8527023792266846,87.10757154799667,0.8176185115122552,5.333246314903752,1,85,1788682729.8991036
1788682779.186733,49.272000,gate_sweep_poor_none_r09,-0.013685673475265503,0.022152498364448547,4.502844348549843,92.36077832269206,-0.2765730023384094,0.5220942497253418,3.831342935562134,87.01574114667825,0.8774768658346986,5.345037176013809,1,208,1788682729.9147
1788682779.230194,49.304000,gate_sweep_poor_none_r09,-0.012287024408578873,0.023784387856721878,4.50916101038456,92.30625404749743,-0.28333544731140137,0.5769545435905457,3.80912446975708,86.95846378919883,0.9324782179581349,5.347790258298596,1,109,1788682729.9261744
1788682779.273555,49.336000,gate_sweep_poor_none_r09,-0.010109540075063705,0.026397988200187683,4.519548907876015,92.2234217375428,-0.28143587708473206,0.5900428891181946,3.8191609382629395,86.97171812596297,0.9390723419762079,5.251703611579835,1,219,1788682729.937541
1788682779.317993,49.372000,gate_sweep_poor_none_r09,-0.008529312908649445,0.028471436351537704,4.527703300118446,92.17055985774337,-0.2818808853626251,0.596047580242157,3.841761350631714,86.94062941105221,0.9313324429775144,5.229930446691166,1,120,1788682729.9459772
1788682779.362585,49.404000,gate_sweep_poor_none_r09,-0.007114831358194351,0.030538853257894516,4.535698428750038,92.12903404996568,-0.28567469120025635,0.5998541712760925,3.8527719974517822,86.84438066453781,0.9317210083555928,5.284653385427864,1,93,1788682729.958565
1788682779.406944,49.436000,gate_sweep_poor_none_r09,-0.005808722227811813,0.032566267997026443,4.5435609966516495,92.09974669699223,-0.28028231859207153,0.6102674007415771,3.8325397968292236,86.9150983491917,0.956360549412401,5.1846483478005405,1,237,1788682729.9709249
1788682779.449485,49.468000,gate_sweep_poor_none_r09,-0.0043473076075315475,0.03508845344185829,4.553159728646278,92.08059668300174,-0.2843351662158966,0.6132715344429016,3.8144431114196777,86.92321167281527,0.9789745230038772,5.157385010186465,1,138,1788682729.9814537
1788682779.494229,49.504000,gate_sweep_poor_none_r09,-0.0035453960299491882,0.03662886098027229,4.558777824044228,92.07689149830402,-0.28961560130119324,0.6222120523452759,3.8065531253814697,86.82135748544543,0.9952817860442494,5.2555340128585915,1,97,1788682729.9902112
1788682779.536713,49.536000,gate_sweep_poor_none_r09,-0.0025303252041339874,0.03865432366728783,4.56610681116581,92.08171239396063,-0.29032716155052185,0.6474311947822571,3.7855379581451416,86.82756409819119,1.0308850722178116,5.25414829576943,1,244,1788682730.0006955
1788682779.579661,49.568000,gate_sweep_poor_none_r09,-0.0015821922570466995,0.04060497507452965,4.573246017098427,92.09647080932181,-0.29032716155052185,0.6474311947822571,3.7855379581451416,86.82757603687482,1.0354205446855944,5.2688947724469966,1,146,1788682730.0116446
1788682779.622768,49.600000,gate_sweep_poor_none_r09,-0.0005024727433919907,0.042885374277830124,4.582059875130653,92.12654147218333,-0.29032716155052185,0.6474311947822571,3.7855379581451416,86.82754791891186,1.0411153459486586,5.298993553271471,1,127,1788682730.0227487
1788682779.667741,49.636000,gate_sweep_poor_none_r09,0.00024395063519477844,0.04456709697842598,4.588956847786903,92.15691290075463,-0.29032716155052185,0.6474311947822571,3.7855379581451416,86.82753820091197,1.0456378932933106,5.3293746998426546,1,116,1788682730.0317233
1788682779.712929,49.668000,gate_sweep_poor_none_r09,0.0007281340658664703,0.045743074268102646,4.594038501381874,92.18326218314259,-0.2911071479320526,0.6457120180130005,3.7862260341644287,86.82575679256594,1.047707758618361,5.357505390576649,1,97,1788682730.044905
1788682779.756220,49.700000,gate_sweep_poor_none_r09,0.0014463365077972412,0.047553326934576035,4.602361217141151,92.23319028339066,-0.29291051626205444,0.6904545426368713,3.7586352825164795,86.9368155137648,1.1008366739359374,5.296374769625865,1,234,1788682730.0561993
1788682779.798456,49.732000,gate_sweep_poor_none_r09,0.0019283965229988098,0.048874448984861374,4.608843341469765,92.27685717013046,-0.29104551672935486,0.7290054559707642,3.7328929901123047,87.01235891942005,1.1470400684166675,5.264498250710407,1,128,1788682730.066441
1788682779.843160,49.768000,gate_sweep_poor_none_r09,0.002311078831553459,0.0500631220638752,4.615132346749306,92.32297755858662,-0.2923699617385864,0.7446876764297485,3.7181310653686523,86.99794083291846,1.1721567668183392,5.325036725668158,1,103,1788682730.075139
1788682779.888230,49.800000,gate_sweep_poor_none_r09,0.002631569281220436,0.05134433135390282,4.622739806771278,92.38154291117976,-0.30580466985702515,0.8098336458206177,3.6937766075134277,87.04286450417328,1.2383099690099055,5.338678407006487,1,227,1788682730.0882103
1788682779.931154,49.832000,gate_sweep_poor_none_r09,0.0027695000171661377,0.05222831293940544,4.628600135445595,92.43014511878263,-0.30580466985702515,0.8098336458206177,3.6937766075134277,87.04283448990886,1.2422072641468258,5.387310628873783,1,123,1788682730.0991352
1788682779.976361,49.864000,gate_sweep_poor_none_r09,0.0028189271688461304,0.05279991403222084,4.632829204201698,92.46703011631865,-0.30580466985702515,0.8098336458206177,3.6937766075134277,87.04284405174064,1.2450575790113634,5.424186064578014,1,96,1788682730.1123445
1788682780.019907,49.900000,gate_sweep_poor_none_r09,0.002826858311891556,0.05355257913470268,4.639609828591347,92.52828832254711,-0.3129972517490387,0.8144528269767761,3.699361562728882,87.07419743145476,1.2501123377997994,5.454090891092361,1,84,1788682730.1198845
1788682780.062857,49.932000,gate_sweep_poor_none_r09,0.0027846097946166992,0.053989071398973465,4.644794479012489,92.57642557551597,-0.33234432339668274,0.9229758977890015,3.653348922729492,87.22054078686462,1.3602991573086607,5.355884788651351,1,205,1788682730.1308246
1788682780.109334,49.964000,gate_sweep_poor_none_r09,0.002710167318582535,0.05433337017893791,4.6498327404260635,92.62507623876819,-0.3294590413570404,1.0001593828201294,3.635648488998413,87.39777664135902,1.4260059344984468,5.22729959740917,1,108,1788682730.1453142
1788682780.152127,49.996000,gate_sweep_poor_none_r09,0.002515902742743492,0.05464765056967735,4.655827537178993,92.6825157440083,-0.33860349655151367,1.0165326595306396,3.6270222663879395,87.35545435091606,1.4491464730130488,5.32706139309224,1,92,1788682730.1561055
1788682780.196430,50.032000,gate_sweep_poor_none_r09,0.002240387722849846,0.05478794500231743,4.660410895943642,92.72669067262842,-0.3639206886291504,1.118742823600769,3.59208083152771,87.40089851191472,1.5515808209898865,5.32579216071371,1,207,1788682730.164393
1788682780.241870,50.064000,gate_sweep_poor_none_r09,0.0019821040332317352,0.05483275279402733,4.663734927773476,92.75880400590742,-0.3689020872116089,1.1542797088623047,3.590625762939453,87.47532096275948,1.5804752361786354,5.283483043147935,1,123,1788682730.1778467
1788682780.286574,50.096000,gate_sweep_poor_none_r09,0.0015998128801584244,0.054824989289045334,4.668062224984169,92.80018385954611,-0.3689020872116089,1.1542797088623047,3.590625762939453,87.47529696715284,1.5833324565949374,5.3248868923932715,1,106,1788682730.1905468
1788682780.333032,50.128000,gate_sweep_poor_none_r09,0.0010366085916757584,0.054713185876607895,4.673352733254433,92.84939544885904,-0.37494200468063354,1.1527527570724487,3.6016807556152344,87.4735986550136,1.579725180278907,5.375796793845433,1,86,1788682730.2050116
1788682780.377826,50.164000,gate_sweep_poor_none_r09,0.0005186311900615692,0.05454934760928154,4.6775427013635635,92.88556974226407,-0.3707277476787567,1.2339459657669067,3.571389675140381,87.65463387808786,1.6590282620159182,5.23093586417621,1,195,1788682730.2137914
1788682780.420620,50.196000,gate_sweep_poor_none_r09,-8.547678589820862e-06,0.054365504533052444,4.681747451424599,92.91958722525239,-0.37333232164382935,1.3096795082092285,3.5512449741363525,87.78637482757799,1.7300924077019764,5.133212397674397,1,107,1788682730.2245884
1788682780.463166,50.228000,gate_sweep_poor_none_r09,-0.0004040338099002838,0.05421892926096916,4.684906020760536,92.94455638679874,-0.37333232164382935,1.3096795082092285,3.5512449741363525,87.78637021481217,1.732179015515684,5.158186171986573,1,91,1788682730.2351494
1788682780.507874,50.260000,gate_sweep_poor_none_r09,-0.0011063963174819946,0.05397752299904823,4.690170302987099,92.9821855187375,-0.3821644186973572,1.3088748455047607,3.543179988861084,87.68941596115798,1.7422856502740764,5.292769557579514,1,79,1788682730.2478418
1788682780.551720,50.296000,gate_sweep_poor_none_r09,-0.0016977526247501373,0.0537521131336689,4.693959727883339,92.9637562394582,-0.4256809949874878,1.419245719909668,3.4948761463165283,87.8405612141438,1.8660482350501117,5.123195025314403,1,181,1788682730.2556899
1788682780.594736,50.328000,gate_sweep_poor_none_r09,-0.0023124869912862778,0.05357012525200844,4.696476951241493,92.76819578232691,-0.4445951581001282,1.5345126390457153,3.5022470951080322,87.72994772910852,1.9531998463048637,5.038248053218401,1,84,1788682730.2667184
1788682780.638289,50.360000,gate_sweep_poor_none_r09,-0.003016619011759758,0.05355327948927879,4.698243156075478,92.13534500066298,-0.44870641827583313,1.5520950555801392,3.5052716732025146,87.35632043153385,1.96658277496924,4.779024569129133,1,76,1788682730.2782733
1788682780.683424,50.392000,gate_sweep_poor_none_r09,-0.00345795601606369,0.053850170224905014,4.698313727974892,91.2731759013582,-0.47010141611099243,1.5474132299423218,3.51242733001709,86.40657670707472,1.9633678415068199,4.866599194283473,1,70,1788682730.291371
1788682780.726295,50.428000,gate_sweep_poor_none_r09,-0.003688037395477295,0.054324883967638016,4.697255626320839,90.41346311813749,-0.5317039489746094,1.6485602855682373,3.5022106170654297,85.2196901514201,2.06119380281031,5.193772966717394,1,348,1788682730.2982788
1788682780.773273,50.460000,gate_sweep_poor_none_r09,-0.0037909802049398422,0.055677805095911026,4.6931042820215225,88.58198502448161,-0.5696192979812622,1.7014192342758179,3.481689691543579,83.66171235241157,2.120413131193907,4.920272672070039,1,164,1788682730.3132493
1788682780.822673,50.492000,gate_sweep_poor_none_r09,-0.003541434183716774,0.05727427080273628,4.687731757760048,86.7724242256171,-0.5728336572647095,1.7369368076324463,3.480548143386841,82.17887992873308,2.1453792559127804,4.5935442968840166,1,355,1788682730.3306527
1788682780.865783,50.524000,gate_sweep_poor_none_r09,-0.0029434002935886383,0.05934702232480049,4.680725112557411,84.67395600948825,-0.5838603377342224,1.7351945638656616,3.4761221408843994,80.13129635373127,2.1440610509165556,4.542659655756971,1,222,1788682730.3417604
1788682780.909502,50.560000,gate_sweep_poor_none_r09,-0.0016420260071754456,0.06260983273386955,4.670327678322792,81.6825918026373,-0.5831699967384338,1.7388215065002441,3.4692373275756836,77.70424850957971,2.142540171542018,3.9783432930576,1,376,1788682730.34948
1788682780.954061,50.592000,gate_sweep_poor_none_r09,-0.00011608749628067017,0.06573473289608955,4.661347404122353,79.02871246555321,-0.5829991102218628,1.7466922998428345,3.467458963394165,75.27319496650125,2.1426013555866184,3.755517499051959,1,265,1788682730.3620417
1788682780.999445,50.624000,gate_sweep_poor_none_r09,0.001301182433962822,0.06834954395890236,4.654658809304237,76.90789028668125,-0.5858380794525146,1.75458562374115,3.4571492671966553,72.5921780526365,2.1499194712934506,4.315712234044745,1,186,1788682730.3754249
1788682781.044515,50.656000,gate_sweep_poor_none_r09,0.004117488861083984,0.07311588898301125,4.643964305520058,73.17035282454972,-0.6420300602912903,1.7554863691329956,3.3931515216827393,70.05358910905977,2.1937205172871432,3.116763715489957,1,393,1788682730.3884923
1788682781.091848,50.692000,gate_sweep_poor_none_r09,0.006727902218699455,0.0771978534758091,4.635787978768349,70.04433693407915,-0.6756439805030823,1.776046633720398,3.374631643295288,66.57248170052303,2.2231135524240853,3.4718552335561275,1,206,1788682730.399824
1788682781.138907,50.724000,gate_sweep_poor_none_r09,0.009519309736788273,0.0813799537718296,4.627863898873329,66.84327029724237,-0.6922858357429504,1.802517294883728,3.353329658508301,63.51020893773536,2.253726189902942,3.3330613595070147,1,332,1788682730.414857
1788682781.188082,50.756000,gate_sweep_poor_none_r09,0.012439263984560966,0.08545879647135735,4.620126262307167,63.60492341643163,-0.6973642706871033,1.8050150871276855,3.343381404876709,60.38755553694143,2.256273991682584,3.2173678794901983,1,161,1788682730.4320672
1788682781.237932,50.788000,gate_sweep_poor_none_r09,0.016179561149328947,0.09019613638520241,4.61061193048954,59.55690177861161,-0.696650505065918,1.8386995792388916,3.3172388076782227,57.26691030813699,2.288712526243158,2.2899914704746203,1,256,1788682730.4499114
1788682781.286784,50.824000,gate_sweep_poor_none_r09,0.018435340374708176,0.09276441857218742,4.60496760904789,57.15281686326877,-0.695134162902832,1.8512842655181885,3.3020524978637695,53.7724139578614,2.3019907200209717,3.380402905407368,1,118,1788682730.4627645
1788682781.334661,50.856000,gate_sweep_poor_none_r09,0.021374914795160294,0.09586023166775703,4.597553268074989,54.003108031341995,-0.6921624541282654,1.868332862854004,3.2967965602874756,50.719890378958375,2.3114417184970666,3.2832176523836183,1,233,1788682730.4786437
1788682781.383997,50.888000,gate_sweep_poor_none_r09,0.024146291660144925,0.09855219349265099,4.590300098061562,50.94382841225522,-0.6932885050773621,1.8796467781066895,3.2972755432128906,47.64063931966758,2.3149347952702355,3.3031890925876453,1,114,1788682730.495971
1788682781.431504,50.920000,gate_sweep_poor_none_r09,0.02720984909683466,0.10133428499102592,4.581542983651161,47.285590475782165,-0.6977306604385376,1.8948854207992554,3.294281244277954,44.689999696563945,2.3236624550004095,2.5955907792182216,1,197,1788682730.5114844
1788682781.481669,50.956000,gate_sweep_poor_none_r09,0.029239225201308727,0.10311494395136833,4.574884429574013,44.522007195598505,-0.6955999732017517,1.90802001953125,3.28375506401062,41.47252866030249,2.334542617733876,3.0494785352960148,1,103,1788682730.525648
1788682781.527312,50.988000,gate_sweep_poor_none_r09,0.03048926265910268,0.10421326383948326,4.570178523659706,42.559981273292145,-0.6911238431930542,1.9142318964004517,3.277284860610962,38.78923834668329,2.3384753470385515,3.7707429266088535,1,177,1788682730.5392957
1788682781.574900,51.020000,gate_sweep_poor_none_r09,0.03205703664571047,0.10566207394003868,4.563006892800331,39.53259096077228,-0.696067750453949,1.9190351963043213,3.272149085998535,36.26988610617132,2.3419653421609925,3.262704854600965,1,94,1788682730.554875
1788682781.616797,51.052000,gate_sweep_poor_none_r09,0.032819963991642,0.1065223477780819,4.557979121804237,37.36483897268478,-0.697116494178772,1.9231622219085693,3.2677314281463623,33.92351432651379,2.3447231768881944,3.4413246461709885,1,180,1788682730.564775
1788682781.662130,51.088000,gate_sweep_poor_none_r09,0.03316394239664078,0.10719643160700798,4.553664222359657,35.4561678274685,-0.6985599398612976,1.925249695777893,3.265679359436035,31.6431865788987,2.3451316633292514,3.812981248569799,1,81,1788682730.5741093
1788682781.708832,51.120000,gate_sweep_poor_none_r09,0.03296406473964453,0.10789599642157555,4.548671737313271,33.485488968042624,-0.7061852216720581,1.9319324493408203,3.2527389526367188,29.75048518529879,2.356457602330386,3.7350037827438345,1,215,1788682730.588815
1788682781.754800,51.152000,gate_sweep_poor_none_r09,0.03227731492370367,0.10837763175368309,4.544215217232704,32.2733791319506,-0.7078904509544373,1.932229995727539,3.2524423599243164,28.305837020258288,2.354349779046592,3.967542111692308,1,96,1788682730.6027777
1788682781.797000,51.184000,gate_sweep_poor_none_r09,0.03144453465938568,0.1087237261235714,4.540205016732216,31.57835775894944,-0.70746248960495,1.940078854560852,3.2465314865112305,27.126500016175832,2.360812656640745,4.451857742773609,1,235,1788682730.612982
1788682781.842148,51.220000,gate_sweep_poor_none_r09,0.029434400610625744,0.10934474691748619,4.532053008675575,30.815287188479907,-0.7109708189964294,1.9414523839950562,3.2487728595733643,26.183221701743513,2.3561889194500347,4.632065486736394,1,125,1788682730.622108
1788682781.885013,51.252000,gate_sweep_poor_none_r09,0.027244467055425048,0.10992486402392387,4.5242247730493546,30.551573393440773,-0.7105908989906311,1.9430910348892212,3.2488455772399902,25.737732675885738,2.3519122710034477,4.813840717555033,1,278,1788682730.6329894
1788682781.934725,51.284000,gate_sweep_poor_none_r09,0.02454608923289925,0.11063441261649132,4.515377536416054,30.58779313553729,-0.7187420725822449,1.950035572052002,3.2419373989105225,25.39359822753537,2.3574400736047023,5.19419490800192,1,147,1788682730.6507025
1788682781.980161,51.316000,gate_sweep_poor_none_r09,0.020404922077432275,0.11176782473921776,4.502978339791298,31.041483107370535,-0.7226373553276062,1.9648032188415527,3.2438347339630127,25.288631216697464,2.360359001911683,5.75285189067307,1,313,1788682730.6641414
1788682782.026231,51.352000,gate_sweep_poor_none_r09,0.01647818135097623,0.11291895434260368,4.492167964577675,31.721364537189984,-0.7261044979095459,1.9645531177520752,3.237699031829834,25.735563398698773,2.3566226710851135,5.9858011384912135,1,172,1788682730.674202
1788682782.070987,51.384000,gate_sweep_poor_none_r09,0.01316916849464178,0.11391552910208702,4.483638301491737,32.41154786867755,-0.7319880723953247,1.9669640064239502,3.2308590412139893,26.491294255674585,2.357647948260657,5.9202536130029655,1,323,1788682730.6869686
1788682782.117002,51.416000,gate_sweep_poor_none_r09,0.008250769227743149,0.11546085402369499,4.471859470009804,33.5650787961657,-0.7346406579017639,1.9777348041534424,3.2539262771606445,27.319337056886113,2.3459141501935052,6.245741739279587,1,181,1788682730.7009823
1788682782.169053,51.448000,gate_sweep_poor_none_r09,0.0012743696570396423,0.11781440302729607,4.456741347908974,35.3696000307636,-0.7508672475814819,1.9850428104400635,3.2997395992279053,28.453095106486945,2.321833754660839,6.916504924276657,1,332,1788682730.7210333
1788682782.214726,51.484000,gate_sweep_poor_none_r09,-0.004995051771402359,0.12005005404353142,4.444496646523476,37.09534030729098,-0.7507771849632263,1.9995965957641602,3.330127000808716,29.951625342212317,2.3088321506711056,7.143714965078664,1,209,1788682730.7307036
1788682782.262595,51.516000,gate_sweep_poor_none_r09,-0.011888418346643448,0.12260537967085838,4.432247176766396,39.063671742452875,-0.7604038119316101,2.014068603515625,3.345280408859253,31.46194116085577,2.3063835709017257,7.601730581597107,1,334,1788682730.7465694
1788682782.309130,51.548000,gate_sweep_poor_none_r09,-0.017434298992156982,0.12474198266863823,4.423154845833778,40.69640829008715,-0.7638504505157471,2.017873525619507,3.3478105068206787,33.335553649783144,2.3016188993007383,7.3608546403040025,1,199,1788682730.7611077
1788682782.351906,51.580000,gate_sweep_poor_none_r09,-0.027408111840486526,0.12881363555788994,4.408260360360146,43.70271837891617,-0.7574614882469177,2.0350561141967773,3.3480045795440674,35.30191316724294,2.300191435625233,8.40080521167323,1,325,1788682730.7718902
1788682782.399446,51.616000,gate_sweep_poor_none_r09,-0.03604346886277199,0.13254758343100548,4.39670230448246,46.362649080898215,-0.7650106549263,2.0320000648498535,3.364287853240967,38.0392175087679,2.2814890941352037,8.323431572130321,1,189,1788682730.7834241
1788682782.447850,51.648000,gate_sweep_poor_none_r09,-0.04527958855032921,0.13671300932765007,4.3855090290308,49.24200280424605,-0.7651934027671814,2.0281474590301514,3.3711705207824707,40.77319804411304,2.263776222760789,8.468804760133013,1,325,1788682730.7998347
1788682782.498640,51.680000,gate_sweep_poor_none_r09,-0.05765898898243904,0.14256614074110985,4.372084155678749,53.14449952817921,-0.7750586867332458,2.03094744682312,3.3773300647735596,43.511521495565574,2.2517064606350354,9.63297803261363,1,166,1788682730.8185968
1788682782.548773,51.712000,gate_sweep_poor_none_r09,-0.06818266585469246,0.14785390719771385,4.361903205513954,56.503652094033846,-0.7858988046646118,2.0438225269317627,3.4072773456573486,46.39776038393677,2.240786468013277,10.105891710097076,1,346,1788682730.8367548
1788682782.596572,51.748000,gate_sweep_poor_none_r09,-0.07639246061444283,0.15220608934760094,4.354655757546425,59.15853089122819,-0.7914658188819885,2.0548527240753174,3.431504726409912,50.030561762415914,2.232398250902633,9.127969128812277,1,207,1788682730.8485534
1788682782.644875,51.780000,gate_sweep_poor_none_r09,-0.09062966331839561,0.1603097878396511,4.343320861458778,63.836828700914495,-0.8021718859672546,2.0871593952178955,3.4685916900634766,53.21667890105783,2.2325305971824183,10.620149799856666,1,373,1788682730.8648455
1788682782.694171,51.812000,gate_sweep_poor_none_r09,-0.10248688980937004,0.16761816665530205,4.334932342171669,67.80261377983707,-0.8086344599723816,2.098564624786377,3.4803903102874756,56.836426225322334,2.22653109101868,10.966187554514732,1,230,1788682730.882148
1788682782.740448,51.844000,gate_sweep_poor_none_r09,-0.11471347138285637,0.17574907466769218,4.327145591378212,71.96344824086059,-0.826606810092926,2.133070945739746,3.4962735176086426,60.39620330063283,2.2423758462057424,11.567244940227763,1,412,1788682730.8964295
1788682782.789903,51.880000,gate_sweep_poor_none_r09,-0.1304762028157711,0.18718327209353447,4.3182592540979385,77.42598065623977,-0.8275306820869446,2.14497447013855,3.501614809036255,65.14816772986757,2.232876949557375,12.27781292637221,1,249,1788682730.909872
1788682782.834284,51.912000,gate_sweep_poor_none_r09,-0.1434616558253765,0.1974482499063015,4.312260642647743,81.96566692267655,-0.8384648561477661,2.19026255607605,3.5033631324768066,69.27761159997341,2.2602330608355237,12.688055322703143,1,410,1788682730.9222636
1788682782.885905,51.944000,gate_sweep_poor_none_r09,-0.15346172079443932,0.20586171373724937,4.308993831276894,85.43672754697451,-0.8453460931777954,2.2006676197052,3.5005314350128174,73.89683333369236,2.2608772707526565,11.539894213282153,1,232,1788682730.9418817
1788682782.929810,51.976000,gate_sweep_poor_none_r09,-0.17056050524115562,0.22131192311644554,4.307174697518349,91.27442329824497,-0.859856128692627,2.2466073036193848,3.492736339569092,78.40588565297229,2.2891613472394163,12.868537645272681,1,359,1788682730.9537904
1788682782.974634,52.012000,gate_sweep_poor_none_r09,-0.18453286215662956,0.23500503227114677,4.309051051735878,95.91582226487404,-0.8689615726470947,2.2628512382507324,3.495870590209961,83.85088695429639,2.2895120348792544,12.064935310577651,1,211,1788682730.9626064
1788682783.020330,52.044000,gate_sweep_poor_none_r09,-0.1986296884715557,0.24988974258303642,4.313447967171669,100.45256970565183,-0.88536536693573,2.3031725883483887,3.498659133911133,88.51471048789354,2.313321676636429,11.937859217758282,1,364,1788682730.9763033
1788682783.067522,52.076000,gate_sweep_poor_none_r09,-0.2127823792397976,0.26591871306300163,4.319883361458778,104.82044780563388,-0.8935816884040833,2.3355016708374023,3.5070509910583496,93.25705968413283,2.3253726111829014,11.563388121501037,1,194,1788682730.991502
1788682783.113555,52.108000,gate_sweep_poor_none_r09,-0.23039881512522697,0.2876271717250347,4.330499663949013,109.94688648532573,-0.9010042548179626,2.3648595809936523,3.5177152156829834,97.93768419970823,2.3292111748840005,12.009202285617503,1,346,1788682731.0055373
1788682783.161130,52.144000,gate_sweep_poor_none_r09,-0.24083296582102776,0.3015236668288708,4.337963119149208,112.8132535063538,-0.9067139625549316,2.3797059059143066,3.525902271270752,102.8152087497262,2.328450502226442,9.998044756627602,1,191,1788682731.017092
1788682783.211219,52.176000,gate_sweep_poor_none_r09,-0.254515390843153,0.3210383169353008,4.348516002297401,116.36337592279835,-0.9147601127624512,2.403578996658325,3.533559560775757,106.90945785096888,2.3317488666451944,9.453918071829476,1,377,1788682731.0351973
1788682783.263722,52.208000,gate_sweep_poor_none_r09,-0.2678947262465954,0.3416850380599499,4.359160915017128,119.584500400819,-0.9188337326049805,2.4251699447631836,3.53106689453125,110.67241706901324,2.3346028898344766,8.912083331805768,1,214,1788682731.0556955
1788682783.310462,52.240000,gate_sweep_poor_none_r09,-0.28413666412234306,0.3690570406615734,4.371695056557655,123.13068861494378,-0.9236136674880981,2.453620672225952,3.5351667404174805,114.11383542359397,2.3354048890029397,9.016853191349814,1,369,1788682731.0704446
1788682783.358614,52.276000,gate_sweep_poor_none_r09,-0.2966827265918255,0.39215151593089104,4.380619540810585,125.57934214900315,-0.9325633645057678,2.479635715484619,3.5386197566986084,117.3841667372622,2.338995105917267,8.19517541174095,1,199,1788682731.0825942
1788682783.403375,52.308000,gate_sweep_poor_none_r09,-0.305811982601881,0.4101300649344921,4.386481776833534,127.19101640185242,-0.9314195513725281,2.5097248554229736,3.5453238487243652,120.12905302911196,2.3467487667772193,7.061963372740469,1,396,1788682731.0953505
1788682783.451992,52.340000,gate_sweep_poor_none_r09,-0.3204803578555584,0.4412134401500225,4.394601836800575,129.4654522655699,-0.9326821565628052,2.5431370735168457,3.5598630905151367,122.45305171360748,2.3430029401169263,7.012400551962411,1,211,1788682731.1119735
1788682783.502023,52.372000,gate_sweep_poor_none_r09,-0.33167843148112297,0.46705324575304985,4.399610057473183,130.92439321384913,-0.9481966495513916,2.569652795791626,3.552964925765991,124.1635167226011,2.349005653479457,6.760876491248034,1,157,1788682731.1299925
1788682783.552010,52.408000,gate_sweep_poor_none_r09,-0.3423742465674877,0.49375931546092033,4.4033656269311905,132.07461428230684,-0.9369546175003052,2.628044843673706,3.515693187713623,125.5417592369634,2.3867682947415743,6.532855045343456,1,389,1788682731.1439915
1788682783.602962,52.440000,gate_sweep_poor_none_r09,-0.3550168089568615,0.5283804945647717,4.406461253762245,133.0860263984996,-0.9575280547142029,2.6573448181152344,3.4932432174682617,126.50095373931326,2.3936324016079373,6.585072659186347,1,244,1788682731.1629417
1788682783.650551,52.472000,gate_sweep_poor_none_r09,-0.36453891918063164,0.557092946022749,4.407792583107948,133.56078541274744,-0.965689480304718,2.6801273822784424,3.504551649093628,127.23429992926961,2.3842192431792837,6.326485483477829,1,165,1788682731.1785219
1788682783.699725,52.504000,gate_sweep_poor_none_r09,-0.37135274335741997,0.5792150907218456,4.408199325203896,133.7268188303976,-0.9767045974731445,2.7107462882995605,3.477468729019165,127.31375138874866,2.40335922329618,6.413067441648947,1,360,1788682731.1957102
1788682783.748641,52.540000,gate_sweep_poor_none_r09,-0.38217736408114433,0.6171601824462414,4.408008590340614,133.6582151779039,-0.9883611798286438,2.7403743267059326,3.4598238468170166,127.41774984188174,2.403029635420571,6.240465336022167,1,222,1788682731.2085989
1788682783.797168,52.572000,gate_sweep_poor_none_r09,-0.39039618894457817,0.6484581045806408,4.407443538308144,133.31115893472668,-1.0084882974624634,2.77376389503479,3.4595589637756348,127.38232291512689,2.4077889700276263,5.92883601959979,1,371,1788682731.2251513
1788682783.852217,52.604000,gate_sweep_poor_none_r09,-0.39835570380091667,0.6805433444678783,4.407048240303993,132.72764028039018,-1.0029428005218506,2.8033461570739746,3.4648447036743164,127.1555611924242,2.3999093406141974,5.572079087965961,1,212,1788682731.2481904
1788682783.897969,52.636000,gate_sweep_poor_none_r09,-0.4080858342349529,0.7217621617019176,4.407399669289589,131.701276456448,-0.9951387643814087,2.8443760871887207,3.4645392894744873,126.84276282725516,2.3956432779713075,4.858513629192849,1,361,1788682731.2619545
1788682783.946275,52.672000,gate_sweep_poor_none_r09,-0.41583142802119255,0.7556184940040112,4.40906049311161,130.67279493499333,-1.0010501146316528,2.8833916187286377,3.4663898944854736,125.93339052522492,2.3996931551706004,4.739404409768411,1,187,1788682731.274256
1788682783.995167,52.704000,gate_sweep_poor_none_r09,-0.4216890148818493,0.7814984731376171,4.411415591835976,129.79779817359824,-0.9968918561935425,2.9291837215423584,3.463979482650757,125.04954193783415,2.4168254831196245,4.748256235764096,1,285,1788682731.2911496
1788682784.043225,52.736000,gate_sweep_poor_none_r09,-0.42966900393366814,0.8166246227920055,4.41598416864872,128.51689083026844,-0.9976585507392883,2.9639551639556885,3.458439350128174,123.92459520057047,2.4187874354250964,4.592295629697982,1,161,1788682731.307195
1788682784.090303,52.768000,gate_sweep_poor_none_r09,-0.4401967041194439,0.8613223843276501,4.423582568764687,126.84991565463766,-0.9972552061080933,2.9975950717926025,3.452075242996216,122.6361741722541,2.412011951435642,4.2137414823835595,1,287,1788682731.3222816
1788682784.140324,52.804000,gate_sweep_poor_none_r09,-0.4490932635962963,0.8976370505988598,4.430790439248085,125.46028445379746,-0.996375322341919,3.030876874923706,3.4458587169647217,121.07503819910302,2.4125339992361603,4.3852462546944295,1,136,1788682731.3362896
1788682784.187981,52.836000,gate_sweep_poor_none_r09,-0.458542387932539,0.9343401603400707,4.438679710030556,124.05952462375572,-0.9819535613059998,3.0587844848632812,3.434980630874634,119.7722994234985,2.4072047660947975,4.287225200257221,1,288,1788682731.3519588
1788682784.239393,52.868000,gate_sweep_poor_none_r09,-0.4659826271235943,0.9620818309485912,4.444812789559364,123.0091545796826,-0.9825889468193054,3.0902905464172363,3.4244906902313232,118.24875327408463,2.416032204363888,4.7604013055979655,1,143,1788682731.371375
1788682784.288331,52.900000,gate_sweep_poor_none_r09,-0.47917185351252556,1.0085568837821484,4.4553771167993546,121.28793015696856,-0.9804555773735046,3.11446475982666,3.409881353378296,116.76151075466416,2.403995579348186,4.526419402304405,1,304,1788682731.3883126
1788682784.336702,52.936000,gate_sweep_poor_none_r09,-0.4905040077865124,1.0458817891776562,4.463887229561806,119.95737512800467,-0.9897122979164124,3.1517815589904785,3.396862745285034,115.00611781471189,2.412998965494645,4.951257313292785,1,178,1788682731.4006703
1788682784.385496,52.968000,gate_sweep_poor_none_r09,-0.5026243142783642,1.0832884721457958,4.472313895821571,118.68145469717273,-0.992779016494751,3.184812307357788,3.381070375442505,113.58014036597565,2.418153527557391,5.1013143311970675,1,341,1788682731.417481
1788682784.439061,53.000000,gate_sweep_poor_none_r09,-0.5189136080443859,1.130086224526167,4.482679858803749,117.19296933092092,-1.004455327987671,3.2164013385772705,3.368349075317383,112.07296925257396,2.4145795932105636,5.120000078346959,1,208,1788682731.4390311
1788682784.486903,53.032000,gate_sweep_poor_none_r09,-0.5327959470450878,1.1674770526587963,4.490658774971962,116.08744268142269,-1.0136889219284058,3.2497239112854004,3.3505115509033203,110.66693523832299,2.422177889029606,5.420507443099702,1,358,1788682731.4548779
1788682784.537636,53.068000,gate_sweep_poor_none_r09,-0.5437231473624706,1.1954698972404003,4.496434226632118,115.31456704892278,-1.0299382209777832,3.2847037315368652,3.348818302154541,109.13737433551103,2.4327608641817586,6.177192713411749,1,220,1788682731.469594
1788682784.587692,53.100000,gate_sweep_poor_none_r09,-0.5629040412604809,1.2420043163001537,4.505652442574501,114.13534094429443,-1.0343060493469238,3.3231821060180664,3.3448712825775146,108.1078239183462,2.429183761481831,6.027517025948235,1,347,1788682731.4876776
1788682784.637288,53.132000,gate_sweep_poor_none_r09,-0.5790888480842113,1.2790885381400585,4.512681022286415,113.2974325990896,-1.0360385179519653,3.3547565937042236,3.330811023712158,107.1979061979815,2.431875319832759,6.0995264011081085,1,213,1788682731.5052667
1788682784.683122,53.164000,gate_sweep_poor_none_r09,-0.5960356406867504,1.315949123352766,4.519407287240028,112.55220503088368,-1.0538499355316162,3.389463424682617,3.3179826736450195,106.08666585727768,2.439769781871978,6.465539173606009,1,142,1788682731.519106
1788682784.732051,53.200000,gate_sweep_poor_none_r09,-0.6182368211448193,1.3616961650550365,4.527523532509804,111.76209417351619,-1.0680527687072754,3.431149482727051,3.3055920600891113,105.45891231045314,2.4450128719492294,6.3031818630630525,1,332,1788682731.5320292
1788682784.781872,53.232000,gate_sweep_poor_none_r09,-0.6367258839309216,1.3979834727942944,4.533724322915077,111.23320862829435,-1.071912407875061,3.4544410705566406,3.250713348388672,104.86293251930488,2.462625087741181,6.370276108989462,1,207,1788682731.549839
1788682784.830311,53.264000,gate_sweep_poor_none_r09,-0.6509828381240368,1.4249784164130688,4.538211837410927,110.90329858306396,-1.1054469347000122,3.4641172885894775,3.1821296215057373,103.91802199657951,2.4906994863675993,6.985276586484457,1,141,1788682731.5662837
1788682784.877648,53.296000,gate_sweep_poor_none_r09,-0.6754218749701977,1.469587605446577,4.545355334877968,110.46602319049067,-1.1121459007263184,3.480374574661255,3.1355772018432617,103.8271018019502,2.4942867707260534,6.638921388540469,1,339,1788682731.58163
1788682784.924115,53.332000,gate_sweep_poor_none_r09,-0.6955357007682323,1.5048755817115307,4.550751224160194,110.21619422057228,-1.1346817016601562,3.5111501216888428,3.1009585857391357,103.27872144247073,2.513938231993865,6.937472778101551,1,200,1788682731.5920904
1788682784.969485,53.364000,gate_sweep_poor_none_r09,-0.7160771302878857,1.5398632697761059,4.555926337838173,110.0434301569845,-1.1429977416992188,3.5511996746063232,3.073326349258423,102.83428079270686,2.5349236808984696,7.209149364277633,1,351,1788682731.6054697
1788682785.015647,53.396000,gate_sweep_poor_none_r09,-0.7369714789092541,1.574626486748457,4.560905948281288,109.94558215838158,-1.1532297134399414,3.595283269882202,3.0653560161590576,102.70097427418482,2.5481354658867392,7.244607884196762,1,203,1788682731.61962
1788682785.060191,53.428000,gate_sweep_poor_none_r09,-0.7635454349219799,1.6176989488303661,4.566877380013466,109.91996449206609,-1.162959337234497,3.644660472869873,3.05802321434021,102.67778965461345,2.558269997198617,7.242174837452646,1,318,1788682731.6321754
1788682785.105719,53.464000,gate_sweep_poor_none_r09,-0.7797165922820568,1.6433518342673779,4.5703234821558,109.95239399279976,-1.1837183237075806,3.6888158321380615,3.0520153045654297,102.5762111696106,2.5792247067128007,7.3761828231891435,1,176,1788682731.6416981
1788682785.151285,53.496000,gate_sweep_poor_none_r09,-0.8014706186950207,1.6773918084800243,4.574771419167519,110.0447058632146,-1.1889995336532593,3.73932147026062,3.051419973373413,102.83584269609398,2.592746076549407,7.208863167120635,1,254,1788682731.655259
1788682785.196397,53.528000,gate_sweep_poor_none_r09,-0.823360126465559,1.7112393788993359,4.5790834575891495,110.18591431363558,-1.2037187814712524,3.790168523788452,3.0439810752868652,102.91718553945066,2.6121176122175815,7.268728774184924,1,136,1788682731.6683762
1788682785.239762,53.560000,gate_sweep_poor_none_r09,-0.8507439903914928,1.753305833786726,4.584280505776405,110.41953271892558,-1.2101508378982544,3.8353729248046875,3.03598690032959,103.2410866612071,2.61942546032565,7.1784460577184666,1,222,1788682731.6797476
1788682785.285683,53.596000,gate_sweep_poor_none_r09,-0.8725958280265331,1.786847036331892,4.588272586464882,110.64086119632553,-1.2324352264404297,3.8819923400878906,3.028829336166382,103.43480743830035,2.6364714084175542,7.2060537580251856,1,101,1788682731.6896632
1788682785.329034,53.628000,gate_sweep_poor_none_r09,-0.8889318518340588,1.8119694404304028,4.591156497597694,110.82153128365366,-1.2435487508773804,3.9157638549804688,3.022364616394043,103.76067264606615,2.6481714540999133,7.060858637587503,1,169,1788682731.7010162
1788682785.376137,53.660000,gate_sweep_poor_none_r09,-0.9160046391189098,1.8538895063102245,4.595718875527382,111.14447205043638,-1.2545690536499023,3.9505040645599365,3.016913414001465,104.12694131704384,2.6463267285041376,7.017530733392539,1,99,1788682731.7161174
1788682785.422065,53.692000,gate_sweep_poor_none_r09,-0.9374633841216564,1.887492936104536,4.599124446511269,111.41410738186572,-1.2678927183151245,3.985252618789673,3.018355369567871,104.47730781661816,2.6473779680686444,6.936799565247557,1,76,1788682731.730046
1788682785.471079,53.728000,gate_sweep_poor_none_r09,-0.958697896450758,1.921187799423933,4.602362170815468,111.68765038147174,-1.286615014076233,4.026548862457275,3.0187854766845703,104.83545282197603,2.654767407507337,6.852197559495703,1,70,1788682731.7430587
1788682785.521823,53.760000,gate_sweep_poor_none_r09,-0.9847794584929943,1.9634813480079174,4.606216445565224,112.02300402887204,-1.2773830890655518,4.072584629058838,2.9738035202026367,105.30206056076092,2.6830403451410936,6.720943468111128,1,185,1788682731.7618053
1788682785.566310,53.792000,gate_sweep_poor_none_r09,-1.0052258782088757,1.9974890165030956,4.609142318367958,112.28332221855304,-1.2731044292449951,4.115359783172607,2.921527862548828,105.76827308194694,2.7212456805492984,6.515049136606101,1,107,1788682731.7742927
1788682785.612521,53.824000,gate_sweep_poor_none_r09,-1.0203029923141003,2.0231135301291943,4.611237064003944,112.4693557308198,-1.277414321899414,4.153264045715332,2.887598752975464,106.11492480301204,2.752194848134508,6.354430927807745,1,71,1788682731.7884953
1788682785.665423,53.860000,gate_sweep_poor_none_r09,-1.044934492558241,2.0660126619040966,4.614557757973671,112.76390784762549,-1.278909683227539,4.2024688720703125,2.8505473136901855,106.29633963029127,2.7804536276204543,6.467568217334216,1,231,1788682731.8054075
1788682785.713801,53.892000,gate_sweep_poor_none_r09,-1.064117293804884,2.1004720143973827,4.617159381508827,112.97996668068095,-1.2754753828048706,4.229348659515381,2.837362051010132,106.71028242749074,2.7828881669166785,6.269684253190195,1,132,1788682731.8217795
1788682785.758126,53.924000,gate_sweep_poor_none_r09,-1.0828733257949352,2.1350951604545116,4.619659915566444,113.18206877517798,-1.2927734851837158,4.249702453613281,2.8166825771331787,107.02007861512115,2.7868170668516434,6.161990160056839,1,271,1788682731.8341088
1788682785.807310,53.956000,gate_sweep_poor_none_r09,-1.105687242001295,2.178576987236738,4.6226625591516495,113.41087694613208,-1.2952115535736084,4.288235187530518,2.804973840713501,107.48106364663691,2.791159161330838,5.929813299495161,1,149,1788682731.8512871
1788682785.854448,53.992000,gate_sweep_poor_none_r09,-1.1235159449279308,2.2135317735373974,4.625128284096718,113.57779614450772,-1.3047364950180054,4.341883659362793,2.799471139907837,107.86544455325729,2.8099371248836453,5.712351591250418,1,103,1788682731.8624253
1788682785.902476,54.024000,gate_sweep_poor_none_r09,-1.1366290859878063,2.239848416298628,4.626925483345985,113.69337153843809,-1.3064687252044678,4.397978782653809,2.7664670944213867,108.20999171721887,2.8544137048006033,5.48337982121921,1,254,1788682731.8784578
1788682785.949367,54.056000,gate_sweep_poor_none_r09,-1.1538221649825573,2.2751121930778027,4.6292615085840225,113.83549793907696,-1.301710605621338,4.452235698699951,2.7362308502197266,108.61135439727921,2.8888237784804742,5.224143541797747,1,119,1788682731.8933487
1788682785.998418,54.088000,gate_sweep_poor_none_r09,-1.1748938374221325,2.3195453099906445,4.632090583443642,113.99577166743387,-1.3099159002304077,4.482812881469727,2.7211403846740723,109.03751948715734,2.889582704377133,4.95825218027653,1,248,1788682731.9104035
1788682786.042471,54.124000,gate_sweep_poor_none_r09,-1.1914629749953747,2.3554053716361523,4.634295001626015,114.11322450298545,-1.327470302581787,4.506818771362305,2.70424222946167,109.29615090921497,2.89347218977783,4.817073593770473,1,140,1788682731.9184494
1788682786.093165,54.156000,gate_sweep_poor_none_r09,-1.2078159861266613,2.391563694924116,4.636456027626991,114.22122900491412,-1.3482204675674438,4.546339511871338,2.700809955596924,109.32160852852935,2.899913439376191,4.899620476384764,1,96,1788682731.9371457
1788682786.141001,54.188000,gate_sweep_poor_none_r09,-1.2199690155684948,2.4188595227897167,4.638115897774696,114.29841104128185,-1.3409532308578491,4.605754852294922,2.6493465900421143,109.73263671171128,2.9584373784043487,4.5657743295705675,1,208,1788682731.952976
1788682786.186916,54.220000,gate_sweep_poor_none_r09,-1.2399918846786022,2.4647131375968456,4.640834823250771,114.42084132440127,-1.3221646547317505,4.650468826293945,2.596355676651001,110.25311234537806,2.9940232590431326,4.167728979023209,1,110,1788682731.9668999
1788682786.232656,54.256000,gate_sweep_poor_none_r09,-1.255788903683424,2.5016696862876415,4.642919078469276,114.5134512127396,-1.3236896991729736,4.680519104003906,2.5702929496765137,110.64330455971735,3.007951856806404,3.870146653022257,1,209,1788682731.9766312
1788682786.282234,54.288000,gate_sweep_poor_none_r09,-1.271418433636427,2.538803141564131,4.644937053322792,114.60596812528875,-1.336881160736084,4.703365325927734,2.5604262351989746,110.74783732320103,3.0057944323408887,3.8581308020877243,1,98,1788682731.994199
1788682786.327356,54.320000,gate_sweep_poor_none_r09,-1.290756206959486,2.5853655748069286,4.64742137491703,114.71937364998497,-1.3466823101043701,4.722794055938721,2.547609567642212,110.92411929357289,2.9968212937939875,3.7952543564120846,1,199,1788682732.0073311
1788682786.378101,54.352000,gate_sweep_poor_none_r09,-1.3060929588973522,2.622658770531416,4.649405971169472,114.81273709360639,-1.3570319414138794,4.741524696350098,2.5384695529937744,111.03957921549613,2.991360919901796,3.773157878110255,1,101,1788682732.0260847
1788682786.427188,54.388000,gate_sweep_poor_none_r09,-1.317536573857069,2.6506002359092236,4.650887027382851,114.88370495463195,-1.368325114250183,4.766017436981201,2.5200419425964355,111.26548870766533,3.003010187426091,3.618216246966622,1,192,1788682732.0391657
1788682786.475828,54.420000,gate_sweep_poor_none_r09,-1.3365138582885265,2.6971233300864697,4.653348937630653,115.00712667922835,-1.381967544555664,4.792479038238525,2.503462791442871,111.37528048031959,3.0024310188330436,3.63184619890876,1,92,1788682732.0558023
1788682786.520756,54.452000,gate_sweep_poor_none_r09,-1.351600270718336,2.7342791967093945,4.655348792672157,115.10819105188918,-1.3967643976211548,4.809563636779785,2.4812753200531006,111.4610885512712,3.0059009913673225,3.6471025006179763,1,162,1788682732.06874
1788682786.569349,54.484000,gate_sweep_poor_none_r09,-1.3665802292525768,2.771244566887617,4.657423511147499,115.21393635941652,-1.4155868291854858,4.8233137130737305,2.4718732833862305,111.5089673660661,2.998336076165132,3.7049689933504175,1,97,1788682732.0853257
1788682786.618515,54.520000,gate_sweep_poor_none_r09,-1.385049682110548,2.817058127373457,4.6600561290979385,115.34872889842126,-1.4381253719329834,4.850072860717773,2.4612197875976562,111.56334902940603,2.9951372575472286,3.785379869015237,1,71,1788682732.0984998
1788682786.664664,54.552000,gate_sweep_poor_none_r09,-1.3995390944182873,2.8533001355826855,4.662170901894569,115.45647467595282,-1.4429305791854858,4.887482643127441,2.414445161819458,111.9903012732681,3.0318397545958096,3.4661734026847184,1,192,1788682732.1126459
1788682786.711064,54.584000,gate_sweep_poor_none_r09,-1.410201769322157,2.8801386766135693,4.663728728890419,115.53364321473117,-1.4560868740081787,4.9137864112854,2.3680367469787598,112.10303647030896,3.0672512494709983,3.430606744422214,1,101,1788682732.1270273
1788682786.755745,54.616000,gate_sweep_poor_none_r09,-1.4275398068130016,2.924125235527754,4.666245952248573,115.64837833238201,-1.4670331478118896,4.94216251373291,2.3193187713623047,112.33561201391002,3.09549695082901,3.312766318471987,1,239,1788682732.139728
1788682786.802568,54.652000,gate_sweep_poor_none_r09,-1.440947275608778,2.9585385732352734,4.668193355202675,115.71827563767121,-1.4843376874923706,4.973813533782959,2.2848711013793945,112.39414409410182,3.121448519521535,3.3241315435693983,1,112,1788682732.1505454
1788682786.849882,54.684000,gate_sweep_poor_none_r09,-1.4539094977080822,2.992217820137739,4.670166507363319,115.75776856411626,-1.5000786781311035,5.001797199249268,2.253305673599243,112.4735885943056,3.143526230836001,3.2841799698106593,1,263,1788682732.1658566
1788682786.898551,54.716000,gate_sweep_poor_none_r09,-1.4664101414382458,3.025220911949873,4.6721129566431046,115.7571200544136,-1.513542652130127,5.030526638031006,2.2286453247070312,112.50742074179698,3.16132987790537,3.249699312616625,1,159,1788682732.1825283
1788682786.944638,54.748000,gate_sweep_poor_none_r09,-1.4813110642135143,3.0652962140738964,4.6744885593652725,115.6776118543607,-1.5256826877593994,5.057976722717285,2.2125766277313232,112.58212893062715,3.167610267950427,3.0954829237335555,1,263,1788682732.1966205
1788682786.991522,54.784000,gate_sweep_poor_none_r09,-1.489802461117506,3.088611166924238,4.675933375954628,115.57867206723591,-1.5424352884292603,5.092072486877441,2.1974329948425293,112.45979442045777,3.187411428452919,3.1188776467781443,1,151,1788682732.207501
1788682787.034034,54.816000,gate_sweep_poor_none_r09,-1.500630121678114,3.1188784055411816,4.677869811654091,115.37517151512412,-1.552042007446289,5.127899646759033,2.1804311275482178,112.42721208867532,3.2056215482385366,2.947959426448813,1,260,1788682732.2180154
1788682787.079446,54.848000,gate_sweep_poor_none_r09,-1.5109581761062145,3.1482026986777782,4.679811969399452,115.08508420472899,-1.5724327564239502,5.146439552307129,2.181497097015381,112.00576898001425,3.1997354341887716,3.079315224714738,1,136,1788682732.2314227
1788682787.124546,54.880000,gate_sweep_poor_none_r09,-1.5231967978179455,3.183588784188032,4.682217136025429,114.58230902418413,-1.5824562311172485,5.167424201965332,2.163025140762329,111.74551958989626,3.2070926014476515,2.8367894342878737,1,247,1788682732.2445266
1788682787.177068,54.916000,gate_sweep_poor_none_r09,-1.532442670315504,3.2108960561454296,4.6841063648462296,114.06847532869446,-1.5922194719314575,5.197140693664551,2.14987850189209,111.27961139964444,3.2204117574400333,2.7888639290500343,1,127,1788682732.261046
1788682787.219408,54.948000,gate_sweep_poor_none_r09,-1.5390357784926891,3.2307997159659863,4.685513034462929,113.61257351044432,-1.5924060344696045,5.218322277069092,2.1695497035980225,110.91981413604398,3.206737562909338,2.6927593744003344,1,250,1788682732.2713904
1788682787.265610,54.980000,gate_sweep_poor_none_r09,-1.5493933968245983,3.263018887490034,4.687870994210243,112.72672337580012,-1.6153112649917603,5.231693744659424,2.154815435409546,110.03800742000834,3.208799825879722,2.6887159557917757,1,146,1788682732.2855873
1788682787.307922,55.012000,gate_sweep_poor_none_r09,-1.5570732168853283,3.28787450119853,4.68975593149662,111.90452446912143,-1.6153894662857056,5.237493991851807,2.139101028442383,109.413486522483,3.210958949870566,2.49103794663844,1,246,1788682732.2959068
1788682787.356172,55.048000,gate_sweep_poor_none_r09,-1.5641927532851696,3.311893980950117,4.6915407329797745,110.99352045916187,-1.624716877937317,5.249173641204834,2.123030424118042,108.42859770060157,3.217757116133928,2.56492275856031,1,157,1788682732.308142
1788682787.400474,55.080000,gate_sweep_poor_none_r09,-1.5722939781844616,3.3407266549766064,4.693579688668251,109.73419336659926,-1.6157946586608887,5.265470504760742,2.1101150512695312,107.8383581633682,3.2219281073874795,1.895835203231048,1,246,1788682732.320457
1788682787.448214,55.112000,gate_sweep_poor_none_r09,-1.5781403593719006,3.36288146302104,4.694977298378944,108.64772976577949,-1.6324571371078491,5.282516956329346,2.1170685291290283,106.6192574964805,3.214586188312308,2.0284722692989923,1,139,1788682732.3361926
1788682787.493787,55.144000,gate_sweep_poor_none_r09,-1.5821562819182873,3.3790011815726757,4.69586755335331,107.79419212421863,-1.6189950704574585,5.299266815185547,2.094003677368164,105.95484425360873,3.2339562194210547,1.8393478706099005,1,248,1788682732.3497715
1788682787.539907,55.180000,gate_sweep_poor_none_r09,-1.5882270149886608,3.40497187897563,4.697083011269569,106.31400427705996,-1.6145119667053223,5.324409008026123,2.0560667514801025,104.9491279283535,3.2649497202157174,1.364876348706471,1,118,1788682732.3598883
1788682787.583988,55.212000,gate_sweep_poor_none_r09,-1.5925484709441662,3.4249129705131054,4.697795882821083,105.09358123201143,-1.5764845609664917,5.344114303588867,2.0533523559570312,104.81518612846442,3.2675179223466757,0.2783951035470136,1,237,1788682732.3719618
1788682787.628804,55.244000,gate_sweep_poor_none_r09,-1.5964441113173962,3.4441669397056103,4.698316588997841,103.8558412421744,-1.5174775123596191,5.378531455993652,2.0298919677734375,104.99155117812234,3.296739565810716,1.1357099359479175,1,102,1788682732.3847878
1788682787.670889,55.276000,gate_sweep_poor_none_r09,-1.6006805710494518,3.467216294258833,4.698763862252235,102.304695750217,-1.4766845703125,5.397364139556885,2.018073081970215,104.88309362150468,3.3055935582579563,2.5783978712876907,1,235,1788682732.3948734
1788682787.714145,55.312000,gate_sweep_poor_none_r09,-1.6036019138991833,3.4848285131156445,4.698986545205116,101.07890505867175,-1.4523919820785522,5.426615238189697,1.9646273851394653,104.22234578190499,3.3570999605894887,3.1434407232332466,1,123,1788682732.4021246
1788682787.757055,55.344000,gate_sweep_poor_none_r09,-1.605541568249464,3.4976156167685986,4.699076667428017,100.17734579045526,-1.43165922164917,5.435197830200195,1.9500312805175781,103.60190871060637,3.367745602559563,3.4245629201510988,1,227,1788682732.4130378
1788682787.803957,55.376000,gate_sweep_poor_none_r09,-1.6078449301421642,3.5141556672751904,4.699114814400673,99.00599681896493,-1.4221675395965576,5.435695648193359,1.9584317207336426,102.69777144484287,3.352332890919264,3.691774625877938,1,118,1788682732.427934
1788682787.848610,55.408000,gate_sweep_poor_none_r09,-1.610332828015089,3.534038107842207,4.699093356728554,97.61531998885626,-1.4162263870239258,5.460224628448486,1.936273455619812,101.86493801507775,3.373580535360331,4.249618026221504,1,191,1788682732.4405956
1788682787.892462,55.444000,gate_sweep_poor_none_r09,-1.612037282437086,3.549317639321089,4.699010387063026,96.56789192212148,-1.4142580032348633,5.4847636222839355,1.9279992580413818,100.85354856265955,3.3857894904158736,4.28565664053809,1,100,1788682732.448436
1788682787.934782,55.476000,gate_sweep_poor_none_r09,-1.6134904436767101,3.563973229378462,4.698904052376747,95.59305053747059,-1.4039421081542969,5.503047466278076,1.9307163953781128,100.26739052847354,3.3862637678550125,4.674339991002949,1,178,1788682732.458757
1788682787.981608,55.508000,gate_sweep_poor_none_r09,-1.6144603304564953,3.5745640210807323,4.698828712105751,94.90486302703974,-1.405640721321106,5.513443470001221,1.940976619720459,99.39504441064383,3.3776629953385826,4.490181383604096,1,110,1788682732.4735742
1788682788.028664,55.540000,gate_sweep_poor_none_r09,-1.6158176474273205,3.5914268903434277,4.698673263192177,93.86495683133413,-1.4139801263809204,5.516759395599365,1.9586272239685059,98.38661148950297,3.354921152242268,4.521654658168845,1,65,1788682732.4886336
1788682788.070906,55.576000,gate_sweep_poor_none_r09,-1.616711001843214,3.604174416512251,4.698565021157265,93.12052056073027,-1.4196829795837402,5.529304027557373,1.90091073513031,97.71072431256418,3.401736845348742,4.590203751833912,1,180,1788682732.494859
1788682788.114699,55.608000,gate_sweep_poor_none_r09,-1.6174473576247692,3.6162774972617626,4.698515430092812,92.46586382251112,-1.4048144817352295,5.539794445037842,1.8865807056427002,97.43768733979049,3.4135182851215524,4.971823517279361,1,89,1788682732.5066586
1788682788.160939,55.640000,gate_sweep_poor_none_r09,-1.6181895546615124,3.630518715828657,4.698452487587929,91.76631116715326,-1.3969781398773193,5.547659397125244,1.907567024230957,97.0029105016836,3.393140809263657,5.2365993345303385,1,67,1788682732.5209224
1788682788.204004,55.672000,gate_sweep_poor_none_r09,-1.6186733059585094,3.641213458031416,4.698398604989052,91.30434499848296,-1.3871426582336426,5.569549083709717,1.8930445909500122,96.78986517507742,3.412051563235962,5.485520176594457,1,180,1788682732.5319874
1788682788.246953,55.708000,gate_sweep_poor_none_r09,-1.618991356343031,3.648796122521162,4.698364749550819,91.01224420386542,-1.3855671882629395,5.583038806915283,1.8928284645080566,96.45635402590527,3.415672035056587,5.444109822039847,1,91,1788682732.5389242
1788682788.292356,55.740000,gate_sweep_poor_none_r09,-1.6194875054061413,3.6605446748435497,4.698318973183632,90.62569883177893,-1.3715952634811401,5.597539901733398,1.8875669240951538,96.39045704748152,3.4225324182622052,5.76475821570258,1,64,1788682732.5523305
1788682788.337425,55.772000,gate_sweep_poor_none_r09,-1.619865756481886,3.669121067970991,4.698271289467812,90.40420087214106,-1.3643029928207397,5.60582160949707,1.8992786407470703,96.27203024398355,3.4132801176156464,5.867829371842484,1,171,1788682732.5654068
1788682788.381560,55.804000,gate_sweep_poor_none_r09,-1.6202387623488903,3.676930468529463,4.698184505105019,90.25770863507788,-1.3554141521453857,5.620079040527344,1.899721622467041,96.3889883930656,3.417214209342063,6.1312797579877385,1,77,1788682732.5775385
1788682788.424249,55.840000,gate_sweep_poor_none_r09,-1.6207090429961681,3.6855991296470165,4.698063388466835,90.17436986664462,-1.344689130783081,5.631050109863281,1.9015735387802124,96.61137829741149,3.417794901360065,6.437008430766866,1,173,1788682732.5842302
1788682788.468146,55.872000,gate_sweep_poor_none_r09,-1.6210982613265514,3.6916790418326855,4.697936072945595,90.18430136289331,-1.3303970098495483,5.640843868255615,1.901784896850586,96.9568227905294,3.420849622206759,6.77252142763609,1,92,1788682732.5961294
1788682788.511963,55.904000,gate_sweep_poor_none_r09,-1.6214067749679089,3.695734780281782,4.697818771004677,90.23410351546406,-1.3259483575820923,5.6486077308654785,1.901091456413269,97.24875020928353,3.4238417179693443,7.014646693819476,1,179,1788682732.6079361
1788682788.559412,55.936000,gate_sweep_poor_none_r09,-1.6219363026320934,3.701553385704756,4.697583690285683,90.39021220864632,-1.3235664367675781,5.659251689910889,1.8935765027999878,97.49545893719467,3.432792381519601,7.105246728548347,1,74,1788682732.6233902
1788682788.601787,55.972000,gate_sweep_poor_none_r09,-1.6223443560302258,3.7053702287375927,4.6973438411951065,90.58084083357292,-1.3150231838226318,5.661594390869141,1.8966617584228516,97.9169613297927,3.430026152109611,7.336120496219776,1,174,1788682732.6297712
1788682788.648943,56.004000,gate_sweep_poor_none_r09,-1.6227745823562145,3.708378594368696,4.697056785225868,90.82116060995281,-1.3246872425079346,5.661981582641602,1.8984739780426025,97.90191394704705,3.426001521690908,7.080753337094237,1,97,1788682732.644924
1788682788.697268,56.036000,gate_sweep_poor_none_r09,-1.6232442669570446,3.7106044702231884,4.696790710091591,91.10991074989187,-1.3282113075256348,5.66363525390625,1.9009532928466797,98.16181353009084,3.4231682039933746,7.0519027801989775,1,175,1788682732.6612499
1788682788.740834,56.068000,gate_sweep_poor_none_r09,-1.6239092163741589,3.712282460182905,4.696607127785683,91.52343694697805,-1.331208348274231,5.668936729431152,1.8959124088287354,98.46076392467748,3.4290028632748584,6.937326977699431,1,86,1788682732.6728177
1788682788.786541,56.104000,gate_sweep_poor_none_r09,-1.6243575625121593,3.7127240113914013,4.696530357003212,91.79620266633114,-1.3317066431045532,5.685970306396484,1.8807430267333984,98.99387436264091,3.4507975586361783,7.197671696309765,1,68,1788682732.6825187
1788682788.835035,56.136000,gate_sweep_poor_none_r09,-1.6249846033751965,3.712725203484297,4.696350589394569,92.18425592366115,-1.3296183347702026,5.715700626373291,1.8523139953613281,99.58635215816348,3.491088071866303,7.402096234502325,1,162,1788682732.6990013
1788682788.879829,56.168000,gate_sweep_poor_none_r09,-1.6256243996322155,3.7120912484824657,4.696049705147743,92.60374581573603,-1.3261867761611938,5.728682518005371,1.85178542137146,99.96233864026084,3.499448892987493,7.3585928245248,1,68,1788682732.7118082
1788682788.922514,56.200000,gate_sweep_poor_none_r09,-1.626447420567274,3.7104986123740673,4.695530906319618,93.17488573469493,-1.332176923751831,5.733294486999512,1.8576300144195557,100.43558289213986,3.4974247308476696,7.260697157444939,1,132,1788682732.7224793
1788682788.966262,56.236000,gate_sweep_poor_none_r09,-1.6271259598433971,3.7086768560111523,4.695066466927528,93.67603091040246,-1.3293341398239136,5.733648300170898,1.8609964847564697,101.08725112423656,3.4958749951301162,7.411220213834097,1,93,1788682732.7302468
1788682789.011256,56.268000,gate_sweep_poor_none_r09,-1.6276564411818981,3.7070131711661816,4.69471837580204,94.08408788219596,-1.3207453489303589,5.738016605377197,1.8574678897857666,101.705403062013,3.5027360289812806,7.621315179817042,1,57,1788682732.743225
1788682789.055212,56.300000,gate_sweep_poor_none_r09,-1.628594022244215,3.703704159706831,4.694331184029579,94.85094358245853,-1.2861379384994507,5.76181697845459,1.8467302322387695,102.90500357822,3.530146700156747,8.054059995761486,1,118,1788682732.7551968
1788682789.100388,56.332000,gate_sweep_poor_none_r09,-1.629415851086378,3.7006233148276806,4.694148555397987,95.56460069082479,-1.294259786605835,5.765814304351807,1.8513489961624146,103.20335604935414,3.52971000859273,7.638755358529359,1,57,1788682732.768367
1788682789.145460,56.368000,gate_sweep_poor_none_r09,-1.6303323321044445,3.6972566060721874,4.694183841347694,96.39379123072854,-1.290344476699829,5.7700605392456055,1.8548057079315186,104.2890284628472,3.5318799628135364,7.8952372321186495,1,123,1788682732.7774327
1788682789.189931,56.400000,gate_sweep_poor_none_r09,-1.6316555552184582,3.692865651100874,4.694740310311317,97.63526265430824,-1.2933478355407715,5.760190963745117,1.8399866819381714,104.95208525543218,3.540890331569558,7.316822601123938,1,87,1788682732.7899108
1788682789.233926,56.432000,gate_sweep_poor_none_r09,-1.6329154781997204,3.689330857247114,4.695653453469276,98.82443126153599,-1.2834218740463257,5.758743762969971,1.8507709503173828,106.24625008109074,3.535247093267489,7.421818819554742,1,171,1788682732.8019047
1788682789.278485,56.464000,gate_sweep_poor_none_r09,-1.6339843086898327,3.686700861901045,4.696639075875282,99.84219879746179,-1.2757508754730225,5.754714488983154,1.8588279485702515,107.6245270654122,3.5296152125589915,7.782328267950415,1,111,1788682732.8144684
1788682789.322692,56.500000,gate_sweep_poor_none_r09,-1.6360782198607922,3.6824672631919384,4.698853030800819,101.7977429845348,-1.2792115211486816,5.743711471557617,1.85458505153656,108.98000972721135,3.5307140729657966,7.182266742676555,1,84,1788682732.8226736
1788682789.366451,56.532000,gate_sweep_poor_none_r09,-1.6381312422454357,3.679376643151045,4.701109901070595,103.60568810165698,-1.2314507961273193,5.757169246673584,1.79931640625,110.9875948481093,3.5920769166445927,7.38190674645232,1,234,1788682732.834431
1788682789.415998,56.564000,gate_sweep_poor_none_r09,-1.6406048350036144,3.6765375547111034,4.70370389521122,105.62965230180481,-1.2119258642196655,5.74719762802124,1.7700295448303223,113.15615502215016,3.616330183110484,7.526502720345345,1,152,1788682732.8519816
1788682789.463024,56.596000,gate_sweep_poor_none_r09,-1.644466619938612,3.67347077652812,4.707228198647499,108.46499254527924,-1.213073492050171,5.745966911315918,1.742829442024231,115.04425057032208,3.642663894427993,6.579258025042838,1,109,1788682732.8670056
1788682789.509454,56.632000,gate_sweep_poor_none_r09,-1.6482459120452404,3.671404641121626,4.7102160602808,110.96388192117908,-1.1329184770584106,5.778770923614502,1.668639063835144,118.2014619644865,3.7360066433486607,7.237580043307405,1,262,1788682732.8774319
1788682789.554477,56.664000,gate_sweep_poor_none_r09,-1.6515091471374035,3.670109074562788,4.712468162178993,112.96171033785122,-1.1030526161193848,5.7665510177612305,1.6433287858963013,121.20108390773568,3.7570586765003937,8.239373569884458,1,198,1788682732.890446
1788682789.600346,56.696000,gate_sweep_poor_none_r09,-1.656452875584364,3.668745558708906,4.7153210788965225,115.77450903144953,-1.077815294265747,5.761486530303955,1.6433614492416382,124.37188237005388,3.7618243168622616,8.597373338604363,1,152,1788682732.904331
1788682789.652004,56.728000,gate_sweep_poor_none_r09,-1.6636489443480968,3.667674820870161,4.718602672219276,119.4825434569935,-1.0878342390060425,5.753863334655762,1.654061198234558,126.94522334474625,3.7516875583811027,7.462679887752761,1,109,1788682732.923978
1788682789.696953,56.764000,gate_sweep_poor_none_r09,-1.6701938919723034,3.667402785271406,4.7208361774683,122.56967883279505,-1.178339958190918,5.734057903289795,1.6329936981201172,129.5424690430576,3.7480334638680795,6.97279021026254,1,269,1788682732.9329314
1788682789.747260,56.796000,gate_sweep_poor_none_r09,-1.6774296574294567,3.667700093239546,4.722539439797401,125.72374818950487,-1.1891239881515503,5.744856357574463,1.6050933599472046,132.62542428362434,3.7777626492261387,6.901676094119472,1,161,1788682732.951236
1788682789.796813,56.828000,gate_sweep_poor_none_r09,-1.6832632832229137,3.6682467870414257,4.7234974056482315,128.11310327773626,-1.20356023311615,5.751715183258057,1.596993088722229,135.5961786746877,3.787609380344304,7.483075396951431,1,123,1788682732.9687905
1788682789.841565,56.860000,gate_sweep_poor_none_r09,-1.6938354782760143,3.6700237207114697,4.724460139870644,132.09171735028744,-1.25523042678833,5.746246814727783,1.5931389331817627,137.20392730239158,3.782624647883622,5.112209952104152,1,269,1788682732.98154
1788682789.892629,56.896000,gate_sweep_poor_none_r09,-1.703039150685072,3.672322791069746,4.724636569619179,135.2256013329271,-1.3196372985839844,5.76787805557251,1.5684587955474854,139.42634350253468,3.807861209172932,4.200742169607557,1,119,1788682732.9966052
1788682789.939038,56.928000,gate_sweep_poor_none_r09,-1.7129144482314587,3.675435345619917,4.7244482189416885,138.27596748417952,-1.3968732357025146,5.745285511016846,1.5219539403915405,139.9780664058219,3.826242459562239,1.7020989216423796,1,190,1788682733.0110173
1788682789.986887,56.960000,gate_sweep_poor_none_r09,-1.7261556200683117,3.680543940514326,4.723904147744179,141.9130771846781,-1.417638897895813,5.7331743240356445,1.471940279006958,142.30669600508676,3.8579454458023754,0.39361882040869317,1,128,1788682733.026859
1788682790.032059,56.992000,gate_sweep_poor_none_r09,-1.737485270947218,3.6856930665671825,4.723575606942177,144.6379763107047,-1.4173851013183594,5.734067440032959,1.4071295261383057,145.22777472034275,3.9111528095111665,0.5897984096380687,1,96,1788682733.040014
1788682790.079148,57.028000,gate_sweep_poor_none_r09,-1.7464372925460339,3.6902277879416943,4.723368659615517,146.55081719620358,-1.4571685791015625,5.583528518676758,1.41082763671875,145.52584406744762,3.8263810675302197,1.02497312875596,1,154,1788682733.0511322
1788682790.126068,57.060000,gate_sweep_poor_none_r09,-1.7621600441634655,3.6991200856864452,4.723270431160927,149.45371416515573,-1.5159263610839844,5.421600341796875,1.4084138870239258,145.17250327269443,3.7437739204686276,4.281210892461317,1,75,1788682733.0660465
1788682790.174533,57.092000,gate_sweep_poor_none_r09,-1.7753834538161755,3.7074408940970898,4.723622813820839,151.4935001949381,-1.646102786064148,5.099996566772461,1.2834713459014893,142.25581185857357,3.7135652565671204,9.237688336364526,1,167,1788682733.0825078
1788682790.218038,57.124000,gate_sweep_poor_none_r09,-1.7891362719237804,3.7169800214469433,4.724372878670692,153.26380528273515,-1.9619183540344238,4.773271560668945,1.2342090606689453,137.00282025686644,3.6505956966252793,16.260985025868706,1,104,1788682733.0940187
1788682790.262972,57.160000,gate_sweep_poor_none_r09,-1.806997399777174,3.7306335382163525,4.725601688027382,155.0779224638907,-2.242908239364624,4.459013938903809,1.1748589277267456,131.2392967024558,3.6507986000329895,23.838625761434898,1,86,1788682733.102954
1788682790.308057,57.192000,gate_sweep_poor_none_r09,-1.8217871002852917,3.7429914884269238,4.726484313607216,156.20588456665124,-2.503948450088501,4.206881046295166,1.1217515468597412,126.66864459353701,3.6979231940005777,29.537239973114236,1,90,1788682733.11604
1788682790.353012,57.224000,gate_sweep_poor_none_r09,-1.833167653530836,3.753088992089033,4.7270093113183975,156.86143978817654,-2.740612506866455,4.028345584869385,1.0769392251968384,123.57286365039664,3.7712377261734376,33.288576137779906,1,41,1788682733.128992
1788682790.396822,57.256000,gate_sweep_poor_none_r09,-1.8526370339095592,3.771441262215376,4.7274623066186905,157.59334690743955,-2.937190532684326,3.894865036010742,1.038304328918457,120.87577911657857,3.8472556847799644,36.71756779086098,1,102,1788682733.140805
1788682790.441282,57.292000,gate_sweep_poor_none_r09,-1.8686787895858288,3.7875698022544384,4.727399364113808,157.85780674410992,-3.163623332977295,3.7772345542907715,0.9912297129631042,118.23380445939581,3.9542321441702653,39.624002284714116,1,51,1788682733.1492631
1788682790.485312,57.324000,gate_sweep_poor_none_r09,-1.8851408772170544,3.8050027303397655,4.726935401558876,157.84648660352437,-3.2111799716949463,3.681915521621704,0.9814942479133606,116.84492681699876,3.9751552896025584,41.001559786525604,1,85,1788682733.1612957
1788682790.529286,57.356000,gate_sweep_poor_none_r09,-1.9019747786223888,3.8236205987632275,4.7261753231287,157.567294816045,-3.2795205116271973,3.6801578998565674,0.9668610095977783,116.19679608250627,4.006327233316795,41.37049873353874,1,56,1788682733.1732662
1788682790.572356,57.388000,gate_sweep_poor_none_r09,-1.9235150627791882,3.8486986570060253,4.72497321665287,156.86018841506257,-3.356157064437866,3.7017459869384766,0.9485735297203064,115.7115333488511,4.0416893482331036,41.14865506621145,1,38,1788682733.1843426
1788682790.616634,57.424000,gate_sweep_poor_none_r09,-1.9366608671844006,3.8647590093314648,4.7243213802576065,156.2545997291014,-3.175105333328247,3.8895926475524902,0.6556397676467896,117.24729588044066,4.253061423269945,39.007303848660726,1,34,1788682733.192619
1788682790.665473,57.456000,gate_sweep_poor_none_r09,-1.9544472508132458,3.887253802269697,4.723768725991249,155.2511928974135,-1.8108400106430054,3.415379762649536,1.2387515306472778,119.59956108982684,3.5197489968092786,35.651631807586654,1,23,1788682733.2094383
1788682790.709706,57.488000,gate_sweep_poor_none_r09,-1.972556333988905,3.910923760384321,4.723634734749794,154.0392445104198,-1.0637867450714111,3.50765323638916,1.3694605827331543,120.65121885063523,3.49842443441632,33.388025659784546,1,95,1788682733.2216911
1788682790.756612,57.520000,gate_sweep_poor_none_r09,-1.9957045130431652,3.942039769142866,4.723873153328896,152.26934879767222,-0.9156224131584167,3.4163224697113037,1.3826614618301392,121.0675847592476,3.550584682671439,31.201764038424606,1,54,1788682733.2365766
1788682790.799763,57.556000,gate_sweep_poor_none_r09,-2.0146757178008556,3.9680655412375927,4.724185958504677,150.68099660227716,-0.8455983400344849,3.3806326389312744,1.384672999382019,121.59520245170337,3.586665043472179,29.085794150573776,1,87,1788682733.2437475
1788682790.843981,57.588000,gate_sweep_poor_none_r09,-2.029153924435377,3.9881978444755077,4.724396243691444,149.406043508354,-0.8162122964859009,3.419945478439331,1.385514736175537,121.90855786954486,3.5975363605598396,27.497485638809138,1,44,1788682733.2559536
1788682790.889211,57.620000,gate_sweep_poor_none_r09,-2.0537448935210705,4.022725623100996,4.724572196602821,147.15819376113078,-0.8220973014831543,3.480015516281128,1.3800082206726074,122.18933725589655,3.6052181959081686,24.96885650523422,1,78,1788682733.26919
1788682790.933529,57.652000,gate_sweep_poor_none_r09,-2.073883395642042,4.051198046654463,4.724453464150429,145.27636217605001,-0.9327583909034729,3.477541446685791,1.342875361442566,122.12928870972092,3.6147363162256423,23.1470734663291,1,69,1788682733.28151
1788682790.980053,57.688000,gate_sweep_poor_none_r09,-2.094517808407545,4.080380480736494,4.723939433693886,143.35069689949268,-0.9883509874343872,3.449878692626953,1.333622932434082,122.25939022087456,3.6215167429332293,21.091306678618093,1,77,1788682733.2920349
1788682791.025341,57.720000,gate_sweep_poor_none_r09,-2.121055942028761,4.11775640770793,4.7227296978235245,140.92001273434235,-0.9883509874343872,3.449878692626953,1.333622932434082,122.25937743957716,3.635261451900388,18.660635294765182,1,82,1788682733.3053212
1788682791.071128,57.752000,gate_sweep_poor_none_r09,-2.1429084353148937,4.148304980248213,4.721313491463661,138.98515668490793,-0.9718299508094788,3.4629712104797363,1.340049147605896,122.28713017914521,3.6433577584284054,16.69802650576273,1,117,1788682733.319112
1788682791.117140,57.784000,gate_sweep_poor_none_r09,-2.159705501049757,4.1715445928275585,4.720078006386757,137.55516206160803,-0.9573668241500854,3.4724972248077393,1.3464617729187012,122.32879619769913,3.649050836508513,15.226365863908901,1,59,1788682733.3331218
1788682791.165598,57.820000,gate_sweep_poor_none_r09,-2.1884852461516857,4.210814993828535,4.717801585793495,135.23762471828493,-0.9181045293807983,3.4707412719726562,1.3538893461227417,122.21414833159662,3.6711690012217675,13.023476386688333,1,177,1788682733.3455756
1788682791.211222,57.852000,gate_sweep_poor_none_r09,-2.2122367434203625,4.242661993950605,4.715858474373817,133.46115532921263,-0.8864025473594666,3.469527006149292,1.3599259853363037,122.07583977887487,3.6902380540805906,11.385315550337767,1,117,1788682733.3591948
1788682791.260351,57.884000,gate_sweep_poor_none_r09,-2.236621957272291,4.274776976555586,4.71386481821537,131.772100260936,-0.8533952236175537,3.4692821502685547,1.3740707635879517,122.00592028286687,3.703560778385712,9.766179978069145,1,67,1788682733.3763344
1788682791.306342,57.916000,gate_sweep_poor_none_r09,-2.2680486254394054,4.315227072685957,4.711380496621132,129.80377667959257,-0.8336349725723267,3.4641976356506348,1.363822340965271,120.38360825640528,3.740045352095373,9.420168423187281,1,182,1788682733.3903174
1788682791.354665,57.952000,gate_sweep_poor_none_r09,-2.294027905911207,4.34776071831584,4.709493175148964,128.35718247883955,-0.8769524097442627,3.356178045272827,1.3947508335113525,118.36757937377277,3.7388308267105526,9.989603105066772,1,99,1788682733.4026465
1788682791.404884,57.984000,gate_sweep_poor_none_r09,-2.314049582928419,4.372244875878096,4.708162799477577,127.35309565403948,-0.9257234334945679,3.267411231994629,1.4491732120513916,116.62207738410589,3.710676489376424,10.731018269933598,1,79,1788682733.4208484
1788682791.452635,58.016000,gate_sweep_poor_none_r09,-2.3414503149688244,4.405024569481611,4.70654059946537,126.12800919065279,-0.9373170137405396,3.21665620803833,1.351646065711975,116.28097956571146,3.8261112141057843,9.847029624941317,1,235,1788682733.4366102
1788682791.501267,58.048000,gate_sweep_poor_none_r09,-2.376800876110792,4.446192782372236,4.704742446541786,124.78115923699578,-0.930090606212616,3.230663776397705,1.3350218534469604,116.17420267416009,3.8633532384344083,8.606956562835688,1,150,1788682733.4532447
1788682791.548807,58.084000,gate_sweep_poor_none_r09,-2.405939679592848,4.479275744408369,4.703545585274696,123.85660635240934,-0.9251615405082703,3.2533340454101562,1.3272035121917725,116.03542276513288,3.8852699701569393,7.821183587276462,1,103,1788682733.4647808
1788682791.595537,58.116000,gate_sweep_poor_none_r09,-2.435868602246046,4.512468855828047,4.702574267983437,123.06520587712339,-0.9577832818031311,3.274384021759033,1.3454290628433228,115.43968726368875,3.871435676755561,7.625518613434647,1,263,1788682733.479518
1788682791.644227,58.148000,gate_sweep_poor_none_r09,-2.4587646536529064,4.537420313805342,4.702013984322548,122.557280582021,-0.9560576677322388,3.296751022338867,1.3552296161651611,115.78140177667386,3.872770866352067,6.775878805347128,1,207,1788682733.4962018
1788682791.694155,58.180000,gate_sweep_poor_none_r09,-2.4978033117949963,4.579013865441084,4.701358810067177,121.87120247110325,-0.9377352595329285,3.337158441543579,1.35994553565979,116.65145433182694,3.891151486634555,5.219748139276314,1,125,1788682733.5141215
1788682791.742204,58.216000,gate_sweep_poor_none_r09,-2.5298028998076916,4.612280886620283,4.701112285256386,121.46093258816722,-0.9450716376304626,3.3605399131774902,1.3519335985183716,116.98007526177614,3.910911212699352,4.480857326391097,1,262,1788682733.526188
1788682791.798055,58.248000,gate_sweep_poor_none_r09,-2.5624395422637463,4.645535510033369,4.701108947396278,121.16975613277444,-0.9702555537223816,3.3660995960235596,1.3377741575241089,116.84636958172277,3.9349748436540324,4.323386551051673,1,146,1788682733.5500398
1788682791.845172,58.280000,gate_sweep_poor_none_r09,-2.6040798239409924,4.687095206230879,4.701314941048622,120.95582261976358,-0.9899969100952148,3.362591028213501,1.3200949430465698,117.12888783364197,3.9739430853049926,3.826934786121599,1,102,1788682733.5651464
1788682791.892916,58.312000,gate_sweep_poor_none_r09,-2.638002496212721,4.720301669090986,4.701644912362099,120.89732801716363,-1.0102235078811646,3.365124464035034,1.2953262329101562,117.18936951654494,4.011131590703575,3.707958500618686,1,207,1788682733.5808935
1788682791.941710,58.348000,gate_sweep_poor_none_r09,-2.6637273840606213,4.745163004845381,4.701984420418739,120.91097554880305,-1.0328726768493652,3.362305164337158,1.2885596752166748,117.51982829815955,4.027834576325839,3.3911472506435087,1,102,1788682733.5936615
1788682791.992154,58.380000,gate_sweep_poor_none_r09,-2.7070020250976086,4.78658489510417,4.702631011605263,121.03680435501813,-1.065099835395813,3.378328323364258,1.2789024114608765,117.70583440843113,4.049808254700812,3.3309699465870013,1,228,1788682733.6121283
1788682792.039036,58.412000,gate_sweep_poor_none_r09,-2.7418743185698986,4.819751780480146,4.703211322426796,121.21072471777819,-1.1040973663330078,3.3947951793670654,1.2607505321502686,117.66210954830287,4.069809694927442,3.5486151694753243,1,137,1788682733.627013
1788682792.086227,58.444000,gate_sweep_poor_none_r09,-2.7768868021667004,4.852946322411299,4.703845039010048,121.443906634344,-1.1468327045440674,3.403575897216797,1.2464319467544556,117.70201001812134,4.087964809181361,3.7418966162226606,1,80,1788682733.6421978
1788682792.136163,58.480000,gate_sweep_poor_none_r09,-2.820798020809889,4.894527476280928,4.704772487282753,121.79531059890147,-1.1041468381881714,3.3784303665161133,1.242499828338623,117.94137999214752,4.151237609906932,3.853930606753941,1,102,1788682733.6561403
1788682792.185129,58.512000,gate_sweep_poor_none_r09,-2.8559576086699963,4.927916567772627,4.705588832497597,122.11524905947297,-1.104611873626709,3.408704996109009,1.2573976516723633,118.26792408804806,4.15514597850086,3.847324971424901,1,52,1788682733.6731071
1788682792.231684,58.544000,gate_sweep_poor_none_r09,-2.882324080914259,4.953045886009932,4.706322208046913,122.37067127124389,-1.1295441389083862,3.461477041244507,1.0716208219528198,118.36469771475933,4.302100569471534,4.005973556484564,1,27,1788682733.6876495
1788682792.277720,58.576000,gate_sweep_poor_none_r09,-2.9262167029082775,4.995095293968916,4.707608714699745,122.81272479750737,-1.1301883459091187,3.465785026550293,1.0592995882034302,118.42385061537686,4.344498502204072,4.388874182130503,1,19,1788682733.7017055
1788682792.324132,58.612000,gate_sweep_poor_none_r09,-2.961162429302931,5.028857748955488,4.708699241280556,123.17293480716768,-1.130838394165039,3.4701039791107178,1.046980381011963,118.48588025021421,4.380409159000499,4.687054556953463,1,29,1788682733.7121115
1788682792.375072,58.644000,gate_sweep_poor_none_r09,-2.9958277754485607,5.062674563378096,4.709871307015419,123.52817411812812,-1.1314928531646729,3.4744315147399902,1.0346649885177612,118.5491557168044,4.41649206582777,4.979018401323719,1,15,1788682733.7310543
1788682792.422081,58.676000,gate_sweep_poor_none_r09,-3.030214887112379,5.096547644585371,4.7110839039087296,123.86948314961612,-1.1321558952331543,3.478771448135376,1.0223498344421387,118.61339547167968,4.452705558836936,5.256087677936428,1,7,1788682733.7460659
1788682792.473912,58.708000,gate_sweep_poor_none_r09,-3.0726638846099377,5.138873618096113,4.7126894146203995,124.26597327959766,-1.1328601837158203,3.483180522918701,1.0100008249282837,118.67914015499859,4.496004983944843,5.5868331245990746,1,5,1788682733.7658844
1788682792.522837,58.744000,gate_sweep_poor_none_r09,-3.097803693264723,5.16423324868083,4.713722720742226,124.4834258070844,-1.1336113214492798,3.487609624862671,0.997634768486023,118.74322359838936,4.525309726233864,5.74020220869503,1,42,1788682733.7788217
1788682792.569934,58.776000,gate_sweep_poor_none_r09,-3.1309586577117443,5.198005240410566,4.715211883187294,124.74040173247307,-1.1343914270401,3.492032051086426,0.9852699041366577,118.80334640698068,4.561698411378025,5.9370553254923895,1,12,1788682733.7939136
1788682792.617052,58.808000,gate_sweep_poor_none_r09,-3.1636181883513927,5.231737177819014,4.716884151101112,124.95080925269006,-1.1351897716522217,3.496436357498169,0.9729151725769043,118.8577487935134,4.598162077486014,6.0930604591766695,1,56,1788682733.8090374
1788682792.668195,58.840000,gate_sweep_poor_none_r09,-3.203582387417555,5.273862402886152,4.719083324074745,125.13114008951405,-1.1360124349594116,3.5008161067962646,0.9605686664581299,118.9043002477134,4.641656073849589,6.226839841800653,1,23,1788682733.828174
1788682792.716287,58.876000,gate_sweep_poor_none_r09,-3.2347427420318127,5.307573359459639,4.720946326851845,125.19318689810707,-1.1368589401245117,3.5051724910736084,0.9482295513153076,118.9406226714486,4.677943694090231,6.252564226658468,1,14,1788682733.8402655
1788682792.764740,58.908000,gate_sweep_poor_none_r09,-3.2575858645141125,5.332859557121992,4.7224221378564835,125.18273434041976,-1.137730360031128,3.5094964504241943,0.9358992576599121,118.96518792476893,4.707036849335853,6.217546415650824,1,43,1788682733.8567185
1788682792.811507,58.940000,gate_sweep_poor_none_r09,-3.2947381548583508,5.375002425163984,4.725030913949013,125.03077169423288,-1.1386299133300781,3.513787269592285,0.9235754013061523,118.97593120909562,4.750156694164806,6.054840485137266,1,21,1788682733.8714838
1788682792.858916,58.972000,gate_sweep_poor_none_r09,-3.3235083632171154,5.408711474388838,4.727284923195839,124.77421783370448,-1.139563798904419,3.5180466175079346,0.9112535119056702,118.96878401823948,4.786055076259434,5.805433815465013,1,14,1788682733.8869014
1788682792.906850,59.008000,gate_sweep_poor_none_r09,-3.351356368511915,5.442410510033369,4.729702487587929,124.37756439228754,-1.1405327320098877,3.522274971008301,0.898932933807373,118.94467183886603,4.821769075154389,5.432892553421504,1,11,1788682733.8988278
1788682792.955086,59.040000,gate_sweep_poor_none_r09,-3.384770255535841,5.48448471352458,4.732934013009071,123.66862564917136,-1.4799773693084717,2.7017369270324707,0.7449774742126465,118.65088780447834,5.222616062662302,5.017737844693011,1,52,1788682733.9150703
1788682793.006232,59.072000,gate_sweep_poor_none_r09,-3.4102939181029797,5.518145125359297,4.735655799508095,122.91346173574931,-1.1604684591293335,3.58240008354187,0.7012767791748047,118.96799855698605,5.00849653513628,3.9454631787632617,1,30,1788682733.9341912
1788682793.057453,59.104000,gate_sweep_poor_none_r09,-3.428704123944044,5.543377917259932,4.737774387001991,122.23531802806846,-0.9886757731437683,4.577560901641846,0.809912383556366,118.9070240052197,4.723837505511638,3.328294022848768,1,20,1788682733.9534345
1788682793.105624,59.140000,gate_sweep_poor_none_r09,-3.4580446295440197,5.58538917824626,4.741468921303749,120.88511244157877,-0.7168936133384705,4.773682594299316,0.8080419301986694,118.34974368378795,4.862573841744872,2.535368757790816,1,64,1788682733.9656081
1788682793.154118,59.172000,gate_sweep_poor_none_r09,-3.4802309088408947,5.618970435112715,4.7445192486047745,119.6115886420605,-0.6168032288551331,4.907759666442871,0.8376637697219849,117.94961026562392,4.895769456260891,1.6619783764365677,1,42,1788682733.982103
1788682793.204214,59.204000,gate_sweep_poor_none_r09,-3.5013764910399914,5.652531664818525,4.747621074318886,118.17267053015027,-0.5618265271186829,4.869021892547607,0.8649696707725525,117.17533019161075,4.932527088125731,0.9973403385395175,1,37,1788682734.0001988
1788682793.249899,59.236000,gate_sweep_poor_none_r09,-3.5261922888457775,5.694434683769941,4.751469627022743,116.16056999877894,-0.46302351355552673,4.791498184204102,0.9153697490692139,116.27566854999239,4.991388538452648,0.11509855121345752,1,30,1788682734.0138776
1788682793.297838,59.272000,gate_sweep_poor_none_r09,-3.544755559414625,5.727902930229902,4.754477992653847,114.39570850110246,-0.29871928691864014,4.621971130371094,0.9650014042854309,115.09770586212892,5.110769946112904,0.7019973610264569,1,27,1788682734.0258212
1788682793.341968,59.304000,gate_sweep_poor_none_r09,-3.5579229407012463,5.752992194145918,4.756646171212196,112.99360582869008,-0.10282883048057556,4.5289626121521,0.8825292587280273,114.25153441775116,5.33335781470486,1.2579285890610783,1,82,1788682734.0379481
1788682793.387327,59.336000,gate_sweep_poor_none_r09,-3.5745202116668224,5.7864337377250195,4.75936795771122,111.03473912936643,-0.12591439485549927,4.484201908111572,0.871390700340271,112.93888814777434,5.357710049231575,1.904149018407908,1,46,1788682734.051307
1788682793.432977,59.368000,gate_sweep_poor_none_r09,-3.593780141323805,5.828210394829512,4.762442126870155,108.46722808455893,-0.09453253448009491,4.602700710296631,0.7734359502792358,111.6442874053112,5.445987337275566,3.1770593207522784,1,91,1788682734.0649579
1788682793.477561,59.404000,gate_sweep_poor_none_r09,-3.6080170683562756,5.861667674034834,4.7645764499902725,106.34941480774177,-0.04809524863958359,4.63875675201416,0.7489387392997742,110.06763703401131,5.503989526626308,3.7182222262695483,1,76,1788682734.0735419
1788682793.527719,59.436000,gate_sweep_poor_none_r09,-3.6212402395904064,5.895182650536299,4.766456618905067,104.19545002065432,0.007285282015800476,4.647510051727295,0.7493029832839966,108.6364351891334,5.555214460932179,4.440985168479063,1,48,1788682734.0916948
1788682793.573472,59.468000,gate_sweep_poor_none_r09,-3.6306098513305187,5.9203448705375195,4.767709746956825,102.57250925589838,0.025698266923427582,4.576576232910156,0.8122195601463318,107.06519228821159,5.551594890212606,4.4926830323132005,1,97,1788682734.105453
1788682793.616160,59.500000,gate_sweep_poor_none_r09,-3.645068984478712,5.96235803887248,4.7695837169885635,99.87436591936965,0.07019338011741638,4.638275146484375,0.7843335270881653,105.57150880236844,5.607012486146292,5.697142882998795,1,66,1788682734.1161397
1788682793.659801,59.536000,gate_sweep_poor_none_r09,-3.655689101666212,5.996093314141035,4.770868793129921,97.75939677900844,0.08785723149776459,4.616130828857422,0.7987229824066162,103.70559231542784,5.629953636663652,5.946195536419392,1,44,1788682734.1237833
1788682793.702878,59.568000,gate_sweep_poor_none_r09,-3.665531497448683,6.029980223625898,4.771991744637489,95.69546413655205,0.09506183117628098,4.634945869445801,0.7854270339012146,102.15738014744713,5.6551641201232234,6.461916010895091,1,75,1788682734.1348462
1788682793.750634,59.600000,gate_sweep_poor_none_r09,-3.676853995770216,6.072548430413008,4.773191466927528,93.23343838505245,0.11065326631069183,4.709204196929932,0.7479234337806702,100.52531632702868,5.692688424458267,7.291877941976227,1,48,1788682734.1505954
1788682793.794327,59.632000,gate_sweep_poor_none_r09,-3.685171704739332,6.106749575585127,4.774120345711708,91.37022827219464,0.1279183030128479,4.784731864929199,0.7038359045982361,99.07914219319103,5.731893375323539,7.708913920996405,1,35,1788682734.162305
1788682793.836367,59.668000,gate_sweep_poor_none_r09,-3.691000562161207,6.132495921105146,4.774821773171425,90.05119935100205,0.14299440383911133,4.789073467254639,0.702950656414032,97.71864270010437,5.751907134186765,7.667443349102323,1,72,1788682734.1683357
1788682793.878110,59.700000,gate_sweep_poor_none_r09,-3.7000878863036633,6.175577204674482,4.776124015450478,88.01146569212227,0.18127569556236267,4.803692817687988,0.6397672891616821,95.84567980177279,5.83579446116874,7.834214109650518,1,39,1788682734.1780953
1788682793.923311,59.732000,gate_sweep_poor_none_r09,-3.7069333605468273,6.210215609520674,4.777283206582069,86.53835836086428,0.15781518816947937,4.468326568603516,0.8668286800384521,95.02000818482634,5.767331564929968,8.481649823962053,1,22,1788682734.1912894
1788682793.966913,59.764000,gate_sweep_poor_none_r09,-3.7134357504546642,6.245011370629072,4.778565421700478,85.211606033541,0.14939811825752258,4.553314208984375,0.8254549503326416,94.44401117534221,5.780173629124364,9.232405141801205,1,71,1788682734.2028933
1788682794.012039,59.800000,gate_sweep_poor_none_r09,-3.7212012819945812,6.288773100823164,4.780353084206581,83.77585010509566,0.16221462190151215,4.5926642417907715,0.8135902881622314,94.01606234360727,5.804559537501779,10.24021223851161,1,39,1788682734.2120235
1788682794.057437,59.832000,gate_sweep_poor_none_r09,-3.727193932980299,6.324015658348799,4.7819409519433975,82.80481948008064,0.23182207345962524,4.632233142852783,0.8148126006126404,93.77062311134596,5.854403742049043,10.96580363126531,1,60,1788682734.225421
1788682794.102499,59.864000,gate_sweep_poor_none_r09,-3.7315825037658215,6.350633185356855,4.783199325203896,82.18163638837247,0.23565377295017242,4.660331726074219,0.8043292760848999,93.33902243822196,5.867494317536284,11.157386049849498,1,37,1788682734.2384794
1788682794.144249,59.896000,gate_sweep_poor_none_r09,-3.738698821514845,6.395356696099043,4.785351291298866,81.33998541889494,0.2844575047492981,4.69805908203125,0.7383320331573486,91.31955398309942,5.953567912776988,9.979568564204484,1,50,1788682734.2482321
1788682794.189686,59.932000,gate_sweep_poor_none_r09,-3.7442384772002697,6.431506674736738,4.787135615944862,80.83874169421118,0.2893564999103546,4.7022528648376465,0.7346550226211548,91.22825899613349,5.973508695707059,10.389517301922309,1,24,1788682734.2576675
1788682794.231602,59.964000,gate_sweep_poor_none_r09,-3.7495745234191418,6.467967551201582,4.78896190226078,80.48220926329914,0.21196304261684418,4.670360565185547,0.8046452403068542,91.00197583992397,5.899148245807327,10.519766576624829,1,40,1788682734.26758
1788682794.275427,59.996000,gate_sweep_poor_none_r09,-3.754681210964918,6.5046739988029,4.790870681405067,80.2568613519598,0.325834721326828,4.768365383148193,0.709616482257843,91.34800979097969,6.026774736170284,11.091148439019882,1,27,1788682734.279387
1788682794.320311,60.028000,gate_sweep_poor_none_r09,-3.7606636099517345,6.550959628075361,4.793244376778603,80.14362862400037,0.33081427216529846,4.772521018981934,0.7059371471405029,91.3243486726154,6.050546713778758,11.180720048615022,1,15,1788682734.2922852
1788682794.365609,60.064000,gate_sweep_poor_none_r09,-3.7639952711760998,6.5789847783744335,4.794635787606239,80.15295497318117,0.26415473222732544,4.81486177444458,0.6932086944580078,91.10354292511178,6.013304135275702,10.950587951930626,1,52,1788682734.3015816
1788682794.407553,60.096000,gate_sweep_poor_none_r09,-3.7680650763213634,6.616632502526045,4.796526923775673,80.24418850751817,0.3367592692375183,4.8359055519104,0.6491746306419373,91.17980767170174,6.100909966874077,10.935619164183565,1,30,1788682734.311539
1788682794.450871,60.128000,gate_sweep_poor_none_r09,-3.7716237120330334,6.654555361717939,4.7982983738183975,80.39918274856387,0.341549813747406,4.840082168579102,0.6453241109848022,91.206514882488,6.120269981753973,10.807332133924124,1,22,1788682734.322848
1788682794.496188,60.160000,gate_sweep_poor_none_r09,-3.7753318361938,6.702209036797285,4.80024816095829,80.65288116341652,0.34634238481521606,4.844295978546143,0.6414602994918823,91.24376591979559,6.142927298351391,10.590884756379069,1,18,1788682734.3361695
1788682794.540245,60.196000,gate_sweep_poor_none_r09,-3.777589898556471,6.740463297814131,4.8015685230493546,80.87165894448657,0.23407429456710815,4.764102935791016,0.7008429765701294,90.855965739506,6.067569520534011,9.984306795019444,1,55,1788682734.3442292
1788682794.586644,60.228000,gate_sweep_poor_none_r09,-3.778844218701124,6.769220393151045,4.802423492074013,81.03492164130456,0.15316835045814514,4.781337738037109,0.6744126081466675,90.23077335604245,6.037621564188329,9.19585171473788,1,37,1788682734.358628
1788682794.630547,60.260000,gate_sweep_poor_none_r09,-3.7801173739135265,6.817160647362471,4.803656116127968,81.27875016949831,0.42419496178627014,4.932168006896973,0.5595617294311523,92.30440595545855,6.2643257126300504,11.025655785960234,1,25,1788682734.370531
1788682794.675479,60.292000,gate_sweep_poor_none_r09,-3.7802842669188976,6.855489294975996,4.804437652230263,81.43030460971454,0.42809367179870605,4.935976028442383,0.555793046951294,92.3504709497358,6.280601646136272,10.92016634002126,1,16,1788682734.3834524
1788682794.719894,60.328000,gate_sweep_poor_none_r09,-3.779594998806715,6.89370159432292,4.805132403969765,81.52471962006052,0.3385847210884094,4.876062870025635,0.6401681900024414,92.26099507477453,6.194933182106801,10.736275454714002,1,66,1788682734.3918595
1788682794.763500,60.360000,gate_sweep_poor_none_r09,-3.777519326657057,6.941218417137861,4.805936828255653,81.55021412275737,0.43639975786209106,4.99082088470459,0.5196239948272705,92.79458206187218,6.319307105324866,11.244367939114802,1,45,1788682734.4034815
1788682794.808275,60.392000,gate_sweep_poor_none_r09,-3.7747977785766125,6.978928130120039,4.806698814034462,81.48559157788792,0.42030686140060425,4.824687480926514,0.8324788212776184,93.49551217017543,6.167177658039722,12.009920592287504,1,23,1788682734.4162524
1788682794.852465,60.424000,gate_sweep_poor_none_r09,-3.7721570543944836,7.007017653435469,4.807210937142372,81.38545390293855,0.5498192310333252,4.841577529907227,0.6906323432922363,94.8488585966974,6.349395975975316,13.46340469375885,1,66,1788682734.428437
1788682794.897468,60.460000,gate_sweep_poor_none_r09,-3.7666970305144787,7.053286116570234,4.807956710457802,81.11520494661256,0.515619158744812,4.836337566375732,0.6239254474639893,96.44236184088977,6.384294043096019,15.327156894277207,1,38,1788682734.4374495
1788682794.941324,60.492000,gate_sweep_poor_none_r09,-3.7613791041076183,7.08965353295207,4.80842687189579,80.80819234505397,0.5829228758811951,4.751511096954346,0.5964208841323853,97.98881270410037,6.486976505684514,17.1806203590464,1,25,1788682734.4493003
1788682794.986486,60.524000,gate_sweep_poor_none_r09,-3.7553561739623547,7.12537769600749,4.808825984597206,80.42685782269244,0.7697008848190308,4.785074710845947,0.493574321269989,99.36400984005525,6.676417929206618,18.937152017362806,1,58,1788682734.4624705
1788682795.029953,60.556000,gate_sweep_poor_none_r09,-3.7468432001769543,7.168901484459639,4.809229388833046,79.84701016385904,0.523611307144165,5.058870792388916,0.412189245223999,92.55691390214514,6.4825128804414405,12.709903738286098,1,33,1788682734.473938
1788682795.077590,60.592000,gate_sweep_poor_none_r09,-3.7393203787505627,7.202655356377363,4.809448733925819,79.31015056604001,0.5267946124076843,5.061295986175537,0.4083680510520935,92.50847738632808,6.492662646965462,13.19832682028807,1,22,1788682734.4855757
1788682795.122325,60.624000,gate_sweep_poor_none_r09,-3.7333200983703136,7.227303069084883,4.809621348977089,78.8674480943156,0.3076070547103882,5.248035430908203,0.32560449838638306,92.24474241450362,6.352401101663826,13.377294320188025,1,53,1788682734.4983058
1788682795.170680,60.656000,gate_sweep_poor_none_r09,-3.7249110750854015,7.259308855980635,4.80985452234745,78.23195985874179,0.5647999048233032,5.0770158767700195,0.3550417423248291,91.43119574784414,6.558153691650884,13.199235889102352,1,30,1788682734.5146613
1788682795.212758,60.688000,gate_sweep_poor_none_r09,-3.7138658575713634,7.297962229698896,4.810208812355995,77.37595323639738,0.5677607655525208,5.078560829162598,0.3511900007724762,91.35121482245829,6.568174623028944,13.975261586060899,1,21,1788682734.5247428
1788682795.257341,60.724000,gate_sweep_poor_none_r09,-3.7047110609710217,7.3278251104056835,4.810488238930702,76.65508335855496,0.5707257986068726,5.080070495605469,0.3473508059978485,91.26336082840888,6.576576380902104,14.608277469853917,1,8,1788682734.5333214
1788682795.300107,60.756000,gate_sweep_poor_none_r09,-3.6953490786254406,7.356771986931562,4.8108105808496475,75.90953737467355,0.5736953020095825,5.081550598144531,0.34352266788482666,91.16874750826256,6.584681737878228,15.259210133589008,1,43,1788682734.5440917
1788682795.346461,60.788000,gate_sweep_poor_none_r09,-3.6882589869201183,7.377935450524092,4.811012282967567,75.34192374742678,0.5766646265983582,5.083003044128418,0.3397032618522644,91.06920919664957,6.59157739402183,15.727285449222784,1,22,1788682734.55844
1788682795.396738,60.820000,gate_sweep_poor_none_r09,-3.676386695355177,7.412176173180342,4.811325088143349,74.393220196193,0.5796324610710144,5.08443021774292,0.33589208126068115,90.96702015746908,6.600121278583964,16.573799961276084,1,10,1788682734.5767217
1788682795.442979,60.856000,gate_sweep_poor_none_r09,-3.6668849997222424,7.43859152123332,4.811604514718056,73.64064069407846,0.4931343197822571,5.339486598968506,0.2780294120311737,90.95777516513951,6.501177233780773,17.31713447106106,1,51,1788682734.5869603
1788682795.486982,60.888000,gate_sweep_poor_none_r09,-3.657432656735182,7.46415476128459,4.811893001198769,72.90146727895431,0.6412660479545593,5.064877510070801,0.21117661893367767,88.0064678110282,6.7380956591559045,15.105000532073875,1,29,1788682734.5989678
1788682795.533821,60.920000,gate_sweep_poor_none_r09,-3.6457487158477306,7.494965594261885,4.812253013253212,72.01004633581043,0.6432654857635498,5.064260482788086,0.20711952447891235,87.90414202611073,6.746200753757528,15.894095690300299,1,16,1788682734.6138048
1788682795.579180,60.952000,gate_sweep_poor_none_r09,-3.6365719847381115,7.518745940178633,4.8125453144311905,71.3300292736325,0.6452575325965881,5.063636302947998,0.20306290686130524,87.80506699465396,6.7534402649344365,16.47503772102145,1,39,1788682734.627165
1788682795.624697,60.988000,gate_sweep_poor_none_r09,-3.629816871136427,7.536063712090254,4.812786117196083,70.8418135911811,0.6472457051277161,5.0630083084106445,0.1990063339471817,87.70944143721168,6.759898756583893,16.867627846030587,1,12,1788682734.6366675
1788682795.667994,61.020000,gate_sweep_poor_none_r09,-3.6188837103545666,7.563953917473555,4.813172355294228,70.07600912027988,0.6492289900779724,5.062376022338867,0.19494996964931488,87.61905441442825,6.767765952830507,17.543045294148367,1,30,1788682734.6479797
1788682795.712773,61.052000,gate_sweep_poor_none_r09,-3.610490422695875,7.58541302010417,4.813433185219765,69.51062052961409,0.6512085795402527,5.061742782592773,0.19089271128177643,87.5348652566953,6.774870499615183,18.02424472708122,1,10,1788682734.6607366
1788682795.761192,61.084000,gate_sweep_poor_none_r09,-3.602473597973585,7.606153052300215,4.813692107796669,68.98900023379602,0.6531882286071777,5.061113357543945,0.1868346631526947,87.4564907776012,6.78201256583613,18.46749054380518,1,8,1788682734.6771765
1788682795.806262,61.120000,gate_sweep_poor_none_r09,-3.5930234007537365,7.631059687584639,4.8139748722314835,68.40007265244107,0.6551671028137207,5.060488700866699,0.18277490139007568,87.38440761112774,6.789916856801578,18.984334958686674,1,19,1788682734.6862392
1788682795.849488,61.152000,gate_sweep_poor_none_r09,-3.5859409384429455,7.650151293724775,4.814129367470741,67.97970702755708,0.6571448445320129,5.059872150421143,0.17871282994747162,87.32055576497955,6.797088308846829,19.340848737422455,1,6,1788682734.6974733
1788682795.895041,61.184000,gate_sweep_poor_none_r09,-3.580904584378004,7.663960974663496,4.814179912209511,67.69217931955872,0.6591227054595947,5.059262275695801,0.17464907467365265,87.26268751853439,6.803494184859553,19.57050819897568,1,5,1788682734.7110245
1788682795.942209,61.216000,gate_sweep_poor_none_r09,-3.573040585964918,7.68599371239543,4.8142199665308,67.26818121961934,0.6611047387123108,5.058659076690674,0.1705843210220337,87.21245091961686,6.8113307016103315,19.94426969999752,1,2,1788682734.726188
1788682795.989956,61.252000,gate_sweep_poor_none_r09,-3.5672551207244396,7.702714007347822,4.814211383461952,66.97784801261633,0.6630897521972656,5.0580644607543945,0.16651777923107147,87.1691974238824,6.818434190263951,20.19134941126607,1,5,1788682734.7379422
1788682796.034020,61.284000,gate_sweep_poor_none_r09,-3.5619333796203136,7.718611758202314,4.814183250069618,66.72648454305676,0.6650773286819458,5.057473182678223,0.16245123744010925,87.13300609069951,6.825532123107072,20.406521547642747,1,2,1788682734.7500036
1788682796.080204,61.316000,gate_sweep_poor_none_r09,-3.5570403151214123,7.733710806816816,4.814156547188759,66.51328688344917,0.6670674681663513,5.056879997253418,0.15838490426540375,87.10260042225087,6.832621703190463,20.58931353880171,1,2,1788682734.7641864
1788682796.129201,61.348000,gate_sweep_poor_none_r09,-3.551536660641432,7.751442473381758,4.814205661416054,66.29822163623754,0.669061005115509,5.0562920570373535,0.15431827306747437,87.07842957348885,6.840455459617035,20.780207937251294,1,2,1788682734.781186
1788682796.174979,61.384000,gate_sweep_poor_none_r09,-3.548602443188429,7.761462729424238,4.814278617501259,66.19406807102,0.6710613369941711,5.055703163146973,0.1502532958984375,87.06044633665746,6.84688465280657,20.86637826563746,1,2,1788682734.790962
1788682796.220275,61.416000,gate_sweep_poor_none_r09,-3.5451599173247814,7.77409652993083,4.814405456185341,66.08086924371484,0.6730663776397705,5.055109977722168,0.146190345287323,87.04789191418523,6.8540902582500705,20.967022670470392,1,6,1788682734.8042588
1788682796.265765,61.448000,gate_sweep_poor_none_r09,-3.542261701077223,7.785908740013838,4.814517512917519,65.99513404598824,0.6750791668891907,5.054513931274414,0.14212967455387115,87.04037034977802,6.86131836529372,21.045236303789782,1,2,1788682734.8177502
1788682796.310628,61.480000,gate_sweep_poor_none_r09,-3.5393734984099865,7.799466174095869,4.814725890755653,65.92263450532882,0.677097499370575,5.053922176361084,0.138069286942482,87.03682880581691,6.869334502600049,21.114194300488084,1,2,1788682734.8306088
1788682796.354791,61.516000,gate_sweep_poor_none_r09,-3.537613969296217,7.809344332665205,4.814941897988319,65.89054632742736,0.6791232228279114,5.053335666656494,0.13400910794734955,87.03856889887327,6.876597130808139,21.148022571445903,1,2,1788682734.838776
1788682796.400971,61.548000,gate_sweep_poor_none_r09,-3.5365866236388683,7.816158335655928,4.815141215920448,65.8799539226874,0.6811532974243164,5.052750110626221,0.12994979321956635,87.04361265900552,6.883078797111205,21.16365873631812,1,2,1788682734.8529549
1788682796.447179,61.580000,gate_sweep_poor_none_r09,-3.535355668514967,7.826468508690596,4.815461650490761,65.8871009672166,0.6831896305084229,5.052159309387207,0.12589319050312042,87.05215103867037,6.89093377664904,21.165050071453784,1,2,1788682734.8671641
1788682796.496682,61.612000,gate_sweep_poor_none_r09,-3.5348316244781017,7.833777468651533,4.815715327858925,65.91371360901181,0.6852320432662964,5.051573276519775,0.12183675169944763,87.06378144863598,6.897977501721845,21.150067839624178,1,1,1788682734.8846633
1788682796.544456,61.648000,gate_sweep_poor_none_r09,-3.534712415188551,7.840265315026045,4.816041961312294,65.9601541565359,0.6872795224189758,5.050989151000977,0.11778127402067184,87.07817698462593,6.904993187988769,21.11802282809,1,1,1788682734.896411
1788682796.590647,61.680000,gate_sweep_poor_none_r09,-3.5350869707763195,7.847217600792646,4.816566959023476,66.04199551941383,0.6893353462219238,5.050409317016602,0.11372644454240799,87.09624123202018,6.912639828111665,21.05424571260635,1,1,1788682734.9106288
1788682796.634979,61.712000,gate_sweep_poor_none_r09,-3.5357893519103527,7.8518352918326855,4.817067638039589,66.12662739101945,0.6913976669311523,5.049835681915283,0.10967160016298294,87.11741178852779,6.919529562308103,20.99078439750833,1,1,1788682734.9229617
1788682796.680183,61.744000,gate_sweep_poor_none_r09,-3.536534409970045,7.854754488915205,4.817452922463417,66.2015576901971,0.6934671998023987,5.049263954162598,0.10561798512935638,87.1404328240056,6.925682582673408,20.93887513380849,1,10,1788682734.9361687
1788682796.729450,61.780000,gate_sweep_poor_none_r09,-3.538174729794264,7.858567755669355,4.818164840340614,66.34480316135172,0.6955440640449524,5.048690319061279,0.10156665742397308,87.1661403814987,6.93297082448492,20.821337220146987,1,2,1788682734.9494355
1788682796.775113,61.812000,gate_sweep_poor_none_r09,-3.5398269705474377,7.860683482140303,4.818787112832069,66.47379017777278,0.6976281404495239,5.048116207122803,0.09751737117767334,87.19467300756484,6.939520766427247,20.72088282979207,1,1,1788682734.9630969
1788682796.820816,61.844000,gate_sweep_poor_none_r09,-3.5417908243834972,7.861999075859785,4.819419875741005,66.6149323884251,0.699716329574585,5.047537803649902,0.09347054362297058,87.2247164608121,6.945946463916473,20.609784072386997,1,1,1788682734.9768019
1788682796.864967,61.876000,gate_sweep_poor_none_r09,-3.5446597151458263,7.862566035240889,4.820148482918739,66.80939771210952,0.70180344581604,5.046843528747559,0.08945319801568985,87.2533832609322,6.95271317469542,20.44398554882268,1,1,1788682734.988952
1788682796.912469,61.912000,gate_sweep_poor_none_r09,-3.547283034771681,7.862155955284834,4.820688262581825,66.97377470077728,0.6932639479637146,5.037380218505859,0.10397312045097351,87.2234296004133,6.943270008280532,20.249654899636017,1,1,1788682735.000448
1788682796.956485,61.944000,gate_sweep_poor_none_r09,-3.5494164042174816,7.861406844109297,4.821068778634071,67.10189417209446,0.7016665935516357,5.0462141036987305,0.08710449188947678,87.26281353143017,6.957545162466089,20.160919359335697,1,1,1788682735.0124688
1788682797.002584,61.976000,gate_sweep_poor_none_r09,-3.5524695925414562,7.859865229576826,4.821532264351845,67.2767637662529,0.7101218700408936,5.055115222930908,0.07026420533657074,87.30202627524893,6.972148646240912,20.025262508996043,1,1,1788682735.0265555
1788682797.047340,62.008000,gate_sweep_poor_none_r09,-3.55660567805171,7.857200186699629,4.822017684578896,67.50217526633412,2.867452383041382,-2.9266605377197266,0.1325962096452713,80.87326006976453,13.399658498093826,13.371084803430408,1,1,1788682735.0393062
1788682797.089841,62.044000,gate_sweep_poor_none_r09,-3.5600849203765392,7.854567091912031,4.822363391518593,67.6865261994487,3.183668613433838,-2.128472328186035,0.13551601767539978,80.03165257247231,12.926941869356137,12.345126373023605,1,6,1788682735.0458267
1788682797.138052,62.076000,gate_sweep_poor_none_r09,-3.5636979155242443,7.851601641625166,4.822716251015663,67.87488453733005,3.4597983360290527,-1.515865683555603,0.15400871634483337,79.15793997193313,12.604593358304138,11.283055434603082,1,1,1788682735.0620306
1788682797.183233,62.108000,gate_sweep_poor_none_r09,-3.5664802603423595,7.849175971001387,4.822982802987099,68.0196946988761,3.752897024154663,-0.9384090900421143,0.17653951048851013,78.25907139338763,12.344406438071093,10.239376694511531,1,1,1788682735.0752175
1788682797.228312,62.140000,gate_sweep_poor_none_r09,-3.571225743740797,7.844899695366621,4.823388114571571,68.26579293840032,3.752896308898926,-0.9384089112281799,0.1765398532152176,78.25909508034616,12.34432957615424,9.993302141945833,1,1,1788682735.0882971
1788682797.273553,62.176000,gate_sweep_poor_none_r09,-3.575040441006422,7.84139446541667,4.823729529976845,68.4687348534604,3.7528955936431885,-0.9384086728096008,0.17654018104076385,78.25907536288727,12.344227740883149,9.790340509426859,1,0,1788682735.097512
1788682797.320090,62.208000,gate_sweep_poor_none_r09,-3.578822236508131,7.837913554161787,4.824159160256386,68.67673974163351,3.752894639968872,-0.938408374786377,0.1765405386686325,78.25908978685322,12.34415885385,9.582350045219709,1,0,1788682735.1120746
1788682797.365590,62.240000,gate_sweep_poor_none_r09,-3.5834570936858654,7.833686392754316,4.824685111641884,68.9444458581659,3.7528936862945557,-0.9384081959724426,0.17654086649417877,78.25909126796968,12.344105117998158,9.314645409803774,1,0,1788682735.1255744
1788682797.414404,62.272000,gate_sweep_poor_none_r09,-3.5870328955352306,7.830493967980146,4.825103774666786,69.16473750582693,3.7528927326202393,-0.9384078979492188,0.17654116451740265,78.25909105516081,12.34411934897066,9.094353549333883,1,0,1788682735.142385
1788682797.459531,62.308000,gate_sweep_poor_none_r09,-3.5896247439086437,7.828277628868818,4.825436130166054,69.33415132593007,3.7528915405273438,-0.9384075999259949,0.17654144763946533,78.25907275988754,12.344210669670248,8.924921433957474,1,0,1788682735.151515
1788682797.506752,62.340000,gate_sweep_poor_none_r09,-3.593726020306349,7.824935477226973,4.826072707772255,69.6199174331743,3.7528905868530273,-0.9384073615074158,0.17654182016849518,78.2590952662523,12.344516627092721,8.639177833078005,1,0,1788682735.1667175
1788682797.552946,62.372000,gate_sweep_poor_none_r09,-3.5967701487243176,7.822612326592207,4.82664729654789,69.8507391492549,3.752890110015869,-0.9384071826934814,0.17654217779636383,78.25909430849049,12.344895559559362,8.408355159235585,1,0,1788682735.1809292
1788682797.599920,62.404000,gate_sweep_poor_none_r09,-3.5995729975402355,7.820711176842451,4.827297225594521,70.08232170381213,3.7528891563415527,-0.9384070634841919,0.1765425205230713,78.25907161067721,12.345459545882898,8.176749906865076,1,0,1788682735.195903
1788682797.650950,62.440000,gate_sweep_poor_none_r09,-3.6027141623198986,7.818997900933027,4.828100696206093,70.36529453530717,3.7528879642486572,-0.938406765460968,0.17654283344745636,78.25909706815862,12.346416876403893,7.893802532851442,1,0,1788682735.210929
1788682797.699116,62.472000,gate_sweep_poor_none_r09,-3.604877095669508,7.818245928734541,4.828807845711708,70.58408905581176,3.752887010574341,-0.9384065270423889,0.17654311656951904,78.25905346264072,12.347437871251467,7.674964406828964,1,1,1788682735.227101
1788682797.744459,62.504000,gate_sweep_poor_none_r09,-3.6062654070556164,7.818073313683271,4.829374805092812,70.7404159124384,3.7528860569000244,-0.938406229019165,0.1765434443950653,78.25905475940677,12.348355514897486,7.5186388469683765,1,0,1788682735.2404375
1788682797.793011,62.536000,gate_sweep_poor_none_r09,-3.608163457363844,7.818571608513594,4.830297484993935,70.98434750841457,3.752885341644287,-0.9384059309959412,0.17654381692409515,78.25905505341701,12.350186972346895,7.274707545002438,1,0,1788682735.2569962
1788682797.840446,62.572000,gate_sweep_poor_none_r09,-3.6093107275664806,7.819760363548994,4.831029906868935,71.1581156337106,3.7528841495513916,-0.9384055733680725,0.17654408514499664,78.25905380861433,12.351988595034575,7.100938174903738,1,0,1788682735.2684324
1788682797.888494,62.604000,gate_sweep_poor_none_r09,-3.6101177744567394,7.821701090782881,4.831767097115517,71.30991580737262,3.7528834342956543,-0.938405454158783,0.1765444427728653,78.25905498041777,12.354122851919678,6.949139173045157,1,0,1788682735.2844796
1788682797.935284,62.636000,gate_sweep_poor_none_r09,-3.6105524115264416,7.824354689568281,4.832513824105263,71.43609989048885,3.752882480621338,-0.9384051561355591,0.17654477059841156,78.25905529018497,12.356544069908562,6.822955399696133,1,0,1788682735.2992632
1788682797.982758,62.668000,gate_sweep_poor_none_r09,-3.6105075888335705,7.828784983605146,4.833383098244667,71.55482076367551,3.7528815269470215,-0.93840491771698,0.17654511332511902,78.25905487727009,12.359986167226497,6.704234113594581,1,0,1788682735.314715
1788682798.027758,62.704000,gate_sweep_poor_none_r09,-3.610151868313551,7.8320575170218945,4.833833709359169,71.60340747051312,3.752880334854126,-0.9384046792984009,0.17654544115066528,78.25905476669905,12.36226453264774,6.65564729618593,1,0,1788682735.323735
1788682798.074981,62.736000,gate_sweep_poor_none_r09,-3.609320502728224,7.837167780846357,4.834374442696571,71.63763739064488,3.7528791427612305,-0.9384044408798218,0.17654576897621155,78.25904981885897,12.365598222185158,6.6214124282140885,1,0,1788682735.3389666
1788682798.123955,62.768000,gate_sweep_poor_none_r09,-3.608076673001051,7.843146841973066,4.834849372506142,71.63872881600228,3.752878189086914,-0.9384042024612427,0.17654605209827423,78.259049575902,12.3692798922421,6.620320759899704,1,0,1788682735.3559344
1788682798.171978,62.800000,gate_sweep_poor_none_r09,-3.6059113554656506,7.85192970559001,4.835458770394325,71.58975878923972,3.7528772354125977,-0.9384039640426636,0.1765463650226593,78.25905427245154,12.37445757799685,6.669295483211804,1,0,1788682735.371962
1788682798.219753,62.836000,gate_sweep_poor_none_r09,-3.603668551892042,7.860090296715498,4.835848823189735,71.50731405210078,3.7528765201568604,-0.9384037852287292,0.17654673755168915,78.25907348126542,12.379069005071651,6.751759429164631,1,0,1788682735.3837318
1788682798.265992,62.868000,gate_sweep_poor_none_r09,-3.6016393713653088,7.866914313286543,4.836101070046425,71.42079295065493,3.752875804901123,-0.9384034872055054,0.17654705047607422,78.25907776581103,12.382808999047413,6.838284815156092,1,0,1788682735.3979769
1788682798.313839,62.900000,gate_sweep_poor_none_r09,-3.5976263098418713,7.879483263939619,4.836327090859413,71.23193101485087,3.7528748512268066,-0.938403308391571,0.1765473484992981,78.25904967440732,12.389452698512569,7.027118659556445,1,0,1788682735.4138114
1788682798.360487,62.932000,gate_sweep_poor_none_r09,-3.593801360577345,7.890706103295088,4.8364663273096085,71.03816145981787,3.7528741359710693,-0.9384031295776367,0.17654766142368317,78.259055565941,12.395227011646673,7.220894106123132,1,8,1788682735.4284728
1788682798.409180,62.968000,gate_sweep_poor_none_r09,-3.589470963925123,7.902991335839033,4.836543098092079,70.81042018308871,3.752873182296753,-0.9384028911590576,0.17654797434806824,78.25905631740666,12.401444431681004,7.448636134317949,1,0,1788682735.4411662
1788682798.457415,63.000000,gate_sweep_poor_none_r09,-3.5833633951842785,7.919814150780439,4.836488738656044,70.47529736446073,3.7528719902038574,-0.9384025931358337,0.1765482872724533,78.25905734061328,12.409810575607539,7.7837599761525516,1,0,1788682735.45738
1788682798.505682,63.032000,gate_sweep_poor_none_r09,-3.5779436640441418,7.93441728875041,4.836312785744667,70.17392439484458,3.752871036529541,-0.9384023547172546,0.176548570394516,78.25905781942869,12.41697125479119,8.085133424584125,1,0,1788682735.4736674
1788682798.554535,63.064000,gate_sweep_poor_none_r09,-3.57355485484004,7.9460244588553905,4.836108699440956,69.92741771205996,3.7528700828552246,-0.9384020566940308,0.17654886841773987,78.25905930054527,12.422601768420567,8.331641588485313,1,0,1788682735.4905102
1788682798.601620,63.100000,gate_sweep_poor_none_r09,-3.565643172711134,7.966582339257002,4.835602775216103,69.48457002267347,3.7528693675994873,-0.9384018778800964,0.17654921114444733,78.25909739716693,12.432463546016672,8.774527374493458,1,0,1788682735.5016003
1788682798.649530,63.132000,gate_sweep_poor_none_r09,-3.5587779097259045,7.984136622399092,4.835167422890663,69.10342460132975,3.752868175506592,-0.9384015202522278,0.1765495091676712,78.25907856087142,12.44084306825,9.15565395954166,1,7,1788682735.5175095
1788682798.695976,63.164000,gate_sweep_poor_none_r09,-3.551520686596632,8.002620737999678,4.834743991494179,68.70515080691145,3.7528674602508545,-0.9384012222290039,0.17654988169670105,78.259081150127,12.449688038567453,9.553930343215548,1,0,1788682735.5319576
1788682798.743285,63.196000,gate_sweep_poor_none_r09,-3.5419493727385998,8.027092974632978,4.834242835640907,68.18413770348475,3.752866506576538,-0.9384009838104248,0.1765502542257309,78.25904766221406,12.461481485560352,10.074909958729311,1,0,1788682735.5472686
1788682798.790513,63.232000,gate_sweep_poor_none_r09,-3.533928256481886,8.04781250283122,4.8338561207056046,67.75481682833802,3.7528655529022217,-0.9384008049964905,0.17655055224895477,78.25907227204681,12.471563205638487,10.504255443708791,1,0,1788682735.558473
1788682798.837240,63.264000,gate_sweep_poor_none_r09,-3.527693849056959,8.06398968026042,4.833561435341835,67.42698028558316,3.752864360809326,-0.9384005069732666,0.17655083537101746,78.2590609514899,12.479475335874232,10.832080665906735,1,0,1788682735.573223
1788682798.882021,63.296000,gate_sweep_poor_none_r09,-3.5190743021667004,8.086415331810713,4.833220973610878,66.98632355416967,3.7528629302978516,-0.938400149345398,0.17655114829540253,78.25906110614622,12.490513978368659,11.272737551976558,1,0,1788682735.5860028
1788682798.930434,63.328000,gate_sweep_poor_none_r09,-3.50779352709651,8.115839999169111,4.832838073372841,66.43404583723898,3.7528622150421143,-0.9383999109268188,0.17655150592327118,78.25905588610969,12.505094432015932,11.825010048870716,1,0,1788682735.602419
1788682798.977576,63.364000,gate_sweep_poor_none_r09,-3.498344998806715,8.140491526573896,4.832578673958778,65.99226949060757,3.752861261367798,-0.938399612903595,0.17655177414417267,78.25906145212112,12.517381636823021,12.266791961513558,1,0,1788682735.6135383
1788682799.028393,63.396000,gate_sweep_poor_none_r09,-3.4885896258056164,8.166107218712568,4.832354083657265,65.55603015295027,3.7528603076934814,-0.9383993744850159,0.17655211687088013,78.25906161374631,12.530248576899195,12.703031460796037,1,0,1788682735.6323738
1788682799.072096,63.428000,gate_sweep_poor_none_r09,-3.4810708574950695,8.185870211571455,4.832238212227821,65.23363140046409,3.752859354019165,-0.9383991360664368,0.17655245959758759,78.25906178324941,12.54023314219265,13.025430382785315,1,0,1788682735.6440802
1788682799.124347,63.460000,gate_sweep_poor_none_r09,-3.4681507162749767,8.21997169777751,4.832181945443153,64.70997576169933,1.5700769424438477,-3.4194068908691406,-1.0412615537643433,75.83425008004433,13.976988603032783,11.124274318344998,1,16,1788682735.6642995
1788682799.173720,63.496000,gate_sweep_poor_none_r09,-3.4574507288634777,8.24822048470378,4.832215324044228,64.30233054727013,1.78757643699646,-3.740852117538452,-1.2281051874160767,83.18116555601085,14.421361119328179,18.87883500874072,1,6,1788682735.6777015
1788682799.219513,63.528000,gate_sweep_poor_none_r09,-3.446455579251051,8.27730469033122,4.832307830452919,63.911924321410694,2.416074275970459,-3.325437545776367,-1.098733901977539,91.17727930902416,14.28881169771476,27.26535498761347,1,3,1788682735.69149
1788682799.268842,63.560000,gate_sweep_poor_none_r09,-3.43231950327754,8.31480697914958,4.832515254616737,63.442487080183575,3.873600482940674,-2.777414083480835,-0.8601309061050415,100.92707472925717,14.450607435622386,37.484587649073596,1,26,1788682735.708827
1788682799.317044,63.592000,gate_sweep_poor_none_r09,-3.4207521490752697,8.345694582909346,4.832766070961952,63.0879579357787,1.6065833568572998,-4.32930326461792,-1.1918379068374634,100.81883201541068,14.907230655401682,37.73087407963198,1,6,1788682735.7250159
1788682799.362728,63.628000,gate_sweep_poor_none_r09,-3.411942820996046,8.369346659630537,4.833006873726845,62.832361116440346,-0.7291746139526367,-6.109399795532227,-1.668689489364624,101.19303880490098,16.09668909320945,38.36067768846064,1,19,1788682735.7347133
1788682799.410804,63.660000,gate_sweep_poor_none_r09,-3.397012572735548,8.409673731774092,4.833496585488319,62.43166884135407,-2.4980194568634033,-7.611758232116699,-2.0247092247009277,102.1723521474764,17.450772410723847,39.740683306122335,1,6,1788682735.7507892
1788682799.458427,63.692000,gate_sweep_poor_none_r09,-3.3848584704101086,8.442650835961103,4.834054484963417,62.13027305557552,-0.42438316345214844,-19.38444709777832,-2.4251456260681152,106.53423281722937,28.91034035961931,44.403959761653844,1,3,1788682735.7664053
1788682799.509550,63.724000,gate_sweep_poor_none_r09,-3.372574906796217,8.476262133568525,4.834692016243935,61.84957620367543,2.1232986450195312,-22.058818817138672,-4.1420578956604,114.1953350837698,32.29826363358662,52.34575888009437,1,14,1788682735.7855349
1788682799.557436,63.760000,gate_sweep_poor_none_r09,-3.357034545391798,8.519132655113935,4.835607543587685,61.524339544831165,3.195845127105713,-24.509071350097656,-3.447746515274048,119.03599559212044,34.67587700803784,57.51165604728928,1,2,1788682735.7974145
1788682799.606935,63.792000,gate_sweep_poor_none_r09,-3.3444460444152355,8.55412296578288,4.836491599678993,61.28776074579215,4.313013076782227,-26.63355255126953,-2.810290575027466,123.34806540280375,36.814161217031526,62.060304657011606,1,1,1788682735.8149104
1788682799.653924,63.824000,gate_sweep_poor_none_r09,-3.3349085859954357,8.580711405724287,4.837176814675331,61.11999366299348,5.585107803344727,-28.655786514282227,-2.15659236907959,127.70244198543055,38.92346692072003,66.58244832243707,1,1,1788682735.8299043
1788682799.699237,63.856000,gate_sweep_poor_none_r09,-3.3188274912536144,8.625597041100264,4.838387027382851,60.8621895959877,7.0034661293029785,-30.519935607910156,-1.4666602611541748,132.09439449029773,40.97164987249613,71.23220489431004,1,1,1788682735.843222
1788682799.747237,63.892000,gate_sweep_poor_none_r09,-3.3058157972991467,8.661967318505049,4.8393421322107315,60.674059960757226,8.749082565307617,-32.38027572631836,-0.7129926681518555,137.06445857496786,43.134843345240654,76.39039861421064,1,1,1788682735.855222
1788682799.794472,63.924000,gate_sweep_poor_none_r09,-3.292623620480299,8.69875244423747,4.840320125222206,60.499698026372286,10.43178939819336,-33.80128860473633,-0.05460399389266968,141.54406097780011,44.92853529777584,81.04436295142783,1,1,1788682735.8704574
1788682799.842090,63.956000,gate_sweep_poor_none_r09,-3.279158215969801,8.735858958214521,4.841317191720009,60.337233839312745,10.431811332702637,-33.801300048828125,-0.05460378900170326,141.54405472528885,44.95965552141746,81.20682088597611,1,1,1788682735.886064
1788682799.889481,63.988000,gate_sweep_poor_none_r09,-3.2619901709258556,8.782671969383955,4.842590823769569,60.1488975804409,10.431835174560547,-33.801307678222656,-0.054603252559900284,141.54405110552256,44.998874264160165,81.39515352508165,1,8,1788682735.9014544
1788682799.938860,64.024000,gate_sweep_poor_none_r09,-3.2515383772552013,8.810956995934248,4.843316093087196,60.04260071053405,10.431859016418457,-33.80131530761719,-0.05460263416171074,141.54405588378577,45.022557934483764,81.50145517325171,1,0,1788682735.9148452
1788682799.986035,64.056000,gate_sweep_poor_none_r09,-3.237400632351637,8.848799746483564,4.844246879220009,59.90495003087983,10.43188190460205,-33.80132293701172,-0.05460235849022865,141.5440578970948,45.05420040180582,81.63910786621496,1,0,1788682735.9300137
1788682800.033267,64.088000,gate_sweep_poor_none_r09,-3.22302995249629,8.88671688362956,4.845044627785683,59.77425523869352,10.431904792785645,-33.80133056640625,-0.05460220202803612,141.54405436315596,45.085842312762885,81.76979912446244,1,0,1788682735.9452484
1788682800.083358,64.120000,gate_sweep_poor_none_r09,-3.2047337107360363,8.934131663292646,4.846001163125038,59.61670655504188,10.431927680969238,-33.80133819580078,-0.05460181087255478,141.54404404603133,45.12532357222785,81.92733749098946,1,0,1788682735.9633324
1788682800.130857,64.156000,gate_sweep_poor_none_r09,-3.1898795180022717,8.97203068062663,4.846808448433876,59.49397128329765,10.431949615478516,-33.80134963989258,-0.054601289331912994,141.54404768007677,45.15683902138181,82.05007639677912,1,0,1788682735.9748313
1788682800.176797,64.188000,gate_sweep_poor_none_r09,-3.178636174649,9.00038818642497,4.847439303994179,59.40200988976146,10.431973457336426,-33.80135726928711,-0.054600752890110016,141.5440452644958,45.18039514357043,82.14203537473435,1,27,1788682735.9887807
1788682800.226528,64.220000,gate_sweep_poor_none_r09,-3.1596668772399426,9.047416727989912,4.848506465554237,59.250276430404554,10.43199634552002,-33.801368713378906,-0.054600439965724945,141.5440380473285,45.219378371317134,82.29376161692397,1,2,1788682736.0065138
1788682800.273399,64.252000,gate_sweep_poor_none_r09,-3.1443675570189953,9.084770243614912,4.849375739693642,59.12691611786247,10.432019233703613,-33.80137634277344,-0.05460004881024361,141.5440366453112,45.250290892487406,82.41712052744872,1,2,1788682736.021379
1788682800.322914,64.288000,gate_sweep_poor_none_r09,-3.128974061459303,9.121808093041182,4.8502955585718155,59.00228914783264,10.43204402923584,-33.801387786865234,-0.054599829018116,141.54403557689662,45.28090055381162,82.54174642906398,1,37,1788682736.034899
1788682800.370968,64.320000,gate_sweep_poor_none_r09,-3.1095546297729015,9.16755584999919,4.85149909555912,58.8397659619262,10.432068824768066,-33.80139923095703,-0.05459949001669884,141.5440380242148,45.318610634762365,82.70427206228862,1,0,1788682736.0509455
1788682800.416263,64.352000,gate_sweep_poor_none_r09,-3.0939127020537853,9.203677218407393,4.85247565805912,58.70381043143849,10.332998275756836,-33.85089111328125,-0.0005865283310413361,140.62583667887964,45.36000446670027,81.92202624744114,1,44,1788682736.0642366
1788682800.464973,64.384000,gate_sweep_poor_none_r09,-3.082143645733595,9.230428736656904,4.853255286812782,58.59754581094196,9.901541709899902,-33.72840118408203,-0.07717667520046234,141.29641363280058,45.14804882722074,82.69886782185861,1,16,1788682736.0809495
1788682800.515601,64.420000,gate_sweep_poor_none_r09,-3.0624571852385998,9.274320643395185,4.854625716805458,58.41071735555663,9.761951446533203,-33.40337371826172,-0.23116837441921234,143.16814046331052,44.85216108862538,84.75742310775391,1,12,1788682736.0955808
1788682800.561656,64.452000,gate_sweep_poor_none_r09,-3.0466674380004406,9.308752100914717,4.855787292122841,58.251444041935436,9.985828399658203,-33.93805694580078,-0.18803849816322327,144.8563945876317,45.44857114458515,86.60495054569628,1,47,1788682736.109634
1788682800.607939,64.484000,gate_sweep_poor_none_r09,-3.0308054499328136,9.342497866600752,4.856971278786659,58.08285818492729,10.843494415283203,-34.78661346435547,0.01766534149646759,147.12999563179335,46.51121956651485,89.04713744686607,1,22,1788682736.1238973
1788682800.656265,64.516000,gate_sweep_poor_none_r09,-3.0109666399657726,9.383564036339521,4.858560100197792,57.85514644045375,11.919032096862793,-35.41128921508789,0.19478440284729004,149.77114025651395,47.447176352801186,91.9159938160602,1,13,1788682736.1402361
1788682800.701032,64.552000,gate_sweep_poor_none_r09,-2.995103221386671,9.415514033287764,4.85991670191288,57.65286648091012,13.407044410705566,-36.31867218017578,0.2156868577003479,152.76846306995225,48.80794101781576,95.11559658904213,1,49,1788682736.1490126
1788682800.746254,64.584000,gate_sweep_poor_none_r09,-2.983187060803175,9.438937228173018,4.860988631844521,57.483806017283804,16.316429138183594,-37.164546966552734,0.5303366184234619,159.66962121408932,50.62721078014859,102.1858151968055,1,16,1788682736.1622381
1788682800.792362,64.616000,gate_sweep_poor_none_r09,-2.967226844280958,9.469421427696943,4.862548366189003,57.22378671840284,23.886547088623047,-38.82315444946289,1.0841327905654907,167.60415583567112,55.38568843620948,110.38036911726829,1,9,1788682736.1763446
1788682800.837289,64.648000,gate_sweep_poor_none_r09,-2.947134356945753,9.506293337792158,4.864806190133095,56.82069150120097,31.221019744873047,-41.964962005615234,1.3862425088882446,170.40672414396434,61.877728518719536,113.58603264276337,1,41,1788682736.189274
1788682800.885779,64.684000,gate_sweep_poor_none_r09,-2.930957656353712,9.534738581627607,4.866942897439003,56.410199343630104,20.02159881591797,-45.360408782958984,1.6492328643798828,146.79958256911232,59.587336831321366,90.38938322548222,1,10,1788682736.201764
1788682800.930921,64.716000,gate_sweep_poor_none_r09,-2.9146650843322277,9.562213938683271,4.869373336434364,55.89240146714168,15.284482955932617,-67.93208312988281,7.8752217292785645,138.021433185327,79.6593383860512,82.12903171818529,1,7,1788682736.214906
1788682800.979141,64.748000,gate_sweep_poor_none_r09,-2.902334552258253,9.582198183983564,4.871379390358925,55.419287813876764,15.284485816955566,-67.93208312988281,7.875220775604248,138.02143215478563,79.67588911217105,82.60214434090888,1,4,1788682736.2311187
1788682801.023848,64.780000,gate_sweep_poor_none_r09,-2.8815504126250744,9.614119570702314,4.875127330422401,54.430089075524926,15.41186809539795,-67.44900512695312,8.144917488098145,138.1096263341601,79.27210024057206,83.67953725863521,1,50,1788682736.2438228
1788682801.073549,64.816000,gate_sweep_poor_none_r09,-2.864748101681471,9.63842872902751,4.878589168190956,53.42285032926482,15.41186237335205,-67.44900512695312,8.144917488098145,138.10963374501608,79.29171362538284,84.68678341575126,1,6,1788682736.2575204
1788682801.123109,64.848000,gate_sweep_poor_none_r09,-2.8477459959685802,9.661630671471357,4.88262178003788,52.190038422709065,15.411856651306152,-67.44900512695312,8.144917488098145,138.1096336421803,79.31018733656134,85.91959521947125,1,5,1788682736.2750893
1788682801.176837,64.880000,gate_sweep_poor_none_r09,-2.8262270502746105,9.689043086022139,4.888265624642372,50.30123076460865,15.411850929260254,-67.44900512695312,8.144917488098145,138.10963863171423,79.33165668164658,87.8084078671056,1,5,1788682736.2968044
1788682801.223034,64.912000,gate_sweep_poor_none_r09,-2.808819394558668,9.709678690880537,4.892699733376503,48.48693050311813,14.726947784423828,-67.98101806640625,8.663748741149902,137.76090455675939,79.7343608728834,89.27397405364125,1,55,1788682736.31102
1788682801.271220,64.948000,gate_sweep_poor_none_r09,-2.7956713251769543,9.724441569298506,4.895665660500526,46.943661983794144,14.726996421813965,-67.98101806640625,8.663748741149902,137.76091040136768,79.74572585581156,90.81724841757354,1,8,1788682736.3232024
1788682801.317770,64.980000,gate_sweep_poor_none_r09,-2.773561578243971,9.747765582054853,4.899537101387978,44.016958923506024,14.727045059204102,-67.98101806640625,8.663747787475586,137.76090804888543,79.76342722223777,93.74394912537942,1,74,1788682736.3377492
1788682801.364799,65.012000,gate_sweep_poor_none_r09,-2.755685906857252,9.765339892357588,4.90148164331913,41.35983933410394,14.727091789245605,-67.98102569580078,8.66374683380127,137.76090322309292,79.77655995029141,96.40106388898899,1,67,1788682736.3527803
1788682801.408677,65.044000,gate_sweep_poor_none_r09,-2.7376485876739025,9.781916659325361,4.902423873543739,38.43346603246995,14.618989944458008,-67.98953247070312,8.66110897064209,127.04508508410154,79.7732970020598,88.61161905163159,1,66,1788682736.364658
1788682801.451248,65.080000,gate_sweep_poor_none_r09,-2.714883666485548,9.801231425255537,4.902258411049843,34.41666801321984,14.618313789367676,-67.99030303955078,8.66132926940918,126.59979413252658,79.78780096074156,92.18312611930673,1,64,1788682736.3712275
1788682801.494424,65.112000,gate_sweep_poor_none_r09,-2.6964732222259045,9.815470736473799,4.9014148861169815,30.938262701241833,14.895954132080078,-67.98666381835938,8.620580673217773,126.13995920471119,79.85297637318749,95.20169650346936,1,57,1788682736.382405
1788682801.541787,65.144000,gate_sweep_poor_none_r09,-2.6824942640960217,9.825414698570967,4.900655761361122,28.189819197972422,15.202948570251465,-68.01058197021484,8.586291313171387,125.08874450261202,79.9494549839129,96.89892530463959,1,47,1788682736.3977706
1788682801.586381,65.176000,gate_sweep_poor_none_r09,-2.6588026098906994,9.840561907738447,4.899866595864296,23.383011028770845,15.275039672851562,-68.02197265625,8.572961807250977,123.5100258543478,79.98555254658481,100.12701482557695,1,33,1788682736.4103618
1788682801.630560,65.212000,gate_sweep_poor_none_r09,-2.6394871287047863,9.851330798119307,4.900280013680458,19.369052687420705,15.60792064666748,-68.55123901367188,8.571455001831055,120.5350121042804,80.58168755621297,101.16595941685968,1,73,1788682736.418541
1788682801.674440,65.244000,gate_sweep_poor_none_r09,-2.6198509745299816,9.860905688256025,4.9017124325037,15.247061379623872,15.724308967590332,-68.68303680419922,8.593324661254883,117.87896102418614,80.74210244406368,102.63189964456227,1,50,1788682736.430411
1788682801.717383,65.276000,gate_sweep_poor_none_r09,-2.5998951010406017,9.869391482323408,4.903999820351601,11.062159863428986,15.806748390197754,-68.7682876586914,8.590693473815918,114.87882997841366,80.84726844732133,103.81667011498467,1,75,1788682736.4413593
1788682801.761974,65.308000,gate_sweep_poor_none_r09,-2.5744260363280773,9.878483813256025,4.907830253243446,5.822588752834554,15.920405387878418,-68.37617492675781,8.524093627929688,112.18735980929728,80.49178693954394,106.36477105646271,1,46,1788682736.4539547
1788682801.806216,65.344000,gate_sweep_poor_none_r09,-2.5587962679564953,9.88316349312663,4.9105348736047745,2.7084743901302955,15.992461204528809,-67.75016784667969,8.440430641174316,109.2705334831028,79.89708037754885,106.5620590929725,1,85,1788682736.4621942
1788682801.848125,65.376000,gate_sweep_poor_none_r09,-2.537524562329054,9.888588946312666,4.914516940712929,-1.3633478755046518,16.103734970092773,-67.05139923095703,8.334606170654297,106.8398093167595,79.23985959108124,108.20315719226416,1,107,1788682736.4721084
1788682801.891410,65.408000,gate_sweep_poor_none_r09,-2.5157338194549084,9.893168490380049,4.918925300240517,-5.304005554977272,16.332260131835938,-66.46959686279297,8.230701446533203,104.50163236315692,78.72411745846892,109.8056379181342,1,59,1788682736.4833834
1788682801.933528,65.440000,gate_sweep_poor_none_r09,-2.487720113247633,9.89793686196208,4.924950614571571,-9.980077128951619,16.663188934326172,-66.09465789794922,8.045890808105469,102.01559086461448,78.43068304805307,111.9956679935661,1,160,1788682736.4935117
1788682801.977758,65.476000,gate_sweep_poor_none_r09,-2.464611392468214,9.90107635781169,4.930223003029823,-13.476287676329157,16.58164405822754,-66.34420013427734,8.085908889770508,98.28095570478573,78.65151230246012,111.75724338111488,1,91,1788682736.5017283
1788682802.023479,65.508000,gate_sweep_poor_none_r09,-2.4468558840453625,9.903118174523115,4.934475436806679,-15.933471329336847,16.53607940673828,-66.35173797607422,8.086980819702148,95.44047123773521,78.64536355686556,111.37394256707205,1,184,1788682736.5154562
1788682802.063715,65.540000,gate_sweep_poor_none_r09,-2.4164904169738293,9.906073611229658,4.942146316170692,-19.683353636259355,16.53984832763672,-66.33165740966797,8.083582878112793,92.55932831816392,78.62189919791982,112.24268195442328,1,128,1788682736.523689
1788682802.106257,65.572000,gate_sweep_poor_none_r09,-2.391470056027174,9.90811924263835,4.948586478829384,-22.355150713181114,16.552921295166016,-66.30540466308594,8.072994232177734,90.0152582207039,78.59486696728199,112.370408933885,1,228,1788682736.5342388
1788682802.149397,65.608000,gate_sweep_poor_none_r09,-2.3657842688262463,9.909937899559736,4.9549379497766495,-24.721739957846022,16.534669876098633,-66.2873306274414,8.07073974609375,87.23174949254307,78.5681813375762,111.9534894503891,1,178,1788682736.5413759
1788682802.197241,65.640000,gate_sweep_poor_none_r09,-2.3327270559966564,9.912002604454756,4.962384715676308,-27.245304932867437,16.511260986328125,-66.27849578857422,8.074953079223633,85.06129735324603,78.54792175821831,112.30660228611347,1,146,1788682736.5572102
1788682802.242638,65.672000,gate_sweep_poor_none_r09,-2.305466752499342,9.913556139916182,4.9677524715662,-28.912056497502313,16.49974822998047,-66.2568588256836,8.054877281188965,83.12849659198416,78.51814163719833,112.04055308948648,1,127,1788682736.5706153
1788682802.287859,65.704000,gate_sweep_poor_none_r09,-2.2845257334411144,9.914702456444502,4.9713258892297745,-29.957539127910984,16.486581802368164,-66.23540496826172,8.038559913635254,81.5485252414009,78.48949779095088,111.50606436931189,1,112,1788682736.583831
1788682802.330666,65.740000,gate_sweep_poor_none_r09,-2.248657565563917,9.916577380150557,4.976313605904579,-31.31292935189264,16.498565673828125,-66.2116928100586,8.042692184448242,80.75921395118112,78.46256801130103,112.07214330307376,1,353,1788682736.5906427
1788682802.376026,65.772000,gate_sweep_poor_none_r09,-2.2190574221313,9.918056529015303,4.979397788643837,-32.05507532071933,16.481678009033203,-66.2048110961914,8.04557991027832,79.89299165992841,78.44622332498987,111.94806698064775,1,240,1788682736.6040056
1788682802.420125,65.804000,gate_sweep_poor_none_r09,-2.1887622885406017,9.919548075646162,4.981754317879677,-32.501749280152694,16.466806411743164,-66.19255828857422,8.054901123046875,79.30465496179278,78.42529700304306,111.80640424194547,1,174,1788682736.6161094
1788682802.466257,65.836000,gate_sweep_poor_none_r09,-2.1498499922454357,9.921421092003584,4.983851447701454,-32.65928279288154,16.45590591430664,-66.16580963134766,8.056903839111328,78.96582899184483,78.38931357655221,111.62511178472636,1,152,1788682736.6302128
1788682802.509894,65.872000,gate_sweep_poor_none_r09,-2.117875438183546,9.92297176644206,4.985076919198036,-32.478946475213775,16.481990814208984,-66.1660385131836,8.050867080688477,79.0586782276472,78.38935883941238,111.53762470286098,1,368,1788682736.6378715
1788682802.558929,65.904000,gate_sweep_poor_none_r09,-2.0934268049895763,9.924207728356123,4.985896602272987,-32.1754696175106,16.495655059814453,-66.13982391357422,8.051812171936035,79.42400419271766,78.36255937934435,111.59947381022826,1,226,1788682736.6548998
1788682802.609658,65.936000,gate_sweep_poor_none_r09,-2.0602596811950207,9.925951045006514,4.9871082454919815,-31.556645251858125,16.48629379272461,-66.11712646484375,8.052732467651367,79.94241683410894,78.3321283688982,111.49906208596707,1,168,1788682736.6736166
1788682802.654881,65.968000,gate_sweep_poor_none_r09,-2.017869334667921,9.928299944847822,4.989283576607704,-30.470258718721826,16.520204544067383,-66.12431335449219,8.045367240905762,80.7786181397847,78.33900573887561,111.24887685850652,1,350,1788682736.6868472
1788682802.699839,66.004000,gate_sweep_poor_none_r09,-1.983229499310255,9.930303614586592,4.991703048348427,-29.375070935177057,16.53716468811035,-66.10147857666016,8.044330596923828,81.99891005106905,78.31446506862541,111.37398098624611,1,218,1788682736.6958208
1788682802.745225,66.036000,gate_sweep_poor_none_r09,-1.9479644112288952,9.932338755577803,4.9946718364953995,-28.109506592157746,16.527509689331055,-66.07870483398438,8.033466339111328,83.11153507321102,78.2831793097592,111.22104166536877,1,159,1788682736.7091975
1788682802.788217,66.068000,gate_sweep_poor_none_r09,-1.921240072697401,9.9338150434196,4.9971227794885635,-27.067010361750985,16.54242706298828,-66.08234405517578,8.0269775390625,84.3656880911837,78.28501432627114,111.43269845293469,1,310,1788682736.7202017
1788682802.832823,66.100000,gate_sweep_poor_none_r09,-1.876192670315504,9.936180155724287,5.001252666115761,-25.18634697952383,16.561389923095703,-66.072021484375,8.012175559997559,85.91080272465615,78.27040836180525,111.09714970417998,1,174,1788682736.7328057
1788682802.879311,66.136000,gate_sweep_poor_none_r09,-1.8398457579314709,9.93791488930583,5.004595294594765,-23.58638376881917,16.576833724975586,-66.01176452636719,7.970730781555176,87.55418766011734,78.20694244276937,111.1405714289365,1,134,1788682736.7432847
1788682802.922602,66.168000,gate_sweep_poor_none_r09,-1.8033242039382458,9.939449351280928,5.0078015476465225,-21.932794843511616,16.579818725585938,-66.01870727539062,7.989729404449463,89.13607437862441,78.20788576500748,111.06886922213603,1,253,1788682736.7545848
1788682802.969809,66.200000,gate_sweep_poor_none_r09,-1.757520418614149,9.94096950814128,5.011497989296913,-19.826877689282174,16.561111450195312,-66.01387023925781,7.99666690826416,90.78617279839007,78.18964885502945,110.61305048767224,1,155,1788682736.7697885
1788682803.012331,66.232000,gate_sweep_poor_none_r09,-1.7208303026854992,9.941813509911299,5.0140175968408585,-18.141222461762638,16.565168380737305,-66.00690460205078,7.994842529296875,92.61024230927192,78.17589684793114,110.75146477103456,1,229,1788682736.7802892
1788682803.057631,66.268000,gate_sweep_poor_none_r09,-1.6933437399566174,9.942174952477217,5.015626922249794,-16.890372492606637,16.55609703063965,-65.98644256591797,7.985281944274902,94.4775737893444,78.14739853407846,111.36794628195105,1,134,1788682736.789615
1788682803.100798,66.300000,gate_sweep_poor_none_r09,-1.6476522497832775,9.942164462059736,5.017819419503212,-14.856910154537122,16.559038162231445,-65.97821044921875,7.9855427742004395,96.07486733778126,78.12934329903233,110.93177749231837,1,204,1788682736.8007724
1788682803.144466,66.332000,gate_sweep_poor_none_r09,-1.6112283281981945,9.94155029579997,5.019254222512245,-13.29827091638461,16.540542602539062,-65.95512390136719,7.985893726348877,97.5518386142081,78.09348815399797,110.8501095305927,1,122,1788682736.8124456
1788682803.187622,66.364000,gate_sweep_poor_none_r09,-1.5749574713408947,9.940348666161299,5.020477309823036,-11.816990553783155,16.54074478149414,-65.89519500732422,7.977079391479492,98.94944650532705,78.02531543182481,110.7664370591102,1,189,1788682736.8236082
1788682803.232673,66.400000,gate_sweep_poor_none_r09,-1.529865961521864,9.937988322228193,5.0218043476343155,-10.098628819389637,16.541126251220703,-65.88153076171875,7.987979412078857,100.52471110946956,77.99973351356356,110.6233399288592,1,129,1788682736.8326323
1788682803.276503,66.432000,gate_sweep_poor_none_r09,-1.4940423779189587,9.935390513390303,5.022830501198769,-8.845360896701347,16.542688369750977,-65.88450622558594,7.997557640075684,101.92679846178454,77.99249578724695,110.77215935848588,1,81,1788682736.844481
1788682803.322105,66.464000,gate_sweep_poor_none_r09,-1.4673275761306286,9.933022540062666,5.023620143532753,-7.9847210720709425,16.475555419921875,-65.87542724609375,8.017736434936523,102.66106996052943,77.96045690961975,110.64579103260037,1,141,1788682736.858088
1788682803.366710,66.496000,gate_sweep_poor_none_r09,-1.423121314495802,9.928270380944014,5.025151744484901,-6.714184712769893,16.42938804626465,-65.88563537597656,8.021856307983398,103.57139797976272,77.94511296313686,110.28558269253261,1,71,1788682736.8706946
1788682803.411809,66.532000,gate_sweep_poor_none_r09,-1.388092141598463,9.923731844872236,5.026459231972694,-5.856934845760766,16.4010066986084,-65.90514373779297,8.028329849243164,104.65592310454394,77.94537598139354,110.5128579503047,1,41,1788682736.8797896
1788682803.454007,66.564000,gate_sweep_poor_none_r09,-1.353320937603712,9.918513339012861,5.02783776819706,-5.153594907157508,16.441402435302734,-65.89420318603516,8.026993751525879,105.01695905504,77.93083538265125,110.17055396219752,1,142,1788682736.8899908
1788682803.496839,66.596000,gate_sweep_poor_none_r09,-1.3187602572143078,9.912612956017256,5.02926541864872,-4.613339611769212,16.429737091064453,-65.98309326171875,8.104724884033203,105.46287200937752,78.00401163615864,110.07621162114674,1,80,1788682736.9008179
1788682803.543283,66.628000,gate_sweep_poor_none_r09,-1.275859098881483,9.904296915978193,5.031117454171181,-4.176168028526009,16.402774810791016,-66.08523559570312,8.172572135925293,106.04017154044632,78.08208428169429,110.21633956897233,1,59,1788682736.9152613
1788682803.588496,66.664000,gate_sweep_poor_none_r09,-1.2502683214843273,9.898793261498213,5.032223716378212,-4.047293035126543,16.473527908325195,-66.06399536132812,8.211332321166992,106.93188880766327,78.06782269074147,110.97918184278981,1,40,1788682736.9244814
1788682803.633214,66.696000,gate_sweep_poor_none_r09,-1.216334205120802,9.890855830162764,5.033695235848427,-4.0313358372887445,16.55350685119629,-66.02603912353516,8.18178653717041,107.89027408600096,78.03238218469969,111.92160992328971,1,31,1788682736.9371912
1788682803.675239,66.728000,gate_sweep_poor_none_r09,-1.182607751339674,9.882229845970869,5.035090461373329,-4.195223336190355,16.746252059936523,-66.25151062011719,8.162652015686035,108.70300613299553,78.27880998562806,112.89822946918588,1,98,1788682736.9472232
1788682803.718661,66.760000,gate_sweep_poor_none_r09,-1.140756230801344,9.870527308434248,5.036660209298134,-4.644533699802357,17.115764617919922,-66.39281463623047,8.198713302612305,110.24676528325243,78.48182246758537,114.8912989830548,1,51,1788682736.9586391
1788682803.761410,66.796000,gate_sweep_poor_none_r09,-1.1075502447783947,9.860476534813643,5.037691131234169,-5.193737887174762,17.584497451782227,-66.44496154785156,8.141928672790527,112.00342640385101,78.6228263215738,117.19716429102576,1,35,1788682736.9653847
1788682803.803793,66.828000,gate_sweep_poor_none_r09,-1.0828220658004284,9.852589648216963,5.038301005959511,-5.71082405336117,17.92245864868164,-66.58739471435547,8.036532402038574,113.25608968442063,78.82424307210958,118.96691373778181,1,110,1788682736.9757779
1788682803.851855,66.860000,gate_sweep_poor_none_r09,-1.041986208409071,9.838839571923018,5.038965716958046,-6.760572375334061,18.30115509033203,-66.68099212646484,7.947505474090576,114.54097046185719,78.9803859320242,121.30154283719123,1,49,1788682736.9918308
1788682803.894433,66.892000,gate_sweep_poor_none_r09,-1.009762268513441,9.827371638268232,5.039274707436562,-7.75251313680099,18.709501266479492,-66.76766967773438,7.896790504455566,115.87200065902631,79.14426767045647,123.6245137958273,1,115,1788682737.0024161
1788682803.943359,66.928000,gate_sweep_poor_none_r09,-0.9780609421432018,9.815534632652998,5.039212241768837,-8.86387368810129,19.16919708251953,-66.80657958984375,7.81821870803833,117.2402327753638,79.27536358022739,126.10410646346509,1,64,1788682737.0153377
1788682803.986234,66.960000,gate_sweep_poor_none_r09,-0.9392959885299206,9.800262492150068,5.038533225655556,-10.40088868619488,19.534324645996094,-66.86446380615234,7.752253532409668,118.06390594291804,79.39781910218568,128.46479462911293,1,126,1788682737.026216
1788682804.029934,66.992000,gate_sweep_poor_none_r09,-0.9090903215110302,9.787678759545088,5.0375819355249405,-11.728990996940565,19.827924728393555,-66.92930603027344,7.712830066680908,118.46381420147267,79.5152595479916,130.19280519841325,1,86,1788682737.0379193
1788682804.074209,67.024000,gate_sweep_poor_none_r09,-0.8869377784430981,9.778058093041182,5.036633983254433,-12.771836381953866,20.08546257019043,-67.0455551147461,7.705297470092773,118.5848936047085,79.67955125055019,131.35672998666234,1,64,1788682737.050187
1788682804.118613,67.060000,gate_sweep_poor_none_r09,-0.8509901575744152,9.761723559349775,5.034654155373573,-14.57592212481217,20.42470932006836,-67.1235580444336,7.683588981628418,118.8491695425073,79.8186617982899,133.42509166731946,1,149,1788682737.058578
1788682804.162234,67.092000,gate_sweep_poor_none_r09,-0.8231953792273998,9.748484652489424,5.032789722084999,-16.06114936400759,20.680221557617188,-67.16497039794922,7.657764911651611,118.5499208189127,79.90598852715272,134.6110701829203,1,173,1788682737.0702176
1788682804.208696,67.124000,gate_sweep_poor_none_r09,-0.7962872199714184,9.735219042748213,5.0306568294763565,-17.564283703021623,20.900394439697266,-67.21560668945312,7.6297993659973145,118.12130935910471,79.99331920750492,135.68559306212634,1,126,1788682737.0846772
1788682804.251218,67.156000,gate_sweep_poor_none_r09,-0.7640046291053295,9.718747179955244,5.027643218636513,-19.44535886220726,21.0156192779541,-67.22794342041016,7.588937759399414,117.32333625234922,80.01065830004062,136.76869511455646,1,177,1788682737.0952034
1788682804.299147,67.192000,gate_sweep_poor_none_r09,-0.739271979779005,9.705806773155928,5.024902358651161,-20.93358518675252,21.10211753845215,-67.21041870117188,7.54412317276001,116.2382712689204,79.99686563119188,137.17185645567292,1,108,1788682737.107124
1788682804.340459,67.224000,gate_sweep_poor_none_r09,-0.7214107923209667,9.696253817528486,5.022736087441444,-22.029335540039884,21.101516723632812,-67.18748474121094,7.53640079498291,115.11725057987871,79.96041477129235,137.1465861199186,1,179,1788682737.1164422
1788682804.385725,67.256000,gate_sweep_poor_none_r09,-0.6985201649367809,9.683747332543135,5.019737735390663,-23.455322169596883,21.125600814819336,-67.16096496582031,7.534981727600098,113.83378395973467,79.92326643160693,137.28910612933157,1,133,1788682737.1297078
1788682804.430557,67.288000,gate_sweep_poor_none_r09,-0.6713710241019726,9.668552439659834,5.015992179512978,-25.164432684140554,21.125938415527344,-67.11470031738281,7.534358978271484,112.43376008835986,79.85695194591351,137.59819277250043,1,91,1788682737.142539
1788682804.479568,67.324000,gate_sweep_poor_none_r09,-0.6508074216544628,9.656806033104658,5.012985721230507,-26.462843669710157,21.155534744262695,-67.06533813476562,7.507754802703857,111.88423487225651,79.79992379158269,138.34707854196665,1,191,1788682737.1555502
1788682804.523772,67.356000,gate_sweep_poor_none_r09,-0.6312385015189648,9.645462077111006,5.010001674294472,-27.688999832677137,21.161951065063477,-67.06866455078125,7.51054573059082,110.73588375017516,79.7888028256018,138.42488358285232,1,133,1788682737.1677558
1788682804.574543,67.388000,gate_sweep_poor_none_r09,-0.6171416454017162,9.637204211205244,5.007794871926308,-28.556523934571697,21.16341209411621,-67.06582641601562,7.508759021759033,109.54456445671565,79.77469680468337,138.10108839128733,1,107,1788682737.1865196
1788682804.619697,67.420000,gate_sweep_poor_none_r09,-0.5948642902076244,9.624047320336103,5.004210487008095,-29.900090062107406,21.147663116455078,-67.03990936279297,7.5077385902404785,108.37442102558029,79.72682989625164,138.2745110876877,1,88,1788682737.1996794
1788682804.664267,67.456000,gate_sweep_poor_none_r09,-0.5780784301459789,9.614061396569014,5.0014138370752335,-30.87701158547195,21.19767189025879,-67.02253723144531,7.496486663818359,108.49231761891424,79.70932780859921,139.36932920438622,1,262,1788682737.2082503
1788682804.707191,67.488000,gate_sweep_poor_none_r09,-0.5621563009917736,9.604528468102217,4.998770251870155,-31.766965600397906,21.20785903930664,-67.03170776367188,7.497747898101807,107.69491954064942,79.70753515801049,139.46188514104733,1,158,1788682737.2191765
1788682804.753359,67.520000,gate_sweep_poor_none_r09,-0.5434768013656139,9.593309443444014,4.995670333504677,-32.755547544548776,21.185829162597656,-67.01917266845703,7.494822978973389,106.7193506760674,79.67358983356556,139.47489822061618,1,124,1788682737.233342
1788682804.797424,67.552000,gate_sweep_poor_none_r09,-0.5295481495559216,9.584923785179853,4.993377223610878,-33.44892705716294,21.250011444091797,-67.0139389038086,7.477241516113281,106.90486357383189,79.67373822762008,140.3537906309948,1,281,1788682737.24541
1788682804.847021,67.588000,gate_sweep_poor_none_r09,-0.5196819715201855,9.578979533165693,4.991787448525429,-33.911633843738116,21.259592056274414,-67.00474548339844,7.464090824127197,106.32830481144723,79.6587471566776,140.23993865518534,1,181,1788682737.2590015
1788682804.893657,67.620000,gate_sweep_poor_none_r09,-0.504283469170332,9.569727938622236,4.989299789071083,-34.58132631111811,21.245256423950195,-66.98373413085938,7.460840225219727,105.71485556255116,79.62150182277097,140.29618187366927,1,117,1788682737.2736342
1788682804.937777,67.652000,gate_sweep_poor_none_r09,-0.49285004660487175,9.562876742333174,4.987422958016396,-35.026313543884555,21.320547103881836,-66.94996643066406,7.463378429412842,105.72137346168753,79.60006169065994,140.7476870055721,1,310,1788682737.2857578
1788682804.983335,67.684000,gate_sweep_poor_none_r09,-0.48221592232584953,9.55654339119792,4.985594764351845,-35.397593244639985,21.335330963134766,-66.94005584716797,7.453226566314697,105.45443160292358,79.58532687527577,140.85202484756354,1,227,1788682737.2993155
1788682805.031473,67.720000,gate_sweep_poor_none_r09,-0.47001809999346733,9.549363177269697,4.983366027474403,-35.76256571000616,21.317440032958984,-66.94937896728516,7.451816558837891,105.09973573301734,79.57916894275812,140.8623014430235,1,151,1788682737.3114498
1788682805.074051,67.752000,gate_sweep_poor_none_r09,-0.461173664778471,9.544244807213545,4.981649413704872,-35.983685882433115,21.386690139770508,-66.95256042480469,7.448187351226807,105.21867071913701,79.59380737799071,141.2023566015701,1,337,1788682737.3220336
1788682805.121741,67.784000,gate_sweep_poor_none_r09,-0.45508984848856926,9.540783923119307,4.980417266488075,-36.11022161122346,21.397741317749023,-66.95574951171875,7.449460983276367,105.15773882519036,79.59498749546226,141.26796043641383,1,193,1788682737.3377178
1788682805.166032,67.816000,gate_sweep_poor_none_r09,-0.44601331278681755,9.535639803856611,4.978439822793007,-36.2534696518968,21.38787841796875,-66.94884490966797,7.449907302856445,105.02202715836034,79.5782846102424,141.27549681025712,1,134,1788682737.3500097
1788682805.213224,67.852000,gate_sweep_poor_none_r09,-0.4397404007613659,9.532011073082685,4.976898208260536,-36.3127966877445,21.471223831176758,-67.00242614746094,7.4272685050964355,105.39334984767194,79.64681254658105,141.70614653541642,1,336,1788682737.361204
1788682805.257299,67.884000,gate_sweep_poor_none_r09,-0.4343204014003277,9.528766673058271,4.975430026650429,-36.326140514461635,21.470731735229492,-66.98322296142578,7.394036769866943,105.40181357528229,79.62264455237717,141.72795408974395,1,260,1788682737.3732762
1788682805.305126,67.916000,gate_sweep_poor_none_r09,-0.42966602370142937,9.525901835411787,4.974065318703651,-36.2979740919871,21.455503463745117,-66.92913818359375,7.404205799102783,105.25097613093934,79.56280142476429,141.5489502229264,1,219,1788682737.3891087
