[INFO] [1788525815.594549937] [vslam_compare]: vslam_compare: logging per-message CSV to /workspaces/isaac_ros-dev/results/feasibility_gate/g3_1_baseline_20260904/vslam_compare.csv (exp_id='g3_1_baseline_20260904')
[INFO] [1788525815.620280862] [vslam_compare]: vslam_compare ready -- watching /visual_slam/tracking/odometry vs /ground_truth/odom
[INFO] [1788525815.621743283] [vslam_compare]: Ground truth origin set: (0.001057274523191154, -0.0014966854359954596, -0.048994675278663635)
[INFO] [1788525815.635828473] [vslam_compare]: cuVSLAM origin set: (0.0, 0.0, 0.0) -- tracking initialized
[INFO] [1788525816.620535136] [vslam_compare]: gt=(0.01, 0.01, 0.0) vslam=(0.0, 0.0, 0.0) error=0.010m max_error=0.010m (n=1)
[INFO] [1788525817.620626067] [vslam_compare]: gt=(0.01, 0.0, 0.0) vslam=(0.0, 0.0, 0.0) error=0.009m max_error=0.010m (n=2)
[INFO] [1788525818.620754667] [vslam_compare]: gt=(0.01, -0.01, 0.01) vslam=(0.0, 0.0, 0.0) error=0.012m max_error=0.012m (n=3)
[INFO] [1788525819.620818556] [vslam_compare]: gt=(0.01, -0.02, 0.01) vslam=(0.0, 0.0, 0.0) error=0.031m max_error=0.031m (n=4)
[INFO] [1788525820.620691288] [vslam_compare]: gt=(0.01, -0.02, 0.01) vslam=(0.0, 0.0, 0.0) error=0.031m max_error=0.031m (n=5)
[INFO] [1788525821.620505838] [vslam_compare]: gt=(0.02, -0.01, 0.02) vslam=(0.0, 0.0, 0.0) error=0.027m max_error=0.031m (n=6)
[INFO] [1788525822.620591945] [vslam_compare]: gt=(0.02, -0.01, 0.02) vslam=(0.0, 0.0, 0.0) error=0.034m max_error=0.034m (n=7)
[INFO] [1788525823.620432491] [vslam_compare]: gt=(-0.0, -0.01, 0.02) vslam=(0.0, 0.0, 0.0) error=0.028m max_error=0.034m (n=8)
[INFO] [1788525824.620529575] [vslam_compare]: gt=(-0.0, -0.01, 0.03) vslam=(0.0, 0.0, 0.0) error=0.034m max_error=0.034m (n=9)
[INFO] [1788525825.620348777] [vslam_compare]: gt=(0.0, -0.0, 0.03) vslam=(0.0, 0.0, 0.0) error=0.029m max_error=0.034m (n=10)
[INFO] [1788525826.620280719] [vslam_compare]: gt=(0.01, -0.01, 0.03) vslam=(0.0, 0.0, 0.0) error=0.037m max_error=0.037m (n=11)
[INFO] [1788525827.620640401] [vslam_compare]: gt=(0.0, -0.01, 0.04) vslam=(0.0, 0.0, 0.0) error=0.041m max_error=0.041m (n=12)
[INFO] [1788525828.620727908] [vslam_compare]: gt=(0.01, -0.02, 0.05) vslam=(0.0, 0.0, 0.0) error=0.051m max_error=0.051m (n=13)
[INFO] [1788525829.620709439] [vslam_compare]: gt=(0.01, -0.03, 0.06) vslam=(0.0, 0.0, 0.0) error=0.063m max_error=0.063m (n=14)
[INFO] [1788525830.620525139] [vslam_compare]: gt=(0.01, -0.04, 0.05) vslam=(0.0, 0.0, 0.0) error=0.067m max_error=0.067m (n=15)
[INFO] [1788525831.620359701] [vslam_compare]: gt=(0.01, -0.03, 0.04) vslam=(0.0, 0.0, 0.0) error=0.054m max_error=0.067m (n=16)
[INFO] [1788525832.621036355] [vslam_compare]: gt=(0.01, -0.03, 0.04) vslam=(0.0, 0.0, 0.0) error=0.047m max_error=0.067m (n=17)
[INFO] [1788525833.620591992] [vslam_compare]: gt=(-0.0, -0.03, 0.03) vslam=(0.0, 0.0, 0.0) error=0.043m max_error=0.067m (n=18)
[INFO] [1788525834.620400709] [vslam_compare]: gt=(-0.0, -0.03, 0.03) vslam=(0.0, 0.0, 0.0) error=0.039m max_error=0.067m (n=19)
[INFO] [1788525835.620444464] [vslam_compare]: gt=(0.0, -0.04, 0.02) vslam=(0.0, 0.0, 0.0) error=0.044m max_error=0.067m (n=20)
[INFO] [1788525836.620530809] [vslam_compare]: gt=(0.0, -0.04, 0.02) vslam=(0.0, 0.0, 0.0) error=0.048m max_error=0.067m (n=21)
[INFO] [1788525837.620742357] [vslam_compare]: gt=(0.0, -0.03, 0.02) vslam=(0.0, 0.0, 0.0) error=0.034m max_error=0.067m (n=22)
[INFO] [1788525838.620488374] [vslam_compare]: gt=(0.0, -0.03, 0.01) vslam=(0.0, 0.0, 0.0) error=0.029m max_error=0.067m (n=23)
[INFO] [1788525839.620520269] [vslam_compare]: gt=(-0.0, -0.01, 0.02) vslam=(0.0, 0.0, 0.0) error=0.027m max_error=0.067m (n=24)
[INFO] [1788525840.620399469] [vslam_compare]: gt=(-0.0, -0.0, 0.02) vslam=(0.0, 0.0, 0.0) error=0.022m max_error=0.067m (n=25)
[INFO] [1788525841.620327007] [vslam_compare]: gt=(0.0, -0.01, 0.01) vslam=(0.0, 0.0, 0.0) error=0.011m max_error=0.067m (n=26)
[INFO] [1788525842.620365687] [vslam_compare]: gt=(0.01, -0.01, 0.01) vslam=(0.0, 0.0, 0.0) error=0.018m max_error=0.067m (n=27)
[INFO] [1788525843.620531758] [vslam_compare]: gt=(0.01, -0.02, -0.0) vslam=(0.0, 0.0, 0.0) error=0.019m max_error=0.067m (n=28)
[INFO] [1788525844.620376881] [vslam_compare]: gt=(0.0, -0.02, -0.01) vslam=(0.0, 0.0, 0.0) error=0.026m max_error=0.067m (n=29)
[INFO] [1788525845.620545135] [vslam_compare]: gt=(-0.01, -0.01, -0.01) vslam=(0.0, 0.0, 0.0) error=0.019m max_error=0.067m (n=30)
[INFO] [1788525846.620609902] [vslam_compare]: gt=(0.01, -0.01, -0.02) vslam=(0.0, 0.0, 0.0) error=0.022m max_error=0.067m (n=31)
[INFO] [1788525847.620376860] [vslam_compare]: gt=(0.02, -0.02, -0.02) vslam=(0.0, 0.0, 0.0) error=0.030m max_error=0.067m (n=32)
[INFO] [1788525848.620513604] [vslam_compare]: gt=(0.01, -0.02, -0.01) vslam=(0.0, 0.0, 0.0) error=0.028m max_error=0.067m (n=33)
[INFO] [1788525849.620258524] [vslam_compare]: gt=(0.02, -0.04, -0.02) vslam=(0.0, 0.0, 0.0) error=0.044m max_error=0.067m (n=34)
[INFO] [1788525850.620982445] [vslam_compare]: gt=(0.03, -0.04, -0.02) vslam=(0.0, 0.0, 0.0) error=0.057m max_error=0.067m (n=35)
[INFO] [1788525851.620753353] [vslam_compare]: gt=(0.04, -0.04, -0.02) vslam=(0.0, 0.0, 0.0) error=0.059m max_error=0.067m (n=36)
[INFO] [1788525852.620597605] [vslam_compare]: gt=(0.04, -0.03, -0.03) vslam=(0.0, 0.0, 0.0) error=0.059m max_error=0.067m (n=37)
[INFO] [1788525853.620560645] [vslam_compare]: gt=(0.03, -0.03, -0.04) vslam=(0.0, 0.0, 0.0) error=0.056m max_error=0.067m (n=38)
[INFO] [1788525854.620678518] [vslam_compare]: gt=(0.01, -0.04, -0.04) vslam=(0.0, 0.0, 0.0) error=0.054m max_error=0.067m (n=39)
[INFO] [1788525855.620394444] [vslam_compare]: gt=(0.0, -0.04, -0.03) vslam=(0.0, 0.0, 0.0) error=0.051m max_error=0.067m (n=40)
[INFO] [1788525856.620373702] [vslam_compare]: gt=(-0.0, -0.04, -0.02) vslam=(0.0, 0.0, 0.0) error=0.045m max_error=0.067m (n=41)
[INFO] [1788525857.620664552] [vslam_compare]: gt=(0.0, -0.03, -0.01) vslam=(0.0, 0.0, 0.0) error=0.037m max_error=0.067m (n=42)
[INFO] [1788525858.620367358] [vslam_compare]: gt=(0.0, -0.02, -0.01) vslam=(0.0, 0.0, 0.0) error=0.022m max_error=0.067m (n=43)
[INFO] [1788525859.620369471] [vslam_compare]: gt=(0.02, -0.02, 0.0) vslam=(0.0, 0.0, 0.0) error=0.026m max_error=0.067m (n=44)
[INFO] [1788525860.620372168] [vslam_compare]: gt=(0.03, -0.02, -0.01) vslam=(0.0, 0.0, 0.0) error=0.040m max_error=0.067m (n=45)
[INFO] [1788525861.620245497] [vslam_compare]: gt=(0.03, -0.02, -0.01) vslam=(0.0, 0.0, 0.0) error=0.041m max_error=0.067m (n=46)
[INFO] [1788525862.620367228] [vslam_compare]: gt=(0.03, -0.02, -0.01) vslam=(0.0, 0.0, 0.0) error=0.033m max_error=0.067m (n=47)
[INFO] [1788525863.620327890] [vslam_compare]: gt=(0.02, -0.02, 0.01) vslam=(0.0, 0.0, 0.0) error=0.030m max_error=0.067m (n=48)
[INFO] [1788525864.620295576] [vslam_compare]: gt=(0.02, -0.03, 0.01) vslam=(0.0, 0.0, 0.0) error=0.035m max_error=0.067m (n=49)
[INFO] [1788525865.620331717] [vslam_compare]: gt=(0.02, -0.02, 0.02) vslam=(0.0, 0.0, 0.0) error=0.036m max_error=0.067m (n=50)
[INFO] [1788525866.620628449] [vslam_compare]: gt=(0.03, -0.02, 0.02) vslam=(0.0, 0.0, 0.0) error=0.038m max_error=0.067m (n=51)
[INFO] [1788525867.620553341] [vslam_compare]: gt=(0.02, -0.01, 0.01) vslam=(0.0, 0.0, 0.0) error=0.025m max_error=0.067m (n=52)
[INFO] [1788525868.620537348] [vslam_compare]: gt=(0.02, -0.0, 0.0) vslam=(0.0, 0.0, 0.0) error=0.016m max_error=0.067m (n=53)
[INFO] [1788525869.620536450] [vslam_compare]: gt=(0.01, -0.01, -0.0) vslam=(0.0, 0.0, 0.0) error=0.018m max_error=0.067m (n=54)
[INFO] [1788525870.620526431] [vslam_compare]: gt=(0.01, -0.03, -0.0) vslam=(0.0, 0.0, 0.0) error=0.028m max_error=0.067m (n=55)
[INFO] [1788525871.620720665] [vslam_compare]: gt=(0.02, -0.04, -0.0) vslam=(0.0, 0.0, 0.0) error=0.039m max_error=0.067m (n=56)
[INFO] [1788525872.620449561] [vslam_compare]: gt=(0.03, -0.03, -0.01) vslam=(0.0, 0.0, 0.0) error=0.048m max_error=0.067m (n=57)
[INFO] [1788525873.620445877] [vslam_compare]: gt=(0.02, -0.03, -0.02) vslam=(0.0, 0.0, 0.0) error=0.041m max_error=0.067m (n=58)
[INFO] [1788525874.620550376] [vslam_compare]: gt=(0.02, -0.03, -0.02) vslam=(0.0, 0.0, 0.0) error=0.042m max_error=0.067m (n=59)
[INFO] [1788525875.620678931] [vslam_compare]: gt=(0.02, -0.04, -0.02) vslam=(0.0, 0.0, 0.0) error=0.048m max_error=0.067m (n=60)
[INFO] [1788525876.620479230] [vslam_compare]: gt=(0.02, -0.04, 0.0) vslam=(0.0, 0.0, 0.0) error=0.044m max_error=0.067m (n=61)
[INFO] [1788525877.620515879] [vslam_compare]: gt=(0.01, -0.03, 0.02) vslam=(0.0, 0.0, 0.0) error=0.037m max_error=0.067m (n=62)
[INFO] [1788525878.620507514] [vslam_compare]: gt=(0.01, -0.02, 0.02) vslam=(0.0, 0.0, 0.0) error=0.036m max_error=0.067m (n=63)
[INFO] [1788525879.620590218] [vslam_compare]: gt=(0.01, -0.01, 0.03) vslam=(0.0, 0.0, 0.0) error=0.037m max_error=0.067m (n=64)
[INFO] [1788525880.620253303] [vslam_compare]: gt=(-0.0, -0.01, 0.03) vslam=(0.0, 0.0, 0.0) error=0.034m max_error=0.067m (n=65)
[INFO] [1788525881.620485952] [vslam_compare]: gt=(-0.01, -0.0, 0.02) vslam=(0.0, 0.0, 0.0) error=0.021m max_error=0.067m (n=66)
[INFO] [1788525882.620544968] [vslam_compare]: gt=(-0.0, -0.02, 0.0) vslam=(0.0, 0.0, 0.0) error=0.017m max_error=0.067m (n=67)
[INFO] [1788525883.620234646] [vslam_compare]: gt=(-0.0, -0.03, -0.02) vslam=(0.0, 0.0, 0.0) error=0.034m max_error=0.067m (n=68)
[INFO] [1788525884.620415431] [vslam_compare]: gt=(-0.01, -0.02, -0.02) vslam=(0.0, 0.0, 0.0) error=0.028m max_error=0.067m (n=69)
[INFO] [1788525885.620505454] [vslam_compare]: gt=(-0.0, -0.01, -0.01) vslam=(0.0, 0.0, 0.0) error=0.018m max_error=0.067m (n=70)
[INFO] [1788525886.620399089] [vslam_compare]: gt=(0.0, -0.01, -0.01) vslam=(0.0, 0.0, 0.0) error=0.017m max_error=0.067m (n=71)
[INFO] [1788525887.620360294] [vslam_compare]: gt=(0.02, -0.02, -0.01) vslam=(0.0, 0.0, 0.0) error=0.025m max_error=0.067m (n=72)
[INFO] [1788525888.620472283] [vslam_compare]: gt=(0.03, -0.01, -0.01) vslam=(0.0, 0.0, 0.0) error=0.030m max_error=0.067m (n=73)
[INFO] [1788525889.620402849] [vslam_compare]: gt=(0.02, -0.02, -0.01) vslam=(0.0, 0.0, 0.0) error=0.028m max_error=0.067m (n=74)
[INFO] [1788525890.620568164] [vslam_compare]: gt=(0.02, -0.03, 0.0) vslam=(0.0, 0.0, 0.0) error=0.038m max_error=0.067m (n=75)
[INFO] [1788525891.620577181] [vslam_compare]: gt=(0.01, -0.04, -0.0) vslam=(0.0, 0.0, 0.0) error=0.041m max_error=0.067m (n=76)
[INFO] [1788525892.620489371] [vslam_compare]: gt=(0.0, -0.04, -0.01) vslam=(0.0, 0.0, 0.0) error=0.039m max_error=0.067m (n=77)
[INFO] [1788525893.620310233] [vslam_compare]: gt=(0.01, -0.03, -0.01) vslam=(0.0, 0.0, 0.0) error=0.031m max_error=0.067m (n=78)
[INFO] [1788525894.620712605] [vslam_compare]: gt=(0.01, -0.02, -0.02) vslam=(0.0, 0.0, 0.0) error=0.031m max_error=0.067m (n=79)
[INFO] [1788525895.620369093] [vslam_compare]: gt=(0.01, -0.03, -0.02) vslam=(0.0, 0.0, 0.0) error=0.037m max_error=0.067m (n=80)
[INFO] [1788525896.620353580] [vslam_compare]: gt=(0.02, -0.03, -0.02) vslam=(0.0, 0.0, 0.0) error=0.040m max_error=0.067m (n=81)
[INFO] [1788525897.620266684] [vslam_compare]: gt=(0.01, -0.03, 0.0) vslam=(0.0, 0.0, 0.0) error=0.036m max_error=0.067m (n=82)
[INFO] [1788525898.620354580] [vslam_compare]: gt=(0.0, -0.02, -0.0) vslam=(0.0, 0.0, 0.0) error=0.023m max_error=0.067m (n=83)
[INFO] [1788525899.620380800] [vslam_compare]: gt=(0.01, -0.02, -0.01) vslam=(0.0, 0.0, 0.0) error=0.023m max_error=0.067m (n=84)
[INFO] [1788525900.620582434] [vslam_compare]: gt=(0.02, -0.03, -0.01) vslam=(0.0, 0.0, 0.0) error=0.035m max_error=0.067m (n=85)
[INFO] [1788525901.620222743] [vslam_compare]: gt=(0.01, -0.03, -0.02) vslam=(0.0, 0.0, 0.0) error=0.039m max_error=0.067m (n=86)
[INFO] [1788525902.620478531] [vslam_compare]: gt=(0.01, -0.02, -0.02) vslam=(0.0, 0.0, 0.0) error=0.032m max_error=0.067m (n=87)
[INFO] [1788525903.620292074] [vslam_compare]: gt=(0.01, -0.01, -0.02) vslam=(0.0, 0.0, 0.0) error=0.022m max_error=0.067m (n=88)
[INFO] [1788525904.620503812] [vslam_compare]: gt=(-0.02, -0.02, -0.01) vslam=(0.0, 0.0, 0.0) error=0.029m max_error=0.067m (n=89)
[INFO] [1788525905.620385362] [vslam_compare]: gt=(-0.02, -0.02, 0.0) vslam=(0.0, 0.0, 0.0) error=0.028m max_error=0.067m (n=90)
[INFO] [1788525906.620544843] [vslam_compare]: gt=(-0.01, -0.04, 0.01) vslam=(0.0, 0.0, 0.0) error=0.046m max_error=0.067m (n=91)
[INFO] [1788525907.620240727] [vslam_compare]: gt=(0.0, -0.04, 0.01) vslam=(0.0, 0.0, 0.0) error=0.042m max_error=0.067m (n=92)
[INFO] [1788525908.620359440] [vslam_compare]: gt=(0.02, -0.04, -0.0) vslam=(0.0, 0.0, 0.0) error=0.040m max_error=0.067m (n=93)
[INFO] [1788525909.620700478] [vslam_compare]: gt=(0.01, -0.02, -0.01) vslam=(0.0, 0.0, 0.0) error=0.030m max_error=0.067m (n=94)
[INFO] [1788525910.620576736] [vslam_compare]: gt=(0.01, -0.03, -0.01) vslam=(0.0, 0.0, 0.0) error=0.029m max_error=0.067m (n=95)
[INFO] [1788525911.620480978] [vslam_compare]: gt=(0.01, -0.02, 0.01) vslam=(0.0, 0.0, 0.0) error=0.024m max_error=0.067m (n=96)
[INFO] [1788525912.620598057] [vslam_compare]: gt=(0.01, -0.02, 0.03) vslam=(0.0, 0.0, 0.0) error=0.038m max_error=0.067m (n=97)
[INFO] [1788525913.620613017] [vslam_compare]: gt=(0.03, -0.03, 0.03) vslam=(0.0, 0.0, 0.0) error=0.051m max_error=0.067m (n=98)
[INFO] [1788525914.620424982] [vslam_compare]: gt=(0.02, -0.03, 0.03) vslam=(0.0, 0.0, 0.0) error=0.049m max_error=0.067m (n=99)
[INFO] [1788525915.620490257] [vslam_compare]: gt=(0.03, -0.04, 0.03) vslam=(0.0, 0.0, 0.0) error=0.058m max_error=0.067m (n=100)
[INFO] [1788525916.620539802] [vslam_compare]: gt=(0.02, -0.04, 0.02) vslam=(0.0, 0.0, 0.0) error=0.054m max_error=0.067m (n=101)
[INFO] [1788525917.620479592] [vslam_compare]: gt=(0.03, -0.03, 0.01) vslam=(0.0, 0.0, 0.0) error=0.045m max_error=0.067m (n=102)
[INFO] [1788525918.620521271] [vslam_compare]: gt=(0.03, -0.02, 0.01) vslam=(0.0, 0.0, 0.0) error=0.038m max_error=0.067m (n=103)
[INFO] [1788525919.620498147] [vslam_compare]: gt=(0.03, -0.03, 0.01) vslam=(0.0, 0.0, 0.0) error=0.044m max_error=0.067m (n=104)
[INFO] [1788525920.620458291] [vslam_compare]: gt=(0.02, -0.04, 0.01) vslam=(0.0, 0.0, 0.0) error=0.049m max_error=0.067m (n=105)
[INFO] [1788525921.620558672] [vslam_compare]: gt=(-0.0, -0.05, 0.02) vslam=(0.0, 0.0, 0.0) error=0.058m max_error=0.067m (n=106)
[INFO] [1788525922.620817504] [vslam_compare]: gt=(-0.0, -0.05, 0.02) vslam=(0.0, 0.0, 0.0) error=0.055m max_error=0.067m (n=107)
[INFO] [1788525923.620392844] [vslam_compare]: gt=(0.01, -0.05, 0.02) vslam=(0.0, 0.0, 0.0) error=0.054m max_error=0.067m (n=108)
[INFO] [1788525924.620365247] [vslam_compare]: gt=(0.01, -0.06, 0.02) vslam=(0.0, 0.0, 0.0) error=0.064m max_error=0.067m (n=109)
[INFO] [1788525925.620443412] [vslam_compare]: gt=(0.0, -0.06, 0.01) vslam=(0.0, 0.0, 0.0) error=0.066m max_error=0.067m (n=110)
[INFO] [1788525926.620649329] [vslam_compare]: gt=(0.01, -0.05, 0.01) vslam=(0.0, 0.0, 0.0) error=0.050m max_error=0.067m (n=111)
[INFO] [1788525927.620367877] [vslam_compare]: gt=(0.03, -0.03, 0.01) vslam=(0.0, 0.0, 0.0) error=0.041m max_error=0.067m (n=112)
[INFO] [1788525928.620340119] [vslam_compare]: gt=(0.02, -0.02, 0.02) vslam=(0.0, 0.0, 0.0) error=0.033m max_error=0.067m (n=113)
[INFO] [1788525929.620526984] [vslam_compare]: gt=(0.01, -0.01, 0.02) vslam=(0.0, 0.0, 0.0) error=0.024m max_error=0.067m (n=114)
[INFO] [1788525930.620620970] [vslam_compare]: gt=(0.02, -0.02, 0.02) vslam=(0.0, 0.0, 0.0) error=0.034m max_error=0.067m (n=115)
[INFO] [1788525931.620670597] [vslam_compare]: gt=(0.02, -0.03, 0.03) vslam=(0.0, 0.0, 0.0) error=0.048m max_error=0.067m (n=116)
[INFO] [1788525932.620390785] [vslam_compare]: gt=(0.03, -0.03, 0.03) vslam=(0.0, 0.0, 0.0) error=0.049m max_error=0.067m (n=117)
[INFO] [1788525933.620413226] [vslam_compare]: gt=(0.03, -0.03, 0.01) vslam=(0.0, 0.0, 0.0) error=0.043m max_error=0.067m (n=118)
[INFO] [1788525934.620485822] [vslam_compare]: gt=(0.02, -0.03, -0.0) vslam=(0.0, 0.0, 0.0) error=0.036m max_error=0.067m (n=119)
[INFO] [1788525935.620629662] [vslam_compare]: gt=(0.02, -0.02, 0.01) vslam=(0.0, 0.0, 0.0) error=0.031m max_error=0.067m (n=120)
[INFO] [1788525936.620352351] [vslam_compare]: gt=(0.02, -0.03, 0.02) vslam=(0.0, 0.0, 0.0) error=0.044m max_error=0.067m (n=121)
[INFO] [1788525937.620511621] [vslam_compare]: gt=(0.03, -0.03, 0.03) vslam=(0.0, 0.0, 0.0) error=0.053m max_error=0.067m (n=122)
[INFO] [1788525938.620362258] [vslam_compare]: gt=(0.03, -0.04, 0.03) vslam=(0.0, 0.0, 0.0) error=0.055m max_error=0.067m (n=123)
[INFO] [1788525939.620238974] [vslam_compare]: gt=(0.03, -0.03, 0.02) vslam=(0.0, 0.0, 0.0) error=0.042m max_error=0.067m (n=124)
[INFO] [1788525940.620498199] [vslam_compare]: gt=(0.02, -0.03, 0.01) vslam=(0.0, 0.0, 0.0) error=0.038m max_error=0.067m (n=125)
[INFO] [1788525941.620464390] [vslam_compare]: gt=(0.01, -0.03, 0.01) vslam=(0.0, 0.0, 0.0) error=0.037m max_error=0.067m (n=126)
[INFO] [1788525942.620690742] [vslam_compare]: gt=(0.02, -0.02, 0.01) vslam=(0.0, 0.0, 0.0) error=0.029m max_error=0.067m (n=127)
[INFO] [1788525943.620429547] [vslam_compare]: gt=(0.02, -0.01, 0.01) vslam=(0.0, 0.0, 0.0) error=0.027m max_error=0.067m (n=128)
[INFO] [1788525944.620238289] [vslam_compare]: gt=(0.01, 0.0, 0.03) vslam=(0.0, 0.0, 0.0) error=0.026m max_error=0.067m (n=129)
[INFO] [1788525945.620407619] [vslam_compare]: gt=(0.01, 0.02, 0.03) vslam=(0.0, 0.0, 0.0) error=0.035m max_error=0.067m (n=130)
[INFO] [1788525946.620608796] [vslam_compare]: gt=(0.01, 0.01, 0.03) vslam=(0.0, 0.0, 0.0) error=0.037m max_error=0.067m (n=131)
[INFO] [1788525947.620790854] [vslam_compare]: gt=(0.01, 0.01, 0.02) vslam=(0.0, 0.0, 0.0) error=0.031m max_error=0.067m (n=132)
[INFO] [1788525948.620388061] [vslam_compare]: gt=(0.01, 0.03, 0.01) vslam=(0.0, 0.0, 0.0) error=0.031m max_error=0.067m (n=133)
[INFO] [1788525949.620883964] [vslam_compare]: gt=(0.01, 0.03, 0.01) vslam=(0.0, 0.0, 0.0) error=0.032m max_error=0.067m (n=134)
[INFO] [1788525950.620424499] [vslam_compare]: gt=(0.03, 0.02, 0.01) vslam=(-0.02, -0.04, 0.01) error=0.076m max_error=0.076m (n=135)
[INFO] [1788525951.620698180] [vslam_compare]: gt=(0.14, 0.05, 0.1) vslam=(0.19, -0.06, 0.2) error=0.157m max_error=0.157m (n=136)
[INFO] [1788525952.620711834] [vslam_compare]: gt=(0.07, -0.06, 0.78) vslam=(0.15, -0.13, 0.73) error=0.119m max_error=0.157m (n=137)
[INFO] [1788525953.620531622] [vslam_compare]: gt=(0.03, -0.15, 2.0) vslam=(0.07, -0.2, 2.07) error=0.101m max_error=0.157m (n=138)
[INFO] [1788525954.620412618] [vslam_compare]: gt=(-0.0, -0.09, 3.17) vslam=(0.06, -0.11, 3.27) error=0.123m max_error=0.157m (n=139)
[INFO] [1788525955.620460147] [vslam_compare]: gt=(-0.04, -0.03, 3.77) vslam=(-0.01, 0.01, 4.06) error=0.292m max_error=0.292m (n=140)
[INFO] [1788525956.620529902] [vslam_compare]: gt=(-0.04, 0.02, 4.12) vslam=(-0.04, 0.09, 4.45) error=0.344m max_error=0.344m (n=141)
[INFO] [1788525957.620557451] [vslam_compare]: gt=(-0.02, 0.06, 4.46) vslam=(-0.03, 0.16, 4.86) error=0.415m max_error=0.415m (n=142)
[INFO] [1788525958.620470160] [vslam_compare]: gt=(-0.03, 0.07, 4.63) vslam=(-0.03, 0.18, 5.07) error=0.455m max_error=0.455m (n=143)
[INFO] [1788525959.620366601] [vslam_compare]: gt=(-0.03, 0.07, 4.74) vslam=(-0.02, 0.17, 5.21) error=0.483m max_error=0.483m (n=144)
[INFO] [1788525960.620780265] [vslam_compare]: gt=(-0.0, 0.05, 4.66) vslam=(0.01, 0.15, 5.17) error=0.517m max_error=0.517m (n=145)
[INFO] [1788525961.620381863] [vslam_compare]: gt=(-0.03, 0.11, 4.6) vslam=(0.04, 0.09, 5.06) error=0.464m max_error=0.517m (n=146)
[INFO] [1788525962.620691196] [vslam_compare]: gt=(-0.23, 0.44, 4.61) vslam=(-0.14, 0.35, 5.04) error=0.453m max_error=0.517m (n=147)
[INFO] [1788525963.620390298] [vslam_compare]: gt=(-0.53, 1.19, 4.63) vslam=(-0.41, 1.02, 5.05) error=0.468m max_error=0.517m (n=148)
[INFO] [1788525964.620283351] [vslam_compare]: gt=(-0.81, 2.03, 4.67) vslam=(-0.64, 1.83, 5.05) error=0.465m max_error=0.517m (n=149)
[INFO] [1788525965.620589382] [vslam_compare]: gt=(-0.96, 2.64, 4.7) vslam=(-0.78, 2.44, 5.07) error=0.458m max_error=0.517m (n=150)
[INFO] [1788525966.620601607] [vslam_compare]: gt=(-0.94, 3.03, 4.72) vslam=(-0.73, 2.92, 5.08) error=0.431m max_error=0.517m (n=151)
[INFO] [1788525967.620388483] [vslam_compare]: gt=(-1.22, 3.23, 4.71) vslam=(-0.93, 3.02, 5.01) error=0.471m max_error=0.517m (n=152)
[INFO] [1788525968.620553853] [vslam_compare]: gt=(-1.72, 3.66, 4.77) vslam=(-1.43, 3.37, 5.04) error=0.498m max_error=0.517m (n=153)
[INFO] [1788525969.620505124] [vslam_compare]: gt=(-2.23, 3.99, 4.82) vslam=(-1.87, 3.72, 5.02) error=0.492m max_error=0.517m (n=154)
[INFO] [1788525970.620245733] [vslam_compare]: gt=(-2.55, 4.31, 4.82) vslam=(-2.13, 3.96, 5.07) error=0.596m max_error=0.596m (n=155)
[INFO] [1788525971.620274306] [vslam_compare]: gt=(-2.85, 4.77, 4.85) vslam=(-2.45, 4.46, 5.04) error=0.547m max_error=0.596m (n=156)
[INFO] [1788525972.620473494] [vslam_compare]: gt=(-3.11, 5.28, 4.86) vslam=(-2.66, 5.08, 5.2) error=0.599m max_error=0.599m (n=157)
[INFO] [1788525973.620751387] [vslam_compare]: gt=(-3.05, 5.18, 4.83) vslam=(-2.63, 5.06, 5.18) error=0.558m max_error=0.599m (n=158)
[INFO] [1788525974.620464799] [vslam_compare]: gt=(-2.89, 4.94, 4.83) vslam=(-2.51, 4.78, 5.22) error=0.573m max_error=0.599m (n=159)
[INFO] [1788525975.620721227] [vslam_compare]: gt=(-2.99, 5.01, 4.84) vslam=(-2.59, 4.8, 5.23) error=0.596m max_error=0.599m (n=160)
[INFO] [1788525976.620284584] [vslam_compare]: gt=(-3.26, 5.39, 4.89) vslam=(-2.81, 5.16, 5.26) error=0.625m max_error=0.625m (n=161)
[INFO] [1788525977.620292726] [vslam_compare]: gt=(-3.54, 5.99, 4.94) vslam=(-3.02, 5.7, 5.23) error=0.666m max_error=0.666m (n=162)
[INFO] [1788525978.620608545] [vslam_compare]: gt=(-3.61, 6.78, 4.98) vslam=(-3.04, 6.47, 5.21) error=0.687m max_error=0.687m (n=163)
[INFO] [1788525979.620269144] [vslam_compare]: gt=(-3.54, 7.53, 4.99) vslam=(-2.87, 7.28, 5.16) error=0.738m max_error=0.738m (n=164)
[INFO] [1788525980.620402457] [vslam_compare]: gt=(-3.4, 7.98, 4.97) vslam=(-2.67, 7.73, 5.11) error=0.783m max_error=0.783m (n=165)
[INFO] [1788525981.620458161] [vslam_compare]: gt=(-3.41, 8.09, 4.95) vslam=(-2.62, 8.08, 5.12) error=0.810m max_error=0.810m (n=166)
[INFO] [1788525982.620502150] [vslam_compare]: gt=(-3.45, 8.15, 4.93) vslam=(-2.67, 8.12, 5.13) error=0.799m max_error=0.810m (n=167)
[INFO] [1788525983.620700280] [vslam_compare]: gt=(-3.33, 8.51, 4.92) vslam=(-2.59, 8.49, 5.11) error=0.769m max_error=0.810m (n=168)
[INFO] [1788525984.620697362] [vslam_compare]: gt=(-3.02, 9.17, 4.95) vslam=(-2.21, 9.12, 5.11) error=0.827m max_error=0.827m (n=169)
[INFO] [1788525985.620678990] [vslam_compare]: gt=(-2.65, 9.65, 4.97) vslam=(-1.81, 9.52, 5.18) error=0.872m max_error=0.872m (n=170)
[INFO] [1788525986.620219852] [vslam_compare]: gt=(-2.33, 9.8, 5.04) vslam=(-1.59, 9.77, 5.31) error=0.790m max_error=0.872m (n=171)
[INFO] [1788525987.620463706] [vslam_compare]: gt=(-1.85, 9.86, 5.09) vslam=(-1.14, 9.57, 5.32) error=0.805m max_error=0.872m (n=172)
[INFO] [1788525988.620384944] [vslam_compare]: gt=(-1.24, 9.87, 5.1) vslam=(-0.5, 9.5, 5.33) error=0.853m max_error=0.872m (n=173)
[INFO] [1788525989.621233780] [vslam_compare]: gt=(-0.62, 9.68, 5.09) vslam=(0.09, 9.29, 5.32) error=0.848m max_error=0.872m (n=174)
[INFO] [1788525990.621139727] [vslam_compare]: gt=(0.08, 9.39, 5.08) vslam=(0.85, 8.98, 5.31) error=0.897m max_error=0.897m (n=175)
[INFO] [1788525991.620527493] [vslam_compare]: gt=(0.48, 9.09, 5.05) vslam=(1.33, 8.59, 5.3) error=1.012m max_error=1.012m (n=176)
[INFO] [1788525992.620613170] [vslam_compare]: gt=(0.58, 8.9, 5.05) vslam=(1.47, 8.37, 5.27) error=1.062m max_error=1.062m (n=177)
[INFO] [1788525993.620660428] [vslam_compare]: gt=(0.44, 8.6, 5.06) vslam=(1.31, 8.18, 5.24) error=0.983m max_error=1.062m (n=178)
[INFO] [1788525994.620941493] [vslam_compare]: gt=(0.21, 8.1, 5.07) vslam=(0.65, 7.7, 5.14) error=0.601m max_error=1.062m (n=179)
[INFO] [1788525995.620676252] [vslam_compare]: gt=(0.11, 7.96, 5.06) vslam=(0.17, 7.38, 5.1) error=0.583m max_error=1.062m (n=180)
[INFO] [1788525996.620628558] [vslam_compare]: gt=(0.09, 8.02, 5.03) vslam=(-0.64, 7.16, 5.01) error=1.135m max_error=1.135m (n=181)
[INFO] [1788525997.620508724] [vslam_compare]: gt=(-0.01, 8.03, 5.02) vslam=(-1.42, 6.73, 4.89) error=1.919m max_error=1.919m (n=182)
[INFO] [1788525998.620239306] [vslam_compare]: gt=(-0.07, 8.0, 5.02) vslam=(-1.49, 6.7, 4.88) error=1.922m max_error=1.922m (n=183)
[INFO] [1788525999.620501839] [vslam_compare]: gt=(-0.06, 7.97, 5.03) vslam=(-1.52, 6.66, 4.86) error=1.966m max_error=1.966m (n=184)
[INFO] [1788526000.620802317] [vslam_compare]: gt=(-0.01, 7.97, 5.04) vslam=(-1.5, 6.66, 4.87) error=1.986m max_error=1.986m (n=185)
[INFO] [1788526001.620675127] [vslam_compare]: gt=(0.0, 7.99, 5.04) vslam=(-1.43, 6.72, 4.83) error=1.929m max_error=1.986m (n=186)
[INFO] [1788526002.620541181] [vslam_compare]: gt=(-0.01, 8.02, 5.05) vslam=(-1.39, 6.63, 4.84) error=1.965m max_error=1.986m (n=187)
[INFO] [1788526003.620581854] [vslam_compare]: gt=(-0.0, 7.99, 5.04) vslam=(-1.49, 6.7, 4.84) error=1.976m max_error=1.986m (n=188)
[INFO] [1788526004.620369334] [vslam_compare]: gt=(-0.02, 7.99, 5.03) vslam=(-1.61, 6.57, 4.87) error=2.135m max_error=2.135m (n=189)
[INFO] [1788526005.620486883] [vslam_compare]: gt=(-0.01, 8.0, 5.04) vslam=(-1.58, 6.57, 4.95) error=2.130m max_error=2.135m (n=190)
[INFO] [1788526006.620492764] [vslam_compare]: gt=(0.02, 7.99, 5.05) vslam=(-1.68, 6.62, 5.05) error=2.175m max_error=2.175m (n=191)
[INFO] [1788526007.620747846] [vslam_compare]: gt=(0.03, 7.98, 5.04) vslam=(-1.68, 6.64, 5.05) error=2.174m max_error=2.175m (n=192)
[INFO] [1788526008.620304365] [vslam_compare]: gt=(0.04, 7.97, 5.05) vslam=(-1.68, 6.61, 5.04) error=2.189m max_error=2.189m (n=193)
[INFO] [1788526009.620924741] [vslam_compare]: gt=(0.03, 7.99, 5.04) vslam=(-1.68, 6.61, 5.04) error=2.197m max_error=2.197m (n=194)
[INFO] [1788526010.620328713] [vslam_compare]: gt=(0.02, 8.03, 5.03) vslam=(-1.7, 6.63, 5.04) error=2.215m max_error=2.215m (n=195)
[INFO] [1788526011.620359548] [vslam_compare]: gt=(-0.0, 8.02, 5.04) vslam=(-1.72, 6.61, 5.04) error=2.223m max_error=2.223m (n=196)
[INFO] [1788526012.620273190] [vslam_compare]: gt=(-0.01, 7.99, 5.05) vslam=(-1.72, 6.59, 5.03) error=2.211m max_error=2.223m (n=197)
[INFO] [1788526013.620389276] [vslam_compare]: gt=(0.0, 7.98, 5.05) vslam=(-1.56, 6.74, 4.93) error=2.003m max_error=2.223m (n=198)
[INFO] [1788526014.620482057] [vslam_compare]: gt=(0.0, 7.98, 5.05) vslam=(-1.61, 6.59, 4.97) error=2.129m max_error=2.223m (n=199)
[INFO] [1788526015.620363311] [vslam_compare]: gt=(-0.01, 7.99, 5.05) vslam=(-1.62, 6.65, 4.94) error=2.094m max_error=2.223m (n=200)
[INFO] [1788526016.620473664] [vslam_compare]: gt=(-0.02, 7.99, 5.06) vslam=(-1.65, 6.47, 4.84) error=2.238m max_error=2.238m (n=201)
[INFO] [1788526017.620412923] [vslam_compare]: gt=(-0.02, 7.99, 5.04) vslam=(-1.66, 6.39, 4.73) error=2.311m max_error=2.311m (n=202)
[INFO] [1788526018.620638956] [vslam_compare]: gt=(-0.0, 7.98, 5.03) vslam=(-1.65, 6.38, 4.74) error=2.312m max_error=2.312m (n=203)
[INFO] [1788526019.620319783] [vslam_compare]: gt=(0.02, 7.99, 5.05) vslam=(-1.7, 6.37, 4.86) error=2.367m max_error=2.367m (n=204)
[INFO] [1788526020.620339197] [vslam_compare]: gt=(0.02, 7.99, 5.05) vslam=(-1.71, 6.32, 4.82) error=2.407m max_error=2.407m (n=205)
[INFO] [1788526021.620482037] [vslam_compare]: gt=(0.01, 7.98, 5.05) vslam=(-1.7, 6.32, 4.81) error=2.399m max_error=2.407m (n=206)
[INFO] [1788526022.620696517] [vslam_compare]: gt=(0.01, 8.0, 5.04) vslam=(-1.74, 6.24, 4.76) error=2.493m max_error=2.493m (n=207)
[INFO] [1788526023.620459319] [vslam_compare]: gt=(0.01, 7.99, 5.04) vslam=(-1.91, 6.19, 4.64) error=2.660m max_error=2.660m (n=208)
[INFO] [1788526024.620492041] [vslam_compare]: gt=(-0.0, 7.98, 5.05) vslam=(-2.18, 6.02, 4.58) error=2.971m max_error=2.971m (n=209)
[INFO] [1788526025.620338655] [vslam_compare]: gt=(-0.0, 7.98, 5.04) vslam=(-2.37, 5.87, 4.56) error=3.205m max_error=3.205m (n=210)
[INFO] [1788526026.620460556] [vslam_compare]: gt=(-0.01, 8.0, 5.05) vslam=(-2.59, 5.65, 4.53) error=3.530m max_error=3.530m (n=211)
[INFO] [1788526027.620505215] [vslam_compare]: gt=(-0.02, 8.02, 5.06) vslam=(-2.97, 5.43, 4.64) error=3.948m max_error=3.948m (n=212)
[INFO] [1788526028.620603168] [vslam_compare]: gt=(-0.01, 8.0, 5.06) vslam=(-2.96, 5.44, 4.65) error=3.929m max_error=3.948m (n=213)
[INFO] [1788526029.620869354] [vslam_compare]: gt=(-0.0, 7.98, 5.06) vslam=(-2.97, 5.45, 4.65) error=3.921m max_error=3.948m (n=214)
[INFO] [1788526030.620407584] [vslam_compare]: gt=(0.0, 8.0, 5.07) vslam=(-2.96, 5.43, 4.67) error=3.949m max_error=3.949m (n=215)
[INFO] [1788526031.620529719] [vslam_compare]: gt=(0.02, 8.01, 5.06) vslam=(-2.96, 5.43, 4.67) error=3.960m max_error=3.960m (n=216)
[INFO] [1788526032.620418254] [vslam_compare]: gt=(0.02, 8.0, 5.05) vslam=(-2.96, 5.42, 4.67) error=3.963m max_error=3.963m (n=217)
[INFO] [1788526033.620571765] [vslam_compare]: gt=(0.01, 7.99, 5.04) vslam=(-2.96, 5.42, 4.66) error=3.950m max_error=3.963m (n=218)
[INFO] [1788526034.620800757] [vslam_compare]: gt=(0.0, 7.99, 5.05) vslam=(-2.94, 5.45, 4.68) error=3.906m max_error=3.963m (n=219)
[INFO] [1788526035.620488969] [vslam_compare]: gt=(-0.01, 8.02, 5.06) vslam=(-2.95, 5.48, 4.68) error=3.896m max_error=3.963m (n=220)
[INFO] [1788526036.620566250] [vslam_compare]: gt=(0.0, 8.02, 5.05) vslam=(-2.94, 5.47, 4.67) error=3.913m max_error=3.963m (n=221)
[INFO] [1788526037.620642521] [vslam_compare]: gt=(0.0, 8.04, 5.05) vslam=(-2.93, 5.47, 4.68) error=3.915m max_error=3.963m (n=222)
[INFO] [1788526038.620648835] [vslam_compare]: gt=(0.02, 8.02, 5.05) vslam=(-2.93, 5.45, 4.68) error=3.933m max_error=3.963m (n=223)
[INFO] [1788526039.621125104] [vslam_compare]: gt=(0.02, 8.0, 5.06) vslam=(-2.95, 5.43, 4.67) error=3.953m max_error=3.963m (n=224)
[INFO] [1788526040.620484854] [vslam_compare]: gt=(0.01, 7.99, 5.06) vslam=(-2.97, 5.39, 4.66) error=3.973m max_error=3.973m (n=225)
[INFO] [1788526041.620415520] [vslam_compare]: gt=(-0.01, 7.98, 5.06) vslam=(-2.98, 5.39, 4.65) error=3.969m max_error=3.973m (n=226)
[INFO] [1788526042.620609653] [vslam_compare]: gt=(-0.01, 7.98, 5.05) vslam=(-3.0, 5.38, 4.64) error=3.989m max_error=3.989m (n=227)
[INFO] [1788526043.620592620] [vslam_compare]: gt=(-0.03, 7.98, 5.04) vslam=(-3.01, 5.38, 4.64) error=3.978m max_error=3.989m (n=228)
[INFO] [1788526044.620633710] [vslam_compare]: gt=(-0.04, 7.98, 5.05) vslam=(-3.01, 5.4, 4.64) error=3.955m max_error=3.989m (n=229)
[INFO] [1788526045.620515567] [vslam_compare]: gt=(-0.03, 7.97, 5.04) vslam=(-2.99, 5.39, 4.64) error=3.945m max_error=3.989m (n=230)
[INFO] [1788526046.620585021] [vslam_compare]: gt=(-0.02, 7.98, 5.03) vslam=(-2.97, 5.41, 4.65) error=3.932m max_error=3.989m (n=231)
[INFO] [1788526047.620856447] [vslam_compare]: gt=(0.0, 8.0, 5.03) vslam=(-2.95, 5.43, 4.66) error=3.932m max_error=3.989m (n=232)
[INFO] [1788526048.620736897] [vslam_compare]: gt=(0.01, 8.02, 5.03) vslam=(-2.94, 5.45, 4.67) error=3.933m max_error=3.989m (n=233)
[INFO] [1788526049.620391401] [vslam_compare]: gt=(0.01, 8.02, 5.05) vslam=(-2.93, 5.44, 4.67) error=3.929m max_error=3.989m (n=234)
[INFO] [1788526050.620518107] [vslam_compare]: gt=(0.01, 8.01, 5.06) vslam=(-2.93, 5.43, 4.66) error=3.930m max_error=3.989m (n=235)
[INFO] [1788526051.620353736] [vslam_compare]: gt=(0.04, 7.99, 5.06) vslam=(-2.92, 5.41, 4.66) error=3.946m max_error=3.989m (n=236)
[INFO] [1788526052.620641199] [vslam_compare]: gt=(0.02, 8.0, 5.07) vslam=(-2.92, 5.4, 4.65) error=3.945m max_error=3.989m (n=237)
[INFO] [1788526053.621081302] [vslam_compare]: gt=(0.0, 8.0, 5.07) vslam=(-2.94, 5.4, 4.64) error=3.949m max_error=3.989m (n=238)
[INFO] [1788526054.620451229] [vslam_compare]: gt=(-0.01, 7.98, 5.07) vslam=(-2.95, 5.4, 4.63) error=3.938m max_error=3.989m (n=239)
[INFO] [1788526055.620368422] [vslam_compare]: gt=(-0.01, 7.99, 5.05) vslam=(-2.95, 5.41, 4.63) error=3.938m max_error=3.989m (n=240)
[INFO] [1788526056.620517267] [vslam_compare]: gt=(0.01, 8.0, 5.04) vslam=(-2.95, 5.42, 4.64) error=3.943m max_error=3.989m (n=241)
[INFO] [1788526057.620363310] [vslam_compare]: gt=(0.03, 8.02, 5.04) vslam=(-2.94, 5.43, 4.64) error=3.961m max_error=3.989m (n=242)
[INFO] [1788526058.620358353] [vslam_compare]: gt=(0.01, 8.02, 5.05) vslam=(-2.96, 5.43, 4.64) error=3.955m max_error=3.989m (n=243)
[INFO] [1788526059.620394288] [vslam_compare]: gt=(-0.01, 8.0, 5.04) vslam=(-2.96, 5.43, 4.62) error=3.941m max_error=3.989m (n=244)
[INFO] [1788526060.620281070] [vslam_compare]: gt=(-0.01, 7.99, 5.03) vslam=(-2.97, 5.42, 4.62) error=3.940m max_error=3.989m (n=245)
[INFO] [1788526061.620331216] [vslam_compare]: gt=(-0.02, 8.0, 5.03) vslam=(-2.97, 5.43, 4.62) error=3.934m max_error=3.989m (n=246)
[INFO] [1788526062.620519870] [vslam_compare]: gt=(0.0, 8.01, 5.04) vslam=(-2.96, 5.44, 4.63) error=3.948m max_error=3.989m (n=247)
[INFO] [1788526063.620527111] [vslam_compare]: gt=(0.01, 8.0, 5.05) vslam=(-2.95, 5.43, 4.63) error=3.942m max_error=3.989m (n=248)
[INFO] [1788526064.620260548] [vslam_compare]: gt=(0.02, 8.02, 5.04) vslam=(-2.94, 5.44, 4.62) error=3.946m max_error=3.989m (n=249)
[INFO] [1788526065.620475606] [vslam_compare]: gt=(0.03, 8.02, 5.04) vslam=(-2.94, 5.44, 4.62) error=3.955m max_error=3.989m (n=250)
[INFO] [1788526066.620248835] [vslam_compare]: gt=(0.01, 8.01, 5.05) vslam=(-2.96, 5.42, 4.62) error=3.958m max_error=3.989m (n=251)
[INFO] [1788526067.620475342] [vslam_compare]: gt=(-0.01, 8.0, 5.05) vslam=(-2.98, 5.42, 4.61) error=3.962m max_error=3.989m (n=252)
[INFO] [1788526068.620473787] [vslam_compare]: gt=(-0.03, 8.0, 5.06) vslam=(-2.99, 5.41, 4.61) error=3.959m max_error=3.989m (n=253)
[INFO] [1788526069.620553162] [vslam_compare]: gt=(-0.04, 7.99, 5.05) vslam=(-2.99, 5.41, 4.59) error=3.947m max_error=3.989m (n=254)
[INFO] [1788526070.620585343] [vslam_compare]: gt=(-0.03, 8.0, 5.05) vslam=(-2.98, 5.42, 4.6) error=3.947m max_error=3.989m (n=255)
[INFO] [1788526071.620649164] [vslam_compare]: gt=(-0.0, 8.0, 5.05) vslam=(-2.95, 5.41, 4.6) error=3.952m max_error=3.989m (n=256)
[INFO] [1788526072.620667201] [vslam_compare]: gt=(0.02, 8.0, 5.04) vslam=(-2.92, 5.41, 4.6) error=3.941m max_error=3.989m (n=257)
[INFO] [1788526073.620579296] [vslam_compare]: gt=(0.03, 7.98, 5.03) vslam=(-2.91, 5.41, 4.6) error=3.935m max_error=3.989m (n=258)
[INFO] [1788526074.620752186] [vslam_compare]: gt=(0.02, 8.0, 5.04) vslam=(-2.92, 5.42, 4.6) error=3.936m max_error=3.989m (n=259)
[INFO] [1788526075.620564628] [vslam_compare]: gt=(0.0, 8.02, 5.05) vslam=(-2.93, 5.43, 4.6) error=3.938m max_error=3.989m (n=260)
[INFO] [1788526076.620615594] [vslam_compare]: gt=(0.01, 8.01, 5.06) vslam=(-2.93, 5.44, 4.59) error=3.938m max_error=3.989m (n=261)
[INFO] [1788526077.620683358] [vslam_compare]: gt=(0.01, 8.0, 5.05) vslam=(-2.93, 5.42, 4.58) error=3.940m max_error=3.989m (n=262)
[INFO] [1788526078.620542129] [vslam_compare]: gt=(0.01, 8.01, 5.05) vslam=(-2.93, 5.43, 4.58) error=3.940m max_error=3.989m (n=263)
[INFO] [1788526079.620497823] [vslam_compare]: gt=(0.01, 7.99, 5.05) vslam=(-2.95, 5.42, 4.57) error=3.945m max_error=3.989m (n=264)
[INFO] [1788526080.620657235] [vslam_compare]: gt=(-0.01, 7.99, 5.04) vslam=(-2.96, 5.42, 4.56) error=3.936m max_error=3.989m (n=265)
[INFO] [1788526081.620321040] [vslam_compare]: gt=(-0.03, 7.98, 5.04) vslam=(-2.96, 5.42, 4.56) error=3.924m max_error=3.989m (n=266)
[INFO] [1788526082.620349565] [vslam_compare]: gt=(-0.02, 7.97, 5.04) vslam=(-2.95, 5.44, 4.55) error=3.904m max_error=3.989m (n=267)
[INFO] [1788526083.620385218] [vslam_compare]: gt=(-0.02, 8.0, 5.04) vslam=(-2.96, 5.47, 4.56) error=3.905m max_error=3.989m (n=268)
[INFO] [1788526084.620695666] [vslam_compare]: gt=(-0.0, 8.03, 5.04) vslam=(-2.97, 5.5, 4.56) error=3.922m max_error=3.989m (n=269)
[INFO] [1788526085.620565325] [vslam_compare]: gt=(0.0, 8.03, 5.03) vslam=(-2.97, 5.5, 4.55) error=3.930m max_error=3.989m (n=270)
[INFO] [1788526086.620446267] [vslam_compare]: gt=(-0.01, 8.01, 5.04) vslam=(-2.96, 5.48, 4.55) error=3.922m max_error=3.989m (n=271)
[INFO] [1788526087.620451929] [vslam_compare]: gt=(-0.02, 8.01, 5.05) vslam=(-2.93, 5.48, 4.56) error=3.892m max_error=3.989m (n=272)
[INFO] [1788526088.620519437] [vslam_compare]: gt=(-0.01, 8.0, 5.03) vslam=(-2.92, 5.45, 4.55) error=3.901m max_error=3.989m (n=273)
[INFO] [1788526089.620517710] [vslam_compare]: gt=(0.01, 8.0, 5.04) vslam=(-2.9, 5.45, 4.56) error=3.899m max_error=3.989m (n=274)
[INFO] [1788526090.620525813] [vslam_compare]: gt=(0.03, 7.98, 5.04) vslam=(-2.89, 5.44, 4.55) error=3.905m max_error=3.989m (n=275)
[INFO] [1788526091.620535279] [vslam_compare]: gt=(0.03, 7.98, 5.05) vslam=(-2.91, 5.45, 4.54) error=3.911m max_error=3.989m (n=276)
[INFO] [1788526092.620275183] [vslam_compare]: gt=(-0.0, 7.99, 5.05) vslam=(-2.94, 5.47, 4.53) error=3.904m max_error=3.989m (n=277)
[INFO] [1788526093.620420957] [vslam_compare]: gt=(-0.02, 8.0, 5.05) vslam=(-2.96, 5.48, 4.53) error=3.912m max_error=3.989m (n=278)
[INFO] [1788526094.620874703] [vslam_compare]: gt=(-0.02, 8.0, 5.05) vslam=(-2.96, 5.48, 4.53) error=3.914m max_error=3.989m (n=279)
[INFO] [1788526095.620768686] [vslam_compare]: gt=(-0.02, 8.01, 5.04) vslam=(-2.95, 5.5, 4.53) error=3.892m max_error=3.989m (n=280)
[INFO] [1788526096.620305886] [vslam_compare]: gt=(-0.0, 8.01, 5.05) vslam=(-2.93, 5.5, 4.53) error=3.887m max_error=3.989m (n=281)
[INFO] [1788526097.620581461] [vslam_compare]: gt=(0.0, 8.02, 5.05) vslam=(-2.92, 5.49, 4.53) error=3.894m max_error=3.989m (n=282)
[INFO] [1788526098.620683206] [vslam_compare]: gt=(-0.0, 8.01, 5.05) vslam=(-2.91, 5.5, 4.53) error=3.882m max_error=3.989m (n=283)
[INFO] [1788526099.620660981] [vslam_compare]: gt=(0.01, 7.98, 5.05) vslam=(-2.9, 5.47, 4.52) error=3.874m max_error=3.989m (n=284)
[INFO] [1788526100.620359012] [vslam_compare]: gt=(0.01, 7.98, 5.05) vslam=(-2.91, 5.49, 4.52) error=3.869m max_error=3.989m (n=285)
[INFO] [1788526101.620414261] [vslam_compare]: gt=(0.0, 7.99, 5.05) vslam=(-2.92, 5.51, 4.53) error=3.863m max_error=3.989m (n=286)
[INFO] [1788526102.620349226] [vslam_compare]: gt=(-0.0, 7.99, 5.06) vslam=(-2.92, 5.52, 4.53) error=3.858m max_error=3.989m (n=287)
[INFO] [1788526103.620534021] [vslam_compare]: gt=(0.0, 8.02, 5.05) vslam=(-2.91, 5.53, 4.52) error=3.862m max_error=3.989m (n=288)
[INFO] [1788526104.620502496] [vslam_compare]: gt=(0.02, 8.02, 5.06) vslam=(-2.89, 5.53, 4.53) error=3.871m max_error=3.989m (n=289)
[INFO] [1788526105.620628381] [vslam_compare]: gt=(0.01, 8.02, 5.06) vslam=(-2.9, 5.52, 4.52) error=3.872m max_error=3.989m (n=290)
[INFO] [1788526106.620326740] [vslam_compare]: gt=(0.01, 8.01, 5.06) vslam=(-2.9, 5.5, 4.52) error=3.877m max_error=3.989m (n=291)
[INFO] [1788526107.620344264] [vslam_compare]: gt=(0.01, 8.0, 5.05) vslam=(-2.91, 5.49, 4.51) error=3.883m max_error=3.989m (n=292)
[INFO] [1788526108.620757713] [vslam_compare]: gt=(-0.0, 7.99, 5.04) vslam=(-2.9, 5.49, 4.5) error=3.866m max_error=3.989m (n=293)
[INFO] [1788526109.620399826] [vslam_compare]: gt=(0.0, 7.99, 5.03) vslam=(-2.91, 5.5, 4.5) error=3.874m max_error=3.989m (n=294)
[INFO] [1788526110.620562010] [vslam_compare]: gt=(-0.0, 8.01, 5.03) vslam=(-2.91, 5.53, 4.52) error=3.859m max_error=3.989m (n=295)
[INFO] [1788526111.620561548] [vslam_compare]: gt=(-0.01, 8.0, 5.04) vslam=(-2.91, 5.52, 4.52) error=3.851m max_error=3.989m (n=296)
[INFO] [1788526112.620299037] [vslam_compare]: gt=(-0.02, 8.0, 5.04) vslam=(-2.92, 5.53, 4.51) error=3.845m max_error=3.989m (n=297)
[INFO] [1788526113.620534366] [vslam_compare]: gt=(-0.01, 8.0, 5.05) vslam=(-2.9, 5.53, 4.51) error=3.842m max_error=3.989m (n=298)
[INFO] [1788526114.620908198] [vslam_compare]: gt=(0.0, 8.01, 5.06) vslam=(-2.88, 5.52, 4.51) error=3.851m max_error=3.989m (n=299)
[INFO] [1788526115.620427547] [vslam_compare]: gt=(0.01, 8.02, 5.05) vslam=(-2.88, 5.52, 4.5) error=3.864m max_error=3.989m (n=300)
[INFO] [1788526116.620368976] [vslam_compare]: gt=(0.01, 8.02, 5.06) vslam=(-2.88, 5.52, 4.52) error=3.859m max_error=3.989m (n=301)
[INFO] [1788526117.620498958] [vslam_compare]: gt=(0.01, 7.98, 5.06) vslam=(-2.88, 5.49, 4.51) error=3.851m max_error=3.989m (n=302)
[INFO] [1788526118.620835414] [vslam_compare]: gt=(-0.01, 7.96, 5.03) vslam=(-2.85, 5.46, 4.47) error=3.821m max_error=3.989m (n=303)
[INFO] [1788526119.620567864] [vslam_compare]: gt=(-0.03, 8.03, 4.99) vslam=(-2.77, 5.7, 4.43) error=3.641m max_error=3.989m (n=304)
[INFO] [1788526120.620450064] [vslam_compare]: gt=(-0.06, 7.99, 5.34) vslam=(-2.91, 6.05, 4.57) error=3.532m max_error=3.989m (n=305)
[INFO] [1788526121.620676270] [vslam_compare]: gt=(-0.05, 7.97, 6.31) vslam=(-3.05, 6.91, 5.22) error=3.354m max_error=3.989m (n=306)
[INFO] [1788526122.620415471] [vslam_compare]: gt=(0.02, 8.0, 6.81) vslam=(-2.97, 7.03, 5.56) error=3.381m max_error=3.989m (n=307)
[INFO] [1788526123.620472467] [vslam_compare]: gt=(0.01, 8.04, 7.17) vslam=(-2.95, 8.05, 5.95) error=3.202m max_error=3.989m (n=308)
[INFO] [1788526124.620229882] [vslam_compare]: gt=(-0.02, 7.97, 7.43) vslam=(-2.72, 9.19, 6.16) error=3.226m max_error=3.989m (n=309)
[INFO] [1788526125.620441071] [vslam_compare]: gt=(0.01, 6.99, 7.64) vslam=(-1.87, 9.66, 6.35) error=3.510m max_error=3.989m (n=310)
[INFO] [1788526126.620483464] [vslam_compare]: gt=(0.08, 4.61, 7.75) vslam=(-0.23, 9.38, 6.53) error=4.931m max_error=4.931m (n=311)
[INFO] [1788526127.620476962] [vslam_compare]: gt=(0.13, 2.56, 7.85) vslam=(1.47, 8.72, 6.45) error=6.463m max_error=6.463m (n=312)
[INFO] [1788526128.620485070] [vslam_compare]: gt=(-0.2, 4.09, 6.74) vslam=(0.82, 11.88, 4.81) error=8.092m max_error=8.092m (n=313)
[INFO] [1788526129.620283517] [vslam_compare]: gt=(-0.9, 4.28, 6.07) vslam=(0.3, 11.67, 4.5) error=7.654m max_error=8.092m (n=314)
[INFO] [1788526130.620492127] [vslam_compare]: gt=(-0.57, 2.77, 6.22) vslam=(0.53, 10.68, 3.92) error=8.315m max_error=8.315m (n=315)
[INFO] [1788526131.620667698] [vslam_compare]: gt=(-1.97, 5.02, 6.01) vslam=(1.3, 0.6, 2.51) error=6.515m max_error=8.315m (n=316)
[INFO] [1788526132.620536399] [vslam_compare]: gt=(-5.83, 4.82, 4.25) vslam=(-0.21, 2.98, 0.82) error=6.835m max_error=8.315m (n=317)
[INFO] [1788526133.620568018] [vslam_compare]: gt=(-7.8, 4.54, 2.9) vslam=(0.89, 4.95, -0.04) error=9.185m max_error=9.185m (n=318)
[INFO] [1788526134.620674095] [vslam_compare]: gt=(-7.57, 3.62, 2.54) vslam=(1.91, 6.61, 0.23) error=10.198m max_error=10.198m (n=319)
[INFO] [1788526135.620511711] [vslam_compare]: gt=(-5.56, 2.5, 3.29) vslam=(2.47, 5.1, 0.94) error=8.761m max_error=10.198m (n=320)
[INFO] [1788526136.620506052] [vslam_compare]: gt=(-2.75, 1.45, 5.38) vslam=(3.67, 2.3, 2.18) error=7.227m max_error=10.198m (n=321)
[INFO] [1788526137.621086917] [vslam_compare]: gt=(-1.18, 0.83, 6.8) vslam=(4.61, 0.52, 3.28) error=6.780m max_error=10.198m (n=322)
[INFO] [1788526138.620453468] [vslam_compare]: gt=(-0.73, 0.49, 7.28) vslam=(4.86, -0.16, 3.71) error=6.660m max_error=10.198m (n=323)
[INFO] [1788526139.620505471] [vslam_compare]: gt=(-0.65, 0.21, 7.18) vslam=(4.95, -0.46, 4.03) error=6.453m max_error=10.198m (n=324)
[INFO] [1788526140.620681890] [vslam_compare]: gt=(-0.6, 0.05, 6.62) vslam=(4.62, -0.67, 3.81) error=5.976m max_error=10.198m (n=325)
[INFO] [1788526141.620549342] [vslam_compare]: gt=(-0.51, -0.02, 6.1) vslam=(3.29, -1.02, 2.35) error=5.433m max_error=10.198m (n=326)
[INFO] [1788526142.620557929] [vslam_compare]: gt=(-0.42, -0.05, 5.55) vslam=(3.09, -1.36, 1.77) error=5.323m max_error=10.198m (n=327)
[INFO] [1788526143.620319169] [vslam_compare]: gt=(-0.38, -0.05, 5.05) vslam=(3.21, -1.38, 1.64) error=5.133m max_error=10.198m (n=328)
[INFO] [1788526144.620461754] [vslam_compare]: gt=(-0.36, -0.06, 4.56) vslam=(2.99, -1.43, 1.31) error=4.869m max_error=10.198m (n=329)
[INFO] [1788526145.620366609] [vslam_compare]: gt=(-0.34, -0.05, 4.07) vslam=(2.73, -1.42, 1.0) error=4.552m max_error=10.198m (n=330)
[INFO] [1788526146.620428648] [vslam_compare]: gt=(-0.32, -0.04, 3.56) vslam=(2.54, -2.31, -0.47) error=5.435m max_error=10.198m (n=331)
[INFO] [1788526147.620661765] [vslam_compare]: gt=(-0.3, -0.02, 3.07) vslam=(3.06, -3.16, -0.62) error=5.891m max_error=10.198m (n=332)
[INFO] [1788526148.620547420] [vslam_compare]: gt=(-0.29, -0.02, 2.56) vslam=(3.14, -3.21, -0.46) error=5.576m max_error=10.198m (n=333)
[INFO] [1788526149.620299676] [vslam_compare]: gt=(-0.25, -0.0, 2.05) vslam=(3.43, -3.61, -0.27) error=5.657m max_error=10.198m (n=334)
[INFO] [1788526150.620790367] [vslam_compare]: gt=(-0.21, 0.03, 1.54) vslam=(3.39, -3.66, -0.44) error=5.520m max_error=10.198m (n=335)
[INFO] [1788526151.620770777] [vslam_compare]: gt=(-0.19, 0.03, 1.06) vslam=(3.36, -4.17, -1.19) error=5.941m max_error=10.198m (n=336)
[INFO] [1788526152.620690870] [vslam_compare]: gt=(-0.16, 0.02, 0.59) vslam=(3.44, -4.36, -1.63) error=6.095m max_error=10.198m (n=337)
[INFO] [1788526153.620811252] [vslam_compare]: gt=(-0.13, 0.02, 0.09) vslam=(3.36, -4.13, -2.85) error=6.167m max_error=10.198m (n=338)
[INFO] [1788526154.620241423] [vslam_compare]: gt=(-0.12, 0.01, -0.01) vslam=(3.34, -4.43, -3.24) error=6.489m max_error=10.198m (n=339)
[INFO] [1788526155.620340299] [vslam_compare]: gt=(-0.12, 0.02, 0.01) vslam=(3.34, -4.43, -3.24) error=6.505m max_error=10.198m (n=340)
[INFO] [1788526156.620345977] [vslam_compare]: gt=(-0.14, 0.03, 0.02) vslam=(3.35, -4.42, -3.22) error=6.515m max_error=10.198m (n=341)
[INFO] [1788526157.620328573] [vslam_compare]: gt=(-0.13, 0.03, 0.01) vslam=(3.35, -4.42, -3.23) error=6.507m max_error=10.198m (n=342)
[INFO] [1788526158.620443852] [vslam_compare]: gt=(-0.13, 0.03, 0.01) vslam=(3.36, -4.41, -3.22) error=6.501m max_error=10.198m (n=343)
[INFO] [1788526159.620325444] [vslam_compare]: gt=(-0.12, 0.02, 0.02) vslam=(3.36, -4.41, -3.23) error=6.502m max_error=10.198m (n=344)
[INFO] [1788526160.620391824] [vslam_compare]: gt=(-0.11, 0.01, 0.02) vslam=(3.36, -4.4, -3.23) error=6.494m max_error=10.198m (n=345)
[INFO] [1788526161.620688105] [vslam_compare]: gt=(-0.12, 0.01, 0.02) vslam=(3.36, -4.4, -3.23) error=6.489m max_error=10.198m (n=346)
[INFO] [1788526162.620277720] [vslam_compare]: gt=(-0.12, 0.01, 0.01) vslam=(3.37, -4.4, -3.23) error=6.487m max_error=10.198m (n=347)
[INFO] [1788526163.620530008] [vslam_compare]: gt=(-0.14, 0.02, -0.0) vslam=(3.37, -4.39, -3.23) error=6.492m max_error=10.198m (n=348)
[INFO] [1788526164.620250409] [vslam_compare]: gt=(-0.14, 0.03, -0.01) vslam=(3.37, -4.39, -3.23) error=6.497m max_error=10.198m (n=349)
[INFO] [1788526165.620507753] [vslam_compare]: gt=(-0.14, 0.03, -0.01) vslam=(3.37, -4.39, -3.23) error=6.500m max_error=10.198m (n=350)
[INFO] [1788526166.620555609] [vslam_compare]: gt=(-0.14, 0.03, -0.02) vslam=(3.37, -4.39, -3.23) error=6.499m max_error=10.198m (n=351)
[INFO] [1788526167.621802480] [vslam_compare]: gt=(-0.15, 0.05, -0.03) vslam=(3.37, -4.39, -3.23) error=6.511m max_error=10.198m (n=352)
[INFO] [1788526168.620578270] [vslam_compare]: gt=(-0.15, 0.06, -0.02) vslam=(3.37, -4.39, -3.23) error=6.519m max_error=10.198m (n=353)
[INFO] [1788526169.620492202] [vslam_compare]: gt=(-0.14, 0.05, -0.01) vslam=(3.37, -4.39, -3.23) error=6.518m max_error=10.198m (n=354)
[INFO] [1788526170.620694237] [vslam_compare]: gt=(-0.12, 0.03, 0.01) vslam=(3.37, -4.39, -3.23) error=6.497m max_error=10.198m (n=355)
[INFO] [1788526171.620341421] [vslam_compare]: gt=(-0.12, 0.02, 0.01) vslam=(3.37, -4.39, -3.23) error=6.489m max_error=10.198m (n=356)
[INFO] [1788526172.620795740] [vslam_compare]: gt=(-0.13, 0.01, 0.01) vslam=(3.37, -4.39, -3.23) error=6.484m max_error=10.198m (n=357)
[INFO] [1788526173.620814075] [vslam_compare]: gt=(-0.13, -0.0, 0.01) vslam=(3.37, -4.39, -3.24) error=6.480m max_error=10.198m (n=358)
[INFO] [1788526174.620485117] [vslam_compare]: gt=(-0.13, 0.01, 0.0) vslam=(3.37, -4.39, -3.24) error=6.479m max_error=10.198m (n=359)
[INFO] [1788526175.620772704] [vslam_compare]: gt=(-0.12, 0.01, 0.0) vslam=(3.37, -4.39, -3.24) error=6.479m max_error=10.198m (n=360)
[INFO] [1788526176.620564916] [vslam_compare]: gt=(-0.12, -0.0, 0.01) vslam=(3.37, -4.39, -3.24) error=6.473m max_error=10.198m (n=361)
[INFO] [1788526177.620918542] [vslam_compare]: gt=(-0.13, -0.01, -0.0) vslam=(3.37, -4.39, -3.24) error=6.467m max_error=10.198m (n=362)
[INFO] [1788526178.620407805] [vslam_compare]: gt=(-0.12, -0.01, -0.0) vslam=(3.37, -4.39, -3.24) error=6.465m max_error=10.198m (n=363)
[INFO] [1788526179.620429677] [vslam_compare]: gt=(-0.13, 0.0, -0.01) vslam=(3.37, -4.39, -3.24) error=6.473m max_error=10.198m (n=364)
[INFO] [1788526180.620418642] [vslam_compare]: gt=(-0.14, 0.02, -0.01) vslam=(3.37, -4.39, -3.24) error=6.490m max_error=10.198m (n=365)
[INFO] [1788526181.620593128] [vslam_compare]: gt=(-0.15, 0.04, -0.02) vslam=(3.37, -4.39, -3.24) error=6.507m max_error=10.198m (n=366)
[INFO] [1788526182.620503973] [vslam_compare]: gt=(-0.16, 0.04, -0.01) vslam=(3.37, -4.39, -3.24) error=6.513m max_error=10.198m (n=367)
[INFO] [1788526183.620354298] [vslam_compare]: gt=(-0.14, 0.04, -0.0) vslam=(3.37, -4.39, -3.24) error=6.507m max_error=10.198m (n=368)
[INFO] [1788526184.620668213] [vslam_compare]: gt=(-0.12, 0.03, 0.01) vslam=(3.36, -4.39, -3.24) error=6.497m max_error=10.198m (n=369)
[INFO] [1788526185.620501538] [vslam_compare]: gt=(-0.12, 0.02, 0.01) vslam=(3.36, -4.39, -3.24) error=6.491m max_error=10.198m (n=370)
[INFO] [1788526186.620455094] [vslam_compare]: gt=(-0.11, 0.02, 0.0) vslam=(3.36, -4.39, -3.24) error=6.481m max_error=10.198m (n=371)
[INFO] [1788526187.620661984] [vslam_compare]: gt=(-0.1, 0.03, -0.0) vslam=(3.36, -4.39, -3.24) error=6.478m max_error=10.198m (n=372)
[INFO] [1788526188.620605680] [vslam_compare]: gt=(-0.1, 0.02, -0.02) vslam=(3.36, -4.39, -3.24) error=6.467m max_error=10.198m (n=373)
[INFO] [1788526189.620301161] [vslam_compare]: gt=(-0.11, 0.02, -0.03) vslam=(3.36, -4.39, -3.24) error=6.462m max_error=10.198m (n=374)
[INFO] [1788526190.620344127] [vslam_compare]: gt=(-0.13, 0.01, -0.03) vslam=(3.36, -4.39, -3.24) error=6.468m max_error=10.198m (n=375)
[INFO] [1788526191.620539442] [vslam_compare]: gt=(-0.14, 0.01, -0.02) vslam=(3.36, -4.39, -3.24) error=6.476m max_error=10.198m (n=376)
[INFO] [1788526192.620484616] [vslam_compare]: gt=(-0.14, -0.0, -0.01) vslam=(3.36, -4.39, -3.24) error=6.473m max_error=10.198m (n=377)
[INFO] [1788526193.620696456] [vslam_compare]: gt=(-0.14, -0.0, -0.01) vslam=(3.36, -4.39, -3.24) error=6.479m max_error=10.198m (n=378)
[INFO] [1788526194.620575654] [vslam_compare]: gt=(-0.16, 0.01, -0.02) vslam=(3.36, -4.39, -3.24) error=6.491m max_error=10.198m (n=379)
[INFO] [1788526195.620592862] [vslam_compare]: gt=(-0.16, 0.03, -0.02) vslam=(3.36, -4.39, -3.24) error=6.503m max_error=10.198m (n=380)
[INFO] [1788526196.620428593] [vslam_compare]: gt=(-0.14, 0.04, -0.03) vslam=(3.36, -4.39, -3.24) error=6.496m max_error=10.198m (n=381)
[INFO] [1788526197.620407484] [vslam_compare]: gt=(-0.12, 0.03, -0.04) vslam=(3.36, -4.39, -3.24) error=6.469m max_error=10.198m (n=382)
[INFO] [1788526198.620557004] [vslam_compare]: gt=(-0.1, 0.02, -0.04) vslam=(3.36, -4.39, -3.24) error=6.456m max_error=10.198m (n=383)
[INFO] [1788526199.620402671] [vslam_compare]: gt=(-0.11, 0.01, -0.04) vslam=(3.36, -4.39, -3.24) error=6.455m max_error=10.198m (n=384)
[INFO] [1788526200.620414740] [vslam_compare]: gt=(-0.14, 0.03, -0.03) vslam=(3.36, -4.39, -3.24) error=6.484m max_error=10.198m (n=385)
[INFO] [1788526201.620595954] [vslam_compare]: gt=(-0.16, 0.04, -0.04) vslam=(3.36, -4.39, -3.24) error=6.503m max_error=10.198m (n=386)
[INFO] [1788526202.620292133] [vslam_compare]: gt=(-0.16, 0.03, -0.04) vslam=(3.36, -4.39, -3.24) error=6.493m max_error=10.198m (n=387)
[INFO] [1788526203.620645011] [vslam_compare]: gt=(-0.15, 0.04, -0.04) vslam=(3.36, -4.39, -3.24) error=6.489m max_error=10.198m (n=388)
[INFO] [1788526204.620783519] [vslam_compare]: gt=(-0.14, 0.03, -0.04) vslam=(3.36, -4.39, -3.24) error=6.483m max_error=10.198m (n=389)
[INFO] [1788526205.620243276] [vslam_compare]: gt=(-0.14, 0.02, -0.04) vslam=(3.36, -4.39, -3.24) error=6.478m max_error=10.198m (n=390)
[INFO] [1788526206.620259727] [vslam_compare]: gt=(-0.14, 0.03, -0.02) vslam=(3.36, -4.39, -3.24) error=6.488m max_error=10.198m (n=391)
[INFO] [1788526207.620492059] [vslam_compare]: gt=(-0.13, 0.02, -0.02) vslam=(3.36, -4.39, -3.24) error=6.481m max_error=10.198m (n=392)
[INFO] [1788526208.620626723] [vslam_compare]: gt=(-0.13, 0.01, -0.01) vslam=(3.36, -4.39, -3.24) error=6.474m max_error=10.198m (n=393)
[INFO] [1788526209.620548609] [vslam_compare]: gt=(-0.11, 0.0, 0.0) vslam=(3.36, -4.39, -3.24) error=6.470m max_error=10.198m (n=394)
[INFO] [1788526210.620543852] [vslam_compare]: gt=(-0.12, 0.01, -0.01) vslam=(3.37, -4.39, -3.24) error=6.477m max_error=10.198m (n=395)
[INFO] [1788526211.620563091] [vslam_compare]: gt=(-0.12, 0.03, -0.0) vslam=(3.36, -4.39, -3.24) error=6.484m max_error=10.198m (n=396)
[INFO] [1788526212.620765257] [vslam_compare]: gt=(-0.12, 0.03, 0.01) vslam=(3.37, -4.39, -3.24) error=6.494m max_error=10.198m (n=397)
[INFO] [1788526213.620409679] [vslam_compare]: gt=(-0.11, 0.02, 0.01) vslam=(3.37, -4.39, -3.24) error=6.481m max_error=10.198m (n=398)
[INFO] [1788526214.620521421] [vslam_compare]: gt=(-0.09, 0.02, -0.01) vslam=(3.37, -4.39, -3.24) error=6.465m max_error=10.198m (n=399)
[INFO] [1788526215.620448074] [vslam_compare]: gt=(-0.09, 0.03, -0.01) vslam=(3.37, -4.39, -3.24) error=6.466m max_error=10.198m (n=400)
[INFO] [1788526216.620362955] [vslam_compare]: gt=(-0.1, 0.04, -0.01) vslam=(3.37, -4.39, -3.24) error=6.482m max_error=10.198m (n=401)
[INFO] [1788526217.620483293] [vslam_compare]: gt=(-0.11, 0.05, -0.01) vslam=(3.37, -4.39, -3.24) error=6.498m max_error=10.198m (n=402)
[INFO] [1788526218.620229002] [vslam_compare]: gt=(-0.11, 0.05, 0.01) vslam=(3.37, -4.39, -3.24) error=6.507m max_error=10.198m (n=403)
[INFO] [1788526219.620513430] [vslam_compare]: gt=(-0.12, 0.05, -0.0) vslam=(3.37, -4.38, -3.24) error=6.499m max_error=10.198m (n=404)
[INFO] [1788526220.620776589] [vslam_compare]: gt=(-0.12, 0.05, 0.0) vslam=(3.37, -4.38, -3.24) error=6.506m max_error=10.198m (n=405)
[INFO] [1788526221.620820352] [vslam_compare]: gt=(-0.12, 0.05, 0.0) vslam=(3.37, -4.38, -3.24) error=6.501m max_error=10.198m (n=406)
[INFO] [1788526222.620402376] [vslam_compare]: gt=(-0.14, 0.04, 0.01) vslam=(3.37, -4.38, -3.24) error=6.512m max_error=10.198m (n=407)
[INFO] [1788526223.620238123] [vslam_compare]: gt=(-0.14, 0.04, 0.01) vslam=(3.37, -4.38, -3.24) error=6.510m max_error=10.198m (n=408)
[INFO] [1788526224.620252427] [vslam_compare]: gt=(-0.14, 0.03, 0.01) vslam=(3.37, -4.38, -3.23) error=6.498m max_error=10.198m (n=409)
[INFO] [1788526225.620498754] [vslam_compare]: gt=(-0.16, 0.04, 0.0) vslam=(3.37, -4.38, -3.23) error=6.516m max_error=10.198m (n=410)
[INFO] [1788526226.620539060] [vslam_compare]: gt=(-0.17, 0.04, 0.01) vslam=(3.37, -4.37, -3.23) error=6.528m max_error=10.198m (n=411)
[INFO] [1788526227.620565467] [vslam_compare]: gt=(-0.16, 0.02, 0.02) vslam=(3.37, -4.37, -3.23) error=6.511m max_error=10.198m (n=412)
[INFO] [1788526228.620422640] [vslam_compare]: gt=(-0.15, -0.01, 0.02) vslam=(3.37, -4.37, -3.23) error=6.486m max_error=10.198m (n=413)
[INFO] [1788526229.620908054] [vslam_compare]: gt=(-0.15, -0.02, 0.01) vslam=(3.37, -4.37, -3.23) error=6.474m max_error=10.198m (n=414)
[INFO] [1788526230.620219365] [vslam_compare]: gt=(-0.15, -0.02, 0.0) vslam=(3.38, -4.37, -3.23) error=6.467m max_error=10.198m (n=415)
[INFO] [1788526231.620355117] [vslam_compare]: gt=(-0.15, -0.01, 0.0) vslam=(3.38, -4.37, -3.23) error=6.465m max_error=10.198m (n=416)
[INFO] [1788526232.620422689] [vslam_compare]: gt=(-0.15, 0.0, -0.01) vslam=(3.38, -4.37, -3.23) error=6.473m max_error=10.198m (n=417)
[INFO] [1788526233.620456775] [vslam_compare]: gt=(-0.15, 0.01, -0.02) vslam=(3.38, -4.37, -3.23) error=6.469m max_error=10.198m (n=418)
[INFO] [1788526234.620469646] [vslam_compare]: gt=(-0.14, 0.02, -0.03) vslam=(3.38, -4.36, -3.23) error=6.466m max_error=10.198m (n=419)
[INFO] [1788526235.620420037] [vslam_compare]: gt=(-0.12, 0.02, -0.04) vslam=(3.38, -4.36, -3.23) error=6.456m max_error=10.198m (n=420)
[INFO] [1788526236.620491745] [vslam_compare]: gt=(-0.13, 0.03, -0.03) vslam=(3.39, -4.36, -3.24) error=6.482m max_error=10.198m (n=421)
[INFO] [1788526237.620914493] [vslam_compare]: gt=(-0.12, 0.04, -0.02) vslam=(3.39, -4.36, -3.24) error=6.490m max_error=10.198m (n=422)
[INFO] [1788526238.620581223] [vslam_compare]: gt=(-0.13, 0.04, -0.01) vslam=(3.39, -4.36, -3.24) error=6.497m max_error=10.198m (n=423)
[INFO] [1788526239.620399917] [vslam_compare]: gt=(-0.14, 0.02, -0.0) vslam=(3.39, -4.36, -3.24) error=6.499m max_error=10.198m (n=424)
[INFO] [1788526240.620494921] [vslam_compare]: gt=(-0.15, 0.01, 0.01) vslam=(3.39, -4.36, -3.24) error=6.506m max_error=10.198m (n=425)
[INFO] [1788526241.620269810] [vslam_compare]: gt=(-0.15, 0.02, 0.01) vslam=(3.39, -4.36, -3.24) error=6.510m max_error=10.198m (n=426)
[INFO] [1788526242.620332209] [vslam_compare]: gt=(-0.16, 0.01, 0.02) vslam=(3.39, -4.36, -3.24) error=6.511m max_error=10.198m (n=427)
[INFO] [1788526243.620513089] [vslam_compare]: gt=(-0.16, 0.01, 0.01) vslam=(3.39, -4.36, -3.24) error=6.506m max_error=10.198m (n=428)
[INFO] [1788526244.620280780] [vslam_compare]: gt=(-0.16, 0.01, 0.0) vslam=(3.39, -4.36, -3.24) error=6.507m max_error=10.198m (n=429)
[INFO] [1788526245.620333167] [vslam_compare]: gt=(-0.16, 0.0, 0.01) vslam=(3.39, -4.36, -3.24) error=6.501m max_error=10.198m (n=430)
[INFO] [1788526246.620670419] [vslam_compare]: gt=(-0.15, 0.0, -0.0) vslam=(3.39, -4.36, -3.24) error=6.492m max_error=10.198m (n=431)
[INFO] [1788526247.620399313] [vslam_compare]: gt=(-0.13, 0.01, -0.0) vslam=(3.39, -4.36, -3.24) error=6.481m max_error=10.198m (n=432)
[INFO] [1788526248.620493089] [vslam_compare]: gt=(-0.12, 0.02, -0.01) vslam=(3.39, -4.36, -3.24) error=6.481m max_error=10.198m (n=433)
[INFO] [1788526249.620421481] [vslam_compare]: gt=(-0.11, 0.04, -0.01) vslam=(3.39, -4.36, -3.24) error=6.488m max_error=10.198m (n=434)
[INFO] [1788526250.620454255] [vslam_compare]: gt=(-0.13, 0.03, -0.01) vslam=(3.39, -4.36, -3.24) error=6.492m max_error=10.198m (n=435)
[INFO] [1788526251.620550987] [vslam_compare]: gt=(-0.13, 0.02, -0.02) vslam=(3.39, -4.36, -3.24) error=6.485m max_error=10.198m (n=436)
[INFO] [1788526252.620410752] [vslam_compare]: gt=(-0.15, 0.0, -0.02) vslam=(3.39, -4.36, -3.24) error=6.482m max_error=10.198m (n=437)
[INFO] [1788526253.620396830] [vslam_compare]: gt=(-0.15, 0.0, -0.02) vslam=(3.39, -4.36, -3.24) error=6.482m max_error=10.198m (n=438)
[INFO] [1788526254.620546928] [vslam_compare]: gt=(-0.16, 0.01, -0.02) vslam=(3.39, -4.36, -3.24) error=6.490m max_error=10.198m (n=439)
[INFO] [1788526255.620376705] [vslam_compare]: gt=(-0.15, 0.02, -0.01) vslam=(3.39, -4.36, -3.24) error=6.501m max_error=10.198m (n=440)
[INFO] [1788526256.620218594] [vslam_compare]: gt=(-0.15, 0.03, -0.02) vslam=(3.39, -4.36, -3.24) error=6.502m max_error=10.198m (n=441)
[INFO] [1788526257.620736344] [vslam_compare]: gt=(-0.15, 0.03, -0.04) vslam=(3.39, -4.36, -3.24) error=6.491m max_error=10.198m (n=442)
[INFO] [1788526258.620620446] [vslam_compare]: gt=(-0.14, 0.04, -0.05) vslam=(3.39, -4.36, -3.24) error=6.491m max_error=10.198m (n=443)
[INFO] [1788526259.620323222] [vslam_compare]: gt=(-0.14, 0.04, -0.05) vslam=(3.39, -4.36, -3.24) error=6.490m max_error=10.198m (n=444)
[INFO] [1788526260.620515497] [vslam_compare]: gt=(-0.13, 0.02, -0.04) vslam=(3.39, -4.36, -3.24) error=6.474m max_error=10.198m (n=445)
[INFO] [1788526261.620471715] [vslam_compare]: gt=(-0.13, 0.02, -0.04) vslam=(3.39, -4.36, -3.24) error=6.473m max_error=10.198m (n=446)
[INFO] [1788526262.620273284] [vslam_compare]: gt=(-0.12, 0.02, -0.03) vslam=(3.39, -4.36, -3.24) error=6.474m max_error=10.198m (n=447)
[INFO] [1788526263.620491397] [vslam_compare]: gt=(-0.12, 0.02, -0.03) vslam=(3.39, -4.36, -3.24) error=6.473m max_error=10.198m (n=448)
[INFO] [1788526264.620658894] [vslam_compare]: gt=(-0.12, 0.02, -0.03) vslam=(3.39, -4.36, -3.24) error=6.473m max_error=10.198m (n=449)
[INFO] [1788526265.620818882] [vslam_compare]: gt=(-0.13, 0.03, -0.03) vslam=(3.39, -4.36, -3.24) error=6.481m max_error=10.198m (n=450)
[INFO] [1788526266.620292644] [vslam_compare]: gt=(-0.14, 0.02, -0.03) vslam=(3.39, -4.36, -3.24) error=6.485m max_error=10.198m (n=451)
[INFO] [1788526267.620238219] [vslam_compare]: gt=(-0.16, 0.02, -0.01) vslam=(3.39, -4.36, -3.24) error=6.502m max_error=10.198m (n=452)
[INFO] [1788526268.620492058] [vslam_compare]: gt=(-0.17, 0.04, -0.01) vslam=(3.39, -4.36, -3.24) error=6.522m max_error=10.198m (n=453)
[INFO] [1788526269.620427836] [vslam_compare]: gt=(-0.17, 0.05, -0.01) vslam=(3.39, -4.36, -3.24) error=6.535m max_error=10.198m (n=454)
[INFO] [1788526270.620491905] [vslam_compare]: gt=(-0.17, 0.05, -0.0) vslam=(3.39, -4.36, -3.24) error=6.534m max_error=10.198m (n=455)
[INFO] [1788526271.620412164] [vslam_compare]: gt=(-0.16, 0.03, 0.0) vslam=(3.39, -4.36, -3.24) error=6.517m max_error=10.198m (n=456)
[INFO] [1788526272.620819123] [vslam_compare]: gt=(-0.14, 0.03, -0.01) vslam=(3.39, -4.36, -3.24) error=6.499m max_error=10.198m (n=457)
[INFO] [1788526273.620267261] [vslam_compare]: gt=(-0.13, 0.03, -0.01) vslam=(3.39, -4.36, -3.24) error=6.494m max_error=10.198m (n=458)
[INFO] [1788526274.620387491] [vslam_compare]: gt=(-0.12, 0.02, -0.01) vslam=(3.39, -4.36, -3.24) error=6.488m max_error=10.198m (n=459)
[INFO] [1788526275.620245732] [vslam_compare]: gt=(-0.12, 0.03, 0.0) vslam=(3.39, -4.36, -3.24) error=6.498m max_error=10.198m (n=460)
[INFO] [1788526276.620323830] [vslam_compare]: gt=(-0.12, 0.04, 0.01) vslam=(3.39, -4.36, -3.24) error=6.508m max_error=10.198m (n=461)
[INFO] [1788526277.620597342] [vslam_compare]: gt=(-0.14, 0.04, 0.01) vslam=(3.39, -4.36, -3.24) error=6.517m max_error=10.198m (n=462)
[INFO] [1788526278.620568361] [vslam_compare]: gt=(-0.14, 0.04, 0.01) vslam=(3.39, -4.36, -3.24) error=6.518m max_error=10.198m (n=463)
[INFO] [1788526279.620527649] [vslam_compare]: gt=(-0.15, 0.03, 0.01) vslam=(3.39, -4.36, -3.24) error=6.520m max_error=10.198m (n=464)
[INFO] [1788526280.620490998] [vslam_compare]: gt=(-0.15, 0.02, 0.02) vslam=(3.39, -4.36, -3.24) error=6.516m max_error=10.198m (n=465)
[INFO] [1788526281.620764951] [vslam_compare]: gt=(-0.15, 0.01, 0.02) vslam=(3.39, -4.36, -3.24) error=6.502m max_error=10.198m (n=466)
[INFO] [1788526282.620630083] [vslam_compare]: gt=(-0.14, -0.01, 0.01) vslam=(3.39, -4.36, -3.24) error=6.487m max_error=10.198m (n=467)
[INFO] [1788526283.620908418] [vslam_compare]: gt=(-0.14, 0.0, 0.01) vslam=(3.39, -4.36, -3.24) error=6.490m max_error=10.198m (n=468)
[INFO] [1788526284.620720786] [vslam_compare]: gt=(-0.14, 0.0, 0.02) vslam=(3.39, -4.36, -3.24) error=6.495m max_error=10.198m (n=469)
[INFO] [1788526285.620470990] [vslam_compare]: gt=(-0.14, 0.01, 0.03) vslam=(3.39, -4.36, -3.24) error=6.505m max_error=10.198m (n=470)
[INFO] [1788526286.620567894] [vslam_compare]: gt=(-0.14, 0.02, 0.03) vslam=(3.39, -4.36, -3.24) error=6.508m max_error=10.198m (n=471)
[INFO] [1788526287.620523779] [vslam_compare]: gt=(-0.13, 0.02, 0.02) vslam=(3.39, -4.36, -3.24) error=6.508m max_error=10.198m (n=472)
[INFO] [1788526288.620323487] [vslam_compare]: gt=(-0.13, 0.03, 0.02) vslam=(3.39, -4.36, -3.24) error=6.506m max_error=10.198m (n=473)
[INFO] [1788526289.620503996] [vslam_compare]: gt=(-0.14, 0.03, 0.02) vslam=(3.39, -4.36, -3.24) error=6.518m max_error=10.198m (n=474)
[INFO] [1788526290.620616871] [vslam_compare]: gt=(-0.13, 0.01, 0.02) vslam=(3.39, -4.36, -3.24) error=6.503m max_error=10.198m (n=475)
[INFO] [1788526291.620581092] [vslam_compare]: gt=(-0.13, 0.01, 0.03) vslam=(3.39, -4.36, -3.24) error=6.497m max_error=10.198m (n=476)
[INFO] [1788526292.620257943] [vslam_compare]: gt=(-0.13, 0.0, 0.04) vslam=(3.39, -4.36, -3.24) error=6.499m max_error=10.198m (n=477)
[INFO] [1788526293.620636055] [vslam_compare]: gt=(-0.13, -0.01, 0.04) vslam=(3.39, -4.36, -3.24) error=6.496m max_error=10.198m (n=478)
[INFO] [1788526294.620425582] [vslam_compare]: gt=(-0.14, -0.02, 0.03) vslam=(3.39, -4.36, -3.24) error=6.483m max_error=10.198m (n=479)
[INFO] [1788526295.620321082] [vslam_compare]: gt=(-0.13, -0.0, 0.01) vslam=(3.39, -4.36, -3.24) error=6.484m max_error=10.198m (n=480)
[INFO] [1788526296.620272475] [vslam_compare]: gt=(-0.14, 0.01, 0.02) vslam=(3.39, -4.36, -3.24) error=6.496m max_error=10.198m (n=481)
[INFO] [1788526297.620286591] [vslam_compare]: gt=(-0.14, 0.01, 0.02) vslam=(3.39, -4.36, -3.24) error=6.500m max_error=10.198m (n=482)
[INFO] [1788526298.620310484] [vslam_compare]: gt=(-0.16, 0.02, 0.01) vslam=(3.39, -4.36, -3.24) error=6.518m max_error=10.198m (n=483)
[INFO] [1788526299.620790094] [vslam_compare]: gt=(-0.16, 0.03, 0.01) vslam=(3.39, -4.36, -3.24) error=6.520m max_error=10.198m (n=484)
[INFO] [1788526300.620393557] [vslam_compare]: gt=(-0.15, 0.03, 0.01) vslam=(3.39, -4.36, -3.24) error=6.518m max_error=10.198m (n=485)
[INFO] [1788526301.620439624] [vslam_compare]: gt=(-0.15, 0.03, 0.01) vslam=(3.39, -4.36, -3.24) error=6.515m max_error=10.198m (n=486)
[INFO] [1788526302.620602182] [vslam_compare]: gt=(-0.14, 0.02, 0.01) vslam=(3.39, -4.36, -3.24) error=6.500m max_error=10.198m (n=487)
[INFO] [1788526303.620311162] [vslam_compare]: gt=(-0.14, 0.0, 0.01) vslam=(3.39, -4.36, -3.24) error=6.492m max_error=10.198m (n=488)
[INFO] [1788526304.620445382] [vslam_compare]: gt=(-0.13, 0.0, -0.0) vslam=(3.39, -4.36, -3.24) error=6.481m max_error=10.198m (n=489)
[INFO] [1788526305.620459427] [vslam_compare]: gt=(-0.12, 0.02, -0.0) vslam=(3.39, -4.36, -3.24) error=6.490m max_error=10.198m (n=490)
[INFO] [1788526306.620401195] [vslam_compare]: gt=(-0.13, 0.02, -0.0) vslam=(3.39, -4.36, -3.24) error=6.492m max_error=10.198m (n=491)
[INFO] [1788526307.620589404] [vslam_compare]: gt=(-0.13, 0.0, -0.01) vslam=(3.39, -4.36, -3.24) error=6.474m max_error=10.198m (n=492)
[INFO] [1788526308.620718258] [vslam_compare]: gt=(-0.13, -0.01, -0.0) vslam=(3.39, -4.36, -3.24) error=6.474m max_error=10.198m (n=493)
[INFO] [1788526309.620501132] [vslam_compare]: gt=(-0.12, -0.01, -0.0) vslam=(3.39, -4.36, -3.24) error=6.469m max_error=10.198m (n=494)
[INFO] [1788526310.620479611] [vslam_compare]: gt=(-0.12, -0.02, -0.0) vslam=(3.39, -4.36, -3.24) error=6.461m max_error=10.198m (n=495)
[INFO] [1788526311.620508579] [vslam_compare]: gt=(-0.13, -0.01, -0.01) vslam=(3.39, -4.36, -3.24) error=6.469m max_error=10.198m (n=496)
[INFO] [1788526312.620362498] [vslam_compare]: gt=(-0.12, 0.0, -0.02) vslam=(3.39, -4.36, -3.24) error=6.470m max_error=10.198m (n=497)
[INFO] [1788526313.620266125] [vslam_compare]: gt=(-0.11, 0.01, -0.02) vslam=(3.39, -4.36, -3.24) error=6.468m max_error=10.198m (n=498)
[INFO] [1788526314.620541261] [vslam_compare]: gt=(-0.11, 0.02, -0.02) vslam=(3.39, -4.36, -3.24) error=6.474m max_error=10.198m (n=499)
[INFO] [1788526315.620570357] [vslam_compare]: gt=(-0.09, 0.03, -0.01) vslam=(3.39, -4.36, -3.24) error=6.470m max_error=10.198m (n=500)
[INFO] [1788526316.621192962] [vslam_compare]: gt=(-0.1, 0.02, -0.02) vslam=(3.39, -4.36, -3.24) error=6.471m max_error=10.198m (n=501)
[INFO] [1788526317.620359868] [vslam_compare]: gt=(-0.12, 0.03, -0.02) vslam=(3.39, -4.36, -3.24) error=6.482m max_error=10.198m (n=502)
[INFO] [1788526318.620276419] [vslam_compare]: gt=(-0.13, 0.02, -0.02) vslam=(3.39, -4.36, -3.24) error=6.481m max_error=10.198m (n=503)
[INFO] [1788526319.620380960] [vslam_compare]: gt=(-0.12, 0.01, -0.0) vslam=(3.41, -4.37, -3.26) error=6.504m max_error=10.198m (n=504)
[INFO] [1788526320.620287229] [vslam_compare]: gt=(-0.12, 0.01, 0.01) vslam=(3.41, -4.37, -3.26) error=6.506m max_error=10.198m (n=505)
[INFO] [1788526321.620426301] [vslam_compare]: gt=(-0.13, 0.01, 0.01) vslam=(3.41, -4.37, -3.26) error=6.514m max_error=10.198m (n=506)
[INFO] [1788526322.620450483] [vslam_compare]: gt=(-0.12, 0.01, 0.01) vslam=(3.41, -4.37, -3.26) error=6.509m max_error=10.198m (n=507)
[INFO] [1788526323.620739577] [vslam_compare]: gt=(-0.12, 0.01, 0.01) vslam=(3.41, -4.37, -3.26) error=6.510m max_error=10.198m (n=508)
[INFO] [1788526324.620395386] [vslam_compare]: gt=(-0.12, 0.01, 0.0) vslam=(3.41, -4.37, -3.26) error=6.501m max_error=10.198m (n=509)
[INFO] [1788526325.620578769] [vslam_compare]: gt=(-0.11, 0.01, -0.02) vslam=(3.41, -4.37, -3.26) error=6.487m max_error=10.198m (n=510)
[INFO] [1788526326.620366826] [vslam_compare]: gt=(-0.12, -0.01, -0.04) vslam=(3.41, -4.37, -3.26) error=6.470m max_error=10.198m (n=511)
[INFO] [1788526327.620786880] [vslam_compare]: gt=(-0.13, -0.01, -0.04) vslam=(3.41, -4.37, -3.26) error=6.476m max_error=10.198m (n=512)
[INFO] [1788526328.620838456] [vslam_compare]: gt=(-0.12, -0.01, -0.02) vslam=(3.41, -4.37, -3.26) error=6.480m max_error=10.198m (n=513)
[INFO] [1788526329.620367581] [vslam_compare]: gt=(-0.12, 0.0, -0.0) vslam=(3.41, -4.37, -3.26) error=6.496m max_error=10.198m (n=514)
[INFO] [1788526330.620419571] [vslam_compare]: gt=(-0.13, 0.01, 0.0) vslam=(3.41, -4.37, -3.26) error=6.506m max_error=10.198m (n=515)
[INFO] [1788526331.620418063] [vslam_compare]: gt=(-0.13, -0.01, 0.0) vslam=(3.41, -4.37, -3.26) error=6.499m max_error=10.198m (n=516)
[INFO] [1788526332.620522341] [vslam_compare]: gt=(-0.13, -0.01, 0.0) vslam=(3.41, -4.37, -3.26) error=6.498m max_error=10.198m (n=517)
[INFO] [1788526333.620477345] [vslam_compare]: gt=(-0.11, 0.01, 0.02) vslam=(3.41, -4.37, -3.26) error=6.505m max_error=10.198m (n=518)
[INFO] [1788526334.620635414] [vslam_compare]: gt=(-0.11, 0.02, 0.02) vslam=(3.41, -4.37, -3.26) error=6.512m max_error=10.198m (n=519)
[INFO] [1788526335.620481728] [vslam_compare]: gt=(-0.11, 0.03, 0.03) vslam=(3.41, -4.37, -3.26) error=6.523m max_error=10.198m (n=520)
[INFO] [1788526336.620467319] [vslam_compare]: gt=(-0.12, 0.01, 0.02) vslam=(3.41, -4.37, -3.26) error=6.509m max_error=10.198m (n=521)
[INFO] [1788526337.620488917] [vslam_compare]: gt=(-0.13, -0.01, 0.01) vslam=(3.41, -4.37, -3.26) error=6.500m max_error=10.198m (n=522)
[INFO] [1788526338.620330181] [vslam_compare]: gt=(-0.11, 0.0, 0.01) vslam=(3.41, -4.37, -3.26) error=6.500m max_error=10.198m (n=523)
[INFO] [1788526339.620567656] [vslam_compare]: gt=(-0.12, 0.01, 0.01) vslam=(3.41, -4.37, -3.26) error=6.513m max_error=10.198m (n=524)
[INFO] [1788526340.620318924] [vslam_compare]: gt=(-0.13, 0.02, 0.01) vslam=(3.41, -4.37, -3.26) error=6.516m max_error=10.198m (n=525)
[INFO] [1788526341.620320853] [vslam_compare]: gt=(-0.14, 0.01, 0.01) vslam=(3.41, -4.37, -3.26) error=6.524m max_error=10.198m (n=526)
[INFO] [1788526342.620407346] [vslam_compare]: gt=(-0.15, -0.0, 0.01) vslam=(3.41, -4.37, -3.26) error=6.515m max_error=10.198m (n=527)
[INFO] [1788526343.620326130] [vslam_compare]: gt=(-0.15, -0.01, -0.0) vslam=(3.41, -4.37, -3.26) error=6.506m max_error=10.198m (n=528)
[INFO] [1788526344.620239792] [vslam_compare]: gt=(-0.16, -0.01, -0.01) vslam=(3.41, -4.37, -3.26) error=6.506m max_error=10.198m (n=529)
[INFO] [1788526345.620739855] [vslam_compare]: gt=(-0.16, -0.01, -0.01) vslam=(3.41, -4.37, -3.26) error=6.502m max_error=10.198m (n=530)
[INFO] [1788526346.620492236] [vslam_compare]: gt=(-0.15, -0.02, -0.01) vslam=(3.41, -4.37, -3.26) error=6.496m max_error=10.198m (n=531)
[INFO] [1788526347.620529701] [vslam_compare]: gt=(-0.13, -0.02, -0.01) vslam=(3.41, -4.37, -3.26) error=6.483m max_error=10.198m (n=532)
[INFO] [1788526348.620277460] [vslam_compare]: gt=(-0.12, -0.02, -0.01) vslam=(3.41, -4.37, -3.26) error=6.482m max_error=10.198m (n=533)
[INFO] [1788526349.620375232] [vslam_compare]: gt=(-0.13, -0.01, -0.01) vslam=(3.41, -4.37, -3.26) error=6.488m max_error=10.198m (n=534)
[INFO] [1788526350.620359412] [vslam_compare]: gt=(-0.14, -0.01, -0.02) vslam=(3.41, -4.37, -3.26) error=6.486m max_error=10.198m (n=535)
[INFO] [1788526351.620668318] [vslam_compare]: gt=(-0.14, -0.01, -0.01) vslam=(3.41, -4.37, -3.26) error=6.497m max_error=10.198m (n=536)
[INFO] [1788526352.620575991] [vslam_compare]: gt=(-0.13, 0.02, -0.01) vslam=(3.41, -4.37, -3.26) error=6.511m max_error=10.198m (n=537)
[INFO] [1788526353.620427287] [vslam_compare]: gt=(-0.13, 0.03, -0.02) vslam=(3.41, -4.37, -3.26) error=6.513m max_error=10.198m (n=538)
[INFO] [1788526354.620519053] [vslam_compare]: gt=(-0.13, 0.02, -0.02) vslam=(3.41, -4.37, -3.26) error=6.511m max_error=10.198m (n=539)
[INFO] [1788526355.620382806] [vslam_compare]: gt=(-0.14, 0.02, 0.0) vslam=(3.41, -4.37, -3.26) error=6.520m max_error=10.198m (n=540)
[INFO] [1788526356.620606178] [vslam_compare]: gt=(-0.14, 0.04, 0.01) vslam=(3.41, -4.37, -3.26) error=6.535m max_error=10.198m (n=541)
[INFO] [1788526357.620508093] [vslam_compare]: gt=(-0.13, 0.03, 0.01) vslam=(3.41, -4.37, -3.26) error=6.531m max_error=10.198m (n=542)
[INFO] [1788526358.620303166] [vslam_compare]: gt=(-0.12, 0.03, 0.0) vslam=(3.41, -4.37, -3.26) error=6.511m max_error=10.198m (n=543)
[INFO] [1788526359.620562012] [vslam_compare]: gt=(-0.11, 0.03, -0.01) vslam=(3.41, -4.37, -3.26) error=6.502m max_error=10.198m (n=544)
[INFO] [1788526360.620496965] [vslam_compare]: gt=(-0.11, 0.04, -0.01) vslam=(3.41, -4.37, -3.26) error=6.506m max_error=10.198m (n=545)
[INFO] [1788526361.620425913] [vslam_compare]: gt=(-0.12, 0.03, -0.0) vslam=(3.41, -4.37, -3.26) error=6.513m max_error=10.198m (n=546)
[INFO] [1788526362.620479335] [vslam_compare]: gt=(-0.12, 0.02, 0.01) vslam=(3.41, -4.37, -3.26) error=6.512m max_error=10.198m (n=547)
[INFO] [1788526363.620286028] [vslam_compare]: gt=(-0.12, 0.03, 0.02) vslam=(3.41, -4.37, -3.26) error=6.524m max_error=10.198m (n=548)
[INFO] [1788526364.620539339] [vslam_compare]: gt=(-0.13, 0.03, 0.04) vslam=(3.41, -4.37, -3.26) error=6.543m max_error=10.198m (n=549)
[INFO] [1788526365.620738877] [vslam_compare]: gt=(-0.13, 0.04, 0.05) vslam=(3.41, -4.37, -3.26) error=6.549m max_error=10.198m (n=550)
[INFO] [1788526366.620468751] [vslam_compare]: gt=(-0.13, 0.03, 0.05) vslam=(3.41, -4.37, -3.26) error=6.546m max_error=10.198m (n=551)
[INFO] [1788526367.620229918] [vslam_compare]: gt=(-0.13, 0.02, 0.06) vslam=(3.41, -4.37, -3.26) error=6.544m max_error=10.198m (n=552)
[INFO] [1788526368.620446801] [vslam_compare]: gt=(-0.12, 0.02, 0.07) vslam=(3.41, -4.37, -3.26) error=6.537m max_error=10.198m (n=553)
[INFO] [1788526369.620227191] [vslam_compare]: gt=(-0.13, 0.02, 0.05) vslam=(3.41, -4.37, -3.26) error=6.540m max_error=10.198m (n=554)
[INFO] [1788526370.620236729] [vslam_compare]: gt=(-0.14, 0.01, 0.04) vslam=(3.41, -4.37, -3.26) error=6.536m max_error=10.198m (n=555)
[INFO] [1788526371.620490370] [vslam_compare]: gt=(-0.15, 0.02, 0.02) vslam=(3.41, -4.37, -3.26) error=6.530m max_error=10.198m (n=556)
[INFO] [1788526372.620646806] [vslam_compare]: gt=(-0.15, 0.02, 0.01) vslam=(3.41, -4.37, -3.26) error=6.530m max_error=10.198m (n=557)
[INFO] [1788526373.621100955] [vslam_compare]: gt=(-0.14, 0.02, 0.01) vslam=(3.41, -4.37, -3.26) error=6.527m max_error=10.198m (n=558)
[INFO] [1788526374.620514958] [vslam_compare]: gt=(-0.14, 0.02, 0.01) vslam=(3.41, -4.37, -3.26) error=6.522m max_error=10.198m (n=559)
[INFO] [1788526375.620414919] [vslam_compare]: gt=(-0.14, 0.02, 0.01) vslam=(3.41, -4.37, -3.26) error=6.527m max_error=10.198m (n=560)
[INFO] [1788526376.620408307] [vslam_compare]: gt=(-0.16, 0.03, 0.01) vslam=(3.41, -4.37, -3.26) error=6.541m max_error=10.198m (n=561)
[INFO] [1788526377.620875311] [vslam_compare]: gt=(-0.16, 0.03, 0.02) vslam=(3.41, -4.37, -3.26) error=6.550m max_error=10.198m (n=562)
[INFO] [1788526378.620361317] [vslam_compare]: gt=(-0.14, 0.03, 0.02) vslam=(3.41, -4.37, -3.26) error=6.539m max_error=10.198m (n=563)
[INFO] [1788526379.620534985] [vslam_compare]: gt=(-0.14, 0.02, 0.02) vslam=(3.41, -4.37, -3.26) error=6.526m max_error=10.198m (n=564)
[INFO] [1788526380.620394174] [vslam_compare]: gt=(-0.13, 0.01, 0.01) vslam=(3.41, -4.37, -3.26) error=6.516m max_error=10.198m (n=565)
[INFO] [1788526381.620221968] [vslam_compare]: gt=(-0.12, 0.02, 0.0) vslam=(3.41, -4.37, -3.26) error=6.509m max_error=10.198m (n=566)
[INFO] [1788526382.620468135] [vslam_compare]: gt=(-0.12, 0.01, 0.01) vslam=(3.41, -4.37, -3.26) error=6.510m max_error=10.198m (n=567)
[INFO] [1788526383.620691352] [vslam_compare]: gt=(-0.12, 0.01, 0.01) vslam=(3.41, -4.37, -3.26) error=6.511m max_error=10.198m (n=568)
[INFO] [1788526384.620882742] [vslam_compare]: gt=(-0.13, 0.01, 0.02) vslam=(3.41, -4.37, -3.26) error=6.521m max_error=10.198m (n=569)
[INFO] [1788526385.620308970] [vslam_compare]: gt=(-0.13, 0.01, 0.02) vslam=(3.41, -4.37, -3.26) error=6.517m max_error=10.198m (n=570)
[INFO] [1788526386.620227930] [vslam_compare]: gt=(-0.13, -0.01, 0.01) vslam=(3.41, -4.37, -3.26) error=6.504m max_error=10.198m (n=571)
[INFO] [1788526387.620343643] [vslam_compare]: gt=(-0.14, -0.02, 0.02) vslam=(3.41, -4.37, -3.26) error=6.502m max_error=10.198m (n=572)
[INFO] [1788526388.620589678] [vslam_compare]: gt=(-0.14, -0.02, 0.02) vslam=(3.41, -4.37, -3.26) error=6.509m max_error=10.198m (n=573)
[INFO] [1788526389.620251235] [vslam_compare]: gt=(-0.13, -0.02, 0.02) vslam=(3.41, -4.37, -3.26) error=6.502m max_error=10.198m (n=574)
[INFO] [1788526390.620495408] [vslam_compare]: gt=(-0.13, -0.02, 0.01) vslam=(3.41, -4.37, -3.26) error=6.493m max_error=10.198m (n=575)
[INFO] [1788526391.620511921] [vslam_compare]: gt=(-0.13, -0.01, 0.01) vslam=(3.41, -4.37, -3.26) error=6.493m max_error=10.198m (n=576)
[INFO] [1788526392.620492678] [vslam_compare]: gt=(-0.12, -0.01, 0.0) vslam=(3.41, -4.37, -3.26) error=6.494m max_error=10.198m (n=577)
[INFO] [1788526393.620614687] [vslam_compare]: gt=(-0.12, 0.01, 0.01) vslam=(3.41, -4.37, -3.26) error=6.502m max_error=10.198m (n=578)
[INFO] [1788526394.620405623] [vslam_compare]: gt=(-0.12, 0.01, 0.02) vslam=(3.41, -4.37, -3.26) error=6.511m max_error=10.198m (n=579)
[INFO] [1788526395.620560492] [vslam_compare]: gt=(-0.12, 0.01, 0.02) vslam=(3.41, -4.37, -3.26) error=6.513m max_error=10.198m (n=580)
[INFO] [1788526396.620475798] [vslam_compare]: gt=(-0.13, 0.01, 0.02) vslam=(3.41, -4.37, -3.26) error=6.520m max_error=10.198m (n=581)
[INFO] [1788526397.620286249] [vslam_compare]: gt=(-0.13, -0.0, 0.01) vslam=(3.41, -4.37, -3.26) error=6.506m max_error=10.198m (n=582)
[INFO] [1788526398.620552572] [vslam_compare]: gt=(-0.14, -0.01, 0.02) vslam=(3.41, -4.37, -3.26) error=6.504m max_error=10.198m (n=583)
[INFO] [1788526399.620338768] [vslam_compare]: gt=(-0.15, -0.01, 0.01) vslam=(3.41, -4.37, -3.26) error=6.509m max_error=10.198m (n=584)
[INFO] [1788526400.620306447] [vslam_compare]: gt=(-0.16, -0.02, 0.01) vslam=(3.41, -4.37, -3.26) error=6.504m max_error=10.198m (n=585)
[INFO] [1788526401.620430725] [vslam_compare]: gt=(-0.15, -0.01, 0.0) vslam=(3.42, -4.37, -3.26) error=6.505m max_error=10.198m (n=586)
[INFO] [1788526402.620461398] [vslam_compare]: gt=(-0.13, 0.0, 0.01) vslam=(3.42, -4.37, -3.26) error=6.505m max_error=10.198m (n=587)
[INFO] [1788526403.620504954] [vslam_compare]: gt=(-0.12, 0.01, 0.0) vslam=(3.42, -4.37, -3.26) error=6.507m max_error=10.198m (n=588)
[INFO] [1788526404.620453833] [vslam_compare]: gt=(-0.12, 0.03, -0.01) vslam=(3.42, -4.37, -3.26) error=6.512m max_error=10.198m (n=589)
[INFO] [1788526405.620653564] [vslam_compare]: gt=(-0.13, 0.04, -0.01) vslam=(3.42, -4.37, -3.26) error=6.521m max_error=10.198m (n=590)
[INFO] [1788526406.620452833] [vslam_compare]: gt=(-0.13, 0.04, -0.0) vslam=(3.42, -4.37, -3.26) error=6.529m max_error=10.198m (n=591)
[INFO] [1788526407.620606766] [vslam_compare]: gt=(-0.13, 0.04, 0.01) vslam=(3.42, -4.37, -3.26) error=6.532m max_error=10.198m (n=592)
[INFO] [1788526408.620356749] [vslam_compare]: gt=(-0.12, 0.03, 0.02) vslam=(3.42, -4.37, -3.26) error=6.533m max_error=10.198m (n=593)
[INFO] [1788526409.620466626] [vslam_compare]: gt=(-0.14, 0.03, 0.03) vslam=(3.42, -4.37, -3.26) error=6.543m max_error=10.198m (n=594)
[INFO] [1788526410.620718072] [vslam_compare]: gt=(-0.14, 0.04, 0.04) vslam=(3.42, -4.37, -3.26) error=6.551m max_error=10.198m (n=595)
[INFO] [1788526411.620648091] [vslam_compare]: gt=(-0.14, 0.03, 0.04) vslam=(3.42, -4.37, -3.26) error=6.546m max_error=10.198m (n=596)
[INFO] [1788526412.620361577] [vslam_compare]: gt=(-0.14, 0.02, 0.04) vslam=(3.42, -4.37, -3.26) error=6.539m max_error=10.198m (n=597)
[INFO] [1788526413.620642549] [vslam_compare]: gt=(-0.14, -0.0, 0.03) vslam=(3.42, -4.37, -3.26) error=6.523m max_error=10.198m (n=598)
[INFO] [1788526414.620467325] [vslam_compare]: gt=(-0.16, -0.0, 0.03) vslam=(3.42, -4.37, -3.26) error=6.529m max_error=10.198m (n=599)
[INFO] [1788526415.620246353] [vslam_compare]: gt=(-0.15, 0.01, 0.02) vslam=(3.42, -4.37, -3.26) error=6.530m max_error=10.198m (n=600)
[INFO] [1788526416.620570284] [vslam_compare]: gt=(-0.16, 0.0, 0.01) vslam=(3.42, -4.37, -3.26) error=6.524m max_error=10.198m (n=601)
[INFO] [1788526417.620237930] [vslam_compare]: gt=(-0.16, 0.02, 0.0) vslam=(3.42, -4.37, -3.26) error=6.531m max_error=10.198m (n=602)
[INFO] [1788526418.620534313] [vslam_compare]: gt=(-0.15, 0.03, -0.0) vslam=(3.42, -4.37, -3.26) error=6.530m max_error=10.198m (n=603)
[INFO] [1788526419.620348332] [vslam_compare]: gt=(-0.14, 0.03, 0.0) vslam=(3.42, -4.37, -3.26) error=6.530m max_error=10.198m (n=604)
[INFO] [1788526420.620619972] [vslam_compare]: gt=(-0.13, 0.02, 0.0) vslam=(3.42, -4.37, -3.26) error=6.518m max_error=10.198m (n=605)
[INFO] [1788526421.620183830] [vslam_compare]: gt=(-0.13, 0.01, 0.0) vslam=(3.42, -4.37, -3.26) error=6.512m max_error=10.198m (n=606)
[INFO] [1788526422.620431698] [vslam_compare]: gt=(-0.13, 0.01, -0.0) vslam=(3.42, -4.37, -3.26) error=6.507m max_error=10.198m (n=607)
[INFO] [1788526423.620535425] [vslam_compare]: gt=(-0.12, 0.02, -0.01) vslam=(3.42, -4.37, -3.26) error=6.504m max_error=10.198m (n=608)
[INFO] [1788526424.620580249] [vslam_compare]: gt=(-0.13, 0.03, -0.0) vslam=(3.42, -4.37, -3.26) error=6.519m max_error=10.198m (n=609)
[INFO] [1788526425.620329021] [vslam_compare]: gt=(-0.13, 0.03, 0.01) vslam=(3.42, -4.37, -3.26) error=6.530m max_error=10.198m (n=610)
[INFO] [1788526426.620573064] [vslam_compare]: gt=(-0.14, 0.03, 0.02) vslam=(3.42, -4.37, -3.26) error=6.540m max_error=10.198m (n=611)
[INFO] [1788526427.620630817] [vslam_compare]: gt=(-0.15, 0.03, 0.02) vslam=(3.42, -4.37, -3.26) error=6.542m max_error=10.198m (n=612)
[INFO] [1788526428.620470402] [vslam_compare]: gt=(-0.15, 0.02, 0.02) vslam=(3.42, -4.37, -3.26) error=6.530m max_error=10.198m (n=613)
[INFO] [1788526429.620526232] [vslam_compare]: gt=(-0.14, -0.0, 0.01) vslam=(3.42, -4.37, -3.26) error=6.513m max_error=10.198m (n=614)
[INFO] [1788526430.620395411] [vslam_compare]: gt=(-0.13, 0.01, 0.01) vslam=(3.42, -4.37, -3.26) error=6.516m max_error=10.198m (n=615)
[INFO] [1788526431.620343832] [vslam_compare]: gt=(-0.13, 0.01, 0.01) vslam=(3.42, -4.37, -3.26) error=6.517m max_error=10.198m (n=616)
[INFO] [1788526432.620329646] [vslam_compare]: gt=(-0.13, 0.03, 0.02) vslam=(3.42, -4.37, -3.26) error=6.530m max_error=10.198m (n=617)
[INFO] [1788526433.620487251] [vslam_compare]: gt=(-0.13, 0.04, 0.03) vslam=(3.42, -4.37, -3.26) error=6.541m max_error=10.198m (n=618)
[INFO] [1788526434.620237148] [vslam_compare]: gt=(-0.14, 0.04, 0.03) vslam=(3.42, -4.37, -3.26) error=6.551m max_error=10.198m (n=619)
[INFO] [1788526435.620484077] [vslam_compare]: gt=(-0.15, 0.03, 0.03) vslam=(3.42, -4.37, -3.26) error=6.553m max_error=10.198m (n=620)
[INFO] [1788526436.620425134] [vslam_compare]: gt=(-0.15, 0.02, 0.02) vslam=(3.42, -4.37, -3.26) error=6.540m max_error=10.198m (n=621)
[INFO] [1788526437.620420566] [vslam_compare]: gt=(-0.14, 0.02, 0.01) vslam=(3.42, -4.37, -3.26) error=6.528m max_error=10.198m (n=622)
[INFO] [1788526438.620792938] [vslam_compare]: gt=(-0.14, 0.01, 0.01) vslam=(3.42, -4.37, -3.26) error=6.518m max_error=10.198m (n=623)
[INFO] [1788526439.620573540] [vslam_compare]: gt=(-0.13, 0.01, 0.01) vslam=(3.42, -4.37, -3.26) error=6.516m max_error=10.198m (n=624)
[INFO] [1788526440.620387637] [vslam_compare]: gt=(-0.15, 0.02, 0.0) vslam=(3.42, -4.37, -3.26) error=6.526m max_error=10.198m (n=625)
[INFO] [1788526441.620218679] [vslam_compare]: gt=(-0.14, 0.03, 0.0) vslam=(3.42, -4.37, -3.26) error=6.529m max_error=10.198m (n=626)
[INFO] [1788526442.620232130] [vslam_compare]: gt=(-0.14, 0.04, -0.01) vslam=(3.42, -4.37, -3.26) error=6.535m max_error=10.198m (n=627)
[INFO] [1788526443.620368873] [vslam_compare]: gt=(-0.15, 0.03, -0.01) vslam=(3.42, -4.37, -3.26) error=6.529m max_error=10.198m (n=628)
[INFO] [1788526444.620392750] [vslam_compare]: gt=(-0.14, 0.01, -0.01) vslam=(3.42, -4.37, -3.26) error=6.512m max_error=10.198m (n=629)
[INFO] [1788526445.620243349] [vslam_compare]: gt=(-0.14, 0.01, -0.0) vslam=(3.42, -4.37, -3.26) error=6.510m max_error=10.198m (n=630)
[INFO] [1788526446.620547489] [vslam_compare]: gt=(-0.13, -0.0, -0.0) vslam=(3.42, -4.37, -3.26) error=6.502m max_error=10.198m (n=631)
[INFO] [1788526447.620505322] [vslam_compare]: gt=(-0.13, 0.01, -0.0) vslam=(3.42, -4.37, -3.26) error=6.508m max_error=10.198m (n=632)
[INFO] [1788526448.620226469] [vslam_compare]: gt=(-0.14, 0.01, -0.0) vslam=(3.42, -4.37, -3.26) error=6.513m max_error=10.198m (n=633)
[INFO] [1788526449.620651320] [vslam_compare]: gt=(-0.13, 0.02, -0.0) vslam=(3.42, -4.37, -3.26) error=6.515m max_error=10.198m (n=634)
[INFO] [1788526450.620393931] [vslam_compare]: gt=(-0.13, 0.03, -0.0) vslam=(3.42, -4.37, -3.26) error=6.520m max_error=10.198m (n=635)
[INFO] [1788526451.620223816] [vslam_compare]: gt=(-0.15, 0.04, -0.0) vslam=(3.42, -4.37, -3.26) error=6.545m max_error=10.198m (n=636)
[INFO] [1788526452.620484048] [vslam_compare]: gt=(-0.16, 0.05, 0.0) vslam=(3.42, -4.37, -3.26) error=6.553m max_error=10.198m (n=637)
[INFO] [1788526453.620553529] [vslam_compare]: gt=(-0.14, 0.03, 0.01) vslam=(3.42, -4.37, -3.26) error=6.537m max_error=10.198m (n=638)
[INFO] [1788526454.620539808] [vslam_compare]: gt=(-0.14, 0.01, 0.03) vslam=(3.42, -4.37, -3.26) error=6.531m max_error=10.198m (n=639)
[INFO] [1788526455.620711301] [vslam_compare]: gt=(-0.15, 0.01, 0.03) vslam=(3.42, -4.37, -3.26) error=6.539m max_error=10.198m (n=640)
[INFO] [1788526456.620407295] [vslam_compare]: gt=(-0.14, 0.02, 0.03) vslam=(3.42, -4.37, -3.26) error=6.535m max_error=10.198m (n=641)
[INFO] [1788526457.620366338] [vslam_compare]: gt=(-0.12, 0.02, 0.01) vslam=(3.42, -4.37, -3.26) error=6.520m max_error=10.198m (n=642)
[INFO] [1788526458.620542553] [vslam_compare]: gt=(-0.14, 0.01, 0.0) vslam=(3.42, -4.37, -3.26) error=6.515m max_error=10.198m (n=643)
[INFO] [1788526459.620481020] [vslam_compare]: gt=(-0.14, -0.0, -0.0) vslam=(3.42, -4.37, -3.26) error=6.505m max_error=10.198m (n=644)
[INFO] [1788526460.620479258] [vslam_compare]: gt=(-0.13, 0.0, -0.0) vslam=(3.42, -4.37, -3.26) error=6.505m max_error=10.198m (n=645)
[INFO] [1788526461.620389483] [vslam_compare]: gt=(-0.13, 0.01, -0.01) vslam=(3.42, -4.37, -3.26) error=6.501m max_error=10.198m (n=646)
[INFO] [1788526462.620420263] [vslam_compare]: gt=(-0.13, -0.01, -0.01) vslam=(3.42, -4.37, -3.26) error=6.491m max_error=10.198m (n=647)
[INFO] [1788526463.620249349] [vslam_compare]: gt=(-0.14, 0.0, 0.0) vslam=(3.42, -4.37, -3.26) error=6.511m max_error=10.198m (n=648)
[INFO] [1788526464.620409699] [vslam_compare]: gt=(-0.15, -0.0, 0.01) vslam=(3.42, -4.37, -3.26) error=6.519m max_error=10.198m (n=649)
[INFO] [1788526465.620320869] [vslam_compare]: gt=(-0.16, 0.0, 0.0) vslam=(3.42, -4.37, -3.26) error=6.524m max_error=10.198m (n=650)
[INFO] [1788526466.620350287] [vslam_compare]: gt=(-0.15, 0.01, -0.0) vslam=(3.42, -4.37, -3.26) error=6.518m max_error=10.198m (n=651)
[INFO] [1788526467.620568714] [vslam_compare]: gt=(-0.15, 0.01, -0.0) vslam=(3.42, -4.37, -3.26) error=6.523m max_error=10.198m (n=652)
[INFO] [1788526468.620813350] [vslam_compare]: gt=(-0.13, 0.01, 0.01) vslam=(3.42, -4.37, -3.26) error=6.514m max_error=10.198m (n=653)
[INFO] [1788526469.620299583] [vslam_compare]: gt=(-0.13, 0.03, 0.02) vslam=(3.42, -4.37, -3.26) error=6.531m max_error=10.198m (n=654)
[INFO] [1788526470.620593300] [vslam_compare]: gt=(-0.13, 0.03, 0.02) vslam=(3.42, -4.37, -3.26) error=6.533m max_error=10.198m (n=655)
[INFO] [1788526471.620381681] [vslam_compare]: gt=(-0.14, 0.02, 0.01) vslam=(3.42, -4.37, -3.26) error=6.531m max_error=10.198m (n=656)
[INFO] [1788526472.620583767] [vslam_compare]: gt=(-0.14, 0.02, -0.0) vslam=(3.42, -4.37, -3.26) error=6.520m max_error=10.198m (n=657)
[INFO] [1788526473.620665349] [vslam_compare]: gt=(-0.14, 0.01, 0.0) vslam=(3.42, -4.37, -3.26) error=6.515m max_error=10.198m (n=658)
[INFO] [1788526474.620469908] [vslam_compare]: gt=(-0.13, 0.02, 0.01) vslam=(3.42, -4.37, -3.26) error=6.522m max_error=10.198m (n=659)
[INFO] [1788526475.620621778] [vslam_compare]: gt=(-0.12, 0.03, 0.02) vslam=(3.42, -4.37, -3.26) error=6.526m max_error=10.198m (n=660)
[INFO] [1788526476.620226245] [vslam_compare]: gt=(-0.12, 0.04, 0.04) vslam=(3.42, -4.37, -3.26) error=6.542m max_error=10.198m (n=661)
[INFO] [1788526477.620597970] [vslam_compare]: gt=(-0.13, 0.05, 0.04) vslam=(3.42, -4.37, -3.26) error=6.560m max_error=10.198m (n=662)
[INFO] [1788526478.620492802] [vslam_compare]: gt=(-0.14, 0.06, 0.03) vslam=(3.42, -4.37, -3.26) error=6.566m max_error=10.198m (n=663)
[INFO] [1788526479.620598442] [vslam_compare]: gt=(-0.14, 0.06, 0.03) vslam=(3.42, -4.37, -3.26) error=6.560m max_error=10.198m (n=664)
[INFO] [1788526480.620233540] [vslam_compare]: gt=(-0.12, 0.04, 0.03) vslam=(3.42, -4.37, -3.26) error=6.541m max_error=10.198m (n=665)
[INFO] [1788526481.620237238] [vslam_compare]: gt=(-0.13, 0.03, 0.03) vslam=(3.42, -4.37, -3.26) error=6.535m max_error=10.198m (n=666)
[INFO] [1788526482.620229374] [vslam_compare]: gt=(-0.15, 0.02, 0.02) vslam=(3.42, -4.37, -3.26) error=6.539m max_error=10.198m (n=667)
[INFO] [1788526483.620425214] [vslam_compare]: gt=(-0.16, 0.02, 0.02) vslam=(3.42, -4.37, -3.26) error=6.540m max_error=10.198m (n=668)
[INFO] [1788526484.620339292] [vslam_compare]: gt=(-0.14, 0.01, 0.02) vslam=(3.42, -4.37, -3.27) error=6.528m max_error=10.198m (n=669)
[INFO] [1788526485.620288903] [vslam_compare]: gt=(-0.12, 0.01, 0.01) vslam=(3.42, -4.37, -3.27) error=6.514m max_error=10.198m (n=670)
[INFO] [1788526486.620403006] [vslam_compare]: gt=(-0.13, 0.01, -0.01) vslam=(3.42, -4.37, -3.27) error=6.515m max_error=10.198m (n=671)
[INFO] [1788526487.620660092] [vslam_compare]: gt=(-0.14, 0.02, -0.02) vslam=(3.42, -4.37, -3.27) error=6.520m max_error=10.198m (n=672)
[INFO] [1788526488.620413683] [vslam_compare]: gt=(-0.15, 0.03, -0.02) vslam=(3.42, -4.37, -3.27) error=6.532m max_error=10.198m (n=673)
[INFO] [1788526489.620294568] [vslam_compare]: gt=(-0.15, 0.04, -0.01) vslam=(3.42, -4.37, -3.27) error=6.540m max_error=10.198m (n=674)
[INFO] [1788526490.620368407] [vslam_compare]: gt=(-0.15, 0.03, -0.01) vslam=(3.42, -4.37, -3.27) error=6.539m max_error=10.198m (n=675)
[INFO] [1788526491.620220794] [vslam_compare]: gt=(-0.14, 0.03, -0.01) vslam=(3.42, -4.37, -3.27) error=6.532m max_error=10.198m (n=676)
[INFO] [1788526492.620284749] [vslam_compare]: gt=(-0.14, 0.02, -0.0) vslam=(3.42, -4.37, -3.27) error=6.525m max_error=10.198m (n=677)
[INFO] [1788526493.620368809] [vslam_compare]: gt=(-0.14, 0.02, 0.02) vslam=(3.42, -4.37, -3.27) error=6.535m max_error=10.198m (n=678)
[INFO] [1788526494.620658546] [vslam_compare]: gt=(-0.14, 0.01, 0.03) vslam=(3.42, -4.37, -3.27) error=6.538m max_error=10.198m (n=679)
[INFO] [1788526495.620585429] [vslam_compare]: gt=(-0.13, -0.0, 0.02) vslam=(3.42, -4.37, -3.27) error=6.518m max_error=10.198m (n=680)
[INFO] [1788526496.620243521] [vslam_compare]: gt=(-0.14, -0.0, 0.01) vslam=(3.42, -4.37, -3.27) error=6.519m max_error=10.198m (n=681)
[INFO] [1788526497.620245135] [vslam_compare]: gt=(-0.14, 0.01, 0.0) vslam=(3.42, -4.37, -3.27) error=6.526m max_error=10.198m (n=682)
[INFO] [1788526498.620580133] [vslam_compare]: gt=(-0.12, 0.02, 0.01) vslam=(3.42, -4.37, -3.27) error=6.524m max_error=10.198m (n=683)
[INFO] [1788526499.620216966] [vslam_compare]: gt=(-0.11, 0.03, 0.02) vslam=(3.42, -4.37, -3.27) error=6.525m max_error=10.198m (n=684)
[INFO] [1788526500.620431574] [vslam_compare]: gt=(-0.1, 0.03, 0.02) vslam=(3.42, -4.37, -3.27) error=6.521m max_error=10.198m (n=685)
[INFO] [1788526501.620734872] [vslam_compare]: gt=(-0.1, 0.03, 0.02) vslam=(3.42, -4.37, -3.27) error=6.522m max_error=10.198m (n=686)
[INFO] [1788526502.620595718] [vslam_compare]: gt=(-0.11, 0.0, 0.03) vslam=(3.42, -4.37, -3.27) error=6.510m max_error=10.198m (n=687)
[INFO] [1788526503.620238467] [vslam_compare]: gt=(-0.11, -0.01, 0.04) vslam=(3.42, -4.37, -3.27) error=6.508m max_error=10.198m (n=688)
[INFO] [1788526504.620569314] [vslam_compare]: gt=(-0.11, -0.01, 0.03) vslam=(3.42, -4.37, -3.27) error=6.510m max_error=10.198m (n=689)
[INFO] [1788526505.620416713] [vslam_compare]: gt=(-0.11, -0.01, 0.02) vslam=(3.42, -4.37, -3.27) error=6.504m max_error=10.198m (n=690)
[INFO] [1788526506.620663016] [vslam_compare]: gt=(-0.14, 0.0, 0.03) vslam=(3.42, -4.37, -3.27) error=6.528m max_error=10.198m (n=691)
[INFO] [1788526507.620595614] [vslam_compare]: gt=(-0.14, 0.01, 0.02) vslam=(3.42, -4.37, -3.27) error=6.533m max_error=10.198m (n=692)
[INFO] [1788526508.620437730] [vslam_compare]: gt=(-0.14, 0.02, 0.01) vslam=(3.42, -4.37, -3.27) error=6.536m max_error=10.198m (n=693)
[INFO] [1788526509.620538460] [vslam_compare]: gt=(-0.13, 0.03, -0.01) vslam=(3.42, -4.37, -3.27) error=6.529m max_error=10.198m (n=694)
[INFO] [1788526510.620506670] [vslam_compare]: gt=(-0.14, 0.03, -0.01) vslam=(3.42, -4.37, -3.27) error=6.530m max_error=10.198m (n=695)
[INFO] [1788526511.620469085] [vslam_compare]: gt=(-0.15, 0.03, -0.0) vslam=(3.42, -4.37, -3.27) error=6.540m max_error=10.198m (n=696)
[INFO] [1788526512.620233057] [vslam_compare]: gt=(-0.14, 0.03, -0.0) vslam=(3.42, -4.37, -3.27) error=6.533m max_error=10.198m (n=697)
[INFO] [1788526513.620519262] [vslam_compare]: gt=(-0.14, 0.03, -0.0) vslam=(3.42, -4.37, -3.27) error=6.532m max_error=10.198m (n=698)
[INFO] [1788526514.620314973] [vslam_compare]: gt=(-0.14, 0.03, 0.01) vslam=(3.42, -4.37, -3.27) error=6.537m max_error=10.198m (n=699)
[INFO] [1788526515.620452953] [vslam_compare]: gt=(-0.14, 0.03, 0.01) vslam=(3.42, -4.37, -3.27) error=6.536m max_error=10.198m (n=700)
[INFO] [1788526516.620453733] [vslam_compare]: gt=(-0.13, 0.01, 0.01) vslam=(3.42, -4.37, -3.27) error=6.520m max_error=10.198m (n=701)
[INFO] [1788526517.620385801] [vslam_compare]: gt=(-0.11, 0.01, 0.01) vslam=(3.42, -4.37, -3.27) error=6.503m max_error=10.198m (n=702)
[INFO] [1788526518.620482338] [vslam_compare]: gt=(-0.11, 0.02, -0.0) vslam=(3.42, -4.37, -3.27) error=6.511m max_error=10.198m (n=703)
[INFO] [1788526519.620470830] [vslam_compare]: gt=(-0.11, 0.03, -0.01) vslam=(3.42, -4.37, -3.27) error=6.518m max_error=10.198m (n=704)
[INFO] [1788526520.620843377] [vslam_compare]: gt=(-0.12, 0.03, -0.02) vslam=(3.42, -4.37, -3.27) error=6.516m max_error=10.198m (n=705)
[INFO] [1788526521.620308248] [vslam_compare]: gt=(-0.12, 0.03, -0.02) vslam=(3.42, -4.37, -3.27) error=6.516m max_error=10.198m (n=706)
[INFO] [1788526522.620315076] [vslam_compare]: gt=(-0.11, 0.03, -0.02) vslam=(3.42, -4.37, -3.27) error=6.506m max_error=10.198m (n=707)
[INFO] [1788526523.620578223] [vslam_compare]: gt=(-0.13, 0.01, -0.02) vslam=(3.42, -4.37, -3.27) error=6.504m max_error=10.198m (n=708)
[INFO] [1788526524.620495394] [vslam_compare]: gt=(-0.13, -0.0, -0.01) vslam=(3.42, -4.37, -3.27) error=6.504m max_error=10.198m (n=709)
[INFO] [1788526525.620481405] [vslam_compare]: gt=(-0.13, -0.0, 0.0) vslam=(3.42, -4.37, -3.27) error=6.511m max_error=10.198m (n=710)
[INFO] [1788526526.620736329] [vslam_compare]: gt=(-0.13, 0.0, 0.01) vslam=(3.42, -4.37, -3.27) error=6.514m max_error=10.198m (n=711)
[INFO] [1788526527.620334360] [vslam_compare]: gt=(-0.11, -0.0, 0.01) vslam=(3.42, -4.37, -3.27) error=6.499m max_error=10.198m (n=712)
[INFO] [1788526528.620586987] [vslam_compare]: gt=(-0.1, 0.02, 0.01) vslam=(3.42, -4.37, -3.27) error=6.510m max_error=10.198m (n=713)
[INFO] [1788526529.620335684] [vslam_compare]: gt=(-0.11, 0.04, 0.01) vslam=(3.42, -4.37, -3.27) error=6.525m max_error=10.198m (n=714)
[INFO] [1788526530.620556890] [vslam_compare]: gt=(-0.12, 0.05, 0.03) vslam=(3.42, -4.37, -3.27) error=6.547m max_error=10.198m (n=715)
[INFO] [1788526531.620613514] [vslam_compare]: gt=(-0.11, 0.05, 0.02) vslam=(3.42, -4.37, -3.27) error=6.546m max_error=10.198m (n=716)
[INFO] [1788526532.620583561] [vslam_compare]: gt=(-0.11, 0.06, 0.02) vslam=(3.42, -4.37, -3.27) error=6.546m max_error=10.198m (n=717)
[INFO] [1788526533.620580301] [vslam_compare]: gt=(-0.11, 0.05, 0.03) vslam=(3.42, -4.37, -3.27) error=6.552m max_error=10.198m (n=718)
[INFO] [1788526534.620990359] [vslam_compare]: gt=(-0.11, 0.05, 0.03) vslam=(3.42, -4.37, -3.27) error=6.545m max_error=10.198m (n=719)
[INFO] [1788526535.620538534] [vslam_compare]: gt=(-0.12, 0.05, 0.04) vslam=(3.42, -4.37, -3.27) error=6.551m max_error=10.198m (n=720)
[INFO] [1788526536.620315837] [vslam_compare]: gt=(-0.12, 0.04, 0.04) vslam=(3.42, -4.37, -3.27) error=6.549m max_error=10.198m (n=721)
[INFO] [1788526537.620330020] [vslam_compare]: gt=(-0.11, 0.04, 0.03) vslam=(3.42, -4.37, -3.27) error=6.541m max_error=10.198m (n=722)
[INFO] [1788526538.620459000] [vslam_compare]: gt=(-0.12, 0.03, 0.03) vslam=(3.42, -4.37, -3.27) error=6.541m max_error=10.198m (n=723)
[INFO] [1788526539.620920377] [vslam_compare]: gt=(-0.12, 0.04, 0.03) vslam=(3.42, -4.37, -3.27) error=6.545m max_error=10.198m (n=724)
[INFO] [1788526540.620334578] [vslam_compare]: gt=(-0.13, 0.05, 0.04) vslam=(3.42, -4.37, -3.27) error=6.559m max_error=10.198m (n=725)
[INFO] [1788526541.620408563] [vslam_compare]: gt=(-0.12, 0.05, 0.03) vslam=(3.42, -4.37, -3.27) error=6.553m max_error=10.198m (n=726)
[INFO] [1788526542.620660429] [vslam_compare]: gt=(-0.13, 0.04, 0.01) vslam=(3.42, -4.37, -3.27) error=6.540m max_error=10.198m (n=727)
[INFO] [1788526543.620344397] [vslam_compare]: gt=(-0.14, 0.03, 0.0) vslam=(3.42, -4.37, -3.27) error=6.536m max_error=10.198m (n=728)
[INFO] [1788526544.620366713] [vslam_compare]: gt=(-0.13, 0.04, -0.0) vslam=(3.42, -4.37, -3.27) error=6.533m max_error=10.198m (n=729)
[INFO] [1788526545.620824758] [vslam_compare]: gt=(-0.13, 0.03, -0.01) vslam=(3.42, -4.37, -3.27) error=6.522m max_error=10.198m (n=730)
[INFO] [1788526546.620882104] [vslam_compare]: gt=(-0.12, 0.02, -0.02) vslam=(3.42, -4.37, -3.27) error=6.509m max_error=10.198m (n=731)
[INFO] [1788526547.620656537] [vslam_compare]: gt=(-0.12, 0.03, -0.03) vslam=(3.42, -4.37, -3.27) error=6.509m max_error=10.198m (n=732)
[INFO] [1788526548.620430020] [vslam_compare]: gt=(-0.13, 0.03, -0.03) vslam=(3.42, -4.37, -3.27) error=6.511m max_error=10.198m (n=733)
[INFO] [1788526549.620861173] [vslam_compare]: gt=(-0.14, 0.02, -0.03) vslam=(3.42, -4.37, -3.27) error=6.511m max_error=10.198m (n=734)
[INFO] [1788526550.620403862] [vslam_compare]: gt=(-0.12, 0.02, -0.03) vslam=(3.42, -4.37, -3.27) error=6.508m max_error=10.198m (n=735)
[INFO] [1788526551.620584114] [vslam_compare]: gt=(-0.12, 0.03, -0.02) vslam=(3.42, -4.37, -3.27) error=6.507m max_error=10.198m (n=736)
[INFO] [1788526552.620505578] [vslam_compare]: gt=(-0.12, 0.02, -0.01) vslam=(3.42, -4.37, -3.27) error=6.509m max_error=10.198m (n=737)
[INFO] [1788526553.620350752] [vslam_compare]: gt=(-0.13, 0.02, -0.01) vslam=(3.42, -4.37, -3.27) error=6.516m max_error=10.198m (n=738)
[INFO] [1788526554.620535927] [vslam_compare]: gt=(-0.14, 0.02, -0.01) vslam=(3.42, -4.37, -3.27) error=6.522m max_error=10.198m (n=739)
[INFO] [1788526555.620714652] [vslam_compare]: gt=(-0.14, 0.03, 0.0) vslam=(3.42, -4.37, -3.27) error=6.537m max_error=10.198m (n=740)
[INFO] [1788526556.620414450] [vslam_compare]: gt=(-0.15, 0.02, 0.01) vslam=(3.42, -4.37, -3.27) error=6.535m max_error=10.198m (n=741)
[INFO] [1788526557.620288032] [vslam_compare]: gt=(-0.15, -0.0, 0.02) vslam=(3.42, -4.37, -3.27) error=6.523m max_error=10.198m (n=742)
[INFO] [1788526558.620666720] [vslam_compare]: gt=(-0.14, -0.01, 0.01) vslam=(3.42, -4.37, -3.27) error=6.514m max_error=10.198m (n=743)
[INFO] [1788526559.620227744] [vslam_compare]: gt=(-0.12, 0.0, 0.02) vslam=(3.42, -4.37, -3.27) error=6.515m max_error=10.198m (n=744)
[INFO] [1788526560.620412305] [vslam_compare]: gt=(-0.12, -0.0, 0.01) vslam=(3.42, -4.37, -3.27) error=6.512m max_error=10.198m (n=745)
[INFO] [1788526561.620418385] [vslam_compare]: gt=(-0.13, 0.0, 0.02) vslam=(3.42, -4.37, -3.27) error=6.518m max_error=10.198m (n=746)
[INFO] [1788526562.620391305] [vslam_compare]: gt=(-0.13, -0.01, 0.02) vslam=(3.42, -4.37, -3.27) error=6.512m max_error=10.198m (n=747)
[INFO] [1788526563.620614739] [vslam_compare]: gt=(-0.13, 0.01, 0.02) vslam=(3.42, -4.37, -3.27) error=6.522m max_error=10.198m (n=748)
[INFO] [1788526564.620241840] [vslam_compare]: gt=(-0.13, 0.01, 0.01) vslam=(3.42, -4.37, -3.27) error=6.522m max_error=10.198m (n=749)
[INFO] [1788526565.620422095] [vslam_compare]: gt=(-0.13, 0.03, 0.01) vslam=(3.42, -4.37, -3.27) error=6.533m max_error=10.198m (n=750)
[INFO] [1788526566.620619192] [vslam_compare]: gt=(-0.13, 0.03, 0.01) vslam=(3.42, -4.37, -3.27) error=6.539m max_error=10.198m (n=751)
[INFO] [1788526567.620465140] [vslam_compare]: gt=(-0.13, 0.03, 0.0) vslam=(3.42, -4.37, -3.27) error=6.533m max_error=10.198m (n=752)
[INFO] [1788526568.620252779] [vslam_compare]: gt=(-0.13, 0.02, -0.01) vslam=(3.42, -4.37, -3.27) error=6.518m max_error=10.198m (n=753)
[INFO] [1788526569.620505520] [vslam_compare]: gt=(-0.12, 0.02, -0.01) vslam=(3.42, -4.37, -3.27) error=6.513m max_error=10.198m (n=754)
[INFO] [1788526570.620297106] [vslam_compare]: gt=(-0.13, 0.02, -0.0) vslam=(3.42, -4.37, -3.27) error=6.521m max_error=10.198m (n=755)
[INFO] [1788526571.620388478] [vslam_compare]: gt=(-0.13, 0.02, -0.01) vslam=(3.42, -4.37, -3.27) error=6.519m max_error=10.198m (n=756)
[INFO] [1788526572.620301670] [vslam_compare]: gt=(-0.14, 0.01, -0.02) vslam=(3.42, -4.37, -3.27) error=6.511m max_error=10.198m (n=757)
[INFO] [1788526573.620469242] [vslam_compare]: gt=(-0.14, -0.0, -0.02) vslam=(3.42, -4.37, -3.27) error=6.505m max_error=10.198m (n=758)
[INFO] [1788526574.620396830] [vslam_compare]: gt=(-0.14, -0.01, -0.02) vslam=(3.42, -4.37, -3.27) error=6.496m max_error=10.198m (n=759)
[INFO] [1788526575.620444090] [vslam_compare]: gt=(-0.13, -0.0, -0.03) vslam=(3.42, -4.37, -3.27) error=6.493m max_error=10.198m (n=760)
[INFO] [1788526576.620393347] [vslam_compare]: gt=(-0.13, 0.01, -0.04) vslam=(3.42, -4.37, -3.27) error=6.494m max_error=10.198m (n=761)
[INFO] [1788526577.620287141] [vslam_compare]: gt=(-0.13, 0.02, -0.03) vslam=(3.42, -4.37, -3.27) error=6.505m max_error=10.198m (n=762)
[INFO] [1788526578.620344067] [vslam_compare]: gt=(-0.15, 0.03, -0.02) vslam=(3.42, -4.37, -3.27) error=6.531m max_error=10.198m (n=763)
[INFO] [1788526579.620220958] [vslam_compare]: gt=(-0.15, 0.04, -0.02) vslam=(3.42, -4.37, -3.27) error=6.535m max_error=10.198m (n=764)
[INFO] [1788526580.620426218] [vslam_compare]: gt=(-0.15, 0.01, -0.02) vslam=(3.42, -4.37, -3.27) error=6.520m max_error=10.198m (n=765)
[INFO] [1788526581.620228910] [vslam_compare]: gt=(-0.14, 0.01, -0.02) vslam=(3.42, -4.37, -3.27) error=6.506m max_error=10.198m (n=766)
[INFO] [1788526582.620379576] [vslam_compare]: gt=(-0.13, 0.02, -0.02) vslam=(3.42, -4.37, -3.27) error=6.512m max_error=10.198m (n=767)
[INFO] [1788526583.620242108] [vslam_compare]: gt=(-0.13, 0.03, -0.01) vslam=(3.42, -4.37, -3.27) error=6.523m max_error=10.198m (n=768)
[INFO] [1788526584.620491896] [vslam_compare]: gt=(-0.13, 0.03, 0.01) vslam=(3.42, -4.37, -3.27) error=6.533m max_error=10.198m (n=769)
[INFO] [1788526585.620287021] [vslam_compare]: gt=(-0.11, 0.03, 0.02) vslam=(3.42, -4.37, -3.27) error=6.528m max_error=10.198m (n=770)
[INFO] [1788526586.620227614] [vslam_compare]: gt=(-0.12, 0.01, 0.0) vslam=(3.42, -4.37, -3.27) error=6.512m max_error=10.198m (n=771)
[INFO] [1788526587.620413740] [vslam_compare]: gt=(-0.12, 0.01, -0.01) vslam=(3.42, -4.37, -3.27) error=6.506m max_error=10.198m (n=772)
[INFO] [1788526588.620810055] [vslam_compare]: gt=(-0.14, 0.0, -0.01) vslam=(3.42, -4.37, -3.27) error=6.512m max_error=10.198m (n=773)
[INFO] [1788526589.620496112] [vslam_compare]: gt=(-0.14, -0.01, -0.01) vslam=(3.42, -4.37, -3.27) error=6.501m max_error=10.198m (n=774)
[INFO] [1788526590.620427032] [vslam_compare]: gt=(-0.14, -0.02, -0.03) vslam=(3.42, -4.37, -3.27) error=6.485m max_error=10.198m (n=775)
[INFO] [1788526591.620465850] [vslam_compare]: gt=(-0.14, -0.01, -0.04) vslam=(3.42, -4.37, -3.27) error=6.488m max_error=10.198m (n=776)
[INFO] [1788526592.620227724] [vslam_compare]: gt=(-0.15, -0.01, -0.03) vslam=(3.42, -4.37, -3.27) error=6.502m max_error=10.198m (n=777)
[INFO] [1788526593.620229309] [vslam_compare]: gt=(-0.16, 0.01, -0.03) vslam=(3.42, -4.37, -3.27) error=6.516m max_error=10.198m (n=778)
[INFO] [1788526594.620557218] [vslam_compare]: gt=(-0.16, 0.01, -0.02) vslam=(3.42, -4.37, -3.27) error=6.522m max_error=10.198m (n=779)
[INFO] [1788526595.620571925] [vslam_compare]: gt=(-0.15, 0.02, -0.01) vslam=(3.42, -4.37, -3.27) error=6.526m max_error=10.198m (n=780)
[INFO] [1788526596.620399723] [vslam_compare]: gt=(-0.14, 0.03, 0.0) vslam=(3.42, -4.37, -3.27) error=6.539m max_error=10.198m (n=781)
[INFO] [1788526597.620315432] [vslam_compare]: gt=(-0.14, 0.04, 0.01) vslam=(3.42, -4.37, -3.27) error=6.546m max_error=10.198m (n=782)
[INFO] [1788526598.620321537] [vslam_compare]: gt=(-0.13, 0.02, 0.01) vslam=(3.42, -4.37, -3.27) error=6.530m max_error=10.198m (n=783)
[INFO] [1788526599.620388262] [vslam_compare]: gt=(-0.11, 0.01, 0.01) vslam=(3.42, -4.37, -3.27) error=6.511m max_error=10.198m (n=784)
[INFO] [1788526600.620360239] [vslam_compare]: gt=(-0.11, 0.0, -0.0) vslam=(3.42, -4.37, -3.27) error=6.497m max_error=10.198m (n=785)
[INFO] [1788526601.620288503] [vslam_compare]: gt=(-0.1, 0.01, -0.01) vslam=(3.42, -4.37, -3.27) error=6.492m max_error=10.198m (n=786)
[INFO] [1788526602.620619260] [vslam_compare]: gt=(-0.1, 0.01, -0.02) vslam=(3.42, -4.37, -3.27) error=6.490m max_error=10.198m (n=787)
[INFO] [1788526603.620553140] [vslam_compare]: gt=(-0.11, 0.0, -0.02) vslam=(3.42, -4.37, -3.27) error=6.487m max_error=10.198m (n=788)
[INFO] [1788526604.620224281] [vslam_compare]: gt=(-0.12, 0.01, -0.03) vslam=(3.42, -4.37, -3.27) error=6.496m max_error=10.198m (n=789)
[INFO] [1788526605.620254784] [vslam_compare]: gt=(-0.13, -0.01, -0.02) vslam=(3.42, -4.37, -3.27) error=6.497m max_error=10.198m (n=790)
[INFO] [1788526606.620219413] [vslam_compare]: gt=(-0.14, -0.01, -0.01) vslam=(3.42, -4.37, -3.27) error=6.498m max_error=10.198m (n=791)
[INFO] [1788526607.620581927] [vslam_compare]: gt=(-0.14, -0.01, -0.01) vslam=(3.42, -4.37, -3.27) error=6.502m max_error=10.198m (n=792)
[INFO] [1788526608.620289895] [vslam_compare]: gt=(-0.12, 0.01, -0.01) vslam=(3.42, -4.37, -3.27) error=6.509m max_error=10.198m (n=793)
[INFO] [1788526609.620244878] [vslam_compare]: gt=(-0.11, 0.02, -0.0) vslam=(3.42, -4.37, -3.27) error=6.509m max_error=10.198m (n=794)
[INFO] [1788526610.620457826] [vslam_compare]: gt=(-0.11, 0.03, 0.0) vslam=(3.42, -4.37, -3.27) error=6.519m max_error=10.198m (n=795)
[INFO] [1788526611.620431739] [vslam_compare]: gt=(-0.11, 0.02, 0.01) vslam=(3.42, -4.37, -3.27) error=6.517m max_error=10.198m (n=796)
[INFO] [1788526612.620387815] [vslam_compare]: gt=(-0.12, 0.0, 0.01) vslam=(3.42, -4.37, -3.27) error=6.512m max_error=10.198m (n=797)
[INFO] [1788526613.621067369] [vslam_compare]: gt=(-0.12, -0.01, 0.02) vslam=(3.42, -4.37, -3.27) error=6.509m max_error=10.198m (n=798)
[INFO] [1788526614.620779588] [vslam_compare]: gt=(-0.13, -0.01, 0.03) vslam=(3.42, -4.37, -3.27) error=6.519m max_error=10.198m (n=799)
[INFO] [1788526615.620318823] [vslam_compare]: gt=(-0.15, 0.01, 0.02) vslam=(3.42, -4.37, -3.27) error=6.532m max_error=10.198m (n=800)
[INFO] [1788526616.620395770] [vslam_compare]: gt=(-0.14, 0.01, 0.02) vslam=(3.42, -4.37, -3.27) error=6.529m max_error=10.198m (n=801)
[INFO] [1788526617.620425948] [vslam_compare]: gt=(-0.13, 0.0, 0.01) vslam=(3.42, -4.37, -3.27) error=6.516m max_error=10.198m (n=802)
[INFO] [1788526618.620381534] [vslam_compare]: gt=(-0.14, 0.0, 0.01) vslam=(3.42, -4.37, -3.27) error=6.519m max_error=10.198m (n=803)
[INFO] [1788526619.620411455] [vslam_compare]: gt=(-0.14, -0.0, 0.01) vslam=(3.42, -4.37, -3.27) error=6.513m max_error=10.198m (n=804)
[INFO] [1788526620.620663874] [vslam_compare]: gt=(-0.15, -0.02, 0.01) vslam=(3.42, -4.37, -3.27) error=6.508m max_error=10.198m (n=805)
[INFO] [1788526621.620469051] [vslam_compare]: gt=(-0.14, -0.01, 0.01) vslam=(3.42, -4.37, -3.27) error=6.515m max_error=10.198m (n=806)
[INFO] [1788526622.620282710] [vslam_compare]: gt=(-0.14, 0.02, 0.02) vslam=(3.42, -4.37, -3.27) error=6.536m max_error=10.198m (n=807)
[INFO] [1788526623.620264507] [vslam_compare]: gt=(-0.14, 0.03, 0.02) vslam=(3.42, -4.37, -3.27) error=6.546m max_error=10.198m (n=808)
[INFO] [1788526624.620235139] [vslam_compare]: gt=(-0.13, 0.03, 0.03) vslam=(3.42, -4.37, -3.27) error=6.540m max_error=10.198m (n=809)
[INFO] [1788526625.620514389] [vslam_compare]: gt=(-0.12, 0.03, 0.02) vslam=(3.42, -4.37, -3.27) error=6.530m max_error=10.198m (n=810)
[INFO] [1788526626.620238026] [vslam_compare]: gt=(-0.13, 0.03, 0.01) vslam=(3.42, -4.37, -3.27) error=6.533m max_error=10.198m (n=811)
[INFO] [1788526627.620221932] [vslam_compare]: gt=(-0.13, 0.02, 0.01) vslam=(3.42, -4.37, -3.27) error=6.530m max_error=10.198m (n=812)
[INFO] [1788526628.620415341] [vslam_compare]: gt=(-0.12, 0.01, 0.02) vslam=(3.42, -4.37, -3.27) error=6.522m max_error=10.198m (n=813)
[INFO] [1788526629.620468677] [vslam_compare]: gt=(-0.11, 0.01, 0.02) vslam=(3.42, -4.37, -3.27) error=6.522m max_error=10.198m (n=814)
[INFO] [1788526630.620523341] [vslam_compare]: gt=(-0.11, 0.02, 0.02) vslam=(3.42, -4.37, -3.27) error=6.523m max_error=10.198m (n=815)
[INFO] [1788526631.620410812] [vslam_compare]: gt=(-0.11, 0.02, 0.01) vslam=(3.42, -4.37, -3.27) error=6.519m max_error=10.198m (n=816)
[INFO] [1788526632.620690053] [vslam_compare]: gt=(-0.11, 0.03, 0.01) vslam=(3.42, -4.37, -3.27) error=6.520m max_error=10.198m (n=817)
[INFO] [1788526633.620641754] [vslam_compare]: gt=(-0.11, 0.04, 0.01) vslam=(3.42, -4.37, -3.27) error=6.531m max_error=10.198m (n=818)
[INFO] [1788526634.620290859] [vslam_compare]: gt=(-0.12, 0.04, 0.01) vslam=(3.42, -4.37, -3.27) error=6.532m max_error=10.198m (n=819)
[INFO] [1788526635.620483488] [vslam_compare]: gt=(-0.13, 0.02, 0.02) vslam=(3.42, -4.37, -3.27) error=6.530m max_error=10.198m (n=820)
[INFO] [1788526636.620335300] [vslam_compare]: gt=(-0.14, 0.01, 0.01) vslam=(3.42, -4.37, -3.27) error=6.522m max_error=10.198m (n=821)
[INFO] [1788526637.620558235] [vslam_compare]: gt=(-0.13, 0.01, 0.0) vslam=(3.42, -4.37, -3.27) error=6.517m max_error=10.198m (n=822)
[INFO] [1788526638.620782919] [vslam_compare]: gt=(-0.11, 0.02, 0.01) vslam=(3.42, -4.37, -3.27) error=6.517m max_error=10.198m (n=823)
[INFO] [1788526639.620598580] [vslam_compare]: gt=(-0.11, 0.02, 0.02) vslam=(3.42, -4.37, -3.27) error=6.518m max_error=10.198m (n=824)
[INFO] [1788526640.620307158] [vslam_compare]: gt=(-0.1, 0.02, 0.02) vslam=(3.42, -4.37, -3.27) error=6.513m max_error=10.198m (n=825)
[INFO] [1788526641.620489840] [vslam_compare]: gt=(-0.11, 0.02, 0.01) vslam=(3.42, -4.37, -3.27) error=6.521m max_error=10.198m (n=826)
[INFO] [1788526642.620344229] [vslam_compare]: gt=(-0.14, 0.04, 0.0) vslam=(3.42, -4.37, -3.27) error=6.538m max_error=10.198m (n=827)
[INFO] [1788526643.620385649] [vslam_compare]: gt=(-0.15, 0.04, -0.01) vslam=(3.42, -4.37, -3.27) error=6.546m max_error=10.198m (n=828)
[INFO] [1788526644.620463842] [vslam_compare]: gt=(-0.15, 0.05, -0.01) vslam=(3.42, -4.37, -3.27) error=6.551m max_error=10.198m (n=829)
[INFO] [1788526645.620536140] [vslam_compare]: gt=(-0.13, 0.05, -0.02) vslam=(3.42, -4.37, -3.27) error=6.534m max_error=10.198m (n=830)
[INFO] [1788526646.620265186] [vslam_compare]: gt=(-0.12, 0.04, -0.01) vslam=(3.42, -4.37, -3.27) error=6.521m max_error=10.198m (n=831)
[INFO] [1788526647.620299322] [vslam_compare]: gt=(-0.11, 0.03, -0.02) vslam=(3.42, -4.37, -3.27) error=6.507m max_error=10.198m (n=832)
[INFO] [1788526648.620520911] [vslam_compare]: gt=(-0.11, 0.04, -0.02) vslam=(3.42, -4.37, -3.27) error=6.513m max_error=10.198m (n=833)
[INFO] [1788526649.620705997] [vslam_compare]: gt=(-0.12, 0.04, -0.02) vslam=(3.42, -4.37, -3.27) error=6.519m max_error=10.198m (n=834)
[INFO] [1788526650.620505462] [vslam_compare]: gt=(-0.12, 0.03, -0.01) vslam=(3.42, -4.37, -3.27) error=6.518m max_error=10.198m (n=835)
[INFO] [1788526651.620527024] [vslam_compare]: gt=(-0.12, 0.02, 0.0) vslam=(3.42, -4.37, -3.27) error=6.511m max_error=10.198m (n=836)
[INFO] [1788526652.620489862] [vslam_compare]: gt=(-0.11, 0.02, 0.0) vslam=(3.42, -4.37, -3.27) error=6.514m max_error=10.198m (n=837)
[INFO] [1788526653.620405176] [vslam_compare]: gt=(-0.11, 0.03, -0.0) vslam=(3.42, -4.37, -3.27) error=6.514m max_error=10.198m (n=838)
[INFO] [1788526654.620467457] [vslam_compare]: gt=(-0.11, 0.03, -0.01) vslam=(3.42, -4.37, -3.27) error=6.512m max_error=10.198m (n=839)
[INFO] [1788526655.620631000] [vslam_compare]: gt=(-0.12, 0.03, -0.02) vslam=(3.42, -4.37, -3.27) error=6.515m max_error=10.198m (n=840)
[INFO] [1788526656.620299611] [vslam_compare]: gt=(-0.11, 0.02, -0.02) vslam=(3.42, -4.37, -3.27) error=6.505m max_error=10.198m (n=841)
[INFO] [1788526657.621205588] [vslam_compare]: gt=(-0.12, 0.02, -0.03) vslam=(3.42, -4.37, -3.27) error=6.500m max_error=10.198m (n=842)
[INFO] [1788526658.620386112] [vslam_compare]: gt=(-0.12, 0.03, -0.03) vslam=(3.42, -4.37, -3.27) error=6.508m max_error=10.198m (n=843)
[INFO] [1788526659.620317772] [vslam_compare]: gt=(-0.12, 0.03, -0.03) vslam=(3.42, -4.37, -3.27) error=6.509m max_error=10.198m (n=844)
[INFO] [1788526660.620426895] [vslam_compare]: gt=(-0.12, 0.02, -0.03) vslam=(3.42, -4.37, -3.27) error=6.503m max_error=10.198m (n=845)
[INFO] [1788526661.620606623] [vslam_compare]: gt=(-0.14, 0.04, -0.02) vslam=(3.42, -4.37, -3.27) error=6.522m max_error=10.198m (n=846)
[INFO] [1788526662.620394489] [vslam_compare]: gt=(-0.14, 0.03, -0.02) vslam=(3.42, -4.37, -3.27) error=6.524m max_error=10.198m (n=847)
[INFO] [1788526663.620739131] [vslam_compare]: gt=(-0.14, 0.03, -0.03) vslam=(3.42, -4.37, -3.27) error=6.519m max_error=10.198m (n=848)
[INFO] [1788526664.620828272] [vslam_compare]: gt=(-0.14, 0.04, -0.02) vslam=(3.42, -4.37, -3.27) error=6.528m max_error=10.198m (n=849)
[INFO] [1788526665.620377177] [vslam_compare]: gt=(-0.13, 0.03, -0.01) vslam=(3.42, -4.37, -3.27) error=6.527m max_error=10.198m (n=850)
[INFO] [1788526666.620786260] [vslam_compare]: gt=(-0.13, 0.04, -0.01) vslam=(3.42, -4.37, -3.27) error=6.529m max_error=10.198m (n=851)
[INFO] [1788526667.620475842] [vslam_compare]: gt=(-0.13, 0.05, -0.01) vslam=(3.42, -4.37, -3.27) error=6.535m max_error=10.198m (n=852)
[INFO] [1788526668.620927010] [vslam_compare]: gt=(-0.14, 0.04, 0.0) vslam=(3.42, -4.37, -3.27) error=6.544m max_error=10.198m (n=853)
[INFO] [1788526669.620422440] [vslam_compare]: gt=(-0.15, 0.05, 0.01) vslam=(3.42, -4.37, -3.27) error=6.554m max_error=10.198m (n=854)
[INFO] [1788526670.620454498] [vslam_compare]: gt=(-0.14, 0.06, -0.0) vslam=(3.42, -4.37, -3.27) error=6.550m max_error=10.198m (n=855)
[INFO] [1788526671.620491750] [vslam_compare]: gt=(-0.13, 0.04, -0.01) vslam=(3.42, -4.37, -3.27) error=6.529m max_error=10.198m (n=856)
[INFO] [1788526672.620423158] [vslam_compare]: gt=(-0.13, 0.0, -0.01) vslam=(3.42, -4.37, -3.27) error=6.504m max_error=10.198m (n=857)
[INFO] [1788526673.620414722] [vslam_compare]: gt=(-0.13, 0.0, -0.01) vslam=(3.42, -4.37, -3.27) error=6.507m max_error=10.198m (n=858)
[INFO] [1788526674.620431556] [vslam_compare]: gt=(-0.13, 0.02, -0.0) vslam=(3.42, -4.37, -3.27) error=6.517m max_error=10.198m (n=859)
[INFO] [1788526675.620833106] [vslam_compare]: gt=(-0.12, 0.04, -0.0) vslam=(3.42, -4.37, -3.27) error=6.530m max_error=10.198m (n=860)
[INFO] [1788526676.620489769] [vslam_compare]: gt=(-0.13, 0.04, -0.0) vslam=(3.42, -4.37, -3.27) error=6.532m max_error=10.198m (n=861)
[INFO] [1788526677.620502705] [vslam_compare]: gt=(-0.15, 0.02, -0.01) vslam=(3.42, -4.37, -3.27) error=6.532m max_error=10.198m (n=862)
[INFO] [1788526678.620553474] [vslam_compare]: gt=(-0.15, 0.02, -0.01) vslam=(3.42, -4.37, -3.27) error=6.527m max_error=10.198m (n=863)
[INFO] [1788526679.620470940] [vslam_compare]: gt=(-0.14, 0.01, -0.01) vslam=(3.42, -4.37, -3.27) error=6.518m max_error=10.198m (n=864)
[INFO] [1788526680.620265280] [vslam_compare]: gt=(-0.13, 0.01, 0.0) vslam=(3.42, -4.37, -3.27) error=6.513m max_error=10.198m (n=865)
[INFO] [1788526681.620420943] [vslam_compare]: gt=(-0.12, -0.01, 0.0) vslam=(3.42, -4.37, -3.27) error=6.498m max_error=10.198m (n=866)
[INFO] [1788526682.620515326] [vslam_compare]: gt=(-0.13, -0.03, 0.0) vslam=(3.42, -4.37, -3.27) error=6.493m max_error=10.198m (n=867)
[INFO] [1788526683.620397628] [vslam_compare]: gt=(-0.15, -0.03, 0.01) vslam=(3.42, -4.37, -3.27) error=6.504m max_error=10.198m (n=868)
[INFO] [1788526684.620403903] [vslam_compare]: gt=(-0.16, -0.02, 0.0) vslam=(3.42, -4.37, -3.27) error=6.510m max_error=10.198m (n=869)
[INFO] [1788526685.620572521] [vslam_compare]: gt=(-0.15, 0.0, 0.01) vslam=(3.42, -4.37, -3.27) error=6.527m max_error=10.198m (n=870)
[INFO] [1788526686.620336242] [vslam_compare]: gt=(-0.15, 0.01, 0.01) vslam=(3.42, -4.37, -3.27) error=6.528m max_error=10.198m (n=871)
[INFO] [1788526687.620526085] [vslam_compare]: gt=(-0.14, 0.01, -0.0) vslam=(3.42, -4.37, -3.27) error=6.520m max_error=10.198m (n=872)
[INFO] [1788526688.620464255] [vslam_compare]: gt=(-0.12, -0.0, -0.0) vslam=(3.42, -4.37, -3.27) error=6.500m max_error=10.198m (n=873)
[INFO] [1788526689.620389382] [vslam_compare]: gt=(-0.12, 0.0, -0.0) vslam=(3.42, -4.37, -3.27) error=6.502m max_error=10.198m (n=874)
[INFO] [1788526690.620519984] [vslam_compare]: gt=(-0.12, 0.0, 0.01) vslam=(3.42, -4.37, -3.27) error=6.511m max_error=10.198m (n=875)
[INFO] [1788526691.620603620] [vslam_compare]: gt=(-0.13, 0.02, 0.02) vslam=(3.42, -4.37, -3.27) error=6.530m max_error=10.198m (n=876)
[INFO] [1788526692.620327673] [vslam_compare]: gt=(-0.13, 0.02, 0.02) vslam=(3.42, -4.37, -3.27) error=6.534m max_error=10.198m (n=877)
[INFO] [1788526693.620305588] [vslam_compare]: gt=(-0.14, 0.02, 0.02) vslam=(3.42, -4.37, -3.27) error=6.539m max_error=10.198m (n=878)
[INFO] [1788526694.620248662] [vslam_compare]: gt=(-0.15, 0.02, 0.02) vslam=(3.42, -4.37, -3.27) error=6.542m max_error=10.198m (n=879)
[INFO] [1788526695.620419850] [vslam_compare]: gt=(-0.15, -0.01, 0.01) vslam=(3.42, -4.37, -3.27) error=6.517m max_error=10.198m (n=880)
[INFO] [1788526696.620363900] [vslam_compare]: gt=(-0.14, -0.02, 0.01) vslam=(3.42, -4.37, -3.27) error=6.509m max_error=10.198m (n=881)
[INFO] [1788526697.620508974] [vslam_compare]: gt=(-0.14, -0.0, 0.02) vslam=(3.42, -4.37, -3.27) error=6.519m max_error=10.198m (n=882)
[INFO] [1788526698.620316716] [vslam_compare]: gt=(-0.14, 0.0, 0.02) vslam=(3.42, -4.37, -3.27) error=6.527m max_error=10.198m (n=883)
[INFO] [1788526699.620454471] [vslam_compare]: gt=(-0.14, 0.0, 0.03) vslam=(3.42, -4.37, -3.27) error=6.529m max_error=10.198m (n=884)
[INFO] [1788526700.620858933] [vslam_compare]: gt=(-0.14, 0.01, 0.03) vslam=(3.42, -4.37, -3.27) error=6.533m max_error=10.198m (n=885)
[INFO] [1788526701.620293338] [vslam_compare]: gt=(-0.15, 0.02, 0.02) vslam=(3.42, -4.37, -3.27) error=6.545m max_error=10.198m (n=886)
[INFO] [1788526702.620585064] [vslam_compare]: gt=(-0.14, 0.02, 0.02) vslam=(3.42, -4.37, -3.27) error=6.538m max_error=10.198m (n=887)
[INFO] [1788526703.620472673] [vslam_compare]: gt=(-0.13, 0.03, 0.02) vslam=(3.42, -4.37, -3.27) error=6.533m max_error=10.198m (n=888)
[INFO] [1788526704.620522515] [vslam_compare]: gt=(-0.13, 0.03, 0.02) vslam=(3.42, -4.37, -3.27) error=6.538m max_error=10.198m (n=889)
[INFO] [1788526705.620790133] [vslam_compare]: gt=(-0.13, 0.02, 0.02) vslam=(3.42, -4.37, -3.27) error=6.531m max_error=10.198m (n=890)
[INFO] [1788526706.620375718] [vslam_compare]: gt=(-0.12, 0.03, 0.02) vslam=(3.42, -4.37, -3.27) error=6.533m max_error=10.198m (n=891)
[INFO] [1788526707.620541520] [vslam_compare]: gt=(-0.12, 0.03, 0.02) vslam=(3.42, -4.37, -3.27) error=6.537m max_error=10.198m (n=892)
[INFO] [1788526708.620714868] [vslam_compare]: gt=(-0.13, 0.03, -0.0) vslam=(3.42, -4.37, -3.27) error=6.529m max_error=10.198m (n=893)
[INFO] [1788526709.620378363] [vslam_compare]: gt=(-0.13, 0.02, 0.0) vslam=(3.42, -4.37, -3.27) error=6.524m max_error=10.198m (n=894)
[INFO] [1788526710.620774898] [vslam_compare]: gt=(-0.12, 0.03, 0.01) vslam=(3.42, -4.37, -3.27) error=6.525m max_error=10.198m (n=895)
[INFO] [1788526711.620400565] [vslam_compare]: gt=(-0.12, 0.03, 0.01) vslam=(3.42, -4.37, -3.27) error=6.528m max_error=10.198m (n=896)
[INFO] [1788526712.620474185] [vslam_compare]: gt=(-0.12, 0.02, 0.03) vslam=(3.42, -4.37, -3.27) error=6.532m max_error=10.198m (n=897)
[INFO] [1788526713.620843544] [vslam_compare]: gt=(-0.12, 0.02, 0.03) vslam=(3.42, -4.37, -3.27) error=6.528m max_error=10.198m (n=898)
[INFO] [1788526714.620360815] [vslam_compare]: gt=(-0.11, 0.02, 0.02) vslam=(3.42, -4.37, -3.27) error=6.523m max_error=10.198m (n=899)
[INFO] [1788526715.620406356] [vslam_compare]: gt=(-0.12, 0.02, 0.02) vslam=(3.42, -4.37, -3.27) error=6.525m max_error=10.198m (n=900)
[INFO] [1788526716.620591648] [vslam_compare]: gt=(-0.14, 0.02, 0.01) vslam=(3.42, -4.37, -3.27) error=6.531m max_error=10.198m (n=901)
[INFO] [1788526717.620294557] [vslam_compare]: gt=(-0.14, 0.02, 0.02) vslam=(3.42, -4.37, -3.27) error=6.539m max_error=10.198m (n=902)
[INFO] [1788526718.620404642] [vslam_compare]: gt=(-0.14, 0.02, 0.02) vslam=(3.42, -4.37, -3.27) error=6.537m max_error=10.198m (n=903)
[INFO] [1788526719.620288629] [vslam_compare]: gt=(-0.13, 0.01, 0.02) vslam=(3.42, -4.37, -3.27) error=6.523m max_error=10.198m (n=904)
[INFO] [1788526720.620422751] [vslam_compare]: gt=(-0.15, -0.01, 0.02) vslam=(3.42, -4.37, -3.27) error=6.525m max_error=10.198m (n=905)
[INFO] [1788526721.620508685] [vslam_compare]: gt=(-0.16, 0.01, 0.02) vslam=(3.42, -4.37, -3.27) error=6.538m max_error=10.198m (n=906)
[INFO] [1788526722.620469849] [vslam_compare]: gt=(-0.16, 0.02, 0.02) vslam=(3.42, -4.37, -3.27) error=6.545m max_error=10.198m (n=907)
[INFO] [1788526723.620631285] [vslam_compare]: gt=(-0.15, 0.02, 0.02) vslam=(3.42, -4.37, -3.27) error=6.541m max_error=10.198m (n=908)
[INFO] [1788526724.620243934] [vslam_compare]: gt=(-0.14, 0.03, 0.02) vslam=(3.42, -4.37, -3.27) error=6.542m max_error=10.198m (n=909)
[INFO] [1788526725.620819980] [vslam_compare]: gt=(-0.13, 0.03, 0.02) vslam=(3.42, -4.37, -3.27) error=6.533m max_error=10.198m (n=910)
[INFO] [1788526726.620557904] [vslam_compare]: gt=(-0.11, 0.03, 0.01) vslam=(3.42, -4.37, -3.27) error=6.521m max_error=10.198m (n=911)
[INFO] [1788526727.620338046] [vslam_compare]: gt=(-0.11, 0.03, 0.0) vslam=(3.42, -4.37, -3.27) error=6.520m max_error=10.198m (n=912)
[INFO] [1788526728.620629057] [vslam_compare]: gt=(-0.13, 0.02, -0.01) vslam=(3.42, -4.37, -3.27) error=6.516m max_error=10.198m (n=913)
[INFO] [1788526729.620417006] [vslam_compare]: gt=(-0.14, 0.02, -0.02) vslam=(3.42, -4.37, -3.27) error=6.514m max_error=10.198m (n=914)
[INFO] [1788526730.620711154] [vslam_compare]: gt=(-0.14, 0.02, -0.03) vslam=(3.42, -4.37, -3.27) error=6.511m max_error=10.198m (n=915)
[INFO] [1788526731.620496258] [vslam_compare]: gt=(-0.14, 0.02, -0.03) vslam=(3.42, -4.37, -3.27) error=6.515m max_error=10.198m (n=916)
[INFO] [1788526732.620625121] [vslam_compare]: gt=(-0.15, 0.04, -0.02) vslam=(3.42, -4.37, -3.27) error=6.533m max_error=10.198m (n=917)
[INFO] [1788526733.620459157] [vslam_compare]: gt=(-0.14, 0.04, -0.01) vslam=(3.42, -4.37, -3.27) error=6.534m max_error=10.198m (n=918)
[INFO] [1788526734.620643093] [vslam_compare]: gt=(-0.13, 0.04, -0.01) vslam=(3.42, -4.37, -3.27) error=6.525m max_error=10.198m (n=919)
[INFO] [1788526735.620533005] [vslam_compare]: gt=(-0.13, 0.04, -0.01) vslam=(3.42, -4.37, -3.27) error=6.535m max_error=10.198m (n=920)
[INFO] [1788526736.620327970] [vslam_compare]: gt=(-0.12, 0.03, -0.01) vslam=(3.42, -4.37, -3.27) error=6.523m max_error=10.198m (n=921)
[INFO] [1788526737.620561810] [vslam_compare]: gt=(-0.12, 0.03, -0.01) vslam=(3.42, -4.37, -3.27) error=6.515m max_error=10.198m (n=922)
[INFO] [1788526738.620491757] [vslam_compare]: gt=(-0.11, 0.02, 0.01) vslam=(3.42, -4.37, -3.27) error=6.517m max_error=10.198m (n=923)
[INFO] [1788526739.620732260] [vslam_compare]: gt=(-0.11, 0.01, 0.01) vslam=(3.42, -4.37, -3.27) error=6.508m max_error=10.198m (n=924)
[INFO] [1788526740.620415230] [vslam_compare]: gt=(-0.13, -0.01, 0.0) vslam=(3.42, -4.37, -3.27) error=6.502m max_error=10.198m (n=925)
[INFO] [1788526741.620342663] [vslam_compare]: gt=(-0.15, -0.0, -0.01) vslam=(3.42, -4.37, -3.27) error=6.514m max_error=10.198m (n=926)
[INFO] [1788526742.620380791] [vslam_compare]: gt=(-0.16, 0.01, -0.02) vslam=(3.42, -4.37, -3.27) error=6.522m max_error=10.198m (n=927)
[INFO] [1788526743.620500111] [vslam_compare]: gt=(-0.15, 0.03, -0.03) vslam=(3.42, -4.37, -3.27) error=6.527m max_error=10.198m (n=928)
[INFO] [1788526744.620540754] [vslam_compare]: gt=(-0.14, 0.04, -0.01) vslam=(3.42, -4.37, -3.27) error=6.533m max_error=10.198m (n=929)
[INFO] [1788526745.620285068] [vslam_compare]: gt=(-0.13, 0.03, -0.0) vslam=(3.42, -4.37, -3.27) error=6.529m max_error=10.198m (n=930)
[INFO] [1788526746.620508271] [vslam_compare]: gt=(-0.14, 0.03, 0.01) vslam=(3.42, -4.37, -3.27) error=6.538m max_error=10.198m (n=931)
[INFO] [1788526747.620511465] [vslam_compare]: gt=(-0.14, 0.03, 0.03) vslam=(3.42, -4.37, -3.27) error=6.548m max_error=10.198m (n=932)
[INFO] [1788526748.620675618] [vslam_compare]: gt=(-0.14, 0.03, 0.02) vslam=(3.42, -4.37, -3.27) error=6.545m max_error=10.198m (n=933)
[INFO] [1788526749.620645351] [vslam_compare]: gt=(-0.13, 0.03, 0.02) vslam=(3.42, -4.37, -3.27) error=6.540m max_error=10.198m (n=934)
[INFO] [1788526750.620354239] [vslam_compare]: gt=(-0.14, 0.03, 0.02) vslam=(3.42, -4.37, -3.27) error=6.542m max_error=10.198m (n=935)
[INFO] [1788526751.620576920] [vslam_compare]: gt=(-0.14, 0.02, 0.02) vslam=(3.42, -4.37, -3.27) error=6.537m max_error=10.198m (n=936)
[INFO] [1788526752.620381396] [vslam_compare]: gt=(-0.16, 0.0, 0.02) vslam=(3.42, -4.37, -3.27) error=6.537m max_error=10.198m (n=937)
[INFO] [1788526753.620343894] [vslam_compare]: gt=(-0.17, -0.0, 0.01) vslam=(3.42, -4.37, -3.27) error=6.530m max_error=10.198m (n=938)
[INFO] [1788526754.620411707] [vslam_compare]: gt=(-0.16, -0.0, 0.0) vslam=(3.42, -4.37, -3.27) error=6.526m max_error=10.198m (n=939)
[INFO] [1788526755.620561542] [vslam_compare]: gt=(-0.16, 0.0, 0.01) vslam=(3.42, -4.37, -3.27) error=6.530m max_error=10.198m (n=940)
[INFO] [1788526756.620558945] [vslam_compare]: gt=(-0.16, 0.02, 0.01) vslam=(3.42, -4.37, -3.27) error=6.547m max_error=10.198m (n=941)
[INFO] [1788526757.620624002] [vslam_compare]: gt=(-0.15, 0.03, 0.02) vslam=(3.42, -4.37, -3.27) error=6.548m max_error=10.198m (n=942)
[INFO] [1788526758.620570850] [vslam_compare]: gt=(-0.14, 0.02, 0.02) vslam=(3.42, -4.37, -3.27) error=6.538m max_error=10.198m (n=943)
[INFO] [1788526759.620635696] [vslam_compare]: gt=(-0.14, 0.01, 0.02) vslam=(3.42, -4.37, -3.27) error=6.535m max_error=10.198m (n=944)
[INFO] [1788526760.620570871] [vslam_compare]: gt=(-0.13, 0.01, 0.02) vslam=(3.42, -4.37, -3.27) error=6.525m max_error=10.198m (n=945)
[INFO] [1788526761.620274466] [vslam_compare]: gt=(-0.12, 0.01, 0.03) vslam=(3.42, -4.37, -3.27) error=6.527m max_error=10.198m (n=946)
[INFO] [1788526762.620222063] [vslam_compare]: gt=(-0.12, 0.03, 0.04) vslam=(3.42, -4.37, -3.27) error=6.546m max_error=10.198m (n=947)
[INFO] [1788526763.620428630] [vslam_compare]: gt=(-0.12, 0.04, 0.04) vslam=(3.42, -4.37, -3.27) error=6.550m max_error=10.198m (n=948)
[INFO] [1788526764.620700197] [vslam_compare]: gt=(-0.12, 0.03, 0.04) vslam=(3.42, -4.37, -3.27) error=6.541m max_error=10.198m (n=949)
[INFO] [1788526765.620572512] [vslam_compare]: gt=(-0.11, 0.02, 0.03) vslam=(3.42, -4.37, -3.27) error=6.531m max_error=10.198m (n=950)
[INFO] [1788526766.620329694] [vslam_compare]: gt=(-0.12, 0.01, 0.02) vslam=(3.42, -4.37, -3.27) error=6.516m max_error=10.198m (n=951)
[INFO] [1788526767.620298557] [vslam_compare]: gt=(-0.13, -0.0, 0.01) vslam=(3.42, -4.37, -3.27) error=6.513m max_error=10.198m (n=952)
[INFO] [1788526768.620417468] [vslam_compare]: gt=(-0.14, 0.01, -0.0) vslam=(3.42, -4.37, -3.27) error=6.519m max_error=10.198m (n=953)
[INFO] [1788526769.620873283] [vslam_compare]: gt=(-0.14, 0.01, -0.0) vslam=(3.42, -4.37, -3.27) error=6.521m max_error=10.198m (n=954)
[INFO] [1788526770.620487005] [vslam_compare]: gt=(-0.14, 0.02, 0.01) vslam=(3.42, -4.37, -3.27) error=6.528m max_error=10.198m (n=955)
[INFO] [1788526771.620638684] [vslam_compare]: gt=(-0.13, 0.01, 0.01) vslam=(3.42, -4.37, -3.27) error=6.520m max_error=10.198m (n=956)
[INFO] [1788526772.620306014] [vslam_compare]: gt=(-0.13, 0.0, 0.02) vslam=(3.42, -4.37, -3.27) error=6.519m max_error=10.198m (n=957)
[INFO] [1788526773.620835191] [vslam_compare]: gt=(-0.15, -0.0, 0.03) vslam=(3.42, -4.37, -3.27) error=6.531m max_error=10.198m (n=958)
[INFO] [1788526774.620647738] [vslam_compare]: gt=(-0.15, -0.01, 0.04) vslam=(3.42, -4.37, -3.27) error=6.530m max_error=10.198m (n=959)
[INFO] [1788526775.620627515] [vslam_compare]: gt=(-0.16, -0.02, 0.04) vslam=(3.42, -4.37, -3.27) error=6.534m max_error=10.198m (n=960)
[INFO] [1788526776.620911525] [vslam_compare]: gt=(-0.16, -0.02, 0.03) vslam=(3.42, -4.37, -3.27) error=6.526m max_error=10.198m (n=961)
[INFO] [1788526777.620569973] [vslam_compare]: gt=(-0.17, -0.0, 0.03) vslam=(3.42, -4.37, -3.27) error=6.539m max_error=10.198m (n=962)
[INFO] [1788526778.620473034] [vslam_compare]: gt=(-0.16, -0.0, 0.02) vslam=(3.42, -4.37, -3.27) error=6.534m max_error=10.198m (n=963)
[INFO] [1788526779.620628311] [vslam_compare]: gt=(-0.16, -0.0, 0.02) vslam=(3.42, -4.37, -3.27) error=6.532m max_error=10.198m (n=964)
[INFO] [1788526780.620300622] [vslam_compare]: gt=(-0.17, -0.02, 0.01) vslam=(3.42, -4.37, -3.27) error=6.520m max_error=10.198m (n=965)
[INFO] [1788526781.620589154] [vslam_compare]: gt=(-0.17, -0.02, 0.01) vslam=(3.42, -4.37, -3.27) error=6.519m max_error=10.198m (n=966)
[INFO] [1788526782.620341080] [vslam_compare]: gt=(-0.15, -0.01, 0.01) vslam=(3.42, -4.37, -3.27) error=6.517m max_error=10.198m (n=967)
[INFO] [1788526783.621013492] [vslam_compare]: gt=(-0.13, 0.0, 0.02) vslam=(3.42, -4.37, -3.27) error=6.522m max_error=10.198m (n=968)
[INFO] [1788526784.620238578] [vslam_compare]: gt=(-0.12, 0.01, 0.02) vslam=(3.42, -4.37, -3.27) error=6.516m max_error=10.198m (n=969)
[INFO] [1788526785.620746842] [vslam_compare]: gt=(-0.1, 0.01, 0.01) vslam=(3.42, -4.37, -3.27) error=6.508m max_error=10.198m (n=970)
[INFO] [1788526786.620250993] [vslam_compare]: gt=(-0.1, 0.02, 0.02) vslam=(3.42, -4.37, -3.27) error=6.519m max_error=10.198m (n=971)
[INFO] [1788526787.620599749] [vslam_compare]: gt=(-0.12, 0.02, 0.04) vslam=(3.42, -4.37, -3.27) error=6.536m max_error=10.198m (n=972)
[INFO] [1788526788.620753592] [vslam_compare]: gt=(-0.12, 0.01, 0.04) vslam=(3.42, -4.37, -3.27) error=6.535m max_error=10.198m (n=973)
[INFO] [1788526789.620230228] [vslam_compare]: gt=(-0.13, 0.02, 0.04) vslam=(3.42, -4.37, -3.27) error=6.539m max_error=10.198m (n=974)
[INFO] [1788526790.620538254] [vslam_compare]: gt=(-0.13, 0.01, 0.04) vslam=(3.42, -4.37, -3.27) error=6.536m max_error=10.198m (n=975)
[INFO] [1788526791.620325983] [vslam_compare]: gt=(-0.13, 0.01, 0.04) vslam=(3.42, -4.37, -3.27) error=6.532m max_error=10.198m (n=976)
[INFO] [1788526792.620461306] [vslam_compare]: gt=(-0.13, -0.0, 0.02) vslam=(3.42, -4.37, -3.27) error=6.520m max_error=10.198m (n=977)
[INFO] [1788526793.620447690] [vslam_compare]: gt=(-0.14, 0.0, 0.02) vslam=(3.42, -4.37, -3.27) error=6.523m max_error=10.198m (n=978)
[INFO] [1788526794.620287842] [vslam_compare]: gt=(-0.15, 0.01, 0.02) vslam=(3.42, -4.37, -3.27) error=6.531m max_error=10.198m (n=979)
[INFO] [1788526795.620627098] [vslam_compare]: gt=(-0.14, 0.02, 0.01) vslam=(3.42, -4.37, -3.27) error=6.536m max_error=10.198m (n=980)
[INFO] [1788526796.620303542] [vslam_compare]: gt=(-0.13, 0.03, 0.01) vslam=(3.42, -4.37, -3.27) error=6.529m max_error=10.198m (n=981)
[INFO] [1788526797.620399563] [vslam_compare]: gt=(-0.13, 0.02, 0.02) vslam=(3.42, -4.37, -3.27) error=6.530m max_error=10.198m (n=982)
[INFO] [1788526798.620322341] [vslam_compare]: gt=(-0.12, 0.02, 0.01) vslam=(3.42, -4.37, -3.27) error=6.522m max_error=10.198m (n=983)
[INFO] [1788526799.620316510] [vslam_compare]: gt=(-0.12, 0.01, 0.01) vslam=(3.42, -4.37, -3.27) error=6.515m max_error=10.198m (n=984)
[INFO] [1788526800.620306519] [vslam_compare]: gt=(-0.12, 0.01, 0.01) vslam=(3.42, -4.37, -3.27) error=6.515m max_error=10.198m (n=985)
[INFO] [1788526801.620327984] [vslam_compare]: gt=(-0.13, 0.01, 0.02) vslam=(3.42, -4.37, -3.27) error=6.519m max_error=10.198m (n=986)
[INFO] [1788526802.620749791] [vslam_compare]: gt=(-0.13, 0.01, 0.01) vslam=(3.42, -4.37, -3.27) error=6.521m max_error=10.198m (n=987)
[INFO] [1788526803.620469182] [vslam_compare]: gt=(-0.13, 0.0, 0.03) vslam=(3.42, -4.37, -3.27) error=6.527m max_error=10.198m (n=988)
[INFO] [1788526804.620664094] [vslam_compare]: gt=(-0.13, 0.01, 0.03) vslam=(3.42, -4.37, -3.27) error=6.526m max_error=10.198m (n=989)
[INFO] [1788526805.620248741] [vslam_compare]: gt=(-0.12, 0.01, 0.03) vslam=(3.42, -4.37, -3.27) error=6.521m max_error=10.198m (n=990)
[INFO] [1788526806.620726954] [vslam_compare]: gt=(-0.11, 0.01, 0.03) vslam=(3.42, -4.37, -3.27) error=6.519m max_error=10.198m (n=991)
[INFO] [1788526807.620478847] [vslam_compare]: gt=(-0.11, -0.01, 0.02) vslam=(3.42, -4.37, -3.27) error=6.501m max_error=10.198m (n=992)
[INFO] [1788526808.620311138] [vslam_compare]: gt=(-0.11, -0.0, 0.01) vslam=(3.42, -4.37, -3.27) error=6.504m max_error=10.198m (n=993)
[INFO] [1788526809.620299586] [vslam_compare]: gt=(-0.13, 0.02, 0.01) vslam=(3.42, -4.37, -3.27) error=6.526m max_error=10.198m (n=994)
[INFO] [1788526810.620243039] [vslam_compare]: gt=(-0.14, 0.03, 0.01) vslam=(3.42, -4.37, -3.27) error=6.534m max_error=10.198m (n=995)
[INFO] [1788526811.620614543] [vslam_compare]: gt=(-0.13, 0.04, -0.0) vslam=(3.42, -4.37, -3.27) error=6.534m max_error=10.198m (n=996)
[INFO] [1788526812.620457375] [vslam_compare]: gt=(-0.15, 0.03, -0.01) vslam=(3.42, -4.37, -3.27) error=6.532m max_error=10.198m (n=997)
[INFO] [1788526813.620228140] [vslam_compare]: gt=(-0.14, 0.03, -0.01) vslam=(3.42, -4.37, -3.27) error=6.526m max_error=10.198m (n=998)
[INFO] [1788526814.620724770] [vslam_compare]: gt=(-0.14, 0.03, -0.02) vslam=(3.42, -4.37, -3.27) error=6.521m max_error=10.198m (n=999)
[INFO] [1788526815.620702274] [vslam_compare]: gt=(-0.15, 0.02, -0.01) vslam=(3.42, -4.36, -3.27) error=6.532m max_error=10.198m (n=1000)
[INFO] [1788526816.620730731] [vslam_compare]: gt=(-0.14, 0.01, -0.01) vslam=(3.42, -4.36, -3.27) error=6.519m max_error=10.198m (n=1001)
[INFO] [1788526817.620299152] [vslam_compare]: gt=(-0.14, 0.01, -0.01) vslam=(3.42, -4.36, -3.27) error=6.517m max_error=10.198m (n=1002)
[INFO] [1788526818.620253586] [vslam_compare]: gt=(-0.13, -0.01, 0.0) vslam=(3.42, -4.36, -3.27) error=6.507m max_error=10.198m (n=1003)
[INFO] [1788526819.620430771] [vslam_compare]: gt=(-0.14, -0.01, 0.0) vslam=(3.42, -4.36, -3.27) error=6.506m max_error=10.198m (n=1004)
[INFO] [1788526820.620303960] [vslam_compare]: gt=(-0.13, -0.0, 0.01) vslam=(3.42, -4.36, -3.27) error=6.509m max_error=10.198m (n=1005)
[INFO] [1788526821.620363071] [vslam_compare]: gt=(-0.12, 0.0, 0.01) vslam=(3.42, -4.36, -3.27) error=6.510m max_error=10.198m (n=1006)
[INFO] [1788526822.620512678] [vslam_compare]: gt=(-0.13, 0.02, 0.02) vslam=(3.42, -4.36, -3.27) error=6.530m max_error=10.198m (n=1007)
[INFO] [1788526823.620359641] [vslam_compare]: gt=(-0.13, 0.03, 0.02) vslam=(3.42, -4.36, -3.27) error=6.540m max_error=10.198m (n=1008)
[INFO] [1788526824.620518550] [vslam_compare]: gt=(-0.14, 0.02, 0.02) vslam=(3.42, -4.36, -3.27) error=6.532m max_error=10.198m (n=1009)
[INFO] [1788526825.620973405] [vslam_compare]: gt=(-0.15, 0.01, 0.02) vslam=(3.42, -4.36, -3.27) error=6.535m max_error=10.198m (n=1010)
[INFO] [1788526826.620507259] [vslam_compare]: gt=(-0.15, 0.01, 0.02) vslam=(3.42, -4.36, -3.27) error=6.534m max_error=10.198m (n=1011)
[INFO] [1788526827.620616457] [vslam_compare]: gt=(-0.15, 0.01, 0.02) vslam=(3.42, -4.36, -3.27) error=6.538m max_error=10.198m (n=1012)
[INFO] [1788526828.620237287] [vslam_compare]: gt=(-0.16, 0.0, 0.03) vslam=(3.42, -4.36, -3.27) error=6.540m max_error=10.198m (n=1013)
[INFO] [1788526829.620685189] [vslam_compare]: gt=(-0.17, -0.01, 0.04) vslam=(3.42, -4.36, -3.27) error=6.541m max_error=10.198m (n=1014)
[INFO] [1788526830.620605609] [vslam_compare]: gt=(-0.16, -0.0, 0.03) vslam=(3.42, -4.36, -3.27) error=6.535m max_error=10.198m (n=1015)
[INFO] [1788526831.620656889] [vslam_compare]: gt=(-0.14, 0.01, 0.03) vslam=(3.42, -4.36, -3.27) error=6.539m max_error=10.198m (n=1016)
[INFO] [1788526832.620465436] [vslam_compare]: gt=(-0.14, 0.03, 0.02) vslam=(3.42, -4.36, -3.27) error=6.541m max_error=10.198m (n=1017)
[INFO] [1788526833.620750004] [vslam_compare]: gt=(-0.14, 0.03, 0.03) vslam=(3.42, -4.36, -3.27) error=6.542m max_error=10.198m (n=1018)
[INFO] [1788526834.620515946] [vslam_compare]: gt=(-0.15, 0.02, 0.03) vslam=(3.42, -4.36, -3.27) error=6.548m max_error=10.198m (n=1019)
[INFO] [1788526835.620383484] [vslam_compare]: gt=(-0.16, 0.02, 0.02) vslam=(3.42, -4.36, -3.27) error=6.551m max_error=10.198m (n=1020)
[INFO] [1788526836.620404985] [vslam_compare]: gt=(-0.16, 0.01, 0.01) vslam=(3.42, -4.36, -3.27) error=6.538m max_error=10.198m (n=1021)
[INFO] [1788526837.620547016] [vslam_compare]: gt=(-0.14, 0.01, 0.01) vslam=(3.42, -4.36, -3.27) error=6.528m max_error=10.198m (n=1022)
[INFO] [1788526838.620478454] [vslam_compare]: gt=(-0.14, 0.02, 0.02) vslam=(3.42, -4.36, -3.27) error=6.536m max_error=10.198m (n=1023)
[INFO] [1788526839.620398447] [vslam_compare]: gt=(-0.13, 0.03, 0.01) vslam=(3.42, -4.36, -3.27) error=6.529m max_error=10.198m (n=1024)
[INFO] [1788526840.620679568] [vslam_compare]: gt=(-0.13, 0.04, 0.01) vslam=(3.42, -4.36, -3.27) error=6.536m max_error=10.198m (n=1025)
[INFO] [1788526841.620404243] [vslam_compare]: gt=(-0.14, 0.04, 0.01) vslam=(3.42, -4.36, -3.27) error=6.545m max_error=10.198m (n=1026)
[INFO] [1788526842.620512035] [vslam_compare]: gt=(-0.14, 0.02, 0.02) vslam=(3.42, -4.36, -3.27) error=6.538m max_error=10.198m (n=1027)
[INFO] [1788526843.620755988] [vslam_compare]: gt=(-0.16, 0.0, 0.02) vslam=(3.42, -4.36, -3.27) error=6.538m max_error=10.198m (n=1028)
[INFO] [1788526844.620477628] [vslam_compare]: gt=(-0.18, 0.01, 0.01) vslam=(3.42, -4.36, -3.27) error=6.547m max_error=10.198m (n=1029)
[INFO] [1788526845.620284753] [vslam_compare]: gt=(-0.18, 0.0, 0.0) vslam=(3.42, -4.36, -3.27) error=6.536m max_error=10.198m (n=1030)
[INFO] [1788526846.620408022] [vslam_compare]: gt=(-0.16, 0.01, 0.0) vslam=(3.42, -4.36, -3.27) error=6.530m max_error=10.198m (n=1031)
[INFO] [1788526847.620519465] [vslam_compare]: gt=(-0.14, 0.0, 0.01) vslam=(3.42, -4.36, -3.27) error=6.522m max_error=10.198m (n=1032)
[INFO] [1788526848.620379189] [vslam_compare]: gt=(-0.14, 0.01, 0.01) vslam=(3.42, -4.36, -3.27) error=6.525m max_error=10.198m (n=1033)
[INFO] [1788526849.620524328] [vslam_compare]: gt=(-0.16, 0.03, -0.01) vslam=(3.42, -4.36, -3.27) error=6.535m max_error=10.198m (n=1034)
[INFO] [1788526850.620221473] [vslam_compare]: gt=(-0.15, 0.02, -0.02) vslam=(3.42, -4.36, -3.27) error=6.525m max_error=10.198m (n=1035)
[INFO] [1788526851.620599278] [vslam_compare]: gt=(-0.14, 0.03, -0.03) vslam=(3.42, -4.36, -3.27) error=6.524m max_error=10.198m (n=1036)
[INFO] [1788526852.620241384] [vslam_compare]: gt=(-0.14, 0.03, -0.04) vslam=(3.42, -4.36, -3.27) error=6.517m max_error=10.198m (n=1037)
[INFO] [1788526853.620492938] [vslam_compare]: gt=(-0.14, 0.02, -0.03) vslam=(3.42, -4.36, -3.27) error=6.511m max_error=10.198m (n=1038)
[INFO] [1788526854.620305253] [vslam_compare]: gt=(-0.13, 0.03, -0.03) vslam=(3.42, -4.36, -3.27) error=6.512m max_error=10.198m (n=1039)
[INFO] [1788526855.620399188] [vslam_compare]: gt=(-0.13, 0.04, -0.03) vslam=(3.42, -4.36, -3.27) error=6.522m max_error=10.198m (n=1040)
[INFO] [1788526856.620401158] [vslam_compare]: gt=(-0.13, 0.03, -0.01) vslam=(3.42, -4.36, -3.27) error=6.522m max_error=10.198m (n=1041)
[INFO] [1788526857.620383358] [vslam_compare]: gt=(-0.11, 0.02, -0.0) vslam=(3.42, -4.36, -3.27) error=6.512m max_error=10.198m (n=1042)
[INFO] [1788526858.620422020] [vslam_compare]: gt=(-0.11, 0.02, -0.01) vslam=(3.42, -4.36, -3.27) error=6.505m max_error=10.198m (n=1043)
[INFO] [1788526859.620300370] [vslam_compare]: gt=(-0.11, 0.03, -0.02) vslam=(3.42, -4.36, -3.27) error=6.503m max_error=10.198m (n=1044)
[INFO] [1788526860.620515332] [vslam_compare]: gt=(-0.11, 0.04, -0.03) vslam=(3.42, -4.36, -3.27) error=6.506m max_error=10.198m (n=1045)
[INFO] [1788526861.620541269] [vslam_compare]: gt=(-0.11, 0.04, -0.03) vslam=(3.42, -4.36, -3.27) error=6.510m max_error=10.198m (n=1046)
[INFO] [1788526862.620785908] [vslam_compare]: gt=(-0.12, 0.05, -0.03) vslam=(3.42, -4.36, -3.27) error=6.518m max_error=10.198m (n=1047)
[INFO] [1788526863.620517292] [vslam_compare]: gt=(-0.11, 0.04, -0.02) vslam=(3.42, -4.36, -3.27) error=6.513m max_error=10.198m (n=1048)
[INFO] [1788526864.620664984] [vslam_compare]: gt=(-0.12, 0.02, -0.02) vslam=(3.42, -4.36, -3.27) error=6.505m max_error=10.198m (n=1049)
[INFO] [1788526865.620332031] [vslam_compare]: gt=(-0.12, 0.02, -0.02) vslam=(3.42, -4.36, -3.27) error=6.507m max_error=10.198m (n=1050)
[INFO] [1788526866.620620707] [vslam_compare]: gt=(-0.14, 0.01, -0.02) vslam=(3.42, -4.36, -3.27) error=6.509m max_error=10.198m (n=1051)
[INFO] [1788526867.620615815] [vslam_compare]: gt=(-0.14, 0.0, -0.01) vslam=(3.42, -4.36, -3.27) error=6.506m max_error=10.198m (n=1052)
[INFO] [1788526868.620450562] [vslam_compare]: gt=(-0.14, -0.01, -0.0) vslam=(3.42, -4.36, -3.27) error=6.504m max_error=10.198m (n=1053)
[INFO] [1788526869.620617862] [vslam_compare]: gt=(-0.14, -0.01, 0.01) vslam=(3.42, -4.36, -3.27) error=6.515m max_error=10.198m (n=1054)
[INFO] [1788526870.620608430] [vslam_compare]: gt=(-0.14, 0.03, -0.0) vslam=(3.42, -4.36, -3.27) error=6.533m max_error=10.198m (n=1055)
[INFO] [1788526871.620542309] [vslam_compare]: gt=(-0.14, 0.04, -0.01) vslam=(3.42, -4.36, -3.27) error=6.531m max_error=10.198m (n=1056)
[INFO] [1788526872.620501562] [vslam_compare]: gt=(-0.14, 0.04, -0.01) vslam=(3.42, -4.36, -3.27) error=6.532m max_error=10.198m (n=1057)
[INFO] [1788526873.620753263] [vslam_compare]: gt=(-0.15, 0.04, -0.01) vslam=(3.42, -4.36, -3.27) error=6.540m max_error=10.198m (n=1058)
[INFO] [1788526874.620561908] [vslam_compare]: gt=(-0.14, 0.02, -0.0) vslam=(3.42, -4.36, -3.27) error=6.524m max_error=10.198m (n=1059)
[INFO] [1788526875.620377523] [vslam_compare]: gt=(-0.14, 0.01, -0.0) vslam=(3.42, -4.36, -3.27) error=6.521m max_error=10.198m (n=1060)
[INFO] [1788526876.620406849] [vslam_compare]: gt=(-0.14, 0.0, 0.0) vslam=(3.42, -4.36, -3.27) error=6.516m max_error=10.198m (n=1061)
[INFO] [1788526877.620404514] [vslam_compare]: gt=(-0.14, 0.0, 0.02) vslam=(3.42, -4.36, -3.27) error=6.523m max_error=10.198m (n=1062)
[INFO] [1788526878.620232579] [vslam_compare]: gt=(-0.15, 0.01, 0.02) vslam=(3.42, -4.36, -3.27) error=6.536m max_error=10.198m (n=1063)
[INFO] [1788526879.620683075] [vslam_compare]: gt=(-0.15, 0.02, 0.03) vslam=(3.42, -4.36, -3.27) error=6.548m max_error=10.198m (n=1064)
[INFO] [1788526880.620224801] [vslam_compare]: gt=(-0.14, 0.02, 0.02) vslam=(3.42, -4.36, -3.27) error=6.540m max_error=10.198m (n=1065)
[INFO] [1788526881.620431918] [vslam_compare]: gt=(-0.13, 0.02, 0.02) vslam=(3.42, -4.36, -3.27) error=6.532m max_error=10.198m (n=1066)
[INFO] [1788526882.620551438] [vslam_compare]: gt=(-0.13, 0.04, 0.03) vslam=(3.42, -4.36, -3.27) error=6.549m max_error=10.198m (n=1067)
[INFO] [1788526883.620233592] [vslam_compare]: gt=(-0.14, 0.05, 0.04) vslam=(3.42, -4.36, -3.27) error=6.563m max_error=10.198m (n=1068)
[INFO] [1788526884.620504014] [vslam_compare]: gt=(-0.14, 0.04, 0.02) vslam=(3.42, -4.36, -3.27) error=6.556m max_error=10.198m (n=1069)
[INFO] [1788526885.620571505] [vslam_compare]: gt=(-0.15, 0.01, 0.01) vslam=(3.42, -4.36, -3.27) error=6.531m max_error=10.198m (n=1070)
[INFO] [1788526886.620238369] [vslam_compare]: gt=(-0.14, 0.01, 0.0) vslam=(3.42, -4.36, -3.27) error=6.522m max_error=10.198m (n=1071)
[INFO] [1788526887.620791242] [vslam_compare]: gt=(-0.14, 0.03, -0.01) vslam=(3.42, -4.36, -3.27) error=6.528m max_error=10.198m (n=1072)
[INFO] [1788526888.620622623] [vslam_compare]: gt=(-0.15, 0.03, -0.01) vslam=(3.42, -4.36, -3.27) error=6.531m max_error=10.198m (n=1073)
[INFO] [1788526889.620243648] [vslam_compare]: gt=(-0.16, 0.03, -0.01) vslam=(3.42, -4.36, -3.27) error=6.536m max_error=10.198m (n=1074)
[INFO] [1788526890.620727481] [vslam_compare]: gt=(-0.17, 0.05, -0.01) vslam=(3.42, -4.36, -3.27) error=6.554m max_error=10.198m (n=1075)
[INFO] [1788526891.620731709] [vslam_compare]: gt=(-0.15, 0.04, -0.02) vslam=(3.42, -4.36, -3.27) error=6.537m max_error=10.198m (n=1076)
[INFO] [1788526892.620721807] [vslam_compare]: gt=(-0.15, 0.03, -0.02) vslam=(3.42, -4.36, -3.27) error=6.530m max_error=10.198m (n=1077)
[INFO] [1788526893.620615932] [vslam_compare]: gt=(-0.15, 0.04, -0.0) vslam=(3.42, -4.36, -3.27) error=6.544m max_error=10.198m (n=1078)
[INFO] [1788526894.620287801] [vslam_compare]: gt=(-0.14, 0.05, 0.0) vslam=(3.42, -4.36, -3.27) error=6.552m max_error=10.198m (n=1079)
[INFO] [1788526895.620453391] [vslam_compare]: gt=(-0.15, 0.07, 0.0) vslam=(3.42, -4.36, -3.27) error=6.565m max_error=10.198m (n=1080)
[INFO] [1788526896.620468829] [vslam_compare]: gt=(-0.14, 0.06, 0.01) vslam=(3.42, -4.36, -3.27) error=6.553m max_error=10.198m (n=1081)
[INFO] [1788526897.620465256] [vslam_compare]: gt=(-0.12, 0.04, 0.0) vslam=(3.42, -4.36, -3.27) error=6.528m max_error=10.198m (n=1082)
[INFO] [1788526898.620280764] [vslam_compare]: gt=(-0.1, 0.04, 0.0) vslam=(3.42, -4.36, -3.27) error=6.519m max_error=10.198m (n=1083)
[INFO] [1788526899.620312488] [vslam_compare]: gt=(-0.11, 0.03, 0.0) vslam=(3.42, -4.36, -3.27) error=6.524m max_error=10.198m (n=1084)
[INFO] [1788526900.620496941] [vslam_compare]: gt=(-0.12, 0.06, -0.01) vslam=(3.42, -4.36, -3.27) error=6.540m max_error=10.198m (n=1085)
[INFO] [1788526901.620687161] [vslam_compare]: gt=(-0.12, 0.05, -0.0) vslam=(3.42, -4.36, -3.27) error=6.533m max_error=10.198m (n=1086)
[INFO] [1788526902.620569935] [vslam_compare]: gt=(-0.13, 0.05, -0.02) vslam=(3.42, -4.36, -3.27) error=6.529m max_error=10.198m (n=1087)
[INFO] [1788526903.620744556] [vslam_compare]: gt=(-0.13, 0.05, -0.02) vslam=(3.42, -4.36, -3.27) error=6.526m max_error=10.198m (n=1088)
[INFO] [1788526904.620283003] [vslam_compare]: gt=(-0.13, 0.05, -0.02) vslam=(3.42, -4.36, -3.27) error=6.534m max_error=10.198m (n=1089)
[INFO] [1788526905.620581054] [vslam_compare]: gt=(-0.14, 0.06, -0.02) vslam=(3.42, -4.36, -3.27) error=6.545m max_error=10.198m (n=1090)
[INFO] [1788526906.620224616] [vslam_compare]: gt=(-0.13, 0.04, -0.01) vslam=(3.42, -4.36, -3.27) error=6.531m max_error=10.198m (n=1091)
[INFO] [1788526907.620318068] [vslam_compare]: gt=(-0.13, 0.02, -0.01) vslam=(3.42, -4.36, -3.27) error=6.518m max_error=10.198m (n=1092)
[INFO] [1788526908.620406627] [vslam_compare]: gt=(-0.14, 0.01, 0.0) vslam=(3.42, -4.36, -3.27) error=6.520m max_error=10.198m (n=1093)
[INFO] [1788526909.620516039] [vslam_compare]: gt=(-0.13, 0.02, 0.0) vslam=(3.42, -4.36, -3.27) error=6.520m max_error=10.198m (n=1094)
[INFO] [1788526910.620585212] [vslam_compare]: gt=(-0.13, 0.03, 0.0) vslam=(3.42, -4.36, -3.27) error=6.528m max_error=10.198m (n=1095)
[INFO] [1788526911.620423933] [vslam_compare]: gt=(-0.14, 0.04, 0.01) vslam=(3.42, -4.36, -3.27) error=6.543m max_error=10.198m (n=1096)
[INFO] [1788526912.620379726] [vslam_compare]: gt=(-0.15, 0.03, 0.02) vslam=(3.42, -4.36, -3.27) error=6.542m max_error=10.198m (n=1097)
[INFO] [1788526913.620395045] [vslam_compare]: gt=(-0.15, 0.02, 0.02) vslam=(3.42, -4.36, -3.27) error=6.538m max_error=10.198m (n=1098)
[INFO] [1788526914.620623545] [vslam_compare]: gt=(-0.14, -0.0, 0.02) vslam=(3.42, -4.36, -3.27) error=6.526m max_error=10.198m (n=1099)
[INFO] [1788526915.620384663] [vslam_compare]: gt=(-0.14, -0.01, 0.02) vslam=(3.42, -4.36, -3.27) error=6.516m max_error=10.198m (n=1100)
[INFO] [1788526916.620630716] [vslam_compare]: gt=(-0.13, -0.03, 0.01) vslam=(3.42, -4.36, -3.27) error=6.493m max_error=10.198m (n=1101)
[INFO] [1788526917.620459629] [vslam_compare]: gt=(-0.13, -0.01, 0.01) vslam=(3.42, -4.36, -3.27) error=6.502m max_error=10.198m (n=1102)
[INFO] [1788526918.620419652] [vslam_compare]: gt=(-0.14, -0.02, 0.01) vslam=(3.42, -4.36, -3.27) error=6.506m max_error=10.198m (n=1103)
[INFO] [1788526919.620882111] [vslam_compare]: gt=(-0.14, -0.02, 0.01) vslam=(3.42, -4.36, -3.27) error=6.507m max_error=10.198m (n=1104)
[INFO] [1788526920.620508334] [vslam_compare]: gt=(-0.14, -0.02, 0.0) vslam=(3.42, -4.36, -3.27) error=6.504m max_error=10.198m (n=1105)
[INFO] [1788526921.620227335] [vslam_compare]: gt=(-0.13, -0.03, -0.0) vslam=(3.42, -4.36, -3.27) error=6.488m max_error=10.198m (n=1106)
[INFO] [1788526922.620474961] [vslam_compare]: gt=(-0.13, -0.01, -0.0) vslam=(3.42, -4.36, -3.27) error=6.499m max_error=10.198m (n=1107)
[INFO] [1788526923.620635050] [vslam_compare]: gt=(-0.12, 0.01, 0.0) vslam=(3.42, -4.36, -3.27) error=6.508m max_error=10.198m (n=1108)
[INFO] [1788526924.620532527] [vslam_compare]: gt=(-0.12, 0.01, 0.0) vslam=(3.42, -4.36, -3.27) error=6.505m max_error=10.198m (n=1109)
[INFO] [1788526925.620225368] [vslam_compare]: gt=(-0.11, 0.01, -0.01) vslam=(3.42, -4.36, -3.27) error=6.500m max_error=10.198m (n=1110)
[INFO] [1788526926.620307538] [vslam_compare]: gt=(-0.1, 0.01, -0.02) vslam=(3.42, -4.36, -3.27) error=6.489m max_error=10.198m (n=1111)
[INFO] [1788526927.620603388] [vslam_compare]: gt=(-0.1, 0.01, -0.01) vslam=(3.42, -4.36, -3.27) error=6.493m max_error=10.198m (n=1112)
[INFO] [1788526928.620354754] [vslam_compare]: gt=(-0.11, -0.01, 0.0) vslam=(3.42, -4.36, -3.27) error=6.494m max_error=10.198m (n=1113)
[INFO] [1788526929.620549266] [vslam_compare]: gt=(-0.12, -0.01, 0.01) vslam=(3.42, -4.36, -3.27) error=6.498m max_error=10.198m (n=1114)
[INFO] [1788526930.620418109] [vslam_compare]: gt=(-0.11, 0.01, 0.01) vslam=(3.42, -4.36, -3.27) error=6.504m max_error=10.198m (n=1115)
[INFO] [1788526931.620338824] [vslam_compare]: gt=(-0.11, 0.01, 0.02) vslam=(3.42, -4.36, -3.27) error=6.514m max_error=10.198m (n=1116)
[INFO] [1788526932.620897427] [vslam_compare]: gt=(-0.12, 0.03, 0.02) vslam=(3.42, -4.36, -3.27) error=6.533m max_error=10.198m (n=1117)
[INFO] [1788526933.620513325] [vslam_compare]: gt=(-0.14, 0.03, 0.01) vslam=(3.42, -4.36, -3.27) error=6.537m max_error=10.198m (n=1118)
[INFO] [1788526934.620224435] [vslam_compare]: gt=(-0.14, 0.03, -0.0) vslam=(3.42, -4.36, -3.27) error=6.537m max_error=10.198m (n=1119)
[INFO] [1788526935.620412264] [vslam_compare]: gt=(-0.13, 0.04, 0.0) vslam=(3.42, -4.36, -3.27) error=6.535m max_error=10.198m (n=1120)
[INFO] [1788526936.620247695] [vslam_compare]: gt=(-0.13, 0.02, 0.0) vslam=(3.42, -4.36, -3.27) error=6.520m max_error=10.198m (n=1121)
[INFO] [1788526937.620823714] [vslam_compare]: gt=(-0.13, 0.01, -0.01) vslam=(3.42, -4.36, -3.27) error=6.507m max_error=10.198m (n=1122)
[INFO] [1788526938.620535083] [vslam_compare]: gt=(-0.13, -0.0, -0.0) vslam=(3.42, -4.36, -3.27) error=6.507m max_error=10.198m (n=1123)
[INFO] [1788526939.620493576] [vslam_compare]: gt=(-0.12, 0.01, 0.0) vslam=(3.42, -4.36, -3.27) error=6.508m max_error=10.198m (n=1124)
[INFO] [1788526940.620634582] [vslam_compare]: gt=(-0.13, 0.0, 0.01) vslam=(3.42, -4.36, -3.27) error=6.517m max_error=10.198m (n=1125)
[INFO] [1788526941.620442294] [vslam_compare]: gt=(-0.14, 0.01, 0.01) vslam=(3.42, -4.36, -3.27) error=6.525m max_error=10.198m (n=1126)
[INFO] [1788526942.620796826] [vslam_compare]: gt=(-0.16, 0.01, -0.0) vslam=(3.42, -4.36, -3.27) error=6.529m max_error=10.198m (n=1127)
[INFO] [1788526943.620599218] [vslam_compare]: gt=(-0.16, 0.02, 0.0) vslam=(3.42, -4.36, -3.27) error=6.537m max_error=10.198m (n=1128)
[INFO] [1788526944.620792510] [vslam_compare]: gt=(-0.17, 0.03, 0.0) vslam=(3.42, -4.36, -3.27) error=6.547m max_error=10.198m (n=1129)
[INFO] [1788526945.620495316] [vslam_compare]: gt=(-0.15, 0.04, 0.01) vslam=(3.42, -4.36, -3.27) error=6.544m max_error=10.198m (n=1130)
[INFO] [1788526946.620376849] [vslam_compare]: gt=(-0.13, 0.02, 0.01) vslam=(3.42, -4.36, -3.27) error=6.525m max_error=10.198m (n=1131)
[INFO] [1788526947.620486850] [vslam_compare]: gt=(-0.13, 0.01, 0.01) vslam=(3.42, -4.36, -3.27) error=6.520m max_error=10.198m (n=1132)
[INFO] [1788526948.620520133] [vslam_compare]: gt=(-0.13, 0.01, 0.02) vslam=(3.42, -4.36, -3.27) error=6.520m max_error=10.198m (n=1133)
[INFO] [1788526949.620573418] [vslam_compare]: gt=(-0.12, 0.01, 0.02) vslam=(3.42, -4.36, -3.27) error=6.520m max_error=10.198m (n=1134)
[INFO] [1788526950.620546278] [vslam_compare]: gt=(-0.11, 0.02, 0.02) vslam=(3.42, -4.36, -3.27) error=6.521m max_error=10.198m (n=1135)
[INFO] [1788526951.620910670] [vslam_compare]: gt=(-0.11, 0.02, 0.03) vslam=(3.42, -4.36, -3.27) error=6.527m max_error=10.198m (n=1136)
[INFO] [1788526952.620351572] [vslam_compare]: gt=(-0.11, 0.02, 0.02) vslam=(3.42, -4.36, -3.27) error=6.517m max_error=10.198m (n=1137)
[INFO] [1788526953.620819595] [vslam_compare]: gt=(-0.11, 0.01, 0.01) vslam=(3.42, -4.36, -3.27) error=6.508m max_error=10.198m (n=1138)
[INFO] [1788526954.620286805] [vslam_compare]: gt=(-0.11, -0.01, 0.0) vslam=(3.42, -4.36, -3.27) error=6.488m max_error=10.198m (n=1139)
[INFO] [1788526955.620844974] [vslam_compare]: gt=(-0.11, -0.02, 0.0) vslam=(3.42, -4.36, -3.27) error=6.482m max_error=10.198m (n=1140)
[INFO] [1788526956.620520269] [vslam_compare]: gt=(-0.11, -0.01, -0.0) vslam=(3.42, -4.36, -3.27) error=6.491m max_error=10.198m (n=1141)
[INFO] [1788526957.620881982] [vslam_compare]: gt=(-0.12, -0.0, -0.01) vslam=(3.42, -4.36, -3.27) error=6.497m max_error=10.198m (n=1142)
[INFO] [1788526958.620384014] [vslam_compare]: gt=(-0.13, -0.0, -0.01) vslam=(3.42, -4.36, -3.27) error=6.502m max_error=10.198m (n=1143)
[INFO] [1788526959.620616226] [vslam_compare]: gt=(-0.13, 0.01, -0.0) vslam=(3.42, -4.36, -3.27) error=6.513m max_error=10.198m (n=1144)
[INFO] [1788526960.620492912] [vslam_compare]: gt=(-0.13, 0.03, 0.01) vslam=(3.42, -4.36, -3.27) error=6.533m max_error=10.198m (n=1145)
[INFO] [1788526961.620472142] [vslam_compare]: gt=(-0.13, 0.03, 0.01) vslam=(3.42, -4.36, -3.27) error=6.536m max_error=10.198m (n=1146)
[INFO] [1788526962.620271544] [vslam_compare]: gt=(-0.12, 0.02, 0.01) vslam=(3.42, -4.36, -3.27) error=6.518m max_error=10.198m (n=1147)
[INFO] [1788526963.620484627] [vslam_compare]: gt=(-0.12, 0.02, -0.0) vslam=(3.42, -4.36, -3.27) error=6.513m max_error=10.198m (n=1148)
[INFO] [1788526964.620418877] [vslam_compare]: gt=(-0.11, 0.02, -0.0) vslam=(3.42, -4.36, -3.27) error=6.511m max_error=10.198m (n=1149)
[INFO] [1788526965.620417612] [vslam_compare]: gt=(-0.12, 0.02, 0.0) vslam=(3.42, -4.36, -3.27) error=6.519m max_error=10.198m (n=1150)
[INFO] [1788526966.620719062] [vslam_compare]: gt=(-0.13, 0.02, 0.0) vslam=(3.42, -4.36, -3.27) error=6.520m max_error=10.198m (n=1151)
[INFO] [1788526967.620626656] [vslam_compare]: gt=(-0.13, 0.02, 0.0) vslam=(3.42, -4.36, -3.27) error=6.521m max_error=10.198m (n=1152)
[INFO] [1788526968.620257980] [vslam_compare]: gt=(-0.13, 0.05, 0.01) vslam=(3.42, -4.36, -3.27) error=6.543m max_error=10.198m (n=1153)
[INFO] [1788526969.620288080] [vslam_compare]: gt=(-0.13, 0.05, 0.01) vslam=(3.42, -4.36, -3.27) error=6.544m max_error=10.198m (n=1154)
[INFO] [1788526970.620624462] [vslam_compare]: gt=(-0.14, 0.02, 0.0) vslam=(3.42, -4.36, -3.27) error=6.527m max_error=10.198m (n=1155)
[INFO] [1788526971.620679666] [vslam_compare]: gt=(-0.14, 0.01, -0.0) vslam=(3.42, -4.36, -3.27) error=6.515m max_error=10.198m (n=1156)
[INFO] [1788526972.620234135] [vslam_compare]: gt=(-0.14, -0.0, -0.0) vslam=(3.42, -4.36, -3.27) error=6.507m max_error=10.198m (n=1157)
[INFO] [1788526973.620296431] [vslam_compare]: gt=(-0.14, -0.01, -0.01) vslam=(3.42, -4.36, -3.27) error=6.498m max_error=10.198m (n=1158)
[INFO] [1788526974.620560766] [vslam_compare]: gt=(-0.13, -0.01, -0.01) vslam=(3.42, -4.36, -3.27) error=6.494m max_error=10.198m (n=1159)
[INFO] [1788526975.620626466] [vslam_compare]: gt=(-0.13, -0.0, -0.02) vslam=(3.42, -4.36, -3.27) error=6.495m max_error=10.198m (n=1160)
[INFO] [1788526976.620531963] [vslam_compare]: gt=(-0.13, 0.02, -0.02) vslam=(3.42, -4.36, -3.27) error=6.507m max_error=10.198m (n=1161)
[INFO] [1788526977.620633789] [vslam_compare]: gt=(-0.13, 0.04, -0.01) vslam=(3.42, -4.36, -3.27) error=6.528m max_error=10.198m (n=1162)
[INFO] [1788526978.620320828] [vslam_compare]: gt=(-0.12, 0.05, 0.0) vslam=(3.42, -4.36, -3.27) error=6.535m max_error=10.198m (n=1163)
[INFO] [1788526979.620357591] [vslam_compare]: gt=(-0.12, 0.05, 0.01) vslam=(3.42, -4.36, -3.27) error=6.537m max_error=10.198m (n=1164)
[INFO] [1788526980.620750329] [vslam_compare]: gt=(-0.12, 0.04, 0.01) vslam=(3.42, -4.36, -3.27) error=6.526m max_error=10.198m (n=1165)
[INFO] [1788526981.620713934] [vslam_compare]: gt=(-0.11, 0.03, -0.01) vslam=(3.42, -4.36, -3.27) error=6.515m max_error=10.198m (n=1166)
[INFO] [1788526982.620492009] [vslam_compare]: gt=(-0.12, 0.02, -0.01) vslam=(3.42, -4.36, -3.27) error=6.510m max_error=10.198m (n=1167)
[INFO] [1788526983.620631719] [vslam_compare]: gt=(-0.13, 0.02, -0.01) vslam=(3.42, -4.36, -3.27) error=6.512m max_error=10.198m (n=1168)
[INFO] [1788526984.620351333] [vslam_compare]: gt=(-0.14, 0.02, -0.02) vslam=(3.42, -4.36, -3.27) error=6.518m max_error=10.198m (n=1169)
[INFO] [1788526985.620244643] [vslam_compare]: gt=(-0.15, 0.01, -0.01) vslam=(3.42, -4.36, -3.27) error=6.517m max_error=10.198m (n=1170)
[INFO] [1788526986.621736896] [vslam_compare]: gt=(-0.15, 0.02, -0.01) vslam=(3.42, -4.36, -3.27) error=6.525m max_error=10.198m (n=1171)
[INFO] [1788526987.620528539] [vslam_compare]: gt=(-0.16, 0.04, -0.01) vslam=(3.42, -4.36, -3.27) error=6.546m max_error=10.198m (n=1172)
[INFO] [1788526988.620503543] [vslam_compare]: gt=(-0.16, 0.04, 0.01) vslam=(3.42, -4.36, -3.27) error=6.556m max_error=10.198m (n=1173)
[INFO] [1788526989.620254054] [vslam_compare]: gt=(-0.16, 0.04, 0.02) vslam=(3.42, -4.36, -3.27) error=6.564m max_error=10.198m (n=1174)
[INFO] [1788526990.620992493] [vslam_compare]: gt=(-0.15, 0.03, 0.02) vslam=(3.42, -4.36, -3.27) error=6.549m max_error=10.198m (n=1175)
[INFO] [1788526991.620345845] [vslam_compare]: gt=(-0.13, 0.02, 0.03) vslam=(3.42, -4.36, -3.27) error=6.535m max_error=10.198m (n=1176)
[INFO] [1788526992.620232901] [vslam_compare]: gt=(-0.12, 0.02, 0.03) vslam=(3.42, -4.36, -3.27) error=6.528m max_error=10.198m (n=1177)
[INFO] [1788526993.620678307] [vslam_compare]: gt=(-0.11, 0.01, 0.02) vslam=(3.42, -4.36, -3.27) error=6.515m max_error=10.198m (n=1178)
[INFO] [1788526994.620671859] [vslam_compare]: gt=(-0.12, 0.01, 0.01) vslam=(3.42, -4.36, -3.27) error=6.516m max_error=10.198m (n=1179)
[INFO] [1788526995.620239233] [vslam_compare]: gt=(-0.12, 0.01, 0.02) vslam=(3.42, -4.36, -3.27) error=6.520m max_error=10.198m (n=1180)
[INFO] [1788526996.620279789] [vslam_compare]: gt=(-0.13, 0.0, 0.02) vslam=(3.42, -4.36, -3.27) error=6.516m max_error=10.198m (n=1181)
[INFO] [1788526997.620697610] [vslam_compare]: gt=(-0.14, 0.01, 0.02) vslam=(3.42, -4.36, -3.27) error=6.523m max_error=10.198m (n=1182)
[INFO] [1788526998.620660339] [vslam_compare]: gt=(-0.13, 0.02, 0.02) vslam=(3.42, -4.36, -3.27) error=6.531m max_error=10.198m (n=1183)
[INFO] [1788526999.620593628] [vslam_compare]: gt=(-0.15, 0.02, 0.01) vslam=(3.42, -4.36, -3.27) error=6.535m max_error=10.198m (n=1184)
[INFO] [1788527000.620420162] [vslam_compare]: gt=(-0.15, 0.01, 0.01) vslam=(3.42, -4.36, -3.27) error=6.531m max_error=10.198m (n=1185)
[INFO] [1788527001.620478269] [vslam_compare]: gt=(-0.15, -0.0, 0.02) vslam=(3.42, -4.36, -3.27) error=6.524m max_error=10.198m (n=1186)
[INFO] [1788527002.620542412] [vslam_compare]: gt=(-0.14, -0.0, 0.02) vslam=(3.42, -4.36, -3.27) error=6.520m max_error=10.198m (n=1187)
[INFO] [1788527003.620663363] [vslam_compare]: gt=(-0.14, -0.0, 0.02) vslam=(3.42, -4.36, -3.27) error=6.521m max_error=10.198m (n=1188)
[INFO] [1788527004.620736720] [vslam_compare]: gt=(-0.14, 0.0, 0.02) vslam=(3.42, -4.36, -3.27) error=6.523m max_error=10.198m (n=1189)
[INFO] [1788527005.620243969] [vslam_compare]: gt=(-0.14, 0.01, 0.02) vslam=(3.42, -4.36, -3.27) error=6.529m max_error=10.198m (n=1190)
[INFO] [1788527006.620659900] [vslam_compare]: gt=(-0.13, 0.01, 0.01) vslam=(3.42, -4.36, -3.27) error=6.521m max_error=10.198m (n=1191)
[INFO] [1788527007.620542313] [vslam_compare]: gt=(-0.14, 0.02, 0.01) vslam=(3.42, -4.36, -3.27) error=6.533m max_error=10.198m (n=1192)
[INFO] [1788527008.620430210] [vslam_compare]: gt=(-0.15, 0.03, 0.0) vslam=(3.42, -4.36, -3.27) error=6.536m max_error=10.198m (n=1193)
[INFO] [1788527009.620517381] [vslam_compare]: gt=(-0.15, 0.03, 0.0) vslam=(3.42, -4.36, -3.27) error=6.537m max_error=10.198m (n=1194)
[INFO] [1788527010.620239037] [vslam_compare]: gt=(-0.15, 0.03, -0.0) vslam=(3.42, -4.36, -3.27) error=6.534m max_error=10.198m (n=1195)
[INFO] [1788527011.620520876] [vslam_compare]: gt=(-0.14, 0.03, -0.0) vslam=(3.42, -4.36, -3.27) error=6.530m max_error=10.198m (n=1196)
[INFO] [1788527012.620747396] [vslam_compare]: gt=(-0.13, 0.03, 0.0) vslam=(3.42, -4.36, -3.27) error=6.529m max_error=10.198m (n=1197)
[INFO] [1788527013.620785079] [vslam_compare]: gt=(-0.13, 0.03, 0.01) vslam=(3.42, -4.36, -3.27) error=6.538m max_error=10.198m (n=1198)
[INFO] [1788527014.620590885] [vslam_compare]: gt=(-0.13, 0.04, 0.01) vslam=(3.42, -4.36, -3.27) error=6.538m max_error=10.198m (n=1199)
[INFO] [1788527015.620592529] [vslam_compare]: gt=(-0.12, 0.05, 0.01) vslam=(3.42, -4.36, -3.27) error=6.540m max_error=10.198m (n=1200)
[INFO] [1788527016.620852345] [vslam_compare]: gt=(-0.11, 0.06, 0.02) vslam=(3.42, -4.36, -3.27) error=6.543m max_error=10.198m (n=1201)
[INFO] [1788527017.620923133] [vslam_compare]: gt=(-0.12, 0.05, 0.02) vslam=(3.42, -4.36, -3.27) error=6.547m max_error=10.198m (n=1202)
[INFO] [1788527018.620323811] [vslam_compare]: gt=(-0.13, 0.03, 0.01) vslam=(3.42, -4.36, -3.27) error=6.530m max_error=10.198m (n=1203)
[INFO] [1788527019.620243005] [vslam_compare]: gt=(-0.13, 0.02, 0.0) vslam=(3.42, -4.36, -3.27) error=6.520m max_error=10.198m (n=1204)
[INFO] [1788527020.620495876] [vslam_compare]: gt=(-0.13, 0.02, 0.01) vslam=(3.42, -4.36, -3.27) error=6.526m max_error=10.198m (n=1205)
[INFO] [1788527021.620501811] [vslam_compare]: gt=(-0.14, 0.01, 0.02) vslam=(3.42, -4.36, -3.27) error=6.532m max_error=10.198m (n=1206)
[INFO] [1788527022.620287301] [vslam_compare]: gt=(-0.14, -0.01, 0.02) vslam=(3.42, -4.36, -3.27) error=6.518m max_error=10.198m (n=1207)
[INFO] [1788527023.620596038] [vslam_compare]: gt=(-0.14, 0.0, 0.01) vslam=(3.42, -4.36, -3.27) error=6.518m max_error=10.198m (n=1208)
[INFO] [1788527024.620461792] [vslam_compare]: gt=(-0.14, 0.01, 0.01) vslam=(3.42, -4.36, -3.27) error=6.526m max_error=10.198m (n=1209)
[INFO] [1788527025.620300482] [vslam_compare]: gt=(-0.15, 0.01, -0.0) vslam=(3.42, -4.36, -3.27) error=6.527m max_error=10.198m (n=1210)
[INFO] [1788527026.620450749] [vslam_compare]: gt=(-0.15, 0.03, -0.01) vslam=(3.42, -4.36, -3.27) error=6.531m max_error=10.198m (n=1211)
[INFO] [1788527027.620305520] [vslam_compare]: gt=(-0.15, 0.03, -0.01) vslam=(3.42, -4.36, -3.27) error=6.533m max_error=10.198m (n=1212)
[INFO] [1788527028.620325684] [vslam_compare]: gt=(-0.16, 0.03, -0.02) vslam=(3.42, -4.36, -3.27) error=6.538m max_error=10.198m (n=1213)
[INFO] [1788527029.620498368] [vslam_compare]: gt=(-0.17, 0.02, -0.01) vslam=(3.42, -4.36, -3.27) error=6.540m max_error=10.198m (n=1214)
[INFO] [1788527030.620562473] [vslam_compare]: gt=(-0.16, 0.02, -0.0) vslam=(3.42, -4.36, -3.27) error=6.533m max_error=10.198m (n=1215)
[INFO] [1788527031.620375971] [vslam_compare]: gt=(-0.16, 0.02, -0.0) vslam=(3.42, -4.36, -3.27) error=6.536m max_error=10.198m (n=1216)
[INFO] [1788527032.620316806] [vslam_compare]: gt=(-0.14, 0.02, 0.01) vslam=(3.42, -4.36, -3.27) error=6.534m max_error=10.198m (n=1217)
[INFO] [1788527033.620413882] [vslam_compare]: gt=(-0.12, 0.03, 0.02) vslam=(3.42, -4.36, -3.27) error=6.525m max_error=10.198m (n=1218)
[INFO] [1788527034.620530243] [vslam_compare]: gt=(-0.12, 0.02, 0.02) vslam=(3.42, -4.36, -3.27) error=6.525m max_error=10.198m (n=1219)
[INFO] [1788527035.620474649] [vslam_compare]: gt=(-0.13, 0.03, 0.02) vslam=(3.42, -4.36, -3.27) error=6.536m max_error=10.198m (n=1220)
[INFO] [1788527036.620297580] [vslam_compare]: gt=(-0.13, 0.03, 0.02) vslam=(3.42, -4.36, -3.27) error=6.536m max_error=10.198m (n=1221)
[INFO] [1788527037.620383901] [vslam_compare]: gt=(-0.12, 0.01, 0.01) vslam=(3.42, -4.36, -3.27) error=6.515m max_error=10.198m (n=1222)
[INFO] [1788527038.620513602] [vslam_compare]: gt=(-0.13, -0.01, 0.01) vslam=(3.42, -4.36, -3.27) error=6.503m max_error=10.198m (n=1223)
[INFO] [1788527039.620602619] [vslam_compare]: gt=(-0.13, -0.02, 0.01) vslam=(3.42, -4.36, -3.27) error=6.503m max_error=10.198m (n=1224)
[INFO] [1788527040.620412361] [vslam_compare]: gt=(-0.13, -0.01, 0.01) vslam=(3.42, -4.36, -3.27) error=6.505m max_error=10.198m (n=1225)
[INFO] [1788527041.620460233] [vslam_compare]: gt=(-0.11, 0.01, 0.01) vslam=(3.42, -4.36, -3.27) error=6.505m max_error=10.198m (n=1226)
[INFO] [1788527042.620365969] [vslam_compare]: gt=(-0.12, 0.01, 0.0) vslam=(3.42, -4.36, -3.27) error=6.509m max_error=10.198m (n=1227)
[INFO] [1788527043.620367020] [vslam_compare]: gt=(-0.12, 0.02, 0.01) vslam=(3.42, -4.36, -3.27) error=6.516m max_error=10.198m (n=1228)
[INFO] [1788527044.620421592] [vslam_compare]: gt=(-0.13, 0.02, 0.0) vslam=(3.42, -4.36, -3.27) error=6.519m max_error=10.198m (n=1229)
[INFO] [1788527045.620493011] [vslam_compare]: gt=(-0.13, 0.01, 0.01) vslam=(3.42, -4.36, -3.27) error=6.521m max_error=10.198m (n=1230)
[INFO] [1788527046.620232316] [vslam_compare]: gt=(-0.13, 0.02, 0.03) vslam=(3.42, -4.36, -3.27) error=6.536m max_error=10.198m (n=1231)
[INFO] [1788527047.620543923] [vslam_compare]: gt=(-0.13, 0.04, 0.03) vslam=(3.42, -4.36, -3.27) error=6.549m max_error=10.198m (n=1232)
[INFO] [1788527048.620655622] [vslam_compare]: gt=(-0.13, 0.03, 0.03) vslam=(3.42, -4.36, -3.27) error=6.546m max_error=10.198m (n=1233)
[INFO] [1788527049.620428522] [vslam_compare]: gt=(-0.12, 0.03, 0.03) vslam=(3.42, -4.36, -3.27) error=6.537m max_error=10.198m (n=1234)
[INFO] [1788527050.620624490] [vslam_compare]: gt=(-0.13, 0.04, 0.02) vslam=(3.42, -4.36, -3.27) error=6.540m max_error=10.198m (n=1235)
[INFO] [1788527051.620279765] [vslam_compare]: gt=(-0.14, 0.03, 0.02) vslam=(3.42, -4.36, -3.27) error=6.537m max_error=10.198m (n=1236)
[INFO] [1788527052.620253382] [vslam_compare]: gt=(-0.14, 0.01, 0.02) vslam=(3.42, -4.36, -3.27) error=6.532m max_error=10.198m (n=1237)
[INFO] [1788527053.620351178] [vslam_compare]: gt=(-0.14, 0.01, 0.01) vslam=(3.42, -4.36, -3.27) error=6.527m max_error=10.198m (n=1238)
[INFO] [1788527054.620364066] [vslam_compare]: gt=(-0.14, 0.01, -0.0) vslam=(3.42, -4.36, -3.27) error=6.518m max_error=10.198m (n=1239)
[INFO] [1788527055.620719084] [vslam_compare]: gt=(-0.14, 0.01, -0.01) vslam=(3.42, -4.36, -3.27) error=6.518m max_error=10.198m (n=1240)
[INFO] [1788527056.620567439] [vslam_compare]: gt=(-0.13, 0.02, 0.0) vslam=(3.42, -4.36, -3.27) error=6.522m max_error=10.198m (n=1241)
[INFO] [1788527057.620384500] [vslam_compare]: gt=(-0.12, 0.01, 0.0) vslam=(3.42, -4.36, -3.27) error=6.511m max_error=10.198m (n=1242)
[INFO] [1788527058.620757557] [vslam_compare]: gt=(-0.11, 0.0, -0.01) vslam=(3.42, -4.36, -3.27) error=6.497m max_error=10.198m (n=1243)
[INFO] [1788527059.620298050] [vslam_compare]: gt=(-0.12, 0.02, -0.01) vslam=(3.42, -4.36, -3.27) error=6.508m max_error=10.198m (n=1244)
[INFO] [1788527060.620238900] [vslam_compare]: gt=(-0.13, 0.04, -0.02) vslam=(3.42, -4.36, -3.27) error=6.518m max_error=10.198m (n=1245)
[INFO] [1788527061.620609212] [vslam_compare]: gt=(-0.12, 0.04, -0.03) vslam=(3.42, -4.36, -3.27) error=6.513m max_error=10.198m (n=1246)
[INFO] [1788527062.620916958] [vslam_compare]: gt=(-0.11, 0.03, -0.03) vslam=(3.42, -4.36, -3.27) error=6.500m max_error=10.198m (n=1247)
[INFO] [1788527063.620340036] [vslam_compare]: gt=(-0.1, 0.02, -0.03) vslam=(3.42, -4.36, -3.27) error=6.485m max_error=10.198m (n=1248)
[INFO] [1788527064.620431531] [vslam_compare]: gt=(-0.1, 0.01, -0.03) vslam=(3.42, -4.36, -3.27) error=6.484m max_error=10.198m (n=1249)
[INFO] [1788527065.620299457] [vslam_compare]: gt=(-0.11, 0.0, -0.01) vslam=(3.42, -4.36, -3.27) error=6.490m max_error=10.198m (n=1250)
[INFO] [1788527066.620442395] [vslam_compare]: gt=(-0.11, 0.01, 0.0) vslam=(3.42, -4.36, -3.27) error=6.503m max_error=10.198m (n=1251)
[INFO] [1788527067.620661282] [vslam_compare]: gt=(-0.11, 0.01, 0.01) vslam=(3.42, -4.36, -3.27) error=6.504m max_error=10.198m (n=1252)
[INFO] [1788527068.620487034] [vslam_compare]: gt=(-0.12, 0.01, 0.01) vslam=(3.42, -4.36, -3.27) error=6.516m max_error=10.198m (n=1253)
[INFO] [1788527069.620757500] [vslam_compare]: gt=(-0.13, 0.02, 0.01) vslam=(3.42, -4.36, -3.27) error=6.528m max_error=10.198m (n=1254)
[INFO] [1788527070.620478864] [vslam_compare]: gt=(-0.12, 0.02, 0.01) vslam=(3.42, -4.36, -3.27) error=6.524m max_error=10.198m (n=1255)
[INFO] [1788527071.620614534] [vslam_compare]: gt=(-0.13, 0.02, 0.0) vslam=(3.42, -4.36, -3.27) error=6.523m max_error=10.198m (n=1256)
[INFO] [1788527072.620236421] [vslam_compare]: gt=(-0.14, 0.04, 0.0) vslam=(3.42, -4.36, -3.27) error=6.536m max_error=10.198m (n=1257)
[INFO] [1788527073.620463648] [vslam_compare]: gt=(-0.13, 0.04, -0.0) vslam=(3.42, -4.36, -3.27) error=6.535m max_error=10.198m (n=1258)
[INFO] [1788527074.620659382] [vslam_compare]: gt=(-0.14, 0.04, -0.0) vslam=(3.42, -4.36, -3.27) error=6.539m max_error=10.198m (n=1259)
[INFO] [1788527075.620506126] [vslam_compare]: gt=(-0.13, 0.04, 0.0) vslam=(3.42, -4.36, -3.27) error=6.536m max_error=10.198m (n=1260)
[INFO] [1788527076.620378722] [vslam_compare]: gt=(-0.12, 0.03, 0.0) vslam=(3.42, -4.36, -3.27) error=6.524m max_error=10.198m (n=1261)
[INFO] [1788527077.620242260] [vslam_compare]: gt=(-0.13, 0.04, 0.0) vslam=(3.42, -4.36, -3.27) error=6.536m max_error=10.198m (n=1262)
[INFO] [1788527078.620360182] [vslam_compare]: gt=(-0.14, 0.04, 0.0) vslam=(3.42, -4.36, -3.27) error=6.537m max_error=10.198m (n=1263)
[INFO] [1788527079.620804849] [vslam_compare]: gt=(-0.14, 0.03, 0.0) vslam=(3.42, -4.36, -3.27) error=6.531m max_error=10.198m (n=1264)
[INFO] [1788527080.620390083] [vslam_compare]: gt=(-0.14, 0.02, 0.01) vslam=(3.42, -4.36, -3.27) error=6.535m max_error=10.198m (n=1265)
[INFO] [1788527081.620528929] [vslam_compare]: gt=(-0.15, 0.02, 0.01) vslam=(3.42, -4.36, -3.27) error=6.537m max_error=10.198m (n=1266)
[INFO] [1788527082.620324989] [vslam_compare]: gt=(-0.16, 0.01, 0.0) vslam=(3.42, -4.36, -3.27) error=6.532m max_error=10.198m (n=1267)
[INFO] [1788527083.620573736] [vslam_compare]: gt=(-0.16, 0.01, -0.01) vslam=(3.42, -4.36, -3.27) error=6.532m max_error=10.198m (n=1268)
[INFO] [1788527084.620519939] [vslam_compare]: gt=(-0.16, -0.0, -0.01) vslam=(3.42, -4.36, -3.27) error=6.521m max_error=10.198m (n=1269)
[INFO] [1788527085.620356389] [vslam_compare]: gt=(-0.16, -0.01, -0.0) vslam=(3.42, -4.36, -3.27) error=6.517m max_error=10.198m (n=1270)
[INFO] [1788527086.620594108] [vslam_compare]: gt=(-0.17, -0.0, 0.0) vslam=(3.42, -4.36, -3.27) error=6.526m max_error=10.198m (n=1271)
[INFO] [1788527087.620600517] [vslam_compare]: gt=(-0.16, 0.0, 0.01) vslam=(3.42, -4.36, -3.27) error=6.532m max_error=10.198m (n=1272)
[INFO] [1788527088.620625397] [vslam_compare]: gt=(-0.15, 0.0, 0.02) vslam=(3.42, -4.36, -3.27) error=6.527m max_error=10.198m (n=1273)
[INFO] [1788527089.620232609] [vslam_compare]: gt=(-0.15, -0.01, 0.01) vslam=(3.42, -4.36, -3.27) error=6.518m max_error=10.198m (n=1274)
[INFO] [1788527090.620234427] [vslam_compare]: gt=(-0.14, -0.01, 0.01) vslam=(3.42, -4.36, -3.27) error=6.513m max_error=10.198m (n=1275)
[INFO] [1788527091.620353198] [vslam_compare]: gt=(-0.13, -0.0, 0.02) vslam=(3.42, -4.36, -3.27) error=6.517m max_error=10.198m (n=1276)
[INFO] [1788527092.620283052] [vslam_compare]: gt=(-0.13, 0.01, 0.01) vslam=(3.42, -4.36, -3.27) error=6.520m max_error=10.198m (n=1277)
[INFO] [1788527093.620304472] [vslam_compare]: gt=(-0.13, 0.02, 0.02) vslam=(3.42, -4.36, -3.27) error=6.533m max_error=10.198m (n=1278)
[INFO] [1788527094.620636744] [vslam_compare]: gt=(-0.15, 0.01, 0.03) vslam=(3.42, -4.36, -3.27) error=6.544m max_error=10.198m (n=1279)
[INFO] [1788527095.620250885] [vslam_compare]: gt=(-0.15, 0.01, 0.03) vslam=(3.42, -4.36, -3.27) error=6.540m max_error=10.198m (n=1280)
[INFO] [1788527096.620548834] [vslam_compare]: gt=(-0.15, 0.01, 0.02) vslam=(3.42, -4.36, -3.27) error=6.530m max_error=10.198m (n=1281)
[INFO] [1788527097.620472548] [vslam_compare]: gt=(-0.15, 0.01, 0.01) vslam=(3.42, -4.36, -3.27) error=6.532m max_error=10.198m (n=1282)
[INFO] [1788527098.620349535] [vslam_compare]: gt=(-0.15, 0.01, 0.0) vslam=(3.42, -4.36, -3.27) error=6.525m max_error=10.198m (n=1283)
[INFO] [1788527099.620267501] [vslam_compare]: gt=(-0.14, 0.0, 0.02) vslam=(3.42, -4.36, -3.27) error=6.522m max_error=10.198m (n=1284)
[INFO] [1788527100.620634117] [vslam_compare]: gt=(-0.14, 0.01, 0.02) vslam=(3.42, -4.36, -3.27) error=6.531m max_error=10.198m (n=1285)
[INFO] [1788527101.620276370] [vslam_compare]: gt=(-0.15, 0.01, 0.02) vslam=(3.42, -4.36, -3.27) error=6.534m max_error=10.198m (n=1286)
[INFO] [1788527102.620317706] [vslam_compare]: gt=(-0.16, 0.02, 0.01) vslam=(3.42, -4.36, -3.27) error=6.540m max_error=10.198m (n=1287)
[INFO] [1788527103.620384467] [vslam_compare]: gt=(-0.16, 0.02, 0.01) vslam=(3.42, -4.36, -3.27) error=6.545m max_error=10.198m (n=1288)
[INFO] [1788527104.620346269] [vslam_compare]: gt=(-0.16, 0.03, 0.02) vslam=(3.42, -4.36, -3.27) error=6.557m max_error=10.198m (n=1289)
[INFO] [1788527105.620583197] [vslam_compare]: gt=(-0.16, 0.04, 0.03) vslam=(3.42, -4.36, -3.27) error=6.567m max_error=10.198m (n=1290)
[INFO] [1788527106.620451699] [vslam_compare]: gt=(-0.15, 0.04, 0.02) vslam=(3.42, -4.36, -3.27) error=6.557m max_error=10.198m (n=1291)
[INFO] [1788527107.620334034] [vslam_compare]: gt=(-0.14, 0.03, 0.02) vslam=(3.42, -4.36, -3.27) error=6.543m max_error=10.198m (n=1292)
[INFO] [1788527108.620429934] [vslam_compare]: gt=(-0.14, 0.03, 0.02) vslam=(3.42, -4.36, -3.27) error=6.542m max_error=10.198m (n=1293)
[INFO] [1788527109.620395595] [vslam_compare]: gt=(-0.14, 0.03, 0.01) vslam=(3.42, -4.36, -3.27) error=6.537m max_error=10.198m (n=1294)
[INFO] [1788527110.620431083] [vslam_compare]: gt=(-0.14, 0.03, -0.0) vslam=(3.42, -4.36, -3.27) error=6.531m max_error=10.198m (n=1295)
[INFO] [1788527111.620676497] [vslam_compare]: gt=(-0.14, 0.03, -0.01) vslam=(3.42, -4.36, -3.27) error=6.528m max_error=10.198m (n=1296)
[INFO] [1788527112.620572440] [vslam_compare]: gt=(-0.15, 0.04, -0.0) vslam=(3.42, -4.36, -3.27) error=6.541m max_error=10.198m (n=1297)
[INFO] [1788527113.620731584] [vslam_compare]: gt=(-0.15, 0.03, 0.01) vslam=(3.42, -4.36, -3.27) error=6.545m max_error=10.198m (n=1298)
[INFO] [1788527114.620457510] [vslam_compare]: gt=(-0.15, 0.02, 0.02) vslam=(3.42, -4.36, -3.27) error=6.540m max_error=10.198m (n=1299)
[INFO] [1788527115.620320884] [vslam_compare]: gt=(-0.14, 0.0, 0.03) vslam=(3.42, -4.36, -3.27) error=6.530m max_error=10.198m (n=1300)
[INFO] [1788527116.620599086] [vslam_compare]: gt=(-0.14, -0.0, 0.03) vslam=(3.42, -4.36, -3.27) error=6.531m max_error=10.198m (n=1301)
[INFO] [1788527117.620270263] [vslam_compare]: gt=(-0.15, 0.01, 0.03) vslam=(3.42, -4.36, -3.27) error=6.542m max_error=10.198m (n=1302)
[INFO] [1788527118.620465558] [vslam_compare]: gt=(-0.14, 0.02, 0.03) vslam=(3.42, -4.36, -3.27) error=6.541m max_error=10.198m (n=1303)
[INFO] [1788527119.620352615] [vslam_compare]: gt=(-0.14, 0.02, 0.03) vslam=(3.42, -4.36, -3.27) error=6.546m max_error=10.198m (n=1304)
[INFO] [1788527120.620494312] [vslam_compare]: gt=(-0.15, 0.02, 0.03) vslam=(3.42, -4.36, -3.27) error=6.549m max_error=10.198m (n=1305)
[INFO] [1788527121.620292564] [vslam_compare]: gt=(-0.15, 0.03, 0.02) vslam=(3.42, -4.36, -3.27) error=6.553m max_error=10.198m (n=1306)
[INFO] [1788527122.620298345] [vslam_compare]: gt=(-0.16, 0.04, 0.02) vslam=(3.42, -4.36, -3.27) error=6.561m max_error=10.198m (n=1307)
[INFO] [1788527123.620233896] [vslam_compare]: gt=(-0.17, 0.03, 0.02) vslam=(3.42, -4.36, -3.27) error=6.558m max_error=10.198m (n=1308)
[INFO] [1788527124.620275252] [vslam_compare]: gt=(-0.17, 0.01, 0.03) vslam=(3.42, -4.36, -3.27) error=6.555m max_error=10.198m (n=1309)
[INFO] [1788527125.620798071] [vslam_compare]: gt=(-0.17, -0.01, 0.03) vslam=(3.42, -4.36, -3.27) error=6.539m max_error=10.198m (n=1310)
[INFO] [1788527126.620617483] [vslam_compare]: gt=(-0.16, -0.02, 0.03) vslam=(3.42, -4.36, -3.27) error=6.525m max_error=10.198m (n=1311)
[INFO] [1788527127.620518036] [vslam_compare]: gt=(-0.15, -0.01, 0.03) vslam=(3.42, -4.36, -3.27) error=6.524m max_error=10.198m (n=1312)
[INFO] [1788527128.620372072] [vslam_compare]: gt=(-0.15, -0.0, 0.02) vslam=(3.42, -4.36, -3.27) error=6.526m max_error=10.198m (n=1313)
[INFO] [1788527129.620224343] [vslam_compare]: gt=(-0.15, -0.0, 0.01) vslam=(3.42, -4.36, -3.27) error=6.521m max_error=10.198m (n=1314)
[INFO] [1788527130.620444257] [vslam_compare]: gt=(-0.14, -0.0, 0.0) vslam=(3.42, -4.36, -3.27) error=6.513m max_error=10.198m (n=1315)
[INFO] [1788527131.620505390] [vslam_compare]: gt=(-0.13, -0.01, 0.01) vslam=(3.42, -4.36, -3.27) error=6.503m max_error=10.198m (n=1316)
[INFO] [1788527132.620373164] [vslam_compare]: gt=(-0.12, 0.01, 0.01) vslam=(3.42, -4.36, -3.27) error=6.514m max_error=10.198m (n=1317)
[INFO] [1788527133.620675224] [vslam_compare]: gt=(-0.11, 0.03, 0.01) vslam=(3.42, -4.36, -3.27) error=6.525m max_error=10.198m (n=1318)
[INFO] [1788527134.620394055] [vslam_compare]: gt=(-0.12, 0.02, 0.02) vslam=(3.42, -4.36, -3.27) error=6.527m max_error=10.198m (n=1319)
[INFO] [1788527135.620599022] [vslam_compare]: gt=(-0.13, 0.0, 0.02) vslam=(3.42, -4.36, -3.27) error=6.519m max_error=10.198m (n=1320)
[INFO] [1788527136.620562221] [vslam_compare]: gt=(-0.13, -0.0, 0.03) vslam=(3.42, -4.36, -3.27) error=6.515m max_error=10.198m (n=1321)
[INFO] [1788527137.620322946] [vslam_compare]: gt=(-0.12, 0.01, 0.03) vslam=(3.42, -4.36, -3.27) error=6.523m max_error=10.198m (n=1322)
[INFO] [1788527138.620561945] [vslam_compare]: gt=(-0.12, 0.03, 0.02) vslam=(3.42, -4.36, -3.27) error=6.536m max_error=10.198m (n=1323)
[INFO] [1788527139.620770935] [vslam_compare]: gt=(-0.14, 0.03, 0.02) vslam=(3.42, -4.36, -3.27) error=6.541m max_error=10.198m (n=1324)
[INFO] [1788527140.620479442] [vslam_compare]: gt=(-0.14, 0.02, 0.01) vslam=(3.42, -4.36, -3.27) error=6.533m max_error=10.198m (n=1325)
[INFO] [1788527141.620483699] [vslam_compare]: gt=(-0.12, 0.0, 0.02) vslam=(3.42, -4.36, -3.27) error=6.513m max_error=10.198m (n=1326)
[INFO] [1788527142.620688072] [vslam_compare]: gt=(-0.12, -0.01, 0.01) vslam=(3.42, -4.36, -3.27) error=6.498m max_error=10.198m (n=1327)
[INFO] [1788527143.620367709] [vslam_compare]: gt=(-0.13, -0.01, 0.01) vslam=(3.42, -4.36, -3.27) error=6.508m max_error=10.198m (n=1328)
[INFO] [1788527144.620294143] [vslam_compare]: gt=(-0.14, -0.0, 0.01) vslam=(3.42, -4.36, -3.27) error=6.514m max_error=10.198m (n=1329)
[INFO] [1788527145.620320044] [vslam_compare]: gt=(-0.15, -0.01, 0.02) vslam=(3.42, -4.36, -3.27) error=6.517m max_error=10.198m (n=1330)
[INFO] [1788527146.620517715] [vslam_compare]: gt=(-0.14, -0.01, 0.01) vslam=(3.42, -4.36, -3.27) error=6.515m max_error=10.198m (n=1331)
[INFO] [1788527147.620474556] [vslam_compare]: gt=(-0.14, 0.02, 0.01) vslam=(3.42, -4.36, -3.27) error=6.530m max_error=10.198m (n=1332)
[INFO] [1788527148.620680677] [vslam_compare]: gt=(-0.13, 0.03, 0.02) vslam=(3.42, -4.36, -3.27) error=6.536m max_error=10.198m (n=1333)
[INFO] [1788527149.620338238] [vslam_compare]: gt=(-0.13, 0.01, 0.01) vslam=(3.42, -4.36, -3.27) error=6.518m max_error=10.198m (n=1334)
[INFO] [1788527150.620497065] [vslam_compare]: gt=(-0.12, -0.01, 0.01) vslam=(3.42, -4.36, -3.27) error=6.503m max_error=10.198m (n=1335)
[INFO] [1788527151.620517751] [vslam_compare]: gt=(-0.12, -0.0, 0.01) vslam=(3.42, -4.36, -3.27) error=6.506m max_error=10.198m (n=1336)
[INFO] [1788527152.620617910] [vslam_compare]: gt=(-0.13, 0.01, 0.01) vslam=(3.42, -4.36, -3.27) error=6.512m max_error=10.198m (n=1337)
[INFO] [1788527153.621000667] [vslam_compare]: gt=(-0.15, 0.01, 0.01) vslam=(3.42, -4.36, -3.27) error=6.530m max_error=10.198m (n=1338)
[INFO] [1788527154.620992446] [vslam_compare]: gt=(-0.15, 0.02, 0.01) vslam=(3.42, -4.36, -3.27) error=6.536m max_error=10.198m (n=1339)
[INFO] [1788527155.620783377] [vslam_compare]: gt=(-0.14, 0.03, 0.0) vslam=(3.42, -4.36, -3.27) error=6.530m max_error=10.198m (n=1340)
[INFO] [1788527156.620527183] [vslam_compare]: gt=(-0.13, 0.02, -0.0) vslam=(3.42, -4.36, -3.27) error=6.520m max_error=10.198m (n=1341)
[INFO] [1788527157.620825946] [vslam_compare]: gt=(-0.11, 0.01, -0.0) vslam=(3.42, -4.36, -3.27) error=6.503m max_error=10.198m (n=1342)
[INFO] [1788527158.620279040] [vslam_compare]: gt=(-0.12, 0.01, 0.0) vslam=(3.42, -4.36, -3.27) error=6.514m max_error=10.198m (n=1343)
[INFO] [1788527159.620511611] [vslam_compare]: gt=(-0.13, 0.01, -0.0) vslam=(3.42, -4.36, -3.27) error=6.514m max_error=10.198m (n=1344)
[INFO] [1788527160.620581351] [vslam_compare]: gt=(-0.13, 0.01, -0.01) vslam=(3.42, -4.36, -3.27) error=6.511m max_error=10.198m (n=1345)
[INFO] [1788527161.620546450] [vslam_compare]: gt=(-0.14, 0.02, -0.02) vslam=(3.42, -4.36, -3.27) error=6.515m max_error=10.198m (n=1346)
[INFO] [1788527162.620445198] [vslam_compare]: gt=(-0.15, 0.01, -0.01) vslam=(3.42, -4.36, -3.27) error=6.519m max_error=10.198m (n=1347)
[INFO] [1788527163.620362308] [vslam_compare]: gt=(-0.14, 0.02, -0.01) vslam=(3.42, -4.36, -3.27) error=6.521m max_error=10.198m (n=1348)
[INFO] [1788527164.620475032] [vslam_compare]: gt=(-0.13, 0.01, -0.01) vslam=(3.42, -4.36, -3.27) error=6.512m max_error=10.198m (n=1349)
[INFO] [1788527165.620486600] [vslam_compare]: gt=(-0.12, 0.01, -0.02) vslam=(3.42, -4.36, -3.27) error=6.502m max_error=10.198m (n=1350)
[INFO] [1788527166.621127464] [vslam_compare]: gt=(-0.13, 0.02, -0.02) vslam=(3.42, -4.36, -3.27) error=6.509m max_error=10.198m (n=1351)
[INFO] [1788527167.620341636] [vslam_compare]: gt=(-0.14, 0.04, -0.02) vslam=(3.42, -4.36, -3.27) error=6.528m max_error=10.198m (n=1352)
[INFO] [1788527168.620583912] [vslam_compare]: gt=(-0.14, 0.05, -0.01) vslam=(3.42, -4.36, -3.27) error=6.542m max_error=10.198m (n=1353)
[INFO] [1788527169.620769030] [vslam_compare]: gt=(-0.15, 0.05, -0.0) vslam=(3.42, -4.36, -3.27) error=6.545m max_error=10.198m (n=1354)
[INFO] [1788527170.620639412] [vslam_compare]: gt=(-0.15, 0.05, 0.0) vslam=(3.42, -4.36, -3.27) error=6.554m max_error=10.198m (n=1355)
[INFO] [1788527171.620478652] [vslam_compare]: gt=(-0.14, 0.05, 0.01) vslam=(3.42, -4.36, -3.27) error=6.554m max_error=10.198m (n=1356)
[INFO] [1788527172.620259509] [vslam_compare]: gt=(-0.15, 0.07, 0.01) vslam=(3.42, -4.36, -3.27) error=6.566m max_error=10.198m (n=1357)
[INFO] [1788527173.620614932] [vslam_compare]: gt=(-0.14, 0.07, 0.01) vslam=(3.42, -4.36, -3.27) error=6.566m max_error=10.198m (n=1358)
[INFO] [1788527174.620729186] [vslam_compare]: gt=(-0.16, 0.05, 0.01) vslam=(3.42, -4.36, -3.27) error=6.561m max_error=10.198m (n=1359)
[INFO] [1788527175.620255624] [vslam_compare]: gt=(-0.17, 0.05, 0.0) vslam=(3.42, -4.36, -3.27) error=6.559m max_error=10.198m (n=1360)
[INFO] [1788527176.620287654] [vslam_compare]: gt=(-0.14, 0.03, -0.0) vslam=(3.42, -4.36, -3.27) error=6.534m max_error=10.198m (n=1361)
[INFO] [1788527177.620292713] [vslam_compare]: gt=(-0.14, 0.0, -0.01) vslam=(3.42, -4.36, -3.27) error=6.509m max_error=10.198m (n=1362)
[INFO] [1788527178.620591239] [vslam_compare]: gt=(-0.13, 0.0, -0.02) vslam=(3.42, -4.36, -3.27) error=6.498m max_error=10.198m (n=1363)
[INFO] [1788527179.620878380] [vslam_compare]: gt=(-0.12, 0.02, -0.02) vslam=(3.42, -4.36, -3.27) error=6.504m max_error=10.198m (n=1364)
[INFO] [1788527180.620235558] [vslam_compare]: gt=(-0.12, 0.01, -0.01) vslam=(3.42, -4.36, -3.27) error=6.505m max_error=10.198m (n=1365)
[INFO] [1788527181.620576158] [vslam_compare]: gt=(-0.13, 0.0, -0.0) vslam=(3.42, -4.36, -3.27) error=6.511m max_error=10.198m (n=1366)
[INFO] [1788527182.620504371] [vslam_compare]: gt=(-0.13, 0.01, -0.0) vslam=(3.42, -4.36, -3.27) error=6.518m max_error=10.198m (n=1367)
[INFO] [1788527183.620332118] [vslam_compare]: gt=(-0.14, 0.02, 0.0) vslam=(3.42, -4.36, -3.27) error=6.528m max_error=10.198m (n=1368)
[INFO] [1788527184.620290996] [vslam_compare]: gt=(-0.12, 0.02, 0.0) vslam=(3.42, -4.36, -3.27) error=6.521m max_error=10.198m (n=1369)
[INFO] [1788527185.620446168] [vslam_compare]: gt=(-0.13, 0.02, 0.01) vslam=(3.42, -4.36, -3.27) error=6.530m max_error=10.198m (n=1370)
[INFO] [1788527186.620545510] [vslam_compare]: gt=(-0.14, 0.03, 0.01) vslam=(3.42, -4.36, -3.27) error=6.537m max_error=10.198m (n=1371)
[INFO] [1788527187.620293939] [vslam_compare]: gt=(-0.16, 0.04, 0.0) vslam=(3.42, -4.36, -3.27) error=6.547m max_error=10.198m (n=1372)
[INFO] [1788527188.620491617] [vslam_compare]: gt=(-0.15, 0.05, 0.0) vslam=(3.42, -4.36, -3.27) error=6.555m max_error=10.198m (n=1373)
[INFO] [1788527189.620313185] [vslam_compare]: gt=(-0.14, 0.06, -0.0) vslam=(3.42, -4.36, -3.27) error=6.553m max_error=10.198m (n=1374)
[INFO] [1788527190.620681121] [vslam_compare]: gt=(-0.13, 0.06, 0.01) vslam=(3.42, -4.36, -3.27) error=6.550m max_error=10.198m (n=1375)
[INFO] [1788527191.620526397] [vslam_compare]: gt=(-0.14, 0.05, 0.01) vslam=(3.42, -4.36, -3.27) error=6.553m max_error=10.198m (n=1376)
[INFO] [1788527192.620779706] [vslam_compare]: gt=(-0.15, 0.04, 0.01) vslam=(3.42, -4.36, -3.27) error=6.550m max_error=10.198m (n=1377)
[INFO] [1788527193.620294976] [vslam_compare]: gt=(-0.14, 0.03, 0.02) vslam=(3.42, -4.36, -3.27) error=6.541m max_error=10.198m (n=1378)
[INFO] [1788527194.620292201] [vslam_compare]: gt=(-0.13, 0.02, 0.01) vslam=(3.42, -4.36, -3.27) error=6.526m max_error=10.198m (n=1379)
[INFO] [1788527195.620326389] [vslam_compare]: gt=(-0.14, 0.02, 0.0) vslam=(3.42, -4.36, -3.27) error=6.527m max_error=10.198m (n=1380)
[INFO] [1788527196.620559927] [vslam_compare]: gt=(-0.13, 0.02, 0.01) vslam=(3.42, -4.36, -3.27) error=6.529m max_error=10.198m (n=1381)
[INFO] [1788527197.620349716] [vslam_compare]: gt=(-0.12, 0.02, 0.01) vslam=(3.42, -4.36, -3.27) error=6.520m max_error=10.198m (n=1382)
[INFO] [1788527198.620321545] [vslam_compare]: gt=(-0.13, 0.01, -0.0) vslam=(3.42, -4.36, -3.27) error=6.513m max_error=10.198m (n=1383)
[INFO] [1788527199.620536767] [vslam_compare]: gt=(-0.14, 0.0, 0.01) vslam=(3.42, -4.36, -3.27) error=6.519m max_error=10.198m (n=1384)
[INFO] [1788527200.620489860] [vslam_compare]: gt=(-0.14, 0.01, 0.02) vslam=(3.42, -4.36, -3.27) error=6.527m max_error=10.198m (n=1385)
[INFO] [1788527201.620317582] [vslam_compare]: gt=(-0.14, 0.01, 0.03) vslam=(3.42, -4.36, -3.27) error=6.534m max_error=10.198m (n=1386)
[INFO] [1788527202.620420948] [vslam_compare]: gt=(-0.13, 0.01, 0.02) vslam=(3.42, -4.36, -3.27) error=6.528m max_error=10.198m (n=1387)
[INFO] [1788527203.620311890] [vslam_compare]: gt=(-0.13, 0.01, 0.01) vslam=(3.42, -4.36, -3.27) error=6.521m max_error=10.198m (n=1388)
[INFO] [1788527204.620525544] [vslam_compare]: gt=(-0.13, 0.02, 0.0) vslam=(3.42, -4.36, -3.27) error=6.524m max_error=10.198m (n=1389)
[INFO] [1788527205.620772721] [vslam_compare]: gt=(-0.13, 0.03, -0.01) vslam=(3.42, -4.36, -3.27) error=6.524m max_error=10.198m (n=1390)
[INFO] [1788527206.620555456] [vslam_compare]: gt=(-0.13, 0.03, -0.01) vslam=(3.42, -4.36, -3.27) error=6.525m max_error=10.198m (n=1391)
[INFO] [1788527207.620670887] [vslam_compare]: gt=(-0.12, 0.03, -0.0) vslam=(3.42, -4.36, -3.27) error=6.518m max_error=10.198m (n=1392)
[INFO] [1788527208.620410517] [vslam_compare]: gt=(-0.12, 0.02, -0.01) vslam=(3.42, -4.36, -3.27) error=6.516m max_error=10.198m (n=1393)
[INFO] [1788527209.620540602] [vslam_compare]: gt=(-0.12, 0.02, -0.01) vslam=(3.42, -4.36, -3.27) error=6.513m max_error=10.198m (n=1394)
[INFO] [1788527210.620571385] [vslam_compare]: gt=(-0.11, 0.03, -0.02) vslam=(3.42, -4.36, -3.27) error=6.506m max_error=10.198m (n=1395)
[INFO] [1788527211.620654067] [vslam_compare]: gt=(-0.12, 0.01, -0.01) vslam=(3.42, -4.36, -3.27) error=6.502m max_error=10.198m (n=1396)
[INFO] [1788527212.620618502] [vslam_compare]: gt=(-0.12, 0.0, 0.0) vslam=(3.42, -4.36, -3.27) error=6.507m max_error=10.198m (n=1397)
[INFO] [1788527213.620886203] [vslam_compare]: gt=(-0.13, 0.01, 0.02) vslam=(3.42, -4.36, -3.27) error=6.521m max_error=10.198m (n=1398)
[INFO] [1788527214.620261703] [vslam_compare]: gt=(-0.13, 0.01, 0.01) vslam=(3.42, -4.36, -3.27) error=6.525m max_error=10.198m (n=1399)
[INFO] [1788527215.620467196] [vslam_compare]: gt=(-0.14, 0.01, 0.01) vslam=(3.42, -4.36, -3.27) error=6.525m max_error=10.198m (n=1400)
[INFO] [1788527216.620836571] [vslam_compare]: gt=(-0.15, 0.01, 0.01) vslam=(3.42, -4.36, -3.27) error=6.529m max_error=10.198m (n=1401)
[INFO] [1788527217.620410094] [vslam_compare]: gt=(-0.15, 0.0, 0.01) vslam=(3.42, -4.36, -3.27) error=6.527m max_error=10.198m (n=1402)
[INFO] [1788527218.620819666] [vslam_compare]: gt=(-0.14, 0.0, 0.01) vslam=(3.42, -4.36, -3.27) error=6.519m max_error=10.198m (n=1403)
[INFO] [1788527219.620490082] [vslam_compare]: gt=(-0.14, -0.0, 0.01) vslam=(3.42, -4.36, -3.27) error=6.515m max_error=10.198m (n=1404)
[INFO] [1788527220.620338315] [vslam_compare]: gt=(-0.14, -0.0, 0.01) vslam=(3.42, -4.36, -3.27) error=6.514m max_error=10.198m (n=1405)
[INFO] [1788527221.620377785] [vslam_compare]: gt=(-0.13, 0.02, -0.0) vslam=(3.42, -4.36, -3.27) error=6.520m max_error=10.198m (n=1406)
[INFO] [1788527222.620665876] [vslam_compare]: gt=(-0.13, 0.01, -0.01) vslam=(3.42, -4.36, -3.27) error=6.509m max_error=10.198m (n=1407)
[INFO] [1788527223.620403154] [vslam_compare]: gt=(-0.13, 0.0, -0.01) vslam=(3.42, -4.36, -3.27) error=6.502m max_error=10.198m (n=1408)
[INFO] [1788527224.620462665] [vslam_compare]: gt=(-0.13, -0.01, -0.03) vslam=(3.42, -4.36, -3.27) error=6.488m max_error=10.198m (n=1409)
[INFO] [1788527225.620669540] [vslam_compare]: gt=(-0.14, -0.01, -0.02) vslam=(3.42, -4.36, -3.27) error=6.495m max_error=10.198m (n=1410)
[INFO] [1788527226.620412862] [vslam_compare]: gt=(-0.14, -0.01, -0.03) vslam=(3.42, -4.36, -3.27) error=6.493m max_error=10.198m (n=1411)
[INFO] [1788527227.620274215] [vslam_compare]: gt=(-0.14, -0.03, -0.01) vslam=(3.42, -4.36, -3.27) error=6.490m max_error=10.198m (n=1412)
[INFO] [1788527228.620294038] [vslam_compare]: gt=(-0.14, -0.04, 0.0) vslam=(3.42, -4.36, -3.27) error=6.492m max_error=10.198m (n=1413)
[INFO] [1788527229.620800749] [vslam_compare]: gt=(-0.13, -0.03, 0.01) vslam=(3.42, -4.36, -3.27) error=6.493m max_error=10.198m (n=1414)
[INFO] [1788527230.620892802] [vslam_compare]: gt=(-0.12, -0.0, 0.01) vslam=(3.42, -4.36, -3.27) error=6.507m max_error=10.198m (n=1415)
[INFO] [1788527231.620571442] [vslam_compare]: gt=(-0.14, 0.01, 0.01) vslam=(3.42, -4.36, -3.27) error=6.524m max_error=10.198m (n=1416)
[INFO] [1788527232.620668406] [vslam_compare]: gt=(-0.14, 0.03, -0.0) vslam=(3.42, -4.36, -3.27) error=6.534m max_error=10.198m (n=1417)
[INFO] [1788527233.620776627] [vslam_compare]: gt=(-0.13, 0.04, -0.02) vslam=(3.42, -4.36, -3.27) error=6.526m max_error=10.198m (n=1418)
[INFO] [1788527234.620656087] [vslam_compare]: gt=(-0.13, 0.05, -0.02) vslam=(3.42, -4.36, -3.27) error=6.535m max_error=10.198m (n=1419)
[INFO] [1788527235.620346017] [vslam_compare]: gt=(-0.13, 0.06, -0.02) vslam=(3.42, -4.36, -3.27) error=6.537m max_error=10.198m (n=1420)
[INFO] [1788527236.621133619] [vslam_compare]: gt=(-0.12, 0.04, -0.02) vslam=(3.42, -4.36, -3.27) error=6.520m max_error=10.198m (n=1421)
[INFO] [1788527237.621037472] [vslam_compare]: gt=(-0.11, 0.04, -0.02) vslam=(3.42, -4.36, -3.27) error=6.517m max_error=10.198m (n=1422)
[INFO] [1788527238.620287337] [vslam_compare]: gt=(-0.11, 0.04, -0.03) vslam=(3.42, -4.36, -3.27) error=6.510m max_error=10.198m (n=1423)
[INFO] [1788527239.620476232] [vslam_compare]: gt=(-0.12, 0.03, -0.02) vslam=(3.42, -4.36, -3.27) error=6.510m max_error=10.198m (n=1424)
[INFO] [1788527240.620272270] [vslam_compare]: gt=(-0.13, 0.01, -0.02) vslam=(3.42, -4.36, -3.27) error=6.506m max_error=10.198m (n=1425)
[INFO] [1788527241.620396456] [vslam_compare]: gt=(-0.13, -0.0, -0.01) vslam=(3.42, -4.36, -3.27) error=6.502m max_error=10.198m (n=1426)
[INFO] [1788527242.620767240] [vslam_compare]: gt=(-0.14, -0.01, 0.0) vslam=(3.42, -4.36, -3.27) error=6.506m max_error=10.198m (n=1427)
[INFO] [1788527243.620431108] [vslam_compare]: gt=(-0.13, 0.01, -0.01) vslam=(3.42, -4.36, -3.27) error=6.504m max_error=10.198m (n=1428)
[INFO] [1788527244.620447978] [vslam_compare]: gt=(-0.14, 0.03, -0.01) vslam=(3.42, -4.36, -3.27) error=6.526m max_error=10.198m (n=1429)
[INFO] [1788527245.620280775] [vslam_compare]: gt=(-0.13, 0.04, -0.0) vslam=(3.42, -4.36, -3.27) error=6.535m max_error=10.198m (n=1430)
[INFO] [1788527246.620291789] [vslam_compare]: gt=(-0.12, 0.02, -0.01) vslam=(3.42, -4.36, -3.27) error=6.514m max_error=10.198m (n=1431)
[INFO] [1788527247.620300454] [vslam_compare]: gt=(-0.12, 0.01, -0.01) vslam=(3.42, -4.36, -3.27) error=6.498m max_error=10.198m (n=1432)
[INFO] [1788527248.620320098] [vslam_compare]: gt=(-0.1, 0.0, -0.02) vslam=(3.42, -4.36, -3.27) error=6.483m max_error=10.198m (n=1433)
[INFO] [1788527249.620371913] [vslam_compare]: gt=(-0.1, -0.0, -0.02) vslam=(3.42, -4.36, -3.27) error=6.479m max_error=10.198m (n=1434)
[INFO] [1788527250.620229442] [vslam_compare]: gt=(-0.11, 0.0, -0.01) vslam=(3.42, -4.36, -3.27) error=6.493m max_error=10.198m (n=1435)
[INFO] [1788527251.620613837] [vslam_compare]: gt=(-0.11, 0.01, -0.01) vslam=(3.42, -4.36, -3.27) error=6.496m max_error=10.198m (n=1436)
[INFO] [1788527252.620686296] [vslam_compare]: gt=(-0.11, -0.01, -0.0) vslam=(3.42, -4.36, -3.27) error=6.490m max_error=10.198m (n=1437)
[INFO] [1788527253.620459076] [vslam_compare]: gt=(-0.11, -0.0, -0.0) vslam=(3.42, -4.36, -3.27) error=6.495m max_error=10.198m (n=1438)
[INFO] [1788527254.620766741] [vslam_compare]: gt=(-0.12, 0.01, 0.0) vslam=(3.42, -4.36, -3.27) error=6.515m max_error=10.198m (n=1439)
[INFO] [1788527255.620413293] [vslam_compare]: gt=(-0.14, 0.01, 0.0) vslam=(3.42, -4.36, -3.27) error=6.519m max_error=10.198m (n=1440)
[INFO] [1788527256.620509545] [vslam_compare]: gt=(-0.13, 0.01, -0.0) vslam=(3.42, -4.36, -3.27) error=6.514m max_error=10.198m (n=1441)
[INFO] [1788527257.620384137] [vslam_compare]: gt=(-0.12, 0.02, -0.0) vslam=(3.42, -4.36, -3.27) error=6.514m max_error=10.198m (n=1442)
[INFO] [1788527258.620349800] [vslam_compare]: gt=(-0.13, 0.02, -0.01) vslam=(3.42, -4.36, -3.27) error=6.516m max_error=10.198m (n=1443)
[INFO] [1788527259.620504772] [vslam_compare]: gt=(-0.14, 0.02, -0.01) vslam=(3.42, -4.36, -3.27) error=6.523m max_error=10.198m (n=1444)
[INFO] [1788527260.620247401] [vslam_compare]: gt=(-0.14, 0.03, -0.01) vslam=(3.42, -4.36, -3.27) error=6.530m max_error=10.198m (n=1445)
[INFO] [1788527261.620353325] [vslam_compare]: gt=(-0.13, 0.04, -0.0) vslam=(3.42, -4.36, -3.27) error=6.532m max_error=10.198m (n=1446)
[INFO] [1788527262.620306504] [vslam_compare]: gt=(-0.12, 0.03, -0.01) vslam=(3.42, -4.36, -3.27) error=6.516m max_error=10.198m (n=1447)
[INFO] [1788527263.620289871] [vslam_compare]: gt=(-0.11, 0.02, -0.01) vslam=(3.42, -4.36, -3.27) error=6.506m max_error=10.198m (n=1448)
[INFO] [1788527264.620601568] [vslam_compare]: gt=(-0.12, 0.05, -0.0) vslam=(3.42, -4.36, -3.27) error=6.532m max_error=10.198m (n=1449)
[INFO] [1788527265.620457174] [vslam_compare]: gt=(-0.14, 0.05, -0.0) vslam=(3.42, -4.36, -3.27) error=6.549m max_error=10.198m (n=1450)
[INFO] [1788527266.620266271] [vslam_compare]: gt=(-0.14, 0.05, 0.0) vslam=(3.42, -4.36, -3.27) error=6.543m max_error=10.198m (n=1451)
[INFO] [1788527267.620403300] [vslam_compare]: gt=(-0.13, 0.04, 0.01) vslam=(3.42, -4.36, -3.27) error=6.541m max_error=10.198m (n=1452)
[INFO] [1788527268.620856179] [vslam_compare]: gt=(-0.14, 0.04, 0.02) vslam=(3.42, -4.36, -3.27) error=6.542m max_error=10.198m (n=1453)
[INFO] [1788527269.620486588] [vslam_compare]: gt=(-0.14, 0.05, 0.02) vslam=(3.42, -4.36, -3.27) error=6.552m max_error=10.198m (n=1454)
[INFO] [1788527270.620372972] [vslam_compare]: gt=(-0.13, 0.05, 0.03) vslam=(3.42, -4.36, -3.27) error=6.551m max_error=10.198m (n=1455)
[INFO] [1788527271.620326248] [vslam_compare]: gt=(-0.11, 0.05, 0.03) vslam=(3.42, -4.36, -3.27) error=6.543m max_error=10.198m (n=1456)
[INFO] [1788527272.620597143] [vslam_compare]: gt=(-0.12, 0.05, 0.03) vslam=(3.42, -4.36, -3.27) error=6.551m max_error=10.198m (n=1457)
[INFO] [1788527273.620407470] [vslam_compare]: gt=(-0.12, 0.04, 0.04) vslam=(3.42, -4.36, -3.27) error=6.547m max_error=10.198m (n=1458)
[INFO] [1788527274.620723200] [vslam_compare]: gt=(-0.12, 0.03, 0.03) vslam=(3.42, -4.36, -3.27) error=6.537m max_error=10.198m (n=1459)
[INFO] [1788527275.620366195] [vslam_compare]: gt=(-0.11, 0.01, 0.02) vslam=(3.42, -4.36, -3.27) error=6.514m max_error=10.198m (n=1460)
[INFO] [1788527276.620292948] [vslam_compare]: gt=(-0.11, 0.0, 0.02) vslam=(3.42, -4.36, -3.27) error=6.507m max_error=10.198m (n=1461)
[INFO] [1788527277.621161076] [vslam_compare]: gt=(-0.1, 0.0, 0.03) vslam=(3.42, -4.36, -3.27) error=6.508m max_error=10.198m (n=1462)
[INFO] [1788527278.620291964] [vslam_compare]: gt=(-0.11, 0.01, 0.02) vslam=(3.42, -4.36, -3.27) error=6.512m max_error=10.198m (n=1463)
[INFO] [1788527279.620344662] [vslam_compare]: gt=(-0.11, 0.02, 0.01) vslam=(3.42, -4.36, -3.27) error=6.513m max_error=10.198m (n=1464)
[INFO] [1788527280.620514042] [vslam_compare]: gt=(-0.12, 0.0, 0.01) vslam=(3.42, -4.36, -3.27) error=6.506m max_error=10.198m (n=1465)
[INFO] [1788527281.620582697] [vslam_compare]: gt=(-0.13, 0.01, 0.0) vslam=(3.42, -4.36, -3.27) error=6.515m max_error=10.198m (n=1466)
[INFO] [1788527282.620733798] [vslam_compare]: gt=(-0.14, 0.02, 0.01) vslam=(3.42, -4.36, -3.27) error=6.537m max_error=10.198m (n=1467)
[INFO] [1788527283.620230795] [vslam_compare]: gt=(-0.14, 0.03, 0.01) vslam=(3.42, -4.36, -3.27) error=6.539m max_error=10.198m (n=1468)
[INFO] [1788527284.620325999] [vslam_compare]: gt=(-0.13, 0.02, 0.01) vslam=(3.42, -4.36, -3.27) error=6.527m max_error=10.198m (n=1469)
[INFO] [1788527285.620540988] [vslam_compare]: gt=(-0.13, 0.02, 0.01) vslam=(3.42, -4.36, -3.27) error=6.527m max_error=10.198m (n=1470)
[INFO] [1788527286.620617924] [vslam_compare]: gt=(-0.13, 0.02, 0.01) vslam=(3.42, -4.36, -3.27) error=6.530m max_error=10.198m (n=1471)
[INFO] [1788527287.620243020] [vslam_compare]: gt=(-0.13, 0.02, 0.01) vslam=(3.42, -4.36, -3.27) error=6.527m max_error=10.198m (n=1472)
[INFO] [1788527288.620476688] [vslam_compare]: gt=(-0.12, 0.01, 0.01) vslam=(3.42, -4.36, -3.27) error=6.517m max_error=10.198m (n=1473)
[INFO] [1788527289.620383514] [vslam_compare]: gt=(-0.12, 0.01, 0.01) vslam=(3.42, -4.36, -3.27) error=6.515m max_error=10.198m (n=1474)
[INFO] [1788527290.620629815] [vslam_compare]: gt=(-0.13, -0.0, 0.01) vslam=(3.42, -4.36, -3.27) error=6.512m max_error=10.198m (n=1475)
[INFO] [1788527291.620557423] [vslam_compare]: gt=(-0.13, -0.01, 0.02) vslam=(3.42, -4.36, -3.27) error=6.510m max_error=10.198m (n=1476)
[INFO] [1788527292.620282500] [vslam_compare]: gt=(-0.12, -0.01, 0.03) vslam=(3.42, -4.36, -3.27) error=6.510m max_error=10.198m (n=1477)
[INFO] [1788527293.620508683] [vslam_compare]: gt=(-0.12, 0.0, 0.02) vslam=(3.42, -4.36, -3.27) error=6.515m max_error=10.198m (n=1478)
[INFO] [1788527294.620579991] [vslam_compare]: gt=(-0.11, 0.01, 0.01) vslam=(3.42, -4.36, -3.27) error=6.507m max_error=10.198m (n=1479)
[INFO] [1788527295.620599978] [vslam_compare]: gt=(-0.12, 0.01, -0.0) vslam=(3.42, -4.36, -3.27) error=6.505m max_error=10.198m (n=1480)
[INFO] [1788527296.620642121] [vslam_compare]: gt=(-0.11, 0.01, -0.0) vslam=(3.42, -4.36, -3.27) error=6.503m max_error=10.198m (n=1481)
[INFO] [1788527297.620326925] [vslam_compare]: gt=(-0.12, 0.0, 0.0) vslam=(3.42, -4.36, -3.27) error=6.502m max_error=10.198m (n=1482)
[INFO] [1788527298.620423524] [vslam_compare]: gt=(-0.13, -0.01, 0.01) vslam=(3.42, -4.36, -3.27) error=6.506m max_error=10.198m (n=1483)
[INFO] [1788527299.620259105] [vslam_compare]: gt=(-0.13, -0.02, 0.02) vslam=(3.42, -4.36, -3.27) error=6.503m max_error=10.198m (n=1484)
[INFO] [1788527300.620548465] [vslam_compare]: gt=(-0.14, -0.01, 0.02) vslam=(3.42, -4.36, -3.27) error=6.514m max_error=10.198m (n=1485)
[INFO] [1788527301.620286270] [vslam_compare]: gt=(-0.15, -0.01, 0.03) vslam=(3.42, -4.36, -3.27) error=6.526m max_error=10.198m (n=1486)
[INFO] [1788527302.620409983] [vslam_compare]: gt=(-0.15, 0.01, 0.04) vslam=(3.42, -4.36, -3.27) error=6.540m max_error=10.198m (n=1487)
[INFO] [1788527303.620428259] [vslam_compare]: gt=(-0.15, 0.02, 0.03) vslam=(3.42, -4.36, -3.27) error=6.541m max_error=10.198m (n=1488)
[INFO] [1788527304.620684977] [vslam_compare]: gt=(-0.16, 0.01, 0.02) vslam=(3.42, -4.36, -3.27) error=6.537m max_error=10.198m (n=1489)
[INFO] [1788527305.620699962] [vslam_compare]: gt=(-0.17, 0.02, 0.01) vslam=(3.42, -4.36, -3.27) error=6.545m max_error=10.198m (n=1490)
[INFO] [1788527306.620478838] [vslam_compare]: gt=(-0.16, 0.03, 0.01) vslam=(3.42, -4.36, -3.27) error=6.552m max_error=10.198m (n=1491)
[INFO] [1788527307.620654941] [vslam_compare]: gt=(-0.17, 0.03, 0.02) vslam=(3.42, -4.36, -3.27) error=6.555m max_error=10.198m (n=1492)
[INFO] [1788527308.620642570] [vslam_compare]: gt=(-0.17, 0.02, 0.02) vslam=(3.42, -4.36, -3.27) error=6.551m max_error=10.198m (n=1493)
[INFO] [1788527309.620373232] [vslam_compare]: gt=(-0.16, 0.02, 0.01) vslam=(3.42, -4.36, -3.27) error=6.545m max_error=10.198m (n=1494)
[INFO] [1788527310.620667821] [vslam_compare]: gt=(-0.13, 0.01, 0.01) vslam=(3.42, -4.36, -3.27) error=6.520m max_error=10.198m (n=1495)
[INFO] [1788527311.620339236] [vslam_compare]: gt=(-0.12, -0.0, 0.0) vslam=(3.42, -4.36, -3.27) error=6.502m max_error=10.198m (n=1496)
[INFO] [1788527312.620427011] [vslam_compare]: gt=(-0.11, -0.0, 0.0) vslam=(3.42, -4.36, -3.27) error=6.497m max_error=10.198m (n=1497)
[INFO] [1788527313.620504037] [vslam_compare]: gt=(-0.1, 0.01, -0.0) vslam=(3.42, -4.36, -3.27) error=6.499m max_error=10.198m (n=1498)
[INFO] [1788527314.620378088] [vslam_compare]: gt=(-0.11, 0.02, 0.0) vslam=(3.42, -4.36, -3.27) error=6.505m max_error=10.198m (n=1499)
[INFO] [1788527315.620494581] [vslam_compare]: gt=(-0.12, 0.01, 0.01) vslam=(3.42, -4.36, -3.27) error=6.513m max_error=10.198m (n=1500)
[INFO] [1788527316.620496946] [vslam_compare]: gt=(-0.14, 0.01, 0.02) vslam=(3.42, -4.36, -3.27) error=6.525m max_error=10.198m (n=1501)
[INFO] [1788527317.620427026] [vslam_compare]: gt=(-0.14, 0.01, 0.02) vslam=(3.42, -4.36, -3.27) error=6.531m max_error=10.198m (n=1502)
[INFO] [1788527318.620344350] [vslam_compare]: gt=(-0.13, 0.02, 0.02) vslam=(3.42, -4.36, -3.27) error=6.530m max_error=10.198m (n=1503)
[INFO] [1788527319.620225283] [vslam_compare]: gt=(-0.13, 0.02, 0.01) vslam=(3.42, -4.36, -3.27) error=6.525m max_error=10.198m (n=1504)
[INFO] [1788527320.620451693] [vslam_compare]: gt=(-0.13, 0.03, -0.0) vslam=(3.42, -4.36, -3.27) error=6.526m max_error=10.198m (n=1505)
[INFO] [1788527321.620462132] [vslam_compare]: gt=(-0.13, 0.03, -0.02) vslam=(3.42, -4.36, -3.27) error=6.523m max_error=10.198m (n=1506)
[INFO] [1788527322.620233575] [vslam_compare]: gt=(-0.14, 0.03, -0.01) vslam=(3.42, -4.36, -3.27) error=6.524m max_error=10.198m (n=1507)
[INFO] [1788527323.620700826] [vslam_compare]: gt=(-0.15, 0.02, -0.01) vslam=(3.42, -4.36, -3.27) error=6.528m max_error=10.198m (n=1508)
[INFO] [1788527324.620739122] [vslam_compare]: gt=(-0.16, 0.01, -0.0) vslam=(3.42, -4.36, -3.27) error=6.525m max_error=10.198m (n=1509)
[INFO] [1788527325.620459110] [vslam_compare]: gt=(-0.14, -0.0, -0.0) vslam=(3.42, -4.36, -3.27) error=6.512m max_error=10.198m (n=1510)
[INFO] [1788527326.620549732] [vslam_compare]: gt=(-0.14, -0.0, -0.01) vslam=(3.42, -4.36, -3.27) error=6.505m max_error=10.198m (n=1511)
[INFO] [1788527327.620472534] [vslam_compare]: gt=(-0.14, 0.01, -0.03) vslam=(3.42, -4.36, -3.27) error=6.504m max_error=10.198m (n=1512)
[INFO] [1788527328.620515802] [vslam_compare]: gt=(-0.15, 0.02, -0.03) vslam=(3.42, -4.36, -3.27) error=6.511m max_error=10.198m (n=1513)
[INFO] [1788527329.620518360] [vslam_compare]: gt=(-0.16, 0.02, -0.02) vslam=(3.42, -4.36, -3.27) error=6.524m max_error=10.198m (n=1514)
[INFO] [1788527330.620359535] [vslam_compare]: gt=(-0.15, 0.02, -0.01) vslam=(3.42, -4.36, -3.27) error=6.527m max_error=10.198m (n=1515)
[INFO] [1788527331.620577631] [vslam_compare]: gt=(-0.14, 0.01, -0.0) vslam=(3.42, -4.36, -3.27) error=6.517m max_error=10.198m (n=1516)
[INFO] [1788527332.620250994] [vslam_compare]: gt=(-0.15, 0.01, 0.01) vslam=(3.42, -4.36, -3.27) error=6.523m max_error=10.198m (n=1517)
[INFO] [1788527333.620283054] [vslam_compare]: gt=(-0.16, 0.01, 0.01) vslam=(3.42, -4.36, -3.27) error=6.532m max_error=10.198m (n=1518)
[INFO] [1788527334.620559298] [vslam_compare]: gt=(-0.17, 0.0, 0.0) vslam=(3.42, -4.36, -3.27) error=6.530m max_error=10.198m (n=1519)
[INFO] [1788527335.620457029] [vslam_compare]: gt=(-0.16, 0.0, -0.01) vslam=(3.42, -4.36, -3.27) error=6.522m max_error=10.198m (n=1520)
[INFO] [1788527336.620384005] [vslam_compare]: gt=(-0.15, 0.0, -0.01) vslam=(3.42, -4.36, -3.27) error=6.514m max_error=10.198m (n=1521)
[INFO] [1788527337.620481114] [vslam_compare]: gt=(-0.15, 0.0, -0.01) vslam=(3.42, -4.36, -3.27) error=6.513m max_error=10.198m (n=1522)
[INFO] [1788527338.620698568] [vslam_compare]: gt=(-0.14, 0.01, -0.02) vslam=(3.42, -4.36, -3.27) error=6.512m max_error=10.198m (n=1523)
[INFO] [1788527339.620256194] [vslam_compare]: gt=(-0.13, 0.0, -0.02) vslam=(3.42, -4.36, -3.27) error=6.500m max_error=10.198m (n=1524)
[INFO] [1788527340.620615991] [vslam_compare]: gt=(-0.13, 0.01, -0.0) vslam=(3.42, -4.36, -3.27) error=6.509m max_error=10.198m (n=1525)
[INFO] [1788527341.620255483] [vslam_compare]: gt=(-0.13, 0.02, -0.0) vslam=(3.42, -4.36, -3.27) error=6.523m max_error=10.198m (n=1526)
[INFO] [1788527342.620355790] [vslam_compare]: gt=(-0.14, 0.02, 0.0) vslam=(3.42, -4.36, -3.27) error=6.527m max_error=10.198m (n=1527)
[INFO] [1788527343.620533455] [vslam_compare]: gt=(-0.14, 0.01, 0.01) vslam=(3.42, -4.36, -3.27) error=6.521m max_error=10.198m (n=1528)
[INFO] [1788527344.620364308] [vslam_compare]: gt=(-0.13, -0.0, 0.01) vslam=(3.42, -4.36, -3.27) error=6.514m max_error=10.198m (n=1529)
[INFO] [1788527345.620284384] [vslam_compare]: gt=(-0.15, -0.01, 0.02) vslam=(3.42, -4.36, -3.27) error=6.519m max_error=10.198m (n=1530)
[INFO] [1788527346.621518014] [vslam_compare]: gt=(-0.15, 0.0, 0.03) vslam=(3.42, -4.36, -3.27) error=6.531m max_error=10.198m (n=1531)
[INFO] [1788527347.620678303] [vslam_compare]: gt=(-0.15, 0.03, 0.02) vslam=(3.42, -4.36, -3.27) error=6.556m max_error=10.198m (n=1532)
[INFO] [1788527348.620224828] [vslam_compare]: gt=(-0.15, 0.03, 0.02) vslam=(3.42, -4.36, -3.27) error=6.549m max_error=10.198m (n=1533)
[INFO] [1788527349.620491161] [vslam_compare]: gt=(-0.14, 0.01, 0.03) vslam=(3.42, -4.36, -3.27) error=6.535m max_error=10.198m (n=1534)
[INFO] [1788527350.620417652] [vslam_compare]: gt=(-0.13, 0.01, 0.04) vslam=(3.42, -4.36, -3.27) error=6.532m max_error=10.198m (n=1535)
[INFO] [1788527351.620701305] [vslam_compare]: gt=(-0.12, 0.01, 0.04) vslam=(3.42, -4.36, -3.27) error=6.527m max_error=10.198m (n=1536)
[INFO] [1788527352.620535776] [vslam_compare]: gt=(-0.12, 0.01, 0.05) vslam=(3.42, -4.36, -3.27) error=6.533m max_error=10.198m (n=1537)
[INFO] [1788527353.620462012] [vslam_compare]: gt=(-0.12, 0.02, 0.05) vslam=(3.42, -4.36, -3.27) error=6.540m max_error=10.198m (n=1538)
[INFO] [1788527354.620439726] [vslam_compare]: gt=(-0.12, 0.04, 0.04) vslam=(3.42, -4.36, -3.27) error=6.548m max_error=10.198m (n=1539)
[INFO] [1788527355.620497062] [vslam_compare]: gt=(-0.12, 0.03, 0.03) vslam=(3.42, -4.36, -3.27) error=6.539m max_error=10.198m (n=1540)
[INFO] [1788527356.620958485] [vslam_compare]: gt=(-0.13, 0.04, 0.02) vslam=(3.42, -4.36, -3.27) error=6.544m max_error=10.198m (n=1541)
[INFO] [1788527357.620235267] [vslam_compare]: gt=(-0.13, 0.04, 0.0) vslam=(3.42, -4.36, -3.27) error=6.536m max_error=10.198m (n=1542)
[INFO] [1788527358.620535206] [vslam_compare]: gt=(-0.13, 0.03, -0.0) vslam=(3.42, -4.36, -3.27) error=6.522m max_error=10.198m (n=1543)
[INFO] [1788527359.620245477] [vslam_compare]: gt=(-0.12, 0.03, -0.01) vslam=(3.42, -4.36, -3.27) error=6.518m max_error=10.198m (n=1544)
[INFO] [1788527360.620610466] [vslam_compare]: gt=(-0.12, 0.02, -0.0) vslam=(3.42, -4.36, -3.27) error=6.519m max_error=10.198m (n=1545)
[INFO] [1788527361.620232571] [vslam_compare]: gt=(-0.12, 0.01, 0.01) vslam=(3.42, -4.36, -3.27) error=6.516m max_error=10.198m (n=1546)
[INFO] [1788527362.620225744] [vslam_compare]: gt=(-0.12, 0.01, 0.01) vslam=(3.42, -4.36, -3.27) error=6.513m max_error=10.198m (n=1547)
[INFO] [1788527363.620494730] [vslam_compare]: gt=(-0.12, 0.02, 0.02) vslam=(3.42, -4.36, -3.27) error=6.522m max_error=10.198m (n=1548)
[INFO] [1788527364.620336329] [vslam_compare]: gt=(-0.12, 0.03, 0.02) vslam=(3.42, -4.36, -3.27) error=6.530m max_error=10.198m (n=1549)
[INFO] [1788527365.620224177] [vslam_compare]: gt=(-0.14, 0.01, 0.02) vslam=(3.42, -4.36, -3.27) error=6.529m max_error=10.198m (n=1550)
[INFO] [1788527366.620393421] [vslam_compare]: gt=(-0.14, 0.01, 0.02) vslam=(3.42, -4.36, -3.27) error=6.531m max_error=10.198m (n=1551)
[INFO] [1788527367.620597342] [vslam_compare]: gt=(-0.13, 0.02, 0.02) vslam=(3.42, -4.36, -3.27) error=6.534m max_error=10.198m (n=1552)
[INFO] [1788527368.620792957] [vslam_compare]: gt=(-0.14, 0.02, 0.03) vslam=(3.42, -4.36, -3.27) error=6.541m max_error=10.198m (n=1553)
[INFO] [1788527369.620260885] [vslam_compare]: gt=(-0.14, 0.02, 0.02) vslam=(3.42, -4.36, -3.27) error=6.541m max_error=10.198m (n=1554)
[INFO] [1788527370.620499087] [vslam_compare]: gt=(-0.15, 0.0, 0.03) vslam=(3.42, -4.36, -3.27) error=6.532m max_error=10.198m (n=1555)
[INFO] [1788527371.620382891] [vslam_compare]: gt=(-0.16, -0.0, 0.02) vslam=(3.42, -4.36, -3.27) error=6.532m max_error=10.198m (n=1556)
[INFO] [1788527372.620355682] [vslam_compare]: gt=(-0.16, -0.01, 0.02) vslam=(3.42, -4.36, -3.27) error=6.529m max_error=10.198m (n=1557)
[INFO] [1788527373.620447881] [vslam_compare]: gt=(-0.15, -0.01, 0.02) vslam=(3.42, -4.36, -3.27) error=6.524m max_error=10.198m (n=1558)
[INFO] [1788527374.620314406] [vslam_compare]: gt=(-0.15, -0.0, 0.02) vslam=(3.42, -4.36, -3.27) error=6.528m max_error=10.198m (n=1559)
[INFO] [1788527375.620356089] [vslam_compare]: gt=(-0.14, 0.0, 0.01) vslam=(3.42, -4.36, -3.27) error=6.517m max_error=10.198m (n=1560)
[INFO] [1788527376.620502995] [vslam_compare]: gt=(-0.12, 0.01, 0.01) vslam=(3.42, -4.36, -3.27) error=6.509m max_error=10.198m (n=1561)
[INFO] [1788527377.620826092] [vslam_compare]: gt=(-0.12, 0.0, 0.01) vslam=(3.42, -4.36, -3.27) error=6.512m max_error=10.198m (n=1562)
[INFO] [1788527378.620710855] [vslam_compare]: gt=(-0.13, -0.0, 0.02) vslam=(3.42, -4.36, -3.27) error=6.511m max_error=10.198m (n=1563)
[INFO] [1788527379.620521615] [vslam_compare]: gt=(-0.12, 0.0, 0.02) vslam=(3.42, -4.36, -3.27) error=6.513m max_error=10.198m (n=1564)
[INFO] [1788527380.620344540] [vslam_compare]: gt=(-0.11, 0.01, 0.01) vslam=(3.42, -4.36, -3.27) error=6.510m max_error=10.198m (n=1565)
[INFO] [1788527381.620540513] [vslam_compare]: gt=(-0.12, 0.01, 0.01) vslam=(3.42, -4.36, -3.27) error=6.511m max_error=10.198m (n=1566)
[INFO] [1788527382.620467777] [vslam_compare]: gt=(-0.13, 0.01, -0.01) vslam=(3.42, -4.36, -3.27) error=6.512m max_error=10.198m (n=1567)
[INFO] [1788527383.620519656] [vslam_compare]: gt=(-0.13, 0.02, -0.01) vslam=(3.42, -4.36, -3.27) error=6.513m max_error=10.198m (n=1568)
[INFO] [1788527384.620562754] [vslam_compare]: gt=(-0.13, 0.02, -0.01) vslam=(3.42, -4.36, -3.27) error=6.515m max_error=10.198m (n=1569)
[INFO] [1788527385.620604404] [vslam_compare]: gt=(-0.14, 0.03, -0.01) vslam=(3.42, -4.36, -3.27) error=6.525m max_error=10.198m (n=1570)
[INFO] [1788527386.620351318] [vslam_compare]: gt=(-0.13, 0.04, -0.01) vslam=(3.42, -4.36, -3.27) error=6.529m max_error=10.198m (n=1571)
[INFO] [1788527387.620462798] [vslam_compare]: gt=(-0.13, 0.04, 0.0) vslam=(3.42, -4.36, -3.27) error=6.531m max_error=10.198m (n=1572)
[INFO] [1788527388.620293610] [vslam_compare]: gt=(-0.13, 0.02, 0.01) vslam=(3.42, -4.36, -3.27) error=6.525m max_error=10.198m (n=1573)
[INFO] [1788527389.620332777] [vslam_compare]: gt=(-0.12, 0.01, 0.01) vslam=(3.42, -4.36, -3.27) error=6.515m max_error=10.198m (n=1574)
[INFO] [1788527390.620540822] [vslam_compare]: gt=(-0.11, 0.01, 0.0) vslam=(3.42, -4.36, -3.27) error=6.504m max_error=10.198m (n=1575)
[INFO] [1788527391.620671798] [vslam_compare]: gt=(-0.12, 0.01, 0.0) vslam=(3.42, -4.36, -3.27) error=6.507m max_error=10.198m (n=1576)
[INFO] [1788527392.620372991] [vslam_compare]: gt=(-0.12, 0.01, 0.01) vslam=(3.42, -4.36, -3.27) error=6.515m max_error=10.198m (n=1577)
[INFO] [1788527393.620518700] [vslam_compare]: gt=(-0.13, 0.02, -0.0) vslam=(3.42, -4.36, -3.27) error=6.516m max_error=10.198m (n=1578)
[INFO] [1788527394.620341636] [vslam_compare]: gt=(-0.13, 0.02, -0.01) vslam=(3.42, -4.36, -3.27) error=6.515m max_error=10.198m (n=1579)
[INFO] [1788527395.620636603] [vslam_compare]: gt=(-0.13, 0.03, 0.01) vslam=(3.42, -4.36, -3.27) error=6.528m max_error=10.198m (n=1580)
[INFO] [1788527396.620567368] [vslam_compare]: gt=(-0.14, 0.02, 0.01) vslam=(3.42, -4.36, -3.27) error=6.531m max_error=10.198m (n=1581)
[INFO] [1788527397.620362215] [vslam_compare]: gt=(-0.15, 0.02, 0.02) vslam=(3.42, -4.36, -3.27) error=6.536m max_error=10.198m (n=1582)
[INFO] [1788527398.620331398] [vslam_compare]: gt=(-0.14, 0.01, 0.02) vslam=(3.42, -4.36, -3.27) error=6.529m max_error=10.198m (n=1583)
[INFO] [1788527399.620243387] [vslam_compare]: gt=(-0.14, 0.01, 0.03) vslam=(3.42, -4.36, -3.27) error=6.538m max_error=10.198m (n=1584)
[INFO] [1788527400.620604636] [vslam_compare]: gt=(-0.14, 0.03, 0.03) vslam=(3.42, -4.36, -3.27) error=6.542m max_error=10.198m (n=1585)
[INFO] [1788527401.620241279] [vslam_compare]: gt=(-0.14, 0.02, 0.02) vslam=(3.42, -4.36, -3.27) error=6.537m max_error=10.198m (n=1586)
[INFO] [1788527402.620281935] [vslam_compare]: gt=(-0.14, 0.01, 0.01) vslam=(3.42, -4.36, -3.27) error=6.526m max_error=10.198m (n=1587)
[INFO] [1788527403.620251816] [vslam_compare]: gt=(-0.14, 0.01, -0.0) vslam=(3.42, -4.36, -3.27) error=6.522m max_error=10.198m (n=1588)
[INFO] [1788527404.620509556] [vslam_compare]: gt=(-0.12, 0.03, -0.01) vslam=(3.42, -4.36, -3.27) error=6.517m max_error=10.198m (n=1589)
[INFO] [1788527405.620563394] [vslam_compare]: gt=(-0.12, 0.03, -0.02) vslam=(3.42, -4.36, -3.27) error=6.510m max_error=10.198m (n=1590)
[INFO] [1788527406.620481672] [vslam_compare]: gt=(-0.13, 0.03, -0.02) vslam=(3.42, -4.36, -3.27) error=6.515m max_error=10.198m (n=1591)
[INFO] [1788527407.620411957] [vslam_compare]: gt=(-0.13, 0.01, -0.01) vslam=(3.42, -4.36, -3.27) error=6.511m max_error=10.198m (n=1592)
[INFO] [1788527408.620761902] [vslam_compare]: gt=(-0.13, 0.01, -0.02) vslam=(3.42, -4.36, -3.27) error=6.500m max_error=10.198m (n=1593)
[INFO] [1788527409.620742756] [vslam_compare]: gt=(-0.14, 0.01, -0.02) vslam=(3.42, -4.36, -3.27) error=6.508m max_error=10.198m (n=1594)
[INFO] [1788527410.620326798] [vslam_compare]: gt=(-0.15, -0.0, -0.03) vslam=(3.42, -4.36, -3.27) error=6.501m max_error=10.198m (n=1595)
[INFO] [1788527411.620517284] [vslam_compare]: gt=(-0.14, 0.01, -0.02) vslam=(3.42, -4.36, -3.27) error=6.509m max_error=10.198m (n=1596)
[INFO] [1788527412.620586833] [vslam_compare]: gt=(-0.13, 0.01, -0.02) vslam=(3.42, -4.36, -3.27) error=6.504m max_error=10.198m (n=1597)
[INFO] [1788527413.620476782] [vslam_compare]: gt=(-0.13, 0.01, -0.02) vslam=(3.42, -4.36, -3.27) error=6.503m max_error=10.198m (n=1598)
[INFO] [1788527414.620514759] [vslam_compare]: gt=(-0.12, 0.02, -0.01) vslam=(3.42, -4.36, -3.27) error=6.506m max_error=10.198m (n=1599)
[INFO] [1788527415.620309975] [vslam_compare]: gt=(-0.12, 0.03, -0.01) vslam=(3.42, -4.36, -3.27) error=6.514m max_error=10.198m (n=1600)
[INFO] [1788527416.620601034] [vslam_compare]: gt=(-0.12, 0.03, -0.01) vslam=(3.42, -4.36, -3.27) error=6.518m max_error=10.198m (n=1601)
[INFO] [1788527417.620739299] [vslam_compare]: gt=(-0.11, 0.03, -0.01) vslam=(3.42, -4.36, -3.27) error=6.512m max_error=10.198m (n=1602)
[INFO] [1788527418.620266753] [vslam_compare]: gt=(-0.11, 0.02, -0.01) vslam=(3.42, -4.36, -3.27) error=6.508m max_error=10.198m (n=1603)
[INFO] [1788527419.620548312] [vslam_compare]: gt=(-0.12, 0.03, -0.01) vslam=(3.42, -4.36, -3.27) error=6.514m max_error=10.198m (n=1604)
[INFO] [1788527420.620491369] [vslam_compare]: gt=(-0.13, 0.03, -0.01) vslam=(3.42, -4.36, -3.27) error=6.524m max_error=10.198m (n=1605)
[INFO] [1788527421.620939570] [vslam_compare]: gt=(-0.12, 0.02, -0.01) vslam=(3.42, -4.36, -3.27) error=6.513m max_error=10.198m (n=1606)
[INFO] [1788527422.620364014] [vslam_compare]: gt=(-0.12, 0.02, -0.01) vslam=(3.42, -4.36, -3.27) error=6.510m max_error=10.198m (n=1607)
[INFO] [1788527423.620540702] [vslam_compare]: gt=(-0.11, 0.01, -0.01) vslam=(3.42, -4.36, -3.27) error=6.499m max_error=10.198m (n=1608)
[INFO] [1788527424.620356539] [vslam_compare]: gt=(-0.11, 0.03, -0.02) vslam=(3.42, -4.36, -3.27) error=6.504m max_error=10.198m (n=1609)
[INFO] [1788527425.620495750] [vslam_compare]: gt=(-0.12, 0.02, -0.02) vslam=(3.42, -4.36, -3.27) error=6.504m max_error=10.198m (n=1610)
[INFO] [1788527426.620610453] [vslam_compare]: gt=(-0.12, 0.03, -0.02) vslam=(3.42, -4.36, -3.27) error=6.513m max_error=10.198m (n=1611)
[INFO] [1788527427.620226119] [vslam_compare]: gt=(-0.12, 0.04, -0.02) vslam=(3.42, -4.36, -3.27) error=6.514m max_error=10.198m (n=1612)
[INFO] [1788527428.620383314] [vslam_compare]: gt=(-0.12, 0.03, -0.02) vslam=(3.42, -4.36, -3.27) error=6.516m max_error=10.198m (n=1613)
[INFO] [1788527429.620587391] [vslam_compare]: gt=(-0.13, 0.04, -0.03) vslam=(3.42, -4.36, -3.27) error=6.523m max_error=10.198m (n=1614)
[INFO] [1788527430.620541856] [vslam_compare]: gt=(-0.12, 0.06, -0.04) vslam=(3.42, -4.36, -3.27) error=6.523m max_error=10.198m (n=1615)
[INFO] [1788527431.620871100] [vslam_compare]: gt=(-0.12, 0.05, -0.03) vslam=(3.42, -4.36, -3.27) error=6.520m max_error=10.198m (n=1616)
[INFO] [1788527432.620283753] [vslam_compare]: gt=(-0.12, 0.05, -0.03) vslam=(3.42, -4.36, -3.27) error=6.515m max_error=10.198m (n=1617)
[INFO] [1788527433.620422145] [vslam_compare]: gt=(-0.13, 0.04, -0.03) vslam=(3.42, -4.36, -3.27) error=6.518m max_error=10.198m (n=1618)
[INFO] [1788527434.620564689] [vslam_compare]: gt=(-0.15, 0.03, -0.03) vslam=(3.42, -4.36, -3.27) error=6.518m max_error=10.198m (n=1619)
[INFO] [1788527435.620616273] [vslam_compare]: gt=(-0.15, 0.02, -0.03) vslam=(3.42, -4.36, -3.27) error=6.522m max_error=10.198m (n=1620)
[INFO] [1788527436.620230858] [vslam_compare]: gt=(-0.15, 0.02, -0.02) vslam=(3.42, -4.36, -3.27) error=6.523m max_error=10.198m (n=1621)
[INFO] [1788527437.620248320] [vslam_compare]: gt=(-0.15, 0.03, -0.02) vslam=(3.42, -4.36, -3.27) error=6.527m max_error=10.198m (n=1622)
[INFO] [1788527438.620417282] [vslam_compare]: gt=(-0.15, 0.03, -0.02) vslam=(3.42, -4.36, -3.27) error=6.525m max_error=10.198m (n=1623)
[INFO] [1788527439.620346739] [vslam_compare]: gt=(-0.16, 0.03, -0.02) vslam=(3.42, -4.36, -3.27) error=6.532m max_error=10.198m (n=1624)
[INFO] [1788527440.620336793] [vslam_compare]: gt=(-0.17, 0.03, -0.02) vslam=(3.42, -4.36, -3.27) error=6.540m max_error=10.198m (n=1625)
[INFO] [1788527441.620767469] [vslam_compare]: gt=(-0.16, 0.03, -0.02) vslam=(3.42, -4.36, -3.27) error=6.536m max_error=10.198m (n=1626)
[INFO] [1788527442.620601992] [vslam_compare]: gt=(-0.15, 0.03, -0.01) vslam=(3.42, -4.36, -3.27) error=6.530m max_error=10.198m (n=1627)
[INFO] [1788527443.620603280] [vslam_compare]: gt=(-0.13, 0.03, 0.01) vslam=(3.42, -4.36, -3.27) error=6.529m max_error=10.198m (n=1628)
Traceback (most recent call last):
  File "/workspaces/isaac_ros-dev/ros2_ws/install/px4_vslam_bridge/lib/python3.10/site-packages/px4_vslam_bridge/vslam_compare.py", line 194, in main
    rclpy.spin(node)
  File "/opt/ros/humble/local/lib/python3.10/dist-packages/rclpy/__init__.py", line 229, in spin
    executor.spin_once()
  File "/opt/ros/humble/local/lib/python3.10/dist-packages/rclpy/executors.py", line 808, in spin_once
    self._spin_once_impl(timeout_sec)
  File "/opt/ros/humble/local/lib/python3.10/dist-packages/rclpy/executors.py", line 797, in _spin_once_impl
    handler, entity, node = self.wait_for_ready_callbacks(timeout_sec=timeout_sec)
  File "/opt/ros/humble/local/lib/python3.10/dist-packages/rclpy/executors.py", line 780, in wait_for_ready_callbacks
    return next(self._cb_iter)
  File "/opt/ros/humble/local/lib/python3.10/dist-packages/rclpy/executors.py", line 681, in _wait_for_ready_callbacks
    raise ExternalShutdownException()
rclpy.executors.ExternalShutdownException

During handling of the above exception, another exception occurred:

Traceback (most recent call last):
  File "/workspaces/isaac_ros-dev/ros2_ws/install/px4_vslam_bridge/lib/px4_vslam_bridge/vslam_compare", line 33, in <module>
    sys.exit(load_entry_point('px4-vslam-bridge==0.1.0', 'console_scripts', 'vslam_compare')())
  File "/workspaces/isaac_ros-dev/ros2_ws/install/px4_vslam_bridge/lib/python3.10/site-packages/px4_vslam_bridge/vslam_compare.py", line 199, in main
    rclpy.shutdown()
  File "/opt/ros/humble/local/lib/python3.10/dist-packages/rclpy/__init__.py", line 130, in shutdown
    _shutdown(context=context)
  File "/opt/ros/humble/local/lib/python3.10/dist-packages/rclpy/utilities.py", line 58, in shutdown
    return context.shutdown()
  File "/opt/ros/humble/local/lib/python3.10/dist-packages/rclpy/context.py", line 102, in shutdown
    self.__context.shutdown()
rclpy._rclpy_pybind11.RCLError: failed to shutdown: rcl_shutdown already called on the given context, at ./src/rcl/init.c:241
