t_wall,t_sim,exp_id,gt_x,gt_y,gt_z,gt_dyaw_deg,vslam_x,vslam_y,vslam_z,vslam_dyaw_deg,pos_error_m,yaw_error_deg,vo_state,feature_count,msg_age_s
1788689987.865124,34.684000,gate_sweep_poor_none_r14,0.0005630697123706341,0.000824660062789917,0.0004969537258148193,-0.0005882962240390037,0.0,0.0,0.0,-3.405849935980022e-06,0.0011153809778506397,0.0005848903741030236,1,73,1788689953.1811
1788689987.913606,34.720000,gate_sweep_poor_none_r14,0.0014289224054664373,0.002320585772395134,0.001357048749923706,-0.0019074258415807273,0.0,0.0,0.0,-8.431319269330917e-07,0.003044424227593159,0.0019065827096537943,1,73,1788689953.193581
1788689987.959360,34.752000,gate_sweep_poor_none_r14,0.0020510798785835505,0.003682957962155342,0.0020058155059814453,-0.003038546019213994,0.0,0.0,0.0,-2.551967869769102e-06,0.00466844769311699,0.003035994051344225,1,73,1788689953.2073417
1788689988.003898,34.784000,gate_sweep_poor_none_r14,0.002489156322553754,0.0047478992491960526,0.0024650990962982178,-0.0034079608991091875,0.0,0.0,0.0,-3.4070834971947885e-06,0.005900437274744649,0.0034045538156119927,1,73,1788689953.2198532
1788689988.050632,34.816000,gate_sweep_poor_none_r14,0.0031823593890294433,0.006723668426275253,0.003270179033279419,-0.004248991314545327,0.0,0.0,0.0,-1.108978233233229e-05,0.00812583529842532,0.004237901532212995,1,73,1788689953.2346141
1788689988.094888,34.852000,gate_sweep_poor_none_r14,0.0036755584296770394,0.008412489667534828,0.003931671380996704,-0.004563439794304812,0.0,0.0,0.0,-1.2797765669863229e-05,0.009986878993183942,0.004550642028634949,1,73,1788689953.242855
1788689988.142014,34.884000,gate_sweep_poor_none_r14,0.0041038403287529945,0.010142216458916664,0.00461229681968689,-0.0038155623214211815,0.0,0.0,0.0,-7.674105096454125e-06,0.011873472200511246,0.0038078882163247274,1,73,1788689953.2579937
1788689988.228441,34.916000,gate_sweep_poor_none_r14,0.004472587505006231,0.011876055970788002,0.005342036485671997,-0.0034367407820520167,0.0,0.0,0.0,-1.1943882465191552e-05,0.013768881516865413,0.003424796899586825,1,73,1788689953.3124197
1788689988.287275,34.948000,gate_sweep_poor_none_r14,0.00483435345813632,0.01404091902077198,0.006229221820831299,-0.003451012499894664,0.0,0.0,0.0,-1.2795009110984049e-05,0.016103464993571782,0.00343821749078368,1,73,1788689953.3392568
1788689988.341655,34.984000,gate_sweep_poor_none_r14,0.005003927915822715,0.015350060537457466,0.006720006465911865,-0.0037899168413815863,0.0,0.0,0.0,-1.2796658714262365e-05,0.017487771155646342,0.003777120182667324,1,73,1788689953.357635
1788689988.387586,35.016000,gate_sweep_poor_none_r14,0.0051997309201397,0.01708572544157505,0.007261216640472412,-0.005017181792322141,0.0,0.0,0.0,-1.1090361602013546e-05,0.01927912037948348,0.005006091430720127,1,73,1788689953.3715706
1788689988.437755,35.048000,gate_sweep_poor_none_r14,0.0053784174378961325,0.01877838931977749,0.0077096521854400635,-0.0044880880715951425,0.0,0.0,0.0,-1.0236878251494822e-05,0.02099985753289434,0.004477851193343647,1,73,1788689953.3897047
1788689988.485066,35.080000,gate_sweep_poor_none_r14,0.0055517631117254496,0.0208600927144289,0.008084923028945923,-0.004481041471291267,0.0,0.0,0.0,-1.3652555214576748e-05,0.023050629537764586,0.004467388916076691,1,73,1788689953.405046
1788689988.528998,35.116000,gate_sweep_poor_none_r14,0.005610657040961087,0.022469090297818184,0.008244037628173828,-0.0042973787922704855,0.0,0.0,0.0,-4.259588904049122e-06,0.024582588302649082,0.004293119203366436,1,73,1788689953.4129806
1788689988.578931,35.148000,gate_sweep_poor_none_r14,0.005609286716207862,0.023623188957571983,0.00829392671585083,-0.004123668337207303,0.0,0.0,0.0,-3.40697548105875e-06,0.025657520814717873,0.004120261361726245,1,73,1788689953.430915
1788689988.626574,35.180000,gate_sweep_poor_none_r14,0.005533593939617276,0.025438504293560982,0.008229941129684448,-0.003816411391177341,0.0,0.0,0.0,-1.700442549956201e-06,0.02730329821798387,0.0038147109486273848,1,73,1788689953.4465559
1788689988.682243,35.212000,gate_sweep_poor_none_r14,0.005400984198786318,0.026759067550301552,0.008142560720443726,-0.003542974866120935,0.0,0.0,0.0,1.7159952335862304e-06,0.028487183461396354,0.003544690861354521,1,73,1788689953.4702027
1788689988.731160,35.248000,gate_sweep_poor_none_r14,0.005150755285285413,0.027943918481469154,0.008053123950958252,-0.0030653210485437534,0.0,0.0,0.0,3.42394234770924e-06,0.02953380546894332,0.0030687449908914626,1,73,1788689953.483144
1788689988.777196,35.280000,gate_sweep_poor_none_r14,0.004696795163908973,0.029209313914179802,0.007941097021102905,-0.0026724289240734472,0.0,0.0,0.0,6.83896640415627e-06,0.0306317633519095,0.0026792678904776035,1,73,1788689953.4971733
1788689988.823282,35.312000,gate_sweep_poor_none_r14,0.0042973644676749245,0.030077671632170677,0.007767587900161743,-0.001835396017126652,0.0,0.0,0.0,6.838876061712663e-06,0.03136031080788994,0.0018422348931883647,1,73,1788689953.5112548
1788689988.870009,35.344000,gate_sweep_poor_none_r14,0.003988982207374647,0.030642153695225716,0.007634520530700684,-0.0011830866398892489,0.0,0.0,0.0,5.131327724884907e-06,0.0318298518040263,0.0011882179676141337,1,73,1788689953.5259914
1788689988.917810,35.380000,gate_sweep_poor_none_r14,0.00347850687103346,0.031414078548550606,0.007360726594924927,-0.0011862007453409186,0.0,0.0,0.0,1.7154513151374083e-06,0.03245188187319141,0.001187916196656056,1,73,1788689953.5377874
1788689988.962283,35.412000,gate_sweep_poor_none_r14,0.003019747440703213,0.03191164694726467,0.007124453783035278,-0.0010803359369397933,0.0,0.0,0.0,8.545173434885772e-06,0.032836411606615996,0.0010888811103746789,1,73,1788689953.550242
1788689989.006638,35.444000,gate_sweep_poor_none_r14,0.0024816239019855857,0.03233429230749607,0.006883740425109863,-0.0005949437895695111,0.0,0.0,0.0,8.608072834398973e-07,0.03315193506354942,0.0005958045968529511,1,73,1788689953.5626218
1788689989.053162,35.476000,gate_sweep_poor_none_r14,0.0017190217040479183,0.03277227096259594,0.0065825581550598145,0.00042682725663780265,0.0,0.0,0.0,-2.556555590160275e-06,0.03347098521898543,0.00042938381222796287,1,73,1788689953.5771463
1788689989.097852,35.512000,gate_sweep_poor_none_r14,0.0010208890307694674,0.03307209722697735,0.006371915340423584,0.0010760817952651129,0.0,0.0,0.0,-5.971326341670385e-06,0.033695802921273645,0.0010820531216067832,1,73,1788689953.585834
1788689989.146211,35.544000,gate_sweep_poor_none_r14,0.00045343535020947456,0.03327290900051594,0.006229519844055176,0.0011205603873978521,0.0,0.0,0.0,-5.1160655584563846e-06,0.03385408386680861,0.0011256764529563087,1,73,1788689953.602182
1788689989.191898,35.576000,gate_sweep_poor_none_r14,-0.0003146934323012829,0.033535635098814964,0.006042927503585815,0.0019099160847898737,0.0,0.0,0.0,-5.116518274431384e-06,0.034077189236361584,0.001915032603064305,1,73,1788689953.615879
1788689989.239433,35.608000,gate_sweep_poor_none_r14,-0.0013116328045725822,0.03389067016541958,0.005933552980422974,0.0020944878506750013,0.0,0.0,0.0,-1.0241593225622555e-05,0.034431162568911,0.002104729443900624,1,73,1788689953.6314085
1788689989.287171,35.644000,gate_sweep_poor_none_r14,-0.0021311817690730095,0.034212181344628334,0.0059087276458740234,0.003283584001697225,0.0,0.0,0.0,-1.0238783317575088e-05,0.034784024357220084,0.0032938227850147998,1,73,1788689953.6431515
1788689989.331762,35.676000,gate_sweep_poor_none_r14,-0.0029942612163722515,0.03457288630306721,0.005873203277587891,0.0027809626342910915,0.0,0.0,0.0,-1.4509702398764126e-05,0.03519580350406213,0.002795472336689856,1,73,1788689953.6557374
1788689989.380946,35.708000,gate_sweep_poor_none_r14,-0.0036626490764319897,0.034852245822548866,0.0058473944664001465,0.0032255895298515845,0.0,0.0,0.0,-1.3656073189189546e-05,0.03552866531658838,0.003239245603040774,1,73,1788689953.6729226
1788689989.426104,35.740000,gate_sweep_poor_none_r14,-0.004777455236762762,0.03530572168529034,0.005756765604019165,0.0042573445928824425,0.0,0.0,0.0,-1.1948851028150994e-05,0.03608958869920895,0.004269293443910594,1,73,1788689953.6860847
1788689989.470709,35.776000,gate_sweep_poor_none_r14,-0.005632742773741484,0.035680437460541725,0.005630522966384888,0.004370100699228321,0.0,0.0,0.0,-1.0235101826958506e-05,0.03655850376322524,0.004380335801055279,1,73,1788689953.6946926
1788689989.517462,35.808000,gate_sweep_poor_none_r14,-0.006464583333581686,0.03602027706801891,0.005438953638076782,0.005333544928889155,0.0,0.0,0.0,-1.1943230401308913e-05,0.03699774877490278,0.0053454881592904634,1,73,1788689953.7094421
1788689989.560444,35.840000,gate_sweep_poor_none_r14,-0.007479878608137369,0.03636826388537884,0.005179941654205322,0.006734367832724326,0.0,0.0,0.0,-1.2793805346260028e-05,0.03748907837717531,0.006747161638070587,1,73,1788689953.7204194
1788689989.605091,35.872000,gate_sweep_poor_none_r14,-0.008283147122710943,0.03655281849205494,0.005021989345550537,0.008101331978628555,0.0,0.0,0.0,-1.364730633387617e-05,0.037814540099760714,0.008114979284962432,1,73,1788689953.7330716
1788689989.655116,35.908000,gate_sweep_poor_none_r14,-0.008871643338352442,0.03662709333002567,0.004892081022262573,0.008893990720398861,0.0,0.0,0.0,-9.378698901018823e-06,0.03800240095122578,0.00890336941929988,1,73,1788689953.7470982
1788689989.702720,35.940000,gate_sweep_poor_none_r14,-0.009797349106520414,0.03662434406578541,0.004709482192993164,0.009474789011647892,0.0,0.0,0.0,-3.827371641009016e-06,0.03820353190858388,0.009478616383288903,1,73,1788689953.7626946
1788689989.747589,35.972000,gate_sweep_poor_none_r14,-0.010459213983267546,0.03651479445397854,0.004603266716003418,0.010424672207292023,0.0,0.0,0.0,-2.6540680688670042e-06,0.038261147860757475,0.010427326275360888,1,73,1788689953.775569
1788689989.795527,36.004000,gate_sweep_poor_none_r14,-0.011038066353648901,0.03629200719296932,0.004522413015365601,0.010393800717809746,0.0,0.0,0.0,-1.6943798873493376e-06,0.03820210615141057,0.010395495097697095,1,73,1788689953.7915092
1788689989.838181,36.040000,gate_sweep_poor_none_r14,-0.01167676830664277,0.03587782196700573,0.004432767629623413,0.010612345869130617,0.0,0.0,0.0,-8.41444654183897e-07,0.03798966248917478,0.0106131873137848,1,73,1788689953.7981656
1788689989.885181,36.072000,gate_sweep_poor_none_r14,-0.012161469552665949,0.03548363409936428,0.004370689392089844,0.010934011113038346,0.0,0.0,0.0,-1.023883631954188e-05,0.03776364066585894,0.010944249949357887,1,73,1788689953.813158
1788689989.927249,36.104000,gate_sweep_poor_none_r14,-0.012516435701400042,0.03518136031925678,0.004228740930557251,0.011049858823746561,0.0,0.0,0.0,-1.0239706365069121e-05,0.0375802012559596,0.011060098530111633,1,73,1788689953.8232286
1788689989.980471,36.136000,gate_sweep_poor_none_r14,-0.013121199328452349,0.03459922783076763,0.003967165946960449,0.010561764549146545,0.0,0.0,0.0,-1.1947254461358888e-05,0.037215733822579214,0.010573711803607904,1,73,1788689953.8444476
1788689990.026389,36.172000,gate_sweep_poor_none_r14,-0.013629131484776735,0.03404795564711094,0.003816664218902588,0.011795425809916932,0.0,0.0,0.0,-1.6215254523224748e-05,0.03687252953808319,0.011811641064440158,1,73,1788689953.8543687
1788689990.070165,36.204000,gate_sweep_poor_none_r14,-0.014144799206405878,0.03346218355000019,0.003711879253387451,0.012277044279979742,0.0,0.0,0.0,-1.5360225668533606e-05,0.03651809305146111,0.012292404505648273,1,73,1788689953.8661447
1788689990.117070,36.236000,gate_sweep_poor_none_r14,-0.014625790063291788,0.032865943387150764,0.0036135315895080566,0.011935600031944871,0.0,0.0,0.0,-1.2370824147829019e-05,0.036154413012124215,0.0119479708560927,1,73,1788689953.881049
1788689990.162208,36.268000,gate_sweep_poor_none_r14,-0.015099648851901293,0.03210308589041233,0.003457993268966675,0.012294061945529093,0.0,0.0,0.0,-1.3225441114644611e-05,0.03564498894074922,0.012307287386643738,1,73,1788689953.8941858
1788689990.210273,36.304000,gate_sweep_poor_none_r14,-0.015286744106560946,0.031586816534399986,0.0033991336822509766,0.0118262573878963,0.0,0.0,0.0,-1.1093553019353056e-05,0.03525571774829061,0.011837350940915653,1,73,1788689953.9062488
1788689990.255216,36.336000,gate_sweep_poor_none_r14,-0.015444808173924685,0.030854357406497,0.0033279359340667725,0.011550153529381922,0.0,0.0,0.0,-1.2801083275043486e-05,0.03466422692169032,0.011562954612656965,1,73,1788689953.9191973
1788689990.298059,36.368000,gate_sweep_poor_none_r14,-0.015530156437307596,0.030101103708148003,0.0032410621643066406,0.010859734519552187,0.0,0.0,0.0,-1.3654422064205278e-05,0.034025970777757805,0.010873388941616392,1,73,1788689953.9300437
1788689990.345783,36.400000,gate_sweep_poor_none_r14,-0.015519263688474894,0.02907591499388218,0.0029837489128112793,0.008813367447242919,0.0,0.0,0.0,-1.0239488265749431e-05,0.0330931886607891,0.008823606935508668,1,73,1788689953.945765
1788689990.396078,36.436000,gate_sweep_poor_none_r14,-0.015483869705349207,0.028213264420628548,0.0026290714740753174,0.007249259976515447,0.0,0.0,0.0,-8.531241813320348e-06,0.032290099521932916,0.007257791218328767,1,73,1788689953.9600616
1788689990.439733,36.468000,gate_sweep_poor_none_r14,-0.01545414375141263,0.027535228058695793,0.0022629201412200928,0.006842512595419432,0.0,0.0,0.0,-1.2794792197814023e-05,0.03165659727291065,0.006855307387617246,1,73,1788689953.971712
1788689990.485754,36.500000,gate_sweep_poor_none_r14,-0.015415398869663477,0.026325834915041924,0.00147169828414917,0.005858711334574751,0.0,0.0,0.0,-1.7062541433134286e-05,0.03054259324491668,0.005875773876007885,1,73,1788689953.9857316
1788689990.528815,36.532000,gate_sweep_poor_none_r14,-0.015412103850394487,0.025288647040724754,0.0007236003875732422,0.004810166235009966,0.0,0.0,0.0,-1.7915989908185276e-05,0.029623845323769122,0.004828082224918151,1,73,1788689953.996797
1788689990.572675,36.568000,gate_sweep_poor_none_r14,-0.015442418400198221,0.024216340854763985,-7.957220077514648e-05,0.0036694711837582535,0.0,0.0,0.0,-2.560151659261519e-05,0.02872117306406596,0.0036950727003508686,1,73,1788689954.004652
1788689990.617326,36.600000,gate_sweep_poor_none_r14,-0.015558021608740091,0.02290518395602703,-0.0011336803436279297,0.002740989113768574,0.0,0.0,0.0,-2.8164034819750866e-05,0.027712537227020374,0.002769153148588325,1,73,1788689954.017308
1788689990.662324,36.632000,gate_sweep_poor_none_r14,-0.015702555421739817,0.02192428521811962,-0.00200769305229187,0.0021463335423319166,0.0,0.0,0.0,-2.9017918071605168e-05,0.027042103477549415,0.0021753514604035216,1,73,1788689954.0303054
1788689990.707241,36.664000,gate_sweep_poor_none_r14,-0.015849678311496973,0.021227078512310982,-0.002692103385925293,0.0018353926773844141,0.0,0.0,0.0,-4.353468966526751e-05,0.026627966227000185,0.0018789273670496817,1,73,1788689954.0432158
1788689990.752549,36.700000,gate_sweep_poor_none_r14,-0.01616961555555463,0.020121509209275246,-0.0038688182830810547,0.002187534656178447,0.0,0.0,0.0,-4.3748895199835215e-05,0.026101711725112685,0.0022312835513782826,1,73,1788689954.0525196
1788689990.795430,36.732000,gate_sweep_poor_none_r14,-0.016463758889585733,0.019288821145892143,-0.00476682186126709,0.0029734611578388446,0.0,0.0,0.0,-4.182783071753783e-05,0.025803809188367575,0.0030152889885563822,1,73,1788689954.0634105
1788689990.840079,36.764000,gate_sweep_poor_none_r14,-0.016770283225923777,0.018486322835087776,-0.005600243806838989,0.003435407054505658,0.0,0.0,0.0,-3.4146600308829665e-05,0.025580251408788512,0.0034695536548144876,1,73,1788689954.0760565
1788689990.886318,36.796000,gate_sweep_poor_none_r14,-0.017119961325079203,0.017566850408911705,-0.006530478596687317,0.004060288959762866,0.0,0.0,0.0,-3.5851774879438066e-05,0.0253837440060185,0.004096140734642304,1,73,1788689954.0903041
1788689990.931725,36.832000,gate_sweep_poor_none_r14,-0.017333945725113153,0.01693631522357464,-0.007181540131568909,0.003947374328076175,0.0,0.0,0.0,-4.012079124899593e-05,0.02527605519883966,0.003987495119325171,1,73,1788689954.0997064
1788689990.977311,36.864000,gate_sweep_poor_none_r14,-0.0174775836057961,0.016525743529200554,-0.007612183690071106,0.004139082580607235,0.0,0.0,0.0,-4.3537229119678254e-05,0.025229178908991293,0.004182619809726914,1,73,1788689954.1132922
1788689991.022559,36.896000,gate_sweep_poor_none_r14,-0.01767269754782319,0.01602553017437458,-0.008120179176330566,0.003763253366098378,0.0,0.0,0.0,-4.524484983786659e-05,0.025200777088064934,0.0038084982159362437,1,73,1788689954.1265388
1788689991.065112,36.928000,gate_sweep_poor_none_r14,-0.017873296979814768,0.015508880838751793,-0.008640557527542114,0.004251641278889224,0.0006431223591789603,-0.0009031242225319147,-0.0006252992898225784,0.003531964577656916,0.026008768903706184,0.0007196767012323076,1,73,1788689954.1370976
1788689991.112360,36.964000,gate_sweep_poor_none_r14,-0.01795626850798726,0.015138538554310799,-0.00899551808834076,0.00475724550614935,0.0008051153272390366,-0.0011053034104406834,0.00029259687289595604,0.0031145277929808383,0.026497566015044875,0.0016427177131685114,1,72,1788689954.1483347
1788689991.158050,36.996000,gate_sweep_poor_none_r14,-0.0180212059058249,0.01476033590734005,-0.009295374155044556,0.005686859986388222,0.0008211134700104594,-0.0014056866057217121,0.0011209372896701097,0.004314406049157492,0.026923462397453527,0.00137245393723073,1,66,1788689954.1620314
1788689991.200432,37.028000,gate_sweep_poor_none_r14,-0.018075125757604837,0.014486616477370262,-0.00947616994380951,0.005984048345039254,0.000568173942156136,-0.0017056707292795181,0.0014143269509077072,0.006648569501611659,0.02698825135668458,0.0006645211565724052,1,65,1788689954.172416
1788689991.245348,37.060000,gate_sweep_poor_none_r14,-0.018219290766865015,0.01408960111439228,-0.009779691696166992,0.006729610013211672,0.0001908749109134078,-0.0021770065650343895,0.0011516951490193605,0.011401116347931752,0.026889253318728407,0.004671506334720081,1,62,1788689954.185328
1788689991.289678,37.096000,gate_sweep_poor_none_r14,-0.018409692216664553,0.013797188177704811,-0.010028660297393799,0.0057112085148162475,-0.00019854784477502108,-0.0028365198522806168,0.0005534887313842773,0.0176659895184536,0.02683855249874468,0.011954781003637352,1,62,1788689954.1936598
1788689991.333047,37.128000,gate_sweep_poor_none_r14,-0.018671432975679636,0.013500252738595009,-0.01028016209602356,0.006627559298359851,-0.0007293292437680066,-0.0034499033354222775,0.00012184865772724152,0.02518478023646249,0.02678485962220765,0.018557220938102637,1,62,1788689954.2050285
1788689991.382231,37.160000,gate_sweep_poor_none_r14,-0.019057851750403643,0.013105483725667,-0.010527312755584717,0.00721163522044801,-0.0014563726726919413,-0.003584256861358881,-8.707912638783455e-05,0.03136068962853625,0.026407536515501692,0.02414905440808824,1,61,1788689954.2222104
1788689991.427223,37.192000,gate_sweep_poor_none_r14,-0.01936947787180543,0.012769071385264397,-0.010707825422286987,0.007009849349505668,-0.0015317669021897018,-0.003917229361832142,-0.0005939267575740814,0.036428577257927135,0.02643685895597632,0.029418727908421462,1,59,1788689954.2352042
1788689991.473918,37.228000,gate_sweep_poor_none_r14,-0.019581122789531946,0.01250472478568554,-0.010877847671508789,0.007034008117306799,-0.0012887536431662738,-0.004304104950278997,-0.0010635079815983772,0.04155750948355517,0.026710836558005952,0.03452350136624837,1,59,1788689954.2459004
1788689991.520202,37.260000,gate_sweep_poor_none_r14,-0.019891964737325907,0.012018280103802681,-0.011078700423240662,0.006808258539382632,-0.001300280768191442,-0.004394771531224251,-0.001394909806549549,0.04543734806118205,0.026623575595515838,0.03862908952179942,1,58,1788689954.2601783
1788689991.563569,37.292000,gate_sweep_poor_none_r14,-0.020077834371477365,0.011601289734244347,-0.011198341846466064,0.005025106442647035,-0.001492848910856992,-0.0042561255395412445,-0.0016456660814583302,0.04844349147298475,0.026231906488246814,0.04341838503033771,1,58,1788689954.2715456
1788689991.610475,37.324000,gate_sweep_poor_none_r14,-0.020151122007519007,0.011161485686898232,-0.011300280690193176,0.003729940866551087,-0.001485785935074091,-0.00429949164390564,-0.0016797296702861786,0.05312024735104973,0.02607664841668841,0.04939030648449865,1,58,1788689954.2864487
1788689991.655605,37.360000,gate_sweep_poor_none_r14,-0.020041263196617365,0.01056876964867115,-0.011476993560791016,0.002531679448700447,-0.0011974562949035317,-0.004454510752111673,-0.001708400435745716,0.058227787391712804,0.026004103987492158,0.05569610794301236,1,58,1788689954.2955806
1788689991.704823,37.392000,gate_sweep_poor_none_r14,-0.019808195997029543,0.010067267343401909,-0.01164102554321289,0.0024434564383461095,-0.001060179143678397,-0.0043885791674256325,-0.0016781212761998177,0.06237966650897714,0.0256849974831965,0.05993621007063102,1,57,1788689954.3127859
1788689991.754298,37.424000,gate_sweep_poor_none_r14,-0.019586986396461725,0.009684490039944649,-0.011771604418754578,0.0021499207717995327,-0.0009850469359662384,-0.004197246860712767,-0.0016294396482408047,0.06662995924403169,0.02532979031305359,0.06448003847223213,1,56,1788689954.3302727
1788689991.797859,37.456000,gate_sweep_poor_none_r14,-0.019068724010139704,0.009072018787264824,-0.01198752224445343,0.0007940041425526777,-0.0009186017923639156,-0.00378616526722908,-0.0015758704394102097,0.06881975583879864,0.024559363326619427,0.06802575169624596,1,56,1788689954.3418405
1788689991.844748,37.492000,gate_sweep_poor_none_r14,-0.018572284374386072,0.00864371843636036,-0.012198194861412048,-0.00029119304365353107,-0.0006236480257939547,-0.0035967850126326084,-0.0016576345078647137,0.07214393660461905,0.024147192052609033,0.07243512964827258,1,56,1788689954.352718
1788689991.893888,37.524000,gate_sweep_poor_none_r14,-0.018023808021098375,0.008274583145976067,-0.012483328580856323,-0.00118627664878143,-0.0005769103008788079,-0.003519343677908182,-0.0016397833824157715,0.07531424023403832,0.023686988463237833,0.07650051688281975,1,56,1788689954.369851
1788689991.937206,37.556000,gate_sweep_poor_none_r14,-0.01744083547964692,0.007990937680006027,-0.012700378894805908,-0.0011681730506598298,-0.0007732925587333739,-0.003521302714943886,-0.001573964487761259,0.07828278319392697,0.023111377360272203,0.0794509562445868,1,55,1788689954.3811853
1788689991.981052,37.588000,gate_sweep_poor_none_r14,-0.016671106684952974,0.00777667760848999,-0.012825578451156616,-0.0028621833768210374,-0.001172598625998944,-0.0035799345932900906,-0.0014858078211545944,0.08081409760241387,0.022310687813156718,0.08367628097923491,1,54,1788689954.3930287
1788689992.026670,37.624000,gate_sweep_poor_none_r14,-0.016176702920347452,0.007758365944027901,-0.012787029147148132,-0.003101008705960111,-0.001507599139586091,-0.0038851173594594,-0.001360577531158924,0.0837375014105437,0.021938940396060088,0.08683851011650381,1,54,1788689954.4026496
1788689992.070311,37.656000,gate_sweep_poor_none_r14,-0.015492551494389772,0.007852241396903992,-0.012684926390647888,-0.005021063955767189,-0.0017517399974167347,-0.004299210850149393,-0.0012190155684947968,0.08609649898356808,0.021631800740792073,0.09111756293933526,1,54,1788689954.4142847
1788689992.118730,37.688000,gate_sweep_poor_none_r14,-0.01479733968153596,0.008000059053301811,-0.012539774179458618,-0.005827207533021029,-0.0022077831672504544,-0.004559969995170832,-0.0012173154391348362,0.08654146834918348,0.02108196705365037,0.0923686758822045,1,54,1788689954.4307103
1788689992.162442,37.720000,gate_sweep_poor_none_r14,-0.013893420342355967,0.008222294971346855,-0.012321650981903076,-0.006869538167088822,-0.0028234777273610234,-0.004701198544353247,-0.0013972003944218159,0.0856976580009382,0.020221373217166615,0.09256719616802703,1,54,1788689954.4424207
1788689992.208288,37.756000,gate_sweep_poor_none_r14,-0.013143424410372972,0.008452175185084343,-0.012156620621681213,-0.006482963251709125,-0.0033541464945301414,-0.004875193350017071,-0.0016871457919478416,0.08338968255684967,0.01957188333795294,0.08987264580855879,1,54,1788689954.4522672
1788689992.254990,37.788000,gate_sweep_poor_none_r14,-0.012566112447530031,0.008664483204483986,-0.012035876512527466,-0.006377354264517604,-0.003592626308090985,-0.005023011937737465,-0.0020727571099996567,0.07983294605102279,0.019160760031691502,0.08621030031554039,1,54,1788689954.4669654
1788689992.297929,37.820000,gate_sweep_poor_none_r14,-0.011583379004150629,0.009145444259047508,-0.011746585369110107,-0.0063739178994587095,-0.0037124549271538854,-0.004944376647472382,-0.0024863830767571926,0.07376220100016452,0.018607145012036377,0.08013611889962323,1,54,1788689954.4779081
1788689992.341641,37.852000,gate_sweep_poor_none_r14,-0.010803812649101019,0.009627142921090126,-0.01150582730770111,-0.006520444083812057,-0.003750326461158693,-0.00462741544470191,-0.002749165054410696,0.06574460109267724,0.018155529059365526,0.0722650451764893,1,54,1788689954.4896183
1788689992.388975,37.888000,gate_sweep_poor_none_r14,-0.010021523106843233,0.010201526805758476,-0.011289730668067932,-0.006377404252104415,-0.0036930463975295424,-0.004306591581553221,-0.002932911738753319,0.058491633395672434,0.017898925644237104,0.06486903764777685,1,54,1788689954.5009604
1788689992.436453,37.920000,gate_sweep_poor_none_r14,-0.009033954236656427,0.01097145862877369,-0.010816231369972229,-0.006750064400310005,-0.003747525974176824,-0.003934442065656185,-0.0033893203362822533,0.053233093763358934,0.017472584433588925,0.05998315816366896,1,54,1788689954.5164344
1788689992.486233,37.952000,gate_sweep_poor_none_r14,-0.008254738990217447,0.01161198876798153,-0.010492920875549316,-0.006091192515622444,-0.003688235650770366,-0.0036574802361428738,-0.0038466816768050194,0.049755768511293326,0.017267951004795633,0.055846961026915776,1,54,1788689954.5342052
1788689992.529552,37.984000,gate_sweep_poor_none_r14,-0.007667491678148508,0.012120263651013374,-0.010280624032020569,-0.0051685734641574435,-0.003532117116264999,-0.0035678818821907043,-0.0042203133925795555,0.048955999642148494,0.017318966426567904,0.05412457310630594,1,54,1788689954.5455341
1788689992.574709,38.020000,gate_sweep_poor_none_r14,-0.006648561451584101,0.013007016852498055,-0.009992390871047974,-0.005650335696706406,-0.003360129310749471,-0.003713703714311123,-0.004523328505456448,0.051651337488053305,0.01789712058899194,0.05730167318475971,1,54,1788689954.5546327
1788689992.620669,38.052000,gate_sweep_poor_none_r14,-0.005789539311081171,0.01374986581504345,-0.009801432490348816,-0.005428159012508705,-0.0032699404982849956,-0.0041893767192959785,-0.004548629745841026,0.0593032491367848,0.018861514720615768,0.0647314081492935,1,54,1788689954.568651
1788689992.665964,38.084000,gate_sweep_poor_none_r14,-0.004881841596215963,0.01450764574110508,-0.009638294577598572,-0.004878502730803912,-0.003419430344365537,-0.004749371204525232,-0.004602169618010521,0.06981729220034114,0.01995830410937807,0.07469579493114503,1,54,1788689954.5819323
1788689992.710137,38.116000,gate_sweep_poor_none_r14,-0.003679716493934393,0.015440678223967552,-0.009507820010185242,-0.004611819185134939,-0.0037537988973781466,-0.005362769588828087,-0.004657675512135029,0.0824333861005196,0.021361480069372028,0.08704520528565454,1,54,1788689954.5941086
1788689992.754345,38.152000,gate_sweep_poor_none_r14,-0.002695696894079447,0.016156615689396858,-0.009407147765159607,-0.005045875673775648,-0.003965301322750747,-0.006202779244631529,-0.004900666885077953,0.09689097858582647,0.02284431673619716,0.10193685425960211,1,54,1788689954.6023164
1788689992.797831,38.184000,gate_sweep_poor_none_r14,-0.0019551804289221764,0.016666589304804802,-0.009336009621620178,-0.004253671696070603,-0.003994465689174831,-0.006971369963139296,-0.005285592749714851,0.10859537074817148,0.024069019081838033,0.11284904244424208,1,54,1788689954.6138122
1788689992.842921,38.216000,gate_sweep_poor_none_r14,-0.0009834165684878826,0.017315005883574486,-0.009351447224617004,-0.004660855540358409,-0.003985922667197883,-0.007684419397264719,-0.005685867741703987,0.11930966465476549,0.02544450392895499,0.12397052019512389,1,54,1788689954.6268992
1788689992.887436,38.248000,gate_sweep_poor_none_r14,0.00021485146135091782,0.018132464960217476,-0.00945599377155304,-0.004107447646711412,-0.004009721917100251,-0.008265022654086351,-0.006051184609532356,0.12888251723096,0.02694934318322104,0.13298996487767142,1,54,1788689954.6394205
1788689992.931631,38.284000,gate_sweep_poor_none_r14,0.0011165379546582699,0.018747476860880852,-0.00953759253025055,-0.003898836481356623,-0.003986932220868766,-0.008820940274745226,-0.006167234852910042,0.13795133531841225,0.028238667498123624,0.1418501717997689,1,54,1788689954.6476111
1788689992.975293,38.316000,gate_sweep_poor_none_r14,0.001947398530319333,0.019293637946248055,-0.009630680084228516,-0.004934344238681984,-0.0036761596566066146,-0.008842241484671831,-0.005727831274271011,0.13929926181281935,0.028956594186236567,0.14423360605150135,1,54,1788689954.6592767
1788689993.021452,38.348000,gate_sweep_poor_none_r14,0.0025226831203326583,0.01965230144560337,-0.00970342755317688,-0.004910523334511983,-0.0031849852530285716,-0.008364175911992788,-0.005415310151875019,0.13485606442772927,0.02891173520624997,0.13976658776224127,1,53,1788689954.6734262
1788689993.063591,38.380000,gate_sweep_poor_none_r14,0.0033577412250451744,0.020150432363152504,-0.009862273931503296,-0.006141172499446919,-0.0027037711115553975,-0.00730011286213994,-0.005103669129312038,0.12480845791444775,0.028511728895947795,0.13094963041389468,1,53,1788689954.683572
1788689993.107039,38.416000,gate_sweep_poor_none_r14,0.0038840600464027375,0.020497726276516914,-0.009990707039833069,-0.00661306383938081,-0.0021479084389284253,-0.005663789808750153,-0.004815170541405678,0.10924813271913396,0.027342197163620005,0.11586119655851473,1,53,1788689954.6910205
1788689993.154157,38.448000,gate_sweep_poor_none_r14,0.004290402883270872,0.020801840350031853,-0.010115429759025574,-0.007203697459402815,-0.0015847524628043175,-0.00414902763441205,-0.004705918952822685,0.09470223460982469,0.026197825686115433,0.1019059320692275,1,53,1788689954.7061307
1788689993.195893,38.480000,gate_sweep_poor_none_r14,0.004683324339566752,0.021136822178959846,-0.0102769136428833,-0.006637215386382166,-0.0008820490329526365,-0.0030019995756447315,-0.004825593903660774,0.0832884686706038,0.02536479811422429,0.08992568405698596,1,53,1788689954.7158601
1788689993.241063,38.512000,gate_sweep_poor_none_r14,0.004938052850775421,0.02137838862836361,-0.010461583733558655,-0.0063499152400535415,-0.00018982926849275827,-0.00228649890050292,-0.004954461008310318,0.07664430448016091,0.024832448076940773,0.08299421972021445,1,53,1788689954.7290409
1788689993.286933,38.548000,gate_sweep_poor_none_r14,0.005128974618855864,0.021539965644478798,-0.010639116168022156,-0.005707767975701553,0.0003113429993391037,-0.0016616976354271173,-0.004892578348517418,0.07279657724328895,0.02438338471760023,0.0785043452189905,1,53,1788689954.7389152
1788689993.334590,38.580000,gate_sweep_poor_none_r14,0.0055275276536121964,0.021764809265732765,-0.011059507727622986,-0.005277100184255377,0.000557652791030705,-0.0013085296377539635,-0.004830546677112579,0.07239633512502948,0.024410624327813685,0.07767343530928485,1,53,1788689954.754571
1788689993.382005,38.612000,gate_sweep_poor_none_r14,0.005963539122603834,0.021915478631854057,-0.011426568031311035,-0.004153317943451963,0.0006941623287275434,-0.0011369299609214067,-0.00490541011095047,0.07387498853734091,0.024529683535390166,0.07802830648079286,1,52,1788689954.7699852
1788689993.424820,38.644000,gate_sweep_poor_none_r14,0.006504607619717717,0.022007225081324577,-0.011807888746261597,-0.003941762967287801,0.000758609501644969,-0.001102908980101347,-0.005083688534796238,0.0762554171142115,0.024744891577734688,0.0801971800814993,1,52,1788689954.7808032
1788689993.467775,38.680000,gate_sweep_poor_none_r14,0.007267948240041733,0.022031934931874275,-0.012275323271751404,-0.004204940942519465,0.0007730331271886826,-0.0011141092982143164,-0.005304970778524876,0.07866249723956117,0.025030163796991294,0.08286743818208064,1,52,1788689954.7877586
1788689993.515635,38.712000,gate_sweep_poor_none_r14,0.007886894280090928,0.022027527913451195,-0.012727394700050354,-0.0054589912184774625,0.0007195895304903388,-0.0011448557488620281,-0.005474560894072056,0.08012857098928929,0.025316658945923918,0.08558756220776674,1,52,1788689954.8036103
1788689993.558119,38.744000,gate_sweep_poor_none_r14,0.00833719689399004,0.02203434891998768,-0.013050585985183716,-0.005551513599134279,0.0005929813487455249,-0.001182458596304059,-0.0055589741095900536,0.0808193125326727,0.025595258821787353,0.08637082613180698,1,52,1788689954.814094
1788689993.603102,38.776000,gate_sweep_poor_none_r14,0.009031607769429684,0.022082602605223656,-0.013498246669769287,-0.007232128147493089,0.00038833613507449627,-0.0011991190258413553,-0.005569790489971638,0.08044110342227596,0.02606923712053387,0.08767323156976906,1,52,1788689954.8270826
1788689993.649155,38.812000,gate_sweep_poor_none_r14,0.009538203943520784,0.02210669033229351,-0.013871654868125916,-0.006996519387459604,8.76088161021471e-05,-0.0012197541072964668,-0.005465362221002579,0.07929537736966168,0.02653493008328356,0.08629189675712128,1,52,1788689954.8371363
1788689993.694845,38.844000,gate_sweep_poor_none_r14,0.010003400035202503,0.022124046459794044,-0.014222145080566406,-0.006927833536777929,-0.00023242272436618805,-0.0012588242534548044,-0.005253526382148266,0.07768926852187158,0.027054885542456667,0.0846171020586495,1,52,1788689954.8508298
1788689993.741776,38.876000,gate_sweep_poor_none_r14,0.010414831805974245,0.022133855149149895,-0.014546513557434082,-0.007242181473881274,-0.0006065377674531192,-0.0013155166525393724,-0.00492224283516407,0.07553696581709694,0.027640011072781318,0.08277914729097821,1,52,1788689954.865753
1788689993.787470,38.908000,gate_sweep_poor_none_r14,0.010876677464693785,0.022116752341389656,-0.015036627650260925,-0.007789198051395107,-0.0012954833509866148,-0.0009900517761707306,-0.004495083354413509,0.06754500221454185,0.02816398500907505,0.07533420026593696,1,52,1788689954.879439
1788689993.827520,38.944000,gate_sweep_poor_none_r14,0.011125578079372644,0.02208654023706913,-0.01538732647895813,-0.007795487008317408,-0.0012954833509866148,-0.0009900536388158798,-0.004495083354413509,0.06754446688159653,0.028380502325601666,0.07533995388991394,1,148,1788689954.8835008
1788689993.873234,38.976000,gate_sweep_poor_none_r14,0.011426509357988834,0.0220330823212862,-0.015859603881835938,-0.008014368708024175,-0.0012954833509866148,-0.000990055501461029,-0.004495083354413509,0.06754134436891832,0.02865425449232006,0.07555571307694249,1,132,1788689954.8972175
1788689993.923755,39.008000,gate_sweep_poor_none_r14,0.011696768924593925,0.022001957520842552,-0.01634688675403595,-0.007802761000909613,-0.001271596149308607,-0.0008553937077522278,-0.00439666211605072,0.06486739531883545,0.028869445210735648,0.07267015631974506,1,125,1788689954.9157329
1788689993.972637,39.040000,gate_sweep_poor_none_r14,0.011963225901126862,0.022115318104624748,-0.016919642686843872,-0.006316151095488513,-0.0013967722188681364,-0.0008050499018281698,-0.004082559607923031,0.06305689089452639,0.029472419671493146,0.0693730419900149,1,115,1788689954.9326189
1788689994.022961,39.076000,gate_sweep_poor_none_r14,0.012138754595071077,0.02232818864285946,-0.017303243279457092,-0.005690789401238187,-0.0015322596300393343,-0.0006161159835755825,-0.003769724629819393,0.05897175441798449,0.029941507506702315,0.06466254381922268,1,113,1788689954.9469209
1788689994.066097,39.108000,gate_sweep_poor_none_r14,0.012259931769222021,0.02254697121679783,-0.017585083842277527,-0.005134379852709692,-0.001619698537979275,-0.00028887297958135605,-0.00365648977458477,0.053700838746105664,0.03013512320081754,0.05883521859881537,1,111,1788689954.958063
1788689994.110712,39.140000,gate_sweep_poor_none_r14,0.012446008156985044,0.022997794672846794,-0.018018946051597595,-0.0042598392808539404,-0.0016807775245979428,0.00014438596554100513,-0.003712620586156845,0.04676684176198544,0.03043871402605006,0.05102668104283939,1,109,1788689954.9706907
1788689994.157728,39.172000,gate_sweep_poor_none_r14,0.012566498946398497,0.023360373452305794,-0.018319323658943176,-0.0034641181550902067,-0.0017419167561456561,0.0006577013991773129,-0.003979112952947617,0.03917222940256048,0.03042669422334708,0.04263634755765069,1,107,1788689954.985712
1788689994.200095,39.208000,gate_sweep_poor_none_r14,0.012643725145608187,0.023711027577519417,-0.018589511513710022,-0.0017455461149663988,-0.0019408694934099913,0.0011091976193711162,-0.0042640529572963715,0.03271773636639155,0.03047575890922247,0.03446328248135795,1,107,1788689954.9920769
1788689994.243680,39.240000,gate_sweep_poor_none_r14,0.012662055436521769,0.024183159694075584,-0.018890172243118286,0.00017772580523500487,-0.0022821881575509906,0.0013843131018802524,-0.004456397145986557,0.029235550225847534,0.03084561048330899,0.02905782442061253,1,106,1788689955.003653
1788689994.292907,39.272000,gate_sweep_poor_none_r14,0.012628217693418264,0.02457263506948948,-0.0191228985786438,0.0011555969060464773,-0.002208078629337251,0.000995186041109264,-0.0046139610931277275,0.03052835532504075,0.031408932777493244,0.029372758418994276,1,105,1788689955.0208917
1788689994.338146,39.304000,gate_sweep_poor_none_r14,0.012576380278915167,0.0248506348580122,-0.019295796751976013,0.0019321704879431297,-0.002272721379995346,0.0004349771188572049,-0.0046619269996881485,0.03398320019039091,0.0321056117655332,0.032051029702447775,1,102,1788689955.0341296
1788689994.385035,39.340000,gate_sweep_poor_none_r14,0.012480536941438913,0.025266585871577263,-0.019566982984542847,0.003051961490109292,-0.0023285618517547846,0.0003583986544981599,-0.004086579196155071,0.03109214172801302,0.0328537684133672,0.028040180237903733,1,98,1788689955.0450165
1788689994.428555,39.372000,gate_sweep_poor_none_r14,0.01241166377440095,0.025562187656760216,-0.019753217697143555,0.0041251879733368345,-0.002091165748424828,-0.0006818014662712812,-0.004051756113767624,0.039972523361022964,0.03384693376233913,0.03584733538768613,1,86,1788689955.0565357
1788689994.470714,39.404000,gate_sweep_poor_none_r14,0.012386675458401442,0.025804372504353523,-0.019944727420806885,0.018374165212765376,-0.0024390784092247486,-0.001511723967269063,-0.0034756017848849297,0.05276408049780293,0.03517391367764194,0.03438991528503755,1,145,1788689955.066679
1788689994.516901,39.436000,gate_sweep_poor_none_r14,0.012536287773400545,0.026022894307971,-0.020207762718200684,0.13466384936901266,-0.0034026176435872912,0.0024601786863058805,-0.0041886186227202415,0.042510874724903565,0.03264756117860738,0.0921529746441091,1,116,1788689955.0808806
1788689994.560443,39.472000,gate_sweep_poor_none_r14,0.012801188509911299,0.02611902542412281,-0.020443573594093323,0.3913199249314861,-0.0016871319385245442,0.003936516237445176,-0.006407034583389759,0.18009164486661502,0.029983321541026852,0.21122828006487107,1,170,1788689955.0884252
1788689994.604705,39.504000,gate_sweep_poor_none_r14,0.013126451056450605,0.026103897020220757,-0.020651817321777344,0.7563361614904316,-0.0038832727586850524,0.0007088893325999379,-0.006347735412418842,0.5875204957840503,0.033746761014816676,0.16881566570638126,1,109,1788689955.1006854
1788689994.651969,39.536000,gate_sweep_poor_none_r14,0.01371019659563899,0.02604219876229763,-0.020945996046066284,1.4156811218116632,-0.0020047941943630576,-0.0005580696742981672,-0.005295540206134319,1.184871590058497,0.034633394064493075,0.2308095317531662,1,186,1788689955.1159525
1788689994.695824,39.568000,gate_sweep_poor_none_r14,0.014671397861093283,0.025837207213044167,-0.02136412262916565,2.4696540835130185,-0.0019936116877943277,0.0007700670976191759,-0.006589153781533241,1.9332275339745344,0.03353183205969176,0.5364265495384839,1,114,1788689955.1278033
1788689994.740976,39.604000,gate_sweep_poor_none_r14,0.015615701209753752,0.02554141916334629,-0.021746397018432617,3.475958121204202,0.0023034020559862256,-0.0028748889453709126,-0.014468918554484844,2.9832730926593,0.032212816829364214,0.49268502854490215,1,175,1788689955.1369526
1788689994.784329,39.636000,gate_sweep_poor_none_r14,0.016709292773157358,0.025132248178124428,-0.02219460904598236,4.609464158303053,0.0006693071918562055,-0.006968414876610041,-0.01939528528600931,4.076080113896233,0.03599402616428305,0.5333840444068204,1,132,1788689955.1483152
1788689994.827884,39.668000,gate_sweep_poor_none_r14,0.017630926799029112,0.024781661108136177,-0.022574692964553833,5.536707579052247,-0.0001726442133076489,-0.012583800125867128,-0.023591735400259495,5.344483469844063,0.04140264737111804,0.1922241092081843,1,100,1788689955.1598535
1788689994.870596,39.700000,gate_sweep_poor_none_r14,0.019380377139896154,0.02419065125286579,-0.023264259099960327,7.231523343308555,0.005451076780445874,-0.014195580501109362,-0.02165622729808092,6.652862322804802,0.04086702782255553,0.5786610205037528,1,175,1788689955.1705694
1788689994.917555,39.736000,gate_sweep_poor_none_r14,0.020943797659128904,0.023773284628987312,-0.023850783705711365,8.735531006077542,0.013642325182445347,-0.01291718753054738,-0.023598683066666126,8.216855747455702,0.03741077120762903,0.5186752586218395,1,105,1788689955.181532
1788689994.961578,39.768000,gate_sweep_poor_none_r14,0.022634014021605253,0.02340533770620823,-0.024412184953689575,10.38338340663744,0.02065588824916631,-0.004801545757800341,-0.024567908607423306,9.678376871834237,0.028276589366118387,0.7050065348032031,1,185,1788689955.1935601
1788689995.005097,39.800000,gate_sweep_poor_none_r14,0.024906994309276342,0.023022795096039772,-0.025101616978645325,12.681058081787695,0.025981708546169102,-0.0033796094357967377,-0.02578174602240324,11.369274379114673,0.026433020093623128,1.3117837026730217,1,148,1788689955.2050807
1788689995.049093,39.832000,gate_sweep_poor_none_r14,0.02687090216204524,0.02278403751552105,-0.025623321533203125,14.734101087350671,0.029689847608096898,-0.007855386938899755,-0.026936077512800694,13.325296308001384,0.030796819845366245,1.4088047793492873,1,164,1788689955.2170784
1788689995.094391,39.868000,gate_sweep_poor_none_r14,0.028441912960261106,0.022638509050011635,-0.02590802311897278,16.410310249433515,0.037506663356907666,-0.014057100284844637,-0.025603451766073704,15.761863960021666,0.03779987047489583,0.6484462894118488,1,108,1788689955.2263694
1788689995.137312,39.900000,gate_sweep_poor_none_r14,0.03123685484752059,0.022451067343354225,-0.026320263743400574,19.484192766113583,0.04473089159000665,-0.016587174031883478,-0.026564364321529865,18.159011046876604,0.041305361666146054,1.325181719236982,1,164,1788689955.237298
1788689995.190084,39.932000,gate_sweep_poor_none_r14,0.03365244483575225,0.022341983392834663,-0.026631101965904236,22.218391494064733,0.0545392568456009,-0.02167020970955491,-0.026133143343031406,20.786867591523663,0.04871940086256069,1.4315239025410702,1,164,1788689955.2580595
1788689995.240093,39.964000,gate_sweep_poor_none_r14,0.036224795039743185,0.022263867780566216,-0.026926323771476746,25.219875688158865,0.06567590788472444,-0.028272292111068964,-0.02566047664731741,23.692760508965154,0.05850533200779633,1.5271151791937088,1,146,1788689955.2760618
1788689995.286236,40.000000,gate_sweep_poor_none_r14,0.03964482760056853,0.022287515923380852,-0.027273818850517273,29.341085055565113,0.0637449111090973,-0.04557147482410073,-0.024219713173806667,27.264335475266616,0.07207623888542858,2.076749580298498,1,141,1788689955.2862067
1788689995.330146,40.032000,gate_sweep_poor_none_r14,0.04254692932590842,0.022475464269518852,-0.02751968801021576,32.91636389373537,0.07298378751147538,-0.0496628419496119,-0.02381869498640299,30.689010988190702,0.07838389445374416,2.227352905544668,1,113,1788689955.2980766
1788689995.376302,40.064000,gate_sweep_poor_none_r14,0.044643500354141,0.022714288905262947,-0.027697324752807617,35.7305914332344,0.0836477141128853,-0.059013253543525934,-0.0238709794357419,34.39267841480981,0.09063862754996811,1.3379130184245946,1,104,1788689955.3122616
1788689995.420621,40.096000,gate_sweep_poor_none_r14,0.048204304184764624,0.023379100486636162,-0.027824178338050842,40.64756040059477,0.09425033733714372,-0.07212756434455514,-0.02329008001834154,38.36691445692124,0.10612407004926025,2.280645943673523,1,119,1788689955.3246067
1788689995.466577,40.132000,gate_sweep_poor_none_r14,0.05098309135064483,0.023985864594578743,-0.027134761214256287,44.77337392213763,0.10982923314440995,-0.08634335407987237,-0.02326884586364031,43.03357655703752,0.1251013597001443,1.739797365100107,1,121,1788689955.3345606
1788689995.519944,40.164000,gate_sweep_poor_none_r14,0.053634566720575094,0.024678321555256844,-0.0248134583234787,49.021240374713074,0.12515057728160173,-0.09955942491069436,-0.021525134332478046,47.33129992706387,0.14338887853725837,1.6899404476492117,1,162,1788689955.355915
1788689995.567109,40.196000,gate_sweep_poor_none_r14,0.056074780877679586,0.025502609089016914,-0.019854962825775146,53.349491570673756,0.14277929172385484,-0.11170624801889062,-0.018149622716009617,51.71743974843291,0.16231713050329186,1.6320518222408507,1,207,1788689955.3710856
1788689995.613848,40.228000,gate_sweep_poor_none_r14,0.05868482729420066,0.026741014793515205,-0.008441448211669922,58.75528687444174,0.16165103123057634,-0.12257512519136071,-0.012460422702133656,56.151836545166844,0.18142078428064787,2.603450329274894,1,220,1788689955.3858285
1788689995.663831,40.264000,gate_sweep_poor_none_r14,0.05991524597629905,0.02758881263434887,0.0015528202056884766,61.983521450018976,0.1821952472673729,-0.13108845660462976,-0.0021958760917186737,61.16258443947195,0.2003619904393409,0.8209370105470273,1,273,1788689955.3997996
1788689995.714429,40.296000,gate_sweep_poor_none_r14,0.06111895805224776,0.028830496594309807,0.01849806308746338,66.1972755979419,0.20261883840430528,-0.13814767310395837,0.009996658191084862,65.5971131280293,0.21903469857682914,0.6001624699125834,1,309,1788689955.4184012
1788689995.760879,40.328000,gate_sweep_poor_none_r14,0.06184313213452697,0.03017468936741352,0.0393182635307312,70.29105161450438,0.22734183177817613,-0.14105724403634667,0.022826864384114742,70.03653102558222,0.2387093648073774,0.25452058892216056,1,288,1788689955.4328473
1788689995.805304,40.360000,gate_sweep_poor_none_r14,0.06197513407096267,0.03195208124816418,0.07091891765594482,75.15515503923537,0.23973287746775895,-0.15379629144445062,0.041488959453999996,74.13940958036311,0.2587786616690874,1.0157454588722568,1,305,1788689955.445284
1788689995.851336,40.396000,gate_sweep_poor_none_r14,0.06149770086631179,0.033391619101166725,0.10028254985809326,78.83078198160318,0.24610011384356767,-0.16633150586858392,0.07191507797688246,78.42626307274809,0.2734448591318536,0.4045189088550929,1,354,1788689955.45531
1788689995.894161,40.428000,gate_sweep_poor_none_r14,0.060855293180793524,0.03445463441312313,0.12433052062988281,81.43346593231921,0.25825004384387285,-0.18753047892823815,0.09498947393149137,82.28725660566913,0.2985012146639833,0.8537906733499233,1,331,1788689955.4661465
1788689995.943467,40.460000,gate_sweep_poor_none_r14,0.05930837010964751,0.03618336655199528,0.16745254397392273,85.47720325738085,0.2725587348686531,-0.19003046164289117,0.10905321221798658,85.70139663884319,0.31632087519791424,0.22419338146234585,1,170,1788689955.4834316
1788689995.988835,40.492000,gate_sweep_poor_none_r14,0.05772774061188102,0.037504637613892555,0.20398184657096863,88.42578347855203,0.28433458611834794,-0.20924863824620843,0.12952547054737806,89.16621931417048,0.3431932305693823,0.7404358356184495,1,283,1788689955.4968045
1788689996.033053,40.528000,gate_sweep_poor_none_r14,0.05593010922893882,0.038734229281544685,0.24181684851646423,91.10766414922458,0.2929608087288216,-0.23036820301786065,0.15266122203320265,92.71769763546206,0.3695245557584538,1.6100334862374923,1,149,1788689955.5050278
1788689996.077667,40.560000,gate_sweep_poor_none_r14,0.05353004997596145,0.040136007592082024,0.29039743542671204,94.08850199488815,0.30793453857768327,-0.24412540206685662,0.1745879678055644,95.53179243398384,0.3986703219863302,1.4432904390956807,1,265,1788689955.5176504
1788689996.123145,40.592000,gate_sweep_poor_none_r14,0.05161874135956168,0.041151152923703194,0.32996031641960144,96.17993472387761,0.3138466934906319,-0.2567894966341555,0.19477071147412062,97.95998832433783,0.41929507369289326,1.7800536004602232,1,173,1788689955.5311291
1788689996.182209,40.624000,gate_sweep_poor_none_r14,0.050230161752551794,0.04184378869831562,0.3600873053073883,97.5900102682709,0.3169620792614296,-0.2702496559359133,0.2285510329529643,100.0076592669721,0.43110326482934286,2.4176489987011944,1,274,1788689955.558193
1788689996.276823,40.660000,gate_sweep_poor_none_r14,0.04806043719872832,0.04288039542734623,0.4114018976688385,99.64846439568853,0.30990909144748,-0.2631301791407168,0.2751915929839015,102.1052600897333,0.42515930729753726,2.4567956940447635,1,164,1788689955.6167994
1788689996.322127,40.692000,gate_sweep_poor_none_r14,0.04648823803290725,0.04363713599741459,0.45369789004325867,101.05660928885737,0.3031516532646492,-0.2603552551008761,0.3124978421255946,103.62164583353906,0.4221669528705774,2.565036544681689,1,279,1788689955.6301098
1788689996.371250,40.724000,gate_sweep_poor_none_r14,0.04509752383455634,0.044342728331685066,0.49739599227905273,102.25300629774235,0.3021700243698433,-0.2624355466105044,0.3540727971121669,104.98617326133879,0.42513611794437783,2.733166963596439,1,161,1788689955.64723
1788689996.416786,40.756000,gate_sweep_poor_none_r14,0.04366167774423957,0.045139605179429054,0.5542424917221069,103.48117007552703,0.2988601486431435,-0.2708956212736666,0.3988781748339534,106.03269629020303,0.43490527114593674,2.5515262146760014,1,293,1788689955.6607711
1788689996.466077,40.792000,gate_sweep_poor_none_r14,0.042728891130536795,0.045736903324723244,0.6017552614212036,104.24952920373231,0.298769251559861,-0.2832249910570681,0.44732390623539686,107.13357455636574,0.4445465527799759,2.884045352633429,1,193,1788689955.6740592
1788689996.513314,40.824000,gate_sweep_poor_none_r14,0.04214562615379691,0.046179624274373055,0.638716459274292,104.71306857318106,0.29658301279414445,-0.2938941032625735,0.4942164300009608,107.86382446335783,0.4486298946138527,3.1507558901767645,1,316,1788689955.6892874
1788689996.557325,40.856000,gate_sweep_poor_none_r14,0.04150568088516593,0.04673011042177677,0.6897416114807129,105.17429700313097,0.2884455780731514,-0.30759440967813134,0.5418474553152919,108.3270584975829,0.4565061443125656,3.1527614944519278,1,210,1788689955.7013113
1788689996.611265,40.888000,gate_sweep_poor_none_r14,0.04097092291340232,0.04739660210907459,0.7566875219345093,105.51853178894058,0.28987400338519365,-0.32079496094956994,0.5916588781401515,108.74536037925711,0.4740803980850926,3.2268285903165257,1,162,1788689955.723234
1788689996.660560,40.924000,gate_sweep_poor_none_r14,0.0407101078890264,0.04785535670816898,0.8128489255905151,105.60295090749806,0.2774169008480385,-0.33694165060296655,0.6453052638098598,108.86271392660016,0.48183993324694185,3.2597630191021114,1,322,1788689955.7365391
1788689996.708112,40.956000,gate_sweep_poor_none_r14,0.0405853851698339,0.0482249204069376,0.871254563331604,105.51898493106134,0.2776745419250801,-0.3546223849989474,0.7038919208571315,108.85864316012112,0.49649519012749177,3.339658229059787,1,210,1788689955.7520733
1788689996.756440,40.988000,gate_sweep_poor_none_r14,0.04055868601426482,0.04844263382256031,0.9164638519287109,105.34433145802141,0.2744469802128151,-0.36679529258981347,0.7621787069365382,108.67095630128365,0.500929312038746,3.3266248432622367,1,163,1788689955.7684228
1788689996.804995,41.020000,gate_sweep_poor_none_r14,0.04057871690019965,0.04868396557867527,0.9947700500488281,104.85946777878574,0.2951548557030037,-0.36250226804986596,0.8000716445967555,108.56932315034285,0.5213353990081141,3.7098553715571154,1,330,1788689955.7849793
1788689996.854564,41.056000,gate_sweep_poor_none_r14,0.04061713581904769,0.04872329719364643,1.0603538751602173,104.31667524181205,0.29759951040614396,-0.3732061297632754,0.865777182392776,108.05418857028253,0.53096560298096,3.737513328470485,1,220,1788689955.7985463
1788689996.899642,41.088000,gate_sweep_poor_none_r14,0.04063095664605498,0.04860021360218525,1.1289036273956299,103.65440239867942,0.2864847044693306,-0.38556148717179894,0.9177451012656093,107.34683217464877,0.5417825863712417,3.692429775969351,1,174,1788689955.8116124
1788689996.946491,41.120000,gate_sweep_poor_none_r14,0.040564270224422216,0.048227230086922646,1.2191507816314697,102.6833272081948,0.2946992974029854,-0.4001828641630709,0.9728221772238612,106.82650134383904,0.5712565150733401,4.143174135644248,1,365,1788689955.82647
1788689996.991418,41.152000,gate_sweep_poor_none_r14,0.04037438100203872,0.04773143120110035,1.2952520847320557,101.8111900310781,0.3067035536514595,-0.42095263907685876,1.0530000207945704,106.19662309785538,0.5910008869861461,4.385433066777287,1,242,1788689955.8394022
1788689997.038028,41.188000,gate_sweep_poor_none_r14,0.0401324681006372,0.04724201746284962,1.354383945465088,101.11464999155363,0.3087545792805031,-0.4451781124807894,1.139004754833877,105.23868269908446,0.6008524101186531,4.124032707530838,1,165,1788689955.850012
1788689997.086835,41.220000,gate_sweep_poor_none_r14,0.039517012890428305,0.0462066475301981,1.4563319683074951,99.89661790169141,0.285426304792054,-0.4638927490450442,1.194349336437881,104.22184511566924,0.6239452489051543,4.3252272139778265,1,367,1788689955.8668125
1788689997.132267,41.252000,gate_sweep_poor_none_r14,0.03879854967817664,0.04522419907152653,1.5402942895889282,98.88926940329195,0.2682074169861153,-0.4846604079939425,1.263174700550735,103.11499151966187,0.6404696650374122,4.225722116369928,1,198,1788689955.8802447
1788689997.181504,41.284000,gate_sweep_poor_none_r14,0.037853514309972525,0.044158751145005226,1.625931739807129,97.87075222693771,0.2627909939037636,-0.5000469298101962,1.3416204927489161,102.03922433047848,0.6539033400386618,4.168472103540766,1,387,1788689955.8974857
1788689997.228583,41.320000,gate_sweep_poor_none_r14,0.03632311662659049,0.042708734050393105,1.734706997871399,96.60604842796178,0.25996728346217424,-0.5202337712980807,1.4267950532957911,100.83406078309825,0.6795077212952999,4.22801235513648,1,226,1788689955.9085655
1788689997.271405,41.352000,gate_sweep_poor_none_r14,0.03480406245216727,0.04142570681869984,1.8227697610855103,95.61534604996334,0.26301534578669816,-0.5350014776922762,1.5026172874495387,99.83916229080928,0.6977437174634221,4.223816240845956,1,374,1788689955.9193883
1788689997.321824,41.384000,gate_sweep_poor_none_r14,0.03351397393271327,0.04040747322142124,1.889180302619934,94.8924660591679,0.2689589421497658,-0.547106942627579,1.5867583034560084,98.91702318157724,0.7014745807706978,4.0245571224093295,1,200,1788689955.9377964
1788689997.366677,41.416000,gate_sweep_poor_none_r14,0.03100664308294654,0.03863839618861675,2.0005035400390625,93.74086644898682,0.2876492004143074,-0.5522867650724947,1.6757294414564967,98.15849793142007,0.7214819218491685,4.4176314824332525,1,405,1788689955.9506557
1788689997.413757,41.452000,gate_sweep_poor_none_r14,0.028698678594082594,0.03720768354833126,2.0899932384490967,92.87472267500021,0.29544364020694047,-0.5547887296415865,1.773133802227676,97.25548703718907,0.7225043460755994,4.380764362188858,1,192,1788689955.9617362
1788689997.458132,41.484000,gate_sweep_poor_none_r14,0.0261659431271255,0.035765016451478004,2.1797068119049072,92.0866732537988,0.28609244630206376,-0.5628062696196139,1.8548690555617213,96.39965825615357,0.7289505741184563,4.312985002354765,1,401,1788689955.9741142
1788689997.504069,41.516000,gate_sweep_poor_none_r14,0.023412884678691626,0.034297918900847435,2.2692489624023438,91.36033342746622,0.28322087333071977,-0.566385290119797,1.9374944446608424,95.65979315692755,0.7337448934123137,4.299459729461334,1,206,1788689955.988042
1788689997.550444,41.548000,gate_sweep_poor_none_r14,0.019644702319055796,0.03247020207345486,2.3802149295806885,90.5468559425782,0.2794245044933632,-0.5682833404280245,2.0299960849806666,95.02278248531854,0.7423231126394849,4.475926542740333,1,380,1788689956.0024076
1788689997.596075,41.584000,gate_sweep_poor_none_r14,0.017197484616190195,0.03135084547102451,2.4459314346313477,90.1090776540541,0.27495409653056413,-0.5711789936758578,2.130064177326858,94.33839370770954,0.727497630432571,4.229316053655433,1,185,1788689956.0120518
1788689997.643284,41.616000,gate_sweep_poor_none_r14,0.013731940183788538,0.029811358079314232,2.532158613204956,89.58381574812978,0.2685483257519081,-0.5689062089659274,2.2230211971327662,93.78136785253811,0.7203888238016773,4.197552104408331,1,386,1788689956.0272644
1788689997.691604,41.648000,gate_sweep_poor_none_r14,0.010057180188596249,0.028217827901244164,2.616480827331543,89.12500015373332,0.25810693309176713,-0.5671981782652438,2.305904078297317,93.25163049095754,0.7158958145954227,4.126630337224219,1,196,1788689956.0435843
1788689997.734668,41.680000,gate_sweep_poor_none_r14,0.0051372305024415255,0.02608434669673443,2.718698501586914,88.64198543686877,0.2513238351093605,-0.5641321153379977,2.395116019062698,92.79820911055448,0.7167070108079134,4.1562236736857265,1,385,1788689956.054646
1788689997.782045,41.716000,gate_sweep_poor_none_r14,0.001001890515908599,0.024250375106930733,2.7976605892181396,88.32633126043046,0.24095328256953508,-0.5657220692373812,2.494220423512161,92.33153561892655,0.7054927992529387,4.005204358496079,1,192,1788689956.0660255
1788689997.827126,41.748000,gate_sweep_poor_none_r14,-0.0021908218041062355,0.02282458357512951,2.855163335800171,88.13056503484975,0.23866285488475114,-0.5604766220785677,2.5810212371870875,92.06800076074116,0.6880440976591421,3.9374357258913992,1,387,1788689956.079098
1788689997.875907,41.780000,gate_sweep_poor_none_r14,-0.007615523878484964,0.0204408410936594,2.947570562362671,87.87746968227736,0.233907328103669,-0.5541284889914095,2.6565713165327907,91.84164286744898,0.6878544643873131,3.9641731851716084,1,190,1788689956.0958824
1788689997.920075,41.812000,gate_sweep_poor_none_r14,-0.01201350660994649,0.018594233319163322,3.018362045288086,87.73925480037686,0.2314075540052727,-0.5463999719358981,2.7329663513228297,91.69414194383256,0.678176206348134,3.954887143455708,1,366,1788689956.1080577
1788689997.965062,41.848000,gate_sweep_poor_none_r14,-0.016467340756207705,0.016784807667136192,3.0862672328948975,87.65754112680683,0.2274053703295067,-0.5447456450201571,2.819411206059158,91.61083165220008,0.6678341766981156,3.953290525393248,1,193,1788689956.1170402
1788689998.015873,41.880000,gate_sweep_poor_none_r14,-0.022087909746915102,0.014554021880030632,3.167052984237671,87.627696889088,0.2190215002046898,-0.5442319721914828,2.8890048740431666,91.51957174954646,0.6690936304587242,3.891874860458465,1,153,1788689956.1358447
1788689998.058847,41.912000,gate_sweep_poor_none_r14,-0.026595665607601404,0.012822886928915977,3.2285428047180176,87.65849690977478,0.23067915544379503,-0.5405023307539523,2.8808769462630153,91.62328333451663,0.7023038368157156,3.9647864247418463,1,321,1788689956.1468325
1788689998.104789,41.944000,gate_sweep_poor_none_r14,-0.02998544881120324,0.011560311540961266,3.2728049755096436,87.71038666558067,0.22662676975596696,-0.5432990998961031,2.900210070423782,91.64625902194501,0.7159230129519465,3.9358723563643423,1,164,1788689956.1607614
1788689998.152794,41.980000,gate_sweep_poor_none_r14,-0.035645479802042246,0.009508641436696053,3.3430471420288086,87.8508003038243,0.2115507583366707,-0.5519498796202242,2.9283890007063746,91.68125601995943,0.7404613596821451,3.8304557161351385,1,281,1788689956.17277
1788689998.199319,42.012000,gate_sweep_poor_none_r14,-0.040141763631254435,0.007934100925922394,3.396211862564087,88.00760041742305,0.20413628325331956,-0.5535543174482882,2.976147341541946,91.80222302741109,0.7425599032937851,3.794622609988035,1,198,1788689956.1873024
1788689998.246339,42.044000,gate_sweep_poor_none_r14,-0.04458556557074189,0.006417226046323776,3.446767807006836,88.19763799374968,0.19642426178324968,-0.5482547492720187,3.0591189144179225,91.95324291221236,0.7183442078907324,3.7556049184626725,1,148,1788689956.2023227
1788689998.290036,42.076000,gate_sweep_poor_none_r14,-0.049979223404079676,0.0045713093131780624,3.5065219402313232,88.4784436536725,0.19827595457900316,-0.5184050411917269,3.0980684040114284,92.19144240208324,0.7084978389757998,3.7129987484107323,1,300,1788689956.2140155
1788689998.335815,42.112000,gate_sweep_poor_none_r14,-0.0541561977006495,0.0031191054731607437,3.5518243312835693,88.73426565054518,0.18872910842765123,-0.520637056324631,3.1157294986769557,92.45494785613288,0.7235278100946662,3.720682205587693,1,158,1788689956.2237978
1788689998.384182,42.144000,gate_sweep_poor_none_r14,-0.057195490691810846,0.0020525213330984116,3.584333896636963,88.94014731027862,0.17307843372691423,-0.5177176208235323,3.1414207695052028,92.64333968012575,0.7206657471604707,3.7031923698471365,1,318,1788689956.2401648
1788689998.426577,42.176000,gate_sweep_poor_none_r14,-0.06111357221379876,0.0006727185100317001,3.625972032546997,89.23079827241693,0.17219475016463548,-0.526465913746506,3.1771377800032496,92.96670358896456,0.7305888701347955,3.735905316547631,1,184,1788689956.250564
1788689998.477189,42.208000,gate_sweep_poor_none_r14,-0.0657681212760508,-0.0009503848850727081,3.675205707550049,89.61722317996644,0.17033493623603135,-0.5228705019690096,3.2291604755446315,93.30545653965542,0.7260176384759743,3.688233359688977,1,142,1788689956.2691371
1788689998.522470,42.244000,gate_sweep_poor_none_r14,-0.06927167484536767,-0.0021458901464939117,3.7125470638275146,89.93803709402547,0.17153124616015702,-0.5055951685644686,3.24926798325032,93.62985249105459,0.7253100917571899,3.691815397029125,1,356,1788689956.278403
1788689998.567120,42.276000,gate_sweep_poor_none_r14,-0.0725665153004229,-0.003228871151804924,3.748163938522339,90.26546711454675,0.16432522342074662,-0.49645917722955346,3.262764143757522,93.90329845773707,0.7314415844519743,3.6378313431903115,1,175,1788689956.2911017
1788689998.610769,42.308000,gate_sweep_poor_none_r14,-0.07488921890035272,-0.003973076120018959,3.7738029956817627,90.51353393331698,0.13930989906657487,-0.48685561725869775,3.291117119602859,93.99153780204557,0.7155714259530046,3.4780038687285932,1,369,1788689956.3027427
1788689998.656393,42.340000,gate_sweep_poor_none_r14,-0.07846499839797616,-0.005103163421154022,3.814539670944214,90.92892523324906,0.12924935028422624,-0.48661096999421716,3.3276786087080836,94.26154887691968,0.7155618158908195,3.3326236436706176,1,199,1788689956.3163755
1788689998.700422,42.376000,gate_sweep_poor_none_r14,-0.0810608402825892,-0.00591282919049263,3.8454692363739014,91.25818436276144,0.12155120924580842,-0.48898287722840905,3.3809873340651393,94.62238310035345,0.7001083855359962,3.3641987375920075,1,359,1788689956.3244019
1788689998.745107,42.408000,gate_sweep_poor_none_r14,-0.08342234650626779,-0.006621928885579109,3.8750336170196533,91.5807957705745,0.11556847498286515,-0.4826139719225466,3.4249989269301295,94.9479462438712,0.6846144859374508,3.367150473296698,1,191,1788689956.337078
1788689998.791222,42.440000,gate_sweep_poor_none_r14,-0.0860744477249682,-0.007411471568048,3.910285711288452,91.97192606755071,0.10878651693928987,-0.47465612599626184,3.4693407295271754,95.24058101082713,0.6713574603607819,3.26865494327641,1,385,1788689956.3512032
1788689998.835835,42.472000,gate_sweep_poor_none_r14,-0.08793023088946939,-0.007985103875398636,3.9371016025543213,92.272306991148,0.1048872257815674,-0.46979334065690637,3.5146576641127467,95.5503042021852,0.6549078563296985,3.2779972110372,1,209,1788689956.3638182
1788689998.880907,42.508000,gate_sweep_poor_none_r14,-0.08914093533530831,-0.008383652195334435,3.956467390060425,92.48815365111221,0.10155145928729326,-0.46347021171823144,3.558003115467727,95.8640901661052,0.6342248372241298,3.3759365149929894,1,385,1788689956.3728886
1788689998.925176,42.540000,gate_sweep_poor_none_r14,-0.09080017963424325,-0.008962014690041542,3.987373113632202,92.82785034543086,0.09632451192010194,-0.45802234718576074,3.5955409286543727,96.12024245493929,0.6246625437746165,3.292392109508423,1,188,1788689956.3851476
1788689998.972021,42.572000,gate_sweep_poor_none_r14,-0.09186386922374368,-0.009370298124849796,4.011004447937012,93.08025724195181,0.09301379427779466,-0.45036607095971704,3.638283181004226,96.4148639767109,0.6062822485806347,3.334606734759087,1,376,1788689956.4000013
1788689999.019757,42.604000,gate_sweep_poor_none_r14,-0.09269387135282159,-0.00972215086221695,4.033716201782227,93.31368689900582,0.0949079702841118,-0.44785486767068505,3.6659824131056666,96.71402611753749,0.6019824481311354,3.400339218531659,1,197,1788689956.415737
1788689999.063089,42.640000,gate_sweep_poor_none_r14,-0.09335484961047769,-0.010078190825879574,4.060914993286133,93.5782869257218,0.09132605895865709,-0.4444384784437716,3.687245058827102,96.94320817532848,0.6020009280458256,3.364921249606687,1,373,1788689956.4230726
1788689999.111840,42.672000,gate_sweep_poor_none_r14,-0.09355129906907678,-0.01031521800905466,4.081787109375,93.76671189342215,0.09003394201863557,-0.44158618757501245,3.712999272160232,97.15149785100165,0.5964081310756426,3.384785957579504,1,183,1788689956.439798
1788689999.160168,42.704000,gate_sweep_poor_none_r14,-0.09353604028001428,-0.010448743589222431,4.09700345993042,93.89462910068787,0.08940550044644624,-0.438629022333771,3.7428349731490016,97.3521999660988,0.5850139104826227,3.457570865410925,1,361,1788689956.4561527
1788689999.206218,42.736000,gate_sweep_poor_none_r14,-0.09318610141053796,-0.010574311017990112,4.121431350708008,94.08157297044663,0.09040792391169816,-0.4370590061880648,3.7670933483168483,97.5438045058918,0.5840816563519957,3.462231535445165,1,173,1788689956.470198
1788689999.256149,42.772000,gate_sweep_poor_none_r14,-0.09272066364064813,-0.010660156607627869,4.1402411460876465,94.20651596578737,0.08995784923899919,-0.4350776285864413,3.7859751461073756,97.70576884215566,0.5822422419670593,3.4992528763682866,1,342,1788689956.484132
1788689999.302459,42.804000,gate_sweep_poor_none_r14,-0.09217790374532342,-0.010736794210970402,4.158425331115723,94.31061190893027,0.08958778635133058,-0.4357557506300509,3.808768439106643,97.8110217161555,0.5796031586709359,3.5004098072252234,1,187,1788689956.4984388
1788689999.346750,42.836000,gate_sweep_poor_none_r14,-0.09155783662572503,-0.010773512534797192,4.175991058349609,94.39425680503241,0.08952502266038209,-0.4325494677759707,3.8281473396345973,97.90633422902656,0.5759177120008768,3.5120774239941386,1,342,1788689956.510726
1788689999.394593,42.868000,gate_sweep_poor_none_r14,-0.09065975109115243,-0.010732043534517288,4.197126865386963,94.47067460028018,0.09168305352795869,-0.4322435171343386,3.851116585545242,98.01270844984495,0.5750164645719306,3.5420338495647736,1,173,1788689956.5265741
1788689999.437721,42.904000,gate_sweep_poor_none_r14,-0.09009519079700112,-0.0106391292065382,4.209386825561523,94.50315078849097,0.08993459597695619,-0.43043174454942346,3.869087147526443,98.0361860574729,0.5695967300582716,3.533035268981939,1,331,1788689956.533706
1788689999.484152,42.936000,gate_sweep_poor_none_r14,-0.08934283861890435,-0.010390885174274445,4.2253265380859375,94.53215134639508,0.09106074378360063,-0.4314280063845217,3.888571190647781,98.07037954277948,0.5685260539402425,3.5382281963843916,1,165,1788689956.5481195
1788689999.529342,42.968000,gate_sweep_poor_none_r14,-0.08858071872964501,-0.010004914365708828,4.240879535675049,94.54457952065782,0.09069705114234239,-0.43027459690347314,3.909236359409988,98.08631722288072,0.564583316432433,3.541737702222907,1,138,1788689956.5613198
1788689999.579999,43.000000,gate_sweep_poor_none_r14,-0.08769529173150659,-0.00929452944546938,4.25969123840332,94.54034010423325,0.0938708569156006,-0.42827325174584985,3.9351774929091334,98.09403647726721,0.5601951508980318,3.5536963730339557,1,311,1788689956.5799828
1788689999.628436,43.036000,gate_sweep_poor_none_r14,-0.08705223212018609,-0.008591510355472565,4.2742791175842285,94.52205531331364,0.09400618181098253,-0.4220977337099612,3.9634768245741725,98.07716382825186,0.5480580364783199,3.555108514938217,1,159,1788689956.5923905
1788689999.676534,43.068000,gate_sweep_poor_none_r14,-0.08660344639793038,-0.008005877025425434,4.28497838973999,94.50063382372532,0.09254726872313768,-0.41526045510545373,3.980516600422561,98.03953751505276,0.539118030907799,3.538903691327423,1,309,1788689956.6085174
1788689999.731055,43.100000,gate_sweep_poor_none_r14,-0.08588217059150338,-0.006954421289265156,4.302334785461426,94.44993989939735,0.09271299943793565,-0.4081767708994448,3.99588983040303,98.01746418691204,0.5355222862452129,3.567524287514688,1,170,1788689956.6310315
1788689999.775284,43.132000,gate_sweep_poor_none_r14,-0.0853136614896357,-0.006069134920835495,4.315845012664795,94.39971940890503,0.09230847016442567,-0.4051090986467898,4.009322571568191,97.96591571323437,0.5336089590698085,3.5661963043293423,1,300,1788689956.6432621
1788689999.825802,43.168000,gate_sweep_poor_none_r14,-0.08474919060245156,-0.005133053287863731,4.32903528213501,94.34004849239831,0.09410890296567231,-0.4025473208166659,4.0259627578780055,97.91678407620023,0.5308307382111462,3.5767355838019284,1,189,1788689956.6577833
1788689999.869698,43.200000,gate_sweep_poor_none_r14,-0.08403309294953942,-0.0038715843111276627,4.345101356506348,94.25477053771397,0.09344075724948198,-0.39972068974748254,4.0458649871870875,97.8264773477435,0.5270065336431795,3.5717068100295415,1,142,1788689956.6696768
1788689999.918609,43.232000,gate_sweep_poor_none_r14,-0.08344499627128243,-0.002799373120069504,4.357643127441406,94.18035262392678,0.09509237215388566,-0.39801608631387353,4.066438126377761,97.7473914921478,0.5223717019100241,3.567038868221023,1,276,1788689956.6865902
1788689999.964741,43.264000,gate_sweep_poor_none_r14,-0.08300889143720269,-0.0019550956785678864,4.366868495941162,94.12181172779553,0.09400439367163926,-0.3966436595655978,4.089116501621902,97.63794992112955,0.5140612180631374,3.5161381933340174,1,144,1788689956.700722
1788690000.015357,43.300000,gate_sweep_poor_none_r14,-0.0823093862272799,-0.00045556575059890747,4.381937503814697,94.01940678988555,0.09409981325734407,-0.3917517573572695,4.1096443412825465,97.5324845405851,0.5083074675729744,3.5130777506995554,1,275,1788689956.7153392
1788690000.058615,43.332000,gate_sweep_poor_none_r14,-0.08175611356273293,0.000821966677904129,4.3937273025512695,93.93563670133456,0.09577603742945939,-0.3891988010145724,4.12959663849324,97.46079745335363,0.5033873971039392,3.5251607520190698,1,169,1788689956.726602
1788690000.105907,43.364000,gate_sweep_poor_none_r14,-0.08116434374824166,0.002119537442922592,4.405292510986328,93.8505470884696,0.09614738926757127,-0.38510414073243737,4.147266793064773,97.36603395737805,0.4979547155250762,3.5154868689084537,1,136,1788689956.7418897
1788690000.153879,43.396000,gate_sweep_poor_none_r14,-0.08036575326696038,0.0036896411329507828,4.419433116912842,93.74384560598344,0.0973416353808716,-0.38783546397462487,4.161062645725906,97.2899945391712,0.5016244853382748,3.5461489331877774,1,262,1788689956.757855
1788690000.204020,43.432000,gate_sweep_poor_none_r14,-0.07966369250789285,0.004892449826002121,4.430474281311035,93.66003789338001,0.10141493484843522,-0.3905100137926638,4.174507069401443,97.2125204322843,0.504630350943869,3.5524825389042802,1,142,1788689956.7719972
1788690000.255043,43.464000,gate_sweep_poor_none_r14,-0.07910617301240563,0.005767868831753731,4.438608169555664,93.5979751968487,0.10295596823561937,-0.3842047662474215,4.1912459610030055,97.11782022617784,0.49640038437380396,3.5198450293291494,1,111,1788689956.7910225
1788690000.298074,43.496000,gate_sweep_poor_none_r14,-0.07833575317636132,0.006895529106259346,4.449330806732178,93.51799573686972,0.10241348401177675,-0.3696570605970919,4.194507050327957,97.02198772642764,0.48928241986030113,3.5039919895579157,1,247,1788689956.8020597
1788690000.344839,43.528000,gate_sweep_poor_none_r14,-0.0773711265064776,0.008202923461794853,4.4625749588012695,93.42336566642173,0.10312463447917253,-0.3607996911741793,4.20291321258992,96.97001588147168,0.4859690029081091,3.546650215049954,1,143,1788689956.816812
1788690000.394652,43.564000,gate_sweep_poor_none_r14,-0.0765614272095263,0.009133948013186455,4.47294282913208,93.35211841618603,0.10063298151362687,-0.3561521382071078,4.221225666813552,96.86156423126698,0.47769583740554,3.5094458150809436,1,118,1788689956.8306322
1788690000.445457,43.596000,gate_sweep_poor_none_r14,-0.07569553563371301,0.00994308851659298,4.483097553253174,93.2852556796811,0.09911853924859315,-0.35378908226266503,4.239820408634841,96.76163680288407,0.4712163217996559,3.476381123202961,1,105,1788689956.8494413
1788690000.495337,43.628000,gate_sweep_poor_none_r14,-0.07502011070027947,0.0104807298630476,4.490585803985596,93.23864718428018,0.09662503108847886,-0.354279360268265,4.25883715134114,96.65132943315238,0.4649939957190917,3.412682248872194,1,94,1788689956.8673155
1788690000.544228,43.660000,gate_sweep_poor_none_r14,-0.07386636594310403,0.01125006191432476,4.502858638763428,93.16782363606713,0.09655109152663499,-0.36199273774400353,4.256232666783035,96.57619697757524,0.47872399915035685,3.4083733415081103,1,201,1788689956.8842134
1788690000.591331,43.696000,gate_sweep_poor_none_r14,-0.07293256977573037,0.011750338599085808,4.512474060058594,93.11802272540457,0.09655109152663499,-0.36199273774400353,4.256232666783035,96.57619175528264,0.48380600470710455,3.4581690298780545,1,127,1788689956.8953154
1788690000.639509,43.728000,gate_sweep_poor_none_r14,-0.07198391715064645,0.012151489034295082,4.521880626678467,93.07427167046562,0.10799210623372346,-0.36675467202439904,4.267998623661697,96.56757629610476,0.49032368832975576,3.4933046256391482,1,110,1788689956.9114938
1788690000.689659,43.760000,gate_sweep_poor_none_r14,-0.07078701118007302,0.012534404173493385,4.5333685874938965,93.02935882714304,0.10799210623372346,-0.36675467202439904,4.267998623661697,96.56753098792198,0.49622917472737293,3.5381721607789296,1,102,1788689956.9296434
1788690000.737802,43.792000,gate_sweep_poor_none_r14,-0.0698533863760531,0.012759612873196602,4.542361736297607,92.99992273120839,0.11699143156874925,-0.37223886558786035,4.280863213352859,96.54445890042439,0.5015139997172964,3.544536169215998,1,91,1788689956.945786
1788690000.786646,43.828000,gate_sweep_poor_none_r14,-0.06916190544143319,0.012888787314295769,4.548999786376953,92.98143484672497,0.11699143156874925,-0.37223886558786035,4.280863213352859,96.54446777110894,0.5048500724998022,3.563032924383982,1,90,1788689956.958631
1788690000.833876,43.860000,gate_sweep_poor_none_r14,-0.06795252719894052,0.013050710782408714,4.559836387634277,92.95979582491728,0.11936573788989335,-0.37239333102479577,4.299572872929275,96.48629316180558,0.5013904056592683,3.5264973368883084,1,80,1788689956.973854
1788690000.882362,43.892000,gate_sweep_poor_none_r14,-0.06686809519305825,0.013184776529669762,4.568286418914795,92.94939478347243,0.11054684326518327,-0.3687008530832827,4.312448429875076,96.38072332891566,0.4927126658904865,3.4313285454432454,1,74,1788689956.9903355
1788690000.925807,43.924000,gate_sweep_poor_none_r14,-0.06568446615710855,0.013360058888792992,4.576541900634766,92.94509086606485,0.08825428888667375,-0.3938429565168917,4.318766522221267,96.18803829470261,0.5059244822857797,3.2429474286377697,1,187,1788689957.0017898
1788690000.973916,43.960000,gate_sweep_poor_none_r14,-0.06403197953477502,0.013677539303898811,4.586595058441162,92.94766942785404,0.08934469625819474,-0.40152194211259484,4.316974091343582,96.16871172731346,0.5182764512733157,3.2210422994594157,1,127,1788689957.013899
1788690001.021981,43.992000,gate_sweep_poor_none_r14,-0.062588504049927,0.014038758352398872,4.594387531280518,92.95574111831596,0.08934469625819474,-0.40152194211259484,4.316974091343582,96.16875985078683,0.5222380776853293,3.2130187324708688,1,108,1788689957.029963
1788690001.065927,44.024000,gate_sweep_poor_none_r14,-0.06148203322663903,0.014365511015057564,4.600101470947266,92.96496390846073,0.08934469625819474,-0.40152194211259484,4.316974091343582,96.16873000288233,0.5252353654099703,3.2037660944216078,1,96,1788689957.041913
1788690001.113806,44.056000,gate_sweep_poor_none_r14,-0.059572814498096704,0.015080129727721214,4.609392166137695,92.98628829495951,0.08934469625819474,-0.40152194211259484,4.316974091343582,96.16872699259083,0.5303225827152658,3.1824386976313264,1,91,1788689957.0577843
1788690001.161503,44.092000,gate_sweep_poor_none_r14,-0.05798029014840722,0.015710407868027687,4.61668586730957,93.00798128653994,0.08934469625819474,-0.40152194211259484,4.316974091343582,96.16871720915192,0.5344292601858034,3.160735922611981,1,84,1788689957.0694818
1788690001.210673,44.124000,gate_sweep_poor_none_r14,-0.0563374706543982,0.016349351033568382,4.623900413513184,93.03300777363513,0.08716669783461839,-0.3923611850477755,4.3501743553206325,96.14025638563866,0.5124097028855479,3.107248612003534,1,72,1788689957.0866504
1788690001.254590,44.156000,gate_sweep_poor_none_r14,-0.05462238797917962,0.01696336455643177,4.630923271179199,93.06155291442265,0.08716669783461839,-0.3923611850477755,4.3501743553206325,96.14026183261377,0.5162079866878857,3.07870891819113,1,153,1788689957.0985734
1788690001.302578,44.188000,gate_sweep_poor_none_r14,-0.05233928421512246,0.01765015535056591,4.639459609985352,93.1004730487021,0.08716669783461839,-0.3923611850477755,4.3501743553206325,96.14026225635484,0.5208235563502659,3.039789207652748,1,79,1788689957.1145635
1788690001.350998,44.224000,gate_sweep_poor_none_r14,-0.05085565010085702,0.018005037680268288,4.64445161819458,93.12489787081607,0.08716669783461839,-0.3923611850477755,4.3501743553206325,96.14027202624392,0.5234975766231267,3.015374155427849,1,62,1788689957.1269786
1788690001.399988,44.256000,gate_sweep_poor_none_r14,-0.04877909505739808,0.018411753699183464,4.650926113128662,93.15769671526773,0.0807042281376198,-0.3849943489767611,4.356569695286453,96.12110703785332,0.5158954500542892,2.9634103225855872,1,55,1788689957.143969
1788690001.445304,44.288000,gate_sweep_poor_none_r14,-0.04666166612878442,0.018756931647658348,4.657212257385254,93.19083168244416,-0.040546572650782764,-0.4785356135107577,4.387716221623123,95.86293696316993,0.565654826842204,2.672105280725771,1,141,1788689957.1572695
1788690001.489311,44.320000,gate_sweep_poor_none_r14,-0.04398906836286187,0.019127333536744118,4.664830207824707,93.2345618240403,-0.040546572650782764,-0.4785356135107577,4.387716221623123,95.86297221300075,0.5696248072102058,2.6284103889604387,1,73,1788689957.169295
1788690001.535778,44.356000,gate_sweep_poor_none_r14,-0.041858403477817774,0.019416598603129387,4.670741081237793,93.27018608104255,-0.040546572650782764,-0.4785356135107577,4.387716221623123,95.86293397143508,0.5727662678694828,2.5927478903925314,1,68,1788689957.1797638
1788690001.581169,44.388000,gate_sweep_poor_none_r14,-0.04027080023661256,0.01963878981769085,4.675093173980713,93.29727039556238,-0.040546572650782764,-0.4785356135107577,4.387716221623123,95.86293455056503,0.5751202699683057,2.5656641550026507,1,54,1788689957.1931443
1788690001.626231,44.420000,gate_sweep_poor_none_r14,-0.03766622254624963,0.02007286064326763,4.682242393493652,93.34047088980904,-0.040546572650782764,-0.4785356135107577,4.387716221623123,95.86296721375265,0.5791065297781046,2.5224963239436087,1,50,1788689957.2062008
1788690001.671845,44.452000,gate_sweep_poor_none_r14,-0.0356126525439322,0.020496467128396034,4.687864780426025,93.37535606027973,-0.040546572650782764,-0.4785356135107577,4.387716221623123,95.86293236860563,0.5823628752128033,2.4875763083258904,1,49,1788689957.2198288
1788690001.717359,44.488000,gate_sweep_poor_none_r14,-0.03360975766554475,0.020942045375704765,4.693400859832764,93.4089418696484,-0.040546572650782764,-0.4785356135107577,4.387716221623123,95.86296894425942,0.585635679553594,2.454027074611024,1,49,1788689957.2293448
1788690001.761427,44.520000,gate_sweep_poor_none_r14,-0.03123052278533578,0.021528644487261772,4.700202465057373,93.44988311457632,-0.09630846127402037,-0.523337981197983,4.482083725742996,95.64831277871005,0.5905002644399535,2.198429664133722,1,46,1788689957.241405
1788690001.804002,44.552000,gate_sweep_poor_none_r14,-0.029430820140987635,0.022017115727066994,4.705564498901367,93.47890281501049,-0.3304141302360222,-0.6571449250914156,4.502448010258377,95.54595510232092,0.7701352729249246,2.067052287310441,1,171,1788689957.251987
1788690001.853300,44.584000,gate_sweep_poor_none_r14,-0.028138949070125818,0.022407064214348793,4.709563255310059,93.499679477079,-0.3321889181388542,-0.5930424542166293,4.456489491276443,95.52117518212141,0.7316220496060515,2.021495705042408,1,88,1788689957.2692807
1788690001.900849,44.620000,gate_sweep_poor_none_r14,-0.026097011286765337,0.023145975545048714,4.715474605560303,93.53409826215022,-0.33126963570248336,-0.564581295941025,4.458301949314773,95.59351990798207,0.7104163930130154,2.0594216458318435,1,182,1788689957.2808304
1788690001.948009,44.652000,gate_sweep_poor_none_r14,-0.024583507794886827,0.02384149469435215,4.718124866485596,93.55736005777696,-0.333786501432769,-0.5484535307623446,4.461912560276687,95.61300737837132,0.6991229028504193,2.055647320594353,1,118,1788689957.2959864
1788690001.991762,44.684000,gate_sweep_poor_none_r14,-0.023161374498158693,0.02462017349898815,4.718535900115967,93.57441484745507,-0.333786501432769,-0.5484535307623446,4.461912560276687,95.61300782785119,0.7005404902996076,2.0385929803961136,1,98,1788689957.3077476
1788690002.034754,44.716000,gate_sweep_poor_none_r14,-0.021499986294656992,0.025615794584155083,4.716153621673584,93.5851345269735,-0.333786501432769,-0.5484535307623446,4.461912560276687,95.61300338637638,0.7012253383478896,2.027868859402865,1,83,1788689957.318722
1788690002.085075,44.752000,gate_sweep_poor_none_r14,-0.02027267636731267,0.026347381994128227,4.712261199951172,93.58552660875306,-0.34418289258610457,-0.5567992539145052,4.454425263218582,95.51935211678325,0.71516235737994,1.9338255080301947,1,71,1788689957.333052
1788690002.129619,44.784000,gate_sweep_poor_none_r14,-0.019395256880670786,0.02685658447444439,4.7083845138549805,93.58098183014698,-0.3275836248649284,-0.5521602840162814,4.422556805424392,95.52315092101658,0.7154984857176764,1.9421690908696003,1,237,1788689957.3456001
1788690002.172788,44.816000,gate_sweep_poor_none_r14,-0.01828375505283475,0.027502624318003654,4.702306270599365,93.56901257787841,-0.3275836248649284,-0.5521602840162814,4.422556805424392,95.52313754090983,0.7140975143704277,1.9541249630314272,1,120,1788689957.3567696
1788690002.220817,44.848000,gate_sweep_poor_none_r14,-0.01695555867627263,0.02830192632973194,4.693572521209717,93.54201232023264,-0.3256969888461754,-0.5435083121992648,4.396863865666091,95.4437641198062,0.7143698242958271,1.9017517995735584,1,99,1788689957.3727977
1788690002.264551,44.884000,gate_sweep_poor_none_r14,-0.01598297106102109,0.028939606621861458,4.686008930206299,93.51374514550565,-0.31444771483074874,-0.5157975167967379,4.36527197342366,95.44065444026441,0.6990650415734491,1.9269092947587563,1,258,1788689957.380528
1788690002.305775,44.916000,gate_sweep_poor_none_r14,-0.015091235283762217,0.029595373198390007,4.678158760070801,93.4799790938342,-0.31444771483074874,-0.5157975167967379,4.36527197342366,95.44066006869602,0.6963948934063033,1.9606809748618126,1,137,1788689957.3897564
1788690002.354236,44.948000,gate_sweep_poor_none_r14,-0.014480250421911478,0.030095232650637627,4.6722025871276855,93.45051900442286,-0.3143063326133415,-0.5007439465261996,4.348893570713699,95.34444616392855,0.6900830629757406,1.8939271595056983,1,110,1788689957.406215
1788690002.400803,44.980000,gate_sweep_poor_none_r14,-0.013630714733153582,0.0309246014803648,4.662291049957275,93.39493957991321,-0.3135669071925804,-0.4954737634398043,4.337433743290603,95.28957023212273,0.687451254877326,1.894630652209514,1,262,1788689957.420784
1788690002.445805,45.016000,gate_sweep_poor_none_r14,-0.013126383069902658,0.03153114579617977,4.654617786407471,93.34511955707839,-0.3135669071925804,-0.4954737634398043,4.337433743290603,95.28955741006195,0.6845468574918009,1.9444378529835649,1,133,1788689957.4297886
1788690002.492030,45.048000,gate_sweep_poor_none_r14,-0.012762336526066065,0.032068898901343346,4.647132873535156,93.29205811355794,-0.31883127882611006,-0.4900393099524081,4.335621285252273,95.11331205417746,0.6806722036543469,1.8212539406195127,1,108,1788689957.4440024
1788690002.533794,45.080000,gate_sweep_poor_none_r14,-0.012470305431634188,0.03259733133018017,4.638099193572998,93.22448712387187,-0.31883127882611006,-0.4900393099524081,4.335621285252273,95.11327299362385,0.6771255347809861,1.8887858697519915,1,261,1788689957.4537725
1788690002.580154,45.112000,gate_sweep_poor_none_r14,-0.012356192339211702,0.03286693058907986,4.6313371658325195,93.16910681011295,-0.322977437521331,-0.47375779459252954,4.316147732548416,95.0315907020308,0.6726801238165032,1.8624838919178555,1,114,1788689957.4681282
1788690002.627748,45.148000,gate_sweep_poor_none_r14,-0.012349114287644625,0.03299137018620968,4.62644624710083,93.1277153892866,-0.322977437521331,-0.47375779459252954,4.316147732548416,95.03157284353216,0.6704996937600765,1.903857454245553,1,265,1788689957.4797275
1788690002.677480,45.180000,gate_sweep_poor_none_r14,-0.012474680785089731,0.03300541825592518,4.6186370849609375,93.05597192236065,-0.3168676038039848,-0.46822317549958825,4.302094864659011,94.99796765808826,0.6663963775530218,1.941995735727608,1,129,1788689957.4974418
1788690002.726115,45.212000,gate_sweep_poor_none_r14,-0.01268838020041585,0.0328232292085886,4.612743854522705,92.99956882925997,-0.3177040059817955,-0.46791239688172936,4.301066326908767,94.91679235784443,0.6640132381409323,1.9172235285844679,1,110,1788689957.5140958
1788690002.768998,45.244000,gate_sweep_poor_none_r14,-0.0129974321462214,0.03248879499733448,4.6071953773498535,92.94363981276233,-0.3177040059817955,-0.46791239688172936,4.301066326908767,94.91676589979402,0.6610313491027207,1.9731260870316922,1,251,1788689957.52498
1788690002.814596,45.280000,gate_sweep_poor_none_r14,-0.013493687380105257,0.03194850869476795,4.600715160369873,92.87782864715923,-0.3177040059817955,-0.46791239688172936,4.301066326908767,94.91677784742002,0.6574148357484028,2.0389492002607805,1,125,1788689957.5345654
1788690002.862151,45.312000,gate_sweep_poor_none_r14,-0.013950191903859377,0.03144392929971218,4.596025466918945,92.82757844105183,-0.31111420586239547,-0.4533503861166537,4.276255535893142,94.82617166511135,0.6523685984473951,1.9985932240595297,1,102,1788689957.5501254
1788690002.906668,45.344000,gate_sweep_poor_none_r14,-0.014327262062579393,0.03104342333972454,4.59268856048584,92.79175964718364,-0.30273334577213973,-0.45355900237336755,4.236600327305496,94.82340937750028,0.666945582440725,2.031649730316645,1,239,1788689957.562645
1788690002.952902,45.376000,gate_sweep_poor_none_r14,-0.01499628135934472,0.030306747183203697,4.5875563621521,92.73522631199411,-0.30273334577213973,-0.45355900237336755,4.236600327305496,94.82342559177363,0.6633919054571635,2.088199279779516,1,135,1788689957.576887
1788690002.997851,45.412000,gate_sweep_poor_none_r14,-0.015566125977784395,0.02964244969189167,4.5838303565979,92.69467369571015,-0.30273334577213973,-0.45355900237336755,4.236600327305496,94.82342659924781,0.660694595592244,2.12875290353767,1,109,1788689957.585837
1788690003.047859,45.444000,gate_sweep_poor_none_r14,-0.016159065533429384,0.028912315145134926,4.5804524421691895,92.65791935141266,-0.30273334577213973,-0.45355900237336755,4.236600327305496,94.82341949662325,0.6581319527409449,2.1655001452105878,1,98,1788689957.6038444
1788690003.092211,45.476000,gate_sweep_poor_none_r14,-0.01680137263610959,0.028116615489125252,4.577426910400391,92.62434564639311,-0.3115706582320854,-0.4481284231878817,4.210797715000808,94.6129980351482,0.6694140986822514,1.9886523887550935,1,92,1788689957.6161814
1788690003.136882,45.508000,gate_sweep_poor_none_r14,-0.01769449422135949,0.027101365849375725,4.574152946472168,92.58840173112749,-0.3141985376132652,-0.45184155413880944,4.176336693577468,94.56349790957331,0.6896076706517538,1.9750961784458243,1,224,1788689957.6288533
1788690003.183616,45.544000,gate_sweep_poor_none_r14,-0.018258654046803713,0.026523763313889503,4.572429656982422,92.56984237247013,-0.3141985376132652,-0.45184155413880944,4.176336693577468,94.56350146546222,0.6879705133840186,1.9936590929920968,1,156,1788689957.6395962
1788690003.226122,45.576000,gate_sweep_poor_none_r14,-0.019061400089412928,0.025801369920372963,4.570331573486328,92.54973738918987,-0.3141985376132652,-0.45184155413880944,4.176336693577468,94.56356534226931,0.685915926512846,2.0138279530794505,1,133,1788689957.6500921
1788690003.275482,45.608000,gate_sweep_poor_none_r14,-0.019942583981901407,0.02512040175497532,4.568408966064453,92.53421364884511,-0.3141985376132652,-0.45184155413880944,4.176336693577468,94.56352544276807,0.6839590195842412,2.0293117939229597,1,129,1788689957.667449
1788690003.322146,45.640000,gate_sweep_poor_none_r14,-0.02116735326126218,0.024376356974244118,4.566274166107178,92.51916377553884,-0.3168444473994896,-0.4588478715158999,4.166033196263015,94.50496363862399,0.693630617072024,1.9857998630851479,1,122,1788689957.6821275
1788690003.367415,45.676000,gate_sweep_poor_none_r14,-0.02224825555458665,0.023870909586548805,4.564813137054443,92.51200213289665,-0.3168444473994896,-0.4588478715158999,4.166033196263015,94.50500599118388,0.6919752734427492,1.9930038582872298,1,113,1788689957.6913958
1788690003.410793,45.708000,gate_sweep_poor_none_r14,-0.023125065956264734,0.02351229451596737,4.563844680786133,92.5097709092351,-0.3168444473994896,-0.4588478715158999,4.166033196263015,94.504970938966,0.6907940228665617,1.995200029730889,1,106,1788689957.7027748
1788690003.455311,45.740000,gate_sweep_poor_none_r14,-0.024690017569810152,0.022966844961047173,4.562450885772705,92.50942805814161,-0.3168444473994896,-0.4588478715158999,4.166033196263015,94.50498603712174,0.6889460185232706,1.9955579789801297,1,102,1788689957.7152963
1788690003.502488,45.772000,gate_sweep_poor_none_r14,-0.026049454230815172,0.022576285526156425,4.5614914894104,92.5127234585858,-0.32043538882862777,-0.4640448004938662,4.149672913365066,94.47624458138222,0.7021806743455281,1.9635211227964293,1,96,1788689957.7304695
1788690003.549858,45.808000,gate_sweep_poor_none_r14,-0.027462283615022898,0.022205019369721413,4.560617923736572,92.51860173138763,-0.321720375563018,-0.4683925719000399,4.148438858799636,94.46946618748572,0.7050995694289235,1.9508644560980932,1,91,1788689957.741815
1788690003.604251,45.840000,gate_sweep_poor_none_r14,-0.029254181776195765,0.02180018089711666,4.559612274169922,92.53037908896815,-0.38570766046177596,-0.482468715403229,4.086604523472488,94.06820265307178,0.7778705126580298,1.5378235641036344,1,192,1788689957.7642326
1788690003.648580,45.872000,gate_sweep_poor_none_r14,-0.030692240688949823,0.021561799570918083,4.558785438537598,92.54096551568581,-0.39039499952923506,-0.4783089072443545,4.087461876682937,94.08323087855665,0.7755015784694939,1.5422653628708376,1,115,1788689957.776564
1788690003.694349,45.904000,gate_sweep_poor_none_r14,-0.03177500003948808,0.021479351446032524,4.558122634887695,92.54794229472618,-0.38994182541500777,-0.46926169702783227,4.080761837773025,94.1109265538089,0.7726471264935627,1.5629842590827148,1,104,1788689957.790334
1788690003.741387,45.940000,gate_sweep_poor_none_r14,-0.03361960360780358,0.02162749506533146,4.556895732879639,92.55802502024741,-0.3899257321609184,-0.45497544715180993,4.104714321903884,94.06904176012824,0.7473770468823407,1.511016739880825,1,93,1788689957.8013532
1788690003.786061,45.972000,gate_sweep_poor_none_r14,-0.035178030375391245,0.02210855297744274,4.555814743041992,92.5670661519745,-0.45767439797054976,-0.48885794589295983,4.069498944096267,93.74123105954153,0.8222487457595781,1.174164907567022,1,241,1788689957.814045
1788690003.831022,46.004000,gate_sweep_poor_none_r14,-0.03689373517408967,0.02300233580172062,4.554616928100586,92.57613144148675,-0.4633733470691368,-0.49843826005235314,4.059746193699539,93.60276862908843,0.8358721182892951,1.0266371876016815,1,112,1788689957.8269944
1788690003.875108,46.036000,gate_sweep_poor_none_r14,-0.039355865214020014,0.024780986830592155,4.553018569946289,92.5930020062433,-0.45552243187557906,-0.5053863734938204,4.052138733677566,93.6623435065136,0.8397336789368449,1.0693415002702977,1,291,1788689957.8390892
1788690003.920590,46.072000,gate_sweep_poor_none_r14,-0.041625330690294504,0.02686622552573681,4.551715850830078,92.61482658159264,-0.4548477967036888,-0.5092503638006747,4.058042931370437,93.68829799597174,0.8377868196486383,1.073471414379095,1,177,1788689957.8485737
1788690003.969523,46.104000,gate_sweep_poor_none_r14,-0.043531997594982386,0.028870118781924248,4.550810813903809,92.63632954838442,-0.4564911265624687,-0.5081752152182162,4.05699388962239,93.66737071902409,0.8383365002644626,1.0310411706396656,1,137,1788689957.8655
1788690004.013084,46.136000,gate_sweep_poor_none_r14,-0.04633488738909364,0.03213760070502758,4.549671649932861,92.67696961103447,-0.4535057683242485,-0.5049454779364169,4.047642636112869,93.71143648567907,0.8404043612223561,1.034466874644611,1,351,1788689957.877063
1788690004.058050,46.168000,gate_sweep_poor_none_r14,-0.05038240784779191,0.03725334815680981,4.548314571380615,92.74685316531891,-0.4527534086955711,-0.5021569938398898,4.04371492844075,93.78589359264684,0.8411223091984185,1.0390404273279348,1,200,1788689957.8900323
1788690004.107280,46.204000,gate_sweep_poor_none_r14,-0.05407036701217294,0.042218441143631935,4.547253608703613,92.82328508825695,-0.45605121448170394,-0.4996418566443026,4.039570736698806,93.82391545726117,0.8443595694834047,1.0006303690042253,1,155,1788689957.9032598
1788690004.153367,46.236000,gate_sweep_poor_none_r14,-0.05814128974452615,0.04798691160976887,4.546232223510742,92.91917530193825,-0.4608340699924156,-0.4978095800615847,4.033997940830886,93.87034645167037,0.8499642615646139,0.9511711497321215,1,376,1788689957.9173446
1788690004.198064,46.268000,gate_sweep_poor_none_r14,-0.06143011758103967,0.05287344194948673,4.545501708984375,93.00373435409772,-0.46232540800701827,-0.4935189695097506,4.019073414616287,93.98853521361053,0.8581307885732016,0.9848008595128176,1,242,1788689957.930049
1788690004.245963,46.300000,gate_sweep_poor_none_r14,-0.06735355267301202,0.062155695632100105,4.5443525314331055,93.17163643174901,-0.4643545289291069,-0.4909266442991793,4.010163235478103,94.10326675581875,0.8653716275710989,0.9316303240697322,1,180,1788689957.9459383
1788690004.292332,46.336000,gate_sweep_poor_none_r14,-0.0724887759424746,0.07067540474236012,4.543515205383301,93.32694789123059,-0.4729119677795097,-0.4912194819189608,3.9907576320692897,94.25214081880999,0.8840845723532857,0.925192927579399,1,372,1788689957.956314
1788690004.337126,46.368000,gate_sweep_poor_none_r14,-0.07795890280976892,0.08023898489773273,4.542748928070068,93.49635407216005,-0.4765647490276024,-0.48805453488603234,3.9752325294539332,94.40014261242315,0.8966153065643502,0.9037885402631128,1,225,1788689957.9691088
1788690004.383880,46.400000,gate_sweep_poor_none_r14,-0.08517711469903588,0.09361397661268711,4.541976451873779,93.72476107705437,-0.48190925910603255,-0.4874507994391024,3.97145454864949,94.58030645550738,0.9058299566875428,0.8555453784530209,1,157,1788689957.9838486
1788690004.434525,46.432000,gate_sweep_poor_none_r14,-0.09124631294980645,0.10547876544296741,4.541548728942871,93.91174330139305,-0.4881293912185356,-0.48647584626451135,3.968609976582229,94.77170933081156,0.9144316563277887,0.859966029418518,1,367,1788689958.002505
1788690004.483117,46.468000,gate_sweep_poor_none_r14,-0.09596909442916512,0.11505253799259663,4.541321277618408,94.05174137375641,-0.4955509443534538,-0.47678332636132836,3.964414524845779,94.9483674051329,0.9180178356214731,0.8966260313764897,1,226,1788689958.0150962
1788690004.528049,46.500000,gate_sweep_poor_none_r14,-0.10417073080316186,0.13227456994354725,4.5411529541015625,94.27428636497379,-0.503289355779998,-0.4659715504385531,3.95896618347615,95.12419223225976,0.9252759227640592,0.8499058672859697,1,363,1788689958.0280323
1788690004.575736,46.532000,gate_sweep_poor_none_r14,-0.11101402947679162,0.14715817756950855,4.5411763191223145,94.43660394313245,-0.508856548811309,-0.45361473271623254,3.9562200782820582,95.32293905473321,0.9281059010811206,0.8863351116007604,1,203,1788689958.0437074
1788690004.625455,46.564000,gate_sweep_poor_none_r14,-0.11809469619765878,0.16305399127304554,4.541309356689453,94.57563690949651,-0.5168177027953789,-0.43870182940736413,3.951820301823318,95.44296322873372,0.9319803911671362,0.8673263192372055,1,149,1788689958.0614343
1788690004.673404,46.600000,gate_sweep_poor_none_r14,-0.12724736938253045,0.18437601812183857,4.54164981842041,94.71023575924241,-0.5116945047629997,-0.4191667647100985,3.9419755218550563,95.66323756091217,0.9336341642056163,0.9530018016697621,1,368,1788689958.0733647
1788690004.719895,46.632000,gate_sweep_poor_none_r14,-0.13477656850591302,0.20260262675583363,4.542085647583008,94.77685725063964,-0.5198564667953178,-0.4032452614046633,3.9293529270216823,95.73617063346093,0.943811198546402,0.9593133828212913,1,228,1788689958.0878582
1788690004.768180,46.664000,gate_sweep_poor_none_r14,-0.14047817001119256,0.21689902432262897,4.542503833770752,94.80150231355945,-0.5308084626449272,-0.38647147128358483,3.923335480503738,95.76148167377933,0.9485689969649076,0.9599793602198752,1,357,1788689958.1041658
1788690004.817362,46.696000,gate_sweep_poor_none_r14,-0.15006910869851708,0.24197128601372242,4.543403148651123,94.78375014434383,-0.5401219268096611,-0.36687334487214684,3.9247810123488307,95.77122390145678,0.9515914737944049,0.9874737571129484,1,190,1788689958.1213403
1788690004.862423,46.732000,gate_sweep_poor_none_r14,-0.15773790189996362,0.26316467113792896,4.544303894042969,94.71326313625345,-0.549024595762603,-0.3454322130419314,3.923272537998855,95.71427009028,0.9535068900733648,1.0010069540265463,1,356,1788689958.1304038
1788690004.912799,46.764000,gate_sweep_poor_none_r14,-0.16537693748250604,0.28535726852715015,4.545304298400879,94.58766444316961,-0.5561917562736198,-0.32657950231805444,3.919650244526565,95.62734441071106,0.9584601343971226,1.0396799675414403,1,185,1788689958.148773
1788690004.957549,46.796000,gate_sweep_poor_none_r14,-0.17294455179944634,0.30850342102348804,4.5463738441467285,94.4048654082394,-0.5610511441482231,-0.30467831203714013,3.923044133000076,95.55085019078244,0.9566391658206267,1.1459847825430405,1,339,1788689958.1615348
1788690005.011215,46.828000,gate_sweep_poor_none_r14,-0.18230569968000054,0.33873519487679005,4.547781467437744,94.0933695533239,-0.5698650021804497,-0.28575973818078637,3.914597916416824,95.32587680987774,0.9701121294225136,1.2325072565538475,1,181,1788689958.1831954
1788690005.056804,46.864000,gate_sweep_poor_none_r14,-0.1878738314844668,0.3575508315116167,4.5486836433410645,93.8617691200113,-0.5754607458366081,-0.26334269950166345,3.9083880661055446,95.05968170332854,0.9724766420117867,1.1979125833172297,1,338,1788689958.1927907
1788690005.103463,46.896000,gate_sweep_poor_none_r14,-0.19521818170323968,0.3834478873759508,4.550002098083496,93.5003314143942,-0.5855640907539055,-0.2377727092243731,3.90152685623616,94.71474480202566,0.9791859361949672,1.2144133876314582,1,195,1788689958.207442
1788690005.149030,46.928000,gate_sweep_poor_none_r14,-0.2024205238558352,0.4102033693343401,4.551460266113281,93.08033868113763,-0.5875501771224663,-0.21490932116284966,3.8980564353987575,94.40108640477618,0.9828668738126873,1.3207477236385508,1,345,1788689958.221013
1788690005.197786,46.960000,gate_sweep_poor_none_r14,-0.21121192583814263,0.4447901863604784,4.5534844398498535,92.47733733244918,-0.5932149429572746,-0.1949398280121386,3.9022821662947536,93.9344531210586,0.9895681873729774,1.457115788609414,1,189,1788689958.2377658
1788690005.240603,46.996000,gate_sweep_poor_none_r14,-0.2180612594820559,0.47331896610558033,4.555268287658691,91.93334303988789,-0.5956716676009819,-0.16874430188909173,3.908271479420364,93.43075134856875,0.9866304932943858,1.4974083086808605,1,335,1788689958.2445872
1788690005.291744,47.028000,gate_sweep_poor_none_r14,-0.22307213256135583,0.4951800424605608,4.556700229644775,91.49246996754975,-0.6105671663535759,-0.1367481560446322,3.908178257755935,92.80135348868885,0.9849194877258963,1.3088835211390935,1,204,1788689958.2637253
1788690005.334799,47.060000,gate_sweep_poor_none_r14,-0.231194740626961,0.5324373561888933,4.559262275695801,90.69608495722044,-0.6224389214767143,-0.10480768093839288,3.9116811035200953,92.15074177821401,0.9891989794518652,1.454656820993577,1,333,1788689958.274772
1788690005.382598,47.092000,gate_sweep_poor_none_r14,-0.23746158787980676,0.5629355031996965,4.56148099899292,90.00892355852123,-0.6344088454497978,-0.07139288494363427,3.9142092941328883,91.43788200800934,0.9893938999252344,1.4289584494881011,1,187,1788689958.2905772
1788690005.425919,47.128000,gate_sweep_poor_none_r14,-0.24352251598611474,0.5939884502440691,4.56386137008667,89.2813097506845,-0.6422253985656425,-0.03808731446042657,3.918327975086868,90.66070220678998,0.9875206959674153,1.3793924561054887,1,344,1788689958.2979043
1788690005.471131,47.160000,gate_sweep_poor_none_r14,-0.25081590423360467,0.6335627157241106,4.567026615142822,88.32333812702086,-0.653744473005645,-0.005264746490865946,3.923901009373367,89.8793331985616,0.9919992453671732,1.5559950715407334,1,193,1788689958.3111103
1788690005.518306,47.192000,gate_sweep_poor_none_r14,-0.256389653775841,0.6658385712653399,4.56967306137085,87.52256983653781,-0.6596244712127373,0.02890674164518714,3.9308583019301295,89.11890060313839,0.9881117196228103,1.5963307666005782,1,317,1788689958.32627
1788690005.564237,47.224000,gate_sweep_poor_none_r14,-0.2604315341450274,0.6904172617942095,4.571719646453857,86.90624247500303,-0.665668620611541,0.06114388769492507,3.9321052310988307,88.33498640000151,0.9845347510007554,1.4287439249984832,1,178,1788689958.3402162
1788690005.612250,47.260000,gate_sweep_poor_none_r14,-0.2669180096127093,0.7321291286498308,4.575247764587402,85.85663044603723,-0.671788050676696,0.09299383452162147,3.934561896137893,87.44815297971665,0.9914091266386489,1.5915225336794203,1,307,1788689958.3522027
1788690005.660723,47.292000,gate_sweep_poor_none_r14,-0.27182755479589105,0.7660755235701799,4.57814884185791,85.00241470112356,-0.6803116936935112,0.13067431142553687,3.9311074493452907,86.58997098007066,0.9946137721500148,1.5875562789471087,1,170,1788689958.3687
1788690005.705231,47.324000,gate_sweep_poor_none_r14,-0.27643228182569146,0.8004863578826189,4.581112861633301,84.13971350940515,-0.6906416554702446,0.16958961775526404,3.9307827232405543,85.69443573586503,0.9962576929792135,1.5547222264598697,1,323,1788689958.3812177
1788690005.752880,47.356000,gate_sweep_poor_none_r14,-0.2816927791573107,0.8440407831221819,4.584760665893555,83.05560909865844,-0.6997857232345268,0.20106294145807624,3.9320346591994166,84.79183673194228,1.0071114409900535,1.736227633283854,1,187,1788689958.396839
1788690005.796284,47.392000,gate_sweep_poor_none_r14,-0.2855104268528521,0.8792983610183001,4.587605953216553,82.18922411605169,-0.7075843353522941,0.2338730483315885,3.929821657948196,83.80509073970539,1.013607615201476,1.6158666236537118,1,320,1788689958.4042687
1788690005.841871,47.424000,gate_sweep_poor_none_r14,-0.28813118347898126,0.9059559423476458,4.589711666107178,81.54184885830655,-0.7174143333686516,0.2648252039216459,3.923602747730911,82.88149846670645,1.0193300435453991,1.3396496083998874,1,201,1788689958.4178448
1788690005.888400,47.456000,gate_sweep_poor_none_r14,-0.29129562387242913,0.9416944105178118,4.592503547668457,80.68467562583255,-0.7221673269523308,0.2990096895955503,3.922736573033035,82.02856903592283,1.0233679081025486,1.3438934100902802,1,334,1788689958.4323745
1788690005.934855,47.488000,gate_sweep_poor_none_r14,-0.294759011361748,0.9865824896842241,4.595959186553955,79.6243494699352,-0.7265166182769462,0.33578474214300513,3.9192597148939967,81.1853063659183,1.0333801402575578,1.560956895983099,1,179,1788689958.4468296
1788690005.980405,47.524000,gate_sweep_poor_none_r14,-0.29713974008336663,1.0226040799170732,4.598705291748047,78.78671614973622,-0.731189324404113,0.37816149881109595,3.9178456543013453,80.2800252707198,1.033090087018359,1.4933091209835692,1,338,1788689958.4563768
1788690006.029788,47.556000,gate_sweep_poor_none_r14,-0.29914734372869134,1.0586756188422441,4.601438999176025,77.96129261871603,-0.7380511899245903,0.41566983750090003,3.9108127830550075,79.42661218524245,1.0407005291809843,1.4653195665264171,1,172,1788689958.4737692
1788690006.079694,47.588000,gate_sweep_poor_none_r14,-0.30038181552663445,1.085732789710164,4.603481292724609,77.34866339941874,-0.737539901281707,0.45904300501570106,3.9057890651747584,78.69996509295554,1.0347085205819584,1.3513016935367892,1,339,1788689958.491674
1788690006.125466,47.620000,gate_sweep_poor_none_r14,-0.3018572092987597,1.1307466942816973,4.6068854331970215,76.34486402905586,-0.7387457628501579,0.5026798038743436,3.8993455646559596,77.95048419914534,1.0420903476308083,1.6056201700894726,1,193,1788689958.505445
1788690006.169824,47.656000,gate_sweep_poor_none_r14,-0.30248636612668633,1.1665528733283281,4.609572410583496,75.55616583376529,-0.7396264214767143,0.5490606813691556,3.894780802540481,77.13392756549105,1.0408242301420005,1.577761731725756,1,358,1788689958.5138047
1788690006.215793,47.688000,gate_sweep_poor_none_r14,-0.3026424110867083,1.202073784545064,4.612221717834473,74.78352107562931,-0.7456768889678642,0.5822625546716154,3.8834838150069118,76.34367294867324,1.0542791092904085,1.5601518730439312,1,215,1788689958.5277739
1788690006.261064,47.720000,gate_sweep_poor_none_r14,-0.30222857603803277,1.24595114775002,4.6154327392578125,73.83642325713234,-0.7538747926009819,0.6107389121316373,3.874852347187698,75.50652217866741,1.0751456674951794,1.6700989215350746,1,148,1788689958.5410407
1788690006.308566,47.752000,gate_sweep_poor_none_r14,-0.30141726741567254,1.2804965693503618,4.617917060852051,73.0978213466572,-0.7435234923614189,0.6311967759393156,3.8612519977614284,75.02761427868252,1.0906833424790816,1.9297929320253278,1,384,1788689958.5565515
1788690006.362401,47.788000,gate_sweep_poor_none_r14,-0.30051354179158807,1.3060258347541094,4.619725704193115,72.55245077700674,-0.7508124847663566,0.659673550631851,3.8500687358900905,74.15016742414902,1.1013229599402974,1.5977166471422743,1,237,1788689958.5743742
1788690006.409737,47.820000,gate_sweep_poor_none_r14,-0.29848686465993524,1.347711892798543,4.622619152069092,71.66480687538203,-0.7519846697105095,0.6931322603486478,3.8469399688765407,73.42564798309822,1.111671241708713,1.7608411077161987,1,379,1788689958.5896995
1788690006.460014,47.852000,gate_sweep_poor_none_r14,-0.29640198359265924,1.3802464921027422,4.624836444854736,70.97066089751473,-0.755883349920623,0.7274048118852079,3.8412708519026637,72.67321094290264,1.1186154048153454,1.7025500453879046,1,229,1788689958.6079884
1788690006.503500,47.884000,gate_sweep_poor_none_r14,-0.2938782633282244,1.411990376189351,4.62692928314209,70.29053121981434,-0.7539274235023186,0.7583665042184293,3.8456789730116725,72.06734316401725,1.1176857531820035,1.7768119442028993,1,361,1788689958.6194608
1788690006.552628,47.920000,gate_sweep_poor_none_r14,-0.29009518632665277,1.4504490811377764,4.629354476928711,69.4539420469092,-0.756535901571624,0.7913056998513639,3.840287852101028,71.30528504991867,1.1290097769057965,1.851343003009458,1,233,1788689958.6325996
1788690006.599218,47.952000,gate_sweep_poor_none_r14,-0.28653845796361566,1.4801931101828814,4.631124019622803,68.79402966022768,-0.7576183815253899,0.8183433800004423,3.8323218105360866,70.6142883285984,1.1393183615510427,1.820258668370721,1,340,1788689958.6471972
1788690006.646647,47.984000,gate_sweep_poor_none_r14,-0.2835756898857653,1.5019693095237017,4.63236141204834,68.30161324261238,-0.7606450457824394,0.8433622508309782,3.820186543278396,69.88229557205682,1.1493417444594203,1.5806823294444525,1,203,1788689958.6626287
1788690006.687733,48.016000,gate_sweep_poor_none_r14,-0.2780587733723223,1.537084074690938,4.634224891662598,67.48135729338888,-0.7552364011062309,0.8724689274094999,3.824329542927444,69.33248994574049,1.151235101231944,1.8511326523516085,1,328,1788689958.6717193
1788690006.736377,48.052000,gate_sweep_poor_none_r14,-0.27316621551290154,1.564112277701497,4.635530948638916,66.82153357705636,-0.7509223957313225,0.9027036218903959,3.8231570003554225,68.66773662142823,1.1513747476683933,1.8462030443718784,1,204,1788689958.6843507
1788690006.783676,48.084000,gate_sweep_poor_none_r14,-0.2678720415569842,1.5901431757956743,4.63665771484375,66.15403465368557,-0.7465121288551018,0.9364549904130399,3.82275168877095,68.06785679667435,1.1484109003989855,1.9138221429887887,1,321,1788689958.6996305
1788690006.830152,48.116000,gate_sweep_poor_none_r14,-0.26221621641889215,1.6151581723242998,4.6376633644104,65.47629243207925,-0.7376559515250847,0.9635851769708097,3.818700718693435,67.52835643542153,1.1494738470585129,2.0520640033422857,1,195,1788689958.7141304
1788690006.877951,48.148000,gate_sweep_poor_none_r14,-0.2547054351307452,1.6450116354972124,4.638857364654541,64.6013086273056,-0.7291187782539055,1.0002745180390775,3.8115033386275172,67.01197225721863,1.1512031337451454,2.410663629913031,1,316,1788689958.7299323
1788690006.928147,48.184000,gate_sweep_poor_none_r14,-0.2499720216728747,1.662130804732442,4.6395745277404785,64.05698762053633,-0.7204868335975334,1.0243545561097562,3.805272507481277,66.32880774951401,1.150740019533651,2.2718201289776823,1,187,1788689958.7441278
1788690006.975274,48.216000,gate_sweep_poor_none_r14,-0.24337044963613153,1.684036822989583,4.640510559082031,63.29941290632797,-0.7153271575225517,1.047144630458206,3.7977222679182887,65.65054156018955,1.1570077366850724,2.3511286538615748,1,286,1788689958.7592537
1788690007.025548,48.248000,gate_sweep_poor_none_r14,-0.23640639195218682,1.704950662329793,4.641470432281494,62.495826229418995,-0.7100056548370048,1.0710090189240873,3.79577677231282,64.90759844802552,1.1581778946086743,2.4117722186065325,1,174,1788689958.7775242
1788690007.076860,48.280000,gate_sweep_poor_none_r14,-0.22710839519277215,1.7295603472739458,4.642709732055664,61.40145895615972,-0.7096597690833732,1.0971011905930936,3.7900833366438746,63.97757143514948,1.166118426004007,2.5761124789897543,1,256,1788689958.796817
1788690007.128026,48.316000,gate_sweep_poor_none_r14,-0.21914975950494409,1.748022647574544,4.643780708312988,60.43882004547913,-0.698114647413604,1.1068045883439481,3.7935296772047877,63.136463189947484,1.1676877918490736,2.6976431444683535,1,161,1788689958.8120039
1788690007.175949,48.348000,gate_sweep_poor_none_r14,-0.2128621102310717,1.7611752469092607,4.644674777984619,59.6532547080967,-0.6821958561195061,1.134700634982437,3.7965955017134547,62.32666737441386,1.1541157061833776,2.6734126663171525,1,261,1788689958.8279335
1788690007.225326,48.380000,gate_sweep_poor_none_r14,-0.2017203033901751,1.781712742522359,4.646403789520264,58.20125299734317,-0.6791935105575249,1.1539032249711454,3.7962452648207545,61.18178765058224,1.1596960683773176,2.9805346532390677,1,176,1788689958.8453047
1788690007.275626,48.412000,gate_sweep_poor_none_r14,-0.1922010243870318,1.796975227072835,4.6481170654296875,56.8898804079854,-0.6575082679046318,1.1691291122697294,3.7813922641798854,60.27187126335085,1.1670104780355703,3.381990855365449,1,121,1788689958.863605
1788690007.330444,48.448000,gate_sweep_poor_none_r14,-0.1821501017548144,1.8112507779151201,4.650112628936768,55.42909035704054,-0.6554985184920952,1.2281137495301664,3.7734069107100368,59.001873970314264,1.1544351146222003,3.5727836132737196,1,214,1788689958.8824277
1788690007.385851,48.480000,gate_sweep_poor_none_r14,-0.16879439959302545,1.8277210909873247,4.652998447418213,53.37295921602666,-0.6441065807593986,1.2612015991471708,3.755714583210647,57.48375448702874,1.1627486130575357,4.110795271002088,1,136,1788689958.9058225
1788690007.434477,48.512000,gate_sweep_poor_none_r14,-0.1574812293983996,1.8398486096411943,4.655736446380615,51.53687062776506,-0.6262131471885368,1.271710970904678,3.768616604618728,56.010490689755756,1.1530271466673971,4.473620061990693,1,206,1788689958.9224591
1788690007.488844,48.544000,gate_sweep_poor_none_r14,-0.14858210692182183,1.848325939849019,4.657941818237305,50.0451203335497,-0.603369488264434,1.3118773489259183,3.7604195354506373,54.45411768336121,1.1402433516712305,4.408997349811515,1,112,1788689958.9447918
1788690007.539141,48.580000,gate_sweep_poor_none_r14,-0.13291147956624627,1.861303063109517,4.661858558654785,47.34524032970929,-0.5990196008933708,1.3741245060227811,3.7457694290205836,52.49698155103918,1.1374616567982256,5.151741221329888,1,169,1788689958.959122
1788690007.592060,48.612000,gate_sweep_poor_none_r14,-0.11963936546817422,1.8707332331687212,4.665059566497803,45.00308993733088,-0.6671785850776359,1.3752381592057645,3.7578777549788356,49.54761332549796,1.1697407424224093,4.544523388167088,1,147,1788689958.9800413
1788690007.639628,48.644000,gate_sweep_poor_none_r14,-0.10572323808446527,1.8793327528983355,4.668237686157227,42.51553096088617,-0.6704735298408195,1.4328911094926298,3.7455858467146754,46.39337428532192,1.170273237253761,3.877843324435751,1,138,1788689958.9955964
1788690007.690317,48.676000,gate_sweep_poor_none_r14,-0.08737268159165978,1.8889885861426592,4.672125816345215,39.23510846439055,-0.7197557230247185,1.4635379104875028,3.750287222675979,43.42926949807708,1.1961199694368574,4.194161033686537,1,147,1788689959.014296
1788690007.735202,48.712000,gate_sweep_poor_none_r14,-0.07190529117360711,1.8959154803305864,4.675142765045166,36.50267280656073,-0.7158200283301994,1.5099284439347684,3.732546496205032,40.22946879100942,1.2050310813520173,3.72679598444869,1,170,1788689959.0231817
1788690007.785449,48.744000,gate_sweep_poor_none_r14,-0.059848582837730646,1.9006894547492266,4.677287578582764,34.40843299968529,-0.7281804223312065,1.5472131757996976,3.7298952816054225,37.051935387748244,1.212091206070212,2.6435023880629562,1,177,1788689959.0414298
1788690007.831383,48.776000,gate_sweep_poor_none_r14,-0.04324248665943742,1.9065730292350054,4.679958343505859,31.579346885448363,-0.7946309585822746,1.591391661670059,3.7393161533400416,33.14798123741323,1.2444804779981855,1.5686343519648664,1,102,1788689959.0553646
1788690007.881467,48.808000,gate_sweep_poor_none_r14,-0.021552531514316797,1.9132232386618853,4.682980537414551,28.033611416464993,-0.8274027247680351,1.6463416605256498,3.72764556389302,29.611504706231973,1.2780004782271899,1.577893289766981,1,184,1788689959.07345
1788690007.928849,48.844000,gate_sweep_poor_none_r14,-0.003413674421608448,1.9180290419608355,4.6851630210876465,25.223507636502568,-0.8277125497115776,1.6687752990983427,3.7376493690535426,26.112106386796974,1.2803820464713938,0.8885987502944067,1,87,1788689959.0848303
1788690007.973290,48.876000,gate_sweep_poor_none_r14,0.015476575586944818,1.9224453885108232,4.687215805053711,22.475391310398365,-0.8297609229339287,1.7030094652436674,3.7476019142195582,22.699842183674647,1.282752048205119,0.2244508732762823,1,234,1788689959.0972705
1788690008.025309,48.908000,gate_sweep_poor_none_r14,0.030183495488017797,1.9255560357123613,4.688690185546875,20.470524879957132,-0.8315156240714714,1.7278538732789457,3.7570153949782252,19.61253616331378,1.2843790067817151,0.8579887166433534,1,115,1788689959.117269
1788690008.078773,48.940000,gate_sweep_poor_none_r14,0.05585567420348525,1.9304798562079668,4.69111967086792,17.283986216569208,-0.8613976378692314,1.790998080279678,3.7602385757490993,16.15398169075749,1.3142862768720112,1.1300045258117168,1,145,1788689959.1387506
1788690008.126927,48.976000,gate_sweep_poor_none_r14,0.07743299892172217,1.9343079049140215,4.693152904510498,14.9018730265766,-0.8644899268401787,1.8475581197999418,3.762517618946731,12.580350453181785,1.3269613249938947,2.3215225733948164,1,127,1788689959.1509082
1788690008.176134,49.008000,gate_sweep_poor_none_r14,0.09990983596071601,1.9381607491523027,4.695433139801025,12.70113050921361,-0.8682162304176018,1.877122977282852,3.7659129379317164,9.866371859410618,1.3435034408884492,2.8347586498029926,1,69,1788689959.1681106
1788690008.222709,49.040000,gate_sweep_poor_none_r14,0.1291556595824659,1.9430978018790483,4.698745250701904,10.236925624255766,-0.8641060729278252,1.9100850610993803,3.7690734146162868,7.372090924639134,1.36086312064584,2.8648346996166336,1,120,1788689959.1826935
1788690008.268154,49.072000,gate_sweep_poor_none_r14,0.15354868164286017,1.947283836081624,4.701804161071777,8.524591983558635,-0.8575815696967766,1.935716727282852,3.7713286159560084,5.1198764315797245,1.3741553490193918,3.4047155519789105,1,70,1788689959.1961274
1788690008.317942,49.108000,gate_sweep_poor_none_r14,0.17240033438429236,1.950608940795064,4.704323768615723,7.397084751202526,-0.8664629001868889,1.9792775898240507,3.77948300819844,2.5384603200777622,1.3911826421106834,4.858624431124765,1,46,1788689959.2099214
1788690008.364262,49.140000,gate_sweep_poor_none_r14,0.20491124084219337,1.9566627461463213,4.708978176116943,5.837485387053388,-0.8394314785255119,2.0008723526261747,3.7263812301680446,2.1441863764738933,1.434608993067289,3.6932990105794943,1,195,1788689959.2242458
1788690008.415216,49.172000,gate_sweep_poor_none_r14,0.23178880801424384,1.9620741326361895,4.713156223297119,4.882069612062012,-0.7974341650260612,1.9676703005097806,3.7025934932753444,2.315265308265844,1.4424175112074369,2.5668043037961685,1,92,1788689959.243194
1788690008.458084,49.204000,gate_sweep_poor_none_r14,0.25938805332407355,1.9681160170584917,4.717641830444336,4.187559144352257,-0.7519931335700676,1.9641455202363431,3.6893867729231715,1.7270419195703364,1.442295439002103,2.460517224781921,1,229,1788689959.254071
1788690008.505667,49.240000,gate_sweep_poor_none_r14,0.29481899132952094,1.9766734559088945,4.723536491394043,3.685126889364465,-0.7144409556640312,1.973052719142288,3.688409018330276,0.950919432873795,1.4457204556315653,2.7342074564906707,1,138,1788689959.265653
1788690008.560495,49.272000,gate_sweep_poor_none_r14,0.3238446353934705,1.9844186026602983,4.728348731994629,3.56804623192066,-0.6782966394675896,1.978465178515762,3.6773466346785426,0.595540592470771,1.45221485552311,2.9725056394498894,1,92,1788689959.2884655
1788690008.604379,49.304000,gate_sweep_poor_none_r14,0.34592019906267524,1.9906804282218218,4.732001781463623,3.639856919409887,-0.6677923937095329,2.0067600994370878,3.665867972187698,0.968568757115922,1.4712284240907454,2.6712881622939646,1,241,1788689959.3003366
1788690008.651007,49.336000,gate_sweep_poor_none_r14,0.3897167085669935,1.9838084895163774,4.734703540802002,5.775915776621734,-0.6662159104598686,2.018394687678665,3.6371497390791774,1.3907665528575432,1.5234218879563448,4.3851492237641905,1,129,1788689959.3149853
1788690008.699009,49.372000,gate_sweep_poor_none_r14,0.43278630962595344,1.957281680777669,4.732781887054443,9.326067437315961,-0.6059684295905754,2.0306544094346464,3.6285421131178737,3.532579503357837,1.5178077756747907,5.793487933958125,1,240,1788689959.3269916
1788690008.749086,49.404000,gate_sweep_poor_none_r14,0.47676702728495,1.9303037840873003,4.731807708740234,12.914058703591088,-0.5327067513717338,1.9766281633637846,3.62716047745198,6.846750351098692,1.4971401950063197,6.067308352492397,1,112,1788689959.3450627
1788690008.795604,49.436000,gate_sweep_poor_none_r14,0.5222165822051466,1.9017584044486284,4.73240852355957,16.45913216275029,-0.46782536699902266,1.930477002169937,3.632562088780105,10.001723219676816,1.4800912131136275,6.457408943073475,1,208,1788689959.3595867
1788690008.847338,49.468000,gate_sweep_poor_none_r14,0.5805180906318128,1.8648167569190264,4.734395980834961,20.682857660802597,-0.43338264420162886,1.8954286365769804,3.638463663868606,12.879739602787764,1.4933182616720486,7.803118058014833,1,114,1788689959.3793159
1788690008.891334,49.504000,gate_sweep_poor_none_r14,0.6154887317679822,1.844058247283101,4.73605489730835,23.092533739002512,-0.39762820198666304,1.8573658256791532,3.646501469425857,15.827781474475108,1.487854053767933,7.264752264527404,1,188,1788689959.387317
1788690008.938609,49.536000,gate_sweep_poor_none_r14,0.66144480695948,1.8193442542105913,4.738685607910156,26.150450361432835,-0.3754177530063316,1.8496317653916776,3.6688555954024196,17.426689093941455,1.4901468240595304,8.72376126749138,1,112,1788689959.4025836
1788690008.986839,49.568000,gate_sweep_poor_none_r14,0.706556701567024,1.797847481444478,4.741618633270264,29.004344012673922,-0.38727740838658065,1.8583344011567533,3.6841160533949733,18.626482090548627,1.5226435676142887,10.377861922125296,1,145,1788689959.4188192
1788690009.033987,49.600000,gate_sweep_poor_none_r14,0.7616899251006544,1.7760495860129595,4.74562931060791,32.272204332567156,-0.4299783845199272,1.8725145845673978,3.679234671406448,19.479147283639723,1.6020538014117063,12.793057048927436,1,93,1788689959.4339635
1788690009.085555,49.636000,gate_sweep_poor_none_r14,0.8047229289077222,1.7625605780631304,4.749032497406006,34.634016883351336,-0.45231331780087203,1.8789359121583402,3.6876794574782252,20.818376486542363,1.64928882227733,13.815640396808972,1,152,1788689959.4495394
1788690009.131898,49.668000,gate_sweep_poor_none_r14,0.8363689421676099,1.7546606976538897,4.751702785491943,36.25170511624541,-0.47988714172970504,1.8938424377702177,3.700247216038406,21.341103107246028,1.6904024519957865,14.910602008999382,1,98,1788689959.4638603
1788690009.182890,49.700000,gate_sweep_poor_none_r14,0.8879366158507764,1.7457580287009478,4.756422996520996,38.6474349269002,-0.4865524609340355,1.8968474655412138,3.6969622848555446,22.281004043179806,1.741983134157199,16.366430883720398,1,152,1788689959.4828355
1788690009.233899,49.732000,gate_sweep_poor_none_r14,0.9281736849807203,1.7422369439154863,4.760382652282715,40.28334405954236,-0.4803508658660576,1.8994333534501493,3.6904331920668483,23.202997736485337,1.7757938982114256,17.080346323057025,1,99,1788689959.5018828
1788690009.288348,49.768000,gate_sweep_poor_none_r14,0.9675145386718214,1.741775842383504,4.7644195556640625,41.66478594213893,-0.48329125239979476,1.881832459475845,3.706911968998611,24.55506697394271,1.8007708336302195,17.109718968196216,1,77,1788689959.5203261
1788690009.336432,49.800000,gate_sweep_poor_none_r14,1.0154815553687513,1.7451750952750444,4.769609451293945,43.03402369289412,-0.46657632186543196,1.8833832531236112,3.6878489730879664,25.770701529953563,1.8400551020489075,17.26332216294055,1,173,1788689959.536417
1788690009.383889,49.832000,gate_sweep_poor_none_r14,1.0529865860007703,1.750610800459981,4.773833751678467,43.84327260020982,-0.47478030517231673,1.8803363828919828,3.680869269184768,26.426194040941773,1.8829423147018391,17.41707855926805,1,100,1788689959.5518594
1788690009.432640,49.864000,gate_sweep_poor_none_r14,1.0805873512290418,1.7562467772513628,4.776944160461426,44.28765766801177,-0.5190283794654533,1.8776944666169584,3.6905528781935573,26.35271840201399,1.9374638178105803,17.93493926599778,1,75,1788689959.568617
1788690009.481693,49.900000,gate_sweep_poor_none_r14,1.1255287765525281,1.7685392815619707,4.781905174255371,44.731976849853275,-0.5141738195670769,1.8843525438569486,3.6726819751784205,26.65851294079699,1.9830313716165162,18.073463909056287,1,156,1788689959.5816753
1788690009.530549,49.932000,gate_sweep_poor_none_r14,1.16056247940287,1.7807168681174517,4.785606384277344,44.83247794313036,-0.4364120502723381,1.8679580478928983,3.664210963062942,27.15178884172001,1.9533218789028575,17.68068910141035,1,93,1788689959.5985336
1788690009.582051,49.964000,gate_sweep_poor_none_r14,1.1947929500602186,1.7948244530707598,4.789022922515869,44.72247729847215,-0.41370580985676497,1.8708460121415555,3.65380637627095,27.022972154721867,1.9702193139258055,17.699505143750287,1,59,1788689959.618025
1788690009.629230,49.996000,gate_sweep_poor_none_r14,1.2365085720084608,1.814928026869893,4.792774200439453,44.31263800068082,-0.3264998634112999,1.9407740621827543,3.645173001103103,26.898737305484282,1.9431472168921025,17.413900695196535,1,139,1788689959.6332128
1788690009.679173,50.032000,gate_sweep_poor_none_r14,1.2690181373618543,1.8328815419226885,4.795284271240234,43.78827590939366,-0.2855781157268211,1.9897722988389432,3.6458734748885036,26.659498239697847,1.9397240521509815,17.12877766969582,1,85,1788689959.6471517
1788690009.725849,50.064000,gate_sweep_poor_none_r14,1.2928944467566907,1.8473208863288164,4.796838283538818,43.29184241835806,-0.24697229161392897,2.0348055153153837,3.6339833019301295,25.999245775470452,1.9387036303413023,17.29259664288761,1,122,1788689959.6618352
1788690009.774479,50.096000,gate_sweep_poor_none_r14,1.2489969371818006,1.837943883612752,4.788529872894287,-5.514529933461532,-0.24649712338577956,2.0389535217545927,3.532708811573684,25.370303298907004,1.9631591626445444,30.884833232368532,1,55,1788689959.6784568
1788690009.825051,50.128000,gate_sweep_poor_none_r14,1.1815474866889417,1.8208671528846025,4.77550745010376,-72.46610796573167,-0.2464597363723442,2.059874990489334,3.518496918492019,17.586004336074502,1.9173953301639506,90.05211230180616,1,29,1788689959.697023
1788690009.872438,50.164000,gate_sweep_poor_none_r14,1.125949942972511,1.8050265032798052,4.763918399810791,-122.20954050801666,-0.3452754159225151,1.577626922633499,3.259493756107986,17.764882232940586,2.1164848533628176,139.97442274095727,1,275,1788689959.7084126
1788690009.921426,50.196000,gate_sweep_poor_none_r14,1.0672371028922498,1.787316532805562,4.750207901000977,-172.687887168041,-0.3953716893447563,1.1749894409440458,2.793413328938186,17.342723457726503,2.518573791615202,169.96938937423255,1,415,1788689959.7253819
1788690009.964408,50.228000,gate_sweep_poor_none_r14,1.0203772424720228,1.7732932288199663,4.737746715545654,148.82705333300518,-0.301078959251754,0.9830096154473722,2.5214936016127467,16.736196172119527,2.6986241953367247,132.09085716088563,1,395,1788689959.7363884
1788690010.016291,50.260000,gate_sweep_poor_none_r14,0.9372481345199049,1.7493079621344805,4.712926864624023,87.9290465240967,-1.7662109275115654,-0.1109697432257235,2.17073957901448,24.6666529638165,4.151149266920562,63.26239356028021,1,342,1788689959.756267
1788690010.061907,50.296000,gate_sweep_poor_none_r14,0.8677441119216383,1.7303865868598223,4.691512107849121,39.37306720487439,-0.14010728790890425,1.1690113334916532,2.409755635075271,-105.2192209157287,2.556818182874942,144.5922881206031,1,337,1788689959.765879
1788690010.107684,50.328000,gate_sweep_poor_none_r14,0.7973217009566724,1.7110454756766558,4.669252872467041,-9.751257110426987,-0.11847605451475829,1.1665173559449613,2.4136857269331813,-111.9452464340707,2.494549969456777,102.1939893236437,1,83,1788689959.7796662
1788690010.155760,50.360000,gate_sweep_poor_none_r14,0.7093504308722913,1.6838342864066362,4.641462802886963,-67.9313013192282,-0.09712574526201934,1.162497857119888,2.4187194583937526,-118.29109733066798,2.421318539693309,50.359796011439784,1,96,1788689959.7957344
1788690010.201236,50.392000,gate_sweep_poor_none_r14,0.6381407617591321,1.6576595026999712,4.618839740753174,-114.1210164317316,-0.05070717527996749,1.7430648594163358,2.6092919586226344,-116.04515781523575,2.1260498216139347,1.9241413835041414,1,369,1788689959.8092089
1788690010.251657,50.428000,gate_sweep_poor_none_r14,0.5832925080321729,1.6351049859076738,4.601377010345459,-149.79094184857598,0.038861260865814984,0.9914577989839017,2.4785827873274684,137.42039944066582,2.2840626955940935,72.7886587107582,1,417,1788689959.823636
1788690010.297656,50.460000,gate_sweep_poor_none_r14,0.48748471727594733,1.5926913935691118,4.570662021636963,153.0859177399135,0.03321801230777055,0.9727140455506742,2.4723881958052516,128.30196407680796,2.2346103014774337,24.783953663105542,1,390,1788689959.8376293
1788690010.349269,50.492000,gate_sweep_poor_none_r14,0.4067645906470716,1.556057782843709,4.544216632843018,110.22541955471914,-0.8299063582671806,1.214338758494705,1.8377340314909816,119.72990463484795,2.9951919803097424,9.504485080128827,1,376,1788689959.8572168
1788690010.398797,50.524000,gate_sweep_poor_none_r14,0.3233714043162763,1.517981382086873,4.516916275024414,66.11481241935397,-0.09423841431271285,0.8760076551698148,2.2724878070876002,44.75631875755832,2.3714947552866965,21.35849366179565,1,342,1788689959.8747783
1788690010.448767,50.560000,gate_sweep_poor_none_r14,0.21769187739118934,1.4684705454856157,4.481382369995117,10.874828999550278,-0.09838361188303679,0.8869662671349943,2.255970406346023,38.90096986733549,2.3217470466466703,28.026140867785212,1,215,1788689959.8887448
1788690010.496192,50.592000,gate_sweep_poor_none_r14,0.13335158815607429,1.42617473192513,4.45229434967041,-29.96392393802338,-0.10253734036814421,0.8987920074723661,2.240211891941726,32.56310541542279,2.2862818996008563,62.527029353446174,1,155,1788689959.9041739
1788690010.549066,50.624000,gate_sweep_poor_none_r14,0.07077850541099906,1.3920554835349321,4.430151462554932,-60.28542490951789,-0.007973602856509387,0.9350009351037443,2.0827700374647975,27.498295207002556,2.392759977443706,87.78372011652044,1,346,1788689959.9250216
1788690010.598574,50.656000,gate_sweep_poor_none_r14,-0.033029837999492884,1.3288470227271318,4.391476154327393,-113.8521227930439,-0.06925743713509291,0.6322967200540006,1.8273454187437892,16.255135186082324,2.657303368503053,130.10725797912622,1,412,1788689959.942551
1788690010.648201,50.692000,gate_sweep_poor_none_r14,-0.11679793009534478,1.2718937117606401,4.358932971954346,-155.72839686562608,-0.48242808773647994,0.2728324322961271,2.132545876316726,5.664774407548379,2.4675105576113885,161.39317127317446,1,400,1788689959.9561622
1788690010.694991,50.724000,gate_sweep_poor_none_r14,-0.2020976901985705,1.2098381239920855,4.324498176574707,166.61967085148805,-0.7546312947524711,-0.10764955589547753,1.9694140432402492,-0.7864858744251203,2.754539606885433,167.40615672591318,1,373,1788689959.9709702
1788690010.741099,50.756000,gate_sweep_poor_none_r14,-0.28903288254514337,1.14361640997231,4.288291931152344,129.36439438081058,-1.4638899703277275,-1.6352550000883639,1.4576057670637965,1.8125618821070197,4.137052048249805,127.55183249870356,1,346,1788689959.985081
1788690010.790511,50.788000,gate_sweep_poor_none_r14,-0.3991162539459765,1.056013436987996,4.241638660430908,78.62524911076962,-0.6066796322120354,0.060191729571670294,1.9091288326308131,-88.44760061552759,2.544670022958343,167.0728497262972,1,303,1788689960.0024939
1788690010.839203,50.824000,gate_sweep_poor_none_r14,-0.4651630581356585,1.0011688191443682,4.212828159332275,48.93508296538867,-0.589554323698394,0.06134593999013305,1.9077809331938624,-94.09090785600335,2.492384991500801,143.025990821392,1,314,1788689960.015183
1788690010.885749,50.856000,gate_sweep_poor_none_r14,-0.5520193935371935,0.925416262820363,4.173932075500488,13.59444903273766,-0.5722925801528618,0.06229314347729087,1.907283472828567,-99.49512251522204,2.425507866248766,113.0895715479597,1,303,1788689960.0297322
1788690010.931202,50.888000,gate_sweep_poor_none_r14,-0.6363346935249865,0.8463163692504168,4.134324073791504,-20.194754553384055,-0.4361049373401329,1.0729434280656278,2.0957264183089137,-95.36702527397168,2.0609056698423127,75.17227072058762,1,311,1788689960.0431788
1788690010.982746,50.920000,gate_sweep_poor_none_r14,-0.7371051670052111,0.7410813886672258,4.082420825958252,-67.38924791921879,-0.07166437699925154,2.369086483027786,2.5723585365340114,-97.87861188014708,2.3180811353809148,30.489363960928276,1,401,1788689960.0627182
1788690011.031724,50.956000,gate_sweep_poor_none_r14,-0.8141373158432543,0.6506864745169878,4.038618564605713,-106.56004422784594,0.7536947588669136,3.6551499157212675,3.1236354587599635,-108.68829112377396,3.5102837589012923,2.128246895928024,1,405,1788689960.075702
1788690011.081477,50.988000,gate_sweep_poor_none_r14,-0.8702450157143176,0.5791120249778032,4.0041656494140625,-132.32835544493273,1.3405643563019112,3.9319844036363065,3.807042050175369,-122.89580851439995,4.020981096740289,9.432546930532787,1,392,1788689960.093445
1788690011.126575,51.020000,gate_sweep_poor_none_r14,-0.9610920906998217,0.45284715481102467,3.9433348178863525,-169.5894319297087,1.570739374612458,3.591350772883743,4.710837769322097,-139.81597836599744,4.104806488723122,29.77345356371128,1,364,1788689960.1065555
1788690011.174042,51.052000,gate_sweep_poor_none_r14,-1.031584417913109,0.34635535068809986,3.891620397567749,158.18253216354344,1.4450369934784248,3.9118146686814725,3.605873274616897,-142.78905140266414,4.35060974828856,59.028416433792444,1,297,1788689960.1219914
1788690011.221124,51.088000,gate_sweep_poor_none_r14,-1.099732315633446,0.23550436086952686,3.837679147720337,120.00780829684962,1.4407765726791695,3.9002244262956083,3.593168663792312,-144.21887064835417,4.465886692055975,95.77332105479621,1,234,1788689960.1330988
1788690011.268625,51.120000,gate_sweep_poor_none_r14,-1.180628573987633,0.09154071100056171,3.7683265209198,75.90444311308256,1.3638070683227852,3.91021249582991,3.638657975010574,-145.2986934928456,4.590557795073449,138.79686339407186,1,344,1788689960.1486058
1788690011.318683,51.152000,gate_sweep_poor_none_r14,-1.240886485669762,-0.026779245119541883,3.7116615772247314,47.80957920306461,1.291251168702729,3.9725160389207304,3.7112845657393336,-145.77466299552736,4.733506523896998,166.41575780140806,1,394,1788689960.1666481
1788690011.367010,51.184000,gate_sweep_poor_none_r14,-1.2827912927605212,-0.1170280035585165,3.6680355072021484,27.86091879432695,0.9265209297882393,3.591172435786575,3.852572369389236,-165.93362437970734,4.320401005528113,166.2054568259657,1,391,1788689960.1829886
1788690011.415684,51.220000,gate_sweep_poor_none_r14,-1.3450402379967272,-0.2704021017998457,3.5924243927001953,-10.674089028941165,0.5803189735161141,3.2621004371903837,4.194524216465652,176.62767376065258,4.0679363907401695,172.69823721040626,1,400,1788689960.1956568
1788690011.465832,51.252000,gate_sweep_poor_none_r14,-1.3873807550407946,-0.3961119931191206,3.528848648071289,-47.488307111622916,0.2966541509376839,2.9479610710404813,4.391149449162185,167.14104952557298,3.8421817883272693,145.37064336280412,1,411,1788689960.2138112
1788690011.515324,51.284000,gate_sweep_poor_none_r14,-1.4229681850410998,-0.5249163191765547,3.4621176719665527,-80.59276183262342,0.4829925458179787,2.661782959010452,4.502811837010086,159.26998805122767,3.856265413885579,120.13725011614889,1,407,1788689960.2312963
1788690011.564860,51.316000,gate_sweep_poor_none_r14,-1.458533561322838,-0.6903060954064131,3.3737196922302246,-111.61577619250023,2.6094137291656807,-0.4699013442732394,6.686350273899734,124.68787709334046,5.250742307819632,123.69634671415932,1,365,1788689960.2488308
1788690011.614718,51.352000,gate_sweep_poor_none_r14,-1.4800089956261218,-0.8258094470947981,3.2990012168884277,-133.55275214349984,1.6993834833847359,-3.297630569431931,8.05304520111531,70.11203416218552,6.2305192721302625,156.33521369431466,1,310,1788689960.2626855
1788690011.661309,51.384000,gate_sweep_poor_none_r14,-1.4919237256981432,-0.9290188830345869,3.240802764892578,-152.535026064223,2.4639452557312325,-0.565683385822922,6.63604776840657,47.01106131949338,5.225763170643678,160.45391261628365,1,229,1788689960.277275
1788690011.707703,51.416000,gate_sweep_poor_none_r14,-1.502503311727196,-1.0679850857704878,3.1605050563812256,172.994110001947,2.4528087239013985,-0.5644408673979342,6.626510071568191,42.61730866638857,5.283109013104504,130.3768013355584,1,207,1788689960.291677
1788690011.756054,51.448000,gate_sweep_poor_none_r14,-1.5061672092415392,-1.2433834355324507,3.055467128753662,127.2639087262215,2.4407659630523995,-0.5629332871176302,6.617735314182937,38.242149284745125,5.3601351191881,89.02175944147638,1,249,1788689960.3080328
1788690011.799780,51.484000,gate_sweep_poor_none_r14,-1.5006257654167712,-1.384485987946391,2.968945026397705,102.39820247790469,2.4269364933716133,-0.5612237663008273,6.610330033116043,33.75612804400599,5.418781297432183,68.64207443389869,1,293,1788689960.31576
1788690011.848896,51.516000,gate_sweep_poor_none_r14,-1.4875548244453967,-1.5252318661659956,2.8800318241119385,83.1842267987827,2.3337169747101143,-0.8798504681326449,6.064757275395095,34.042492699469705,5.016085277584442,49.141734099313,1,353,1788689960.3328493
1788690011.897196,51.548000,gate_sweep_poor_none_r14,-1.4727560640312731,-1.6299888174980879,2.811490774154663,68.89789191584673,1.007701740716584,-0.5217755050398409,6.1189169166609645,1.887384490883512,4.280172351106711,67.01050742496322,1,383,1788689960.3491683
1788690011.950269,51.580000,gate_sweep_poor_none_r14,-1.4040636182762682,-1.752069978043437,2.728684425354004,36.04204591936546,0.7783771614776924,-0.3194360942579806,5.981131958775222,-19.3720710160517,4.170599784175058,55.414116935417155,1,406,1788689960.3702428
1788690011.997737,51.616000,gate_sweep_poor_none_r14,-1.3241061330772936,-1.8224816601723433,2.6778042316436768,10.435535628245932,0.9937643270241097,-0.4120075316168368,5.897200035862625,-36.06387105393999,4.210281472937133,46.49940668218592,1,417,1788689960.3817177
1788690012.048692,51.648000,gate_sweep_poor_none_r14,-1.2336666942574084,-1.9070905726402998,2.620995283126831,6.495864498399192,0.9556611637817696,-0.5649584145285189,6.054783749394119,-48.2991251991437,4.28781744374623,54.794989697542896,1,405,1788689960.4006727
1788690012.092561,51.680000,gate_sweep_poor_none_r14,-1.1082533956505358,-2.029915599152446,2.542834758758545,19.422828171966845,0.7978370051132515,-0.6787823648191988,6.1184357879683375,-62.67787668915651,4.271260276884306,82.10070486112335,1,392,1788689960.41254
1788690012.145265,51.712000,gate_sweep_poor_none_r14,-1.0025260807015002,-2.1271717827767134,2.4787800312042236,29.43015118377932,0.5057830075966194,-0.6406553001143038,6.174068856053054,-76.63026903372791,4.259094628923192,106.06042021750723,1,394,1788689960.4332433
1788690012.199223,51.748000,gate_sweep_poor_none_r14,-0.9199138642288744,-2.1992008965462446,2.429342031478882,37.08623481293441,0.3614882390247658,-0.6753289909102023,5.8705367324873805,-95.36289071826175,3.975675779695654,132.44912553119616,1,411,1788689960.4511976
1788690012.251135,51.780000,gate_sweep_poor_none_r14,-0.7786555648781359,-2.3196816723793745,2.34594988822937,49.91690725354853,0.311195747111924,-0.6891506523825228,5.838985848240554,-115.77649347530897,4.005958999709019,165.69340072885748,1,411,1788689960.4711084
1788690012.299596,51.812000,gate_sweep_poor_none_r14,-0.6637334586121142,-2.4139387886971235,2.2793493270874023,60.07841737694801,0.200003222678788,-0.8454786748625338,5.908083367161453,-133.5035326701215,4.046457576311603,166.41804995293052,1,424,1788689960.4875717
1788690012.350994,51.844000,gate_sweep_poor_none_r14,-0.5482796193100512,-2.5040829461067915,2.21334171295166,69.97097946472358,-0.017521007801406085,-1.0475599975325167,6.02666752319783,-147.3380153498677,4.116384036809939,142.69100518540873,1,420,1788689960.5069714
1788690012.403507,51.880000,gate_sweep_poor_none_r14,-0.40443659434095025,-2.610224036499858,2.131995439529419,81.88229817517076,-0.22298617556225508,-1.276745578739792,6.0536045311018825,-160.19286879815942,4.146095382271002,117.92483302666982,1,376,1788689960.5234828
1788690012.452455,51.912000,gate_sweep_poor_none_r14,-0.2906575561501086,-2.6893546860665083,2.0683650970458984,91.07417169760839,-0.19133983447682112,-1.4387240619398654,6.00176517944783,-169.1514987175595,4.12862897050356,99.77432958483216,1,395,1788689960.5404317
1788690012.499753,51.944000,gate_sweep_poor_none_r14,-0.29481191048398614,-2.6745682042092085,1.9845558404922485,108.71542722935355,-0.17334358289372176,-1.1456912965513766,6.486985611729324,-163.33114818319672,4.756479054752464,87.95342458744976,1,405,1788689960.5557334
1788690012.549450,51.976000,gate_sweep_poor_none_r14,-0.33571774372830987,-2.619491843506694,1.8296726942062378,143.998318741919,-0.4527919729007408,-0.7146811694838107,7.597808766178787,-151.68971781799624,6.075640198678551,64.31196344008474,1,397,1788689960.5734136
1788690012.601319,52.012000,gate_sweep_poor_none_r14,-0.3738249302841723,-2.5708818715065718,1.7005633115768433,177.6659130790466,-0.39456407621037215,-1.0371945113874972,6.2421187637373805,-109.9653955425119,4.79357413166959,72.36869137844151,1,402,1788689960.5892954
1788690012.651991,52.044000,gate_sweep_poor_none_r14,-0.41660613426938653,-2.520469455048442,1.5654131174087524,-149.0600731835576,-0.41931848123203963,-1.043710491154343,6.24003832321614,-105.55955882283416,4.902340788749531,43.500514360723436,1,310,1788689960.6079721
1788690012.706899,52.076000,gate_sweep_poor_none_r14,-0.4635690809227526,-2.4696147721260786,1.4245790243148804,-120.17677836892356,-0.07490883662831038,-0.4884399981237948,6.3661374328657985,-82.23807003139089,5.338081094902765,37.938708337532674,1,343,1788689960.6308722
1788690012.753321,52.108000,gate_sweep_poor_none_r14,-0.5309198857285082,-2.407129315659404,1.2452681064605713,-90.73563044708933,-0.06886736198794097,-0.38232274958863854,6.203199791722,-54.570909841768724,5.375353082395383,36.16472060532061,1,248,1788689960.645294
1788690012.798388,52.144000,gate_sweep_poor_none_r14,-0.5766566158272326,-2.3702962677925825,1.1369467973709106,-74.91744855630057,-0.20045025541912764,-0.36662601539865136,6.156322884373367,-25.220911997306047,5.417597438783354,49.696536558994524,1,316,1788689960.6543686
1788690012.847397,52.176000,gate_sweep_poor_none_r14,-0.6430907608009875,-2.3220248501747847,0.9923068284988403,-53.04589547693352,-0.3585093457950279,-0.403493067715317,6.223715233616531,-3.336324822079692,5.579371351972363,49.70957065485382,1,325,1788689960.6713827
1788690012.900103,52.208000,gate_sweep_poor_none_r14,-0.714809334371239,-2.2746513169258833,0.8478747606277466,-29.102087107601808,-0.4941944320453331,-0.4295161277987063,6.3152283905074,13.55869107730427,5.774525999200443,42.66077818490608,1,168,1788689960.6920793
1788690012.946995,52.240000,gate_sweep_poor_none_r14,-0.8120834589935839,-2.215880421921611,0.668872594833374,1.7476876580986374,-0.5839622159255669,-0.47242491552606225,6.446590351872146,29.510939966846234,6.039345898714611,27.763252308747596,1,390,1788689960.7069666
1788690012.996384,52.276000,gate_sweep_poor_none_r14,-0.8948455811478198,-2.168376235291362,0.526858925819397,24.657465136943255,-0.7217801947845146,-0.47844942519441247,6.627584385685623,48.851521070831524,6.3328236504817905,24.19405593388827,1,403,1788689960.7203624
1788690013.048355,52.308000,gate_sweep_poor_none_r14,-0.9255198598839343,-2.1047864239662886,0.4263191521167755,-2.628332072913989,-0.8106116791022941,-0.5143788666464388,6.80272142868489,76.06212886538319,6.572754831956968,78.69046093829716,1,435,1788689960.7403338
1788690013.094899,52.340000,gate_sweep_poor_none_r14,-0.9428407312370837,-1.9737019818276167,0.26293960213661194,-69.25732113672727,-0.9958117742789909,-0.48491116473451257,7.021236824803054,115.15722504272242,6.920540829903588,175.58545382055033,1,424,1788689960.7548811
1788690013.150351,52.372000,gate_sweep_poor_none_r14,-0.950580692384392,-1.8702230732887983,0.1306898295879364,-120.32089203564283,-1.166921152616851,-0.4258338422514498,6.76766865234822,-31.820831942606464,6.795774520923921,88.50006009303637,1,331,1788689960.7783277
1788690013.198587,52.408000,gate_sweep_poor_none_r14,-0.9605353833176196,-1.7711876910179853,-0.0036994516849517822,-170.8483043681858,-1.1609541316283867,-0.41767950961366296,6.729884075932205,-34.9772478336903,6.8711934331089815,135.87105653449552,1,242,1788689960.7905622
1788690013.247472,52.440000,gate_sweep_poor_none_r14,-0.9779823184944689,-1.6473565381020308,-0.17325082421302795,126.30137130800382,-1.146829738165252,-0.4182035834528506,6.697608876042068,-36.97730245856251,6.981979623118492,163.27867376656633,1,188,1788689960.8074553
1788690013.292726,52.472000,gate_sweep_poor_none_r14,-1.0054082036949694,-1.5795866530388594,-0.22074714303016663,92.8279376548797,-1.3613126416457817,-0.39102484891191125,6.433286595158279,-40.013818944300425,6.768715692074286,132.84175659918012,1,383,1788689960.8206832
1788690013.343115,52.504000,gate_sweep_poor_none_r14,-1.0313027263619006,-1.5428772252053022,-0.21714729070663452,73.63201821347401,-1.504684938932769,-0.2556550712324679,6.006761002354324,-51.462313412410715,6.373230423677613,125.09433162588472,1,299,1788689960.8390884
1788690013.392603,52.540000,gate_sweep_poor_none_r14,-1.0725453258492053,-1.4798093121498823,-0.21204182505607605,42.05979708312215,-2.0394984622253105,0.5844610719941556,4.226543831638992,-92.06132963458974,4.989714743211374,134.1211267177119,1,302,1788689960.8525808
1788690013.443489,52.572000,gate_sweep_poor_none_r14,-1.1039266944862902,-1.4280782025307417,-0.2076626420021057,17.77934770327779,-1.973362221266143,0.624601402785629,4.11059610825032,-145.14857250604092,4.859708873115793,162.9279202093187,1,297,1788689960.8714347
1788690013.489543,52.604000,gate_sweep_poor_none_r14,-1.1345888734795153,-1.3770338576287031,-0.20017293095588684,-5.79549527896852,-1.867718352819793,0.6015558033250272,4.0897983787581325,-170.096087873333,4.780810571240003,164.30059259436447,1,251,1788689960.8855252
1788690013.535775,52.636000,gate_sweep_poor_none_r14,-1.171474373433739,-1.31370141915977,-0.18720127642154694,-32.7514958797055,-1.709256186033599,0.5139995007775724,4.11211674194783,178.05314147560424,4.702534992297089,149.19536264469025,1,247,1788689960.8997576
1788690013.583221,52.672000,gate_sweep_poor_none_r14,-1.1951297880150378,-1.2673126738518476,-0.17802834510803223,-53.750960472857166,-1.6025928397430107,0.4449660270474851,4.163094925694168,169.989851055978,4.684365030650085,136.25918847116486,1,255,1788689960.9111953
1788690013.626688,52.704000,gate_sweep_poor_none_r14,-1.2098449827171862,-1.2356728594750166,-0.1714964210987091,-69.26889792657263,-1.5576228041900322,0.4160099714063108,4.229361462406814,163.8489901218496,4.713444143908917,126.88211195157778,1,247,1788689960.9226692
1788690013.677519,52.736000,gate_sweep_poor_none_r14,-1.2255134941078722,-1.1979128401726484,-0.16239646077156067,-89.34491383740678,-1.5699253220809624,0.3908326714299619,4.321948933415115,156.5984025137486,4.769914613727216,114.05668364884464,1,95,1788689960.941495
1788690013.720692,52.768000,gate_sweep_poor_none_r14,-1.2399896741844714,-1.1588238757103682,-0.15156841278076172,-113.82042903852349,-1.5735908885253593,0.35331563046202064,4.437314438633621,143.3348695389933,4.843108658737896,102.84470142248323,1,228,1788689960.9526782
1788690013.770916,52.804000,gate_sweep_poor_none_r14,-1.248438870999962,-1.1348717492073774,-0.14417660236358643,-133.3313924362984,-1.632518305326812,0.3598638563416898,4.485068726353347,92.0802262284388,4.879719649305329,134.58838133526285,1,89,1788689960.9668949
1788690013.820686,52.836000,gate_sweep_poor_none_r14,-1.2552105546928942,-1.1175688784569502,-0.13770535588264465,-152.56449740634855,-1.598619355703704,0.4554085819981992,4.355959820561111,15.442349517271655,4.773386053284911,168.0068469236202,1,233,1788689960.9846666
1788690013.865523,52.868000,gate_sweep_poor_none_r14,-1.2596814990974963,-1.1089136879891157,-0.1335146799683571,-166.4769146753212,-1.678107871557586,0.4540886073373258,4.39653246384114,5.123106629836037,4.810341352700702,171.60002130515724,1,222,1788689960.9975028
1788690013.910993,52.900000,gate_sweep_poor_none_r14,-1.2667663455940783,-1.1029808800667524,-0.1276511549949646,171.93505957352858,-1.7345171113265678,0.476962277200073,4.405365395359695,1.7401677678270173,4.823199167028752,170.19489180570156,1,286,1788689961.0109754
1788690013.957424,52.936000,gate_sweep_poor_none_r14,-1.271359956357628,-1.1043650191277266,-0.12104228138923645,156.63184467923782,-1.763583316351287,0.49464834621176124,4.378545212559402,0.07875622935151974,4.800564049604666,156.5530884498863,1,170,1788689961.021402
1788690014.006361,52.968000,gate_sweep_poor_none_r14,-1.2745941043831408,-1.1103260796517134,-0.11419092118740082,143.17817707036815,-1.7897315163863823,0.5072053461335599,4.377420830540359,-1.4553587103262091,4.801702884905235,144.63353578069436,1,361,1788689961.0383453
1788690014.056345,53.000000,gate_sweep_poor_none_r14,-1.2778767705895007,-1.1258807461708784,-0.11019916832447052,127.64975665983457,-1.7887524504913017,0.5120868473313749,4.357105660252273,-0.5262810584255047,4.7854722054467915,128.1760377182601,1,209,1788689961.0563235
1788690014.105941,53.032000,gate_sweep_poor_none_r14,-1.2803855300880969,-1.146063832566142,-0.10899397730827332,114.41388718246235,-1.7637138505233452,0.4835576503537595,4.317728924565017,1.7737584578551522,4.741850703353945,112.6401287246072,1,391,1788689961.0739214
1788690014.149147,53.068000,gate_sweep_poor_none_r14,-1.2820575595833361,-1.1659429352730513,-0.10916757583618164,103.25889233708851,-1.7252186675323173,0.4693013518117368,4.221622395329177,6.6531727943170464,4.650393254380586,96.60571954277147,1,411,1788689961.0811207
1788690014.196871,53.100000,gate_sweep_poor_none_r14,-1.2839131713844836,-1.2085340302437544,-0.11218862235546112,82.09915429533665,-1.7727849622024223,0.44385475805029273,4.2058967826887965,11.635536440213126,4.649219923900529,70.46361785512352,1,408,1788689961.0968466
1788690014.244593,53.132000,gate_sweep_poor_none_r14,-1.2807113290764391,-1.2467030566185713,-0.11090216040611267,68.28089930460757,-1.7163454432738945,0.29439733317121863,4.203858780674636,31.799635680710406,4.602383020951089,36.48126362389716,1,213,1788689961.1125555
1788690014.292748,53.164000,gate_sweep_poor_none_r14,-1.2757594943977892,-1.2897147219628096,-0.10993875563144684,54.123623806946526,-1.7775761027587578,0.07138421526178718,4.206305908970535,68.85470098065478,4.553501754698894,14.731077173708249,1,414,1788689961.1287324
1788690014.339648,53.200000,gate_sweep_poor_none_r14,-1.26604942092672,-1.3474626820534468,-0.11036534607410431,37.8956986607034,-1.7397900958312675,0.0398653126321733,4.295552182011306,97.43486856339818,4.643405911202217,59.53916990269478,1,179,1788689961.1396253
1788690014.387756,53.232000,gate_sweep_poor_none_r14,-1.2546733976341784,-1.3970891516655684,-0.11366604268550873,27.892526563120708,-1.7315685887588188,-0.02758372062817216,4.334933686070144,109.8680229254735,4.678997082243544,81.9754963623528,1,403,1788689961.1557307
1788690014.435499,53.264000,gate_sweep_poor_none_r14,-1.2437767148949206,-1.4365778248757124,-0.11864085495471954,22.725170379212937,-1.7788955111755058,-0.08835885534062982,4.367369103245437,115.69499134609585,4.714693188428914,92.9698209668829,1,373,1788689961.1714842
1788690014.481758,53.296000,gate_sweep_poor_none_r14,-1.2191309095360339,-1.4757622759789228,-0.05326254665851593,88.07612613444279,-1.6113526959670708,-0.057040555868297815,4.67499344330281,123.36817869916297,4.9520716831917895,35.29205256472018,1,208,1788689961.185715
1788690014.528520,53.332000,gate_sweep_poor_none_r14,-1.1945375562645495,-1.4826985877007246,0.05862221121788025,136.24071007115592,-1.825436367536895,-0.10211983183398843,4.089446949772537,4.092259515572393,4.307154406816595,132.1484505555835,1,401,1788689961.1964927
1788690014.578475,53.364000,gate_sweep_poor_none_r14,-1.170806682202965,-1.4861072581261396,0.1633681058883667,165.21072481820667,-1.870761050726287,-0.09422796824947,4.100953030399978,-0.8885779663453752,4.234600230640854,166.09930278455204,1,397,1788689961.2144349
1788690014.625066,53.396000,gate_sweep_poor_none_r14,-1.1478510261513293,-1.4878258984535933,0.2575065791606903,-76.29316041817425,-1.9053169627441093,-0.09038034686818719,4.136121678166091,-2.3323753228277067,4.191689850284357,73.96078509534655,1,341,1788689961.2290392
1788690014.673980,53.428000,gate_sweep_poor_none_r14,-1.1169993043877184,-1.4907989781349897,0.3597576320171356,-15.112566500151658,-1.9156842370284721,-0.0910676927305758,4.18267862778157,0.3000351673306009,4.148719107486525,15.412601667482258,1,140,1788689961.245951
1788690014.722084,53.464000,gate_sweep_poor_none_r14,-1.0938624502159655,-1.491056827828288,0.4130198657512665,13.116022881406344,-1.9008815427077934,-0.09481099108234048,4.223362374119461,6.039060981118389,4.137570819134622,7.076961900287955,1,250,1788689961.2580583
1788690014.768251,53.496000,gate_sweep_poor_none_r14,-1.0580189586617053,-1.4855228941887617,0.4768776595592499,105.06310096341447,-1.8712571997893974,-0.10024952748790383,4.242000984959304,12.992353549358974,4.093469481111928,92.0707474140555,1,343,1788689961.2722335
1788690014.817846,53.528000,gate_sweep_poor_none_r14,-1.021068847272545,-1.4750976841896772,0.5321652889251709,168.41384873995642,0.4947730164276436,-1.3543321103788912,6.224236416630447,55.05966664413526,5.891691998265008,113.35418209582114,1,411,1788689961.2898245
1788690014.862231,53.560000,gate_sweep_poor_none_r14,-0.9730337024666369,-1.4594401400536299,0.5883967876434326,-148.33997922857006,-1.8665665526641533,-0.0502203912474215,4.064128804020584,133.53772324112913,3.855517384797624,78.12229753030084,1,381,1788689961.3022115
1788690014.910020,53.596000,gate_sweep_poor_none_r14,-0.9357364536263049,-1.4442537110298872,0.6258139610290527,-89.29157147019069,-1.8626673360122368,-0.05896957824006677,4.082617687992752,141.77435698645368,3.837669213993062,128.93407154335566,1,370,1788689961.3139708
1788690014.958454,53.628000,gate_sweep_poor_none_r14,-0.9107737303711474,-1.4331418555229902,0.6483777761459351,-42.433967216706975,-1.8397791524184868,-0.06236428627744317,4.1011533020064235,151.34007060662537,3.8293264486749177,166.22596217666765,1,267,1788689961.33043
1788690015.009427,53.660000,gate_sweep_poor_none_r14,-0.8718403340317309,-1.4201134722679853,0.674323320388794,17.141650470303844,-1.8161548514617607,-0.06630010763183236,4.1704329727217555,160.92545346346594,3.866176824103144,143.7838029931621,1,315,1788689961.349381
1788690015.058123,53.692000,gate_sweep_poor_none_r14,-0.8397409678436816,-1.4141491930931807,0.688471794128418,66.02897349011528,-1.7046071429504082,0.1645637541078031,4.01147501450032,-97.64024560946893,3.779243108494846,163.6692190995842,1,410,1788689961.3661046
1788690015.110101,53.728000,gate_sweep_poor_none_r14,-0.8089888454414904,-1.4093278925865889,0.6994986534118652,114.77899344076732,-1.7382652898086235,0.16957267513498664,4.001348662190139,-90.00952939621074,3.776068748483828,155.21147716302195,1,415,1788689961.3820767
1788690015.161662,53.760000,gate_sweep_poor_none_r14,-0.7789801717735827,-1.4055644553154707,0.7076852321624756,159.84299070767713,-1.7684558768523857,0.1604100107215345,3.9972218750044703,-82.89334416050946,3.7752337045302586,117.26366513181343,1,416,1788689961.4016364
1788690015.211904,53.792000,gate_sweep_poor_none_r14,-0.7624921561218798,-1.407391695305705,0.7063068151473999,-156.2369025526808,-1.837158574606292,0.005143874790519476,4.101945805363357,-70.47704259761912,3.831517819308691,85.75985995506167,1,379,1788689961.4198823
1788690015.257611,53.824000,gate_sweep_poor_none_r14,-0.7531854868866503,-1.413019685074687,0.7000865936279297,-96.34701955521739,-1.8395668406737968,0.030619848053902388,4.191755223087966,23.619247946944704,3.93142078203586,119.9662675021621,1,342,1788689961.433589
1788690015.305491,53.860000,gate_sweep_poor_none_r14,-0.7420220137573779,-1.4305188935250044,0.681378960609436,-34.10849203231695,-1.8337450166000053,0.028100607451051474,4.2035116432234645,27.7000251720064,3.965456921654963,61.808517204323344,1,148,1788689961.4454618
1788690015.352372,53.892000,gate_sweep_poor_none_r14,-0.7362064481712878,-1.4506951849907637,0.6591988801956177,-11.708879124503861,-1.8318983454955742,0.026405252050608397,4.2133125541731715,30.809440043583006,4.001760917711618,42.51831916808687,1,314,1788689961.4603388
1788690015.400228,53.924000,gate_sweep_poor_none_r14,-0.7331074834801257,-1.4765615742653608,0.6315476894378662,16.166873865977536,-1.8300043483031914,0.024957488756626844,4.22388260345906,33.80393854130619,4.045072602954458,17.63706467532865,1,325,1788689961.4762077
1788690015.445243,53.956000,gate_sweep_poor_none_r14,-0.7336454153992236,-1.5164935868233442,0.5909862518310547,102.28223733884953,-1.8283113379729912,0.023614136036485434,4.236791062168777,36.53489540984707,4.106350934240575,65.74734192900247,1,372,1788689961.4892027
1788690015.495348,53.992000,gate_sweep_poor_none_r14,-0.7392098070122302,-1.5538987200707197,0.5547322034835815,140.21859040453745,-1.826895370031707,0.02256262442097068,4.252563404850662,38.86328640887684,4.164402219824767,101.35530399566062,1,400,1788689961.5033097
1788690015.548473,54.024000,gate_sweep_poor_none_r14,-0.7474179030396044,-1.5842955391854048,0.5249537229537964,154.1754534664859,-1.9552881856216118,-0.3537515909411013,4.4557065246626735,40.60174868655957,4.2923194913994465,113.57370477992632,1,401,1788689961.5244405
1788690015.598660,54.056000,gate_sweep_poor_none_r14,-0.7643594504334033,-1.627815155312419,0.4811865985393524,172.9973466272122,-1.5669655938399956,-0.8009392232634127,5.555917668156326,49.509939841547634,5.203921200150108,123.48740678566459,1,385,1788689961.5426304
1788690015.649913,54.088000,gate_sweep_poor_none_r14,-0.7970486641861498,-1.6879340689629316,0.4181511700153351,-112.43555871220299,-0.11054612591397017,-2.236553689930588,5.372763562016189,94.49416203871387,5.0319432805361854,153.07027924908317,1,374,1788689961.5618873
1788690015.694919,54.124000,gate_sweep_poor_none_r14,-0.8317440510727465,-1.741520194336772,0.3604718744754791,-54.623060120065915,-1.5136296887649223,-0.7281500310637057,5.578886437229812,-163.64289111803947,5.35945311197602,109.01983099797356,1,234,1788689961.5708787
1788690015.743037,54.156000,gate_sweep_poor_none_r14,-0.8732217312790453,-1.8005125802010298,0.2971054017543793,-32.678747308667525,-1.5105780501617119,-0.7228622646071017,5.571157383732498,-162.4023003884107,5.420625202735075,129.72355307974317,1,187,1788689961.587004
1788690015.791283,54.188000,gate_sweep_poor_none_r14,-0.9083638549782336,-1.8481004517525434,0.2465411126613617,-17.801899953914436,-1.771085872198455,-0.24229111382737756,7.1313423393294215,-150.52535040217012,7.122036284623535,132.72345044825568,1,284,1788689961.6032631
1788690015.839612,54.220000,gate_sweep_poor_none_r14,-0.9746401668526232,-1.9326889794319868,0.15730401873588562,25.643735169471466,-1.583931936766021,-0.6998084397055209,5.524243283085525,-137.0591364650891,5.540331032829922,162.70287163456058,1,327,1788689961.6195924
1788690015.888088,54.256000,gate_sweep_poor_none_r14,-1.0344139696098864,-2.0042063277214766,0.08270838856697083,85.84574434573327,-1.5924013991607353,-0.6953990668989718,5.5162510154768825,-130.4678649662867,5.616734985377674,143.68639068798007,1,388,1788689961.6320636
1788690015.938123,54.288000,gate_sweep_poor_none_r14,-1.1482714773155749,-2.0816540997475386,-0.03009626269340515,86.61116476528042,-1.69345845177304,-0.7557106227613986,5.446381020359695,-112.10327424347204,5.661020965610077,161.28556099124756,1,400,1788689961.6501017
1788690015.984637,54.320000,gate_sweep_poor_none_r14,-1.2804575324989855,-2.157850531861186,-0.2069174349308014,-44.84445291988249,-1.522496833349578,-0.9025014252401888,5.412992405705154,-169.53122055489652,5.7634946880800735,124.68676763501402,1,400,1788689961.664607
1788690016.034895,54.352000,gate_sweep_poor_none_r14,-1.3454250455833972,-2.206281928345561,-0.3274894058704376,-65.53814273059042,-1.3509911437286064,-1.0460634441114962,5.558167862705886,162.5431771258196,5.998924853317656,131.91868014359002,1,412,1788689961.6827874
1788690016.082329,54.388000,gate_sweep_poor_none_r14,-1.4083254695869982,-2.242910174652934,-0.33028194308280945,-71.35325502660162,-1.3116454024566337,-1.0570415467955172,5.582734513096511,162.94326830017098,6.031533391183723,125.7034766732274,1,378,1788689961.6943083
1788690016.129893,54.420000,gate_sweep_poor_none_r14,-1.5178141952492297,-2.3565800469368696,-0.2387087047100067,-62.13927782059278,-1.1965546746505424,-0.8912189812399447,5.675057339482009,84.04399491967555,6.101075278823743,146.18327274026834,1,398,1788689961.709869
1788690016.174996,54.452000,gate_sweep_poor_none_r14,-1.640073096845299,-2.4178359787911177,-0.1757967323064804,-30.963362241380494,-1.1711977858794853,-0.8900438756681979,5.6489414451643825,90.74236550336727,6.039997318185219,121.70572774474778,1,394,1788689961.7229717
1788690016.221729,54.484000,gate_sweep_poor_none_r14,-1.7605048776604235,-2.481280354782939,-0.12433488667011261,-13.842418160521934,-0.6038762469543144,-0.4624131531454623,5.635784554295242,109.09013035932804,6.21229350090638,122.93254851984997,1,404,1788689961.7377012
1788690016.270435,54.520000,gate_sweep_poor_none_r14,-1.9096260429359972,-2.563199071213603,-0.07422950863838196,3.5060867853027142,-0.38473911478649825,0.25173423578962684,5.57571308594197,130.00189593271037,6.493918769785369,126.49580914740766,1,404,1788689961.750413
1788690016.318024,54.552000,gate_sweep_poor_none_r14,-2.0288851619698107,-2.6109531205147505,-0.053883716464042664,19.113823400550917,-0.28134675219189376,0.6490567713044584,5.451954293064773,150.56851780625544,6.632933527149239,131.45469440570452,1,402,1788689961.7659903
1788690016.366290,54.584000,gate_sweep_poor_none_r14,-2.117961442563683,-2.6322894375771284,-0.050508543848991394,31.29332466011139,-0.2831794460071251,0.7207962065003812,5.359617161564529,174.15173402934477,6.624127750865234,142.85840936923336,1,419,1788689961.782253
1788690016.419325,54.616000,gate_sweep_poor_none_r14,-2.259812152478844,-2.6433162968605757,-0.07150337100028992,51.68099255372749,-0.23452463641297072,0.7922113328240812,5.2270616767928,-133.23606134249127,6.631698966535916,175.08294610378127,1,189,1788689961.8032973
1788690016.467737,54.652000,gate_sweep_poor_none_r14,-2.3634741664864123,-2.632746247574687,-0.11172989010810852,66.26991301078763,-0.21564268961083144,0.8303751139901578,5.066371369175613,-68.2730826921317,6.589318801619781,134.5429957029193,1,416,1788689961.8156998
1788690016.516666,54.684000,gate_sweep_poor_none_r14,-2.3821986080147326,-2.599681166931987,-0.16962333023548126,66.47782440969782,0.34066568419802934,0.938915231730789,5.062103199772537,-69.98990416865186,6.877980583807009,136.4677285783497,1,223,1788689961.8326423
1788690016.564043,54.716000,gate_sweep_poor_none_r14,-2.3923042179085314,-2.5558378975838423,-0.245326966047287,68.2199364756411,1.262457476113923,1.0971641330979764,4.9376649139449,-76.43818056886231,7.318819010217722,144.6581170445034,1,394,1788689961.848024
1788690016.610487,54.748000,gate_sweep_poor_none_r14,-2.337232625577599,-2.544203070923686,-0.12395162880420685,91.89707476290937,0.29989056393969804,0.9201701073907316,5.035744595341384,-71.75871050488324,6.751204734029067,163.65578526779262,1,383,1788689961.8624408
1788690016.660270,54.784000,gate_sweep_poor_none_r14,-2.2920372844673693,-2.5417998116463423,-0.026530519127845764,161.6775197242436,0.29321228072512895,0.9230580716393888,5.043417858891189,-70.96045895125476,6.662817123520135,127.36202132450163,1,239,1788689961.8762393
1788690016.715205,54.816000,gate_sweep_poor_none_r14,-2.230754411313683,-2.5368140023201704,0.09235876798629761,-138.25168011946462,0.28715889260638505,0.9253762154839933,5.0470880744978786,-69.90174069550778,6.547976100377982,68.34993942395683,1,383,1788689961.8991838
1788690016.763980,54.848000,gate_sweep_poor_none_r14,-2.1697748065926135,-2.53666284494102,0.19806957244873047,-122.8334600878804,0.2806152264820412,0.9282737760804594,5.048636364750564,-68.5909718578796,6.445013212435538,54.242488230000795,1,159,1788689961.9159608
1788690016.818450,54.880000,gate_sweep_poor_none_r14,-2.1714575649239123,-2.5390353482216597,0.23191168904304504,-101.87696249717047,0.2730024914490059,0.9321694164536893,5.0491327522322536,-67.02448046726424,6.421079835755144,34.85248202990622,1,242,1788689961.9384277
1788690016.861169,54.916000,gate_sweep_poor_none_r14,-2.2087242961861193,-2.5878906529396772,0.17616331577301025,-95.41299653839809,0.26945750520098954,0.9281998663209379,5.065242695622146,-67.43886090100091,6.512094498917122,27.974135637397183,1,267,1788689961.9451427
1788690016.912213,54.948000,gate_sweep_poor_none_r14,-2.2290218234993517,-2.630018500611186,0.12583163380622864,-92.81292491151618,0.29113631055224687,1.3868949203751981,5.331732201389968,-71.14307855917733,7.041888324298793,21.669846352338848,1,197,1788689961.9641914
1788690016.958125,54.980000,gate_sweep_poor_none_r14,-2.2484727264381945,-2.7089522164314985,0.02730533480644226,-99.08231175889631,0.05893956229556352,1.7203229456208646,5.469647812657058,-69.62309211965531,7.386590659945272,29.459219639241,1,209,1788689961.9781077
1788690017.004770,55.012000,gate_sweep_poor_none_r14,-2.2520413757301867,-2.777882842347026,-0.06329160928726196,-117.18733135959626,-0.11774362518917769,1.6848737983964384,5.653200554661453,-63.55625453226682,7.559742481258959,53.63107682732944,1,242,1788689961.9927485
1788690017.051347,55.048000,gate_sweep_poor_none_r14,-2.2455754638649523,-2.8439524453133345,-0.1591651439666748,-144.5004777203618,-0.2756050367606804,1.6482769041322172,5.795173096470535,-54.85873886871698,7.714599917897122,89.64173885164482,1,267,1788689962.0033262
1788690017.098886,55.080000,gate_sweep_poor_none_r14,-2.230816400144249,-2.9133701603859663,-0.27987080812454224,-173.4522876958066,-0.45208535983692855,1.5947738676331937,5.939498829655349,-42.96708994367782,7.8846563262107985,130.48519775212878,1,352,1788689962.0188417
1788690017.149471,55.112000,gate_sweep_poor_none_r14,-2.215009725186974,-2.9587993901222944,-0.37571820616722107,173.531269445083,-0.5700943608535454,1.5368542461656034,6.042594361118972,-29.595278904329003,8.006958497748858,156.87345165058804,1,160,1788689962.0374534
1788690017.195581,55.144000,gate_sweep_poor_none_r14,-2.20050290832296,-2.987392930313945,-0.4475836753845215,167.2952775926015,-0.7876756329787895,1.4551465301774442,6.192540097050369,-17.398408986709256,8.113167167095384,175.30631342068926,1,374,1788689962.0515661
1788690017.244480,55.180000,gate_sweep_poor_none_r14,-2.25573710212484,-3.043618468567729,-0.48555612564086914,-123.72564891429383,-0.7550685544265434,1.4686481743119657,6.005842613987625,-4.462533604526975,8.04678904553525,119.26311530976686,1,183,1788689962.0644598
1788690017.292619,55.212000,gate_sweep_poor_none_r14,-2.3462014556862414,-3.097023753449321,-0.47055190801620483,-70.8630260979717,-0.7698387046111748,1.497390606906265,6.001442360691726,-16.50415373702041,8.091988176697177,54.35887236095129,1,302,1788689962.0805938
1788690017.338724,55.244000,gate_sweep_poor_none_r14,-2.4355497718788683,-3.154827145859599,-0.4584615230560303,-1.3280577154494968,-0.767946018720977,1.5368289737962186,5.993884491734207,-27.732028300527777,8.150172299849226,26.40397058507828,1,206,1788689962.0947056
1788690017.390799,55.276000,gate_sweep_poor_none_r14,-2.540451562497765,-3.2265861313790083,-0.4542926251888275,98.61685137599581,-0.7435210485709831,1.5683148889802396,5.982539582066238,-38.614232049840744,8.22513488833341,137.23108342583654,1,84,1788689962.114781
1788690017.440653,55.312000,gate_sweep_poor_none_r14,-2.621311462018639,-3.2798016350716352,-0.45656800270080566,151.18229872930266,-0.7130436439765617,1.5823888569138944,5.969386505894363,-49.814503842554636,8.281018886119275,159.00319742814273,1,287,1788689962.1286032
1788690017.486841,55.344000,gate_sweep_poor_none_r14,-2.6712813735939562,-3.3171253483742476,-0.45638781785964966,-151.75759992311862,-0.6917505998862907,1.5842389850877225,5.957836079411209,-60.927780447296264,8.311689516440646,90.82981947582235,1,394,1788689962.1428177
1788690017.535295,55.376000,gate_sweep_poor_none_r14,-2.7197652221657336,-3.365360287949443,-0.4524456858634949,-88.17788777912854,-0.6812014718307182,1.5886363773606718,5.947310852818191,-71.0945898574819,8.345939664200952,17.083297921646636,1,341,1788689962.1592624
1788690017.582843,55.408000,gate_sweep_poor_none_r14,-2.7495363117195666,-3.4255585949867964,-0.4451802968978882,-19.66923479231104,-0.6700032491935417,1.5988356857560575,5.934086251072586,-80.31716648780103,8.382364662585106,60.64793169548999,1,147,1788689962.1748114
1788690017.630560,55.444000,gate_sweep_poor_none_r14,-2.747593915555626,-3.4745705407112837,-0.4408450126647949,51.22297406709194,-0.6531673808349296,1.6058984785340726,5.917993473820388,-89.20236707860704,8.404321201742542,140.42534114569898,1,135,1788689962.1865373
1788690017.682094,55.476000,gate_sweep_poor_none_r14,-2.7224645973183215,-3.522185830399394,-0.4377167820930481,99.8006770679042,-0.6340009708655998,1.6044010906480253,5.901443409733474,-98.12789097465011,8.41596849540851,162.07143195744572,1,147,1788689962.206061
1788690017.727921,55.508000,gate_sweep_poor_none_r14,-2.6903794170357287,-3.556827811524272,-0.4356282651424408,141.88487460701072,-0.6169840832008049,1.5981132774613798,5.885476517491043,-106.87359257933691,8.415981910289073,111.24153281365241,1,362,1788689962.2198877
1788690017.775045,55.540000,gate_sweep_poor_none_r14,-2.615962302777916,-3.6155960839241743,-0.4330974519252777,-135.08468513518108,-0.6017474074615166,1.5892497091554105,5.869327473454177,-115.35985797188326,8.418315824100265,19.724827163297817,1,381,1788689962.2350295
1788690017.828875,55.576000,gate_sweep_poor_none_r14,-2.5405938983894885,-3.6671927254647017,-0.4343871474266052,-92.87323922799544,-0.5877276797546074,1.5786959915421903,5.852307247929275,-123.57189179076512,8.417574550884865,30.698652562769684,1,252,1788689962.2528346
1788690017.878311,55.608000,gate_sweep_poor_none_r14,-2.4514921070076525,-3.725038079544902,-0.44210854172706604,-29.770063714999594,-0.5765412588370964,1.565773346927017,5.836023258976638,-131.76772111834478,8.421583291789522,101.99765740334517,1,147,1788689962.2702923
1788690017.927544,55.640000,gate_sweep_poor_none_r14,-2.3206839920021594,-3.80527856759727,-0.46409788727760315,44.56561044842476,-0.5693128247512504,1.5502824573777616,5.821907448582351,-140.17419410090406,8.441753250372178,175.26019545067118,1,82,1788689962.2875252
1788690017.975755,55.672000,gate_sweep_poor_none_r14,-2.2013891101814806,-3.873440532013774,-0.4913814663887024,80.62705792569612,-0.5659622688544914,1.5326592712663114,5.810048985294998,-148.83694504907078,8.462184220032343,130.53599702523312,1,169,1788689962.3035562
1788690018.025217,55.708000,gate_sweep_poor_none_r14,-2.1047261119820178,-3.9264111798256636,-0.5164321064949036,129.4125643324759,-0.5654944319976494,1.5138342170976102,5.7993087051436305,-157.6593077351959,8.476678957186532,72.92812793232821,1,355,1788689962.317196
1788690018.073215,55.740000,gate_sweep_poor_none_r14,-1.936762607190758,-4.021361378952861,-0.562944769859314,-145.65273241326048,-0.566609098459594,1.4940633564256132,5.788000511936843,-166.51285208162673,8.522425512815111,20.860119668366252,1,386,1788689962.3331861
1788690018.123314,55.772000,gate_sweep_poor_none_r14,-1.8933076024986804,-4.138956813141704,-0.4925691783428192,-158.17615622794685,-0.5691129107726738,1.4733924656175077,5.775534081272781,-175.38806149073255,8.517104818046334,17.21190526278572,1,272,1788689962.3512945
1788690018.173860,55.804000,gate_sweep_poor_none_r14,-1.8677248121239245,-4.264448432251811,-0.39885812997817993,160.87646915670905,-0.5675345201743767,1.5021326332353055,5.77333443146199,-170.47693567106703,8.54633915753475,28.646595172223943,1,187,1788689962.3698416
1788690018.224232,55.840000,gate_sweep_poor_none_r14,-1.832249200437218,-4.418468741700053,-0.2950142025947571,117.69000000206974,-0.5744353671325371,1.5282362489961088,5.775922226719558,-165.9026753472677,8.590789545460819,76.4073246506626,1,283,1788689962.384211
1788690018.278185,55.872000,gate_sweep_poor_none_r14,-1.8022890449501574,-4.5376498978585005,-0.2238594889640808,95.68756790651024,-0.5890687842620537,1.5466427593491971,5.782565045170486,-161.56030299052983,8.63525658123424,102.75212910295993,1,412,1788689962.4061596
1788690018.324896,55.904000,gate_sweep_poor_none_r14,-1.7797127128578722,-4.624036578461528,-0.17707544565200806,77.12774110784314,-0.6070649166358635,1.5573545484803617,5.789663243107498,-157.28460612035175,8.67102472019079,125.58765277180512,1,404,1788689962.4208426
1788690018.372490,55.936000,gate_sweep_poor_none_r14,-1.7355215908028185,-4.757528571411967,-0.10609015822410583,-7.109034191215726,-0.6248449225677177,1.5591234951280057,5.79529373627156,-153.07795733812233,8.715505026175956,145.9689231469066,1,286,1788689962.436471
1788690018.418391,55.972000,gate_sweep_poor_none_r14,-1.6883241296745837,-4.856382159516215,-0.05627588927745819,-56.95367368859985,-0.6379883427871391,1.5539819984696805,5.7972993133589625,-148.95004789197895,8.744158996503135,91.9963742033791,1,217,1788689962.4463716
1788690018.467613,56.004000,gate_sweep_poor_none_r14,-1.6306896568275988,-4.949508933350444,-0.010394752025604248,-76.87457826465607,-0.6420226235641167,1.5462863235734403,5.793806958012283,-144.833509109843,8.767073400704684,67.95893084518691,1,52,1788689962.463579
1788690018.518278,56.036000,gate_sweep_poor_none_r14,-1.5628558755852282,-5.036525039002299,0.030912280082702637,-89.092828435404,-0.638465239549987,1.5420467643998563,5.785907196812332,-140.61993966533674,8.789315759039004,51.52711122993274,1,156,1788689962.4822464
1788690018.565422,56.068000,gate_sweep_poor_none_r14,-1.463554895017296,-5.1380527298897505,0.07385244965553284,-95.9001634365801,-0.6328604359878227,1.541986325290054,5.776593613438308,-136.36239555700806,8.822371101018835,40.46223212042798,1,139,1788689962.4973788
1788690018.610445,56.104000,gate_sweep_poor_none_r14,-1.396902120206505,-5.1963084023445845,0.09362944960594177,-91.19516235919589,-0.6273979087127373,1.54450044920668,5.76708500366658,-132.1159319366764,8.844135832774167,40.92076957748051,1,132,1788689962.5064228
1788690018.659255,56.136000,gate_sweep_poor_none_r14,-1.3004871965385973,-5.272681025788188,0.111906498670578,23.421105605064252,-0.6231981654418632,1.5497125177644193,5.7579831359907985,-127.8771421212096,8.881551412295346,151.29824772627384,1,214,1788689962.5232291
1788690018.707257,56.168000,gate_sweep_poor_none_r14,-1.1960525871254504,-5.349307326599956,0.12081795930862427,57.409694950970966,0.25004319951403886,2.985562541987747,5.57527534943074,-124.14352028529068,10.065403825534544,178.44678476373838,1,383,1788689962.539221
1788690018.760108,56.200000,gate_sweep_poor_none_r14,-1.0537580610252917,-5.4466488640755415,0.11832326650619507,61.69509105202881,0.882186398957856,4.42673704912886,5.482356953434646,-119.84887473119008,11.40195104961014,178.45603421678112,1,413,1788689962.5600853
1788690018.807702,56.236000,gate_sweep_poor_none_r14,-0.930910921189934,-5.525144366547465,0.104644775390625,65.15940283021732,1.4128867249237373,5.706291893031448,5.532918858341873,-116.20948610137995,12.692702918549388,178.63111106840273,1,402,1788689962.5716841
1788690018.861344,56.268000,gate_sweep_poor_none_r14,-0.8337529660202563,-5.583911685273051,0.08696392178535461,67.30012889840397,5.48621307418216,13.807388999965042,6.950176644138992,-99.86580762231193,21.519019538234172,167.16593652071592,1,414,1788689962.5933225
1788690018.912113,56.300000,gate_sweep_poor_none_r14,-0.6624063015915453,-5.681502608582377,0.04133519530296326,73.64172479801607,1.3092754940735176,5.790909507777542,5.5150303123518825,-60.552823353510185,12.863324107918764,134.19454815152625,1,413,1788689962.6120834
1788690018.963396,56.332000,gate_sweep_poor_none_r14,-0.5171587229706347,-5.7598483841866255,-0.010766342282295227,141.29193075142464,1.304290400003083,5.791290500666946,5.513528275303543,-56.66408878714938,12.93307068977224,162.043980461426,1,236,1788689962.631377
1788690019.009232,56.368000,gate_sweep_poor_none_r14,-0.3644352615810931,-5.83873107843101,-0.07713359594345093,-138.56516229862817,1.3009960512863472,5.793471076991409,5.51092569809407,-52.70889922273979,13.01184825903578,85.85626307588838,1,125,1788689962.6412044
1788690019.059726,56.400000,gate_sweep_poor_none_r14,-0.1642030389048159,-5.936561373993754,-0.1804427206516266,-125.41825834821763,1.2985690693603829,5.796639659907669,5.507815766148269,-48.73247137135496,13.121127747084664,76.68578697686267,1,0,1788689962.6597095
1788690019.105357,56.432000,gate_sweep_poor_none_r14,0.0017644555773586035,-6.012786177918315,-0.2791733741760254,-116.9666540954485,1.2962635617004707,5.799293735530227,5.504824089817703,-44.76020801744719,13.21573253667514,72.2064460780013,1,0,1788689962.6733408
1788690019.158341,56.464000,gate_sweep_poor_none_r14,0.12931775441393256,-6.068105010315776,-0.3627946376800537,-108.5463074218798,1.293809876893647,5.800860145594925,5.50214712601155,-40.759757587635555,13.290068384588306,67.78654983424425,1,0,1788689962.6943228
1788690019.207418,56.500000,gate_sweep_poor_none_r14,0.34871085872873664,-6.155960349366069,-0.5214728116989136,-87.04911262620455,1.2913176874862984,5.800748088862747,5.499819207005203,-36.7325751319592,13.420407664633084,50.316537494245345,1,0,1788689962.7074006
1788690019.258842,56.532000,gate_sweep_poor_none_r14,0.5311070322059095,-6.221352366730571,-0.6665537357330322,-62.54256774835979,1.2881162028061226,5.799940803553909,5.497807431034744,-32.602606341397994,13.530849971995687,29.939961406961793,1,0,1788689962.72682
1788690019.304509,56.564000,gate_sweep_poor_none_r14,0.6902158497832716,-6.356405524536967,-0.7490247488021851,-88.04229080527492,1.281868205522187,5.800826290156692,5.496433663181961,-28.24021271559841,13.680427211241419,59.8020780896765,1,144,1788689962.74048
1788690019.354144,56.596000,gate_sweep_poor_none_r14,0.9024444459937513,-6.544246939942241,-0.6596671342849731,-104.73350649406561,1.2654088597046211,5.801355579402298,5.4974898574873805,-34.74182926559236,13.80058792054157,69.99167722847325,1,119,1788689962.758122
1788690019.400536,56.632000,gate_sweep_poor_none_r14,1.0749520896933973,-6.687496928498149,-0.5988226532936096,-112.49547691229124,1.25709508464206,5.813913562800735,5.495035099796951,-38.673566967927854,13.908757768308016,73.82190994436338,1,151,1788689962.7685091
1788690019.449131,56.664000,gate_sweep_poor_none_r14,1.2049812912009656,-6.79102542810142,-0.5586497783660889,-117.40174607043748,1.2515201430069283,5.829578617122024,5.49117939453572,-42.41584099999269,13.995793845021138,74.98590507044479,1,152,1788689962.78511
1788690019.496273,56.696000,gate_sweep_poor_none_r14,1.3799064992927015,-6.924453524872661,-0.5121784210205078,-123.29873924682589,1.2494227747665718,5.846918323542923,5.485818314366043,-46.013233090370065,14.110312885637088,77.28550615645582,1,55,1788689962.8002548
1788690019.549400,56.728000,gate_sweep_poor_none_r14,1.620755040552467,-7.089730052277446,-0.46903175115585327,-100.31845462767933,1.2494227747665718,5.846918323542923,5.485818314366043,-46.01323878441031,14.246227506047893,54.30521584326901,1,97,1788689962.821381
1788690019.603859,56.764000,gate_sweep_poor_none_r14,1.830478751566261,-7.2333638947457075,-0.4503079950809479,2.0482452594475404,1.4786773781524971,4.974818447139114,4.741258549503982,-63.980043257879316,13.270864458877488,66.02828851732686,1,230,1788689962.8398278
1788690019.652323,56.796000,gate_sweep_poor_none_r14,2.053600990679115,-7.3882921021431684,-0.4436303377151489,17.55921089573592,1.4786773781524971,4.974818447139114,4.741258549503982,-63.980060514403775,13.41864793437938,81.5392714101397,1,191,1788689962.8562996
1788690019.698122,56.828000,gate_sweep_poor_none_r14,2.2293197750113904,-7.511308936402202,-0.4451054632663727,22.706696412903,1.1053794483887032,4.216972091700882,4.725098538212478,-64.11599776656269,12.866500190373424,86.82269417946569,1,404,1788689962.8701034
1788690019.749213,56.860000,gate_sweep_poor_none_r14,2.536954367067665,-7.72852542810142,-0.4569384753704071,32.868907928641384,0.9816609482513741,3.263432243373245,4.684685635380447,-72.09554041481222,12.234311160272103,104.96444834345361,1,410,1788689962.8891869
1788690019.796404,56.896000,gate_sweep_poor_none_r14,2.793384039308876,-7.911444453522563,-0.47249478101730347,49.222553716403816,0.5589102964149788,2.2342631607316434,4.7317804573103786,-80.62728647373464,11.619498124182847,129.84984019013845,1,408,1788689962.9003782
1788690019.846035,56.928000,gate_sweep_poor_none_r14,3.0558113693259656,-8.099676398560405,-0.4923465847969055,76.93537084563233,0.4684191803680733,2.591564395930618,4.79206411819905,-100.45861131183517,12.2033693930491,177.39398215746752,1,415,1788689962.9179997
1788690019.901459,56.960000,gate_sweep_poor_none_r14,3.3882834552787244,-8.338395385071635,-0.5213955640792847,110.8721736527822,0.5874448876129463,2.8692590980790555,4.692548680119216,-120.45121139167591,12.674440038022293,128.67661495554188,1,390,1788689962.9414334
1788690019.951303,56.992000,gate_sweep_poor_none_r14,3.655336820986122,-8.529666213318706,-0.5473960638046265,128.9841037117409,0.596817062352784,2.8450825004838407,4.461603092961013,-137.96789735329713,12.799590773481084,93.04799893496201,1,330,1788689962.9592786
1788690019.994944,57.028000,gate_sweep_poor_none_r14,3.8550669788382947,-8.671843795105815,-0.5683852434158325,141.0354355844788,0.6572272042976692,2.8772387295030057,4.546545910649002,-158.78883609672724,13.029581999998383,60.17572831879401,1,158,1788689962.9669266
1788690020.048735,57.060000,gate_sweep_poor_none_r14,4.185636246111244,-8.904791144654155,-0.6070296764373779,166.90760447537377,0.6602807502495125,2.87532422831282,4.534609722904861,-161.37440600095323,13.328004550024875,31.717989523673022,1,44,1788689962.9887183
1788690020.100033,57.092000,gate_sweep_poor_none_r14,4.447563850786537,-9.086308745667338,-0.6421015858650208,-164.6259328895114,0.6626759032951668,2.873697259929031,4.52343790512532,-164.00318352351465,13.566499867760564,0.6227493659967748,1,152,1788689963.0080075
1788690020.149339,57.124000,gate_sweep_poor_none_r14,4.707985603716224,-9.263286856934428,-0.681912899017334,-139.632869089577,9.523338661645539,9.078911521937698,-4.53137166518718,-179.7616221401459,19.35050901746128,40.12875305056889,1,133,1788689963.0253117
1788690020.198650,57.160000,gate_sweep_poor_none_r14,5.033425533678383,-9.478109626099467,-0.7393871545791626,-121.25436598841063,18.069270477746613,12.628268936183304,-17.149207186885178,156.73968957589727,30.461572842475096,82.00594443569211,1,157,1788689963.0386293
1788690020.244944,57.192000,gate_sweep_poor_none_r14,5.2954327701590955,-9.644948272034526,-0.7910107374191284,-110.95561840247508,19.140662537072785,12.277781227137893,-24.501006198115647,129.64363961271422,35.13488780028715,119.4007419848107,1,139,1788689963.0529203
1788690020.288478,57.224000,gate_sweep_poor_none_r14,5.494539940264076,-9.766413955017924,-0.8332216739654541,-101.69744114166151,18.033084259484895,12.640939453151077,-17.20090587157756,102.26818592982043,30.450051993328497,156.03437292851808,1,134,1788689963.0644548
1788690020.332230,57.256000,gate_sweep_poor_none_r14,5.837093078996986,-9.96194770745933,-0.9189236164093018,-82.53267690952484,18.029111252282746,12.639673927333206,-17.20484454650432,99.44161657378858,30.409041882330975,178.02570651668663,1,145,1788689963.0762064
1788690020.383031,57.292000,gate_sweep_poor_none_r14,6.159213745500892,-9.936158446595073,-1.1716675758361816,-108.58334065960614,18.029111252282746,12.639673927333206,-17.20484454650432,99.44162824121338,30.126822566775562,151.97503109918046,1,78,1788689963.091013
1788690020.428589,57.324000,gate_sweep_poor_none_r14,6.492776596453041,-9.841168669983745,-1.4916940927505493,-102.68349880139553,18.041467056726106,12.654250839259475,-17.307101321406662,80.11186856271901,29.825211752010592,177.2046326358855,1,179,1788689963.1045625
1788690020.471693,57.356000,gate_sweep_poor_none_r14,6.834987366106361,-9.74792697839439,-1.8179672956466675,-89.27002890432507,18.04476676986087,12.65386746218428,-17.318453860469162,79.90434055876688,29.457845002393213,169.17436946309192,1,107,1788689963.1156754
1788690020.516948,57.388000,gate_sweep_poor_none_r14,7.27438517799601,-9.638905791565776,-2.2343480587005615,-67.99202091177708,18.044791565393098,12.65026638796553,-17.331307482905686,78.89650875334368,28.995293308648773,146.88852966512076,1,20,1788689963.1289315
1788690020.565678,57.424000,gate_sweep_poor_none_r14,7.540993416216224,-9.580208091065288,-2.4831817150115967,-55.45649859748624,18.04156433150638,12.645409324672073,-17.341967654414475,77.67891016932268,28.723223681383015,133.13540876680892,1,0,1788689963.1416607
1788690020.613024,57.456000,gate_sweep_poor_none_r14,7.872034752275795,-9.526313094422221,-2.7466397285461426,-43.34301684241589,18.03640495345462,12.640464523341507,-17.350016665644944,76.54449373045139,28.42426902330106,119.88751057286728,1,0,1788689963.1569912
1788690020.661768,57.488000,gate_sweep_poor_none_r14,8.164636814501137,-9.514291075989604,-2.891993999481201,-34.14654466102778,18.030621872399934,12.63597367098555,-17.356373858638108,75.58854078127173,28.234556384575207,109.7350854422995,1,0,1788689963.1737502
1788690020.712119,57.520000,gate_sweep_poor_none_r14,8.483492100145668,-9.558843879029155,-2.9232101440429688,-26.879635189752314,18.024819717858918,12.632181861903518,-17.361424517817795,74.86163010903353,28.14143902586277,101.74126529878585,1,1,1788689963.1920953
1788690020.758437,57.556000,gate_sweep_poor_none_r14,8.707571232225746,-9.640856055542827,-2.8416545391082764,-23.66936981812876,18.019439087365754,12.629269340541214,-17.36542232055217,74.40521050669807,28.171070243748368,98.07458032482683,1,0,1788689963.2024221
1788690020.813752,57.588000,gate_sweep_poor_none_r14,8.860689365770668,-9.72842719964683,-2.725537061691284,-22.12966982112685,18.014535294030793,12.627067306544632,-17.368737292476,74.16299564873195,28.248616654511327,96.2926654698588,1,46,1788689963.2257328
1788690020.867809,57.620000,gate_sweep_poor_none_r14,9.093937122728676,-9.921759871765971,-2.4454314708709717,-19.756622887099642,18.01008544967044,12.625452735926956,-17.3715391876176,74.09667622970623,28.472147599653535,93.85329911680587,1,120,1788689963.2477913
1788690020.914182,57.652000,gate_sweep_poor_none_r14,9.266777241136879,-10.11544349603355,-2.1620359420776367,-17.348822090610913,18.006026611779816,12.62432930758223,-17.373915744014084,74.17489650651842,28.720602950337042,91.52371859712933,1,126,1788689963.2621608
1788690020.960759,57.688000,gate_sweep_poor_none_r14,9.4308817028068,-10.340764312073588,-1.84193754196167,-14.390636736429254,16.259753571008332,5.830715873744339,-15.828606677241623,60.63488737867481,22.444981084697066,75.02552411510408,1,124,1788689963.272731
1788690021.006661,57.720000,gate_sweep_poor_none_r14,9.62634583702311,-10.662823943421245,-1.4089927673339844,-10.184316108800571,13.109376297448762,1.3739335327409208,-14.57677371520549,47.39498868046213,18.177059355663847,57.5793047892627,1,135,1788689963.286641
1788690021.054125,57.752000,gate_sweep_poor_none_r14,9.776100361254066,-10.94905593805015,-1.0493115186691284,-7.133176882641203,10.622219429467805,-0.5051045627333224,-14.025914263911545,34.43567181827476,16.67885657398043,41.56884870091597,1,138,1788689963.3020973
1788690021.100260,57.784000,gate_sweep_poor_none_r14,9.883966648485512,-11.178831366822124,-0.7778196334838867,-5.191634832306858,8.882519112084992,-1.1332936496473849,-13.825601649470627,20.82034398467712,16.497282828758497,26.011978816983977,1,124,1788689963.3162267
1788690021.148772,57.820000,gate_sweep_poor_none_r14,10.053555691149086,-11.585723189637065,-0.33426037430763245,-2.1804055312427324,7.172162399743684,-0.7926242561079562,-13.786501002497971,3.769329639007056,17.485885445336706,5.949735170249787,1,130,1788689963.3287442
1788690021.197588,57.852000,gate_sweep_poor_none_r14,10.179805004503578,-11.928024558350444,0.0032193362712860107,0.14184192314430918,5.109072075341828,-0.4309354037977755,-13.785901141352952,-12.060665189418009,18.655702479752776,12.202507112562317,1,133,1788689963.3455663
1788690021.247482,57.884000,gate_sweep_poor_none_r14,10.297654354479164,-12.281905440613627,0.3201030194759369,2.449182035412683,4.3005026440368965,0.7928190021775663,-14.069943499751389,-28.224734377386625,20.34668736474094,30.673916412799308,1,126,1788689963.3634634
1788690021.296119,57.916000,gate_sweep_poor_none_r14,10.43350621452555,-12.736434249207377,0.6833149194717407,5.423744660942567,4.199327812646516,0.788058856036514,-14.048613619990647,-42.93828213633168,20.947711392705195,48.36202679727425,1,108,1788689963.3801022
1788690021.341331,57.952000,gate_sweep_poor_none_r14,10.53337308159098,-13.106573371216655,0.9458373785018921,8.014329008257956,4.342443809960969,0.7737447409890592,-14.167890620417893,-39.15552986102603,21.43398260164646,47.169858869283985,1,46,1788689963.3893156
1788690021.392004,57.984000,gate_sweep_poor_none_r14,10.603531086351722,-13.386393813416362,1.1261898279190063,10.24062425425426,4.342751846765168,0.7718581943772733,-14.173789096064866,-40.160099791952284,21.765633730203703,50.40072404620655,1,0,1788689963.407986
1788690021.437191,58.016000,gate_sweep_poor_none_r14,10.692024433519691,-13.7611925881356,1.3448213338851929,13.877672864573656,4.34263454482425,0.7699472098611295,-14.179590296931565,-41.18008748841471,22.191803267662387,55.05776035298837,1,0,1788689963.421169
1788690021.484531,58.048000,gate_sweep_poor_none_r14,10.794964039232582,-14.228887824341655,1.5841447114944458,20.123642018746885,4.342106686090119,0.7680454044602811,-14.185277056880295,-42.209729938551995,22.698502972620012,62.33337195729888,1,0,1788689963.4365163
1788690021.531331,58.084000,gate_sweep_poor_none_r14,10.872392856981605,-14.600491790100932,1.749303936958313,26.969591957279032,4.3411730389343575,0.7661819844506681,-14.190834117121994,-43.24454730964815,23.084182818291062,70.21413926692718,1,0,1788689963.4473135
1788690021.576563,58.116000,gate_sweep_poor_none_r14,10.946365559007972,-14.968304900452495,1.8923178911209106,35.450909332991166,4.339795933221467,0.7643826394341886,-14.196231913752854,-44.272796764706364,23.452199348290858,79.72370609769753,1,0,1788689963.4605436
1788690021.626105,58.148000,gate_sweep_poor_none_r14,11.000133716966957,-15.241056708618999,1.9852427244186401,42.377581463582054,4.338026390527375,0.7626781254075468,-14.201472354121506,-45.29201314633282,23.717355411189367,87.66959460991487,1,0,1788689963.4780908
1788690021.671830,58.180000,gate_sweep_poor_none_r14,11.087144100572914,-15.68836715631187,2.1140782833099365,52.99811485059386,4.335873470758088,0.7610830455087125,-14.20654780883342,-46.29553933478375,24.135594111161343,99.2936541853776,1,0,1788689963.4918137
1788690021.717086,58.216000,gate_sweep_poor_none_r14,11.155298435594887,-16.039098052307963,2.1945340633392334,59.099300699385545,4.333303795312531,0.7596447854302824,-14.211432528682053,-47.2714743197558,24.451852928132496,106.37077501914135,1,0,1788689963.5010693
1788690021.761003,58.248000,gate_sweep_poor_none_r14,11.222637379076332,-16.3829548638314,2.2556257247924805,62.376643854864405,4.330376015161164,0.7583650141023099,-14.21614654082805,-48.2191121105826,24.751714999907154,110.595755965447,1,0,1788689963.5129893
1788690021.807306,58.280000,gate_sweep_poor_none_r14,11.305461132433265,-16.802432326599956,2.3059637546539307,61.16533796412354,4.3270176510559395,0.7573177008889616,-14.220647883601487,-49.12289303918364,25.10323458625191,110.28823100330717,1,0,1788689963.5272913
1788690021.856725,58.312000,gate_sweep_poor_none_r14,11.369343960192055,-17.12810638360679,2.3263168334960938,56.1116691473771,4.322589264367707,0.7571134357713163,-14.224660945124924,-49.895093475475186,25.366763789632383,106.00676262285229,1,0,1788689963.5447094
1788690021.904609,58.348000,gate_sweep_poor_none_r14,11.415416920091957,-17.365815429016948,2.3303592205047607,51.491605214029505,4.3168834309326485,0.7572611956857145,-14.228068423457444,-50.53211056382573,25.554189677661313,102.02371577785524,1,0,1788689963.5565832
1788690021.952911,58.380000,gate_sweep_poor_none_r14,11.487418377306312,-17.747315673157573,2.3171098232269287,44.04652049565451,4.310016499017365,0.7568287043832242,-14.230868411250412,-51.09459757563917,25.840937299488118,95.14111807129369,1,77,1788689963.572875
1788690021.999885,58.412000,gate_sweep_poor_none_r14,11.539623463060707,-18.03735855035484,2.2894835472106934,39.119936402834256,-7.471883906866424,18.12456486513838,-28.480197024531662,-53.489284375254684,51.14582446370231,92.60922077808895,1,83,1788689963.5878468
1788690022.044947,58.444000,gate_sweep_poor_none_r14,11.586302006151527,-18.31213310174644,2.248068332672119,35.502208619793294,-14.151148452307098,15.842529037501663,-33.883601260371506,-51.4586013314708,55.98620231386188,86.96080995126408,1,91,1788689963.6008825
1788690022.088812,58.480000,gate_sweep_poor_none_r14,11.63697644462809,-18.632760314270854,2.1790153980255127,32.836944050997765,-19.15521301224362,12.434524276759475,-40.96238620299846,-51.57514943128549,61.437086808448086,84.41209348228325,1,97,1788689963.60879
1788690022.132684,58.512000,gate_sweep_poor_none_r14,11.67136307945475,-18.869895247742534,2.111759662628174,31.99422933816698,-24.059992446447723,8.626926162745804,-47.01700503844768,-57.5964319939488,66.68163522629307,89.59066133211577,1,95,1788689963.620658
1788690022.179552,58.544000,gate_sweep_poor_none_r14,11.694234096910805,-19.03690460138023,2.055050849914551,32.01506055380378,-28.113562240148894,3.4759185104630888,-52.45197589416057,-58.6997671293601,71.15127418505793,90.71482768316388,1,100,1788689963.6355193
1788690022.228956,58.576000,gate_sweep_poor_none_r14,11.725674831774086,-19.291920928284526,1.9513455629348755,33.17153906305138,-31.826717986608855,-1.5682676048018038,-57.37856967467815,-60.27983642268813,75.7032208656942,93.4513754857395,1,113,1788689963.6529267
1788690022.275152,58.612000,gate_sweep_poor_none_r14,11.745508396532387,-19.475413588806987,1.861761212348938,35.026592867912,-35.63316024735104,-7.1086204261519015,-62.50719363708049,-62.6489272357555,80.87668492218681,97.67552010366751,1,119,1788689963.6631236
1788690022.322676,58.644000,gate_sweep_poor_none_r14,11.761490070726722,-19.64185264520347,1.7673953771591187,37.58829021271473,-38.90546096756589,-11.724468490574509,-66.83147342223674,-64.88075465676955,85.64829070054718,102.46904486948429,1,111,1788689963.6786547
1788690022.367651,58.676000,gate_sweep_poor_none_r14,11.774641239549965,-19.792924193665385,1.6688458919525146,40.69560728294477,-42.09632934525143,-16.02483012387529,-70.90666110534221,-67.008770924824,90.46261228033215,107.70437820776878,1,130,1788689963.6916254
1788690022.420555,58.708000,gate_sweep_poor_none_r14,11.788459026720375,-19.962514190003276,1.5404249429702759,45.049758701708484,-45.157337798620574,-20.181122085545212,-74.98190982360393,-69.19240607561831,95.38626360023049,114.24216477732679,1,115,1788689963.712517
1788690022.468365,58.744000,gate_sweep_poor_none_r14,11.79572602501139,-20.05468681268394,1.4612065553665161,47.75955371711471,-48.6157423396362,-24.88787295529619,-79.43974216002971,-71.02525943076276,101.08347392780446,118.78481314787746,1,94,1788689963.7243352
1788690022.519092,58.776000,gate_sweep_poor_none_r14,11.80490800132975,-20.16777732782066,1.3537541627883911,51.345638630354905,-51.46452392532956,-28.645263931248337,-83.1373968841508,-72.75565611012769,105.89449183347625,124.10129474048259,1,109,1788689963.7430692
1788690022.565358,58.808000,gate_sweep_poor_none_r14,11.814191067125648,-20.271180419251323,1.2444312572479248,54.79817962282024,-53.2646681208862,-30.88727786252275,-85.42280490417033,-76.39058540747804,108.89981295666745,131.18876503029827,1,111,1788689963.7573297
1788690022.615395,58.840000,gate_sweep_poor_none_r14,11.82586690178141,-20.387082366272807,1.1067720651626587,58.81942791815299,-53.44075073197018,-31.10064341733232,-85.62578494567424,-82.97370616272529,109.07359081548194,141.79313408087827,1,51,1788689963.7753696
1788690022.665137,58.876000,gate_sweep_poor_none_r14,11.835465633776039,-20.470277098938823,0.9964597225189209,61.75979288899776,-53.72693313553464,-30.936466476414353,-85.90677554626018,-89.96101147814085,109.36243209005578,151.7208043671386,1,128,1788689963.789107
1788690022.714524,58.908000,gate_sweep_poor_none_r14,11.84284802665934,-20.527625350281596,0.9138953685760498,63.799385668423334,-54.06260360672604,-30.32133319089189,-86.18958957213908,-96.15683997129123,109.66522856897313,159.95622563971457,1,178,1788689963.8065026
1788690022.765696,58.940000,gate_sweep_poor_none_r14,11.85530968895182,-20.61410072259605,0.7772635221481323,66.88107021560707,-54.33361114456784,-29.57343318173662,-86.37055881042033,-102.50069301749947,109.79975326260193,169.38176323310654,1,169,1788689963.8256702
1788690022.816935,58.972000,gate_sweep_poor_none_r14,11.865384304430336,-20.675982741639018,0.6691588163375854,69.07547949536317,-54.55538619949948,-28.739643356297165,-86.50266177672893,-108.92814161950655,109.88934289708841,178.0036211148697,1,188,1788689963.844907
1788690022.865910,59.008000,gate_sweep_poor_none_r14,11.875370228197426,-20.73194625787437,0.5623413324356079,71.04123672224301,-54.701264037634246,-28.139349243137985,-86.57781894225627,-116.62050292246757,109.91235318130256,172.33826035528944,1,213,1788689963.857891
1788690022.917230,59.040000,gate_sweep_poor_none_r14,11.887503826525062,-20.79437759332359,0.4309113323688507,73.19698929582667,-54.69110549881589,-28.56330134579912,-86.66191775817424,-124.20870199845828,109.90099305721812,162.5943087057151,1,222,1788689963.8772094
1788690022.962487,59.072000,gate_sweep_poor_none_r14,11.896872723009437,-20.839169768616557,0.32726404070854187,74.69389985083448,-54.91807235672604,-29.014730712864548,-86.79206759948283,-132.06849461066852,110.09475295487444,153.23760553849698,1,253,1788689963.8904576
1788690023.010139,59.104000,gate_sweep_poor_none_r14,11.903465473558754,-20.869853286072612,0.2506377398967743,75.69037376540915,-55.395592345739715,-30.9708407134749,-87.65538699645549,-140.56267491481552,111.1695206219852,143.74695131977535,1,284,1788689963.9061208
1788690023.058624,59.140000,gate_sweep_poor_none_r14,11.913253986742347,-20.915658263489604,0.12532320618629456,77.11850091953956,-55.50211395218503,-31.047781249973923,-87.66129977721721,-143.66886501399637,111.148472438376,139.21263406646412,1,293,1788689963.9186077
1788690023.106926,59.172000,gate_sweep_poor_none_r14,11.919897282030433,-20.947953490540385,0.027255982160568237,78.05835938718678,-55.59429229691159,-31.058973571751267,-87.6496039154008,-144.13916643351945,111.11989148249101,137.8024741792938,1,133,1788689963.9348998
1788690023.155164,59.204000,gate_sweep_poor_none_r14,11.92528268089518,-20.976571349427104,-0.06897220015525818,78.82312846446041,-55.68479217484128,-31.062975189182907,-87.62839419860393,-145.38950055740912,111.0833477399711,135.7873709781305,1,327,1788689963.9511425
1788690023.206016,59.236000,gate_sweep_poor_none_r14,11.929972851183265,-21.007434157654643,-0.18668720126152039,79.54040022887408,-55.827049865270965,-31.107054016087204,-87.62894351501018,-146.52484381044448,111.08179255810673,133.93475596068143,1,209,1788689963.970001
1788690023.255749,59.272000,gate_sweep_poor_none_r14,11.931892597582191,-21.028275756165385,-0.2786721885204315,79.92477677042118,-55.87391723587643,-31.12946536252275,-87.60730655211955,-147.3328925042902,111.02230522938137,132.74233072528867,1,145,1788689963.9837248
1788690023.304515,59.304000,gate_sweep_poor_none_r14,11.932186329271644,-21.04169204644859,-0.34632429480552673,80.10399263407204,-55.8765951533569,-31.10858370969072,-87.59915072936565,-146.8082162618274,110.96138461076356,133.08779110410055,1,349,1788689964.0004947
1788690023.353404,59.336000,gate_sweep_poor_none_r14,11.931220257189125,-21.05706718377769,-0.43549665808677673,80.2008127987381,-55.87364257767331,-31.108303329441696,-87.59876163024455,-147.03829328487322,110.8871567527863,132.7608939163887,1,195,1788689964.0173862
1788690023.401356,59.368000,gate_sweep_poor_none_r14,11.927316868212074,-21.071807174012065,-0.5440644025802612,80.09448402122797,-55.89442123367917,-31.10584284970537,-87.57720859069377,-147.10825441129836,110.79367409004706,132.7972615674737,1,132,1788689964.0333269
1788690023.451117,59.404000,gate_sweep_poor_none_r14,11.921963894274086,-21.080167083069682,-0.6288028359413147,79.83187986989974,-55.98112548782956,-31.142111083958298,-87.69062716979533,-147.14726703472152,110.86854162046974,133.02085309537873,1,360,1788689964.0470998
1788690023.498182,59.436000,gate_sweep_poor_none_r14,11.914556705858558,-21.08551719598472,-0.7116593718528748,79.41170584825026,-56.03080047562253,-31.139898559544235,-87.71605594176799,-146.85799166052368,110.84866787480124,133.7303024912261,1,176,1788689964.0621338
1788690023.547236,59.468000,gate_sweep_poor_none_r14,11.90764352073893,-21.08757713250816,-0.7725580930709839,78.99626055570792,-56.06525863602292,-31.145420333836228,-87.75345523376018,-146.40113866678473,110.84742714593955,134.60260077750732,1,361,1788689964.07922
1788690023.598123,59.500000,gate_sweep_poor_none_r14,11.904156887438148,-21.099200515076518,-0.8144112825393677,78.51304598044636,-56.37260498001706,-31.099071762058884,-88.12291629333049,-144.83451891202049,111.28561759401235,136.65243510753317,1,162,1788689964.0980935
1788690023.648225,59.536000,gate_sweep_poor_none_r14,11.904509746935219,-21.1095230858773,-0.8206112384796143,77.12828174598627,-56.87809051468503,-31.044163009617478,-88.67995364684612,-141.3697639716945,112.02235141968232,141.50195428231922,1,313,1788689964.1121957
1788690023.697462,59.568000,gate_sweep_poor_none_r14,11.906069004442543,-21.11827209405601,-0.8147867918014526,75.10841844063668,-57.402435912634246,-30.964300415012985,-89.26530368346721,-136.98541834365795,112.8011837967155,147.90616321570536,1,269,1788689964.1294363
1788690023.744816,59.600000,gate_sweep_poor_none_r14,11.9078743099235,-21.129626540467143,-0.8042300939559937,72.22187112431199,-57.36038650467526,-31.000290176365525,-88.99223239440471,-133.60899841375164,112.57284622250728,154.16913046193642,1,279,1788689964.1447978
1788690023.792287,59.632000,gate_sweep_poor_none_r14,11.908625805284828,-21.137988356873393,-0.7928487062454224,69.88044503251608,-57.352528228308074,-30.99015643307939,-88.9858084442094,-131.1967938985249,112.57073696662482,158.922761068959,1,201,1788689964.1602664
1788690023.836783,59.668000,gate_sweep_poor_none_r14,11.908210956957191,-21.142987517639995,-0.7844208478927612,68.1486534865285,-57.339527740026824,-31.008972427342087,-88.99318606872112,-129.70037892661114,112.57607754166719,162.15096758686036,1,113,1788689964.1687527
1788690023.887367,59.700000,gate_sweep_poor_none_r14,11.906463825609535,-21.148541716858745,-0.7700798511505127,65.50481923842199,-57.36326660111081,-30.967296859715134,-89.01509768981487,-128.08541959318956,112.61388315519567,166.40976116838848,1,75,1788689964.1873484
1788690023.937001,59.732000,gate_sweep_poor_none_r14,11.903450214769691,-21.15014007501304,-0.7598574161529541,63.490916295942675,-57.37653793289792,-30.756632110569626,-89.0365668060258,-127.28967262696231,112.62672359468796,169.21941107709503,1,65,1788689964.2049763
1788690023.986230,59.764000,gate_sweep_poor_none_r14,11.899236881639808,-21.148989943787456,-0.7501213550567627,61.55793425232928,-57.44053329422604,-31.007715484593064,-89.0516043426469,-125.4778969225535,112.70470307462107,172.96416882511724,1,63,1788689964.222207
1788690024.033304,59.800000,gate_sweep_poor_none_r14,11.89236088981852,-21.14252212457359,-0.7388572692871094,59.09745140726524,-57.443382873083465,-31.006151458714157,-89.05302341002971,-123.9745541758809,112.71259241065661,176.9279944168539,1,50,1788689964.2332854
1788690024.083297,59.832000,gate_sweep_poor_none_r14,11.885728084947914,-21.132800368592143,-0.7304289937019348,57.051303054036495,-57.47745956375729,-30.97434832761064,-89.06359775085002,-121.01050722362368,112.74243464507033,178.0618102776602,1,57,1788689964.2512786
1788690024.131104,59.864000,gate_sweep_poor_none_r14,11.880378925707191,-21.12287643365562,-0.7246601581573486,55.469782382941915,-57.48400176956784,-30.97838236996904,-89.06571872252971,-120.71048695993302,112.75056955409858,176.18026934287494,1,51,1788689964.2670817
1788690024.182795,59.896000,gate_sweep_poor_none_r14,11.87109395256266,-21.101851729676127,-0.7155311107635498,52.83950373778918,-57.49068893387448,-30.982569000218064,-89.06785495299846,-120.37022468061498,112.76000455520024,173.20972841840415,1,61,1788689964.2867663
1788690024.228430,59.932000,gate_sweep_poor_none_r14,11.863499843981117,-21.081599501892924,-0.7085920572280884,50.803892982737516,-57.49702133133542,-30.986759445164353,-89.06985385436565,-120.07432037543059,112.76837623019853,170.8782133581681,1,48,1788689964.296411
1788690024.274530,59.964000,gate_sweep_poor_none_r14,11.855632984545082,-21.058551101014018,-0.7018718719482422,48.86380277644074,-57.50286163284909,-30.9909823150374,-89.07163913268596,-119.84060176670037,112.7761931044374,168.70440454314112,1,45,1788689964.3105073
1788690024.324298,59.996000,gate_sweep_poor_none_r14,11.847449505236,-21.032962111756206,-0.6953569054603577,47.078742603091875,-57.82512725784909,-31.13334490964189,-89.39186007995158,-118.23346647691093,113.2402550370421,165.31220908000282,1,73,1788689964.3282793
1788690024.376479,60.028000,gate_sweep_poor_none_r14,11.836687290575355,-21.00044753961265,-0.6827765703201294,45.84044200138104,-58.075428618933074,-31.207384368870407,-89.73351199645549,-117.91430360291012,113.6746189363156,163.75474560429117,1,38,1788689964.3484445
1788690024.425775,60.064000,gate_sweep_poor_none_r14,11.830087864305824,-20.97978332452476,-0.674626350402832,45.5640686145598,-58.366993560339324,-31.369161865208298,-90.20207126159221,-116.40424060368775,114.23980400598526,161.96830921824755,1,173,1788689964.3617554
1788690024.472193,60.096000,gate_sweep_poor_none_r14,11.821050846483558,-20.950721053406596,-0.6634162068367004,45.71063940047294,-58.77557434036862,-31.517069122288376,-90.83528811950237,-114.3902575201179,115.00651148313227,160.10089692059083,1,227,1788689964.3761752
1788690024.525226,60.128000,gate_sweep_poor_none_r14,11.811610424425453,-20.91956069879234,-0.6522222757339478,46.402885491812036,-59.0654493708862,-31.468588134739548,-91.38882358092815,-112.52364859227235,115.61993946327044,158.9265340840844,1,119,1788689964.3971965
1788690024.577926,60.160000,gate_sweep_poor_none_r14,11.799338543321937,-20.876452712342143,-0.6372230052947998,47.69122310673734,-59.41760314896237,-31.70987536618486,-92.00298984069377,-110.51066614795631,116.34826676757805,158.20188925469367,1,229,1788689964.417904
1788690024.624923,60.196000,gate_sweep_poor_none_r14,11.788494312670082,-20.837106017395854,-0.6236968040466309,48.934407869978095,-59.90163864090573,-31.88674189755693,-92.61814029235393,-107.8861826567528,117.1518128272409,156.8205905267309,1,188,1788689964.4288976
1788690024.677901,60.228000,gate_sweep_poor_none_r14,11.77914067497477,-20.80396774224937,-0.6124511957168579,49.94559276022939,-60.21976531937253,-32.32342173764482,-93.19100101012737,-105.83800271052877,117.84450844428085,155.78359547075817,1,161,1788689964.4498832
1788690024.729060,60.260000,gate_sweep_poor_none_r14,11.759769642259926,-20.740210799500346,-0.5911468267440796,51.69949405868736,-60.708405150915496,-32.73201777646318,-93.96850497741252,-103.8786809431421,118.80560091016402,155.57817500182946,1,150,1788689964.469039
1788690024.782151,60.292000,gate_sweep_poor_none_r14,11.739469730760902,-20.680259017273784,-0.5719032287597656,53.08554976672509,-61.22898544266354,-33.354851028416306,-94.87911136168987,-102.20195157163653,119.91201040293156,155.28750133836164,1,183,1788689964.4901304
1788690024.830148,60.328000,gate_sweep_poor_none_r14,11.713457310106605,-20.61131980828941,-0.5508159399032593,54.41256327535321,-61.71919311478268,-34.394314071629196,-95.79793460387737,-100.85650738461439,121.05510601819493,155.26907065996758,1,87,1788689964.502124
1788690024.881103,60.360000,gate_sweep_poor_none_r14,11.671335422899574,-20.511822966858745,-0.5228723287582397,55.991304883004695,-62.14835418656003,-35.282497665379196,-96.61018283385783,-100.08279566313493,122.06674668061689,156.07410054613962,1,192,1788689964.521086
1788690024.933233,60.392000,gate_sweep_poor_none_r14,11.629412853624672,-20.42191436700523,-0.5007886588573456,57.18101034987205,-62.5318800349487,-36.1944735259749,-97.30026919860393,-99.49142342332787,122.95857195857774,156.6724337731999,1,89,1788689964.541191
1788690024.977619,60.424000,gate_sweep_poor_none_r14,11.592698299791664,-20.3484146874398,-0.48486626148223877,58.029084903862035,-62.804527892614715,-36.89794566342607,-97.70276553649455,-99.2474287402878,123.53199658426819,157.27651364414982,1,193,1788689964.5536041
1788690025.028899,60.460000,gate_sweep_poor_none_r14,11.520825588610023,-20.214568404480815,-0.4603063762187958,59.39118759166821,-63.03736938431393,-37.38871028134599,-98.06408603210002,-99.19473482446008,124.01763338308407,158.58592241612828,1,117,1788689964.5688772
1788690025.080884,60.492000,gate_sweep_poor_none_r14,11.453776562120765,-20.097937850281596,-0.443319171667099,60.44666315383851,-63.217133178259246,-37.485275527928025,-98.25687320251018,-99.28648366239551,124.28014976301381,159.73314681623404,1,72,1788689964.5888424
1788690025.128399,60.524000,gate_sweep_poor_none_r14,11.378050053026527,-19.973124770447612,-0.42910024523735046,61.47725927823297,-63.38539184525143,-37.12677027890459,-98.61940677184612,-99.57521725944827,124.5999843278336,161.05247653768123,1,213,1788689964.6043782
1788690025.177007,60.556000,gate_sweep_poor_none_r14,11.271087849047035,-19.80606964044273,-0.4154314696788788,62.72104569996148,-63.53419174149167,-36.83398463437334,-98.73271091002971,-99.89586993524712,124.70792749545326,162.6169156352086,1,107,1788689964.6209896
1788690025.226916,60.592000,gate_sweep_poor_none_r14,11.175585949327797,-19.6638386528939,-0.4076584279537201,63.674773963473946,-63.597950591589324,-36.62894465634599,-98.81867892760783,-100.3351924635884,124.75426062595048,164.00996642706232,1,221,1788689964.6348746
1788690025.276279,60.624000,gate_sweep_poor_none_r14,11.098196232225746,-19.55233314447105,-0.40352240204811096,64.35923864302737,-63.62639678909909,-36.66320826718584,-98.77671725768596,-100.57241915457826,124.71500437306275,164.93165779760562,1,241,1788689964.652244
1788690025.327087,60.656000,gate_sweep_poor_none_r14,10.988252842333168,-19.397845534607768,-0.4002170264720917,65.22267117314178,-63.653927459265105,-36.73142649838701,-98.79241092223674,-100.60610414392069,124.71139454286421,165.82877531706245,1,152,1788689964.6710641
1788690025.378926,60.688000,gate_sweep_poor_none_r14,10.839065754320472,-19.19516303949058,-0.3988471031188965,66.2054415050457,-63.69913925125729,-36.825649520847946,-98.87011630553752,-100.51653488098894,124.75323209183024,166.72197638603464,1,247,1788689964.6908894
1788690025.427416,60.724000,gate_sweep_poor_none_r14,10.710687839891762,-19.025819091126323,-0.3995211720466614,66.89545583787704,-63.77537597611081,-36.9320109100081,-98.95082767028362,-100.25865043155765,124.82453853616138,167.1541062694347,1,240,1788689964.7033978
1788690025.476674,60.756000,gate_sweep_poor_none_r14,10.57453747978434,-18.850413588806987,-0.40131181478500366,67.49008860963103,-63.90602172806393,-37.03673960873857,-98.9911566497758,-99.95892032100006,124.89216812356408,167.4490089306311,1,228,1788689964.7206554
1788690025.527391,60.788000,gate_sweep_poor_none_r14,10.467586719896644,-18.715058593079448,-0.40316957235336304,67.86633957241048,-63.90383590653073,-37.33329035947099,-98.9921332122758,-99.54519945593592,124.89007490261064,167.4115390283464,1,226,1788689964.7393484
1788690025.576731,60.820000,gate_sweep_poor_none_r14,10.280295574571937,-18.482470778748393,-0.4066683053970337,68.35139316767028,-63.91644729569089,-37.5791056365706,-99.01322085876018,-98.96447249624613,124.87229605444138,167.3158656639164,1,253,1788689964.7567067
1788690025.626327,60.856000,gate_sweep_poor_none_r14,10.123106205370277,-18.29065635614097,-0.4095081686973572,68.60551477732648,-63.99674667313229,-37.899425765965134,-99.08164126891643,-98.10726081916306,124.9577779853894,166.71277559648954,1,251,1788689964.7703068
1788690025.681788,60.888000,gate_sweep_poor_none_r14,9.959885799791664,-18.09420326165855,-0.4120252728462219,68.73800873281714,-64.00785888626706,-38.13410975644365,-99.17158420104533,-97.2767019849105,125.00510223968513,166.01471071772764,1,230,1788689964.7937527
1788690025.728637,60.920000,gate_sweep_poor_none_r14,9.748707020189613,-17.842994002625346,-0.41453444957733154,68.73436722572511,-64.10236419632565,-38.024563095066696,-99.2770682098344,-96.46658648227238,125.0403016325447,165.20095370799748,1,217,1788689964.808619
1788690025.777905,60.952000,gate_sweep_poor_none_r14,9.574472629930824,-17.637988356873393,-0.4155780076980591,68.6056181557425,-64.15287078812253,-37.84667994687334,-99.28752048034221,-95.66863553871174,124.97909181770031,164.27425369445425,1,79,1788689964.8258765
1788690025.828018,60.988000,gate_sweep_poor_none_r14,9.441106998827308,-17.482154158875346,-0.41571319103240967,68.43943290688193,-64.11703552200925,-37.75199153134599,-99.22073276061565,-94.88735306827068,124.83628691357268,163.32678597515263,1,221,1788689964.8399987
1788690025.881905,61.020000,gate_sweep_poor_none_r14,9.214243137743324,-17.21894004754722,-0.4143483340740204,68.04583287020702,-64.12729705765378,-37.72153117367998,-99.19961459655315,-94.15908761124423,124.73117730410198,162.20492048145124,1,81,1788689964.8618784
1788690025.931095,61.052000,gate_sweep_poor_none_r14,9.029325687792152,-17.005673674866557,-0.41193145513534546,67.64084469678984,-64.10156310989987,-37.693535110447556,-99.19164950866252,-93.47410075973654,124.63365197992282,161.11494545652639,1,230,1788689964.879063
1788690025.983423,61.084000,gate_sweep_poor_none_r14,8.841872417833656,-16.79037025384605,-0.40829527378082275,67.1701608850561,-64.09987701370846,-37.714348098728806,-99.22742373961955,-92.8570744573766,124.59346615988721,160.02723534243273,1,105,1788689964.8993971
1788690026.029217,61.120000,gate_sweep_poor_none_r14,8.604643070604652,-16.518901137635112,-0.40199214220046997,66.50987242582768,-64.1257406611694,-37.70774485776201,-99.26060397643596,-92.0746450480912,124.54597925970597,158.58451747391885,1,270,1788689964.9091976
1788690026.082537,61.152000,gate_sweep_poor_none_r14,8.412933552172035,-16.3001911919564,-0.3956429958343506,65.94215984118313,-64.18364776566159,-37.677597305271775,-99.28526980895549,-91.32326938154094,124.52475819052535,157.26542922272407,1,129,1788689964.930511
1788690026.129046,61.184000,gate_sweep_poor_none_r14,8.268338405992836,-16.135377196595073,-0.3904973268508911,65.50381695642558,-64.15178741409909,-37.63884379575029,-99.28024966735393,-90.86334366575072,124.4437897909934,156.3671606221763,1,282,1788689964.9450164
1788690026.177516,61.216000,gate_sweep_poor_none_r14,8.026114666368812,-15.85975387506187,-0.38045406341552734,64.76075164380585,-64.0729071040405,-37.55895640561357,-99.24645144958049,-90.53855206447774,124.27232101265766,155.2993037082836,1,140,1788689964.9614987
1788690026.227178,61.252000,gate_sweep_poor_none_r14,7.831606113817543,-15.638595847412944,-0.3713839650154114,64.16952771807013,-64.02545227005612,-37.490192672703415,-99.18944461364299,-90.18970442414177,124.12065997953086,154.3592321422119,1,261,1788689964.9751623
1788690026.276455,61.284000,gate_sweep_poor_none_r14,7.636727058794349,-15.417047766968608,-0.36148953437805176,63.590862546750756,-63.94923080399167,-37.387565872166306,-99.1692572357133,-89.9494244705694,123.97672356964603,153.54028701732014,1,127,1788689964.992428
1788690026.324921,61.316000,gate_sweep_poor_none_r14,7.441673958208412,-15.195212630555034,-0.3508640229701996,63.03311301460893,-63.81855453446042,-37.30172755429521,-99.18693454284221,-90.13796533209552,123.8357258738771,153.17107834670446,1,240,1788689965.0089004
1788690026.378403,61.348000,gate_sweep_poor_none_r14,7.197855675127357,-14.91757514886558,-0.33694469928741455,62.37950177755666,-63.75574935867917,-37.22611262509599,-99.22202975768596,-90.01453756053382,123.73497871915,152.39403933809047,1,125,1788689965.0303745
1788690026.426341,61.384000,gate_sweep_poor_none_r14,7.05168362846598,-14.750908164307475,-0.328254371881485,62.01433029330256,-63.640709533239715,-37.099899551365525,-99.17214877624065,-90.069150410916,123.55973182217609,152.08348070421854,1,239,1788689965.042325
1788690026.476244,61.416000,gate_sweep_poor_none_r14,6.856995308306068,-14.52853992395103,-0.3164469003677368,61.573264117432714,-63.558949126745574,-36.98537471005693,-99.17442233581096,-90.01915057874987,123.4326292618181,151.59241469618257,1,131,1788689965.0602272
1788690026.532428,61.448000,gate_sweep_poor_none_r14,6.6625849842093885,-14.305924681946635,-0.3047788739204407,61.195592167884584,-63.51773513748776,-36.77507426450029,-98.98918063659221,-89.8537930925835,123.16148410360877,151.04938526046809,1,255,1788689965.084405
