[INFO] [launch]: All log files can be found below /home/admin/.ros/log/2026-09-07-09-40-54-217355-T21-A15-38968
[INFO] [launch]: Default logging verbosity is set to INFO
[INFO] [component_container_mt-1]: process started with pid [39063]
[component_container_mt-1] [INFO] [1788748854.960287649] [nvblox_container]: Load Library: /workspaces/isaac_ros-dev/ros2_ws/install/nvblox_ros/lib/libnvblox_ros_lib.so
[component_container_mt-1] [INFO] [1788748854.987736839] [nvblox_container]: Found class: rclcpp_components::NodeFactoryTemplate<nvblox::NvbloxNode>
[component_container_mt-1] [INFO] [1788748854.987800561] [nvblox_container]: Instantiate class: rclcpp_components::NodeFactoryTemplate<nvblox::NvbloxNode>
[component_container_mt-1] [INFO] [1788748855.096698285] [nvblox_node]: Create nvblox cuda stream with type: kBlocking
[component_container_mt-1] WARNING: Logging before InitGoogleLogging() is written to STDERR
[component_container_mt-1] I0907 09:40:55.112108 39063 block_memory_pool_impl.h:65] Expanding the memory pool with 2048 blocks. Number of allocated blocks: 2048
[component_container_mt-1] I0907 09:40:55.118728 39063 gpu_hash_interface_impl.cuh:83] Creating a GPUHashImpl with requested capacity of 4096 blocks. Real capacity: 4096
[component_container_mt-1] I0907 09:40:55.121394 39063 layer_cake_impl.h:32] Adding Layer with type: N6nvblox15VoxelBlockLayerINS_9TsdfVoxelEEE, voxel_size: 0.05, and memory_type: kDevice to LayerCake.
[component_container_mt-1] I0907 09:40:55.130108 39063 block_memory_pool_impl.h:65] Expanding the memory pool with 2048 blocks. Number of allocated blocks: 2048
[component_container_mt-1] I0907 09:40:55.130373 39063 gpu_hash_interface_impl.cuh:83] Creating a GPUHashImpl with requested capacity of 4096 blocks. Real capacity: 4096
[component_container_mt-1] I0907 09:40:55.133193 39063 layer_cake_impl.h:32] Adding Layer with type: N6nvblox15VoxelBlockLayerINS_10ColorVoxelEEE, voxel_size: 0.05, and memory_type: kDevice to LayerCake.
[component_container_mt-1] I0907 09:40:55.139951 39063 block_memory_pool_impl.h:65] Expanding the memory pool with 2048 blocks. Number of allocated blocks: 2048
[component_container_mt-1] I0907 09:40:55.140154 39063 gpu_hash_interface_impl.cuh:83] Creating a GPUHashImpl with requested capacity of 4096 blocks. Real capacity: 4096
[component_container_mt-1] I0907 09:40:55.142499 39063 layer_cake_impl.h:32] Adding Layer with type: N6nvblox15VoxelBlockLayerINS_14FreespaceVoxelEEE, voxel_size: 0.05, and memory_type: kDevice to LayerCake.
[component_container_mt-1] I0907 09:40:55.146960 39063 block_memory_pool_impl.h:65] Expanding the memory pool with 2048 blocks. Number of allocated blocks: 2048
[component_container_mt-1] I0907 09:40:55.147210 39063 gpu_hash_interface_impl.cuh:83] Creating a GPUHashImpl with requested capacity of 4096 blocks. Real capacity: 4096
[component_container_mt-1] I0907 09:40:55.150038 39063 layer_cake_impl.h:32] Adding Layer with type: N6nvblox15VoxelBlockLayerINS_14OccupancyVoxelEEE, voxel_size: 0.05, and memory_type: kDevice to LayerCake.
[component_container_mt-1] I0907 09:40:55.156373 39063 block_memory_pool_impl.h:65] Expanding the memory pool with 2048 blocks. Number of allocated blocks: 2048
[component_container_mt-1] I0907 09:40:55.156643 39063 gpu_hash_interface_impl.cuh:83] Creating a GPUHashImpl with requested capacity of 4096 blocks. Real capacity: 4096
[component_container_mt-1] I0907 09:40:55.156694 39063 layer_cake_impl.h:32] Adding Layer with type: N6nvblox15VoxelBlockLayerINS_9EsdfVoxelEEE, voxel_size: 0.05, and memory_type: kDevice to LayerCake.
[component_container_mt-1] I0907 09:40:55.156932 39063 block_memory_pool_impl.h:65] Expanding the memory pool with 2048 blocks. Number of allocated blocks: 2048
[component_container_mt-1] I0907 09:40:55.157068 39063 gpu_hash_interface_impl.cuh:83] Creating a GPUHashImpl with requested capacity of 4096 blocks. Real capacity: 4096
[component_container_mt-1] I0907 09:40:55.157105 39063 layer_cake_impl.h:32] Adding Layer with type: N6nvblox10BlockLayerINS_9MeshBlockEEE, voxel_size: 0.05, and memory_type: kDevice to LayerCake.
[component_container_mt-1] I0907 09:40:55.157119 39063 layer_cake_streamer_impl.h:79] Adding Streamer with type: N6nvblox25LayerStreamerOldestBlocksINS_15VoxelBlockLayerINS_9TsdfVoxelEEEEE to LayerCake.
[component_container_mt-1] I0907 09:40:55.157122 39063 layer_cake_streamer_impl.h:79] Adding Streamer with type: N6nvblox25LayerStreamerOldestBlocksINS_15VoxelBlockLayerINS_10ColorVoxelEEEEE to LayerCake.
[component_container_mt-1] I0907 09:40:55.157127 39063 layer_cake_streamer_impl.h:79] Adding Streamer with type: N6nvblox25LayerStreamerOldestBlocksINS_15VoxelBlockLayerINS_14FreespaceVoxelEEEEE to LayerCake.
[component_container_mt-1] I0907 09:40:55.157131 39063 layer_cake_streamer_impl.h:79] Adding Streamer with type: N6nvblox25LayerStreamerOldestBlocksINS_15VoxelBlockLayerINS_14OccupancyVoxelEEEEE to LayerCake.
[component_container_mt-1] I0907 09:40:55.157137 39063 layer_cake_streamer_impl.h:79] Adding Streamer with type: N6nvblox25LayerStreamerOldestBlocksINS_15VoxelBlockLayerINS_9EsdfVoxelEEEEE to LayerCake.
[component_container_mt-1] I0907 09:40:55.157142 39063 layer_cake_streamer_impl.h:79] Adding Streamer with type: N6nvblox25LayerStreamerOldestBlocksINS_10BlockLayerINS_9MeshBlockEEEEE to LayerCake.
[component_container_mt-1] I0907 09:40:55.162848 39063 block_memory_pool_impl.h:65] Expanding the memory pool with 2048 blocks. Number of allocated blocks: 2048
[component_container_mt-1] I0907 09:40:55.162983 39063 gpu_hash_interface_impl.cuh:83] Creating a GPUHashImpl with requested capacity of 4096 blocks. Real capacity: 4096
[component_container_mt-1] I0907 09:40:55.163017 39063 layer_cake_impl.h:32] Adding Layer with type: N6nvblox15VoxelBlockLayerINS_9TsdfVoxelEEE, voxel_size: 0.05, and memory_type: kDevice to LayerCake.
[component_container_mt-1] I0907 09:40:55.169376 39063 block_memory_pool_impl.h:65] Expanding the memory pool with 2048 blocks. Number of allocated blocks: 2048
[component_container_mt-1] I0907 09:40:55.169732 39063 gpu_hash_interface_impl.cuh:83] Creating a GPUHashImpl with requested capacity of 4096 blocks. Real capacity: 4096
[component_container_mt-1] I0907 09:40:55.169775 39063 layer_cake_impl.h:32] Adding Layer with type: N6nvblox15VoxelBlockLayerINS_10ColorVoxelEEE, voxel_size: 0.05, and memory_type: kDevice to LayerCake.
[component_container_mt-1] I0907 09:40:55.175704 39063 block_memory_pool_impl.h:65] Expanding the memory pool with 2048 blocks. Number of allocated blocks: 2048
[component_container_mt-1] I0907 09:40:55.175918 39063 gpu_hash_interface_impl.cuh:83] Creating a GPUHashImpl with requested capacity of 4096 blocks. Real capacity: 4096
[component_container_mt-1] I0907 09:40:55.175961 39063 layer_cake_impl.h:32] Adding Layer with type: N6nvblox15VoxelBlockLayerINS_14FreespaceVoxelEEE, voxel_size: 0.05, and memory_type: kDevice to LayerCake.
[component_container_mt-1] I0907 09:40:55.181145 39063 block_memory_pool_impl.h:65] Expanding the memory pool with 2048 blocks. Number of allocated blocks: 2048
[component_container_mt-1] I0907 09:40:55.181335 39063 gpu_hash_interface_impl.cuh:83] Creating a GPUHashImpl with requested capacity of 4096 blocks. Real capacity: 4096
[component_container_mt-1] I0907 09:40:55.181371 39063 layer_cake_impl.h:32] Adding Layer with type: N6nvblox15VoxelBlockLayerINS_14OccupancyVoxelEEE, voxel_size: 0.05, and memory_type: kDevice to LayerCake.
[component_container_mt-1] I0907 09:40:55.187115 39063 block_memory_pool_impl.h:65] Expanding the memory pool with 2048 blocks. Number of allocated blocks: 2048
[component_container_mt-1] I0907 09:40:55.187288 39063 gpu_hash_interface_impl.cuh:83] Creating a GPUHashImpl with requested capacity of 4096 blocks. Real capacity: 4096
[component_container_mt-1] I0907 09:40:55.187322 39063 layer_cake_impl.h:32] Adding Layer with type: N6nvblox15VoxelBlockLayerINS_9EsdfVoxelEEE, voxel_size: 0.05, and memory_type: kDevice to LayerCake.
[component_container_mt-1] I0907 09:40:55.187570 39063 block_memory_pool_impl.h:65] Expanding the memory pool with 2048 blocks. Number of allocated blocks: 2048
[component_container_mt-1] I0907 09:40:55.187691 39063 gpu_hash_interface_impl.cuh:83] Creating a GPUHashImpl with requested capacity of 4096 blocks. Real capacity: 4096
[component_container_mt-1] I0907 09:40:55.187719 39063 layer_cake_impl.h:32] Adding Layer with type: N6nvblox10BlockLayerINS_9MeshBlockEEE, voxel_size: 0.05, and memory_type: kDevice to LayerCake.
[component_container_mt-1] I0907 09:40:55.187726 39063 layer_cake_streamer_impl.h:79] Adding Streamer with type: N6nvblox25LayerStreamerOldestBlocksINS_15VoxelBlockLayerINS_9TsdfVoxelEEEEE to LayerCake.
[component_container_mt-1] I0907 09:40:55.187728 39063 layer_cake_streamer_impl.h:79] Adding Streamer with type: N6nvblox25LayerStreamerOldestBlocksINS_15VoxelBlockLayerINS_10ColorVoxelEEEEE to LayerCake.
[component_container_mt-1] I0907 09:40:55.187731 39063 layer_cake_streamer_impl.h:79] Adding Streamer with type: N6nvblox25LayerStreamerOldestBlocksINS_15VoxelBlockLayerINS_14FreespaceVoxelEEEEE to LayerCake.
[component_container_mt-1] I0907 09:40:55.187736 39063 layer_cake_streamer_impl.h:79] Adding Streamer with type: N6nvblox25LayerStreamerOldestBlocksINS_15VoxelBlockLayerINS_14OccupancyVoxelEEEEE to LayerCake.
[component_container_mt-1] I0907 09:40:55.187738 39063 layer_cake_streamer_impl.h:79] Adding Streamer with type: N6nvblox25LayerStreamerOldestBlocksINS_15VoxelBlockLayerINS_9EsdfVoxelEEEEE to LayerCake.
[component_container_mt-1] I0907 09:40:55.187741 39063 layer_cake_streamer_impl.h:79] Adding Streamer with type: N6nvblox25LayerStreamerOldestBlocksINS_10BlockLayerINS_9MeshBlockEEEEE to LayerCake.
[component_container_mt-1] [INFO] [1788748855.188889300] [nvblox_node]: Initialize Mapper:
[component_container_mt-1] [INFO] [1788748855.188927733] [nvblox_node]: static_mapper.do_depth_preprocessing: 0
[component_container_mt-1] [INFO] [1788748855.188939015] [nvblox_node]: static_mapper.depth_preprocessing_num_dilations: 3
[component_container_mt-1] [INFO] [1788748855.188951128] [nvblox_node]: static_mapper.esdf_slice_min_height: 0
[component_container_mt-1] [INFO] [1788748855.188956579] [nvblox_node]: static_mapper.esdf_slice_max_height: 1
[component_container_mt-1] [INFO] [1788748855.188961348] [nvblox_node]: static_mapper.esdf_slice_height: 1
[component_container_mt-1] [INFO] [1788748855.188966237] [nvblox_node]: static_mapper.exclude_last_view_from_decay: 1
[component_container_mt-1] [INFO] [1788748855.188971116] [nvblox_node]: static_mapper.projective_integrator_max_integration_distance_m: 5
[component_container_mt-1] [INFO] [1788748855.188976897] [nvblox_node]: static_mapper.lidar_projective_integrator_max_integration_distance_m: 10
[component_container_mt-1] [INFO] [1788748855.188982228] [nvblox_node]: static_mapper.projective_integrator_truncation_distance_vox: 4
[component_container_mt-1] [INFO] [1788748855.188990634] [nvblox_node]: static_mapper.projective_integrator_weighting_mode: inverse_square_tsdf_distance_penalty
[component_container_mt-1] [INFO] [1788748855.188997507] [nvblox_node]: static_mapper.projective_integrator_max_weight: 5
[component_container_mt-1] [INFO] [1788748855.189005532] [nvblox_node]: static_mapper.projective_tsdf_integrator_invalid_depth_decay_factor: -1
[component_container_mt-1] [INFO] [1788748855.189010893] [nvblox_node]: static_mapper.free_region_occupancy_probability: 0.45
[component_container_mt-1] [INFO] [1788748855.189015892] [nvblox_node]: static_mapper.occupied_region_occupancy_probability: 0.55
[component_container_mt-1] [INFO] [1788748855.189020802] [nvblox_node]: static_mapper.unobserved_region_occupancy_probability: 0.5
[component_container_mt-1] [INFO] [1788748855.189025400] [nvblox_node]: static_mapper.occupied_region_half_width_m: 0.1
[component_container_mt-1] [INFO] [1788748855.189030119] [nvblox_node]: static_mapper.raycast_subsampling_factor: 4
[component_container_mt-1] [INFO] [1788748855.189034598] [nvblox_node]: static_mapper.workspace_bounds_type: unbounded
[component_container_mt-1] [INFO] [1788748855.189041371] [nvblox_node]: static_mapper.workspace_bounds_min_height_m: -0.5
[component_container_mt-1] [INFO] [1788748855.189046070] [nvblox_node]: static_mapper.workspace_bounds_max_height_m: 2
[component_container_mt-1] [INFO] [1788748855.189050659] [nvblox_node]: static_mapper.workspace_bounds_min_corner_x_m: 0
[component_container_mt-1] [INFO] [1788748855.189055518] [nvblox_node]: static_mapper.workspace_bounds_max_corner_x_m: 0
[component_container_mt-1] [INFO] [1788748855.189060067] [nvblox_node]: static_mapper.workspace_bounds_min_corner_y_m: 0
[component_container_mt-1] [INFO] [1788748855.189064626] [nvblox_node]: static_mapper.workspace_bounds_max_corner_y_m: 0
[component_container_mt-1] [INFO] [1788748855.189069385] [nvblox_node]: static_mapper.esdf_integrator_min_weight: 0.1
[component_container_mt-1] [INFO] [1788748855.189074014] [nvblox_node]: static_mapper.esdf_integrator_max_site_distance_vox: 2
[component_container_mt-1] [INFO] [1788748855.189078562] [nvblox_node]: static_mapper.esdf_integrator_max_distance_m: 2
[component_container_mt-1] [INFO] [1788748855.189085776] [nvblox_node]: static_mapper.mesh_integrator_min_weight: 0.1
[component_container_mt-1] [INFO] [1788748855.189090435] [nvblox_node]: static_mapper.mesh_integrator_weld_vertices: 1
[component_container_mt-1] [INFO] [1788748855.189094954] [nvblox_node]: static_mapper.decay_integrator_deallocate_decayed_blocks: 1
[component_container_mt-1] [INFO] [1788748855.189099743] [nvblox_node]: static_mapper.tsdf_decay_factor: 0.95
[component_container_mt-1] [INFO] [1788748855.189104963] [nvblox_node]: static_mapper.tsdf_decayed_weight_threshold: 0.001
[component_container_mt-1] [INFO] [1788748855.189109572] [nvblox_node]: static_mapper.tsdf_set_free_distance_on_decayed: 0
[component_container_mt-1] [INFO] [1788748855.189114110] [nvblox_node]: static_mapper.tsdf_decayed_free_distance_vox: 4
[component_container_mt-1] [INFO] [1788748855.189119080] [nvblox_node]: static_mapper.free_region_decay_probability: 0.55
[component_container_mt-1] [INFO] [1788748855.189123969] [nvblox_node]: static_mapper.occupied_region_decay_probability: 0.4
[component_container_mt-1] [INFO] [1788748855.189128368] [nvblox_node]: static_mapper.occupancy_decay_to_free: 0
[component_container_mt-1] [INFO] [1788748855.189157163] [nvblox_node]: static_mapper.max_tsdf_distance_for_occupancy_m: 0.15
[component_container_mt-1] [INFO] [1788748855.189168885] [nvblox_node]: static_mapper.max_unobserved_to_keep_consecutive_occupancy_ms: 200
[component_container_mt-1] [INFO] [1788748855.189173745] [nvblox_node]: static_mapper.min_duration_since_occupied_for_freespace_ms: 1000
[component_container_mt-1] [INFO] [1788748855.189178093] [nvblox_node]: static_mapper.min_consecutive_occupancy_duration_for_reset_ms: 2000
[component_container_mt-1] [INFO] [1788748855.189182802] [nvblox_node]: static_mapper.check_neighborhood: 1
[component_container_mt-1] [INFO] [1788748855.189189525] [nvblox_node]: Initialize Mapper:
[component_container_mt-1] [INFO] [1788748855.189194524] [nvblox_node]: dynamic_mapper.do_depth_preprocessing: 0
[component_container_mt-1] [INFO] [1788748855.189199013] [nvblox_node]: dynamic_mapper.depth_preprocessing_num_dilations: 4
[component_container_mt-1] [INFO] [1788748855.189203862] [nvblox_node]: dynamic_mapper.esdf_slice_min_height: 0
[component_container_mt-1] [INFO] [1788748855.189208461] [nvblox_node]: dynamic_mapper.esdf_slice_max_height: 1
[component_container_mt-1] [INFO] [1788748855.189212980] [nvblox_node]: dynamic_mapper.esdf_slice_height: 1
[component_container_mt-1] [INFO] [1788748855.189217348] [nvblox_node]: dynamic_mapper.exclude_last_view_from_decay: 0
[component_container_mt-1] [INFO] [1788748855.189221967] [nvblox_node]: dynamic_mapper.projective_integrator_max_integration_distance_m: 7
[component_container_mt-1] [INFO] [1788748855.189226916] [nvblox_node]: dynamic_mapper.lidar_projective_integrator_max_integration_distance_m: 10
[component_container_mt-1] [INFO] [1788748855.189231656] [nvblox_node]: dynamic_mapper.projective_integrator_truncation_distance_vox: 4
[component_container_mt-1] [INFO] [1788748855.189236264] [nvblox_node]: dynamic_mapper.projective_integrator_weighting_mode: kInverseSquareWeight
[component_container_mt-1] [WARN] [1788748855.189241054] [nvblox_node]: Requested weighting function: "kInverseSquareWeight" not recognized. Defaulting to: kInverseSquareWeight
[component_container_mt-1] [INFO] [1788748855.189246905] [nvblox_node]: dynamic_mapper.projective_integrator_max_weight: 5
[component_container_mt-1] [INFO] [1788748855.189254048] [nvblox_node]: dynamic_mapper.projective_tsdf_integrator_invalid_depth_decay_factor: -1
[component_container_mt-1] [INFO] [1788748855.189258948] [nvblox_node]: dynamic_mapper.free_region_occupancy_probability: 0.3
[component_container_mt-1] [INFO] [1788748855.189263587] [nvblox_node]: dynamic_mapper.occupied_region_occupancy_probability: 0.7
[component_container_mt-1] [INFO] [1788748855.189268526] [nvblox_node]: dynamic_mapper.unobserved_region_occupancy_probability: 0.5
[component_container_mt-1] [INFO] [1788748855.189273095] [nvblox_node]: dynamic_mapper.occupied_region_half_width_m: 0.1
[component_container_mt-1] [INFO] [1788748855.189277614] [nvblox_node]: dynamic_mapper.raycast_subsampling_factor: 4
[component_container_mt-1] [INFO] [1788748855.189282152] [nvblox_node]: dynamic_mapper.workspace_bounds_type: kUnbounded
[component_container_mt-1] [WARN] [1788748855.189286741] [nvblox_node]: Requested workspace bounds type: "kUnbounded" not recognized. Defaulting to: kUnbounded
[component_container_mt-1] [INFO] [1788748855.189292282] [nvblox_node]: dynamic_mapper.workspace_bounds_min_height_m: 0
[component_container_mt-1] [INFO] [1788748855.189297041] [nvblox_node]: dynamic_mapper.workspace_bounds_max_height_m: 1
[component_container_mt-1] [INFO] [1788748855.189301640] [nvblox_node]: dynamic_mapper.workspace_bounds_min_corner_x_m: 0
[component_container_mt-1] [INFO] [1788748855.189307671] [nvblox_node]: dynamic_mapper.workspace_bounds_max_corner_x_m: 0
[component_container_mt-1] [INFO] [1788748855.189312500] [nvblox_node]: dynamic_mapper.workspace_bounds_min_corner_y_m: 2
[component_container_mt-1] [INFO] [1788748855.189316969] [nvblox_node]: dynamic_mapper.workspace_bounds_max_corner_y_m: 2
[component_container_mt-1] [INFO] [1788748855.189324473] [nvblox_node]: dynamic_mapper.esdf_integrator_min_weight: 0.0001
[component_container_mt-1] [INFO] [1788748855.189329243] [nvblox_node]: dynamic_mapper.esdf_integrator_max_site_distance_vox: 1
[component_container_mt-1] [INFO] [1788748855.189333811] [nvblox_node]: dynamic_mapper.esdf_integrator_max_distance_m: 2
[component_container_mt-1] [INFO] [1788748855.189338661] [nvblox_node]: dynamic_mapper.mesh_integrator_min_weight: 0.0001
[component_container_mt-1] [INFO] [1788748855.189343179] [nvblox_node]: dynamic_mapper.mesh_integrator_weld_vertices: 1
[component_container_mt-1] [INFO] [1788748855.189347608] [nvblox_node]: dynamic_mapper.decay_integrator_deallocate_decayed_blocks: 1
[component_container_mt-1] [INFO] [1788748855.189352377] [nvblox_node]: dynamic_mapper.tsdf_decay_factor: 0.95
[component_container_mt-1] [INFO] [1788748855.189357036] [nvblox_node]: dynamic_mapper.tsdf_decayed_weight_threshold: 0.001
[component_container_mt-1] [INFO] [1788748855.189361564] [nvblox_node]: dynamic_mapper.tsdf_set_free_distance_on_decayed: 0
[component_container_mt-1] [INFO] [1788748855.189366073] [nvblox_node]: dynamic_mapper.tsdf_decayed_free_distance_vox: 4
[component_container_mt-1] [INFO] [1788748855.189377936] [nvblox_node]: dynamic_mapper.free_region_decay_probability: 0.55
[component_container_mt-1] [INFO] [1788748855.189383086] [nvblox_node]: dynamic_mapper.occupied_region_decay_probability: 0.4
[component_container_mt-1] [INFO] [1788748855.189387524] [nvblox_node]: dynamic_mapper.occupancy_decay_to_free: 0
[component_container_mt-1] [INFO] [1788748855.189392163] [nvblox_node]: dynamic_mapper.max_tsdf_distance_for_occupancy_m: 0.15
[component_container_mt-1] [INFO] [1788748855.189396491] [nvblox_node]: dynamic_mapper.max_unobserved_to_keep_consecutive_occupancy_ms: 200
[component_container_mt-1] [INFO] [1788748855.189403365] [nvblox_node]: dynamic_mapper.min_duration_since_occupied_for_freespace_ms: 1000
[component_container_mt-1] [INFO] [1788748855.189407803] [nvblox_node]: dynamic_mapper.min_consecutive_occupancy_duration_for_reset_ms: 2000
[component_container_mt-1] [INFO] [1788748855.189412091] [nvblox_node]: dynamic_mapper.check_neighborhood: 1
[component_container_mt-1] [INFO] [1788748855.189417532] [nvblox_node]: Initialize MultiMapper:
[component_container_mt-1] [INFO] [1788748855.189422281] [nvblox_node]: multi_mapper.connected_mask_component_size_threshold: 2000
[component_container_mt-1] [INFO] [1788748855.189427090] [nvblox_node]: multi_mapper.remove_small_connected_components: 1
[component_container_mt-1] [INFO] [1788748855.189519186] [nvblox_node]: NvbloxNode::subscribeToTopics()
[component_container_mt-1] [INFO] [1788748855.189598809] [nvblox_node]: Subscribing input topics with QoS: SYSTEM_DEFAULT
[component_container_mt-1] [INFO] [1788748855.190833635] [NitrosContext]: [NitrosContext] Loading extension: gxf/lib/std/libgxf_std.so
[component_container_mt-1] [INFO] [1788748855.191901070] [NitrosContext]: [NitrosContext] Loading extension: gxf/lib/libgxf_isaac_gxf_helpers.so
[component_container_mt-1] [INFO] [1788748855.194472828] [NitrosContext]: [NitrosContext] Loading extension: gxf/lib/libgxf_isaac_sight.so
[component_container_mt-1] [INFO] [1788748855.197262753] [NitrosContext]: [NitrosContext] Loading extension: gxf/lib/libgxf_isaac_atlas.so
[component_container_mt-1] [33m2026-09-07 09:40:55.203 WARN  external/com_nvidia_gxf/gxf/std/program.cpp@538: No GXF scheduler specified.[0m
[component_container_mt-1] [INFO] [1788748855.203438165] [NitrosContext]: [NitrosContext] Loading extension: gxf/lib/multimedia/libgxf_multimedia.so
[component_container_mt-1] [INFO] [1788748855.206338281] [nvblox_node.ManagedNitrosSubscriber]: Starting Managed Nitros Subscriber
[component_container_mt-1] [INFO] [1788748855.206796960] [nvblox_node]: NvbloxNode::setupTimers()
[component_container_mt-1] [INFO] [1788748855.206833390] [nvblox_node]: NvbloxNode::advertiseTopics()
[component_container_mt-1] [INFO] [1788748855.208874320] [nvblox_node]: NvbloxNode::advertiseServices()
[component_container_mt-1] [INFO] [1788748855.210331973] [nvblox_node]: Started up nvblox node in frame map and voxel size 0.05
[component_container_mt-1] [INFO] [1788748855.210355178] [nvblox_node]: Mapping type: kStaticTsdf
[component_container_mt-1] [INFO] [1788748855.210959475] [nvblox_node]: nvblox parameters:
[component_container_mt-1] nvblox_node
[component_container_mt-1]     cuda_stream_type: kBlocking
[component_container_mt-1]     global_frame: map
[component_container_mt-1]     voxel_size: 0.050000
[component_container_mt-1]     max_back_projection_distance: 7.000000
[component_container_mt-1]     layer_visualization_min_tsdf_weight: 0.100000
[component_container_mt-1]     layer_visualization_exclusion_height_m: 2.000000
[component_container_mt-1]     layer_visualization_exclusion_radius_m: 7.000000
[INFO] [launch_ros.actions.load_composable_nodes]: Loaded node '/nvblox_node' in container '/nvblox_container'
[component_container_mt-1]     layer_streamer_bandwidth_limit_mbps: -1.000000
[component_container_mt-1]     distance_map_unknown_value_optimistic: 1000.000000
[component_container_mt-1]     distance_map_unknown_value_pessimistic: -1000.000000
[component_container_mt-1]     esdf_mode: 3d
[component_container_mt-1]     mapping_type: static_tsdf
[component_container_mt-1]     pose_frame: camera_link_optical_gt
[component_container_mt-1]     map_clearing_frame_id: base_link_gt
[component_container_mt-1]     after_shutdown_map_save_path: 
[component_container_mt-1]     esdf_slice_bounds_visualization_attachment_frame_id: base_link
[component_container_mt-1]     workspace_height_bounds_visualization_attachment_frame_id: base_link
[component_container_mt-1]     publish_esdf_distance_slice: 1
[component_container_mt-1]     use_color: 0
[component_container_mt-1]     use_depth: 1
[component_container_mt-1]     use_segmentation: 0
[component_container_mt-1]     use_lidar: 0
[component_container_mt-1]     use_non_equal_vertical_fov_lidar_params: 0
[component_container_mt-1]     print_timings_to_console: 0
[component_container_mt-1]     print_rates_to_console: 0
[component_container_mt-1]     print_queue_drops_to_console: 0
[component_container_mt-1]     print_delays_to_console: 0
[component_container_mt-1]     layer_visualization_undo_gamma_correction: 0
[component_container_mt-1]     output_pessimistic_distance_map: 1
[component_container_mt-1]     num_cameras: 1
[component_container_mt-1]     lidar_width: 1800
[component_container_mt-1]     lidar_height: 31
[component_container_mt-1]     tick_period_ms: 10
[component_container_mt-1]     print_statistics_on_console_period_ms: 10000
[component_container_mt-1]     maximum_input_queue_length: 10
[component_container_mt-1]     back_projection_subsampling: 1
[component_container_mt-1]     lidar_vertical_fov_rad: 0.523599
[component_container_mt-1]     lidar_min_valid_range_m: 0.100000
[component_container_mt-1]     lidar_max_valid_range_m: 50.000000
[component_container_mt-1]     min_angle_below_zero_elevation_rad: 0.349066
[component_container_mt-1]     max_angle_above_zero_elevation_rad: 0.261799
[component_container_mt-1]     esdf_slice_bounds_visualization_side_length: 10.000000
[component_container_mt-1]     workspace_height_bounds_visualization_side_length: 10.000000
[component_container_mt-1]     integrate_depth_rate_hz: 640.000000
[component_container_mt-1]     integrate_color_rate_hz: 5.000000
[component_container_mt-1]     integrate_lidar_rate_hz: 40.000000
[component_container_mt-1]     update_mesh_rate_hz: 5.000000
[component_container_mt-1]     update_esdf_rate_hz: 10.000000
[component_container_mt-1]     publish_layer_rate_hz: 2.000000
[component_container_mt-1]     publish_debug_vis_rate_hz: 2.000000
[component_container_mt-1]     decay_tsdf_rate_hz: 5.000000
[component_container_mt-1]     decay_dynamic_occupancy_rate_hz: 10.000000
[component_container_mt-1]     clear_map_outside_radius_rate_hz: 1.000000
[component_container_mt-1]     map_clearing_radius_m: 7.000000
[component_container_mt-1]     esdf_and_gradients_unobserved_value: -1000.000000
[component_container_mt-1]     multi_mapper
[component_container_mt-1]         connected_mask_component_size_threshold: 2000
[component_container_mt-1]         background_mapper
[component_container_mt-1]             voxel_size_m: 0.050000
[component_container_mt-1]             memory_type: kDevice
[component_container_mt-1]             projective_layer_type: kTsdf
[component_container_mt-1]             esdf_mode: kUnset
[component_container_mt-1]             do_depth_preprocessing: 0
[component_container_mt-1]             depth_preprocessing_num_dilations: 3
[component_container_mt-1]             exclude_last_view_from_decay: 1
[component_container_mt-1]             camera_tsdf_integrator
[component_container_mt-1]                 max_weight:: 5.000000
[component_container_mt-1]                 marked_unobserved_voxels_distance_m:: -1.000000
[component_container_mt-1]                 marked_unobserved_voxels_weight:: 0.100000
[component_container_mt-1]                 weighting_function_type:: kInverseSquareTsdfDistancePenalty
[component_container_mt-1]                 invalid_depth_decay_factor:: -1.000000
[component_container_mt-1]                 projective_integrator
[component_container_mt-1]                     lidar_linear_interpolation_max_allowable_difference_vox:: 2.000000
[component_container_mt-1]                     lidar_nearest_interpolation_max_allowable_dist_to_ray_vox:: 0.500000
[component_container_mt-1]                     truncation_distance_vox:: 4.000000
[component_container_mt-1]                     max_integration_distance_m:: 5.000000
[component_container_mt-1]                     view_calculator
[component_container_mt-1]                         raycast_subsampling_factor: 4
[component_container_mt-1]                         workspace_bounds_type: kUnbounded
[component_container_mt-1]                         workspace_bounds_min_height_m: -0.500000
[component_container_mt-1]                         workspace_bounds_max_height_m: 2.000000
[component_container_mt-1]                         workspace_bounds_min_corner_x_m: 0.000000
[component_container_mt-1]                         workspace_bounds_max_corner_x_m: 0.000000
[component_container_mt-1]                         workspace_bounds_min_corner_y_m: 0.000000
[component_container_mt-1]                         workspace_bounds_max_corner_y_m: 0.000000
[component_container_mt-1]             lidar_tsdf_integrator
[component_container_mt-1]                 max_weight:: 5.000000
[component_container_mt-1]                 marked_unobserved_voxels_distance_m:: -1.000000
[component_container_mt-1]                 marked_unobserved_voxels_weight:: 0.100000
[component_container_mt-1]                 weighting_function_type:: kInverseSquareWeight
[component_container_mt-1]                 invalid_depth_decay_factor:: -1.000000
[component_container_mt-1]                 projective_integrator
[component_container_mt-1]                     lidar_linear_interpolation_max_allowable_difference_vox:: 2.000000
[component_container_mt-1]                     lidar_nearest_interpolation_max_allowable_dist_to_ray_vox:: 0.500000
[component_container_mt-1]                     truncation_distance_vox:: 4.000000
[component_container_mt-1]                     max_integration_distance_m:: 10.000000
[component_container_mt-1]                     view_calculator
[component_container_mt-1]                         raycast_subsampling_factor: 4
[component_container_mt-1]                         workspace_bounds_type: kUnbounded
[component_container_mt-1]                         workspace_bounds_min_height_m: 0.000000
[component_container_mt-1]                         workspace_bounds_max_height_m: 1.000000
[component_container_mt-1]                         workspace_bounds_min_corner_x_m: 0.000000
[component_container_mt-1]                         workspace_bounds_max_corner_x_m: 0.000000
[component_container_mt-1]                         workspace_bounds_min_corner_y_m: 2.000000
[component_container_mt-1]                         workspace_bounds_max_corner_y_m: 2.000000
[component_container_mt-1]             projective_color_integrator
[component_container_mt-1]                 sphere_tracing_ray_subsampling_factor:: 4
[component_container_mt-1]                 max_weight:: 5.000000
[component_container_mt-1]                 weighting_function_type:: kInverseSquareTsdfDistancePenalty
[component_container_mt-1]                 projective_integrator
[component_container_mt-1]                     lidar_linear_interpolation_max_allowable_difference_vox:: 2.000000
[component_container_mt-1]                     lidar_nearest_interpolation_max_allowable_dist_to_ray_vox:: 0.500000
[component_container_mt-1]                     truncation_distance_vox:: 4.000000
[component_container_mt-1]                     max_integration_distance_m:: 5.000000
[component_container_mt-1]                     view_calculator
[component_container_mt-1]                         raycast_subsampling_factor: 4
[component_container_mt-1]                         workspace_bounds_type: kUnbounded
[component_container_mt-1]                         workspace_bounds_min_height_m: 0.000000
[component_container_mt-1]                         workspace_bounds_max_height_m: 1.000000
[component_container_mt-1]                         workspace_bounds_min_corner_x_m: 0.000000
[component_container_mt-1]                         workspace_bounds_max_corner_x_m: 0.000000
[component_container_mt-1]                         workspace_bounds_min_corner_y_m: 2.000000
[component_container_mt-1]                         workspace_bounds_max_corner_y_m: 2.000000
[component_container_mt-1]                 view_calculator
[component_container_mt-1]                     raycast_subsampling_factor: 4
[component_container_mt-1]                     workspace_bounds_type: kUnbounded
[component_container_mt-1]                     workspace_bounds_min_height_m: -0.500000
[component_container_mt-1]                     workspace_bounds_max_height_m: 2.000000
[component_container_mt-1]                     workspace_bounds_min_corner_x_m: 0.000000
[component_container_mt-1]                     workspace_bounds_max_corner_x_m: 0.000000
[component_container_mt-1]                     workspace_bounds_min_corner_y_m: 0.000000
[component_container_mt-1]                     workspace_bounds_max_corner_y_m: 0.000000
[component_container_mt-1]             camera_occupancy_integrator
[component_container_mt-1]                 free_region_log_odds:: -0.200671
[component_container_mt-1]                 occupied_region_log_odds:: 0.200671
[component_container_mt-1]                 unobserved_region_log_odds:: 0.000000
[component_container_mt-1]                 occupied_region_half_width_m:: 0.100000
[component_container_mt-1]                 projective_integrator
[component_container_mt-1]                     lidar_linear_interpolation_max_allowable_difference_vox:: 2.000000
[component_container_mt-1]                     lidar_nearest_interpolation_max_allowable_dist_to_ray_vox:: 0.500000
[component_container_mt-1]                     truncation_distance_vox:: 4.000000
[component_container_mt-1]                     max_integration_distance_m:: 5.000000
[component_container_mt-1]                     view_calculator
[component_container_mt-1]                         raycast_subsampling_factor: 4
[component_container_mt-1]                         workspace_bounds_type: kUnbounded
[component_container_mt-1]                         workspace_bounds_min_height_m: 0.000000
[component_container_mt-1]                         workspace_bounds_max_height_m: 1.000000
[component_container_mt-1]                         workspace_bounds_min_corner_x_m: 0.000000
[component_container_mt-1]                         workspace_bounds_max_corner_x_m: 0.000000
[component_container_mt-1]                         workspace_bounds_min_corner_y_m: 2.000000
[component_container_mt-1]                         workspace_bounds_max_corner_y_m: 2.000000
[component_container_mt-1]             lidar_occupancy_integrator
[component_container_mt-1]                 free_region_log_odds:: -0.200671
[component_container_mt-1]                 occupied_region_log_odds:: 0.200671
[component_container_mt-1]                 unobserved_region_log_odds:: 0.000000
[component_container_mt-1]                 occupied_region_half_width_m:: 0.100000
[component_container_mt-1]                 projective_integrator
[component_container_mt-1]                     lidar_linear_interpolation_max_allowable_difference_vox:: 2.000000
[component_container_mt-1]                     lidar_nearest_interpolation_max_allowable_dist_to_ray_vox:: 0.500000
[component_container_mt-1]                     truncation_distance_vox:: 4.000000
[component_container_mt-1]                     max_integration_distance_m:: 10.000000
[component_container_mt-1]                     view_calculator
[component_container_mt-1]                         raycast_subsampling_factor: 4
[component_container_mt-1]                         workspace_bounds_type: kUnbounded
[component_container_mt-1]                         workspace_bounds_min_height_m: 0.000000
[component_container_mt-1]                         workspace_bounds_max_height_m: 1.000000
[component_container_mt-1]                         workspace_bounds_min_corner_x_m: 0.000000
[component_container_mt-1]                         workspace_bounds_max_corner_x_m: 0.000000
[component_container_mt-1]                         workspace_bounds_min_corner_y_m: 2.000000
[component_container_mt-1]                         workspace_bounds_max_corner_y_m: 2.000000
[component_container_mt-1]             esdf_integrator
[component_container_mt-1]                 max_esdf_distance_m:: 2.000000
[component_container_mt-1]                 max_tsdf_site_distance_vox:: 2.000000
[component_container_mt-1]                 tsdf_min_weight:: 0.100000
[component_container_mt-1]                 occupied_threshold_log_odds:: 0.000000
[component_container_mt-1]                 esdf_slice_min_height:: 0.000000
[component_container_mt-1]                 esdf_slice_max_height:: 1.000000
[component_container_mt-1]                 esdf_slice_height:: 1.000000
[component_container_mt-1]                 slice_height_above_plane_m:: 0.000000
[component_container_mt-1]                 slice_height_thickness_m:: 0.100000
[component_container_mt-1]             mesh_integrator
[component_container_mt-1]                 min_weight:: 0.100000
[component_container_mt-1]                 cutoff_distance_vox:: 5.000000
[component_container_mt-1]                 weld_vertices:: 1
[component_container_mt-1]             occupancy_decay_integrator
[component_container_mt-1]                 free_space_decay_log_odds:: 0.200671
[component_container_mt-1]                 occupied_space_decay_log_odds:: -0.405465
[component_container_mt-1]                 decay_to_log_odds_:: 0.000000
[component_container_mt-1]                 decay_integrator
[component_container_mt-1]                     deallocate_decayed_blocks:: 1
[component_container_mt-1]             tsdf_decay_integrator
[component_container_mt-1]                 decay_factor:: 0.950000
[component_container_mt-1]                 decayed_weight_theshold:: 0.001000
[component_container_mt-1]                 set_free_distance_on_decayed:: 0
[component_container_mt-1]                 free_distance_vox:: 4.000000
[component_container_mt-1]                 decay_integrator
[component_container_mt-1]                     deallocate_decayed_blocks:: 1
[component_container_mt-1]             freespace_integrator
[component_container_mt-1]                 max_tsdf_distance_for_occupancy_m:: 0.150000
[component_container_mt-1]                 max_unobserved_to_keep_consecutive_occupancy_ms:: 200
[component_container_mt-1]                 min_duration_since_occupied_for_freespace_ms:: 1000
[component_container_mt-1]                 min_consecutive_occupancy_duration_for_reset_ms:: 2000
[component_container_mt-1]                 check_neighborhood:: 1
[component_container_mt-1]         foreground_mapper
[component_container_mt-1]             voxel_size_m: 0.050000
[component_container_mt-1]             memory_type: kDevice
[component_container_mt-1]             projective_layer_type: kNone
[component_container_mt-1]             esdf_mode: kUnset
[component_container_mt-1]             do_depth_preprocessing: 0
[component_container_mt-1]             depth_preprocessing_num_dilations: 4
[component_container_mt-1]             exclude_last_view_from_decay: 0
[component_container_mt-1]             camera_tsdf_integrator
[component_container_mt-1]                 max_weight:: 5.000000
[component_container_mt-1]                 marked_unobserved_voxels_distance_m:: -1.000000
[component_container_mt-1]                 marked_unobserved_voxels_weight:: 0.100000
[component_container_mt-1]                 weighting_function_type:: kInverseSquareWeight
[component_container_mt-1]                 invalid_depth_decay_factor:: -1.000000
[component_container_mt-1]                 projective_integrator
[component_container_mt-1]                     lidar_linear_interpolation_max_allowable_difference_vox:: 2.000000
[component_container_mt-1]                     lidar_nearest_interpolation_max_allowable_dist_to_ray_vox:: 0.500000
[component_container_mt-1]                     truncation_distance_vox:: 4.000000
[component_container_mt-1]                     max_integration_distance_m:: 7.000000
[component_container_mt-1]                     view_calculator
[component_container_mt-1]                         raycast_subsampling_factor: 4
[component_container_mt-1]                         workspace_bounds_type: kUnbounded
[component_container_mt-1]                         workspace_bounds_min_height_m: 0.000000
[component_container_mt-1]                         workspace_bounds_max_height_m: 1.000000
[component_container_mt-1]                         workspace_bounds_min_corner_x_m: 0.000000
[component_container_mt-1]                         workspace_bounds_max_corner_x_m: 0.000000
[component_container_mt-1]                         workspace_bounds_min_corner_y_m: 2.000000
[component_container_mt-1]                         workspace_bounds_max_corner_y_m: 2.000000
[component_container_mt-1]             lidar_tsdf_integrator
[component_container_mt-1]                 max_weight:: 5.000000
[component_container_mt-1]                 marked_unobserved_voxels_distance_m:: -1.000000
[component_container_mt-1]                 marked_unobserved_voxels_weight:: 0.100000
[component_container_mt-1]                 weighting_function_type:: kInverseSquareWeight
[component_container_mt-1]                 invalid_depth_decay_factor:: -1.000000
[component_container_mt-1]                 projective_integrator
[component_container_mt-1]                     lidar_linear_interpolation_max_allowable_difference_vox:: 2.000000
[component_container_mt-1]                     lidar_nearest_interpolation_max_allowable_dist_to_ray_vox:: 0.500000
[component_container_mt-1]                     truncation_distance_vox:: 4.000000
[component_container_mt-1]                     max_integration_distance_m:: 10.000000
[component_container_mt-1]                     view_calculator
[component_container_mt-1]                         raycast_subsampling_factor: 4
[component_container_mt-1]                         workspace_bounds_type: kUnbounded
[component_container_mt-1]                         workspace_bounds_min_height_m: 0.000000
[component_container_mt-1]                         workspace_bounds_max_height_m: 1.000000
[component_container_mt-1]                         workspace_bounds_min_corner_x_m: 0.000000
[component_container_mt-1]                         workspace_bounds_max_corner_x_m: 0.000000
[component_container_mt-1]                         workspace_bounds_min_corner_y_m: 2.000000
[component_container_mt-1]                         workspace_bounds_max_corner_y_m: 2.000000
[component_container_mt-1]             projective_color_integrator
[component_container_mt-1]                 sphere_tracing_ray_subsampling_factor:: 4
[component_container_mt-1]                 max_weight:: 5.000000
[component_container_mt-1]                 weighting_function_type:: kInverseSquareWeight
[component_container_mt-1]                 projective_integrator
[component_container_mt-1]                     lidar_linear_interpolation_max_allowable_difference_vox:: 2.000000
[component_container_mt-1]                     lidar_nearest_interpolation_max_allowable_dist_to_ray_vox:: 0.500000
[component_container_mt-1]                     truncation_distance_vox:: 4.000000
[component_container_mt-1]                     max_integration_distance_m:: 7.000000
[component_container_mt-1]                     view_calculator
[component_container_mt-1]                         raycast_subsampling_factor: 4
[component_container_mt-1]                         workspace_bounds_type: kUnbounded
[component_container_mt-1]                         workspace_bounds_min_height_m: 0.000000
[component_container_mt-1]                         workspace_bounds_max_height_m: 1.000000
[component_container_mt-1]                         workspace_bounds_min_corner_x_m: 0.000000
[component_container_mt-1]                         workspace_bounds_max_corner_x_m: 0.000000
[component_container_mt-1]                         workspace_bounds_min_corner_y_m: 2.000000
[component_container_mt-1]                         workspace_bounds_max_corner_y_m: 2.000000
[component_container_mt-1]                 view_calculator
[component_container_mt-1]                     raycast_subsampling_factor: 4
[component_container_mt-1]                     workspace_bounds_type: kUnbounded
[component_container_mt-1]                     workspace_bounds_min_height_m: 0.000000
[component_container_mt-1]                     workspace_bounds_max_height_m: 1.000000
[component_container_mt-1]                     workspace_bounds_min_corner_x_m: 0.000000
[component_container_mt-1]                     workspace_bounds_max_corner_x_m: 0.000000
[component_container_mt-1]                     workspace_bounds_min_corner_y_m: 2.000000
[component_container_mt-1]                     workspace_bounds_max_corner_y_m: 2.000000
[component_container_mt-1]             camera_occupancy_integrator
[component_container_mt-1]                 free_region_log_odds:: -0.847298
[component_container_mt-1]                 occupied_region_log_odds:: 0.847298
[component_container_mt-1]                 unobserved_region_log_odds:: 0.000000
[component_container_mt-1]                 occupied_region_half_width_m:: 0.100000
[component_container_mt-1]                 projective_integrator
[component_container_mt-1]                     lidar_linear_interpolation_max_allowable_difference_vox:: 2.000000
[component_container_mt-1]                     lidar_nearest_interpolation_max_allowable_dist_to_ray_vox:: 0.500000
[component_container_mt-1]                     truncation_distance_vox:: 4.000000
[component_container_mt-1]                     max_integration_distance_m:: 7.000000
[component_container_mt-1]                     view_calculator
[component_container_mt-1]                         raycast_subsampling_factor: 4
[component_container_mt-1]                         workspace_bounds_type: kUnbounded
[component_container_mt-1]                         workspace_bounds_min_height_m: 0.000000
[component_container_mt-1]                         workspace_bounds_max_height_m: 1.000000
[component_container_mt-1]                         workspace_bounds_min_corner_x_m: 0.000000
[component_container_mt-1]                         workspace_bounds_max_corner_x_m: 0.000000
[component_container_mt-1]                         workspace_bounds_min_corner_y_m: 2.000000
[component_container_mt-1]                         workspace_bounds_max_corner_y_m: 2.000000
[component_container_mt-1]             lidar_occupancy_integrator
[component_container_mt-1]                 free_region_log_odds:: -0.847298
[component_container_mt-1]                 occupied_region_log_odds:: 0.847298
[component_container_mt-1]                 unobserved_region_log_odds:: 0.000000
[component_container_mt-1]                 occupied_region_half_width_m:: 0.100000
[component_container_mt-1]                 projective_integrator
[component_container_mt-1]                     lidar_linear_interpolation_max_allowable_difference_vox:: 2.000000
[component_container_mt-1]                     lidar_nearest_interpolation_max_allowable_dist_to_ray_vox:: 0.500000
[component_container_mt-1]                     truncation_distance_vox:: 4.000000
[component_container_mt-1]                     max_integration_distance_m:: 10.000000
[component_container_mt-1]                     view_calculator
[component_container_mt-1]                         raycast_subsampling_factor: 4
[component_container_mt-1]                         workspace_bounds_type: kUnbounded
[component_container_mt-1]                         workspace_bounds_min_height_m: 0.000000
[component_container_mt-1]                         workspace_bounds_max_height_m: 1.000000
[component_container_mt-1]                         workspace_bounds_min_corner_x_m: 0.000000
[component_container_mt-1]                         workspace_bounds_max_corner_x_m: 0.000000
[component_container_mt-1]                         workspace_bounds_min_corner_y_m: 2.000000
[component_container_mt-1]                         workspace_bounds_max_corner_y_m: 2.000000
[component_container_mt-1]             esdf_integrator
[component_container_mt-1]                 max_esdf_distance_m:: 2.000000
[component_container_mt-1]                 max_tsdf_site_distance_vox:: 1.000000
[component_container_mt-1]                 tsdf_min_weight:: 0.000100
[component_container_mt-1]                 occupied_threshold_log_odds:: 0.000000
[component_container_mt-1]                 esdf_slice_min_height:: 0.000000
[component_container_mt-1]                 esdf_slice_max_height:: 1.000000
[component_container_mt-1]                 esdf_slice_height:: 1.000000
[component_container_mt-1]                 slice_height_above_plane_m:: 0.000000
[component_container_mt-1]                 slice_height_thickness_m:: 0.100000
[component_container_mt-1]             mesh_integrator
[component_container_mt-1]                 min_weight:: 0.000100
[component_container_mt-1]                 cutoff_distance_vox:: 5.000000
[component_container_mt-1]                 weld_vertices:: 1
[component_container_mt-1]             occupancy_decay_integrator
[component_container_mt-1]                 free_space_decay_log_odds:: 0.200671
[component_container_mt-1]                 occupied_space_decay_log_odds:: -0.405465
[component_container_mt-1]                 decay_to_log_odds_:: 0.000000
[component_container_mt-1]                 decay_integrator
[component_container_mt-1]                     deallocate_decayed_blocks:: 1
[component_container_mt-1]             tsdf_decay_integrator
[component_container_mt-1]                 decay_factor:: 0.950000
[component_container_mt-1]                 decayed_weight_theshold:: 0.001000
[component_container_mt-1]                 set_free_distance_on_decayed:: 0
[component_container_mt-1]                 free_distance_vox:: 4.000000
[component_container_mt-1]                 decay_integrator
[component_container_mt-1]                     deallocate_decayed_blocks:: 1
[component_container_mt-1]             freespace_integrator
[component_container_mt-1]                 max_tsdf_distance_for_occupancy_m:: 0.150000
[component_container_mt-1]                 max_unobserved_to_keep_consecutive_occupancy_ms:: 200
[component_container_mt-1]                 min_duration_since_occupied_for_freespace_ms:: 1000
[component_container_mt-1]                 min_consecutive_occupancy_duration_for_reset_ms:: 2000
[component_container_mt-1]                 check_neighborhood:: 1
[component_container_mt-1]         image_masker
[component_container_mt-1]             occlusion_threshold_m:: 0.250000
[component_container_mt-1]         ground_plane_estimator
[component_container_mt-1]             ground_points_candidates_min_z_m:: -0.100000
[component_container_mt-1]             ground_points_candidates_max_z_m:: 0.150000
[component_container_mt-1]             ransac_plane_fitter
[component_container_mt-1]                 num_ransac_iterations:: 1000
[component_container_mt-1]                 ransac_distance_threshold_m:: 0.200000
[component_container_mt-1]             tsdf_zero_crossings_extractor
[component_container_mt-1]                 min_tsdf_weight:: 0.100000
[component_container_mt-1]                 max_crossings:: 360000
[component_container_mt-1] 
[component_container_mt-1] [INFO] [1788748856.487283279] [nvblox_node]: Tried to clear map outside of radius but couldn't look up frame: base_link_gt
[component_container_mt-1] [INFO] [1788748856.487399030] [nvblox_node]: Lookup transform failed for frame base_link_gt. Layer pointclouds not published
[component_container_mt-1] I0907 09:40:56.633026 39089 mapper.cpp:304] Allocating space for last depth image
[component_container_mt-1] I0907 09:41:11.421141 39091 block_memory_pool_impl.h:65] Expanding the memory pool with 4096 blocks. Number of allocated blocks: 6144
[component_container_mt-1] I0907 09:41:11.426465 39091 gpu_layer_view_impl.cuh:100] Resizing GPU hash capacity from 4096 to 8192 in order to accomodate space for 98 new elements.
[component_container_mt-1] I0907 09:41:11.449304 39091 gpu_hash_interface_impl.cuh:83] Creating a GPUHashImpl with requested capacity of 8192 blocks. Real capacity: 8192
[component_container_mt-1] I0907 09:41:11.486541 39091 block_memory_pool_impl.h:65] Expanding the memory pool with 4096 blocks. Number of allocated blocks: 6144
[component_container_mt-1] I0907 09:41:11.489519 39091 gpu_layer_view_impl.cuh:100] Resizing GPU hash capacity from 4096 to 8192 in order to accomodate space for 350 new elements.
[component_container_mt-1] I0907 09:41:11.512270 39091 gpu_hash_interface_impl.cuh:83] Creating a GPUHashImpl with requested capacity of 8192 blocks. Real capacity: 8192
[component_container_mt-1] I0907 09:41:14.644063 39063 gpu_layer_view_impl.cuh:100] Resizing GPU hash capacity from 8192 to 16384 in order to accomodate space for 225 new elements.
[component_container_mt-1] I0907 09:41:14.666589 39063 gpu_hash_interface_impl.cuh:83] Creating a GPUHashImpl with requested capacity of 16384 blocks. Real capacity: 16384
[component_container_mt-1] I0907 09:41:14.685352 39063 gpu_layer_view_impl.cuh:100] Resizing GPU hash capacity from 8192 to 16384 in order to accomodate space for 256 new elements.
[component_container_mt-1] I0907 09:41:14.707994 39063 gpu_hash_interface_impl.cuh:83] Creating a GPUHashImpl with requested capacity of 16384 blocks. Real capacity: 16384
[component_container_mt-1] [INFO] [1788748877.034019610] [nvblox_node]: 
[component_container_mt-1] Received request for ESDF with:
[component_container_mt-1] update_esdf: 1
[component_container_mt-1] use_aabb: 1
[component_container_mt-1] visualize_esdf: 0
[component_container_mt-1] aabb_min_m: [-1.50, -1.47, 3.23],
[component_container_mt-1] aabb_size_m: [3.00, 3.00, 3.00]
[component_container_mt-1] [INFO] [1788748877.082104749] [nvblox_node]: Successfully wrote requested ESDF to MultiArrayMsg.
[component_container_mt-1] [INFO] [1788748877.333824548] [nvblox_node]: 
[component_container_mt-1] Received request for ESDF with:
[component_container_mt-1] update_esdf: 1
[component_container_mt-1] use_aabb: 1
[component_container_mt-1] visualize_esdf: 0
[component_container_mt-1] aabb_min_m: [-1.50, -1.47, 3.27],
[component_container_mt-1] aabb_size_m: [3.00, 3.00, 3.00]
[component_container_mt-1] [INFO] [1788748877.415924769] [nvblox_node]: Successfully wrote requested ESDF to MultiArrayMsg.
[component_container_mt-1] [INFO] [1788748877.634348033] [nvblox_node]: 
[component_container_mt-1] Received request for ESDF with:
[component_container_mt-1] update_esdf: 1
[component_container_mt-1] use_aabb: 1
[component_container_mt-1] visualize_esdf: 0
[component_container_mt-1] aabb_min_m: [-1.50, -1.47, 3.28],
[component_container_mt-1] aabb_size_m: [3.00, 3.00, 3.00]
[component_container_mt-1] [INFO] [1788748877.648203999] [nvblox_node]: Successfully wrote requested ESDF to MultiArrayMsg.
[component_container_mt-1] [INFO] [1788748877.934652940] [nvblox_node]: 
[component_container_mt-1] Received request for ESDF with:
[component_container_mt-1] update_esdf: 1
[component_container_mt-1] use_aabb: 1
[component_container_mt-1] visualize_esdf: 0
[component_container_mt-1] aabb_min_m: [-1.49, -1.49, 3.29],
[component_container_mt-1] aabb_size_m: [3.00, 3.00, 3.00]
[component_container_mt-1] [INFO] [1788748878.015043053] [nvblox_node]: Successfully wrote requested ESDF to MultiArrayMsg.
[component_container_mt-1] [INFO] [1788748878.234183177] [nvblox_node]: 
[component_container_mt-1] Received request for ESDF with:
[component_container_mt-1] update_esdf: 1
[component_container_mt-1] use_aabb: 1
[component_container_mt-1] visualize_esdf: 0
[component_container_mt-1] aabb_min_m: [-1.47, -1.52, 3.30],
[component_container_mt-1] aabb_size_m: [3.00, 3.00, 3.00]
[component_container_mt-1] [INFO] [1788748878.281591470] [nvblox_node]: Successfully wrote requested ESDF to MultiArrayMsg.
[component_container_mt-1] [INFO] [1788748878.533992071] [nvblox_node]: 
[component_container_mt-1] Received request for ESDF with:
[component_container_mt-1] update_esdf: 1
[component_container_mt-1] use_aabb: 1
[component_container_mt-1] visualize_esdf: 0
[component_container_mt-1] aabb_min_m: [-1.43, -1.56, 3.32],
[component_container_mt-1] aabb_size_m: [3.00, 3.00, 3.00]
[component_container_mt-1] [INFO] [1788748878.552826960] [nvblox_node]: Successfully wrote requested ESDF to MultiArrayMsg.
[component_container_mt-1] [INFO] [1788748878.833936394] [nvblox_node]: 
[component_container_mt-1] Received request for ESDF with:
[component_container_mt-1] update_esdf: 1
[component_container_mt-1] use_aabb: 1
[component_container_mt-1] visualize_esdf: 0
[component_container_mt-1] aabb_min_m: [-1.40, -1.60, 3.34],
[component_container_mt-1] aabb_size_m: [3.00, 3.00, 3.00]
[component_container_mt-1] [INFO] [1788748878.936537800] [nvblox_node]: Successfully wrote requested ESDF to MultiArrayMsg.
[component_container_mt-1] [INFO] [1788748879.133928472] [nvblox_node]: 
[component_container_mt-1] Received request for ESDF with:
[component_container_mt-1] update_esdf: 1
[component_container_mt-1] use_aabb: 1
[component_container_mt-1] visualize_esdf: 0
[component_container_mt-1] aabb_min_m: [-1.36, -1.63, 3.35],
[component_container_mt-1] aabb_size_m: [3.00, 3.00, 3.00]
[component_container_mt-1] [INFO] [1788748879.220448428] [nvblox_node]: Successfully wrote requested ESDF to MultiArrayMsg.
[component_container_mt-1] [INFO] [1788748879.434155595] [nvblox_node]: 
[component_container_mt-1] Received request for ESDF with:
[component_container_mt-1] update_esdf: 1
[component_container_mt-1] use_aabb: 1
[component_container_mt-1] visualize_esdf: 0
[component_container_mt-1] aabb_min_m: [-1.32, -1.67, 3.37],
[component_container_mt-1] aabb_size_m: [3.00, 3.00, 3.00]
[component_container_mt-1] [INFO] [1788748879.561383743] [nvblox_node]: Successfully wrote requested ESDF to MultiArrayMsg.
[component_container_mt-1] [INFO] [1788748879.734442572] [nvblox_node]: 
[component_container_mt-1] Received request for ESDF with:
[component_container_mt-1] update_esdf: 1
[component_container_mt-1] use_aabb: 1
[component_container_mt-1] visualize_esdf: 0
[component_container_mt-1] aabb_min_m: [-1.28, -1.71, 3.38],
[component_container_mt-1] aabb_size_m: [3.00, 3.00, 3.00]
[component_container_mt-1] [INFO] [1788748879.852107732] [nvblox_node]: Successfully wrote requested ESDF to MultiArrayMsg.
[component_container_mt-1] [INFO] [1788748880.034006495] [nvblox_node]: 
[component_container_mt-1] Received request for ESDF with:
[component_container_mt-1] update_esdf: 1
[component_container_mt-1] use_aabb: 1
[component_container_mt-1] visualize_esdf: 0
[component_container_mt-1] aabb_min_m: [-1.24, -1.74, 3.40],
[component_container_mt-1] aabb_size_m: [3.00, 3.00, 3.00]
[component_container_mt-1] [INFO] [1788748880.123134984] [nvblox_node]: Successfully wrote requested ESDF to MultiArrayMsg.
[component_container_mt-1] [INFO] [1788748880.333862505] [nvblox_node]: 
[component_container_mt-1] Received request for ESDF with:
[component_container_mt-1] update_esdf: 1
[component_container_mt-1] use_aabb: 1
[component_container_mt-1] visualize_esdf: 0
[component_container_mt-1] aabb_min_m: [-1.20, -1.78, 3.41],
[component_container_mt-1] aabb_size_m: [3.00, 3.00, 3.00]
[component_container_mt-1] [INFO] [1788748880.391325511] [nvblox_node]: Successfully wrote requested ESDF to MultiArrayMsg.
[component_container_mt-1] [INFO] [1788748880.633910763] [nvblox_node]: 
[component_container_mt-1] Received request for ESDF with:
[component_container_mt-1] update_esdf: 1
[component_container_mt-1] use_aabb: 1
[component_container_mt-1] visualize_esdf: 0
[component_container_mt-1] aabb_min_m: [-1.17, -1.82, 3.43],
[component_container_mt-1] aabb_size_m: [3.00, 3.00, 3.00]
[component_container_mt-1] [INFO] [1788748880.648476681] [nvblox_node]: Successfully wrote requested ESDF to MultiArrayMsg.
[component_container_mt-1] [INFO] [1788748880.934590822] [nvblox_node]: 
[component_container_mt-1] Received request for ESDF with:
[component_container_mt-1] update_esdf: 1
[component_container_mt-1] use_aabb: 1
[component_container_mt-1] visualize_esdf: 0
[component_container_mt-1] aabb_min_m: [-1.13, -1.86, 3.44],
[component_container_mt-1] aabb_size_m: [3.00, 3.00, 3.00]
[component_container_mt-1] [INFO] [1788748880.949046098] [nvblox_node]: Successfully wrote requested ESDF to MultiArrayMsg.
[component_container_mt-1] [INFO] [1788748881.234207268] [nvblox_node]: 
[component_container_mt-1] Received request for ESDF with:
[component_container_mt-1] update_esdf: 1
[component_container_mt-1] use_aabb: 1
[component_container_mt-1] visualize_esdf: 0
[component_container_mt-1] aabb_min_m: [-1.09, -1.89, 3.46],
[component_container_mt-1] aabb_size_m: [3.00, 3.00, 3.00]
[component_container_mt-1] [INFO] [1788748881.320078396] [nvblox_node]: Successfully wrote requested ESDF to MultiArrayMsg.
[component_container_mt-1] [INFO] [1788748881.533982932] [nvblox_node]: 
[component_container_mt-1] Received request for ESDF with:
[component_container_mt-1] update_esdf: 1
[component_container_mt-1] use_aabb: 1
[component_container_mt-1] visualize_esdf: 0
[component_container_mt-1] aabb_min_m: [-1.05, -1.93, 3.47],
[component_container_mt-1] aabb_size_m: [3.00, 3.00, 3.00]
[component_container_mt-1] [INFO] [1788748881.596807947] [nvblox_node]: Successfully wrote requested ESDF to MultiArrayMsg.
[component_container_mt-1] [INFO] [1788748881.833742715] [nvblox_node]: 
[component_container_mt-1] Received request for ESDF with:
[component_container_mt-1] update_esdf: 1
[component_container_mt-1] use_aabb: 1
[component_container_mt-1] visualize_esdf: 0
[component_container_mt-1] aabb_min_m: [-1.02, -1.97, 3.48],
[component_container_mt-1] aabb_size_m: [3.00, 3.00, 3.00]
[component_container_mt-1] [INFO] [1788748881.909021099] [nvblox_node]: Successfully wrote requested ESDF to MultiArrayMsg.
[component_container_mt-1] [INFO] [1788748882.133756328] [nvblox_node]: 
[component_container_mt-1] Received request for ESDF with:
[component_container_mt-1] update_esdf: 1
[component_container_mt-1] use_aabb: 1
[component_container_mt-1] visualize_esdf: 0
[component_container_mt-1] aabb_min_m: [-1.00, -2.02, 3.48],
[component_container_mt-1] aabb_size_m: [3.00, 3.00, 3.00]
[component_container_mt-1] [INFO] [1788748882.181382052] [nvblox_node]: Successfully wrote requested ESDF to MultiArrayMsg.
[component_container_mt-1] [INFO] [1788748882.433942576] [nvblox_node]: 
[component_container_mt-1] Received request for ESDF with:
[component_container_mt-1] update_esdf: 1
[component_container_mt-1] use_aabb: 1
[component_container_mt-1] visualize_esdf: 0
[component_container_mt-1] aabb_min_m: [-1.00, -2.07, 3.49],
[component_container_mt-1] aabb_size_m: [3.00, 3.00, 3.00]
[component_container_mt-1] [INFO] [1788748882.523337029] [nvblox_node]: Successfully wrote requested ESDF to MultiArrayMsg.
[component_container_mt-1] [INFO] [1788748882.734049963] [nvblox_node]: 
[component_container_mt-1] Received request for ESDF with:
[component_container_mt-1] update_esdf: 1
[component_container_mt-1] use_aabb: 1
[component_container_mt-1] visualize_esdf: 0
[component_container_mt-1] aabb_min_m: [-1.02, -2.12, 3.50],
[component_container_mt-1] aabb_size_m: [3.00, 3.00, 3.00]
[component_container_mt-1] [INFO] [1788748882.765300932] [nvblox_node]: Successfully wrote requested ESDF to MultiArrayMsg.
[component_container_mt-1] [INFO] [1788748883.034067118] [nvblox_node]: 
[component_container_mt-1] Received request for ESDF with:
[component_container_mt-1] update_esdf: 1
[component_container_mt-1] use_aabb: 1
[component_container_mt-1] visualize_esdf: 0
[component_container_mt-1] aabb_min_m: [-1.04, -2.17, 3.51],
[component_container_mt-1] aabb_size_m: [3.00, 3.00, 3.00]
[component_container_mt-1] [INFO] [1788748883.048705486] [nvblox_node]: Successfully wrote requested ESDF to MultiArrayMsg.
[component_container_mt-1] [INFO] [1788748883.334074210] [nvblox_node]: 
[component_container_mt-1] Received request for ESDF with:
[component_container_mt-1] update_esdf: 1
[component_container_mt-1] use_aabb: 1
[component_container_mt-1] visualize_esdf: 0
[component_container_mt-1] aabb_min_m: [-1.06, -2.23, 3.51],
[component_container_mt-1] aabb_size_m: [3.00, 3.00, 3.00]
[component_container_mt-1] [INFO] [1788748883.369109173] [nvblox_node]: Successfully wrote requested ESDF to MultiArrayMsg.
[component_container_mt-1] [INFO] [1788748883.634131489] [nvblox_node]: 
[component_container_mt-1] Received request for ESDF with:
[component_container_mt-1] update_esdf: 1
[component_container_mt-1] use_aabb: 1
[component_container_mt-1] visualize_esdf: 0
[component_container_mt-1] aabb_min_m: [-1.08, -2.29, 3.53],
[component_container_mt-1] aabb_size_m: [3.00, 3.00, 3.00]
[component_container_mt-1] [INFO] [1788748883.719693058] [nvblox_node]: Successfully wrote requested ESDF to MultiArrayMsg.
[component_container_mt-1] [INFO] [1788748883.934544831] [nvblox_node]: 
[component_container_mt-1] Received request for ESDF with:
[component_container_mt-1] update_esdf: 1
[component_container_mt-1] use_aabb: 1
[component_container_mt-1] visualize_esdf: 0
[component_container_mt-1] aabb_min_m: [-1.10, -2.36, 3.54],
[component_container_mt-1] aabb_size_m: [3.00, 3.00, 3.00]
[component_container_mt-1] [INFO] [1788748883.992746227] [nvblox_node]: Successfully wrote requested ESDF to MultiArrayMsg.
[component_container_mt-1] [INFO] [1788748884.233684266] [nvblox_node]: 
[component_container_mt-1] Received request for ESDF with:
[component_container_mt-1] update_esdf: 1
[component_container_mt-1] use_aabb: 1
[component_container_mt-1] visualize_esdf: 0
[component_container_mt-1] aabb_min_m: [-1.13, -2.43, 3.56],
[component_container_mt-1] aabb_size_m: [3.00, 3.00, 3.00]
[component_container_mt-1] [INFO] [1788748884.253129197] [nvblox_node]: Successfully wrote requested ESDF to MultiArrayMsg.
[component_container_mt-1] [INFO] [1788748884.534093337] [nvblox_node]: 
[component_container_mt-1] Received request for ESDF with:
[component_container_mt-1] update_esdf: 1
[component_container_mt-1] use_aabb: 1
[component_container_mt-1] visualize_esdf: 0
[component_container_mt-1] aabb_min_m: [-1.15, -2.49, 3.57],
[component_container_mt-1] aabb_size_m: [3.00, 3.00, 3.00]
[component_container_mt-1] [INFO] [1788748884.677118141] [nvblox_node]: Successfully wrote requested ESDF to MultiArrayMsg.
[component_container_mt-1] [INFO] [1788748884.833724898] [nvblox_node]: 
[component_container_mt-1] Received request for ESDF with:
[component_container_mt-1] update_esdf: 1
[component_container_mt-1] use_aabb: 1
[component_container_mt-1] visualize_esdf: 0
[component_container_mt-1] aabb_min_m: [-1.16, -2.55, 3.59],
[component_container_mt-1] aabb_size_m: [3.00, 3.00, 3.00]
[component_container_mt-1] [INFO] [1788748884.948507087] [nvblox_node]: Successfully wrote requested ESDF to MultiArrayMsg.
[component_container_mt-1] [INFO] [1788748885.133960459] [nvblox_node]: 
[component_container_mt-1] Received request for ESDF with:
[component_container_mt-1] update_esdf: 1
[component_container_mt-1] use_aabb: 1
[component_container_mt-1] visualize_esdf: 0
[component_container_mt-1] aabb_min_m: [-1.18, -2.61, 3.60],
[component_container_mt-1] aabb_size_m: [3.00, 3.00, 3.00]
[component_container_mt-1] [INFO] [1788748885.245371390] [nvblox_node]: Successfully wrote requested ESDF to MultiArrayMsg.
[component_container_mt-1] [INFO] [1788748885.434003276] [nvblox_node]: 
[component_container_mt-1] Received request for ESDF with:
[component_container_mt-1] update_esdf: 1
[component_container_mt-1] use_aabb: 1
[component_container_mt-1] visualize_esdf: 0
[component_container_mt-1] aabb_min_m: [-1.19, -2.67, 3.62],
[component_container_mt-1] aabb_size_m: [3.00, 3.00, 3.00]
[component_container_mt-1] [INFO] [1788748885.505056680] [nvblox_node]: Successfully wrote requested ESDF to MultiArrayMsg.
[component_container_mt-1] [INFO] [1788748885.734142948] [nvblox_node]: 
[component_container_mt-1] Received request for ESDF with:
[component_container_mt-1] update_esdf: 1
[component_container_mt-1] use_aabb: 1
[component_container_mt-1] visualize_esdf: 0
[component_container_mt-1] aabb_min_m: [-1.19, -2.72, 3.63],
[component_container_mt-1] aabb_size_m: [3.00, 3.00, 3.00]
[component_container_mt-1] [INFO] [1788748885.746840897] [nvblox_node]: Successfully wrote requested ESDF to MultiArrayMsg.
[component_container_mt-1] [INFO] [1788748886.034079402] [nvblox_node]: 
[component_container_mt-1] Received request for ESDF with:
[component_container_mt-1] update_esdf: 1
[component_container_mt-1] use_aabb: 1
[component_container_mt-1] visualize_esdf: 0
[component_container_mt-1] aabb_min_m: [-1.19, -2.78, 3.65],
[component_container_mt-1] aabb_size_m: [3.00, 3.00, 3.00]
[component_container_mt-1] [INFO] [1788748886.174886672] [nvblox_node]: Successfully wrote requested ESDF to MultiArrayMsg.
[component_container_mt-1] [INFO] [1788748886.334158686] [nvblox_node]: 
[component_container_mt-1] Received request for ESDF with:
[component_container_mt-1] update_esdf: 1
[component_container_mt-1] use_aabb: 1
[component_container_mt-1] visualize_esdf: 0
[component_container_mt-1] aabb_min_m: [-1.19, -2.84, 3.67],
[component_container_mt-1] aabb_size_m: [3.00, 3.00, 3.00]
[component_container_mt-1] [INFO] [1788748886.472872253] [nvblox_node]: Successfully wrote requested ESDF to MultiArrayMsg.
[component_container_mt-1] [INFO] [1788748886.633820740] [nvblox_node]: 
[component_container_mt-1] Received request for ESDF with:
[component_container_mt-1] update_esdf: 1
[component_container_mt-1] use_aabb: 1
[component_container_mt-1] visualize_esdf: 0
[component_container_mt-1] aabb_min_m: [-1.18, -2.89, 3.69],
[component_container_mt-1] aabb_size_m: [3.00, 3.00, 3.00]
[component_container_mt-1] [INFO] [1788748886.758375107] [nvblox_node]: Successfully wrote requested ESDF to MultiArrayMsg.
[component_container_mt-1] [INFO] [1788748886.934316733] [nvblox_node]: 
[component_container_mt-1] Received request for ESDF with:
[component_container_mt-1] update_esdf: 1
[component_container_mt-1] use_aabb: 1
[component_container_mt-1] visualize_esdf: 0
[component_container_mt-1] aabb_min_m: [-1.17, -2.94, 3.70],
[component_container_mt-1] aabb_size_m: [3.00, 3.00, 3.00]
[component_container_mt-1] [INFO] [1788748887.065016401] [nvblox_node]: Successfully wrote requested ESDF to MultiArrayMsg.
[component_container_mt-1] [INFO] [1788748887.233967602] [nvblox_node]: 
[component_container_mt-1] Received request for ESDF with:
[component_container_mt-1] update_esdf: 1
[component_container_mt-1] use_aabb: 1
[component_container_mt-1] visualize_esdf: 0
[component_container_mt-1] aabb_min_m: [-1.16, -2.99, 3.72],
[component_container_mt-1] aabb_size_m: [3.00, 3.00, 3.00]
[component_container_mt-1] [INFO] [1788748887.333164196] [nvblox_node]: Successfully wrote requested ESDF to MultiArrayMsg.
[component_container_mt-1] [INFO] [1788748887.533976619] [nvblox_node]: 
[component_container_mt-1] Received request for ESDF with:
[component_container_mt-1] update_esdf: 1
[component_container_mt-1] use_aabb: 1
[component_container_mt-1] visualize_esdf: 0
[component_container_mt-1] aabb_min_m: [-1.15, -3.03, 3.73],
[component_container_mt-1] aabb_size_m: [3.00, 3.00, 3.00]
[component_container_mt-1] [INFO] [1788748887.614092769] [nvblox_node]: Successfully wrote requested ESDF to MultiArrayMsg.
[component_container_mt-1] [INFO] [1788748887.834067944] [nvblox_node]: 
[component_container_mt-1] Received request for ESDF with:
[component_container_mt-1] update_esdf: 1
[component_container_mt-1] use_aabb: 1
[component_container_mt-1] visualize_esdf: 0
[component_container_mt-1] aabb_min_m: [-1.14, -3.07, 3.72],
[component_container_mt-1] aabb_size_m: [3.00, 3.00, 3.00]
[component_container_mt-1] [INFO] [1788748887.972828846] [nvblox_node]: Successfully wrote requested ESDF to MultiArrayMsg.
[component_container_mt-1] [INFO] [1788748888.133994627] [nvblox_node]: 
[component_container_mt-1] Received request for ESDF with:
[component_container_mt-1] update_esdf: 1
[component_container_mt-1] use_aabb: 1
[component_container_mt-1] visualize_esdf: 0
[component_container_mt-1] aabb_min_m: [-1.13, -3.11, 3.71],
[component_container_mt-1] aabb_size_m: [3.00, 3.00, 3.00]
[component_container_mt-1] [INFO] [1788748888.291051873] [nvblox_node]: Successfully wrote requested ESDF to MultiArrayMsg.
[component_container_mt-1] [INFO] [1788748888.434186633] [nvblox_node]: 
[component_container_mt-1] Received request for ESDF with:
[component_container_mt-1] update_esdf: 1
[component_container_mt-1] use_aabb: 1
[component_container_mt-1] visualize_esdf: 0
[component_container_mt-1] aabb_min_m: [-1.11, -3.15, 3.72],
[component_container_mt-1] aabb_size_m: [3.00, 3.00, 3.00]
[component_container_mt-1] [INFO] [1788748888.571658527] [nvblox_node]: Successfully wrote requested ESDF to MultiArrayMsg.
[component_container_mt-1] [INFO] [1788748888.733924698] [nvblox_node]: 
[component_container_mt-1] Received request for ESDF with:
[component_container_mt-1] update_esdf: 1
[component_container_mt-1] use_aabb: 1
[component_container_mt-1] visualize_esdf: 0
[component_container_mt-1] aabb_min_m: [-1.08, -3.19, 3.74],
[component_container_mt-1] aabb_size_m: [3.00, 3.00, 3.00]
[component_container_mt-1] [INFO] [1788748888.875881369] [nvblox_node]: Successfully wrote requested ESDF to MultiArrayMsg.
[component_container_mt-1] [INFO] [1788748889.033935237] [nvblox_node]: 
[component_container_mt-1] Received request for ESDF with:
[component_container_mt-1] update_esdf: 1
[component_container_mt-1] use_aabb: 1
[component_container_mt-1] visualize_esdf: 0
[component_container_mt-1] aabb_min_m: [-1.06, -3.24, 3.76],
[component_container_mt-1] aabb_size_m: [3.00, 3.00, 3.00]
[component_container_mt-1] [INFO] [1788748889.154539581] [nvblox_node]: Successfully wrote requested ESDF to MultiArrayMsg.
[component_container_mt-1] [INFO] [1788748889.334107672] [nvblox_node]: 
[component_container_mt-1] Received request for ESDF with:
[component_container_mt-1] update_esdf: 1
[component_container_mt-1] use_aabb: 1
[component_container_mt-1] visualize_esdf: 0
[component_container_mt-1] aabb_min_m: [-1.03, -3.28, 3.78],
[component_container_mt-1] aabb_size_m: [3.00, 3.00, 3.00]
[component_container_mt-1] [INFO] [1788748889.459207143] [nvblox_node]: Successfully wrote requested ESDF to MultiArrayMsg.
[component_container_mt-1] [INFO] [1788748889.634063473] [nvblox_node]: 
[component_container_mt-1] Received request for ESDF with:
[component_container_mt-1] update_esdf: 1
[component_container_mt-1] use_aabb: 1
[component_container_mt-1] visualize_esdf: 0
[component_container_mt-1] aabb_min_m: [-1.00, -3.31, 3.80],
[component_container_mt-1] aabb_size_m: [3.00, 3.00, 3.00]
[component_container_mt-1] [INFO] [1788748889.710128029] [nvblox_node]: Successfully wrote requested ESDF to MultiArrayMsg.
[component_container_mt-1] [INFO] [1788748889.934770994] [nvblox_node]: 
[component_container_mt-1] Received request for ESDF with:
[component_container_mt-1] update_esdf: 1
[component_container_mt-1] use_aabb: 1
[component_container_mt-1] visualize_esdf: 0
[component_container_mt-1] aabb_min_m: [-0.98, -3.34, 3.81],
[component_container_mt-1] aabb_size_m: [3.00, 3.00, 3.00]
[component_container_mt-1] [INFO] [1788748889.956182337] [nvblox_node]: Successfully wrote requested ESDF to MultiArrayMsg.
[component_container_mt-1] [INFO] [1788748890.233978255] [nvblox_node]: 
[component_container_mt-1] Received request for ESDF with:
[component_container_mt-1] update_esdf: 1
[component_container_mt-1] use_aabb: 1
[component_container_mt-1] visualize_esdf: 0
[component_container_mt-1] aabb_min_m: [-0.95, -3.36, 3.82],
[component_container_mt-1] aabb_size_m: [3.00, 3.00, 3.00]
[component_container_mt-1] [INFO] [1788748890.333317520] [nvblox_node]: Successfully wrote requested ESDF to MultiArrayMsg.
[component_container_mt-1] [INFO] [1788748890.533974140] [nvblox_node]: 
[component_container_mt-1] Received request for ESDF with:
[component_container_mt-1] update_esdf: 1
[component_container_mt-1] use_aabb: 1
[component_container_mt-1] visualize_esdf: 0
[component_container_mt-1] aabb_min_m: [-0.93, -3.37, 3.83],
[component_container_mt-1] aabb_size_m: [3.00, 3.00, 3.00]
[component_container_mt-1] [INFO] [1788748890.642223985] [nvblox_node]: Successfully wrote requested ESDF to MultiArrayMsg.
[component_container_mt-1] [INFO] [1788748890.834242127] [nvblox_node]: 
[component_container_mt-1] Received request for ESDF with:
[component_container_mt-1] update_esdf: 1
[component_container_mt-1] use_aabb: 1
[component_container_mt-1] visualize_esdf: 0
[component_container_mt-1] aabb_min_m: [-0.91, -3.39, 3.84],
[component_container_mt-1] aabb_size_m: [3.00, 3.00, 3.00]
[component_container_mt-1] [INFO] [1788748890.898524951] [nvblox_node]: Successfully wrote requested ESDF to MultiArrayMsg.
[component_container_mt-1] [INFO] [1788748891.134031980] [nvblox_node]: 
[component_container_mt-1] Received request for ESDF with:
[component_container_mt-1] update_esdf: 1
[component_container_mt-1] use_aabb: 1
[component_container_mt-1] visualize_esdf: 0
[component_container_mt-1] aabb_min_m: [-0.88, -3.41, 3.85],
[component_container_mt-1] aabb_size_m: [3.00, 3.00, 3.00]
[component_container_mt-1] [INFO] [1788748891.158786633] [nvblox_node]: Successfully wrote requested ESDF to MultiArrayMsg.
[component_container_mt-1] [INFO] [1788748891.434114358] [nvblox_node]: 
[component_container_mt-1] Received request for ESDF with:
[component_container_mt-1] update_esdf: 1
[component_container_mt-1] use_aabb: 1
[component_container_mt-1] visualize_esdf: 0
[component_container_mt-1] aabb_min_m: [-0.84, -3.42, 3.86],
[component_container_mt-1] aabb_size_m: [3.00, 3.00, 3.00]
[component_container_mt-1] [INFO] [1788748891.522870227] [nvblox_node]: Successfully wrote requested ESDF to MultiArrayMsg.
[component_container_mt-1] [INFO] [1788748891.733976464] [nvblox_node]: 
[component_container_mt-1] Received request for ESDF with:
[component_container_mt-1] update_esdf: 1
[component_container_mt-1] use_aabb: 1
[component_container_mt-1] visualize_esdf: 0
[component_container_mt-1] aabb_min_m: [-0.82, -3.43, 3.86],
[component_container_mt-1] aabb_size_m: [3.00, 3.00, 3.00]
[component_container_mt-1] [INFO] [1788748891.850479152] [nvblox_node]: Successfully wrote requested ESDF to MultiArrayMsg.
[component_container_mt-1] [INFO] [1788748892.033834693] [nvblox_node]: 
[component_container_mt-1] Received request for ESDF with:
[component_container_mt-1] update_esdf: 1
[component_container_mt-1] use_aabb: 1
[component_container_mt-1] visualize_esdf: 0
[component_container_mt-1] aabb_min_m: [-0.78, -3.45, 3.87],
[component_container_mt-1] aabb_size_m: [3.00, 3.00, 3.00]
[component_container_mt-1] [INFO] [1788748892.100505138] [nvblox_node]: Successfully wrote requested ESDF to MultiArrayMsg.
[component_container_mt-1] [INFO] [1788748892.333893764] [nvblox_node]: 
[component_container_mt-1] Received request for ESDF with:
[component_container_mt-1] update_esdf: 1
[component_container_mt-1] use_aabb: 1
[component_container_mt-1] visualize_esdf: 0
[component_container_mt-1] aabb_min_m: [-0.75, -3.46, 3.88],
[component_container_mt-1] aabb_size_m: [3.00, 3.00, 3.00]
[component_container_mt-1] [INFO] [1788748892.378112440] [nvblox_node]: Successfully wrote requested ESDF to MultiArrayMsg.
[component_container_mt-1] [INFO] [1788748892.633873052] [nvblox_node]: 
[component_container_mt-1] Received request for ESDF with:
[component_container_mt-1] update_esdf: 1
[component_container_mt-1] use_aabb: 1
[component_container_mt-1] visualize_esdf: 0
[component_container_mt-1] aabb_min_m: [-0.71, -3.48, 3.89],
[component_container_mt-1] aabb_size_m: [3.00, 3.00, 3.00]
[component_container_mt-1] [INFO] [1788748892.644042456] [nvblox_node]: Successfully wrote requested ESDF to MultiArrayMsg.
[component_container_mt-1] [INFO] [1788748892.934745112] [nvblox_node]: 
[component_container_mt-1] Received request for ESDF with:
[component_container_mt-1] update_esdf: 1
[component_container_mt-1] use_aabb: 1
[component_container_mt-1] visualize_esdf: 0
[component_container_mt-1] aabb_min_m: [-0.69, -3.50, 3.89],
[component_container_mt-1] aabb_size_m: [3.00, 3.00, 3.00]
[component_container_mt-1] [INFO] [1788748892.954611615] [nvblox_node]: Successfully wrote requested ESDF to MultiArrayMsg.
[component_container_mt-1] [INFO] [1788748893.233918020] [nvblox_node]: 
[component_container_mt-1] Received request for ESDF with:
[component_container_mt-1] update_esdf: 1
[component_container_mt-1] use_aabb: 1
[component_container_mt-1] visualize_esdf: 0
[component_container_mt-1] aabb_min_m: [-0.65, -3.51, 3.90],
[component_container_mt-1] aabb_size_m: [3.00, 3.00, 3.00]
[component_container_mt-1] [INFO] [1788748893.253796917] [nvblox_node]: Successfully wrote requested ESDF to MultiArrayMsg.
[component_container_mt-1] [INFO] [1788748893.533932643] [nvblox_node]: 
[component_container_mt-1] Received request for ESDF with:
[component_container_mt-1] update_esdf: 1
[component_container_mt-1] use_aabb: 1
[component_container_mt-1] visualize_esdf: 0
[component_container_mt-1] aabb_min_m: [-0.62, -3.53, 3.90],
[component_container_mt-1] aabb_size_m: [3.00, 3.00, 3.00]
[component_container_mt-1] [INFO] [1788748893.557282975] [nvblox_node]: Successfully wrote requested ESDF to MultiArrayMsg.
[component_container_mt-1] [INFO] [1788748893.833802479] [nvblox_node]: 
[component_container_mt-1] Received request for ESDF with:
[component_container_mt-1] update_esdf: 1
[component_container_mt-1] use_aabb: 1
[component_container_mt-1] visualize_esdf: 0
[component_container_mt-1] aabb_min_m: [-0.59, -3.54, 3.91],
[component_container_mt-1] aabb_size_m: [3.00, 3.00, 3.00]
[component_container_mt-1] [INFO] [1788748893.962922309] [nvblox_node]: Successfully wrote requested ESDF to MultiArrayMsg.
[component_container_mt-1] [INFO] [1788748894.133763052] [nvblox_node]: 
[component_container_mt-1] Received request for ESDF with:
[component_container_mt-1] update_esdf: 1
[component_container_mt-1] use_aabb: 1
[component_container_mt-1] visualize_esdf: 0
[component_container_mt-1] aabb_min_m: [-0.55, -3.55, 3.91],
[component_container_mt-1] aabb_size_m: [3.00, 3.00, 3.00]
[component_container_mt-1] [INFO] [1788748894.229611795] [nvblox_node]: Successfully wrote requested ESDF to MultiArrayMsg.
[component_container_mt-1] [INFO] [1788748894.433899005] [nvblox_node]: 
[component_container_mt-1] Received request for ESDF with:
[component_container_mt-1] update_esdf: 1
[component_container_mt-1] use_aabb: 1
[component_container_mt-1] visualize_esdf: 0
[component_container_mt-1] aabb_min_m: [-0.51, -3.57, 3.92],
[component_container_mt-1] aabb_size_m: [3.00, 3.00, 3.00]
[component_container_mt-1] [INFO] [1788748894.542791964] [nvblox_node]: Successfully wrote requested ESDF to MultiArrayMsg.
[component_container_mt-1] [INFO] [1788748894.734117918] [nvblox_node]: 
[component_container_mt-1] Received request for ESDF with:
[component_container_mt-1] update_esdf: 1
[component_container_mt-1] use_aabb: 1
[component_container_mt-1] visualize_esdf: 0
[component_container_mt-1] aabb_min_m: [-0.48, -3.57, 3.92],
[component_container_mt-1] aabb_size_m: [3.00, 3.00, 3.00]
[component_container_mt-1] [INFO] [1788748894.820414098] [nvblox_node]: Successfully wrote requested ESDF to MultiArrayMsg.
[component_container_mt-1] [INFO] [1788748895.033933408] [nvblox_node]: 
[component_container_mt-1] Received request for ESDF with:
[component_container_mt-1] update_esdf: 1
[component_container_mt-1] use_aabb: 1
[component_container_mt-1] visualize_esdf: 0
[component_container_mt-1] aabb_min_m: [-0.44, -3.58, 3.93],
[component_container_mt-1] aabb_size_m: [3.00, 3.00, 3.00]
[component_container_mt-1] [INFO] [1788748895.101585409] [nvblox_node]: Successfully wrote requested ESDF to MultiArrayMsg.
[component_container_mt-1] [INFO] [1788748895.334074158] [nvblox_node]: 
[component_container_mt-1] Received request for ESDF with:
[component_container_mt-1] update_esdf: 1
[component_container_mt-1] use_aabb: 1
[component_container_mt-1] visualize_esdf: 0
[component_container_mt-1] aabb_min_m: [-0.40, -3.59, 3.94],
[component_container_mt-1] aabb_size_m: [3.00, 3.00, 3.00]
[component_container_mt-1] [INFO] [1788748895.384179130] [nvblox_node]: Successfully wrote requested ESDF to MultiArrayMsg.
[component_container_mt-1] [INFO] [1788748895.633762490] [nvblox_node]: 
[component_container_mt-1] Received request for ESDF with:
[component_container_mt-1] update_esdf: 1
[component_container_mt-1] use_aabb: 1
[component_container_mt-1] visualize_esdf: 0
[component_container_mt-1] aabb_min_m: [-0.37, -3.61, 3.95],
[component_container_mt-1] aabb_size_m: [3.00, 3.00, 3.00]
[component_container_mt-1] [INFO] [1788748895.668322783] [nvblox_node]: Successfully wrote requested ESDF to MultiArrayMsg.
[component_container_mt-1] [INFO] [1788748895.934290653] [nvblox_node]: 
[component_container_mt-1] Received request for ESDF with:
[component_container_mt-1] update_esdf: 1
[component_container_mt-1] use_aabb: 1
[component_container_mt-1] visualize_esdf: 0
[component_container_mt-1] aabb_min_m: [-0.34, -3.62, 3.96],
[component_container_mt-1] aabb_size_m: [3.00, 3.00, 3.00]
[component_container_mt-1] [INFO] [1788748896.031779904] [nvblox_node]: Successfully wrote requested ESDF to MultiArrayMsg.
[component_container_mt-1] [INFO] [1788748896.233918856] [nvblox_node]: 
[component_container_mt-1] Received request for ESDF with:
[component_container_mt-1] update_esdf: 1
[component_container_mt-1] use_aabb: 1
[component_container_mt-1] visualize_esdf: 0
[component_container_mt-1] aabb_min_m: [-0.32, -3.65, 3.98],
[component_container_mt-1] aabb_size_m: [3.00, 3.00, 3.00]
[component_container_mt-1] [INFO] [1788748896.291981556] [nvblox_node]: Successfully wrote requested ESDF to MultiArrayMsg.
[component_container_mt-1] [INFO] [1788748896.533843780] [nvblox_node]: 
[component_container_mt-1] Received request for ESDF with:
[component_container_mt-1] update_esdf: 1
[component_container_mt-1] use_aabb: 1
[component_container_mt-1] visualize_esdf: 0
[component_container_mt-1] aabb_min_m: [-0.31, -3.69, 4.00],
[component_container_mt-1] aabb_size_m: [3.00, 3.00, 3.00]
[component_container_mt-1] [INFO] [1788748896.551628153] [nvblox_node]: Successfully wrote requested ESDF to MultiArrayMsg.
[component_container_mt-1] [INFO] [1788748896.833921777] [nvblox_node]: 
[component_container_mt-1] Received request for ESDF with:
[component_container_mt-1] update_esdf: 1
[component_container_mt-1] use_aabb: 1
[component_container_mt-1] visualize_esdf: 0
[component_container_mt-1] aabb_min_m: [-0.32, -3.73, 4.01],
[component_container_mt-1] aabb_size_m: [3.00, 3.00, 3.00]
[component_container_mt-1] [INFO] [1788748896.953959165] [nvblox_node]: Successfully wrote requested ESDF to MultiArrayMsg.
[component_container_mt-1] [INFO] [1788748897.133832496] [nvblox_node]: 
[component_container_mt-1] Received request for ESDF with:
[component_container_mt-1] update_esdf: 1
[component_container_mt-1] use_aabb: 1
[component_container_mt-1] visualize_esdf: 0
[component_container_mt-1] aabb_min_m: [-0.33, -3.79, 4.02],
[component_container_mt-1] aabb_size_m: [3.00, 3.00, 3.00]
[component_container_mt-1] [INFO] [1788748897.265136457] [nvblox_node]: Successfully wrote requested ESDF to MultiArrayMsg.
[component_container_mt-1] [INFO] [1788748897.433851898] [nvblox_node]: 
[component_container_mt-1] Received request for ESDF with:
[component_container_mt-1] update_esdf: 1
[component_container_mt-1] use_aabb: 1
[component_container_mt-1] visualize_esdf: 0
[component_container_mt-1] aabb_min_m: [-0.35, -3.84, 4.04],
[component_container_mt-1] aabb_size_m: [3.00, 3.00, 3.00]
[component_container_mt-1] [INFO] [1788748897.533922612] [nvblox_node]: Successfully wrote requested ESDF to MultiArrayMsg.
[component_container_mt-1] [INFO] [1788748897.733894315] [nvblox_node]: 
[component_container_mt-1] Received request for ESDF with:
[component_container_mt-1] update_esdf: 1
[component_container_mt-1] use_aabb: 1
[component_container_mt-1] visualize_esdf: 0
[component_container_mt-1] aabb_min_m: [-0.37, -3.90, 4.05],
[component_container_mt-1] aabb_size_m: [3.00, 3.00, 3.00]
[component_container_mt-1] [INFO] [1788748897.818552952] [nvblox_node]: Successfully wrote requested ESDF to MultiArrayMsg.
[component_container_mt-1] [INFO] [1788748898.033949095] [nvblox_node]: 
[component_container_mt-1] Received request for ESDF with:
[component_container_mt-1] update_esdf: 1
[component_container_mt-1] use_aabb: 1
[component_container_mt-1] visualize_esdf: 0
[component_container_mt-1] aabb_min_m: [-0.39, -3.96, 4.07],
[component_container_mt-1] aabb_size_m: [3.00, 3.00, 3.00]
[component_container_mt-1] [INFO] [1788748898.079003880] [nvblox_node]: Successfully wrote requested ESDF to MultiArrayMsg.
[component_container_mt-1] [INFO] [1788748898.333865648] [nvblox_node]: 
[component_container_mt-1] Received request for ESDF with:
[component_container_mt-1] update_esdf: 1
[component_container_mt-1] use_aabb: 1
[component_container_mt-1] visualize_esdf: 0
[component_container_mt-1] aabb_min_m: [-0.41, -4.02, 4.08],
[component_container_mt-1] aabb_size_m: [3.00, 3.00, 3.00]
[component_container_mt-1] [INFO] [1788748898.361908800] [nvblox_node]: Successfully wrote requested ESDF to MultiArrayMsg.
[component_container_mt-1] [INFO] [1788748898.633926377] [nvblox_node]: 
[component_container_mt-1] Received request for ESDF with:
[component_container_mt-1] update_esdf: 1
[component_container_mt-1] use_aabb: 1
[component_container_mt-1] visualize_esdf: 0
[component_container_mt-1] aabb_min_m: [-0.44, -4.07, 4.10],
[component_container_mt-1] aabb_size_m: [3.00, 3.00, 3.00]
[component_container_mt-1] [INFO] [1788748898.644662679] [nvblox_node]: Successfully wrote requested ESDF to MultiArrayMsg.
[component_container_mt-1] [INFO] [1788748898.934843467] [nvblox_node]: 
[component_container_mt-1] Received request for ESDF with:
[component_container_mt-1] update_esdf: 1
[component_container_mt-1] use_aabb: 1
[component_container_mt-1] visualize_esdf: 0
[component_container_mt-1] aabb_min_m: [-0.46, -4.12, 4.12],
[component_container_mt-1] aabb_size_m: [3.00, 3.00, 3.00]
[component_container_mt-1] [INFO] [1788748899.015716881] [nvblox_node]: Successfully wrote requested ESDF to MultiArrayMsg.
[component_container_mt-1] [INFO] [1788748899.234047399] [nvblox_node]: 
[component_container_mt-1] Received request for ESDF with:
[component_container_mt-1] update_esdf: 1
[component_container_mt-1] use_aabb: 1
[component_container_mt-1] visualize_esdf: 0
[component_container_mt-1] aabb_min_m: [-0.48, -4.18, 4.14],
[component_container_mt-1] aabb_size_m: [3.00, 3.00, 3.00]
[component_container_mt-1] [INFO] [1788748899.332271147] [nvblox_node]: Successfully wrote requested ESDF to MultiArrayMsg.
[component_container_mt-1] [INFO] [1788748899.534145567] [nvblox_node]: 
[component_container_mt-1] Received request for ESDF with:
[component_container_mt-1] update_esdf: 1
[component_container_mt-1] use_aabb: 1
[component_container_mt-1] visualize_esdf: 0
[component_container_mt-1] aabb_min_m: [-0.49, -4.23, 4.15],
[component_container_mt-1] aabb_size_m: [3.00, 3.00, 3.00]
[component_container_mt-1] [INFO] [1788748899.602948632] [nvblox_node]: Successfully wrote requested ESDF to MultiArrayMsg.
[component_container_mt-1] [INFO] [1788748899.834090672] [nvblox_node]: 
[component_container_mt-1] Received request for ESDF with:
[component_container_mt-1] update_esdf: 1
[component_container_mt-1] use_aabb: 1
[component_container_mt-1] visualize_esdf: 0
[component_container_mt-1] aabb_min_m: [-0.51, -4.28, 4.17],
[component_container_mt-1] aabb_size_m: [3.00, 3.00, 3.00]
[component_container_mt-1] [INFO] [1788748899.863317403] [nvblox_node]: Successfully wrote requested ESDF to MultiArrayMsg.
[component_container_mt-1] [INFO] [1788748900.133939134] [nvblox_node]: 
[component_container_mt-1] Received request for ESDF with:
[component_container_mt-1] update_esdf: 1
[component_container_mt-1] use_aabb: 1
[component_container_mt-1] visualize_esdf: 0
[component_container_mt-1] aabb_min_m: [-0.53, -4.33, 4.19],
[component_container_mt-1] aabb_size_m: [3.00, 3.00, 3.00]
[component_container_mt-1] [INFO] [1788748900.167852050] [nvblox_node]: Successfully wrote requested ESDF to MultiArrayMsg.
[component_container_mt-1] [INFO] [1788748900.433955151] [nvblox_node]: 
[component_container_mt-1] Received request for ESDF with:
[component_container_mt-1] update_esdf: 1
[component_container_mt-1] use_aabb: 1
[component_container_mt-1] visualize_esdf: 0
[component_container_mt-1] aabb_min_m: [-0.55, -4.38, 4.20],
[component_container_mt-1] aabb_size_m: [3.00, 3.00, 3.00]
[component_container_mt-1] [INFO] [1788748900.458960210] [nvblox_node]: Successfully wrote requested ESDF to MultiArrayMsg.
[component_container_mt-1] [INFO] [1788748900.734039751] [nvblox_node]: 
[component_container_mt-1] Received request for ESDF with:
[component_container_mt-1] update_esdf: 1
[component_container_mt-1] use_aabb: 1
[component_container_mt-1] visualize_esdf: 0
[component_container_mt-1] aabb_min_m: [-0.57, -4.43, 4.21],
[component_container_mt-1] aabb_size_m: [3.00, 3.00, 3.00]
[component_container_mt-1] [INFO] [1788748900.776647646] [nvblox_node]: Successfully wrote requested ESDF to MultiArrayMsg.
[component_container_mt-1] [INFO] [1788748901.033996385] [nvblox_node]: 
[component_container_mt-1] Received request for ESDF with:
[component_container_mt-1] update_esdf: 1
[component_container_mt-1] use_aabb: 1
[component_container_mt-1] visualize_esdf: 0
[component_container_mt-1] aabb_min_m: [-0.60, -4.48, 4.23],
[component_container_mt-1] aabb_size_m: [3.00, 3.00, 3.00]
[component_container_mt-1] [INFO] [1788748901.148665506] [nvblox_node]: Successfully wrote requested ESDF to MultiArrayMsg.
[component_container_mt-1] [INFO] [1788748901.333929010] [nvblox_node]: 
[component_container_mt-1] Received request for ESDF with:
[component_container_mt-1] update_esdf: 1
[component_container_mt-1] use_aabb: 1
[component_container_mt-1] visualize_esdf: 0
[component_container_mt-1] aabb_min_m: [-0.63, -4.53, 4.24],
[component_container_mt-1] aabb_size_m: [3.00, 3.00, 3.00]
[component_container_mt-1] [INFO] [1788748901.401127061] [nvblox_node]: Successfully wrote requested ESDF to MultiArrayMsg.
[component_container_mt-1] [INFO] [1788748901.633768076] [nvblox_node]: 
[component_container_mt-1] Received request for ESDF with:
[component_container_mt-1] update_esdf: 1
[component_container_mt-1] use_aabb: 1
[component_container_mt-1] visualize_esdf: 0
[component_container_mt-1] aabb_min_m: [-0.66, -4.58, 4.26],
[component_container_mt-1] aabb_size_m: [3.00, 3.00, 3.00]
[component_container_mt-1] [INFO] [1788748901.687008397] [nvblox_node]: Successfully wrote requested ESDF to MultiArrayMsg.
[component_container_mt-1] [INFO] [1788748901.934625233] [nvblox_node]: 
[component_container_mt-1] Received request for ESDF with:
[component_container_mt-1] update_esdf: 1
[component_container_mt-1] use_aabb: 1
[component_container_mt-1] visualize_esdf: 0
[component_container_mt-1] aabb_min_m: [-0.69, -4.62, 4.27],
[component_container_mt-1] aabb_size_m: [3.00, 3.00, 3.00]
[component_container_mt-1] [INFO] [1788748901.955718964] [nvblox_node]: Successfully wrote requested ESDF to MultiArrayMsg.
[component_container_mt-1] [INFO] [1788748902.234134772] [nvblox_node]: 
[component_container_mt-1] Received request for ESDF with:
[component_container_mt-1] update_esdf: 1
[component_container_mt-1] use_aabb: 1
[component_container_mt-1] visualize_esdf: 0
[component_container_mt-1] aabb_min_m: [-0.72, -4.67, 4.29],
[component_container_mt-1] aabb_size_m: [3.00, 3.00, 3.00]
[component_container_mt-1] [INFO] [1788748902.240919871] [nvblox_node]: Successfully wrote requested ESDF to MultiArrayMsg.
[component_container_mt-1] [INFO] [1788748902.533927587] [nvblox_node]: 
[component_container_mt-1] Received request for ESDF with:
[component_container_mt-1] update_esdf: 1
[component_container_mt-1] use_aabb: 1
[component_container_mt-1] visualize_esdf: 0
[component_container_mt-1] aabb_min_m: [-0.75, -4.72, 4.30],
[component_container_mt-1] aabb_size_m: [3.00, 3.00, 3.00]
[component_container_mt-1] [INFO] [1788748902.614448422] [nvblox_node]: Successfully wrote requested ESDF to MultiArrayMsg.
[component_container_mt-1] [INFO] [1788748902.833860199] [nvblox_node]: 
[component_container_mt-1] Received request for ESDF with:
[component_container_mt-1] update_esdf: 1
[component_container_mt-1] use_aabb: 1
[component_container_mt-1] visualize_esdf: 0
[component_container_mt-1] aabb_min_m: [-0.78, -4.77, 4.28],
[component_container_mt-1] aabb_size_m: [3.00, 3.00, 3.00]
[component_container_mt-1] [INFO] [1788748902.884131259] [nvblox_node]: Successfully wrote requested ESDF to MultiArrayMsg.
[component_container_mt-1] [INFO] [1788748903.134126514] [nvblox_node]: 
[component_container_mt-1] Received request for ESDF with:
[component_container_mt-1] update_esdf: 1
[component_container_mt-1] use_aabb: 1
[component_container_mt-1] visualize_esdf: 0
[component_container_mt-1] aabb_min_m: [-0.79, -4.82, 4.29],
[component_container_mt-1] aabb_size_m: [3.00, 3.00, 3.00]
[component_container_mt-1] [INFO] [1788748903.149665426] [nvblox_node]: Successfully wrote requested ESDF to MultiArrayMsg.
[component_container_mt-1] [INFO] [1788748903.433839583] [nvblox_node]: 
[component_container_mt-1] Received request for ESDF with:
[component_container_mt-1] update_esdf: 1
[component_container_mt-1] use_aabb: 1
[component_container_mt-1] visualize_esdf: 0
[component_container_mt-1] aabb_min_m: [-0.77, -4.86, 4.30],
[component_container_mt-1] aabb_size_m: [3.00, 3.00, 3.00]
[component_container_mt-1] [INFO] [1788748903.533215669] [nvblox_node]: Successfully wrote requested ESDF to MultiArrayMsg.
[component_container_mt-1] [INFO] [1788748903.734062980] [nvblox_node]: 
[component_container_mt-1] Received request for ESDF with:
[component_container_mt-1] update_esdf: 1
[component_container_mt-1] use_aabb: 1
[component_container_mt-1] visualize_esdf: 0
[component_container_mt-1] aabb_min_m: [-0.75, -4.91, 4.31],
[component_container_mt-1] aabb_size_m: [3.00, 3.00, 3.00]
[component_container_mt-1] [INFO] [1788748903.790981916] [nvblox_node]: Successfully wrote requested ESDF to MultiArrayMsg.
[component_container_mt-1] [INFO] [1788748904.034278502] [nvblox_node]: 
[component_container_mt-1] Received request for ESDF with:
[component_container_mt-1] update_esdf: 1
[component_container_mt-1] use_aabb: 1
[component_container_mt-1] visualize_esdf: 0
[component_container_mt-1] aabb_min_m: [-0.72, -4.95, 4.31],
[component_container_mt-1] aabb_size_m: [3.00, 3.00, 3.00]
[component_container_mt-1] [INFO] [1788748904.050099134] [nvblox_node]: Successfully wrote requested ESDF to MultiArrayMsg.
[component_container_mt-1] [INFO] [1788748904.333992900] [nvblox_node]: 
[component_container_mt-1] Received request for ESDF with:
[component_container_mt-1] update_esdf: 1
[component_container_mt-1] use_aabb: 1
[component_container_mt-1] visualize_esdf: 0
[component_container_mt-1] aabb_min_m: [-0.69, -5.00, 4.32],
[component_container_mt-1] aabb_size_m: [3.00, 3.00, 3.00]
[component_container_mt-1] [INFO] [1788748904.425997286] [nvblox_node]: Successfully wrote requested ESDF to MultiArrayMsg.
[component_container_mt-1] [INFO] [1788748904.634987563] [nvblox_node]: 
[component_container_mt-1] Received request for ESDF with:
[component_container_mt-1] update_esdf: 1
[component_container_mt-1] use_aabb: 1
[component_container_mt-1] visualize_esdf: 0
[component_container_mt-1] aabb_min_m: [-0.66, -5.04, 4.33],
[component_container_mt-1] aabb_size_m: [3.00, 3.00, 3.00]
[component_container_mt-1] [INFO] [1788748904.701302706] [nvblox_node]: Successfully wrote requested ESDF to MultiArrayMsg.
[component_container_mt-1] [INFO] [1788748904.934403148] [nvblox_node]: 
[component_container_mt-1] Received request for ESDF with:
[component_container_mt-1] update_esdf: 1
[component_container_mt-1] use_aabb: 1
[component_container_mt-1] visualize_esdf: 0
[component_container_mt-1] aabb_min_m: [-0.63, -5.09, 4.34],
[component_container_mt-1] aabb_size_m: [3.00, 3.00, 3.00]
[component_container_mt-1] [INFO] [1788748904.954264748] [nvblox_node]: Successfully wrote requested ESDF to MultiArrayMsg.
[component_container_mt-1] [INFO] [1788748905.233945903] [nvblox_node]: 
[component_container_mt-1] Received request for ESDF with:
[component_container_mt-1] update_esdf: 1
[component_container_mt-1] use_aabb: 1
[component_container_mt-1] visualize_esdf: 0
[component_container_mt-1] aabb_min_m: [-0.60, -5.13, 4.35],
[component_container_mt-1] aabb_size_m: [3.00, 3.00, 3.00]
[component_container_mt-1] [INFO] [1788748905.311185312] [nvblox_node]: Successfully wrote requested ESDF to MultiArrayMsg.
[component_container_mt-1] [INFO] [1788748905.533778966] [nvblox_node]: 
[component_container_mt-1] Received request for ESDF with:
[component_container_mt-1] update_esdf: 1
[component_container_mt-1] use_aabb: 1
[component_container_mt-1] visualize_esdf: 0
[component_container_mt-1] aabb_min_m: [-0.58, -5.18, 4.36],
[component_container_mt-1] aabb_size_m: [3.00, 3.00, 3.00]
[component_container_mt-1] [INFO] [1788748905.556454962] [nvblox_node]: Successfully wrote requested ESDF to MultiArrayMsg.
[component_container_mt-1] [INFO] [1788748905.834178565] [nvblox_node]: 
[component_container_mt-1] Received request for ESDF with:
[component_container_mt-1] update_esdf: 1
[component_container_mt-1] use_aabb: 1
[component_container_mt-1] visualize_esdf: 0
[component_container_mt-1] aabb_min_m: [-0.55, -5.22, 4.37],
[component_container_mt-1] aabb_size_m: [3.00, 3.00, 3.00]
[component_container_mt-1] [INFO] [1788748905.924435162] [nvblox_node]: Successfully wrote requested ESDF to MultiArrayMsg.
[component_container_mt-1] [INFO] [1788748906.133866733] [nvblox_node]: 
[component_container_mt-1] Received request for ESDF with:
[component_container_mt-1] update_esdf: 1
[component_container_mt-1] use_aabb: 1
[component_container_mt-1] visualize_esdf: 0
[component_container_mt-1] aabb_min_m: [-0.52, -5.27, 4.38],
[component_container_mt-1] aabb_size_m: [3.00, 3.00, 3.00]
[component_container_mt-1] [INFO] [1788748906.216051696] [nvblox_node]: Successfully wrote requested ESDF to MultiArrayMsg.
[component_container_mt-1] [INFO] [1788748906.433907171] [nvblox_node]: 
[component_container_mt-1] Received request for ESDF with:
[component_container_mt-1] update_esdf: 1
[component_container_mt-1] use_aabb: 1
[component_container_mt-1] visualize_esdf: 0
[component_container_mt-1] aabb_min_m: [-0.49, -5.31, 4.39],
[component_container_mt-1] aabb_size_m: [3.00, 3.00, 3.00]
[component_container_mt-1] [INFO] [1788748906.512471482] [nvblox_node]: Successfully wrote requested ESDF to MultiArrayMsg.
[component_container_mt-1] [INFO] [1788748906.733828720] [nvblox_node]: 
[component_container_mt-1] Received request for ESDF with:
[component_container_mt-1] update_esdf: 1
[component_container_mt-1] use_aabb: 1
[component_container_mt-1] visualize_esdf: 0
[component_container_mt-1] aabb_min_m: [-0.46, -5.36, 4.40],
[component_container_mt-1] aabb_size_m: [3.00, 3.00, 3.00]
[component_container_mt-1] [INFO] [1788748906.807531881] [nvblox_node]: Successfully wrote requested ESDF to MultiArrayMsg.
[component_container_mt-1] [INFO] [1788748907.033886021] [nvblox_node]: 
[component_container_mt-1] Received request for ESDF with:
[component_container_mt-1] update_esdf: 1
[component_container_mt-1] use_aabb: 1
[component_container_mt-1] visualize_esdf: 0
[component_container_mt-1] aabb_min_m: [-0.43, -5.41, 4.41],
[component_container_mt-1] aabb_size_m: [3.00, 3.00, 3.00]
[component_container_mt-1] [INFO] [1788748907.101593338] [nvblox_node]: Successfully wrote requested ESDF to MultiArrayMsg.
