t_wall,t_sim,exp_id,gt_x,gt_y,gt_z,gt_dyaw_deg,vslam_x,vslam_y,vslam_z,vslam_dyaw_deg,pos_error_m,yaw_error_deg,vo_state,feature_count,msg_age_s
1788691094.836898,34.488000,gate_sweep_poor_medium_r08,-1.3556331396102905e-05,-0.0007013222202658653,0.0010180473327636719,-0.0011921813953780541,0.0,0.0,0.0,0.0,0.001236307810582296,0.0011921813953780541,1,113,1788691060.3488798
1788691094.881222,34.520000,gate_sweep_poor_medium_r08,-1.0661780834197998e-05,-0.0012253732420504093,0.0018099993467330933,-0.0017625009829746144,0.0,0.0,0.0,0.0,0.002185806691150412,0.0017625009829746149,1,113,1788691060.3611977
1788691094.924744,34.552000,gate_sweep_poor_medium_r08,-5.556270480155945e-06,-0.0019146674312651157,0.0028656870126724243,-0.0023228121357904696,0.0,0.0,0.0,0.0,0.003446468380688906,0.0023228121357904696,1,113,1788691060.3727264
1788691094.972986,34.588000,gate_sweep_poor_medium_r08,-2.5389716029167175e-05,-0.002702327910810709,0.004210293292999268,-0.003928836703633012,0.0,0.0,0.0,0.0,0.005002978151891254,0.003928836703633012,1,113,1788691060.3849669
1788691095.016059,34.620000,gate_sweep_poor_medium_r08,-7.076002657413483e-05,-0.00330887408927083,0.0053062885999679565,-0.004324798122874339,0.0,0.0,0.0,0.0,0.006253827102355687,0.0043247981228743395,1,113,1788691060.3960416
1788691095.061161,34.652000,gate_sweep_poor_medium_r08,-0.00010195933282375336,-0.003751498181372881,0.0060899704694747925,-0.004536464963953261,0.0,0.0,0.0,0.0,0.007153451938013488,0.004536464963953261,1,113,1788691060.4091418
1788691095.104431,34.684000,gate_sweep_poor_medium_r08,-0.00014714151620864868,-0.004445595201104879,0.00743517279624939,-0.0049601901591859385,0.0,0.0,0.0,0.0,0.008664107676383407,0.0049601901591859385,1,113,1788691060.4204137
1788691095.147619,34.720000,gate_sweep_poor_medium_r08,-0.0001827441155910492,-0.004904753994196653,0.008546844124794006,-0.004229016094947006,0.0,0.0,0.0,0.0,0.00985588918611086,0.004229016094947006,1,113,1788691060.4275954
1788691095.191457,34.752000,gate_sweep_poor_medium_r08,-0.00020519457757472992,-0.005243381019681692,0.009759604930877686,-0.0045568307657710885,0.0,0.0,0.0,0.0,0.011080841021286982,0.0045568307657710885,1,113,1788691060.4394395
1788691095.237577,34.784000,gate_sweep_poor_medium_r08,-0.00020826980471611023,-0.005494134966284037,0.010971128940582275,-0.005059544881138275,0.0,0.0,0.0,0.0,0.01227169774604082,0.005059544881138276,1,113,1788691060.4535584
1788691095.279801,34.816000,gate_sweep_poor_medium_r08,-0.00019155815243721008,-0.005766517948359251,0.012395724654197693,-0.005667511830800611,0.0,0.0,0.0,0.0,0.013672725166447216,0.005667511830800611,1,113,1788691060.4637823
1788691095.324481,34.852000,gate_sweep_poor_medium_r08,-0.00017242878675460815,-0.005931930150836706,0.013241708278656006,-0.006084334425364085,0.0,0.0,0.0,0.0,0.014510698299459411,0.006084334425364085,1,113,1788691060.472461
1788691095.371400,34.884000,gate_sweep_poor_medium_r08,-0.00015919841825962067,-0.006150106433779001,0.014424711465835571,-0.005544367124545568,0.0,0.0,0.0,0.0,0.0156818829913947,0.005544367124545568,1,113,1788691060.4873817
1788691095.420288,34.916000,gate_sweep_poor_medium_r08,-0.00017644651234149933,-0.006371131632477045,0.015607163310050964,-0.0060193404716349305,0.0,0.0,0.0,0.0,0.016858410311671384,0.0060193404716349305,1,113,1788691060.5042732
1788691095.465380,34.948000,gate_sweep_poor_medium_r08,-0.0002725943922996521,-0.0066769919358193874,0.017191186547279358,-0.005291244445681201,0.0,0.0,0.0,0.0,0.018444333111204348,0.005291244445681201,1,113,1788691060.5173626
1788691095.509774,34.984000,gate_sweep_poor_medium_r08,-0.00041673146188259125,-0.00689493166282773,0.01848730444908142,-0.005680980080256028,0.0,0.0,0.0,0.0,0.01973560674363504,0.005680980080256028,1,113,1788691060.525756
1788691095.553678,35.016000,gate_sweep_poor_medium_r08,-0.0005802717059850693,-0.0070406184531748295,0.019447535276412964,-0.005551564407820242,0.0,0.0,0.0,0.0,0.020690907466403678,0.005551564407820241,1,113,1788691060.5376587
1788691095.598033,35.048000,gate_sweep_poor_medium_r08,-0.0009828079491853714,-0.007280657533556223,0.02101154625415802,-0.006138799228334574,0.0,0.0,0.0,0.0,0.02225890746592323,0.006138799228334574,1,113,1788691060.5500116
1788691095.641773,35.080000,gate_sweep_poor_medium_r08,-0.001405099406838417,-0.007467453833669424,0.022186100482940674,-0.005503120407489362,0.0,0.0,0.0,0.0,0.02345123079371789,0.005503120407489362,1,113,1788691060.5617483
1788691095.687280,35.116000,gate_sweep_poor_medium_r08,-0.0019010882824659348,-0.007685621734708548,0.02330183982849121,-0.0051515642183267004,0.0,0.0,0.0,0.0,0.024610133227989908,0.0051515642183267004,1,113,1788691060.5712621
1788691095.731233,35.148000,gate_sweep_poor_medium_r08,-0.0025962553918361664,-0.008067339193075895,0.024626165628433228,-0.004677306560951017,0.0,0.0,0.0,0.0,0.026043627575182436,0.004677306560951017,1,113,1788691060.583217
1788691095.779305,35.180000,gate_sweep_poor_medium_r08,-0.003193771466612816,-0.008463418576866388,0.025606989860534668,-0.005630222688307929,0.0,0.0,0.0,0.0,0.027157826862724537,0.005630222688307929,1,113,1788691060.5992815
1788691095.825876,35.212000,gate_sweep_poor_medium_r08,-0.003664376214146614,-0.008832423482090235,0.026291370391845703,-0.0055553959065646275,0.0,0.0,0.0,0.0,0.027976338478918276,0.0055553959065646275,1,113,1788691060.613852
1788691095.871756,35.248000,gate_sweep_poor_medium_r08,-0.004458805546164513,-0.009586927015334368,0.02719518542289734,-0.005842663837128036,0.0,0.0,0.0,0.0,0.029178214933090463,0.005842663837128035,1,113,1788691060.6237354
1788691095.914390,35.280000,gate_sweep_poor_medium_r08,-0.005094101652503014,-0.01027325401082635,0.027758091688156128,-0.005709365674580383,0.0,0.0,0.0,0.0,0.03003333604155682,0.005709365674580383,1,113,1788691060.6343682
1788691095.959937,35.312000,gate_sweep_poor_medium_r08,-0.005711859092116356,-0.011047076899558306,0.028203517198562622,-0.006228882352078333,0.0,0.0,0.0,0.0,0.030823718540801737,0.006228882352078333,1,113,1788691060.6479216
1788691096.003370,35.344000,gate_sweep_poor_medium_r08,-0.006449645385146141,-0.012133673299103975,0.028805553913116455,-0.006433719719318641,0.0,0.0,0.0,0.0,0.03191526107624665,0.006433719719318641,1,113,1788691060.6593535
1788691096.045833,35.380000,gate_sweep_poor_medium_r08,-0.007090555503964424,-0.013039412442594767,0.029303908348083496,-0.006881673641857076,0.0,0.0,0.0,0.0,0.032848459608873185,0.006881673641857075,1,113,1788691060.6658163
1788691096.096880,35.412000,gate_sweep_poor_medium_r08,-0.007605269551277161,-0.013768328819423914,0.029615849256515503,-0.006744838275670814,0.0,0.0,0.0,0.0,0.03353364773793648,0.006744838275670815,1,113,1788691060.6848478
1788691096.140025,35.444000,gate_sweep_poor_medium_r08,-0.008293233811855316,-0.014765542466193438,0.02994745969772339,-0.0070424244210654345,0.0,0.0,0.0,0.0,0.03440420488437174,0.0070424244210654345,1,113,1788691060.696004
1788691096.183560,35.476000,gate_sweep_poor_medium_r08,-0.009169068187475204,-0.01604221062734723,0.03019079566001892,-0.007927503563088939,0.0,0.0,0.0,0.0,0.0353964472203604,0.007927503563088939,1,113,1788691060.707543
1788691096.235634,35.512000,gate_sweep_poor_medium_r08,-0.009919952601194382,-0.01704061822965741,0.030295372009277344,-0.008709846222321987,0.0,0.0,0.0,0.0,0.03614689052241397,0.008709846222321987,1,113,1788691060.723615
1788691096.278465,35.544000,gate_sweep_poor_medium_r08,-0.010710325092077255,-0.018004866782575846,0.030369848012924194,-0.00838203778910633,0.0,0.0,0.0,0.0,0.03689463321086684,0.00838203778910633,1,113,1788691060.7344472
1788691096.321994,35.576000,gate_sweep_poor_medium_r08,-0.01132265292108059,-0.01870223181322217,0.030409425497055054,-0.008932199659143093,0.0,0.0,0.0,0.0,0.03745275828330533,0.008932199659143093,1,113,1788691060.7459767
1788691096.367938,35.608000,gate_sweep_poor_medium_r08,-0.012380577623844147,-0.019805228803306818,0.030411750078201294,-0.009917015628699828,0.0,0.0,0.0,0.0,0.03834579941884562,0.009917015628699828,1,113,1788691060.7599204
1788691096.419029,35.644000,gate_sweep_poor_medium_r08,-0.013265689834952354,-0.02061898121610284,0.030363142490386963,-0.010822384051520419,0.0,0.0,0.0,0.0,0.03902616218741861,0.010822384051520419,1,113,1788691060.775011
1788691096.465997,35.676000,gate_sweep_poor_medium_r08,-0.014224400743842125,-0.021349905524402857,0.030279427766799927,-0.011031198404415656,0.0,0.0,0.0,0.0,0.039686216603591715,0.011031198404415656,1,113,1788691060.78998
1788691096.511417,35.708000,gate_sweep_poor_medium_r08,-0.015532532706856728,-0.022147767711430788,0.030202090740203857,-0.011971317564350312,0.0,0.0,0.0,0.0,0.040545646769641966,0.011971317564350312,1,113,1788691060.8033967
1788691096.617004,35.740000,gate_sweep_poor_medium_r08,-0.01670046988874674,-0.022697169799357653,0.030138134956359863,-0.011746435743117864,0.0,0.0,0.0,0.0,0.04125983991793437,0.011746435743117865,1,113,1788691060.8769884
1788691096.667136,35.776000,gate_sweep_poor_medium_r08,-0.017628750763833523,-0.023073541466146708,0.03008916974067688,-0.012286958318166825,0.0,0.0,0.0,0.0,0.04181529989090856,0.012286958318166825,1,113,1788691060.891117
1788691096.716554,35.808000,gate_sweep_poor_medium_r08,-0.019234961830079556,-0.023655636701732874,0.030011475086212158,-0.012383500285508615,0.0,0.0,0.0,0.0,0.042781556086932154,0.012383500285508617,1,113,1788691060.9085345
1788691096.760002,35.840000,gate_sweep_poor_medium_r08,-0.020535835064947605,-0.024124388117343187,0.029872745275497437,-0.012018801642178068,0.0,0.0,0.0,0.0,0.04354408724667099,0.012018801642178068,1,113,1788691060.919981
1788691096.806493,35.872000,gate_sweep_poor_medium_r08,-0.021821560338139534,-0.024599137250334024,0.029635369777679443,-0.012374406884967907,0.0,0.0,0.0,0.0,0.044266840760456706,0.012374406884967906,1,113,1788691060.9344766
1788691096.856907,35.908000,gate_sweep_poor_medium_r08,-0.023332796525210142,-0.02520353952422738,0.029282093048095703,-0.012781288821794464,0.0,0.0,0.0,0.0,0.04513400903435773,0.012781288821794464,1,113,1788691060.948887
1788691096.899366,35.940000,gate_sweep_poor_medium_r08,-0.02448636293411255,-0.02577669220045209,0.029002130031585693,-0.013786422122565265,0.0,0.0,0.0,0.0,0.0458818414724925,0.013786422122565265,1,113,1788691060.959345
1788691096.944909,35.972000,gate_sweep_poor_medium_r08,-0.02533710515126586,-0.026239406783133745,0.028821289539337158,-0.013024265246360172,0.0,0.0,0.0,0.0,0.04648808553261119,0.013024265246360172,1,113,1788691060.9728887
1788691096.988214,36.004000,gate_sweep_poor_medium_r08,-0.026770838303491473,-0.027063727844506502,0.028477489948272705,-0.013551168879150232,0.0,0.0,0.0,0.0,0.04754040999052465,0.013551168879150232,1,113,1788691060.9841943
1788691097.032505,36.040000,gate_sweep_poor_medium_r08,-0.02791247866116464,-0.027714711148291826,0.0282001793384552,-0.013873024812196908,0.0,0.0,0.0,0.0,0.04839898546213813,0.013873024812196908,1,113,1788691060.9924788
1788691097.080595,36.072000,gate_sweep_poor_medium_r08,-0.02904089353978634,-0.028364330995827913,0.027903050184249878,-0.013210643239471083,0.0,0.0,0.0,0.0,0.0492594049904671,0.013210643239471083,1,113,1788691061.0085728
1788691097.131339,36.104000,gate_sweep_poor_medium_r08,-0.030164159805281088,-0.029026076663285494,0.027603119611740112,-0.013238372595155376,0.0,0.0,0.0,0.0,0.050143014224530755,0.013238372595155376,1,113,1788691061.0273232
1788691097.178746,36.136000,gate_sweep_poor_medium_r08,-0.03151641320437193,-0.02991133974865079,0.027266323566436768,-0.012971901822431471,0.0,0.0,0.0,0.0,0.051297416578786406,0.01297190182243147,1,113,1788691061.042731
1788691097.226679,36.172000,gate_sweep_poor_medium_r08,-0.032279515522532165,-0.03048729570582509,0.027121126651763916,-0.01351569845229869,0.0,0.0,0.0,0.0,0.052028817329291994,0.01351569845229869,1,113,1788691061.0546625
1788691097.271220,36.204000,gate_sweep_poor_medium_r08,-0.03322704625315964,-0.03129506902769208,0.026981085538864136,-0.01269929651348668,0.0,0.0,0.0,0.0,0.053022607678358535,0.01269929651348668,1,113,1788691061.067202
1788691097.321504,36.236000,gate_sweep_poor_medium_r08,-0.034105852246284485,-0.0321361874230206,0.026863515377044678,-0.012289856661495104,0.0,0.0,0.0,0.0,0.05401474019141082,0.012289856661495104,1,113,1788691061.0854855
1788691097.367579,36.268000,gate_sweep_poor_medium_r08,-0.03512076660990715,-0.03324255393818021,0.026705682277679443,-0.01190779212547822,0.0,0.0,0.0,0.0,0.05524245745363571,0.01190779212547822,1,113,1788691061.09956
1788691097.417472,36.304000,gate_sweep_poor_medium_r08,-0.03586988151073456,-0.03411659272387624,0.02660199999809265,-0.0120370481905302,0.0,0.0,0.0,0.0,0.05619836921637053,0.0120370481905302,1,113,1788691061.113452
1788691097.465102,36.336000,gate_sweep_poor_medium_r08,-0.03639190923422575,-0.034749012906104326,0.02654203772544861,-0.011641104809115366,0.0,0.0,0.0,0.0,0.05688888048010672,0.011641104809115366,1,113,1788691061.1290803
1788691097.513421,36.368000,gate_sweep_poor_medium_r08,-0.03718376252800226,-0.035740185994654894,0.026569098234176636,-0.010868558595622904,0.0,0.0,0.0,0.0,0.05801646379820748,0.010868558595622904,1,113,1788691061.1453922
1788691097.556240,36.400000,gate_sweep_poor_medium_r08,-0.037715884391218424,-0.0364573304541409,0.026659786701202393,-0.009608030937345961,0.0,0.0,0.0,0.0,0.05884189924031847,0.009608030937345961,1,113,1788691061.156222
1788691097.613585,36.436000,gate_sweep_poor_medium_r08,-0.03813751833513379,-0.03712573694065213,0.026797890663146973,-0.009081513687581297,0.0,0.0,0.0,0.0,0.0595895762037552,0.009081513687581297,1,113,1788691061.1775668
1788691097.659350,36.468000,gate_sweep_poor_medium_r08,-0.03852209635078907,-0.03794968547299504,0.027004539966583252,-0.008989148053880406,0.0,0.0,0.0,0.0,0.06044316101566429,0.008989148053880406,1,113,1788691061.1913307
1788691097.706479,36.500000,gate_sweep_poor_medium_r08,-0.03875527996569872,-0.03860323550179601,0.027219414710998535,-0.008821077142279584,0.0,0.0,0.0,0.0,0.06109892023298068,0.008821077142279584,1,113,1788691061.20646
1788691097.762093,36.532000,gate_sweep_poor_medium_r08,-0.03888366557657719,-0.03909172909334302,0.02740764617919922,-0.007929722910144281,0.0,0.0,0.0,0.0,0.06157338549456728,0.007929722910144281,1,113,1788691061.2300723
1788691097.810894,36.568000,gate_sweep_poor_medium_r08,-0.038994607515633106,-0.039904479403048754,0.027723371982574463,-0.0073550616156846825,0.0,0.0,0.0,0.0,0.062301944157552636,0.0073550616156846825,1,113,1788691061.2428694
1788691097.896315,36.600000,gate_sweep_poor_medium_r08,-0.03903365787118673,-0.04053411306813359,0.027950793504714966,-0.0072835111688643005,0.0,0.0,0.0,0.0,0.0628322180618217,0.0072835111688643005,1,113,1788691061.2962983
1788691097.965451,36.632000,gate_sweep_poor_medium_r08,-0.03902346361428499,-0.04113369854167104,0.02813771367073059,-0.006996389719769295,0.0,0.0,0.0,0.0,0.06329725743496722,0.006996389719769295,1,113,1788691061.3334308
1788691098.016180,36.664000,gate_sweep_poor_medium_r08,-0.038870127871632576,-0.04181455494835973,0.028336822986602783,-0.005947509246194699,0.0,0.0,0.0,0.0,0.06373632702988558,0.005947509246194699,1,113,1788691061.3521547
1788691098.063090,36.700000,gate_sweep_poor_medium_r08,-0.03863025922328234,-0.042274568695575,0.028455734252929688,-0.005649065287811215,0.0,0.0,0.0,0.0,0.06394657846928353,0.005649065287811215,1,113,1788691061.3630729
1788691098.110690,36.732000,gate_sweep_poor_medium_r08,-0.03838468622416258,-0.0425199163146317,0.028521865606307983,-0.0048936953037230484,0.0,0.0,0.0,0.0,0.06399081369692836,0.0048936953037230484,1,113,1788691061.3786693
1788691098.154961,36.764000,gate_sweep_poor_medium_r08,-0.03803402930498123,-0.0427650255151093,0.028576970100402832,-0.005231622390730519,0.0,0.0,0.0,0.0,0.06396935213521736,0.005231622390730518,1,113,1788691061.3909402
1788691098.203518,36.796000,gate_sweep_poor_medium_r08,-0.03751184046268463,-0.042909224051982164,0.028686076402664185,-0.004198445798808759,0.0,0.0,0.0,0.0,0.06380619611777993,0.004198445798808759,1,113,1788691061.407495
1788691098.248658,36.832000,gate_sweep_poor_medium_r08,-0.03703243285417557,-0.04293221281841397,0.028775036334991455,-0.003969243669717349,0.0,0.0,0.0,0.0,0.06358127630572297,0.003969243669717349,1,113,1788691061.4166367
1788691098.291665,36.864000,gate_sweep_poor_medium_r08,-0.036488613579422235,-0.04289553361013532,0.02881529927253723,-0.0028311386769165983,0.0,0.0,0.0,0.0,0.06325952257812677,0.002831138676916598,1,113,1788691061.4276443
1788691098.335103,36.896000,gate_sweep_poor_medium_r08,-0.036030801478773355,-0.0428502750582993,0.02885189652442932,-0.0030019283843313394,0.0,0.0,0.0,0.0,0.06298251075362954,0.0030019283843313394,1,113,1788691061.4390824
1788691098.385380,36.928000,gate_sweep_poor_medium_r08,-0.03520353231579065,-0.042773247230798006,0.02893725037574768,-0.0033326820928356177,0.0,0.0,0.0,0.0,0.06249963060278513,0.003332682092835618,1,113,1788691061.4573581
1788691098.428950,36.964000,gate_sweep_poor_medium_r08,-0.0345501690171659,-0.04270493658259511,0.029080718755722046,-0.002471172790926556,0.0,0.0,0.0,0.0,0.062153953944922964,0.002471172790926556,1,113,1788691061.4649298
1788691098.472822,36.996000,gate_sweep_poor_medium_r08,-0.033889367477968335,-0.04265096830204129,0.02918657660484314,-0.0025697831682408787,0.0,0.0,0.0,0.0,0.06180170369066605,0.0025697831682408787,1,113,1788691061.4768028
1788691098.518835,37.028000,gate_sweep_poor_medium_r08,-0.033054821426048875,-0.04260787786915898,0.02930670976638794,-0.0012267997066812441,0.0,0.0,0.0,0.0,0.06137536731745437,0.001226799706681244,1,113,1788691061.4908133
1788691098.567141,37.060000,gate_sweep_poor_medium_r08,-0.03236815007403493,-0.04258600668981671,0.02945566177368164,-0.0008100266075916673,0.0,0.0,0.0,0.0,0.0610647288991435,0.0008100266075916673,1,113,1788691061.507123
1788691098.612771,37.096000,gate_sweep_poor_medium_r08,-0.03186909854412079,-0.042580578941851854,0.02955073118209839,-0.0013496453631843342,0.0,0.0,0.0,0.0,0.06084398785775634,0.0013496453631843344,1,113,1788691061.5167549
1788691098.661538,37.128000,gate_sweep_poor_medium_r08,-0.03106647782260552,-0.04256808431819081,0.029670238494873047,-0.0011685295450110096,0.0,0.0,0.0,0.0,0.060477193215010314,0.0011685295450110096,1,113,1788691061.5335174
1788691098.705850,37.160000,gate_sweep_poor_medium_r08,-0.030460435889835935,-0.04251154186204076,0.02968326210975647,-0.0008709089727080897,0.0,0.0,0.0,0.0,0.060134560741418513,0.0008709089727080897,1,113,1788691061.5458305
1788691098.749149,37.192000,gate_sweep_poor_medium_r08,-0.029931490047601983,-0.04239452676847577,0.029717355966567993,0.0005811569552402353,0.0,0.0,0.0,0.0,0.05980226786699999,0.0005811569552402353,1,113,1788691061.5571313
1788691098.796135,37.228000,gate_sweep_poor_medium_r08,-0.02939294360112399,-0.04216666566208005,0.02980634570121765,0.0012949590885717869,0.0,0.0,0.0,0.0,0.05941709409468787,0.0012949590885717869,1,113,1788691061.5681164
1788691098.843560,37.260000,gate_sweep_poor_medium_r08,-0.029068770934827626,-0.04193003894761205,0.029954463243484497,9.250464419265311e-05,0.0,0.0,0.0,0.0,0.05916410633158424,9.250464419265311e-05,1,113,1788691061.5835419
1788691098.888897,37.292000,gate_sweep_poor_medium_r08,-0.028882248559966683,-0.04175088228657842,0.03009888529777527,-0.0006692502390186796,0.0,0.0,0.0,0.0,0.05901917781328419,0.0006692502390186796,1,113,1788691061.5968757
1788691098.933993,37.324000,gate_sweep_poor_medium_r08,-0.02865757409017533,-0.04143368126824498,0.03046324849128723,-0.0011582006112970489,0.0,0.0,0.0,0.0,0.05887288004518139,0.0011582006112970489,1,113,1788691061.609974
1788691098.978046,37.360000,gate_sweep_poor_medium_r08,-0.02850044087972492,-0.04117110790684819,0.030694156885147095,-0.0019748110640003887,0.0,0.0,0.0,0.0,0.05873215919329082,0.0019748110640003887,1,113,1788691061.6180265
1788691099.023792,37.392000,gate_sweep_poor_medium_r08,-0.028371928725391626,-0.04087661253288388,0.03094431757926941,-0.0017767180721388193,0.0,0.0,0.0,0.0,0.058595346079777566,0.0017767180721388193,1,113,1788691061.631772
1788691099.067362,37.424000,gate_sweep_poor_medium_r08,-0.02827249700203538,-0.04054438741877675,0.031206995248794556,-0.0022382541198171613,0.0,0.0,0.0,0.0,0.058455607005250126,0.0022382541198171613,1,113,1788691061.6433425
1788691099.114700,37.456000,gate_sweep_poor_medium_r08,-0.02815713337622583,-0.040089909452944994,0.031679391860961914,-0.0025389908306673826,0.0,0.0,0.0,0.0,0.05834045653397202,0.002538990830667382,1,113,1788691061.6586812
1788691099.156004,37.492000,gate_sweep_poor_medium_r08,-0.028093932662159204,-0.03981211455538869,0.031973063945770264,-0.0029868659897238675,0.0,0.0,0.0,0.0,0.05827993081565593,0.0029868659897238675,1,113,1788691061.6639855
1788691099.204014,37.524000,gate_sweep_poor_medium_r08,-0.028017122065648437,-0.03946927236393094,0.032379865646362305,-0.0029321649193959666,0.0,0.0,0.0,0.0,0.058234339431782696,0.0029321649193959666,1,113,1788691061.6799877
1788691099.248088,37.556000,gate_sweep_poor_medium_r08,-0.027943606255576015,-0.03915046947076917,0.032783180475234985,-0.0028019516144240464,0.0,0.0,0.0,0.0,0.0582094606779699,0.0028019516144240464,1,113,1788691061.69207
1788691099.292469,37.588000,gate_sweep_poor_medium_r08,-0.027826475678011775,-0.0386909288354218,0.03330942988395691,-0.0031470118435731258,0.0,0.0,0.0,0.0,0.058144809243825854,0.0031470118435731258,1,113,1788691061.7044525
1788691099.341106,37.624000,gate_sweep_poor_medium_r08,-0.027739612152799964,-0.03826215909793973,0.03373223543167114,-0.0036358372193647185,0.0,0.0,0.0,0.0,0.05806326384592507,0.0036358372193647185,1,113,1788691061.7170866
1788691099.385833,37.656000,gate_sweep_poor_medium_r08,-0.0276854254771024,-0.037931465078145266,0.03400743007659912,-0.003967281881403069,0.0,0.0,0.0,0.0,0.05798089450187469,0.00396728188140307,1,113,1788691061.7298124
1788691099.431311,37.688000,gate_sweep_poor_medium_r08,-0.02759504527784884,-0.037374739069491625,0.03450828790664673,-0.0045996370252603235,0.0,0.0,0.0,0.0,0.057872096718946796,0.0045996370252603235,1,113,1788691061.7432947
1788691099.474842,37.720000,gate_sweep_poor_medium_r08,-0.027499468997120857,-0.036897209007292986,0.03493615984916687,-0.005798862006682078,0.0,0.0,0.0,0.0,0.05777681275960117,0.005798862006682078,1,113,1788691061.7548265
1788691099.521183,37.756000,gate_sweep_poor_medium_r08,-0.02734583825804293,-0.036345422733575106,0.03553372621536255,-0.006755743804085837,0.0,0.0,0.0,0.0,0.05771854400853911,0.006755743804085837,1,113,1788691061.7651644
1788691099.572077,37.788000,gate_sweep_poor_medium_r08,-0.027048972668126225,-0.035563983488827944,0.03629922866821289,-0.006451415880573308,0.0,0.0,0.0,0.0,0.057568027983437776,0.006451415880573308,1,113,1788691061.7840564
1788691099.617496,37.820000,gate_sweep_poor_medium_r08,-0.026754011400043964,-0.03494281740859151,0.03690096735954285,-0.006106638705605321,0.0,0.0,0.0,0.0,0.05743221227250344,0.006106638705605321,1,113,1788691061.7974765
1788691099.668932,37.852000,gate_sweep_poor_medium_r08,-0.026488484349101782,-0.034499809611588717,0.037295758724212646,-0.006827581429549518,0.0,0.0,0.0,0.0,0.057296162918324324,0.006827581429549518,1,113,1788691061.8169062
1788691099.720901,37.888000,gate_sweep_poor_medium_r08,-0.025977347046136856,-0.0338347633369267,0.03794702887535095,-0.007076760058465782,0.0,0.0,0.0,0.0,0.05709282590735891,0.007076760058465782,1,113,1788691061.832881
1788691099.767843,37.920000,gate_sweep_poor_medium_r08,-0.025569296441972256,-0.0333864432759583,0.038409680128097534,-0.008047147128071586,0.0,0.0,0.0,0.0,0.056953902787245464,0.008047147128071586,1,113,1788691061.8478224
1788691099.817916,37.952000,gate_sweep_poor_medium_r08,-0.02513605123385787,-0.03301112400367856,0.038845211267471313,-0.0074179532971744904,0.0,0.0,0.0,0.0,0.056837538810471475,0.0074179532971744904,1,113,1788691061.8658946
1788691099.866134,37.984000,gate_sweep_poor_medium_r08,-0.024508388713002205,-0.03259121300652623,0.03939533233642578,-0.00812842921813097,0.0,0.0,0.0,0.0,0.05669956342373205,0.00812842921813097,1,113,1788691061.8821146
1788691099.911056,38.020000,gate_sweep_poor_medium_r08,-0.023882428649812937,-0.03221615822985768,0.039847612380981445,-0.007947291873732176,0.0,0.0,0.0,0.0,0.05653391426187982,0.007947291873732174,1,113,1788691061.8910346
1788691099.956354,38.052000,gate_sweep_poor_medium_r08,-0.02333970507606864,-0.031905066687613726,0.04017716646194458,-0.0074040719727226124,0.0,0.0,0.0,0.0,0.056363816569584314,0.007404071972722611,1,113,1788691061.9043317
1788691099.999483,38.084000,gate_sweep_poor_medium_r08,-0.022581588476896286,-0.031476319301873446,0.04060429334640503,-0.007643171436506362,0.0,0.0,0.0,0.0,0.056119474811283626,0.007643171436506362,1,113,1788691061.9154654
1788691100.044032,38.116000,gate_sweep_poor_medium_r08,-0.021509040147066116,-0.030890480149537325,0.04113808274269104,-0.008572585725186314,0.0,0.0,0.0,0.0,0.05576022259336449,0.008572585725186314,1,113,1788691061.9280167
1788691100.089826,38.152000,gate_sweep_poor_medium_r08,-0.0205847704783082,-0.030402008909732103,0.04159626364707947,-0.008763508536194058,0.0,0.0,0.0,0.0,0.055482105861163956,0.008763508536194058,1,113,1788691061.9378085
1788691100.135767,38.184000,gate_sweep_poor_medium_r08,-0.019642172381281853,-0.029916052240878344,0.042053669691085815,-0.008773719890119333,0.0,0.0,0.0,0.0,0.0552204332835401,0.008773719890119333,1,113,1788691061.9517474
1788691100.179058,38.216000,gate_sweep_poor_medium_r08,-0.018942070193588734,-0.02955006482079625,0.04236617684364319,-0.010007102030524411,0.0,0.0,0.0,0.0,0.055017281780172955,0.010007102030524411,1,113,1788691061.9630399
1788691100.226229,38.248000,gate_sweep_poor_medium_r08,-0.017804868519306183,-0.028924063313752413,0.042857229709625244,-0.011110378044010927,0.0,0.0,0.0,0.0,0.05468415602303215,0.011110378044010927,1,113,1788691061.9782064
1788691100.270340,38.284000,gate_sweep_poor_medium_r08,-0.016928845085203648,-0.02841091575101018,0.043244510889053345,-0.011725569715895329,0.0,0.0,0.0,0.0,0.05444128627947061,0.011725569715895329,1,113,1788691061.9863117
1788691100.317739,38.316000,gate_sweep_poor_medium_r08,-0.016072364524006844,-0.02787809493020177,0.04362770915031433,-0.011968164128630967,0.0,0.0,0.0,0.0,0.054211494021418706,0.011968164128630967,1,113,1788691062.0017083
1788691100.361919,38.348000,gate_sweep_poor_medium_r08,-0.01503016334027052,-0.027204748708754778,0.04412198066711426,-0.012562684699464154,0.0,0.0,0.0,0.0,0.05396992996410974,0.012562684699464154,1,113,1788691062.0139022
1788691100.413749,38.380000,gate_sweep_poor_medium_r08,-0.014193505048751831,-0.026653428096324205,0.04452267289161682,-0.01370080409930455,0.0,0.0,0.0,0.0,0.053797111597824465,0.01370080409930455,1,113,1788691062.033731
1788691100.461402,38.416000,gate_sweep_poor_medium_r08,-0.013561243191361427,-0.026226811576634645,0.0448167622089386,-0.013646119820547314,0.0,0.0,0.0,0.0,0.053668381168655445,0.013646119820547314,1,113,1788691062.0453832
1788691100.506561,38.448000,gate_sweep_poor_medium_r08,-0.01248406246304512,-0.025486404541879892,0.04532802104949951,-0.014015303952952854,0.0,0.0,0.0,0.0,0.05347932426945425,0.014015303952952854,1,113,1788691062.058545
1788691100.555668,38.480000,gate_sweep_poor_medium_r08,-0.01156701147556305,-0.02488967264071107,0.04576677083969116,-0.014394756744720108,0.0,0.0,0.0,0.0,0.05336561506935316,0.014394756744720108,1,113,1788691062.075647
1788691100.604125,38.512000,gate_sweep_poor_medium_r08,-0.010613232851028442,-0.024306960869580507,0.0462518036365509,-0.014951777623655628,0.0,0.0,0.0,0.0,0.05331696163416976,0.014951777623655627,1,113,1788691062.092104
1788691100.650300,38.548000,gate_sweep_poor_medium_r08,-0.009444005787372589,-0.023627685848623514,0.046911418437957764,-0.014596765784924774,0.0,0.0,0.0,0.0,0.05336794884323674,0.014596765784924774,1,113,1788691062.1022806
1788691100.695793,38.580000,gate_sweep_poor_medium_r08,-0.008512578904628754,-0.02317446330562234,0.04744759202003479,-0.014361279325521626,0.0,0.0,0.0,0.0,0.05348638833956575,0.014361279325521626,1,113,1788691062.1157749
1788691100.743068,38.612000,gate_sweep_poor_medium_r08,-0.007822833955287933,-0.02288793819025159,0.047827720642089844,-0.014327229796066628,0.0,0.0,0.0,0.0,0.05359613146030756,0.014327229796066631,1,113,1788691062.131048
1788691100.790322,38.644000,gate_sweep_poor_medium_r08,-0.0066563282161951065,-0.022574006114155054,0.0484558641910553,-0.014159801940986882,0.0,0.0,0.0,0.0,0.05386894496707374,0.014159801940986878,1,103,1788691062.1463003
1788691100.840665,38.680000,gate_sweep_poor_medium_r08,-0.0057113803923130035,-0.02246640855446458,0.04896730184555054,-0.013695121087253043,0.0,0.0,0.0,0.0,0.05417708029559246,0.013695121087253043,1,98,1788691062.1606455
1788691100.884694,38.712000,gate_sweep_poor_medium_r08,-0.004783002659678459,-0.022517519537359476,0.04947736859321594,-0.014491460380632782,0.0,0.0,0.0,0.0,0.054570374778507874,0.014491460380632778,1,92,1788691062.1726716
1788691100.928410,38.744000,gate_sweep_poor_medium_r08,-0.0038673188537359238,-0.02271972270682454,0.05010116100311279,-0.014593687599927739,0.0,0.0,0.0,0.0,0.05514769522701098,0.014593687599927739,1,86,1788691062.1843877
1788691100.982005,38.776000,gate_sweep_poor_medium_r08,-0.0027046557515859604,-0.023155117873102427,0.05102643370628357,-0.015355011625371957,0.0,0.0,0.0,0.0,0.056099657603532714,0.015355011625371957,1,85,1788691062.205984
1788691101.029638,38.812000,gate_sweep_poor_medium_r08,-0.0020088404417037964,-0.02347866492345929,0.051632463932037354,-0.01568966676895888,0.0,0.0,0.0,0.0,0.05675556781674764,0.01568966676895888,1,85,1788691062.2176185
1788691101.079582,38.844000,gate_sweep_poor_medium_r08,-0.001094253733754158,-0.023946980480104685,0.05239957571029663,-0.015993939571174346,0.0,0.0,0.0,0.0,0.057622658737405186,0.015993939571174346,1,85,1788691062.2355645
1788691101.131740,38.876000,gate_sweep_poor_medium_r08,-0.00020555593073368073,-0.024443377275019884,0.053105294704437256,-0.01651651222004966,0.0,0.0,0.0,0.0,0.05846104062959152,0.01651651222004966,1,82,1788691062.2557194
1788691101.172890,38.908000,gate_sweep_poor_medium_r08,0.000825902447104454,-0.025121031794697046,0.0539078414440155,-0.01735297715369377,0.0,0.0,0.0,0.0,0.059479439493285644,0.01735297715369377,1,81,1788691062.2648609
1788691101.218432,38.944000,gate_sweep_poor_medium_r08,0.0015639383345842361,-0.02569332392886281,0.05445659160614014,-0.016994296637035996,0.0,0.0,0.0,0.0,0.06023382079019883,0.016994296637035996,1,81,1788691062.2744095
1788691101.267054,38.976000,gate_sweep_poor_medium_r08,0.002072533592581749,-0.02614617021754384,0.05482056736946106,-0.017054985537331476,0.0,0.0,0.0,0.0,0.06077180447581571,0.017054985537331476,1,81,1788691062.2910323
1788691101.318075,39.008000,gate_sweep_poor_medium_r08,0.002810383215546608,-0.02693568216636777,0.055415958166122437,-0.018967800377298862,0.0,0.0,0.0,0.0,0.06167947508738414,0.018967800377298866,1,81,1788691062.310053
1788691101.366127,39.040000,gate_sweep_poor_medium_r08,0.0032715629786252975,-0.02754603372886777,0.055820465087890625,-0.018851758692849142,0.0,0.0,0.0,0.0,0.062333068439981744,0.01885175869284914,1,80,1788691062.326106
1788691101.409841,39.076000,gate_sweep_poor_medium_r08,0.003624865785241127,-0.028128568548709154,0.05613955855369568,-0.01940858452129342,0.0,0.0,0.0,0.0,0.0628967889098026,0.01940858452129342,1,79,1788691062.3338113
1788691101.458638,39.108000,gate_sweep_poor_medium_r08,0.003939425572752953,-0.028827492613345385,0.05641067028045654,-0.020330487961280026,0.0,0.0,0.0,0.0,0.06347209722158333,0.020330487961280026,1,79,1788691062.3506172
1788691101.508297,39.140000,gate_sweep_poor_medium_r08,0.004100928083062172,-0.029367916751652956,0.056685060262680054,-0.020651476805188883,0.0,0.0,0.0,0.0,0.06397255819848176,0.020651476805188883,1,78,1788691062.3682768
1788691101.555928,39.172000,gate_sweep_poor_medium_r08,0.004142267629504204,-0.029760197270661592,0.05695849657058716,-0.020808465484781914,0.0,0.0,0.0,0.0,0.06439796622786097,0.020808465484781914,1,78,1788691062.3839092
1788691101.605618,39.208000,gate_sweep_poor_medium_r08,0.003996299579739571,-0.030411746818572283,0.05738639831542969,-0.020938066876204826,0.0,0.0,0.0,0.0,0.0650695279413115,0.020938066876204826,1,78,1788691062.3975894
1788691101.651434,39.240000,gate_sweep_poor_medium_r08,0.003735007718205452,-0.03096138732507825,0.05765858292579651,-0.021146529661789874,0.0,0.0,0.0,0.0,0.06555204018762134,0.021146529661789874,1,78,1788691062.4114175
1788691101.696456,39.272000,gate_sweep_poor_medium_r08,0.003385370597243309,-0.03150905342772603,0.05786284804344177,-0.021969686507109662,0.0,0.0,0.0,0.0,0.0659726486181236,0.021969686507109662,1,78,1788691062.4244382
1788691101.743538,39.304000,gate_sweep_poor_medium_r08,0.002838270738720894,-0.03214432718232274,0.058085620403289795,-0.02238669371876504,0.0,0.0,0.0,0.0,0.06644736901056028,0.02238669371876504,1,78,1788691062.4395216
1788691101.791299,39.340000,gate_sweep_poor_medium_r08,0.002345168963074684,-0.03256072523072362,0.05818614363670349,-0.022284012857660365,0.0,0.0,0.0,0.0,0.06671827303166007,0.022284012857660365,1,77,1788691062.4512734
1788691101.835622,39.372000,gate_sweep_poor_medium_r08,0.0019328203052282333,-0.032815028447657824,0.05822882056236267,-0.021652317628568032,0.0,0.0,0.0,0.0,0.06686671391983252,0.021652317628568032,1,77,1788691062.4636025
1788691101.880046,39.404000,gate_sweep_poor_medium_r08,0.0013442691415548325,-0.033111915457993746,0.05835101008415222,-0.02131740707849516,0.0,0.0,0.0,0.0,0.06710474187911832,0.02131740707849516,1,77,1788691062.4760242
1788691101.927764,39.436000,gate_sweep_poor_medium_r08,0.0005003567785024643,-0.03343942807987332,0.05850514769554138,-0.01936697259245081,0.0,0.0,0.0,0.0,0.06738915353446669,0.01936697259245081,1,77,1788691062.4917421
1788691101.970910,39.472000,gate_sweep_poor_medium_r08,-0.00019591860473155975,-0.0337078464217484,0.0585879385471344,-0.019459529003372927,0.0,0.0,0.0,0.0,0.0675929274236192,0.019459529003372927,1,77,1788691062.498887
1788691102.019764,39.504000,gate_sweep_poor_medium_r08,-0.0009202957153320312,-0.03401110740378499,0.05863150954246521,-0.019001773403469483,0.0,0.0,0.0,0.0,0.06778831965953755,0.019001773403469483,1,77,1788691062.5157375
1788691102.066573,39.536000,gate_sweep_poor_medium_r08,-0.0014691520482301712,-0.03428147779777646,0.05864420533180237,-0.01887191859021005,0.0,0.0,0.0,0.0,0.06794498470629644,0.018871918590210052,1,77,1788691062.5305488
1788691102.110393,39.568000,gate_sweep_poor_medium_r08,-0.002403348684310913,-0.03484394075348973,0.058613747358322144,-0.017809171114412138,0.0,0.0,0.0,0.0,0.0682308410582509,0.017809171114412138,1,77,1788691062.542375
1788691102.159502,39.604000,gate_sweep_poor_medium_r08,-0.003186684101819992,-0.035343766678124666,0.058547019958496094,-0.017529681784219025,0.0,0.0,0.0,0.0,0.06846232792261046,0.01752968178421902,1,77,1788691062.5554829
1788691102.202122,39.636000,gate_sweep_poor_medium_r08,-0.004009723663330078,-0.03588995756581426,0.0584276020526886,-0.01732112216412452,0.0,0.0,0.0,0.0,0.06868734686650488,0.01732112216412452,1,77,1788691062.5661051
1788691102.249832,39.668000,gate_sweep_poor_medium_r08,-0.005094900727272034,-0.03660494880750775,0.05814671516418457,-0.01659353880056765,0.0,0.0,0.0,0.0,0.0688979010928913,0.01659353880056765,1,77,1788691062.581812
1788691102.297092,39.700000,gate_sweep_poor_medium_r08,-0.006060739979147911,-0.03719327272847295,0.05779227614402771,-0.015558250472698687,0.0,0.0,0.0,0.0,0.06899289301991159,0.015558250472698687,1,77,1788691062.5970714
1788691102.339998,39.736000,gate_sweep_poor_medium_r08,-0.006853001192212105,-0.0376295899040997,0.057472288608551025,-0.015175750219897812,0.0,0.0,0.0,0.0,0.06903632101724255,0.015175750219897812,1,77,1788691062.6039784
1788691102.385642,39.768000,gate_sweep_poor_medium_r08,-0.008304374292492867,-0.03832461731508374,0.05678683519363403,-0.014307838411912016,0.0,0.0,0.0,0.0,0.06901074971369595,0.014307838411912016,1,77,1788691062.6176236
1788691102.434556,39.800000,gate_sweep_poor_medium_r08,-0.009548520669341087,-0.03885808261111379,0.056146442890167236,-0.013440083286091862,0.0,0.0,0.0,0.0,0.06894597798569391,0.013440083286091862,1,77,1788691062.634534
1788691102.478980,39.832000,gate_sweep_poor_medium_r08,-0.010878097265958786,-0.039349999744445086,0.055444687604904175,-0.011865411737008943,0.0,0.0,0.0,0.0,0.06885396766796306,0.011865411737008945,1,77,1788691062.6469517
1788691102.522187,39.868000,gate_sweep_poor_medium_r08,-0.012619990855455399,-0.03994806529954076,0.054492950439453125,-0.010885081766112489,0.0,0.0,0.0,0.0,0.06873568023934036,0.010885081766112489,1,77,1788691062.6541677
1788691102.570300,39.900000,gate_sweep_poor_medium_r08,-0.014067716896533966,-0.04045821772888303,0.05371376872062683,-0.009713774447409715,0.0,0.0,0.0,0.0,0.06870179757947911,0.009713774447409715,1,77,1788691062.670279
1788691102.620375,39.932000,gate_sweep_poor_medium_r08,-0.015158695168793201,-0.04084724234417081,0.05316779017448425,-0.009044623556281349,0.0,0.0,0.0,0.0,0.06873934214394112,0.009044623556281349,1,77,1788691062.6883545
1788691102.665723,39.964000,gate_sweep_poor_medium_r08,-0.017035561613738537,-0.041534189600497484,0.052343398332595825,-0.007114460639190596,0.0,0.0,0.0,0.0,0.06895745510291364,0.007114460639190596,1,77,1788691062.7016735
1788691102.710570,40.000000,gate_sweep_poor_medium_r08,-0.018556436523795128,-0.0421084207482636,0.05177658796310425,-0.005837049824821748,0.0,0.0,0.0,0.0,0.06926958564532854,0.005837049824821748,1,77,1788691062.7105436
1788691102.756824,40.032000,gate_sweep_poor_medium_r08,-0.02008018083870411,-0.042668786365538836,0.05128985643386841,-0.004491439567554293,0.0,0.0,0.0,0.0,0.06967415851971148,0.004491439567554293,1,77,1788691062.7248046
1788691102.803648,40.064000,gate_sweep_poor_medium_r08,-0.0215606065467,-0.04321131529286504,0.05086195468902588,-0.0036549575733019627,0.0,0.0,0.0,0.0,0.07013569675129432,0.0036549575733019627,1,77,1788691062.7396293
1788691102.851798,40.096000,gate_sweep_poor_medium_r08,-0.02325926162302494,-0.043883532751351595,0.050413817167282104,-0.002541846294390377,0.0,0.0,0.0,0.0,0.07076941895595452,0.002541846294390377,1,77,1788691062.75578
1788691102.902576,40.132000,gate_sweep_poor_medium_r08,-0.02419537166133523,-0.044261225033551455,0.050169795751571655,-0.0014762730421326797,0.0,0.0,0.0,0.0,0.07114408237552329,0.0014762730421326797,1,77,1788691062.7705572
1788691102.949033,40.164000,gate_sweep_poor_medium_r08,-0.025368676986545324,-0.04475210653617978,0.04981985688209534,-0.0009814636265331781,0.0,0.0,0.0,0.0,0.07161242176623914,0.0009814636265331781,1,77,1788691062.7850142
1788691102.992277,40.196000,gate_sweep_poor_medium_r08,-0.02648071339353919,-0.04524043248966336,0.049469560384750366,0.0007337477453204781,0.0,0.0,0.0,0.0,0.07207747441706748,0.0007337477453204781,1,77,1788691062.7962582
1788691103.040588,40.228000,gate_sweep_poor_medium_r08,-0.027780172880738974,-0.045839488971978426,0.048976629972457886,0.000767478092509167,0.0,0.0,0.0,0.0,0.07260652200701351,0.000767478092509167,1,77,1788691062.8125699
1788691103.086438,40.264000,gate_sweep_poor_medium_r08,-0.02873773593455553,-0.04628490703180432,0.04856708645820618,0.0016632951388724504,0.0,0.0,0.0,0.0,0.07298569704144701,0.0016632951388724504,1,77,1788691062.8224201
1788691103.134406,40.296000,gate_sweep_poor_medium_r08,-0.029412604169920087,-0.046591215301305056,0.04828202724456787,0.0020015492602749817,0.0,0.0,0.0,0.0,0.07325978966768985,0.0020015492602749813,1,77,1788691062.8383853
1788691103.181787,40.328000,gate_sweep_poor_medium_r08,-0.030450886693870416,-0.04705413477495313,0.04787752032279968,0.003077782133111978,0.0,0.0,0.0,0.0,0.07371299106753493,0.003077782133111978,1,77,1788691062.8537614
1788691103.225194,40.360000,gate_sweep_poor_medium_r08,-0.031186184380203485,-0.047375180292874575,0.047570884227752686,0.004211841207900584,0.0,0.0,0.0,0.0,0.07402685208887833,0.004211841207900584,1,77,1788691062.8651752
1788691103.273896,40.396000,gate_sweep_poor_medium_r08,-0.031797533738426864,-0.04768855543807149,0.047264277935028076,0.005008125764282529,0.0,0.0,0.0,0.0,0.07429127432165902,0.005008125764282529,1,77,1788691062.877874
1788691103.319694,40.428000,gate_sweep_poor_medium_r08,-0.03238066448830068,-0.04806489543989301,0.0468192994594574,0.005606062429260797,0.0,0.0,0.0,0.0,0.07450361339039935,0.005606062429260797,1,77,1788691062.891669
1788691103.361619,40.460000,gate_sweep_poor_medium_r08,-0.0327113086823374,-0.048335418570786715,0.046429574489593506,0.007000307248211342,0.0,0.0,0.0,0.0,0.07457913777598282,0.007000307248211342,1,77,1788691062.9015975
1788691103.407159,40.492000,gate_sweep_poor_medium_r08,-0.032851602882146835,-0.04851935477927327,0.046136170625686646,0.007226075770232431,0.0,0.0,0.0,0.0,0.07457815927016258,0.007226075770232431,1,77,1788691062.9151394
1788691103.450674,40.528000,gate_sweep_poor_medium_r08,-0.03290093317627907,-0.04880102025344968,0.045667678117752075,0.006515836599187915,0.0,0.0,0.0,0.0,0.07449528714163198,0.006515836599187915,1,77,1788691062.9226565
1788691103.495722,40.560000,gate_sweep_poor_medium_r08,-0.03282707370817661,-0.049007896799594164,0.04531651735305786,0.005993103550211325,0.0,0.0,0.0,0.0,0.07438398659638865,0.005993103550211325,1,77,1788691062.9357047
1788691103.543457,40.592000,gate_sweep_poor_medium_r08,-0.032657644944265485,-0.04916955204680562,0.04498150944709778,0.005850091180987972,0.0,0.0,0.0,0.0,0.07421255159289823,0.005850091180987972,1,77,1788691062.9514363
1788691103.588734,40.624000,gate_sweep_poor_medium_r08,-0.03232917713467032,-0.04932381631806493,0.04458141326904297,0.004487450898930062,0.0,0.0,0.0,0.0,0.0739291347132394,0.004487450898930063,1,77,1788691062.9647129
1788691103.636410,40.660000,gate_sweep_poor_medium_r08,-0.03196803282480687,-0.049430437851697206,0.04432299733161926,0.004009539515667873,0.0,0.0,0.0,0.0,0.0736875254120883,0.0040095395156678725,1,77,1788691062.976386
1788691103.685764,40.692000,gate_sweep_poor_medium_r08,-0.031657676212489605,-0.049500149209052324,0.04414966702461243,0.0037056757054762025,0.0,0.0,0.0,0.0,0.07349602937082672,0.0037056757054762025,1,77,1788691062.993745
1788691103.731923,40.724000,gate_sweep_poor_medium_r08,-0.031218488118611276,-0.049596570897847414,0.04392823576927185,0.003084107182451964,0.0,0.0,0.0,0.0,0.073240041937712,0.003084107182451964,1,77,1788691063.0079007
1788691103.779377,40.756000,gate_sweep_poor_medium_r08,-0.03049989500141237,-0.0497038927860558,0.04360991716384888,0.001555410474132523,0.0,0.0,0.0,0.0,0.07281857886709044,0.001555410474132523,1,77,1788691063.0233521
1788691103.826027,40.792000,gate_sweep_poor_medium_r08,-0.0297950318781659,-0.04975115926936269,0.043316543102264404,0.0011654812208551574,0.0,0.0,0.0,0.0,0.0723826269183203,0.0011654812208551574,1,77,1788691063.0340066
1788691103.869571,40.824000,gate_sweep_poor_medium_r08,-0.028976428671739995,-0.04978033201768994,0.04301390051841736,-0.0010607986597297332,0.0,0.0,0.0,0.0,0.07188818061523179,0.0010607986597297332,1,77,1788691063.0455472
1788691103.917681,40.856000,gate_sweep_poor_medium_r08,-0.02828352409414947,-0.04979734541848302,0.04279249906539917,-0.0020017495255353055,0.0007805377244949341,-0.0003837365657091141,-7.176399230957031e-05,-0.00010703824853286558,0.071580510453149,0.0018947112770024397,1,70,1788691063.0616617
1788691103.962967,40.888000,gate_sweep_poor_medium_r08,-0.026938696391880512,-0.04982566135004163,0.04248395562171936,-0.003035691875291586,0.0019723097793757915,-4.446308594197035e-05,9.283437975682318e-06,-0.00993521037224056,0.07154097955410248,0.006899518496948973,1,59,1788691063.0749414
1788691104.006773,40.924000,gate_sweep_poor_medium_r08,-0.02571664098650217,-0.04981875093653798,0.042304158210754395,-0.0034739453336281975,0.001731201191432774,0.0009442532900720835,-0.0011371519649401307,-0.015973115826424654,0.07223166942634343,0.012499170492796459,1,56,1788691063.0827534
1788691104.061458,40.956000,gate_sweep_poor_medium_r08,-0.024043891578912735,-0.04978752555325627,0.042118728160858154,0.004926502804273684,0.0008348738774657249,0.0017000825610011816,-0.0018351073376834393,-0.02091927474556804,0.07212396560779014,0.025845777549841725,1,54,1788691063.1054432
1788691104.099299,40.988000,gate_sweep_poor_medium_r08,-0.02261848235502839,-0.04978870274499059,0.04203343391418457,0.004460853181653058,-0.00038611888885498047,0.000644632731564343,-0.00016687740571796894,-0.004654395848108598,0.06941660887769922,0.009115249029761657,1,144,1788691063.1112704
1788691104.144824,41.020000,gate_sweep_poor_medium_r08,-0.02108718454837799,-0.04981688456609845,0.04202204942703247,0.0038162672380268364,-0.00014377424668055028,0.0014608957571908832,-0.000934555777348578,-0.01026310763088642,0.07009498641581881,0.014079374868913254,1,96,1788691063.1248038
1788691104.192750,41.056000,gate_sweep_poor_medium_r08,-0.01987467333674431,-0.04986215056851506,0.04204490780830383,0.003325799837450341,-0.001089306315407157,0.0014330509584397078,-0.0040968493558466434,-0.005181423836365606,0.07150628970945616,0.008507223673815947,1,82,1788691063.1367133
1788691104.240141,41.088000,gate_sweep_poor_medium_r08,-0.017713558860123158,-0.04994179727509618,0.04209190607070923,0.00422575953082589,0.0003971188561990857,0.0011747615644708276,-0.012271609157323837,-0.004712433319365725,0.07678731029859029,0.008938192850191614,1,73,1788691063.1521246
1788691104.297230,41.120000,gate_sweep_poor_medium_r08,-0.0157814035192132,-0.049955923575907946,0.04210677742958069,0.030400277842013507,0.0012223415542393923,0.00330415740609169,-0.01990085281431675,-0.033745200671458975,0.08349077662350511,0.06414547851347248,1,63,1788691063.1772027
1788691104.349059,41.152000,gate_sweep_poor_medium_r08,-0.013613473623991013,-0.04993840726092458,0.042104125022888184,0.14412208446695965,0.0016671480843797326,-0.0010574092157185078,-0.024568164721131325,0.01851709537403267,0.0840716574679021,0.125604989092927,1,55,1788691063.1970406
1788691104.399140,41.188000,gate_sweep_poor_medium_r08,-0.0105885099619627,-0.049858049023896456,0.042049258947372437,0.4703463398196037,0.004388020373880863,-0.00014842627570033073,-0.03994842618703842,0.16708812167084722,0.0970513442568953,0.3032582181487565,1,209,1788691063.2111154
1788691104.450899,41.220000,gate_sweep_poor_medium_r08,-0.00790863111615181,-0.0497111608274281,0.04192802309989929,0.9252174391513045,0.004638915881514549,0.00038076506461948156,-0.0491999126970768,0.4840631304302727,0.104742267771186,0.44115430872103184,1,229,1788691063.2308578
1788691104.489116,41.252000,gate_sweep_poor_medium_r08,-0.0057328082621097565,-0.04957689763978124,0.04183530807495117,1.4020782903231763,0.0006817472167313099,0.003286228980869055,-0.05735392868518829,0.9589930713942066,0.11257957793117292,0.4430852189289696,1,248,1788691063.2370949
1788691104.541823,41.284000,gate_sweep_poor_medium_r08,-0.0016837157309055328,-0.04924551071599126,0.041580796241760254,2.4548535792019353,-0.00040539284236729145,0.004747895523905754,-0.0750679224729538,1.6291885706250426,0.1285451111656075,0.8256650085768927,1,123,1788691063.2578046
1788691104.584421,41.320000,gate_sweep_poor_medium_r08,0.00202963687479496,-0.04883981170132756,0.0412885844707489,3.5269504422332947,0.007176837883889675,-0.004030548967421055,-0.09543654322624207,2.639761403393788,0.14397265104436596,0.887189038839507,1,279,1788691063.2644022
1788691104.639151,41.352000,gate_sweep_poor_medium_r08,0.006282953545451164,-0.04825671063736081,0.0409679114818573,4.788515056165647,0.025858737528324127,0.008719119243323803,-0.10946012288331985,3.491856495426494,0.16204335849428614,1.2966585607391523,1,171,1788691063.2871213
1788691104.678119,41.384000,gate_sweep_poor_medium_r08,0.011091070249676704,-0.04746196465566754,0.04059961438179016,6.24436530967952,0.029069602489471436,0.004674654453992844,-0.11026943475008011,4.6711626787390665,0.16063288785188987,1.5732026309404539,1,281,1788691063.294099
1788691104.733358,41.416000,gate_sweep_poor_medium_r08,0.017694005742669106,-0.04630919964984059,0.040059894323349,8.234400552242532,0.021827027201652527,-0.008830161765217781,-0.10992684960365295,6.054281949547074,0.15465375359480116,2.180118602695458,1,173,1788691063.3173294
1788691104.787636,41.452000,gate_sweep_poor_medium_r08,0.02164127118885517,-0.045522999484092,0.03968167304992676,9.537586145479473,0.008349888026714325,-0.013994874432682991,-0.10959833115339279,7.65073662157822,0.15315091638825812,1.8868495239012526,1,289,1788691063.3356206
1788691104.835981,41.484000,gate_sweep_poor_medium_r08,0.026911044493317604,-0.044388287235051394,0.039071500301361084,11.400940977101067,0.006495767738670111,-0.017218654975295067,-0.11148221045732498,9.268553307600396,0.1543418033628911,2.1323876695006705,1,279,1788691063.3519607
1788691104.879272,41.516000,gate_sweep_poor_medium_r08,0.032153183594346046,-0.043247141409665346,0.03833034634590149,13.383249931359549,0.002695593284443021,-0.02047012373805046,-0.107941634953022,11.00181101621172,0.1509371878431282,2.3814389151478275,1,269,1788691063.3632543
1788691104.940961,41.548000,gate_sweep_poor_medium_r08,0.03865419514477253,-0.04180813627317548,0.03726896643638611,15.963454872142602,0.0031643835827708244,-0.016250863671302795,-0.10622309893369675,12.866492912223814,0.150008912174327,3.0969619599187888,1,156,1788691063.392939
1788691104.994010,41.584000,gate_sweep_poor_medium_r08,0.043618934229016304,-0.04067350970581174,0.036655932664871216,17.956842321363897,0.00568001065403223,-0.01582586020231247,-0.10448511689901352,14.99903917987462,0.1482483169546022,2.9578031414892774,1,281,1788691063.40999
1788691105.046079,41.616000,gate_sweep_poor_medium_r08,0.047446342185139656,-0.03973898710682988,0.03619071841239929,19.28891811409189,-0.0008493494242429733,-0.021882232278585434,-0.0985354632139206,16.758458309157767,0.1442306539423321,2.5304598049341243,1,298,1788691063.4300582
1788691105.090706,41.648000,gate_sweep_poor_medium_r08,0.054223405197262764,-0.0374653865583241,0.03481706976890564,21.662325978113802,0.003101843409240246,-0.031375907361507416,-0.09461916238069534,18.50701536093897,0.13929908122317414,3.1553106171748317,1,319,1788691063.4426813
1788691105.145526,41.680000,gate_sweep_poor_medium_r08,0.05925280787050724,-0.034938008058816195,0.03402397036552429,23.47332062955218,0.028813999146223068,-0.04222330078482628,-0.12066863477230072,20.336839511405135,0.15782711633614885,3.1364811181470467,1,184,1788691063.4654996
1788691105.198281,41.716000,gate_sweep_poor_medium_r08,0.06382480449974537,-0.03213259996846318,0.03327873349189758,25.136068545102066,0.04061149060726166,-0.04791983217000961,-0.136737659573555,22.140434468560397,0.1723185090274489,2.9956340765416725,1,267,1788691063.4822605
1788691105.240805,41.748000,gate_sweep_poor_medium_r08,0.06892965920269489,-0.02837414713576436,0.03255397081375122,27.125402237610025,0.04382782056927681,-0.05751552805304527,-0.1322001814842224,23.637270901345698,0.16918408046848887,3.488131336264326,1,281,1788691063.4927826
1788691105.293541,41.780000,gate_sweep_poor_medium_r08,0.07296218164265156,-0.025453798938542604,0.032179564237594604,29.083709009150546,0.047588739544153214,-0.05934161692857742,-0.13103292882442474,24.966908501591323,0.16861350379958093,4.116800507559221,1,147,1788691063.5135205
1788691105.336110,41.812000,gate_sweep_poor_medium_r08,0.07603112794458866,-0.02326802583411336,0.03190118074417114,30.778512054535362,0.05079948157072067,-0.06642249971628189,-0.12955963611602783,26.70881608292939,0.16902230614905656,4.069695971605975,1,272,1788691063.524089
1788691105.392268,41.848000,gate_sweep_poor_medium_r08,0.08097280003130436,-0.01986810052767396,0.031447142362594604,33.82023843607498,0.05271897464990616,-0.06570059806108475,-0.08505070209503174,29.093614258467294,0.12833800778454507,4.7266241776076905,1,145,1788691063.5442488
1788691105.448544,41.880000,gate_sweep_poor_medium_r08,0.08468171395361423,-0.017399020958691835,0.031110435724258423,36.02914159552767,0.057800911366939545,-0.07193344086408615,-0.0753164142370224,31.29769291675699,0.12256938808202733,4.731448678770678,1,249,1788691063.5685253
1788691105.503230,41.912000,gate_sweep_poor_medium_r08,0.0881351176649332,-0.015072282869368792,0.030863165855407715,38.069964594085384,0.06266111135482788,-0.07393086701631546,-0.07605240494012833,33.37969673030226,0.12467636986937727,4.690267863783126,1,256,1788691063.5912094
1788691105.546073,41.944000,gate_sweep_poor_medium_r08,0.09186403639614582,-0.012393078301101923,0.03057071566581726,40.40248639150678,0.06871062517166138,-0.07732301950454712,-0.07585952430963516,35.40582969236979,0.12680447033620434,4.996656699136989,1,267,1788691063.602042
1788691105.601542,41.980000,gate_sweep_poor_medium_r08,0.0943941492587328,-0.010235282126814127,0.03040623664855957,42.075387909381064,0.08485324680805206,-0.08519357442855835,-0.07713747769594193,37.42091115025144,0.1314360106644251,4.654476759129625,1,138,1788691063.6215248
1788691105.655996,42.012000,gate_sweep_poor_medium_r08,0.0960035938769579,-0.008794151712208986,0.030168086290359497,43.17202769314786,0.09282120317220688,-0.09734778851270676,-0.07653956115245819,39.125825490341924,0.13870254584531905,4.046202202805936,1,240,1788691063.6439724
1788691105.701141,42.044000,gate_sweep_poor_medium_r08,0.09765504486858845,-0.006850093137472868,0.03001505136489868,44.471430069034476,0.10455439984798431,-0.10288127511739731,-0.07416674494743347,40.35346559710035,0.14185709603138416,4.117964471934121,1,253,1788691063.657124
1788691105.761558,42.076000,gate_sweep_poor_medium_r08,0.09879654832184315,-0.004897851962596178,0.029777109622955322,45.71030500839656,0.11869294941425323,-0.10233954340219498,-0.075151227414608,41.51683573849272,0.1445707644045245,4.193469269903838,1,133,1788691063.6855342
1788691105.809622,42.112000,gate_sweep_poor_medium_r08,0.09882806427776814,-0.003619242925196886,0.02959996461868286,46.44998176352206,0.12059421092271805,-0.10408182442188263,-0.07547969371080399,42.461600997200534,0.14699738098139498,3.9883807663215283,1,224,1788691063.6976032
1788691105.885434,42.144000,gate_sweep_poor_medium_r08,0.09796014614403248,-0.0026522702537477016,0.029414862394332886,46.97872178052107,0.12568537890911102,-0.10559284687042236,-0.07590822875499725,43.00628033478871,0.14986128377703614,3.972441445732357,1,145,1788691063.7414157
1788691105.969155,42.176000,gate_sweep_poor_medium_r08,0.0966652799397707,-0.0019093235023319721,0.029260367155075073,47.37812864288897,0.1277468204498291,-0.10384801775217056,-0.07609925419092178,43.42001192648861,0.14986063310960726,3.958116716400351,1,247,1788691063.793136
1788691106.028744,42.208000,gate_sweep_poor_medium_r08,0.09510001726448536,-0.001353022176772356,0.029133111238479614,47.66632221013056,0.12231393158435822,-0.11418374627828598,-0.0747508704662323,43.806936459731496,0.15576665589498348,3.859385750399067,1,134,1788691063.8207166
1788691106.080945,42.244000,gate_sweep_poor_medium_r08,0.0933451671153307,-0.0010027834214270115,0.029007434844970703,47.84913600643146,0.12111037224531174,-0.11532005667686462,-0.0749734491109848,44.059892825673145,0.15700754698016972,3.7892431807583105,1,231,1788691063.8369222
1788691106.127831,42.276000,gate_sweep_poor_medium_r08,0.09145824797451496,-0.000865657813847065,0.028894394636154175,47.9334856549222,0.12017767876386642,-0.11645068973302841,-0.07537473738193512,44.20480976069619,0.15829326328188528,3.7286758942260074,1,231,1788691063.85181
1788691106.188153,42.308000,gate_sweep_poor_medium_r08,0.08891201950609684,-0.000979917123913765,0.028788596391677856,47.91403650273321,0.12612496316432953,-0.11088958382606506,-0.07670803368091583,44.14654881549837,0.15682626363897875,3.767487687234842,1,129,1788691063.8801312
1788691106.243459,42.340000,gate_sweep_poor_medium_r08,0.08670919574797153,-0.0013424102216959,0.028747200965881348,47.81118486651608,0.12719902396202087,-0.10580126941204071,-0.07855956256389618,44.12599780867943,0.1551316246011338,3.6851870578366452,1,228,1788691063.9034429
1788691106.303982,42.376000,gate_sweep_poor_medium_r08,0.08494864590466022,-0.0017783264629542828,0.02871963381767273,47.68977023427481,0.12910592555999756,-0.1047917827963829,-0.07985485345125198,44.03573444882355,0.15604504739987352,3.6540357854512635,1,242,1788691063.9279647
1788691106.359664,42.408000,gate_sweep_poor_medium_r08,0.08174105174839497,-0.002805792260915041,0.028626352548599243,47.41513669424312,0.13378705084323883,-0.10327222943305969,-0.08133517950773239,43.89820867434187,0.1577777853565597,3.5169280199012403,1,131,1788691063.9516373
1788691106.410334,42.440000,gate_sweep_poor_medium_r08,0.07891196943819523,-0.003956257831305265,0.02853730320930481,47.278132126346996,0.1316508948802948,-0.10207910090684891,-0.08339443802833557,43.70644693132627,0.15791833739786265,3.571685195020726,1,222,1788691063.9703124
1788691106.465967,42.472000,gate_sweep_poor_medium_r08,0.0759065393358469,-0.005479289684444666,0.02843305468559265,47.39925465949275,0.1330607384443283,-0.10322725027799606,-0.08433809131383896,43.88858636248192,0.1598080024465469,3.5106682970108314,1,228,1788691063.9939494
1788691106.518997,42.508000,gate_sweep_poor_medium_r08,0.07190589047968388,-0.007803038228303194,0.028253108263015747,47.590918397053976,0.13518384099006653,-0.10452556610107422,-0.08633562177419662,44.11453394872556,0.16275725320376522,3.4763844483284134,1,229,1788691064.0109353
1788691106.571475,42.540000,gate_sweep_poor_medium_r08,0.06885875947773457,-0.009728819597512484,0.02817678451538086,47.96641366574656,0.13792751729488373,-0.10509435832500458,-0.08836808800697327,44.48775320958677,0.16567373537902913,3.47866045615979,1,213,1788691064.0314584
1788691106.627033,42.572000,gate_sweep_poor_medium_r08,0.0670087356120348,-0.01082758279517293,0.028599798679351807,48.37019571273951,0.1373816430568695,-0.10467059165239334,-0.09183575958013535,45.10373225811243,0.1681177566674322,3.2664634546270768,1,223,1788691064.0550141
1788691106.693763,42.604000,gate_sweep_poor_medium_r08,0.06455466337502003,-0.012085624504834414,0.03181332349777222,49.25594876584352,0.16160808503627777,-0.10206089168787003,-0.09458957612514496,45.9513158850623,0.18300985873416167,3.304632880781218,1,126,1788691064.0897439
1788691106.745661,42.640000,gate_sweep_poor_medium_r08,0.06278852559626102,-0.012711205054074526,0.03709554672241211,50.159188722528675,0.18339306116104126,-0.10045391321182251,-0.0942435935139656,47.12744032914242,0.19873149370867962,3.03174839338625,1,202,1788691064.1056402
1788691106.798837,42.672000,gate_sweep_poor_medium_r08,0.06084371544420719,-0.01321567827835679,0.0449410080909729,51.23512556275125,0.19954538345336914,-0.0952339693903923,-0.08794447779655457,48.27610587711365,0.20886288599228595,2.9590196856376005,1,285,1788691064.1268148
1788691106.850600,42.704000,gate_sweep_poor_medium_r08,0.05831615813076496,-0.013854226563125849,0.05539703369140625,52.47975368636216,0.21174800395965576,-0.09225750714540482,-0.08108007907867432,49.606295124329314,0.21980538671875485,2.8734585620328432,1,280,1788691064.1465816
1788691106.905045,42.736000,gate_sweep_poor_medium_r08,0.053703444078564644,-0.015276540536433458,0.07206663489341736,54.265893557552204,0.2218264490365982,-0.09160353988409042,-0.07082992047071457,51.06198825515177,0.23347501185452507,3.203905302400435,1,308,1788691064.169028
1788691106.962616,42.772000,gate_sweep_poor_medium_r08,0.04990802891552448,-0.016644990537315607,0.08395150303840637,55.45409234500113,0.22439105808734894,-0.10124655067920685,-0.05745761841535568,52.87742788029569,0.23999643971888962,2.5766644647054386,1,310,1788691064.1905963
1788691107.012658,42.804000,gate_sweep_poor_medium_r08,0.04345942474901676,-0.019204637501388788,0.10191532969474792,57.16850577186877,0.22686435282230377,-0.1158580332994461,-0.040706608444452286,54.638800909734854,0.2516351799718103,2.529704862133914,1,348,1788691064.2086353
1788691107.067922,42.836000,gate_sweep_poor_medium_r08,0.03535272367298603,-0.022693120408803225,0.12222746014595032,59.02093964640865,0.22718800604343414,-0.1330987960100174,-0.01897088624536991,56.59496985377176,0.2625398289607757,2.425969792636888,1,175,1788691064.2318964
1788691107.109695,42.868000,gate_sweep_poor_medium_r08,0.022665834054350853,-0.028631665278226137,0.15116223692893982,61.52828975673778,0.2225414514541626,-0.14849171042442322,0.0018534790724515915,58.546472518578184,0.2767847503495302,2.9818172381595933,1,376,1788691064.241675
1788691107.166598,42.904000,gate_sweep_poor_medium_r08,0.010560533031821251,-0.034675848204642534,0.1771705150604248,63.685674716930514,0.21574117243289948,-0.16385959088802338,0.026280537247657776,60.900082995842645,0.2855789200257235,2.7855917210878647,1,203,1788691064.2625813
1788691107.213160,42.936000,gate_sweep_poor_medium_r08,0.0004379991441965103,-0.039953981060534716,0.19840416312217712,65.38611719999594,0.2140311747789383,-0.17531609535217285,0.04698820412158966,63.18575817244491,0.29474012163820473,2.2003590275510314,1,415,1788691064.2771387
1788691107.268520,42.968000,gate_sweep_poor_medium_r08,-0.01832551695406437,-0.050241724122315645,0.2377632111310959,68.35063618612776,0.20143777132034302,-0.19036483764648438,0.07171104848384857,65.47852301470412,0.3090367462563558,2.8721131714236363,1,209,1788691064.3005016
1788691107.316515,43.000000,gate_sweep_poor_medium_r08,-0.034894967917352915,-0.059853960294276476,0.273554190993309,70.8062272184414,0.18432871997356415,-0.20998017489910126,0.11365853995084763,67.77682067481031,0.31010244253530267,3.0294065436310875,1,393,1788691064.3164937
1788691107.375193,43.036000,gate_sweep_poor_medium_r08,-0.05722392164170742,-0.07365726353600621,0.3249841779470444,73.93554331624487,0.17168651521205902,-0.23543743789196014,0.15890680253505707,70.63177231913679,0.3258136085846618,3.3037709971080855,1,204,1788691064.3391752
1788691107.420055,43.068000,gate_sweep_poor_medium_r08,-0.07610324583947659,-0.0861651268787682,0.37252192199230194,76.44895311581843,0.16936255991458893,-0.26026031374931335,0.20877012610435486,73.2344243371487,0.3426036289103058,3.2145287786697274,1,394,1788691064.3520339
1788691107.483735,43.100000,gate_sweep_poor_medium_r08,-0.0954741220921278,-0.09981678845360875,0.42578475177288055,78.94065817279599,0.14220625162124634,-0.2781985402107239,0.2642604112625122,75.47362862319629,0.3382338273824421,3.467029549599704,1,217,1788691064.383692
1788691107.522784,43.132000,gate_sweep_poor_medium_r08,-0.11013300530612469,-0.11079142661765218,0.46927933394908905,80.7818300775196,0.13837358355522156,-0.2911339998245239,0.3394479751586914,77.9532311106775,0.33336938993215776,2.8285989668421037,1,375,1788691064.390769
1788691107.573768,43.168000,gate_sweep_poor_medium_r08,-0.13438153080642223,-0.1303519126959145,0.547890767455101,83.7932278858085,0.12094015628099442,-0.3091685175895691,0.41941362619400024,80.63915056568716,0.33715117960565244,3.1540773201213366,1,191,1788691064.4057481
1788691107.623755,43.200000,gate_sweep_poor_medium_r08,-0.1533238496631384,-0.14685915084555745,0.6152026504278183,86.10499104577593,0.11177951842546463,-0.32008740305900574,0.4929545521736145,82.95206221560584,0.33945901175785104,3.152928830170096,1,344,1788691064.4237378
1788691107.684899,43.232000,gate_sweep_poor_medium_r08,-0.17169990949332714,-0.16378205688670278,0.6857011765241623,88.14279339071174,0.09001211822032928,-0.33902707695961,0.5692573189735413,85.01643169252552,0.33580228479213275,3.1263616981862254,1,199,1788691064.452878
1788691107.723395,43.264000,gate_sweep_poor_medium_r08,-0.1937162559479475,-0.18505096109583974,0.777314230799675,89.89985648660677,0.06752169132232666,-0.3541201055049896,0.656376838684082,86.92211531832501,0.33384950725880846,2.9777411682817654,1,407,1788691064.4593813
1788691107.768407,43.300000,gate_sweep_poor_medium_r08,-0.21032690815627575,-0.20209110947325826,0.8528093546628952,91.06124966077189,0.04934677854180336,-0.3680886924266815,0.7482689023017883,88.99863683485492,0.3254448145071844,2.062612825916971,1,265,1788691064.4683807
1788691107.821929,43.332000,gate_sweep_poor_medium_r08,-0.22211856953799725,-0.2147298869676888,0.9104381054639816,91.63538927517372,0.042030006647109985,-0.37122029066085815,0.8229167461395264,90.72187495092194,0.3192549217892669,0.9135143242517826,1,175,1788691064.4899082
1788691107.863609,43.364000,gate_sweep_poor_medium_r08,-0.23695930652320385,-0.23132255347445607,0.9881794303655624,92.26023073338999,0.0066742561757564545,-0.3503607213497162,0.8277788162231445,90.9595048856552,0.31504881415703134,1.3007258477347774,1,422,1788691064.499586
1788691107.909133,43.396000,gate_sweep_poor_medium_r08,-0.2538365554064512,-0.2513461676426232,1.0866802781820297,92.60052184748609,-0.0029104426503181458,-0.36645299196243286,0.8172829747200012,92.21489024329169,0.385730997173558,0.385631604194391,1,295,1788691064.5131133
1788691107.963063,43.432000,gate_sweep_poor_medium_r08,-0.26585043780505657,-0.2668357756920159,1.1662200540304184,92.71270644710908,-0.026071328669786453,-0.3746396601200104,0.8273305892944336,93.38159222655952,0.428907645052534,0.6688857794504214,1,242,1788691064.5310392
1788691108.002825,43.464000,gate_sweep_poor_medium_r08,-0.2764842640608549,-0.2817421820946038,1.2462742179632187,92.59413475522021,-0.029585925862193108,-0.35993361473083496,0.8705549836158752,94.11828242666205,0.4563306176463739,1.5241476714418283,1,399,1788691064.5388021
1788691108.049362,43.496000,gate_sweep_poor_medium_r08,-0.28351680748164654,-0.29256358416751027,1.3065730184316635,92.47097708999868,-0.04333458095788956,-0.3633965253829956,0.9068835973739624,94.82864589238226,0.47165288168799097,2.357668802383563,1,266,1788691064.55334
1788691108.104791,43.528000,gate_sweep_poor_medium_r08,-0.29329769127070904,-0.3098072079010308,1.407489761710167,92.15211791921487,-0.05971316248178482,-0.36919817328453064,0.9449909925460815,95.44149234065436,0.5215305651033522,3.2893744214394918,1,202,1788691064.5767639
1788691108.142792,43.564000,gate_sweep_poor_medium_r08,-0.299342168495059,-0.32291313679888844,1.4884935468435287,91.84979033758414,-0.192658931016922,-0.4078521132469177,1.0601860284805298,95.30880650903771,0.4494922392712984,3.4590161714535794,1,419,1788691064.5787723
1788691108.190487,43.596000,gate_sweep_poor_medium_r08,-0.3038004469126463,-0.33541613491252065,1.5695538371801376,91.52961628678554,-0.18070346117019653,-0.4254606068134308,1.1378346681594849,95.93144249436357,0.45786713762692516,4.401826207578023,1,283,1788691064.5944676
1788691108.251015,43.628000,gate_sweep_poor_medium_r08,-0.3073254954069853,-0.3502878216095269,1.6708496659994125,91.13161478100764,-0.18696549534797668,-0.4275238513946533,1.2153570652008057,96.26010816038412,0.47741537814931406,5.12849337937648,1,218,1788691064.6229966
1788691108.287984,43.660000,gate_sweep_poor_medium_r08,-0.30841253511607647,-0.36151814134791493,1.751873716711998,90.84045460860413,-0.2584267854690552,-0.4224070906639099,1.246772289276123,95.91434414662005,0.511207874855561,5.073889538015911,1,416,1788691064.6279645
1788691108.345848,43.696000,gate_sweep_poor_medium_r08,-0.307652635499835,-0.374689516145736,1.8530962318181992,90.5219196004709,-0.2651148736476898,-0.4250042736530304,1.2860543727874756,96.07581171283604,0.5708568173363848,5.553892112365149,1,257,1788691064.6498287
1788691108.385321,43.728000,gate_sweep_poor_medium_r08,-0.3060762118548155,-0.38210510881617665,1.9137806743383408,90.36358928348929,-0.2717762887477875,-0.42016667127609253,1.376931071281433,96.19688269373479,0.539289035271808,5.833293410245512,1,414,1788691064.6573026
1788691108.439372,43.760000,gate_sweep_poor_medium_r08,-0.302826477214694,-0.39136379631236196,1.9946125596761703,90.19316539702572,-0.2687787413597107,-0.420344740152359,1.455904245376587,96.32908717494628,0.5405606268664104,6.135921777920562,1,271,1788691064.6793516
1788691108.496452,43.792000,gate_sweep_poor_medium_r08,-0.2971050273627043,-0.4017846849747002,2.095503196120262,90.05011813566662,-0.27026575803756714,-0.42077624797821045,1.5228930711746216,96.37457967493549,0.573553293978411,6.324461539268855,1,197,1788691064.7044287
1788691108.540331,43.828000,gate_sweep_poor_medium_r08,-0.29132206551730633,-0.4090188411064446,2.1760698407888412,89.98693141339793,-0.2451324313879013,-0.4110710322856903,1.5434043407440186,96.56658145972804,0.6343526848186346,6.57965004633011,1,409,1788691064.712311
1788691108.589937,43.860000,gate_sweep_poor_medium_r08,-0.28464539162814617,-0.4151836601085961,2.2563649266958237,89.96833362679371,-0.24611687660217285,-0.4115137755870819,1.5632497072219849,96.52329114080956,0.6941949452342444,6.554957514015862,1,249,1788691064.7299173
1788691108.646600,43.892000,gate_sweep_poor_medium_r08,-0.2791915964335203,-0.419209745246917,2.3162001222372055,89.97756326077253,-0.26135072112083435,-0.41891443729400635,1.608629822731018,96.35185113224661,0.7077952477814369,6.374287871474085,1,179,1788691064.754579
1788691108.690163,43.924000,gate_sweep_poor_medium_r08,-0.2693257015198469,-0.4244672325439751,2.4146715253591537,90.04385119441889,-0.2533520758152008,-0.42014968395233154,1.6661255359649658,96.39405259950036,0.7487288535792627,6.350201405081467,1,409,1788691064.7661433
1788691108.748915,43.960000,gate_sweep_poor_medium_r08,-0.2608961295336485,-0.42739656241610646,2.4919315427541733,90.13458569394545,-0.2556954622268677,-0.4238608479499817,1.7557415962219238,96.29358131234132,0.7362168061056322,6.158995618395864,1,260,1788691064.7888985
1788691108.793641,43.992000,gate_sweep_poor_medium_r08,-0.2521210294216871,-0.42918571503832936,2.5675352662801743,90.25382030155846,-0.25128084421157837,-0.41899311542510986,1.8338360786437988,96.31780521570354,0.7337704633850697,6.0639849141450854,1,406,1788691064.8016202
1788691108.852156,44.024000,gate_sweep_poor_medium_r08,-0.24085175804793835,-0.4298152890987694,2.659355267882347,90.44024622233458,-0.2533699870109558,-0.41478997468948364,1.8934826850891113,96.26512370764534,0.7661222351582352,5.824877485310766,1,225,1788691064.82814
1788691108.891793,44.056000,gate_sweep_poor_medium_r08,-0.23171442560851574,-0.42902928264811635,2.7304078191518784,90.61327412409672,-0.25213268399238586,-0.4091544449329376,1.94774329662323,96.22197271077994,0.7831830368915252,5.608698586683221,1,395,1788691064.8357732
1788691108.945349,44.092000,gate_sweep_poor_medium_r08,-0.22489079646766186,-0.42773011000826955,2.7822054475545883,90.75453323265447,-0.2531651258468628,-0.40383392572402954,2.01021409034729,96.18815845203108,0.7728784645259281,5.43362521937661,1,209,1788691064.8533328
1788691108.991084,44.124000,gate_sweep_poor_medium_r08,-0.215927479788661,-0.42512356908991933,2.8492337316274643,90.95486926161189,-0.253629595041275,-0.3960183560848236,2.0621752738952637,96.16669350107755,0.7884983061531481,5.21182423946566,1,395,1788691064.8670633
1788691109.045042,44.156000,gate_sweep_poor_medium_r08,-0.2050353568047285,-0.4205905464477837,2.929853305220604,91.21442811231398,-0.25752002000808716,-0.3862129747867584,2.1166863441467285,96.13462893221813,0.815583817818255,4.920200819904162,1,224,1788691064.8890257
1788691109.089744,44.188000,gate_sweep_poor_medium_r08,-0.19674265198409557,-0.41588511737063527,2.9916504472494125,91.42821138226637,-0.2525671124458313,-0.3773549199104309,2.169499635696411,96.1774670179319,0.8249441820144107,4.749255635665534,1,400,1788691064.9017243
1788691109.144467,44.224000,gate_sweep_poor_medium_r08,-0.18697351031005383,-0.40874966653063893,3.065520629286766,91.69873649263748,-0.26023226976394653,-0.36432552337646484,2.2267374992370605,96.09925471931494,0.8431473712155468,4.400518226677464,1,224,1788691064.9204311
1788691109.184563,44.256000,gate_sweep_poor_medium_r08,-0.18327194266021252,-0.40554505260661244,3.094017371535301,91.80408931018015,-0.2574418783187866,-0.3513450026512146,2.2875723838806152,96.12388210091291,0.8116602385753113,4.319792790732765,1,392,1788691064.9285464
1788691109.236574,44.288000,gate_sweep_poor_medium_r08,-0.1745577733963728,-0.3967670467682183,3.1626986116170883,92.06898739941445,-0.250966340303421,-0.34108293056488037,2.3349742889404297,96.19232526478278,0.833106562358423,4.123337865368333,1,229,1788691064.9485486
1788691109.293401,44.320000,gate_sweep_poor_medium_r08,-0.16811574809253216,-0.3890535202808678,3.2151259034872055,92.2693148819563,-0.26175251603126526,-0.3286958634853363,2.378803014755249,96.11727615198669,0.8437101784741154,3.847961270030383,1,174,1788691064.9733822
1788691109.337564,44.356000,gate_sweep_poor_medium_r08,-0.16211981885135174,-0.3807596233673394,3.26545749604702,92.45871605716725,-0.2502729296684265,-0.30665603280067444,2.4207260608673096,96.21371134488251,0.8525453129672186,3.754995287715255,1,397,1788691064.981542
1788691109.391513,44.388000,gate_sweep_poor_medium_r08,-0.15519270114600658,-0.3696542945690453,3.325518473982811,92.67460320653174,-0.25891655683517456,-0.29865697026252747,2.4571940898895264,96.1185723925855,0.8773747741465413,3.443969186053769,1,206,1788691065.0034916
1788691109.434124,44.420000,gate_sweep_poor_medium_r08,-0.150057939812541,-0.36025157244876027,3.371424302458763,92.82781349279865,-0.2558210790157318,-0.29077214002609253,2.4910190105438232,96.12632902365945,0.889453040455605,3.2985155308607883,1,396,1788691065.0141056
1788691109.483465,44.452000,gate_sweep_poor_medium_r08,-0.1464588325470686,-0.3528887596912682,3.4045995324850082,92.93202527864031,-0.2558342516422272,-0.28032422065734863,2.5280940532684326,96.10987814235506,0.8862789909075617,3.1778528637147483,1,216,1788691065.0314467
1788691109.549539,44.488000,gate_sweep_poor_medium_r08,-0.1408835779875517,-0.34004699857905507,3.457548961043358,93.08215942729142,-0.2673937976360321,-0.265409380197525,2.5689451694488525,96.00038897318473,0.9006621498593713,2.9182295458933107,1,171,1788691065.0615177
1788691109.593686,44.520000,gate_sweep_poor_medium_r08,-0.13672280125319958,-0.3293567565269768,3.4979506582021713,93.18053685358956,-0.252021461725235,-0.2400037795305252,2.5969462394714355,96.09055052504857,0.9127358315400382,2.910013671459008,1,366,1788691065.0736685
1788691109.646772,44.552000,gate_sweep_poor_medium_r08,-0.1328223403543234,-0.31839042576029897,3.5366936773061752,93.25859658256292,-0.2559448778629303,-0.23688843846321106,2.6149675846099854,95.96824153552623,0.9334777571709559,2.7096449529633166,1,197,1788691065.094745
1788691109.703517,44.584000,gate_sweep_poor_medium_r08,-0.12832782231271267,-0.30441587837412953,3.582912787795067,93.32773398690995,-0.2665250599384308,-0.22818925976753235,2.6392033100128174,95.8533480655167,0.9568158403410871,2.5256140786067536,1,150,1788691065.119496
1788691109.746354,44.620000,gate_sweep_poor_medium_r08,-0.12500610761344433,-0.29304074915125966,3.6181806176900864,93.36312443808391,-0.2542763352394104,-0.21052142977714539,2.656135082244873,95.97019757031856,0.9741929183126427,2.6070731322346337,1,354,1788691065.1263335
1788691109.798759,44.652000,gate_sweep_poor_medium_r08,-0.122647350654006,-0.28443702729418874,3.643718108534813,93.37741310388984,-0.24994871020317078,-0.20720243453979492,2.678462505340576,95.97678974886139,0.9766725131582605,2.599376644971559,1,197,1788691065.1467364
1788691109.857021,44.684000,gate_sweep_poor_medium_r08,-0.11885682307183743,-0.27001821668818593,3.684685096144676,93.37830239053774,-0.25817564129829407,-0.20362766087055206,2.7024197578430176,95.84740738508128,0.9943151582082327,2.4691049945435517,1,148,1788691065.173003
1788691109.897650,44.716000,gate_sweep_poor_medium_r08,-0.11597177945077419,-0.2584240701980889,3.7159989923238754,93.36027428895255,-0.25423431396484375,-0.18999364972114563,2.7571163177490234,95.78867077906314,0.9712132796130452,2.428396490110596,1,320,1788691065.1816359
1788691109.954075,44.752000,gate_sweep_poor_medium_r08,-0.11319792084395885,-0.24677732260897756,3.7460917085409164,93.32845464548089,-0.26022452116012573,-0.1711263209581375,2.8080081939697266,95.64320774018275,0.9525442643581143,2.314753094701854,1,191,1788691065.2020597
1788691109.994749,44.784000,gate_sweep_poor_medium_r08,-0.11050284467637539,-0.23510634573176503,3.7750242799520493,93.28229899569598,-0.2576025724411011,-0.15497340261936188,2.8466107845306396,95.57326619223927,0.9434040687642341,2.290967196543297,1,305,1788691065.210731
1788691110.050640,44.816000,gate_sweep_poor_medium_r08,-0.10850781016051769,-0.22637517424300313,3.796012744307518,93.23956375722362,-0.2542034983634949,-0.14246557652950287,2.8736443519592285,95.51462042892561,0.9375668004747975,2.275056671701983,1,185,1788691065.234606
1788691110.106371,44.848000,gate_sweep_poor_medium_r08,-0.10521998070180416,-0.21195919485762715,3.8297093957662582,93.15359118688905,-0.2581223249435425,-0.1346951425075531,2.8977181911468506,95.3876506876074,0.9476056490693313,2.2340595007183572,1,145,1788691065.258353
1788691110.142151,44.884000,gate_sweep_poor_medium_r08,-0.10261881165206432,-0.20059695513918996,3.8556593507528305,93.0735142881101,-0.24899344146251678,-0.11824154108762741,2.9287033081054688,95.32057373860971,0.942048539872659,2.2470594504996035,1,298,1788691065.2581336
1788691110.187778,44.916000,gate_sweep_poor_medium_r08,-0.09999710135161877,-0.18946395488455892,3.880769118666649,92.98355206770336,-0.2470656931400299,-0.1056484803557396,2.9473469257354736,95.21723924384355,0.9486470337894709,2.2336871761401995,1,159,1788691065.2717597
1788691110.243947,44.948000,gate_sweep_poor_medium_r08,-0.09666640870273113,-0.17587211402133107,3.9111589044332504,92.86016611948419,-0.2572879195213318,-0.09652119129896164,2.9754412174224854,95.01176588105325,0.9527137179968164,2.151599761569054,1,129,1788691065.2959294
1788691110.284772,44.980000,gate_sweep_poor_medium_r08,-0.0939974095672369,-0.16527850599959493,3.934649333357811,92.75643046147937,-0.2453695833683014,-0.08784586936235428,2.9797818660736084,95.01518337997443,0.9698872245243786,2.2587529184950723,1,279,1788691065.304755
1788691110.334614,45.016000,gate_sweep_poor_medium_r08,-0.09197838045656681,-0.15751126082614064,3.9518078416585922,92.67622549358508,-0.23957405984401703,-0.07984689623117447,2.9827888011932373,94.92005217134583,0.983267074037456,2.24382667776076,1,157,1788691065.3185973
1788691110.381740,45.048000,gate_sweep_poor_medium_r08,-0.0885953065007925,-0.14496592851355672,3.979566916823387,92.54171950068286,-0.23734484612941742,-0.0689801573753357,2.9960386753082275,94.81314623455135,0.9976111791740809,2.2714267338684917,1,124,1788691065.3337219
1788691110.439356,45.080000,gate_sweep_poor_medium_r08,-0.08512729592621326,-0.13292382331565022,4.006401404738426,92.40665602330834,-0.2534449100494385,-0.060704343020915985,3.016975164413452,94.55435007485387,1.0062359353560126,2.1476940515455296,1,108,1788691065.3593419
1788691110.476440,45.112000,gate_sweep_poor_medium_r08,-0.08300272561609745,-0.12596228392794728,4.022066459059715,92.32568739782786,-0.24373137950897217,-0.04033193737268448,3.077199697494507,94.51841605612572,0.9622574777803051,2.1927286582978516,1,254,1788691065.3644233
1788691110.526459,45.148000,gate_sweep_poor_medium_r08,-0.0794427078217268,-0.11474893661215901,4.047571524977684,92.19617043319145,-0.2386956512928009,-0.02919606864452362,3.1012661457061768,94.44078837955671,0.9634182186671996,2.2446179463652545,1,163,1788691065.3784406
1788691110.573842,45.180000,gate_sweep_poor_medium_r08,-0.0766329113394022,-0.10614695819094777,4.06742225587368,92.09920021736576,-0.23434019088745117,-0.021349791437387466,3.119053363800049,94.38309044758184,0.9651247074678196,2.2838902302160773,1,133,1788691065.393823
1788691110.630776,45.212000,gate_sweep_poor_medium_r08,-0.07452213950455189,-0.0998609927482903,4.082016333937645,92.03128000623359,-0.24676324427127838,-0.0076307449489831924,3.1410861015319824,94.18152264543174,0.9610011025151626,2.150242639198157,1,108,1788691065.4187558
1788691110.674060,45.244000,gate_sweep_poor_medium_r08,-0.07110961340367794,-0.08978289039805532,4.1057132333517075,91.92876377737745,-0.24182510375976562,0.016644783318042755,3.1795403957366943,94.13756067190407,0.94776935670868,2.208796894526602,1,256,1788691065.4300358
1788691110.721432,45.280000,gate_sweep_poor_medium_r08,-0.06849916093051434,-0.08205830724909902,4.124114856123924,91.8564565023256,-0.24079269170761108,0.04709140956401825,3.2133233547210693,94.08713558026396,0.9358984288523052,2.230679077938362,1,155,1788691065.4414065
1788691110.780279,45.312000,gate_sweep_poor_medium_r08,-0.06601917929947376,-0.07463954808190465,4.1420410722494125,91.796692738585,-0.24484461545944214,0.06740197539329529,3.233452081680298,94.00313980561914,0.9368501933566334,2.2064470670341456,1,111,1788691065.4682577
1788691110.824902,45.344000,gate_sweep_poor_medium_r08,-0.0636663194745779,-0.0675239977426827,4.159524783492088,91.74793243071251,-0.2338147759437561,0.09041640907526016,3.2445456981658936,94.04564911122606,0.9439716075862775,2.297716680513552,1,261,1788691065.4808846
1788691110.872108,45.376000,gate_sweep_poor_medium_r08,-0.060865774750709534,-0.059055004734545946,4.180769309401512,91.70300535139721,-0.2327856719493866,0.10848177224397659,3.266162633895874,94.02431596791315,0.9455846834486219,2.3213106165159436,1,168,1788691065.496085
1788691110.926131,45.412000,gate_sweep_poor_medium_r08,-0.059270188212394714,-0.054219838697463274,4.193189010024071,91.68441919797937,-0.2345156967639923,0.11692997813224792,3.2880654335021973,93.9529747304881,0.9376843481919166,2.2685555325087288,1,119,1788691065.5141053
1788691110.968872,45.444000,gate_sweep_poor_medium_r08,-0.057213880121707916,-0.04804512159898877,4.209407672286034,91.6699950281203,-0.2355467528104782,0.13883274793624878,3.299745798110962,93.90016466809546,0.9456271341978097,2.2301696399751654,1,241,1788691065.52484
1788691111.019169,45.476000,gate_sweep_poor_medium_r08,-0.05518943816423416,-0.04211686970666051,4.225261554121971,91.66470131573604,-0.2298492044210434,0.1503913402557373,3.308892011642456,93.92753839854043,0.95252222191187,2.2628370828043884,1,140,1788691065.5431473
1788691111.066077,45.508000,gate_sweep_poor_medium_r08,-0.052788952365517616,-0.035088364500552416,4.244541987776756,91.67137154209486,-0.22683604061603546,0.16230708360671997,3.32682466506958,93.93702094715994,0.9547054185762128,2.2656494050650835,1,117,1788691065.5580614
1788691111.122636,45.544000,gate_sweep_poor_medium_r08,-0.05053807981312275,-0.028503012377768755,4.263229712843895,91.69345847592616,-0.22609567642211914,0.1760118156671524,3.3471126556396484,93.92681896733458,0.9549435832120866,2.2333604914084253,1,100,1788691065.5786169
1788691111.162672,45.576000,gate_sweep_poor_medium_r08,-0.04968843422830105,-0.025992501992732286,4.270539626479149,91.70559384589167,-0.23476813733577728,0.21407435834407806,3.3735740184783936,93.85763361650989,0.946801930643622,2.152039770618212,1,255,1788691065.586654
1788691111.214423,45.608000,gate_sweep_poor_medium_r08,-0.047684019431471825,-0.020020751748234034,4.288431033492088,91.74325961900348,-0.23542538285255432,0.2522723376750946,3.399596929550171,93.87036034120405,0.9483756694565393,2.1271007222005784,1,151,1788691065.606396
1788691111.260475,45.640000,gate_sweep_poor_medium_r08,-0.04614168778061867,-0.01555017801001668,4.302359446883202,91.78012788557152,-0.23387813568115234,0.2744334936141968,3.4152448177337646,93.8988414076872,0.9520020319988359,2.118713522115679,1,121,1788691065.6204557
1788691111.317818,45.676000,gate_sweep_poor_medium_r08,-0.04427255317568779,-0.010353684891015291,4.3192823976278305,91.83365176358919,-0.2316642701625824,0.2882889211177826,3.42887544631958,93.92278806856865,0.9576677924296481,2.0891363049794607,1,109,1788691065.6417994
1788691111.357191,45.708000,gate_sweep_poor_medium_r08,-0.042808813974261284,-0.006487953010946512,4.332441195845604,91.88213704685883,-0.2324439436197281,0.3148508667945862,3.448869228363037,93.95230723573255,0.9591243617126404,2.0701701888737123,1,257,1788691065.6491723
1788691111.406711,45.740000,gate_sweep_poor_medium_r08,-0.04135159682482481,-0.002803478855639696,4.345391616225243,91.93387751679732,-0.23860973119735718,0.3417782485485077,3.4684019088745117,93.94763257390564,0.9626828580774037,2.0137550571083125,1,148,1788691065.6666923
1788691111.457376,45.772000,gate_sweep_poor_medium_r08,-0.040294001810252666,-0.00018815137445926666,4.35494838654995,91.97425239077485,-0.24365234375,0.36530801653862,3.488881826400757,93.94574731491541,0.9617761437071958,1.9714949241405522,1,131,1788691065.685356
1788691111.511352,45.808000,gate_sweep_poor_medium_r08,-0.038635377772152424,0.0038468134589493275,4.370433673262596,92.04527945526611,-0.25947269797325134,0.3785173296928406,3.5019097328186035,93.83738010500733,0.9713294769813863,1.792100649741215,1,117,1788691065.7033353
1788691111.555068,45.840000,gate_sweep_poor_medium_r08,-0.03732480434700847,0.006807628320530057,4.382461413741112,92.10319134095089,-0.26469746232032776,0.4090642035007477,3.516383647918701,93.89479661968782,0.9816309766513628,1.7916052787369305,1,246,1788691065.7150517
1788691111.610486,45.872000,gate_sweep_poor_medium_r08,-0.03599681658670306,0.009536516154184937,4.3941982835531235,92.16104389175148,-0.2657999098300934,0.4489288330078125,3.5291340351104736,93.97460312992975,0.997101410944682,1.8135592381782708,1,150,1788691065.7384646
1788691111.656683,45.904000,gate_sweep_poor_medium_r08,-0.03435131721198559,0.012637488078325987,4.408463820815086,92.23467572211109,-0.2673197090625763,0.47717180848121643,3.544274091720581,94.01085374086333,1.0084097849118978,1.776178018752238,1,138,1788691065.7526643
1788691111.706757,45.940000,gate_sweep_poor_medium_r08,-0.03299550944939256,0.014894637744873762,4.419547900557518,92.29357560286732,-0.2674707770347595,0.4943462610244751,3.558755874633789,94.05400863591895,1.0128254647611068,1.7604330330516242,1,122,1788691065.766726
1788691111.755427,45.972000,gate_sweep_poor_medium_r08,-0.031933589722029865,0.01647226931527257,4.4276736825704575,92.33705301418311,-0.2647657096385956,0.5056500434875488,3.5755231380462646,94.11609886769513,1.0097852451595155,1.77904585351202,1,109,1788691065.7834067
1788691111.800514,46.004000,gate_sweep_poor_medium_r08,-0.030456311844318407,0.01847538771107793,4.438323363661766,92.39408953265601,-0.2647657096385956,0.5056500434875488,3.5755231380462646,94.11610847222289,1.0181671122403237,1.7220189395668795,1,104,1788691065.796487
1788691111.855438,46.036000,gate_sweep_poor_medium_r08,-0.02855750813614577,0.02071639010682702,4.451289519667625,92.46252717398282,-0.26560407876968384,0.49761736392974854,3.587440252304077,94.12281200005917,1.014820758659829,1.6602848260763474,1,96,1788691065.8194072
1788691111.893543,46.072000,gate_sweep_poor_medium_r08,-0.026963680516928434,0.02229731483384967,4.461423739790916,92.51513842007424,-0.29088419675827026,0.4747970402240753,3.576911211013794,93.93585609584561,1.0279943841943038,1.4207176757713706,1,225,1788691065.8215232
1788691111.943388,46.104000,gate_sweep_poor_medium_r08,-0.025258722249418497,0.023713962640613317,4.471335276961327,92.56544464343497,-0.2949320673942566,0.46423935890197754,3.57236647605896,93.88433259228802,1.036788909483834,1.3188879488530414,1,104,1788691065.8393693
1788691112.002938,46.136000,gate_sweep_poor_medium_r08,-0.023021014407277107,0.02532775653526187,4.483420714735985,92.62594971724442,-0.2915901839733124,0.4559004306793213,3.5619096755981445,93.87979780228545,1.0520003905958677,1.2538480850410327,1,87,1788691065.8669212
1788691112.044046,46.168000,gate_sweep_poor_medium_r08,-0.021651118993759155,0.026246398221701384,4.490521773695946,92.65954521701828,-0.2896438241004944,0.4882020950317383,3.5765368938446045,93.9789536701398,1.0585799527681143,1.319408453121534,1,209,1788691065.8760228
1788691112.093608,46.204000,gate_sweep_poor_medium_r08,-0.019783074967563152,0.02744240267202258,4.499837264418602,92.70343367949131,-0.2896438241004944,0.4882020950317383,3.5765368938446045,93.97894362542428,1.0665870298893043,1.2755099459329784,1,90,1788691065.8895926
1788691112.151002,46.236000,gate_sweep_poor_medium_r08,-0.017409921623766422,0.028851681854575872,4.511238440871239,92.75366337580286,-0.28630539774894714,0.5285760164260864,3.6000781059265137,94.07223099916682,1.0734255184315817,1.3185676233639623,1,76,1788691065.9149833
1788691112.192444,46.268000,gate_sweep_poor_medium_r08,-0.015491925179958344,0.02994876867160201,4.520189628005028,92.7924209765119,-0.2761346697807312,0.5636455416679382,3.621694326400757,94.21649801757837,1.0770611369948673,1.4240770410664718,1,206,1788691065.924422
1788691112.241648,46.300000,gate_sweep_poor_medium_r08,-0.013530001044273376,0.03104384569451213,4.528965815901756,92.8276286093233,-0.2761346697807312,0.5636455416679382,3.621694326400757,94.21651797558928,1.0843280565665157,1.388889366265984,1,85,1788691065.9416144
1788691112.295065,46.336000,gate_sweep_poor_medium_r08,-0.012007951736450195,0.03185415221378207,4.535442218184471,92.85154542129114,-0.2814856767654419,0.5739448666572571,3.628626585006714,94.18845490531497,1.0903188430675748,1.3369094840238314,1,73,1788691065.9590454
1788691112.338798,46.368000,gate_sweep_poor_medium_r08,-0.009421488270163536,0.0331562883220613,4.54603610932827,92.88845512979529,-0.29387977719306946,0.6202844381332397,3.658024549484253,94.18125939090906,1.1019076698409216,1.2928042611137707,1,194,1788691065.9707794
1788691112.395142,46.400000,gate_sweep_poor_medium_r08,-0.007371045649051666,0.03417819878086448,4.554338321089745,92.91596053348411,-0.30852144956588745,0.6852472424507141,3.69089937210083,94.15599085496004,1.1225458939551323,1.240030321475929,1,87,1788691065.99512
1788691112.444267,46.432000,gate_sweep_poor_medium_r08,-0.005327628925442696,0.03519752388820052,4.562495574355125,92.93981670308321,-0.3131817579269409,0.7282502055168152,3.707756280899048,94.2118029563513,1.1426615614580198,1.271986253268104,1,190,1788691066.01225
1788691112.495196,46.468000,gate_sweep_poor_medium_r08,-0.002765025943517685,0.03653759276494384,4.572565421462059,92.96711038079768,-0.30937162041664124,0.7685614824295044,3.7210187911987305,94.29260065193652,1.1640439176967805,1.3254902711388492,1,110,1788691066.0271778
1788691112.542761,46.500000,gate_sweep_poor_medium_r08,-0.0006888005882501602,0.03768164990469813,4.580474719405174,92.98460628074719,-0.30937162041664124,0.7685614824295044,3.7210187911987305,94.29261125366318,1.1696729907875516,1.3080049729159937,1,89,1788691066.0427403
1788691112.588806,46.532000,gate_sweep_poor_medium_r08,0.0008730869740247726,0.03856914443895221,4.586357459425926,92.99666188406407,-0.30937162041664124,0.7685614824295044,3.7210187911987305,94.2925872115778,1.173861832890928,1.2959253275137272,1,80,1788691066.0567865
1788691112.637051,46.564000,gate_sweep_poor_medium_r08,0.003445887938141823,0.04013074515387416,4.596084460616112,93.01309766970631,-0.30937162041664124,0.7685614824295044,3.7210187911987305,94.29259753680887,1.1807650309583624,1.2794998671025626,1,74,1788691066.0730333
1788691112.698768,46.600000,gate_sweep_poor_medium_r08,0.00548994354903698,0.04145353240892291,4.603757247328758,93.02448979262573,-0.3071001172065735,0.75225430727005,3.728092908859253,94.19844406222417,1.1703582021302759,1.1739542695984349,1,68,1788691066.0987449
1788691112.740731,46.632000,gate_sweep_poor_medium_r08,0.007562762126326561,0.042825288604944944,4.611308917403221,93.03337314144085,-0.26195958256721497,0.7754440307617188,3.6970860958099365,94.39764126489273,1.2021546835455346,1.3642681234518792,1,191,1788691066.108706
1788691112.787450,46.664000,gate_sweep_poor_medium_r08,0.009698716923594475,0.044222555588930845,4.618759974837303,93.0414371037678,-0.26195958256721497,0.7754440307617188,3.6970860958099365,94.39766254096403,1.2074625529255387,1.3562254371962235,1,133,1788691066.1234326
1788691112.838628,46.696000,gate_sweep_poor_medium_r08,0.012466887012124062,0.04601816786453128,4.6279443353414536,93.04824869869299,-0.24604688584804535,0.786594569683075,3.688739538192749,94.46302588857468,1.2236782373957786,1.4147771898816943,1,111,1788691066.1426077
1788691112.884557,46.732000,gate_sweep_poor_medium_r08,0.014173170551657677,0.04710986418649554,4.633405551314354,93.05198810878412,-0.24604688584804535,0.786594569683075,3.688739538192749,94.46301657302564,1.2275772821957467,1.4110284642415296,1,107,1788691066.1525383
1788691112.927649,46.764000,gate_sweep_poor_medium_r08,0.016484471037983894,0.0485295164398849,4.640632972121239,93.05537345051091,-0.24604688584804535,0.786594569683075,3.688739538192749,94.46303910933193,1.2327870236676992,1.407665658821018,1,89,1788691066.1636307
1788691112.977502,46.796000,gate_sweep_poor_medium_r08,0.018802376464009285,0.04989075241610408,4.647811755537987,93.05804550325527,-0.24604688584804535,0.786594569683075,3.688739538192749,94.46300884411644,1.238021471625786,1.4049633408611728,1,78,1788691066.1814833
1788691113.035294,46.828000,gate_sweep_poor_medium_r08,0.02166307531297207,0.051479830872267485,4.656726226210594,93.0614070638353,-0.2441805899143219,0.8022478818893433,3.6813714504241943,94.36089256986538,1.2592229585815207,1.2994855060300865,1,69,1788691066.207278
1788691113.075939,46.864000,gate_sweep_poor_medium_r08,0.023904046043753624,0.05269604129716754,4.6637295335531235,93.06258294737032,-0.22222694754600525,0.8399604558944702,3.6569550037384033,94.40845427072715,1.3015224463605561,1.3458713233568311,1,201,1788691066.2119212
1788691113.119145,46.896000,gate_sweep_poor_medium_r08,0.025554409250617027,0.05359262926504016,4.668908938765526,93.06329735204785,-0.22222694754600525,0.8399604558944702,3.6569550037384033,94.40845120999064,1.3053048403153749,1.3451538579427806,1,137,1788691066.223121
1788691113.166910,46.928000,gate_sweep_poor_medium_r08,0.02820730023086071,0.05501706479117274,4.6774343103170395,93.06423814750127,-0.22222694754600525,0.8399604558944702,3.6569550037384033,94.40844777737956,1.3115759432268965,1.3442096298783033,1,116,1788691066.238888
1788691113.212695,46.960000,gate_sweep_poor_medium_r08,0.03024866245687008,0.056073255371302366,4.6840823739767075,93.06478655306327,-0.22222694754600525,0.8399604558944702,3.6569550037384033,94.40846058835163,1.3165157467660717,1.3436740352883598,1,103,1788691066.252673
1788691113.260959,46.996000,gate_sweep_poor_medium_r08,0.03227037377655506,0.057038124185055494,4.690591678023338,93.06559152893928,-0.2070176899433136,0.849946141242981,3.6537740230560303,94.4543074406232,1.3270089489545438,1.3887159116839116,1,90,1788691066.264937
1788691113.308378,47.028000,gate_sweep_poor_medium_r08,0.034776465967297554,0.05809886706992984,4.698539599776268,93.06677200562203,-0.2070176899433136,0.849946141242981,3.6537740230560303,94.45431749209281,1.333049747664125,1.3875454864707901,1,79,1788691066.2803614
1788691113.362516,47.060000,gate_sweep_poor_medium_r08,0.03678163327276707,0.05886057345196605,4.704741343855858,93.06933987121107,-0.20578666031360626,0.8493123054504395,3.653510808944702,94.37294950596369,1.3374374584265187,1.3036096347526143,1,71,1788691066.3025007
1788691113.403394,47.092000,gate_sweep_poor_medium_r08,0.03831135667860508,0.05937049491330981,4.7093018144369125,93.07195460840843,-0.2306768298149109,0.848812460899353,3.6946141719818115,94.35222566719025,1.313455090166417,1.2802710587818154,1,214,1788691066.311377
1788691113.455195,47.128000,gate_sweep_poor_medium_r08,0.040894078090786934,0.060142460744827986,4.716732367873192,93.07603696875874,-0.2306768298149109,0.848812460899353,3.6946141719818115,94.35223088444884,1.3192712888321014,1.2761939156901092,1,121,1788691066.3271747
1788691113.507925,47.160000,gate_sweep_poor_medium_r08,0.04295540042221546,0.060722756665199995,4.722632750868797,93.08087137838207,-0.2306768298149109,0.848812460899353,3.6946141719818115,94.35221236108403,1.3239268023124375,1.2713409827019502,1,102,1788691066.3479044
1788691113.557220,47.192000,gate_sweep_poor_medium_r08,0.04505561478435993,0.06126539362594485,4.728391990065575,93.085623652274,-0.2306768298149109,0.848812460899353,3.6946141719818115,94.35219852598107,1.3285162179430337,1.266574873707073,1,84,1788691066.3651993
1788691113.612611,47.224000,gate_sweep_poor_medium_r08,0.04775365628302097,0.06188785983249545,4.735371455550194,93.09294497261882,-0.23147203028202057,0.8598685264587402,3.714325428009033,94.26759830407259,1.325622540056018,1.1746533314537762,1,73,1788691066.3885891
1788691113.656685,47.260000,gate_sweep_poor_medium_r08,0.049951011314988136,0.062316473107784986,4.740800723433495,93.09931244146684,-0.23981770873069763,0.8933382034301758,3.707834005355835,94.24525045157594,1.357049471478865,1.1459380101091121,1,225,1788691066.3966672
1788691113.710854,47.292000,gate_sweep_poor_medium_r08,0.05161760188639164,0.06261185882613063,4.744806155562401,93.10367559859378,-0.23981770873069763,0.8933382034301758,3.707834005355835,94.24526178764822,1.3602764572680461,1.1415861890544392,1,124,1788691066.418829
1788691113.756486,47.324000,gate_sweep_poor_medium_r08,0.0538021344691515,0.06297577871009707,4.750062808394432,93.11202886550257,-0.23981770873069763,0.8933382034301758,3.707834005355835,94.24526268376017,1.3645348095929906,1.1332338182576043,1,115,1788691066.4324713
1788691113.807912,47.356000,gate_sweep_poor_medium_r08,0.05652371980249882,0.06334380386397243,4.756439074873924,93.12325416400311,-0.23981770873069763,0.8933382034301758,3.707834005355835,94.24527487170771,1.3697742651237812,1.1220207077045903,1,100,1788691066.45189
1788691113.871330,47.392000,gate_sweep_poor_medium_r08,0.05869773216545582,0.06358342943713069,4.761381968855858,93.13276353237251,-0.24326197803020477,0.9101470708847046,3.7129528522491455,94.16267040730727,1.380960998055758,1.029906874934764,1,90,1788691066.479305
1788691113.911888,47.424000,gate_sweep_poor_medium_r08,0.06087774969637394,0.06378148449584842,4.766154155135155,93.14315055994871,-0.261106014251709,0.9830523729324341,3.6963469982147217,94.12776922860013,1.4467964140027942,0.9846186686514263,1,226,1788691066.4878588
1788691113.955754,47.456000,gate_sweep_poor_medium_r08,0.06251145340502262,0.06390665424987674,4.769686087965965,93.15034406443691,-0.261106014251709,0.9830523729324341,3.6963469982147217,94.12779042974167,1.44969442267433,0.9774463653047508,1,113,1788691066.4997287
1788691114.005114,47.488000,gate_sweep_poor_medium_r08,0.06524662114679813,0.06407912401482463,4.775375232100487,93.16522503542262,-0.261106014251709,0.9830523729324341,3.6963469982147217,94.12778022061131,1.4544139040797055,0.9625551851886918,1,100,1788691066.517094
1788691114.055609,47.524000,gate_sweep_poor_medium_r08,0.0674066711217165,0.06419146386906505,4.779780730605125,93.17751832431081,-0.261106014251709,0.9830523729324341,3.6963469982147217,94.1277831904993,1.458099656106338,0.9502648661885014,1,88,1788691066.5315888
1788691114.106972,47.556000,gate_sweep_poor_medium_r08,0.0695472452789545,0.06425342662259936,4.784074172377586,93.18909705151404,-0.2643626034259796,0.9844734072685242,3.7020280361175537,94.02693927929943,1.4591519594742022,0.8378422277853875,1,79,1788691066.5509481
1788691114.147349,47.588000,gate_sweep_poor_medium_r08,0.072188476100564,0.06430073408409953,4.788324698805809,93.2035086512495,-0.28663432598114014,1.0484380722045898,3.6825788021087646,94.01165762672717,1.5231395509404253,0.8081489754776658,1,223,1788691066.559329
1788691114.198084,47.620000,gate_sweep_poor_medium_r08,0.07430563308298588,0.0643243002705276,4.788860186934471,93.212789328414,-0.30554741621017456,1.1258783340454102,3.673029661178589,93.98389058935237,1.5862733269804687,0.771101260938373,1,101,1788691066.5780666
1788691114.243305,47.656000,gate_sweep_poor_medium_r08,0.0758745763450861,0.06430873973295093,4.787254676222801,93.21733703989929,-0.30554741621017456,1.1258783340454102,3.673029661178589,93.98389757401247,1.5855314957842432,0.7665605341131825,1,92,1788691066.5872908
1788691114.299616,47.688000,gate_sweep_poor_medium_r08,0.07844589091837406,0.06421995488926768,4.780996188521385,93.21744020799609,-0.3200816810131073,1.1418917179107666,3.662806987762451,93.80953746072419,1.6032927814648739,0.5920972527280944,1,72,1788691066.6115963
1788691114.338370,47.720000,gate_sweep_poor_medium_r08,0.08045789040625095,0.0641213203780353,4.773229941725731,93.21081897524822,-0.3480738401412964,1.202736735343933,3.6524200439453125,93.80828453868416,1.6541763310622575,0.5974655634359387,1,236,1788691066.6183493
1788691114.384172,47.752000,gate_sweep_poor_medium_r08,0.08239392377436161,0.06398579431697726,4.763435706496239,93.19890667291135,-0.35014647245407104,1.2618869543075562,3.637279748916626,93.84460158586299,1.7000840050621846,0.6456949129516515,1,116,1788691066.6321476
1788691114.442684,47.788000,gate_sweep_poor_medium_r08,0.08467682637274265,0.06378544075414538,4.749081954360008,93.17417061238388,-0.3615272641181946,1.3002651929855347,3.6316778659820557,93.71437360173893,1.7252745186702334,0.5402029893550455,1,94,1788691066.6546626
1788691114.486767,47.820000,gate_sweep_poor_medium_r08,0.08638461120426655,0.06360130710527301,4.736451491713524,93.14783135548213,-0.38082072138786316,1.3302515745162964,3.61867356300354,93.66175277457494,1.7527439118839128,0.5139214190927992,1,217,1788691066.666743
1788691114.539528,47.852000,gate_sweep_poor_medium_r08,0.08756687678396702,0.06345573393628001,4.726622924208641,93.12353630983458,-0.38082072138786316,1.3302515745162964,3.61867356300354,93.66175191548653,1.7469145459428739,0.5382156056519548,1,114,1788691066.6875076
1788691114.596677,47.884000,gate_sweep_poor_medium_r08,0.0893308911472559,0.06313442764803767,4.709829196333885,93.07718267365094,-0.3865496516227722,1.3582987785339355,3.607170820236206,93.50732209681104,1.7662866361865384,0.43013942316010484,1,86,1788691066.712646
1788691114.634676,47.920000,gate_sweep_poor_medium_r08,0.09054442681372166,0.06284790439531207,4.696420535445213,93.03058236827694,-0.4092428982257843,1.385514259338379,3.5899667739868164,93.40783933215104,1.7954034596752784,0.37725696387411023,1,246,1788691066.7146592
1788691114.693290,47.952000,gate_sweep_poor_medium_r08,0.09161360003054142,0.06258589355275035,4.683324679732323,92.97326402936517,-0.4196550250053406,1.4134174585342407,3.5638937950134277,93.24973015238174,1.8273661454560635,0.2764661230165815,1,119,1788691066.7412717
1788691114.737416,47.984000,gate_sweep_poor_medium_r08,0.09259371645748615,0.0624530385248363,4.670675620436668,92.90693900974809,-0.4187551736831665,1.436418890953064,3.552037239074707,93.19344398421215,1.8440747488491382,0.28650497446406886,1,210,1788691066.7533948
1788691114.785044,48.016000,gate_sweep_poor_medium_r08,0.09377911128103733,0.06269277585670352,4.655627116560936,92.80477044722454,-0.4169977903366089,1.4532153606414795,3.5392603874206543,93.1300696009793,1.8549179970969143,0.32529915375474766,1,135,1788691066.7690253
1788691114.835599,48.052000,gate_sweep_poor_medium_r08,0.09452828951179981,0.06317825568839908,4.647058829665184,92.72712206548125,-0.4159165024757385,1.4674873352050781,3.5264523029327393,93.0314795769401,1.8677250504920517,0.3043575114588492,1,114,1788691066.7835784
1788691114.890051,48.084000,gate_sweep_poor_medium_r08,0.0959418285638094,0.06475630728527904,4.633619174361229,92.55908279576923,-0.4246632158756256,1.4769787788391113,3.5115439891815186,92.77039522098703,1.8773530948261923,0.21131242521780463,1,94,1788691066.806029
1788691114.935575,48.116000,gate_sweep_poor_medium_r08,0.09688782878220081,0.06623130617663264,4.6261037439107895,92.42779677113269,-0.3996177315711975,1.48957359790802,3.497185230255127,92.70012896443976,1.8833157094251376,0.2723321933070712,1,307,1788691066.8195555
1788691114.985667,48.148000,gate_sweep_poor_medium_r08,0.09871809370815754,0.06970489351078868,4.614513263106346,92.13965297762316,-0.3991192579269409,1.4911984205245972,3.482635736465454,92.4883955046016,1.8840468707916769,0.3487425269784503,1,196,1788691066.8376386
1788691115.042773,48.184000,gate_sweep_poor_medium_r08,0.10085775144398212,0.07449762104079127,4.604134902358055,91.74070314853373,-0.4007646441459656,1.494815707206726,3.4791762828826904,92.13655465385952,1.8800160608833587,0.395851505325797,1,135,1788691066.8587584
1788691115.085756,48.216000,gate_sweep_poor_medium_r08,0.10181276686489582,0.07681554136797786,4.60035739839077,91.5441513130407,-0.39909815788269043,1.485866665840149,3.4636270999908447,91.77236929647611,1.8784282251947118,0.22821798343541727,1,353,1788691066.8697352
1788691115.147532,48.248000,gate_sweep_poor_medium_r08,0.104478033259511,0.08371413080021739,4.591771945357323,90.94296531146188,-0.39657801389694214,1.4838823080062866,3.4494078159332275,91.32162925683213,1.8752396889591172,0.37866394537025744,1,213,1788691066.8995123
1788691115.187551,48.280000,gate_sweep_poor_medium_r08,0.10689532943069935,0.09045055834576488,4.585742339491844,90.33979070557993,-0.4005354046821594,1.4780851602554321,3.4371707439422607,90.74234135259226,1.8714252452189029,0.40255064701233284,1,343,1788691066.9075227
1788691115.247572,48.316000,gate_sweep_poor_medium_r08,0.11023011989891529,0.10044183162972331,4.579192027449608,89.41632119622336,-0.3954375684261322,1.4795398712158203,3.4282963275909424,90.02319409470161,1.866057910612471,0.6068728984782488,1,201,1788691066.9315505
1788691115.285117,48.348000,gate_sweep_poor_medium_r08,0.11313151009380817,0.10970172611996531,4.57468019425869,88.53708722503237,-0.39393189549446106,1.4815083742141724,3.414506435394287,89.24496750049408,1.8668074158305121,0.7078802754617171,1,355,1788691066.9370987
1788691115.342723,48.380000,gate_sweep_poor_medium_r08,0.11621146090328693,0.12002927390858531,4.570712432265282,87.53469080188104,-0.3915768265724182,1.4905186891555786,3.4066083431243896,88.347402973532,1.8684829441437514,0.8127121716509601,1,214,1788691066.962683
1788691115.382512,48.412000,gate_sweep_poor_medium_r08,0.11863869614899158,0.1285229059867561,4.568070277571678,86.70308302091428,-0.38987407088279724,1.5013283491134644,3.3974452018737793,87.316394576546,1.8744447409207228,0.6133115556317336,1,372,1788691066.970495
1788691115.436074,48.448000,gate_sweep_poor_medium_r08,0.12287494726479053,0.14418399659916759,4.564137801527977,85.16856595818804,-0.38696974515914917,1.5129839181900024,3.395693778991699,86.03169673952583,1.8705123013604308,0.8631307813377802,1,214,1788691066.9880533
1788691115.479917,48.480000,gate_sweep_poor_medium_r08,0.1263891477137804,0.15799893764778972,4.5613101571798325,83.8190387089438,-0.38568755984306335,1.521755576133728,3.387763023376465,84.7544604287338,1.8706329406633526,0.9354217197899976,1,353,1788691066.9998965
1788691115.533398,48.512000,gate_sweep_poor_medium_r08,0.1300023216754198,0.17291035084053874,4.558708533644676,82.37264250797622,-0.386239230632782,1.5385773181915283,3.390270709991455,83.33303303988035,1.8699728751473126,0.9603905319041272,1,179,1788691067.0213819
1788691115.575760,48.544000,gate_sweep_poor_medium_r08,0.13467286713421345,0.19305719761177897,4.555659636855125,80.44729861535797,-0.38619694113731384,1.554195523262024,3.3807618618011475,81.84219440189587,1.8720009830525084,1.3948957865378977,1,346,1788691067.0317328
1788691115.633924,48.580000,gate_sweep_poor_medium_r08,0.13849900849163532,0.21038015512749553,4.553323611617088,78.83002031760762,-0.38188987970352173,1.5735366344451904,3.3746237754821777,80.10813731838547,1.8757221238145245,1.2781170007778557,1,194,1788691067.053901
1788691115.673690,48.612000,gate_sweep_poor_medium_r08,0.1414013523608446,0.22402598289772868,4.551603183150291,77.58250199889281,-0.38571274280548096,1.5918418169021606,3.374572992324829,78.45179951713996,1.8799386945299248,0.8692975182471528,1,355,1788691067.0616713
1788691115.727558,48.644000,gate_sweep_poor_medium_r08,0.14531797356903553,0.24293212918564677,4.549320086836815,75.88489047634117,-0.3822479546070099,1.6108559370040894,3.3634445667266846,76.80989327501098,1.8856940636713135,0.9250027986697997,1,184,1788691067.0835397
1788691115.775312,48.676000,gate_sweep_poor_medium_r08,0.1503200400620699,0.2678719791583717,4.546446666121483,73.7312387022865,-0.3833422362804413,1.6348892450332642,3.3563833236694336,75.08535934274776,1.8893867760305938,1.3541206404612591,1,327,1788691067.0992908
1788691115.828616,48.712000,gate_sweep_poor_medium_r08,0.1543238926678896,0.28876719204708934,4.544156894087791,72.00275812118436,-0.3826519548892975,1.6551402807235718,3.343999147415161,73.15453907073078,1.8962323420977176,1.1517809495464273,1,181,1788691067.1165814
1788691115.867638,48.744000,gate_sweep_poor_medium_r08,0.15825930424034595,0.3104340168647468,4.541913852095604,70.28775880676545,-0.38116639852523804,1.6800810098648071,3.3417086601257324,71.46605208513382,1.8993171080864006,1.178293278368376,1,351,1788691067.1236162
1788691115.930258,48.776000,gate_sweep_poor_medium_r08,0.1630180049687624,0.3385366532020271,4.539239749312401,68.1851989536412,-0.38130587339401245,1.700148105621338,3.3386666774749756,69.79258830457286,1.8951648827309115,1.6073893509316486,1,173,1788691067.1542408
1788691115.974472,48.808000,gate_sweep_poor_medium_r08,0.16574029810726643,0.3559107515029609,4.537719115614891,66.95706151017947,-0.38119325041770935,1.7315763235092163,3.336855411529541,68.1188597327985,1.9062176445240997,1.1617982226190209,1,358,1788691067.1664543
1788691116.034728,48.844000,gate_sweep_poor_medium_r08,0.16914804466068745,0.37961122719570994,4.535776004195213,65.37234312455253,-0.3845553994178772,1.7547824382781982,3.3327627182006836,66.27010496615955,1.90916849179267,0.8977618416070287,1,198,1788691067.1907086
1788691116.075281,48.876000,gate_sweep_poor_medium_r08,0.1722234208136797,0.40390393463894725,4.533939227461815,63.86167521922691,-0.3822743594646454,1.7875869274139404,3.329543113708496,64.74812821227516,1.9164071622837482,0.8864529930482522,1,334,1788691067.1992612
1788691116.124529,48.908000,gate_sweep_poor_medium_r08,0.1755856592208147,0.4349927636794746,4.531838282942772,62.090467572213015,-0.3876155614852905,1.808989405632019,3.328383684158325,63.23388364204834,1.9113778690874155,1.143416069835326,1,211,1788691067.21651
1788691116.185316,48.940000,gate_sweep_poor_medium_r08,0.17780895717442036,0.46047306386753917,4.530278071761131,60.78087096530887,-0.38706961274147034,1.8399635553359985,3.3384146690368652,61.880898775102146,1.9085649545026178,1.1000278097932799,1,150,1788691067.2452981
1788691116.232553,48.976000,gate_sweep_poor_medium_r08,0.17918734438717365,0.4799177679233253,4.529185637831688,59.866040993365296,-0.3790234923362732,1.8618967533111572,3.3378779888153076,60.820546229276076,1.9080563851453674,0.9545052359107797,1,364,1788691067.2565312
1788691116.289326,49.008000,gate_sweep_poor_medium_r08,0.18088537640869617,0.5129046472720802,4.5275600999593735,58.47906953875914,-0.3750847280025482,1.8830357789993286,3.3287060260772705,59.82045539661673,1.9035790410673668,1.341385857857592,1,190,1788691067.2812986
1788691116.332614,49.040000,gate_sweep_poor_medium_r08,0.18179948814213276,0.5397459897212684,4.526394709944725,57.49198020950184,-0.3708060085773468,1.915726661682129,3.32727313041687,58.83053487927911,1.9069840605269415,1.3385546697772608,1,338,1788691067.2925935
1788691116.393120,49.072000,gate_sweep_poor_medium_r08,0.1824293453246355,0.5737807783298194,4.5250533670187,56.416598510897,-0.36837640404701233,1.9413268566131592,3.327165126800537,57.952323639914354,1.8996066660816842,1.535725129017354,1,190,1788691067.321105
1788691116.439599,49.108000,gate_sweep_poor_medium_r08,0.18255354650318623,0.6013405951671302,4.524041041731834,55.67906399974683,-0.371684193611145,1.9773283004760742,3.3310253620147705,56.9197191350521,1.9036302292670133,1.2406551353052682,1,315,1788691067.331581
1788691116.499279,49.140000,gate_sweep_poor_medium_r08,0.182364197447896,0.6291471156291664,4.523078307509422,55.050564081399266,-0.3770695626735687,2.004014015197754,3.331463098526001,56.11774733695054,1.9034631411649618,1.0671832555512808,1,157,1788691067.3592594
1788691116.541605,49.172000,gate_sweep_poor_medium_r08,0.18207688815891743,0.6501346859149635,4.522396430373192,54.645534140568245,-0.3855381906032562,2.037339687347412,3.3319666385650635,55.33292700157703,1.914065746744801,0.687392861008792,1,293,1788691067.369586
1788691116.604112,49.204000,gate_sweep_poor_medium_r08,0.18122920580208302,0.6853054794482887,4.521302089095116,54.09610501814119,-0.3854665160179138,2.0657992362976074,3.326810359954834,54.801724634226446,1.911469995792132,0.7056196160852536,1,171,1788691067.400089
1788691116.649276,49.240000,gate_sweep_poor_medium_r08,0.18028527684509754,0.7135474714450538,4.520422801375389,53.76068108351936,-0.3908616006374359,2.098688840866089,3.3234901428222656,54.23171692884726,1.917673892519444,0.4710358453279043,1,282,1788691067.4092567
1788691116.708058,49.272000,gate_sweep_poor_medium_r08,0.17919962294399738,0.7418260010890663,4.519526824355125,53.51141636448091,-0.3910715878009796,2.1280319690704346,3.317460060119629,53.83143040616252,1.9213903156702183,0.3200140416816116,1,145,1788691067.43604
1788691116.756435,49.304000,gate_sweep_poor_medium_r08,0.17805449850857258,0.7701172861270607,4.51862607896328,53.33906251970739,-0.39575040340423584,2.1566102504730225,3.3165621757507324,53.52012430526968,1.922647246128786,0.18106178556229213,1,268,1788691067.4524157
1788691116.810639,49.336000,gate_sweep_poor_medium_r08,0.17664866335690022,0.805479648988694,4.517495021224022,53.218438610881556,-0.40041351318359375,2.1819417476654053,3.3141133785247803,53.32261146213749,1.9172313482396104,0.10417285125593378,1,141,1788691067.474612
1788691116.856676,49.372000,gate_sweep_poor_medium_r08,0.17585650272667408,0.8266716632060707,4.516806945204735,53.191705274822574,-0.4033288359642029,2.2126646041870117,3.316394090652466,53.151671034966974,1.92286845893779,0.04003423985560111,1,250,1788691067.4846551
1788691116.917683,49.404000,gate_sweep_poor_medium_r08,0.17492503114044666,0.8549114498309791,4.51590858399868,53.19987801959203,-0.4099273085594177,2.2431857585906982,3.318662405014038,53.00535517136832,1.924254720328888,0.19452284822370539,1,124,1788691067.5136604
1788691116.963949,49.436000,gate_sweep_poor_medium_r08,0.17421573586761951,0.8831502231769264,4.515042170882225,53.24971443912561,-0.4101868271827698,2.2712604999542236,3.313283681869507,53.000566424073135,1.9268108267571937,0.24914801505247736,1,222,1788691067.5279331
1788691117.025043,49.468000,gate_sweep_poor_medium_r08,0.17370166070759296,0.9183705481700599,4.514027461409569,53.359185720453645,-0.4083709418773651,2.2972123622894287,3.3042495250701904,53.08733259467888,1.924467697390004,0.2718531257747688,1,110,1788691067.5570219
1788691117.073843,49.504000,gate_sweep_poor_medium_r08,0.17363441176712513,0.946465793531388,4.5132125467062,53.47430799962671,-0.40782347321510315,2.3247480392456055,3.2969284057617188,53.18140409023454,1.9279788205195842,0.2929039093921754,1,209,1788691067.5698245
1788691117.125780,49.536000,gate_sweep_poor_medium_r08,0.17382984049618244,0.9674984249286354,4.512588366866112,53.57210389881552,-0.4084000587463379,2.35176944732666,3.2914814949035645,53.225938155555994,1.9355360786554678,0.346165743259522,1,115,1788691067.5897603
1788691117.184473,49.568000,gate_sweep_poor_medium_r08,0.17472443170845509,1.0024730595760047,4.511520728468895,53.74900760466653,-0.4080435335636139,2.3786678314208984,3.286726236343384,53.32695203772017,1.9322660529392828,0.4220555669463605,1,88,1788691067.6164494
1788691117.231459,49.600000,gate_sweep_poor_medium_r08,0.1760681141167879,1.0303702387027442,4.510613784193993,53.89298808662322,-0.3913021683692932,2.392078161239624,3.276864767074585,53.63444839764829,1.9230949381117783,0.2585396889749249,1,215,1788691067.6314397
1788691117.289333,49.636000,gate_sweep_poor_medium_r08,0.17802573926746845,1.0581749710254371,4.509666785597801,54.034349033390434,-0.37760502099990845,2.418745994567871,3.2632954120635986,53.85330943631288,1.9269978340994949,0.18103959707756034,1,114,1788691067.653311
1788691117.333013,49.668000,gate_sweep_poor_medium_r08,0.18138222582638264,1.0927835735492408,4.50848613679409,54.199786274706,-0.36681458353996277,2.4472055435180664,3.2543396949768066,54.05829102858588,1.9255809284620131,0.14149524612011807,1,238,1788691067.6649964
1788691117.392236,49.700000,gate_sweep_poor_medium_r08,0.18482032604515553,1.1203210386447608,4.507498130202293,54.31996242809175,-0.3592758774757385,2.469515323638916,3.2435343265533447,54.30319064538429,1.9271664158243984,0.016771782707457696,1,132,1788691067.6922197
1788691117.439008,49.732000,gate_sweep_poor_medium_r08,0.18787135370075703,1.1408679517917335,4.506740912795067,54.399801902538435,-0.3603931665420532,2.4953019618988037,3.2396388053894043,54.395470684001914,1.9340716694279119,0.004331218536523512,1,232,1788691067.706989
1788691117.502366,49.768000,gate_sweep_poor_medium_r08,0.1939061302691698,1.1749000581912696,4.505447253584862,54.50807703188797,-0.3601522445678711,2.522343635559082,3.237952470779419,54.469056691711174,1.931095000603504,0.03902034017679496,1,127,1788691067.7343454
1788691117.546138,49.800000,gate_sweep_poor_medium_r08,0.19959417171776295,1.201955798547715,4.504364833235741,54.57407402059667,-0.36899325251579285,2.5588183403015137,3.238454580307007,54.31150631676332,1.9408493977331727,0.26256770383334266,1,238,1788691067.746115
1788691117.597656,49.832000,gate_sweep_poor_medium_r08,0.20603174157440662,1.2288813623599708,4.5032375901937485,54.6194709029776,-0.36706382036209106,2.5855772495269775,3.236525774002075,54.34781438593832,1.9425810352844457,0.2716565170392875,1,140,1788691067.7656379
1788691117.657421,49.864000,gate_sweep_poor_medium_r08,0.2151742447167635,1.262441638391465,4.501773223280907,54.646712853930744,-0.36197179555892944,2.601255178451538,3.232517719268799,54.47899405530906,1.9330102900189452,0.16771879862168856,1,93,1788691067.793401
1788691117.708318,49.900000,gate_sweep_poor_medium_r08,0.2234369684010744,1.289264205377549,4.500579699873924,54.643560927183444,-0.36445778608322144,2.6315252780914307,3.2176711559295654,54.33775149130098,1.947598357413203,0.3058094358824615,1,228,1788691067.8082988
1788691117.759434,49.932000,gate_sweep_poor_medium_r08,0.23020623810589314,1.3093719515018165,4.499663695693016,54.62691229231782,-0.3631207346916199,2.6586174964904785,3.2096924781799316,54.26284194613885,1.9587052303327834,0.3640703461789717,1,119,1788691067.8274143
1788691117.819262,49.964000,gate_sweep_poor_medium_r08,0.23994516022503376,1.336148980539292,4.498512610793114,54.58874376494503,-0.354897141456604,2.6823110580444336,3.2189433574676514,54.32474470329626,1.9502018297701262,0.263999061648769,1,79,1788691067.8552353
1788691117.863090,49.996000,gate_sweep_poor_medium_r08,0.25335084088146687,1.3694931301288307,4.4970544427633286,54.510735365188616,-0.34090402722358704,2.703489065170288,3.222417116165161,54.33455666692627,1.938397357956054,0.17617869826234947,1,193,1788691067.867072
1788691117.929110,50.032000,gate_sweep_poor_medium_r08,0.26507474668323994,1.3960655960254371,4.495914801955223,54.42872611845802,-0.3263190984725952,2.731309175491333,3.2083258628845215,54.295506696885326,1.9469225389342837,0.13321942157269911,1,98,1788691067.8970847
1788691117.979589,50.064000,gate_sweep_poor_medium_r08,0.2777281869202852,1.422580364625901,4.494863376021385,54.32885298653482,-0.3100750148296356,2.7596540451049805,3.186772108078003,54.34209511814448,1.960709411485306,0.013242131609654926,1,231,1788691067.9155655
1788691118.037659,50.096000,gate_sweep_poor_medium_r08,0.287830488756299,1.4424725803546607,4.49407134950161,54.244550490687026,-0.2890031337738037,2.7875924110412598,3.167132616043091,54.38460482451841,1.9755634106097544,0.14005433383138957,1,108,1788691067.9416337
1788691118.082287,50.128000,gate_sweep_poor_medium_r08,0.30586923845112324,1.475648048799485,4.492783412337303,54.08830790318646,-0.29207196831703186,2.834672212600708,3.1663148403167725,53.859843501793826,1.990979466771357,0.22846440139263535,1,225,1788691067.954269
1788691118.134381,50.164000,gate_sweep_poor_medium_r08,0.32131444104015827,1.5021858247928321,4.491795405745506,53.953055443858474,-0.2864380180835724,2.872210741043091,3.1770989894866943,53.60063548065248,1.9936795102626785,0.3524199632060001,1,134,1788691067.97036
1788691118.195714,50.196000,gate_sweep_poor_medium_r08,0.3376271892338991,1.528729799669236,4.490778788924217,53.81261504908947,-0.27331170439720154,2.892634153366089,3.1792078018188477,53.56344291754846,1.9883912773900856,0.24917213154101717,1,109,1788691067.9996836
1788691118.240687,50.228000,gate_sweep_poor_medium_r08,0.3591547179967165,1.561928156297654,4.489428386092186,53.63686714936013,-0.2528921663761139,2.9134695529937744,3.1815946102142334,53.474684680017845,1.9778004755234972,0.16218246934228392,1,230,1788691068.0126677
1788691118.302482,50.260000,gate_sweep_poor_medium_r08,0.377305643633008,1.5884853634051979,4.4882958978414536,53.49663777617033,-0.22887225449085236,2.9374091625213623,3.1770100593566895,53.38828754303283,1.9764912370679864,0.10835023313749712,1,138,1788691068.0424597
1788691118.350132,50.296000,gate_sweep_poor_medium_r08,0.39144288189709187,1.6084078582935035,4.487405642867088,53.39612420818392,-0.19762003421783447,2.967020034790039,3.168224334716797,53.31288317133729,1.9831947683068318,0.0832410368466356,1,204,1788691068.0541146
1788691118.406681,50.328000,gate_sweep_poor_medium_r08,0.4160026777535677,1.6416959795169532,4.485846862196922,53.23785726993161,-0.1727905571460724,2.9921746253967285,3.159722328186035,53.29218456378216,1.982189780557464,0.05432729385054458,1,120,1788691068.0786514
1788691118.455843,50.360000,gate_sweep_poor_medium_r08,0.436510281637311,1.6684452327899635,4.48454986512661,53.12704062456945,-0.14856740832328796,3.0187506675720215,3.1506927013397217,53.2509404229792,1.9861559867938858,0.12389979840974623,1,190,1788691068.0958228
1788691118.512095,50.392000,gate_sweep_poor_medium_r08,0.4577509630471468,1.6952896150760353,4.483234271407127,53.036063795606296,-0.1267913281917572,3.0415151119232178,3.150956630706787,53.20970391995139,1.9821645972316062,0.17364012434509518,1,121,1788691068.1200738
1788691118.552728,50.428000,gate_sweep_poor_medium_r08,0.4852751959115267,1.728941801469773,4.481604918837547,52.95907355707305,-0.09944859892129898,3.0791425704956055,3.1441986560821533,53.11601231966664,1.9883660489404358,0.1569387625935945,1,178,1788691068.124707
1788691118.603800,50.460000,gate_sweep_poor_medium_r08,0.5079895723611116,1.7559762033633888,4.4804199784994125,52.93753823570908,-0.07743768393993378,3.109233856201172,3.140559673309326,53.03352256091757,1.9922994214746605,0.0959843252084893,1,112,1788691068.1437805
1788691118.664285,50.492000,gate_sweep_poor_medium_r08,0.5253640282899141,1.77635097829625,4.47957406938076,52.952764425542235,-0.04883461445569992,3.1359245777130127,3.141861915588379,53.112169810422856,1.9918881143191274,0.15940538488062417,1,74,1788691068.1722631
1788691118.712166,50.524000,gate_sweep_poor_medium_r08,0.5549415815621614,1.8105759653262794,4.478333339095116,53.054051772505815,-0.0350383035838604,3.147934675216675,3.1406383514404297,53.11046529467845,1.9814218288373342,0.05641352217263318,1,159,1788691068.1881406
1788691118.770983,50.560000,gate_sweep_poor_medium_r08,0.57906942255795,1.838209870737046,4.477473124861717,53.21645376285137,-0.013400156050920486,3.1730313301086426,3.131613254547119,53.184250876530385,1.9859776737161772,0.03220288632098396,1,93,1788691068.2109654
1788691118.814374,50.592000,gate_sweep_poor_medium_r08,0.6035395730286837,1.8660860094241798,4.476752623915672,53.463813885307964,0.007929997518658638,3.1926281452178955,3.130565881729126,53.30369225469932,1.9815861195805273,0.16012163060864443,1,161,1788691068.2223566
1788691118.861036,50.624000,gate_sweep_poor_medium_r08,0.6282912362366915,1.8942508730106056,4.4761661142110825,53.80589699539597,0.03828229010105133,3.218897581100464,3.1283512115478516,53.618051902204456,1.9797485874763194,0.1878450931915156,1,94,1788691068.2370148
1788691118.921076,50.656000,gate_sweep_poor_medium_r08,0.6594793070107698,1.929959777276963,4.475646838545799,54.38154026321563,0.06883430480957031,3.2390363216400146,3.126497745513916,54.09240474173792,1.9704685211531587,0.289135521477712,1,72,1788691068.2650511
1788691118.970978,50.692000,gate_sweep_poor_medium_r08,0.6782302726060152,1.951688054483384,4.475493773818016,54.811117375281896,0.09146177768707275,3.2546563148498535,3.118314266204834,54.48603702117527,1.9707764383706805,0.32508035410662006,1,134,1788691068.2789586
1788691119.021209,50.724000,gate_sweep_poor_medium_r08,0.7032371629029512,1.981054666917771,4.475489005446434,55.48643646022123,0.11343155056238174,3.25860333442688,3.120605230331421,55.01144455279382,1.9533845761325759,0.474991907427414,1,95,1788691068.2971833
1788691119.075526,50.756000,gate_sweep_poor_medium_r08,0.7282177079468966,2.010887030046433,4.475657805800438,56.28117040877361,0.15389683842658997,3.2624752521514893,3.123124122619629,55.86798231840441,1.9301981512314483,0.41318809036920584,1,73,1788691068.3195055
1788691119.145580,50.788000,gate_sweep_poor_medium_r08,0.7654404509812593,2.0566335949115455,4.476245746016502,57.697344272420736,0.18180051445960999,3.271040678024292,3.106048345565796,56.6770848693902,1.921681829861353,1.0202594030305385,1,58,1788691068.3575628
1788691119.180647,50.824000,gate_sweep_poor_medium_r08,0.7838635910302401,2.0799416336230934,4.476631984114647,58.49970104142263,0.20649079978466034,3.2928483486175537,3.096510648727417,57.440848353740535,1.9259379376658001,1.0588526876820914,1,114,1788691068.3566284
1788691119.241276,50.856000,gate_sweep_poor_medium_r08,0.8021412957459688,2.103507641237229,4.477048262953758,59.36098029087286,0.22769351303577423,3.308769702911377,3.0868794918060303,58.30920885016077,1.9274895861316763,1.0517714407120873,1,78,1788691068.385249
1788691119.300333,50.888000,gate_sweep_poor_medium_r08,0.8321636784821749,2.1433509620837867,4.477817878127098,60.913052361398776,0.2664385139942169,3.3236589431762695,3.093998432159424,59.59584565380542,1.9047645920175598,1.317206707593358,1,64,1788691068.4123106
1788691119.346327,50.920000,gate_sweep_poor_medium_r08,0.8557141292840242,2.175758484285325,4.478483065962791,62.24444409541553,0.27044564485549927,3.3482649326324463,3.090106248855591,60.554830784626176,1.9091623180236836,1.689613310789357,1,125,1788691068.4263082
1788691119.398715,50.956000,gate_sweep_poor_medium_r08,0.8787833917886019,2.2086421283893287,4.479174003005028,63.64240342651383,0.29435375332832336,3.3857505321502686,3.0773508548736572,61.80752140107616,1.9215229207980804,1.8348820254376736,1,87,1788691068.442692
1788691119.457263,50.988000,gate_sweep_poor_medium_r08,0.9068631995469332,2.250390652101487,4.480037078261375,65.45981815410883,0.30915629863739014,3.408982992172241,3.0698494911193848,62.84974891963747,1.9204735824256647,2.6100692344713647,1,60,1788691068.4692454
1788691119.498015,51.020000,gate_sweep_poor_medium_r08,0.9287728536874056,2.2843042644672096,4.480693683028221,66.9478990722017,0.32349538803100586,3.4438765048980713,3.0680325031280518,63.89263630899609,1.9252480880152099,3.055262763205602,1,129,1788691068.4779954
1788691119.555502,51.052000,gate_sweep_poor_medium_r08,0.9448535908013582,2.31006634561345,4.481168612837791,68.07505812850809,0.32473376393318176,3.4738619327545166,3.059541940689087,64.85653223720618,1.9390696643722312,3.218525891301912,1,65,1788691068.503479
1788691119.602436,51.088000,gate_sweep_poor_medium_r08,0.9709737170487642,2.3536094459705055,4.48195968568325,69.95395014242915,0.3354986011981964,3.5043632984161377,3.039200782775879,65.84007350700325,1.9518238403355563,4.113876635425902,1,136,1788691068.5144155
1788691119.648642,51.120000,gate_sweep_poor_medium_r08,0.9913214314728975,2.3889087471179664,4.482614383101463,71.43529661227781,0.3468971252441406,3.5344436168670654,3.0224127769470215,66.87451739821459,1.964617406745016,4.560779214063223,1,80,1788691068.5286229
1788691119.707003,51.152000,gate_sweep_poor_medium_r08,1.0112078059464693,2.4245225223712623,4.48332105576992,72.88114484270545,0.36301732063293457,3.5660321712493896,3.010458469390869,68.06549036961879,1.972946877664994,4.815654473086679,1,62,1788691068.554968
1788691119.747874,51.184000,gate_sweep_poor_medium_r08,1.0354812014847994,2.4693175586871803,4.484308585524559,74.60955941892459,0.38411080837249756,3.6055755615234375,2.999509572982788,69.0276674893638,1.9798974078668148,5.581891929560787,1,120,1788691068.5638442
1788691119.795481,51.220000,gate_sweep_poor_medium_r08,1.0545137990266085,2.505285147111863,4.485232695937157,75.91202644247288,0.40666869282722473,3.639071464538574,2.9847192764282227,70.26507780402741,1.9891493702929672,5.646948638445474,1,73,1788691068.5754533
1788691119.856145,51.252000,gate_sweep_poor_medium_r08,1.0685938466340303,2.532351854722947,4.486042365431786,76.83295450394112,0.4324992001056671,3.6651124954223633,2.983912706375122,71.43307187188705,1.9859900757751745,5.399882632054074,1,55,1788691068.604125
1788691119.897607,51.284000,gate_sweep_poor_medium_r08,1.0871826279908419,2.568538788240403,4.487234458327293,77.97698214790944,0.45268920063972473,3.6763713359832764,2.9851303100585938,72.2589529651358,1.971342622538322,5.718029182773634,1,108,1788691068.6135886
1788691119.944739,51.316000,gate_sweep_poor_medium_r08,1.11009250767529,2.613911989610642,4.489034041762352,79.25918286961813,0.46591824293136597,3.6909592151641846,2.9769880771636963,72.8757548779366,1.9650125212043912,6.383427991681529,1,69,1788691068.6287198
1788691119.997827,51.352000,gate_sweep_poor_medium_r08,1.1282455790787935,2.6502856048755348,4.490784510970116,80.15948432270191,0.48645153641700745,3.7075254917144775,2.962186574935913,73.49732643920696,1.9662826403056615,6.662157883494948,1,55,1788691068.6458042
1788691120.041284,51.384000,gate_sweep_poor_medium_r08,1.1462806332856417,2.686684492509812,4.492766723036766,80.94243632592385,0.48803189396858215,3.71246337890625,3.0030109882354736,74.09067859203924,1.9248080101564813,6.851757733884605,1,110,1788691068.6572645
1788691120.089437,51.416000,gate_sweep_poor_medium_r08,1.1597301829606295,2.7139984401874244,4.494377955794334,81.45044977283963,0.5151635408401489,3.7292425632476807,3.007319450378418,74.68688528516839,1.9124669367266667,6.763564487671238,1,81,1788691068.6734161
1788691120.138695,51.448000,gate_sweep_poor_medium_r08,1.1819758284837008,2.759532097261399,4.49729810655117,82.14633254556436,0.553300142288208,3.738248825073242,3.0100646018981934,75.29813851921249,1.8881162700094696,6.8481940263518775,1,68,1788691068.690669
1788691120.186618,51.484000,gate_sweep_poor_medium_r08,1.1996418107300997,2.795899275224656,4.4998525232076645,82.56818825208103,0.6021099090576172,3.747896671295166,3.0163469314575195,75.96670364338388,1.8612179497295076,6.60148460869715,1,56,1788691068.7025962
1788691120.245466,51.516000,gate_sweep_poor_medium_r08,1.2172129023820162,2.8321560653857887,4.502609595656395,82.87259945862905,0.6459821462631226,3.747396469116211,3.0168960094451904,76.30839347629544,1.8361139489719442,6.564205982333624,1,51,1788691068.7294464
1788691120.290625,51.548000,gate_sweep_poor_medium_r08,1.2390686143189669,2.8772839340381324,4.506300315260887,83.09394332733171,0.6374087929725647,3.783294677734375,3.027003526687622,76.57294414087067,1.8360743440827167,6.520999186461031,1,99,1788691068.7426057
1788691120.336752,51.580000,gate_sweep_poor_medium_r08,1.2564475405961275,2.9131540092639625,4.509446009993553,83.15127217918476,0.6673563122749329,3.8065125942230225,3.029296636581421,76.76010187035922,1.8264611148933219,6.391170308825541,1,67,1788691068.7567368
1788691120.391477,51.616000,gate_sweep_poor_medium_r08,1.2780316937714815,2.95769703714177,4.513596877455711,83.08429794559686,0.6971759796142578,3.8376243114471436,3.0372819900512695,76.851832814797,1.8141584868769243,6.232465130799862,1,57,1788691068.775459
1788691120.432363,51.648000,gate_sweep_poor_medium_r08,1.2908912766724825,2.9842859539203346,4.516208991408348,82.97643409502436,0.6223404407501221,3.963031530380249,3.0022079944610596,76.25748793706639,1.922784996407482,6.718946157957981,1,106,1788691068.7843425
1788691120.479650,51.680000,gate_sweep_poor_medium_r08,1.3079039920121431,3.019614103715867,4.519794806838036,82.76089408196913,0.6133278012275696,4.015528202056885,2.995065450668335,75.86564195619633,1.9491230298893092,6.895252125772804,1,66,1788691068.799624
1788691120.537106,51.712000,gate_sweep_poor_medium_r08,1.3288767207413912,3.063573959749192,4.524481639266014,82.3913521438427,0.5950705409049988,4.08738899230957,2.982274055480957,75.39949725443992,1.991249095906093,6.9918548894027674,1,42,1788691068.8250904
1788691120.576183,51.748000,gate_sweep_poor_medium_r08,1.3454105723649263,3.0986114772967994,4.528483256697655,82.02992783036693,0.5783671140670776,4.1614298820495605,2.9702463150024414,75.02476515724933,2.036182947296824,7.005162673117595,1,106,1788691068.8281608
1788691120.627061,51.780000,gate_sweep_poor_medium_r08,1.361730920150876,3.1335703167133033,4.532688960433006,81.62346108926069,0.602155864238739,4.1976165771484375,2.9765589237213135,74.77379980407558,2.032409752256236,6.849661285185111,1,65,1788691068.847043
1788691120.687472,51.812000,gate_sweep_poor_medium_r08,1.3738317359238863,3.1597734722308815,4.535949572920799,81.29563575602273,0.6320971846580505,4.223567485809326,2.9818878173828125,74.48903736684201,2.024088878456842,6.806598389180716,1,53,1788691068.875452
1788691120.730072,51.844000,gate_sweep_poor_medium_r08,1.3936723340302706,3.203415039461106,4.5416077226400375,80.7232929666318,0.6681310534477234,4.2229533195495605,2.987056016921997,74.3378638678739,1.9956200690877899,6.385429098757903,1,117,1788691068.8860443
1788691120.782684,51.880000,gate_sweep_poor_medium_r08,1.4092542994767427,3.238382938783616,4.546265468001366,80.25713891772803,0.69376540184021,4.210832595825195,3.0049142837524414,74.15508763726709,1.9578932992650513,6.102051280460938,1,57,1788691068.90267
1788691120.822166,51.912000,gate_sweep_poor_medium_r08,1.424580680206418,3.2734349998645484,4.551006183028221,79.7982195987282,0.729041337966919,4.1607985496521,3.022862434387207,73.71585373146274,1.8990556502127918,6.082365867265448,1,113,1788691068.91015
1788691120.879772,51.944000,gate_sweep_poor_medium_r08,1.4396166671067476,3.308603886049241,4.555771216750145,79.3609800192236,0.7219066619873047,4.188863754272461,3.0070650577545166,73.08328588257667,1.9205353040139368,6.277694136646916,1,53,1788691068.9357502
1788691120.927423,51.976000,gate_sweep_poor_medium_r08,1.4579605925828218,3.352748754899949,4.561683043837547,78.86086356782556,0.7152754664421082,4.222921371459961,2.9911046028137207,72.43055529037417,1.9430641313683856,6.430308277451379,1,125,1788691068.9514034
1788691120.978512,52.012000,gate_sweep_poor_medium_r08,1.4687007535248995,3.379313352983445,4.565173491835594,78.59376037891424,0.7264269590377808,4.226662635803223,2.9840691089630127,71.81104496523939,1.9413557795047212,6.782715413674846,1,65,1788691068.9664912
1788691121.032226,52.044000,gate_sweep_poor_medium_r08,1.4826743472367525,3.4147502216510475,4.56978403031826,78.28453972184614,0.7230506539344788,4.270261287689209,3.0087530612945557,71.38866602861049,1.9353927316674062,6.895873693235665,1,48,1788691068.9882073
1788691121.074015,52.076000,gate_sweep_poor_medium_r08,1.4962402451783419,3.450140360277146,4.5743201822042465,78.03445933927632,0.7437950372695923,4.303176403045654,3.0073795318603516,71.18716629756052,1.9362714899690967,6.8472930417158,1,123,1788691068.9979959
1788691121.132679,52.108000,gate_sweep_poor_medium_r08,1.5125645268708467,3.494146707933396,4.5798672288656235,77.81675410869055,0.7760935425758362,4.3292741775512695,3.0135111808776855,71.19765915030644,1.9217956890073422,6.619094958384101,1,68,1788691069.0246544
1788691121.169001,52.144000,gate_sweep_poor_medium_r08,1.5250637400895357,3.5291045936755836,4.584071025252342,77.72282800555102,0.8176624774932861,4.346909046173096,3.0267744064331055,71.29838570979513,1.8958885589172563,6.424442295755889,1,121,1788691069.024982
1788691121.216620,52.176000,gate_sweep_poor_medium_r08,1.5340893138200045,3.555172089021653,4.5870650857687,77.7008199904057,0.838583767414093,4.395563125610352,3.0276737213134766,71.41596933645101,1.9030729063799776,6.284850653954683,1,69,1788691069.040597
1788691121.274710,52.208000,gate_sweep_poor_medium_r08,1.5483718980103731,3.5982855590991676,4.59172235429287,77.75578734269179,0.8433120250701904,4.452497482299805,3.030751943588257,71.53240358316303,1.914005239612443,6.22338375952876,1,45,1788691069.0666728
1788691121.311142,52.240000,gate_sweep_poor_medium_r08,1.55912815220654,3.6324223312549293,4.595123156905174,77.88161870852011,0.8425801992416382,4.467906475067139,3.0281383991241455,71.35386338703117,1.9149193075891948,6.5277553214889315,1,86,1788691069.0711226
1788691121.356046,52.276000,gate_sweep_poor_medium_r08,1.5693023074418306,3.666180971544236,4.598231181502342,78.07684852845985,0.8325413465499878,4.4772796630859375,3.037735939025879,71.26071598744755,1.9067887147522684,6.816132541012306,1,60,1788691069.0800269
1788691121.414123,52.308000,gate_sweep_poor_medium_r08,1.5811816323548555,3.7077375683002174,4.601746425032616,78.41401072407767,0.7448024749755859,4.5344414710998535,3.0057613849639893,70.85145322049473,1.982457486536713,7.562557503582944,1,30,1788691069.1060991
1788691121.466345,52.340000,gate_sweep_poor_medium_r08,1.590059982612729,3.740394953172654,4.604308947920799,78.75100092522055,0.6539832949638367,4.576896667480469,2.979825496673584,70.4770087849741,2.0530273175424867,8.273992140246447,1,73,1788691069.126327
1788691121.513822,52.372000,gate_sweep_poor_medium_r08,1.5963537562638521,3.7644816669635475,4.606088504195213,79.04113111158831,0.6008451581001282,4.603484630584717,2.9350430965423584,70.24093156936033,2.118338050553005,8.800199542227983,1,49,1788691069.1417994
1788691121.575134,52.408000,gate_sweep_poor_medium_r08,1.6060967314988375,3.8037670883350074,4.6087463945150375,79.5863349959553,0.5690796971321106,4.606207370758057,2.9378981590270996,70.20227076930384,2.1239229181999755,9.384064226651457,1,36,1788691069.1671169
1788691121.619174,52.440000,gate_sweep_poor_medium_r08,1.6132242549210787,3.834388855379075,4.61059795320034,80.07322920632835,0.5304545760154724,4.5977091789245605,2.9615895748138428,70.28631244885337,2.1152486203479253,9.786916757474982,1,65,1788691069.179156
1788691121.679417,52.472000,gate_sweep_poor_medium_r08,1.6198059190064669,3.864242437761277,4.61221681535244,80.5955101145023,0.6798810958862305,4.706906795501709,2.9464385509490967,73.17983441321381,2.090061989291781,7.415675701288485,1,27,1788691069.207393
1788691121.720598,52.504000,gate_sweep_poor_medium_r08,1.6273388732224703,3.900389793794602,4.613848075270653,81.29096050455227,0.6773756742477417,4.713479518890381,2.9448161125183105,73.26344308465193,2.0854766057550402,8.027517419900356,1,62,1788691069.2165742
1788691121.779106,52.540000,gate_sweep_poor_medium_r08,1.6328831780701876,3.928261164110154,4.614893779158592,81.87223079245159,0.6748607754707336,4.720030784606934,2.9432084560394287,73.35138367979712,2.0830837418010986,8.520847112654478,1,20,1788691069.2390845
1788691121.824085,52.572000,gate_sweep_poor_medium_r08,1.636805759742856,3.948505762498826,4.61554180085659,82.31965955770188,0.649733304977417,4.500293731689453,3.033186197280884,73.26867971672888,1.9448987763036987,9.050979840973008,1,52,1788691069.2520669
1788691121.871336,52.604000,gate_sweep_poor_medium_r08,1.6417614091187716,3.9747015270404518,4.616227969527245,82.92460356423011,0.6438832879066467,4.809974193572998,2.924449920654297,74.34320367079737,2.1343744139439518,8.581399893432744,1,30,1788691069.267317
1788691121.926669,52.636000,gate_sweep_poor_medium_r08,1.6475828755646944,4.00599968759343,4.616765841841698,83.68709599985739,0.6412039995193481,4.816413402557373,2.9229326248168945,74.43510537810728,2.1304083642927587,9.251990621750112,1,17,1788691069.2906525
1788691121.967331,52.672000,gate_sweep_poor_medium_r08,1.651990519836545,4.029892567079514,4.616975650191307,84.29707619153771,0.6385126709938049,4.82282829284668,2.921429395675659,74.52642059441067,2.1285585536918763,9.77065559712704,1,35,1788691069.2953053
1788691122.013427,52.704000,gate_sweep_poor_medium_r08,1.6562195885926485,4.052764538209885,4.617059096693993,84.89981792934125,0.6358069181442261,4.829223155975342,2.9199371337890625,74.61630344007115,2.1270526462897448,10.283514489270107,1,22,1788691069.3093991
1788691122.059578,52.736000,gate_sweep_poor_medium_r08,1.6593092549592257,4.069255474489182,4.617045745253563,85.34456194915151,0.6330881714820862,4.835602283477783,2.9184532165527344,74.70396168291502,2.127353690005092,10.64060026623649,1,15,1788691069.323544
1788691122.115299,52.768000,gate_sweep_poor_medium_r08,1.6643767226487398,4.095497253816575,4.616812095046043,86.06965220912431,0.6303579807281494,4.8419647216796875,2.916977882385254,74.78863431794493,2.125051714606761,11.281017891179399,1,11,1788691069.3472788
1788691122.158848,52.804000,gate_sweep_poor_medium_r08,1.6683748830109835,4.115408543031663,4.616522178053856,86.62641204853013,0.6276135444641113,4.8483147621154785,2.9155080318450928,74.87003372493282,2.124566971264483,11.756378323597302,1,28,1788691069.3548276
1788691122.203946,52.836000,gate_sweep_poor_medium_r08,1.6723651755601168,4.134329441469163,4.616165980696678,87.16041078685078,0.6248617768287659,4.854652404785156,2.9140443801879883,74.9469576306434,2.1244638111185443,12.213453156207377,1,11,1788691069.3679183
1788691122.257436,52.868000,gate_sweep_poor_medium_r08,1.6773241627961397,4.156635883729905,4.6156738847494125,87.79046001798282,0.6220951080322266,4.860980987548828,2.9125845432281494,75.01931597088716,2.1237051792786494,12.771144047095671,1,10,1788691069.3894153
1788691122.306088,52.900000,gate_sweep_poor_medium_r08,1.681314216926694,4.173352363985032,4.615195140242577,88.2633994927889,0.6193215847015381,4.867302417755127,2.9111268520355225,75.08768723243843,2.1244396340920004,13.175712260350487,1,9,1788691069.406068
1788691122.367252,52.936000,gate_sweep_poor_medium_r08,1.6843174565583467,4.185248497407883,4.614810809493065,88.59831801941482,0.6165357828140259,4.8736162185668945,2.9096720218658447,75.15062518902289,2.126383339708224,13.447692830391924,1,8,1788691069.4312315
1788691122.407140,52.968000,gate_sweep_poor_medium_r08,1.6893980372697115,4.203847530763596,4.614304885268211,89.11832990243875,0.6137397885322571,4.87992000579834,2.9082205295562744,75.20795917836509,2.1271667749336314,13.910370724073655,1,29,1788691069.4391193
1788691122.454662,53.000000,gate_sweep_poor_medium_r08,1.693540083244443,4.217665794771165,4.613930091261864,89.49762340244388,0.610931396484375,4.886218070983887,2.9067702293395996,75.26035507921856,2.129177895065608,14.237268323225324,1,11,1788691069.4546463
1788691122.499106,53.032000,gate_sweep_poor_medium_r08,1.6977559197694063,4.230519417207688,4.613584384322166,89.84490133266488,0.6081140041351318,4.89251184463501,2.905320405960083,75.30665403054722,2.1316001731205834,14.538247302117647,1,8,1788691069.4670856
1788691122.549965,53.068000,gate_sweep_poor_medium_r08,1.7030812371522188,4.245278004091233,4.613218650221825,90.23517072005188,0.6052869558334351,4.898800849914551,2.9038710594177246,75.34852923199642,2.134036921024801,14.886641488055457,1,5,1788691069.4819438
1788691122.609511,53.100000,gate_sweep_poor_medium_r08,1.7073747981339693,4.256018761079758,4.613045558333397,90.51140384373083,0.602448046207428,4.9050822257995605,2.902423858642578,75.38395361031984,2.137375284738297,15.127450233411004,1,4,1788691069.5094926
1788691122.646303,53.132000,gate_sweep_poor_medium_r08,1.7105628121644258,4.2635027202777565,4.612957343459129,90.69597394054733,0.5995997190475464,4.911360263824463,2.9009768962860107,75.41369699237106,2.141222884825694,15.282276948176271,1,22,1788691069.5142639
1788691122.698302,53.164000,gate_sweep_poor_medium_r08,1.7158440221101046,4.27476418344304,4.61297832429409,90.9670080657704,0.5967391133308411,4.917623996734619,2.8995351791381836,75.43943280742803,2.145122828203759,15.527575258342365,1,4,1788691069.534284
1788691122.743886,53.200000,gate_sweep_poor_medium_r08,1.720028506591916,4.282777431886643,4.613020285964012,91.14902488013617,0.5938562154769897,4.923852920532227,2.8981096744537354,75.45921039692078,2.14945579551843,15.689814483215395,1,4,1788691069.5438602
1788691122.796728,53.232000,gate_sweep_poor_medium_r08,1.7241750825196505,4.289949539583176,4.6130679696798325,91.29870895384755,0.5909433960914612,4.930032730102539,2.8967063426971436,75.47215452278257,2.154023625796381,15.826554431064972,1,4,1788691069.5647113
1788691122.836561,53.264000,gate_sweep_poor_medium_r08,1.7283034194260836,4.2962857517413795,4.613145217299461,91.4207981453021,0.5880091190338135,4.936182498931885,2.895315170288086,75.48034898067364,2.1588605811833217,15.940449164628458,1,33,1788691069.5725434
1788691122.884856,53.296000,gate_sweep_poor_medium_r08,1.7334780562669039,4.303068760316819,4.6134766191244125,91.53380577474815,0.5850460529327393,4.942290782928467,2.8939404487609863,75.48263189431408,2.164325645937313,16.05117388043406,1,6,1788691069.5888383
1788691122.937847,53.332000,gate_sweep_poor_medium_r08,1.7366411555558443,4.30655014840886,4.613810881972313,91.57955982730982,0.5820646286010742,4.948372840881348,2.8925750255584717,75.47964502714014,2.169708781973346,16.099914800169678,1,3,1788691069.605825
1788691122.978462,53.364000,gate_sweep_poor_medium_r08,1.7409360278397799,4.310653332155198,4.6144436448812485,91.61818648607955,0.579058825969696,4.954421043395996,2.891220808029175,75.47140861379661,2.175751006827339,16.146777872282954,1,30,1788691069.6144373
1788691123.025019,53.396000,gate_sweep_poor_medium_r08,1.745279060676694,4.314293983858079,4.615221843123436,91.62568757499747,0.5760372877120972,4.960448741912842,2.889871120452881,75.45835299606082,2.182080981820338,16.167334578936654,1,4,1788691069.6289997
1788691123.071323,53.428000,gate_sweep_poor_medium_r08,1.7509043086320162,4.318264606874436,4.61642824113369,91.59618878841603,0.5729952454566956,4.966456413269043,2.8885252475738525,75.43962820727958,2.189354044950408,16.156560581136443,1,3,1788691069.6433032
1788691123.121636,53.464000,gate_sweep_poor_medium_r08,1.755484925583005,4.321170452516526,4.617563113570213,91.54064115908865,0.5699328780174255,4.972447395324707,2.887180805206299,75.41632191496957,2.19634201499205,16.124319244119068,1,3,1788691069.657605
1788691123.179769,53.496000,gate_sweep_poor_medium_r08,1.7589483130723238,4.323261383455247,4.618578299880028,91.47786767993938,0.5668534636497498,4.978427886962891,2.8858346939086914,75.38717285363893,2.2028921175066225,16.09069482630046,1,2,1788691069.6837466
1788691123.226406,53.528000,gate_sweep_poor_medium_r08,1.7647799123078585,4.326676014345139,4.620627745985985,91.33133952875512,0.5637580156326294,4.984399795532227,2.884485960006714,75.35277490163367,2.2111631485839522,15.97856462712146,1,40,1788691069.6983883
1788691123.281900,53.560000,gate_sweep_poor_medium_r08,1.7706159222871065,4.330238464754075,4.622909888625145,91.13043903561586,0.5606501698493958,4.990367412567139,2.883131742477417,75.31332585956785,2.21959801487255,15.817113176048007,1,9,1788691069.7218828
1788691123.326384,53.596000,gate_sweep_poor_medium_r08,1.7741761077195406,4.332577351015061,4.624519690871239,90.98104866219406,0.5575242638587952,4.996326446533203,2.881775140762329,75.2671845074936,2.2266484091354,15.713864154700463,1,42,1788691069.7303617
1788691123.376687,53.628000,gate_sweep_poor_medium_r08,1.7802202571183443,4.336953762453049,4.627603396773338,90.69158763143926,0.5484218597412109,5.415552139282227,2.530276298522949,76.47961328802599,2.660729732110123,14.211974343413265,1,8,1788691069.7486694
1788691123.428991,53.660000,gate_sweep_poor_medium_r08,1.785116659477353,4.34098732797429,4.630421981215477,90.4204014733984,-0.14030367136001587,5.555194854736328,3.0144565105438232,73.77834880679062,2.7915744250960834,16.64205266660778,1,7,1788691069.7689688
1788691123.471885,53.692000,gate_sweep_poor_medium_r08,1.7888598311692476,4.3444048198871315,4.632708892226219,90.19710100635149,0.5357824563980103,5.517901420593262,0.5409386157989502,73.20773924298122,4.437328157133086,16.989361763370276,1,36,1788691069.779844
1788691123.523981,53.728000,gate_sweep_poor_medium_r08,1.7952921260148287,4.350991371553391,4.63679538667202,89.78725587283922,-1.12333083152771,8.200048446655273,1.4206788539886475,66.9226627058353,5.803189285857005,22.864593167003925,1,8,1788691069.7959628
1788691123.584156,53.760000,gate_sweep_poor_medium_r08,1.800579296424985,4.357127312105149,4.640191420912743,89.43182404172632,-1.123331069946289,8.200048446655273,1.4206793308258057,66.92268262231005,5.803667183355828,22.509141419416274,1,5,1788691069.8241377
1788691123.627362,53.792000,gate_sweep_poor_medium_r08,1.8060018885880709,4.364134434144944,4.643693789839745,89.05899327153854,-0.7891255617141724,7.983450889587402,1.289583444595337,73.48957475300284,5.575320107045365,15.569418518535702,1,42,1788691069.835334
1788691123.682405,53.824000,gate_sweep_poor_medium_r08,1.8129387963563204,4.374224308412522,4.6482642740011215,88.57081245905056,-0.40428978204727173,7.194728851318359,1.6807423830032349,75.0531812369878,4.655913940247796,13.51763122206276,1,9,1788691069.8583562
1788691123.719209,53.860000,gate_sweep_poor_medium_r08,1.818584667518735,4.383447769563645,4.652080401778221,88.17233173259393,-0.4262572228908539,6.3782525062561035,2.021594285964966,74.19220217057509,3.9922447640337224,13.980129562018842,1,52,1788691069.8591888
1788691123.766326,53.892000,gate_sweep_poor_medium_r08,1.8228402007371187,4.391073826234788,4.655024871230125,87.86972317270369,-0.3888222575187683,5.959867477416992,2.3817193508148193,74.12620457400504,3.5384293603799373,13.743518598698646,1,27,1788691069.8743105
1788691123.820102,53.924000,gate_sweep_poor_medium_r08,1.8284422028809786,4.402116897981614,4.659016475081444,87.46872120568025,-0.6935369968414307,5.718510627746582,2.5532867908477783,73.5789671805989,3.5394023561414745,13.889754025081354,1,19,1788691069.896081
1788691123.862937,53.956000,gate_sweep_poor_medium_r08,1.8352997172623873,4.417554977815598,4.664211615920067,86.97404745486641,-0.8087735176086426,6.114080429077148,2.3464698791503906,71.91257283000421,3.9040041798778433,15.061474624862198,1,66,1788691069.9069185
1788691123.918386,53.992000,gate_sweep_poor_medium_r08,1.8406469691544771,4.431238773744553,4.668597564101219,86.59263573547615,-0.9524564146995544,6.924976825714111,1.893803358078003,71.01980242463216,4.660433335057779,15.572833310843997,1,26,1788691069.926362
1788691123.959291,54.024000,gate_sweep_poor_medium_r08,1.8458986151963472,4.446107510011643,4.673186168074608,86.22953872819085,-1.0182195901870728,7.528604507446289,1.5636708736419678,70.24161997431945,5.232021234658061,15.98791875387139,1,68,1788691069.935267
1788691124.004741,54.056000,gate_sweep_poor_medium_r08,1.8497488368302584,4.458010795991868,4.67669902741909,85.97418938996056,-1.0782017707824707,8.088372230529785,1.2944024801254272,69.83488413235386,5.761280138982532,16.139305257606686,1,35,1788691069.9487247
1788691124.066244,54.088000,gate_sweep_poor_medium_r08,1.8559744227677584,4.479386928956956,4.682701930403709,85.58184028975654,-1.1488945484161377,8.625019073486328,1.0614523887634277,69.52134414970777,6.271279905614875,16.060496140048762,1,24,1788691069.9782279
1788691124.110441,54.124000,gate_sweep_poor_medium_r08,1.8607761729508638,4.497885349672288,4.687595710158348,85.30518191971058,-1.1882891654968262,8.215628623962402,1.1216083765029907,68.95590806709929,5.986207493517323,16.349273852611294,1,73,1788691069.986423
1788691124.167736,54.156000,gate_sweep_poor_medium_r08,1.8654464352875948,4.517614010255784,4.692603453993797,85.06793376001639,-1.1617357730865479,7.509396553039551,1.4190526008605957,68.30866996435583,5.369425490129439,16.759263795660562,1,29,1788691070.0117192
1788691124.209650,54.188000,gate_sweep_poor_medium_r08,1.871087895706296,4.543898704927415,4.698911532759666,84.83040270021807,-1.1706501245498657,7.038473129272461,1.588849663734436,67.88452551449731,5.014733948240226,16.945877185720764,1,76,1788691070.0216327
1788691124.265620,54.220000,gate_sweep_poor_medium_r08,1.8764532674103975,4.572105053346604,4.705179080367088,84.66341167891827,-1.1835994720458984,6.664198875427246,1.738113522529602,68.11560997251262,4.74807933307221,16.547801706405657,1,33,1788691070.0455992
1788691124.304828,54.256000,gate_sweep_poor_medium_r08,1.8785334695130587,4.583929184358567,4.707690104842186,84.61730347548699,-1.2601008415222168,6.469171524047852,1.8374412059783936,68.3601705683835,4.652256738314623,16.257132907103497,1,77,1788691070.0488083
1788691124.352926,54.288000,gate_sweep_poor_medium_r08,1.8835576642304659,4.614824417512864,4.713952884078026,84.55532011187196,-1.3418527841567993,6.233168601989746,1.9984158277511597,68.19128743055022,4.516243125018876,16.364032681321746,1,49,1788691070.0649
1788691124.401728,54.320000,gate_sweep_poor_medium_r08,1.8874343503266573,4.640868309419602,4.718949660658836,84.55669217021776,-1.397892951965332,6.018123626708984,1.9914913177490234,67.98676394250563,4.486561791003817,16.569928227712126,1,34,1788691070.0817094
1788691124.457587,54.352000,gate_sweep_poor_medium_r08,1.8912452328950167,4.668072822969407,4.723965033888817,84.60773754865897,-1.5322387218475342,5.833299160003662,2.035562753677368,67.47951628935425,4.506162627462982,17.128221259304723,1,21,1788691070.1055639
1788691124.500623,54.388000,gate_sweep_poor_medium_r08,1.8959309924393892,4.703658703248948,4.730252608656883,84.73449021916089,-1.3890538215637207,5.797651290893555,2.1053781509399414,67.45331926066306,4.34487179659276,17.281170958497825,1,74,1788691070.1126006
1788691124.555657,54.420000,gate_sweep_poor_medium_r08,1.8996027577668428,4.733403328340501,4.735277995467186,84.8888977213928,-1.4804537296295166,6.073413848876953,1.9605408906936646,67.74681272225398,4.57379230548847,17.14208499913881,1,30,1788691070.1356382
1788691124.591934,54.452000,gate_sweep_poor_medium_r08,1.9023083318024874,4.75633681146428,4.73899208009243,85.0307899824381,-1.4868755340576172,6.335972309112549,1.775917887687683,68.03041254956159,4.770914404150632,17.00037743287651,1,73,1788691070.1399179
1788691124.638963,54.484000,gate_sweep_poor_medium_r08,1.9067203868180513,4.795897606294602,4.745137080550194,85.31814324816956,-1.4835470914840698,6.437355041503906,1.7128450870513916,68.1639051838688,4.835606561732858,17.15423806430077,1,40,1788691070.1549459
1788691124.694059,54.520000,gate_sweep_poor_medium_r08,1.910118805244565,4.828642490785569,4.749920234084129,85.59005175705428,-1.5107065439224243,6.52754020690918,1.6601208448410034,68.08532265764347,4.912754806126667,17.50472909941081,1,27,1788691070.1740372
1788691124.732321,54.552000,gate_sweep_poor_medium_r08,1.9133682120591402,4.862290028017014,4.754635199904442,85.89569928816597,-1.4950637817382812,6.566315650939941,1.563941240310669,68.0542354016079,4.9700744384473685,17.84146388655807,1,61,1788691070.1803017
1788691124.784214,54.584000,gate_sweep_poor_medium_r08,1.9165042508393526,4.8967520031146705,4.759261950850487,86.23148228989274,-1.5024118423461914,6.550874710083008,1.5209280252456665,67.96537176805596,4.991183807041621,18.266110521836783,1,26,1788691070.200197
1788691124.840037,54.616000,gate_sweep_poor_medium_r08,1.9202743638306856,4.940937164705247,4.764912471175194,86.68545324676816,-1.5301406383514404,6.501849174499512,1.540211796760559,67.92487984602262,4.973982753204282,18.760573400745557,1,18,1788691070.224021
1788691124.883284,54.652000,gate_sweep_poor_medium_r08,1.9224562514573336,4.968037727754563,4.768271788954735,86.97373546113491,-1.4682104587554932,6.523647785186768,1.4756724834442139,69.03069258228396,4.975716388338273,17.943042878850942,1,62,1788691070.231265
1788691124.928870,54.684000,gate_sweep_poor_medium_r08,1.9252714980393648,5.004818085115403,4.772649630904198,87.3722308027272,-1.4639900922775269,6.400573253631592,1.5448689460754395,69.70653797759532,4.884034681223163,17.66569282513188,1,32,1788691070.244839
1788691124.981648,54.716000,gate_sweep_poor_medium_r08,1.928007708862424,5.042231205385178,4.776873454451561,87.78344384244684,-1.5388654470443726,6.511758804321289,1.4387255907058716,70.16492645632589,5.032092209351095,17.618517386120967,1,24,1788691070.2656307
1788691125.025909,54.748000,gate_sweep_poor_medium_r08,1.9313313830643892,5.089896801393479,4.782017573714256,88.30847435007986,-1.5501785278320312,6.718084812164307,1.230687141418457,70.66507501703187,5.232958560645988,17.643399333047995,1,51,1788691070.2778897
1788691125.070169,54.784000,gate_sweep_poor_medium_r08,1.9339234698563814,5.128709915559739,4.786050662398338,88.73445093187728,-1.6016618013381958,6.78970193862915,1.1351059675216675,70.91581267936331,5.346835968648782,17.818638252513974,1,26,1788691070.2861507
1788691125.125722,54.816000,gate_sweep_poor_medium_r08,1.9358177054673433,5.158180359285325,4.789060935378075,89.05348341752628,-1.6589850187301636,6.717346668243408,1.1384501457214355,71.0111310688529,5.355423918089516,18.04235234867338,1,18,1788691070.3097026
1788691125.168280,54.848000,gate_sweep_poor_medium_r08,1.9388607610017061,5.207940224092454,4.793954238295555,89.58488668205571,-1.5133399963378906,6.299654006958008,1.3751113414764404,71.33101303143769,4.979760617319393,18.25387365061801,1,42,1788691070.3202634
1788691125.220312,54.880000,gate_sweep_poor_medium_r08,1.9412013161927462,5.248267773073167,4.797754630446434,90.00133679756823,-1.427428960800171,6.09032678604126,1.555091381072998,71.870099175307,4.750957616442317,18.13123762226122,1,27,1788691070.3402872
1788691125.265748,54.916000,gate_sweep_poor_medium_r08,1.9434548486024141,5.289034489076585,4.801484450697899,90.40976479791487,-1.3907092809677124,5.974545955657959,1.6041911840438843,72.02733109353942,4.670038612979315,18.38243370437545,1,22,1788691070.3497312
1788691125.315326,54.948000,gate_sweep_poor_medium_r08,1.9461816418915987,5.3404823574237525,4.8059462159872055,90.90409201374318,-1.402951717376709,6.001243591308594,1.578369140625,72.2102612454765,4.697930761917686,18.69383076826669,1,18,1788691070.3673105
1788691125.369465,54.980000,gate_sweep_poor_medium_r08,1.9483047593384981,5.381912830751389,4.809335097670555,91.28425987695131,-1.4301077127456665,5.964290142059326,1.5930050611495972,72.52215795595886,4.700809831091554,18.762101920992446,1,15,1788691070.3894367
1788691125.411041,55.012000,gate_sweep_poor_medium_r08,1.9498653281480074,5.413124206941575,4.811710223555565,91.55834166454387,-1.5223448276519775,6.647058486938477,1.1090530157089233,73.13794652092781,5.223840308835131,18.42039514361606,1,35,1788691070.399018
1788691125.462565,55.048000,gate_sweep_poor_medium_r08,1.952390180900693,5.465374592225999,4.815422400832176,91.99638888154126,-1.5267908573150635,6.476819038391113,1.202346682548523,73.23046653510998,5.116838546447334,18.765922346431267,1,21,1788691070.414547
1788691125.509721,55.080000,gate_sweep_poor_medium_r08,1.9543797839432955,5.507305744569749,4.818212375044823,92.3273303184506,-1.5234431028366089,6.3447184562683105,1.2548362016677856,73.85469307511369,5.049174371569635,18.472637243336916,1,15,1788691070.4297013
1788691125.558098,55.112000,gate_sweep_poor_medium_r08,1.9563448298722506,5.549347523134202,4.820915088057518,92.63990148354709,-1.563844919204712,6.388535499572754,1.1421712636947632,74.51857596706051,5.160341893188151,18.12132551648659,1,13,1788691070.4460814
1788691125.611732,55.144000,gate_sweep_poor_medium_r08,1.9587730038911104,5.601936939638108,4.824100360274315,93.00374813789824,-1.9456431865692139,9.740337371826172,-0.9062448740005493,73.46394080220377,8.075127270169784,19.539807335694473,1,11,1788691070.4677067
1788691125.670426,55.180000,gate_sweep_poor_medium_r08,1.9606900084763765,5.643986347597092,4.826523646712303,93.27312999721052,-1.8863962888717651,10.373265266418457,-1.1775320768356323,72.74611406461287,8.556566905174103,20.52701593259765,1,7,1788691070.4904006
1788691125.716400,55.212000,gate_sweep_poor_medium_r08,1.9621151555329561,5.67547047464177,4.828299388289452,93.46266083107425,-1.5527960062026978,6.859932899475098,0.8783818483352661,72.89277373480469,5.418431533495062,20.56988709626954,1,22,1788691070.5043828
1788691125.768144,55.244000,gate_sweep_poor_medium_r08,1.9639756549149752,5.7173320087604225,4.8306420892477036,93.69790616265196,-1.4782288074493408,5.765047073364258,1.6038999557495117,71.3200379931774,4.718359151675868,22.37786816947457,1,7,1788691070.5241234
1788691125.814413,55.276000,gate_sweep_poor_medium_r08,1.9661967623978853,5.769383552949876,4.83347974717617,93.96871344635024,-1.446820855140686,5.21356201171875,1.9810798168182373,69.37091767998781,4.482612207857284,24.597795766362427,1,5,1788691070.5383935
1788691125.862335,55.312000,gate_sweep_poor_medium_r08,1.9678642619401217,5.810733917634934,4.83571945130825,94.17100002122795,-1.4894310235977173,5.67483377456665,1.7015436887741089,69.52425815259011,4.6684491269311925,24.64674186863785,1,5,1788691070.5503154
1788691125.915678,55.344000,gate_sweep_poor_medium_r08,1.969408618286252,5.85167897073552,4.837995395064354,94.36402646201572,-1.5252959728240967,5.761166095733643,1.632561206817627,70.25836675836074,4.742990733160862,24.105659703654972,1,4,1788691070.5716581
1788691125.962494,55.376000,gate_sweep_poor_medium_r08,1.9704737532883883,5.8819743427447975,4.839719638228416,94.50090093027828,-9.839715003967285,-1.471536636352539,4.861763000488281,71.10102633756975,13.912410578743467,23.399874592708525,1,25,1788691070.586474
1788691126.004141,55.408000,gate_sweep_poor_medium_r08,1.9720301497727633,5.931322220247239,4.842323645949364,94.70931754512287,-18.687191009521484,-8.673165321350098,7.146653175354004,70.35507611950145,25.40481076177087,24.35424142562142,1,12,1788691070.5961246
1788691126.052733,55.444000,gate_sweep_poor_medium_r08,1.9730329383164644,5.969521168153733,4.844030722975731,94.86425778917395,-26.99106788635254,-17.886661529541016,10.129993438720703,72.21420311043211,37.89430024844934,22.650054678741846,1,4,1788691070.6087182
1788691126.099227,55.476000,gate_sweep_poor_medium_r08,1.973752724006772,6.00639260141179,4.8453420251607895,95.01350517800158,-38.92263412475586,-22.129047393798828,9.392512321472168,66.36406252999242,49.847710064870576,28.649442648009156,1,3,1788691070.623196
1788691126.146808,55.508000,gate_sweep_poor_medium_r08,1.9741616118699312,6.05052626458928,4.846402034163475,95.20823139060006,-45.55345916748047,-30.10379409790039,13.462616920471191,68.54158176804093,60.3344741983081,26.666649622559127,1,3,1788691070.6387856
1788691126.205729,55.540000,gate_sweep_poor_medium_r08,1.973844276741147,6.092233780305833,4.846991881728172,95.4409530784201,-45.60572052001953,-29.01421356201172,13.644134521484375,70.02184535888304,59.780158496546996,25.419107719537053,1,3,1788691070.6657135
1788691126.249028,55.576000,gate_sweep_poor_medium_r08,1.973449932411313,6.108186844270676,4.847129210829735,95.55501875049046,-47.933311462402344,-28.140047073364258,11.870975494384766,69.73839771656684,60.934069091198175,25.816621033923614,1,48,1788691070.6730082
1788691126.294318,55.608000,gate_sweep_poor_medium_r08,1.9716849196702242,6.1461955341510475,4.847284659743309,95.91922186287934,-43.553131103515625,-25.509784698486328,11.075106620788574,74.22290963971996,55.79781111130189,21.696312223159392,1,27,1788691070.6863034
1788691126.340307,55.640000,gate_sweep_poor_medium_r08,1.969375954940915,6.17475664941594,4.847307547926903,96.32747670663433,-39.54725646972656,-22.591094970703125,10.257111549377441,78.5323295858087,50.797351964937775,17.79514712082563,1,17,1788691070.7002876
1788691126.388280,55.672000,gate_sweep_poor_medium_r08,1.9662308562546968,6.201652649324387,4.847365245223045,96.87118131583806,-34.91918182373047,-19.214881896972656,9.289575576782227,84.68299188237606,45.01407701537079,12.18818943346199,1,10,1788691070.7162611
1788691126.442434,55.708000,gate_sweep_poor_medium_r08,1.9610365498811007,6.232926968019456,4.847643241286278,97.7963805795929,-29.161151885986328,-13.997432708740234,7.925063133239746,94.3532477567133,37.246859986851184,3.443132822879603,1,8,1788691070.7344072
1788691126.480359,55.740000,gate_sweep_poor_medium_r08,1.9558284152299166,6.256035927217454,4.848107203841209,98.76039589665183,-37.448570251464844,-28.28684425354004,7.28433895111084,74.10904974009554,52.45810166783001,24.651346156556276,1,71,1788691070.7403343
1788691126.534255,55.772000,gate_sweep_poor_medium_r08,1.9513581860810518,6.27243674127385,4.848660334944725,99.63090438674946,-37.6156005859375,-28.532649993896484,7.243365287780762,74.25822258348009,52.751046443843016,25.37268180326938,1,10,1788691070.7622395
1788691126.580356,55.804000,gate_sweep_poor_medium_r08,1.9428306687623262,6.297837856691331,4.8500946611166,101.37632407957288,-39.03083801269531,-31.454139709472656,7.881010055541992,78.56589255096031,55.79641371541881,22.810431528612572,1,73,1788691070.7763293
1788691126.637342,55.840000,gate_sweep_poor_medium_r08,1.9351130593568087,6.316557053010911,4.85153041779995,103.04561156493722,-38.94203186035156,-30.61054229736328,7.6132330894470215,78.71173671125864,55.15594840872404,24.333874853678587,1,26,1788691070.7973273
1788691126.679149,55.872000,gate_sweep_poor_medium_r08,1.9266137946397066,6.33390438882634,4.853090152144432,104.95804047432743,-38.811859130859375,-29.942651748657227,7.496299743652344,79.07790355640172,54.61316927667041,25.88013691792571,1,73,1788691070.8071241
1788691126.726925,55.904000,gate_sweep_poor_medium_r08,1.9173104632645845,6.349965217988938,4.854735240340233,107.10388207300034,-38.734230041503906,-29.701934814453125,7.4103803634643555,80.61302094686515,54.39502333261176,26.490861126135176,1,43,1788691070.8228755
1788691126.787286,55.936000,gate_sweep_poor_medium_r08,1.9045588839799166,6.368341091554612,4.856926783919334,110.10741237083005,-38.74079895019531,-29.579931259155273,7.348864555358887,82.71047460818913,54.31881029924799,27.39693776264092,1,26,1788691070.8512661
1788691126.830703,55.972000,gate_sweep_poor_medium_r08,1.8963281977921724,6.378515365999192,4.858290538191795,112.06032757927191,-38.783042907714844,-29.597614288330078,7.247715950012207,85.48119121270219,54.358095001971165,26.57913636656972,1,73,1788691070.8586733
1788691126.888099,56.004000,gate_sweep_poor_medium_r08,1.884723650291562,6.391235474031419,4.860072001814842,114.83019920127983,-38.76701354980469,-29.610076904296875,7.157407283782959,88.47214112403549,54.350124008556215,26.358058077244344,1,37,1788691070.884079
1788691126.933975,56.036000,gate_sweep_poor_medium_r08,1.8724498618394136,6.403131130617112,4.86174713075161,117.75176217233167,-38.63087844848633,-29.5798282623291,7.157028675079346,91.74517141269185,54.226942457197254,26.006590759639817,1,80,1788691070.8979552
1788691126.989832,56.068000,gate_sweep_poor_medium_r08,1.8561587203294039,6.416887882631272,4.863513812422752,121.57966392232036,-38.42839431762695,-29.50620460510254,7.145326137542725,95.31544361370685,54.02333250399558,26.26422030861351,1,47,1788691070.9218137
1788691127.042291,56.104000,gate_sweep_poor_medium_r08,1.8424219954758883,6.427158478181809,4.864544257521629,124.72848675129396,-38.197200775146484,-29.41665267944336,7.1760711669921875,99.6667274636173,53.78934231397929,25.061759287676658,1,88,1788691070.9382713
1788691127.092447,56.136000,gate_sweep_poor_medium_r08,1.8317316640168428,6.43451178399846,4.865033969283104,127.1256933345315,-38.03120422363281,-29.414405822753906,7.215545654296875,103.31649882216274,53.66305485471334,23.80919451236876,1,53,1788691070.956427
1788691127.151329,56.168000,gate_sweep_poor_medium_r08,1.8131826985627413,6.446167591493577,4.865229472517967,131.1220861055728,-37.890830993652344,-29.448219299316406,7.254579544067383,107.14530803530585,53.57727790120703,23.976778070266956,1,35,1788691070.9833045
1788691127.194400,56.200000,gate_sweep_poor_medium_r08,1.7976723778992891,6.455160740297288,4.865009650588036,134.2848045737518,-37.88456344604492,-29.45876693725586,7.257718563079834,111.3776263236622,53.57438844406492,22.907178250089622,1,103,1788691070.99438
1788691127.253810,56.236000,gate_sweep_poor_medium_r08,1.781551705673337,6.46395981637761,4.864576682448387,137.37009758170697,-37.984580993652344,-29.1715030670166,7.157486438751221,115.87158883113376,53.4461313840833,21.498508750573215,1,45,1788691071.0177903
1788691127.304680,56.268000,gate_sweep_poor_medium_r08,1.7605279553681612,6.4749075206927955,4.863945826888084,141.0607627128407,-37.83684158325195,-28.788053512573242,6.960521221160889,120.52731925808992,53.064335702951645,20.533443454750795,1,84,1788691071.0366526
1788691127.350097,56.300000,gate_sweep_poor_medium_r08,1.7429847586899996,6.483788612764329,4.8635867685079575,143.8334253322946,-37.279720306396484,-28.331928253173828,7.077337265014648,125.4459670080329,52.343159464696825,18.387458324261722,1,115,1788691071.0500786
1788691127.407481,56.332000,gate_sweep_poor_medium_r08,1.7294096816331148,6.490568760316819,4.863511428236961,145.78815804426162,-37.17204666137695,-28.20759391784668,7.062143325805664,128.5625501247555,52.17393775697233,17.225607919506125,1,51,1788691071.0754523
1788691127.456175,56.368000,gate_sweep_poor_medium_r08,1.705993877723813,6.502193573396653,4.863974437117577,148.76898755225656,-37.21945571899414,-28.175798416137695,7.086310386657715,131.6193984953938,52.179426326910274,17.14958905686275,1,116,1788691071.088151
1788691127.497625,56.400000,gate_sweep_poor_medium_r08,1.686541186645627,6.511972072999924,4.864940986037254,150.87661207773098,-37.22382736206055,-28.145841598510742,7.09622859954834,133.6648476762372,52.15514810159685,17.21176440149378,1,130,1788691071.0976002
1788691127.559794,56.432000,gate_sweep_poor_medium_r08,1.6664309371262789,6.522317531984299,4.866471633315086,152.71838115744083,-37.28085708618164,-28.145004272460938,7.091701030731201,135.32583859040386,52.188754452799444,17.392542567036983,1,86,1788691071.1277645
1788691127.598089,56.464000,gate_sweep_poor_medium_r08,1.6404297221451998,6.536214474122971,4.868968352675438,154.63275724405187,-37.30690002441406,-28.11336326599121,7.100205898284912,136.971052205425,52.177257046920104,17.661705038626888,1,247,1788691071.1340714
1788691127.649816,56.500000,gate_sweep_poor_medium_r08,1.618933903053403,6.548268917482346,4.871248587965965,155.84806701390087,-37.333309173583984,-28.095542907714844,7.106327056884766,138.53803424054897,52.17726050918486,17.310032773351914,1,182,1788691071.1497984
1788691127.706542,56.532000,gate_sweep_poor_medium_r08,1.6024199593812227,6.557935837190598,4.8730190843343735,156.57494368484194,-37.34749221801758,-28.09442901611328,7.095401287078857,139.47115940191367,52.180657634880816,17.103784282928256,1,117,1788691071.174518
1788691127.747631,56.564000,gate_sweep_poor_medium_r08,1.5799163449555635,6.571698788087815,4.8755029290914536,157.29724544004574,-37.65420913696289,-28.655736923217773,6.910455226898193,138.97823988778717,52.76769712598267,18.319005552258577,1,283,1788691071.1836107
1788691127.805149,56.596000,gate_sweep_poor_medium_r08,1.551063047721982,6.590388897340745,4.878571376204491,157.81423655968342,-37.89415740966797,-29.00358772277832,6.716571807861328,138.63052345532034,53.16234413710938,19.183713104363086,1,117,1788691071.2091262
1788691127.848505,56.632000,gate_sweep_poor_medium_r08,1.5274065602570772,6.606589439790696,4.881031855940819,157.92791788299968,-38.12910842895508,-29.087848663330078,6.584415912628174,138.7722615969963,53.38195959152966,19.155656286003367,1,293,1788691071.216485
1788691127.900544,56.664000,gate_sweep_poor_medium_r08,1.5032075513154268,6.62399399606511,4.883611544966698,157.78715138265483,-38.772525787353516,-29.001924514770508,6.459687232971191,138.20961965519646,53.7942820407763,19.577531727458386,1,122,1788691071.2365234
1788691127.946986,56.696000,gate_sweep_poor_medium_r08,1.4847069848328829,6.637863281648606,4.885692939162254,157.520876263605,-39.40080642700195,-28.913789749145508,6.339169502258301,137.68765652874828,54.20016452272786,19.83321973485672,1,292,1788691071.2509646
1788691128.001150,56.728000,gate_sweep_poor_medium_r08,1.4532312024384737,6.66255486337468,4.889366015791893,156.79365339202576,-40.11625671386719,-28.85304832458496,6.161876201629639,136.57725351430182,54.6900327079949,20.216399877723937,1,136,1788691071.2731302
1788691128.048189,56.764000,gate_sweep_poor_medium_r08,1.4275357592850924,6.6836687359027565,4.892369136214256,155.9821343081483,-40.89544677734375,-28.775463104248047,5.975549221038818,135.3649843089861,55.22461553283234,20.617149999162184,1,276,1788691071.2841606
1788691128.107966,56.796000,gate_sweep_poor_medium_r08,1.3947408068925142,6.711670998018235,4.895992621779442,154.71731788496362,-41.695533752441406,-28.690698623657227,5.789221286773682,133.7977871558031,55.7754192622205,20.919530729160527,1,132,1788691071.3119512
1788691128.152382,56.828000,gate_sweep_poor_medium_r08,1.3679580558091402,6.735246780794114,4.898651942610741,153.53769742441992,-42.475215911865234,-28.59284019470215,5.614071369171143,132.06280291710553,56.30994102166942,21.4748945073144,1,255,1788691071.3243663
1788691128.195261,56.860000,gate_sweep_poor_medium_r08,1.3406780827790499,6.7597633632831275,4.901010379195213,152.23655820647747,-43.2431526184082,-28.4862060546875,5.4338178634643555,130.32346969429273,56.83555404867574,21.91308851218473,1,234,1788691071.3352425
1788691128.250719,56.896000,gate_sweep_poor_medium_r08,1.3198940623551607,6.778679970186204,4.90257440507412,151.19647471791578,-44.116241455078125,-28.25155258178711,5.027219772338867,128.05737539411385,57.372250608386224,23.139099323801926,1,108,1788691071.3546991
1788691128.292336,56.928000,gate_sweep_poor_medium_r08,1.284622060135007,6.811081055086106,4.904786929488182,149.37314445795158,-44.901214599609375,-28.04503059387207,4.6298065185546875,125.73253326575619,57.863249489392,23.6406111921954,1,137,1788691071.3643157
1788691128.345901,56.960000,gate_sweep_poor_medium_r08,1.2558274138718843,6.837718609254807,4.906299456954002,147.85985241894775,-45.720359802246094,-27.692821502685547,4.441176891326904,123.4799835200673,58.303830961499806,24.379868898880453,1,59,1788691071.3858716
1788691128.398695,56.992000,gate_sweep_poor_medium_r08,1.2191251385957003,6.871887806337327,4.9078067392110825,145.94164019604582,-46.385826110839844,-27.211000442504883,4.194458961486816,121.68222287573563,58.552399779139584,24.259417320310202,1,120,1788691071.4066772
1788691128.449986,57.028000,gate_sweep_poor_medium_r08,1.1891682017594576,6.899871471803635,4.908721312880516,144.41059481142426,-46.912109375,-26.79281997680664,4.010805606842041,119.94076323196155,58.73445849059025,24.46983157946271,1,107,1788691071.4219534
1788691128.500351,57.060000,gate_sweep_poor_medium_r08,1.1587090361863375,6.928316715639085,4.909421786665916,142.90739509451012,-48.824405670166016,-30.806880950927734,3.5945141315460205,118.20854813673152,62.641726355718674,24.698846957778606,1,62,1788691071.4403236
1788691128.543390,57.092000,gate_sweep_poor_medium_r08,1.1355820763856173,6.949893120210618,4.909845218062401,141.8098028374163,-49.00358200073242,-31.042573928833008,3.54386830329895,117.97524604392396,62.92240634111585,23.834556793492332,1,17,1788691071.451375
1788691128.603817,57.124000,gate_sweep_poor_medium_r08,1.0965423453599215,6.986212852876633,4.91042648255825,140.05880190164547,-49.183570861816406,-31.277509689331055,3.492565631866455,117.74883064693297,63.19978304001877,22.309971254712483,1,0,1788691071.479802
1788691128.647231,57.160000,gate_sweep_poor_medium_r08,1.0649248231202364,7.015493038576096,4.910862311720848,138.74580761884667,-49.364341735839844,-31.511693954467773,3.440626382827759,117.5324510906849,63.47926162896215,21.213356528161757,1,27,1788691071.487211
1788691128.704360,57.192000,gate_sweep_poor_medium_r08,1.0329699385911226,7.044893387239426,4.911315307021141,137.5239795912761,-49.54586410522461,-31.745145797729492,3.3880703449249268,117.33166089720962,63.75896696479507,20.192318694066465,1,10,1788691071.512335
1788691128.749773,57.224000,gate_sweep_poor_medium_r08,1.000701056793332,7.07434857217595,4.911850795149803,136.40450540138224,-49.72808837890625,-31.977909088134766,3.3349502086639404,117.14438269078497,64.03885946391067,19.260122710597283,1,42,1788691071.525753
1788691128.805528,57.256000,gate_sweep_poor_medium_r08,0.959942327812314,7.111092213075608,4.912672385573387,135.16281682273478,-49.91097640991211,-32.21001052856445,3.2813026905059814,116.97362485520533,64.31687850883903,18.189191967529435,1,18,1788691071.5495017
1788691128.853907,57.292000,gate_sweep_poor_medium_r08,0.9352798331528902,7.1330095562152565,4.913315638899803,134.50431949041322,-50.09447479248047,-32.441505432128906,3.2271721363067627,116.81976506195008,64.59892548352768,17.684554428463144,1,47,1788691071.5618901
1788691128.911829,57.324000,gate_sweep_poor_medium_r08,0.9021787513047457,7.162002685945481,4.914363726973534,133.73246091449136,-50.278507232666016,-32.67243957519531,3.1726176738739014,116.68688672964743,64.87895720000029,17.04557418484393,1,20,1788691071.5878043
1788691128.957335,57.356000,gate_sweep_poor_medium_r08,0.8688687551766634,7.190683487337083,4.915542468428612,133.08279020125437,-50.463043212890625,-32.90287780761719,3.1176908016204834,116.57337164483975,65.15896802609376,16.509418556414612,1,53,1788691071.6013193
1788691129.018890,57.388000,gate_sweep_poor_medium_r08,0.8270705807954073,7.225929382722825,4.917153224349022,132.4428112587597,-50.24483108520508,-32.65784454345703,3.262559413909912,113.56104513694486,64.82123296462194,18.88176612181484,1,21,1788691071.6308556
1788691129.063768,57.424000,gate_sweep_poor_medium_r08,0.7935426700860262,7.253581169527024,4.918526515364647,132.0650405764717,-54.15482711791992,-37.48965072631836,2.013040065765381,110.33032542189206,70.92053295311341,21.734715154579614,1,45,1788691071.6397524
1788691129.125537,57.456000,gate_sweep_poor_medium_r08,0.7683766949921846,7.273965481203049,4.919688567519188,131.8589166042289,-54.3470344543457,-37.71223449707031,1.9527255296707153,110.28073125051093,71.20582563466083,21.57818535371799,1,21,1788691071.6695178
1788691129.168884,57.488000,gate_sweep_poor_medium_r08,0.7264867294579744,7.307140949647874,4.921653613448143,131.65640686377947,-54.53945541381836,-37.934566497802734,1.8922685384750366,110.2498363869935,71.48645765232143,21.406570476785966,1,46,1788691071.6808593
1788691129.218684,57.520000,gate_sweep_poor_medium_r08,0.693016754463315,7.332992199342698,4.9232181161642075,131.61483370712787,-54.732032775878906,-38.15671157836914,1.8317184448242188,110.23615630321393,71.76912034742209,21.378677403913933,1,20,1788691071.6986582
1788691129.278387,57.556000,gate_sweep_poor_medium_r08,0.6513408292084932,7.36444342462346,4.925107821822166,131.705092541375,-54.92470932006836,-38.37873458862305,1.771117925643921,110.24036121062417,72.04917305015852,21.464731330750823,1,12,1788691071.7223737
1788691129.320353,57.588000,gate_sweep_poor_medium_r08,0.6182451117783785,7.3888994487933815,4.926549777388573,131.87938994596615,-55.11741638183594,-38.6007080078125,1.7105143070220947,110.26014996330765,72.33153420390111,21.61923998265851,1,28,1788691071.732332
1788691129.379068,57.620000,gate_sweep_poor_medium_r08,0.5854498017579317,7.412812832277268,4.927955970168114,132.135467345545,-55.310096740722656,-38.82267761230469,1.6499390602111816,110.29362395822125,72.61389739433909,21.841843387323763,1,9,1788691071.759049
1788691129.440352,57.652000,gate_sweep_poor_medium_r08,0.5611153710633516,7.43035853235051,4.9289554208517075,132.37665219410084,-55.502708435058594,-39.0446891784668,1.5894191265106201,110.3417032157474,72.89879904461975,22.03494897835343,1,2,1788691071.788329
1788691129.488410,57.688000,gate_sweep_poor_medium_r08,0.5211363900452852,7.4588152202777565,4.9305752366781235,132.85954086127157,-55.69520950317383,-39.266807556152344,1.528977632522583,110.39940310540788,73.17876902279713,22.460137755863702,1,5,1788691071.8003936
1788691129.539728,57.720000,gate_sweep_poor_medium_r08,0.4897154439240694,7.480887535493821,4.931829318404198,133.31141198640628,-55.887550354003906,-39.48904800415039,1.468629240989685,110.4687791185135,73.46131429687844,22.842632867892807,1,1,1788691071.8197098
1788691129.598929,57.752000,gate_sweep_poor_medium_r08,0.45891238935291767,7.502309444826096,4.933106288313866,133.80777376653927,-56.07969665527344,-39.711463928222656,1.4083808660507202,110.5483179958638,73.74400584539099,23.259455770675473,1,1,1788691071.8469083
1788691129.644032,57.784000,gate_sweep_poor_medium_r08,0.421432064846158,7.52813971368596,4.934709891676903,134.48431732700377,-56.27159881591797,-39.93408966064453,1.3482474088668823,110.63465464175415,74.02449378934946,23.84966268524962,1,3,1788691071.8600113
1788691129.699616,57.820000,gate_sweep_poor_medium_r08,0.39238368161022663,7.547987106721848,4.935994490981102,135.05708958097645,-56.46323013305664,-40.15696716308594,1.2882440090179443,110.72542954373067,74.30766829678922,24.33166003724577,1,0,1788691071.8795958
1788691129.758938,57.852000,gate_sweep_poor_medium_r08,0.3711791504174471,7.562387112062424,4.93701396882534,135.501395202958,-56.654563903808594,-40.38014221191406,1.2283909320831299,110.82056740786442,74.59340033605929,24.680827795093588,1,0,1788691071.9069126
1788691129.805081,57.884000,gate_sweep_poor_medium_r08,0.34363134391605854,7.581017616670579,4.938337668776512,136.10530648429082,-56.845577239990234,-40.60361862182617,1.1686967611312866,110.91770201597505,74.87706551716879,25.187604468315765,1,16,1788691071.9210622
1788691129.854791,57.916000,gate_sweep_poor_medium_r08,0.3105712700635195,7.603186729829758,4.939964160323143,136.87342861988478,-57.03626251220703,-40.827415466308594,1.109169602394104,111.0161026339969,75.15888211566899,25.857325985887872,1,6,1788691071.938773
1788691129.910482,57.952000,gate_sweep_poor_medium_r08,0.28522531874477863,7.620083931367844,4.941212520003319,137.48689978326553,-57.22659683227539,-41.05154037475586,1.0498148202896118,111.11473933018445,75.44322153636047,26.372160453081086,1,3,1788691071.9584622
1788691129.955720,57.984000,gate_sweep_poor_medium_r08,0.2609045673161745,7.636260155122727,4.94238506257534,138.0953139492246,-57.416595458984375,-41.2760124206543,0.9906328916549683,111.21208011344086,75.72793911781426,26.88323383578372,1,28,1788691071.9717035
1788691130.018806,58.016000,gate_sweep_poor_medium_r08,0.2433158326894045,7.647961262147874,4.943214759230614,138.54327186182533,-57.60624313354492,-41.500816345214844,0.9316245913505554,111.3073157727428,76.01491083044729,27.23595608908253,1,8,1788691072.0027795
1788691130.062063,58.048000,gate_sweep_poor_medium_r08,0.21528311260044575,7.666658523958176,4.944487437605858,139.26834152321499,-57.795555114746094,-41.725955963134766,0.8727848529815674,111.40060993704567,76.29853523920096,27.867731586169302,1,31,1788691072.0140438
1788691130.116764,58.084000,gate_sweep_poor_medium_r08,0.194008843973279,7.680943611543626,4.945472106337547,139.8256206170435,-57.98453903198242,-41.95142364501953,0.8141087889671326,111.4904130094652,76.58448586564609,28.33520760757832,1,13,1788691072.0327446
1788691130.158447,58.116000,gate_sweep_poor_medium_r08,0.17378597147762775,7.6946975025348365,4.946423873305321,140.35727023049373,-58.17319107055664,-42.17721176147461,0.7555960416793823,111.57582405040634,76.87093144678029,28.78144618008738,1,40,1788691072.0424292
1788691130.218057,58.148000,gate_sweep_poor_medium_r08,0.14988449402153492,7.711254719179124,4.947551593184471,140.98121984575752,-58.36153030395508,-42.40330505371094,0.6972359418869019,111.65672369778919,77.156464058607,29.324496147968336,1,7,1788691072.0700371
1788691130.262357,58.180000,gate_sweep_poor_medium_r08,0.1318951565772295,7.724005821626633,4.948387965559959,141.44489667429448,-58.54957962036133,-42.62969207763672,0.639020562171936,111.7327612341126,77.44405091124906,29.71213544018189,1,34,1788691072.08233
1788691130.325930,58.216000,gate_sweep_poor_medium_r08,0.11904564686119556,7.733287933748215,4.94895301759243,141.77097567229907,-58.73734664916992,-42.856353759765625,0.5809441804885864,111.80320699328661,77.73330214254018,29.96776867901247,1,11,1788691072.109915
1788691130.373062,58.248000,gate_sweep_poor_medium_r08,0.09884578175842762,7.748198631685227,4.949736461043358,142.27018063903836,-58.92485809326172,-43.083274841308594,0.5229947566986084,111.86814141467268,78.0207174837474,30.402039224365666,1,33,1788691072.1250436
1788691130.421078,58.280000,gate_sweep_poor_medium_r08,0.08371894992887974,7.759678009431809,4.950255259871483,142.629994785207,-59.112125396728516,-43.310428619384766,0.46516621112823486,111.92737358139541,78.30976824616161,30.702621203811592,1,10,1788691072.141057
1788691130.483051,58.312000,gate_sweep_poor_medium_r08,0.0694985929876566,7.770800236146897,4.95077882707119,142.95334506668092,-59.299171447753906,-43.53779983520508,0.40743595361709595,111.98003184174078,78.5993218046705,30.97331322494014,1,2,1788691072.171028
1788691130.529076,58.348000,gate_sweep_poor_medium_r08,0.052962081506848335,7.78426707116887,4.951525077223778,143.30766571473913,-59.486026763916016,-43.765357971191406,0.3497864902019501,112.02881748286836,78.88872563786673,31.27884823187077,1,35,1788691072.1810582
1788691130.577160,58.380000,gate_sweep_poor_medium_r08,0.04075147397816181,7.794734600465745,4.95211635529995,143.55202447308898,-59.67269515991211,-43.99308395385742,0.29220375418663025,112.07154896567722,79.17947110813493,31.480475507411747,1,9,1788691072.1971388
1788691130.627288,58.412000,gate_sweep_poor_medium_r08,0.03213504143059254,7.802410725038499,4.952533110976219,143.7125196171345,-59.85920333862305,-44.22095489501953,0.23467054963111877,112.10859697406725,79.47113444855347,31.603922643067246,1,3,1788691072.2152689
1788691130.682405,58.444000,gate_sweep_poor_medium_r08,0.018967831507325172,7.814844730775803,4.953199252486229,143.94166712505756,-59.85921859741211,-44.22096252441406,0.2346699833869934,112.10860661014466,79.46940898974302,31.83306051491289,1,1,1788691072.2383845
1788691130.721545,58.480000,gate_sweep_poor_medium_r08,0.0094230305403471,7.824432495515794,4.953666552901268,144.0893612498067,-72.29530334472656,-39.80116653442383,-3.8696677684783936,67.50224481255333,87.02885939566048,76.58711643725337,1,26,1788691072.2415257
1788691130.772883,58.512000,gate_sweep_poor_medium_r08,0.0007166750729084015,7.833696964662522,4.954054698348045,144.20927586069644,-72.47297668457031,-39.56302261352539,-3.976670503616333,67.41819038225361,87.05540252387543,76.79108547844282,1,4,1788691072.260848
1788691130.822589,58.544000,gate_sweep_poor_medium_r08,-0.007189109921455383,7.8426491054706275,4.954463824629784,144.30107536181904,-72.68316650390625,-39.28462600708008,-4.101250171661377,67.31971154331238,87.0906637113741,76.98136381850667,1,1,1788691072.2785668
1788691130.875696,58.576000,gate_sweep_poor_medium_r08,-0.016018379479646683,7.853370312135667,4.954964980483055,144.37927572059732,-72.89524841308594,-39.008304595947266,-4.225214004516602,67.22168865185382,87.13021537720873,77.15758706874348,1,1,1788691072.2996774
1788691130.929587,58.612000,gate_sweep_poor_medium_r08,-0.02072024531662464,7.859555366914719,4.955211982131004,144.4077122831898,-72.89525604248047,-39.00830078125,-4.225213050842285,67.22168972846666,87.12963968342356,77.18602255472315,1,1,1788691072.3175626
1788691130.977041,58.644000,gate_sweep_poor_medium_r08,-0.026330481749027967,7.867484215181321,4.9554213136434555,144.4273941990177,-72.895263671875,-39.008296966552734,-4.225211143493652,67.22169479604591,87.12923905313241,77.20569940297177,1,0,1788691072.3330212
1788691131.027001,58.676000,gate_sweep_poor_medium_r08,-0.03126143728150055,7.875037792604417,4.955546721816063,144.42634702049455,-72.89527893066406,-39.00830078125,-4.225210666656494,67.22169317565444,87.12920742972828,77.2046538448401,1,0,1788691072.3509793
1788691131.074253,58.708000,gate_sweep_poor_medium_r08,-0.036433578468859196,7.883936527650803,4.955720290541649,144.39965340855468,-72.8952865600586,-39.008296966552734,-4.225209712982178,67.22169345010823,87.12969353554169,77.17795995844645,1,0,1788691072.3662374
1788691131.129128,58.744000,gate_sweep_poor_medium_r08,-0.03980919532477856,7.890596035402268,4.9558509439229965,144.36017042140836,-72.89529418945312,-39.00829315185547,-4.225208759307861,67.22169531337451,87.13047318821717,77.13847510803386,1,0,1788691072.3851023
1788691131.176836,58.776000,gate_sweep_poor_medium_r08,-0.04191060271114111,7.895300987642258,4.95591913163662,144.32033092469436,-72.89530181884766,-39.008296966552734,-4.225207328796387,67.22169291578786,87.13126416977241,77.0986380089065,1,0,1788691072.4008179
1788691131.224538,58.808000,gate_sweep_poor_medium_r08,-0.04457883723080158,7.902528885286301,4.955976352095604,144.23756900197313,-72.89530944824219,-39.00830078125,-4.225205898284912,67.22169522388498,87.1329386516697,77.01587377808815,1,0,1788691072.4165223
1788691131.276412,58.840000,gate_sweep_poor_medium_r08,-0.04595206584781408,7.907749775331467,4.9560388177633286,144.15732510329644,-72.89530944824219,-39.00830078125,-4.2252020835876465,67.22169421418992,87.13460767883313,76.93563088910652,1,0,1788691072.436396
1788691131.333510,58.876000,gate_sweep_poor_medium_r08,-0.0466963816434145,7.913559082429856,4.95610223710537,144.04196158245801,-72.89530944824219,-39.00830078125,-4.225200176239014,67.22169846741679,87.13711994781053,76.82026311504124,1,0,1788691072.4574893
1788691131.372306,58.908000,gate_sweep_poor_medium_r08,-0.04645124636590481,7.917631271760911,4.956060275435448,143.93944424498952,-72.89530944824219,-39.00830078125,-4.225198268890381,67.2216893992973,87.13951313163639,76.71775484569221,1,3,1788691072.4642866
1788691131.426480,58.940000,gate_sweep_poor_medium_r08,-0.045512706972658634,7.921178463380784,4.955900058150291,143.83002226454562,-72.89530944824219,-39.00830078125,-4.225196361541748,67.22168873167834,87.1421909231355,76.60833353286726,1,0,1788691072.48646
1788691131.472662,58.972000,gate_sweep_poor_medium_r08,-0.04431685898452997,7.92347491113469,4.955692633986473,143.74461166787137,-72.89531707763672,-39.008304595947266,-4.225194931030273,67.22169156746902,87.14441380284165,76.52292010040236,1,0,1788691072.5006423
1788691131.524654,59.008000,gate_sweep_poor_medium_r08,-0.04133052006363869,7.926538589876145,4.955264434218407,143.59556373444482,-72.89532470703125,-39.008304595947266,-4.225192070007324,67.22169177931785,87.14852124676887,76.37387195512697,1,0,1788691072.5166376
1788691131.575509,59.040000,gate_sweep_poor_medium_r08,-0.03807711275294423,7.9282914432697,4.954983577132225,143.4721590269619,-72.89533233642578,-39.00830078125,-4.225190162658691,67.22168600419806,87.15215957319126,76.25047302276383,1,0,1788691072.5354872
1788691131.627057,59.072000,gate_sweep_poor_medium_r08,-0.03411064040847123,7.929463985841721,4.954812869429588,143.34735652419374,-72.89534759521484,-39.008304595947266,-4.225189685821533,67.22169461617284,87.15610372737204,76.12566190802092,1,0,1788691072.5550325
1788691131.678655,59.104000,gate_sweep_poor_medium_r08,-0.028303977567702532,7.930243137758225,4.954752787947655,143.1908739324624,-72.89535522460938,-39.00830078125,-4.2251877784729,67.22168782962773,87.16137545655573,75.9691861028347,1,0,1788691072.5746346
1788691131.731500,59.140000,gate_sweep_poor_medium_r08,-0.0230990219861269,7.930429104249924,4.954799994826317,143.06754523879582,-72.8953628540039,-39.008304595947266,-4.225185394287109,67.22168337264192,87.16584015040277,75.84586186615388,1,0,1788691072.5914798
1788691131.772975,59.172000,gate_sweep_poor_medium_r08,-0.018941101618111134,7.9304105076007545,4.954889640212059,142.97763045562905,-72.89537048339844,-39.008304595947266,-4.22518253326416,67.22169812872396,87.16932178306709,75.75593232690508,1,1,1788691072.6009574
1788691131.820807,59.204000,gate_sweep_poor_medium_r08,-0.01323939859867096,7.9302603038959205,4.955049380660057,142.863504622525,-72.89537811279297,-39.00830841064453,-4.225180149078369,67.22169625440304,87.17403277779098,75.64180836812197,1,0,1788691072.6167834
1788691131.868494,59.236000,gate_sweep_poor_medium_r08,-0.006002342328429222,7.930083397310227,4.955328807234764,142.72970149640935,-72.8953857421875,-39.008304595947266,-4.22517728805542,67.22169512612365,87.18002163330135,75.50800637028568,1,0,1788691072.6324754
1788691131.916352,59.272000,gate_sweep_poor_medium_r08,-0.00031029433012008667,7.9300466808490455,4.95561920106411,142.63100222498116,-72.89539337158203,-39.00830078125,-4.225174427032471,67.22169419943172,87.18479552624927,75.40930802554944,1,0,1788691072.6443303
1788691131.968125,59.304000,gate_sweep_poor_medium_r08,0.005171792581677437,7.930187824647874,4.955947741866112,142.54123834904775,-72.89540100097656,-39.008296966552734,-4.225173473358154,67.22169251074114,87.18949394790232,75.31954583830662,1,0,1788691072.6640947
1788691132.017843,59.336000,gate_sweep_poor_medium_r08,0.009080877527594566,7.930402401369065,4.956203803420067,142.48055872849318,-72.8954086303711,-39.00830078125,-4.225170135498047,67.22169293775295,87.19291298195954,75.25886579074023,1,0,1788691072.6818202
1788691132.066977,59.368000,gate_sweep_poor_medium_r08,0.015085967257618904,7.931010368745774,4.956710681319237,142.388330836127,-72.89541625976562,-39.008304595947266,-4.2251667976379395,67.22168503976623,87.19832279573959,75.16664579636077,1,0,1788691072.6989608
1788691132.117614,59.404000,gate_sweep_poor_medium_r08,0.019397443160414696,7.93175185052678,4.957084521651268,142.32411582104996,-72.89541625976562,-39.008304595947266,-4.225162982940674,67.22169132511625,87.20236594133307,75.1024244959337,1,0,1788691072.7135985
1788691132.172681,59.436000,gate_sweep_poor_medium_r08,0.02324252389371395,7.932723644655198,4.9574307054281235,142.26851888915934,-72.89542388916016,-39.00830841064453,-4.225160598754883,67.22168548228568,87.20614877939838,75.04683340687365,1,0,1788691072.736659
1788691132.215937,59.468000,gate_sweep_poor_medium_r08,0.027403557673096657,7.934216621797532,4.957797393202782,142.20930428371756,-72.89543151855469,-39.00830841064453,-4.225156784057617,67.2216925330866,87.2104763167696,74.98761175063096,1,13,1788691072.7479198
1788691132.265776,59.500000,gate_sweep_poor_medium_r08,0.03014073334634304,7.935707214754075,4.958119735121727,142.16889169419426,-72.89543914794922,-39.008304595947266,-4.225152969360352,67.22169280961411,87.2136052658722,74.94719888458013,1,2,1788691072.7657614
1788691132.315691,59.536000,gate_sweep_poor_medium_r08,0.03187135420739651,7.93699276773259,4.95836578309536,142.1446699351511,-72.89545440673828,-39.00830841064453,-4.225152492523193,67.22168073419037,87.21578500071101,74.92298920096073,1,1,1788691072.7796745
1788691132.367163,59.568000,gate_sweep_poor_medium_r08,0.03415259160101414,7.93945563165471,4.958884581923485,142.1120203793158,-72.89546203613281,-39.008304595947266,-4.225151538848877,67.22168837694466,87.21907703940592,74.89033200237112,1,0,1788691072.7991447
1788691132.415654,59.600000,gate_sweep_poor_medium_r08,0.03546592779457569,7.941648605745286,4.9593227952718735,142.0935352928051,-72.89546966552734,-39.00830078125,-4.225152492523193,67.22169515904943,87.22140620438773,74.87184013375567,1,0,1788691072.8156312
1788691132.467563,59.632000,gate_sweep_poor_medium_r08,0.03634733147919178,7.9439979824237525,4.9598182290792465,142.0796356800319,-72.89547729492188,-39.008304595947266,-4.225152015686035,67.22169275883145,87.22346839666633,74.85794292120046,1,0,1788691072.8355014
1788691132.515023,59.668000,gate_sweep_poor_medium_r08,0.03689938969910145,7.9471107753925025,4.960609778761864,142.0705570514311,-72.8954849243164,-39.00830841064453,-4.225151538848877,67.2216911520158,87.22569738126388,74.84886589941532,1,0,1788691072.8470063
1788691132.563729,59.700000,gate_sweep_poor_medium_r08,0.03692726977169514,7.9497352871112525,4.961315497756004,142.06873165548626,-72.89549255371094,-39.00830841064453,-4.225148677825928,67.2216954435346,87.22721394884921,74.84703621195165,1,0,1788691072.8637097
1788691132.616993,59.732000,gate_sweep_poor_medium_r08,0.03676196373999119,7.951736572664231,4.96185003221035,142.06926290306103,-72.89550018310547,-39.0083122253418,-4.225146293640137,67.22169724957166,87.22821760450276,74.84756565348937,1,0,1788691072.8849742
1788691132.666428,59.764000,gate_sweep_poor_medium_r08,0.03609245456755161,7.955199364107102,4.962809428572655,142.07524542657038,-72.8955078125,-39.00831604003906,-4.2251458168029785,67.2216849679669,87.22963153780846,74.8535604586035,1,0,1788691072.9024086
1788691132.716138,59.800000,gate_sweep_poor_medium_r08,0.035229453817009926,7.958065155427903,4.9635976403951645,142.08559635490104,-72.89552307128906,-39.00830841064453,-4.2251458168029785,67.22169797224521,87.23054462829138,74.86389838265585,1,0,1788691072.916121
1788691132.766260,59.832000,gate_sweep_poor_medium_r08,0.03409448452293873,7.961018207948655,4.964401111006737,142.09877922322045,-72.8955307006836,-39.008304595947266,-4.2251458168029785,67.22169901659433,87.23127470723848,74.87708020662613,1,0,1788691072.9342299
1788691132.817133,59.864000,gate_sweep_poor_medium_r08,0.03272181935608387,7.964055183809251,4.965238437056541,142.114660177586,-72.89553833007812,-39.00830078125,-4.225144863128662,67.22169181549476,87.23185483833366,74.89296836209122,1,0,1788691072.95311
1788691132.872903,59.896000,gate_sweep_poor_medium_r08,0.030724598094820976,7.96798289148137,4.966237410902977,142.13919485871403,-72.89554595947266,-39.008304595947266,-4.2251434326171875,67.22169512401607,87.23241373106505,74.91749973469796,1,0,1788691072.97688
1788691132.920241,59.932000,gate_sweep_poor_medium_r08,0.029372891411185265,7.9704262050800025,4.966805800795555,142.15594843890835,-72.89555358886719,-39.00830078125,-4.2251434326171875,67.22169501388353,87.23266373394644,74.93425342502482,1,0,1788691072.9882205
1788691132.975170,59.964000,gate_sweep_poor_medium_r08,0.027396222576498985,7.973726871889085,4.967564448714256,142.1805949239043,-72.89556121826172,-39.008296966552734,-4.2251434326171875,67.22168589536004,87.23287318474446,74.95890902854426,1,0,1788691073.0111537
1788691133.015723,59.996000,gate_sweep_poor_medium_r08,0.02523239515721798,7.977011326234788,4.968320712447166,142.20652961824447,-72.89556884765625,-39.00829315185547,-4.2251434326171875,67.22169582937522,87.23291737514766,74.98483378886924,1,16,1788691073.0197039
1788691133.064095,60.028000,gate_sweep_poor_medium_r08,0.02216368354856968,7.981128815095872,4.969229564070702,142.23994429099812,-72.89558410644531,-39.00829315185547,-4.225143909454346,67.22169367922366,87.23267864237592,75.01825061177446,1,1,1788691073.036079
1788691133.112220,60.064000,gate_sweep_poor_medium_r08,0.01944710873067379,7.9843984874896705,4.969857081770897,142.26823780366405,-72.89559936523438,-39.00829315185547,-4.225144386291504,67.22168616971375,87.23224817582503,75.04655163395032,1,1,1788691073.0482008
1788691133.166254,60.096000,gate_sweep_poor_medium_r08,0.017276683822274208,7.986807468812913,4.970306262373924,142.28950952262005,-72.8956069946289,-39.008296966552734,-4.225142955780029,67.22169175266998,87.23178740299849,75.06781776995008,1,1,1788691073.0702374
1788691133.220326,60.128000,gate_sweep_poor_medium_r08,0.013381673023104668,7.990754726808518,4.971022471785545,142.32331449981322,-72.89562225341797,-39.00830078125,-4.225141525268555,67.22168746787527,87.2307486179964,75.10162703193795,1,0,1788691073.0923014
1788691133.267786,60.160000,gate_sweep_poor_medium_r08,0.01006724126636982,7.993820312898606,4.971604689955711,142.34869604995262,-72.89563751220703,-39.00830078125,-4.22514009475708,67.2216942801336,87.22970415853068,75.12700176981902,1,0,1788691073.1077678
1788691133.322508,60.196000,gate_sweep_poor_medium_r08,0.006638815626502037,7.996767166536301,4.972167357802391,142.37318297401146,-72.89564514160156,-39.008304595947266,-4.2251386642456055,67.22169547453773,87.22849428735854,75.15148749947372,1,0,1788691073.1264806
1788691133.366813,60.228000,gate_sweep_poor_medium_r08,0.0022937003523111343,8.000277641694993,4.972861155867577,142.4016731558497,-72.8956527709961,-39.00830841064453,-4.225135326385498,67.22169034266112,87.2268359031057,75.17998281318857,1,12,1788691073.1387916
1788691133.417306,60.260000,gate_sweep_poor_medium_r08,-0.0011798236519098282,8.002905014436692,4.97344671189785,142.4229905825945,-72.8956527709961,-39.00830841064453,-4.225130558013916,67.22168177329357,87.22541027567694,75.20130880930093,1,1,1788691073.1572843
1788691133.466997,60.292000,gate_sweep_poor_medium_r08,-0.0037610530853271484,8.004754665773362,4.973901137709618,142.4366533179704,-72.8956527709961,-39.00830841064453,-4.22512674331665,67.22169195348893,87.22429760106283,75.2149613644815,1,0,1788691073.1749794
1788691133.521809,60.328000,gate_sweep_poor_medium_r08,-0.00795346312224865,8.007644298952073,4.974663123488426,142.45816843472886,-72.8956527709961,-39.00830841064453,-4.225122928619385,67.22169173045124,87.22243165029633,75.2364767042776,1,0,1788691073.1937907
1788691133.575463,60.360000,gate_sweep_poor_medium_r08,-0.011227374896407127,8.00981581537053,4.975242957472801,142.47396603016864,-72.8956527709961,-39.00830841064453,-4.225119113922119,67.22170612259853,87.22092715224579,75.25225990757009,1,0,1788691073.2154462
1788691133.623311,60.392000,gate_sweep_poor_medium_r08,-0.014460941776633263,8.011859539430588,4.975722178816795,142.4876586711665,-72.8956527709961,-39.00830841064453,-4.2251152992248535,67.22169942218427,87.21937701450345,75.26595924898224,1,0,1788691073.2312748
1788691133.671378,60.424000,gate_sweep_poor_medium_r08,-0.018491487950086594,8.014253261964768,4.976148948073387,142.50238945272793,-72.8956527709961,-39.00830841064453,-4.225111484527588,67.22168685397526,87.21734424114274,75.28070259875268,1,0,1788691073.24736
1788691133.719909,60.460000,gate_sweep_poor_medium_r08,-0.0217011496424675,8.01606524316594,4.976288661360741,142.51159554920807,-72.8956527709961,-39.00830841064453,-4.225109577178955,67.22168685397526,87.21565382423488,75.28990869523281,1,0,1788691073.2598858
1788691133.769754,60.492000,gate_sweep_poor_medium_r08,-0.024060438387095928,8.017364147584885,4.9763587564229965,142.51817493291878,-72.89566040039062,-39.008304595947266,-4.225107669830322,67.22168685397526,87.21439437496632,75.29648807894351,1,0,1788691073.2777348
1788691133.819210,60.524000,gate_sweep_poor_medium_r08,-0.027115385746583343,8.018996838014573,4.976420745253563,142.52446449363296,-72.89566040039062,-39.008304595947266,-4.225103855133057,67.22168685397526,87.21272835821291,75.3027776396577,1,0,1788691073.2951908
1788691133.874670,60.556000,gate_sweep_poor_medium_r08,-0.030768973025260493,8.020968082826585,4.976436480879784,142.53057473068492,-72.89566040039062,-39.008304595947266,-4.225100040435791,67.22168685397526,87.21073996801833,75.30888787670966,1,0,1788691073.3186538
1788691133.922469,60.592000,gate_sweep_poor_medium_r08,-0.03354343888349831,8.022491100709885,4.97651706635952,142.53427411831188,-72.89566040039062,-39.008304595947266,-4.225096225738525,67.22168685397526,87.20925133923788,75.31258726433664,1,0,1788691073.3304477
1788691133.968126,60.624000,gate_sweep_poor_medium_r08,-0.03618345037102699,8.023961666505784,4.976711615920067,142.53744593879395,-72.89566040039062,-39.008304595947266,-4.22509241104126,67.22168685397526,87.20785886927462,75.3157590848187,1,0,1788691073.34411
1788691134.015621,60.656000,gate_sweep_poor_medium_r08,-0.038081340957432985,8.025025967042893,4.976986274123192,142.53794814764896,-72.89566040039062,-39.008304595947266,-4.225088596343994,67.22168685397526,87.20687583081248,75.31626129367369,1,0,1788691073.3596034
1788691134.075998,60.688000,gate_sweep_poor_medium_r08,-0.04112337529659271,8.02672255365178,4.977562770247459,142.53970251161766,-72.89566802978516,-39.008304595947266,-4.225085735321045,67.22168685397526,87.205316324714,75.3180156576424,1,0,1788691073.3879793
1788691134.121337,60.724000,gate_sweep_poor_medium_r08,-0.0434562498703599,8.027983311098069,4.978116378188133,142.53905515683314,-72.89567565917969,-39.00830078125,-4.225083827972412,67.22168685397526,87.20410992672821,75.31736830285789,1,3,1788691073.3973157
1788691134.174772,60.756000,gate_sweep_poor_medium_r08,-0.045739373192191124,8.029162052553147,4.978665694594383,142.5380798151842,-72.89568328857422,-39.008296966552734,-4.225081920623779,67.22168685397526,87.20290046559808,75.31639296120895,1,0,1788691073.4187536
1788691134.226519,60.788000,gate_sweep_poor_medium_r08,-0.048521021381020546,8.030498150270432,4.979384288191795,142.53652047785923,-72.89569091796875,-39.00829315185547,-4.2250800132751465,67.22168685397526,87.20137735256394,75.31483362388397,1,0,1788691073.4384944
1788691134.274302,60.820000,gate_sweep_poor_medium_r08,-0.05064661242067814,8.031484249513596,4.98003326356411,142.53472686705908,-72.89569854736328,-39.0082893371582,-4.225078105926514,67.22168685397526,87.20020622575704,75.31304001308382,1,0,1788691073.4542744
1788691134.323587,60.856000,gate_sweep_poor_medium_r08,-0.05214511603116989,8.032184246461838,4.980503425002098,142.53244490270637,-72.89571380615234,-39.00828170776367,-4.22507905960083,67.22168685397526,87.19939039685931,75.31075804873113,1,0,1788691073.4675713
1788691134.370157,60.888000,gate_sweep_poor_medium_r08,-0.0544735211879015,8.033281925600022,4.9812768548727036,142.52917192144824,-72.89572143554688,-39.008277893066406,-4.225077152252197,67.22168685397526,87.19812327108183,75.30748506747298,1,0,1788691073.482133
1788691134.420818,60.920000,gate_sweep_poor_medium_r08,-0.05623568035662174,8.034068706911057,4.981836661696434,142.52585412257477,-72.89572143554688,-39.008277893066406,-4.225073337554932,67.22168685397526,87.19713441648922,75.30416726859951,1,0,1788691073.5007973
1788691134.468178,60.952000,gate_sweep_poor_medium_r08,-0.05790088698267937,8.034797314088792,4.982415065169334,142.52134005566458,-72.89572143554688,-39.008277893066406,-4.225069522857666,67.22168685397526,87.19619716277572,75.29965320168932,1,0,1788691073.5161607
1788691134.518111,60.988000,gate_sweep_poor_medium_r08,-0.05980539694428444,8.035627010744065,4.983104094862938,142.5151610903172,-72.89572143554688,-39.008277893066406,-4.225067615509033,67.22168685397526,87.19512646948121,75.29347423634195,1,0,1788691073.5300949
1788691134.568676,61.020000,gate_sweep_poor_medium_r08,-0.06118963286280632,8.036229732912034,4.983604297041893,142.50989711463131,-72.89572143554688,-39.008277893066406,-4.2250657081604,67.22168685397526,87.194348004625,75.28821026065604,1,0,1788691073.5486605
1788691134.616235,61.052000,gate_sweep_poor_medium_r08,-0.06214513070881367,8.036630276124924,4.983926638960838,142.5054158846142,-72.89572143554688,-39.008277893066406,-4.225063800811768,67.22168685397526,87.19379981925398,75.28372903063894,1,0,1788691073.564219
1788691134.665823,61.084000,gate_sweep_poor_medium_r08,-0.06354865618050098,8.037280682008713,4.984453544020653,142.49884148180135,-72.89572143554688,-39.008277893066406,-4.225061893463135,67.22168685397526,87.19303382723618,75.27715462782609,1,0,1788691073.581797
1788691134.712271,61.120000,gate_sweep_poor_medium_r08,-0.06446743570268154,8.037726047914475,4.984860762953758,142.4944566379752,-72.89572143554688,-39.008277893066406,-4.225059986114502,67.22168685397526,87.19254948795067,75.27276978399995,1,0,1788691073.5922484
1788691134.758198,61.152000,gate_sweep_poor_medium_r08,-0.06525725312530994,8.038057926576585,4.9852136224508286,142.48973030566648,-72.89572143554688,-39.008277893066406,-4.225058078765869,67.22168685397526,87.19210590352688,75.26804345169123,1,0,1788691073.6061797
1788691134.808783,61.184000,gate_sweep_poor_medium_r08,-0.0660077203065157,8.038259151857346,4.985475406050682,142.48442345783636,-72.8957290649414,-39.00828170776367,-4.2250566482543945,67.22168685397526,87.19162355820964,75.26273660386109,1,0,1788691073.6247625
1788691134.856823,61.216000,gate_sweep_poor_medium_r08,-0.06692554615437984,8.038323048036546,4.985685214400291,142.4787994886762,-72.89573669433594,-39.00828552246094,-4.225056171417236,67.22168685397526,87.19092193640066,75.25711263470095,1,0,1788691073.6408057
1788691134.906837,61.252000,gate_sweep_poor_medium_r08,-0.06747146882116795,8.038269642274827,4.9858215898275375,142.4754195561809,-72.89574432373047,-39.00828170776367,-4.22505521774292,67.22168685397526,87.19045574215774,75.25373270220564,1,0,1788691073.6548185
1788691134.958285,61.284000,gate_sweep_poor_medium_r08,-0.06817221082746983,8.038114193361253,4.985935553908348,142.470706152673,-72.89575958251953,-39.00828170776367,-4.225054740905762,67.22168685397526,87.18981128479396,75.24901929869773,1,0,1788691073.674267
1788691135.010393,61.316000,gate_sweep_poor_medium_r08,-0.0688238125294447,8.037879589479417,4.986043319106102,142.46734006275577,-72.89576721191406,-39.00828552246094,-4.225052356719971,67.22168685397526,87.18915999243453,75.2456532087805,1,0,1788691073.6943746
1788691135.059075,61.348000,gate_sweep_poor_medium_r08,-0.06962512619793415,8.037570599000901,4.986134871840477,142.4629904151781,-72.8957748413086,-39.00828170776367,-4.225052356719971,67.22168685397526,87.18833793436605,75.24130356120283,1,0,1788691073.7110524
1788691135.108975,61.384000,gate_sweep_poor_medium_r08,-0.07026325725018978,8.037322643678635,4.9861806482076645,142.4600990524215,-72.89578247070312,-39.00828552246094,-4.225052833557129,67.22168685397526,87.18768444388535,75.23841219844624,1,0,1788691073.7249575
1788691135.156109,61.416000,gate_sweep_poor_medium_r08,-0.07073467783629894,8.037136677186936,4.986219748854637,142.4576673755466,-72.89579772949219,-39.00828552246094,-4.225053310394287,67.22168685397526,87.18720725996917,75.23598052157134,1,0,1788691073.7400908
1788691135.205930,61.448000,gate_sweep_poor_medium_r08,-0.0715674627572298,8.036874416749924,4.986225470900536,142.45431579669292,-72.89581298828125,-39.0082893371582,-4.225052833557129,67.22168685397526,87.18638550253135,75.23262894271767,1,0,1788691073.7579126
1788691135.254639,61.480000,gate_sweep_poor_medium_r08,-0.0722730103880167,8.036679867189378,4.986196860671043,142.4522585480699,-72.89582824707031,-39.0082893371582,-4.225053310394287,67.22168685397526,87.1857009747704,75.23057169409464,1,0,1788691073.774623
1788691135.307348,61.516000,gate_sweep_poor_medium_r08,-0.0729930903762579,8.036475780885667,4.986169204115868,142.45078845805205,-72.89583587646484,-39.00829315185547,-4.2250518798828125,67.22168685397526,87.18499474818292,75.22910160407677,1,0,1788691073.7913263
1788691135.357125,61.548000,gate_sweep_poor_medium_r08,-0.0738437008112669,8.036223057191819,4.986079558730125,142.4508118282332,-72.89584350585938,-39.0082893371582,-4.22504997253418,67.22168685397526,87.1841425333203,75.22912497425794,1,0,1788691073.8091085
1788691135.407629,61.580000,gate_sweep_poor_medium_r08,-0.0744332317262888,8.03599703637883,4.985966071486473,142.4516398843483,-72.8958511352539,-39.00828552246094,-4.225048065185547,67.22168685397526,87.18352027982203,75.22995303037304,1,0,1788691073.8276014
1788691135.455532,61.612000,gate_sweep_poor_medium_r08,-0.07481480576097965,8.035812023561448,4.9858497232198715,142.45153373490186,-72.89586639404297,-39.00828552246094,-4.225046634674072,67.22168685397526,87.18310203278362,75.2298468809266,1,0,1788691073.843513
1788691135.507113,61.648000,gate_sweep_poor_medium_r08,-0.07532990910112858,8.0355011257343,4.985551699995995,142.4532433191059,-72.89588165283203,-39.00828552246094,-4.225045204162598,67.22168685397526,87.1824851320103,75.23155646513062,1,0,1788691073.8590937
1788691135.554730,61.680000,gate_sweep_poor_medium_r08,-0.075639633461833,8.035283687990159,4.985286101698875,142.45438175795442,-72.89588928222656,-39.00828170776367,-4.225043296813965,67.22168685397526,87.18208515332779,75.23269490397915,1,0,1788691073.8747146
1788691135.600366,61.712000,gate_sweep_poor_medium_r08,-0.07586127333343029,8.035041454713792,4.984991893172264,142.45564330965084,-72.8958969116211,-39.00828170776367,-4.225040435791016,67.22168685397526,87.18174430482176,75.23395645567557,1,0,1788691073.8883471
1788691135.648314,61.744000,gate_sweep_poor_medium_r08,-0.07601124607026577,8.034603718202561,4.984537944197655,142.45811486401087,-72.89590454101562,-39.00828552246094,-4.225037097930908,67.22168685397526,87.1813429585319,75.23642801003561,1,0,1788691073.904297
1788691135.698164,61.780000,gate_sweep_poor_medium_r08,-0.07606157474219799,8.034127834718674,4.984136924147606,142.46035070984456,-72.89591217041016,-39.00828552246094,-4.225033283233643,67.22168685397526,87.18100774338222,75.2386638558693,1,0,1788691073.918145
1788691135.748557,61.812000,gate_sweep_poor_medium_r08,-0.07608129270374775,8.033739689271897,4.983844146132469,142.46097140384376,-72.89592742919922,-39.00828170776367,-4.225030422210693,67.22168685397526,87.18076129099529,75.23928454986851,1,0,1788691073.9365375
1788691135.795494,61.844000,gate_sweep_poor_medium_r08,-0.07605685479938984,8.033173206727952,4.983468398451805,142.46196953096253,-72.89593505859375,-39.008277893066406,-4.2250285148620605,67.22168685397526,87.18044045881106,75.24028267698726,1,0,1788691073.951468
1788691135.845289,61.876000,gate_sweep_poor_medium_r08,-0.07592867873609066,8.032401684205979,4.982996329665184,142.46331882911068,-72.89594268798828,-39.00827407836914,-4.225026607513428,67.22168685397526,87.18008547207909,75.2416319751354,1,0,1788691073.9692721
1788691135.894805,61.912000,gate_sweep_poor_medium_r08,-0.0757357906550169,8.031742695253342,4.982635363936424,142.46558717654688,-72.89595031738281,-39.008270263671875,-4.225024700164795,67.22168685397526,87.17985700120501,75.2439003225716,1,0,1788691073.9827867
1788691135.944683,61.944000,gate_sweep_poor_medium_r08,-0.07548023201525211,8.03103220788762,4.982298240065575,142.4672258366182,-72.89595794677734,-39.00826644897461,-4.2250237464904785,67.22168685397526,87.1796557167999,75.24553898264294,1,0,1788691074.000665
1788691135.997112,61.976000,gate_sweep_poor_medium_r08,-0.07523521594703197,8.030464771669358,4.982064113020897,142.46774970429232,-72.89596557617188,-39.008262634277344,-4.2250189781188965,67.22168685397526,87.17953329316856,75.24606285031705,1,0,1788691074.0210931
1788691136.044254,62.008000,gate_sweep_poor_medium_r08,-0.07468431256711483,8.029500606935471,4.981674060225487,142.46987839788628,-72.8959732055664,-39.00826644897461,-4.2250165939331055,67.22168685397526,87.17944022787192,75.24819154391103,1,0,1788691074.0362306
1788691136.094045,62.044000,gate_sweep_poor_medium_r08,-0.07411774434149265,8.028724316041917,4.98134933412075,142.47005657265055,-72.89598083496094,-39.008262634277344,-4.225014686584473,67.22168685397526,87.17946446173642,75.2483697186753,1,0,1788691074.0500286
1788691136.141412,62.076000,gate_sweep_poor_medium_r08,-0.07347819395363331,8.027933720033616,4.981029376387596,142.471396936557,-72.89598846435547,-39.00826644897461,-4.225015163421631,67.22168685397526,87.17954682430243,75.24971008258173,1,0,1788691074.0653875
1788691136.188791,62.108000,gate_sweep_poor_medium_r08,-0.07263512723147869,8.026933315675706,4.9807098954916,142.47203424720078,-72.89599609375,-39.008262634277344,-4.225015163421631,67.22168685397526,87.17968188959303,75.25034739322551,1,0,1788691074.080769
1788691136.236135,62.140000,gate_sweep_poor_medium_r08,-0.0719336960464716,8.026152256410569,4.98056922852993,142.4725512994561,-72.89601135253906,-39.008262634277344,-4.225015640258789,67.22168685397526,87.17984436442119,75.25086444548084,1,0,1788691074.0961115
1788691136.285170,62.176000,gate_sweep_poor_medium_r08,-0.07138426788151264,8.025575283449143,4.980525836348534,142.4726183875553,-72.8960189819336,-39.00826644897461,-4.2250142097473145,67.22168685397526,87.17999573804806,75.25093153358003,1,0,1788691074.1091514
1788691136.335583,62.208000,gate_sweep_poor_medium_r08,-0.07045822404325008,8.024604442995042,4.98047910630703,142.47166476415953,-72.89602661132812,-39.008262634277344,-4.225012302398682,67.22168685397526,87.18024471470146,75.24997791018426,1,0,1788691074.1275551
1788691136.382441,62.240000,gate_sweep_poor_medium_r08,-0.06969044171273708,8.023845318239182,4.980456694960594,142.4722825291373,-72.89602661132812,-39.008262634277344,-4.225008487701416,67.22168685397526,87.1804737746716,75.25059567516203,1,0,1788691074.1424246
1788691136.430294,62.272000,gate_sweep_poor_medium_r08,-0.06886046938598156,8.023143413942307,4.980431899428368,142.47284795455678,-72.89602661132812,-39.008262634277344,-4.22500467300415,67.22168685397526,87.18078541529455,75.25116110058151,1,0,1788691074.1582744
1788691136.477403,62.308000,gate_sweep_poor_medium_r08,-0.06773376278579235,8.022336605470628,4.980288848280907,142.47307301988656,-72.89602661132812,-39.008262634277344,-4.225001811981201,67.22168685397526,87.18127597266934,75.2513861659113,1,0,1788691074.1693852
1788691136.527027,62.340000,gate_sweep_poor_medium_r08,-0.06678496487438679,8.021724346559495,4.98015008866787,142.4725238770468,-72.89602661132812,-39.008262634277344,-4.224998950958252,67.22168685397526,87.18172333153872,75.25083702307154,1,0,1788691074.1870089
1788691136.572017,62.372000,gate_sweep_poor_medium_r08,-0.0660568680614233,8.021259907167405,4.98008094727993,142.47187187479247,-72.89602661132812,-39.008262634277344,-4.224997043609619,67.22168685397526,87.1820735248925,75.25018502081721,1,0,1788691074.1999981
1788691136.625282,62.404000,gate_sweep_poor_medium_r08,-0.06487653590738773,8.020537022035569,4.979969844222069,142.47152818361863,-72.89603424072266,-39.00825881958008,-4.224995136260986,67.22168685397526,87.18266198750734,75.24984132964339,1,0,1788691074.2212641
1788691136.674727,62.440000,gate_sweep_poor_medium_r08,-0.06397795118391514,8.019997242372483,4.979882106184959,142.47110630447918,-72.89604187011719,-39.008262634277344,-4.224993705749512,67.22168685397526,87.18312050179455,75.24941945050391,1,0,1788691074.2347085
1788691136.728469,62.472000,gate_sweep_poor_medium_r08,-0.0631417315453291,8.019565227907151,4.979783400893211,142.4715530197239,-72.89604949951172,-39.00825881958008,-4.224991798400879,67.22168685397526,87.18357973292939,75.24986616574863,1,0,1788691074.2564552
1788691136.778087,62.504000,gate_sweep_poor_medium_r08,-0.062382349744439125,8.019261959474534,4.979666098952293,142.47208270759197,-72.89605712890625,-39.00825500488281,-4.2249908447265625,67.22168685397526,87.18404236510513,75.25039585361671,1,0,1788691074.2740688
1788691136.824069,62.536000,gate_sweep_poor_medium_r08,-0.06151670217514038,8.01904261438176,4.979542598128319,142.47330685742884,-72.89607238769531,-39.00825500488281,-4.224991321563721,67.22168685397526,87.1846469738611,75.25162000345357,1,0,1788691074.288055
1788691136.876308,62.572000,gate_sweep_poor_medium_r08,-0.061035141348838806,8.019014004152268,4.979462489485741,142.47317588971134,-72.89608001708984,-39.00825119018555,-4.224989414215088,67.22168685397526,87.18502949794377,75.25148903573609,1,0,1788691074.304285
1788691136.922414,62.604000,gate_sweep_poor_medium_r08,-0.060460278764367104,8.019055012147874,4.979304656386375,142.47419105917098,-72.89608764648438,-39.00825500488281,-4.224987983703613,67.22168685397526,87.1855234800577,75.2525042051957,1,0,1788691074.318391
1788691136.971316,62.636000,gate_sweep_poor_medium_r08,-0.05994586646556854,8.019121769350022,4.979073390364647,142.47539450767547,-72.8960952758789,-39.00825119018555,-4.2249860763549805,67.22168685397526,87.18596893384021,75.25370765370022,1,0,1788691074.3352942
1788691137.018627,62.668000,gate_sweep_poor_medium_r08,-0.05944829247891903,8.019322994630784,4.9786075204610825,142.47775286314882,-72.89611053466797,-39.00825119018555,-4.224984645843506,67.22168685397526,87.18645656898092,75.25606600917355,1,0,1788691074.3505883
1788691137.062973,62.704000,gate_sweep_poor_medium_r08,-0.05916621908545494,8.01960242120549,4.978262290358543,142.47970693912814,-72.8961181640625,-39.00824737548828,-4.224984645843506,67.22168685397526,87.18681081048898,75.25802008515288,1,0,1788691074.3589323
1788691137.108796,62.736000,gate_sweep_poor_medium_r08,-0.05900558643043041,8.019872311037034,4.978008136153221,142.480619014064,-72.89612579345703,-39.008243560791016,-4.224984645843506,67.22168685397526,87.18706807005505,75.25893216008875,1,0,1788691074.3727753
1788691137.154798,62.768000,gate_sweep_poor_medium_r08,-0.05885634943842888,8.020423534791917,4.97763429582119,142.48373553997368,-72.89613342285156,-39.00824737548828,-4.224983215332031,67.22168685397526,87.18745889239561,75.26204868599842,1,0,1788691074.386785
1788691137.201212,62.800000,gate_sweep_poor_medium_r08,-0.05883063189685345,8.020925167482346,4.977377757430077,142.48602194069326,-72.8961410522461,-39.00825119018555,-4.224981784820557,67.22168685397526,87.18773216052702,75.26433508671799,1,0,1788691074.4011934
