[INFO] [launch]: All log files can be found below /home/admin/.ros/log/2026-09-07-10-49-25-563783-T21-A15-186409
[INFO] [launch]: Default logging verbosity is set to INFO
[INFO] [component_container_mt-1]: process started with pid [186459]
[component_container_mt-1] [INFO] [1788752966.968223201] [nvblox_container]: Load Library: /workspaces/isaac_ros-dev/ros2_ws/install/nvblox_ros/lib/libnvblox_ros_lib.so
[component_container_mt-1] [INFO] [1788752966.998727117] [nvblox_container]: Found class: rclcpp_components::NodeFactoryTemplate<nvblox::NvbloxNode>
[component_container_mt-1] [INFO] [1788752966.998765541] [nvblox_container]: Instantiate class: rclcpp_components::NodeFactoryTemplate<nvblox::NvbloxNode>
[component_container_mt-1] [INFO] [1788752967.116478271] [nvblox_node]: Create nvblox cuda stream with type: kBlocking
[component_container_mt-1] WARNING: Logging before InitGoogleLogging() is written to STDERR
[component_container_mt-1] I0907 10:49:27.135334 186476 block_memory_pool_impl.h:65] Expanding the memory pool with 2048 blocks. Number of allocated blocks: 2048
[component_container_mt-1] I0907 10:49:27.141759 186476 gpu_hash_interface_impl.cuh:83] Creating a GPUHashImpl with requested capacity of 4096 blocks. Real capacity: 4096
[component_container_mt-1] I0907 10:49:27.144182 186476 layer_cake_impl.h:32] Adding Layer with type: N6nvblox15VoxelBlockLayerINS_9TsdfVoxelEEE, voxel_size: 0.05, and memory_type: kDevice to LayerCake.
[component_container_mt-1] I0907 10:49:27.151556 186476 block_memory_pool_impl.h:65] Expanding the memory pool with 2048 blocks. Number of allocated blocks: 2048
[component_container_mt-1] I0907 10:49:27.151742 186476 gpu_hash_interface_impl.cuh:83] Creating a GPUHashImpl with requested capacity of 4096 blocks. Real capacity: 4096
[component_container_mt-1] I0907 10:49:27.154207 186476 layer_cake_impl.h:32] Adding Layer with type: N6nvblox15VoxelBlockLayerINS_10ColorVoxelEEE, voxel_size: 0.05, and memory_type: kDevice to LayerCake.
[component_container_mt-1] I0907 10:49:27.161373 186476 block_memory_pool_impl.h:65] Expanding the memory pool with 2048 blocks. Number of allocated blocks: 2048
[component_container_mt-1] I0907 10:49:27.161541 186476 gpu_hash_interface_impl.cuh:83] Creating a GPUHashImpl with requested capacity of 4096 blocks. Real capacity: 4096
[component_container_mt-1] I0907 10:49:27.164172 186476 layer_cake_impl.h:32] Adding Layer with type: N6nvblox15VoxelBlockLayerINS_14FreespaceVoxelEEE, voxel_size: 0.05, and memory_type: kDevice to LayerCake.
[component_container_mt-1] I0907 10:49:27.169404 186476 block_memory_pool_impl.h:65] Expanding the memory pool with 2048 blocks. Number of allocated blocks: 2048
[component_container_mt-1] I0907 10:49:27.169667 186476 gpu_hash_interface_impl.cuh:83] Creating a GPUHashImpl with requested capacity of 4096 blocks. Real capacity: 4096
[component_container_mt-1] I0907 10:49:27.169742 186476 layer_cake_impl.h:32] Adding Layer with type: N6nvblox15VoxelBlockLayerINS_14OccupancyVoxelEEE, voxel_size: 0.05, and memory_type: kDevice to LayerCake.
[component_container_mt-1] I0907 10:49:27.177307 186476 block_memory_pool_impl.h:65] Expanding the memory pool with 2048 blocks. Number of allocated blocks: 2048
[component_container_mt-1] I0907 10:49:27.179126 186476 gpu_hash_interface_impl.cuh:83] Creating a GPUHashImpl with requested capacity of 4096 blocks. Real capacity: 4096
[component_container_mt-1] I0907 10:49:27.179203 186476 layer_cake_impl.h:32] Adding Layer with type: N6nvblox15VoxelBlockLayerINS_9EsdfVoxelEEE, voxel_size: 0.05, and memory_type: kDevice to LayerCake.
[component_container_mt-1] I0907 10:49:27.179801 186476 block_memory_pool_impl.h:65] Expanding the memory pool with 2048 blocks. Number of allocated blocks: 2048
[component_container_mt-1] I0907 10:49:27.180027 186476 gpu_hash_interface_impl.cuh:83] Creating a GPUHashImpl with requested capacity of 4096 blocks. Real capacity: 4096
[component_container_mt-1] I0907 10:49:27.180097 186476 layer_cake_impl.h:32] Adding Layer with type: N6nvblox10BlockLayerINS_9MeshBlockEEE, voxel_size: 0.05, and memory_type: kDevice to LayerCake.
[component_container_mt-1] I0907 10:49:27.180116 186476 layer_cake_streamer_impl.h:79] Adding Streamer with type: N6nvblox25LayerStreamerOldestBlocksINS_15VoxelBlockLayerINS_9TsdfVoxelEEEEE to LayerCake.
[component_container_mt-1] I0907 10:49:27.180122 186476 layer_cake_streamer_impl.h:79] Adding Streamer with type: N6nvblox25LayerStreamerOldestBlocksINS_15VoxelBlockLayerINS_10ColorVoxelEEEEE to LayerCake.
[component_container_mt-1] I0907 10:49:27.180128 186476 layer_cake_streamer_impl.h:79] Adding Streamer with type: N6nvblox25LayerStreamerOldestBlocksINS_15VoxelBlockLayerINS_14FreespaceVoxelEEEEE to LayerCake.
[component_container_mt-1] I0907 10:49:27.180135 186476 layer_cake_streamer_impl.h:79] Adding Streamer with type: N6nvblox25LayerStreamerOldestBlocksINS_15VoxelBlockLayerINS_14OccupancyVoxelEEEEE to LayerCake.
[component_container_mt-1] I0907 10:49:27.180140 186476 layer_cake_streamer_impl.h:79] Adding Streamer with type: N6nvblox25LayerStreamerOldestBlocksINS_15VoxelBlockLayerINS_9EsdfVoxelEEEEE to LayerCake.
[component_container_mt-1] I0907 10:49:27.180148 186476 layer_cake_streamer_impl.h:79] Adding Streamer with type: N6nvblox25LayerStreamerOldestBlocksINS_10BlockLayerINS_9MeshBlockEEEEE to LayerCake.
[component_container_mt-1] I0907 10:49:27.186694 186476 block_memory_pool_impl.h:65] Expanding the memory pool with 2048 blocks. Number of allocated blocks: 2048
[component_container_mt-1] I0907 10:49:27.186884 186476 gpu_hash_interface_impl.cuh:83] Creating a GPUHashImpl with requested capacity of 4096 blocks. Real capacity: 4096
[component_container_mt-1] I0907 10:49:27.186929 186476 layer_cake_impl.h:32] Adding Layer with type: N6nvblox15VoxelBlockLayerINS_9TsdfVoxelEEE, voxel_size: 0.05, and memory_type: kDevice to LayerCake.
[component_container_mt-1] I0907 10:49:27.193888 186476 block_memory_pool_impl.h:65] Expanding the memory pool with 2048 blocks. Number of allocated blocks: 2048
[component_container_mt-1] I0907 10:49:27.194334 186476 gpu_hash_interface_impl.cuh:83] Creating a GPUHashImpl with requested capacity of 4096 blocks. Real capacity: 4096
[component_container_mt-1] I0907 10:49:27.194383 186476 layer_cake_impl.h:32] Adding Layer with type: N6nvblox15VoxelBlockLayerINS_10ColorVoxelEEE, voxel_size: 0.05, and memory_type: kDevice to LayerCake.
[component_container_mt-1] I0907 10:49:27.200904 186476 block_memory_pool_impl.h:65] Expanding the memory pool with 2048 blocks. Number of allocated blocks: 2048
[component_container_mt-1] I0907 10:49:27.201110 186476 gpu_hash_interface_impl.cuh:83] Creating a GPUHashImpl with requested capacity of 4096 blocks. Real capacity: 4096
[component_container_mt-1] I0907 10:49:27.201153 186476 layer_cake_impl.h:32] Adding Layer with type: N6nvblox15VoxelBlockLayerINS_14FreespaceVoxelEEE, voxel_size: 0.05, and memory_type: kDevice to LayerCake.
[component_container_mt-1] I0907 10:49:27.206249 186476 block_memory_pool_impl.h:65] Expanding the memory pool with 2048 blocks. Number of allocated blocks: 2048
[component_container_mt-1] I0907 10:49:27.206452 186476 gpu_hash_interface_impl.cuh:83] Creating a GPUHashImpl with requested capacity of 4096 blocks. Real capacity: 4096
[component_container_mt-1] I0907 10:49:27.206497 186476 layer_cake_impl.h:32] Adding Layer with type: N6nvblox15VoxelBlockLayerINS_14OccupancyVoxelEEE, voxel_size: 0.05, and memory_type: kDevice to LayerCake.
[component_container_mt-1] I0907 10:49:27.213584 186476 block_memory_pool_impl.h:65] Expanding the memory pool with 2048 blocks. Number of allocated blocks: 2048
[component_container_mt-1] I0907 10:49:27.213886 186476 gpu_hash_interface_impl.cuh:83] Creating a GPUHashImpl with requested capacity of 4096 blocks. Real capacity: 4096
[component_container_mt-1] I0907 10:49:27.213935 186476 layer_cake_impl.h:32] Adding Layer with type: N6nvblox15VoxelBlockLayerINS_9EsdfVoxelEEE, voxel_size: 0.05, and memory_type: kDevice to LayerCake.
[component_container_mt-1] I0907 10:49:27.214515 186476 block_memory_pool_impl.h:65] Expanding the memory pool with 2048 blocks. Number of allocated blocks: 2048
[component_container_mt-1] I0907 10:49:27.214718 186476 gpu_hash_interface_impl.cuh:83] Creating a GPUHashImpl with requested capacity of 4096 blocks. Real capacity: 4096
[component_container_mt-1] I0907 10:49:27.214761 186476 layer_cake_impl.h:32] Adding Layer with type: N6nvblox10BlockLayerINS_9MeshBlockEEE, voxel_size: 0.05, and memory_type: kDevice to LayerCake.
[component_container_mt-1] I0907 10:49:27.214771 186476 layer_cake_streamer_impl.h:79] Adding Streamer with type: N6nvblox25LayerStreamerOldestBlocksINS_15VoxelBlockLayerINS_9TsdfVoxelEEEEE to LayerCake.
[component_container_mt-1] I0907 10:49:27.214776 186476 layer_cake_streamer_impl.h:79] Adding Streamer with type: N6nvblox25LayerStreamerOldestBlocksINS_15VoxelBlockLayerINS_10ColorVoxelEEEEE to LayerCake.
[component_container_mt-1] I0907 10:49:27.214780 186476 layer_cake_streamer_impl.h:79] Adding Streamer with type: N6nvblox25LayerStreamerOldestBlocksINS_15VoxelBlockLayerINS_14FreespaceVoxelEEEEE to LayerCake.
[component_container_mt-1] I0907 10:49:27.214784 186476 layer_cake_streamer_impl.h:79] Adding Streamer with type: N6nvblox25LayerStreamerOldestBlocksINS_15VoxelBlockLayerINS_14OccupancyVoxelEEEEE to LayerCake.
[component_container_mt-1] I0907 10:49:27.214788 186476 layer_cake_streamer_impl.h:79] Adding Streamer with type: N6nvblox25LayerStreamerOldestBlocksINS_15VoxelBlockLayerINS_9EsdfVoxelEEEEE to LayerCake.
[component_container_mt-1] I0907 10:49:27.214792 186476 layer_cake_streamer_impl.h:79] Adding Streamer with type: N6nvblox25LayerStreamerOldestBlocksINS_10BlockLayerINS_9MeshBlockEEEEE to LayerCake.
[component_container_mt-1] [INFO] [1788752967.216558409] [nvblox_node]: Initialize Mapper:
[component_container_mt-1] [INFO] [1788752967.216623974] [nvblox_node]: static_mapper.do_depth_preprocessing: 0
[component_container_mt-1] [INFO] [1788752967.216644643] [nvblox_node]: static_mapper.depth_preprocessing_num_dilations: 3
[component_container_mt-1] [INFO] [1788752967.216667948] [nvblox_node]: static_mapper.esdf_slice_min_height: 0
[component_container_mt-1] [INFO] [1788752967.216679290] [nvblox_node]: static_mapper.esdf_slice_max_height: 1
[component_container_mt-1] [INFO] [1788752967.216688006] [nvblox_node]: static_mapper.esdf_slice_height: 1
[component_container_mt-1] [INFO] [1788752967.216696683] [nvblox_node]: static_mapper.exclude_last_view_from_decay: 1
[component_container_mt-1] [INFO] [1788752967.216705760] [nvblox_node]: static_mapper.projective_integrator_max_integration_distance_m: 5
[component_container_mt-1] [INFO] [1788752967.216715870] [nvblox_node]: static_mapper.lidar_projective_integrator_max_integration_distance_m: 10
[component_container_mt-1] [INFO] [1788752967.216724837] [nvblox_node]: static_mapper.projective_integrator_truncation_distance_vox: 4
[component_container_mt-1] [INFO] [1788752967.216739916] [nvblox_node]: static_mapper.projective_integrator_weighting_mode: inverse_square_tsdf_distance_penalty
[component_container_mt-1] [INFO] [1788752967.216753852] [nvblox_node]: static_mapper.projective_integrator_max_weight: 5
[component_container_mt-1] [INFO] [1788752967.216763150] [nvblox_node]: static_mapper.projective_tsdf_integrator_invalid_depth_decay_factor: -1
[component_container_mt-1] [INFO] [1788752967.216772728] [nvblox_node]: static_mapper.free_region_occupancy_probability: 0.45
[component_container_mt-1] [INFO] [1788752967.216782196] [nvblox_node]: static_mapper.occupied_region_occupancy_probability: 0.55
[component_container_mt-1] [INFO] [1788752967.216791654] [nvblox_node]: static_mapper.unobserved_region_occupancy_probability: 0.5
[component_container_mt-1] [INFO] [1788752967.216800872] [nvblox_node]: static_mapper.occupied_region_half_width_m: 0.1
[component_container_mt-1] [INFO] [1788752967.216810190] [nvblox_node]: static_mapper.raycast_subsampling_factor: 4
[component_container_mt-1] [INFO] [1788752967.216819227] [nvblox_node]: static_mapper.workspace_bounds_type: unbounded
[component_container_mt-1] [INFO] [1788752967.216843744] [nvblox_node]: static_mapper.workspace_bounds_min_height_m: -0.5
[component_container_mt-1] [INFO] [1788752967.216854745] [nvblox_node]: static_mapper.workspace_bounds_max_height_m: 2
[component_container_mt-1] [INFO] [1788752967.216864754] [nvblox_node]: static_mapper.workspace_bounds_min_corner_x_m: 0
[component_container_mt-1] [INFO] [1788752967.216874292] [nvblox_node]: static_mapper.workspace_bounds_max_corner_x_m: 0
[component_container_mt-1] [INFO] [1788752967.216883360] [nvblox_node]: static_mapper.workspace_bounds_min_corner_y_m: 0
[component_container_mt-1] [INFO] [1788752967.216892858] [nvblox_node]: static_mapper.workspace_bounds_max_corner_y_m: 0
[component_container_mt-1] [INFO] [1788752967.216902206] [nvblox_node]: static_mapper.esdf_integrator_min_weight: 0.1
[component_container_mt-1] [INFO] [1788752967.216911664] [nvblox_node]: static_mapper.esdf_integrator_max_site_distance_vox: 2
[component_container_mt-1] [INFO] [1788752967.216920851] [nvblox_node]: static_mapper.esdf_integrator_max_distance_m: 2
[component_container_mt-1] [INFO] [1788752967.216929678] [nvblox_node]: static_mapper.mesh_integrator_min_weight: 0.1
[component_container_mt-1] [INFO] [1788752967.216937984] [nvblox_node]: static_mapper.mesh_integrator_weld_vertices: 1
[component_container_mt-1] [INFO] [1788752967.216946991] [nvblox_node]: static_mapper.decay_integrator_deallocate_decayed_blocks: 1
[component_container_mt-1] [INFO] [1788752967.216956530] [nvblox_node]: static_mapper.tsdf_decay_factor: 0.95
[component_container_mt-1] [INFO] [1788752967.216965877] [nvblox_node]: static_mapper.tsdf_decayed_weight_threshold: 0.001
[component_container_mt-1] [INFO] [1788752967.216973963] [nvblox_node]: static_mapper.tsdf_set_free_distance_on_decayed: 0
[component_container_mt-1] [INFO] [1788752967.216993430] [nvblox_node]: static_mapper.tsdf_decayed_free_distance_vox: 4
[component_container_mt-1] [INFO] [1788752967.217004501] [nvblox_node]: static_mapper.free_region_decay_probability: 0.55
[component_container_mt-1] [INFO] [1788752967.217013909] [nvblox_node]: static_mapper.occupied_region_decay_probability: 0.4
[component_container_mt-1] [INFO] [1788752967.217022726] [nvblox_node]: static_mapper.occupancy_decay_to_free: 0
[component_container_mt-1] [INFO] [1788752967.217072541] [nvblox_node]: static_mapper.max_tsdf_distance_for_occupancy_m: 0.15
[component_container_mt-1] [INFO] [1788752967.217094463] [nvblox_node]: static_mapper.max_unobserved_to_keep_consecutive_occupancy_ms: 200
[component_container_mt-1] [INFO] [1788752967.217104532] [nvblox_node]: static_mapper.min_duration_since_occupied_for_freespace_ms: 1000
[component_container_mt-1] [INFO] [1788752967.217113049] [nvblox_node]: static_mapper.min_consecutive_occupancy_duration_for_reset_ms: 2000
[component_container_mt-1] [INFO] [1788752967.217122447] [nvblox_node]: static_mapper.check_neighborhood: 1
[component_container_mt-1] [INFO] [1788752967.217130201] [nvblox_node]: Initialize Mapper:
[component_container_mt-1] [INFO] [1788752967.217139139] [nvblox_node]: dynamic_mapper.do_depth_preprocessing: 0
[component_container_mt-1] [INFO] [1788752967.217147935] [nvblox_node]: dynamic_mapper.depth_preprocessing_num_dilations: 4
[component_container_mt-1] [INFO] [1788752967.217158315] [nvblox_node]: dynamic_mapper.esdf_slice_min_height: 0
[component_container_mt-1] [INFO] [1788752967.217167533] [nvblox_node]: dynamic_mapper.esdf_slice_max_height: 1
[component_container_mt-1] [INFO] [1788752967.217176089] [nvblox_node]: dynamic_mapper.esdf_slice_height: 1
[component_container_mt-1] [INFO] [1788752967.217194204] [nvblox_node]: dynamic_mapper.exclude_last_view_from_decay: 0
[component_container_mt-1] [INFO] [1788752967.217204614] [nvblox_node]: dynamic_mapper.projective_integrator_max_integration_distance_m: 7
[component_container_mt-1] [INFO] [1788752967.217214242] [nvblox_node]: dynamic_mapper.lidar_projective_integrator_max_integration_distance_m: 10
[component_container_mt-1] [INFO] [1788752967.217223590] [nvblox_node]: dynamic_mapper.projective_integrator_truncation_distance_vox: 4
[component_container_mt-1] [INFO] [1788752967.217232637] [nvblox_node]: dynamic_mapper.projective_integrator_weighting_mode: kInverseSquareWeight
[component_container_mt-1] [WARN] [1788752967.217240973] [nvblox_node]: Requested weighting function: "kInverseSquareWeight" not recognized. Defaulting to: kInverseSquareWeight
[component_container_mt-1] [INFO] [1788752967.217251543] [nvblox_node]: dynamic_mapper.projective_integrator_max_weight: 5
[component_container_mt-1] [INFO] [1788752967.217260961] [nvblox_node]: dynamic_mapper.projective_tsdf_integrator_invalid_depth_decay_factor: -1
[component_container_mt-1] [INFO] [1788752967.217270470] [nvblox_node]: dynamic_mapper.free_region_occupancy_probability: 0.3
[component_container_mt-1] [INFO] [1788752967.217279627] [nvblox_node]: dynamic_mapper.occupied_region_occupancy_probability: 0.7
[component_container_mt-1] [INFO] [1788752967.217288805] [nvblox_node]: dynamic_mapper.unobserved_region_occupancy_probability: 0.5
[component_container_mt-1] [INFO] [1788752967.217298283] [nvblox_node]: dynamic_mapper.occupied_region_half_width_m: 0.1
[component_container_mt-1] [INFO] [1788752967.217306879] [nvblox_node]: dynamic_mapper.raycast_subsampling_factor: 4
[component_container_mt-1] [INFO] [1788752967.217324543] [nvblox_node]: dynamic_mapper.workspace_bounds_type: kUnbounded
[component_container_mt-1] [WARN] [1788752967.217336345] [nvblox_node]: Requested workspace bounds type: "kUnbounded" not recognized. Defaulting to: kUnbounded
[component_container_mt-1] [INFO] [1788752967.217347126] [nvblox_node]: dynamic_mapper.workspace_bounds_min_height_m: 0
[component_container_mt-1] [INFO] [1788752967.217356724] [nvblox_node]: dynamic_mapper.workspace_bounds_max_height_m: 1
[component_container_mt-1] [INFO] [1788752967.217365551] [nvblox_node]: dynamic_mapper.workspace_bounds_min_corner_x_m: 0
[component_container_mt-1] [INFO] [1788752967.217374739] [nvblox_node]: dynamic_mapper.workspace_bounds_max_corner_x_m: 0
[component_container_mt-1] [INFO] [1788752967.217383856] [nvblox_node]: dynamic_mapper.workspace_bounds_min_corner_y_m: 2
[component_container_mt-1] [INFO] [1788752967.217392853] [nvblox_node]: dynamic_mapper.workspace_bounds_max_corner_y_m: 2
[component_container_mt-1] [INFO] [1788752967.217402151] [nvblox_node]: dynamic_mapper.esdf_integrator_min_weight: 0.0001
[component_container_mt-1] [INFO] [1788752967.217410728] [nvblox_node]: dynamic_mapper.esdf_integrator_max_site_distance_vox: 1
[component_container_mt-1] [INFO] [1788752967.217419875] [nvblox_node]: dynamic_mapper.esdf_integrator_max_distance_m: 2
[component_container_mt-1] [INFO] [1788752967.217429113] [nvblox_node]: dynamic_mapper.mesh_integrator_min_weight: 0.0001
[component_container_mt-1] [INFO] [1788752967.217438601] [nvblox_node]: dynamic_mapper.mesh_integrator_weld_vertices: 1
[component_container_mt-1] [INFO] [1788752967.217447728] [nvblox_node]: dynamic_mapper.decay_integrator_deallocate_decayed_blocks: 1
[component_container_mt-1] [INFO] [1788752967.217466624] [nvblox_node]: dynamic_mapper.tsdf_decay_factor: 0.95
[component_container_mt-1] [INFO] [1788752967.217477465] [nvblox_node]: dynamic_mapper.tsdf_decayed_weight_threshold: 0.001
[component_container_mt-1] [INFO] [1788752967.217486512] [nvblox_node]: dynamic_mapper.tsdf_set_free_distance_on_decayed: 0
[component_container_mt-1] [INFO] [1788752967.217495870] [nvblox_node]: dynamic_mapper.tsdf_decayed_free_distance_vox: 4
[component_container_mt-1] [INFO] [1788752967.217516680] [nvblox_node]: dynamic_mapper.free_region_decay_probability: 0.55
[component_container_mt-1] [INFO] [1788752967.217527831] [nvblox_node]: dynamic_mapper.occupied_region_decay_probability: 0.4
[component_container_mt-1] [INFO] [1788752967.217537360] [nvblox_node]: dynamic_mapper.occupancy_decay_to_free: 0
[component_container_mt-1] [INFO] [1788752967.217547148] [nvblox_node]: dynamic_mapper.max_tsdf_distance_for_occupancy_m: 0.15
[component_container_mt-1] [INFO] [1788752967.217556065] [nvblox_node]: dynamic_mapper.max_unobserved_to_keep_consecutive_occupancy_ms: 200
[component_container_mt-1] [INFO] [1788752967.217565093] [nvblox_node]: dynamic_mapper.min_duration_since_occupied_for_freespace_ms: 1000
[component_container_mt-1] [INFO] [1788752967.217573639] [nvblox_node]: dynamic_mapper.min_consecutive_occupancy_duration_for_reset_ms: 2000
[component_container_mt-1] [INFO] [1788752967.217588568] [nvblox_node]: dynamic_mapper.check_neighborhood: 1
[component_container_mt-1] [INFO] [1788752967.217599248] [nvblox_node]: Initialize MultiMapper:
[component_container_mt-1] [INFO] [1788752967.217608977] [nvblox_node]: multi_mapper.connected_mask_component_size_threshold: 2000
[component_container_mt-1] [INFO] [1788752967.217618385] [nvblox_node]: multi_mapper.remove_small_connected_components: 1
[component_container_mt-1] [INFO] [1788752967.217748343] [nvblox_node]: NvbloxNode::subscribeToTopics()
[component_container_mt-1] [INFO] [1788752967.217870036] [nvblox_node]: Subscribing input topics with QoS: SYSTEM_DEFAULT
[component_container_mt-1] [INFO] [1788752967.219792210] [NitrosContext]: [NitrosContext] Loading extension: gxf/lib/std/libgxf_std.so
[component_container_mt-1] [INFO] [1788752967.221123805] [NitrosContext]: [NitrosContext] Loading extension: gxf/lib/libgxf_isaac_gxf_helpers.so
[component_container_mt-1] [INFO] [1788752967.224197039] [NitrosContext]: [NitrosContext] Loading extension: gxf/lib/libgxf_isaac_sight.so
[component_container_mt-1] [INFO] [1788752967.226758225] [NitrosContext]: [NitrosContext] Loading extension: gxf/lib/libgxf_isaac_atlas.so
[component_container_mt-1] [33m2026-09-07 10:49:27.232 WARN  external/com_nvidia_gxf/gxf/std/program.cpp@538: No GXF scheduler specified.[0m
[component_container_mt-1] [INFO] [1788752967.232990728] [NitrosContext]: [NitrosContext] Loading extension: gxf/lib/multimedia/libgxf_multimedia.so
[component_container_mt-1] [INFO] [1788752967.236192959] [nvblox_node.ManagedNitrosSubscriber]: Starting Managed Nitros Subscriber
[component_container_mt-1] [INFO] [1788752967.236988049] [nvblox_node]: NvbloxNode::setupTimers()
[component_container_mt-1] [INFO] [1788752967.237032313] [nvblox_node]: NvbloxNode::advertiseTopics()
[component_container_mt-1] [INFO] [1788752967.241033922] [nvblox_node]: NvbloxNode::advertiseServices()
[component_container_mt-1] [INFO] [1788752967.243653449] [nvblox_node]: Started up nvblox node in frame map and voxel size 0.05
[component_container_mt-1] [INFO] [1788752967.243677565] [nvblox_node]: Mapping type: kStaticTsdf
[component_container_mt-1] [INFO] [1788752967.244293272] [nvblox_node]: nvblox parameters:
[component_container_mt-1] nvblox_node
[component_container_mt-1]     cuda_stream_type: kBlocking
[component_container_mt-1]     global_frame: map
[component_container_mt-1]     voxel_size: 0.050000
[component_container_mt-1]     max_back_projection_distance: 7.000000
[component_container_mt-1]     layer_visualization_min_tsdf_weight: 0.100000
[component_container_mt-1]     layer_visualization_exclusion_height_m: 2.000000
[component_container_mt-1]     layer_visualization_exclusion_radius_m: 7.000000
[component_container_mt-1]     layer_streamer_bandwidth_limit_mbps: -1.000000
[component_container_mt-1]     distance_map_unknown_value_optimistic: 1000.000000
[component_container_mt-1]     distance_map_unknown_value_pessimistic: -1000.000000
[component_container_mt-1]     esdf_mode: 3d
[component_container_mt-1]     mapping_type: static_tsdf
[component_container_mt-1]     pose_frame: camera_link_optical_gt
[component_container_mt-1]     map_clearing_frame_id: base_link_gt
[component_container_mt-1]     after_shutdown_map_save_path: 
[component_container_mt-1]     esdf_slice_bounds_visualization_attachment_frame_id: base_link
[component_container_mt-1]     workspace_height_bounds_visualization_attachment_frame_id: base_link
[component_container_mt-1]     publish_esdf_distance_slice: 1
[component_container_mt-1]     use_color: 0
[component_container_mt-1]     use_depth: 1
[component_container_mt-1]     use_segmentation: 0
[component_container_mt-1]     use_lidar: 0
[component_container_mt-1]     use_non_equal_vertical_fov_lidar_params: 0
[component_container_mt-1]     print_timings_to_console: 0
[component_container_mt-1]     print_rates_to_console: 0
[component_container_mt-1]     print_queue_drops_to_console: 0
[component_container_mt-1]     print_delays_to_console: 0
[component_container_mt-1]     layer_visualization_undo_gamma_correction: 0
[INFO] [launch_ros.actions.load_composable_nodes]: Loaded node '/nvblox_node' in container '/nvblox_container'
[component_container_mt-1]     output_pessimistic_distance_map: 1
[component_container_mt-1]     num_cameras: 1
[component_container_mt-1]     lidar_width: 1800
[component_container_mt-1]     lidar_height: 31
[component_container_mt-1]     tick_period_ms: 10
[component_container_mt-1]     print_statistics_on_console_period_ms: 10000
[component_container_mt-1]     maximum_input_queue_length: 10
[component_container_mt-1]     back_projection_subsampling: 1
[component_container_mt-1]     lidar_vertical_fov_rad: 0.523599
[component_container_mt-1]     lidar_min_valid_range_m: 0.100000
[component_container_mt-1]     lidar_max_valid_range_m: 50.000000
[component_container_mt-1]     min_angle_below_zero_elevation_rad: 0.349066
[component_container_mt-1]     max_angle_above_zero_elevation_rad: 0.261799
[component_container_mt-1]     esdf_slice_bounds_visualization_side_length: 10.000000
[component_container_mt-1]     workspace_height_bounds_visualization_side_length: 10.000000
[component_container_mt-1]     integrate_depth_rate_hz: 40.000000
[component_container_mt-1]     integrate_color_rate_hz: 5.000000
[component_container_mt-1]     integrate_lidar_rate_hz: 40.000000
[component_container_mt-1]     update_mesh_rate_hz: 5.000000
[component_container_mt-1]     update_esdf_rate_hz: 10.000000
[component_container_mt-1]     publish_layer_rate_hz: 2.000000
[component_container_mt-1]     publish_debug_vis_rate_hz: 2.000000
[component_container_mt-1]     decay_tsdf_rate_hz: 5.000000
[component_container_mt-1]     decay_dynamic_occupancy_rate_hz: 10.000000
[component_container_mt-1]     clear_map_outside_radius_rate_hz: 1.000000
[component_container_mt-1]     map_clearing_radius_m: 7.000000
[component_container_mt-1]     esdf_and_gradients_unobserved_value: -1000.000000
[component_container_mt-1]     multi_mapper
[component_container_mt-1]         connected_mask_component_size_threshold: 2000
[component_container_mt-1]         background_mapper
[component_container_mt-1]             voxel_size_m: 0.050000
[component_container_mt-1]             memory_type: kDevice
[component_container_mt-1]             projective_layer_type: kTsdf
[component_container_mt-1]             esdf_mode: kUnset
[component_container_mt-1]             do_depth_preprocessing: 0
[component_container_mt-1]             depth_preprocessing_num_dilations: 3
[component_container_mt-1]             exclude_last_view_from_decay: 1
[component_container_mt-1]             camera_tsdf_integrator
[component_container_mt-1]                 max_weight:: 5.000000
[component_container_mt-1]                 marked_unobserved_voxels_distance_m:: -1.000000
[component_container_mt-1]                 marked_unobserved_voxels_weight:: 0.100000
[component_container_mt-1]                 weighting_function_type:: kInverseSquareTsdfDistancePenalty
[component_container_mt-1]                 invalid_depth_decay_factor:: -1.000000
[component_container_mt-1]                 projective_integrator
[component_container_mt-1]                     lidar_linear_interpolation_max_allowable_difference_vox:: 2.000000
[component_container_mt-1]                     lidar_nearest_interpolation_max_allowable_dist_to_ray_vox:: 0.500000
[component_container_mt-1]                     truncation_distance_vox:: 4.000000
[component_container_mt-1]                     max_integration_distance_m:: 5.000000
[component_container_mt-1]                     view_calculator
[component_container_mt-1]                         raycast_subsampling_factor: 4
[component_container_mt-1]                         workspace_bounds_type: kUnbounded
[component_container_mt-1]                         workspace_bounds_min_height_m: -0.500000
[component_container_mt-1]                         workspace_bounds_max_height_m: 2.000000
[component_container_mt-1]                         workspace_bounds_min_corner_x_m: 0.000000
[component_container_mt-1]                         workspace_bounds_max_corner_x_m: 0.000000
[component_container_mt-1]                         workspace_bounds_min_corner_y_m: 0.000000
[component_container_mt-1]                         workspace_bounds_max_corner_y_m: 0.000000
[component_container_mt-1]             lidar_tsdf_integrator
[component_container_mt-1]                 max_weight:: 5.000000
[component_container_mt-1]                 marked_unobserved_voxels_distance_m:: -1.000000
[component_container_mt-1]                 marked_unobserved_voxels_weight:: 0.100000
[component_container_mt-1]                 weighting_function_type:: kInverseSquareWeight
[component_container_mt-1]                 invalid_depth_decay_factor:: -1.000000
[component_container_mt-1]                 projective_integrator
[component_container_mt-1]                     lidar_linear_interpolation_max_allowable_difference_vox:: 2.000000
[component_container_mt-1]                     lidar_nearest_interpolation_max_allowable_dist_to_ray_vox:: 0.500000
[component_container_mt-1]                     truncation_distance_vox:: 4.000000
[component_container_mt-1]                     max_integration_distance_m:: 10.000000
[component_container_mt-1]                     view_calculator
[component_container_mt-1]                         raycast_subsampling_factor: 4
[component_container_mt-1]                         workspace_bounds_type: kUnbounded
[component_container_mt-1]                         workspace_bounds_min_height_m: 0.000000
[component_container_mt-1]                         workspace_bounds_max_height_m: 1.000000
[component_container_mt-1]                         workspace_bounds_min_corner_x_m: 0.000000
[component_container_mt-1]                         workspace_bounds_max_corner_x_m: 0.000000
[component_container_mt-1]                         workspace_bounds_min_corner_y_m: 2.000000
[component_container_mt-1]                         workspace_bounds_max_corner_y_m: 2.000000
[component_container_mt-1]             projective_color_integrator
[component_container_mt-1]                 sphere_tracing_ray_subsampling_factor:: 4
[component_container_mt-1]                 max_weight:: 5.000000
[component_container_mt-1]                 weighting_function_type:: kInverseSquareTsdfDistancePenalty
[component_container_mt-1]                 projective_integrator
[component_container_mt-1]                     lidar_linear_interpolation_max_allowable_difference_vox:: 2.000000
[component_container_mt-1]                     lidar_nearest_interpolation_max_allowable_dist_to_ray_vox:: 0.500000
[component_container_mt-1]                     truncation_distance_vox:: 4.000000
[component_container_mt-1]                     max_integration_distance_m:: 5.000000
[component_container_mt-1]                     view_calculator
[component_container_mt-1]                         raycast_subsampling_factor: 4
[component_container_mt-1]                         workspace_bounds_type: kUnbounded
[component_container_mt-1]                         workspace_bounds_min_height_m: 0.000000
[component_container_mt-1]                         workspace_bounds_max_height_m: 1.000000
[component_container_mt-1]                         workspace_bounds_min_corner_x_m: 0.000000
[component_container_mt-1]                         workspace_bounds_max_corner_x_m: 0.000000
[component_container_mt-1]                         workspace_bounds_min_corner_y_m: 2.000000
[component_container_mt-1]                         workspace_bounds_max_corner_y_m: 2.000000
[component_container_mt-1]                 view_calculator
[component_container_mt-1]                     raycast_subsampling_factor: 4
[component_container_mt-1]                     workspace_bounds_type: kUnbounded
[component_container_mt-1]                     workspace_bounds_min_height_m: -0.500000
[component_container_mt-1]                     workspace_bounds_max_height_m: 2.000000
[component_container_mt-1]                     workspace_bounds_min_corner_x_m: 0.000000
[component_container_mt-1]                     workspace_bounds_max_corner_x_m: 0.000000
[component_container_mt-1]                     workspace_bounds_min_corner_y_m: 0.000000
[component_container_mt-1]                     workspace_bounds_max_corner_y_m: 0.000000
[component_container_mt-1]             camera_occupancy_integrator
[component_container_mt-1]                 free_region_log_odds:: -0.200671
[component_container_mt-1]                 occupied_region_log_odds:: 0.200671
[component_container_mt-1]                 unobserved_region_log_odds:: 0.000000
[component_container_mt-1]                 occupied_region_half_width_m:: 0.100000
[component_container_mt-1]                 projective_integrator
[component_container_mt-1]                     lidar_linear_interpolation_max_allowable_difference_vox:: 2.000000
[component_container_mt-1]                     lidar_nearest_interpolation_max_allowable_dist_to_ray_vox:: 0.500000
[component_container_mt-1]                     truncation_distance_vox:: 4.000000
[component_container_mt-1]                     max_integration_distance_m:: 5.000000
[component_container_mt-1]                     view_calculator
[component_container_mt-1]                         raycast_subsampling_factor: 4
[component_container_mt-1]                         workspace_bounds_type: kUnbounded
[component_container_mt-1]                         workspace_bounds_min_height_m: 0.000000
[component_container_mt-1]                         workspace_bounds_max_height_m: 1.000000
[component_container_mt-1]                         workspace_bounds_min_corner_x_m: 0.000000
[component_container_mt-1]                         workspace_bounds_max_corner_x_m: 0.000000
[component_container_mt-1]                         workspace_bounds_min_corner_y_m: 2.000000
[component_container_mt-1]                         workspace_bounds_max_corner_y_m: 2.000000
[component_container_mt-1]             lidar_occupancy_integrator
[component_container_mt-1]                 free_region_log_odds:: -0.200671
[component_container_mt-1]                 occupied_region_log_odds:: 0.200671
[component_container_mt-1]                 unobserved_region_log_odds:: 0.000000
[component_container_mt-1]                 occupied_region_half_width_m:: 0.100000
[component_container_mt-1]                 projective_integrator
[component_container_mt-1]                     lidar_linear_interpolation_max_allowable_difference_vox:: 2.000000
[component_container_mt-1]                     lidar_nearest_interpolation_max_allowable_dist_to_ray_vox:: 0.500000
[component_container_mt-1]                     truncation_distance_vox:: 4.000000
[component_container_mt-1]                     max_integration_distance_m:: 10.000000
[component_container_mt-1]                     view_calculator
[component_container_mt-1]                         raycast_subsampling_factor: 4
[component_container_mt-1]                         workspace_bounds_type: kUnbounded
[component_container_mt-1]                         workspace_bounds_min_height_m: 0.000000
[component_container_mt-1]                         workspace_bounds_max_height_m: 1.000000
[component_container_mt-1]                         workspace_bounds_min_corner_x_m: 0.000000
[component_container_mt-1]                         workspace_bounds_max_corner_x_m: 0.000000
[component_container_mt-1]                         workspace_bounds_min_corner_y_m: 2.000000
[component_container_mt-1]                         workspace_bounds_max_corner_y_m: 2.000000
[component_container_mt-1]             esdf_integrator
[component_container_mt-1]                 max_esdf_distance_m:: 2.000000
[component_container_mt-1]                 max_tsdf_site_distance_vox:: 2.000000
[component_container_mt-1]                 tsdf_min_weight:: 0.100000
[component_container_mt-1]                 occupied_threshold_log_odds:: 0.000000
[component_container_mt-1]                 esdf_slice_min_height:: 0.000000
[component_container_mt-1]                 esdf_slice_max_height:: 1.000000
[component_container_mt-1]                 esdf_slice_height:: 1.000000
[component_container_mt-1]                 slice_height_above_plane_m:: 0.000000
[component_container_mt-1]                 slice_height_thickness_m:: 0.100000
[component_container_mt-1]             mesh_integrator
[component_container_mt-1]                 min_weight:: 0.100000
[component_container_mt-1]                 cutoff_distance_vox:: 5.000000
[component_container_mt-1]                 weld_vertices:: 1
[component_container_mt-1]             occupancy_decay_integrator
[component_container_mt-1]                 free_space_decay_log_odds:: 0.200671
[component_container_mt-1]                 occupied_space_decay_log_odds:: -0.405465
[component_container_mt-1]                 decay_to_log_odds_:: 0.000000
[component_container_mt-1]                 decay_integrator
[component_container_mt-1]                     deallocate_decayed_blocks:: 1
[component_container_mt-1]             tsdf_decay_integrator
[component_container_mt-1]                 decay_factor:: 0.950000
[component_container_mt-1]                 decayed_weight_theshold:: 0.001000
[component_container_mt-1]                 set_free_distance_on_decayed:: 0
[component_container_mt-1]                 free_distance_vox:: 4.000000
[component_container_mt-1]                 decay_integrator
[component_container_mt-1]                     deallocate_decayed_blocks:: 1
[component_container_mt-1]             freespace_integrator
[component_container_mt-1]                 max_tsdf_distance_for_occupancy_m:: 0.150000
[component_container_mt-1]                 max_unobserved_to_keep_consecutive_occupancy_ms:: 200
[component_container_mt-1]                 min_duration_since_occupied_for_freespace_ms:: 1000
[component_container_mt-1]                 min_consecutive_occupancy_duration_for_reset_ms:: 2000
[component_container_mt-1]                 check_neighborhood:: 1
[component_container_mt-1]         foreground_mapper
[component_container_mt-1]             voxel_size_m: 0.050000
[component_container_mt-1]             memory_type: kDevice
[component_container_mt-1]             projective_layer_type: kNone
[component_container_mt-1]             esdf_mode: kUnset
[component_container_mt-1]             do_depth_preprocessing: 0
[component_container_mt-1]             depth_preprocessing_num_dilations: 4
[component_container_mt-1]             exclude_last_view_from_decay: 0
[component_container_mt-1]             camera_tsdf_integrator
[component_container_mt-1]                 max_weight:: 5.000000
[component_container_mt-1]                 marked_unobserved_voxels_distance_m:: -1.000000
[component_container_mt-1]                 marked_unobserved_voxels_weight:: 0.100000
[component_container_mt-1]                 weighting_function_type:: kInverseSquareWeight
[component_container_mt-1]                 invalid_depth_decay_factor:: -1.000000
[component_container_mt-1]                 projective_integrator
[component_container_mt-1]                     lidar_linear_interpolation_max_allowable_difference_vox:: 2.000000
[component_container_mt-1]                     lidar_nearest_interpolation_max_allowable_dist_to_ray_vox:: 0.500000
[component_container_mt-1]                     truncation_distance_vox:: 4.000000
[component_container_mt-1]                     max_integration_distance_m:: 7.000000
[component_container_mt-1]                     view_calculator
[component_container_mt-1]                         raycast_subsampling_factor: 4
[component_container_mt-1]                         workspace_bounds_type: kUnbounded
[component_container_mt-1]                         workspace_bounds_min_height_m: 0.000000
[component_container_mt-1]                         workspace_bounds_max_height_m: 1.000000
[component_container_mt-1]                         workspace_bounds_min_corner_x_m: 0.000000
[component_container_mt-1]                         workspace_bounds_max_corner_x_m: 0.000000
[component_container_mt-1]                         workspace_bounds_min_corner_y_m: 2.000000
[component_container_mt-1]                         workspace_bounds_max_corner_y_m: 2.000000
[component_container_mt-1]             lidar_tsdf_integrator
[component_container_mt-1]                 max_weight:: 5.000000
[component_container_mt-1]                 marked_unobserved_voxels_distance_m:: -1.000000
[component_container_mt-1]                 marked_unobserved_voxels_weight:: 0.100000
[component_container_mt-1]                 weighting_function_type:: kInverseSquareWeight
[component_container_mt-1]                 invalid_depth_decay_factor:: -1.000000
[component_container_mt-1]                 projective_integrator
[component_container_mt-1]                     lidar_linear_interpolation_max_allowable_difference_vox:: 2.000000
[component_container_mt-1]                     lidar_nearest_interpolation_max_allowable_dist_to_ray_vox:: 0.500000
[component_container_mt-1]                     truncation_distance_vox:: 4.000000
[component_container_mt-1]                     max_integration_distance_m:: 10.000000
[component_container_mt-1]                     view_calculator
[component_container_mt-1]                         raycast_subsampling_factor: 4
[component_container_mt-1]                         workspace_bounds_type: kUnbounded
[component_container_mt-1]                         workspace_bounds_min_height_m: 0.000000
[component_container_mt-1]                         workspace_bounds_max_height_m: 1.000000
[component_container_mt-1]                         workspace_bounds_min_corner_x_m: 0.000000
[component_container_mt-1]                         workspace_bounds_max_corner_x_m: 0.000000
[component_container_mt-1]                         workspace_bounds_min_corner_y_m: 2.000000
[component_container_mt-1]                         workspace_bounds_max_corner_y_m: 2.000000
[component_container_mt-1]             projective_color_integrator
[component_container_mt-1]                 sphere_tracing_ray_subsampling_factor:: 4
[component_container_mt-1]                 max_weight:: 5.000000
[component_container_mt-1]                 weighting_function_type:: kInverseSquareWeight
[component_container_mt-1]                 projective_integrator
[component_container_mt-1]                     lidar_linear_interpolation_max_allowable_difference_vox:: 2.000000
[component_container_mt-1]                     lidar_nearest_interpolation_max_allowable_dist_to_ray_vox:: 0.500000
[component_container_mt-1]                     truncation_distance_vox:: 4.000000
[component_container_mt-1]                     max_integration_distance_m:: 7.000000
[component_container_mt-1]                     view_calculator
[component_container_mt-1]                         raycast_subsampling_factor: 4
[component_container_mt-1]                         workspace_bounds_type: kUnbounded
[component_container_mt-1]                         workspace_bounds_min_height_m: 0.000000
[component_container_mt-1]                         workspace_bounds_max_height_m: 1.000000
[component_container_mt-1]                         workspace_bounds_min_corner_x_m: 0.000000
[component_container_mt-1]                         workspace_bounds_max_corner_x_m: 0.000000
[component_container_mt-1]                         workspace_bounds_min_corner_y_m: 2.000000
[component_container_mt-1]                         workspace_bounds_max_corner_y_m: 2.000000
[component_container_mt-1]                 view_calculator
[component_container_mt-1]                     raycast_subsampling_factor: 4
[component_container_mt-1]                     workspace_bounds_type: kUnbounded
[component_container_mt-1]                     workspace_bounds_min_height_m: 0.000000
[component_container_mt-1]                     workspace_bounds_max_height_m: 1.000000
[component_container_mt-1]                     workspace_bounds_min_corner_x_m: 0.000000
[component_container_mt-1]                     workspace_bounds_max_corner_x_m: 0.000000
[component_container_mt-1]                     workspace_bounds_min_corner_y_m: 2.000000
[component_container_mt-1]                     workspace_bounds_max_corner_y_m: 2.000000
[component_container_mt-1]             camera_occupancy_integrator
[component_container_mt-1]                 free_region_log_odds:: -0.847298
[component_container_mt-1]                 occupied_region_log_odds:: 0.847298
[component_container_mt-1]                 unobserved_region_log_odds:: 0.000000
[component_container_mt-1]                 occupied_region_half_width_m:: 0.100000
[component_container_mt-1]                 projective_integrator
[component_container_mt-1]                     lidar_linear_interpolation_max_allowable_difference_vox:: 2.000000
[component_container_mt-1]                     lidar_nearest_interpolation_max_allowable_dist_to_ray_vox:: 0.500000
[component_container_mt-1]                     truncation_distance_vox:: 4.000000
[component_container_mt-1]                     max_integration_distance_m:: 7.000000
[component_container_mt-1]                     view_calculator
[component_container_mt-1]                         raycast_subsampling_factor: 4
[component_container_mt-1]                         workspace_bounds_type: kUnbounded
[component_container_mt-1]                         workspace_bounds_min_height_m: 0.000000
[component_container_mt-1]                         workspace_bounds_max_height_m: 1.000000
[component_container_mt-1]                         workspace_bounds_min_corner_x_m: 0.000000
[component_container_mt-1]                         workspace_bounds_max_corner_x_m: 0.000000
[component_container_mt-1]                         workspace_bounds_min_corner_y_m: 2.000000
[component_container_mt-1]                         workspace_bounds_max_corner_y_m: 2.000000
[component_container_mt-1]             lidar_occupancy_integrator
[component_container_mt-1]                 free_region_log_odds:: -0.847298
[component_container_mt-1]                 occupied_region_log_odds:: 0.847298
[component_container_mt-1]                 unobserved_region_log_odds:: 0.000000
[component_container_mt-1]                 occupied_region_half_width_m:: 0.100000
[component_container_mt-1]                 projective_integrator
[component_container_mt-1]                     lidar_linear_interpolation_max_allowable_difference_vox:: 2.000000
[component_container_mt-1]                     lidar_nearest_interpolation_max_allowable_dist_to_ray_vox:: 0.500000
[component_container_mt-1]                     truncation_distance_vox:: 4.000000
[component_container_mt-1]                     max_integration_distance_m:: 10.000000
[component_container_mt-1]                     view_calculator
[component_container_mt-1]                         raycast_subsampling_factor: 4
[component_container_mt-1]                         workspace_bounds_type: kUnbounded
[component_container_mt-1]                         workspace_bounds_min_height_m: 0.000000
[component_container_mt-1]                         workspace_bounds_max_height_m: 1.000000
[component_container_mt-1]                         workspace_bounds_min_corner_x_m: 0.000000
[component_container_mt-1]                         workspace_bounds_max_corner_x_m: 0.000000
[component_container_mt-1]                         workspace_bounds_min_corner_y_m: 2.000000
[component_container_mt-1]                         workspace_bounds_max_corner_y_m: 2.000000
[component_container_mt-1]             esdf_integrator
[component_container_mt-1]                 max_esdf_distance_m:: 2.000000
[component_container_mt-1]                 max_tsdf_site_distance_vox:: 1.000000
[component_container_mt-1]                 tsdf_min_weight:: 0.000100
[component_container_mt-1]                 occupied_threshold_log_odds:: 0.000000
[component_container_mt-1]                 esdf_slice_min_height:: 0.000000
[component_container_mt-1]                 esdf_slice_max_height:: 1.000000
[component_container_mt-1]                 esdf_slice_height:: 1.000000
[component_container_mt-1]                 slice_height_above_plane_m:: 0.000000
[component_container_mt-1]                 slice_height_thickness_m:: 0.100000
[component_container_mt-1]             mesh_integrator
[component_container_mt-1]                 min_weight:: 0.000100
[component_container_mt-1]                 cutoff_distance_vox:: 5.000000
[component_container_mt-1]                 weld_vertices:: 1
[component_container_mt-1]             occupancy_decay_integrator
[component_container_mt-1]                 free_space_decay_log_odds:: 0.200671
[component_container_mt-1]                 occupied_space_decay_log_odds:: -0.405465
[component_container_mt-1]                 decay_to_log_odds_:: 0.000000
[component_container_mt-1]                 decay_integrator
[component_container_mt-1]                     deallocate_decayed_blocks:: 1
[component_container_mt-1]             tsdf_decay_integrator
[component_container_mt-1]                 decay_factor:: 0.950000
[component_container_mt-1]                 decayed_weight_theshold:: 0.001000
[component_container_mt-1]                 set_free_distance_on_decayed:: 0
[component_container_mt-1]                 free_distance_vox:: 4.000000
[component_container_mt-1]                 decay_integrator
[component_container_mt-1]                     deallocate_decayed_blocks:: 1
[component_container_mt-1]             freespace_integrator
[component_container_mt-1]                 max_tsdf_distance_for_occupancy_m:: 0.150000
[component_container_mt-1]                 max_unobserved_to_keep_consecutive_occupancy_ms:: 200
[component_container_mt-1]                 min_duration_since_occupied_for_freespace_ms:: 1000
[component_container_mt-1]                 min_consecutive_occupancy_duration_for_reset_ms:: 2000
[component_container_mt-1]                 check_neighborhood:: 1
[component_container_mt-1]         image_masker
[component_container_mt-1]             occlusion_threshold_m:: 0.250000
[component_container_mt-1]         ground_plane_estimator
[component_container_mt-1]             ground_points_candidates_min_z_m:: -0.100000
[component_container_mt-1]             ground_points_candidates_max_z_m:: 0.150000
[component_container_mt-1]             ransac_plane_fitter
[component_container_mt-1]                 num_ransac_iterations:: 1000
[component_container_mt-1]                 ransac_distance_threshold_m:: 0.200000
[component_container_mt-1]             tsdf_zero_crossings_extractor
[component_container_mt-1]                 min_tsdf_weight:: 0.100000
[component_container_mt-1]                 max_crossings:: 360000
[component_container_mt-1] 
[component_container_mt-1] I0907 10:49:27.318367 186480 mapper.cpp:304] Allocating space for last depth image
[component_container_mt-1] I0907 10:49:44.626900 186484 block_memory_pool_impl.h:65] Expanding the memory pool with 4096 blocks. Number of allocated blocks: 6144
[component_container_mt-1] I0907 10:49:44.627151 186484 gpu_layer_view_impl.cuh:100] Resizing GPU hash capacity from 4096 to 8192 in order to accomodate space for 120 new elements.
[component_container_mt-1] I0907 10:49:44.627272 186484 gpu_hash_interface_impl.cuh:83] Creating a GPUHashImpl with requested capacity of 8192 blocks. Real capacity: 8192
[component_container_mt-1] I0907 10:49:44.754343 186479 block_memory_pool_impl.h:65] Expanding the memory pool with 4096 blocks. Number of allocated blocks: 6144
[component_container_mt-1] I0907 10:49:44.754750 186479 gpu_layer_view_impl.cuh:100] Resizing GPU hash capacity from 4096 to 8192 in order to accomodate space for 297 new elements.
[component_container_mt-1] I0907 10:49:44.754967 186479 gpu_hash_interface_impl.cuh:83] Creating a GPUHashImpl with requested capacity of 8192 blocks. Real capacity: 8192
[component_container_mt-1] I0907 10:49:47.338641 186475 gpu_layer_view_impl.cuh:100] Resizing GPU hash capacity from 8192 to 16384 in order to accomodate space for 25 new elements.
[component_container_mt-1] I0907 10:49:47.339095 186475 gpu_hash_interface_impl.cuh:83] Creating a GPUHashImpl with requested capacity of 16384 blocks. Real capacity: 16384
[component_container_mt-1] I0907 10:49:47.348320 186486 gpu_layer_view_impl.cuh:100] Resizing GPU hash capacity from 8192 to 16384 in order to accomodate space for 166 new elements.
[component_container_mt-1] I0907 10:49:47.348477 186486 gpu_hash_interface_impl.cuh:83] Creating a GPUHashImpl with requested capacity of 16384 blocks. Real capacity: 16384
[component_container_mt-1] [INFO] [1788752989.570837818] [nvblox_node]: 
[component_container_mt-1] Received request for ESDF with:
[component_container_mt-1] update_esdf: 1
[component_container_mt-1] use_aabb: 1
[component_container_mt-1] visualize_esdf: 0
[component_container_mt-1] aabb_min_m: [-1.59, -1.47, 3.25],
[component_container_mt-1] aabb_size_m: [3.00, 3.00, 3.00]
[component_container_mt-1] [INFO] [1788752989.580814899] [nvblox_node]: Successfully wrote requested ESDF to MultiArrayMsg.
[component_container_mt-1] [INFO] [1788752989.870470748] [nvblox_node]: 
[component_container_mt-1] Received request for ESDF with:
[component_container_mt-1] update_esdf: 1
[component_container_mt-1] use_aabb: 1
[component_container_mt-1] visualize_esdf: 0
[component_container_mt-1] aabb_min_m: [-1.58, -1.45, 3.31],
[component_container_mt-1] aabb_size_m: [3.00, 3.00, 3.00]
[component_container_mt-1] [INFO] [1788752989.882501414] [nvblox_node]: Successfully wrote requested ESDF to MultiArrayMsg.
[component_container_mt-1] [INFO] [1788752990.170186116] [nvblox_node]: 
[component_container_mt-1] Received request for ESDF with:
[component_container_mt-1] update_esdf: 1
[component_container_mt-1] use_aabb: 1
[component_container_mt-1] visualize_esdf: 0
[component_container_mt-1] aabb_min_m: [-1.56, -1.44, 3.35],
[component_container_mt-1] aabb_size_m: [3.00, 3.00, 3.00]
[component_container_mt-1] [INFO] [1788752990.178208220] [nvblox_node]: Successfully wrote requested ESDF to MultiArrayMsg.
[component_container_mt-1] [INFO] [1788752990.470656456] [nvblox_node]: 
[component_container_mt-1] Received request for ESDF with:
[component_container_mt-1] update_esdf: 1
[component_container_mt-1] use_aabb: 1
[component_container_mt-1] visualize_esdf: 0
[component_container_mt-1] aabb_min_m: [-1.53, -1.45, 3.37],
[component_container_mt-1] aabb_size_m: [3.00, 3.00, 3.00]
[component_container_mt-1] [INFO] [1788752990.478309325] [nvblox_node]: Successfully wrote requested ESDF to MultiArrayMsg.
[component_container_mt-1] [INFO] [1788752990.770382164] [nvblox_node]: 
[component_container_mt-1] Received request for ESDF with:
[component_container_mt-1] update_esdf: 1
[component_container_mt-1] use_aabb: 1
[component_container_mt-1] visualize_esdf: 0
[component_container_mt-1] aabb_min_m: [-1.49, -1.47, 3.39],
[component_container_mt-1] aabb_size_m: [3.00, 3.00, 3.00]
[component_container_mt-1] [INFO] [1788752990.782216545] [nvblox_node]: Successfully wrote requested ESDF to MultiArrayMsg.
[component_container_mt-1] [INFO] [1788752991.070350856] [nvblox_node]: 
[component_container_mt-1] Received request for ESDF with:
[component_container_mt-1] update_esdf: 1
[component_container_mt-1] use_aabb: 1
[component_container_mt-1] visualize_esdf: 0
[component_container_mt-1] aabb_min_m: [-1.44, -1.51, 3.40],
[component_container_mt-1] aabb_size_m: [3.00, 3.00, 3.00]
[component_container_mt-1] [INFO] [1788752991.082609668] [nvblox_node]: Successfully wrote requested ESDF to MultiArrayMsg.
[component_container_mt-1] [INFO] [1788752991.370496416] [nvblox_node]: 
[component_container_mt-1] Received request for ESDF with:
[component_container_mt-1] update_esdf: 1
[component_container_mt-1] use_aabb: 1
[component_container_mt-1] visualize_esdf: 0
[component_container_mt-1] aabb_min_m: [-1.40, -1.55, 3.41],
[component_container_mt-1] aabb_size_m: [3.00, 3.00, 3.00]
[component_container_mt-1] [INFO] [1788752991.380796154] [nvblox_node]: Successfully wrote requested ESDF to MultiArrayMsg.
[component_container_mt-1] [INFO] [1788752991.670492651] [nvblox_node]: 
[component_container_mt-1] Received request for ESDF with:
[component_container_mt-1] update_esdf: 1
[component_container_mt-1] use_aabb: 1
[component_container_mt-1] visualize_esdf: 0
[component_container_mt-1] aabb_min_m: [-1.35, -1.59, 3.45],
[component_container_mt-1] aabb_size_m: [3.00, 3.00, 3.00]
[component_container_mt-1] [INFO] [1788752991.678519324] [nvblox_node]: Successfully wrote requested ESDF to MultiArrayMsg.
[component_container_mt-1] [INFO] [1788752991.970653331] [nvblox_node]: 
[component_container_mt-1] Received request for ESDF with:
[component_container_mt-1] update_esdf: 1
[component_container_mt-1] use_aabb: 1
[component_container_mt-1] visualize_esdf: 0
[component_container_mt-1] aabb_min_m: [-1.31, -1.62, 3.51],
[component_container_mt-1] aabb_size_m: [3.00, 3.00, 3.00]
[component_container_mt-1] [INFO] [1788752991.978268076] [nvblox_node]: Successfully wrote requested ESDF to MultiArrayMsg.
[component_container_mt-1] [INFO] [1788752992.270184397] [nvblox_node]: 
[component_container_mt-1] Received request for ESDF with:
[component_container_mt-1] update_esdf: 1
[component_container_mt-1] use_aabb: 1
[component_container_mt-1] visualize_esdf: 0
[component_container_mt-1] aabb_min_m: [-1.27, -1.64, 3.57],
[component_container_mt-1] aabb_size_m: [3.00, 3.00, 3.00]
[component_container_mt-1] [INFO] [1788752992.280656494] [nvblox_node]: Successfully wrote requested ESDF to MultiArrayMsg.
[component_container_mt-1] [INFO] [1788752992.571640593] [nvblox_node]: 
[component_container_mt-1] Received request for ESDF with:
[component_container_mt-1] update_esdf: 1
[component_container_mt-1] use_aabb: 1
[component_container_mt-1] visualize_esdf: 0
[component_container_mt-1] aabb_min_m: [-1.24, -1.67, 3.63],
[component_container_mt-1] aabb_size_m: [3.00, 3.00, 3.00]
[component_container_mt-1] [INFO] [1788752992.580533381] [nvblox_node]: Successfully wrote requested ESDF to MultiArrayMsg.
[component_container_mt-1] [INFO] [1788752992.870373644] [nvblox_node]: 
[component_container_mt-1] Received request for ESDF with:
[component_container_mt-1] update_esdf: 1
[component_container_mt-1] use_aabb: 1
[component_container_mt-1] visualize_esdf: 0
[component_container_mt-1] aabb_min_m: [-1.20, -1.70, 3.67],
[component_container_mt-1] aabb_size_m: [3.00, 3.00, 3.00]
[component_container_mt-1] [INFO] [1788752992.880886078] [nvblox_node]: Successfully wrote requested ESDF to MultiArrayMsg.
[component_container_mt-1] [INFO] [1788752993.170647280] [nvblox_node]: 
[component_container_mt-1] Received request for ESDF with:
[component_container_mt-1] update_esdf: 1
[component_container_mt-1] use_aabb: 1
[component_container_mt-1] visualize_esdf: 0
[component_container_mt-1] aabb_min_m: [-1.17, -1.73, 3.69],
[component_container_mt-1] aabb_size_m: [3.00, 3.00, 3.00]
[component_container_mt-1] [INFO] [1788752993.181158051] [nvblox_node]: Successfully wrote requested ESDF to MultiArrayMsg.
[component_container_mt-1] [INFO] [1788752993.470572690] [nvblox_node]: 
[component_container_mt-1] Received request for ESDF with:
[component_container_mt-1] update_esdf: 1
[component_container_mt-1] use_aabb: 1
[component_container_mt-1] visualize_esdf: 0
[component_container_mt-1] aabb_min_m: [-1.17, -1.77, 3.72],
[component_container_mt-1] aabb_size_m: [3.00, 3.00, 3.00]
[component_container_mt-1] [INFO] [1788752993.480714476] [nvblox_node]: Successfully wrote requested ESDF to MultiArrayMsg.
[component_container_mt-1] [INFO] [1788752993.770399672] [nvblox_node]: 
[component_container_mt-1] Received request for ESDF with:
[component_container_mt-1] update_esdf: 1
[component_container_mt-1] use_aabb: 1
[component_container_mt-1] visualize_esdf: 0
[component_container_mt-1] aabb_min_m: [-1.18, -1.81, 3.74],
[component_container_mt-1] aabb_size_m: [3.00, 3.00, 3.00]
[component_container_mt-1] [INFO] [1788752993.778478174] [nvblox_node]: Successfully wrote requested ESDF to MultiArrayMsg.
[component_container_mt-1] [INFO] [1788752994.070302710] [nvblox_node]: 
[component_container_mt-1] Received request for ESDF with:
[component_container_mt-1] update_esdf: 1
[component_container_mt-1] use_aabb: 1
[component_container_mt-1] visualize_esdf: 0
[component_container_mt-1] aabb_min_m: [-1.20, -1.86, 3.76],
[component_container_mt-1] aabb_size_m: [3.00, 3.00, 3.00]
[component_container_mt-1] [INFO] [1788752994.080764127] [nvblox_node]: Successfully wrote requested ESDF to MultiArrayMsg.
[component_container_mt-1] [INFO] [1788752994.370438353] [nvblox_node]: 
[component_container_mt-1] Received request for ESDF with:
[component_container_mt-1] update_esdf: 1
[component_container_mt-1] use_aabb: 1
[component_container_mt-1] visualize_esdf: 0
[component_container_mt-1] aabb_min_m: [-1.22, -1.92, 3.75],
[component_container_mt-1] aabb_size_m: [3.00, 3.00, 3.00]
[component_container_mt-1] [INFO] [1788752994.381279485] [nvblox_node]: Successfully wrote requested ESDF to MultiArrayMsg.
[component_container_mt-1] [INFO] [1788752994.670432615] [nvblox_node]: 
[component_container_mt-1] Received request for ESDF with:
[component_container_mt-1] update_esdf: 1
[component_container_mt-1] use_aabb: 1
[component_container_mt-1] visualize_esdf: 0
[component_container_mt-1] aabb_min_m: [-1.24, -1.99, 3.72],
[component_container_mt-1] aabb_size_m: [3.00, 3.00, 3.00]
[component_container_mt-1] [INFO] [1788752994.680947304] [nvblox_node]: Successfully wrote requested ESDF to MultiArrayMsg.
[component_container_mt-1] [INFO] [1788752994.970383525] [nvblox_node]: 
[component_container_mt-1] Received request for ESDF with:
[component_container_mt-1] update_esdf: 1
[component_container_mt-1] use_aabb: 1
[component_container_mt-1] visualize_esdf: 0
[component_container_mt-1] aabb_min_m: [-1.25, -2.08, 3.66],
[component_container_mt-1] aabb_size_m: [3.00, 3.00, 3.00]
[component_container_mt-1] [INFO] [1788752994.980836064] [nvblox_node]: Successfully wrote requested ESDF to MultiArrayMsg.
[component_container_mt-1] [INFO] [1788752995.270565636] [nvblox_node]: 
[component_container_mt-1] Received request for ESDF with:
[component_container_mt-1] update_esdf: 1
[component_container_mt-1] use_aabb: 1
[component_container_mt-1] visualize_esdf: 0
[component_container_mt-1] aabb_min_m: [-1.27, -2.16, 3.61],
[component_container_mt-1] aabb_size_m: [3.00, 3.00, 3.00]
[component_container_mt-1] [INFO] [1788752995.280530775] [nvblox_node]: Successfully wrote requested ESDF to MultiArrayMsg.
[component_container_mt-1] [INFO] [1788752995.570754972] [nvblox_node]: 
[component_container_mt-1] Received request for ESDF with:
[component_container_mt-1] update_esdf: 1
[component_container_mt-1] use_aabb: 1
[component_container_mt-1] visualize_esdf: 0
[component_container_mt-1] aabb_min_m: [-1.28, -2.24, 3.60],
[component_container_mt-1] aabb_size_m: [3.00, 3.00, 3.00]
[component_container_mt-1] [INFO] [1788752995.581082924] [nvblox_node]: Successfully wrote requested ESDF to MultiArrayMsg.
[component_container_mt-1] [INFO] [1788752995.870248708] [nvblox_node]: 
[component_container_mt-1] Received request for ESDF with:
[component_container_mt-1] update_esdf: 1
[component_container_mt-1] use_aabb: 1
[component_container_mt-1] visualize_esdf: 0
[component_container_mt-1] aabb_min_m: [-1.30, -2.32, 3.60],
[component_container_mt-1] aabb_size_m: [3.00, 3.00, 3.00]
[component_container_mt-1] [INFO] [1788752995.881332575] [nvblox_node]: Successfully wrote requested ESDF to MultiArrayMsg.
[component_container_mt-1] [INFO] [1788752996.170756493] [nvblox_node]: 
[component_container_mt-1] Received request for ESDF with:
[component_container_mt-1] update_esdf: 1
[component_container_mt-1] use_aabb: 1
[component_container_mt-1] visualize_esdf: 0
[component_container_mt-1] aabb_min_m: [-1.32, -2.39, 3.59],
[component_container_mt-1] aabb_size_m: [3.00, 3.00, 3.00]
[component_container_mt-1] [INFO] [1788752996.180649904] [nvblox_node]: Successfully wrote requested ESDF to MultiArrayMsg.
[component_container_mt-1] [INFO] [1788752996.470411258] [nvblox_node]: 
[component_container_mt-1] Received request for ESDF with:
[component_container_mt-1] update_esdf: 1
[component_container_mt-1] use_aabb: 1
[component_container_mt-1] visualize_esdf: 0
[component_container_mt-1] aabb_min_m: [-1.33, -2.45, 3.59],
[component_container_mt-1] aabb_size_m: [3.00, 3.00, 3.00]
[component_container_mt-1] [INFO] [1788752996.480686418] [nvblox_node]: Successfully wrote requested ESDF to MultiArrayMsg.
[component_container_mt-1] [INFO] [1788752996.770648395] [nvblox_node]: 
[component_container_mt-1] Received request for ESDF with:
[component_container_mt-1] update_esdf: 1
[component_container_mt-1] use_aabb: 1
[component_container_mt-1] visualize_esdf: 0
[component_container_mt-1] aabb_min_m: [-1.34, -2.51, 3.60],
[component_container_mt-1] aabb_size_m: [3.00, 3.00, 3.00]
[component_container_mt-1] [INFO] [1788752996.781432568] [nvblox_node]: Successfully wrote requested ESDF to MultiArrayMsg.
[component_container_mt-1] [INFO] [1788752997.070335932] [nvblox_node]: 
[component_container_mt-1] Received request for ESDF with:
[component_container_mt-1] update_esdf: 1
[component_container_mt-1] use_aabb: 1
[component_container_mt-1] visualize_esdf: 0
[component_container_mt-1] aabb_min_m: [-1.34, -2.57, 3.60],
[component_container_mt-1] aabb_size_m: [3.00, 3.00, 3.00]
[component_container_mt-1] [INFO] [1788752997.080832576] [nvblox_node]: Successfully wrote requested ESDF to MultiArrayMsg.
[component_container_mt-1] [INFO] [1788752997.370346116] [nvblox_node]: 
[component_container_mt-1] Received request for ESDF with:
[component_container_mt-1] update_esdf: 1
[component_container_mt-1] use_aabb: 1
[component_container_mt-1] visualize_esdf: 0
[component_container_mt-1] aabb_min_m: [-1.34, -2.62, 3.60],
[component_container_mt-1] aabb_size_m: [3.00, 3.00, 3.00]
[component_container_mt-1] [INFO] [1788752997.381028625] [nvblox_node]: Successfully wrote requested ESDF to MultiArrayMsg.
[component_container_mt-1] [INFO] [1788752997.670309350] [nvblox_node]: 
[component_container_mt-1] Received request for ESDF with:
[component_container_mt-1] update_esdf: 1
[component_container_mt-1] use_aabb: 1
[component_container_mt-1] visualize_esdf: 0
[component_container_mt-1] aabb_min_m: [-1.34, -2.68, 3.59],
[component_container_mt-1] aabb_size_m: [3.00, 3.00, 3.00]
[component_container_mt-1] [INFO] [1788752997.685195956] [nvblox_node]: Successfully wrote requested ESDF to MultiArrayMsg.
[component_container_mt-1] [INFO] [1788752997.970351375] [nvblox_node]: 
[component_container_mt-1] Received request for ESDF with:
[component_container_mt-1] update_esdf: 1
[component_container_mt-1] use_aabb: 1
[component_container_mt-1] visualize_esdf: 0
[component_container_mt-1] aabb_min_m: [-1.34, -2.74, 3.54],
[component_container_mt-1] aabb_size_m: [3.00, 3.00, 3.00]
[component_container_mt-1] [INFO] [1788752997.983592485] [nvblox_node]: Successfully wrote requested ESDF to MultiArrayMsg.
[component_container_mt-1] [INFO] [1788752998.270383482] [nvblox_node]: 
[component_container_mt-1] Received request for ESDF with:
[component_container_mt-1] update_esdf: 1
[component_container_mt-1] use_aabb: 1
[component_container_mt-1] visualize_esdf: 0
[component_container_mt-1] aabb_min_m: [-1.33, -2.79, 3.52],
[component_container_mt-1] aabb_size_m: [3.00, 3.00, 3.00]
[component_container_mt-1] [INFO] [1788752998.282472860] [nvblox_node]: Successfully wrote requested ESDF to MultiArrayMsg.
[component_container_mt-1] [INFO] [1788752998.570942485] [nvblox_node]: 
[component_container_mt-1] Received request for ESDF with:
[component_container_mt-1] update_esdf: 1
[component_container_mt-1] use_aabb: 1
[component_container_mt-1] visualize_esdf: 0
[component_container_mt-1] aabb_min_m: [-1.32, -2.85, 3.52],
[component_container_mt-1] aabb_size_m: [3.00, 3.00, 3.00]
[component_container_mt-1] [INFO] [1788752998.582456454] [nvblox_node]: Successfully wrote requested ESDF to MultiArrayMsg.
[component_container_mt-1] [INFO] [1788752998.870530012] [nvblox_node]: 
[component_container_mt-1] Received request for ESDF with:
[component_container_mt-1] update_esdf: 1
[component_container_mt-1] use_aabb: 1
[component_container_mt-1] visualize_esdf: 0
[component_container_mt-1] aabb_min_m: [-1.30, -2.90, 3.53],
[component_container_mt-1] aabb_size_m: [3.00, 3.00, 3.00]
[component_container_mt-1] [INFO] [1788752998.882401414] [nvblox_node]: Successfully wrote requested ESDF to MultiArrayMsg.
[component_container_mt-1] [INFO] [1788752999.170465193] [nvblox_node]: 
[component_container_mt-1] Received request for ESDF with:
[component_container_mt-1] update_esdf: 1
[component_container_mt-1] use_aabb: 1
[component_container_mt-1] visualize_esdf: 0
[component_container_mt-1] aabb_min_m: [-1.28, -2.96, 3.53],
[component_container_mt-1] aabb_size_m: [3.00, 3.00, 3.00]
[component_container_mt-1] [INFO] [1788752999.182323971] [nvblox_node]: Successfully wrote requested ESDF to MultiArrayMsg.
[component_container_mt-1] [INFO] [1788752999.470388352] [nvblox_node]: 
[component_container_mt-1] Received request for ESDF with:
[component_container_mt-1] update_esdf: 1
[component_container_mt-1] use_aabb: 1
[component_container_mt-1] visualize_esdf: 0
[component_container_mt-1] aabb_min_m: [-1.25, -3.01, 3.53],
[component_container_mt-1] aabb_size_m: [3.00, 3.00, 3.00]
[component_container_mt-1] [INFO] [1788752999.483959192] [nvblox_node]: Successfully wrote requested ESDF to MultiArrayMsg.
[component_container_mt-1] [INFO] [1788752999.770578050] [nvblox_node]: 
[component_container_mt-1] Received request for ESDF with:
[component_container_mt-1] update_esdf: 1
[component_container_mt-1] use_aabb: 1
[component_container_mt-1] visualize_esdf: 0
[component_container_mt-1] aabb_min_m: [-1.23, -3.05, 3.53],
[component_container_mt-1] aabb_size_m: [3.00, 3.00, 3.00]
[component_container_mt-1] [INFO] [1788752999.782727243] [nvblox_node]: Successfully wrote requested ESDF to MultiArrayMsg.
[component_container_mt-1] [INFO] [1788753000.070545864] [nvblox_node]: 
[component_container_mt-1] Received request for ESDF with:
[component_container_mt-1] update_esdf: 1
[component_container_mt-1] use_aabb: 1
[component_container_mt-1] visualize_esdf: 0
[component_container_mt-1] aabb_min_m: [-1.20, -3.08, 3.53],
[component_container_mt-1] aabb_size_m: [3.00, 3.00, 3.00]
[component_container_mt-1] [INFO] [1788753000.078540816] [nvblox_node]: Successfully wrote requested ESDF to MultiArrayMsg.
[component_container_mt-1] [INFO] [1788753000.370672151] [nvblox_node]: 
[component_container_mt-1] Received request for ESDF with:
[component_container_mt-1] update_esdf: 1
[component_container_mt-1] use_aabb: 1
[component_container_mt-1] visualize_esdf: 0
[component_container_mt-1] aabb_min_m: [-1.18, -3.11, 3.53],
[component_container_mt-1] aabb_size_m: [3.00, 3.00, 3.00]
[component_container_mt-1] [INFO] [1788753000.382826354] [nvblox_node]: Successfully wrote requested ESDF to MultiArrayMsg.
[component_container_mt-1] [INFO] [1788753000.670415977] [nvblox_node]: 
[component_container_mt-1] Received request for ESDF with:
[component_container_mt-1] update_esdf: 1
[component_container_mt-1] use_aabb: 1
[component_container_mt-1] visualize_esdf: 0
[component_container_mt-1] aabb_min_m: [-1.15, -3.14, 3.52],
[component_container_mt-1] aabb_size_m: [3.00, 3.00, 3.00]
[component_container_mt-1] [INFO] [1788753000.683366442] [nvblox_node]: Successfully wrote requested ESDF to MultiArrayMsg.
[component_container_mt-1] [INFO] [1788753000.970393069] [nvblox_node]: 
[component_container_mt-1] Received request for ESDF with:
[component_container_mt-1] update_esdf: 1
[component_container_mt-1] use_aabb: 1
[component_container_mt-1] visualize_esdf: 0
[component_container_mt-1] aabb_min_m: [-1.12, -3.17, 3.52],
[component_container_mt-1] aabb_size_m: [3.00, 3.00, 3.00]
[component_container_mt-1] [INFO] [1788753000.982997222] [nvblox_node]: Successfully wrote requested ESDF to MultiArrayMsg.
[component_container_mt-1] [INFO] [1788753001.270305017] [nvblox_node]: 
[component_container_mt-1] Received request for ESDF with:
[component_container_mt-1] update_esdf: 1
[component_container_mt-1] use_aabb: 1
[component_container_mt-1] visualize_esdf: 0
[component_container_mt-1] aabb_min_m: [-1.09, -3.19, 3.53],
[component_container_mt-1] aabb_size_m: [3.00, 3.00, 3.00]
[component_container_mt-1] [INFO] [1788753001.282752551] [nvblox_node]: Successfully wrote requested ESDF to MultiArrayMsg.
[component_container_mt-1] [INFO] [1788753001.571018918] [nvblox_node]: 
[component_container_mt-1] Received request for ESDF with:
[component_container_mt-1] update_esdf: 1
[component_container_mt-1] use_aabb: 1
[component_container_mt-1] visualize_esdf: 0
[component_container_mt-1] aabb_min_m: [-1.06, -3.22, 3.52],
[component_container_mt-1] aabb_size_m: [3.00, 3.00, 3.00]
[component_container_mt-1] [INFO] [1788753001.584468877] [nvblox_node]: Successfully wrote requested ESDF to MultiArrayMsg.
[component_container_mt-1] [INFO] [1788753001.870655810] [nvblox_node]: 
[component_container_mt-1] Received request for ESDF with:
[component_container_mt-1] update_esdf: 1
[component_container_mt-1] use_aabb: 1
[component_container_mt-1] visualize_esdf: 0
[component_container_mt-1] aabb_min_m: [-1.03, -3.25, 3.50],
[component_container_mt-1] aabb_size_m: [3.00, 3.00, 3.00]
[component_container_mt-1] [INFO] [1788753001.882393958] [nvblox_node]: Successfully wrote requested ESDF to MultiArrayMsg.
[component_container_mt-1] [INFO] [1788753002.170518805] [nvblox_node]: 
[component_container_mt-1] Received request for ESDF with:
[component_container_mt-1] update_esdf: 1
[component_container_mt-1] use_aabb: 1
[component_container_mt-1] visualize_esdf: 0
[component_container_mt-1] aabb_min_m: [-1.00, -3.29, 3.48],
[component_container_mt-1] aabb_size_m: [3.00, 3.00, 3.00]
[component_container_mt-1] [INFO] [1788753002.182703285] [nvblox_node]: Successfully wrote requested ESDF to MultiArrayMsg.
[component_container_mt-1] [INFO] [1788753002.470703244] [nvblox_node]: 
[component_container_mt-1] Received request for ESDF with:
[component_container_mt-1] update_esdf: 1
[component_container_mt-1] use_aabb: 1
[component_container_mt-1] visualize_esdf: 0
[component_container_mt-1] aabb_min_m: [-0.97, -3.32, 3.47],
[component_container_mt-1] aabb_size_m: [3.00, 3.00, 3.00]
[component_container_mt-1] [INFO] [1788753002.482362340] [nvblox_node]: Successfully wrote requested ESDF to MultiArrayMsg.
[component_container_mt-1] [INFO] [1788753002.770633207] [nvblox_node]: 
[component_container_mt-1] Received request for ESDF with:
[component_container_mt-1] update_esdf: 1
[component_container_mt-1] use_aabb: 1
[component_container_mt-1] visualize_esdf: 0
[component_container_mt-1] aabb_min_m: [-0.94, -3.34, 3.46],
[component_container_mt-1] aabb_size_m: [3.00, 3.00, 3.00]
[component_container_mt-1] [INFO] [1788753002.782398727] [nvblox_node]: Successfully wrote requested ESDF to MultiArrayMsg.
[component_container_mt-1] [INFO] [1788753003.070760307] [nvblox_node]: 
[component_container_mt-1] Received request for ESDF with:
[component_container_mt-1] update_esdf: 1
[component_container_mt-1] use_aabb: 1
[component_container_mt-1] visualize_esdf: 0
[component_container_mt-1] aabb_min_m: [-0.91, -3.37, 3.46],
[component_container_mt-1] aabb_size_m: [3.00, 3.00, 3.00]
[component_container_mt-1] [INFO] [1788753003.081413440] [nvblox_node]: Successfully wrote requested ESDF to MultiArrayMsg.
[component_container_mt-1] [INFO] [1788753003.370687815] [nvblox_node]: 
[component_container_mt-1] Received request for ESDF with:
[component_container_mt-1] update_esdf: 1
[component_container_mt-1] use_aabb: 1
[component_container_mt-1] visualize_esdf: 0
[component_container_mt-1] aabb_min_m: [-0.88, -3.39, 3.47],
[component_container_mt-1] aabb_size_m: [3.00, 3.00, 3.00]
[component_container_mt-1] [INFO] [1788753003.381091552] [nvblox_node]: Successfully wrote requested ESDF to MultiArrayMsg.
[component_container_mt-1] [INFO] [1788753003.670552223] [nvblox_node]: 
[component_container_mt-1] Received request for ESDF with:
[component_container_mt-1] update_esdf: 1
[component_container_mt-1] use_aabb: 1
[component_container_mt-1] visualize_esdf: 0
[component_container_mt-1] aabb_min_m: [-0.86, -3.40, 3.48],
[component_container_mt-1] aabb_size_m: [3.00, 3.00, 3.00]
[component_container_mt-1] [INFO] [1788753003.681133780] [nvblox_node]: Successfully wrote requested ESDF to MultiArrayMsg.
[component_container_mt-1] [INFO] [1788753003.970239913] [nvblox_node]: 
[component_container_mt-1] Received request for ESDF with:
[component_container_mt-1] update_esdf: 1
[component_container_mt-1] use_aabb: 1
[component_container_mt-1] visualize_esdf: 0
[component_container_mt-1] aabb_min_m: [-0.82, -3.42, 3.49],
[component_container_mt-1] aabb_size_m: [3.00, 3.00, 3.00]
[component_container_mt-1] [INFO] [1788753003.981823114] [nvblox_node]: Successfully wrote requested ESDF to MultiArrayMsg.
[component_container_mt-1] [INFO] [1788753004.270726611] [nvblox_node]: 
[component_container_mt-1] Received request for ESDF with:
[component_container_mt-1] update_esdf: 1
[component_container_mt-1] use_aabb: 1
[component_container_mt-1] visualize_esdf: 0
[component_container_mt-1] aabb_min_m: [-0.79, -3.44, 3.50],
[component_container_mt-1] aabb_size_m: [3.00, 3.00, 3.00]
[component_container_mt-1] [INFO] [1788753004.282225681] [nvblox_node]: Successfully wrote requested ESDF to MultiArrayMsg.
[component_container_mt-1] [INFO] [1788753004.571452065] [nvblox_node]: 
[component_container_mt-1] Received request for ESDF with:
[component_container_mt-1] update_esdf: 1
[component_container_mt-1] use_aabb: 1
[component_container_mt-1] visualize_esdf: 0
[component_container_mt-1] aabb_min_m: [-0.76, -3.45, 3.51],
[component_container_mt-1] aabb_size_m: [3.00, 3.00, 3.00]
[component_container_mt-1] [INFO] [1788753004.581635310] [nvblox_node]: Successfully wrote requested ESDF to MultiArrayMsg.
[component_container_mt-1] [INFO] [1788753004.870383340] [nvblox_node]: 
[component_container_mt-1] Received request for ESDF with:
[component_container_mt-1] update_esdf: 1
[component_container_mt-1] use_aabb: 1
[component_container_mt-1] visualize_esdf: 0
[component_container_mt-1] aabb_min_m: [-0.72, -3.47, 3.53],
[component_container_mt-1] aabb_size_m: [3.00, 3.00, 3.00]
[component_container_mt-1] [INFO] [1788753004.881669192] [nvblox_node]: Successfully wrote requested ESDF to MultiArrayMsg.
[component_container_mt-1] [INFO] [1788753005.171206100] [nvblox_node]: 
[component_container_mt-1] Received request for ESDF with:
[component_container_mt-1] update_esdf: 1
[component_container_mt-1] use_aabb: 1
[component_container_mt-1] visualize_esdf: 0
[component_container_mt-1] aabb_min_m: [-0.68, -3.48, 3.54],
[component_container_mt-1] aabb_size_m: [3.00, 3.00, 3.00]
[component_container_mt-1] [INFO] [1788753005.180950346] [nvblox_node]: Successfully wrote requested ESDF to MultiArrayMsg.
[component_container_mt-1] [INFO] [1788753005.470381862] [nvblox_node]: 
[component_container_mt-1] Received request for ESDF with:
[component_container_mt-1] update_esdf: 1
[component_container_mt-1] use_aabb: 1
[component_container_mt-1] visualize_esdf: 0
[component_container_mt-1] aabb_min_m: [-0.65, -3.49, 3.56],
[component_container_mt-1] aabb_size_m: [3.00, 3.00, 3.00]
[component_container_mt-1] [INFO] [1788753005.481148122] [nvblox_node]: Successfully wrote requested ESDF to MultiArrayMsg.
[component_container_mt-1] [INFO] [1788753005.770342615] [nvblox_node]: 
[component_container_mt-1] Received request for ESDF with:
[component_container_mt-1] update_esdf: 1
[component_container_mt-1] use_aabb: 1
[component_container_mt-1] visualize_esdf: 0
[component_container_mt-1] aabb_min_m: [-0.61, -3.49, 3.56],
[component_container_mt-1] aabb_size_m: [3.00, 3.00, 3.00]
[component_container_mt-1] [INFO] [1788753005.781557713] [nvblox_node]: Successfully wrote requested ESDF to MultiArrayMsg.
[component_container_mt-1] [INFO] [1788753006.070642587] [nvblox_node]: 
[component_container_mt-1] Received request for ESDF with:
[component_container_mt-1] update_esdf: 1
[component_container_mt-1] use_aabb: 1
[component_container_mt-1] visualize_esdf: 0
[component_container_mt-1] aabb_min_m: [-0.58, -3.50, 3.56],
[component_container_mt-1] aabb_size_m: [3.00, 3.00, 3.00]
[component_container_mt-1] [INFO] [1788753006.081007148] [nvblox_node]: Successfully wrote requested ESDF to MultiArrayMsg.
[component_container_mt-1] [INFO] [1788753006.370225157] [nvblox_node]: 
[component_container_mt-1] Received request for ESDF with:
[component_container_mt-1] update_esdf: 1
[component_container_mt-1] use_aabb: 1
[component_container_mt-1] visualize_esdf: 0
[component_container_mt-1] aabb_min_m: [-0.54, -3.51, 3.57],
[component_container_mt-1] aabb_size_m: [3.00, 3.00, 3.00]
[component_container_mt-1] [INFO] [1788753006.381832074] [nvblox_node]: Successfully wrote requested ESDF to MultiArrayMsg.
[component_container_mt-1] [INFO] [1788753006.670505501] [nvblox_node]: 
[component_container_mt-1] Received request for ESDF with:
[component_container_mt-1] update_esdf: 1
[component_container_mt-1] use_aabb: 1
[component_container_mt-1] visualize_esdf: 0
[component_container_mt-1] aabb_min_m: [-0.50, -3.52, 3.58],
[component_container_mt-1] aabb_size_m: [3.00, 3.00, 3.00]
[component_container_mt-1] [INFO] [1788753006.681459500] [nvblox_node]: Successfully wrote requested ESDF to MultiArrayMsg.
[component_container_mt-1] [INFO] [1788753006.970313162] [nvblox_node]: 
[component_container_mt-1] Received request for ESDF with:
[component_container_mt-1] update_esdf: 1
[component_container_mt-1] use_aabb: 1
[component_container_mt-1] visualize_esdf: 0
[component_container_mt-1] aabb_min_m: [-0.46, -3.54, 3.58],
[component_container_mt-1] aabb_size_m: [3.00, 3.00, 3.00]
[component_container_mt-1] [INFO] [1788753006.981461161] [nvblox_node]: Successfully wrote requested ESDF to MultiArrayMsg.
[component_container_mt-1] [INFO] [1788753007.270413763] [nvblox_node]: 
[component_container_mt-1] Received request for ESDF with:
[component_container_mt-1] update_esdf: 1
[component_container_mt-1] use_aabb: 1
[component_container_mt-1] visualize_esdf: 0
[component_container_mt-1] aabb_min_m: [-0.43, -3.55, 3.55],
[component_container_mt-1] aabb_size_m: [3.00, 3.00, 3.00]
[component_container_mt-1] [INFO] [1788753007.282352383] [nvblox_node]: Successfully wrote requested ESDF to MultiArrayMsg.
[component_container_mt-1] [INFO] [1788753007.571024228] [nvblox_node]: 
[component_container_mt-1] Received request for ESDF with:
[component_container_mt-1] update_esdf: 1
[component_container_mt-1] use_aabb: 1
[component_container_mt-1] visualize_esdf: 0
[component_container_mt-1] aabb_min_m: [-0.41, -3.59, 3.52],
[component_container_mt-1] aabb_size_m: [3.00, 3.00, 3.00]
[component_container_mt-1] [INFO] [1788753007.578923147] [nvblox_node]: Successfully wrote requested ESDF to MultiArrayMsg.
[component_container_mt-1] [INFO] [1788753007.870450901] [nvblox_node]: 
[component_container_mt-1] Received request for ESDF with:
[component_container_mt-1] update_esdf: 1
[component_container_mt-1] use_aabb: 1
[component_container_mt-1] visualize_esdf: 0
[component_container_mt-1] aabb_min_m: [-0.42, -3.63, 3.53],
[component_container_mt-1] aabb_size_m: [3.00, 3.00, 3.00]
[component_container_mt-1] [INFO] [1788753007.881491736] [nvblox_node]: Successfully wrote requested ESDF to MultiArrayMsg.
[component_container_mt-1] [INFO] [1788753008.170891763] [nvblox_node]: 
[component_container_mt-1] Received request for ESDF with:
[component_container_mt-1] update_esdf: 1
[component_container_mt-1] use_aabb: 1
[component_container_mt-1] visualize_esdf: 0
[component_container_mt-1] aabb_min_m: [-0.44, -3.68, 3.54],
[component_container_mt-1] aabb_size_m: [3.00, 3.00, 3.00]
[component_container_mt-1] [INFO] [1788753008.181233732] [nvblox_node]: Successfully wrote requested ESDF to MultiArrayMsg.
[component_container_mt-1] [INFO] [1788753008.470382428] [nvblox_node]: 
[component_container_mt-1] Received request for ESDF with:
[component_container_mt-1] update_esdf: 1
[component_container_mt-1] use_aabb: 1
[component_container_mt-1] visualize_esdf: 0
[component_container_mt-1] aabb_min_m: [-0.46, -3.74, 3.56],
[component_container_mt-1] aabb_size_m: [3.00, 3.00, 3.00]
[component_container_mt-1] [INFO] [1788753008.480957001] [nvblox_node]: Successfully wrote requested ESDF to MultiArrayMsg.
[component_container_mt-1] [INFO] [1788753008.770513127] [nvblox_node]: 
[component_container_mt-1] Received request for ESDF with:
[component_container_mt-1] update_esdf: 1
[component_container_mt-1] use_aabb: 1
[component_container_mt-1] visualize_esdf: 0
[component_container_mt-1] aabb_min_m: [-0.48, -3.79, 3.58],
[component_container_mt-1] aabb_size_m: [3.00, 3.00, 3.00]
[component_container_mt-1] [INFO] [1788753008.781851230] [nvblox_node]: Successfully wrote requested ESDF to MultiArrayMsg.
[component_container_mt-1] [INFO] [1788753009.070238281] [nvblox_node]: 
[component_container_mt-1] Received request for ESDF with:
[component_container_mt-1] update_esdf: 1
[component_container_mt-1] use_aabb: 1
[component_container_mt-1] visualize_esdf: 0
[component_container_mt-1] aabb_min_m: [-0.50, -3.84, 3.60],
[component_container_mt-1] aabb_size_m: [3.00, 3.00, 3.00]
[component_container_mt-1] [INFO] [1788753009.081190556] [nvblox_node]: Successfully wrote requested ESDF to MultiArrayMsg.
[component_container_mt-1] [INFO] [1788753009.370452730] [nvblox_node]: 
[component_container_mt-1] Received request for ESDF with:
[component_container_mt-1] update_esdf: 1
[component_container_mt-1] use_aabb: 1
[component_container_mt-1] visualize_esdf: 0
[component_container_mt-1] aabb_min_m: [-0.52, -3.89, 3.62],
[component_container_mt-1] aabb_size_m: [3.00, 3.00, 3.00]
[component_container_mt-1] [INFO] [1788753009.381339621] [nvblox_node]: Successfully wrote requested ESDF to MultiArrayMsg.
[component_container_mt-1] [INFO] [1788753009.670637202] [nvblox_node]: 
[component_container_mt-1] Received request for ESDF with:
[component_container_mt-1] update_esdf: 1
[component_container_mt-1] use_aabb: 1
[component_container_mt-1] visualize_esdf: 0
[component_container_mt-1] aabb_min_m: [-0.53, -3.94, 3.64],
[component_container_mt-1] aabb_size_m: [3.00, 3.00, 3.00]
[component_container_mt-1] [INFO] [1788753009.680926320] [nvblox_node]: Successfully wrote requested ESDF to MultiArrayMsg.
[component_container_mt-1] [INFO] [1788753009.970512153] [nvblox_node]: 
[component_container_mt-1] Received request for ESDF with:
[component_container_mt-1] update_esdf: 1
[component_container_mt-1] use_aabb: 1
[component_container_mt-1] visualize_esdf: 0
[component_container_mt-1] aabb_min_m: [-0.55, -4.00, 3.66],
[component_container_mt-1] aabb_size_m: [3.00, 3.00, 3.00]
[component_container_mt-1] [INFO] [1788753009.981509625] [nvblox_node]: Successfully wrote requested ESDF to MultiArrayMsg.
[component_container_mt-1] [INFO] [1788753010.270560465] [nvblox_node]: 
[component_container_mt-1] Received request for ESDF with:
[component_container_mt-1] update_esdf: 1
[component_container_mt-1] use_aabb: 1
[component_container_mt-1] visualize_esdf: 0
[component_container_mt-1] aabb_min_m: [-0.56, -4.05, 3.68],
[component_container_mt-1] aabb_size_m: [3.00, 3.00, 3.00]
[component_container_mt-1] [INFO] [1788753010.281350430] [nvblox_node]: Successfully wrote requested ESDF to MultiArrayMsg.
[component_container_mt-1] [INFO] [1788753010.571061863] [nvblox_node]: 
[component_container_mt-1] Received request for ESDF with:
[component_container_mt-1] update_esdf: 1
[component_container_mt-1] use_aabb: 1
[component_container_mt-1] visualize_esdf: 0
[component_container_mt-1] aabb_min_m: [-0.58, -4.11, 3.70],
[component_container_mt-1] aabb_size_m: [3.00, 3.00, 3.00]
[component_container_mt-1] [INFO] [1788753010.582048434] [nvblox_node]: Successfully wrote requested ESDF to MultiArrayMsg.
[component_container_mt-1] [INFO] [1788753010.870413724] [nvblox_node]: 
[component_container_mt-1] Received request for ESDF with:
[component_container_mt-1] update_esdf: 1
[component_container_mt-1] use_aabb: 1
[component_container_mt-1] visualize_esdf: 0
[component_container_mt-1] aabb_min_m: [-0.60, -4.16, 3.72],
[component_container_mt-1] aabb_size_m: [3.00, 3.00, 3.00]
[component_container_mt-1] [INFO] [1788753010.883553862] [nvblox_node]: Successfully wrote requested ESDF to MultiArrayMsg.
[component_container_mt-1] [INFO] [1788753011.170470333] [nvblox_node]: 
[component_container_mt-1] Received request for ESDF with:
[component_container_mt-1] update_esdf: 1
[component_container_mt-1] use_aabb: 1
[component_container_mt-1] visualize_esdf: 0
[component_container_mt-1] aabb_min_m: [-0.62, -4.21, 3.74],
[component_container_mt-1] aabb_size_m: [3.00, 3.00, 3.00]
[component_container_mt-1] [INFO] [1788753011.181759352] [nvblox_node]: Successfully wrote requested ESDF to MultiArrayMsg.
[component_container_mt-1] [INFO] [1788753011.470347388] [nvblox_node]: 
[component_container_mt-1] Received request for ESDF with:
[component_container_mt-1] update_esdf: 1
[component_container_mt-1] use_aabb: 1
[component_container_mt-1] visualize_esdf: 0
[component_container_mt-1] aabb_min_m: [-0.64, -4.26, 3.73],
[component_container_mt-1] aabb_size_m: [3.00, 3.00, 3.00]
[component_container_mt-1] [INFO] [1788753011.482865857] [nvblox_node]: Successfully wrote requested ESDF to MultiArrayMsg.
[component_container_mt-1] [INFO] [1788753011.770212981] [nvblox_node]: 
[component_container_mt-1] Received request for ESDF with:
[component_container_mt-1] update_esdf: 1
[component_container_mt-1] use_aabb: 1
[component_container_mt-1] visualize_esdf: 0
[component_container_mt-1] aabb_min_m: [-0.65, -4.32, 3.74],
[component_container_mt-1] aabb_size_m: [3.00, 3.00, 3.00]
[component_container_mt-1] [INFO] [1788753011.783138599] [nvblox_node]: Successfully wrote requested ESDF to MultiArrayMsg.
[component_container_mt-1] [INFO] [1788753012.070667881] [nvblox_node]: 
[component_container_mt-1] Received request for ESDF with:
[component_container_mt-1] update_esdf: 1
[component_container_mt-1] use_aabb: 1
[component_container_mt-1] visualize_esdf: 0
[component_container_mt-1] aabb_min_m: [-0.67, -4.37, 3.73],
[component_container_mt-1] aabb_size_m: [3.00, 3.00, 3.00]
[component_container_mt-1] [INFO] [1788753012.081561565] [nvblox_node]: Successfully wrote requested ESDF to MultiArrayMsg.
[component_container_mt-1] [INFO] [1788753012.370412985] [nvblox_node]: 
[component_container_mt-1] Received request for ESDF with:
[component_container_mt-1] update_esdf: 1
[component_container_mt-1] use_aabb: 1
[component_container_mt-1] visualize_esdf: 0
[component_container_mt-1] aabb_min_m: [-0.69, -4.43, 3.75],
[component_container_mt-1] aabb_size_m: [3.00, 3.00, 3.00]
[component_container_mt-1] [INFO] [1788753012.382327579] [nvblox_node]: Successfully wrote requested ESDF to MultiArrayMsg.
[component_container_mt-1] [INFO] [1788753012.670458112] [nvblox_node]: 
[component_container_mt-1] Received request for ESDF with:
[component_container_mt-1] update_esdf: 1
[component_container_mt-1] use_aabb: 1
[component_container_mt-1] visualize_esdf: 0
[component_container_mt-1] aabb_min_m: [-0.72, -4.48, 3.77],
[component_container_mt-1] aabb_size_m: [3.00, 3.00, 3.00]
[component_container_mt-1] [INFO] [1788753012.681392673] [nvblox_node]: Successfully wrote requested ESDF to MultiArrayMsg.
[component_container_mt-1] [INFO] [1788753012.970348783] [nvblox_node]: 
[component_container_mt-1] Received request for ESDF with:
[component_container_mt-1] update_esdf: 1
[component_container_mt-1] use_aabb: 1
[component_container_mt-1] visualize_esdf: 0
[component_container_mt-1] aabb_min_m: [-0.75, -4.53, 3.78],
[component_container_mt-1] aabb_size_m: [3.00, 3.00, 3.00]
[component_container_mt-1] [INFO] [1788753012.982551038] [nvblox_node]: Successfully wrote requested ESDF to MultiArrayMsg.
[component_container_mt-1] [INFO] [1788753013.270279522] [nvblox_node]: 
[component_container_mt-1] Received request for ESDF with:
[component_container_mt-1] update_esdf: 1
[component_container_mt-1] use_aabb: 1
[component_container_mt-1] visualize_esdf: 0
[component_container_mt-1] aabb_min_m: [-0.79, -4.58, 3.80],
[component_container_mt-1] aabb_size_m: [3.00, 3.00, 3.00]
[component_container_mt-1] [INFO] [1788753013.282952977] [nvblox_node]: Successfully wrote requested ESDF to MultiArrayMsg.
[component_container_mt-1] [INFO] [1788753013.571097076] [nvblox_node]: 
[component_container_mt-1] Received request for ESDF with:
[component_container_mt-1] update_esdf: 1
[component_container_mt-1] use_aabb: 1
[component_container_mt-1] visualize_esdf: 0
[component_container_mt-1] aabb_min_m: [-0.82, -4.63, 3.82],
[component_container_mt-1] aabb_size_m: [3.00, 3.00, 3.00]
[component_container_mt-1] [INFO] [1788753013.579242857] [nvblox_node]: Successfully wrote requested ESDF to MultiArrayMsg.
[component_container_mt-1] [INFO] [1788753013.870350931] [nvblox_node]: 
[component_container_mt-1] Received request for ESDF with:
[component_container_mt-1] update_esdf: 1
[component_container_mt-1] use_aabb: 1
[component_container_mt-1] visualize_esdf: 0
[component_container_mt-1] aabb_min_m: [-0.85, -4.69, 3.83],
[component_container_mt-1] aabb_size_m: [3.00, 3.00, 3.00]
[component_container_mt-1] [INFO] [1788753013.882710907] [nvblox_node]: Successfully wrote requested ESDF to MultiArrayMsg.
[component_container_mt-1] [INFO] [1788753014.170765885] [nvblox_node]: 
[component_container_mt-1] Received request for ESDF with:
[component_container_mt-1] update_esdf: 1
[component_container_mt-1] use_aabb: 1
[component_container_mt-1] visualize_esdf: 0
[component_container_mt-1] aabb_min_m: [-0.85, -4.74, 3.83],
[component_container_mt-1] aabb_size_m: [3.00, 3.00, 3.00]
[component_container_mt-1] [INFO] [1788753014.182348415] [nvblox_node]: Successfully wrote requested ESDF to MultiArrayMsg.
[component_container_mt-1] [INFO] [1788753014.470240282] [nvblox_node]: 
[component_container_mt-1] Received request for ESDF with:
[component_container_mt-1] update_esdf: 1
[component_container_mt-1] use_aabb: 1
[component_container_mt-1] visualize_esdf: 0
[component_container_mt-1] aabb_min_m: [-0.83, -4.79, 3.84],
[component_container_mt-1] aabb_size_m: [3.00, 3.00, 3.00]
[component_container_mt-1] [INFO] [1788753014.482055567] [nvblox_node]: Successfully wrote requested ESDF to MultiArrayMsg.
[component_container_mt-1] [INFO] [1788753014.770702948] [nvblox_node]: 
[component_container_mt-1] Received request for ESDF with:
[component_container_mt-1] update_esdf: 1
[component_container_mt-1] use_aabb: 1
[component_container_mt-1] visualize_esdf: 0
[component_container_mt-1] aabb_min_m: [-0.80, -4.84, 3.84],
[component_container_mt-1] aabb_size_m: [3.00, 3.00, 3.00]
[component_container_mt-1] [INFO] [1788753014.782332317] [nvblox_node]: Successfully wrote requested ESDF to MultiArrayMsg.
[component_container_mt-1] [INFO] [1788753015.070226068] [nvblox_node]: 
[component_container_mt-1] Received request for ESDF with:
[component_container_mt-1] update_esdf: 1
[component_container_mt-1] use_aabb: 1
[component_container_mt-1] visualize_esdf: 0
[component_container_mt-1] aabb_min_m: [-0.77, -4.90, 3.85],
[component_container_mt-1] aabb_size_m: [3.00, 3.00, 3.00]
[component_container_mt-1] [INFO] [1788753015.082451166] [nvblox_node]: Successfully wrote requested ESDF to MultiArrayMsg.
[component_container_mt-1] [INFO] [1788753015.370250757] [nvblox_node]: 
[component_container_mt-1] Received request for ESDF with:
[component_container_mt-1] update_esdf: 1
[component_container_mt-1] use_aabb: 1
[component_container_mt-1] visualize_esdf: 0
[component_container_mt-1] aabb_min_m: [-0.73, -4.95, 3.85],
[component_container_mt-1] aabb_size_m: [3.00, 3.00, 3.00]
[component_container_mt-1] [INFO] [1788753015.379072259] [nvblox_node]: Successfully wrote requested ESDF to MultiArrayMsg.
[component_container_mt-1] [INFO] [1788753015.670476090] [nvblox_node]: 
[component_container_mt-1] Received request for ESDF with:
[component_container_mt-1] update_esdf: 1
[component_container_mt-1] use_aabb: 1
[component_container_mt-1] visualize_esdf: 0
[component_container_mt-1] aabb_min_m: [-0.70, -5.00, 3.86],
[component_container_mt-1] aabb_size_m: [3.00, 3.00, 3.00]
[component_container_mt-1] [INFO] [1788753015.682891101] [nvblox_node]: Successfully wrote requested ESDF to MultiArrayMsg.
[component_container_mt-1] [INFO] [1788753015.970473036] [nvblox_node]: 
[component_container_mt-1] Received request for ESDF with:
[component_container_mt-1] update_esdf: 1
[component_container_mt-1] use_aabb: 1
[component_container_mt-1] visualize_esdf: 0
[component_container_mt-1] aabb_min_m: [-0.67, -5.04, 3.87],
[component_container_mt-1] aabb_size_m: [3.00, 3.00, 3.00]
[component_container_mt-1] [INFO] [1788753015.982312827] [nvblox_node]: Successfully wrote requested ESDF to MultiArrayMsg.
[component_container_mt-1] [INFO] [1788753016.270391332] [nvblox_node]: 
[component_container_mt-1] Received request for ESDF with:
[component_container_mt-1] update_esdf: 1
[component_container_mt-1] use_aabb: 1
[component_container_mt-1] visualize_esdf: 0
[component_container_mt-1] aabb_min_m: [-0.63, -5.10, 3.88],
[component_container_mt-1] aabb_size_m: [3.00, 3.00, 3.00]
[component_container_mt-1] [INFO] [1788753016.282541547] [nvblox_node]: Successfully wrote requested ESDF to MultiArrayMsg.
[component_container_mt-1] [INFO] [1788753016.571114817] [nvblox_node]: 
[component_container_mt-1] Received request for ESDF with:
[component_container_mt-1] update_esdf: 1
[component_container_mt-1] use_aabb: 1
[component_container_mt-1] visualize_esdf: 0
[component_container_mt-1] aabb_min_m: [-0.60, -5.15, 3.89],
[component_container_mt-1] aabb_size_m: [3.00, 3.00, 3.00]
[component_container_mt-1] [INFO] [1788753016.582087541] [nvblox_node]: Successfully wrote requested ESDF to MultiArrayMsg.
[component_container_mt-1] [INFO] [1788753016.870392969] [nvblox_node]: 
[component_container_mt-1] Received request for ESDF with:
[component_container_mt-1] update_esdf: 1
[component_container_mt-1] use_aabb: 1
[component_container_mt-1] visualize_esdf: 0
[component_container_mt-1] aabb_min_m: [-0.57, -5.20, 3.91],
[component_container_mt-1] aabb_size_m: [3.00, 3.00, 3.00]
[component_container_mt-1] [INFO] [1788753016.882236498] [nvblox_node]: Successfully wrote requested ESDF to MultiArrayMsg.
[component_container_mt-1] [INFO] [1788753017.170592543] [nvblox_node]: 
[component_container_mt-1] Received request for ESDF with:
[component_container_mt-1] update_esdf: 1
[component_container_mt-1] use_aabb: 1
[component_container_mt-1] visualize_esdf: 0
[component_container_mt-1] aabb_min_m: [-0.54, -5.24, 3.92],
[component_container_mt-1] aabb_size_m: [3.00, 3.00, 3.00]
[component_container_mt-1] [INFO] [1788753017.183284113] [nvblox_node]: Successfully wrote requested ESDF to MultiArrayMsg.
[component_container_mt-1] [INFO] [1788753017.470374620] [nvblox_node]: 
[component_container_mt-1] Received request for ESDF with:
[component_container_mt-1] update_esdf: 1
[component_container_mt-1] use_aabb: 1
[component_container_mt-1] visualize_esdf: 0
[component_container_mt-1] aabb_min_m: [-0.50, -5.29, 3.94],
[component_container_mt-1] aabb_size_m: [3.00, 3.00, 3.00]
[component_container_mt-1] [INFO] [1788753017.482092749] [nvblox_node]: Successfully wrote requested ESDF to MultiArrayMsg.
[component_container_mt-1] [INFO] [1788753017.770514129] [nvblox_node]: 
[component_container_mt-1] Received request for ESDF with:
[component_container_mt-1] update_esdf: 1
[component_container_mt-1] use_aabb: 1
[component_container_mt-1] visualize_esdf: 0
[component_container_mt-1] aabb_min_m: [-0.46, -5.33, 3.95],
[component_container_mt-1] aabb_size_m: [3.00, 3.00, 3.00]
[component_container_mt-1] [INFO] [1788753017.782748285] [nvblox_node]: Successfully wrote requested ESDF to MultiArrayMsg.
[component_container_mt-1] [INFO] [1788753018.070438347] [nvblox_node]: 
[component_container_mt-1] Received request for ESDF with:
[component_container_mt-1] update_esdf: 1
[component_container_mt-1] use_aabb: 1
[component_container_mt-1] visualize_esdf: 0
[component_container_mt-1] aabb_min_m: [-0.43, -5.38, 3.97],
[component_container_mt-1] aabb_size_m: [3.00, 3.00, 3.00]
[component_container_mt-1] [INFO] [1788753018.082912932] [nvblox_node]: Successfully wrote requested ESDF to MultiArrayMsg.
[component_container_mt-1] [INFO] [1788753018.370986488] [nvblox_node]: 
[component_container_mt-1] Received request for ESDF with:
[component_container_mt-1] update_esdf: 1
[component_container_mt-1] use_aabb: 1
[component_container_mt-1] visualize_esdf: 0
[component_container_mt-1] aabb_min_m: [-0.39, -5.42, 3.98],
[component_container_mt-1] aabb_size_m: [3.00, 3.00, 3.00]
[component_container_mt-1] [INFO] [1788753018.382195323] [nvblox_node]: Successfully wrote requested ESDF to MultiArrayMsg.
[component_container_mt-1] [INFO] [1788753018.670467819] [nvblox_node]: 
[component_container_mt-1] Received request for ESDF with:
[component_container_mt-1] update_esdf: 1
[component_container_mt-1] use_aabb: 1
[component_container_mt-1] visualize_esdf: 0
[component_container_mt-1] aabb_min_m: [-0.35, -5.47, 4.00],
[component_container_mt-1] aabb_size_m: [3.00, 3.00, 3.00]
[component_container_mt-1] [INFO] [1788753018.682429614] [nvblox_node]: Successfully wrote requested ESDF to MultiArrayMsg.
[component_container_mt-1] [INFO] [1788753018.970557464] [nvblox_node]: 
[component_container_mt-1] Received request for ESDF with:
[component_container_mt-1] update_esdf: 1
[component_container_mt-1] use_aabb: 1
[component_container_mt-1] visualize_esdf: 0
[component_container_mt-1] aabb_min_m: [-0.31, -5.52, 4.02],
[component_container_mt-1] aabb_size_m: [3.00, 3.00, 3.00]
[component_container_mt-1] [INFO] [1788753018.982867825] [nvblox_node]: Successfully wrote requested ESDF to MultiArrayMsg.
