t_wall,t_sim,exp_id,gt_x,gt_y,gt_z,gt_dyaw_deg,vslam_x,vslam_y,vslam_z,vslam_dyaw_deg,pos_error_m,yaw_error_deg,vo_state,feature_count,msg_age_s
1788599384.223828,35.444000,gate_sweep_high_r04,0.0003319159150123596,-0.0005229823291301727,-0.00022783875465393066,-0.0004914537660625507,0.0,0.0,0.0,0.0,0.0006599918100576447,0.0004914537660625507,,,1788599348.779812
1788599384.312535,35.476000,gate_sweep_high_r04,0.0006512608379125595,-0.0011126045137643814,-0.0004619807004928589,-0.00014273302271504087,0.0,0.0,0.0,0.0,0.001369472763758125,0.00014273302271504087,1,380,1788599348.8365169
1788599384.360005,35.512000,gate_sweep_high_r04,0.000877799466252327,-0.001619286835193634,-0.0006775110960006714,0.0006837023267084978,0.0,0.0,0.0,0.0,0.001962560328445553,0.0006837023267084978,1,380,1788599348.8479862
1788599384.404660,35.544000,gate_sweep_high_r04,0.0011963825672864914,-0.002528369426727295,-0.0010051578283309937,0.001285066116218123,0.0,0.0,0.0,0.0,0.0029722593199738487,0.001285066116218123,1,380,1788599348.860638
1788599384.447820,35.576000,gate_sweep_high_r04,0.0014052707701921463,-0.0032654963433742523,-0.0012072175741195679,0.0010499696842884963,0.0,0.0,0.0,0.0,0.0037544142788736266,0.0010499696842884963,1,380,1788599348.871797
1788599384.496399,35.608000,gate_sweep_high_r04,0.0015769526362419128,-0.004034649580717087,-0.0014174431562423706,0.0007388324455255017,0.0,0.0,0.0,0.0,0.004557885689364008,0.0007388324455255017,1,380,1788599348.8883767
1788599384.544718,35.644000,gate_sweep_high_r04,0.0017169341444969177,-0.005063354969024658,-0.0016222000122070312,0.001343674364951068,0.0,0.0,0.0,0.0,0.0055872139102141555,0.001343674364951068,1,380,1788599348.9006999
1788599384.588346,35.676000,gate_sweep_high_r04,0.0017723161727190018,-0.005935743451118469,-0.0017663836479187012,0.0016137571107841745,0.0,0.0,0.0,0.0,0.006441604312996236,0.0016137571107841743,1,380,1788599348.912328
1788599384.633667,35.708000,gate_sweep_high_r04,0.0017798114567995071,-0.006621338427066803,-0.0019302964210510254,0.0016549287916540392,0.0,0.0,0.0,0.0,0.0071229134250409545,0.0016549287916540392,1,380,1788599348.9256458
1788599384.680726,35.740000,gate_sweep_high_r04,0.0017550811171531677,-0.007787197828292847,-0.0021976977586746216,0.002013668465025095,0.0,0.0,0.0,0.0,0.008279531096821842,0.002013668465025095,1,380,1788599348.9407096
1788599384.725409,35.776000,gate_sweep_high_r04,0.0017399806529283524,-0.00869964063167572,-0.002392128109931946,0.002563807151006451,0.0,0.0,0.0,0.0,0.009188773404932493,0.0025638071510064512,1,380,1788599348.9493904
1788599384.769532,35.808000,gate_sweep_high_r04,0.0017223674803972244,-0.009568537585437298,-0.0024813860654830933,0.0026733152390691533,0.0,0.0,0.0,0.0,0.010033979174157668,0.0026733152390691533,1,380,1788599348.9615128
1788599384.814215,35.840000,gate_sweep_high_r04,0.001674748957157135,-0.01036924123764038,-0.0025210529565811157,0.0023319483900002295,0.0,0.0,0.0,0.0,0.010801928342836158,0.0023319483900002295,1,380,1788599348.9741938
1788599384.862166,35.872000,gate_sweep_high_r04,0.0015753097832202911,-0.01132251974195242,-0.0024745166301727295,0.001931972184046196,0.0,0.0,0.0,0.0,0.011696336468014814,0.001931972184046196,1,380,1788599348.9901457
1788599384.907840,35.908000,gate_sweep_high_r04,0.0015018433332443237,-0.011875367723405361,-0.0023958832025527954,0.001638345867543754,0.0,0.0,0.0,0.0,0.01220738089370455,0.0016383458675437539,1,380,1788599348.9998202
1788599384.952657,35.940000,gate_sweep_high_r04,0.0013963747769594193,-0.012578862719237804,-0.0022991150617599487,0.0015702403856800932,0.0,0.0,0.0,0.0,0.012863264744782742,0.0015702403856800932,1,380,1788599349.0126398
1788599384.997279,35.972000,gate_sweep_high_r04,0.00129617378115654,-0.013270942494273186,-0.0021690577268600464,0.002375991621726552,0.0,0.0,0.0,0.0,0.013509359443723256,0.002375991621726552,1,380,1788599349.025264
1788599385.040921,36.004000,gate_sweep_high_r04,0.0011749658733606339,-0.014149011112749577,-0.0020060986280441284,0.0020721443275343383,0.0,0.0,0.0,0.0,0.01433874094813466,0.0020721443275343383,1,380,1788599349.0369008
1788599385.090146,36.040000,gate_sweep_high_r04,0.0010853242129087448,-0.014899961650371552,-0.0018627792596817017,0.0023759278996601896,0.0,0.0,0.0,0.0,0.015055123128024202,0.00237592789966019,1,380,1788599349.050128
1788599385.135377,36.072000,gate_sweep_high_r04,0.0010287687182426453,-0.01548533421009779,-0.0017592906951904297,0.002228934378181724,0.0,0.0,0.0,0.0,0.015618868218415929,0.002228934378181724,1,380,1788599349.0633564
1788599385.179373,36.104000,gate_sweep_high_r04,0.000984957441687584,-0.01645500399172306,-0.0015639066696166992,0.0018054037966996476,0.0,0.0,0.0,0.0,0.016558475219682192,0.0018054037966996476,1,380,1788599349.075357
1788599385.228181,36.136000,gate_sweep_high_r04,0.0010681692510843277,-0.0172106996178627,-0.0014271736145019531,0.0016623589816587754,0.0,0.0,0.0,0.0,0.017302774095826135,0.0016623589816587754,1,380,1788599349.0921657
1788599385.276171,36.172000,gate_sweep_high_r04,0.001271599903702736,-0.0179464896209538,-0.0013018399477005005,0.0016928711727150641,0.0,0.0,0.0,0.0,0.018038521094577795,0.0016928711727150643,1,380,1788599349.1041563
1788599385.324523,36.204000,gate_sweep_high_r04,0.001702459529042244,-0.018835571128875017,-0.001302272081375122,0.000934401997695829,0.0,0.0,0.0,0.0,0.018957136407508016,0.000934401997695829,1,380,1788599349.120504
1788599385.368703,36.236000,gate_sweep_high_r04,0.002200879156589508,-0.019528115168213844,-0.0013912022113800049,0.0011910887088188245,0.0,0.0,0.0,0.0,0.019700928777036945,0.0011910887088188245,1,380,1788599349.1326873
1788599385.412239,36.268000,gate_sweep_high_r04,0.002649914473295212,-0.020035652443766594,-0.0015080571174621582,0.0010546874115795204,0.0,0.0,0.0,0.0,0.020266318161736185,0.0010546874115795204,1,380,1788599349.1442237
1788599385.455772,36.304000,gate_sweep_high_r04,0.0034656915813684464,-0.02081071794964373,-0.0017083734273910522,0.0011093743428064495,0.0,0.0,0.0,0.0,0.02116637757114353,0.0011093743428064495,1,380,1788599349.1517508
1788599385.501222,36.336000,gate_sweep_high_r04,0.0041353702545166016,-0.021372134797275066,-0.001872330904006958,0.0003550406448333174,0.0,0.0,0.0,0.0,0.02184891429680056,0.0003550406448333174,1,380,1788599349.1652064
1788599385.545263,36.368000,gate_sweep_high_r04,0.004783950746059418,-0.021902855252847075,-0.0019149333238601685,-7.119150800857905e-05,0.0,0.0,0.0,0.0,0.02250084937513967,7.119150800857905e-05,1,380,1788599349.1772444
1788599385.589688,36.400000,gate_sweep_high_r04,0.005600398406386375,-0.02251824433915317,-0.0018228590488433838,-0.000118384257093572,0.0,0.0,0.0,0.0,0.023275708486317,0.00011838425709357203,1,380,1788599349.1896605
1788599385.635245,36.436000,gate_sweep_high_r04,0.006269838660955429,-0.022958047920838,-0.0016445368528366089,8.703814577832232e-05,0.0,0.0,0.0,0.0,0.023855551610269737,8.703814577832232e-05,1,380,1788599349.1992276
1788599385.681710,36.468000,gate_sweep_high_r04,0.006791170686483383,-0.023217528010718524,-0.001492336392402649,-0.0012517191111988569,0.0,0.0,0.0,0.0,0.024236350264211396,0.0012517191111988569,1,380,1788599349.213683
1788599385.729564,36.500000,gate_sweep_high_r04,0.007506582885980606,-0.023462409619241953,-0.001231849193572998,-0.0016099741540764254,0.0,0.0,0.0,0.0,0.02466477050776878,0.0016099741540764254,1,380,1788599349.229545
1788599385.782643,36.532000,gate_sweep_high_r04,0.008426133543252945,-0.02366072847507894,-0.0008406788110733032,-0.002648175421778157,0.0,0.0,0.0,0.0,0.025130390751509045,0.002648175421778157,1,380,1788599349.2506223
1788599385.832668,36.568000,gate_sweep_high_r04,0.00918237678706646,-0.02380586660001427,-0.0005091577768325806,-0.0021084736244018783,0.0,0.0,0.0,0.0,0.02552047353947495,0.0021084736244018783,1,380,1788599349.26465
1788599385.879917,36.600000,gate_sweep_high_r04,0.009928099811077118,-0.023937204794492573,-9.627640247344971e-05,-0.002563321883369937,0.0,0.0,0.0,0.0,0.025914594505372084,0.002563321883369937,1,380,1788599349.2798967
1788599385.925742,36.632000,gate_sweep_high_r04,0.0104812141507864,-0.02401707152603194,0.00023746490478515625,-0.0021230044923216534,0.0,0.0,0.0,0.0,0.026205571246248074,0.0021230044923216534,1,380,1788599349.2937157
1788599385.980229,36.664000,gate_sweep_high_r04,0.011489717289805412,-0.024072975502349436,0.000856056809425354,-0.001996424448734388,0.0,0.0,0.0,0.0,0.026688098212449177,0.001996424448734388,1,380,1788599349.316211
1788599386.038268,36.700000,gate_sweep_high_r04,0.012579884380102158,-0.024063064134679735,0.0014287680387496948,-0.0013366952891986708,0.0,0.0,0.0,0.0,0.02719054844380674,0.0013366952891986706,1,380,1788599349.3382518
1788599386.129502,36.732000,gate_sweep_high_r04,0.01331740990281105,-0.0239937697770074,0.0017186403274536133,-0.0014082212249543343,0.0,0.0,0.0,0.0,0.02749560181568451,0.001408221224954334,1,380,1788599349.3974836
1788599386.181225,36.764000,gate_sweep_high_r04,0.014366436749696732,-0.02385567413875833,0.0020753294229507446,-0.0016505001418555037,0.0,0.0,0.0,0.0,0.027924804130224887,0.0016505001418555037,1,380,1788599349.4172082
1788599386.226982,36.796000,gate_sweep_high_r04,0.015496928244829178,-0.023704644409008324,0.00240933895111084,-0.0017698984051819566,0.0,0.0,0.0,0.0,0.02842305166171032,0.0017698984051819566,1,380,1788599349.4309626
1788599386.280782,36.832000,gate_sweep_high_r04,0.01671797689050436,-0.023523572483099997,0.002696126699447632,-0.0020597715319910707,0.0,0.0,0.0,0.0,0.028984794511235912,0.0020597715319910707,1,380,1788599349.4487648
1788599386.325957,36.864000,gate_sweep_high_r04,0.01829925086349249,-0.02326083101797849,0.0029012858867645264,-0.00192668953399802,0.0,0.0,0.0,0.0,0.02973796061616734,0.00192668953399802,1,380,1788599349.461937
1788599386.373461,36.896000,gate_sweep_high_r04,0.019560529850423336,-0.023061463492922485,0.0029447227716445923,-0.0012529021939788408,0.0,0.0,0.0,0.0,0.030382837567721373,0.0012529021939788408,1,380,1788599349.4774432
1788599386.418460,36.928000,gate_sweep_high_r04,0.020510944537818432,-0.022915550507605076,0.002916589379310608,-0.0006754203787225098,0.0,0.0,0.0,0.0,0.030892196336738027,0.0006754203787225098,1,380,1788599349.4904442
1788599386.463931,36.964000,gate_sweep_high_r04,0.02207834552973509,-0.022633772576227784,0.002886950969696045,0.0002578548526446481,0.0,0.0,0.0,0.0,0.031750204538934915,0.0002578548526446481,1,380,1788599349.4999118
1788599386.580326,36.996000,gate_sweep_high_r04,0.023308521136641502,-0.022332729771733284,0.002861812710762024,0.0006235435487490584,0.0,0.0,0.0,0.0,0.0324072206248238,0.0006235435487490584,1,380,1788599349.5843074
1788599386.633097,37.028000,gate_sweep_high_r04,0.02450799336656928,-0.021957646822556853,0.002809077501296997,0.0003675739524409395,0.0,0.0,0.0,0.0,0.03302530710301174,0.00036757395244093954,1,380,1788599349.6050804
1788599386.677500,37.060000,gate_sweep_high_r04,0.025925652589648962,-0.021370316622778773,0.0027952194213867188,0.0007193620016143089,0.0,0.0,0.0,0.0,0.033714138671641664,0.0007193620016143089,1,380,1788599349.6174848
1788599386.726539,37.096000,gate_sweep_high_r04,0.026996121974661946,-0.020797367906197906,0.002720162272453308,0.0012628871997998382,0.0,0.0,0.0,0.0,0.0341865528575938,0.001262887199799838,1,380,1788599349.63051
1788599386.776908,37.128000,gate_sweep_high_r04,0.027763671707361937,-0.020336137153208256,0.002612397074699402,0.000596563043460217,0.0,0.0,0.0,0.0,0.0345138314225495,0.000596563043460217,1,380,1788599349.6488895
1788599386.821786,37.160000,gate_sweep_high_r04,0.028735004598274827,-0.019715835340321064,0.002485513687133789,0.0014192090886615267,0.0,0.0,0.0,0.0,0.034936977984915324,0.0014192090886615267,1,380,1788599349.6617665
1788599386.868416,37.192000,gate_sweep_high_r04,0.029869497928302735,-0.01891506975516677,0.0023629367351531982,0.0027716273276905496,0.0,0.0,0.0,0.0,0.03543374437377515,0.0027716273276905496,1,380,1788599349.6764011
1788599386.918887,37.228000,gate_sweep_high_r04,0.030723522577318363,-0.018304073717445135,0.0022552460432052612,0.0029114220154530484,0.0,0.0,0.0,0.0,0.03583378418375667,0.002911422015453048,1,380,1788599349.6908681
1788599386.964965,37.260000,gate_sweep_high_r04,0.03157871263101697,-0.017756475135684013,0.0021946728229522705,0.003324203244257949,0.0,0.0,0.0,0.0,0.03629495956019679,0.003324203244257949,1,380,1788599349.7049487
1788599387.008086,37.292000,gate_sweep_high_r04,0.03223779972176999,-0.017402994446456432,0.0021872520446777344,0.003453963060716122,0.0,0.0,0.0,0.0,0.036700463459080374,0.003453963060716122,1,380,1788599349.7160697
1788599387.052180,37.324000,gate_sweep_high_r04,0.033383691450580955,-0.016961803659796715,0.0021666288375854492,0.004157709687321273,0.0,0.0,0.0,0.0,0.037508238012214624,0.004157709687321273,1,380,1788599349.7281594
1788599387.101595,37.360000,gate_sweep_high_r04,0.03433072101324797,-0.016714042983949184,0.0021191537380218506,0.004693855691092529,0.0,0.0,0.0,0.0,0.03824197236969007,0.004693855691092529,1,380,1788599349.7415776
1788599387.150412,37.392000,gate_sweep_high_r04,0.035285350400954485,-0.016496471129357815,0.0020480453968048096,0.004328611025872847,0.0,0.0,0.0,0.0,0.03900492279940121,0.004328611025872847,1,380,1788599349.7583902
1788599387.195547,37.424000,gate_sweep_high_r04,0.03645428642630577,-0.016217993572354317,0.002068623900413513,0.004342299842010279,0.0,0.0,0.0,0.0,0.0399526910133151,0.004342299842010279,1,380,1788599349.7715273
1788599387.239707,37.456000,gate_sweep_high_r04,0.03736089030280709,-0.015958205796778202,0.0021133869886398315,0.004410439071652711,0.0,0.0,0.0,0.0,0.04068128391575741,0.004410439071652711,1,380,1788599349.7836866
1788599387.286591,37.492000,gate_sweep_high_r04,0.0380280208773911,-0.015737409703433514,0.0021432042121887207,0.004711527277913504,0.0,0.0,0.0,0.0,0.04121152460562652,0.004711527277913504,1,380,1788599349.7945735
1788599387.330229,37.524000,gate_sweep_high_r04,0.039135455153882504,-0.015329926274716854,0.0022849738597869873,0.004875602611492065,0.0,0.0,0.0,0.0,0.042092892455018016,0.004875602611492064,1,380,1788599349.8062081
1788599387.373231,37.556000,gate_sweep_high_r04,0.040011024102568626,-0.014954445883631706,0.002338513731956482,0.006125749553324611,0.0,0.0,0.0,0.0,0.042778337367145834,0.006125749553324611,1,380,1788599349.8172135
1788599387.418929,37.588000,gate_sweep_high_r04,0.04083417262881994,-0.014504809863865376,0.0023638159036636353,0.007741673921213973,0.0,0.0,0.0,0.0,0.04339823486149601,0.007741673921213973,1,380,1788599349.8309133
1788599387.465394,37.624000,gate_sweep_high_r04,0.041762104257941246,-0.013837783597409725,0.002423524856567383,0.008575265582169783,0.0,0.0,0.0,0.0,0.04406167359134575,0.008575265582169783,1,380,1788599349.8413734
1788599387.508886,37.656000,gate_sweep_high_r04,0.0424137357622385,-0.013209438882768154,0.0024454742670059204,0.009121622043798707,0.0,0.0,0.0,0.0,0.04449038774046777,0.009121622043798707,1,380,1788599349.8528707
1788599387.555534,37.688000,gate_sweep_high_r04,0.042859556153416634,-0.012713058851659298,0.0024551302194595337,0.009661037363431315,0.0,0.0,0.0,0.0,0.044772659999469874,0.009661037363431314,1,380,1788599349.8675065
1788599387.599583,37.720000,gate_sweep_high_r04,0.043500663712620735,-0.011776967905461788,0.002290591597557068,0.011371791579874039,0.0,0.0,0.0,0.0,0.04512484378201873,0.011371791579874039,1,380,1788599349.8795624
1788599387.647640,37.756000,gate_sweep_high_r04,0.04394700098782778,-0.01094536017626524,0.0021720826625823975,0.012068504289708158,0.0,0.0,0.0,0.0,0.045341567554567405,0.012068504289708158,1,380,1788599349.89162
1788599387.692098,37.788000,gate_sweep_high_r04,0.0443394398316741,-0.010053349658846855,0.002107784152030945,0.011678070332130022,0.0,0.0,0.0,0.0,0.04551371790989214,0.011678070332130022,1,380,1788599349.9040818
1788599387.735767,37.820000,gate_sweep_high_r04,0.0446300832554698,-0.009109449572861195,0.0021276921033859253,0.01252463401810616,0.0,0.0,0.0,0.0,0.045599928471407467,0.01252463401810616,1,380,1788599349.9157484
1788599387.779044,37.852000,gate_sweep_high_r04,0.04483055043965578,-0.007865658029913902,0.0021041929721832275,0.012015654142158562,0.0,0.0,0.0,0.0,0.04556396006747279,0.012015654142158562,1,380,1788599349.9270217
1788599387.828125,37.888000,gate_sweep_high_r04,0.04487635660916567,-0.007106387987732887,0.0020574182271957397,0.011946889997331102,0.0,0.0,0.0,0.0,0.04548209650518321,0.011946889997331104,1,380,1788599349.9401047
1788599387.874950,37.920000,gate_sweep_high_r04,0.04489428363740444,-0.006107641384005547,0.001913905143737793,0.011570657145369997,0.0,0.0,0.0,0.0,0.04534824163614906,0.011570657145369995,1,380,1788599349.9549267
1788599387.919353,37.952000,gate_sweep_high_r04,0.04489913955330849,-0.0051445383578538895,0.0017814189195632935,0.011430198874716021,0.0,0.0,0.0,0.0,0.04522800527228543,0.011430198874716021,1,380,1788599349.9673364
1788599387.966661,37.984000,gate_sweep_high_r04,0.04488020483404398,-0.004021657630801201,0.0016224682331085205,0.011610795440534663,0.0,0.0,0.0,0.0,0.04508923285234039,0.011610795440534661,1,380,1788599349.9826357
1788599388.015879,38.020000,gate_sweep_high_r04,0.04486209712922573,-0.0031748563051223755,0.0015008002519607544,0.011805381084207764,0.0,0.0,0.0,0.0,0.04499933191489119,0.011805381084207764,1,380,1788599349.9958413
1788599388.058045,38.052000,gate_sweep_high_r04,0.044866325333714485,-0.0025864355266094208,0.0014793574810028076,0.01257726529127771,0.0,0.0,0.0,0.0,0.04496515646854369,0.01257726529127771,1,380,1788599350.0060258
1788599388.104234,38.084000,gate_sweep_high_r04,0.04489869065582752,-0.0017509963363409042,0.001582503318786621,0.012447642374990606,0.0,0.0,0.0,0.0,0.04496067979392153,0.012447642374990606,1,380,1788599350.020215
1788599388.151665,38.116000,gate_sweep_high_r04,0.04493661317974329,-0.001197556033730507,0.0017796754837036133,0.012003006407691036,0.0,0.0,0.0,0.0,0.04498778266759875,0.012003006407691036,1,380,1788599350.0356467
1788599388.200058,38.152000,gate_sweep_high_r04,0.04499777499586344,-0.0007783789187669754,0.002024233341217041,0.011654341114591444,0.0,0.0,0.0,0.0,0.045050007202432595,0.011654341114591444,1,380,1788599350.0480344
1788599388.244080,38.184000,gate_sweep_high_r04,0.045072441920638084,-0.0004654005169868469,0.0023926347494125366,0.011398166903025277,0.0,0.0,0.0,0.0,0.04513830213216489,0.011398166903025277,1,380,1788599350.0600562
1788599388.287863,38.216000,gate_sweep_high_r04,0.04511134047061205,-0.0003201570361852646,0.0027298927307128906,0.011610036057494638,0.0,0.0,0.0,0.0,0.04519499810714122,0.011610036057494638,1,380,1788599350.0718307
1788599388.332824,38.248000,gate_sweep_high_r04,0.045126485638320446,-0.00026011280715465546,0.00296628475189209,0.011780939044373448,0.0,0.0,0.0,0.0,0.04522461951158124,0.011780939044373448,1,380,1788599350.0848038
1788599388.378360,38.284000,gate_sweep_high_r04,0.045113010331988335,-0.0002445261925458908,0.003309085965156555,0.011545382162098614,0.0,0.0,0.0,0.0,0.04523487088737762,0.011545382162098614,1,380,1788599350.094343
1788599388.423806,38.316000,gate_sweep_high_r04,0.04507604334503412,-0.000321781262755394,0.0035904794931411743,0.0108385360754823,0.0,0.0,0.0,0.0,0.045219959860830515,0.0108385360754823,1,380,1788599350.1077926
1788599388.472178,38.348000,gate_sweep_high_r04,0.045044127851724625,-0.0004907175898551941,0.0038517266511917114,0.010831869903128045,0.0,0.0,0.0,0.0,0.045211171803781064,0.010831869903128045,1,380,1788599350.1241593
1788599388.520914,38.380000,gate_sweep_high_r04,0.04506917018443346,-0.0007827132940292358,0.00418129563331604,0.010637872789052674,0.0,0.0,0.0,0.0,0.04526948171105191,0.010637872789052674,1,380,1788599350.1408975
1788599388.565206,38.416000,gate_sweep_high_r04,0.04515798669308424,-0.0010515041649341583,0.004452317953109741,0.010074791451264636,0.0,0.0,0.0,0.0,0.04538912378904478,0.010074791451264636,1,380,1788599350.1491876
1788599388.611864,38.448000,gate_sweep_high_r04,0.04527527652680874,-0.0012570396065711975,0.004616141319274902,0.010406385013830512,0.0,0.0,0.0,0.0,0.045527349734319086,0.010406385013830512,1,380,1788599350.1638377
1788599388.654871,38.480000,gate_sweep_high_r04,0.04546536412090063,-0.001529427245259285,0.004800200462341309,0.010506124150143095,0.0,0.0,0.0,0.0,0.0457436378835711,0.010506124150143093,1,380,1788599350.174843
1788599388.706675,38.512000,gate_sweep_high_r04,0.04574100486934185,-0.0019066184759140015,0.004994943737983704,0.011217107785343315,0.0,0.0,0.0,0.0,0.04605240692315087,0.011217107785343313,1,380,1788599350.194644
1788599388.750509,38.548000,gate_sweep_high_r04,0.0460426164790988,-0.002230372279882431,0.005096033215522766,0.010749378503046348,0.0,0.0,0.0,0.0,0.04637743683389542,0.010749378503046348,1,380,1788599350.202483
1788599388.798731,38.580000,gate_sweep_high_r04,0.04643525741994381,-0.0025786086916923523,0.005132496356964111,0.008864290781805203,0.0,0.0,0.0,0.0,0.04678915337228884,0.008864290781805203,1,380,1788599350.218711
1788599388.846681,38.612000,gate_sweep_high_r04,0.046760737895965576,-0.0028638914227485657,0.005047708749771118,0.007710264304998249,0.0,0.0,0.0,0.0,0.04711950600631335,0.007710264304998249,1,380,1788599350.2346618
1788599388.892138,38.644000,gate_sweep_high_r04,0.0473210234194994,-0.0033597033470869064,0.004804238677024841,0.007970457021799968,0.0,0.0,0.0,0.0,0.04768278067935068,0.007970457021799968,1,380,1788599350.2481158
1788599388.936783,38.680000,gate_sweep_high_r04,0.0477580800652504,-0.0037089753895998,0.004573628306388855,0.008906501799955046,0.0,0.0,0.0,0.0,0.048119733850516315,0.008906501799955044,1,380,1788599350.2567668
1788599388.986300,38.712000,gate_sweep_high_r04,0.0481621902436018,-0.004002712666988373,0.00437501072883606,0.008917686989208229,0.0,0.0,0.0,0.0,0.048525859050951296,0.008917686989208229,1,380,1788599350.2742763
1788599389.032730,38.744000,gate_sweep_high_r04,0.04861366003751755,-0.00429891049861908,0.00414121150970459,0.00916452970365937,0.0,0.0,0.0,0.0,0.04897875260239462,0.00916452970365937,1,380,1788599350.28871
1788599389.079409,38.776000,gate_sweep_high_r04,0.048922061920166016,-0.00449088029563427,0.003927707672119141,0.009953711995325281,0.0,0.0,0.0,0.0,0.04928451111564258,0.009953711995325281,1,380,1788599350.3033926
1788599389.129883,38.812000,gate_sweep_high_r04,0.0491201039403677,-0.004622777923941612,0.003808751702308655,0.010073197092016328,0.0,0.0,0.0,0.0,0.04948394968448302,0.010073197092016328,1,380,1788599350.3178465
1788599389.179904,38.844000,gate_sweep_high_r04,0.04936964996159077,-0.004811245948076248,0.003639906644821167,0.010086572383757882,0.0,0.0,0.0,0.0,0.049736901243301164,0.010086572383757882,1,380,1788599350.3358874
1788599389.226166,38.876000,gate_sweep_high_r04,0.04949069395661354,-0.004926661029458046,0.0035519301891326904,0.009314931773951667,0.0,0.0,0.0,0.0,0.04986197935576602,0.009314931773951667,1,380,1788599350.3501482
1788599389.274614,38.908000,gate_sweep_high_r04,0.04954298958182335,-0.0050289928913116455,0.003534868359565735,0.009287326616840048,0.0,0.0,0.0,0.0,0.04992287932927125,0.009287326616840048,1,380,1788599350.3665972
1788599389.322150,38.944000,gate_sweep_high_r04,0.04952909238636494,-0.005155939608812332,0.003538966178894043,0.009112416803245394,0.0,0.0,0.0,0.0,0.04992232954783009,0.009112416803245394,1,380,1788599350.378129
1788599389.369333,38.976000,gate_sweep_high_r04,0.04946949705481529,-0.005273522809147835,0.003549829125404358,0.008203905463815182,0.0,0.0,0.0,0.0,0.04987627159777032,0.008203905463815182,1,380,1788599350.3933146
1788599389.415382,39.008000,gate_sweep_high_r04,0.049423081800341606,-0.0053573474287986755,0.003502562642097473,0.00754794650671287,0.0,0.0,0.0,0.0,0.04983583179979973,0.00754794650671287,1,380,1788599350.407361
1788599389.470218,39.040000,gate_sweep_high_r04,0.04932176321744919,-0.005463218316435814,0.0033549219369888306,0.007130644728263167,0.0,0.0,0.0,0.0,0.04973669251623446,0.007130644728263167,1,380,1788599350.4301965
1788599389.515225,39.076000,gate_sweep_high_r04,0.04920179955661297,-0.005525942891836166,0.0032059699296951294,0.006529617556817039,0.0,0.0,0.0,0.0,0.04961483011805103,0.006529617556817038,1,380,1788599350.439203
1788599389.558488,39.108000,gate_sweep_high_r04,0.049059733748435974,-0.0055778492242097855,0.0030744820833206177,0.005320361536110705,0.0,0.0,0.0,0.0,0.04947142930536882,0.005320361536110705,1,380,1788599350.45047
1788599389.606276,39.140000,gate_sweep_high_r04,0.048920176923274994,-0.005618598312139511,0.002970770001411438,0.00438420833918538,0.0,0.0,0.0,0.0,0.04933130681016863,0.00438420833918538,1,380,1788599350.4662547
1788599389.651350,39.172000,gate_sweep_high_r04,0.04871581308543682,-0.005734004080295563,0.002833321690559387,0.0037487354520228137,0.0,0.0,0.0,0.0,0.04913386774079828,0.0037487354520228137,1,380,1788599350.4793289
1788599389.703300,39.208000,gate_sweep_high_r04,0.048568982630968094,-0.005874196067452431,0.002743765711784363,0.00323940705485977,0.0,0.0,0.0,0.0,0.048999801055997334,0.00323940705485977,1,380,1788599350.4952793
1788599389.745623,39.240000,gate_sweep_high_r04,0.0483622420579195,-0.006126154214143753,0.0026256144046783447,0.003266467052290074,0.0,0.0,0.0,0.0,0.048819361664470005,0.0032664670522900736,1,380,1788599350.5056028
1788599389.790884,39.272000,gate_sweep_high_r04,0.04814457707107067,-0.00643099844455719,0.002496853470802307,0.002965819935612579,0.0,0.0,0.0,0.0,0.04863632715985879,0.002965819935612579,1,380,1788599350.51886
1788599389.835604,39.304000,gate_sweep_high_r04,0.047824520617723465,-0.0069215260446071625,0.002265051007270813,0.0022660467214109512,0.0,0.0,0.0,0.0,0.048375848841821584,0.0022660467214109512,1,380,1788599350.5315855
1788599389.883325,39.340000,gate_sweep_high_r04,0.04751965031027794,-0.007408205419778824,0.0020556598901748657,0.000950486345800091,0.0,0.0,0.0,0.0,0.04813755717458887,0.000950486345800091,1,380,1788599350.5433042
1788599389.928477,39.372000,gate_sweep_high_r04,0.04726502113044262,-0.007807163521647453,0.001924946904182434,0.0005678096886230933,0.0,0.0,0.0,0.0,0.04794412837145808,0.0005678096886230933,1,380,1788599350.556459
1788599389.973403,39.404000,gate_sweep_high_r04,0.046776045113801956,-0.008474620059132576,0.0016720443964004517,0.000584637393407558,0.0,0.0,0.0,0.0,0.047566935092547454,0.000584637393407558,1,380,1788599350.5693822
1788599390.019773,39.436000,gate_sweep_high_r04,0.04630700312554836,-0.008988641202449799,0.001413300633430481,-0.0003308112841964273,0.0,0.0,0.0,0.0,0.047192495460786764,0.0003308112841964274,1,380,1788599350.5837426
1788599390.068303,39.472000,gate_sweep_high_r04,0.0457722432911396,-0.009511062875390053,0.0011762231588363647,-0.0008707826734128415,0.0,0.0,0.0,0.0,0.046764752472800285,0.0008707826734128415,1,380,1788599350.5962744
1788599390.116631,39.504000,gate_sweep_high_r04,0.045020390301942825,-0.010204872116446495,0.0009780079126358032,-0.0015949743445919761,0.0,0.0,0.0,0.0,0.04617284328833858,0.0015949743445919761,1,380,1788599350.6126113
1788599390.162416,39.536000,gate_sweep_high_r04,0.04439437389373779,-0.01076322142034769,0.0008735209703445435,-0.0031660077540989935,0.0,0.0,0.0,0.0,0.04568884336078175,0.0031660077540989935,1,380,1788599350.626395
1788599390.207826,39.568000,gate_sweep_high_r04,0.04391751904040575,-0.011187035590410233,0.0008374303579330444,-0.0033842313137179923,0.0,0.0,0.0,0.0,0.04532769058279822,0.0033842313137179923,1,380,1788599350.6398067
1788599390.253158,39.604000,gate_sweep_high_r04,0.04312850255519152,-0.011931555345654488,0.0007880032062530518,-0.00475388400866327,0.0,0.0,0.0,0.0,0.04475545435667749,0.00475388400866327,1,380,1788599350.649137
1788599390.300784,39.636000,gate_sweep_high_r04,0.04251601733267307,-0.012557328678667545,0.0007792264223098755,-0.004767536507618783,0.0,0.0,0.0,0.0,0.04433853208207811,0.004767536507618782,1,380,1788599350.6647654
1788599390.347739,39.668000,gate_sweep_high_r04,0.04189496859908104,-0.013196703977882862,0.0007758438587188721,-0.005682695618591187,0.0,0.0,0.0,0.0,0.04393112021666381,0.005682695618591188,1,380,1788599350.679709
1788599390.391529,39.700000,gate_sweep_high_r04,0.04107124172151089,-0.014022158458828926,0.0007611215114593506,-0.005150349482978618,0.0,0.0,0.0,0.0,0.04340561173795953,0.005150349482978618,1,380,1788599350.6915045
1788599390.439134,39.736000,gate_sweep_high_r04,0.04037605598568916,-0.014646382071077824,0.0007516443729400635,-0.00580359541183915,0.0,0.0,0.0,0.0,0.042957041029322164,0.00580359541183915,1,380,1788599350.703116
1788599390.482125,39.768000,gate_sweep_high_r04,0.03988143987953663,-0.0150802843272686,0.0007273852825164795,-0.005721494977534361,0.0,0.0,0.0,0.0,0.04264356119750764,0.005721494977534361,1,380,1788599350.7141075
1788599390.529738,39.800000,gate_sweep_high_r04,0.03927311487495899,-0.01562643889337778,0.0007186084985733032,-0.00515106739782346,0.0,0.0,0.0,0.0,0.04227386358785316,0.00515106739782346,1,380,1788599350.7297165
1788599390.577328,39.832000,gate_sweep_high_r04,0.03860676474869251,-0.016250007785856724,0.0007778406143188477,-0.004830044560679707,0.0,0.0,0.0,0.0,0.04189451125651873,0.004830044560679708,1,380,1788599350.7453094
1788599390.624184,39.868000,gate_sweep_high_r04,0.03807802917435765,-0.01666926871985197,0.0008502304553985596,-0.005161788656655967,0.0,0.0,0.0,0.0,0.041575518244336473,0.005161788656655967,1,380,1788599350.7561696
1788599390.674526,39.900000,gate_sweep_high_r04,0.03756185481324792,-0.01700698956847191,0.0009430348873138428,-0.00611493889261293,0.0,0.0,0.0,0.0,0.0412434230634694,0.00611493889261293,1,380,1788599350.774504
1788599390.719063,39.932000,gate_sweep_high_r04,0.03720097849145532,-0.01720442110672593,0.001018717885017395,-0.006320171866530148,0.0,0.0,0.0,0.0,0.040999301121708555,0.006320171866530148,1,380,1788599350.7870486
1788599390.768805,39.964000,gate_sweep_high_r04,0.0366283836774528,-0.017409309279173613,0.0011691898107528687,-0.0056030532284755494,0.0,0.0,0.0,0.0,0.04057202909905024,0.0056030532284755494,1,380,1788599350.8047862
1788599390.813943,40.000000,gate_sweep_high_r04,0.03616755921393633,-0.017506572883576155,0.0012900233268737793,-0.005582229559504163,0.0,0.0,0.0,0.0,0.04020244512222401,0.005582229559504163,1,380,1788599350.8139243
1788599390.860245,40.032000,gate_sweep_high_r04,0.035674470011144876,-0.017556267324835062,0.0013975054025650024,-0.0054113085178838765,0.0,0.0,0.0,0.0,0.03978496392240848,0.005411308517883876,1,380,1788599350.8282237
1788599390.909690,40.064000,gate_sweep_high_r04,0.035049115773290396,-0.017583563923835754,0.001585453748703003,-0.004848197872298649,0.0,0.0,0.0,0.0,0.03924456523319386,0.004848197872298649,1,380,1788599350.8456717
1788599390.957423,40.096000,gate_sweep_high_r04,0.03455597395077348,-0.017585703171789646,0.0017392635345458984,-0.00468464045407096,0.0,0.0,0.0,0.0,0.03881233475810787,0.00468464045407096,1,380,1788599350.861404
1788599391.007755,40.132000,gate_sweep_high_r04,0.034199940506368876,-0.017588953021913767,0.001859232783317566,-0.004561640189290065,0.0,0.0,0.0,0.0,0.03850277841388622,0.004561640189290065,1,380,1788599350.8757362
1788599391.053843,40.164000,gate_sweep_high_r04,0.03362653078511357,-0.017620285507291555,0.002119094133377075,-0.004257510160160563,0.0,0.0,0.0,0.0,0.038022474852996785,0.004257510160160563,1,380,1788599350.8898182
1788599391.100284,40.196000,gate_sweep_high_r04,0.03315293765626848,-0.017663016449660063,0.002376645803451538,-0.003919707188559827,0.0,0.0,0.0,0.0,0.03763971135139655,0.003919707188559827,1,380,1788599350.9042635
1788599391.145921,40.228000,gate_sweep_high_r04,0.03263258538208902,-0.01769698364660144,0.002711862325668335,-0.004630413090739968,0.0,0.0,0.0,0.0,0.03722127155513078,0.004630413090739968,1,380,1788599350.9179022
1788599391.194497,40.264000,gate_sweep_high_r04,0.03192906896583736,-0.017707173246890306,0.0030438601970672607,-0.003428052471371805,0.0,0.0,0.0,0.0,0.03663706476124795,0.0034280524713718053,1,380,1788599350.930481
1788599391.241480,40.296000,gate_sweep_high_r04,0.031303116236813366,-0.01767761167138815,0.0032959729433059692,-0.0038072536617697384,0.0,0.0,0.0,0.0,0.03610050523445416,0.0038072536617697384,1,380,1788599350.9454613
1788599391.287563,40.328000,gate_sweep_high_r04,0.030825605063000694,-0.01763806352391839,0.003482252359390259,-0.004470035484480154,0.0,0.0,0.0,0.0,0.035685365261803804,0.004470035484480154,1,380,1788599350.9595451
1788599391.330567,40.360000,gate_sweep_high_r04,0.029998802754562348,-0.017501533962786198,0.003723740577697754,-0.004276036123146104,0.0,0.0,0.0,0.0,0.03492990268591782,0.004276036123146104,1,380,1788599350.970549
1788599391.382643,40.396000,gate_sweep_high_r04,0.029313962324522436,-0.017333954572677612,0.003867402672767639,-0.005143433346590677,0.0,0.0,0.0,0.0,0.034274351514281085,0.005143433346590677,1,380,1788599350.9866245
1788599391.430280,40.428000,gate_sweep_high_r04,0.028607874643057585,-0.01711737224832177,0.003961488604545593,-0.004702309490498166,0.0,0.0,0.0,0.0,0.033572433874303156,0.004702309490498166,1,380,1788599351.0022573
1788599391.473908,40.460000,gate_sweep_high_r04,0.02791916416026652,-0.01688536861911416,0.003969401121139526,-0.004969073826584784,0.0,0.0,0.0,0.0,0.03286870161828391,0.004969073826584784,1,380,1788599351.0138805
1788599391.519216,40.492000,gate_sweep_high_r04,0.027130830567330122,-0.016591551713645458,0.0038616210222244263,-0.003551390990984501,0.0,0.0,0.0,0.0,0.032035506433628166,0.003551390990984501,1,380,1788599351.0271962
1788599391.567091,40.528000,gate_sweep_high_r04,0.02669200603850186,-0.016391946002840996,0.0037574470043182373,-0.003192618415268649,0.0,0.0,0.0,0.0,0.03154801876679001,0.003192618415268649,1,380,1788599351.0390687
1788599391.610679,40.560000,gate_sweep_high_r04,0.026112347841262817,-0.01610319409519434,0.0036070942878723145,-0.0028713045639366034,0.0,0.0,0.0,0.0,0.030889783085224245,0.002871304563936604,1,380,1788599351.0506628
1788599391.657504,40.592000,gate_sweep_high_r04,0.0255260793492198,-0.015801826491951942,0.0034656822681427,-0.0030795980095948017,0.0,0.0,0.0,0.0,0.030220678367768955,0.0030795980095948017,1,380,1788599351.0654807
1788599391.705167,40.624000,gate_sweep_high_r04,0.024762650951743126,-0.01540659461170435,0.0032832175493240356,-0.0025434465510458383,0.0,0.0,0.0,0.0,0.029348450677394396,0.0025434465510458383,1,380,1788599351.081151
1788599391.749325,40.660000,gate_sweep_high_r04,0.02416186360642314,-0.01509838830679655,0.0031591802835464478,-0.003305187645107065,0.0,0.0,0.0,0.0,0.028665962437395234,0.003305187645107065,1,380,1788599351.0893073
1788599391.799504,40.692000,gate_sweep_high_r04,0.02373167686164379,-0.014865567907691002,0.00307464599609375,-0.0031245259619854747,0.0,0.0,0.0,0.0,0.028171457965198522,0.0031245259619854747,1,380,1788599351.1074855
1788599391.841988,40.724000,gate_sweep_high_r04,0.02304376382380724,-0.014483397826552391,0.002964526414871216,-0.002745594205308388,0.0,0.0,0.0,0.0,0.027378317710079612,0.0027455942053083876,1,380,1788599351.117969
1788599391.889147,40.756000,gate_sweep_high_r04,0.02250986546278,-0.014196807518601418,0.002923056483268738,-0.0027764768228939166,0.0,0.0,0.0,0.0,0.02677289013306283,0.0027764768228939166,1,380,1788599351.1331284
1788599391.939397,40.792000,gate_sweep_high_r04,0.021981061436235905,-0.013898449018597603,0.002931267023086548,-0.002240754354700673,0.0,0.0,0.0,0.0,0.02617109614339393,0.0022407543547006735,1,380,1788599351.1473777
1788599391.983749,40.824000,gate_sweep_high_r04,0.0213194927200675,-0.013549857772886753,0.0030358731746673584,-0.002172861105107664,0.0,0.0,0.0,0.0,0.02544279743737185,0.002172861105107664,1,380,1788599351.1597295
1788599392.029727,40.856000,gate_sweep_high_r04,0.020790995098650455,-0.013302495703101158,0.0031111836433410645,-0.002911016022972606,0.0,0.0,0.0,0.0,0.024877727645139236,0.0029110160229726054,1,380,1788599351.1737087
1788599392.074725,40.888000,gate_sweep_high_r04,0.02039342373609543,-0.013126646168529987,0.0031753182411193848,-0.0028424626283437104,0.0,0.0,0.0,0.0,0.024459828643024237,0.0028424626283437104,1,380,1788599351.1866994
1788599392.119782,40.924000,gate_sweep_high_r04,0.019701262935996056,-0.012841910123825073,0.003316253423690796,-0.003973760815469717,0.0,0.0,0.0,0.0,0.023749777970999933,0.003973760815469717,1,380,1788599351.1957603
1788599392.163316,40.956000,gate_sweep_high_r04,0.019120429642498493,-0.012635516002774239,0.0035113096237182617,-0.0045993728761412065,0.0,0.0,0.0,0.0,0.023185693641634177,0.0045993728761412065,1,380,1788599351.2072916
1788599392.219311,40.988000,gate_sweep_high_r04,0.018555615097284317,-0.012461122125387192,0.003769621253013611,-0.00498891326507231,0.0,0.0,0.0,0.0,0.02266716701869803,0.00498891326507231,1,380,1788599351.2312865
1788599392.261915,41.020000,gate_sweep_high_r04,0.017880935221910477,-0.012331121601164341,0.004128247499465942,-0.005368630113047126,0.0,0.0,0.0,0.0,0.022109428571758866,0.005368630113047126,1,380,1788599351.2418983
1788599392.307517,41.056000,gate_sweep_high_r04,0.017368774861097336,-0.012330545112490654,0.00443972647190094,-0.0051569535488690185,0.0,0.0,0.0,0.0,0.021758397323607084,0.0051569535488690185,1,380,1788599351.2515001
1788599392.356974,41.088000,gate_sweep_high_r04,0.017025443725287914,-0.012393604032695293,0.004682257771492004,-0.00517429559902892,0.0,0.0,0.0,0.0,0.02157291572321377,0.00517429559902892,1,380,1788599351.268953
1788599392.402984,41.120000,gate_sweep_high_r04,0.01661427691578865,-0.012532459571957588,0.005030155181884766,-0.005847015216960742,0.0,0.0,0.0,0.0,0.021410259258381276,0.005847015216960742,1,380,1788599351.2829661
1788599392.454262,41.152000,gate_sweep_high_r04,0.016279730945825577,-0.012821528129279613,0.005505308508872986,-0.005810641991926625,0.0,0.0,0.0,0.0,0.0214413069801318,0.005810641991926625,1,380,1788599351.3022408
1788599392.503835,41.188000,gate_sweep_high_r04,0.01620349381119013,-0.013078252784907818,0.005953162908554077,-0.005685923874374602,0.0,0.0,0.0,0.0,0.02165719409829006,0.005685923874374602,1,379,1788599351.3158095
1788599392.548397,41.220000,gate_sweep_high_r04,0.01630827970802784,-0.01332447025924921,0.006466537714004517,-0.005652734734754508,0.0,0.0,0.0,0.0,0.022029925209394882,0.005652734734754507,1,379,1788599351.3283763
1788599392.592026,41.252000,gate_sweep_high_r04,0.016503543592989445,-0.013500049710273743,0.006888777017593384,-0.0053466074071281625,0.000710316002368927,-0.00041439011693000793,0.0012115389108657837,-0.0006280613108982944,0.02128124895870743,0.004718546096229868,1,379,1788599351.3400044
1788599392.638532,41.284000,gate_sweep_high_r04,0.01704209018498659,-0.013776355423033237,0.0076488107442855835,-0.005532193844456003,-0.00011448562145233154,-0.000536748964805156,0.00111818325240165,0.004757613485744534,0.022633699830310338,0.010289807330200537,1,371,1788599351.3545141
1788599392.684274,41.320000,gate_sweep_high_r04,0.017643576487898827,-0.014000184834003448,0.00822293758392334,-0.005015864577653525,-0.0005347804981283844,-0.0005428398144431412,0.0017258377047255635,0.004559092730177811,0.023532214186667618,0.009574957307831335,1,348,1788599351.3642528
1788599392.735565,41.352000,gate_sweep_high_r04,0.018415702506899834,-0.014224533922970295,0.008761271834373474,0.006330679803112334,-0.0007146450807340443,-0.000864814908709377,0.002027273178100586,0.016207123096947513,0.02428577832531581,0.00987644329383518,1,337,1788599351.3835378
1788599392.777327,41.384000,gate_sweep_high_r04,0.0196260092779994,-0.014522707089781761,0.009379222989082336,0.006703229901399813,-0.0012459161225706339,-0.0005922558484598994,0.002251133555546403,0.016309850885782382,0.026086479269657934,0.00960662098438257,1,334,1788599351.3933082
1788599392.823571,41.416000,gate_sweep_high_r04,0.020833668299019337,-0.01475031953305006,0.009812548756599426,0.007756443463755197,-0.0016215669456869364,-0.000471334729809314,0.0023616852704435587,0.013739500284954485,0.027634079749389334,0.005983056821199288,1,326,1788599351.4075568
1788599392.874495,41.452000,gate_sweep_high_r04,0.021871814504265785,-0.014916857704520226,0.010113999247550964,0.008815451285420285,-0.002577797044068575,-0.0008024610579013824,0.0035000299103558064,0.01760052030803155,0.028995590836468358,0.008785069022611267,1,320,1788599351.4224722
1788599392.922276,41.484000,gate_sweep_high_r04,0.0238454882055521,-0.01519276574254036,0.010601326823234558,0.051146241349785855,-0.0035792523995041847,-0.001323841279372573,0.003939852584153414,0.04098300708149848,0.031445805794376114,0.010163234268287372,1,309,1788599351.4382548
1788599392.971318,41.516000,gate_sweep_high_r04,0.02561737922951579,-0.01537022739648819,0.011074379086494446,0.18052690699998522,-0.004064151085913181,-0.0010995048796758056,0.00541925523430109,0.11577883316616257,0.03341597206129475,0.06474807383382267,1,303,1788599351.4553013
1788599393.016647,41.548000,gate_sweep_high_r04,0.027591135120019317,-0.015484590083360672,0.011537536978721619,0.45833086354901154,-0.005293944384902716,-0.0014151260256767273,0.00576801598072052,0.3252409187171161,0.036230727917913534,0.13308994483189548,1,289,1788599351.4686227
1788599393.064243,41.584000,gate_sweep_high_r04,0.030331798101542518,-0.015522484667599201,0.012123152613639832,1.0604563407183103,-0.006000401917845011,-0.0024145934730768204,0.007772192358970642,0.7573760067363774,0.038868707528729736,0.3030803339819329,1,268,1788599351.4802253
1788599393.113595,41.616000,gate_sweep_high_r04,0.03280271659605205,-0.015441011637449265,0.012590959668159485,1.7710876174420391,-0.007072153966873884,-0.00499444967135787,0.0057397764176130295,1.367821307816483,0.041786058335933685,0.40326630962555615,1,249,1788599351.4975739
1788599393.155951,41.648000,gate_sweep_high_r04,0.03480754094198346,-0.015323792584240437,0.012934967875480652,2.4273723763907045,-0.007150355260819197,-0.007068725768476725,0.006306526251137257,2.1659022331397435,0.04327294097083318,0.26147014325096085,1,220,1788599351.5079322
1788599393.204127,41.680000,gate_sweep_high_r04,0.03861923702061176,-0.014936955645680428,0.013511821627616882,3.7621320523621784,-0.006793629378080368,-0.009340916760265827,0.005746004171669483,3.145494728963172,0.04641068849426423,0.6166373233990065,1,200,1788599351.5241072
1788599393.254571,41.716000,gate_sweep_high_r04,0.04208929371088743,-0.014428491704165936,0.013941779732704163,5.027289456205179,-0.00839224923402071,-0.013455482199788094,0.009265909902751446,4.482466439068923,0.05070696879385393,0.5448230171362562,1,195,1788599351.5385506
1788599393.312103,41.748000,gate_sweep_high_r04,0.04707380756735802,-0.01355405617505312,0.014378055930137634,6.857412438814702,-0.00951363705098629,-0.016700001433491707,0.010814720764756203,5.846310243400249,0.0567867345205209,1.0111021954144532,1,178,1788599351.5640903
1788599393.349146,41.780000,gate_sweep_high_r04,0.05028664320707321,-0.01300952211022377,0.01454894244670868,8.041867594184499,-0.010806583799421787,-0.021984640508890152,0.011511972174048424,7.393063989212991,0.06182360653321862,0.6488036049715064,1,418,1788599351.5691295
1788599393.406254,41.812000,gate_sweep_high_r04,0.055618979036808014,-0.011942258104681969,0.014778539538383484,10.212585249857439,-0.012750099413096905,-0.024910932406783104,0.012737086042761803,9.007666068179104,0.06961813652790498,1.204919181678335,1,280,1788599351.594235
1788599393.459345,41.848000,gate_sweep_high_r04,0.05883942358195782,-0.011235370300710201,0.014852568507194519,11.627058373469785,-0.016806403174996376,-0.030638093128800392,0.012606984935700893,11.025826489972145,0.07812681616745547,0.6012318834976397,1,200,1788599351.6113205
1788599393.500197,41.880000,gate_sweep_high_r04,0.06311792135238647,-0.01023073773831129,0.014865383505821228,13.618487346400826,-0.020875710994005203,-0.0357733815908432,0.016034787520766258,12.948442864895743,0.08779934188516603,0.6700444815050832,1,368,1788599351.620178
1788599393.557335,41.912000,gate_sweep_high_r04,0.06736750528216362,-0.009220742620527744,0.014804556965827942,15.683636257157746,-0.024982910603284836,-0.039545830339193344,0.020056698471307755,14.949599780312353,0.09734369650754812,0.7340364768453927,1,174,1788599351.6453152
1788599393.601671,41.944000,gate_sweep_high_r04,0.07262875512242317,-0.008020244538784027,0.014700785279273987,18.340951708323306,-0.028093844652175903,-0.045881424099206924,0.024715133011341095,17.02936040835825,0.1080684883930529,1.3115912999650563,1,350,1788599351.65765
1788599393.657396,41.980000,gate_sweep_high_r04,0.07669127359986305,-0.007132027298212051,0.01507587730884552,20.145109957338267,-0.030977072194218636,-0.051530689001083374,0.02896752394735813,19.070589714088158,0.11728892400124259,1.0745202432501109,1,205,1788599351.6773746
1788599393.702832,42.012000,gate_sweep_high_r04,0.08024682477116585,-0.006209168583154678,0.014741644263267517,21.61593535084577,-0.019648224115371704,-0.062053121626377106,0.032027121633291245,20.5020497631678,0.11574262659645737,1.1138855876779714,1,375,1788599351.690811
1788599393.755912,42.044000,gate_sweep_high_r04,0.08557268977165222,-0.003910079598426819,0.015033826231956482,23.946807179419075,-0.014736738055944443,-0.06709810346364975,0.025678426027297974,22.100230309577352,0.11902947187942485,1.846576869841723,1,241,1788599351.7118924
1788599393.794448,42.076000,gate_sweep_high_r04,0.08952536433935165,-0.0018004421144723892,0.015330865979194641,25.66724512148675,-0.008982517756521702,-0.07089845836162567,0.025017142295837402,23.689071068228028,0.12071521293187822,1.9781740532587224,1,343,1788599351.718424
1788599393.851225,42.112000,gate_sweep_high_r04,0.0931582860648632,0.00038099847733974457,0.015710487961769104,27.221992188602158,-0.0027198009192943573,-0.07521922886371613,0.028491228818893433,25.300116889745617,0.12276542377484786,1.9218752988565408,1,201,1788599351.7392025
1788599393.893667,42.144000,gate_sweep_high_r04,0.09724757447838783,0.003038419410586357,0.016305431723594666,28.94534231821172,0.002241436392068863,-0.08019157499074936,0.029990417882800102,26.57488632228869,0.12704596447074076,2.37045599592303,1,364,1788599351.7496488
1788599393.947955,42.176000,gate_sweep_high_r04,0.10021482780575752,0.0050974395126104355,0.017077401280403137,30.40482469117333,0.007408710662275553,-0.08341068029403687,0.03210629150271416,27.78098941748418,0.1291221522135989,2.623835273689152,1,194,1788599351.7719367
1788599393.987121,42.208000,gate_sweep_high_r04,0.10242686048150063,0.006434032693505287,0.017716720700263977,31.645707407050587,0.013316189870238304,-0.08587553352117538,0.02914688177406788,29.186584293722362,0.12881155310648384,2.459123113328226,1,378,1788599351.7790995
1788599394.042299,42.244000,gate_sweep_high_r04,0.10588519647717476,0.008419709280133247,0.018878623843193054,33.67191779471539,0.020720425993204117,-0.09030758589506149,0.030309099704027176,30.936681784219903,0.13088457786386654,2.7352360104954867,1,213,1788599351.7982738
1788599394.082804,42.276000,gate_sweep_high_r04,0.10840760543942451,0.009871719405055046,0.019829317927360535,35.17945091970516,0.026193199679255486,-0.09295214712619781,0.03050367347896099,32.39538901704037,0.13208292058164295,2.7840619026647837,1,358,1788599351.8067768
1788599394.140846,42.308000,gate_sweep_high_r04,0.11086663976311684,0.011178011074662209,0.020749494433403015,36.58276839476725,0.031194228678941727,-0.09350772947072983,0.026575414463877678,33.76056047364129,0.1316842386381317,2.822207921125964,1,192,1788599351.8328197
1788599394.181295,42.340000,gate_sweep_high_r04,0.11367696896195412,0.01261812262237072,0.021809712052345276,38.09519908331277,0.038802050054073334,-0.09753821790218353,0.023866847157478333,35.06126771894701,0.13321000204212913,3.033931364365768,1,343,1788599351.8412821
1788599394.242056,42.376000,gate_sweep_high_r04,0.11556367948651314,0.013525964692234993,0.02250067889690399,39.12325110687474,0.042804181575775146,-0.0960274413228035,0.021819693967700005,36.25376893529185,0.1315156152180887,2.8694821715828907,1,210,1788599351.8660357
1788599394.291604,42.408000,gate_sweep_high_r04,0.11670346930623055,0.014087999239563942,0.023031190037727356,39.79051138064943,0.045270174741744995,-0.09865866601467133,0.022584034129977226,37.178938082872286,0.1334718174248518,2.6115732977771375,1,329,1788599351.8835816
1788599394.344646,42.440000,gate_sweep_high_r04,0.11772217974066734,0.014556648209691048,0.023678913712501526,40.50162941865815,0.0514850839972496,-0.10214225202798843,0.021944956853985786,37.978767863471795,0.1341975885610235,2.522861555186352,1,198,1788599351.9046233
1788599394.393940,42.472000,gate_sweep_high_r04,0.11818237230181694,0.014879794791340828,0.024357274174690247,41.087248425058775,0.05332484468817711,-0.10298082232475281,0.022442150861024857,38.54501796787717,0.1345410407736131,2.542230457181602,1,286,1788599351.9219139
1788599394.449694,42.508000,gate_sweep_high_r04,0.11790932342410088,0.014910111203789711,0.024776145815849304,41.33139335103187,0.05525447428226471,-0.10094583034515381,0.021657800301909447,38.900107662193015,0.13174958592694996,2.4312856888388588,1,192,1788599351.9416707
1788599394.500316,42.540000,gate_sweep_high_r04,0.11735070124268532,0.014813100919127464,0.025127336382865906,41.46225805261,0.0590696781873703,-0.10228268802165985,0.017672546207904816,39.13105092769076,0.13101021079516004,2.33120712491924,1,283,1788599351.9603
1788599394.606297,42.572000,gate_sweep_high_r04,0.11682765558362007,0.014626430347561836,0.025420621037483215,41.467034979261264,0.05724059045314789,-0.10126141458749771,0.015337176620960236,39.155344158529694,0.13069922259086567,2.3116908207315685,1,170,1788599352.0342803
1788599394.657793,42.604000,gate_sweep_high_r04,0.11572238430380821,0.01418544165790081,0.025901004672050476,41.4478014439192,0.05720824748277664,-0.1008528396487236,0.01201651245355606,39.18807850841864,0.12980943531984832,2.2597229355005566,1,292,1788599352.0537755
1788599394.707761,42.640000,gate_sweep_high_r04,0.11464525386691093,0.013702290132641792,0.026284322142601013,41.43364613943779,0.05864337086677551,-0.0994817391037941,0.0039752814918756485,39.15315633409019,0.12823622213910915,2.2804898053476,1,261,1788599352.0677392
1788599394.753653,42.672000,gate_sweep_high_r04,0.11371594294905663,0.013251913711428642,0.02657310664653778,41.42428173401894,0.06105803698301315,-0.09872520714998245,0.000517706386744976,39.158509303817475,0.12645400167585744,2.2657724302014683,1,210,1788599352.081632
1788599394.806548,42.704000,gate_sweep_high_r04,0.11190931126475334,0.012290870770812035,0.027017608284950256,41.40846021895096,0.06290818005800247,-0.09811832010746002,-0.0033907205797731876,39.17605279806826,0.12456310350292779,2.232407420882689,1,197,1788599352.1025083
1788599394.854968,42.736000,gate_sweep_high_r04,0.11020931228995323,0.011284267529845238,0.027337834239006042,41.39540686174093,0.0637054443359375,-0.09664878994226456,-0.008430845104157925,39.172890561443886,0.12284768232211941,2.222516300297046,1,191,1788599352.11895
1788599394.908887,42.772000,gate_sweep_high_r04,0.10827900841832161,0.010024139657616615,0.027658894658088684,41.383537905016034,0.06529423594474792,-0.09518744051456451,-0.012138836085796356,39.171989260795044,0.12042020860011399,2.2115486442209855,1,183,1788599352.1368392
1788599394.960555,42.804000,gate_sweep_high_r04,0.10555163398385048,0.008072895929217339,0.028114333748817444,41.37155996901979,0.06804206222295761,-0.09346051514148712,-0.01797328144311905,39.181875510829606,0.11764382606587664,2.1896844581901806,1,174,1788599352.1565192
1788599395.021397,42.836000,gate_sweep_high_r04,0.10313989594578743,0.006230263039469719,0.0285351425409317,41.36776187865801,0.07006192207336426,-0.09116461873054504,-0.02010299824178219,39.194946623601446,0.11377866271537454,2.1728152550565585,1,168,1788599352.1853707
1788599395.062062,42.868000,gate_sweep_high_r04,0.10119165852665901,0.004692012444138527,0.028867200016975403,41.39276560642563,0.07198668271303177,-0.08989248424768448,-0.025041300803422928,39.22329880429092,0.11271771860458726,2.1694668021347128,1,299,1788599352.194043
1788599395.108090,42.904000,gate_sweep_high_r04,0.09784786030650139,0.0018947068601846695,0.029493466019630432,41.63799583891554,0.0750231146812439,-0.08805041015148163,-0.02737310715019703,39.395476140930505,0.10883427875067392,2.2425196979850393,1,207,1788599352.204072
1788599395.159676,42.936000,gate_sweep_high_r04,0.09570304676890373,2.8312206268310547e-06,0.030415549874305725,42.078745937710856,0.08428330719470978,-0.08257928490638733,-0.026738910004496574,39.81586112655258,0.10107842816345972,2.262884811158269,1,190,1788599352.2236586
1788599395.213549,42.968000,gate_sweep_high_r04,0.09425521269440651,-0.0013087112456560135,0.03302909433841705,42.685128022099825,0.10271380841732025,-0.07780470699071884,-0.033004097640514374,40.438243419995565,0.10140792695622358,2.246884602104262,1,173,1788599352.2455213
1788599395.264986,43.000000,gate_sweep_high_r04,0.09304781630635262,-0.002427881583571434,0.039619460701942444,43.68512862680456,0.11877058446407318,-0.06919828802347183,-0.03737236559391022,41.17489860754058,0.10510798872690927,2.5102300192639797,1,288,1788599352.264959
1788599395.322234,43.036000,gate_sweep_high_r04,0.09212855622172356,-0.0031710434705018997,0.04780195653438568,44.6800660246751,0.13266760110855103,-0.05811136215925217,-0.03439357504248619,42.169111070017784,0.10685484635318229,2.510954954657313,1,187,1788599352.2862084
1788599395.362525,43.068000,gate_sweep_high_r04,0.0911954753100872,-0.0037411488592624664,0.05565102398395538,45.53994422297751,0.14419081807136536,-0.04956287518143654,-0.030321473255753517,43.229329647898304,0.11090269265965245,2.3106145750792098,1,288,1788599352.294502
1788599395.417801,43.100000,gate_sweep_high_r04,0.08928689733147621,-0.0046555399894714355,0.06839089095592499,46.829167128382494,0.1453322023153305,-0.045642852783203125,-0.02071012184023857,44.419803379493395,0.1129602872787005,2.4093637488891018,1,193,1788599352.3177855
1788599395.459376,43.132000,gate_sweep_high_r04,0.08520777150988579,-0.00642283633351326,0.08789439499378204,48.666591577251495,0.15195804834365845,-0.0442691408097744,0.0018336940556764603,45.83566138179635,0.11530128562099036,2.830930195455145,1,325,1788599352.3273568
1788599395.521369,43.168000,gate_sweep_high_r04,0.080202117562294,-0.008561164140701294,0.10621733963489532,50.30697696206229,0.1593669056892395,-0.04220665246248245,0.018829427659511566,47.68121375334564,0.12262026636332472,2.6257632087166534,1,197,1788599352.3533404
1788599395.558740,43.200000,gate_sweep_high_r04,0.07341428101062775,-0.011525474488735199,0.1269429475069046,52.09110658772121,0.16405946016311646,-0.06043965369462967,0.04554980248212814,49.61535458738554,0.13127829023870408,2.475752000335671,1,320,1788599352.3587232
1788599395.615392,43.232000,gate_sweep_high_r04,0.06720317155122757,-0.014286370947957039,0.1439664214849472,53.517777016699505,0.15331031382083893,-0.06213986501097679,0.08142833411693573,51.4235627062829,0.11668508566019735,2.094214310416609,1,180,1788599352.383376
1788599395.663105,43.264000,gate_sweep_high_r04,0.054409222677350044,-0.02023952268064022,0.17552746832370758,56.0652830531208,0.1405695527791977,-0.06573864817619324,0.12094175815582275,53.38130878915598,0.1116842543004687,2.6839742639648243,1,360,1788599352.3990874
1788599395.716580,43.300000,gate_sweep_high_r04,0.04218291211873293,-0.026181184453889728,0.20356504619121552,58.25645534509806,0.1323171854019165,-0.08532960712909698,0.1667807251214981,55.92059442251828,0.11391141032316582,2.335860922579786,1,188,1788599352.416558
1788599395.757741,43.332000,gate_sweep_high_r04,0.028322083642706275,-0.03322050999850035,0.23412953317165375,60.58726502221313,0.11871745437383652,-0.09724283218383789,0.19528351724147797,58.21712068976832,0.11738481052192874,2.3701443324448084,1,367,1788599352.4257245
1788599395.817459,43.364000,gate_sweep_high_r04,0.008926577866077423,-0.043607862666249275,0.2760644406080246,63.680864911565536,0.10292753577232361,-0.10299423336982727,0.22071333229541779,60.606433439409535,0.12420413159017128,3.074431472156003,1,206,1788599352.4534266
1788599395.859409,43.396000,gate_sweep_high_r04,-0.008022461086511612,-0.05313978157937527,0.31320182979106903,66.26533495548814,0.0756818950176239,-0.093069888651371,0.22437644004821777,62.88304801515674,0.12841644187781562,3.382286940331398,1,371,1788599352.4633846
1788599395.917167,43.432000,gate_sweep_high_r04,-0.02143736183643341,-0.06097416765987873,0.34364084899425507,68.24401733164116,0.04316261038184166,-0.07233426719903946,0.2235766500234604,65.4589740001227,0.13681235377932843,2.78504333151846,1,211,1788599352.4851453
1788599395.962501,43.464000,gate_sweep_high_r04,-0.044878039509058,-0.07529858313500881,0.4003525823354721,71.57732269875166,0.02067647874355316,-0.07097986340522766,0.22842860221862793,67.93607989109437,0.1840486379809787,3.6412428076572856,1,390,1788599352.498484
1788599396.018085,43.496000,gate_sweep_high_r04,-0.06418357416987419,-0.08773087523877621,0.45169322192668915,74.23120487376335,0.01090235449373722,-0.08377633988857269,0.2777431011199951,70.62896317735773,0.18950509112363287,3.6022416964056134,1,219,1788599352.5220637
1788599396.057640,43.528000,gate_sweep_high_r04,-0.08370061591267586,-0.10094561986625195,0.5085351914167404,76.84431734074316,-0.0022738827392458916,-0.09533558040857315,0.32571324706077576,73.2445755339614,0.2002140073923628,3.599741806781764,1,410,1788599352.5296218
1788599396.113342,43.564000,gate_sweep_high_r04,-0.10793822631239891,-0.11829986236989498,0.5864434093236923,80.00416808877476,-0.025694191455841064,-0.1109401285648346,0.3880271315574646,76.04640739028655,0.21491222913964872,3.9577606984882094,1,240,1788599352.54932
1788599396.152717,43.596000,gate_sweep_high_r04,-0.1268540434539318,-0.1326597761362791,0.6533123105764389,82.41800773909323,-0.04200167953968048,-0.12372782081365585,0.44111791253089905,78.46543015663852,0.2287054132495138,3.9525775824547065,1,396,1788599352.5566897
1788599396.197250,43.628000,gate_sweep_high_r04,-0.14060312137007713,-0.14363978616893291,0.7056271880865097,84.14663671874354,-0.05825641006231308,-0.13510319590568542,0.4919646382331848,80.76080392703088,0.22914087249190473,3.3858327917126663,1,258,1788599352.569232
1788599396.250862,43.660000,gate_sweep_high_r04,-0.16241424903273582,-0.16224429570138454,0.7962562888860703,86.86562036634986,-0.08072605729103088,-0.14779368042945862,0.5579203963279724,82.88208779855759,0.2523604141564836,3.98353256779227,1,188,1788599352.5908296
1788599396.290725,43.696000,gate_sweep_high_r04,-0.17868004366755486,-0.17727895639836788,0.8711060136556625,88.87540316639814,-0.09564460068941116,-0.16605237126350403,0.632465124130249,85.17834847561008,0.2529236943385248,3.697054690788072,1,405,1788599352.5947063
1788599396.344141,43.728000,gate_sweep_high_r04,-0.1937231533229351,-0.1923211421817541,0.9475450366735458,90.73010015366891,-0.10843002051115036,-0.18347986042499542,0.7051140069961548,87.05132329124474,0.257149549714541,3.6787768624241775,1,246,1788599352.616119
1788599396.387105,43.760000,gate_sweep_high_r04,-0.20750777050852776,-0.20727268420159817,1.025121197104454,92.41799954452942,-0.12658566236495972,-0.19611415266990662,0.764457643032074,88.66281988770588,0.2731636667530799,3.7551796568235516,1,409,1788599352.6270883
1788599396.444900,43.792000,gate_sweep_high_r04,-0.22274203225970268,-0.2256947811692953,1.1234325021505356,94.29209388262935,-0.1391935795545578,-0.21227958798408508,0.8370298743247986,90.17535676664313,0.29864155200358167,4.116737115986213,1,255,1788599352.652877
1788599396.487751,43.828000,gate_sweep_high_r04,-0.23079831525683403,-0.23658142052590847,1.1829808801412582,95.2867615153857,-0.14630676805973053,-0.22181816399097443,0.9188071489334106,91.51797651628499,0.27774905139631484,3.7687849991007156,1,390,1788599352.6597333
1788599396.533210,43.860000,gate_sweep_high_r04,-0.24013517424464226,-0.25082932971417904,1.2629126161336899,96.4719836798234,-0.16365563869476318,-0.22429175674915314,0.9627547264099121,92.49581760755221,0.3108828089493384,3.976166072271184,1,270,1788599352.6731923
1788599396.589030,43.892000,gate_sweep_high_r04,-0.2478095106780529,-0.26464282535016537,1.343305453658104,97.492555623268,-0.17359793186187744,-0.2388511747121811,1.0337694883346558,93.43828626379683,0.3193510317843676,4.054269359471175,1,210,1788599352.6970081
1788599396.631836,43.924000,gate_sweep_high_r04,-0.2549789659678936,-0.2811277415603399,1.4442823976278305,98.54113471081436,-0.15973986685276031,-0.21557457745075226,1.0490838289260864,94.07510985857284,0.4117640246900497,4.466024852241516,1,408,1788599352.7078183
1788599396.682093,43.960000,gate_sweep_high_r04,-0.2587994448840618,-0.29362242482602596,1.5253507941961288,99.2025872891467,-0.16052138805389404,-0.22538651525974274,1.0777723789215088,94.7687438100215,0.4632938091841849,4.433843479125204,1,244,1788599352.722075
1788599396.738837,43.992000,gate_sweep_high_r04,-0.26057348772883415,-0.30253451131284237,1.5862600654363632,99.59948845093156,-0.16556592285633087,-0.24554279446601868,1.1291035413742065,95.2376093199784,0.47038981777324296,4.3618791309531515,1,168,1788599352.7468193
1788599396.779873,44.024000,gate_sweep_high_r04,-0.26157427951693535,-0.31642737053334713,1.6878424733877182,100.07731815471064,-0.15083934366703033,-0.2613009214401245,1.1483951807022095,95.58014081831753,0.5534478593264547,4.497177336393117,1,406,1788599352.755856
1788599396.827631,44.056000,gate_sweep_high_r04,-0.26065797731280327,-0.32660998962819576,1.7691095918416977,100.300017630589,-0.14744915068149567,-0.2648932635784149,1.1651053428649902,95.68674834627394,0.6176134110294704,4.613269284315057,1,253,1788599352.7716048
1788599396.882134,44.092000,gate_sweep_high_r04,-0.25745848938822746,-0.338075241073966,1.8706911653280258,100.39427309844206,-0.14619757235050201,-0.27913838624954224,1.240626573562622,95.75678123083375,0.6425215438513916,4.637491867608316,1,189,1788599352.7901082
1788599396.922292,44.124000,gate_sweep_high_r04,-0.2534589283168316,-0.346188148483634,1.9519289582967758,100.32861018909277,-0.24681831896305084,-0.2901669442653656,1.3540294170379639,94.83316952407566,0.6005550220022744,5.495440665017114,1,407,1788599352.7982748
1788599396.969923,44.156000,gate_sweep_high_r04,-0.2482612244784832,-0.35333441756665707,2.0331041663885117,100.14897273965262,-0.23221521079540253,-0.30630481243133545,1.4700180292129517,94.64790518883616,0.5652744963233309,5.501067550816458,1,321,1788599352.8139007
1788599397.026516,44.188000,gate_sweep_high_r04,-0.24366585537791252,-0.3580679204314947,2.093917116522789,99.94383447654666,-0.22796154022216797,-0.3119693398475647,1.5656852722167969,94.28068328673118,0.5304720407196537,5.663151189815474,1,221,1788599352.8384938
1788599397.069710,44.224000,gate_sweep_high_r04,-0.23482606932520866,-0.3647247161716223,2.194988951086998,99.48609751145904,-0.25316935777664185,-0.3243306279182434,1.6054737567901611,93.41040930647722,0.5911821402105036,6.075688204981814,1,400,1788599352.8456914
1788599397.114854,44.256000,gate_sweep_high_r04,-0.2268328182399273,-0.36898391507565975,2.2753193229436874,99.02718656795611,-0.2524239420890808,-0.32924240827560425,1.6521135568618774,92.78009591415528,0.6249957758738992,6.247090653800826,1,258,1788599352.8588312
1788599397.175147,44.288000,gate_sweep_high_r04,-0.2181888185441494,-0.3724123742431402,2.354786142706871,98.49543313586987,-0.2554917335510254,-0.3337450325489044,1.7110016345977783,92.05352961423236,0.6460225721002134,6.441903521637519,1,187,1788599352.8871267
1788599397.221650,44.320000,gate_sweep_high_r04,-0.20660769566893578,-0.37555026076734066,2.452282652258873,97.75045616278992,-0.2799907624721527,-0.33642178773880005,1.7507153749465942,91.20056003811162,0.7064791267195051,6.549896124678298,1,384,1788599352.9016232
1788599397.268956,44.356000,gate_sweep_high_r04,-0.1968991719186306,-0.37715708278119564,2.528424009680748,97.10523310602309,-0.26162585616111755,-0.33339521288871765,1.8196682929992676,90.42660225777375,0.7130493046334115,6.678630848249334,1,246,1788599352.912941
1788599397.324328,44.388000,gate_sweep_high_r04,-0.18946301564574242,-0.3778680767863989,2.584287866950035,96.59903212836213,-0.2493463009595871,-0.33090075850486755,1.8989492654800415,89.7013342041958,0.6895512566237442,6.897697924166324,1,199,1788599352.9363077
1788599397.362272,44.420000,gate_sweep_high_r04,-0.17945633456110954,-0.37817334197461605,2.656935438513756,95.90648270898099,-0.2768320143222809,-0.34557509422302246,1.9326329231262207,88.6164582444614,0.7315454890587016,7.290024464519589,1,383,1788599352.9422538
1788599397.407777,44.452000,gate_sweep_high_r04,-0.1668757013976574,-0.3775733020156622,2.7446019500494003,95.02561308486901,-0.26524755358695984,-0.34681814908981323,1.9620133638381958,87.80819831687178,0.7893464359853019,7.217414767997218,1,233,1788599352.9557617
1788599397.467261,44.488000,gate_sweep_high_r04,-0.15679800137877464,-0.37638204358518124,2.8121120780706406,94.31813707754806,-0.26416999101638794,-0.34718793630599976,2.014941453933716,86.80798449483031,0.8048987787575667,7.51015258271775,1,182,1788599352.9792376
1788599397.514032,44.520000,gate_sweep_high_r04,-0.14675777778029442,-0.37456884048879147,2.877213701605797,93.61681419361656,-0.27721038460731506,-0.36106640100479126,2.0611448287963867,85.87916236840972,0.8265401403854536,7.737651825206834,1,378,1788599352.9940116
1788599397.563873,44.552000,gate_sweep_high_r04,-0.1392606608569622,-0.37284900806844234,2.9245622009038925,93.09919710707669,-0.2675246596336365,-0.36437270045280457,2.1049087047576904,85.0992664301111,0.8296718356782214,7.999930676965597,1,219,1788599353.0118399
1788599397.609563,44.584000,gate_sweep_high_r04,-0.1269949935376644,-0.3693267609924078,3.0002710670232773,92.25562906253009,-0.2569085955619812,-0.3635116517543793,2.1437482833862305,84.34363517700733,0.8663386395490726,7.911993885522767,1,203,1788599353.0255418
1788599397.655079,44.620000,gate_sweep_high_r04,-0.11741868779063225,-0.3660078253597021,3.0581147521734238,91.60709787628306,-0.24881407618522644,-0.36469733715057373,2.1897268295288086,83.50195369070744,0.8782733342563366,8.105144185575622,1,193,1788599353.0350566
1788599397.701293,44.652000,gate_sweep_high_r04,-0.10812878236174583,-0.36228840611875057,3.1135651916265488,90.98602843088169,-0.24655812978744507,-0.36727234721183777,2.2319023609161377,82.74560219900927,0.8924779386370395,8.240426231872414,1,191,1788599353.0492759
1788599397.760150,44.684000,gate_sweep_high_r04,-0.09696852788329124,-0.3570134546607733,3.1795813888311386,90.26304833547057,-0.2585597634315491,-0.36965227127075195,2.2832651138305664,81.89782499560333,0.9108536281544991,8.365223339867246,1,181,1788599353.0761058
1788599397.799621,44.716000,gate_sweep_high_r04,-0.08843988552689552,-0.35234357975423336,3.2298104614019394,89.72985732156958,-0.30726802349090576,-0.41063570976257324,2.3818132877349854,81.02574383253632,0.8777146079067201,8.704113489033269,1,398,1788599353.0836022
1788599397.847037,44.752000,gate_sweep_high_r04,-0.08228810504078865,-0.3485999908298254,3.2660281509160995,89.35898023230227,-0.30674105882644653,-0.41790878772735596,2.448354959487915,80.36061909533883,0.8507480742093056,8.998361136963432,1,286,1788599353.0950112
1788599397.892471,44.784000,gate_sweep_high_r04,-0.07254784926772118,-0.3419304098933935,3.323710188269615,88.8027610782851,-0.2997170090675354,-0.4187031388282776,2.489142656326294,79.83996012923348,0.8683333717220761,8.962800949051633,1,222,1788599353.1084528
1788599397.940906,44.816000,gate_sweep_high_r04,-0.06516468897461891,-0.3362552132457495,3.3677060455083847,88.40959563728894,-0.2955207824707031,-0.4194740355014801,2.5293068885803223,79.34297257891022,0.8734428707855445,9.066623058378726,1,203,1788599353.1248438
1788599397.996897,44.848000,gate_sweep_high_r04,-0.058186765760183334,-0.330282649025321,3.4097421020269394,88.06630115022621,-0.2918179929256439,-0.42074036598205566,2.565431833267212,78.89796151756246,0.8806963033855582,9.168339632663747,1,200,1788599353.14887
1788599398.052698,44.884000,gate_sweep_high_r04,-0.04998890683054924,-0.32235573790967464,3.4596712440252304,87.70984692577137,-0.2921265959739685,-0.42056646943092346,2.603461265563965,78.42756315783915,0.8951935743213838,9.28228376793222,1,188,1788599353.1686733
1788599398.098178,44.916000,gate_sweep_high_r04,-0.043802183121442795,-0.3156516756862402,3.49762986600399,87.47979417023042,-0.2928796410560608,-0.44382616877555847,2.6637766361236572,78.15858524488976,0.8796473666826602,9.321208925340667,1,397,1788599353.1821632
1788599398.144694,44.948000,gate_sweep_high_r04,-0.0393865741789341,-0.31042843125760555,3.525012716650963,87.33812335627636,-0.29235750436782837,-0.4466375410556793,2.7218003273010254,77.86437996932023,0.8530517894699322,9.47374338695613,1,275,1788599353.1966736
1788599398.194402,44.980000,gate_sweep_high_r04,-0.03250880166888237,-0.30139430426061153,3.568660005927086,87.16486017117742,-0.287492960691452,-0.4433791935443878,2.759884834289551,77.63849836983836,0.8598220213478471,9.526361801339052,1,222,1788599353.2143793
1788599398.241691,45.016000,gate_sweep_high_r04,-0.027406930923461914,-0.29387511871755123,3.6019909232854843,87.07751124498782,-0.2827044129371643,-0.43937352299690247,2.7974376678466797,77.44100094266182,0.8565351894741702,9.636510302326,1,211,1788599353.2256732
1788599398.291158,45.048000,gate_sweep_high_r04,-0.02265153080224991,-0.286101957783103,3.6340257972478867,87.03509835117922,-0.27998411655426025,-0.4365712106227875,2.8296682834625244,77.30881272689061,0.8578182008578029,9.726285624288607,1,208,1788599353.243139
1788599398.338728,45.080000,gate_sweep_high_r04,-0.018219061195850372,-0.27812199853360653,3.664952978491783,87.03543511528558,-0.27709197998046875,-0.43261969089508057,2.8611669540405273,77.2237619524692,0.8584618210079252,9.811673162816383,1,202,1788599353.2587123
1788599398.389336,45.112000,gate_sweep_high_r04,-0.013269972056150436,-0.267935698851943,3.702031835913658,87.09962710386392,-0.27364581823349,-0.4283662736415863,2.890573263168335,77.18460186178679,0.8671785086599978,9.915025242077135,1,199,1788599353.277317
1788599398.438570,45.148000,gate_sweep_high_r04,-0.010588482022285461,-0.26175939105451107,3.7235028594732285,87.16798528000905,-0.2693725824356079,-0.4233846366405487,2.925034999847412,77.18798926038335,0.8547764932968804,9.979996019625702,1,191,1788599353.2905526
1788599398.483982,45.180000,gate_sweep_high_r04,-0.0073344893753528595,-0.25344877503812313,3.751259073615074,87.29250698691726,-0.2665562629699707,-0.41986173391342163,2.9499411582946777,77.22330833416602,0.8584868095670412,10.069198652751249,1,181,1788599353.3039641
1788599398.544651,45.212000,gate_sweep_high_r04,-0.004387661814689636,-0.24504066072404385,3.778078779578209,87.45055769281443,-0.2597905993461609,-0.41573551297187805,2.9746479988098145,77.31223332498394,0.8601560396635755,10.138324367830494,1,171,1788599353.3326302
1788599398.585242,45.244000,gate_sweep_high_r04,-0.0010187476873397827,-0.2344400640577078,3.8103096336126328,87.68693774307431,-0.2508234679698944,-0.4492134153842926,3.0435333251953125,77.45861454675082,0.8345513152979818,10.228323196323474,1,385,1788599353.3412213
1788599398.632351,45.280000,gate_sweep_high_r04,0.0014699213206768036,-0.2259200420230627,3.835165724158287,87.89957952210294,-0.23482877016067505,-0.48016923666000366,3.106579065322876,77.64219712561375,0.8070429009676499,10.257382396489195,1,231,1788599353.3523345
1788599398.682901,45.312000,gate_sweep_high_r04,0.003229781985282898,-0.21953107975423336,3.8533289283514023,88.0702822931091,-0.21880871057510376,-0.4846329689025879,3.1386172771453857,77.85441922721434,0.7939728258436469,10.215863065894773,1,179,1788599353.370884
1788599398.736223,45.344000,gate_sweep_high_r04,0.006019193679094315,-0.20890515111386776,3.8827464431524277,88.37062262718875,-0.2108079493045807,-0.48211416602134705,3.1634647846221924,78.05829212604213,0.7993893169533756,10.312330501146613,1,150,1788599353.3922033
1788599398.793514,45.376000,gate_sweep_high_r04,0.008709980174899101,-0.19833954237401485,3.911072477698326,88.68280209280064,-0.2003534734249115,-0.47535040974617004,3.189800977706909,78.28954094935963,0.8004218418891519,10.393261143441002,1,148,1788599353.4174945
1788599398.833836,45.412000,gate_sweep_high_r04,0.010287018492817879,-0.1920547243207693,3.9275667518377304,88.87182832426122,-0.1932879239320755,-0.4858948588371277,3.217729330062866,78.45822500572052,0.7947665991898984,10.413603318540705,1,371,1788599353.4218125
1788599398.881528,45.444000,gate_sweep_high_r04,0.01276310347020626,-0.18174662254750729,3.95425246655941,89.19100922064378,-0.18573503196239471,-0.48039117455482483,3.25693941116333,78.69906800144108,0.7841145167892807,10.491941219202696,1,297,1788599353.437496
1788599398.929079,45.476000,gate_sweep_high_r04,0.014608686789870262,-0.17364939115941525,3.97494338452816,89.44788035395914,-0.18215300142765045,-0.4731380045413971,3.283818244934082,78.9220157036532,0.7785001927261193,10.52586465030593,1,257,1788599353.453063
1788599398.977472,45.508000,gate_sweep_high_r04,0.01593026239424944,-0.1676750835031271,3.990096792578697,89.6396442515739,-0.17822276055812836,-0.4666583240032196,3.3080124855041504,79.15070921257917,0.7696267773270674,10.488935038994729,1,240,1788599353.4694483
1788599399.027275,45.544000,gate_sweep_high_r04,0.018039162270724773,-0.1579542364925146,4.01471446454525,89.95292436479328,-0.17247450351715088,-0.45861780643463135,3.332247257232666,79.41339241732767,0.7697113278361635,10.53953194746561,1,232,1788599353.4832525
1788599399.078173,45.576000,gate_sweep_high_r04,0.019678959622979164,-0.1503379549831152,4.033885225653648,90.19529923416471,-0.1687382608652115,-0.451445609331131,3.3551456928253174,79.63299777839046,0.7660641108337347,10.562301455774255,1,227,1788599353.502155
1788599399.124731,45.608000,gate_sweep_high_r04,0.021303885616362095,-0.1428218837827444,4.052640184760094,90.42972693578066,-0.16534081101417542,-0.44411754608154297,3.377288579940796,79.84609662263239,0.7627025036227284,10.583630313148285,1,216,1788599353.516705
1788599399.170508,45.640000,gate_sweep_high_r04,0.02332936367020011,-0.13362502865493298,4.075498804450035,90.70925440983947,-0.16001416742801666,-0.4365488886833191,3.3977608680725098,80.06400776279018,0.7646609874809402,10.645246647049289,1,211,1788599353.5304909
1788599399.218822,45.676000,gate_sweep_high_r04,0.024974172469228506,-0.12642262689769268,4.093344435095787,90.91793127862088,-0.15766175091266632,-0.4288460612297058,3.4206318855285645,80.26658815864174,0.7598407652185817,10.65134311997914,1,204,1788599353.5428073
1788599399.267114,45.708000,gate_sweep_high_r04,0.026236332952976227,-0.12111762724816799,4.106504186987877,91.06561024749244,-0.15409281849861145,-0.42140915989875793,3.4402430057525635,80.45008231871326,0.7527267559121072,10.615527928779189,1,200,1788599353.559092
1788599399.317186,45.740000,gate_sweep_high_r04,0.027948179515078664,-0.11422157101333141,4.123695597052574,91.24855827019385,-0.14866217970848083,-0.4136389195919037,3.4585046768188477,80.63661965503367,0.7505470857822905,10.611938615160183,1,199,1788599353.5771675
1788599399.365038,45.772000,gate_sweep_high_r04,0.030097955546807498,-0.10593212954699993,4.144607290625572,91.45660976195649,-0.14689236879348755,-0.40659523010253906,3.4781248569488525,80.7785334188593,0.7522783456576403,10.678076343097194,1,195,1788599353.5930126
1788599399.415407,45.808000,gate_sweep_high_r04,0.031826780061237514,-0.09952453337609768,4.160874590277672,91.6058474713173,-0.14098939299583435,-0.3989185392856598,3.498317003250122,80.9547011002714,0.7473183769802774,10.651146371045915,1,193,1788599353.6073885
1788599399.462806,45.840000,gate_sweep_high_r04,0.033550312742590904,-0.09333466552197933,4.176722273230553,91.73851814435706,-0.13783127069473267,-0.3913162350654602,3.5160470008850098,81.07890804458196,0.7447526290104238,10.65961009977509,1,192,1788599353.6227777
1788599399.509127,45.872000,gate_sweep_high_r04,0.0348584558814764,-0.08877248875796795,4.188387140631676,91.82891509239185,-0.13444706797599792,-0.3835429549217224,3.5350170135498047,81.1898954107856,0.7365096816023746,10.639019681606253,1,188,1788599353.6371014
1788599399.555377,45.904000,gate_sweep_high_r04,0.0370150376111269,-0.0815317202359438,4.207323297858238,91.96001876860721,-0.13093748688697815,-0.37617796659469604,3.5512356758117676,81.28773894062682,0.7385630838196434,10.67227982798038,1,180,1788599353.6513608
1788599399.602258,45.940000,gate_sweep_high_r04,0.03874499164521694,-0.07596547342836857,4.222046598792076,92.04872513641028,-0.12665922939777374,-0.3675723075866699,3.569566488265991,81.38073832820423,0.7335689447480703,10.667986808206054,1,175,1788599353.6622396
1788599399.645682,45.972000,gate_sweep_high_r04,0.040498243644833565,-0.07057291828095913,4.236411318182945,92.12289561713257,-0.12332607805728912,-0.36011433601379395,3.5864503383636475,81.44473842322677,0.7301519816117479,10.678157193905811,1,170,1788599353.6736665
1788599399.696196,46.004000,gate_sweep_high_r04,0.04271505493670702,-0.06400365568697453,4.253972753882408,92.19569611236943,-0.11949636042118073,-0.3531467020511627,3.602259635925293,81.49833518627626,0.73119507154422,10.697360926093177,1,164,1788599353.6921763
1788599399.743925,46.036000,gate_sweep_high_r04,0.044480351731181145,-0.058904075995087624,4.267714723944664,92.24004567362296,-0.11601954698562622,-0.34740930795669556,3.6182804107666016,81.53506422409085,0.7285330558666424,10.704981449532116,1,157,1788599353.7079008
1788599399.800078,46.072000,gate_sweep_high_r04,0.04668104276061058,-0.05263224616646767,4.28441546857357,92.27690227308615,-0.11279314756393433,-0.3401048183441162,3.6357240676879883,81.55481614018926,0.7272365713555674,10.722086132896894,1,155,1788599353.7280567
1788599399.839641,46.104000,gate_sweep_high_r04,0.048025112599134445,-0.04888543486595154,4.294172033667564,92.29042420872845,-0.02746722847223282,-0.382647305727005,3.766976833343506,82.02775093713353,0.628514804317154,10.262673271594913,1,378,1788599353.7356212
1788599399.889433,46.136000,gate_sweep_high_r04,0.04983927868306637,-0.0438988097012043,4.306920751929283,92.29725349683838,-0.011698862537741661,-0.38129711151123047,3.7985024452209473,82.10146986604072,0.6132811194593986,10.19578363079766,1,276,1788599353.7534103
1788599399.935540,46.168000,gate_sweep_high_r04,0.05161619745194912,-0.038947977125644684,4.319350466132164,92.29486433848706,-0.005368265323340893,-0.3776286840438843,3.8091695308685303,82.10677486601313,0.6150092982572727,10.188089472473933,1,242,1788599353.7675164
1788599399.986977,46.204000,gate_sweep_high_r04,0.05379237048327923,-0.03285985440015793,4.334478601813316,92.2784708814988,-0.0009074844419956207,-0.3721165657043457,3.823986768722534,82.08266845645764,0.6153772029789258,10.195802425041165,1,232,1788599353.7829564
1788599400.036589,46.236000,gate_sweep_high_r04,0.055513039231300354,-0.028022963320836425,4.3463103622198105,92.25545201085713,-0.003125515067949891,-0.36823153495788574,3.8371646404266357,82.0044971296971,0.6151501591367106,10.250954881160022,1,229,1788599353.8005621
1788599400.084605,46.268000,gate_sweep_high_r04,0.056787360459566116,-0.02442740518017672,4.355086550116539,92.23343830481474,-0.0005507690366357565,-0.363811731338501,3.8511714935302734,81.95653428759402,0.6102456605256626,10.276904017220712,1,224,1788599353.8165877
1788599400.135866,46.300000,gate_sweep_high_r04,0.058880358934402466,-0.01856632810086012,4.369427904486656,92.18898803823366,0.004913117736577988,-0.3580983579158783,3.8631770610809326,81.92549385459331,0.6119512879648322,10.263494183640352,1,221,1788599353.8358362
1788599400.181298,46.336000,gate_sweep_high_r04,0.060573410242795944,-0.013984845019876957,4.3806450217962265,92.14689643939525,0.008809633553028107,-0.35240280628204346,3.877906560897827,81.86668614594612,0.6082369317531786,10.280210293449132,1,215,1788599353.8452816
1788599400.233408,46.368000,gate_sweep_high_r04,0.06229435279965401,-0.009508726187050343,4.391646131873131,92.09917427524242,0.013250444084405899,-0.34720566868782043,3.8911969661712646,81.81886100054648,0.6057176713685444,10.280313274695933,1,212,1788599353.8653843
1788599400.283257,46.400000,gate_sweep_high_r04,0.0640200600028038,-0.005116254091262817,4.40246556699276,92.04766088964399,0.017954913899302483,-0.3424651622772217,3.9041149616241455,81.77158273520574,0.6035558047198781,10.276078154438254,1,208,1788599353.8832366
1788599400.333441,46.432000,gate_sweep_high_r04,0.06619952991604805,0.0002498161047697067,4.415700659155846,91.97966609990881,0.023723438382148743,-0.3374350965023041,3.915067434310913,81.73003790203619,0.6053667849932635,10.249628197872628,1,206,1788599353.9014125
1788599400.379470,46.468000,gate_sweep_high_r04,0.06752903386950493,0.003422752022743225,4.423506006598473,91.93707639139754,0.02670927345752716,-0.3332618772983551,3.9246137142181396,81.65391402421022,0.6032547653004328,10.283162367187321,1,202,1788599353.9114513
1788599400.430245,46.500000,gate_sweep_high_r04,0.06934388354420662,0.007585635408759117,4.4337408393621445,91.87884790964618,0.029191546142101288,-0.32914993166923523,3.9352715015411377,81.58834886892366,0.6028886572841655,10.290499040722521,1,197,1788599353.9302297
1788599400.480533,46.532000,gate_sweep_high_r04,0.07117824256420135,0.011625831946730614,4.443773493170738,91.82094412028027,0.029579507187008858,-0.32442376017570496,3.945073366165161,81.50640678781797,0.6027948239874126,10.314537332462308,1,197,1788599353.9485154
1788599400.525649,46.564000,gate_sweep_high_r04,0.07349810376763344,0.016489455476403236,4.456008657813072,91.74991349698345,0.029257195070385933,-0.31895244121551514,3.958862781524658,81.42347274778133,0.6013589164294522,10.326440749202124,1,195,1788599353.9616265
1788599400.571603,46.600000,gate_sweep_high_r04,0.07536428794264793,0.020277587696909904,4.465584024786949,91.69413750198494,0.03176818788051605,-0.31371009349823,3.973437547683716,81.35527767736164,0.596369471096448,10.3388598246233,1,191,1788599353.9715834
1788599400.619348,46.632000,gate_sweep_high_r04,0.07674770429730415,0.02307651750743389,4.472689852118492,91.65353970591903,0.035626716911792755,-0.3082955479621887,3.9840755462646484,81.31249776800351,0.591812741720045,10.341041937915525,1,185,1788599353.9873264
1788599400.669648,46.664000,gate_sweep_high_r04,0.07902747392654419,0.027675410732626915,4.484345182776451,91.58964312391998,0.03769299015402794,-0.30155235528945923,3.9978673458099365,81.26290502268968,0.5888634369089769,10.326738101230308,1,183,1788599354.005633
1788599400.717368,46.696000,gate_sweep_high_r04,0.08082951232790947,0.03123982436954975,4.493475183844566,91.5427251758948,0.03891625255346298,-0.2926662564277649,4.014023780822754,81.21972435080079,0.5801254333176413,10.323000825094011,1,174,1788599354.0213532
1788599400.767884,46.732000,gate_sweep_high_r04,0.08260566368699074,0.03467169217765331,4.5024149268865585,91.49973765090311,0.041080404072999954,-0.2864798903465271,4.026836395263672,81.16992300915956,0.5753586932378582,10.329814641743543,1,166,1788599354.0358622
1788599400.815685,46.764000,gate_sweep_high_r04,0.08474745973944664,0.03885334171354771,4.513205751776695,91.45049913066651,0.04213786497712135,-0.28331616520881653,4.035740375518799,81.11925049087938,0.5775655411133038,10.331248639787129,1,164,1788599354.051667
1788599400.861932,46.796000,gate_sweep_high_r04,0.08639829233288765,0.0421177614480257,4.5215470641851425,91.41704503025964,0.04163966700434685,-0.2788664698600769,4.045437812805176,81.06504692678327,0.5759463781805964,10.351998103476374,1,161,1788599354.0659153
1788599400.914907,46.828000,gate_sweep_high_r04,0.08761962503194809,0.0445497278124094,4.527647241950035,91.39406265193773,0.04264126718044281,-0.2747371792793274,4.0558929443359375,81.02726102486879,0.5714186722820632,10.366801627068938,1,157,1788599354.0868888
1788599400.960461,46.864000,gate_sweep_high_r04,0.08959387242794037,0.048579880967736244,4.5374805778265,91.36222129544288,0.044594068080186844,-0.27011838555336,4.066845417022705,80.99651128911232,0.5701675385881781,10.365710006330563,1,156,1788599354.0964425
1788599401.021568,46.896000,gate_sweep_high_r04,0.09112356975674629,0.05173232592642307,4.545105203986168,91.34200018685095,0.0471983328461647,-0.2654254734516144,4.078126430511475,80.98347090566226,0.5662046193911695,10.358529281188707,1,156,1788599354.1255505
1788599401.066140,46.928000,gate_sweep_high_r04,0.09261807799339294,0.05481461621820927,4.552608236670494,91.32712708294594,0.06511720269918442,-0.23844778537750244,4.116438388824463,81.18860180654283,0.5263110016916444,10.138525276403103,1,391,1788599354.1381195
1788599401.112428,46.960000,gate_sweep_high_r04,0.09452758356928825,0.05851769633591175,4.5618254989385605,91.31578401553483,0.06934947520494461,-0.23662877082824707,4.12951135635376,81.20371637900776,0.5240619162838699,10.112067636527067,1,282,1788599354.1524122
1788599401.157990,46.996000,gate_sweep_high_r04,0.09603819623589516,0.06134958751499653,4.569089636206627,91.31311674716623,0.07086412608623505,-0.234872967004776,4.1370368003845215,81.19293392328593,0.5244532281872644,10.1201828238803,1,263,1788599354.161969
1788599401.206090,47.028000,gate_sweep_high_r04,0.09714016690850258,0.06338946707546711,4.574483141303062,91.3138550183171,0.07407917082309723,-0.23242369294166565,4.142574310302734,81.20443707040378,0.5240061769443589,10.109417947913323,1,257,1788599354.1780725
1788599401.256200,47.060000,gate_sweep_high_r04,0.09856169298291206,0.06597461737692356,4.58155320584774,91.319424928783,0.07576168328523636,-0.23132427036762238,4.149834632873535,81.20827525768203,0.5246783732414003,10.111149671100952,1,250,1788599354.1961799
1788599401.306688,47.092000,gate_sweep_high_r04,0.1003044955432415,0.06898975558578968,4.590182527899742,91.33358504964566,0.07783083617687225,-0.22929352521896362,4.160999298095703,81.22187845020485,0.5231407322298556,10.111706599440817,1,250,1788599354.2146628
1788599401.352189,47.128000,gate_sweep_high_r04,0.10169829800724983,0.0712407398968935,4.596953138709068,91.35023298965798,0.0783810168504715,-0.225771963596344,4.175261974334717,81.23214104445235,0.5163174215037707,10.118091945205629,1,246,1788599354.224165
1788599401.405140,47.160000,gate_sweep_high_r04,0.10308810696005821,0.07335404492914677,4.603619322180748,91.3739100745416,0.07811403274536133,-0.2245764583349228,4.184572219848633,81.23381500701026,0.5147686501050789,10.14009506753133,1,238,1788599354.2451143
1788599401.455077,47.192000,gate_sweep_high_r04,0.10409338399767876,0.07487165369093418,4.6085574477910995,91.39285674501677,0.0786142349243164,-0.22307629883289337,4.1933112144470215,81.24613559511516,0.5117143771256463,10.14672114990162,1,235,1788599354.263058
1788599401.500341,47.224000,gate_sweep_high_r04,0.10560751333832741,0.07730397023260593,4.616697534918785,91.42707689205753,0.07970854640007019,-0.22033829987049103,4.2018866539001465,81.26918108781817,0.5112042101274725,10.157895804239358,1,233,1788599354.2763238
1788599401.549532,47.260000,gate_sweep_high_r04,0.10665136203169823,0.07911279238760471,4.623113855719566,91.45717654295555,0.08147437870502472,-0.21772943437099457,4.211773872375488,81.30178236604291,0.507887556427544,10.155394176912639,1,230,1788599354.2895114
1788599401.594712,47.292000,gate_sweep_high_r04,0.107521902769804,0.08073162473738194,4.629434809088707,91.48765499884955,0.083506740629673,-0.21574319899082184,4.21962308883667,81.33617154153742,0.5063790034877238,10.151483457312127,1,227,1788599354.3026862
1788599401.638705,47.324000,gate_sweep_high_r04,0.10837756469845772,0.08250449784100056,4.637196764349937,91.52751551160445,0.08480407297611237,-0.21362414956092834,4.2271294593811035,81.36834951823019,0.5063625972842801,10.159165993374257,1,225,1788599354.3146873
1788599401.686371,47.356000,gate_sweep_high_r04,0.10893380269408226,0.08378870971500874,4.643293127417564,91.5593789742233,0.08631859719753265,-0.212037593126297,4.233954906463623,81.40344332566174,0.5055516077574522,10.15593564856156,1,224,1788599354.3303514
1788599401.737947,47.392000,gate_sweep_high_r04,0.10928284749388695,0.08466356433928013,4.64779494702816,91.58366370899486,0.08728231489658356,-0.21025578677654266,4.242108345031738,81.4412226153122,0.5020389089866901,10.142441093682667,1,224,1788599354.3459306
1788599401.788739,47.424000,gate_sweep_high_r04,0.10972351208329201,0.08592797257006168,4.655129656195641,91.62551950404347,0.08785468339920044,-0.20837555825710297,4.2494707107543945,81.4753335296655,0.5016492738376622,10.150185974377962,1,223,1788599354.3647108
1788599401.836498,47.456000,gate_sweep_high_r04,0.1099655069410801,0.08681036718189716,4.66087506711483,91.65822087461771,0.08834070712327957,-0.20635832846164703,4.257443428039551,81.50970030633171,0.49917191775926595,10.148520568286008,1,221,1788599354.3804784
1788599401.882776,47.488000,gate_sweep_high_r04,0.11013765260577202,0.08762970007956028,4.6664774268865585,91.69064423687098,0.08917035907506943,-0.20444637537002563,4.265902519226074,81.54636986728976,0.4961938309725751,10.144274369581227,1,219,1788599354.394751
1788599401.931730,47.524000,gate_sweep_high_r04,0.11027247086167336,0.0886098612099886,4.673300489783287,91.72908689297685,0.08972425013780594,-0.20284856855869293,4.2741780281066895,81.58568405786299,0.4946402582412084,10.143402835113863,1,218,1788599354.4077125
1788599401.977091,47.556000,gate_sweep_high_r04,0.11028124764561653,0.08931794948875904,4.678645357489586,91.75946093096326,0.09009380638599396,-0.20188888907432556,4.280656337738037,81.61864794622595,0.49356277762136375,10.140812984737309,1,218,1788599354.421071
1788599402.027329,47.588000,gate_sweep_high_r04,0.11025126650929451,0.08980965800583363,4.682600244879723,91.78148206879334,0.09088294953107834,-0.2008625864982605,4.28707218170166,81.6532248529344,0.4912310395211258,10.128257215858937,1,217,1788599354.4393127
1788599402.085037,47.620000,gate_sweep_high_r04,0.11017249897122383,0.09056309796869755,4.688996538519859,91.81622434627624,0.09132557362318039,-0.19977475702762604,4.293115139007568,81.68664242632737,0.49129762783749636,10.129581919948881,1,215,1788599354.4650161
1788599402.130472,47.656000,gate_sweep_high_r04,0.11005895212292671,0.09108834899961948,4.693956598639488,91.84248674656192,0.09207401424646378,-0.19896052777767181,4.299933433532715,81.72511949731188,0.48959785901385244,10.117367249250035,1,214,1788599354.4744527
1788599402.178625,47.688000,gate_sweep_high_r04,0.10991409048438072,0.09152884967625141,4.698824152350426,91.8671002700102,0.09194661676883698,-0.1984238624572754,4.305102825164795,81.75319782653825,0.4892973419773718,10.113902443471943,1,211,1788599354.490606
1788599402.229129,47.720000,gate_sweep_high_r04,0.10973062738776207,0.09189202822744846,4.703621610999107,91.89066383089252,0.09276365488767624,-0.19761158525943756,4.311380386352539,81.78758096031045,0.4878046726816202,10.10308287058207,1,209,1788599354.509107
1788599402.276382,47.752000,gate_sweep_high_r04,0.10939600691199303,0.092196399345994,4.709499582648277,91.92056037237566,0.092278391122818,-0.19711238145828247,4.318596839904785,81.8103111331193,0.48661847242490447,10.11024923925636,1,207,1788599354.5243664
1788599402.328192,47.788000,gate_sweep_high_r04,0.10916095599532127,0.092307323589921,4.712972387671471,91.93644754963152,0.09151455014944077,-0.19790910184383392,4.324603080749512,81.8285141888033,0.4851470785131726,10.107933360828218,1,207,1788599354.540174
1788599402.373936,47.820000,gate_sweep_high_r04,0.10882781073451042,0.09238004125654697,4.71756337583065,91.95674036372995,0.09089437872171402,-0.19769605994224548,4.329566478729248,81.84615232934998,0.48477556109066167,10.110588034379981,1,206,1788599354.5539167
1788599402.423158,47.852000,gate_sweep_high_r04,0.10853242501616478,0.09235936589539051,4.722127184271812,91.97759670602942,0.09106440842151642,-0.19772349298000336,4.334728717803955,81.86962235167917,0.48428376850635846,10.107974354350238,1,204,1788599354.5711427
1788599402.468495,47.884000,gate_sweep_high_r04,0.10822493955492973,0.09221225418150425,4.727818712592125,92.00403045306597,0.09116742014884949,-0.197603240609169,4.340223789215088,81.89121852984998,0.4842662538487508,10.112811923215984,1,202,1788599354.5844765
1788599402.516316,47.920000,gate_sweep_high_r04,0.10801294818520546,0.0920123104006052,4.7323529571294785,92.02509797686187,0.09096916764974594,-0.19781839847564697,4.346750259399414,81.91241352593916,0.48268185252747503,10.112684450922718,1,202,1788599354.5963008
1788599402.565484,47.952000,gate_sweep_high_r04,0.10785764828324318,0.09181668050587177,4.735739931464195,92.04065901143544,0.09126486629247665,-0.19759416580200195,4.35198974609375,81.93134832993434,0.48093467658995426,10.109310681501105,1,201,1788599354.6134648
1788599402.615353,47.984000,gate_sweep_high_r04,0.10759718343615532,0.09137974120676517,4.741003260016441,92.06571683376346,0.0911470279097557,-0.19748945534229279,4.356955051422119,81.94789527829963,0.4808420186051226,10.11782155546383,1,200,1788599354.631336
1788599402.659604,48.016000,gate_sweep_high_r04,0.10738928988575935,0.09094374068081379,4.743122801184654,92.08582344368729,0.09068180620670319,-0.19694574177265167,4.360804080963135,81.96178599441903,0.4788810895723808,10.124037449268249,1,200,1788599354.643586
1788599402.710626,48.052000,gate_sweep_high_r04,0.1071806438267231,0.09053054638206959,4.742382273077965,92.10160208499192,0.09030663222074509,-0.19619731605052948,4.362074375152588,81.97313636030643,0.47658335743840763,10.128465724685496,1,200,1788599354.6586015
1788599402.757846,48.084000,gate_sweep_high_r04,0.10693312808871269,0.09008832462131977,4.737433657050133,92.11233016545741,0.08931124210357666,-0.19505882263183594,4.360944747924805,81.97468734942672,0.47261329345106823,10.137642816030686,1,200,1788599354.6738274
1788599402.804760,48.116000,gate_sweep_high_r04,0.10671413317322731,0.08978046663105488,4.730705961585045,92.1120740125133,0.08762608468532562,-0.19385430216789246,4.356417179107666,81.96492623694566,0.47000545566525864,10.147147775567657,1,198,1788599354.688741
1788599402.849923,48.148000,gate_sweep_high_r04,0.10653478279709816,0.08957277424633503,4.7242400497198105,92.10848683784106,0.08489789068698883,-0.19254162907600403,4.349776744842529,81.9426415958657,0.46933938505277767,10.165845241975353,1,198,1788599354.7018971
1788599402.902517,48.184000,gate_sweep_high_r04,0.10619457438588142,0.08928351290524006,4.711304888129234,92.0907754836783,0.08301122486591339,-0.19166840612888336,4.339911460876465,81.9144547790572,0.46626658287987977,10.176320704621109,1,198,1788599354.7184875
1788599402.950061,48.216000,gate_sweep_high_r04,0.10584907606244087,0.08912793733179569,4.699646219611168,92.06592083244973,0.08154843002557755,-0.1911413073539734,4.3295488357543945,81.88495933119759,0.46488003232249964,10.180961501252135,1,197,1788599354.7340405
1788599403.000924,48.248000,gate_sweep_high_r04,0.10545730218291283,0.08901923336088657,4.687288984656334,92.03278610851619,0.0796642079949379,-0.18965831398963928,4.319647312164307,81.84513768938822,0.4620463812842055,10.187648419127964,1,197,1788599354.7529018
1788599403.051407,48.280000,gate_sweep_high_r04,0.10493752732872963,0.08886195160448551,4.6712405532598495,91.98113950035392,0.0779842957854271,-0.18820621073246002,4.308882236480713,81.79983779547833,0.4569428771853305,10.181301704875604,1,197,1788599354.7713888
1788599403.101887,48.316000,gate_sweep_high_r04,0.10453425720334053,0.08868088014423847,4.65826390683651,91.93416982577114,0.07520104944705963,-0.1864762008190155,4.297141075134277,81.73807324609717,0.45495225667989675,10.19609657967395,1,194,1788599354.7858608
1788599403.154786,48.348000,gate_sweep_high_r04,0.10424419865012169,0.08854697830975056,4.648594602942467,91.89550485472145,0.07404691725969315,-0.184886172413826,4.285759925842285,81.68654881440645,0.45533127130078366,10.208956040315003,1,193,1788599354.806771
1788599403.208087,48.380000,gate_sweep_high_r04,0.10392581298947334,0.08836858905851841,4.6359174102544785,91.8408411241154,0.07295536994934082,-0.18346351385116577,4.272931098937988,81.63138320435709,0.45454474226147984,10.209457919758302,1,193,1788599354.82807
1788599403.257487,48.412000,gate_sweep_high_r04,0.10364249721169472,0.08812911249697208,4.620580419898033,91.77058515788396,0.07193782180547714,-0.18195289373397827,4.2613325119018555,81.57178154131844,0.4505646856245825,10.198803616565513,1,191,1788599354.8454692
1788599403.305279,48.448000,gate_sweep_high_r04,0.10348452255129814,0.08795584924519062,4.608959421515465,91.71487195317147,0.07106161117553711,-0.18264047801494598,4.252238750457764,81.49834192358325,0.44891341555873776,10.216530029588212,1,191,1788599354.8572605
1788599403.353040,48.480000,gate_sweep_high_r04,0.10333945229649544,0.0878786239773035,4.598001226782799,91.65827206381869,0.07126729190349579,-0.18435834348201752,4.2435078620910645,81.42545301841817,0.44811509183934956,10.232819045400523,1,190,1788599354.8730254
1788599403.407865,48.512000,gate_sweep_high_r04,0.1031845174729824,0.08794563449919224,4.590228781104088,91.6161958923958,0.0742577463388443,-0.18765299022197723,4.236388683319092,81.36050786018758,0.4494376206293176,10.255688032208214,1,186,1788599354.8958292
1788599403.453612,48.544000,gate_sweep_high_r04,0.10273314639925957,0.08853240497410297,4.578052744269371,91.54995057966704,0.0769207626581192,-0.19209952652454376,4.227421760559082,81.2928614661018,0.4498473595217671,10.257089113565243,1,185,1788599354.9095929
1788599403.503266,48.580000,gate_sweep_high_r04,0.10203303769230843,0.0895229671150446,4.568972334265709,91.51206432809369,0.07991237938404083,-0.19538919627666473,4.219452857971191,81.23470836066343,0.4514732867864155,10.277355967430255,1,182,1788599354.9232469
1788599403.550449,48.612000,gate_sweep_high_r04,0.10087904706597328,0.09104464389383793,4.560430273413658,91.49995311119162,0.08291453868150711,-0.19668714702129364,4.214134216308594,81.21657704113454,0.45059212846124885,10.283376070057074,1,179,1788599354.9384267
1788599403.598837,48.644000,gate_sweep_high_r04,0.09861475601792336,0.09385783411562443,4.550519689917564,91.54471140643658,0.08574522286653519,-0.19791968166828156,4.207760810852051,81.23386206031098,0.45031477077574256,10.310849346125588,1,179,1788599354.95482
1788599403.647781,48.676000,gate_sweep_high_r04,0.09606444463133812,0.0969794113188982,4.543217882514,91.65696359873095,0.08670373260974884,-0.19725464284420013,4.203293323516846,81.30968996434808,0.44967767052435903,10.347273634382876,1,177,1788599354.9717643
1788599403.695127,48.712000,gate_sweep_high_r04,0.0936717800796032,0.0998696330934763,4.538103803992271,91.801302395779,0.08801212161779404,-0.19448094069957733,4.194870948791504,81.5077441624371,0.45219805938932917,10.293558233341896,1,169,1788599354.9831007
1788599403.742883,48.744000,gate_sweep_high_r04,0.08862057700753212,0.10584103502333164,4.530280813574791,92.19031705867779,0.08945783972740173,-0.1913876086473465,4.189375400543213,81.81231468845387,0.4522853836477627,10.378002370223935,1,166,1788599354.9988353
1788599403.788765,48.776000,gate_sweep_high_r04,0.08357938006520271,0.11165506578981876,4.524674639105797,92.66675199169839,0.0887584537267685,-0.18823033571243286,4.185696125030518,82.2433444047099,0.45261960832783515,10.423407586988489,1,162,1788599355.0127475
1788599403.844244,48.808000,gate_sweep_high_r04,0.07590038701891899,0.12037392891943455,4.518621668219566,93.51029806097876,0.09120121598243713,-0.18492357432842255,4.180692672729492,82.85351338924424,0.4556716875660334,10.656784671734515,1,159,1788599355.0362234
1788599403.889157,48.844000,gate_sweep_high_r04,0.06856860965490341,0.1285009328275919,4.514569029211998,94.41019283452665,-0.03134135156869888,-0.11456798017024994,4.1008782386779785,83.42408442398174,0.490106689395601,10.986108410544913,1,396,1788599355.045142
1788599403.941752,48.876000,gate_sweep_high_r04,0.060080306604504585,0.13763689436018467,4.511168226599693,95.52779552737546,-0.04792386293411255,-0.08785056322813034,4.092249393463135,84.39251653264105,0.48785498144824174,11.135278994734417,1,223,1788599355.0657346
1788599403.990404,48.908000,gate_sweep_high_r04,0.052910661324858665,0.14513137377798557,4.508968099951744,96.51386372785238,-0.0509691946208477,-0.07689351588487625,4.091005325317383,85.66599174190196,0.48453994374164916,10.847871985950418,1,190,1788599355.08238
1788599404.042258,48.940000,gate_sweep_high_r04,0.03936845436692238,0.1588620338588953,4.505829080939293,98.44060949305954,-0.0535685196518898,-0.06690528243780136,4.089724540710449,87.17468255268797,0.4824428988457012,11.265926940371571,1,175,1788599355.1022398
1788599404.098736,48.976000,gate_sweep_high_r04,0.027081593172624707,0.17087682522833347,4.503690466284752,100.23419930671348,-0.05523786321282387,-0.05524313822388649,4.084976673126221,89.15751770622613,0.48293681921389503,11.076681600487353,1,171,1788599355.1227086
1788599404.141435,49.008000,gate_sweep_high_r04,0.013498641550540924,0.1837685201317072,4.501815542578697,102.23885868099633,-0.06012660264968872,-0.03995748981833458,4.083123207092285,91.09807137252464,0.4803928349869259,11.140787308471682,1,401,1788599355.1334124
1788599404.193573,49.040000,gate_sweep_high_r04,-0.0013011619448661804,0.19742373563349247,4.500103697180748,104.44026834289262,-0.0670781135559082,-0.027419667690992355,4.079254150390625,93.28867748333076,0.4816591164041539,11.151590859561859,1,255,1788599355.1535547
1788599404.243155,49.072000,gate_sweep_high_r04,-0.02158277854323387,0.21558094955980778,4.498003229498863,107.43095694049607,-0.07481195032596588,-0.013737077824771404,4.07749080657959,95.6690097851325,0.48192406065859383,11.761947155363565,1,213,1788599355.1711388
1788599404.304265,49.108000,gate_sweep_high_r04,-0.034632835537195206,0.22698656655848026,4.496636614203453,109.33482618492692,-0.08579055219888687,0.0062449658289551735,4.072294235229492,98.53280359499138,0.4810513702921463,10.802022589935536,1,189,1788599355.196243
1788599404.345617,49.140000,gate_sweep_high_r04,-0.05303562059998512,0.24279744364321232,4.494590029120445,111.97424336595033,-0.12860646843910217,0.019210204482078552,4.069567680358887,100.86119445770827,0.48615450579585595,11.113048908242055,1,408,1788599355.2055962
1788599404.400525,49.172000,gate_sweep_high_r04,-0.07250185683369637,0.25930563546717167,4.4921939224004745,114.69645513694473,-0.14652356505393982,0.03095693700015545,4.0644989013671875,103.50687374183204,0.4904542510735196,11.189581395112688,1,252,1788599355.2285068
1788599404.461761,49.204000,gate_sweep_high_r04,-0.0982167087495327,0.28098619915544987,4.488614305853844,118.16074462417792,-0.16022153198719025,0.04401959478855133,4.062694072723389,106.31969856720681,0.4913306571747915,11.841046056971104,1,185,1788599355.2577362
1788599404.505749,49.240000,gate_sweep_high_r04,-0.1197756938636303,0.29924444295465946,4.48525832593441,120.93528914007575,-0.17829832434654236,0.059948086738586426,4.053045272827148,109.05252033532715,0.49748946486657364,11.882768804748617,1,377,1788599355.26572
1788599404.560418,49.272000,gate_sweep_high_r04,-0.1364581398665905,0.3135175798088312,4.482480272650719,122.99210759629636,-0.18879112601280212,0.07710854709148407,4.049729347229004,111.8704049597232,0.49588439745840146,11.121702636573168,1,224,1788599355.2884011
1788599404.615000,49.304000,gate_sweep_high_r04,-0.16508668288588524,0.3384313080459833,4.47744058072567,126.32403236838421,-0.193223237991333,0.09239606559276581,4.041757106781006,114.72914799372795,0.5011437874809047,11.594884374656253,1,178,1788599355.3109818
1788599404.675622,49.336000,gate_sweep_high_r04,-0.18859004601836205,0.3594656679779291,4.473134741187096,128.85885374606175,-0.18926474452018738,0.09253130853176117,4.040778160095215,117.74244733601572,0.5081206753168626,11.116406410046048,1,165,1788599355.3396041
1788599404.720120,49.372000,gate_sweep_high_r04,-0.21255717799067497,0.3815699312835932,4.468723997473717,131.23821483948575,-0.2433338463306427,0.09710225462913513,4.035323619842529,119.17560334126446,0.5193312523872885,12.062611498221278,1,370,1788599355.348106
1788599404.780840,49.404000,gate_sweep_high_r04,-0.24299509450793266,0.410751024261117,4.463315710425377,133.96696745615927,-0.2946385443210602,0.08636249601840973,4.03041410446167,120.56665675095948,0.5434139891556228,13.400310705199768,1,177,1788599355.376817
1788599404.824345,49.436000,gate_sweep_high_r04,-0.26761097833514214,0.43533111549913883,4.459264501929283,135.99115005400924,-0.32019904255867004,0.10393840819597244,4.026211261749268,121.7825331933669,0.5478336789418028,14.208616860642326,1,362,1788599355.388326
1788599404.874233,49.468000,gate_sweep_high_r04,-0.2861386649310589,0.4545923564583063,4.456526979804039,137.3472925559468,-0.3275383412837982,0.12239141762256622,4.017444610595703,123.69283037761541,0.5521455640635575,13.654462178331386,1,280,1788599355.4062142
1788599404.928737,49.504000,gate_sweep_high_r04,-0.3169541470706463,0.4884344432502985,4.452560648322105,139.27795219497523,-0.3384488821029663,0.14553549885749817,4.009072303771973,125.5617718030905,0.5610023364047816,13.71618039188474,1,244,1788599355.424721
1788599404.979319,49.536000,gate_sweep_high_r04,-0.3414848856627941,0.517063507810235,4.449944242835045,140.50715703800535,-0.35067954659461975,0.16521841287612915,4.001679420471191,126.89328309221183,0.5699305778669349,13.61387394579352,1,224,1788599355.4432943
1788599405.034967,49.568000,gate_sweep_high_r04,-0.3658864013850689,0.546943137422204,4.447691664099693,141.46621460878723,-0.36163485050201416,0.18725058436393738,3.996195077896118,127.97109863302607,0.5772746103579885,13.495115975761147,1,210,1788599355.4669495
1788599405.080242,49.600000,gate_sweep_high_r04,-0.3960011415183544,0.5862864945083857,4.445197328925133,142.24549646079146,-0.37422168254852295,0.21385517716407776,3.9892690181732178,128.78597358063226,0.5891095445814215,13.459522880159218,1,192,1788599355.4802241
1788599405.130301,49.636000,gate_sweep_high_r04,-0.41971997544169426,0.6192975733429193,4.443375334143639,142.54655107713265,-0.38761141896247864,0.2416592836380005,3.9822866916656494,129.37537765179223,0.5968621059110975,13.171173425340415,1,182,1788599355.494283
1788599405.179198,49.668000,gate_sweep_high_r04,-0.4372527413070202,0.6448995564132929,4.442119345068932,142.58595929500146,-0.4016993045806885,0.27271756529808044,3.978768825531006,129.61577545555116,0.5953798664126988,12.970183839450279,1,168,1788599355.5111804
1788599405.240564,49.700000,gate_sweep_high_r04,-0.460206788033247,0.6801274511963129,4.44065497815609,142.39475935352058,-0.4609645903110504,0.3445068299770355,3.965200185775757,129.61722449631552,0.5819785522245055,12.777534857205072,1,160,1788599355.540534
1788599405.286483,49.732000,gate_sweep_high_r04,-0.4881793074309826,0.7258156631141901,4.439320310950279,141.78506251147672,-0.4688394069671631,0.32995471358299255,3.9707870483398438,128.81627679780257,0.6136801620437726,12.968785713674167,1,400,1788599355.5544574
1788599405.332275,49.768000,gate_sweep_high_r04,-0.5099898986518383,0.763616094365716,4.438586935400963,141.0208953773621,-0.48298901319503784,0.35683563351631165,3.972783327102661,128.1530982555614,0.61900920239365,12.86779712180072,1,263,1788599355.564256
1788599405.382133,49.800000,gate_sweep_high_r04,-0.531302910298109,0.802436301484704,4.438066706061363,140.03170265274602,-0.5010338425636292,0.3946496248245239,3.971446990966797,127.4062116256469,0.6204354508230514,12.625491027099125,1,213,1788599355.582113
1788599405.443886,49.832000,gate_sweep_high_r04,-0.5470492653548717,0.8320517037063837,4.437756285071373,139.1569350671174,-0.5189791917800903,0.43084999918937683,3.968353271484375,126.45557684508911,0.6181342296802538,12.70135822202829,1,164,1788599355.6118453
1788599405.491055,49.864000,gate_sweep_high_r04,-0.5726201348006725,0.8824747297912836,4.437239393591881,137.482848210523,-0.5183549523353577,0.4488857388496399,3.963397979736328,125.45929296545866,0.6445694753697353,12.02355524506436,1,383,1788599355.6270368
1788599405.544953,49.900000,gate_sweep_high_r04,-0.5925802998244762,0.9235695097595453,4.436695322394371,135.9673601940949,-0.5316327810287476,0.4835383892059326,3.9601333141326904,124.02406567203974,0.6515008325562063,11.943294522055169,1,244,1788599355.644931
1788599405.592352,49.932000,gate_sweep_high_r04,-0.6121306829154491,0.9652316067367792,4.435924753546715,134.3290568737655,-0.5453272461891174,0.5224224328994751,3.9606001377105713,122.5937705463833,0.6530514175872388,11.735286327382196,1,183,1788599355.660334
1788599405.653762,49.964000,gate_sweep_high_r04,-0.6360686235129833,1.0179892275482416,4.434591516852379,132.14402049716074,-0.5595083832740784,0.557166337966919,3.962362289428711,121.06367994465114,0.6642436670233846,11.080340552509591,1,156,1788599355.6897378
1788599405.694347,49.996000,gate_sweep_high_r04,-0.6549456529319286,1.060581872239709,4.4332291930913925,130.32135650147205,-0.5421081781387329,0.5833666324615479,3.9678795337677,119.86434341803275,0.6760303145768756,10.457013083439314,1,379,1788599355.6983285
1788599405.746282,50.032000,gate_sweep_high_r04,-0.6689958982169628,1.0926612112671137,4.432024702429771,128.9261166415439,-0.5500744581222534,0.6227409243583679,3.963071346282959,118.065176626372,0.6744513586641787,10.860940015171895,1,246,1788599355.714262
1788599405.797541,50.064000,gate_sweep_high_r04,-0.6922708563506603,1.1462699864059687,4.429729208350182,126.57791617263979,-0.564918041229248,0.6618192791938782,3.9584319591522217,116.33804049605389,0.687773454226904,10.2398756765859,1,203,1788599355.7335231
1788599405.853365,50.096000,gate_sweep_high_r04,-0.7108819298446178,1.18915612436831,4.427731737494469,124.70964378675968,-0.580681324005127,0.7013145089149475,3.9569222927093506,114.59288695416514,0.6903645217042863,10.11675683259454,1,179,1788599355.7573462
1788599405.910139,50.128000,gate_sweep_high_r04,-0.7341386489570141,1.242642829194665,4.425102457404137,122.41420139773606,-0.5981824398040771,0.7426247000694275,3.9590582847595215,112.85232972264973,0.6969213665236156,9.561871675086326,1,169,1788599355.7821236
1788599405.952021,50.164000,gate_sweep_high_r04,-0.7528670243918896,1.2852638456970453,4.422953829169273,120.63706487891343,-0.5658898949623108,0.770396888256073,3.9641807079315186,111.53630549265053,0.7145076679535924,9.1007593862629,1,348,1788599355.787998
1788599406.000794,50.196000,gate_sweep_high_r04,-0.7717619352042675,1.3276582453399897,4.420894846320152,118.92986560760765,-0.5653457641601562,0.8074244260787964,3.960836410522461,110.06281655121171,0.7245030205045513,8.867049056395935,1,281,1788599355.8047714
1788599406.050516,50.228000,gate_sweep_high_r04,-0.7860544137656689,1.3592556212097406,4.419467195868492,117.70505980736196,-0.575454831123352,0.8414867520332336,3.957984685897827,108.54246250388272,0.7248468066469368,9.162597303479245,1,216,1788599355.8224976
1788599406.102907,50.260000,gate_sweep_high_r04,-0.8101187758147717,1.4114490244537592,4.417410120368004,115.78046855201559,-0.5897449851036072,0.8761977553367615,3.953103542327881,107.07759448416462,0.7420506230272256,8.70287406785096,1,197,1788599355.8428845
1788599406.153347,50.296000,gate_sweep_high_r04,-0.8296505622565746,1.4527581427246332,4.416081175208092,114.35845179041277,-0.6054626703262329,0.9169571399688721,3.947004556655884,105.55802055159437,0.7465760507239858,8.80043123881841,1,184,1788599355.8573263
1788599406.216970,50.328000,gate_sweep_high_r04,-0.8494964651763439,1.4936366770416498,4.415023073554039,113.04970707370408,-0.6259804964065552,0.9514262676239014,3.9427080154418945,104.27356448423352,0.7530159563352811,8.77614258947057,1,176,1788599355.8889508
1788599406.258681,50.360000,gate_sweep_high_r04,-0.8697116188704967,1.534101078286767,4.414225324988365,111.86309646100341,-0.6196148991584778,0.9801718592643738,3.9513039588928223,103.36564767834344,0.763990929321307,8.49744878265997,1,379,1788599355.8986585
1788599406.307576,50.392000,gate_sweep_high_r04,-0.8954941444098949,1.5839700195938349,4.41364024579525,110.55172785369301,-0.6267019510269165,1.0128920078277588,3.951932191848755,102.40926357956673,0.7820189676890111,8.142464274126283,1,277,1788599355.9155612
1788599406.355302,50.428000,gate_sweep_high_r04,-0.9112382344901562,1.6135156843811274,4.41348622739315,109.8593464700373,-0.6455293893814087,1.0477735996246338,3.9476277828216553,101.36208144819354,0.7795443458920222,8.497265021843749,1,217,1788599355.9272826
1788599406.404335,50.460000,gate_sweep_high_r04,-0.9325247816741467,1.652504513040185,4.413487181067467,109.04279712748858,-0.6634629368782043,1.0800739526748657,3.943295478820801,100.5512971981738,0.7881314989433975,8.491499929314775,1,192,1788599355.9443164
1788599406.453352,50.492000,gate_sweep_high_r04,-0.9541257433593273,1.6910829041153193,4.413707479834557,108.3482517910959,-0.6811028122901917,1.111411690711975,3.9405477046966553,99.86635576928839,0.7965176767320589,8.48189602180751,1,183,1788599355.9613333
1788599406.501175,50.524000,gate_sweep_high_r04,-0.9814532212913036,1.7387526724487543,4.414201006293297,107.63799632266614,-0.6992308497428894,1.1432301998138428,3.936554193496704,99.29055074307186,0.8139059897742205,8.347445579594275,1,179,1788599355.9771492
1788599406.560972,50.560000,gate_sweep_high_r04,-1.0034870319068432,1.776459762826562,4.4147331565618515,107.18856264142354,-0.7260791063308716,1.1759121417999268,3.9381096363067627,98.72161204918174,0.8153420033050351,8.466950592241796,1,173,1788599356.0009518
1788599406.602908,50.592000,gate_sweep_high_r04,-1.0200895480811596,1.8044696543365717,4.415201410651207,106.91514890363771,-0.7330066561698914,1.2258155345916748,3.946692705154419,98.5319191630998,0.7979709169212588,8.383229740537917,1,383,1788599356.0108902
1788599406.651207,50.624000,gate_sweep_high_r04,-1.0477897338569164,1.8506252262741327,4.4160806983709335,106.56963110096979,-0.7513990998268127,1.2625454664230347,3.946199893951416,98.273198526308,0.8089951682483801,8.2964325746618,1,265,1788599356.0271895
1788599406.698448,50.656000,gate_sweep_high_r04,-1.0698501281440258,1.8870690558105707,4.416882738471031,106.3816927885391,-0.7703940272331238,1.2941341400146484,3.943636655807495,98.06746076786979,0.8156026149412839,8.314232020669301,1,234,1788599356.042427
1788599406.748544,50.692000,gate_sweep_high_r04,-1.091713111847639,1.9230925533920527,4.41774819791317,106.25779780353992,-0.7894810438156128,1.3261182308197021,3.9386355876922607,97.91648971765379,0.8229650405881923,8.341308085886117,1,223,1788599356.056526
1788599406.803662,50.724000,gate_sweep_high_r04,-1.1185540370643139,1.9675323460251093,4.418877825140953,106.18232844366732,-0.8064350485801697,1.3552498817443848,3.9362738132476807,97.8536544089161,0.8397706301922709,8.328674034751225,1,193,1788599356.079642
1788599406.852115,50.756000,gate_sweep_high_r04,-1.13954321667552,2.0026829931885004,4.419830545783043,106.17004459202647,-0.823477566242218,1.384625792503357,3.9348738193511963,97.83518925276672,0.8468029435553911,8.334855339259745,1,184,1788599356.096096
1788599406.904637,50.788000,gate_sweep_high_r04,-1.1549668721854687,2.0288091395050287,4.420571073889732,106.18593950301829,-0.8396064043045044,1.414913296699524,3.9325761795043945,97.8731281960221,0.8452569712591188,8.312811306996196,1,181,1788599356.1166065
1788599406.955071,50.824000,gate_sweep_high_r04,-1.179931204766035,2.0718944761902094,4.421851381659508,106.24494369931412,-0.8567641973495483,1.4487156867980957,3.9327149391174316,97.96397215807959,0.8555952183442037,8.280971541234523,1,172,1788599356.1310458
1788599407.014470,50.856000,gate_sweep_high_r04,-1.1992047242820263,2.105993101373315,4.422886595129967,106.31444660572963,-0.873931348323822,1.4783554077148438,3.939054250717163,98.09590312734181,0.8566362011426799,8.218543478387815,1,164,1788599356.1584487
1788599407.056660,50.888000,gate_sweep_high_r04,-1.2178793363273144,2.1398335192352533,4.423934206366539,106.39772251553207,-0.9014081954956055,1.5421085357666016,3.94114351272583,98.1257253221315,0.8309729193589886,8.271997193400576,1,383,1788599356.168637
1788599407.106690,50.920000,gate_sweep_high_r04,-1.2402495555579662,2.181632110849023,4.425309404730797,106.51370984216788,-0.9210581183433533,1.5763275623321533,3.943063735961914,98.19891908749807,0.8371604715302129,8.31479075466983,1,278,1788599356.1866705
1788599407.156726,50.956000,gate_sweep_high_r04,-1.257302563637495,2.2147052977234125,4.426445230841637,106.60909459667002,-0.9379479885101318,1.6088314056396484,3.9444377422332764,98.34018436007871,0.8374973055706184,8.26891023659132,1,233,1788599356.20071
1788599407.204338,50.988000,gate_sweep_high_r04,-1.2696201018989086,2.239301512017846,4.42732547223568,106.68285925816998,-0.953407347202301,1.6396430730819702,3.94417405128479,98.47445847843267,0.8324758526147724,8.208400779737325,1,207,1788599356.216318
1788599407.257609,51.020000,gate_sweep_high_r04,-1.285400789231062,2.2717915270477533,4.428552374243736,106.78219943987429,-0.9667665958404541,1.6689221858978271,3.943608522415161,98.6234689451722,0.8367495032102287,8.15873049470208,1,194,1788599356.2375886
1788599407.312091,51.052000,gate_sweep_high_r04,-1.304135125130415,2.3118656370788813,4.430194601416588,106.89952880154397,-0.9738574028015137,1.695562481880188,3.9427433013916016,98.81613383347488,0.8523624363325032,8.083394968069097,1,185,1788599356.260073
1788599407.362018,51.088000,gate_sweep_high_r04,-1.3183763436973095,2.3435290548950434,4.431628450751305,106.99344318807411,-0.980170488357544,1.7233861684799194,3.9414188861846924,99.03307023255617,0.859805685809283,7.960372955517945,1,172,1788599356.2739937
1788599407.421683,51.120000,gate_sweep_high_r04,-1.3319995813071728,2.374816248193383,4.433191046118736,107.08013955432529,-0.9936553835868835,1.7504816055297852,3.943415641784668,99.20510126621282,0.862641576120389,7.875038288112458,1,161,1788599356.3016582
1788599407.466007,51.152000,gate_sweep_high_r04,-1.3418924026191235,2.398072073236108,4.434424623847008,107.14703472624093,-1.0170245170593262,1.7985342741012573,3.942744016647339,99.24675354097926,0.8406750473017437,7.900281185261671,1,395,1788599356.3139873
1788599407.517112,51.184000,gate_sweep_high_r04,-1.3576461486518383,2.4361973498016596,4.43663190305233,107.25019131964861,-1.0283187627792358,1.8363144397735596,3.942650318145752,99.41683133794166,0.8439987198190992,7.83335998170695,1,273,1788599356.3330913
1788599407.566867,51.220000,gate_sweep_high_r04,-1.3696479015052319,2.466114828363061,4.438538298010826,107.33429147805045,-1.0385676622390747,1.8686895370483398,3.94492769241333,99.58850915312026,0.842723284057906,7.745782324930189,1,222,1788599356.3468285
1788599407.615413,51.252000,gate_sweep_high_r04,-1.3811268024146557,2.495522568002343,4.440550073981285,107.41044981744959,-1.0441662073135376,1.8934292793273926,3.945091962814331,99.76171988835314,0.849433641221869,7.6487299290964526,1,199,1788599356.363393
1788599407.663527,51.284000,gate_sweep_high_r04,-1.394833367317915,2.5315855238586664,4.443195089697838,107.51303941900626,-1.0509370565414429,1.9199098348617554,3.9465017318725586,99.91717533039028,0.8597186241923951,7.595864088615984,1,185,1788599356.3795097
1788599407.713902,51.316000,gate_sweep_high_r04,-1.405315201729536,2.5599201414734125,4.445434793829918,107.59229993807801,-1.0574935674667358,1.9457260370254517,3.9497311115264893,100.07479170020393,0.8625174942278309,7.517508237874075,1,172,1788599356.3978822
1788599407.764006,51.352000,gate_sweep_high_r04,-1.4129120521247387,2.5808506701141596,4.447187170386314,107.65577708254384,-1.0637181997299194,1.9773917198181152,3.95023775100708,100.28508637980677,0.8561879330287812,7.370690702737061,1,163,1788599356.4119856
1788599407.820701,51.384000,gate_sweep_high_r04,-1.4250711612403393,2.6150909159332514,4.450249895453453,107.76326421904764,-1.0716400146484375,2.0037858486175537,3.9523766040802,100.46897076749376,0.8639937933630959,7.29429345155389,1,160,1788599356.436671
1788599407.864019,51.416000,gate_sweep_high_r04,-1.434445183724165,2.6419625971466303,4.452838644385338,107.85504777877973,-1.0881253480911255,2.035125494003296,3.9549150466918945,100.51120225012367,0.8579723815160202,7.343845528656063,1,361,1788599356.447996
1788599407.914160,51.448000,gate_sweep_high_r04,-1.4435095004737377,2.668256590142846,4.455571398139,107.95044814787026,-1.097568154335022,2.0627553462982178,3.958009958267212,100.65072816995641,0.8566647872493335,7.299719977913863,1,234,1788599356.4661403
1788599407.962327,51.484000,gate_sweep_high_r04,-1.4544810466468334,2.7002166006714106,4.459217295050621,108.07722493080215,-1.1036204099655151,2.0923080444335938,3.959563970565796,100.8516144407184,0.8615738179565956,7.225610490083761,1,207,1788599356.4783087
1788599408.013566,51.516000,gate_sweep_high_r04,-1.462986033409834,2.7250927183777094,4.462366804480553,108.18207480182457,-1.1104137897491455,2.119102954864502,3.965064764022827,101.0171657714956,0.8595580840909718,7.164909030328976,1,200,1788599356.497547
1788599408.061136,51.548000,gate_sweep_high_r04,-1.469228070229292,2.743367025628686,4.464818224310875,108.26568597334253,-1.1162184476852417,2.146435022354126,3.9684410095214844,101.20262404426278,0.8528387593819508,7.063061929079752,1,189,1788599356.5131154
1788599408.111187,51.580000,gate_sweep_high_r04,-1.4793937616050243,2.7731273863464594,4.469117388129234,108.41189464525831,-1.1210638284683228,2.169649839401245,3.971294641494751,101.38806292421249,0.8604725316449487,7.0238317210458225,1,181,1788599356.531168
1788599408.161965,51.616000,gate_sweep_high_r04,-1.4873524121940136,2.796371290460229,4.472652658820152,108.53416639272518,-1.1275131702423096,2.1966946125030518,3.9747471809387207,101.59479231223729,0.8584906889643414,6.939374080487899,1,174,1788599356.545943
1788599408.210959,51.648000,gate_sweep_high_r04,-1.4951832704246044,2.8191290590912104,4.476234659552574,108.66208695663474,-1.1327998638153076,2.219453811645508,3.978860855102539,101.79092596689057,0.8592513236172088,6.871160989744177,1,172,1788599356.562935
1788599408.267790,51.680000,gate_sweep_high_r04,-1.5029132775962353,2.841495344415307,4.4798314422369,108.79358746310258,-1.1375117301940918,2.241455078125,3.981693983078003,101.98640487586401,0.8612244424253794,6.807182587238569,1,169,1788599356.587769
1788599408.321010,51.712000,gate_sweep_high_r04,-1.5124646835029125,2.8688758108764887,4.484334692358971,108.9602532621487,-1.1434822082519531,2.263437271118164,3.9850587844848633,102.16440319162456,0.8671679910205008,6.795850070524143,1,165,1788599356.6089911
1788599408.372915,51.748000,gate_sweep_high_r04,-1.5181773118674755,2.885065386071801,4.487006410956383,109.0576558472328,-1.1490755081176758,2.28729248046875,3.989171266555786,102.37518852652678,0.861050764592212,6.682467320706016,1,163,1788599356.6249
1788599408.423205,51.780000,gate_sweep_high_r04,-1.5258001498878002,2.9063790533691645,4.490567907691002,109.18361797341132,-1.153854250907898,2.3068668842315674,3.993356466293335,102.54903316225068,0.8631209707617931,6.634584811160628,1,162,1788599356.6431909
1788599408.482484,51.812000,gate_sweep_high_r04,-1.5334337167441845,2.927447149530053,4.4941656440496445,109.29667617537135,-1.1598870754241943,2.3284518718719482,3.996702194213867,102.73400178159899,0.8635984714094094,6.5626743937723635,1,160,1788599356.6704588
1788599408.529101,51.844000,gate_sweep_high_r04,-1.543011587113142,2.9535902235656977,4.498711332678795,109.42139609286647,-1.1674875020980835,2.3467040061950684,3.9956862926483154,102.78762341617586,0.8731342452100325,6.633772676690614,1,387,1788599356.685083
1788599408.576739,51.880000,gate_sweep_high_r04,-1.550685804337263,2.9744053576141596,4.502354845404625,109.50011796204787,-1.1733156442642212,2.3661203384399414,4.001166343688965,102.89946256823688,0.8738471356692317,6.600655393810979,1,338,1788599356.6967196
1788599408.626787,51.912000,gate_sweep_high_r04,-1.5564442090690136,2.9899781439453363,4.50505231320858,109.54579848133032,-1.1786373853683472,2.3852853775024414,4.0040411949157715,102.99077787713756,0.8714375929899734,6.5550206041927614,1,303,1788599356.7147703
1788599408.673886,51.944000,gate_sweep_high_r04,-1.5660553388297558,3.015936205163598,4.509471639990807,109.59229053727574,-1.1833837032318115,2.406527519226074,4.007640361785889,103.06762703651452,0.877297645598167,6.5246635007612275,1,294,1788599356.7298672
1788599408.727193,51.976000,gate_sweep_high_r04,-1.573806207627058,3.0367952082306147,4.512980684638023,109.60012088781258,-1.189521074295044,2.4282219409942627,4.012414932250977,103.10661919961568,0.8766998105152883,6.4935016881969005,1,287,1788599356.7511778
1788599408.774157,52.012000,gate_sweep_high_r04,-1.5816661529242992,3.057808706536889,4.516480192542076,109.57972770287338,-1.1967507600784302,2.4506142139434814,4.01606559753418,103.10189607897598,0.8759336609483462,6.477831623897393,1,272,1788599356.7621377
1788599408.825152,52.044000,gate_sweep_high_r04,-1.5917077474296093,3.084370682016015,4.5208146423101425,109.51304362736008,-1.2031455039978027,2.4709954261779785,4.019207954406738,103.07164186613136,0.8825072752360507,6.4414017612287156,1,269,1788599356.78113
1788599408.873350,52.076000,gate_sweep_high_r04,-1.5998672656714916,3.1058674547821283,4.524257406592369,109.42621152086973,-1.2084622383117676,2.490783452987671,4.021642208099365,103.01874409343947,0.885521463580704,6.407467427430258,1,268,1788599356.7973285
1788599408.924884,52.108000,gate_sweep_high_r04,-1.6060430221259594,3.122155973687768,4.526849016547203,109.3418790021089,-1.2142277956008911,2.511512279510498,4.024668216705322,102.93466971112105,0.8823777245064525,6.407209290987857,1,266,1788599356.816867
1788599408.977452,52.144000,gate_sweep_high_r04,-1.6164154224097729,3.149722645059228,4.5311601012945175,109.16804298856722,-1.221261739730835,2.534604072570801,4.02842903137207,102.7966069293933,0.8872743768532345,6.3714360591739165,1,263,1788599356.8334339
1788599409.027014,52.176000,gate_sweep_high_r04,-1.6247648410499096,3.1721778605133295,4.534555181860924,108.9997020901913,-1.22762131690979,2.555037021636963,4.031681060791016,102.63835522079856,0.8896449715573578,6.361346869392742,1,259,1788599356.8509932
1788599409.076705,52.208000,gate_sweep_high_r04,-1.633151214569807,3.194961855188012,4.537945970892906,108.80738311929564,-1.2344142198562622,2.575549840927124,4.034119606018066,102.45172440674935,0.8924704142473942,6.355658712546285,1,254,1788599356.8686867
1788599409.122510,52.240000,gate_sweep_high_r04,-1.6436695270240307,3.2239614222198725,4.542208418250084,108.53960099368963,-1.2404536008834839,2.595832347869873,4.036866188049316,102.2402859925189,0.9013878115225719,6.2993150011707275,1,247,1788599356.8824916
1788599409.169151,52.276000,gate_sweep_high_r04,-1.6521263532340527,3.2475422117859125,4.545620188117027,108.30269968588688,-1.2470825910568237,2.6184611320495605,4.040563106536865,101.98012460890635,0.9027104241201652,6.322575076980522,1,243,1788599356.8931308
1788599409.220152,52.308000,gate_sweep_high_r04,-1.6584964208304882,3.265463897958398,4.548164114356041,108.11457731160326,-1.2531300783157349,2.6388497352600098,4.043680667877197,101.7231872696211,0.9008167007272693,6.391390041982149,1,234,1788599356.912133
1788599409.270367,52.340000,gate_sweep_high_r04,-1.667018573731184,3.289709636941552,4.551562055945396,107.85042393849746,-1.2598782777786255,2.6611568927764893,4.046562671661377,101.44223217531732,0.9032530934976125,6.4081917631801435,1,224,1788599356.9303453
1788599409.320177,52.372000,gate_sweep_high_r04,-1.6776764802634716,3.320644924417138,4.555800184607506,107.5082156069443,-1.2657548189163208,2.6826260089874268,4.050048351287842,101.15175892277288,0.9124321938858269,6.356456684171414,1,222,1788599356.9481592
1788599409.365713,52.408000,gate_sweep_high_r04,-1.6862804107367992,3.3459120485931635,4.559154257178307,107.22370853797337,-1.2722834348678589,2.7048118114471436,4.053916931152344,100.80198322288952,0.9152419164937629,6.421725315083861,1,214,1788599356.957693
1788599409.418092,52.440000,gate_sweep_high_r04,-1.695032399147749,3.3716598246246576,4.562450155615807,106.93555458270912,-1.278552770614624,2.7265665531158447,4.055820941925049,100.48489976679883,0.9199313942321722,6.450654815910284,1,204,1788599356.9780693
1788599409.468942,52.472000,gate_sweep_high_r04,-1.7016848735511303,3.391233751550317,4.5649077743291855,106.71593471113957,-1.2849571704864502,2.748056173324585,4.058152675628662,100.16297641256419,0.9187709756478264,6.552958298575377,1,196,1788599356.996916
1788599409.518768,52.504000,gate_sweep_high_r04,-1.7130203656852245,3.424498865380883,4.568973287940025,106.34764759498977,-1.2911713123321533,2.7713112831115723,4.060173034667969,99.85204058124737,0.9292407326282136,6.4956070137424,1,188,1788599357.014745
1788599409.571515,52.540000,gate_sweep_high_r04,-1.7223502807319164,3.451562950387597,4.572199568152428,106.05178276326724,-1.29940927028656,2.7964634895324707,4.062649250030518,99.48289323627654,0.9314912391575972,6.568889526990706,1,179,1788599357.0314934
1788599409.623481,52.572000,gate_sweep_high_r04,-1.7318960838019848,3.478979418054223,4.575386747717857,105.75764102108054,-1.3057374954223633,2.821866989135742,4.064161777496338,99.1820326872964,0.9352854413850623,6.575608333784149,1,171,1788599357.0514636
1788599409.670925,52.604000,gate_sweep_high_r04,-1.7441233806312084,3.5137398932129145,4.57931350171566,105.39698631489274,-1.3118959665298462,2.8452417850494385,4.066449165344238,98.87920239107306,0.9469636136835438,6.51778392381969,1,165,1788599357.0669088
1788599409.735472,52.636000,gate_sweep_high_r04,-1.756563227623701,3.549010345712304,4.5831525176763535,105.04829714103174,-1.3205057382583618,2.8695871829986572,4.067875862121582,98.5897052745524,0.9577431805150732,6.458591866479333,1,159,1788599357.0994575
1788599409.780095,52.672000,gate_sweep_high_r04,-1.7615811042487621,3.5632537100464106,4.58468459546566,104.91225891910675,-1.3327254056930542,2.907489061355591,4.070038318634033,98.11923578673988,0.9374461450733872,6.793023132366879,1,399,1788599357.1080732
1788599409.828175,52.704000,gate_sweep_high_r04,-1.7742095403373241,3.5991614554077387,4.588426813483238,104.58422654255352,-1.34113347530365,2.9351439476013184,4.07187557220459,97.81819738616832,0.9462025753743292,6.766029156385199,1,351,1788599357.124156
1788599409.878584,52.736000,gate_sweep_high_r04,-1.7843685559928417,3.628167698159814,4.591329798102379,104.33403033131698,-1.349105715751648,2.9636683464050293,4.074422359466553,97.54544834222555,0.9477375315425733,6.788581989091424,1,328,1788599357.142563
1788599409.924878,52.768000,gate_sweep_high_r04,-1.7945731095969677,3.657408544793725,4.5941741317510605,104.0954171254229,-1.3573635816574097,2.991668462753296,4.076616287231445,97.28387053461307,0.9498569105818616,6.811546590809828,1,321,1788599357.1568441
1788599409.972404,52.804000,gate_sweep_high_r04,-1.8074115924537182,3.6941738817840815,4.597664579749107,103.8142906837303,-1.3667211532592773,3.0233547687530518,4.0787553787231445,97.01176941996188,0.9557578691878659,6.802521263768428,1,311,1788599357.1683807
1788599410.022630,52.836000,gate_sweep_high_r04,-1.817721288651228,3.723746368661523,4.600434049963951,103.6039964144947,-1.37539541721344,3.0521931648254395,4.080500602722168,96.78279139746505,0.9575837674514073,6.8212050170296585,1,300,1788599357.1866
1788599410.070097,52.868000,gate_sweep_high_r04,-1.825471919029951,3.7460091803222895,4.602519735693932,103.4555382020178,-1.3841596841812134,3.08121395111084,4.081899642944336,96.56688010439731,0.952761495015457,6.888658097620488,1,295,1788599357.2020814
1788599410.120089,52.900000,gate_sweep_high_r04,-1.83847002312541,3.7832477781921625,4.605955824255943,103.22145420207677,-1.3925765752792358,3.1093225479125977,4.083441257476807,96.36939458357978,0.9622981114685315,6.852059618496992,1,285,1788599357.2200704
1788599410.169470,52.936000,gate_sweep_high_r04,-1.8489578180015087,3.813198635354638,4.608630403876305,103.0490082683749,-1.4020884037017822,3.142491579055786,4.085648536682129,96.17003449193388,0.9607550479802635,6.878973776441032,1,278,1788599357.233452
1788599410.217532,52.968000,gate_sweep_high_r04,-1.8594924621284008,3.8432894442230463,4.611317381262779,102.88682293074875,-1.410620927810669,3.172899007797241,4.087177276611328,96.00579173284181,0.962097625439316,6.881031197906934,1,273,1788599357.2495146
1788599410.265658,53.000000,gate_sweep_high_r04,-1.8700265102088451,3.873498747125268,4.613950476050377,102.73635434260724,-1.4198118448257446,3.2039737701416016,4.089291095733643,95.8538930524677,0.9624055304731659,6.882461290139552,1,268,1788599357.2656307
1788599410.319006,53.032000,gate_sweep_high_r04,-1.8831723146140575,3.9114456865936518,4.617147669196129,102.56325003556482,-1.4287021160125732,3.235994577407837,4.091324806213379,95.72155253867561,0.969157905375897,6.841697496889203,1,260,1788599357.2869902
1788599410.364571,53.068000,gate_sweep_high_r04,-1.8910111598670483,3.9343419764190912,4.618995413184166,102.46795155045915,-1.4394572973251343,3.272806406021118,4.093202590942383,95.57522471020839,0.9581170563137223,6.892726840250762,1,251,1788599357.2965503
1788599410.412982,53.100000,gate_sweep_high_r04,-1.9013708047568798,3.964993068948388,4.621407732367516,102.34833808470547,-1.448805809020996,3.3059098720550537,4.094173431396484,95.45390336766243,0.9576960602993886,6.894434717043043,1,240,1788599357.3129642
1788599410.458392,53.132000,gate_sweep_high_r04,-1.9115810804069042,3.9957886431366205,4.623713240027428,102.23799389565116,-1.4572139978408813,3.3375134468078613,4.095548152923584,95.3490809168217,0.9585061497229094,6.888912978829458,1,234,1788599357.3263767
1788599410.511810,53.164000,gate_sweep_high_r04,-1.924135249108076,4.034429619088769,4.6266472190618515,102.11113968274455,-1.4650079011917114,3.368096113204956,4.096749305725098,95.25467985831789,0.9672590455647204,6.856459824426668,1,224,1788599357.3477883
1788599410.559099,53.200000,gate_sweep_high_r04,-1.9340101890265942,4.065445015206933,4.629045709967613,102.01754358714925,-1.4738620519638062,3.4027206897735596,4.098171710968018,95.15299083119683,0.9657986551954278,6.864552755952407,1,217,1788599357.3590808
1788599410.611196,53.232000,gate_sweep_high_r04,-1.9413136653602123,4.088739464059472,4.630884870886803,101.94973048362745,-1.4824333190917969,3.434335470199585,4.099073886871338,95.06554149421788,0.9600201467108328,6.884188989409558,1,208,1788599357.379165
1788599410.660605,53.264000,gate_sweep_high_r04,-1.9532903842628002,4.127582618966699,4.633925661444664,101.84045012499605,-1.4899920225143433,3.4664690494537354,4.100131034851074,94.98735966759156,0.9678084661611335,6.853090457404486,1,199,1788599357.3965816
1788599410.706469,53.296000,gate_sweep_high_r04,-1.9627072028815746,4.158599445596337,4.636307939887047,101.75200937185858,-1.497739553451538,3.4978842735290527,4.101069927215576,94.90524793213379,0.9691332126312152,6.846761439724786,1,198,1788599357.4104497
1788599410.754276,53.332000,gate_sweep_high_r04,-1.9719566516578197,4.189513275399804,4.638620600104332,101.65739113446443,-1.5058047771453857,3.5339159965515137,4.10201358795166,94.80648183142239,0.9669810999374067,6.850909303042054,1,196,1788599357.4222493
1788599410.808032,53.364000,gate_sweep_high_r04,-1.9832669906318188,4.227978298440576,4.641485437750816,101.52203315994659,-1.5122740268707275,3.5653512477874756,4.103123188018799,94.71759649634052,0.9750604556160617,6.804436663606074,1,191,1788599357.444009
1788599410.855630,53.396000,gate_sweep_high_r04,-1.9921609573066235,4.258594581857324,4.643719419836998,101.39304680175543,-1.5181819200515747,3.5965359210968018,4.104193210601807,94.62235079229494,0.9767631895689631,6.770696009460499,1,189,1788599357.4596124
1788599410.903442,53.428000,gate_sweep_high_r04,-1.9987920932471752,4.281467029824853,4.645388349890709,101.27780782559677,-1.524661898612976,3.6271567344665527,4.105311393737793,94.49416888078805,0.971907671871731,6.783638944808723,1,185,1788599357.4754221
1788599410.955383,53.464000,gate_sweep_high_r04,-2.0098303966224194,4.319412777200341,4.648100599646568,101.03838332610977,-1.531662106513977,3.660853862762451,4.106197357177734,94.31384772854653,0.9777545099098646,6.724535597563232,1,175,1788599357.4913595
1788599411.013711,53.496000,gate_sweep_high_r04,-2.018625419586897,4.349591800943017,4.650319322943687,100.79241910301667,-1.537211537361145,3.6877472400665283,4.107391834259033,94.11646147682131,0.9821241300013392,6.675957626195351,1,166,1788599357.5176904
1788599411.058225,53.528000,gate_sweep_high_r04,-2.0273529700934887,4.379640171304345,4.652767404913902,100.48582347590072,-1.5473697185516357,3.7198424339294434,4.110454082489014,93.57905391676205,0.9797044021975458,6.906769559138664,1,372,1788599357.5302029
1788599411.105451,53.560000,gate_sweep_high_r04,-2.0382048301398754,4.416972706094384,4.655805334448814,100.00231239505179,-1.5551433563232422,3.7517008781433105,4.111356258392334,93.2267898685182,0.9860830537890893,6.77552252653359,1,344,1788599357.5454311
1788599411.156116,53.596000,gate_sweep_high_r04,-2.0468229465186596,4.446656772866845,4.658284410834312,99.52249511141306,-1.5640124082565308,3.7867274284362793,4.113057613372803,92.76107023391808,0.982794493354362,6.761424877494981,1,308,1788599357.5600872
1788599411.204093,53.628000,gate_sweep_high_r04,-2.0532128028571606,4.468855449929833,4.660248503088951,99.10357627682892,-1.5722646713256836,3.816997766494751,4.114163398742676,92.25508458772589,0.9769536764175942,6.84849168910303,1,289,1788599357.5760725
1788599411.256003,53.660000,gate_sweep_high_r04,-2.0615953616797924,4.498441765084863,4.662906393408775,98.46212976139664,-1.5805569887161255,3.8472719192504883,4.115036487579346,91.65660755899798,0.9775384995492725,6.8055222023986675,1,280,1788599357.5959785
1788599411.305714,53.692000,gate_sweep_high_r04,-2.0717252902686596,4.535460064187646,4.666289076209068,97.52366004070501,-1.5897513628005981,3.877545118331909,4.115869045257568,90.95842289600525,0.9839274125726934,6.565237144699775,1,265,1788599357.6136854
1788599411.353343,53.728000,gate_sweep_high_r04,-2.0794908218085766,4.56508500315249,4.668988928198814,96.66147742612384,-1.6002378463745117,3.91133451461792,4.117062091827393,90.05511503765142,0.9806611792196932,6.606362388472427,1,250,1788599357.625321
1788599411.398970,53.760000,gate_sweep_high_r04,-2.0869042091071606,4.594736644998193,4.671776041388512,95.70002023872928,-1.609279751777649,3.941187620162964,4.118340015411377,89.14461369865636,0.9805829311953951,6.555406540072932,1,234,1788599357.6389534
1788599411.449789,53.792000,gate_sweep_high_r04,-2.092212837189436,4.6169691774994135,4.673903211951256,94.91482412837176,-1.6186203956604004,3.971348524093628,4.119626522064209,88.14225615463445,0.9738267185334811,6.772567973737308,1,228,1788599357.6577733
1788599411.503350,53.824000,gate_sweep_high_r04,-2.100410144776106,4.654049942269921,4.677460417151451,93.48938898149746,-1.6280053853988647,4.001917362213135,4.121103286743164,87.03692532336824,0.9787626960657695,6.452463658129215,1,212,1788599357.6793334
1788599411.546925,53.860000,gate_sweep_high_r04,-2.106321018189192,4.683698723092675,4.680343374609947,92.25152248812506,-1.637718677520752,4.036193370819092,4.122767925262451,85.69675682494558,0.9745469288946224,6.554765663179478,1,198,1788599357.6869028
1788599411.598253,53.892000,gate_sweep_high_r04,-2.111561220139265,4.713248321786523,4.6832525581121445,90.93399121771179,-1.6461156606674194,4.067693710327148,4.123194217681885,84.40953391966372,0.9731627150143084,6.524457298048079,1,177,1788599357.7062383
1788599411.658911,53.924000,gate_sweep_high_r04,-2.117093961685896,4.7499647829681635,4.686783537268639,89.18650895399182,-1.6536929607391357,4.100707530975342,4.123847961425781,83.05715317436636,0.9763052440160603,6.129355779625459,1,163,1788599357.7348852
1788599411.696750,53.956000,gate_sweep_high_r04,-2.120664518326521,4.779089042916894,4.689648851752281,87.72506037822633,-1.654543161392212,4.129518032073975,4.1270751953125,81.64883238958606,0.9775994764921873,6.076227988640267,1,373,1788599357.7407308
1788599411.746567,53.992000,gate_sweep_high_r04,-2.1228236369788647,4.80074174143374,4.691831335425377,86.59665448555312,-1.6608295440673828,4.16545295715332,4.131425380706787,79.9992498565255,0.9649275700287822,6.597404629027624,1,220,1788599357.754547
1788599411.796610,54.024000,gate_sweep_high_r04,-2.125387590378523,4.83639676310122,4.695572599768639,84.67746383041518,-1.6643315553665161,4.194206714630127,4.133457660675049,78.50077557026603,0.9700277988431507,6.17668826014915,1,179,1788599357.772595
1788599411.851656,54.056000,gate_sweep_high_r04,-2.1265720538794994,4.864438125863671,4.698541387915611,83.11550272207332,-1.6665928363800049,4.227390766143799,4.13247013092041,76.98013704850652,0.9684249516888931,6.135365673566795,1,157,1788599357.795591
1788599411.889917,54.088000,gate_sweep_high_r04,-2.1269201450049877,4.891959736123681,4.701449140906334,81.55107476605956,-1.6716159582138062,4.25701904296875,4.129741668701172,75.61141374862785,0.9681430783251305,5.9396610174317,1,374,1788599357.8018956
1788599411.942316,54.124000,gate_sweep_high_r04,-2.1262175254523754,4.925551483407617,4.705005392432213,79.60073896771472,-1.6689414978027344,4.294928073883057,4.129314422607422,73.91976134959893,0.968611037951367,5.680977618115789,1,268,1788599357.818295
1788599412.000565,54.156000,gate_sweep_high_r04,-2.1247839145362377,4.95172936655581,4.70773147046566,78.06539921736896,-1.66692054271698,4.324986457824707,4.119640350341797,72.41470750596037,0.9738052713283922,5.650691711408598,1,178,1788599357.8445375
1788599412.042491,54.188000,gate_sweep_high_r04,-2.123237531632185,4.970887729898095,4.7097089141607285,76.93075074585751,-1.663569688796997,4.348404407501221,4.112987518310547,71.12555516863799,0.9771675581313551,5.805195577219509,1,362,1788599357.854471
1788599412.092210,54.220000,gate_sweep_high_r04,-2.1197742633521557,5.00178868509829,4.712751612067223,75.09480533324864,-1.6580281257629395,4.371755123138428,4.1138834953308105,69.7552872885931,0.9842737454681032,5.339518044655536,1,210,1788599357.8721848
1788599412.147012,54.256000,gate_sweep_high_r04,-2.116282146424055,5.025483200326562,4.7150213569402695,73.67903109248427,-1.663248896598816,4.384199619293213,4.122462272644043,68.19071959425287,0.9836717059731646,5.4883114982314005,1,159,1788599357.890985
1788599412.190336,54.288000,gate_sweep_high_r04,-2.112237375229597,5.048197815194726,4.717153772711754,72.32291647783516,-1.6607005596160889,4.419353485107422,4.127001762390137,67.0846388795398,0.9734526607000382,5.238277598295361,1,346,1788599357.9023175
1788599412.240011,54.320000,gate_sweep_high_r04,-2.10778633877635,5.069942543283105,4.719118341803551,71.02769452437369,-1.663973331451416,4.435521602630615,4.125970363616943,65.85464699561997,0.9753381154430764,5.173047528753714,1,238,1788599357.919995
1788599412.288580,54.352000,gate_sweep_high_r04,-2.1017007045447826,5.095594951882958,4.72148297727108,69.50804109081562,-1.6643654108047485,4.458902835845947,4.1231465339660645,64.6530434648888,0.9770596241587639,4.8549976259268295,1,163,1788599357.9365618
1788599412.349989,54.388000,gate_sweep_high_r04,-2.0977994613349438,5.1101637575775385,4.72283910214901,68.64947323154176,-1.6682124137878418,4.478372097015381,4.1225199699401855,63.38557233334552,0.9716423180739301,5.263900898196241,1,152,1788599357.9619591
1788599412.389836,54.420000,gate_sweep_high_r04,-2.092353980988264,5.128607818856835,4.724488481879234,67.57289936051961,-1.6518409252166748,4.5049591064453125,4.1255292892456055,62.46918266320188,0.9704337088323458,5.103716697317734,1,352,1788599357.969814
1788599412.438265,54.452000,gate_sweep_high_r04,-2.0867046527564526,5.145934173837304,4.726020082831383,66.57365507850481,-1.6328787803649902,4.542823314666748,4.120216369628906,61.486682811333495,0.9678319946309001,5.086972267171314,1,189,1788599357.9862406
1788599412.506259,54.484000,gate_sweep_high_r04,-2.0794345550239086,5.166107723489404,4.727813467383385,65.43569021875373,-1.6066700220108032,4.564883708953857,4.1174774169921875,60.61280231187771,0.9785125005519676,4.82288790687603,1,169,1788599358.022237
1788599412.548423,54.520000,gate_sweep_high_r04,-2.0735165290534496,5.181113788858056,4.729032263159752,64.61870684747687,-1.6133382320404053,4.567348480224609,4.12831974029541,59.963210280366496,0.9743343647074028,4.655496567110371,1,370,1788599358.0284019
1788599412.598250,54.552000,gate_sweep_high_r04,-2.0690628699958324,5.191716739907861,4.7298810333013535,64.05914807747811,-1.6022838354110718,4.58150577545166,4.1272993087768555,59.272044185245484,0.9763937848027125,4.787103892232624,1,237,1788599358.0462306
1788599412.646625,54.584000,gate_sweep_high_r04,-2.0617124252021313,5.208221981301904,4.731199488043785,63.22722329493496,-1.5997004508972168,4.59073543548584,4.128800392150879,58.623534442761844,0.9785853919804698,4.603688852173112,1,221,1788599358.0626056
1788599412.695683,54.616000,gate_sweep_high_r04,-2.0559798888862133,5.220398971810937,4.732109293341637,62.64793166057969,-1.5988428592681885,4.597165584564209,4.130870342254639,58.08448526374153,0.9792254056810488,4.5634463968381604,1,201,1788599358.0796642
1788599412.745254,54.652000,gate_sweep_high_r04,-2.0503985099494457,5.23164183832705,4.732873663306236,62.14285106682844,-1.5977312326431274,4.604822158813477,4.133357048034668,57.54268826267929,0.978381697782666,4.6001628041491545,1,190,1788599358.0932264
1788599412.794982,54.684000,gate_sweep_high_r04,-2.043652933090925,5.2444105837494135,4.733627542853355,61.611442747549496,-1.6033644676208496,4.6103339195251465,4.137946128845215,57.134540940282825,0.9750607652523536,4.476901807266666,1,183,1788599358.110965
1788599412.842534,54.716000,gate_sweep_high_r04,-2.0384585075080395,5.253560611978173,4.734021887183189,61.26115083063015,-1.6032824516296387,4.613831996917725,4.140839576721191,56.79700349750061,0.9749339228799431,4.464147333129536,1,181,1788599358.1265132
1788599412.888378,54.748000,gate_sweep_high_r04,-2.0347043685615063,5.259819099679589,4.73422072827816,61.04015323733037,-1.601064920425415,4.617443561553955,4.142801284790039,56.528602990409205,0.9749186946088226,4.5115502469211695,1,177,1788599358.1403646
1788599412.956556,54.784000,gate_sweep_high_r04,-2.028788011521101,5.269134113565087,4.734359964728355,60.743165130344494,-1.585932731628418,4.640644073486328,4.138091087341309,56.24455003038284,0.972963053536688,4.498615099961654,1,175,1788599358.172535
1788599412.996942,54.816000,gate_sweep_high_r04,-2.024386566132307,5.275674412027001,4.734261736273766,60.569545348043604,-1.6177284717559814,4.700132369995117,4.167908191680908,56.19466111924598,0.9040883725283216,4.374884228797622,1,379,1788599358.1809196
1788599413.052772,54.848000,gate_sweep_high_r04,-2.020303886383772,5.281512329354882,4.734051927924156,60.447916316331806,-1.618714451789856,4.717480659484863,4.165438652038574,56.0755112327778,0.8959502531430839,4.372405083554007,1,285,1788599358.2047555
1788599413.100194,54.880000,gate_sweep_high_r04,-2.0157882384955883,5.2878699991852045,4.733690962195396,60.363307996841634,-1.6322575807571411,4.709234714508057,4.172120571136475,55.9837927015598,0.8929030530873776,4.37951529528183,1,261,1788599358.2201796
1788599413.153178,54.916000,gate_sweep_high_r04,-2.012646120041609,5.292235443368554,4.733365282416344,60.34930295632228,-1.6333143711090088,4.70355749130249,4.1765947341918945,55.962172488792476,0.8946662787694156,4.387130467529809,1,255,1788599358.2371552
1788599413.204494,54.948000,gate_sweep_high_r04,-2.0271133594214916,5.300577709451318,4.733478292822838,78.40474679248679,-1.6683757305145264,4.659661769866943,4.200686454772949,58.72332792462307,0.9073770278664166,19.681418867863727,1,244,1788599358.2564702
1788599413.256367,54.980000,gate_sweep_high_r04,-2.0476063899695873,5.307787010446191,4.732288107275963,100.35635984994633,-1.5363421440124512,4.815921306610107,4.173544883728027,78.25676499209783,0.9030597929622506,22.099594857848505,1,198,1788599358.2763455
1788599413.311642,55.012000,gate_sweep_high_r04,-2.053477209061384,5.316115448251367,4.735975965857506,101.96797123511398,-1.5279887914657593,4.820026874542236,4.175083637237549,81.678727013515,0.9147907707758266,20.289244221598974,1,249,1788599358.2996182
1788599413.362930,55.048000,gate_sweep_high_r04,-2.0531260184943676,5.31994111277163,4.739034399390221,97.08808380634488,-2.9857473373413086,7.6042327880859375,2.233279228210449,86.48180526795377,3.516614843876454,10.606278538391107,1,269,1788599358.3149035
1788599413.406184,55.080000,gate_sweep_high_r04,-2.0535630397498608,5.322888920083642,4.741914018988609,89.86692720970174,-2.9857473373413086,7.6042327880859375,2.233279228210449,86.48180455958045,3.5166384406490128,3.3851226501212843,1,265,1788599358.3261592
1788599413.450468,55.112000,gate_sweep_high_r04,-2.0522927455604076,5.322755405679345,4.744013532996178,82.47761568719122,-2.6725828647613525,7.7257208824157715,2.2572944164276123,81.34747374839553,3.5132285549154054,1.1301419387956908,1,199,1788599358.3384476
1788599413.498312,55.144000,gate_sweep_high_r04,-2.045767229050398,5.317782470956445,4.746223673224449,73.78079002289216,-3.047661066055298,7.69240665435791,2.2070765495300293,79.35390580149914,3.6179965987807567,5.573115778606972,1,190,1788599358.3542945
1788599413.553732,55.180000,gate_sweep_high_r04,-2.0389777831733227,5.309635231271386,4.747639402747154,67.5466630616016,-3.050720691680908,7.694272994995117,2.207068681716919,78.18978761694105,3.628308223628306,10.643124555339451,1,87,1788599358.3737073
1788599413.605608,55.212000,gate_sweep_high_r04,-2.0351113490760326,5.301526615396142,4.748615011572838,66.40248799421204,-3.0532960891723633,7.694889068603516,2.2073447704315186,77.05589958898156,3.636335853011697,10.653411594769528,1,193,1788599358.393587
1788599413.655604,55.244000,gate_sweep_high_r04,-2.0861293487250805,5.290486404672265,4.759179815649986,126.88244642923003,-3.055636405944824,7.695256233215332,2.2077133655548096,75.97397631545869,3.6376974734344283,50.90847011377134,1,277,1788599358.4115798
1788599413.704614,55.276000,gate_sweep_high_r04,-2.133414428681135,5.279263565316796,4.766836389899254,172.4043110873703,-3.0352396965026855,7.705075740814209,2.2108852863311768,83.79635401277507,3.637408358749918,88.60795707459523,1,179,1788599358.4285917
1788599413.756352,55.312000,gate_sweep_high_r04,-2.1874736957252026,5.264294216409326,4.772605165839195,-146.66071636571746,-3.0202977657318115,7.714768886566162,2.2143630981445312,91.51046060284347,3.639096662303064,121.82882303143906,1,314,1788599358.4443357
1788599413.808317,55.344000,gate_sweep_high_r04,-2.263325374573469,5.238852569833398,4.776003107428551,-89.43984741334151,-4.4081950187683105,7.4599609375,3.0841174125671387,95.88078264165277,3.520833051421749,174.67936994500573,1,409,1788599358.4642973
1788599413.859233,55.376000,gate_sweep_high_r04,-2.325024049729109,5.212932178750634,4.773669943213463,-44.04347134747098,-5.905418395996094,7.023540496826172,4.15577507019043,98.86626997926685,4.059472900559021,142.90974132673782,1,416,1788599358.4832118
1788599413.915240,55.408000,gate_sweep_high_r04,-2.3999671153724194,5.174144336953759,4.766034826636314,5.95163976073602,-7.566648483276367,6.825841426849365,4.900781154632568,100.18988645939403,5.425942886459818,94.23824669865802,1,375,1788599358.507216
1788599413.961528,55.444000,gate_sweep_high_r04,-2.4432911090552807,5.147684643045068,4.759908422827721,36.94553488337578,-5.883155822753906,7.226730823516846,4.1910200119018555,-164.1504704941183,4.05940097713554,158.90399462250593,1,391,1788599358.5174944
1788599414.012100,55.476000,gate_sweep_high_r04,-2.499399583786726,5.110578129068017,4.750293001532555,80.74472457536457,-5.892965793609619,7.239041805267334,4.18736457824707,-156.5897238406279,4.045186973564301,122.66555158400757,1,353,1788599358.5360699
1788599414.066184,55.508000,gate_sweep_high_r04,-2.554472368210554,5.072412559762597,4.73885415494442,122.3746626677499,-5.903300762176514,7.250881195068359,4.184337615966797,-149.16159251188049,4.033344245070498,88.46374482036963,1,301,1788599358.5581636
1788599414.118844,55.540000,gate_sweep_high_r04,-2.6244708709418774,5.024090358987451,4.721971735358238,170.94221604932525,-5.914214611053467,7.261932849884033,4.1816325187683105,-141.8588739440156,4.015260808297591,47.19891000665916,1,358,1788599358.5788248
1788599414.170075,55.576000,gate_sweep_high_r04,-2.6831702403724194,4.9842811319977045,4.705886110663414,-147.76889525038882,-10.387203216552734,7.343159198760986,6.3631591796875,-117.67172954827177,8.225751264002767,30.097165702117035,1,403,1788599358.594034
1788599414.219544,55.608000,gate_sweep_high_r04,-2.7293242625892162,4.953115055337548,4.692174181342125,-116.07180805593477,-14.429716110229492,8.843160629272461,5.130868434906006,-92.68748341170794,12.33791216550546,23.38432464422683,1,423,1788599358.6115212
1788599414.272658,55.640000,gate_sweep_high_r04,-2.7934288196265697,4.909251281991601,4.67173407971859,-76.9844165728276,-17.876819610595703,9.107261657714844,3.1386325359344482,-74.18540498976287,15.731572369325509,2.799011583064716,1,408,1788599358.6326344
1788599414.326910,55.672000,gate_sweep_high_r04,-2.8767880611121655,4.850460598245263,4.643103823065758,-31.298080964335558,-20.63526153564453,8.528926849365234,0.3680143356323242,-59.65028357749263,18.6325222187406,28.352202613157072,1,412,1788599358.6548843
1788599414.379204,55.708000,gate_sweep_high_r04,-2.945735137909651,4.800829479470849,4.619065508246422,7.827438845718974,-22.343156814575195,7.729081153869629,-3.2298970222473145,-50.99260874334435,21.129146655179625,58.82004758906332,1,393,1788599358.671187
1788599414.433254,55.740000,gate_sweep_high_r04,-3.034699361771345,4.73720128275454,4.588265165686607,57.39010246623946,-20.584468841552734,8.3888521194458,0.24104881286621094,-93.12264932854642,18.445250137767268,150.51275179478588,1,355,1788599358.6932294
1788599414.480104,55.772000,gate_sweep_high_r04,-3.0712131671607494,4.711620399728417,4.575385794043541,75.50137912379924,-20.5812931060791,8.375340461730957,0.24170081317424774,-107.1308696661667,18.40669904337665,177.36775121003407,1,325,1788599358.7080855
1788599414.533077,55.804000,gate_sweep_high_r04,-3.1653160266578197,4.648771831765771,4.541651949286461,117.85738522234954,-20.57877540588379,8.36181640625,0.24254849553108215,-133.63076159711585,18.31659242517972,108.5118531805346,1,372,1788599358.7290537
1788599414.584048,55.840000,gate_sweep_high_r04,-3.2446729354560375,4.599889347329736,4.513430342078209,153.32855798621148,-21.78748321533203,6.98504114151001,0.7175586819648743,106.39157946615695,19.07703865427776,46.936978520054524,1,393,1788599358.7440152
1788599414.638017,55.872000,gate_sweep_high_r04,-3.328316133469343,4.552224704995751,4.4833600372076035,-169.34737547799634,-22.977827072143555,4.977719306945801,1.6147323846817017,83.31010289455574,19.862360141589477,107.34252162744794,1,409,1788599358.7659965
1788599414.688270,55.904000,gate_sweep_high_r04,-3.4389449767768383,4.4937463495880365,4.442928060889244,-126.19699165875215,-23.865467071533203,3.410538673400879,3.041283130645752,82.57392277213035,20.503188831686597,151.22908556911753,1,414,1788599358.7842383
1788599414.736684,55.936000,gate_sweep_high_r04,-3.532309453934431,4.447689125314355,4.408821329474449,-94.70808018573237,-22.51782989501953,2.1989409923553467,3.029238700866699,106.886998825278,19.167944668469364,158.40492098898966,1,409,1788599358.8006613
1788599414.789791,55.972000,gate_sweep_high_r04,-3.604835193604231,4.413575718179345,4.382496103644371,-70.61652974465824,-20.485870361328125,0.8662443161010742,2.709651470184326,133.766504844612,17.330646773210674,155.61696541072976,1,390,1788599358.817765
1788599414.846508,56.004000,gate_sweep_high_r04,-3.7295033149421215,4.358085701242089,4.337438330054283,-27.51898676067249,-18.460865020751953,0.19914603233337402,3.2891604900360107,150.7879582386338,15.343033706112239,178.3069449993063,1,409,1788599358.842489
1788599414.899063,56.036000,gate_sweep_high_r04,-3.832122962921858,4.315599510446191,4.300232157111168,6.435599015597989,-16.533245086669922,0.20469975471496582,4.934847831726074,165.3632181558095,13.364906922926941,158.92761914021153,1,419,1788599358.8630419
1788599414.949603,56.068000,gate_sweep_high_r04,-3.9368588142096996,4.275647709146142,4.26196263730526,36.549072039493154,-18.553375244140625,0.22829963266849518,3.418386459350586,165.62418277022513,15.189970367535961,129.07511073073198,1,327,1788599358.8815818
1788599415.002729,56.104000,gate_sweep_high_r04,-4.070660036057234,4.230767795816064,4.213035807013512,71.5733960717031,-18.56367301940918,0.2300948053598404,3.4231388568878174,166.9809822618276,15.055787820768193,95.40758619012449,1,380,1788599358.8987076
1788599415.058495,56.136000,gate_sweep_high_r04,-4.180012624710798,4.199751922860742,4.171859487891197,102.16271358259208,-20.40668487548828,1.7808529138565063,-1.886866807937622,-127.02584643495626,17.48897164151401,130.81143998245165,1,382,1788599358.9224765
1788599415.112472,56.168000,gate_sweep_high_r04,-4.263567369431257,4.179567405954003,4.139738783240318,126.55778363086827,-20.116714477539062,1.9522583484649658,-4.753994941711426,-49.52554459709359,18.31342890993447,176.08332822796186,1,385,1788599358.9444406
1788599415.168995,56.200000,gate_sweep_high_r04,-4.406146448105574,4.151701519265771,4.083682283759117,164.91036494452885,-19.92959976196289,1.9130629301071167,-4.9565653800964355,-43.06586667381442,18.102905384059866,152.02376838165674,1,423,1788599358.9689696
1788599415.219589,56.236000,gate_sweep_high_r04,-4.523209970444441,4.134433815255761,4.036943182349205,-168.4353725726901,-19.81129264831543,1.8163323402404785,-4.992771148681641,-41.221129101948726,17.906278432826596,127.2142434707414,1,396,1788599358.983574
1788599415.273589,56.268000,gate_sweep_high_r04,-4.642548482865095,4.121451923623681,3.9890830367803574,-142.9502227697144,-19.66895866394043,1.7126269340515137,-5.008618354797363,-41.72298716312092,17.6791988249556,101.2272356065935,1,409,1788599359.0055683
1788599415.326571,56.300000,gate_sweep_high_r04,-4.763566415756941,4.112522194162011,3.940207228064537,-115.69672855026388,-19.486473083496094,1.6263352632522583,-4.93549108505249,-44.54504751260149,17.370179237643256,71.1516810376624,1,388,1788599359.0265453
1788599415.376629,56.332000,gate_sweep_high_r04,-4.9160641841590405,4.106790134683251,3.8775245994329453,-78.54538703876135,-19.414936065673828,1.520695447921753,-4.804849147796631,153.09053843329445,17.096455347587625,128.3640745279442,1,399,1788599359.0446045
1788599415.427875,56.368000,gate_sweep_high_r04,-5.007718961685896,4.106339523568749,3.838891252875328,-56.944795983061255,-19.585609436035156,1.350939154624939,-4.711699962615967,136.57626315293314,17.12366000625262,166.47894086400564,1,381,1788599359.0598383
1788599415.486083,56.400000,gate_sweep_high_r04,-5.18985215947032,4.112198421731591,3.7605893462896347,-20.059124098671692,-19.857301712036133,1.0847628116607666,-4.594911575317383,132.08387546589057,17.14974747339341,152.14299956456225,1,410,1788599359.086067
1788599415.525933,56.432000,gate_sweep_high_r04,-5.249775808304548,4.116440841928124,3.7343199104070663,-9.1229434298238,-19.868633270263672,0.9549314975738525,-4.518676280975342,128.82627027819032,17.08268365809336,137.94921370801413,1,425,1788599359.093913
1788599415.583860,56.464000,gate_sweep_high_r04,-5.397165697067976,4.132067272439599,3.6681396812200546,18.593831568484433,-19.690359115600586,0.8405929803848267,-4.445193290710449,125.29630527365204,16.761722853819535,106.7024737051676,1,194,1788599359.119831
1788599415.636231,56.500000,gate_sweep_high_r04,-5.511996190994978,4.150208542123437,3.6137239784002304,43.881644427468586,-19.626468658447266,0.7535762786865234,-4.3372907638549805,115.5618521861257,16.55216237230196,71.68020775865712,1,378,1788599359.1362123
1788599415.691832,56.532000,gate_sweep_high_r04,-5.596200864762068,4.167205402627587,3.571449026465416,65.04841344163756,-19.553525924682617,0.7087267637252808,-4.320639133453369,92.03650995280528,16.402836731735153,26.988096511167726,1,401,1788599359.1598127
1788599415.742509,56.564000,gate_sweep_high_r04,-5.733292024582624,4.201794216409326,3.497206434607506,98.67616148266343,-19.51290512084961,0.6961461901664734,-4.3361496925354,-13.290091686118915,16.233569335834936,111.96625316878234,1,405,1788599359.178491
1788599415.794088,56.596000,gate_sweep_high_r04,-5.839786451309919,4.235881397500634,3.4359099715948105,120.62654589354105,-19.418472290039062,0.7132786512374878,-4.445581436157227,-44.014939028794835,16.090598063010376,164.64148492233588,1,419,1788599359.198066
1788599415.847826,56.632000,gate_sweep_high_r04,-5.943433206528425,4.275619575753808,3.3739192336797714,139.791873834124,-19.290739059448242,0.6639112234115601,-4.535650253295898,-53.85980795288492,15.929730073766564,166.34831821299107,1,429,1788599359.2158058
1788599415.900809,56.664000,gate_sweep_high_r04,-6.069264333695173,4.332133838906884,3.2955720275640488,163.71819342427165,-19.161306381225586,0.5868433713912964,-4.6287407875061035,-59.06152696163471,15.755110258308333,137.22027961409367,1,410,1788599359.236787
1788599415.952216,56.696000,gate_sweep_high_r04,-6.1669515781104565,4.381831714883447,3.2321703284978867,-174.86559453874224,-19.010414123535156,0.4401354193687439,-4.747649192810059,-63.05548899280706,15.625908595484898,111.81010554593519,1,397,1788599359.2561996
1788599415.997626,56.728000,gate_sweep_high_r04,-6.238287847489119,4.42145592905581,3.1841933578252792,-157.29665364092975,-18.95720672607422,0.35182392597198486,-4.803045749664307,-66.7764953136836,15.560488123473618,90.52015832724615,1,381,1788599359.2696047
1788599416.051248,56.764000,gate_sweep_high_r04,-6.353217523545027,4.491235801950097,3.103938803076744,-127.89310194594715,-18.995647430419922,-0.0212593674659729,-5.04081392288208,-73.82966219027703,15.701294327897362,54.0634397556701,1,376,1788599359.2872238
1788599416.104273,56.796000,gate_sweep_high_r04,-6.441067140549421,4.549956867471337,3.04026435315609,-107.0090754359903,-18.929168701171875,0.21657106280326843,-4.846462726593018,-122.50502777691638,15.392575390459115,15.495952340926076,1,241,1788599359.3082438
1788599416.153543,56.828000,gate_sweep_high_r04,-6.525012891739607,4.610617706552148,2.9773523658514023,-88.83180462347502,-18.562408447265625,0.3251476585865021,-3.958662748336792,137.629802904854,14.538653684452878,133.53839247167105,1,337,1788599359.3255148
1788599416.199241,56.860000,gate_sweep_high_r04,-6.624278467148542,4.688254902139306,2.8995897620916367,-67.8796352554494,-18.409395217895508,0.40248990058898926,-3.566056966781616,126.27314822337999,14.10891016697745,165.84721652117065,1,385,1788599359.3392212
1788599416.261336,56.896000,gate_sweep_high_r04,-6.698923509567976,4.7513781283050776,2.8377907127141953,-50.63891134817951,-18.355880737304688,0.42699354887008667,-3.508711814880371,119.8767931674798,13.95933551903179,170.51570451565934,1,186,1788599359.3653152
1788599416.309013,56.928000,gate_sweep_high_r04,-6.751995485275984,4.799153873696923,2.791435942053795,-36.700771260383746,-18.278751373291016,0.4129902422428131,-3.5283727645874023,115.48359327905574,13.858012656666098,152.18436453943949,1,406,1788599359.3809872
1788599416.365530,56.960000,gate_sweep_high_r04,-6.851361196488142,4.8952236864715815,2.69843028485775,-6.446410579409126,-18.26177978515625,0.30176737904548645,-3.5005900859832764,111.57062368121197,13.77408242951077,118.0170342606211,1,181,1788599359.4055126
1788599416.406759,56.992000,gate_sweep_high_r04,-6.897169034928083,4.943637439981103,2.6519067138433456,8.683816036231288,-18.21607208251953,0.252463161945343,-3.482956886291504,108.07232536715175,13.702599523445864,99.38850933092047,1,409,1788599359.4147408
1788599416.466687,57.028000,gate_sweep_high_r04,-6.954504888504744,5.008538315072656,2.590170606970787,27.385392107761223,-18.114532470703125,0.21457335352897644,-3.4975037574768066,104.70543348883507,13.586320136648098,77.32004138107385,1,203,1788599359.438652
1788599416.515396,57.060000,gate_sweep_high_r04,-7.020280282944441,5.090269634500146,2.5137932151556015,47.991092672695736,-18.02873992919922,0.19581662118434906,-3.5256593227386475,99.985999335241,13.476529265365517,51.99490666254527,1,405,1788599359.4553754
1788599416.558866,57.092000,gate_sweep_high_r04,-7.044679086655378,5.123235294595361,2.483497366309166,55.65711857585344,-17.934553146362305,0.2085568606853485,-3.5878219604492188,84.56386357327801,13.401654357298126,28.90674499742457,1,396,1788599359.466837
1788599416.616538,57.124000,gate_sweep_high_r04,-7.101882379502058,5.206208297982812,2.4085824340581894,74.43729880667216,-17.86815643310547,0.2005106806755066,-3.653536558151245,-53.00674358839775,13.331127195736917,127.44404239506991,1,188,1788599359.4925122
1788599416.665124,57.160000,gate_sweep_high_r04,-7.143544118851423,5.273441860452294,2.349945768713951,89.56747790784591,-17.78707504272461,0.21331647038459778,-3.75771427154541,-63.69960583756946,13.273776051223463,153.2670837454154,1,390,1788599359.5050948
1788599416.723707,57.192000,gate_sweep_high_r04,-7.181900899857283,5.341695377603173,2.292455419898033,105.0186217849224,-17.683523178100586,0.18822558224201202,-3.882359504699707,-66.90296034419953,13.22764758978825,171.9215821291219,1,177,1788599359.53169
1788599416.768680,57.224000,gate_sweep_high_r04,-7.2257284335792065,5.428309986367822,2.223163351416588,124.94704993936833,-17.577484130859375,0.15848544239997864,-4.0011677742004395,-68.77967449664618,13.17847467280274,166.27327556398552,1,401,1788599359.5446649
1788599416.832548,57.256000,gate_sweep_high_r04,-7.265163820236921,5.5165968630462885,2.1573169082403183,144.81367863146465,-17.495023727416992,0.11160705238580704,-4.107341766357422,-69.69925214170583,13.157123427371447,145.48706922682956,1,184,1788599359.5765274
1788599416.870238,57.292000,gate_sweep_high_r04,-7.27964536473155,5.552479336038232,2.132076010107994,152.54221092370136,-17.402076721191406,0.06294666975736618,-4.259894847869873,-70.19260984778367,13.170264876214326,137.265179228515,1,401,1788599359.5782204
1788599416.931570,57.324000,gate_sweep_high_r04,-7.313198011368513,5.643350193277001,2.0716664642095566,171.08866364906396,-17.28886604309082,-0.009347356855869293,-4.358433723449707,-70.34199144141012,13.145840813570665,118.56934490952595,1,174,1788599359.607543
1788599416.983947,57.356000,gate_sweep_high_r04,-7.337112348526716,5.71756942011416,2.0261266082525253,-174.8144319607644,-17.208635330200195,-0.08875305205583572,-4.474794387817383,-70.1547413484552,13.168990865881732,104.6596906123092,1,401,1788599359.6279182
1788599417.036168,57.388000,gate_sweep_high_r04,-7.358501832932234,5.793359825387597,1.982881411910057,-161.17869592898015,-17.165124893188477,-0.1483926922082901,-4.537177085876465,-69.74532752790518,13.190354113550736,91.43336840107497,1,364,1788599359.6481438
1788599417.084456,57.424000,gate_sweep_high_r04,-7.381704729050398,5.890664169564843,1.9314907640218735,-144.62503467523516,-17.114139556884766,-0.23023377358913422,-4.603203773498535,-68.54158835155232,13.224519348817523,76.08344632368284,1,331,1788599359.6604261
1788599417.129611,57.456000,gate_sweep_high_r04,-7.39719907566905,5.970903465524316,1.8923483937978745,-131.6745894443975,-17.06627082824707,-0.3166849613189697,-4.67165994644165,-63.53433485435568,13.270679043387714,68.1402545900418,1,378,1788599359.6735923
1788599417.188565,57.488000,gate_sweep_high_r04,-7.40698329731822,6.032424995675683,1.8643375486135483,-122.07795835324946,-17.021711349487305,-0.3833733797073364,-4.729653358459473,-19.18773461377546,13.307373159015876,102.890223739474,1,158,1788599359.7005458
1788599417.232403,57.520000,gate_sweep_high_r04,-7.41930190846324,6.1376600954681635,1.8203011602163315,-106.32905970819017,-16.955190658569336,-0.4172254502773285,-4.784698963165283,84.4295659756526,13.323878016632182,169.24137431615725,1,413,1788599359.7123852
1788599417.295845,57.556000,gate_sweep_high_r04,-7.425073068588972,6.224296638742089,1.7872437089681625,-93.99138976086458,-16.896562576293945,-0.4884890913963318,-4.866234302520752,93.80342745843129,13.38055960723175,172.20518278070415,1,188,1788599359.739824
1788599417.338671,57.588000,gate_sweep_high_r04,-7.426647108048201,6.312992164865136,1.7559443563222885,-81.92439454319016,-16.854007720947266,-0.5434519648551941,-4.9441351890563965,95.51396722473149,13.445334512165134,177.43836176792163,1,429,1788599359.7506535
1788599417.390313,57.620000,gate_sweep_high_r04,-7.423369329422712,6.4035549852997065,1.7261890023946762,-70.1592325841141,-16.82306480407715,-0.5815788507461548,-5.02118444442749,95.98693790001352,13.51567305592262,166.14617048412762,1,275,1788599359.7702897
1788599417.450923,57.652000,gate_sweep_high_r04,-7.411495607346296,6.518992016091943,1.6905128806829453,-55.91404917240211,-16.79815673828125,-0.607917070388794,-5.098128318786621,95.960274389799,13.601025316096663,151.87432356220108,1,190,1788599359.7988982
1788599417.503816,57.688000,gate_sweep_high_r04,-7.399595659226179,6.589323112741113,1.6696766465902328,-47.616670023516875,-16.822729110717773,-0.03944575786590576,-4.793808937072754,97.19550490940397,13.21032424563333,144.81217493292087,1,417,1788599359.815789
1788599417.554982,57.720000,gate_sweep_high_r04,-7.377848070114851,6.6838942263275385,1.6422072499990463,-36.83761333075642,-16.786304473876953,-0.05127464234828949,-4.986056327819824,94.69782938646911,13.334745203719205,131.53544271722555,1,420,1788599359.8349607
1788599417.606771,57.752000,gate_sweep_high_r04,-7.349011819809675,6.7789259646087885,1.6147121042013168,-26.35072427971398,-16.830142974853516,-0.10788294672966003,-5.09958028793335,94.80529815027661,13.505617619624475,121.1560224299906,1,389,1788599359.8547535
1788599417.651773,57.784000,gate_sweep_high_r04,-7.302107732743025,6.897609302774072,1.5797220319509506,-13.58534694707472,-16.815401077270508,-0.12427054345607758,-5.231510639190674,96.04644571224232,13.64560139145033,109.63179265931704,1,348,1788599359.8677533
1788599417.709309,57.820000,gate_sweep_high_r04,-7.24245635792613,7.0149889681488276,1.543510541319847,-1.1932340455779662,-16.820308685302734,-0.08382335305213928,-5.321410179138184,97.70327094556009,13.75701741202802,98.89650499113804,1,170,1788599359.8892903
1788599417.749616,57.852000,gate_sweep_high_r04,-7.214770715683699,7.061281273141503,1.5285353511571884,3.6275572887900336,-16.81174659729004,-0.03116774559020996,-5.437384128570557,100.95750328507854,13.81769927858805,97.3299459962885,1,427,1788599359.8975973
1788599417.808475,57.884000,gate_sweep_high_r04,-7.136408727616072,7.174341270700097,1.4897479861974716,15.155804350500425,-16.825855255126953,0.01717793196439743,-5.54798698425293,105.2446970800165,13.951346694177431,90.08889272951608,1,239,1788599359.9244573
1788599417.858089,57.916000,gate_sweep_high_r04,-7.064403455704451,7.261452266946435,1.455860361456871,23.558898292026043,-16.83112335205078,0.07107530534267426,-5.667465686798096,111.82258894898379,14.065280387301105,88.26369065695775,1,390,1788599359.94206
1788599417.908133,57.952000,gate_sweep_high_r04,-6.984475534409285,7.344707081094384,1.4191331714391708,31.249655614896994,-16.84737777709961,0.15966545045375824,-5.778995990753174,122.5964191844141,14.167382514724045,91.34676356951711,1,250,1788599359.9561114
1788599417.967422,57.984000,gate_sweep_high_r04,-6.873922746628523,7.442083427682519,1.3701957315206528,40.13889259883755,-16.856103897094727,0.2437487542629242,-5.879251480102539,134.38565708227614,14.283362610582595,94.24676448343858,1,189,1788599359.9833975
1788599418.009651,58.016000,gate_sweep_high_r04,-6.777790945023298,7.513881275430322,1.328890547156334,46.791087241667164,-16.871912002563477,0.2310909479856491,-5.898216247558594,144.94131617374623,14.393102080511081,98.15022893207907,1,403,1788599359.99363
1788599418.068476,58.048000,gate_sweep_high_r04,-6.701591890305281,7.563783237710595,1.2967494577169418,51.57415742339977,-16.86069679260254,0.13333551585674286,-5.833843231201172,156.74538538842782,14.465971030606129,105.17122796502807,1,171,1788599360.0204582
1788599418.120871,58.084000,gate_sweep_high_r04,-6.567779462784529,7.638852188363671,1.2412754148244858,59.256706756377156,-16.961437225341797,0.0142555832862854,-5.89766263961792,162.53803447060307,14.735230965970315,103.28132771422591,1,394,1788599360.036839
1788599418.165156,58.116000,gate_sweep_high_r04,-6.455537240952253,7.69118077494204,1.195493444800377,65.24057146250682,-16.97853660583496,-0.007582774385809898,-5.890923976898193,173.7832724218156,14.839871552555097,108.54270095930879,1,367,1788599360.0491378
1788599418.219117,58.148000,gate_sweep_high_r04,-6.339540880173445,7.736109325662255,1.1492059081792831,71.17629643782965,-16.9896183013916,0.016864055767655373,-5.918704032897949,-174.10421361564633,14.932054364685031,114.71948994652402,1,172,1788599360.0710962
1788599418.259371,58.180000,gate_sweep_high_r04,-6.190588872879744,7.781194278970361,1.0923294872045517,78.5919463075674,-17.030099868774414,0.09833157062530518,-6.003655910491943,-162.0655782985591,15.062349975675193,119.3424753938735,1,363,1788599360.0793467
1788599418.317375,58.216000,gate_sweep_high_r04,-6.069534223526716,7.807996341958642,1.0489765256643295,84.52976968456086,-17.060407638549805,0.17773866653442383,-6.080385684967041,-148.43813124557417,15.160736662471587,127.03209906986503,1,196,1788599360.101351
1788599418.368238,58.248000,gate_sweep_high_r04,-5.9784688167274,7.8224840853363276,1.0184900611639023,88.96975125942618,-17.10995101928711,0.2213018834590912,-6.105207443237305,-137.1366445971059,15.245816902555626,133.89360414346794,1,382,1788599360.1202223
1788599418.410110,58.280000,gate_sweep_high_r04,-5.8575386218726635,7.834269115701318,0.9810879081487656,94.83281275285105,-17.168148040771484,0.3725224733352661,-6.191314697265625,-124.36975575492836,15.331370046929885,140.7974314922206,1,344,1788599360.1300907
1788599418.463012,58.312000,gate_sweep_high_r04,-5.709083955734968,7.837043831124902,0.9399368613958359,101.98082069821213,-17.199783325195312,0.46800699830055237,-6.268469333648682,-112.56997406327584,15.436968475565223,145.44920523851204,1,167,1788599360.1509879
1788599418.512103,58.348000,gate_sweep_high_r04,-5.594070356339216,7.830076286569238,0.9110957235097885,107.49224496673985,-17.251432418823242,0.6199361085891724,-6.2980852127075195,-100.81360167489159,15.487172156758744,151.69415335836857,1,378,1788599360.1640842
1788599418.566339,58.380000,gate_sweep_high_r04,-5.483628194779158,7.8154226038604975,0.8854778856039047,112.78919305710566,-17.28752326965332,0.6972862482070923,-6.283012390136719,-90.81242001272938,15.53663595987565,156.39838693016497,1,173,1788599360.1863165
1788599418.609338,58.412000,gate_sweep_high_r04,-5.404455583542585,7.799674579873681,0.8681592792272568,116.61934147833429,-17.318115234375,0.7740396857261658,-6.299476146697998,-81.67183790845225,15.577863445951573,161.7088206132135,1,389,1788599360.1973128
1788599418.672552,58.444000,gate_sweep_high_r04,-5.280534666031599,7.765000412240624,0.8424384444952011,122.76091469952827,-17.36196517944336,0.8598513007164001,-6.309790134429932,-73.53938228526174,15.645971403143173,163.69970301521002,1,231,1788599360.228523
1788599418.717261,58.480000,gate_sweep_high_r04,-5.189697664231062,7.730386326089501,0.824687585234642,127.49768118343141,-17.408935546875,0.9498466849327087,-6.316568374633789,-65.79703674761795,15.693407180797157,166.70528206895068,1,411,1788599360.237239
1788599418.777108,58.512000,gate_sweep_high_r04,-5.107044618576765,7.690258571878076,0.8097681850194931,132.11859742435973,-17.44434356689453,1.0193123817443848,-6.309203624725342,-59.959402023098285,15.72864355371319,167.92200055254202,1,249,1788599360.2650888
1788599418.821895,58.544000,gate_sweep_high_r04,-5.015860479325056,7.6331458780914545,0.7958569377660751,137.80124725444557,-17.505420684814453,1.1009362936019897,-6.318044185638428,-54.91033033987452,15.78817485891945,167.2884224056799,1,414,1788599360.277876
1788599418.885087,58.576000,gate_sweep_high_r04,-4.9534858874976635,7.582895347848535,0.7891077846288681,142.32934074340838,-17.545011520385742,1.1646647453308105,-6.310497283935547,-50.73710839599682,15.81596010238892,166.9335508605948,1,261,1788599360.3090665
1788599418.933511,58.612000,gate_sweep_high_r04,-4.912927072495222,7.543103763833642,0.786350354552269,145.7377307176714,-17.59528350830078,1.241318702697754,-6.307096004486084,-46.93147860298591,15.838928024652697,167.3307906793427,1,401,1788599360.3214886
1788599418.988547,58.644000,gate_sweep_high_r04,-4.856680791825056,7.473831245675683,0.7852574437856674,151.46077421196975,-17.628490447998047,1.2913740873336792,-6.296680927276611,-44.18412179236437,15.858617515400645,164.35510399566587,1,204,1788599360.3445299
1788599419.028719,58.676000,gate_sweep_high_r04,-4.821630399674177,7.416774341836572,0.7867841571569443,156.07681147403608,-17.66128158569336,1.3457106351852417,-6.273841857910156,-41.986160890012926,15.860860532565852,161.937027635951,1,415,1788599360.3527036
1788599419.086558,58.708000,gate_sweep_high_r04,-4.7949823550879955,7.359145233407617,0.7896660417318344,160.7116144342667,-17.681400299072266,1.3795771598815918,-6.242798328399658,-40.24819240247453,15.85151591773293,159.0401931632588,1,200,1788599360.3785336
1788599419.128397,58.744000,gate_sweep_high_r04,-4.772805135697126,7.287301609292626,0.7948763221502304,166.4814672413992,-17.703048706054688,1.4197171926498413,-6.209835529327393,-38.779799585044024,15.833058257880356,154.7387331735568,1,414,1788599360.3843784
1788599419.189594,58.776000,gate_sweep_high_r04,-4.763675134629011,7.230762550607324,0.8002354949712753,171.0207316911433,-17.72220802307129,1.4471195936203003,-6.177090167999268,-37.81849900896883,15.81319619437807,151.16076929988787,1,216,1788599360.41357
1788599419.227245,58.808000,gate_sweep_high_r04,-4.761376779526472,7.189151832833886,0.8050230592489243,174.3468377345522,-17.742904663085938,1.4733597040176392,-6.136153697967529,-37.079340870635946,15.791462270049331,148.5738213948119,1,390,1788599360.4192264
1788599419.286444,58.840000,gate_sweep_high_r04,-4.765943448990583,7.121876308694482,0.8143846839666367,179.6828882993476,-17.750370025634766,1.486230731010437,-6.0965046882629395,-36.592543503029574,15.751705511363815,143.72456819762283,1,204,1788599360.446421
1788599419.335842,58.876000,gate_sweep_high_r04,-4.776752393692732,7.070306846871972,0.8232498019933701,-176.2787613202479,-17.762928009033203,1.5027514696121216,-6.0419464111328125,-36.210116080585564,15.708893946934667,140.06864523966232,1,382,1788599360.4598186
1788599419.387794,58.908000,gate_sweep_high_r04,-4.793440740555525,7.020964691415429,0.8336459249258041,-172.47001139626906,-17.766826629638672,1.5036115646362305,-6.001100063323975,-35.963105894047054,15.667280545025623,136.506905502222,1,270,1788599360.479775
1788599419.435316,58.940000,gate_sweep_high_r04,-4.815616529434919,6.973969051614404,0.8456126302480698,-168.90473454115576,-17.762924194335938,1.4964081048965454,-5.963879108428955,-35.789430311897206,15.620679480538737,133.11530422925856,1,230,1788599360.4952962
1788599419.495029,58.972000,gate_sweep_high_r04,-4.850373189896345,6.918503353372216,0.8628080934286118,-164.8126496292324,-17.757198333740234,1.4832673072814941,-5.932188034057617,-35.61366320521513,15.565985305885317,129.19898642401728,1,191,1788599360.5230043
1788599419.536978,59.008000,gate_sweep_high_r04,-4.874411504715681,6.886990139260888,0.8733497709035873,-162.69009921154637,-17.727005004882812,1.4310611486434937,-5.932093143463135,-35.57588289550228,15.53288041838673,127.1142163160441,1,419,1788599360.5289555
1788599419.594312,59.040000,gate_sweep_high_r04,-4.918126028031111,6.837153980508447,0.8893993943929672,-159.85905980941715,-17.72736930847168,1.4322725534439087,-5.907711029052734,-37.29750114189463,15.475469839932268,122.56155866752252,1,237,1788599360.5542843
1788599419.634897,59.072000,gate_sweep_high_r04,-4.946086805313826,6.808908531442285,0.8982282727956772,-158.53818906838976,-17.64285659790039,1.3754312992095947,-5.957062721252441,-40.65012117410864,15.41835440675194,117.88806789428112,1,389,1788599360.562873
1788599419.684083,59.104000,gate_sweep_high_r04,-4.994543474167585,6.764727661386132,0.9115813821554184,-156.90428211197016,-17.625503540039062,1.3709734678268433,-5.938563346862793,-44.33586858018383,15.347906023124926,112.56841353178633,1,280,1788599360.5800645
1788599419.743499,59.140000,gate_sweep_high_r04,-5.044019620865583,6.724538395181298,0.9233970493078232,-155.89877251919663,-17.596546173095703,1.3499208688735962,-5.888576507568359,-48.99462643502347,15.259600916738172,106.90414608417315,1,204,1788599360.603479
1788599419.788932,59.172000,gate_sweep_high_r04,-5.063754957169294,6.709757873788476,0.9277261346578598,-155.648413653294,-17.637117385864258,1.3282157182693481,-5.812318801879883,-51.43694710217787,15.24725039085722,104.21146655111613,1,379,1788599360.6169186
1788599419.840928,59.204000,gate_sweep_high_r04,-5.112380426377058,6.676254341378808,0.9377447217702866,-155.35541788113474,-17.617815017700195,1.311405897140503,-5.782098293304443,-55.95826582541025,15.17642195297548,99.39715205572449,1,245,1788599360.6369095
1788599419.899914,59.236000,gate_sweep_high_r04,-5.149753492325544,6.653403827920556,0.9449815601110458,-155.41498846448366,-17.609729766845703,1.304389238357544,-5.738511085510254,-60.51255342653094,15.117276202578202,94.90243503795271,1,182,1788599360.6638818
1788599419.944925,59.272000,gate_sweep_high_r04,-5.185055177658796,6.634327003732324,0.9516444057226181,-155.67792249646126,-17.670108795166016,1.2383242845535278,-5.682979106903076,-62.34563757152494,15.133130486839157,93.33228492493633,1,384,1788599360.672903
1788599419.994499,59.304000,gate_sweep_high_r04,-5.22533218190074,6.6159010622650385,0.9593158811330795,-156.19510392279037,-17.660097122192383,1.2241872549057007,-5.666248798370361,-66.45835598736981,15.086154719578449,89.73674793542055,1,231,1788599360.6904745
1788599420.054835,59.336000,gate_sweep_high_r04,-5.253659646958113,6.605383465066552,0.9650808423757553,-156.69202470674705,-17.649343490600586,1.2146434783935547,-5.644017219543457,-70.22096803224856,15.046369420811072,86.47105667449848,1,172,1788599360.718809
1788599420.111044,59.368000,gate_sweep_high_r04,-5.282929819077253,6.597319671884179,0.9719836562871933,-157.38960780110062,-17.61756134033203,1.177437663078308,-5.619865894317627,-73.78797039442645,14.999024510024594,83.60163740667416,1,408,1788599360.7430255
1788599420.162310,59.404000,gate_sweep_high_r04,-5.296549241989851,6.5951061937958,0.9759752601385117,-157.85845797172385,-17.60320472717285,1.1547917127609253,-5.641875267028809,-76.23185290511098,14.99489034583019,81.62660506661288,1,369,1788599360.7582915
1788599420.213589,59.436000,gate_sweep_high_r04,-5.310038488358259,6.594441005960107,0.981168732047081,-158.59545611018723,-17.64058494567871,1.123472809791565,-5.632283687591553,-76.0477240020439,15.023702002051614,82.54773210814331,1,360,1788599360.7775488
1788599420.254675,59.468000,gate_sweep_high_r04,-5.317727487534285,6.595880577340722,0.9862518161535263,-159.54965986381623,-17.625211715698242,1.1022158861160278,-5.671885013580322,-76.17498603700534,15.032807648924795,83.37467382681089,1,320,1788599360.7866514
1788599420.316360,59.500000,gate_sweep_high_r04,-5.319441717118025,6.599237510934472,0.9921170324087143,-161.21438463064467,-17.618242263793945,1.0809574127197266,-5.693315505981445,-74.77229968690003,15.046824194979974,86.44208494374463,1,183,1788599360.8163412
1788599420.356239,59.536000,gate_sweep_high_r04,-5.315031927078962,6.602278778329492,0.9950086921453476,-162.98242168215066,-17.62372589111328,1.0786659717559814,-5.715203285217285,-71.74712643311896,15.067886060039699,91.2352952490317,1,368,1788599360.8202198
1788599420.406263,59.568000,gate_sweep_high_r04,-5.308432023972273,6.604307720437646,0.9966890662908554,-164.40769712351613,-17.646671295166016,1.1005152463912964,-5.7310614585876465,-68.13068713644942,15.092597756370495,96.2770099870667,1,217,1788599360.8382478
1788599420.465700,59.600000,gate_sweep_high_r04,-5.2929095439612865,6.606334755197167,0.9995279163122177,-166.73847257996928,-17.683759689331055,1.13921320438385,-5.740065097808838,-64.78524425342398,15.127613802988451,101.9532283265453,1,158,1788599360.8656774
1788599420.508916,59.632000,gate_sweep_high_r04,-5.27656976506114,6.60677201487124,1.0019391626119614,-168.44461646900706,-17.638673782348633,1.05777108669281,-5.657595634460449,-62.41692711079397,15.098424777061311,106.02768935821308,1,390,1788599360.8768904
1788599420.556829,59.668000,gate_sweep_high_r04,-5.257596891373396,6.606113025918603,1.0046018213033676,-169.94157460637985,-17.569446563720703,1.0145114660263062,-5.628960132598877,-59.5041868795373,15.061599999844898,110.43738772684256,1,276,1788599360.8888106
1788599420.615639,59.700000,gate_sweep_high_r04,-5.2366632632911205,6.604460308328271,1.0077327340841293,-171.20087461864296,-17.530624389648438,0.9987331628799438,-5.617494583129883,-57.30389605245313,15.0485645166029,113.89697856618983,1,199,1788599360.9156156
1788599420.667204,59.732000,gate_sweep_high_r04,-5.220014970749617,6.602652141824365,1.0104462951421738,-171.98152055889003,-17.577341079711914,1.0269218683242798,-5.687577247619629,-56.21348131046166,15.121368854222755,115.76803924842835,1,321,1788599360.935181
1788599420.712680,59.764000,gate_sweep_high_r04,-5.191279333084822,6.59877354837954,1.0156518071889877,-172.9697562353591,-17.630910873413086,1.0610471963882446,-5.697418212890625,-54.453844180811004,15.181441140522868,118.51591205454811,1,229,1788599360.9486623
1788599420.767127,59.800000,gate_sweep_high_r04,-5.167909067124128,6.595089504495263,1.020382508635521,-173.4823572042235,-17.702495574951172,1.104491114616394,-5.680836200714111,-52.73392438504493,15.237088363321837,120.74843281917855,1,161,1788599360.9671066
1788599420.813240,59.832000,gate_sweep_high_r04,-5.144675176590681,6.5910974238067865,1.025504693388939,-173.75748758220428,-17.66745948791504,1.0835150480270386,-5.738322734832764,-52.34942980741486,15.261158278869772,121.40805777478941,1,345,1788599360.9812202
1788599420.859046,59.864000,gate_sweep_high_r04,-5.116459768265486,6.5858083460479975,1.0321749299764633,-173.7837365126073,-17.669673919677734,1.086127519607544,-5.745331764221191,-51.304364450945315,15.289351579247157,122.47937206166198,1,260,1788599360.9950252
1788599420.908412,59.896000,gate_sweep_high_r04,-5.094835203140974,6.5815382692962885,1.037571057677269,-173.5691517674614,-17.682865142822266,1.1051775217056274,-5.745214939117432,-50.383181723499085,15.311930338085352,123.1859700439623,1,199,1788599361.0123944
1788599420.954846,59.932000,gate_sweep_high_r04,-5.079303186386824,6.578388283029199,1.041556939482689,-173.2808214274298,-17.704683303833008,1.129421591758728,-5.744034290313721,-49.45409664480368,15.33413543211584,123.82672478262612,1,179,1788599361.0228279
1788599421.012687,59.964000,gate_sweep_high_r04,-5.054904859513044,6.5732727739959955,1.0479113906621933,-172.57864975572292,-17.730039596557617,1.1550654172897339,-5.737015724182129,-48.75462089940192,15.363959369779964,123.824028856321,1,165,1788599361.0486653
1788599421.054639,59.996000,gate_sweep_high_r04,-5.036863248795271,6.569336960092187,1.0525736659765244,-171.83716868469492,-17.89683723449707,0.902212381362915,-5.985248565673828,-48.330205348882416,15.717066318752886,123.50696333581251,1,335,1788599361.05862
1788599421.104370,60.028000,gate_sweep_high_r04,-5.0202044658362865,6.565491268411279,1.0567458719015121,-170.95699525563944,-17.94623374938965,0.815016508102417,-6.0946478843688965,-47.69624190544274,15.85221201174939,123.26075335019672,1,198,1788599361.0763469
1788599421.160217,60.064000,gate_sweep_high_r04,-5.001444261521101,6.560739109292626,1.061230644583702,-169.69071847505208,-17.960119247436523,0.8240277171134949,-6.101271152496338,-47.21467475163473,15.878871086475977,122.47604372341736,1,152,1788599361.096188
1788599421.200327,60.096000,gate_sweep_high_r04,-4.988144796341658,6.557095119729638,1.0641301721334457,-168.56994675446487,-17.95003318786621,0.7790636420249939,-6.0781941413879395,-46.96311628679482,15.887384776331295,121.60683046767004,1,340,1788599361.1043062
1788599421.250074,60.128000,gate_sweep_high_r04,-4.979131620377302,6.554426738992333,1.0659453719854355,-167.67859644013055,-17.941740036010742,0.7719376683235168,-6.068689823150635,-46.59443148461683,15.88613912053931,121.08416495551371,1,244,1788599361.1220536
1788599421.300250,60.160000,gate_sweep_high_r04,-4.966016691178083,6.5501428339630365,1.0682103484869003,-166.12050516970675,-17.941762924194336,0.776175856590271,-6.061832904815674,-46.27967667507547,15.89170229249819,119.84082849463128,1,205,1788599361.1402264
1788599421.356020,60.196000,gate_sweep_high_r04,-4.957255285233259,6.5468421671539545,1.069309338927269,-164.83017792190856,-17.946910858154297,0.7884760499000549,-6.048311710357666,-45.98164844006202,15.89183632072393,118.84852948184653,1,158,1788599361.1600037
1788599421.397820,60.228000,gate_sweep_high_r04,-4.95000259205699,6.543613979592919,1.069820150732994,-163.51832660990203,-17.945959091186523,0.7845689654350281,-6.058794975280762,-45.72713275221242,15.902158294306975,117.7911938576896,1,321,1788599361.1697977
1788599421.454774,60.260000,gate_sweep_high_r04,-4.9442438296973705,6.540432998910546,1.0698356479406357,-162.20467205024508,-17.95104217529297,0.7839974761009216,-6.059325695037842,-45.4614319223954,15.910320379724338,116.7432401278497,1,150,1788599361.1947575
1788599421.501880,60.292000,gate_sweep_high_r04,-4.939029138535261,6.5364895556122065,1.0692031234502792,-160.58040130899468,-17.997047424316406,0.7632991671562195,-6.098782062530518,-45.222841599155835,15.975655868839798,115.35755970983884,1,327,1788599361.209843
1788599421.546414,60.328000,gate_sweep_high_r04,-4.936977785080671,6.534148762002587,1.0684885829687119,-159.62741735797786,-17.99654197692871,0.7532808780670166,-6.110770225524902,-44.96044562081166,15.984755469254148,114.6669717371662,1,241,1788599361.218394
1788599421.592718,60.360000,gate_sweep_high_r04,-4.935435216873884,6.531037399545312,1.0672188848257065,-158.39139397127664,-17.99411392211914,0.7496677041053772,-6.110009670257568,-44.7579023799494,15.983301749453394,113.63349159132724,1,190,1788599361.2326958
1788599421.649004,60.392000,gate_sweep_high_r04,-4.93517104908824,6.527929374948144,1.0657125562429428,-157.2091035840879,-17.991188049316406,0.7477314472198486,-6.107702732086182,-44.58871603444894,15.97899104739706,112.62038754963896,1,159,1788599361.2569878
1788599421.710019,60.424000,gate_sweep_high_r04,-4.93712941929698,6.523278305307031,1.063094362616539,-155.55321324637657,-17.98785400390625,0.7535956501960754,-6.090185165405273,-44.5016817272596,15.961831289987655,111.05153151911698,1,141,1788599361.286001
1788599421.749275,60.460000,gate_sweep_high_r04,-4.939178865402937,6.520978042855859,1.061623439192772,-154.78671536426035,-18.03921890258789,0.7312763929367065,-6.105102062225342,-44.367656730827036,16.015419088603398,110.41905863343332,1,340,1788599361.2892604
1788599421.796901,60.492000,gate_sweep_high_r04,-4.94185296818614,6.51870352961123,1.0601286739110947,-154.0647946134377,-18.034759521484375,0.7276945114135742,-6.099930763244629,-44.31084375155741,16.00707464235265,109.75395086188028,1,236,1788599361.3048813
1788599421.846463,60.524000,gate_sweep_high_r04,-4.947610776871443,6.514963218942285,1.0576463788747787,-152.96790058262852,-18.02745246887207,0.720257580280304,-6.097012042999268,-44.261217075975544,15.995312102620318,108.706683506653,1,216,1788599361.3224432
1788599421.892590,60.556000,gate_sweep_high_r04,-4.953323286026716,6.512066910043359,1.055684670805931,-152.18953068893154,-18.020755767822266,0.712731122970581,-6.096594333648682,-44.23599759006937,15.98578062513904,107.95353309886218,1,176,1788599361.3365693
1788599421.952457,60.592000,gate_sweep_high_r04,-4.961759012192488,6.50861937738955,1.053240641951561,-151.34445616542968,-18.013364791870117,0.7101621627807617,-6.0823540687561035,-44.28294645473388,15.965062836495271,107.06150971069577,1,154,1788599361.360438
1788599421.995739,60.624000,gate_sweep_high_r04,-4.969511907547712,6.505973884835839,1.051257237792015,-150.77214794713163,-18.00623893737793,0.620948314666748,-6.123376846313477,-44.33801056816409,16.002035865872134,106.43413737896753,1,346,1788599361.3717182
1788599422.047091,60.656000,gate_sweep_high_r04,-4.978040140122175,6.5034437868744135,1.0493963807821274,-150.2935288550162,-17.966487884521484,0.5755233764648438,-6.107973098754883,-44.412804613432385,15.970846974025822,105.8807242415838,1,215,1788599361.3910654
1788599422.093133,60.688000,gate_sweep_high_r04,-4.98493329808116,6.50159508921206,1.0480161756277084,-149.99341357181686,-17.949007034301758,0.557217001914978,-6.096880912780762,-44.517818045470015,15.951563969932549,105.47559552634684,1,165,1788599361.405115
1788599422.153318,60.724000,gate_sweep_high_r04,-4.997244279831648,6.498666355386376,1.045852169394493,-149.60540479981725,-17.94721221923828,0.5537405014038086,-6.081127166748047,-44.71272452317879,15.932283185369661,104.89268027663846,1,150,1788599361.4292848
1788599422.193157,60.756000,gate_sweep_high_r04,-5.0078024081885815,6.496472904458642,1.0441539138555527,-149.3931511018968,-17.957122802734375,0.5467621684074402,-6.082130432128906,-44.627677010798614,15.933232098450889,104.76547409109817,1,376,1788599361.437133
1788599422.243354,60.788000,gate_sweep_high_r04,-5.018934648483992,6.4944129679352045,1.0425015538930893,-149.2632532106646,-17.985595703125,0.5354315638542175,-6.121634006500244,-44.80629385015246,15.967736114046323,104.45695936051213,1,202,1788599361.4553273
1788599422.301862,60.820000,gate_sweep_high_r04,-5.0335663966834545,6.492010662332177,1.0405448526144028,-149.20955279926352,-18.004932403564453,0.5275992155075073,-6.166834831237793,-45.13747380306983,15.993025414182473,104.07207899619368,1,179,1788599361.4818287
1788599422.344263,60.856000,gate_sweep_high_r04,-5.045818250626326,6.490149090066552,1.0390269607305527,-149.2478545996341,-18.002870559692383,0.5128506422042847,-6.326964855194092,-45.54982614261811,16.05836656409859,103.69802845701601,1,385,1788599361.4882429
1788599422.403264,60.888000,gate_sweep_high_r04,-5.055307786911726,6.488751480355859,1.0379047244787216,-149.3201306496621,-17.987455368041992,0.5142808556556702,-6.4428629875183105,-45.99549235837611,16.09026494083911,103.324638291286,1,179,1788599361.515229
1788599422.440163,60.920000,gate_sweep_high_r04,-5.068228643387556,6.486989567056298,1.0364746898412704,-149.47144872339055,-17.94866180419922,0.46233391761779785,-6.424869060516357,-46.27660869093849,16.058445898201008,103.19484003245208,1,375,1788599361.5201445
1788599422.494405,60.952000,gate_sweep_high_r04,-5.084811132401228,6.484831402078271,1.0347063392400742,-149.73868447461078,-17.94070816040039,0.44604384899139404,-6.406767845153809,-46.589948328771705,16.034855208040867,103.14873614583908,1,294,1788599361.5423877
1788599422.547997,60.988000,gate_sweep_high_r04,-5.0983809642493725,6.483099529519677,1.0332684367895126,-150.00886629938213,-17.93557357788086,0.433589369058609,-6.401602745056152,-46.94043405625385,16.020842576832084,103.06843224312827,1,232,1788599361.5599787
1788599422.598418,61.020000,gate_sweep_high_r04,-5.112128656357527,6.48136050440371,1.0318418592214584,-150.32170958957434,-17.927383422851562,0.4223722517490387,-6.392993450164795,-47.26032285344045,16.002195872675234,103.06138673613388,1,189,1788599361.5784001
1788599422.652422,61.052000,gate_sweep_high_r04,-5.129479806870222,6.479265758767724,1.0313297361135483,-150.7736106603271,-17.925060272216797,0.418888658285141,-6.384255886077881,-47.732222435065054,15.982676877333935,103.04138822526204,1,170,1788599361.6004038
1788599422.699608,61.084000,gate_sweep_high_r04,-5.139965455979109,6.4780908320099115,1.0320548862218857,-151.07689323683738,-17.923139572143555,0.3926066756248474,-6.373773574829102,-48.44418938174452,15.977764333482426,102.63270385509286,1,351,1788599361.6155846
1788599422.749895,61.120000,gate_sweep_high_r04,-5.153901021927595,6.476774284616113,1.0343081802129745,-151.52581142450026,-17.91176414489746,0.3776620626449585,-6.363829135894775,-49.49861108379055,15.959156528733537,102.02720034070971,1,282,1788599361.6298752
1788599422.805580,61.152000,gate_sweep_high_r04,-5.167735498398542,6.475810596719384,1.0379110425710678,-152.03988711988154,-17.903974533081055,0.3677588999271393,-6.353739261627197,-50.46515709356964,15.94228887264346,101.57473002631191,1,221,1788599361.6535494
1788599422.854707,61.184000,gate_sweep_high_r04,-5.1847223453223705,6.475239345803857,1.0442755073308945,-152.82343408862096,-17.89729118347168,0.35792696475982666,-6.343605995178223,-51.40692798431265,15.925191060928464,101.41650610430831,1,191,1788599361.6706877
1788599422.916152,61.216000,gate_sweep_high_r04,-5.197972696274519,6.47536046244204,1.050976499915123,-153.61803403167545,-17.895978927612305,0.34845584630966187,-6.3329010009765625,-52.29251806171205,15.915400383730594,101.32551596996339,1,157,1788599361.7001219
1788599422.964913,61.252000,gate_sweep_high_r04,-5.2076644115149975,6.475854942575097,1.0569292157888412,-154.3459811907762,-17.90165138244629,0.30993255972862244,-6.35389518737793,-53.11103089602284,15.939768580002431,101.23495029475335,1,334,1788599361.7128937
1788599423.014750,61.284000,gate_sweep_high_r04,-5.223308008164167,6.477574894204736,1.067836508154869,-155.8780041052928,-17.898738861083984,0.28622913360595703,-6.355192184448242,-53.930684639199505,15.940535267225036,101.94731946609329,1,241,1788599361.7307334
1788599423.065100,61.316000,gate_sweep_high_r04,-5.235347669571638,6.479767391458154,1.0764196962118149,-157.43043206342824,-17.89823341369629,0.27634096145629883,-6.349819183349609,-54.803510901599125,15.936756217546613,102.6269211618291,1,189,1788599361.7490828
1788599423.113403,61.348000,gate_sweep_high_r04,-5.2469405345618725,6.482760498300195,1.0842425674200058,-159.2753289085189,-17.900211334228516,0.27046889066696167,-6.3452582359313965,-55.70022201916926,15.934092730211091,103.57510688934963,1,157,1788599361.7653868
1788599423.170525,61.384000,gate_sweep_high_r04,-5.260698717087507,6.4877014849334955,1.0926861613988876,-161.97990678534018,-17.911956787109375,0.2706013321876526,-6.344143390655518,-56.74429962339651,15.937788392680948,105.23560716194366,1,142,1788599361.7865057
1788599423.214106,61.416000,gate_sweep_high_r04,-5.271020334213972,6.4926686976104975,1.0984375327825546,-164.44911115757483,-17.95221519470215,0.1600007712841034,-6.2944254875183105,-57.02259641353498,15.986550903547856,107.42651474403985,1,323,1788599361.798086
1788599423.264463,61.448000,gate_sweep_high_r04,-5.278263013809919,6.497018883004785,1.1021724790334702,-166.47387507862268,-17.965747833251953,0.12057472765445709,-6.319835662841797,-57.78310820710765,16.022406684638113,108.69076687151502,1,190,1788599361.8164425
1788599423.323183,61.480000,gate_sweep_high_r04,-5.28924648091197,6.505456516519189,1.107431635260582,-170.16554226554243,-18.032520294189453,0.03979141265153885,-6.450014114379883,-58.22760095823393,16.165111783538467,111.93794130730849,1,147,1788599361.843164
1788599423.364487,61.516000,gate_sweep_high_r04,-5.296973150223494,6.51323945261538,1.1109163612127304,-173.39368680525604,-18.143726348876953,-0.09352519363164902,-6.584664821624756,-57.870624386684916,16.367968003990445,115.52306241857112,1,315,1788599361.8484716
1788599423.410585,61.548000,gate_sweep_high_r04,-5.303722303360701,6.5219140741974115,1.114023432135582,-176.85755948508398,-18.152387619018555,-0.10023569315671921,-6.594008445739746,-58.49281180946545,16.3815391024592,118.36474767561855,1,195,1788599361.8625696
1788599423.465056,61.580000,gate_sweep_high_r04,-5.309484880417585,6.531432697549462,1.1169069856405258,179.45233147499414,-18.158525466918945,-0.10014273226261139,-6.586604118347168,-59.03930092449932,16.38351976847796,121.50836760050656,1,143,1788599361.8850362
1788599423.510021,61.612000,gate_sweep_high_r04,-5.315263193100691,6.544372150674462,1.1202891916036606,174.53379672059947,-18.226245880126953,-0.2347649186849594,-6.772017002105713,-58.36823816405012,16.581274691805763,127.09796511535042,1,310,1788599361.898007
1788599423.563105,61.648000,gate_sweep_high_r04,-5.317984502762556,6.552702018991113,1.122319683432579,171.42586324187602,-18.261627197265625,-0.26286405324935913,-6.757511615753174,-58.50616394237477,16.615702464586487,130.0679728157492,1,194,1788599361.9150863
1788599423.617227,61.680000,gate_sweep_high_r04,-5.320746343582869,6.564398834481835,1.125222072005272,167.10651464488325,-18.280166625976562,-0.27822571992874146,-6.741854190826416,-58.68047751444708,16.633068681802207,134.21300784066966,1,156,1788599361.9372032
1788599423.661182,61.712000,gate_sweep_high_r04,-5.3225983791053295,6.576725075021386,1.12836192548275,162.5914785496176,-18.37932586669922,-0.4366973340511322,-6.979905605316162,-58.122999367262324,16.894088579274655,139.2855220831201,1,343,1788599361.9491582
1788599423.713467,61.744000,gate_sweep_high_r04,-5.323775213211775,6.593059608712792,1.1330836862325668,156.69158188638232,-18.450159072875977,-0.5279802083969116,-7.076232433319092,-57.6267157352853,17.04124503840155,145.68170237833237,1,203,1788599361.9694483
1788599423.772266,61.780000,gate_sweep_high_r04,-5.3238519839942455,6.610467026010156,1.139301285147667,150.53828153041607,-18.472156524658203,-0.5298808813095093,-7.059201240539551,-57.88323475315723,17.061005954963747,151.5784837164267,1,149,1788599361.9922385
1788599423.813296,61.812000,gate_sweep_high_r04,-5.323637884110212,6.617778846994042,1.1423964351415634,148.01336345869208,-18.617652893066406,-0.5780209898948669,-7.489007949829102,-58.00784393056704,17.407225856172882,153.9787926107409,1,373,1788599362.0012777
1788599423.860788,61.844000,gate_sweep_high_r04,-5.322475355118513,6.636929104104638,1.1518565267324448,141.5528656981918,-18.691938400268555,-0.5722771883010864,-7.67539644241333,-58.04171148445654,17.56802756325786,160.4054228173517,1,221,1788599362.0167642
1788599423.920935,61.876000,gate_sweep_high_r04,-5.320597570389509,6.657562801614404,1.1642761081457138,134.89773472983381,-18.618234634399414,-0.5127696394920349,-7.803494930267334,-58.74127766304884,17.56877161896964,166.36098760711738,1,163,1788599362.0449169
1788599423.965419,61.912000,gate_sweep_high_r04,-5.3192366771399975,6.670811245217919,1.1734057515859604,130.81977272953725,-18.78646469116211,-0.6872822046279907,-8.069005012512207,-58.543635027940724,17.914517195019375,170.63659224252203,1,372,1788599362.0533953
1788599424.021346,61.944000,gate_sweep_high_r04,-5.316585939377546,6.694443771615624,1.1915756314992905,123.89642904201207,-18.88799285888672,-0.608392596244812,-8.233393669128418,-58.87345735151716,18.065009025971207,177.23011360647078,1,187,1788599362.0773263
1788599424.068269,61.976000,gate_sweep_high_r04,-5.314237516373396,6.714819500222802,1.2087527364492416,118.26860218788242,-19.017906188964844,-0.6226206421852112,-8.288163185119629,-58.70937686694352,18.215926409407047,176.97797905482594,1,368,1788599362.0922449
1788599424.119817,62.008000,gate_sweep_high_r04,-5.312426012009382,6.731026718392968,1.2230907529592514,114.02546835271488,-19.014238357543945,-0.6501584053039551,-8.286431312561035,-59.39636607671437,18.238765454304886,173.42183442942925,1,265,1788599362.1117985
1788599424.176170,62.044000,gate_sweep_high_r04,-5.30939618870616,6.759813854470849,1.2491347640752792,106.98561926940297,-19.00960350036621,-0.6853258609771729,-8.281339645385742,-60.37766190953067,18.274455620740017,167.36328117893365,1,181,1788599362.1321526
1788599424.221605,62.076000,gate_sweep_high_r04,-5.307094495743513,6.784499714151025,1.2715662568807602,101.46273123613126,-19.045162200927734,-0.7066630721092224,-8.359278678894043,-61.1065052242198,18.37403598394798,162.56923646035105,1,336,1788599362.1455846
1788599424.274242,62.108000,gate_sweep_high_r04,-5.305005472153425,6.810651371255517,1.2951578944921494,96.11356861017694,-19.01466178894043,-0.7421950101852417,-8.37826156616211,-62.66199656590659,18.400413279266992,158.77556517608355,1,188,1788599362.1662233
1788599424.331238,62.140000,gate_sweep_high_r04,-5.302764814347029,6.845327923074365,1.3260764926671982,89.77039113155917,-18.967559814453125,-0.7986167669296265,-8.371671676635742,-64.93566591536062,18.417459987033588,154.70605704691977,1,151,1788599362.191212
1788599424.373313,62.176000,gate_sweep_high_r04,-5.30150930210948,6.874646255746484,1.3516527265310287,85.03282614459313,-19.087692260742188,-0.7673211097717285,-8.557769775390625,-64.10538183071864,18.61867772174306,149.1382079753118,1,382,1788599362.197294
1788599424.422348,62.208000,gate_sweep_high_r04,-5.300959508866072,6.897419998422265,1.3708950132131577,81.69786937304968,-19.08469581604004,-0.7854611277580261,-8.561440467834473,-66.41704988467548,18.645893303695612,148.11491925772518,1,244,1788599362.2143161
1788599424.479172,62.240000,gate_sweep_high_r04,-5.300606649369001,6.928693840280175,1.3960137218236923,77.55871402676611,-19.090269088745117,-0.8078328371047974,-8.5538330078125,-69.00748650906856,18.68175808549832,146.56620053583467,1,218,1788599362.239144
1788599424.523974,62.272000,gate_sweep_high_r04,-5.301195543259382,6.9692617151886225,1.4259012788534164,72.89343058141297,-19.208608627319336,-0.734653115272522,-8.700790405273438,-68.40025652678804,18.849836255815198,141.293687108201,1,357,1788599362.251956
1788599424.575452,62.308000,gate_sweep_high_r04,-5.302605073899031,7.002830574288964,1.4483613818883896,69.55602040813274,-19.206953048706055,-0.74086594581604,-8.71703052520752,-71.56590665783685,18.88467423666232,141.12192706596957,1,250,1788599362.267431
1788599424.631058,62.340000,gate_sweep_high_r04,-5.304883401840925,7.03734833933413,1.4694481939077377,66.56101206109142,-19.185041427612305,-0.7651178240776062,-8.727280616760254,-74.92619275573709,18.907949214282265,141.48720481682852,1,194,1788599362.2910388
1788599424.678034,62.372000,gate_sweep_high_r04,-5.307193677872419,7.063801357522607,1.4843879789113998,64.53424151276205,-19.329431533813477,-0.7926802039146423,-8.936468124389648,-73.57066379841771,19.155722354938657,138.10490531117975,1,382,1788599362.3060048
1788599424.728867,62.404000,gate_sweep_high_r04,-5.312082689255476,7.108944484964013,1.5078401416540146,61.55727329952008,-19.32402229309082,-0.8084263205528259,-8.948925018310547,-76.618386582979,19.192788998585602,138.17565988249908,1,287,1788599362.3248348
1788599424.778687,62.440000,gate_sweep_high_r04,-5.316966932266951,7.145990440621972,1.5254466384649277,59.52848359536913,-19.31177520751953,-0.798651397228241,-8.950116157531738,-80.61506702918125,19.20180742757482,140.1435506245504,1,254,1788599362.3386717
1788599424.823940,62.472000,gate_sweep_high_r04,-5.322698514908552,7.183817932382226,1.5422230809926987,57.80277471836737,-19.299123764038086,-0.7925767302513123,-8.958858489990234,-84.11212564765177,19.215515832759518,141.91490036601914,1,191,1788599362.3519213
1788599424.875231,62.504000,gate_sweep_high_r04,-5.330750863999128,7.232206890359521,1.5621371120214462,56.05966123342974,-19.275527954101562,-0.8033198714256287,-8.964188575744629,-87.56155322830165,19.230965418224198,143.6212144617314,1,163,1788599362.3712127
1788599424.927258,62.536000,gate_sweep_high_r04,-5.337990682572126,7.271705696359277,1.5774817317724228,54.98893418392678,-19.65234375,-0.9797767400741577,-9.381926536560059,-85.3358370579826,19.826656191343652,140.3247712419094,1,390,1788599362.3912234
1788599424.973267,62.572000,gate_sweep_high_r04,-5.343792360275984,7.301756927743554,1.5887615531682968,54.37094019482411,-19.62990379333496,-1.0277280807495117,-9.48299789428711,-87.27980789953853,19.901184830225745,141.65074809436263,1,246,1788599362.401247
1788599425.022637,62.604000,gate_sweep_high_r04,-5.353958051651716,7.35264546610415,1.6072460263967514,53.68786301007238,-19.62005615234375,-1.0780601501464844,-9.498082160949707,-88.63159522464083,19.948099316855245,142.3194582347132,1,173,1788599362.4186125
1788599425.071091,62.636000,gate_sweep_high_r04,-5.362445276230574,7.394016811624169,1.6218868345022202,53.44737764188126,-19.785202026367188,-1.1409703493118286,-9.730743408203125,-90.01276150099642,20.242137523950912,143.4601391428777,1,373,1788599362.435074
1788599425.118569,62.668000,gate_sweep_high_r04,-5.371124189347029,7.435892650857568,1.6365457624197006,53.47356889867222,-19.87499237060547,-1.2290887832641602,-9.838937759399414,-89.22012206897257,20.423780686555986,142.69369096764478,1,211,1788599362.4505463
1788599425.171700,62.704000,gate_sweep_high_r04,-5.382042806595564,7.48885733820498,1.6549504846334457,53.86649170610805,-19.86996841430664,-1.2904696464538574,-9.896025657653809,-88.68352868289955,20.50369772889316,142.5500203890076,1,175,1788599362.4676726
