t_wall,t_sim,exp_id,gt_x,gt_y,gt_z,gt_dyaw_deg,vslam_x,vslam_y,vslam_z,vslam_dyaw_deg,pos_error_m,yaw_error_deg,vo_state,feature_count,msg_age_s
1788717846.330563,37.292000,r2_medium_r132,-1.7016194760799408e-05,3.096088767051697e-05,-3.7103891372680664e-06,-3.799536047953417e-05,0.0,0.0,0.0,0.0,3.552315353447359e-05,3.799536047953417e-05,,,1788717809.0385478
1788717846.380064,37.324000,r2_medium_r132,-5.6712888181209564e-05,0.0001350119709968567,-1.84476375579834e-05,0.0008437926539296114,0.0,0.0,0.0,0.0,0.00014759708442168217,0.0008437926539296115,1,3,1788717809.0560455
1788717846.426940,37.360000,r2_medium_r132,-4.514772444963455e-05,0.00021828338503837585,-5.6117773056030273e-05,0.0008482906007490763,0.0,0.0,0.0,0.0,0.00022985899516782043,0.0008482906007490763,1,3,1788717809.0669255
1788717846.472138,37.392000,r2_medium_r132,8.155591785907745e-06,0.0002835988998413086,-0.00010381639003753662,0.001164101220752185,0.0,0.0,0.0,0.0,0.00030211370791310494,0.001164101220752185,1,3,1788717809.0801203
1788717846.517380,37.424000,r2_medium_r132,5.695316940546036e-05,0.00033213570713996887,-0.00014500319957733154,0.0017457411125173156,0.0,0.0,0.0,0.0,0.0003668565378323762,0.0017457411125173154,1,3,1788717809.0933619
1788717846.563006,37.456000,r2_medium_r132,0.00015816930681467056,0.00044122710824012756,-0.0002262592315673828,0.0012575125191221783,0.0,0.0,0.0,0.0,0.0005204729873236854,0.0012575125191221783,1,3,1788717809.106991
1788717846.610095,37.492000,r2_medium_r132,0.0002446472644805908,0.0005563609302043915,-0.0002999603748321533,0.0009144658934352235,0.0,0.0,0.0,0.0,0.0006777654425722647,0.0009144658934352235,1,3,1788717809.1180737
1788717846.653070,37.524000,r2_medium_r132,0.000322660431265831,0.0006875619292259216,-0.0003777444362640381,0.00034264639582175656,0.0,0.0,0.0,0.0,0.0008482582269297241,0.00034264639582175656,1,3,1788717809.129051
1788717846.698658,37.556000,r2_medium_r132,0.00037319958209991455,0.0008045285940170288,-0.0004717707633972168,-0.0007273778727382406,0.0,0.0,0.0,0.0,0.0010045455887449611,0.0007273778727382406,1,3,1788717809.1426418
1788717846.743423,37.588000,r2_medium_r132,0.000392325222492218,0.0009196288883686066,-0.0006114393472671509,-0.0014091643948203599,0.0,0.0,0.0,0.0,0.0011719617945616346,0.0014091643948203599,1,3,1788717809.1554039
1788717846.793562,37.624000,r2_medium_r132,0.0003754468634724617,0.0010024979710578918,-0.000708267092704773,-0.0009614990547600385,0.0,0.0,0.0,0.0,0.0012835905904434522,0.0009614990547600385,1,3,1788717809.169536
1788717846.839834,37.656000,r2_medium_r132,0.00033124908804893494,0.0011435635387897491,-0.0008553415536880493,-0.0016974513352426125,0.0,0.0,0.0,0.0,0.0014659715887588242,0.0016974513352426123,1,3,1788717809.1838164
1788717846.889617,37.688000,r2_medium_r132,0.0002724919468164444,0.0013130269944667816,-0.001011863350868225,-0.0007062574034606095,0.0,0.0,0.0,0.0,0.0016799283288606566,0.0007062574034606095,1,3,1788717809.201602
1788717846.936768,37.720000,r2_medium_r132,0.00019543711096048355,0.001585099846124649,-0.001183047890663147,-0.001090024244904983,0.0,0.0,0.0,0.0,0.0019875460996232235,0.001090024244904983,1,3,1788717809.2167478
1788717846.984630,37.756000,r2_medium_r132,0.00015805475413799286,0.001840699464082718,-0.001306280493736267,-0.001794200859493741,0.0,0.0,0.0,0.0,0.0022626366369118776,0.0017942008594937406,1,3,1788717809.228612
1788717847.032219,37.788000,r2_medium_r132,0.00015016086399555206,0.0020432211458683014,-0.0013823509216308594,-0.002221553372317122,0.0,0.0,0.0,0.0,0.0024714762807951348,0.002221553372317122,1,3,1788717809.2442005
1788717847.078120,37.820000,r2_medium_r132,0.0001743808388710022,0.0024264492094516754,-0.0015010833740234375,-0.002451167877634743,0.0,0.0,0.0,0.0,0.00285855133569149,0.002451167877634743,1,3,1788717809.2580976
1788717847.122543,37.852000,r2_medium_r132,0.0002207765355706215,0.002796083688735962,-0.0015834122896194458,-0.0019278914532310407,0.0,0.0,0.0,0.0,0.0032208726693229842,0.0019278914532310407,1,3,1788717809.2705226
1788717847.169746,37.888000,r2_medium_r132,0.0002781236544251442,0.003208193928003311,-0.0016548484563827515,-0.0035793536874674414,0.0,0.0,0.0,0.0,0.0036205502980100257,0.0035793536874674423,1,3,1788717809.2817276
1788717847.215837,37.920000,r2_medium_r132,0.00032963696867227554,0.00377105176448822,-0.0017282217741012573,-0.004750605513922673,0.0,0.0,0.0,0.0,0.004161278943070611,0.004750605513922672,1,3,1788717809.295819
1788717847.260280,37.952000,r2_medium_r132,0.0003448696807026863,0.004251748323440552,-0.0017844587564468384,-0.005839180014142859,0.0,0.0,0.0,0.0,0.004623915219379278,0.005839180014142859,1,3,1788717809.3082602
1788717847.312638,37.984000,r2_medium_r132,0.0003476906567811966,0.004626346752047539,-0.0018240362405776978,-0.0060489441050862805,0.0,0.0,0.0,0.0,0.004985085883907575,0.0060489441050862805,1,3,1788717809.3286133
1788717847.358496,38.020000,r2_medium_r132,0.0003404933959245682,0.005269402638077736,-0.0019038468599319458,-0.0066515341413494,0.0,0.0,0.0,0.0,0.005613125045901043,0.0066515341413494,1,3,1788717809.3384757
1788717847.403739,38.052000,r2_medium_r132,0.00029055867344141006,0.005814561620354652,-0.001949891448020935,-0.006980929140001282,0.0,0.0,0.0,0.0,0.00613967652557352,0.006980929140001282,1,3,1788717809.3517199
1788717847.450901,38.084000,r2_medium_r132,0.0002013426274061203,0.006392223760485649,-0.0019721537828445435,-0.007476660242885309,0.0,0.0,0.0,0.0,0.006692567071080882,0.007476660242885309,1,3,1788717809.3668807
1788717847.498364,38.116000,r2_medium_r132,3.939773887395859e-05,0.007127171382308006,-0.001989811658859253,-0.007308889598808805,0.0,0.0,0.0,0.0,0.007399829358326502,0.007308889598808805,1,3,1788717809.3823452
1788717847.546288,38.152000,r2_medium_r132,-0.0001284535974264145,0.0077161118388175964,-0.0020157545804977417,-0.008257997708303592,0.0,0.0,0.0,0.0,0.00797609859296075,0.00825799770830359,1,3,1788717809.3942697
1788717847.594457,38.184000,r2_medium_r132,-0.0002798037603497505,0.008154099807143211,-0.002046525478363037,-0.008202574657151093,0.0,0.0,0.0,0.0,0.008411652652288246,0.008202574657151093,1,3,1788717809.4104378
1788717847.638158,38.216000,r2_medium_r132,-0.0004993006587028503,0.008720196783542633,-0.0020750612020492554,-0.007947146159064496,0.0,0.0,0.0,0.0,0.008977583866705923,0.007947146159064496,1,3,1788717809.4221418
1788717847.685875,38.248000,r2_medium_r132,-0.0007797107100486755,0.009402308613061905,-0.0021373629570007324,-0.007847063126630704,0.0,0.0,0.0,0.0,0.00967365889705553,0.007847063126630704,1,3,1788717809.4378576
1788717847.733431,38.284000,r2_medium_r132,-0.0010005300864577293,0.009923703968524933,-0.0022040903568267822,-0.007013979285020858,0.0,0.0,0.0,0.0,0.010214645133820432,0.007013979285020858,1,3,1788717809.449413
1788717847.779767,38.316000,r2_medium_r132,-0.0012404276058077812,0.010428845882415771,-0.0022918730974197388,-0.005713479521751909,0.0,0.0,0.0,0.0,0.010749519495266138,0.005713479521751909,1,3,1788717809.4637506
1788717847.828081,38.348000,r2_medium_r132,-0.0014324598014354706,0.010789191350340843,-0.0023556649684906006,-0.0046910603152088845,0.0,0.0,0.0,0.0,0.011135876639078399,0.0046910603152088845,1,3,1788717809.4800544
1788717847.879206,38.380000,r2_medium_r132,-0.0017575649544596672,0.01132730208337307,-0.0024490803480148315,-0.004042462156555151,0.0,0.0,0.0,0.0,0.011721552866756399,0.004042462156555151,1,3,1788717809.4991906
1788717847.925017,38.416000,r2_medium_r132,-0.002026268281042576,0.011685697361826897,-0.0025117993354797363,-0.0028670675884232126,0.0,0.0,0.0,0.0,0.012123135810535316,0.002867067588423213,1,3,1788717809.5089986
1788717847.970189,38.448000,r2_medium_r132,-0.002316271886229515,0.011989755555987358,-0.00256425142288208,-0.0024451374639647833,0.0,0.0,0.0,0.0,0.012477769796843494,0.0024451374639647833,1,3,1788717809.5221717
1788717848.020796,38.480000,r2_medium_r132,-0.0027145594358444214,0.0122956782579422,-0.002626776695251465,-0.0013515480818426819,0.0,0.0,0.0,0.0,0.012862833768663914,0.0013515480818426817,1,3,1788717809.540775
1788717848.073084,38.512000,r2_medium_r132,-0.003079306334257126,0.012492578476667404,-0.002698838710784912,-0.0009026061756815768,0.0,0.0,0.0,0.0,0.0131464966771654,0.0009026061756815768,1,3,1788717809.5610676
1788717848.130718,38.548000,r2_medium_r132,-0.0033762361854314804,0.01262759231030941,-0.0027543306350708008,-0.00045763538589985744,0.0,0.0,0.0,0.0,0.013358195820637297,0.00045763538589985744,1,3,1788717809.5826998
1788717848.235112,38.580000,r2_medium_r132,-0.003859173506498337,0.01283755898475647,-0.0028409212827682495,4.040405131350269e-05,0.0,0.0,0.0,0.0,0.013702809003092972,4.040405131350269e-05,1,3,1788717809.6550946
1788717848.284757,38.612000,r2_medium_r132,-0.0041154250502586365,0.012956000864505768,-0.0028809458017349243,0.0005034895419615105,0.0,0.0,0.0,0.0,0.013895845798579682,0.0005034895419615105,1,3,1788717809.6727412
1788717848.331895,38.644000,r2_medium_r132,-0.004421474412083626,0.013123666867613792,-0.002922922372817993,0.0003666901428703313,0.0,0.0,0.0,0.0,0.014153569981680743,0.0003666901428703313,1,3,1788717809.6878762
1788717848.381347,38.680000,r2_medium_r132,-0.004738932475447655,0.013332834467291832,-0.0029348284006118774,0.00139675035965923,0.0,0.0,0.0,0.0,0.01445113053294086,0.00139675035965923,1,3,1788717809.7013292
1788717848.428504,38.712000,r2_medium_r132,-0.0049491021782159805,0.013494838029146194,-0.0029239803552627563,0.00036588907734127487,0.0,0.0,0.0,0.0,0.014668126223934501,0.0003658890773412749,1,3,1788717809.7164865
1788717848.477466,38.744000,r2_medium_r132,-0.005078677088022232,0.013630758970975876,-0.0028896331787109375,0.0006012998866104406,0.0,0.0,0.0,0.0,0.014830392139007935,0.0006012998866104406,1,3,1788717809.7334356
1788717848.523450,38.776000,r2_medium_r132,-0.005283201113343239,0.013841412961483002,-0.0028228461742401123,0.0014341835982536026,0.0,0.0,0.0,0.0,0.015081955685446199,0.0014341835982536026,1,3,1788717809.747434
1788717848.569765,38.812000,r2_medium_r132,-0.005427887663245201,0.01400558091700077,-0.00276164710521698,0.0016711017345375332,0.0,0.0,0.0,0.0,0.015272359216611523,0.0016711017345375332,1,3,1788717809.7577472
1788717848.673390,38.844000,r2_medium_r132,-0.005535382777452469,0.01417204737663269,-0.0026927441358566284,0.0013390977254857733,0.0,0.0,0.0,0.0,0.015451157248556795,0.001339097725485773,1,3,1788717809.829375
1788717848.738411,38.876000,r2_medium_r132,-0.005615994334220886,0.014325348660349846,-0.0026207268238067627,0.0012983178414745374,0.0,0.0,0.0,0.0,0.01560843412029562,0.0012983178414745372,1,3,1788717809.8623939
1788717848.785755,38.908000,r2_medium_r132,-0.0056924279779195786,0.014454837888479233,-0.0025117993354797363,0.0009255634077514288,0.0,0.0,0.0,0.0,0.015737064865079916,0.0009255634077514288,1,3,1788717809.8777359
1788717848.831025,38.944000,r2_medium_r132,-0.0057367440313100815,0.014496959745883942,-0.002447769045829773,0.0007377086569490088,0.0,0.0,0.0,0.0,0.015781750449689467,0.0007377086569490089,1,3,1788717809.8870075
1788717848.879443,38.976000,r2_medium_r132,-0.005788840353488922,0.014496996998786926,-0.0023538917303085327,0.0009524130045400421,0.0,0.0,0.0,0.0,0.01578652592874803,0.0009524130045400421,1,3,1788717809.9034197
1788717848.926593,39.008000,r2_medium_r132,-0.0058494750410318375,0.014439970254898071,-0.002247929573059082,0.0024196313458594958,0.0,0.0,0.0,0.0,0.015741101822408402,0.002419631345859496,1,3,1788717809.9185743
1788717848.972042,39.040000,r2_medium_r132,-0.005954518914222717,0.01432364247739315,-0.002097204327583313,0.003214425728342125,0.0,0.0,0.0,0.0,0.015653156081495246,0.003214425728342125,1,3,1788717809.9320192
1788717849.019231,39.076000,r2_medium_r132,-0.006041884422302246,0.014209913089871407,-0.0019724369049072266,0.004076002623770607,0.0,0.0,0.0,0.0,0.015566518709653655,0.004076002623770607,1,3,1788717809.9432127
1788717849.069253,39.108000,r2_medium_r132,-0.00611480139195919,0.0141057800501585,-0.0018923282623291016,0.0038310414116445213,0.0,0.0,0.0,0.0,0.015490149551859242,0.0038310414116445213,1,3,1788717809.9612346
1788717849.115635,39.140000,r2_medium_r132,-0.006278885528445244,0.013895263895392418,-0.0017966479063034058,0.003773409524468589,0.0,0.0,0.0,0.0,0.015353524217623118,0.003773409524468589,1,3,1788717809.9756167
1788717849.162984,39.172000,r2_medium_r132,-0.006424993276596069,0.013690002262592316,-0.001729041337966919,0.0048334606459065135,0.0,0.0,0.0,0.0,0.01522124451227579,0.0048334606459065135,1,3,1788717809.9909623
1788717849.210131,39.208000,r2_medium_r132,-0.006550155580043793,0.013468114659190178,-0.0016699433326721191,0.005979381536150211,0.0,0.0,0.0,0.0,0.015069285362292675,0.005979381536150211,1,3,1788717810.0021124
1788717849.257264,39.240000,r2_medium_r132,-0.006639575585722923,0.013179831206798553,-0.0016207695007324219,0.006506366521251403,0.0,0.0,0.0,0.0,0.01484650828891202,0.006506366521251403,1,3,1788717810.0172489
1788717849.303981,39.272000,r2_medium_r132,-0.0066742002964019775,0.012964710593223572,-0.0015758424997329712,0.007238058194789948,0.0,0.0,0.0,0.0,0.014666695263299787,0.007238058194789948,1,3,1788717810.0319657
1788717849.352209,39.304000,r2_medium_r132,-0.0066877976059913635,0.012813074514269829,-0.0015403330326080322,0.007378747832972379,0.0,0.0,0.0,0.0,0.01453527231180339,0.007378747832972379,1,3,1788717810.0481915
1788717849.400290,39.340000,r2_medium_r132,-0.006687844172120094,0.012579107657074928,-0.0014739036560058594,0.006542384205971932,0.0,0.0,0.0,0.0,0.014322485856373858,0.006542384205971932,1,3,1788717810.060272
1788717849.445605,39.372000,r2_medium_r132,-0.006680024787783623,0.012374047189950943,-0.0014125406742095947,0.00609975552652574,0.0,0.0,0.0,0.0,0.014132764987108254,0.00609975552652574,1,3,1788717810.0735836
1788717849.491490,39.404000,r2_medium_r132,-0.006684537976980209,0.012151248753070831,-0.001358911395072937,0.005375861315805599,0.0,0.0,0.0,0.0,0.013934939339816129,0.005375861315805599,1,3,1788717810.087469
1788717849.534642,39.436000,r2_medium_r132,-0.006708933040499687,0.011830594390630722,-0.0012992322444915771,0.0056232255899646925,0.0,0.0,0.0,0.0,0.01366238451379034,0.0056232255899646925,1,3,1788717810.098625
1788717849.582386,39.472000,r2_medium_r132,-0.006841139867901802,0.01154535822570324,-0.0012628138065338135,0.005066320856097468,0.0,0.0,0.0,0.0,0.013479287442664814,0.005066320856097469,1,3,1788717810.1103706
1788717849.627457,39.504000,r2_medium_r132,-0.006918264552950859,0.011240184307098389,-0.0012269318103790283,0.005815005061871364,0.0,0.0,0.0,0.0,0.013255545607385507,0.005815005061871364,1,3,1788717810.1234398
1788717849.673211,39.536000,r2_medium_r132,-0.007044931873679161,0.0109239611774683,-0.001213163137435913,0.006067019262035906,0.0,0.0,0.0,0.0,0.013055104660999411,0.006067019262035907,1,3,1788717810.1371918
1788717849.720448,39.568000,r2_medium_r132,-0.007269635796546936,0.010500924661755562,-0.0011999905109405518,0.007130461895993588,0.0,0.0,0.0,0.0,0.01282797726037313,0.007130461895993588,1,3,1788717810.1524289
1788717849.766522,39.604000,r2_medium_r132,-0.007429840043187141,0.010246329009532928,-0.0011850148439407349,0.008738141113270679,0.0,0.0,0.0,0.0,0.012711964498821691,0.00873814111327068,1,3,1788717810.1625066
1788717849.814381,39.636000,r2_medium_r132,-0.007666114717721939,0.009893883019685745,-0.001143619418144226,0.008967804519331072,0.0,0.0,0.0,0.0,0.012568456605568377,0.008967804519331072,1,3,1788717810.178359
1788717849.857735,39.668000,r2_medium_r132,-0.007956616580486298,0.009562727063894272,-0.0011040866374969482,0.009426509720565763,0.0,0.0,0.0,0.0,0.012488895211767322,0.009426509720565763,1,3,1788717810.189719
1788717849.907670,39.700000,r2_medium_r132,-0.008361032232642174,0.009222038090229034,-0.001089051365852356,0.009587280971039022,0.0,0.0,0.0,0.0,0.01249555438587586,0.009587280971039022,1,3,1788717810.2076533
1788717849.952381,39.736000,r2_medium_r132,-0.008680397644639015,0.008994381874799728,-0.0010838508605957031,0.010793308390351338,0.0,0.0,0.0,0.0,0.012546829928981842,0.010793308390351338,1,3,1788717810.2163653
1788717849.998127,39.768000,r2_medium_r132,-0.008918462321162224,0.00884183682501316,-0.0010659098625183105,0.011380762634185982,0.0,0.0,0.0,0.0,0.012603698363939169,0.01138076263418598,1,3,1788717810.230106
1788717850.048471,39.800000,r2_medium_r132,-0.00927652232348919,0.008626341819763184,-0.0010085105895996094,0.012665445087866555,0.0,0.0,0.0,0.0,0.012707664349475203,0.012665445087866555,1,3,1788717810.2484555
1788717850.093592,39.832000,r2_medium_r132,-0.00949852354824543,0.008498789742588997,-0.0009317249059677124,0.012954562773035062,0.0,0.0,0.0,0.0,0.012779651324887915,0.012954562773035062,1,3,1788717810.2615733
1788717850.138641,39.868000,r2_medium_r132,-0.009653788059949875,0.0084104984998703,-0.0008155703544616699,0.013388964616538108,0.0,0.0,0.0,0.0,0.012829546520661908,0.013388964616538108,1,3,1788717810.2706187
1788717850.190119,39.900000,r2_medium_r132,-0.009750526398420334,0.00836726650595665,-0.0006367266178131104,0.012527463985416668,0.0,0.0,0.0,0.0,0.012864265801584928,0.012527463985416668,1,3,1788717810.290104
1788717850.235629,39.932000,r2_medium_r132,-0.009751364588737488,0.00838947668671608,-0.0004798471927642822,0.012186690209753876,0.0,0.0,0.0,0.0,0.012872555447456415,0.012186690209753877,1,3,1788717810.3036098
1788717850.288623,39.964000,r2_medium_r132,-0.00970114953815937,0.008417302742600441,-0.0003517270088195801,0.011783307187378089,0.0,0.0,0.0,0.0,0.01284861859154718,0.011783307187378089,1,3,1788717810.3246036
1788717850.334655,40.000000,r2_medium_r132,-0.009565120562911034,0.008485397323966026,-0.00014823675155639648,0.0109820454902884,0.0,0.0,0.0,0.0,0.01278731689069702,0.0109820454902884,1,3,1788717810.334635
1788717850.385864,40.032000,r2_medium_r132,-0.009417491033673286,0.008564736694097519,9.655952453613281e-06,0.010680157474657032,0.0,0.0,0.0,0.0,0.01272964827660038,0.010680157474657032,1,3,1788717810.3538418
1788717850.437173,40.064000,r2_medium_r132,-0.009255509823560715,0.008708089590072632,0.0001739710569381714,0.009386600938952022,0.0,0.0,0.0,0.0,0.012709270330408919,0.009386600938952022,1,3,1788717810.3731546
1788717850.488625,40.096000,r2_medium_r132,-0.00904449075460434,0.008978934958577156,0.0003770291805267334,0.008081050597670923,0.0,0.0,0.0,0.0,0.012750146548312729,0.008081050597670923,1,3,1788717810.3926067
1788717850.535782,40.132000,r2_medium_r132,-0.008858148008584976,0.009265249595046043,0.0005613863468170166,0.006733310351577368,0.0,0.0,0.0,0.0,0.012830697207513371,0.006733310351577369,1,3,1788717810.403763
1788717850.584359,40.164000,r2_medium_r132,-0.008734766393899918,0.009512187913060188,0.0007105916738510132,0.005590558962579381,0.0,0.0,0.0,0.0,0.012933785345996665,0.0055905589625793815,1,3,1788717810.4203422
1788717850.632090,40.196000,r2_medium_r132,-0.008574564009904861,0.009850945323705673,0.0009033381938934326,0.005157034305925029,0.0,0.0,0.0,0.0,0.013091229568804492,0.005157034305925029,1,3,1788717810.4360614
1788717850.677646,40.228000,r2_medium_r132,-0.008350023999810219,0.01028849184513092,0.001142933964729309,0.004697213564375114,0.0,0.0,0.0,0.0,0.013299709143152866,0.004697213564375114,1,3,1788717810.4495995
1788717850.723261,40.264000,r2_medium_r132,-0.008126972243189812,0.010634023696184158,0.0013304948806762695,0.004209747378658327,0.0,0.0,0.0,0.0,0.013449920239172037,0.004209747378658327,1,3,1788717810.45924
1788717850.768082,40.296000,r2_medium_r132,-0.007848381996154785,0.010966241359710693,0.0015274286270141602,0.0028420505282695575,0.0,0.0,0.0,0.0,0.013571609621839937,0.0028420505282695575,1,3,1788717810.472064
1788717850.816015,40.328000,r2_medium_r132,-0.007594585418701172,0.011201689019799232,0.001671329140663147,0.0028216376783446882,0.0,0.0,0.0,0.0,0.013636308359474311,0.0028216376783446882,1,3,1788717810.4879975
1788717850.870096,40.360000,r2_medium_r132,-0.007124895229935646,0.01159944012761116,0.0019007176160812378,0.00091670030980916,0.0,0.0,0.0,0.0,0.013744958012583278,0.0009167003098091602,1,3,1788717810.5100765
1788717850.915009,40.396000,r2_medium_r132,-0.006727423518896103,0.011945730075240135,0.0020676404237747192,0.000826150471736224,0.0,0.0,0.0,0.0,0.013864841548143289,0.000826150471736224,1,3,1788717810.5189912
1788717850.963267,40.428000,r2_medium_r132,-0.006366614252328873,0.012306949123740196,0.0022023767232894897,-0.00017613076800256384,0.0,0.0,0.0,0.0,0.014030154560929615,0.00017613076800256384,1,3,1788717810.53525
1788717851.010979,40.460000,r2_medium_r132,-0.005980420857667923,0.012800199910998344,0.002316012978553772,-0.0009890522220099814,0.0,0.0,0.0,0.0,0.01431692940239565,0.0009890522220099812,1,3,1788717810.5509636
1788717851.058745,40.492000,r2_medium_r132,-0.005730314180254936,0.013280568644404411,0.002364248037338257,-0.001293605979312011,0.0,0.0,0.0,0.0,0.014656045609414097,0.001293605979312011,1,3,1788717810.5667245
1788717851.109951,40.528000,r2_medium_r132,-0.005562944337725639,0.013684563338756561,0.002385184168815613,-0.0017274835000022127,0.0,0.0,0.0,0.0,0.014963379531250369,0.0017274835000022127,1,3,1788717810.5819223
1788717851.152603,40.560000,r2_medium_r132,-0.005314812064170837,0.014387981966137886,0.0024099498987197876,-0.0015481729532415345,0.0,0.0,0.0,0.0,0.015526400447293134,0.0015481729532415345,1,3,1788717810.5925868
1788717851.203549,40.592000,r2_medium_r132,-0.005132930353283882,0.014975365251302719,0.002422317862510681,-0.0024164240989461624,0.0,0.0,0.0,0.0,0.016014873157431695,0.0024164240989461624,1,3,1788717810.611526
1788717851.247562,40.624000,r2_medium_r132,-0.004978898912668228,0.015566116198897362,0.002434179186820984,-0.002984601997014136,0.0,0.0,0.0,0.0,0.016523275589715745,0.002984601997014136,1,3,1788717810.623543
1788717851.297656,40.660000,r2_medium_r132,-0.004801740869879723,0.016309276223182678,0.002448469400405884,-0.00356767472719385,0.0,0.0,0.0,0.0,0.017176850954417375,0.00356767472719385,1,3,1788717810.6376362
1788717851.346791,40.692000,r2_medium_r132,-0.004668042063713074,0.016865748912096024,0.0024690181016921997,-0.0042063720771975755,0.0,0.0,0.0,0.0,0.01767314780849599,0.0042063720771975755,1,3,1788717810.654771
1788717851.393865,40.724000,r2_medium_r132,-0.00457586906850338,0.017272572964429855,0.0024858713150024414,-0.004581621343263921,0.0,0.0,0.0,0.0,0.018040507496697288,0.004581621343263922,1,3,1788717810.6698449
1788717851.438995,40.756000,r2_medium_r132,-0.004441473633050919,0.017929386347532272,0.0025276392698287964,-0.004854643946737338,0.0,0.0,0.0,0.0,0.018643458453584835,0.004854643946737338,1,3,1788717810.682975
1788717851.483868,40.792000,r2_medium_r132,-0.00434747152030468,0.01845744624733925,0.002556934952735901,-0.004679909202834815,0.0,0.0,0.0,0.0,0.01913415132546517,0.004679909202834815,1,3,1788717810.691849
1788717851.531823,40.824000,r2_medium_r132,-0.0042459387332201,0.019012482836842537,0.002566725015640259,-0.005638392368835831,0.0,0.0,0.0,0.0,0.019649187684314184,0.005638392368835831,1,3,1788717810.707797
1788717851.582404,40.856000,r2_medium_r132,-0.004128320142626762,0.019598491489887238,0.002568155527114868,-0.0053080243455193975,0.0,0.0,0.0,0.0,0.020192556021728675,0.0053080243455193975,1,3,1788717810.7263856
1788717851.626107,40.888000,r2_medium_r132,-0.003986455500125885,0.020351643674075603,0.0025574713945388794,-0.005967568886976042,0.0,0.0,0.0,0.0,0.020895499219327356,0.005967568886976042,1,3,1788717810.7380915
1788717851.673844,40.924000,r2_medium_r132,-0.003913970664143562,0.020832731388509274,0.0025456994771957397,-0.004728301857133767,0.0,0.0,0.0,0.0,0.021349530423261084,0.004728301857133767,1,3,1788717810.7498264
1788717851.723539,40.956000,r2_medium_r132,-0.003851659595966339,0.021481430158019066,0.0025202929973602295,-0.004425129484865898,0.0,0.0,0.0,0.0,0.021969046407834675,0.004425129484865898,1,3,1788717810.7675166
1788717851.772341,40.988000,r2_medium_r132,-0.0038135312497615814,0.02211357094347477,0.0024853497743606567,-0.004712483051449838,0.0,0.0,0.0,0.0,0.02257720097722289,0.004712483051449838,1,3,1788717810.7843184
1788717851.822600,41.020000,r2_medium_r132,-0.003792624920606613,0.022860213182866573,0.002428114414215088,-0.004430399882488322,0.0,0.0,0.0,0.0,0.023299551286731512,0.004430399882488322,1,3,1788717810.8025792
1788717851.868420,41.056000,r2_medium_r132,-0.0038209911435842514,0.023424510844051838,0.002349480986595154,-0.0043970198252473785,0.0,0.0,0.0,0.0,0.023850109905592123,0.0043970198252473785,1,3,1788717810.812404
1788717851.916203,41.088000,r2_medium_r132,-0.003863975405693054,0.023826666176319122,0.002281010150909424,-0.004533472985360737,0.0,0.0,0.0,0.0,0.024245480698928252,0.004533472985360737,1,3,1788717810.8281863
1788717851.961784,41.120000,r2_medium_r132,-0.0039840396493673325,0.024456107057631016,0.0021927356719970703,-0.004979554754217851,0.0,0.0,0.0,0.0,0.02487532580830428,0.004979554754217851,1,3,1788717810.8417597
1788717852.009644,41.152000,r2_medium_r132,-0.004131130874156952,0.024938528425991535,0.0021011382341384888,-0.005077534521752435,0.0,0.0,0.0,0.0,0.025365551920515334,0.005077534521752435,1,3,1788717810.8576214
1788717852.057918,41.188000,r2_medium_r132,-0.004320656880736351,0.02540141250938177,0.001979649066925049,-0.0048243823824015925,0.0,0.0,0.0,0.0,0.02584219115673066,0.0048243823824015925,1,3,1788717810.8699012
1788717852.105417,41.220000,r2_medium_r132,-0.0046242475509643555,0.025948725640773773,0.0017930269241333008,-0.0038266910217439557,0.0,0.0,0.0,0.0,0.026418458950957322,0.0038266910217439557,1,3,1788717810.885398
1788717852.154835,41.252000,r2_medium_r132,-0.004904836416244507,0.02638707496225834,0.0016418695449829102,-0.003071785162634175,0.0,0.0,0.0,0.0,0.026889233550562604,0.003071785162634175,1,3,1788717810.9028172
1788717852.202814,41.284000,r2_medium_r132,-0.00514557957649231,0.026718316599726677,0.0015215575695037842,-0.002815848310995251,0.0,0.0,0.0,0.0,0.02725179936331836,0.002815848310995251,1,3,1788717810.9187918
1788717852.255236,41.320000,r2_medium_r132,-0.005591800436377525,0.02725344244390726,0.0013309121131896973,-0.001953273484102549,0.0,0.0,0.0,0.0,0.027853001350243618,0.001953273484102549,1,3,1788717810.9352214
1788717852.301843,41.352000,r2_medium_r132,-0.00598069466650486,0.027656800113618374,0.0011410564184188843,-0.00034141194759772404,0.0,0.0,0.0,0.0,0.028319062678143426,0.00034141194759772404,1,3,1788717810.9498274
1788717852.348336,41.384000,r2_medium_r132,-0.006375441327691078,0.02804485335946083,0.0009313523769378662,-0.0001020268079024549,0.0,0.0,0.0,0.0,0.028775466448461278,0.0001020268079024549,1,3,1788717810.9643142
1788717852.396505,41.416000,r2_medium_r132,-0.006892876699566841,0.028508958872407675,0.0006527900695800781,0.0005816107953074502,0.0,0.0,0.0,0.0,0.02933766555230675,0.0005816107953074502,1,3,1788717810.9804833
1788717852.441188,41.452000,r2_medium_r132,-0.007288923487067223,0.02888166345655918,0.00041300058364868164,0.0011900260683458234,0.0,0.0,0.0,0.0,0.02979008994783937,0.0011900260683458234,1,3,1788717810.9891715
1788717852.488546,41.484000,r2_medium_r132,-0.007560623809695244,0.029155337251722813,0.00022175908088684082,0.00188507201610184,0.0,0.0,0.0,0.0,0.030120522899567702,0.00188507201610184,1,3,1788717811.0045254
1788717852.534330,41.516000,r2_medium_r132,-0.007886338979005814,0.02948466781526804,-5.02169132232666e-06,0.0023298328926825472,0.0,0.0,0.0,0.0,0.03052114027827062,0.0023298328926825472,1,3,1788717811.018312
1788717852.581475,41.548000,r2_medium_r132,-0.008203811943531036,0.029824065044522285,-0.00029824674129486084,0.0033272241762841758,0.0,0.0,0.0,0.0,0.03093325617039712,0.0033272241762841758,1,3,1788717811.0334535
1788717852.626399,41.584000,r2_medium_r132,-0.008404577150940895,0.030028642155230045,-0.0005440413951873779,0.0038237700279913495,0.0,0.0,0.0,0.0,0.031187373211167595,0.0038237700279913495,1,3,1788717811.0423744
1788717852.671399,41.616000,r2_medium_r132,-0.008546270430088043,0.030160329304635525,-0.000795215368270874,0.003527002912556206,0.0,0.0,0.0,0.0,0.03135787890642777,0.003527002912556206,1,3,1788717811.0553808
1788717852.714189,41.648000,r2_medium_r132,-0.00861332006752491,0.030209812335669994,-0.0009898245334625244,0.0032226087236873163,0.0,0.0,0.0,0.0,0.03142931428696895,0.0032226087236873163,1,3,1788717811.0661695
1788717852.764500,41.680000,r2_medium_r132,-0.008646640926599503,0.03020712034776807,-0.0013162791728973389,0.00319974320782089,0.0,0.0,0.0,0.0,0.03144784746018545,0.0031997432078208895,1,3,1788717811.084482
1788717852.811129,41.716000,r2_medium_r132,-0.00859307311475277,0.03014596877619624,-0.0015834718942642212,0.002162342161008187,0.0,0.0,0.0,0.0,0.03138674437164215,0.0021623421610081875,1,3,1788717811.095106
1788717852.856982,41.748000,r2_medium_r132,-0.00848502665758133,0.03007165528833866,-0.0018507391214370728,0.001239793269598485,0.0,0.0,0.0,0.0,0.0313005649223165,0.001239793269598485,1,3,1788717811.1089654
1788717852.906249,41.780000,r2_medium_r132,-0.00833352841436863,0.02995560923591256,-0.0021921545267105103,-8.851125618823175e-05,0.0,0.0,0.0,0.0,0.03117036672862154,8.851125618823175e-05,1,3,1788717811.126234
1788717852.951839,41.812000,r2_medium_r132,-0.008196806535124779,0.029832381289452314,-0.002469301223754883,-0.000668766726396734,0.0,0.0,0.0,0.0,0.031036366722075673,0.000668766726396734,1,3,1788717811.139817
1788717853.002566,41.848000,r2_medium_r132,-0.008078454062342644,0.029727874789386988,-0.002678513526916504,-0.0012966166041218383,0.0,0.0,0.0,0.0,0.030922199052537087,0.0012966166041218383,1,3,1788717811.154549
1788717853.049997,41.880000,r2_medium_r132,-0.007864898070693016,0.029552905820310116,-0.003012821078300476,-0.0008614835050001546,0.0,0.0,0.0,0.0,0.030729594122545157,0.0008614835050001546,1,3,1788717811.1699793
1788717853.092690,41.912000,r2_medium_r132,-0.007710102945566177,0.029420587699860334,-0.003239378333091736,-0.0011303927290519133,0.0,0.0,0.0,0.0,0.030586111881396524,0.0011303927290519133,1,3,1788717811.1806612
1788717853.138939,41.944000,r2_medium_r132,-0.007560322061181068,0.02928766794502735,-0.0034372955560684204,-0.0016592316200356673,0.0,0.0,0.0,0.0,0.03044242046990895,0.0016592316200356673,1,3,1788717811.19492
1788717853.186903,41.980000,r2_medium_r132,-0.007348252460360527,0.029081259854137897,-0.0036426931619644165,-0.0022389221357538287,0.0,0.0,0.0,0.0,0.03021565326775692,0.0022389221357538287,1,3,1788717811.206869
1788717853.236972,42.012000,r2_medium_r132,-0.007147248834371567,0.02887505991384387,-0.003768056631088257,-0.0034444051718882335,0.0,0.0,0.0,0.0,0.029984170852361203,0.0034444051718882335,1,3,1788717811.224955
1788717853.281451,42.044000,r2_medium_r132,-0.006996830925345421,0.028717213310301304,-0.003840327262878418,-0.003687352698684717,0.0,0.0,0.0,0.0,0.029805739326398593,0.003687352698684717,1,3,1788717811.2374332
1788717853.328408,42.076000,r2_medium_r132,-0.006724892184138298,0.028473057318478823,-0.003930866718292236,-0.003788735313731826,0.0,0.0,0.0,0.0,0.02951933063446125,0.003788735313731826,1,3,1788717811.2523859
1788717853.375767,42.112000,r2_medium_r132,-0.0064560044556856155,0.028293665032833815,-0.003979593515396118,-0.004885885374620382,0.0,0.0,0.0,0.0,0.02929246727521972,0.004885885374620382,1,3,1788717811.263751
1788717853.424604,42.144000,r2_medium_r132,-0.006135592237114906,0.028112451545894146,-0.004018351435661316,-0.005346767109358889,0.0,0.0,0.0,0.0,0.029053443380791754,0.005346767109358889,1,3,1788717811.2805843
1788717853.471102,42.176000,r2_medium_r132,-0.005761338397860527,0.027936299331486225,-0.0040390342473983765,-0.006306985293901511,0.0,0.0,0.0,0.0,0.028808742390543825,0.006306985293901512,1,3,1788717811.2950757
1788717853.519063,42.208000,r2_medium_r132,-0.005251852795481682,0.027737044729292393,-0.004012703895568848,-0.006149783553551834,0.0,0.0,0.0,0.0,0.02851363534615832,0.006149783553551834,1,3,1788717811.3110468
1788717853.565904,42.244000,r2_medium_r132,-0.004946822300553322,0.027637829072773457,-0.003971725702285767,-0.006834068136767368,0.0,0.0,0.0,0.0,0.028356573343464662,0.006834068136767368,1,3,1788717811.3218846
1788717853.612059,42.276000,r2_medium_r132,-0.004531063139438629,0.027517645619809628,-0.00390876829624176,-0.007306893565548144,0.0,0.0,0.0,0.0,0.02816078520255982,0.007306893565548144,1,3,1788717811.336041
1788717853.659514,42.308000,r2_medium_r132,-0.004115644842386246,0.02741012629121542,-0.003840893507003784,-0.007285176820032301,0.0,0.0,0.0,0.0,0.027982244704476144,0.007285176820032301,1,3,1788717811.3514895
1788717853.709102,42.340000,r2_medium_r132,-0.0035782698541879654,0.027273899875581264,-0.0037419497966766357,-0.0076861389390130395,0.0,0.0,0.0,0.0,0.027760976529176175,0.007686138939013038,1,3,1788717811.3690848
1788717853.760439,42.376000,r2_medium_r132,-0.0031299423426389694,0.027160429395735264,-0.003650978207588196,-0.008718510166637215,0.0,0.0,0.0,0.0,0.027582877041767206,0.008718510166637215,1,3,1788717811.3844185
1788717853.808415,42.408000,r2_medium_r132,-0.0027956124395132065,0.027041041292250156,-0.0035799890756607056,-0.009300786442648474,0.0,0.0,0.0,0.0,0.027419877550109318,0.009300786442648474,1,3,1788717811.4003952
1788717853.857125,42.440000,r2_medium_r132,-0.0022891294211149216,0.026773955672979355,-0.003454253077507019,-0.00923895485458106,0.0,0.0,0.0,0.0,0.027092742205408887,0.00923895485458106,1,3,1788717811.4171062
1788717853.901296,42.472000,r2_medium_r132,-0.0019385190680623055,0.026496419683098793,-0.003370344638824463,-0.009782899749104202,0.0,0.0,0.0,0.0,0.026780166825182382,0.009782899749104202,1,3,1788717811.429278
1788717853.947624,42.508000,r2_medium_r132,-0.0016458695754408836,0.026166596449911594,-0.003347545862197876,-0.0095258354340115,0.0,0.0,0.0,0.0,0.026431150556330423,0.0095258354340115,1,3,1788717811.4396064
1788717853.998385,42.540000,r2_medium_r132,-0.0013789385557174683,0.02569855935871601,-0.0033535659313201904,-0.010398589165469218,-0.0023235753178596497,0.007600564509630203,-0.0022391080856323242,-0.07835654116995383,0.018156865711342972,0.06795795200448462,1,3,1788717811.4583673
1788717854.043134,42.572000,r2_medium_r132,-0.001225639134645462,0.025321653112769127,-0.003368675708770752,-0.01109799729153367,0.0010398861486464739,0.00798214040696621,-0.0022335508838295937,-0.033259917129453295,0.017523692934200072,0.022161919837919628,1,3,1788717811.4711134
1788717854.093747,42.604000,r2_medium_r132,-0.001145215705037117,0.025049972347915173,-0.0033712387084960938,-0.011531366358593007,0.005848400294780731,0.008552377112209797,-0.002265217248350382,0.033587376959347603,0.01795284369631674,0.045118743317940614,1,1,1788717811.4897246
1788717854.145915,42.640000,r2_medium_r132,-0.001074126921594143,0.024614624679088593,-0.003356054425239563,-0.011159168821386787,0.0010860990732908249,0.007972842082381248,-0.0023091749753803015,-0.034352737644526045,0.01681402572043905,0.023193568823139256,1,1,1788717811.505897
1788717854.197801,42.672000,r2_medium_r132,-0.0010715555399656296,0.024239061400294304,-0.0033188164234161377,-0.01168403760133507,0.0022252779453992844,0.008105074055492878,-0.002296553459018469,-0.018799560692540945,0.016499081193836675,0.007115523091205874,1,1,1788717811.5257812
1788717854.248142,42.704000,r2_medium_r132,-0.0010952232405543327,0.02385029848664999,-0.003271624445915222,-0.011514664252033206,0.0033560902811586857,0.008237970061600208,-0.002283827867358923,-0.0032041536866203777,0.016264523755733215,0.008310510565412828,1,1,1788717811.5441256
1788717854.298933,42.736000,r2_medium_r132,-0.0011290255934000015,0.023415684700012207,-0.003208369016647339,-0.010729450303433799,0.004478519782423973,0.008371509611606598,-0.0022710871417075396,0.012444071190164064,0.016082607579171338,0.023173521493597863,1,1,1788717811.5629148
1788717854.348258,42.772000,r2_medium_r132,-0.0011247377842664719,0.02311832830309868,-0.003157705068588257,-0.010855327016875686,0.008007904514670372,0.008800474926829338,-0.002261311747133732,0.06246882725541153,0.017006163637088352,0.07332415427228722,1,1,1788717811.5762384
1788717854.397469,42.804000,r2_medium_r132,-0.0010842112824320793,0.022910816594958305,-0.0031480640172958374,-0.011156456868156984,0.01107526570558548,0.009187368676066399,-0.00225238548591733,0.10728883297119764,0.018357236813753848,0.11844528983935461,1,1,1788717811.5934494
1788717854.450966,42.836000,r2_medium_r132,-0.0010180855169892311,0.02263327781111002,-0.0031491219997406006,-0.012369959506355053,0.016582578420639038,0.007486875168979168,-0.002318113576620817,-0.08806164654999726,0.023235478455202352,0.07569168704364221,1,1,1788717811.6149526
1788717854.492041,42.868000,r2_medium_r132,-0.0009701298549771309,0.022451087832450867,-0.0031624585390090942,-0.011714584962743182,0.02912273444235325,-0.002868965268135071,-0.0032989084720611572,0.39744068686009065,0.0393281602572287,0.40915527182283384,1,6,1788717811.6240203
1788717854.539444,42.904000,r2_medium_r132,-0.0009508216753602028,0.02228742279112339,-0.003195837140083313,-0.012090170504244196,0.013563418760895729,0.014826405793428421,-0.0019095463212579489,-0.9576670916246576,0.01637023195168396,0.9455769211204134,1,5,1788717811.6354043
1788717854.592054,42.936000,r2_medium_r132,-0.0009446274489164352,0.022152511402964592,-0.0032387971878051758,-0.011853992417883362,-0.19539113342761993,0.21039310097694397,0.06904236972332001,-9.981028918746254,0.2801223488772705,9.969174926328373,1,4,1788717811.6560216
1788717854.648218,42.968000,r2_medium_r132,-0.0009539974853396416,0.022074931301176548,-0.003282785415649414,-0.012055470864226408,-0.26173412799835205,0.3006163239479065,0.1399884819984436,-13.016155802672655,0.4075760541965194,13.004100331808427,1,3,1788717811.6801949
1788717854.705255,43.000000,r2_medium_r132,-0.0010119397193193436,0.02198841143399477,-0.0033821314573287964,-0.012554053352420881,-0.4661181569099426,-0.15939658880233765,-0.018071860074996948,6.051332277439392,0.4994397858670916,6.063886330791812,1,3,1788717811.7052069
1788717854.751733,43.036000,r2_medium_r132,-0.0011025816202163696,0.021951928734779358,-0.003468155860900879,-0.011791628945798101,0.7397870421409607,-0.1670098900794983,0.08647723495960236,16.900192090291156,0.76987932619108,16.911983719236954,1,17,1788717811.7157106
1788717854.794258,43.068000,r2_medium_r132,-0.0012054145336151123,0.02194527629762888,-0.0035497844219207764,-0.009659720768862724,1.112823724746704,-0.14403733611106873,0.05927736312150955,15.940953831828628,1.1280773028725064,15.95061355259749,1,9,1788717811.726237
1788717854.839948,43.100000,r2_medium_r132,-0.0013836966827511787,0.0219710860401392,-0.003690183162689209,-0.008341993669631053,1.112823486328125,-0.1440373659133911,0.05927736312150955,15.94095351254264,1.1282647582363337,15.949295506212273,1,53,1788717811.7399273
1788717854.885737,43.132000,r2_medium_r132,-0.0018639499321579933,0.02236144244670868,-0.003626227378845215,-0.007730614611033203,1.112823247909546,-0.1440373957157135,0.059277355670928955,15.940957417930557,1.1287927104364617,15.948688032541588,1,49,1788717811.7537181
1788717854.930899,43.168000,r2_medium_r132,-0.002426660619676113,0.022893394343554974,-0.003450363874435425,-0.00731492569231252,1.1128230094909668,-0.1440374255180359,0.059277355670928955,15.940950668374299,1.12941688144853,15.948265594066612,1,43,1788717811.762875
1788717854.976351,43.200000,r2_medium_r132,-0.003315489739179611,0.02367070410400629,-0.0032092034816741943,-0.007598298734934081,1.1128227710723877,-0.14403744041919708,0.05927737057209015,15.940958356383694,1.1303960416260588,15.948556655118628,1,42,1788717811.776333
1788717855.033068,43.232000,r2_medium_r132,-0.004003634676337242,0.024158683605492115,-0.0030410736799240112,-0.007389975580572957,1.112822413444519,-0.14403748512268066,0.059277381747961044,15.940955337799819,1.131138348224037,15.948345313380392,1,32,1788717811.8010461
1788717855.078816,43.264000,r2_medium_r132,-0.004666116088628769,0.024490980431437492,-0.002886936068534851,-0.006495840985623303,1.1000537872314453,-0.1204470694065094,0.057729754596948624,14.457563159985986,1.115834883067193,14.46405900097161,1,29,1788717811.8147912
1788717855.129532,43.300000,r2_medium_r132,-0.005412589758634567,0.024776823818683624,-0.002706766128540039,-0.006895716305286913,1.1093573570251465,-0.1199728474020958,0.05636248365044594,14.435607415572601,1.12567920734119,14.442503131877887,1,26,1788717811.8295102
1788717855.177947,43.332000,r2_medium_r132,-0.0044581107795238495,0.0246048578992486,-0.002477288246154785,-0.007982052972640959,1.1085624694824219,-0.11939126998186111,0.05642382428050041,14.428524897195063,1.1238411978514888,14.436506950167702,1,27,1788717811.8459172
1788717855.223379,43.364000,r2_medium_r132,-0.002032109536230564,0.024076120927929878,-0.002223372459411621,-0.008634206779804797,1.1225836277008057,-0.12450778484344482,0.05703214183449745,15.632478394733385,1.1359352752114509,15.64111260151319,1,27,1788717811.8593602
1788717855.272059,43.396000,r2_medium_r132,0.0044548241421580315,0.022609206847846508,-0.0016644001007080078,-0.01336534457935121,1.1424448490142822,-0.13333535194396973,0.05547599866986275,16.739369325729,1.1500456631355522,16.752734670308353,1,30,1788717811.876038
1788717855.318493,43.432000,r2_medium_r132,0.011609506560489535,0.02095878217369318,-0.0010923445224761963,-0.017953905763939508,1.1424448490142822,-0.1333353966474533,0.05547604709863663,16.739368511839064,1.1427139835896287,16.757322417603003,1,27,1788717811.8864675
1788717855.369258,43.464000,r2_medium_r132,0.020284547936171293,0.018976550549268723,-0.0004391223192214966,-0.023897912471837358,1.15101957321167,-0.13456715643405914,0.057578131556510925,17.191729266863575,1.1425862633019206,17.215627179335414,1,25,1788717811.9052403
1788717855.422236,43.496000,r2_medium_r132,0.03020438179373741,0.01670650765299797,0.0002718120813369751,-0.03280900804978752,1.1553095579147339,-0.13471870124340057,0.057541634887456894,17.14251468532762,1.1366930473209647,17.175323693377408,1,22,1788717811.9262094
1788717855.473161,43.528000,r2_medium_r132,0.04403714835643768,0.01354583352804184,0.0012202560901641846,-0.04355544356944063,1.1455334424972534,-0.13890555500984192,0.056496020406484604,17.316294262221216,1.1133691759671778,17.35984970579066,1,24,1788717811.9451401
1788717855.519412,43.564000,r2_medium_r132,0.0523562952876091,0.01165161095559597,0.0017901808023452759,-0.05042861744141301,1.1455334424972534,-0.13890570402145386,0.056496184319257736,17.31629607516601,1.10485135972913,17.366724692607427,1,25,1788717811.955386
1788717855.571250,43.596000,r2_medium_r132,0.06433255225419998,0.008936941623687744,0.002605035901069641,-0.05932022438888248,1.1548025608062744,-0.1437465250492096,0.05896662548184395,18.518876652836713,1.1025487333115425,18.5781968772256,1,21,1788717811.975224
1788717855.621769,43.628000,r2_medium_r132,0.07728235423564911,0.006006566807627678,0.0034773796796798706,-0.06938243913485564,1.1709096431732178,-0.15140274167060852,0.06245621293783188,20.570015299142035,1.1064704425681806,20.639397738276895,1,21,1788717811.9937499
1788717855.669190,43.660000,r2_medium_r132,0.09356821328401566,0.0023255236446857452,0.004601389169692993,-0.08302871894760366,1.1678847074508667,-0.14170733094215393,0.05961807444691658,18.93718633889299,1.0853240200503629,19.02021505784059,1,25,1788717812.009177
1788717855.714587,43.696000,r2_medium_r132,0.10665928572416306,-0.0006022341549396515,0.005518138408660889,-0.09279808118185777,1.1686105728149414,-0.13098075985908508,0.06320202350616455,19.206884355612612,1.0714786636786051,19.29968243679447,1,24,1788717812.018563
1788717855.763242,43.728000,r2_medium_r132,0.11634669452905655,-0.0027702972292900085,0.006201162934303284,-0.10031342621985335,1.135612964630127,-0.07589055597782135,0.0478539876639843,13.055958595304677,1.0227342076087813,13.156272021524533,1,27,1788717812.0352223
1788717855.818902,43.760000,r2_medium_r132,0.1327371969819069,-0.006416644901037216,0.007329300045967102,-0.11180098631231378,1.1178498268127441,-0.07484202831983566,0.05046732351183891,13.067379202873264,0.9884279516569631,13.179180189185578,1,25,1788717812.0588791
1788717855.867213,43.792000,r2_medium_r132,0.14561814814805984,-0.009260430932044983,0.008216410875320435,-0.12017802538739003,1.1178499460220337,-0.07484187185764313,0.0504671186208725,13.067373243841395,0.9753567124371151,13.187551269228784,1,25,1788717812.0751946
1788717855.915984,43.828000,r2_medium_r132,0.15832038968801498,-0.012023620307445526,0.009082213044166565,-0.12747944690845747,1.1371279954910278,-0.09290315955877304,0.036810800433158875,15.551012689453021,0.9825348358230981,15.678492136361479,1,26,1788717812.0879686
1788717855.962792,43.860000,r2_medium_r132,0.17365369945764542,-0.015280883759260178,0.010107830166816711,-0.1345368963682946,1.1446411609649658,-0.08124396950006485,0.026414494961500168,14.435042553342369,0.9733620530930949,14.569579449710664,1,22,1788717812.102771
1788717856.011293,43.892000,r2_medium_r132,0.1857771798968315,-0.01773572340607643,0.010888233780860901,-0.14065013719750427,1.1356792449951172,-0.08480037748813629,0.028147106990218163,14.502310653054998,0.9524229469146523,14.642960790252504,1,21,1788717812.119266
1788717856.057403,43.924000,r2_medium_r132,0.19432956725358963,-0.019390128552913666,0.011415168642997742,-0.14498577603319612,1.1735519170761108,-0.07811874151229858,0.024601338431239128,14.368885542166424,0.9810705048291676,14.51387131819962,1,21,1788717812.1333778
1788717856.103570,43.960000,r2_medium_r132,0.20817599445581436,-0.021840430796146393,0.01220385730266571,-0.1498045837247283,1.1735514402389526,-0.07811884582042694,0.02460137940943241,14.36888586376515,0.9670939509029233,14.51869044748988,1,24,1788717812.1435428
1788717856.152269,43.992000,r2_medium_r132,0.21864282339811325,-0.023555688560009003,0.012749791145324707,-0.153220585635607,1.1805100440979004,-0.07799830287694931,0.022875383496284485,14.658330319113704,0.9634599504550534,14.81155090474931,1,25,1788717812.1602397
1788717856.206966,44.024000,r2_medium_r132,0.22865813225507736,-0.02511865645647049,0.013180136680603027,-0.15569568286702778,1.1910343170166016,-0.08352575451135635,0.01989263854920864,14.936884217743241,0.9641703001963275,15.09257990061027,1,20,1788717812.182946
1788717856.253137,44.056000,r2_medium_r132,0.24059680849313736,-0.026864055544137955,0.013518407940864563,-0.15770839927022903,1.1750750541687012,-0.06374728679656982,0.016597554087638855,11.484067449541847,0.9352109096505947,11.641775848812076,1,25,1788717812.1971166
1788717856.306586,44.092000,r2_medium_r132,0.24945145100355148,-0.028122015297412872,0.01367485523223877,-0.15894500756036317,1.1913594007492065,-0.06633852422237396,0.013603629544377327,12.147503717405476,0.9426829225256886,12.30644872496584,1,28,1788717812.2145662
1788717856.353481,44.124000,r2_medium_r132,0.2557549998164177,-0.028997980058193207,0.013723582029342651,-0.16044562756144415,1.1822965145111084,-0.050555527210235596,0.008151991292834282,9.096429235317409,0.92680901426091,9.256874862878854,1,23,1788717812.2294602
1788717856.407050,44.156000,r2_medium_r132,0.2640475407242775,-0.03011763095855713,0.013720721006393433,-0.16203433678327145,1.2159546613693237,-0.09855465590953827,0.006963880732655525,10.558390665542877,0.9543879963669747,10.720425002326149,1,23,1788717812.2510228
1788717856.458129,44.188000,r2_medium_r132,0.2739148512482643,-0.03143310546875,0.013585209846496582,-0.16322537772076604,1.2372360229492188,-0.09813111275434494,0.006345114670693874,10.559129087085212,0.9656545567651632,10.722354464805978,1,25,1788717812.2701042
1788717856.509279,44.224000,r2_medium_r132,0.28133565932512283,-0.032404348254203796,0.013371989130973816,-0.16560027385149556,1.1841882467269897,-0.09419843554496765,0.00450801569968462,10.587146849222076,0.9050082175468546,10.752747123073572,1,24,1788717812.2852616
1788717856.564009,44.256000,r2_medium_r132,0.2883627191185951,-0.03323701024055481,0.013069123029708862,-0.16752601826602825,1.1841884851455688,-0.09419836848974228,0.0045079817064106464,10.587145246521935,0.89793840736331,10.754671264787966,1,22,1788717812.307986
1788717856.685354,44.288000,r2_medium_r132,0.29332420974969864,-0.03377167880535126,0.012789100408554077,-0.16922932727167855,1.1880722045898438,-0.09450845420360565,0.004586110822856426,10.584448246724804,0.896844590324534,10.753677573996482,1,23,1788717812.3973348
1788717856.734566,44.320000,r2_medium_r132,0.30126578360795975,-0.03451163321733475,0.012202590703964233,-0.17232087505795587,1.2086145877838135,-0.11728312820196152,0.012445122003555298,13.796855279674745,0.9111163655882674,13.9691761547327,1,20,1788717812.414543
1788717856.784995,44.356000,r2_medium_r132,0.3072120025753975,-0.035084210336208344,0.01165461540222168,-0.17348032053395254,1.1867518424987793,-0.11162595450878143,0.008638582192361355,12.209885631446488,0.8828692230844558,12.38336595198044,1,22,1788717812.428974
1788717856.833374,44.388000,r2_medium_r132,0.3128310516476631,-0.035596877336502075,0.011049360036849976,-0.1751254116201065,1.1907895803451538,-0.11119390279054642,0.008212175220251083,12.211075653690477,0.8812117441272815,12.386201065310585,1,26,1788717812.4453537
1788717856.882845,44.420000,r2_medium_r132,0.31941021233797073,-0.0361623615026474,0.01025378704071045,-0.17666377707389738,1.1907895803451538,-0.11119388788938522,0.00821214634925127,12.21107375348173,0.8746061406354488,12.387737530555627,1,21,1788717812.4628177
1788717856.930499,44.452000,r2_medium_r132,0.3242024853825569,-0.036515191197395325,0.009565994143486023,-0.17715960959930221,1.2016801834106445,-0.11081729829311371,0.008120963349938393,12.213483786389164,0.88061910141078,12.390643395988466,1,16,1788717812.478478
1788717856.978276,44.488000,r2_medium_r132,0.3274400606751442,-0.03670134395360947,0.009038016200065613,-0.17768635490693238,1.1418976783752441,-0.04957376420497894,-0.04181178659200668,1.065241140620694,0.8161449703801663,1.2429274955276264,1,20,1788717812.4902492
1788717857.028055,44.520000,r2_medium_r132,0.3325202837586403,-0.03700178116559982,0.008153766393661499,-0.1760547071707964,1.1418975591659546,-0.04957376420497894,-0.0418117456138134,1.0652435777096645,0.8110155245699547,1.2412982848804606,1,22,1788717812.5080376
1788717857.078318,44.552000,r2_medium_r132,0.3361201658844948,-0.037174977362155914,0.007456138730049133,-0.1760868099623807,1.162739872932434,-0.04638756439089775,-0.043104033917188644,1.167354724871611,0.8282157586631044,1.3434415348339916,1,20,1788717812.5262723
1788717857.130496,44.584000,r2_medium_r132,0.33935610204935074,-0.037301115691661835,0.006755068898200989,-0.1748894357616786,1.1936708688735962,-0.07129170000553131,-0.03971116244792938,5.1322957710300345,0.8562524109697299,5.307185206791713,1,18,1788717812.5464733
1788717857.177593,44.620000,r2_medium_r132,0.34295759350061417,-0.037442877888679504,0.005878359079360962,-0.17216791946855947,1.2020790576934814,-0.08582834899425507,-0.029437242075800896,8.399559415485262,0.8612073128672068,8.571727334953824,1,23,1788717812.5575674
1788717857.226061,44.652000,r2_medium_r132,0.3453981950879097,-0.03743797540664673,0.005108758807182312,-0.1705190026915162,1.188181757926941,-0.09983028471469879,-0.017316117882728577,9.100573558109861,0.8453873722424534,9.271092560801378,1,25,1788717812.5740445
1788717857.275293,44.684000,r2_medium_r132,0.3469992056488991,-0.03734591603279114,0.004484951496124268,-0.16813377810519517,1.2280547618865967,-0.14290252327919006,-0.020706141367554665,15.13984635407781,0.8877137385837598,15.307980132183005,1,24,1788717812.5912778
1788717857.326502,44.716000,r2_medium_r132,0.34927544742822647,-0.03695950657129288,0.0032334178686141968,-0.16434742705547117,1.2276511192321777,-0.14266487956047058,-0.020715080201625824,15.148708570709058,0.8850372745007093,15.31305599776453,1,19,1788717812.6104715
1788717857.373216,44.752000,r2_medium_r132,0.35069454461336136,-0.036524392664432526,0.00215873122215271,-0.16235516794500693,1.231211543083191,-0.14056213200092316,-0.021624965593218803,15.134389919117629,0.8869609348977952,15.296745087062634,1,20,1788717812.6211948
1788717857.422322,44.784000,r2_medium_r132,0.3518667593598366,-0.03601018339395523,0.0010119974613189697,-0.15989239213188786,1.3278464078903198,-0.15443718433380127,0.04025334119796753,17.460846253715534,0.983921293577667,17.620738645847425,1,20,1788717812.6383038
1788717857.473845,44.816000,r2_medium_r132,0.3528085723519325,-0.035460278391838074,-0.00015132129192352295,-0.15677491759902615,1.3591859340667725,-0.1494722068309784,0.045690517872571945,17.540876368627412,1.0138518571352113,17.697651286226435,1,20,1788717812.6578178
1788717857.522573,44.848000,r2_medium_r132,0.3537593260407448,-0.03481750935316086,-0.0015776008367538452,-0.15314955183549056,1.3392912149429321,-0.1965944916009903,0.11551125347614288,20.049801645018864,1.00556188065809,20.202951196854357,1,20,1788717812.6745536
1788717857.560420,44.884000,r2_medium_r132,0.35411790758371353,-0.034437909722328186,-0.002396896481513977,-0.15042087800889312,1.288014531135559,-0.1564195156097412,0.03883393853902817,17.543851049900503,0.94273134954392,17.694271927909398,1,27,1788717812.676398
1788717857.608533,44.916000,r2_medium_r132,0.35462675243616104,-0.03411068767309189,-0.0034846216440200806,-0.1468834156730646,1.2831382751464844,-0.15689541399478912,0.03836445510387421,17.543887990849335,0.9375292433030494,17.690771406522398,1,14,1788717812.6925132
1788717857.660241,44.948000,r2_medium_r132,0.35516873747110367,-0.033921949565410614,-0.004503726959228516,-0.14427313349314103,1.2782654762268066,-0.15737256407737732,0.03789606690406799,17.54444667659865,0.932279671474417,17.688719810091794,1,14,1788717812.712224
1788717857.712653,44.980000,r2_medium_r132,0.3558891490101814,-0.03386240452528,-0.005532428622245789,-0.14251295664762634,1.2733999490737915,-0.15784937143325806,0.0374244786798954,17.546452331798662,0.9268463368225451,17.688965288446287,1,14,1788717812.7326322
1788717857.758234,45.016000,r2_medium_r132,0.35651976615190506,-0.03396536409854889,-0.006108134984970093,-0.1422531588654205,1.2685449123382568,-0.15832754969596863,0.036951228976249695,17.55039966362147,0.9214716106899595,17.69265282248689,1,22,1788717812.7422085
1788717857.807990,45.048000,r2_medium_r132,0.35692883282899857,-0.034162476658821106,-0.006336897611618042,-0.1418221258951854,1.2637029886245728,-0.15880689024925232,0.036475036293268204,17.556615733485074,0.9163015121360191,17.698437859380256,1,13,1788717812.7599726
1788717857.862371,45.080000,r2_medium_r132,0.3574586883187294,-0.0346515029668808,-0.0066121965646743774,-0.1379458972987253,1.258874773979187,-0.15928827226161957,0.03599683567881584,17.565308490343096,0.910988920556325,17.70325438764182,1,12,1788717812.7823527
1788717857.901950,45.112000,r2_medium_r132,0.35760021954774857,-0.03513922542333603,-0.006702035665512085,-0.12960095766923577,1.2540650367736816,-0.1597723364830017,0.03551586717367172,17.57731836787993,0.9060711518509322,17.706919325549165,1,16,1788717812.7899356
1788717857.958519,45.148000,r2_medium_r132,0.35747138410806656,-0.0356416180729866,-0.006715178489685059,-0.04728359333748854,1.249273657798767,-0.16025900840759277,0.035031143575906754,17.592753926880523,0.9014341599582938,17.64003752021801,1,10,1788717812.8105009
1788717858.000966,45.180000,r2_medium_r132,0.3570689335465431,-0.036317236721515656,-0.006612509489059448,0.2970265349757266,1.2445236444473267,-0.16076093912124634,0.03456129878759384,17.620691813162466,0.8970827060282395,17.323665278186738,1,17,1788717812.8209457
1788717858.048518,45.212000,r2_medium_r132,0.35654769092798233,-0.03684304654598236,-0.006490305066108704,0.8426154139690086,1.2398403882980347,-0.16129595041275024,0.03413308411836624,17.673174448727575,0.8929416410141076,16.83055903475857,1,10,1788717812.8364918
1788717858.102987,45.244000,r2_medium_r132,0.35598156601190567,-0.037223756313323975,-0.006393656134605408,1.404281675474791,1.2352207899093628,-0.16187110543251038,0.03376103565096855,17.750800769576298,0.888938115818327,16.346519094101506,1,10,1788717812.8589666
1788717858.146585,45.280000,r2_medium_r132,0.3547041192650795,-0.037878431379795074,-0.006244972348213196,2.595961817186276,1.2306710481643677,-0.16248783469200134,0.0334438793361187,17.856389103355752,0.8856753179732941,15.260427286169477,1,11,1788717812.8665671
1788717858.205564,45.312000,r2_medium_r132,0.3533138111233711,-0.03848021477460861,-0.0061341822147369385,3.7459148039534673,1.2262026071548462,-0.1631518304347992,0.03318749740719795,17.993172171164453,0.8826233944763138,14.247257367210986,1,10,1788717812.893547
1788717858.245969,45.344000,r2_medium_r132,0.35157958418130875,-0.039167121052742004,-0.0060506463050842285,5.066162320576307,1.2217873334884644,-0.16384750604629517,0.032965756952762604,18.14900123295089,0.8799596610524514,13.082838912374582,1,15,1788717812.901944
1788717858.293948,45.376000,r2_medium_r132,0.34905601292848587,-0.04016809165477753,-0.005980134010314941,7.022532844066723,1.217444658279419,-0.16457878053188324,0.032779332250356674,18.328080287439146,0.8781111291323648,11.305547443372424,1,10,1788717812.9179263
1788717858.358920,45.412000,r2_medium_r132,0.3467559590935707,-0.040950797498226166,-0.005937904119491577,8.843588367310653,1.2131747007369995,-0.16535115242004395,0.032638225704431534,18.533351299190848,0.8761535264825732,9.689762931880196,1,10,1788717812.9469032
1788717858.399379,45.444000,r2_medium_r132,0.3448320999741554,-0.04148516803979874,-0.005912274122238159,10.340701581476523,1.208990216255188,-0.1661805808544159,0.03257211297750473,18.770487556057997,0.8739560881198969,8.429785974581474,1,14,1788717812.95536
1788717858.452512,45.476000,r2_medium_r132,0.3421596363186836,-0.04205799102783203,-0.005881279706954956,12.487799535684616,1.204871416091919,-0.1670655757188797,0.03258252516388893,19.031391801518765,0.8725697539308448,6.54359226583415,1,10,1788717812.976493
1788717858.502334,45.508000,r2_medium_r132,0.3384161666035652,-0.042505472898483276,-0.005824431777000427,15.369242241034419,1.2008206844329834,-0.16800715029239655,0.032670747488737106,19.31471961875173,0.8723382957476866,3.945477377717311,1,31,1788717812.9943137
1788717858.556111,45.544000,r2_medium_r132,0.33502117544412613,-0.04251513630151749,-0.005796104669570923,17.80402712931895,1.1968355178833008,-0.16900643706321716,0.03284003585577011,19.617484971740893,0.8719041010093641,1.8134578424219425,1,45,1788717813.0120926
1788717858.607767,45.576000,r2_medium_r132,0.3312271609902382,-0.04216425120830536,-0.005794644355773926,20.286816748510237,0.7254748940467834,-0.5505130290985107,0.23601478338241577,25.923810817301238,0.687256541871928,5.636994068791001,1,84,1788717813.0317419
1788717858.659120,45.608000,r2_medium_r132,0.32806549221277237,-0.0416477769613266,-0.005819424986839294,22.201768609841174,1.222672700881958,-0.1442219614982605,0.013783395290374756,30.42853882704977,0.9006818482122917,8.226770217208596,1,95,1788717813.0510993
1788717858.708763,45.640000,r2_medium_r132,0.32264769822359085,-0.040032267570495605,-0.0050438642501831055,24.9071294085086,0.5161467790603638,-0.2989654242992401,-0.21435926854610443,37.65483102457223,0.3850989644412895,12.747701616063635,1,93,1788717813.0687425
1788717858.756353,45.676000,r2_medium_r132,0.31692609935998917,-0.03863608092069626,-0.004786878824234009,26.999938343464397,0.7843116521835327,-0.3177022337913513,-0.12108372151851654,44.578859972933,0.5566436277250068,17.57892162946861,1,105,1788717813.08033
1788717858.811788,45.708000,r2_medium_r132,0.30943457037210464,-0.03732839971780777,-0.005011513829231262,29.130100483265466,0.7151552438735962,-0.3786885738372803,0.022037237882614136,48.43983222181787,0.5309121098171989,19.30973173855241,1,103,1788717813.1037676
1788717858.869221,45.740000,r2_medium_r132,0.2986847832798958,-0.03557171672582626,-0.004832655191421509,31.91918199924043,0.7047783732414246,-0.3882499039173126,0.025813978165388107,51.06944915022705,0.5387328871199735,19.150267150986622,1,34,1788717813.1291978
1788717858.907548,45.772000,r2_medium_r132,0.28845513612031937,-0.03398512303829193,-0.004364073276519775,34.01098777413414,0.6982907652854919,-0.3982374966144562,0.039022691547870636,51.65912990539723,0.5500249502986291,17.648142131263086,1,104,1788717813.1355264
1788717858.962599,45.808000,r2_medium_r132,0.2796081081032753,-0.032834261655807495,-0.0037249624729156494,35.71330119975837,0.6928009390830994,-0.41245803236961365,0.060513388365507126,55.33573641488707,0.5647734843125429,19.62243521512871,1,38,1788717813.1545787
1788717859.016215,45.840000,r2_medium_r132,0.2625644728541374,-0.030789829790592194,-0.0018905550241470337,38.610105267558325,0.5677761435508728,-0.15905940532684326,-0.24091579020023346,56.68183985874373,0.40833847600823253,18.071734591185397,1,110,1788717813.1761942
1788717859.066172,45.872000,r2_medium_r132,0.24614525586366653,-0.029276959598064423,0.00035876035690307617,41.06172372258211,-0.2617108225822449,0.09530141949653625,-0.925234854221344,57.63879182047756,1.0630903575427266,16.577068097895445,1,117,1788717813.1941452
1788717859.121380,45.904000,r2_medium_r132,0.2274186834692955,-0.027840860188007355,0.003932386636734009,43.65532953737867,-0.967142641544342,0.269913911819458,-1.5000758171081543,59.178622148362905,1.9436242796393237,15.523292610984239,1,130,1788717813.217363
1788717859.175248,45.940000,r2_medium_r132,0.20132877677679062,-0.025953158736228943,0.010639891028404236,47.12401831118406,-1.5176422595977783,0.1619448959827423,-1.4267826080322266,62.297113864650086,2.248633038907759,15.173095553466027,1,119,1788717813.2352302
1788717859.226138,45.972000,r2_medium_r132,0.17870769649744034,-0.024235378950834274,0.01837266981601715,50.12658714025075,-1.536239504814148,0.2244153767824173,-1.4625635147094727,65.22776834879697,2.2794830739117327,15.101181208546226,1,123,1788717813.2541165
1788717859.276815,46.004000,r2_medium_r132,0.16123906522989273,-0.022669728845357895,0.02602235972881317,52.49070237830698,-1.2356880903244019,0.6162967681884766,-1.9473857879638672,68.47886938271532,2.5008045464683075,15.988167004408334,1,116,1788717813.272795
1788717859.330978,46.036000,r2_medium_r132,0.13185938447713852,-0.019218165427446365,0.04331640899181366,56.675219254417506,-1.0108585357666016,0.9467427134513855,-2.2882251739501953,71.98626686616142,2.7703737686020404,15.311047611743913,1,129,1788717813.2949548
1788717859.386560,46.072000,r2_medium_r132,0.10829144716262817,-0.015755221247673035,0.06232894957065582,60.20085303651089,-1.1352484226226807,0.9716420769691467,-2.3753762245178223,75.90727555673375,2.9092527129916497,15.706422520222862,1,144,1788717813.3145373
1788717859.439935,46.104000,r2_medium_r132,0.08491306751966476,-0.011782374233007431,0.0866047590970993,63.830452620966625,-1.3122773170471191,0.9855738878250122,-2.430683135986328,79.04565038632236,3.0468998721529683,15.215197765355738,1,120,1788717813.3359103
1788717859.488434,46.136000,r2_medium_r132,0.05632203444838524,-0.006305329501628876,0.12409083545207977,68.52191152109138,-1.4922020435333252,1.0296813249588013,-2.358952283859253,81.70746912057669,3.1043031908414767,13.185557599485305,1,141,1788717813.352416
1788717859.535735,46.168000,r2_medium_r132,0.03417440876364708,-0.0017246529459953308,0.15946198999881744,72.27321335120074,-1.4173470735549927,0.8736979961395264,-1.9610199928283691,80.76583077310659,2.714723423787243,8.492617421905845,1,149,1788717813.3677115
1788717859.586006,46.204000,r2_medium_r132,0.018095760140568018,0.0017220713198184967,0.18885578215122223,75.11884967245635,-1.5471384525299072,0.9387801289558411,-2.1010026931762695,81.31709102754895,2.927710330774529,6.198241355092595,1,185,1788717813.3819747
1788717859.632708,46.236000,r2_medium_r132,-0.007428064942359924,0.007378162816166878,0.24226073920726776,79.69897648006123,-1.6786673069000244,1.0664875507354736,-2.321089744567871,82.30977885636976,3.2381351117747195,2.6108023763085293,1,239,1788717813.3966873
1788717859.682066,46.268000,r2_medium_r132,-0.021957851946353912,0.010544562712311745,0.27653853595256805,82.43785654449452,-1.7499516010284424,1.089494228363037,-2.308720111846924,85.85515947423367,3.291452119338308,3.417302929739156,1,274,1788717813.4140477
1788717859.724580,46.300000,r2_medium_r132,-0.04474864527583122,0.015420319512486458,0.3366916626691818,86.7488954797631,-1.789468765258789,1.1142476797103882,-2.274632453918457,90.29704963806742,3.327233611645724,3.5481541583043223,1,309,1788717813.424564
1788717859.780764,46.336000,r2_medium_r132,-0.06571150571107864,0.019567465409636497,0.3998390883207321,90.85817027390873,-1.8198069334030151,1.1587425470352173,-2.252959966659546,95.59632357473234,3.378152374027948,4.7381533008236145,1,117,1788717813.4447443
1788717859.824914,46.368000,r2_medium_r132,-0.07356836646795273,0.021045873872935772,0.42580340802669525,92.389293253867,-1.840796947479248,1.1973782777786255,-2.224496841430664,100.31833776459196,3.3957246935367826,7.929044510724961,1,316,1788717813.4568965
1788717859.881237,46.400000,r2_medium_r132,-0.09181593358516693,0.02419218886643648,0.49191395938396454,95.9802119881278,-1.854036808013916,1.2447900772094727,-2.1975038051605225,105.09783581585145,3.439222227124524,9.117623827723639,1,131,1788717813.4812171
1788717859.921233,46.432000,r2_medium_r132,-0.10494345426559448,0.0262978533282876,0.5458921641111374,98.56342295446802,-1.9640569686889648,1.2653286457061768,-2.1522035598754883,105.60847923423329,3.503030245340041,7.045056279765265,1,341,1788717813.4892125
1788717859.978231,46.468000,r2_medium_r132,-0.11675352603197098,0.028042292688041925,0.6008243411779404,100.88953302450949,-2.010800838470459,1.308423399925232,-2.110126495361328,108.79919691024719,3.546272048173737,7.9096638857377055,1,192,1788717813.5102088
1788717860.021291,46.500000,r2_medium_r132,-0.12965912371873856,0.02982846600934863,0.6710405796766281,103.43167920657397,-2.0554280281066895,1.3567250967025757,-2.0770654678344727,111.45013478899949,3.6085076402883907,8.018455582425522,1,359,1788717813.521275
1788717860.068092,46.532000,r2_medium_r132,-0.1385142281651497,0.03093286231160164,0.7286687344312668,105.1714594958994,-2.0784401893615723,1.4040864706039429,-2.0503385066986084,114.09566493506001,3.656739642515231,8.924205439160614,1,221,1788717813.5360656
1788717860.129334,46.564000,r2_medium_r132,-0.14431528002023697,0.03162521799094975,0.7728227823972702,106.30710677988549,-2.1086082458496094,1.450976848602295,-2.014397144317627,116.11517434698534,3.693453780244506,9.80806756709985,1,172,1788717813.5653086
1788717860.175234,46.600000,r2_medium_r132,-0.15240109711885452,0.032570552080869675,0.8481286019086838,107.86286050753205,-2.0945024490356445,1.4062621593475342,-2.062061309814453,117.28620793551586,3.7587220720993746,9.42334742798381,1,370,1788717813.575215
1788717860.222733,46.632000,r2_medium_r132,-0.15771429985761642,0.03313605370931327,0.909895583987236,108.8073848875518,-2.0993130207061768,1.4168059825897217,-2.0233945846557617,118.6061772837863,3.7800184230167906,9.798792396234477,1,238,1788717813.590716
1788717860.279303,46.664000,r2_medium_r132,-0.16207020729780197,0.03357252513524145,0.9729520529508591,109.4779461478744,-2.110459804534912,1.4501341581344604,-1.9902129173278809,119.86446287333969,3.818797654209268,10.386516725465292,1,190,1788717813.6152828
1788717860.326432,46.696000,r2_medium_r132,-0.16623709350824356,0.03402052726596594,1.0534642189741135,109.94389950990522,-2.152080535888672,1.4932024478912354,-1.9787330627441406,119.70231827722246,3.90730167895756,9.758418767317236,1,361,1788717813.630414
1788717860.374242,46.732000,r2_medium_r132,-0.16849566251039505,0.034400424105115235,1.1191429942846298,110.02256307391477,-2.17437744140625,1.5368186235427856,-1.9521934986114502,119.75683182089101,3.964079970119564,9.734268746976243,1,257,1788717813.6422253
1788717860.430391,46.764000,r2_medium_r132,-0.1696471944451332,0.03470178693532944,1.1691679805517197,109.92729634544771,-2.1808180809020996,1.5736083984375,-1.923154354095459,119.7338418794204,3.9969362410244886,9.80654553397268,1,214,1788717813.6663616
1788717860.480028,46.796000,r2_medium_r132,-0.1705036535859108,0.03512425793451257,1.2367620319128036,109.60358848900823,-2.188476800918579,1.6041040420532227,-1.8957229852676392,119.33861295367755,4.043065120572369,9.735024464669317,1,192,1788717813.684006
1788717860.537585,46.828000,r2_medium_r132,-0.17045652121305466,0.03566511643293779,1.3231844753026962,108.9181664353867,-2.2065579891204834,1.636661171913147,-1.8623087406158447,118.60809016884718,4.105638146006175,9.689923733460486,1,168,1788717813.7095602
1788717860.587588,46.864000,r2_medium_r132,-0.1695718988776207,0.036197316949255764,1.394447073340416,108.17100534340054,-2.2877793312072754,1.7754981517791748,-1.7213832139968872,116.97784733998604,4.1497431848133814,8.806841996585502,1,376,1788717813.7235684
1788717860.635749,46.896000,r2_medium_r132,-0.16810939460992813,0.03682407166343182,1.467895731329918,107.27574165150065,-2.3155243396759033,1.8468064069747925,-1.6813616752624512,115.59648529159776,4.219626667539294,8.320743640097103,1,269,1788717813.7397296
1788717860.688164,46.928000,r2_medium_r132,-0.16665896028280258,0.03738886350765824,1.5246195644140244,106.51821972361918,-2.333620071411133,1.9054369926452637,-1.625929832458496,114.0672698343238,4.255735632302697,7.54905011070461,1,231,1788717813.7601469
1788717860.740365,46.960000,r2_medium_r132,-0.16367537528276443,0.03840653318911791,1.621709331870079,105.12277127140764,-2.3458971977233887,1.96645188331604,-1.5669193267822266,112.35968455514573,4.318194492755152,7.236913283738087,1,190,1788717813.7803493
1788717860.802542,46.996000,r2_medium_r132,-0.16001027077436447,0.03955051023513079,1.7216417640447617,103.60344757364686,-2.3593549728393555,2.032348155975342,-1.4883569478988647,110.29492770070283,4.3717789635397635,6.691480127055962,1,167,1788717813.8065104
1788717860.842558,47.028000,r2_medium_r132,-0.15758822113275528,0.040267120115458965,1.7826998084783554,102.65499084384626,-2.4415810108184814,2.2251665592193604,-1.4442468881607056,108.17359778648819,4.517033717527762,5.518606942641916,1,355,1788717813.8145318
1788717860.890413,47.060000,r2_medium_r132,-0.1532546505331993,0.04137228662148118,1.886254534125328,101.04026582904687,-2.508432626724243,2.3305718898773193,-1.4404393434524536,105.95178095269904,4.67484655129936,4.9115151236521655,1,259,1788717813.8303921
1788717860.938039,47.092000,r2_medium_r132,-0.14960788935422897,0.042319257743656635,1.9705500453710556,99.73995538030427,-2.5776939392089844,2.3920910358428955,-1.4766287803649902,103.638906885392,4.827014722502291,3.8989515050877297,1,222,1788717813.8460228
1788717860.994758,47.128000,r2_medium_r132,-0.14484431594610214,0.04357420280575752,2.077296957373619,98.1363161591193,-2.6097400188446045,2.470856189727783,-1.439287543296814,101.13225609108424,4.9329276520702345,2.9959399319649522,1,179,1788717813.8667402
1788717861.037278,47.160000,r2_medium_r132,-0.1419248953461647,0.04439582210034132,2.1418971866369247,97.21233312356537,-2.8142030239105225,2.723045587539673,-1.5670380592346191,99.23210880127112,5.2983427239430085,2.0197756777057494,1,380,1788717813.8772562
1788717861.087954,47.192000,r2_medium_r132,-0.1379970982670784,0.04545642342418432,2.2283809036016464,96.02625132734447,-2.842395544052124,2.8006129264831543,-1.518066167831421,97.17863965705509,5.37963976200657,1.1523883297106177,1,247,1788717813.8959298
1788717861.137667,47.224000,r2_medium_r132,-0.13418347388505936,0.046707211062312126,2.3150820583105087,94.89394318148176,-2.8594884872436523,2.872199535369873,-1.4865295886993408,95.25649617501216,5.464699937346914,0.36255299353040443,1,214,1788717813.9136457
1788717861.199092,47.260000,r2_medium_r132,-0.12978345900774002,0.048775745555758476,2.42299984395504,93.57229362986406,-2.878589391708374,2.9464337825775146,-1.452878475189209,93.19882894418693,5.565499878715246,0.37346468567713026,1,171,1788717813.9390688
1788717861.237465,47.292000,r2_medium_r132,-0.12659216672182083,0.0508846640586853,2.50824998319149,92.59457386851471,-3.0932159423828125,3.2786498069763184,-1.5639132261276245,91.84619022823803,5.983463683142341,0.748383640276684,1,383,1788717813.9454424
1788717861.282865,47.324000,r2_medium_r132,-0.12436959892511368,0.05269402824342251,2.571319803595543,91.91226656414446,-3.135371446609497,3.350780725479126,-1.5549383163452148,90.24773083035784,6.080256085200599,1.6645357337866273,1,244,1788717813.9588487
1788717861.341814,47.356000,r2_medium_r132,-0.12111125141382217,0.05632195621728897,2.6745064109563828,90.86911591517348,-3.1733548641204834,3.4025630950927734,-1.5515992641448975,88.69477141372757,6.194633968842272,2.174344501445926,1,197,1788717813.9857776
1788717861.382481,47.392000,r2_medium_r132,-0.11920215934515,0.060128914192318916,2.755249485373497,90.12596420266729,-3.2977519035339355,3.663926362991333,-1.5502204895019531,87.59776194572589,6.45194592606036,2.5282022569414004,1,377,1788717813.9904585
1788717861.433929,47.424000,r2_medium_r132,-0.11801079660654068,0.06488404981791973,2.834215387701988,89.46236783098315,-3.379746913909912,3.8389272689819336,-1.4332637786865234,86.37972610099492,6.5645794347086035,3.082641729988236,1,245,1788717814.0099113
1788717861.489538,47.456000,r2_medium_r132,-0.11728916317224503,0.07022840902209282,2.9111058562994003,88.88294458521912,-3.4079151153564453,3.9619076251983643,-1.291096806526184,85.39161076956154,6.605444231712577,3.4913338156575766,1,172,1788717814.0335174
1788717861.533862,47.488000,r2_medium_r132,-0.11693256348371506,0.07755240425467491,3.004141554236412,88.26904111393151,-3.465304374694824,4.112751483917236,-1.380136251449585,84.81601860906275,6.834933597047858,3.4530225048687493,1,383,1788717814.0458415
1788717861.590456,47.524000,r2_medium_r132,-0.11716056615114212,0.08253162354230881,3.058359131217003,87.96152258116135,-3.5573742389678955,4.225255489349365,-1.3252464532852173,83.9096818062225,6.9435746603202695,4.051840774938854,1,216,1788717814.0664258
1788717861.629850,47.556000,r2_medium_r132,-0.11837583035230637,0.09056785702705383,3.1289925426244736,87.61999835690689,-3.5905675888061523,4.257812976837158,-1.318678617477417,83.44261527454985,7.014543908513086,4.177383082357044,1,382,1788717814.0738318
1788717861.680129,47.588000,r2_medium_r132,-0.11968108266592026,0.09864167869091034,3.1972761005163193,87.35367275803253,-3.610370635986328,4.295468807220459,-1.2874867916107178,83.0271663002486,7.064797923721631,4.3265064577839265,1,345,1788717814.092113
1788717861.728172,47.620000,r2_medium_r132,-0.1225578561425209,0.1108233630657196,3.2808201164007187,87.12648109668045,-3.623392105102539,4.334352970123291,-1.2561184167861938,82.74896838611512,7.118837969380926,4.377512710565334,1,323,1788717814.10815
1788717861.775277,47.656000,r2_medium_r132,-0.1253659352660179,0.12131379544734955,3.3456528037786484,87.02308538621178,-3.639948844909668,4.379643440246582,-1.2210437059402466,82.52334365214197,7.1652202621003855,4.499741734069787,1,303,1788717814.1192565
1788717861.827436,47.688000,r2_medium_r132,-0.12778490036725998,0.12979859113693237,3.3931050151586533,86.99051745215306,-3.6532199382781982,4.417412281036377,-1.189188003540039,82.44838799433346,7.197897795159223,4.542129457819594,1,270,1788717814.1394186
1788717861.879233,47.720000,r2_medium_r132,-0.13290197402238846,0.1457195281982422,3.470567211508751,87.01503678922782,-3.6652796268463135,4.454195022583008,-1.1587554216384888,82.4644522557668,7.243706303381799,4.550584533461018,1,252,1788717814.15921
1788717861.924895,47.752000,r2_medium_r132,-0.13758649677038193,0.1590980961918831,3.5303640216588974,87.09997299447653,-3.675234794616699,4.490116596221924,-1.1293867826461792,82.57475845640033,7.279145161698537,4.525214538076195,1,238,1788717814.1728804
1788717861.972846,47.788000,r2_medium_r132,-0.14272253960371017,0.17292802780866623,3.5881786197423935,87.23894354308071,-3.686614990234375,4.5291242599487305,-1.0984326601028442,82.79294779891444,7.314365632296552,4.445995744166268,1,224,1788717814.1848266
1788717862.024126,47.820000,r2_medium_r132,-0.1495555266737938,0.1906195506453514,3.6575574725866318,87.48105614012424,-3.6993751525878906,4.558798789978027,-1.0755916833877563,83.05607976795486,7.3542443647299995,4.424976372169386,1,217,1788717814.2041066
1788717862.069549,47.852000,r2_medium_r132,-0.15516718477010727,0.20476581901311874,3.710668072104454,87.72238179150396,-3.711038589477539,4.586724758148193,-1.049219012260437,83.40035230629432,7.382568025218968,4.32202948520964,1,207,1788717814.2175283
1788717862.120229,47.884000,r2_medium_r132,-0.1593615785241127,0.21518514305353165,3.749033436179161,87.92705745616833,-3.7241992950439453,4.610682964324951,-1.0264403820037842,83.81391308429176,7.404972601574899,4.113144371876574,1,197,1788717814.2362049
1788717862.170092,47.920000,r2_medium_r132,-0.16614074259996414,0.23195547610521317,3.8101253360509872,88.30781225540494,-3.7371370792388916,4.632348537445068,-1.0041486024856567,84.3498062222961,7.435906635094992,3.958006033108848,1,187,1788717814.250072
1788717862.223725,47.952000,r2_medium_r132,-0.17134950309991837,0.2447979673743248,3.85647152364254,88.6423711646072,-3.7474136352539062,4.642299652099609,-0.9852316379547119,84.91379368730576,7.454417834375854,3.7285774773014446,1,179,1788717814.2717075
1788717862.279426,47.984000,r2_medium_r132,-0.1763465479016304,0.2571355924010277,3.900651916861534,88.99852997613472,-3.766751766204834,4.65231990814209,-0.9672726988792419,85.46422013732438,7.476987686594788,3.5343098388103447,1,161,1788717814.29541
1788717862.326741,48.016000,r2_medium_r132,-0.18217433243989944,0.27172399312257767,3.9529065936803818,89.46649343337388,-3.8098490238189697,4.7368035316467285,-0.8954560160636902,85.77348221012362,7.523535003399906,3.6930112232502545,1,388,1788717814.3107111
1788717862.374360,48.052000,r2_medium_r132,-0.18639328330755234,0.2825090363621712,3.9922947734594345,89.85312595645749,-3.821730852127075,4.761875152587891,-0.8744766116142273,86.395969882049,7.547573368774465,3.457156074408481,1,330,1788717814.3223395
1788717862.428472,48.084000,r2_medium_r132,-0.18929020315408707,0.2900090590119362,4.020440086722374,90.14711682697278,-3.827026844024658,4.7824177742004395,-0.856269121170044,87.01054982408228,7.562880180921592,3.1365670028904966,1,310,1788717814.3444355
1788717862.478652,48.116000,r2_medium_r132,-0.19288600236177444,0.2994444742798805,4.056349739432335,90.54152157910272,-3.8324193954467773,4.799806118011475,-0.838520348072052,87.62602706703142,7.580185447421228,2.9154945120713047,1,301,1788717814.3626342
1788717862.531623,48.148000,r2_medium_r132,-0.19678448885679245,0.31000227481126785,4.098484024405479,91.0318871511438,-3.8396666049957275,4.815539836883545,-0.8224823474884033,88.22295889391137,7.601734596040533,2.808928257232437,1,289,1788717814.3836007
1788717862.582525,48.184000,r2_medium_r132,-0.19925863295793533,0.3172113075852394,4.129975065588951,91.41859325858427,-3.846945285797119,4.831811428070068,-0.8042747378349304,88.88655974777917,7.618008485672052,2.532033510805103,1,283,1788717814.3985062
1788717862.631423,48.216000,r2_medium_r132,-0.2012447491288185,0.32342661172151566,4.15981887280941,91.7957197143745,-3.8507940769195557,4.844943523406982,-0.7879269123077393,89.4785168249756,7.631743826464566,2.3172028893989,1,279,1788717814.4153984
1788717862.681156,48.248000,r2_medium_r132,-0.20235850661993027,0.32737941294908524,4.181110605597496,92.070734506279,-3.857654571533203,4.855648994445801,-0.7761103510856628,90.02033598655423,7.644635657652861,2.0503985197247676,1,270,1788717814.4331384
1788717862.730009,48.280000,r2_medium_r132,-0.20364529639482498,0.33287356048822403,4.214855894446373,92.51073251510097,-3.8606550693511963,4.866396903991699,-0.7614278793334961,90.56651482553238,7.660936925910183,1.9442176895685943,1,262,1788717814.449993
1788717862.779149,48.316000,r2_medium_r132,-0.20400289446115494,0.33610904961824417,4.2401749938726425,92.84356157800306,-3.864854097366333,4.87873649597168,-0.7438875436782837,91.14079346860896,7.673211519591677,1.7027681093940965,1,253,1788717814.4631298
1788717862.828176,48.348000,r2_medium_r132,-0.20381326228380203,0.3383413627743721,4.26409076154232,93.15651101159197,-3.8682916164398193,4.887526988983154,-0.7280006408691406,91.61609564108865,7.684039825496288,1.5404153705033294,1,252,1788717814.480153
1788717862.877810,48.380000,r2_medium_r132,-0.2029147371649742,0.3399185910820961,4.292234167456627,93.5178857254158,-3.868651866912842,4.894208908081055,-0.7131890654563904,92.07126579587667,7.696327093913564,1.4466199295391164,1,248,1788717814.4977863
1788717862.926739,48.412000,r2_medium_r132,-0.2016228660941124,0.3400712385773659,4.313326105475426,93.781411645586,-3.871178388595581,4.899740695953369,-0.6989952325820923,92.46431350819228,7.705815238454353,1.3170981373937236,1,244,1788717814.5147161
1788717862.978759,48.448000,r2_medium_r132,-0.20024961978197098,0.33942798525094986,4.328264936804771,93.96337556777146,-3.873015880584717,4.905541896820068,-0.6831784248352051,92.86887836333797,7.710588358020509,1.0944972044334893,1,243,1788717814.5307395
1788717863.027324,48.480000,r2_medium_r132,-0.19743361324071884,0.3372741714119911,4.351851209998131,94.23499889296441,-3.872812032699585,4.911360263824463,-0.66701340675354,93.19418807577384,7.721377606898075,1.0408108171905712,1,242,1788717814.5473037
1788717863.073142,48.512000,r2_medium_r132,-0.19461845606565475,0.334444023668766,4.369476065039635,94.42205972996794,-3.8724374771118164,4.915261745452881,-0.651338517665863,93.47397511541176,7.727795469969979,0.9480846145561754,1,238,1788717814.5611267
1788717863.122983,48.544000,r2_medium_r132,-0.19135352224111557,0.3307172432541847,4.386083826422691,94.58472818905135,-3.87025785446167,4.920272350311279,-0.633790910243988,93.71728363053796,7.732884037548306,0.8674445585133834,1,235,1788717814.5789654
1788717863.168928,48.580000,r2_medium_r132,-0.18672830611467361,0.3249428942799568,4.405525907874107,94.75110840236319,-3.8681464195251465,4.926544666290283,-0.6153161525726318,93.9295873294448,7.741862385102589,0.8215210729183853,1,235,1788717814.5889103
1788717863.220759,48.612000,r2_medium_r132,-0.18260376900434494,0.319395937025547,4.420042738318443,94.85744256232532,-3.8643994331359863,4.9299798011779785,-0.5992972254753113,94.08776527184177,7.7464105592808865,0.7696772904835429,1,232,1788717814.6087325
1788717863.271646,48.644000,r2_medium_r132,-0.17927563935518265,0.3147970512509346,4.430406793951988,94.92208992764861,-3.861201286315918,4.932411193847656,-0.5843002200126648,94.19588928771793,7.747659212663059,0.7262006399306732,1,230,1788717814.6276307
1788717863.318519,48.676000,r2_medium_r132,-0.17329100519418716,0.3062921240925789,4.44673179090023,94.99962745240597,-3.8565690517425537,4.935610771179199,-0.5696353316307068,94.2727252399337,7.756356581053915,0.7269022124722685,1,230,1788717814.642496
1788717863.366468,48.712000,r2_medium_r132,-0.16802722960710526,0.2987043038010597,4.458905920386314,95.03653399745038,-3.8531689643859863,4.9399309158325195,-0.5520468354225159,94.29739763356253,7.760857013924831,0.7391363638878572,1,227,1788717814.654444
1788717863.413246,48.744000,r2_medium_r132,-0.16244787722826004,0.29055965691804886,4.47041629254818,95.05438361822759,-3.8499491214752197,4.942938804626465,-0.5376358032226562,94.27803223481266,7.766780732987743,0.7763513834149266,1,224,1788717814.6692195
1788717863.460175,48.776000,r2_medium_r132,-0.15660979598760605,0.2818794474005699,4.481317266821861,95.05269984584437,-3.845710039138794,4.947823524475098,-0.5213024616241455,94.22434725742225,7.7721746559017975,0.8283525884221161,1,223,1788717814.6841567
1788717863.509920,48.808000,r2_medium_r132,-0.14900311082601547,0.2703457996249199,4.494177088141441,95.02772586620836,-3.8397035598754883,4.953418731689453,-0.504342257976532,94.153383701017,7.780593649919339,0.8743421651913592,1,221,1788717814.7019014
1788717863.557784,48.844000,r2_medium_r132,-0.1442246362566948,0.2629842236638069,4.501448377966881,95.00061337411168,-3.833482027053833,4.958252906799316,-0.4842691421508789,94.03648524138671,7.779045397270385,0.9641281327249573,1,217,1788717814.7137647
1788717863.608395,48.876000,r2_medium_r132,-0.1376967504620552,0.2527972683310509,4.510738119482994,94.95220996315615,-3.827739953994751,4.960821151733398,-0.46752578020095825,93.90482870115565,7.782353062250596,1.047381262000506,1,215,1788717814.7323766
1788717863.657336,48.908000,r2_medium_r132,-0.13100450485944748,0.2422739788889885,4.519633516669273,94.89030366027274,-3.8208019733428955,4.963958740234375,-0.4493638575077057,93.76019341934416,7.7845903712736115,1.1301102409285777,1,214,1788717814.7493193
1788717863.710390,48.940000,r2_medium_r132,-0.12238708883523941,0.22859515994787216,4.530197843909264,94.79861955437669,-3.814614772796631,4.964758396148682,-0.4332866966724396,93.58906511434213,7.7910183066621395,1.2095544400345553,1,212,1788717814.7703671
1788717863.760019,48.976000,r2_medium_r132,-0.11529650539159775,0.21727850288152695,4.538193926215172,94.71526864397843,-3.8068108558654785,4.962852954864502,-0.4157330393791199,93.38637160460358,7.790323963707182,1.3288970393748558,1,212,1788717814.784002
1788717863.809690,49.008000,r2_medium_r132,-0.10989131778478622,0.20861337333917618,4.54397414624691,94.64826596671502,-3.80142879486084,4.961383819580078,-0.4001002907752991,93.1817860671855,7.788462486147985,1.4664798995295194,1,212,1788717814.8016522
1788717863.857500,49.040000,r2_medium_r132,-0.10080250352621078,0.19394507259130478,4.553292974829674,94.53084279134015,-3.7968080043792725,4.959473609924316,-0.3843380808830261,92.95884206764345,7.794287609833879,1.5720007236967064,1,212,1788717814.8174806
1788717863.904927,49.072000,r2_medium_r132,-0.09342938661575317,0.18202487379312515,4.560433134436607,94.43335337142499,-3.7930386066436768,4.959257125854492,-0.36810582876205444,92.71761850263434,7.797406792185353,1.7157348687906573,1,211,1788717814.8329058
1788717863.955441,49.108000,r2_medium_r132,-0.08603183180093765,0.17001425474882126,4.567344889044762,94.33316248900191,-3.7874438762664795,4.95875358581543,-0.34990057349205017,92.46141447457096,7.798190715971091,1.871748014430942,1,210,1788717814.8474224
1788717864.004165,49.140000,r2_medium_r132,-0.07677789777517319,0.15496987849473953,4.575729116797447,94.2074727450102,-3.7808096408843994,4.956761837005615,-0.3335968255996704,92.24220148543675,7.802470017595315,1.9652712595734463,1,210,1788717814.8641465
1788717864.053235,49.172000,r2_medium_r132,-0.06941763311624527,0.1429499387741089,4.582259401679039,94.10738740343399,-3.7747597694396973,4.954249858856201,-0.31898292899131775,92.01008218404264,7.803867224149254,2.097305219391343,1,209,1788717814.8812168
1788717864.098411,49.204000,r2_medium_r132,-0.06390310823917389,0.13393206894397736,4.587030157446861,94.03442770050498,-3.768805503845215,4.953395843505859,-0.3029091954231262,91.78170598077385,7.801604944498805,2.252721719731137,1,206,1788717814.8943954
1788717864.150972,49.240000,r2_medium_r132,-0.054711274802684784,0.11895215511322021,4.594754442572594,93.91516184568134,-3.7628517150878906,4.953726768493652,-0.2846619188785553,91.52685819264872,7.8060268456791535,2.3883036530326183,1,204,1788717814.9109535
1788717864.197571,49.272000,r2_medium_r132,-0.04737159237265587,0.10703621059656143,4.600754484534264,93.82508488205224,-3.7548255920410156,4.953664302825928,-0.267627477645874,91.33568510303235,7.8061617939756225,2.4893997790198994,1,202,1788717814.9255538
1788717864.243582,49.304000,r2_medium_r132,-0.04009605199098587,0.095206119120121,4.606639608740807,93.74055017793495,-3.749098539352417,4.952037334442139,-0.25286298990249634,91.13535187335138,7.807706091522698,2.6051983045835647,1,202,1788717814.9395607
1788717864.290547,49.336000,r2_medium_r132,-0.031133200973272324,0.08060962706804276,4.613852247595787,93.64397842409684,-3.7445485591888428,4.952260494232178,-0.2383696436882019,90.93967078498466,7.814505299532908,2.704307639112189,1,202,1788717814.9545295
1788717864.338692,49.372000,r2_medium_r132,-0.024091511964797974,0.06908465921878815,4.6194798797369,93.57258926285662,-3.7399392127990723,4.950530529022217,-0.22227832674980164,90.7325354380256,7.815283772563709,2.840053824831026,1,200,1788717814.9666634
1788717864.385900,49.404000,r2_medium_r132,-0.018900468945503235,0.06053568609058857,4.623607382178307,93.52403039178508,-3.733797073364258,4.95094108581543,-0.20644545555114746,90.58038182040562,7.813189628470451,2.9436485713794656,1,199,1788717814.9818811
1788717864.434336,49.436000,r2_medium_r132,-0.01217922568321228,0.049389922991395,4.629077181220055,93.4656516663324,-3.7284305095672607,4.951566696166992,-0.19022050499916077,90.43524046427949,7.81456914415824,3.0304112020529157,1,197,1788717814.9983208
1788717864.487315,49.468000,r2_medium_r132,-0.004116622731089592,0.035800782759906724,4.635777696967125,93.40180810475077,-3.7234182357788086,4.950003147125244,-0.176756352186203,90.30052687471512,7.819403643566008,3.1012812300356525,1,197,1788717815.0192964
1788717864.533497,49.504000,r2_medium_r132,0.002033587545156479,0.025222109630703926,4.640999540686607,93.35873115446101,-3.7156662940979004,4.947706699371338,-0.16193479299545288,90.1836447302397,7.81794891003163,3.1750864242213046,1,195,1788717815.0294745
1788717864.589025,49.536000,r2_medium_r132,0.007917337119579315,0.014920370653271675,4.646116003394127,93.32223424114399,-3.710625410079956,4.946511268615723,-0.15020984411239624,90.08032388149797,7.820031367141409,3.2419103596460266,1,195,1788717815.0530024
1788717864.638490,49.568000,r2_medium_r132,0.01217426877701655,0.00737689808011055,4.6498753875494,93.30005810873088,-3.7049574851989746,4.945553302764893,-0.139244943857193,89.99808887752306,7.819100218624529,3.3019692312078246,1,194,1788717815.0704715
1788717864.686173,49.600000,r2_medium_r132,0.018926233053207397,-0.004835478961467743,4.656046137213707,93.2709486092321,-3.7003018856048584,4.945901393890381,-0.12974347174167633,89.92412960022011,7.825997416560846,3.3468190090119743,1,193,1788717815.08615
1788717864.732615,49.636000,r2_medium_r132,0.02399795688688755,-0.014287099242210388,4.660872682929039,93.25565856508348,-3.6929445266723633,4.9466328620910645,-0.11758126318454742,89.87273123479281,7.826877436370846,3.38292733029067,1,192,1788717815.0965943
1788717864.779990,49.668000,r2_medium_r132,0.028754089027643204,-0.023432478308677673,4.665611490607262,93.2467701705144,-3.6875932216644287,4.945967674255371,-0.10660940408706665,89.83406358776213,7.828171400636864,3.4127065827522634,1,191,1788717815.1119726
1788717864.828837,49.700000,r2_medium_r132,0.03430061787366867,-0.03440180420875549,4.671457037329674,93.24476434142296,-3.6832683086395264,4.946378231048584,-0.09727291762828827,89.80173110008883,7.8338543429341305,3.4430332413341382,1,191,1788717815.128822
1788717864.876598,49.732000,r2_medium_r132,0.03842121362686157,-0.042839035391807556,4.676021799445152,93.25026450436937,-3.6787302494049072,4.947082042694092,-0.08867622911930084,89.78884818674003,7.837019501573997,3.4614163176293524,1,191,1788717815.1445642
1788717864.928002,49.768000,r2_medium_r132,0.041346900165081024,-0.04896164685487747,4.679362043738365,93.25708176323454,-3.6736631393432617,4.9473490715026855,-0.08061892539262772,89.78702382994551,7.837208636658314,3.470057933289024,1,191,1788717815.1599832
1788717864.973344,49.800000,r2_medium_r132,0.04592316597700119,-0.05878179520368576,4.684833750128746,93.27456011907735,-3.6702423095703125,4.94725227355957,-0.07496797293424606,89.79112826022535,7.843849525720239,3.4834318588520037,1,191,1788717815.1733232
1788717865.021842,49.832000,r2_medium_r132,0.04930828511714935,-0.06630707532167435,4.689087137579918,93.29613696044892,-3.6668684482574463,4.94744348526001,-0.06903044879436493,89.80985593759982,7.8477606463992045,3.4862810228490932,1,190,1788717815.1898205
1788717865.071408,49.864000,r2_medium_r132,0.05245659127831459,-0.07355284690856934,4.693235144019127,93.32082246635402,-3.663797378540039,4.947425365447998,-0.06332062184810638,89.83905439149052,7.851470469342341,3.481768074863495,1,190,1788717815.2073889
1788717865.119981,49.900000,r2_medium_r132,0.05606740713119507,-0.08221464604139328,4.698305830359459,93.35630830362533,-3.6613006591796875,4.946878910064697,-0.05805761739611626,89.87699380083667,7.857073283586009,3.4793145027886587,1,190,1788717815.2199621
1788717865.165264,49.932000,r2_medium_r132,0.058727048337459564,-0.08887109160423279,4.702248796820641,93.38912908948826,-3.659188985824585,4.9469475746154785,-0.053522054105997086,89.91852656455507,7.861280154189238,3.4706025249331987,1,189,1788717815.233239
1788717865.211978,49.964000,r2_medium_r132,0.060601506382226944,-0.0936504378914833,4.705168470740318,93.4152793066611,-3.6573119163513184,4.947576522827148,-0.049108099192380905,89.96446700480142,7.863840994821151,3.450812301859683,1,188,1788717815.2479622
1788717865.260810,49.996000,r2_medium_r132,0.06350861489772797,-0.10123486071825027,4.709943518042564,93.46150161980401,-3.6562576293945312,4.948072910308838,-0.04424409940838814,90.00776917035725,7.869845600814202,3.453732449446765,1,188,1788717815.264791
1788717865.306190,50.032000,r2_medium_r132,0.06562364473938942,-0.10696177929639816,4.713660463690758,93.50032962019539,-3.654073715209961,4.948764324188232,-0.038511697202920914,90.0709430187471,7.872715867465494,3.4293866014482894,1,186,1788717815.2741716
1788717865.355334,50.064000,r2_medium_r132,0.06754963472485542,-0.1123785451054573,4.717292532324791,93.54129878688394,-3.65160870552063,4.950066089630127,-0.03301733732223511,90.13755528059943,7.875654150433893,3.403743506284507,1,186,1788717815.2913167
1788717865.403959,50.096000,r2_medium_r132,0.0692984014749527,-0.11747666448354721,4.720833048224449,93.582789198966,-3.649311065673828,4.951328754425049,-0.028620589524507523,90.20726373600024,7.878969133145051,3.375525462965759,1,186,1788717815.3079405
1788717865.451455,50.128000,r2_medium_r132,0.07128029316663742,-0.12337145954370499,4.7251555770635605,93.63322620106065,-3.6477222442626953,4.952432632446289,-0.024844564497470856,90.27750481274393,7.883988102381815,3.3557213883167285,1,185,1788717815.32343
1788717865.502944,50.164000,r2_medium_r132,0.07236825674772263,-0.12668605893850327,4.727685198187828,93.66434190320149,-3.647110939025879,4.9545135498046875,-0.01947765238583088,90.35258674724935,7.8859793356026,3.311755155952141,1,184,1788717815.338926
1788717865.549529,50.196000,r2_medium_r132,0.07369324564933777,-0.1307896301150322,4.731024965643883,93.70420753523823,-3.6469357013702393,4.957664489746094,-0.01331782154738903,90.41927612435896,7.889501478148382,3.284931410879263,1,183,1788717815.3535106
1788717865.599163,50.228000,r2_medium_r132,0.07486847415566444,-0.1345444694161415,4.734335646033287,93.74250458403466,-3.6467573642730713,4.959918975830078,-0.007925525307655334,90.48393713610342,7.892597651813904,3.258567447931239,1,181,1788717815.3711452
1788717865.650983,50.260000,r2_medium_r132,0.07612571865320206,-0.13882487267255783,4.738412126898766,93.78991317669954,-3.6461868286132812,4.9621148109436035,-0.0036760205402970314,90.54975065002645,7.89699919928511,3.240162526673082,1,181,1788717815.390945
1788717865.701529,50.296000,r2_medium_r132,0.07695713639259338,-0.14192689210176468,4.741618379950523,93.82488783312635,-3.6456305980682373,4.964085578918457,0.002380318008363247,90.62908679971629,7.8986961077594025,3.195801033410064,1,179,1788717815.4055102
1788717865.750204,50.328000,r2_medium_r132,0.07747436314821243,-0.14405622333288193,4.743985876441002,93.85089036017423,-3.6461942195892334,4.9672112464904785,0.007440715096890926,90.68513024758512,7.900988731012892,3.1657601125891133,1,178,1788717815.4221842
1788717865.796855,50.360000,r2_medium_r132,0.07815021276473999,-0.1471978947520256,4.747872576117516,93.89161945818745,-3.648153305053711,4.971368312835693,0.01300949789583683,90.72757441269272,7.90594626201519,3.1640450454947397,1,176,1788717815.4368334
1788717865.846058,50.392000,r2_medium_r132,0.07849918305873871,-0.14943339675664902,4.750928148627281,93.9219405655561,-3.651428461074829,4.974966049194336,0.017586486414074898,90.7620705231345,7.910521677068955,3.159870042421604,1,174,1788717815.4540431
1788717865.893044,50.428000,r2_medium_r132,0.07864668220281601,-0.15141413360834122,4.753950342535973,93.95014781098195,-3.6538519859313965,4.97854471206665,0.022337812930345535,90.81137604878886,7.914302318983254,3.1387717621930813,1,171,1788717815.4650269
1788717865.940726,50.460000,r2_medium_r132,0.07854890078306198,-0.15350230783224106,4.757674917578697,93.98304765344788,-3.6550657749176025,4.982751369476318,0.028278041630983353,90.86306406296583,7.917586450080421,3.1199835904820437,1,171,1788717815.4807072
1788717865.987812,50.492000,r2_medium_r132,0.07826846837997437,-0.15483086556196213,4.7606265395879745,94.00647138553974,-3.6577916145324707,4.9881367683410645,0.03508254140615463,90.90095094528833,7.9207971256217675,3.105520440251405,1,170,1788717815.4957933
1788717866.035105,50.524000,r2_medium_r132,0.07791566103696823,-0.1556594893336296,4.762806162238121,94.02330441656271,-3.6616742610931396,4.99310827255249,0.041171178221702576,90.92573785998908,7.9238992405142685,3.097566556573627,1,169,1788717815.5110853
1788717866.093168,50.560000,r2_medium_r132,0.07710527628660202,-0.156684972345829,4.766394838690758,94.05094981384171,-3.6647019386291504,4.997398853302002,0.045804932713508606,90.95848805756381,7.927778401028529,3.0924617562778995,1,167,1788717815.533149
1788717866.151550,50.592000,r2_medium_r132,0.07629331946372986,-0.15721160918474197,4.769216284155846,94.07017692711683,-3.6675608158111572,5.003349304199219,0.050302766263484955,90.98953921779696,7.931959248275827,3.080637709319887,1,166,1788717815.559522
1788717866.191126,50.624000,r2_medium_r132,0.07536306977272034,-0.15744946151971817,4.772011503577232,94.08674573925411,-3.603592872619629,4.6634745597839355,0.6696178317070007,91.23650030494375,7.3215885628903985,2.850245434310368,1,392,1788717815.5671058
1788717866.246845,50.656000,r2_medium_r132,0.07402689009904861,-0.15732520073652267,4.775485262274742,94.10231814319182,-3.6668701171875,4.662855625152588,0.639419674873352,90.80047916539674,7.371261232426951,3.3018389777950774,1,157,1788717815.5908225
1788717866.291387,50.692000,r2_medium_r132,0.07281270623207092,-0.15689156204462051,4.7782256454229355,94.11148225306052,-3.768345832824707,4.712221145629883,0.6420406699180603,90.4618605308218,7.45458138555066,3.6496217222387077,1,395,1788717815.599369
1788717866.340831,50.724000,r2_medium_r132,0.07179993018507957,-0.15638799220323563,4.780076250433922,94.11583100610973,-3.7686004638671875,4.712940216064453,0.6419890522956848,90.48850344841077,7.45538718282718,3.6273275576989596,1,289,1788717815.6168141
1788717866.388558,50.756000,r2_medium_r132,0.07035862654447556,-0.15551630407571793,4.78123115003109,94.11937412839985,-3.7686004638671875,4.712940216064453,0.6419890522956848,90.4884872675274,7.4547166901240915,3.630886860872461,1,266,1788717815.6325352
1788717866.438272,50.788000,r2_medium_r132,0.06831657141447067,-0.15417449921369553,4.7797868102788925,94.12069500979663,-3.7686004638671875,4.712940216064453,0.6419890522956848,90.4885057405016,7.451986867492625,3.6321892692950404,1,256,1788717815.6502552
1788717866.488243,50.824000,r2_medium_r132,0.06647239625453949,-0.1529185101389885,4.776353105902672,94.11834525194816,-3.7686004638671875,4.712940216064453,0.6419890522956848,90.48850957438222,7.44831062144766,3.6298356775659295,1,255,1788717815.6642132
1788717866.537721,50.856000,r2_medium_r132,0.06443862989544868,-0.1519642248749733,4.771305784583092,94.11276804915134,-3.7686004638671875,4.712940216064453,0.6419890522956848,90.48851732957249,7.443839102864435,3.624250719578846,1,254,1788717815.6816983
1788717866.587127,50.888000,r2_medium_r132,0.06276077032089233,-0.1520708128809929,4.766779646277428,94.10810411420896,-3.7686004638671875,4.712940216064453,0.6419890522956848,90.48851586027062,7.440534837147146,3.619588253938326,1,254,1788717815.6990955
1788717866.639228,50.920000,r2_medium_r132,0.05964874103665352,-0.15412727743387222,4.758362516760826,94.0976511219766,-3.765662431716919,4.7164740562438965,0.615350604057312,90.38568439101066,7.4511952483356785,3.71196673096594,1,251,1788717815.719205
1788717866.686753,50.956000,r2_medium_r132,0.05693504214286804,-0.15670687705278397,4.750956282019615,94.0879264877621,-3.765662431716919,4.7164740562438965,0.615350604057312,90.38568461293835,7.447373911614722,3.7022418748237453,1,251,1788717815.7307355
1788717866.730991,50.988000,r2_medium_r132,0.05406191572546959,-0.1599959209561348,4.74321149289608,94.07501208554858,-3.765662431716919,4.7164740562438965,0.615350604057312,90.38572474576422,7.443755036712468,3.689287339784348,1,248,1788717815.7429721
1788717866.781358,51.020000,r2_medium_r132,0.05029388889670372,-0.16482337564229965,4.733415827155113,94.05738797863206,-3.761321544647217,4.713905334472656,0.5876278877258301,90.2677258736774,7.451037758517095,3.7896621049546457,1,248,1788717815.7613378
1788717866.828405,51.052000,r2_medium_r132,0.04711617901921272,-0.16897473484277725,4.725814566016197,94.0412000751275,-3.761321544647217,4.713905334472656,0.5876278877258301,90.26773460357016,7.447906058130922,3.773465471557338,1,248,1788717815.776377
1788717866.876750,51.088000,r2_medium_r132,0.04464926943182945,-0.17190615087747574,4.7206342071294785,94.02888032432703,-3.758918285369873,4.710231304168701,0.5679535269737244,90.11281616427979,7.452995981834675,3.9160641600472488,1,247,1788717815.7887301
1788717866.924668,51.120000,r2_medium_r132,0.04037009924650192,-0.1770745888352394,4.713399633765221,94.00838655056495,-3.7582199573516846,4.7098774909973145,0.5610716342926025,89.98597266325679,7.4534163216521465,4.022413887308172,1,244,1788717815.8046517
1788717866.971390,51.152000,r2_medium_r132,0.0368585716933012,-0.18102305382490158,4.708707556128502,93.9929106337412,-3.7569034099578857,4.7094292640686035,0.5556266903877258,89.85771123326435,7.453672552802011,4.1351994004768535,1,243,1788717815.819372
1788717867.019711,51.184000,r2_medium_r132,0.0333727914839983,-0.18474873155355453,4.704908117651939,93.97889486461611,-3.759579658508301,4.708464622497559,0.5490885376930237,89.70326595749823,7.456598527300275,4.275628907117874,1,243,1788717815.8356886
1788717867.073103,51.220000,r2_medium_r132,0.029101410880684853,-0.18891572207212448,4.701210245490074,93.96254570927589,-3.761244773864746,4.707737445831299,0.5420911908149719,89.54500059042812,7.459370466595314,4.417545118847779,1,242,1788717815.853071
1788717867.122703,51.252000,r2_medium_r132,0.02581265103071928,-0.19169829040765762,4.698949560523033,93.95203296802329,-3.761988401412964,4.7077155113220215,0.537926197052002,89.41820959528224,7.460952207649136,4.533823372741049,1,241,1788717815.8706822
1788717867.168661,51.284000,r2_medium_r132,0.023432577028870583,-0.1934312805533409,4.697584375739098,93.94385112131518,-3.764678955078125,4.707911014556885,0.5337018370628357,89.28207778880927,7.463970998698445,4.661773332505902,1,241,1788717815.884634
1788717867.218565,51.316000,r2_medium_r132,0.019638908095657825,-0.19560379534959793,4.695838674902916,93.93356664774541,-3.7656259536743164,4.708485126495361,0.5296226739883423,89.16616493348377,7.4656328595363926,4.767401714261629,1,241,1788717815.9025428
1788717867.271379,51.352000,r2_medium_r132,0.016746403416618705,-0.19640906900167465,4.6947553008794785,93.92747523020569,-3.766740083694458,4.710134983062744,0.5250253081321716,89.04312067803099,7.468305881886287,4.884354552174704,1,239,1788717815.9193614
1788717867.322283,51.384000,r2_medium_r132,0.013982244650833309,-0.19644802063703537,4.693950399756432,93.92419746664346,-3.7673704624176025,4.71187686920166,0.5215527415275574,88.94163248471509,7.469885122132577,4.982564981928379,1,239,1788717815.9382584
1788717867.370249,51.416000,r2_medium_r132,0.011361624696291983,-0.19565201550722122,4.693356737494469,93.92366334191357,-3.7696170806884766,4.714259147644043,0.5149819850921631,88.83756849623148,7.474078081751856,5.086094845682075,1,239,1788717815.9542246
1788717867.417376,51.448000,r2_medium_r132,0.008332205470651388,-0.19342996925115585,4.6928937286138535,93.92777652217242,-3.771707534790039,4.7180023193359375,0.5072289705276489,88.72995780279383,7.478680166340236,5.1978187193785885,1,238,1788717815.969358
1788717867.466146,51.484000,r2_medium_r132,0.006650727707892656,-0.191333569586277,4.692697748541832,93.93106258790135,-3.771724224090576,4.724026679992676,0.4983823001384735,88.6219134440723,7.485263237871733,5.309149143829041,1,238,1788717815.9821286
1788717867.517153,51.516000,r2_medium_r132,0.00457354262471199,-0.18771179765462875,4.692569002509117,93.93880483701642,-3.7721920013427734,4.728267192840576,0.4913136661052704,88.53779990002336,7.488748480938058,5.401004936993071,1,238,1788717816.0011332
1788717867.568384,51.548000,r2_medium_r132,0.002685503102838993,-0.18312067538499832,4.692570433020592,93.94868358240474,-3.772653102874756,4.732300281524658,0.48488131165504456,88.47358948291105,7.491274425321066,5.475094099493697,1,238,1788717816.020366
1788717867.614735,51.580000,r2_medium_r132,0.0005736788734793663,-0.1759021058678627,4.692651018500328,93.96490207192234,-3.7698709964752197,4.737908840179443,0.47627103328704834,88.45406885578237,7.492639804706136,5.510833216139974,1,238,1788717816.0347116
1788717867.666792,51.616000,r2_medium_r132,-0.0009354837238788605,-0.1688276007771492,4.692697271704674,93.97893133116705,-3.770857572555542,4.744638442993164,0.46494922041893005,88.42712017332829,7.498554174258874,5.551811157838762,1,238,1788717816.050768
1788717867.717344,51.648000,r2_medium_r132,-0.0019617360085248947,-0.16278443485498428,4.692721590399742,93.99129786203399,-3.770857572555542,4.744638442993164,0.46494922041893005,88.42707712874483,7.494093296799955,5.564220733289163,1,238,1788717816.0693252
1788717867.770690,51.680000,r2_medium_r132,-0.0034658294171094894,-0.15146491676568985,4.692786917090416,94.01421676599516,-3.7717761993408203,4.757894992828369,0.44932931661605835,88.48758075491796,7.503926317137419,5.526636011077191,1,237,1788717816.0906596
1788717867.817223,51.712000,r2_medium_r132,-0.004460537806153297,-0.1412036493420601,4.6927716583013535,94.03337315657416,-3.772580146789551,4.766782760620117,0.4351944625377655,88.58553054956869,7.510926678237829,5.447842607005473,1,235,1788717816.105207
1788717867.864467,51.748000,r2_medium_r132,-0.005237050354480743,-0.12998119741678238,4.6927225440740585,94.05285677981563,-3.7765254974365234,4.7750372886657715,0.41805005073547363,88.72798602214301,7.5202824298833075,5.324870757672621,1,232,1788717816.1164503
1788717867.910068,51.780000,r2_medium_r132,-0.005925141274929047,-0.11473319679498672,4.692623361945152,94.07713835621313,-3.7793941497802734,4.7843804359436035,0.40171024203300476,88.90524676193195,7.526773422075997,5.171891594281178,1,230,1788717816.1300495
1788717867.960946,51.812000,r2_medium_r132,-0.006265308707952499,-0.10170141607522964,4.69253371655941,94.09692382973533,-3.7788305282592773,4.795128345489502,0.3861956000328064,89.14962195375016,7.533640423020224,4.947301875985176,1,225,1788717816.1489222
1788717868.015306,51.844000,r2_medium_r132,-0.006410019472241402,-0.09146913141012192,4.69243548810482,94.11134170790154,-3.781503200531006,4.806784152984619,0.36940065026283264,89.42119663966832,7.545385607969665,4.6901450682332175,1,224,1788717816.1712902
1788717868.065020,51.880000,r2_medium_r132,-0.006452929228544235,-0.07373739033937454,4.692249521613121,94.13527732186077,-3.778474807739258,4.821829795837402,0.3498457968235016,89.83473921156951,7.553224293995317,4.300538110291257,1,222,1788717816.1850011
1788717868.110594,51.912000,r2_medium_r132,-0.00631321594119072,-0.059119440615177155,4.692091688513756,94.15401679529175,-3.7770605087280273,4.836226463317871,0.32980310916900635,90.22696649344212,7.563895049159194,3.927050301849638,1,220,1788717816.198575
1788717868.160361,51.944000,r2_medium_r132,-0.006068196147680283,-0.044323958456516266,4.691914305090904,94.17541813473997,-3.781984329223633,4.850244522094727,0.30466464161872864,90.56009149633076,7.580389361006839,3.615326638409213,1,220,1788717816.2163424
1788717868.212229,51.976000,r2_medium_r132,-0.005648452788591385,-0.025790587067604065,4.691645368933678,94.20479183287277,-3.78555965423584,4.863965034484863,0.28184306621551514,90.84886325439494,7.592351090300602,3.355928578477836,1,219,1788717816.2361991
1788717868.259897,52.012000,r2_medium_r132,-0.005243383347988129,-0.011037580668926239,4.691347822546959,94.23154465654059,-3.782594680786133,4.879030227661133,0.2593395411968231,91.13078048816362,7.604199063693676,3.1007641683769784,1,214,1788717816.2478774
1788717868.305754,52.044000,r2_medium_r132,-0.0049186646938323975,-8.1673264503479e-05,4.691070780158043,94.25222937758222,-3.7806785106658936,4.893650531768799,0.24068167805671692,91.30166215743586,7.616491348983292,2.950567220146364,1,207,1788717816.2617414
1788717868.365184,52.076000,r2_medium_r132,-0.004431718960404396,0.014250451698899269,4.6907269805669785,94.27932107472772,-3.7810850143432617,4.906824588775635,0.22407542169094086,91.42286112050242,7.625704423115814,2.856459954225302,1,206,1788717816.2891603
1788717868.414587,52.108000,r2_medium_r132,-0.0037620123475790024,0.03180583938956261,4.69024632871151,94.31224177593063,-3.7821686267852783,4.918980598449707,0.2096504271030426,91.54147146408205,7.63128909838513,2.770770311848587,1,206,1788717816.3065677
1788717868.462391,52.144000,r2_medium_r132,-0.0031809955835342407,0.04553680121898651,4.6898138374090195,94.33712886036402,-3.784492015838623,4.930514335632324,0.19563421607017517,91.67425408361674,7.639304223061349,2.6628747767472682,1,204,1788717816.3183725
1788717868.507922,52.176000,r2_medium_r132,-0.0026185428723692894,0.058899665251374245,4.689388498663902,94.36052928080171,-3.7872190475463867,4.940977573394775,0.18310657143592834,91.79277748384362,7.646205757682835,2.567751796958093,1,204,1788717816.3318982
1788717868.555412,52.208000,r2_medium_r132,-0.002213289961218834,0.06866929307579994,4.689062342047691,94.37738906203153,-3.788066864013672,4.951723575592041,0.17005179822444916,91.92320414398083,7.654956740919674,2.4541849180507023,1,202,1788717816.347394
1788717868.601457,52.240000,r2_medium_r132,-0.0015303213149309158,0.08436628803610802,4.6885650008916855,94.40336436361177,-3.7872345447540283,4.962886810302734,0.15729188919067383,92.06785926115268,7.659239842593116,2.335505102459095,1,200,1788717816.3614335
1788717868.647405,52.276000,r2_medium_r132,-0.0009930729866027832,0.09631356969475746,4.688174471259117,94.42154259089827,-3.7846412658691406,4.975335597991943,0.14116351306438446,92.23049703296012,7.6678652996812255,2.191045557938145,1,198,1788717816.3713827
1788717868.697833,52.308000,r2_medium_r132,-0.0004447437822818756,0.10764053463935852,4.68777821958065,94.43650081696705,-3.781897783279419,4.987273693084717,0.12636499106884003,92.3596199617442,7.675721301100248,2.0768808552228486,1,192,1788717816.3898144
1788717868.744763,52.340000,r2_medium_r132,0.0003102952614426613,0.12078847736120224,4.68732713162899,94.4517885938257,-3.779390811920166,4.998080253601074,0.11240439116954803,92.47533724301168,7.6814083091175345,1.976451350814015,1,191,1788717816.4047487
1788717868.794138,52.372000,r2_medium_r132,0.0009730029851198196,0.1304238960146904,4.686934694647789,94.46198467536392,-3.7790820598602295,5.00577449798584,0.09873025119304657,92.56389768845948,7.6882689719611825,1.8980869869044499,1,189,1788717816.422119
1788717868.848121,52.408000,r2_medium_r132,0.0015211161226034164,0.13706867396831512,4.686597570776939,94.4668016772965,-3.776585817337036,5.016049861907959,0.08560722321271896,92.6608535746161,7.6972502630032675,1.8059481026804012,1,186,1788717816.4401026
1788717868.900640,52.440000,r2_medium_r132,0.0025118496268987656,0.1470550373196602,4.68608258664608,94.47094792586694,-3.774858236312866,5.02481746673584,0.07527252286672592,92.71431134984965,7.701990686064583,1.7566365760172928,1,182,1788717816.460625
1788717868.948475,52.472000,r2_medium_r132,0.003383961506187916,0.15404120832681656,4.685717806220055,94.47391500834965,-3.7755014896392822,5.032355785369873,0.06834421306848526,92.63229436395216,7.707014160114351,1.841620644397496,1,179,1788717816.4764576
1788717869.000388,52.504000,r2_medium_r132,0.004312163218855858,0.16023320704698563,4.685276731848717,94.47234886877159,-3.7745864391326904,5.037373065948486,0.06410364806652069,92.45643676881753,7.708554243203667,2.0159120999540656,1,176,1788717816.4963686
1788717869.047699,52.540000,r2_medium_r132,0.005550011061131954,0.1670999601483345,4.684342131018639,94.46897132285636,-3.773881435394287,5.040401935577393,0.06061362847685814,92.11037336079161,7.707920567013786,2.3585979620647577,1,176,1788717816.5076668
1788717869.094972,52.572000,r2_medium_r132,0.006605146918445826,0.1721249595284462,4.683252081274986,94.46152794640025,-3.771932363510132,5.0416259765625,0.06127096340060234,91.71713939538975,7.70403110888052,2.7443885510104935,1,176,1788717816.522955
1788717869.144484,52.604000,r2_medium_r132,0.007469776552170515,0.17571981996297836,4.682291254401207,94.45536337860112,-3.773005962371826,5.039717674255371,0.06433218717575073,91.29154680342269,7.69909201696692,3.1638165751784237,1,176,1788717816.5404663
1788717869.192161,52.636000,r2_medium_r132,0.009039806202054024,0.18163792043924332,4.680434927344322,94.43988905385689,-3.7721312046051025,5.038219451904297,0.06769941002130508,90.8890184880106,7.691616692055651,3.5508705658462882,1,174,1788717816.5561364
1788717869.243065,52.672000,r2_medium_r132,0.010406094370409846,0.18639235943555832,4.6787712424993515,94.42620308225283,-3.77052903175354,5.037288188934326,0.07147062569856644,90.46754290849248,7.6846522205093555,3.9586601737603453,1,174,1788717816.5710466
1788717869.288482,52.704000,r2_medium_r132,0.011828112765215337,0.1913701519370079,4.677041277289391,94.41174050713997,-3.7685484886169434,5.03647518157959,0.0745033472776413,90.12972191045611,7.6778672425187455,4.282018596683855,1,174,1788717816.5844584
1788717869.340573,52.736000,r2_medium_r132,0.013304579071700573,0.1966824308037758,4.675287947058678,94.39530585620757,-3.7663772106170654,5.036444187164307,0.07677613198757172,89.82355952608185,7.671740298197235,4.571746330125728,1,172,1788717816.6045575
1788717869.388023,52.768000,r2_medium_r132,0.015168850310146809,0.20392503589391708,4.673112139105797,94.37621185370423,-3.7652716636657715,5.036826133728027,0.07864321023225784,89.54895445305651,7.665364194840388,4.827257400647729,1,172,1788717816.6200073
1788717869.433264,52.804000,r2_medium_r132,0.016257534036412835,0.20868667215108871,4.671798452734947,94.36478428404581,-3.763631820678711,5.037363529205322,0.07987082004547119,89.27563552907125,7.660906154470047,5.089148754974566,1,172,1788717816.6292393
1788717869.480186,52.836000,r2_medium_r132,0.017661898862570524,0.21553557366132736,4.670099958777428,94.34894389153592,-3.762000560760498,5.038309097290039,0.07930335402488708,89.06661347960473,7.65639642619852,5.2823304119311985,1,172,1788717816.644162
1788717869.528569,52.868000,r2_medium_r132,0.019003870896995068,0.22297348827123642,4.668503031134605,94.3342032592394,-3.7608730792999268,5.041170597076416,0.07530231028795242,88.87808112561503,7.655062769168832,5.456122133624378,1,172,1788717816.6605535
1788717869.581825,52.900000,r2_medium_r132,0.020559906028211117,0.23325874656438828,4.666633829474449,94.31515836329268,-3.7604615688323975,5.043921947479248,0.07169267535209656,88.7078559824829,7.6519336141815,5.607302380809784,1,172,1788717816.6818073
1788717869.633659,52.936000,r2_medium_r132,0.0216913390904665,0.24238968640565872,4.665230020880699,94.3001808424502,-3.75749135017395,5.048956871032715,0.06896153092384338,88.56141706267753,7.649247932374775,5.738763779772679,1,172,1788717816.6976392
1788717869.683925,52.968000,r2_medium_r132,0.022472022101283073,0.24978706985712051,4.664239153265953,94.28843280675777,-3.7556278705596924,5.054322242736816,0.06160920858383179,88.43911328613113,7.651261296939711,5.849319520626634,1,171,1788717816.7159054
1788717869.734911,53.000000,r2_medium_r132,0.023623595014214516,0.26311222463846207,4.662760004401207,94.26936927955907,-3.7537524700164795,5.059830188751221,0.05461503565311432,88.33292675625606,7.64931848055153,5.936442523303025,1,171,1788717816.734893
1788717869.783609,53.032000,r2_medium_r132,0.02437802590429783,0.27477947622537613,4.661701425909996,94.2530429723724,-3.7532429695129395,5.065584182739258,0.05015745013952255,88.23847195489456,7.647781898134754,6.014571017477837,1,171,1788717816.7515917
1788717869.831978,53.068000,r2_medium_r132,0.025024366565048695,0.2873600795865059,4.660760626196861,94.23630414397793,-3.754324436187744,5.073066711425781,0.04248224198818207,88.12936641425634,7.649507211118147,6.106937729721584,1,171,1788717816.7639601
1788717869.886218,53.100000,r2_medium_r132,0.025718740187585354,0.30432335287332535,4.6597540229558945,94.21525456155466,-3.753030776977539,5.0807390213012695,0.03158614784479141,88.06130136449998,7.64938117963081,6.153953197054669,1,170,1788717816.7862024
1788717869.935402,53.132000,r2_medium_r132,0.026188873685896397,0.31882546097040176,4.659080728888512,94.19790110327921,-3.752671241760254,5.090525150299072,0.02009153552353382,87.99412090188663,7.653046611213476,6.2037802013925765,1,170,1788717816.8033855
1788717869.983500,53.164000,r2_medium_r132,0.026467779651284218,0.3302794173359871,4.658628687262535,94.18519595196327,-3.752671241760254,5.090525150299072,0.02009153552353382,87.99411706091458,7.645773871192607,6.191078891048688,1,170,1788717816.8194742
1788717870.042045,53.200000,r2_medium_r132,0.02684854995459318,0.3504205718636513,4.65800641477108,94.16318633226129,-3.743225574493408,5.113649368286133,0.0011916495859622955,87.96003711865326,7.654262291569767,6.20314921360803,1,170,1788717816.842019
1788717870.086381,53.232000,r2_medium_r132,0.027064180001616478,0.3675207868218422,4.657625421881676,94.1461913336477,-3.8169987201690674,5.184238910675049,-0.11192157864570618,88.10541645364562,7.7926998951175035,6.040774880002091,1,404,1788717816.8543668
1788717870.137874,53.264000,r2_medium_r132,0.02722087036818266,0.38547424226999283,4.657362207770348,94.13010514681697,-3.8169987201690674,5.184238910675049,-0.11192157864570618,88.10539555476853,7.781531625481844,6.024709592048437,1,339,1788717816.8738496
1788717870.190744,53.296000,r2_medium_r132,0.02730586938560009,0.4091104045510292,4.657213434576988,94.1084137148316,-3.8187623023986816,5.207916259765625,-0.13198955357074738,88.0541946971982,7.794693276822199,6.054219017633398,1,329,1788717816.8947277
1788717870.241851,53.332000,r2_medium_r132,0.027279467321932316,0.42899129539728165,4.65720771253109,94.09280994149,-3.8176426887512207,5.224146366119385,-0.14952000975608826,88.02647279048739,7.802664284379933,6.066337151002608,1,328,1788717816.9098322
1788717870.288923,53.364000,r2_medium_r132,0.027203816920518875,0.4445178583264351,4.657247290015221,94.08075098757195,-3.8176426887512207,5.224146366119385,-0.14952000975608826,88.0264737452781,7.793119093073966,6.05427724229385,1,327,1788717816.9249067
1788717870.340013,53.396000,r2_medium_r132,0.027080046944320202,0.4659009352326393,4.657499060034752,94.06465831405397,-3.817814826965332,5.250954627990723,-0.17027543485164642,87.98028997849104,7.809440569430701,6.084368335562931,1,325,1788717816.9439943
1788717870.389741,53.428000,r2_medium_r132,0.026691311039030552,0.49423549324274063,4.658038839697838,94.04555665232375,-3.8157262802124023,5.267642498016357,-0.18679487705230713,87.9662044803685,7.811658026420468,6.07935217195525,1,321,1788717816.9617221
1788717870.438521,53.464000,r2_medium_r132,0.026259255595505238,0.5180846527218819,4.6586062759160995,94.03144958609683,-3.815647602081299,5.285085678100586,-0.20211802423000336,87.94362898082309,7.817364504809565,6.087820605273738,1,320,1788717816.9745057
1788717870.486520,53.496000,r2_medium_r132,0.02567191142588854,0.5429938808083534,4.659285768866539,94.01876233542565,-3.8156752586364746,5.301016330718994,-0.21575576066970825,87.94132816021236,7.820534229162538,6.077434175213294,1,317,1788717816.9905007
1788717870.538000,53.528000,r2_medium_r132,0.025146691128611565,0.5623255148530006,4.6598431915044785,94.00921763596092,-3.8169453144073486,5.31760835647583,-0.22985799610614777,87.93310427475191,7.828381926487529,6.07611336120902,1,312,1788717817.0099792
1788717870.592462,53.560000,r2_medium_r132,0.02408322598785162,0.5956712141633034,4.660899862647057,93.99504197536866,-3.818960666656494,5.333824634552002,-0.2442869395017624,87.92297534732934,7.828150596399324,6.072066628039331,1,310,1788717817.0324397
1788717870.641952,53.596000,r2_medium_r132,0.023081783205270767,0.6233434453606606,4.661840662360191,93.9851552453211,-3.8187849521636963,5.353902339935303,-0.2629855275154114,87.94737346940875,7.8353072988784875,6.037781775912355,1,309,1788717817.0459325
1788717870.685075,53.628000,r2_medium_r132,0.021957176737487316,0.651905931532383,4.662867769598961,93.97615622795884,-3.81852126121521,5.3731560707092285,-0.28386610746383667,87.97482046944583,7.84280903500383,6.001335758513013,1,304,1788717817.0570588
1788717870.737384,53.660000,r2_medium_r132,0.020418907050043344,0.6886896267533302,4.664327368140221,93.96937985368388,-3.8213255405426025,5.392442226409912,-0.30515342950820923,87.97792773009449,7.847294331015083,5.991452123589383,1,301,1788717817.0773625
1788717870.788426,53.692000,r2_medium_r132,0.019070236943662167,0.7189744487404823,4.6655571311712265,93.96423691754256,-3.8196167945861816,5.413750171661377,-0.32841870188713074,88.02416659207724,7.855967912086563,5.94007032546533,1,298,1788717817.0964057
1788717870.840900,53.728000,r2_medium_r132,0.017974648624658585,0.7421700730919838,4.6665079444646835,93.96174097978697,-3.8200526237487793,5.436171531677246,-0.35283204913139343,88.06887848183486,7.871332606871338,5.892862497952103,1,293,1788717817.1128716
1788717870.893043,53.760000,r2_medium_r132,0.01600582432001829,0.7816489711403847,4.668206438422203,93.96082071116508,-3.820305347442627,5.456870079040527,-0.3744431436061859,88.11750662650628,7.874216825912086,5.843314084658801,1,291,1788717817.1330268
1788717870.940856,53.792000,r2_medium_r132,0.014288341160863638,0.8139348402619362,4.6696183532476425,93.96210070268504,-3.820962429046631,5.4783477783203125,-0.39891278743743896,88.16681437226778,7.883901600806416,5.795286330417261,1,288,1788717817.1488388
1788717870.991731,53.824000,r2_medium_r132,0.012456644850317389,0.8467265143990517,4.671081766486168,93.96641054863025,-3.823505401611328,5.500898361206055,-0.42447730898857117,88.2003749077214,7.895609076769069,5.766035640908848,1,283,1788717817.1677139
1788717871.038923,53.860000,r2_medium_r132,0.010015503969043493,0.8884152546525002,4.6729962676763535,93.97234381924133,-3.8241219520568848,5.527602195739746,-0.45104873180389404,88.25818768578301,7.904334422502248,5.71415613345831,1,280,1788717817.1789055
1788717871.089320,53.892000,r2_medium_r132,0.007947064936161041,0.9223193302750587,4.674564108252525,93.98049510620869,-3.825178623199463,5.551198959350586,-0.4750238358974457,88.30578060382467,7.9143941749226965,5.674714502384023,1,274,1788717817.1973
1788717871.134735,53.924000,r2_medium_r132,0.006379728205502033,0.9480376020073891,4.67578099668026,93.98644099929993,-3.8262267112731934,5.575020790100098,-0.5002172589302063,88.35501284876466,7.930246117549488,5.631428150535262,1,269,1788717817.21072
1788717871.186866,53.956000,r2_medium_r132,0.003724195994436741,0.991458036005497,4.677846655249596,93.99696417152987,-3.82680344581604,5.599117279052734,-0.5247572064399719,88.41042077778421,7.935398708091483,5.586543393745662,1,268,1788717817.2308395
1788717871.236212,53.992000,r2_medium_r132,0.0015564411878585815,1.0266508236527443,4.679476961493492,94.00506596587515,-3.827346086502075,5.624942302703857,-0.5541695952415466,88.47694787135276,7.949580830061983,5.5281180945223705,1,265,1788717817.2441907
1788717871.281922,54.024000,r2_medium_r132,-0.0006121424958109856,1.0622184053063393,4.681139692664146,94.01307526002866,-3.827111005783081,5.64704704284668,-0.5774391889572144,88.54014882245917,7.957097400471038,5.472926437569475,1,262,1788717817.2579038
1788717871.328870,54.056000,r2_medium_r132,-0.0027649328112602234,1.0981261506676674,4.68286107480526,94.02190838300076,-3.8284897804260254,5.66990327835083,-0.5991727113723755,88.59306510515701,7.9647471794895015,5.428843277843752,1,251,1788717817.2728522
1788717871.376918,54.088000,r2_medium_r132,-0.005386874079704285,1.143407203257084,4.685105070471764,94.0291090417079,-3.829197883605957,5.693766117095947,-0.622276246547699,88.65477299315364,7.968412221112448,5.374336048554263,1,248,1788717817.2888932
1788717871.427101,54.124000,r2_medium_r132,-0.006919771432876587,1.1708123460412025,4.6864664405584335,94.03344812588921,-3.829834461212158,5.720861911773682,-0.6502999067306519,88.72561071632505,7.987409018042699,5.3078374095641445,1,246,1788717817.3030822
1788717871.476340,54.156000,r2_medium_r132,-0.008904807269573212,1.2076066508889198,4.688354715704918,94.03588828712489,-3.8311400413513184,5.746289253234863,-0.676136314868927,88.77634474334657,7.99918033092147,5.259543543778331,1,243,1788717817.3203204
1788717871.526861,54.188000,r2_medium_r132,-0.01080809161067009,1.2446592822670937,4.690318807959557,94.03775610612439,-3.8323817253112793,5.77282190322876,-0.7033616900444031,88.8261627029966,8.012519645792972,5.211593403127795,1,243,1788717817.3388443
1788717871.580892,54.220000,r2_medium_r132,-0.013096045702695847,1.2913136258721352,4.692837938666344,94.03681504413248,-3.831920623779297,5.799999713897705,-0.729424774646759,88.88171907564507,8.019513970974975,5.155095968487416,1,240,1788717817.360873
1788717871.623979,54.256000,r2_medium_r132,-0.014854419976472855,1.328864075243473,4.694878801703453,94.03432824355512,-3.829671621322632,5.831091403961182,-0.7579495310783386,88.95157553501602,8.03468842121006,5.082752708539106,1,231,1788717817.3679616
1788717871.675666,54.288000,r2_medium_r132,-0.016148319467902184,1.35716662555933,4.696420893073082,94.03109459952321,-3.82969069480896,5.857263565063477,-0.7826492190361023,88.99794085481216,8.05072588074297,5.033153744711057,1,228,1788717817.3876455
1788717871.725268,54.320000,r2_medium_r132,-0.018226446583867073,1.4045519605278969,4.6990606635808945,94.02394323088258,-3.8302080631256104,5.883835792541504,-0.8084049820899963,89.04104184806076,8.05775187821242,4.982901382821819,1,224,1788717817.405251
1788717871.772881,54.352000,r2_medium_r132,-0.01986023783683777,1.4426586404442787,4.701181635260582,94.01712348926596,-3.8315682411193848,5.910831451416016,-0.8354952931404114,89.07860642338349,8.071460684441394,4.938517065882453,1,217,1788717817.4208634
1788717871.823763,54.388000,r2_medium_r132,-0.021458163857460022,1.4809206500649452,4.703290209174156,94.00844687406311,-3.8318183422088623,5.944787502288818,-0.8655368685722351,89.1215132266743,8.090536878662046,4.886933647388813,1,215,1788717817.4357438
1788717871.871245,54.420000,r2_medium_r132,-0.023384366184473038,1.528895951807499,4.705947145819664,93.99617193589647,-3.8300747871398926,5.974584579467773,-0.8942173719406128,89.16157597655818,8.100424801273254,4.8345959593382855,1,210,1788717817.4512217
1788717871.921114,54.452000,r2_medium_r132,-0.024858687072992325,1.5673287883400917,4.708082899451256,93.98541150798451,-3.82938289642334,6.004012107849121,-0.920242190361023,89.19524681488573,8.113976007713662,4.790164693098774,1,206,1788717817.469094
1788717871.969326,54.484000,r2_medium_r132,-0.025950491428375244,1.5961701646447182,4.709658846259117,93.9773039235193,-3.8299715518951416,6.031894207000732,-0.9457715749740601,89.2092633857682,8.132042625184619,4.768040537751105,1,202,1788717817.4853005
1788717872.017520,54.520000,r2_medium_r132,-0.027709227055311203,1.6442130580544472,4.712259039282799,93.96138169392086,-3.830139636993408,6.0631537437438965,-0.9768659472465515,89.22598864188988,8.145652639194488,4.7353930520309735,1,198,1788717817.4975052
1788717872.065685,54.552000,r2_medium_r132,-0.02904750034213066,1.6826021447777748,4.714310869574547,93.94889941679499,-3.8297982215881348,6.091373920440674,-1.0045480728149414,89.24032652585349,8.16016680086149,4.708572890941496,1,197,1788717817.5136578
1788717872.114052,54.584000,r2_medium_r132,-0.030324622988700867,1.7209459319710732,4.7163617461919785,93.93530320936186,-3.8306353092193604,6.118857383728027,-1.0326488018035889,89.23410891648196,8.175274229671944,4.70119429287989,1,194,1788717817.5300298
1788717872.159578,54.616000,r2_medium_r132,-0.03181648626923561,1.7688066735863686,4.718968614935875,93.91909189659088,-3.8301544189453125,6.147934436798096,-1.0596120357513428,89.2336368933784,8.18511608676593,4.685455003212482,1,186,1788717817.543552
1788717872.207441,54.652000,r2_medium_r132,-0.03292493149638176,1.8070229068398476,4.7210662215948105,93.9036868124196,-3.8307695388793945,6.178005218505859,-1.0900121927261353,89.21996409649789,8.203520120540464,4.683722715921713,1,177,1788717817.555419
1788717872.254196,54.684000,r2_medium_r132,-0.03369691222906113,1.8356454148888588,4.722647413611412,93.89105807639157,-3.8341598510742188,6.204576015472412,-1.1199314594268799,89.1831831689098,8.225983286508935,4.707874907481767,1,172,1788717817.5701778
1788717872.310948,54.716000,r2_medium_r132,-0.03461068868637085,1.8737361207604408,4.724859461188316,93.87309503312063,-3.8313300609588623,6.236093044281006,-1.1484333276748657,89.19015603018703,8.242621191325565,4.6829390029335975,1,170,1788717817.5949259
1788717872.363167,54.748000,r2_medium_r132,-0.035660192370414734,1.921202041208744,4.727646574378014,93.84877002385953,-3.8963398933410645,6.245491981506348,-1.2157864570617676,88.46035137195989,8.302332650554021,5.3884186518996415,1,389,1788717817.6151352
1788717872.412087,54.784000,r2_medium_r132,-0.03648771345615387,1.9590220227837563,4.729869112372398,93.82682482065522,-3.8010261058807373,6.216632843017578,-1.2649857997894287,88.27607044221146,8.260586215425729,5.550754378443759,1,384,1788717817.628059
1788717872.459549,54.816000,r2_medium_r132,-0.03728323429822922,1.996712900698185,4.732117876410484,93.80315809838515,-3.7776317596435547,6.250114440917969,-1.2842953205108643,89.25204432970601,8.26310229329677,4.551113768679149,1,397,1788717817.6435275
1788717872.504190,54.848000,r2_medium_r132,-0.037866126745939255,2.024893380701542,4.73379348218441,93.78348012996297,-3.7754814624786377,6.2884721755981445,-1.3023080825805664,89.23462879516394,8.281448824834602,4.548851334799024,1,283,1788717817.6561673
1788717872.549474,54.880000,r2_medium_r132,-0.03877554461359978,2.071716643869877,4.736646875739098,93.74648447906382,-3.7702085971832275,6.320152282714844,-1.3237638473510742,89.21803950141309,8.28862932792651,4.528444977650733,1,231,1788717817.6694515
1788717872.601287,54.916000,r2_medium_r132,-0.03953108936548233,2.1090408340096474,4.738932833075523,93.71252819651569,-3.7650392055511475,6.35767936706543,-1.3420158624649048,89.19185640269349,8.301100959880351,4.520671793822206,1,224,1788717817.6852713
1788717872.649405,54.948000,r2_medium_r132,-0.04044313356280327,2.1462515369057655,4.7411839812994,93.67515094864612,-3.7602128982543945,6.3903679847717285,-1.3576802015304565,89.16331654051739,8.30935351552484,4.511834408128725,1,221,1788717817.7013857
1788717872.698409,54.980000,r2_medium_r132,-0.04157770052552223,2.192576266825199,4.743786558508873,93.6212522765468,-3.7553281784057617,6.4230546951293945,-1.371241807937622,89.13003563887874,8.311586025948847,4.491216637668072,1,221,1788717817.718379
1788717872.748537,55.012000,r2_medium_r132,-0.04252341017127037,2.229443646967411,4.745722517371178,93.56936157009144,-3.753108501434326,6.455855369567871,-1.3862026929855347,89.07746340028363,8.320547130678754,4.491898169807817,1,220,1788717817.7365105
1788717872.800340,55.048000,r2_medium_r132,-0.04330284520983696,2.2569273486733437,4.747109636664391,93.52615872746405,-3.7527029514312744,6.492809295654297,-1.4052261114120483,88.9989985870413,8.339878906426282,4.527160140422751,1,216,1788717817.7523198
1788717872.845478,55.080000,r2_medium_r132,-0.04459303990006447,2.302444078028202,4.749290689826012,93.44249637899529,-3.748569965362549,6.5257368087768555,-1.4219958782196045,88.94460628585678,8.345083849722133,4.497890093138514,1,213,1788717817.765459
1788717872.895524,55.112000,r2_medium_r132,-0.04567418247461319,2.338551379740238,4.750930055975914,93.3653746203254,-3.746009349822998,6.559286594390869,-1.4419496059417725,88.87826287064277,8.358160360384385,4.48711174968263,1,212,1788717817.783501
1788717872.941602,55.144000,r2_medium_r132,-0.046828292310237885,2.3743492141366005,4.752493128180504,93.27711540784283,-3.7439451217651367,6.5930562019348145,-1.4610671997070312,88.803274632001,8.371050916571585,4.47384077584182,1,209,1788717817.7975817
1788717872.987252,55.180000,r2_medium_r132,-0.04841035604476929,2.41865286976099,4.754379495978355,93.14836401475789,-3.7433242797851562,6.63076114654541,-1.481198787689209,88.69793849592087,8.383118845092973,4.45042551883702,1,206,1788717817.807232
1788717873.036906,55.212000,r2_medium_r132,-0.04981031268835068,2.453707791864872,4.755841955542564,93.0307611360684,-3.743285655975342,6.664182662963867,-1.5009729862213135,88.58599498252867,8.397475332926247,4.444766153539719,1,206,1788717817.8248792
1788717873.088902,55.244000,r2_medium_r132,-0.0509144589304924,2.479797698557377,4.756961569190025,92.93354094686558,-3.7448086738586426,6.696818828582764,-1.5193307399749756,88.45707056324437,8.41545998934366,4.476470383621202,1,205,1788717817.8448756
1788717873.138185,55.276000,r2_medium_r132,-0.052814483642578125,2.522872067987919,4.758859857916832,92.75020360820142,-3.745863437652588,6.728414058685303,-1.535881757736206,88.32082048213347,8.423120919235789,4.429383126067946,1,203,1788717817.862166
1788717873.185379,55.312000,r2_medium_r132,-0.05443146824836731,2.5569189563393593,4.760394796729088,92.58539039070301,-3.747131586074829,6.764542102813721,-1.5537775754928589,88.14595526123945,8.438536570346383,4.439435129463559,1,201,1788717817.8733625
1788717873.234438,55.344000,r2_medium_r132,-0.05608399212360382,2.5905877128243446,4.761974558234215,92.40298775761133,-3.7491018772125244,6.796541213989258,-1.5707893371582031,87.96449495218197,8.4517645795617,4.438492805429363,1,197,1788717817.8904204
1788717873.289072,55.376000,r2_medium_r132,-0.05781567841768265,2.6238680854439735,4.763622507452965,92.20098266818869,-3.750591516494751,6.830753803253174,-1.587196707725525,87.77041734774666,8.465659190923832,4.430565320442029,1,196,1788717817.9130526
1788717873.337362,55.408000,r2_medium_r132,-0.060052014887332916,2.66488728672266,4.7658002227544785,91.91793657732126,-3.752631187438965,6.863684177398682,-1.6047335863113403,87.55349826526077,8.476363447089994,4.364438312060491,1,194,1788717817.9293427
1788717873.389126,55.444000,r2_medium_r132,-0.061439186334609985,2.6891544833779335,4.7671172469854355,91.73112203439302,-3.7550432682037354,6.89973258972168,-1.6208292245864868,87.28178267748362,8.495736532337249,4.449339356909402,1,194,1788717817.9451122
1788717873.436757,55.476000,r2_medium_r132,-0.06327277421951294,2.721187688410282,4.768959268927574,91.46104112329046,-3.7608089447021484,6.930629253387451,-1.6370795965194702,86.99236320344751,8.510493873248656,4.468677919842939,1,190,1788717817.960731
1788717873.482470,55.508000,r2_medium_r132,-0.06508821994066238,2.752859450876713,4.7709085792303085,91.16472282023021,-3.764845609664917,6.961723327636719,-1.653410792350769,86.68702030290024,8.524941012346442,4.477702517329965,1,187,1788717817.9744473
1788717873.534760,55.540000,r2_medium_r132,-0.06732156872749329,2.7918554320931435,4.773442968726158,90.75579004181292,-3.7692360877990723,6.990036964416504,-1.6709598302841187,86.35477704435591,8.535761636828044,4.401012997456998,1,183,1788717817.9947398
1788717873.582415,55.576000,r2_medium_r132,-0.06911928206682205,2.822522021830082,4.775480017066002,90.39494920694239,-3.7719898223876953,7.021119594573975,-1.689455509185791,85.96501848553147,8.551892373902962,4.429930721410913,1,179,1788717818.0063891
1788717873.632734,55.608000,r2_medium_r132,-0.07045624405145645,2.8451932445168495,4.777018770575523,90.10440232743561,-3.778937339782715,7.0437798500061035,-1.7048588991165161,85.56881304593573,8.56712902004179,4.535589281499876,1,177,1788717818.0247147
1788717873.678081,55.640000,r2_medium_r132,-0.07252879440784454,2.882399655878544,4.779739126563072,89.58018571337597,-3.7864816188812256,7.068695545196533,-1.7202399969100952,85.12299750441686,8.577193448962284,4.457188208959113,1,172,1788717818.0380561
1788717873.728826,55.672000,r2_medium_r132,-0.07404525578022003,2.9115613475441933,4.781960234045982,89.12229974472044,-3.790532112121582,7.093551158905029,-1.7338740825653076,84.661930338069,8.588213445019473,4.460369406651445,1,171,1788717818.0568063
1788717873.785156,55.708000,r2_medium_r132,-0.07539209723472595,2.9401770606637,4.784250006079674,88.62605015788436,-3.7974793910980225,7.123458385467529,-1.7486732006072998,84.08876365091557,8.604235125219457,4.537286506968792,1,169,1788717818.0771365
1788717873.831479,55.740000,r2_medium_r132,-0.07681839913129807,2.975170947611332,4.787205442786217,87.94908421017749,-3.849482536315918,6.825753211975098,-1.7319095134735107,82.70515279369789,8.45924572757885,5.243931416479592,1,367,1788717818.0914602
1788717873.883944,55.772000,r2_medium_r132,-0.07772879302501678,3.0025306716561317,4.789623007178307,87.35747753892313,-3.854543685913086,6.834752082824707,-1.7439019680023193,82.11837214179619,8.46387619714921,5.239105397126949,1,291,1788717818.1119244
1788717873.931690,55.804000,r2_medium_r132,-0.0782596543431282,3.022625781595707,4.791428789496422,86.88236861580154,-3.8630332946777344,6.852055549621582,-1.7564603090286255,81.48175374147417,8.477257546128792,5.4006148743273625,1,266,1788717818.127655
1788717873.983006,55.840000,r2_medium_r132,-0.07886649668216705,3.055286265909672,4.794420942664146,86.02957316575004,-3.8666269779205322,6.869717121124268,-1.7699534893035889,80.7318245712192,8.484575646166164,5.297748594530822,1,246,1788717818.1429856
1788717874.036291,55.872000,r2_medium_r132,-0.07907535135746002,3.080615855753422,4.796802267432213,85.28761644606794,-3.866572856903076,6.892420291900635,-1.7817511558532715,80.00343538561017,8.49425426726602,5.284181060457772,1,241,1788717818.1642704
1788717874.083294,55.904000,r2_medium_r132,-0.07904060930013657,3.105246879160404,4.799126371741295,84.48904181319472,-3.8652496337890625,6.912841796875,-1.795953631401062,79.21943576474008,8.504600994895387,5.269606048454628,1,233,1788717818.1792753
1788717874.131091,55.936000,r2_medium_r132,-0.07877293974161148,3.134740926325321,4.801678881049156,83.40603261178046,-3.862441301345825,6.937229633331299,-1.811814308166504,78.37021469996797,8.515477602654746,5.035817911812476,1,228,1788717818.1950684
1788717874.179237,55.972000,r2_medium_r132,-0.07839297503232956,3.1569014564156532,4.803396448493004,82.46973669415051,-3.8607678413391113,6.959486484527588,-1.8263905048370361,77.34625482526855,8.527607376740296,5.123481868881966,1,222,1788717818.2072196
1788717874.230378,56.004000,r2_medium_r132,-0.07800068706274033,3.1727319732308388,4.804488405585289,81.72504921464797,-3.859264612197876,6.975131511688232,-1.8379840850830078,76.36989263766368,8.536898729097965,5.355156576984289,1,217,1788717818.2263587
1788717874.278498,56.036000,r2_medium_r132,-0.07734224200248718,3.192820407450199,4.805812582373619,80.67320144628103,-3.8598058223724365,6.990995407104492,-1.8492465019226074,75.3198978227372,8.545348177827377,5.35330362354382,1,206,1788717818.2424815
1788717874.330662,56.068000,r2_medium_r132,-0.0762459933757782,3.216332770884037,4.80718158185482,79.26162972066585,-3.8596317768096924,7.003786087036133,-1.8586870431900024,74.20925672858712,8.549421918157877,5.0523729920787375,1,198,1788717818.2626424
1788717874.377981,56.104000,r2_medium_r132,-0.0750502347946167,3.234009839594364,4.808103784918785,78.0501098200479,-3.859135866165161,7.023806571960449,-1.8705966472625732,72.85763484874607,8.560776997505375,5.192474971301815,1,192,1788717818.2739608
1788717874.430046,56.136000,r2_medium_r132,-0.07354184240102768,3.25060448795557,4.80892775952816,76.76167216817586,-3.8608973026275635,7.039645195007324,-1.8810468912124634,71.57109737101611,8.570685602059799,5.19057479715976,1,181,1788717818.2940288
1788717874.481076,56.168000,r2_medium_r132,-0.07216039299964905,3.2623890414834023,4.809488043189049,75.74645988172918,-3.8643648624420166,7.0541462898254395,-1.8920098543167114,70.19399735908532,8.583024632301084,5.552462522643873,1,172,1788717818.3130581
1788717874.542636,56.200000,r2_medium_r132,-0.06945302337408066,3.280691958963871,4.810369715094566,73.95442270911316,-3.8758163452148438,7.0713653564453125,-1.9050097465515137,68.71707335941291,8.599646961249405,5.23734934970025,1,159,1788717818.3426132
1788717874.589289,56.236000,r2_medium_r132,-0.06689690053462982,3.2942474856972694,4.811017259955406,72.43483581123762,-3.96934175491333,7.385886192321777,-2.020981788635254,67.83584075335443,8.868302777136016,4.598995057883184,1,377,1788717818.3532693
1788717874.640780,56.268000,r2_medium_r132,-0.06401808559894562,3.306827165186405,4.811615213751793,70.84061553099014,-3.963789463043213,7.4235005378723145,-2.0264761447906494,66.25989132835959,8.88339517760454,4.580724202630539,1,227,1788717818.3727546
1788717874.696775,56.300000,r2_medium_r132,-0.05997181683778763,3.3212910667061806,4.8123137801885605,68.75637725796402,-3.9632163047790527,7.447208404541016,-2.0419673919677734,64.53480996213456,8.901667360571656,4.221567295829464,1,158,1788717818.3967535
1788717874.742265,56.332000,r2_medium_r132,-0.05635663866996765,3.3318730369210243,4.812789186835289,67.02946236232043,-4.067178249359131,7.590966701507568,-2.1024177074432373,62.05404713712003,9.05796087578047,4.975415225200404,1,381,1788717818.4102473
1788717874.792558,56.368000,r2_medium_r132,-0.053441159427165985,3.3392957225441933,4.8130767196416855,65.70923806419322,-4.072942733764648,7.617715835571289,-2.1150434017181396,59.97397848381789,9.080755474389075,5.735259580375322,1,294,1788717818.4245315
1788717874.842484,56.400000,r2_medium_r132,-0.04829563573002815,3.3507410064339638,4.813411936163902,63.49187591685158,-4.058145999908447,7.628428936004639,-2.1287624835968018,58.14111155651492,9.086875130663804,5.350764360336659,1,231,1788717818.4424667
1788717874.894784,56.432000,r2_medium_r132,-0.04390415549278259,3.359413720667362,4.81361411511898,61.73537066377572,-4.047492027282715,7.639091491699219,-2.1361911296844482,56.27730645217797,9.090882829060382,5.4580642115977565,1,205,1788717818.4627626
1788717874.944098,56.464000,r2_medium_r132,-0.0393192395567894,3.3681946769356728,4.8140323013067245,60.03520133596855,-4.03947114944458,7.648309230804443,-2.142369031906128,54.452541807644245,9.094620135285682,5.582659528324313,1,190,1788717818.4800823
1788717874.992831,56.500000,r2_medium_r132,-0.0333930179476738,3.3795166984200478,4.815010294318199,58.048056015640974,-4.033177852630615,7.657190322875977,-2.147853136062622,52.466381822842195,9.09825464093307,5.581674192798781,1,184,1788717818.4928093
1788717875.045126,56.532000,r2_medium_r132,-0.028582673519849777,3.389022685587406,4.816278204321861,56.63002995150095,-4.027010440826416,7.66626501083374,-2.1540722846984863,50.830970278514265,9.103186939694968,5.799059672986684,1,180,1788717818.5130951
1788717875.098831,56.564000,r2_medium_r132,-0.024960890412330627,3.396417237818241,4.817608579993248,55.696324307095765,-4.0147600173950195,7.677526473999023,-2.1630473136901855,49.34477829185663,9.109113572230918,6.351546015239137,1,177,1788717818.5348096
1788717875.157499,56.596000,r2_medium_r132,-0.018869128078222275,3.4093626514077187,4.8207061141729355,54.45567324711292,-3.997967481613159,7.700845718383789,-2.182856321334839,48.02061961157199,9.126879938363514,6.435053635540936,1,170,1788717818.5614767
1788717875.202333,56.632000,r2_medium_r132,-0.013915713876485825,3.4200440421700478,4.823446497321129,53.778055848748316,-4.085136890411377,7.829806327819824,-2.016385555267334,47.12984875953782,9.09967844441889,6.64820708921049,1,395,1788717818.5702739
1788717875.250213,56.664000,r2_medium_r132,-0.008995354175567627,3.431230165064335,4.825897440314293,53.412065220611616,-4.0740437507629395,8.318775177001953,-2.276803731918335,46.39945011328889,9.532107775951161,7.0126151073227225,1,225,1788717818.5861952
1788717875.305025,56.696000,r2_medium_r132,-0.004171440377831459,3.44294486194849,4.827553018927574,53.36223819381593,-4.008828163146973,8.624350547790527,-2.4918432235717773,45.99126966455762,9.821293280582243,7.370968529258304,1,188,1788717818.6090105
1788717875.358618,56.728000,r2_medium_r132,0.0016620457172393799,3.4583874717354774,4.828016504645348,53.75211080184789,-3.9728646278381348,8.703800201416016,-2.5492451190948486,45.96916429731824,9.886111776052687,7.7829465045296535,1,174,1788717818.6306002
1788717875.416136,56.764000,r2_medium_r132,0.0050701964646577835,3.4679466262459755,4.8271853774785995,54.217647711417285,-3.964634656906128,8.739628791809082,-2.5666751861572266,46.29671332435123,9.910517822600431,7.9209343870660565,1,167,1788717818.6521125
1788717875.459391,56.796000,r2_medium_r132,0.009375686524435878,3.481481172144413,4.825159773230553,55.106174016104795,-3.9808075428009033,8.916181564331055,-2.4994077682495117,47.07914323502103,9.955240842195941,8.02703078108377,1,387,1788717818.6633668
1788717875.512960,56.828000,r2_medium_r132,0.013416961737675592,3.4954522624611855,4.822108969092369,56.29361528800547,-3.92834210395813,9.04854679107666,-2.5738961696624756,48.08460519331496,10.053617030115195,8.209010094690516,1,242,1788717818.6849415
1788717875.566613,56.860000,r2_medium_r132,0.018194399774074554,3.5132177844643593,4.816236719489098,58.189471141801675,-3.885737895965576,9.067821502685547,-2.6084582805633545,49.40486848989736,10.060835237692723,8.784602651904315,1,190,1788717818.7065957
1788717875.616194,56.896000,r2_medium_r132,0.021704887971282005,3.5277470126748085,4.810096010565758,60.0255732806584,-3.8489737510681152,9.07925033569336,-2.620710849761963,51.244999628487165,10.050782699257576,8.780573652171238,1,180,1788717818.7201731
1788717875.670127,56.928000,r2_medium_r132,0.024112049490213394,3.538861609995365,4.804738268256187,61.58349501400097,-3.8201727867126465,9.093851089477539,-2.629424571990967,53.18939854598842,10.045059041853786,8.394096468012552,1,176,1788717818.7421086
1788717875.721356,56.960000,r2_medium_r132,0.02765180543065071,3.5585840716958046,4.794923052191734,64.51715283914699,-3.7984139919281006,9.108207702636719,-2.6379361152648926,55.411699499645266,10.03416649921957,9.105453339501727,1,175,1788717818.7613378
1788717875.784708,56.992000,r2_medium_r132,0.030154366046190262,3.577778674662113,4.7873294204473495,67.15104243329701,-3.767634868621826,9.160477638244629,-2.6732287406921387,57.83445134497897,10.062288947584968,9.316591088318036,1,167,1788717818.7926853
1788717875.832576,57.028000,r2_medium_r132,0.03233891353011131,3.599983073771,4.780333265662193,70.01200076472009,-3.7590181827545166,9.290572166442871,-2.5581910610198975,60.94787903611349,10.030510064123794,9.064121728606587,1,386,1788717818.8045554
1788717875.882263,57.060000,r2_medium_r132,0.034606076776981354,3.631545402109623,4.7732536643743515,73.85737106583846,-3.7276105880737305,9.52377700805664,-2.599402904510498,63.959521531498005,10.160154153068856,9.897849534340452,1,214,1788717818.8222451
1788717875.938374,57.092000,r2_medium_r132,0.03597629256546497,3.6593183055520058,4.769725069403648,77.10218123637003,-3.780576467514038,9.789434432983398,-2.7244808673858643,67.05939864096514,10.407089954894985,10.042782595404894,1,166,1788717818.8463526
1788717875.982851,57.124000,r2_medium_r132,0.036706626415252686,3.681355096399784,4.768498167395592,79.60640597034671,-3.715853452682495,10.029195785522461,-2.7761728763580322,70.26604474694106,10.549826999537668,9.340361223405653,1,390,1788717818.8588226
1788717876.034309,57.160000,r2_medium_r132,0.03733239695429802,3.719835616648197,4.768718466162682,83.85179498170962,-3.616382122039795,10.116681098937988,-2.814781665802002,74.46726541331151,10.572546342395853,9.384529568398106,1,251,1788717818.8742914
1788717876.089029,57.192000,r2_medium_r132,0.037385812029242516,3.752137042582035,4.770654425024986,87.25164676443195,-3.5917136669158936,10.126631736755371,-2.818162202835083,78.11940754119637,10.554367979439098,9.132239223235592,1,173,1788717818.8970063
1788717876.128560,57.224000,r2_medium_r132,0.037114111706614494,3.7857283130288124,4.774039015173912,90.5992693641568,-3.537722110748291,10.25619125366211,-2.7965290546417236,81.42624007660658,10.581107956315188,9.173029287550218,1,382,1788717818.9045432
1788717876.187460,57.256000,r2_medium_r132,0.03633011318743229,3.8285091891884804,4.779390558600426,94.63360111575442,-3.4906084537506104,10.489730834960938,-2.9033968448638916,84.95007325677825,10.762731612183428,9.683527858976154,1,192,1788717818.9314375
1788717876.233394,57.292000,r2_medium_r132,0.035136252641677856,3.861535169184208,4.783452734351158,97.69101976888129,-3.4220077991485596,10.535760879516602,-2.9456639289855957,89.00505008314185,10.781297613124332,8.685969685739442,1,376,1788717818.9413767
1788717876.281684,57.324000,r2_medium_r132,0.0341312550008297,3.8865583911538124,4.786751016974449,99.85771417131302,-3.3978960514068604,10.55174446105957,-2.960904121398926,92.3932504711479,10.780986825034022,7.464463700165125,1,227,1788717818.957651
1788717876.338647,57.356000,r2_medium_r132,0.03293195553123951,3.9215298667550087,4.7920148223638535,102.55489483074062,-3.3864505290985107,10.57597541809082,-2.980344295501709,95.51638273732306,10.788113293294321,7.038512093417574,1,194,1788717818.9826233
1788717876.387916,57.388000,r2_medium_r132,0.03213823586702347,3.9694393649697304,4.800739511847496,105.58231726453971,-3.3811278343200684,10.597404479980469,-2.9953231811523438,98.36147845429244,10.786978276833308,7.220838810247274,1,183,1788717818.9998977
1788717876.445850,57.424000,r2_medium_r132,0.031723640859127045,4.008136130869389,4.8080789893865585,107.70575530716222,-3.389615535736084,10.616304397583008,-3.0016424655914307,101.1507925971082,10.787270220349985,6.554962710054024,1,177,1788717819.021829
1788717876.492905,57.456000,r2_medium_r132,0.03146798349916935,4.0464306846261024,4.815308317542076,109.54794176220275,-3.4180526733398438,10.582980155944824,-2.9981229305267334,102.37655375196657,10.755248933486115,7.171388010236174,1,385,1788717819.0368874
1788717876.547865,57.488000,r2_medium_r132,0.031676504760980606,4.076336957514286,4.821143373847008,110.74317036413873,-3.445431709289551,10.577999114990234,-2.9950125217437744,104.01266155925529,10.744960927167256,6.730508804883444,1,298,1788717819.0598462
1788717876.603548,57.520000,r2_medium_r132,0.033068735152482986,4.129467107355595,4.831922754645348,112.37796044905453,-3.4526946544647217,10.592116355895996,-3.007005453109741,105.54091142922643,10.740818272570943,6.8370490198280915,1,248,1788717819.0835319
1788717876.653501,57.556000,r2_medium_r132,0.03489900566637516,4.173364259302616,4.8406903594732285,113.36154876472197,-3.4575300216674805,10.608325004577637,-3.019641399383545,106.89053314798684,10.742001473817018,6.471015616735122,1,236,1788717819.0974798
1788717876.709367,57.588000,r2_medium_r132,0.03719899617135525,4.217658616602421,4.849166139960289,114.05977161708176,-3.464036464691162,10.627098083496094,-3.0347650051116943,107.75978563979864,10.74690347646295,6.299985977283128,1,233,1788717819.1213398
1788717876.758666,57.620000,r2_medium_r132,0.04112008959054947,4.275257207453251,4.860362276434898,114.53797410556366,-3.4707536697387695,10.647170066833496,-3.0505428314208984,108.3235118825193,10.747881205823784,6.214462223044366,1,230,1788717819.1386433
1788717876.815894,57.652000,r2_medium_r132,0.04485616460442543,4.321569539606571,4.869239076972008,114.61494095339901,-3.4777586460113525,10.666074752807617,-3.067061185836792,108.57848024405594,10.753902703937948,6.036460709343071,1,219,1788717819.1638782
1788717876.867771,57.688000,r2_medium_r132,0.04781235381960869,4.355715371668339,4.875540480017662,114.50007674706681,-3.482489585876465,10.685861587524414,-3.082336902618408,108.53495063746661,10.763902421362317,5.965126109600197,1,211,1788717819.1797557
1788717876.918025,57.720000,r2_medium_r132,0.053390927612781525,4.413097001612186,4.886348947882652,113.99855130949457,-3.4856698513031006,10.704621315002441,-3.096666097640991,108.205651810209,10.762748654497988,5.792899499285569,1,210,1788717819.1980066
1788717876.969053,57.752000,r2_medium_r132,0.058197956532239914,4.4585190787911415,4.894688352942467,113.33768570201381,-3.491285800933838,10.721625328063965,-3.110429525375366,107.59165928899098,10.766022806958919,5.746026413022833,1,207,1788717819.2170353
1788717877.022202,57.784000,r2_medium_r132,0.06322622299194336,4.503510095179081,4.902642473578453,112.47122490226889,-3.4906461238861084,10.743061065673828,-3.128648042678833,106.79276890066548,10.773283265923656,5.678456001603411,1,205,1788717819.2381825
1788717877.072229,57.820000,r2_medium_r132,0.06966418027877808,4.55905494838953,4.9118621200323105,111.12684376924211,-3.4931559562683105,10.765055656433105,-3.147167444229126,105.61043822226152,10.777573457474675,5.516405546980595,1,200,1788717819.252211
1788717877.131284,57.852000,r2_medium_r132,0.0748065896332264,4.602595426142216,4.91840623319149,109.87251191647594,-3.491309881210327,10.788691520690918,-3.1656928062438965,104.38324780506122,10.785992251712985,5.489264111414734,1,196,1788717819.2792687
1788717877.181230,57.884000,r2_medium_r132,0.07860192656517029,4.6348143592476845,4.922837004065514,108.84078761640771,-3.481107234954834,10.818090438842773,-3.1865665912628174,103.02927888620081,10.801243403563607,5.811508730206899,1,193,1788717819.297214
1788717877.241277,57.916000,r2_medium_r132,0.08477335423231125,4.687584973871708,4.929297670722008,106.98313099492476,-3.4811556339263916,10.849349975585938,-3.2083358764648438,101.52259360342526,10.812228134535534,5.4605373914995035,1,180,1788717819.325249
1788717877.284315,57.952000,r2_medium_r132,0.08931487798690796,4.72837982326746,4.933199152350426,105.3952845044898,-3.5793447494506836,10.855000495910645,-3.1816892623901367,98.93340899101166,10.809530901576625,6.461875513478139,1,401,1788717819.3323004
1788717877.332152,57.984000,r2_medium_r132,0.09351812303066254,4.7682348266243935,4.9363019317388535,103.743162393949,-3.596233606338501,10.872182846069336,-3.198246479034424,97.09552574820106,10.818656436715358,6.6476366457479505,1,343,1788717819.3481312
1788717877.379530,58.016000,r2_medium_r132,0.09732029587030411,4.807099916040897,4.93864606320858,102.04831749226375,-3.5975046157836914,10.891594886779785,-3.213627338409424,95.29310160701657,10.822770984893571,6.755215885247178,1,291,1788717819.3635097
1788717877.431322,58.048000,r2_medium_r132,0.1014738455414772,4.854366399347782,4.940662130713463,99.9038381805348,-3.6021461486816406,10.912302017211914,-3.2310361862182617,93.43506162559527,10.825527164750033,6.4687765549395415,1,277,1788717819.3832972
1788717877.480728,58.084000,r2_medium_r132,0.10344056040048599,4.881504632532597,4.941057905554771,98.61771536405939,-3.603562593460083,10.935089111328125,-3.249727487564087,91.3500686889542,10.838667943099631,7.267646675105197,1,265,1788717819.3967125
1788717877.530526,58.116000,r2_medium_r132,0.10573393106460571,4.917282201349735,4.941582903265953,96.92172224983827,-3.6043038368225098,10.95531940460205,-3.2661759853363037,89.5150232989854,10.843872900418798,7.406698950852858,1,242,1788717819.4145074
1788717877.577358,58.148000,r2_medium_r132,0.10745322704315186,4.952190972864628,4.941826090216637,95.2607008944574,-3.604135751724243,10.976202011108398,-3.282618284225464,87.71483658526653,10.849243614394632,7.545864309190876,1,229,1788717819.4293354
1788717877.629006,58.180000,r2_medium_r132,0.10868863016366959,4.994283773005009,4.941742643713951,93.26170114155927,-3.599766254425049,10.997170448303223,-3.298229694366455,85.98899611628427,10.848245489471237,7.2727050252750045,1,220,1788717819.4489887
1788717877.676820,58.216000,r2_medium_r132,0.10884921252727509,5.026460267603397,4.94118569791317,91.74063741008679,-3.5950863361358643,11.017934799194336,-3.3139803409576416,84.1314924248534,10.851943233388173,7.609144985233385,1,206,1788717819.4607933
1788717877.726148,58.248000,r2_medium_r132,0.10848020017147064,5.0497666373848915,4.940620169043541,90.65327059522342,-3.5935332775115967,11.032395362854004,-3.3257787227630615,82.55544695075385,10.854957434012197,8.097823644469573,1,193,1788717819.4781327
1788717877.773109,58.280000,r2_medium_r132,0.10705120116472244,5.087524987757206,4.939908728003502,88.95385971606852,-3.596784830093384,11.04842472076416,-3.3419382572174072,81.05484632164426,10.855400336239141,7.899013394424258,1,184,1788717819.4930792
1788717877.831547,58.312000,r2_medium_r132,0.1050858274102211,5.116468049585819,4.9392716735601425,87.7086409502507,-3.6019487380981445,11.063691139221191,-3.3534064292907715,79.64860249306564,10.857259224374673,8.06003845718506,1,177,1788717819.5194705
1788717877.877717,58.348000,r2_medium_r132,0.10241643339395523,5.144416429102421,4.938709482550621,86.56926554384502,-3.6084985733032227,11.157218933105469,-3.418879985809326,78.08027789267302,10.944130201195376,8.48898765117199,1,365,1788717819.5297008
1788717877.924037,58.380000,r2_medium_r132,0.09814704954624176,5.178211785852909,4.938232645392418,85.31112114444639,-3.6038501262664795,11.179451942443848,-3.4432075023651123,76.94809621022786,10.952999838274753,8.363024934218524,1,243,1788717819.5440216
1788717877.968763,58.412000,r2_medium_r132,0.09400741755962372,5.204374887049198,4.938105329871178,84.46886441643919,-3.606635093688965,11.198972702026367,-3.460897207260132,75.96130315082573,10.962353833831832,8.507561265613457,1,214,1788717819.5567467
1788717878.014057,58.444000,r2_medium_r132,0.09045633673667908,5.223273374140263,4.938016638159752,83.91684641661504,-3.610079288482666,11.220500946044922,-3.48370361328125,75.22102776058358,10.98116908422152,8.695818656031472,1,210,1788717819.5700445
1788717878.062033,58.480000,r2_medium_r132,0.0837719589471817,5.253209210932255,4.9377057403326035,83.12184346677489,-3.618412733078003,11.260007858276367,-3.5133285522460938,74.53413746338029,11.009440589691275,8.587706003394594,1,197,1788717819.5820177
1788717878.109522,58.512000,r2_medium_r132,0.07779330760240555,5.27549085766077,4.937199339270592,82.59442285506086,-3.6170270442962646,11.287210464477539,-3.5375242233276367,74.0612372997991,11.027847003211797,8.53318555526176,1,189,1788717819.5975063
1788717878.155215,58.544000,r2_medium_r132,0.07129016146063805,5.2961631789803505,4.936928495764732,82.15303500167778,-3.6154379844665527,11.324431419372559,-3.568056583404541,73.65851949959043,11.057429791637164,8.494515502087346,1,176,1788717819.6111932
1788717878.206274,58.576000,r2_medium_r132,0.06260370090603828,5.3195653930306435,4.937582239508629,81.71313281386223,-3.617661714553833,11.34013557434082,-3.5809192657470703,73.25353151343633,11.061486642009513,8.459601300425904,1,159,1788717819.63025
1788717878.252787,58.612000,r2_medium_r132,0.05534866824746132,5.336072064936161,4.938706621527672,81.43970996659122,-3.6485402584075928,11.937634468078613,-3.7128102779388428,73.14506926761847,11.495571495377538,8.29464069897275,1,401,1788717819.640769
1788717878.305831,58.644000,r2_medium_r132,0.04981028288602829,5.34712228924036,4.939793810248375,81.27017274028172,-3.659217596054077,12.004131317138672,-3.7334177494049072,72.83300169904304,11.545443073471796,8.437171041238685,1,246,1788717819.6618156
1788717878.352462,58.676000,r2_medium_r132,0.04257271811366081,5.360845185816288,4.94177220761776,81.06684753430609,-3.663465738296509,12.006643295288086,-3.75667667388916,72.5358101599242,11.557005083343997,8.531037374381903,1,185,1788717819.6764476
1788717878.401584,58.708000,r2_medium_r132,0.03387449122965336,5.375764943659306,4.944615587592125,80.80987772519228,-3.6681532859802246,12.011487007141113,-3.7666120529174805,72.25964663203385,11.559554661482048,8.550231093158434,1,177,1788717819.6935697
1788717878.448366,58.744000,r2_medium_r132,0.02738808188587427,5.385779477655888,4.946925386786461,80.55878611870305,-3.6765289306640625,12.01507568359375,-3.7758514881134033,71.91085238805044,11.565180752206462,8.64793373065261,1,176,1788717819.7043476
1788717878.494104,58.776000,r2_medium_r132,0.021502246148884296,5.394252397119999,4.949298605322838,80.22683423927226,-3.6818671226501465,12.019564628601074,-3.7836368083953857,71.54635494508997,11.57038753830422,8.680479294182293,1,171,1788717819.7180884
1788717878.540327,58.808000,r2_medium_r132,0.01749135833233595,5.399276353418827,4.950777277350426,79.90179051809429,-3.701341152191162,12.022210121154785,-3.7884092330932617,71.04077018633974,11.57870233650838,8.861020331754544,1,167,1788717819.7323055
1788717878.587189,58.840000,r2_medium_r132,0.011757137137465179,5.4054161086678505,4.952979788184166,79.15946191148595,-3.7371795177459717,12.302678108215332,-3.864943027496338,70.4724048787739,11.806037096165213,8.687057032712055,1,385,1788717819.7471685
1788717878.631886,58.876000,r2_medium_r132,0.008171967696398497,5.4083386436104774,4.954614385962486,78.34081503322963,-3.763739585876465,12.477646827697754,-3.871126174926758,69.5789847360114,11.920408190062345,8.761830297218216,1,231,1788717819.7558694
1788717878.679882,58.908000,r2_medium_r132,0.0056617180816829205,5.409680463373661,4.956166014075279,77.29067185800756,-3.7722275257110596,12.477956771850586,-3.8657374382019043,68.52467224057607,11.91884883840051,8.765999617431495,1,211,1788717819.7718585
1788717878.725931,58.940000,r2_medium_r132,0.004058719612658024,5.409722901880741,4.957723364233971,75.62385542827734,-3.780916690826416,12.458419799804688,-3.8684680461883545,67.21537693287331,11.91267483102951,8.408478495404022,1,193,1788717819.7859185
1788717878.772619,58.972000,r2_medium_r132,0.004108021035790443,5.408236123621464,4.958168253302574,73.99339668545836,-3.783475160598755,12.441545486450195,-3.870774507522583,65.63032832301758,11.906446036705585,8.363068362440778,1,184,1788717819.8006034
1788717878.825377,59.008000,r2_medium_r132,0.00492546521127224,5.4062963500618935,4.957820162177086,72.5905551318691,-3.7887423038482666,12.435606002807617,-3.8776676654815674,63.49466395546664,11.910875471135176,9.09589117640246,1,169,1788717819.8173618
1788717878.874269,59.040000,r2_medium_r132,0.007888553198426962,5.401831246912479,4.9558989852666855,69.91357226454018,-3.8101556301116943,12.42237663269043,-3.8735158443450928,61.24026462685404,11.908991776504202,8.673307637686143,1,153,1788717819.8342497
1788717878.924742,59.072000,r2_medium_r132,0.011808314360678196,5.397169686853886,4.9530079215765,67.47424019793333,-3.8173606395721436,13.337724685668945,-4.063253402709961,59.17234952064639,12.609834131930272,8.301890677286929,1,385,1788717819.8527205
1788717878.973325,59.104000,r2_medium_r132,0.01716462802141905,5.39164076000452,4.94895575940609,64.78219215543031,-3.9245476722717285,13.471146583557129,-4.15673828125,56.28563947117257,12.795670133804743,8.496552684257733,1,205,1788717819.8693056
1788717879.027141,59.140000,r2_medium_r132,0.025953670032322407,5.383686639368534,4.942719683051109,61.08359077115924,-4.016607284545898,13.501758575439453,-4.203313827514648,52.67465610662859,12.880035714511603,8.408934664530644,1,156,1788717819.8871071
1788717879.073484,59.172000,r2_medium_r132,0.03472715616226196,5.376468278467655,4.937154039740562,57.88256590634342,-3.943634510040283,13.7642240524292,-4.190159797668457,50.10131548790271,13.01881969908537,7.781250418440713,1,383,1788717819.9014652
1788717879.122854,59.204000,r2_medium_r132,0.04229726828634739,5.3708020225167274,4.933122381567955,55.356241543629324,-3.9505128860473633,13.804402351379395,-4.19736385345459,46.433665746118095,13.055034520194845,8.922575797511232,1,279,1788717819.9188397
1788717879.174137,59.236000,r2_medium_r132,0.056975774466991425,5.360781766474247,4.927348837256432,50.943834973465556,-3.9563357830047607,13.83127212524414,-4.197922706604004,42.62973344250357,13.081531153673835,8.314101530961988,1,232,1788717819.9381201
1788717879.222801,59.272000,r2_medium_r132,0.07066522166132927,5.3522850051522255,4.923747286200523,47.27358110402991,-3.9610626697540283,13.846949577331543,-4.194877624511719,38.20765354864266,13.098224163852015,9.065927555387248,1,181,1788717819.9507825
1788717879.271018,59.304000,r2_medium_r132,0.08609103411436081,5.343515016138554,4.920939669013023,43.524773162635995,-3.951289176940918,13.871752738952637,-4.206067085266113,34.151317913586766,13.127586599147113,9.373455249049226,1,160,1788717819.9669936
1788717879.324324,59.336000,r2_medium_r132,0.10319071263074875,5.33462867885828,4.9187967628240585,39.750386934902565,-3.8396801948547363,14.462486267089844,-4.396953105926514,31.071937118113155,13.625241677168821,8.678449816789405,1,398,1788717819.9883096
1788717879.369407,59.368000,r2_medium_r132,0.126789890229702,5.3236924186348915,4.916857466101646,35.072567872102546,-3.795677423477173,14.639106750488281,-4.487518787384033,27.047385129417012,13.805976485505244,8.025182742685534,1,277,1788717820.001389
1788717879.417936,59.404000,r2_medium_r132,0.1421661302447319,5.3171897903084755,4.91591714322567,32.326431727495766,-3.7283387184143066,14.717350959777832,-4.546176910400391,22.568282383913218,13.887946632787667,9.75814934358255,1,216,1788717820.0139174
1788717879.465475,59.436000,r2_medium_r132,0.16392599791288376,5.308994390070438,4.91512368619442,28.763659827762144,-3.7550618648529053,14.94435977935791,-4.595523357391357,19.322851659935246,14.094365513965196,9.440808167826896,1,382,1788717820.029461
1788717879.511851,59.468000,r2_medium_r132,0.187067411839962,5.301583863794804,4.914881929755211,25.376117929958127,-3.7240099906921387,15.064995765686035,-4.616889953613281,15.762186624839199,14.194203522958333,9.613931305118928,1,272,1788717820.0438373
1788717879.561907,59.500000,r2_medium_r132,0.21790868788957596,5.293488599359989,4.915388330817223,21.4362390034219,-3.681165933609009,15.100096702575684,-4.6426801681518555,12.37588448140951,14.238294098137425,9.060354522012389,1,176,1788717820.0618887
1788717879.609630,59.536000,r2_medium_r132,0.2440323457121849,5.288179971277714,4.916469797492027,18.57832814967262,-3.739213466644287,15.302807807922363,-4.647984504699707,10.693498917470235,14.409642743901294,7.884829232202384,1,383,1788717820.0736132
1788717879.653510,59.568000,r2_medium_r132,0.26441866904497147,5.28497276455164,4.917507395148277,16.61139826272303,-3.756033182144165,15.35626220703125,-4.654550552368164,8.258553238874205,14.464411411203157,8.352845023848824,1,284,1788717820.0854952
1788717879.698440,59.600000,r2_medium_r132,0.29986900836229324,5.281301595270634,4.919318899512291,13.714063216514061,-3.6969845294952393,15.330655097961426,-4.663729667663574,5.974352153054329,14.449884562375555,7.739711063459732,1,223,1788717820.098421
1788717879.747367,59.632000,r2_medium_r132,0.3294324651360512,5.279951669275761,4.920392736792564,11.73509066633251,-3.6678836345672607,15.334683418273926,-4.669721603393555,3.877290289565125,14.45843904448549,7.857800376767385,1,183,1788717820.1153495
1788717879.797662,59.668000,r2_medium_r132,0.3600451126694679,5.28008995205164,4.920780882239342,10.070646832848892,-3.694178581237793,15.81732177734375,-4.773736476898193,3.7866586030064204,14.881318863824099,6.283988229842472,1,390,1788717820.1296413
1788717879.845751,59.700000,r2_medium_r132,0.3995959237217903,5.282477475702763,4.9200808852910995,8.427078137641022,-3.623734474182129,15.898390769958496,-4.8531646728515625,2.413870719288726,14.98002440924609,6.013207418352295,1,294,1788717820.145736
1788717879.891024,59.732000,r2_medium_r132,0.4321674183011055,5.28625974804163,4.91843818128109,7.46338797184052,-3.6226630210876465,15.891219139099121,-4.852224349975586,1.3847010303007932,14.979074066105527,6.078686941539727,1,253,1788717820.1590106
1788717879.937879,59.764000,r2_medium_r132,0.4570522680878639,5.290186025202274,4.916424974799156,6.9401675431500625,-3.612349271774292,15.876896858215332,-4.851243019104004,0.677196015340126,14.968159980224312,6.262971527809936,1,216,1788717820.1738648
1788717879.982795,59.800000,r2_medium_r132,0.49936265498399734,5.298938848078251,4.911747679114342,6.447630432309645,-3.588608980178833,15.876411437988281,-4.862896919250488,0.2447910753793633,14.971242951222742,6.202839356930282,1,191,1788717820.18278
1788717880.028242,59.832000,r2_medium_r132,0.5338687971234322,5.307901479303837,4.90688394010067,6.382856540138572,-3.5660996437072754,15.878562927246094,-4.873815536499023,0.15091578717586812,14.973667116454072,6.231940752962704,1,186,1788717820.1962254
1788717880.072884,59.864000,r2_medium_r132,0.5689548924565315,5.318648435175419,4.901193842291832,6.596528592580499,-3.5311992168426514,15.88260555267334,-4.888205051422119,0.33232355950027764,14.974671428802232,6.264205033080221,1,178,1788717820.2088618
1788717880.118014,59.896000,r2_medium_r132,0.6134947016835213,5.3345213904976845,4.89337132871151,7.23706025119459,-3.492161750793457,15.898396492004395,-4.908722877502441,0.7369299288639705,14.984422674680943,6.50013032233062,1,177,1788717820.2220006
1788717880.163977,59.932000,r2_medium_r132,0.6496512964367867,5.349145509302616,4.886831507086754,8.024594816154048,-3.4578864574432373,15.900771141052246,-4.922874927520752,1.4998722791989618,14.981288669714813,6.524722536955086,1,172,1788717820.2319648
1788717880.210212,59.964000,r2_medium_r132,0.6770683005452156,5.361182786524296,4.881999239325523,8.767197795836807,-3.403007984161377,15.9036226272583,-4.943326473236084,2.4460714393792573,14.977552725410284,6.321126356457551,1,167,1788717820.2461975
1788717880.256941,59.996000,r2_medium_r132,0.7139391377568245,5.378654100000858,4.87637685239315,9.929106242274749,-3.360769271850586,15.940258026123047,-4.970006465911865,3.503214660742259,15.003399300378573,6.425891581532489,1,163,1788717820.2609198
1788717880.302875,60.028000,r2_medium_r132,0.7604827955365181,5.402620889246464,4.8710696548223495,11.64554002511618,-3.42120623588562,17.552371978759766,-5.190448760986328,4.685211049157602,16.319838465018673,6.960328975958578,1,412,1788717820.2748587
1788717880.349451,60.064000,r2_medium_r132,0.7979540303349495,5.42335519939661,4.868562921881676,13.188992099677547,-3.047826051712036,18.035768508911133,-5.600353717803955,6.32082788179955,16.836306291410093,6.868164217877997,1,233,1788717820.2854335
1788717880.398111,60.096000,r2_medium_r132,0.8355633690953255,5.445332147181034,4.867517217993736,14.860099281497268,-2.784290075302124,18.04970359802246,-5.697479724884033,7.863332891277049,16.840210183745306,6.996766390220219,1,166,1788717820.3020892
1788717880.442703,60.128000,r2_medium_r132,0.863819845020771,5.462504960596561,4.867526277899742,16.169362121033483,-3.0683839321136475,18.170900344848633,-5.350065231323242,9.289978572583841,16.773929653981956,6.879383548449641,1,412,1788717820.3146727
1788717880.494503,60.160000,r2_medium_r132,0.9109437540173531,5.492218114435673,4.868730768561363,18.42840241550921,-3.0173094272613525,18.182514190673828,-5.348798751831055,11.155312014242432,16.75925705569618,7.2730904012667805,1,266,1788717820.3344884
1788717880.542456,60.196000,r2_medium_r132,0.9484999254345894,5.516700364649296,4.870454058051109,20.26641502229547,-2.9925973415374756,18.232845306396484,-5.350768089294434,13.18656180578547,16.784098785238495,7.079853216509998,1,225,1788717820.346435
1788717880.586833,60.228000,r2_medium_r132,0.9858378246426582,5.541594125330448,4.872627958655357,22.10245962662396,-2.9772984981536865,18.443695068359375,-5.3733744621276855,14.58267062639737,16.945536989539978,7.5197890002265915,1,380,1788717820.358812
1788717880.633244,60.260000,r2_medium_r132,1.0322071984410286,5.573027707636356,4.875826582312584,24.353748052171248,-2.9677844047546387,18.568517684936523,-5.390750408172607,16.238527801152713,17.03776087628022,8.115220251018538,1,221,1788717820.3732295
1788717880.682603,60.292000,r2_medium_r132,1.068964071571827,5.598099805414677,4.8785130828619,26.09199208728888,-2.9397807121276855,18.641931533813477,-5.408715724945068,17.97959817969651,17.08913858109281,8.112393907592368,1,157,1788717820.3905766
1788717880.726780,60.328000,r2_medium_r132,1.0962968543171883,5.616756059229374,4.880542978644371,27.345879830238204,-2.9992802143096924,19.221908569335938,-5.500654697418213,18.294128474448243,17.596681264880843,9.051751355789959,1,394,1788717820.3987656
1788717880.772894,60.360000,r2_medium_r132,1.1413691714406013,5.647440053522587,4.883926138281822,29.318643608727385,-2.9715042114257812,19.371368408203125,-5.544243335723877,19.602556302004157,17.720289374795197,9.716087306723226,1,244,1788717820.4128766
1788717880.821132,60.392000,r2_medium_r132,1.1769241765141487,5.671399213373661,4.8865630477666855,30.77804187299388,-2.9204680919647217,19.39714813232422,-5.541567802429199,21.237613379969893,17.718090185363376,9.540428493023988,1,203,1788717820.4291158
1788717880.868734,60.424000,r2_medium_r132,1.2119781449437141,5.694703198969364,4.889148458838463,32.11817077173576,-2.879340648651123,19.428258895874023,-5.545368671417236,22.73092830869877,17.72649399324086,9.387242463036996,1,176,1788717820.4447134
1788717880.917030,60.460000,r2_medium_r132,1.255058117210865,5.722846128046513,4.892374739050865,33.61233987021731,-2.824986696243286,19.464094161987305,-5.542271614074707,24.297574895307175,17.729932535824062,9.31476497491014,1,168,1788717820.4570143
1788717880.968232,60.492000,r2_medium_r132,1.2887653782963753,5.744379140436649,4.894833788275719,34.65606623894346,-2.829481601715088,20.190195083618164,-5.742711067199707,24.38328535739258,18.406491164936963,10.272780881550881,1,368,1788717820.4762185
1788717881.017040,60.524000,r2_medium_r132,1.3136064484715462,5.76007042080164,4.896692022681236,35.346593872403886,-2.7910897731781006,20.486194610595703,-5.82917594909668,24.982483291828483,18.67488978476912,10.364110580575405,1,243,1788717820.493024
1788717881.065521,60.556000,r2_medium_r132,1.3540665581822395,5.785147286951542,4.899712309241295,36.32395659838597,-2.7418079376220703,20.523849487304688,-5.853170871734619,25.92607286077669,18.698396378828576,10.39788373760928,1,215,1788717820.5095086
1788717881.111723,60.592000,r2_medium_r132,1.3854717686772346,5.804085828363895,4.902157053351402,36.93795557308334,-2.6964194774627686,20.557336807250977,-5.888031005859375,26.849757666757117,18.728278323019495,10.08819790632623,1,201,1788717820.5197074
1788717881.157230,60.624000,r2_medium_r132,1.415919966995716,5.821980096399784,4.904669985175133,37.41413097051559,-2.6562087535858154,20.590240478515625,-5.917405128479004,27.60101138333642,18.7563604357703,9.813119587179177,1,194,1788717820.5332153
1788717881.205216,60.656000,r2_medium_r132,1.4453035071492195,5.838767625391483,4.907113775610924,37.75532765445613,-2.6178596019744873,20.611186981201172,-5.949027061462402,28.266693946144283,18.77736568184195,9.488633708311854,1,189,1788717820.5492017
1788717881.254023,60.688000,r2_medium_r132,1.48045165091753,5.858239270746708,4.9096648544073105,38.022353492406715,-2.5726733207702637,20.632064819335938,-5.982770919799805,28.77677815519063,18.797310990444725,9.245575337216083,1,180,1788717820.5660105
1788717881.304822,60.724000,r2_medium_r132,1.5005526021122932,5.8689476028084755,4.910498842597008,38.116563675248294,-2.5163395404815674,20.670318603515625,-6.010713577270508,29.219779083877054,18.827875257332554,8.896784591371238,1,174,1788717820.5808063
1788717881.350813,60.756000,r2_medium_r132,1.526148147881031,5.882399179041386,4.9108621925115585,38.199126129707956,-2.47426700592041,20.705310821533203,-6.022525787353516,29.529793242566075,18.848368727349904,8.669332887141884,1,168,1788717820.5948002
1788717881.400229,60.788000,r2_medium_r132,1.550261802971363,5.894962407648563,4.910435423254967,38.26154913589053,-2.4290595054626465,20.72176742553711,-6.006937503814697,29.75709267138121,18.83767970698503,8.504456464509323,1,163,1788717820.612209
1788717881.450817,60.820000,r2_medium_r132,1.5779767706990242,5.909288980066776,4.908643469214439,38.374716479023625,-2.046095609664917,20.390457153320312,-6.340175151824951,31.77804772058842,18.69155030085013,6.596668758435205,1,385,1788717820.6308014
1788717881.497880,60.856000,r2_medium_r132,1.5979703143239021,5.919624902307987,4.906409487128258,38.54813207739447,-1.8667110204696655,20.49785041809082,-6.686412811279297,32.08063756409145,18.94524227301261,6.467494513303028,1,164,1788717820.6418374
1788717881.546190,60.888000,r2_medium_r132,1.6115604117512703,5.926789857447147,4.9044239372015,38.763563404717935,-1.8270368576049805,20.529293060302734,-6.694122314453125,32.36438074738326,18.96268246113939,6.399182657334675,1,392,1788717820.658176
1788717881.592947,60.920000,r2_medium_r132,1.6313499882817268,5.937633134424686,4.901104673743248,39.35741296382499,-1.7970188856124878,20.54686164855957,-6.7063164710998535,32.72026541423617,18.97143896881439,6.637147549588829,1,329,1788717820.672931
1788717881.640136,60.952000,r2_medium_r132,1.6443747952580452,5.945294953882694,4.898537859320641,40.11614768815208,-1.7803089618682861,20.550142288208008,-6.707416534423828,33.29673283052284,18.96650209935798,6.819414857629242,1,278,1788717820.6881223
1788717881.688227,60.988000,r2_medium_r132,1.6550280526280403,5.95208416134119,4.895513758063316,41.178173122823566,-1.761281967163086,20.555423736572266,-6.709864139556885,34.22275486442796,18.96347797866749,6.955418258395608,1,265,1788717820.7002122
1788717881.735327,61.020000,r2_medium_r132,1.665219135582447,5.9595190063118935,4.890256628394127,42.94869037190079,-1.745989203453064,20.562931060791016,-6.7105937004089355,35.359039549958624,18.959844786192257,7.589650821942167,1,255,1788717820.7153108
1788717881.785517,61.052000,r2_medium_r132,1.6709966138005257,5.964742757380009,4.884597525000572,44.709665897104905,-1.7249066829681396,20.570762634277344,-6.713410377502441,36.75837864687269,18.957366988900297,7.951287250232208,1,240,1788717820.7335005
1788717881.836756,61.084000,r2_medium_r132,1.6738830283284187,5.968184091150761,4.879444822669029,46.220503921950076,-1.7084009647369385,20.579675674438477,-6.7161760330200195,38.43574297705748,18.95768852806493,7.784760944892592,1,220,1788717820.7527423
1788717881.886040,61.120000,r2_medium_r132,1.6761016324162483,5.973065473139286,4.8693578094244,49.09748369160462,-1.693353533744812,20.583322525024414,-6.7145867347717285,40.62413272661495,18.94731143043624,8.473350964989669,1,207,1788717820.766026
1788717881.935546,61.152000,r2_medium_r132,1.6755111888051033,5.9760595336556435,4.8600456565618515,51.70198572961017,-1.6791483163833618,20.585243225097656,-6.71414852142334,42.80806149370097,18.93789743862166,8.893924235909203,1,188,1788717820.7835286
1788717881.985225,61.184000,r2_medium_r132,1.6728829815983772,5.978206731379032,4.849805578589439,54.5648840523492,-1.6684938669204712,20.58628273010254,-6.716727256774902,45.21485729482405,18.93001229423428,9.35002675752515,1,176,1788717820.8012123
1788717882.038271,61.216000,r2_medium_r132,1.6668308451771736,5.979686833918095,4.83600352704525,58.48044604284915,-1.6654046773910522,20.600797653198242,-6.725860118865967,47.78469712571966,18.93561105785023,10.695748917129496,1,163,1788717820.822247
