[INFO] [launch]: All log files can be found below /home/admin/.ros/log/2026-09-07-10-58-38-365037-T21-A15-205771
[INFO] [launch]: Default logging verbosity is set to INFO
[INFO] [component_container_mt-1]: process started with pid [205823]
[component_container_mt-1] [INFO] [1788753518.774381631] [nvblox_container]: Load Library: /workspaces/isaac_ros-dev/ros2_ws/install/nvblox_ros/lib/libnvblox_ros_lib.so
[component_container_mt-1] [INFO] [1788753518.803325740] [nvblox_container]: Found class: rclcpp_components::NodeFactoryTemplate<nvblox::NvbloxNode>
[component_container_mt-1] [INFO] [1788753518.803373552] [nvblox_container]: Instantiate class: rclcpp_components::NodeFactoryTemplate<nvblox::NvbloxNode>
[component_container_mt-1] [INFO] [1788753518.953100339] [nvblox_node]: Create nvblox cuda stream with type: kBlocking
[component_container_mt-1] WARNING: Logging before InitGoogleLogging() is written to STDERR
[component_container_mt-1] I0907 10:58:38.968801 205823 block_memory_pool_impl.h:65] Expanding the memory pool with 2048 blocks. Number of allocated blocks: 2048
[component_container_mt-1] I0907 10:58:38.975430 205823 gpu_hash_interface_impl.cuh:83] Creating a GPUHashImpl with requested capacity of 4096 blocks. Real capacity: 4096
[component_container_mt-1] I0907 10:58:38.978497 205823 layer_cake_impl.h:32] Adding Layer with type: N6nvblox15VoxelBlockLayerINS_9TsdfVoxelEEE, voxel_size: 0.05, and memory_type: kDevice to LayerCake.
[component_container_mt-1] I0907 10:58:38.984833 205823 block_memory_pool_impl.h:65] Expanding the memory pool with 2048 blocks. Number of allocated blocks: 2048
[component_container_mt-1] I0907 10:58:38.985008 205823 gpu_hash_interface_impl.cuh:83] Creating a GPUHashImpl with requested capacity of 4096 blocks. Real capacity: 4096
[component_container_mt-1] I0907 10:58:38.985059 205823 layer_cake_impl.h:32] Adding Layer with type: N6nvblox15VoxelBlockLayerINS_10ColorVoxelEEE, voxel_size: 0.05, and memory_type: kDevice to LayerCake.
[component_container_mt-1] I0907 10:58:38.991282 205823 block_memory_pool_impl.h:65] Expanding the memory pool with 2048 blocks. Number of allocated blocks: 2048
[component_container_mt-1] I0907 10:58:38.991459 205823 gpu_hash_interface_impl.cuh:83] Creating a GPUHashImpl with requested capacity of 4096 blocks. Real capacity: 4096
[component_container_mt-1] I0907 10:58:38.994086 205823 layer_cake_impl.h:32] Adding Layer with type: N6nvblox15VoxelBlockLayerINS_14FreespaceVoxelEEE, voxel_size: 0.05, and memory_type: kDevice to LayerCake.
[component_container_mt-1] I0907 10:58:38.998478 205823 block_memory_pool_impl.h:65] Expanding the memory pool with 2048 blocks. Number of allocated blocks: 2048
[component_container_mt-1] I0907 10:58:38.998648 205823 gpu_hash_interface_impl.cuh:83] Creating a GPUHashImpl with requested capacity of 4096 blocks. Real capacity: 4096
[component_container_mt-1] I0907 10:58:39.001114 205823 layer_cake_impl.h:32] Adding Layer with type: N6nvblox15VoxelBlockLayerINS_14OccupancyVoxelEEE, voxel_size: 0.05, and memory_type: kDevice to LayerCake.
[component_container_mt-1] I0907 10:58:39.007854 205823 block_memory_pool_impl.h:65] Expanding the memory pool with 2048 blocks. Number of allocated blocks: 2048
[component_container_mt-1] I0907 10:58:39.009086 205823 gpu_hash_interface_impl.cuh:83] Creating a GPUHashImpl with requested capacity of 4096 blocks. Real capacity: 4096
[component_container_mt-1] I0907 10:58:39.009145 205823 layer_cake_impl.h:32] Adding Layer with type: N6nvblox15VoxelBlockLayerINS_9EsdfVoxelEEE, voxel_size: 0.05, and memory_type: kDevice to LayerCake.
[component_container_mt-1] I0907 10:58:39.009389 205823 block_memory_pool_impl.h:65] Expanding the memory pool with 2048 blocks. Number of allocated blocks: 2048
[component_container_mt-1] I0907 10:58:39.009522 205823 gpu_hash_interface_impl.cuh:83] Creating a GPUHashImpl with requested capacity of 4096 blocks. Real capacity: 4096
[component_container_mt-1] I0907 10:58:39.009564 205823 layer_cake_impl.h:32] Adding Layer with type: N6nvblox10BlockLayerINS_9MeshBlockEEE, voxel_size: 0.05, and memory_type: kDevice to LayerCake.
[component_container_mt-1] I0907 10:58:39.009577 205823 layer_cake_streamer_impl.h:79] Adding Streamer with type: N6nvblox25LayerStreamerOldestBlocksINS_15VoxelBlockLayerINS_9TsdfVoxelEEEEE to LayerCake.
[component_container_mt-1] I0907 10:58:39.009589 205823 layer_cake_streamer_impl.h:79] Adding Streamer with type: N6nvblox25LayerStreamerOldestBlocksINS_15VoxelBlockLayerINS_10ColorVoxelEEEEE to LayerCake.
[component_container_mt-1] I0907 10:58:39.009593 205823 layer_cake_streamer_impl.h:79] Adding Streamer with type: N6nvblox25LayerStreamerOldestBlocksINS_15VoxelBlockLayerINS_14FreespaceVoxelEEEEE to LayerCake.
[component_container_mt-1] I0907 10:58:39.009598 205823 layer_cake_streamer_impl.h:79] Adding Streamer with type: N6nvblox25LayerStreamerOldestBlocksINS_15VoxelBlockLayerINS_14OccupancyVoxelEEEEE to LayerCake.
[component_container_mt-1] I0907 10:58:39.009601 205823 layer_cake_streamer_impl.h:79] Adding Streamer with type: N6nvblox25LayerStreamerOldestBlocksINS_15VoxelBlockLayerINS_9EsdfVoxelEEEEE to LayerCake.
[component_container_mt-1] I0907 10:58:39.009606 205823 layer_cake_streamer_impl.h:79] Adding Streamer with type: N6nvblox25LayerStreamerOldestBlocksINS_10BlockLayerINS_9MeshBlockEEEEE to LayerCake.
[component_container_mt-1] I0907 10:58:39.015897 205823 block_memory_pool_impl.h:65] Expanding the memory pool with 2048 blocks. Number of allocated blocks: 2048
[component_container_mt-1] I0907 10:58:39.016114 205823 gpu_hash_interface_impl.cuh:83] Creating a GPUHashImpl with requested capacity of 4096 blocks. Real capacity: 4096
[component_container_mt-1] I0907 10:58:39.016153 205823 layer_cake_impl.h:32] Adding Layer with type: N6nvblox15VoxelBlockLayerINS_9TsdfVoxelEEE, voxel_size: 0.05, and memory_type: kDevice to LayerCake.
[component_container_mt-1] I0907 10:58:39.023856 205823 block_memory_pool_impl.h:65] Expanding the memory pool with 2048 blocks. Number of allocated blocks: 2048
[component_container_mt-1] I0907 10:58:39.024194 205823 gpu_hash_interface_impl.cuh:83] Creating a GPUHashImpl with requested capacity of 4096 blocks. Real capacity: 4096
[component_container_mt-1] I0907 10:58:39.024232 205823 layer_cake_impl.h:32] Adding Layer with type: N6nvblox15VoxelBlockLayerINS_10ColorVoxelEEE, voxel_size: 0.05, and memory_type: kDevice to LayerCake.
[component_container_mt-1] I0907 10:58:39.030829 205823 block_memory_pool_impl.h:65] Expanding the memory pool with 2048 blocks. Number of allocated blocks: 2048
[component_container_mt-1] I0907 10:58:39.030995 205823 gpu_hash_interface_impl.cuh:83] Creating a GPUHashImpl with requested capacity of 4096 blocks. Real capacity: 4096
[component_container_mt-1] I0907 10:58:39.031028 205823 layer_cake_impl.h:32] Adding Layer with type: N6nvblox15VoxelBlockLayerINS_14FreespaceVoxelEEE, voxel_size: 0.05, and memory_type: kDevice to LayerCake.
[component_container_mt-1] I0907 10:58:39.035669 205823 block_memory_pool_impl.h:65] Expanding the memory pool with 2048 blocks. Number of allocated blocks: 2048
[component_container_mt-1] I0907 10:58:39.035817 205823 gpu_hash_interface_impl.cuh:83] Creating a GPUHashImpl with requested capacity of 4096 blocks. Real capacity: 4096
[component_container_mt-1] I0907 10:58:39.035851 205823 layer_cake_impl.h:32] Adding Layer with type: N6nvblox15VoxelBlockLayerINS_14OccupancyVoxelEEE, voxel_size: 0.05, and memory_type: kDevice to LayerCake.
[component_container_mt-1] I0907 10:58:39.043442 205823 block_memory_pool_impl.h:65] Expanding the memory pool with 2048 blocks. Number of allocated blocks: 2048
[component_container_mt-1] I0907 10:58:39.043629 205823 gpu_hash_interface_impl.cuh:83] Creating a GPUHashImpl with requested capacity of 4096 blocks. Real capacity: 4096
[component_container_mt-1] I0907 10:58:39.043664 205823 layer_cake_impl.h:32] Adding Layer with type: N6nvblox15VoxelBlockLayerINS_9EsdfVoxelEEE, voxel_size: 0.05, and memory_type: kDevice to LayerCake.
[component_container_mt-1] I0907 10:58:39.043896 205823 block_memory_pool_impl.h:65] Expanding the memory pool with 2048 blocks. Number of allocated blocks: 2048
[component_container_mt-1] I0907 10:58:39.044019 205823 gpu_hash_interface_impl.cuh:83] Creating a GPUHashImpl with requested capacity of 4096 blocks. Real capacity: 4096
[component_container_mt-1] I0907 10:58:39.044050 205823 layer_cake_impl.h:32] Adding Layer with type: N6nvblox10BlockLayerINS_9MeshBlockEEE, voxel_size: 0.05, and memory_type: kDevice to LayerCake.
[component_container_mt-1] I0907 10:58:39.044055 205823 layer_cake_streamer_impl.h:79] Adding Streamer with type: N6nvblox25LayerStreamerOldestBlocksINS_15VoxelBlockLayerINS_9TsdfVoxelEEEEE to LayerCake.
[component_container_mt-1] I0907 10:58:39.044059 205823 layer_cake_streamer_impl.h:79] Adding Streamer with type: N6nvblox25LayerStreamerOldestBlocksINS_15VoxelBlockLayerINS_10ColorVoxelEEEEE to LayerCake.
[component_container_mt-1] I0907 10:58:39.044061 205823 layer_cake_streamer_impl.h:79] Adding Streamer with type: N6nvblox25LayerStreamerOldestBlocksINS_15VoxelBlockLayerINS_14FreespaceVoxelEEEEE to LayerCake.
[component_container_mt-1] I0907 10:58:39.044070 205823 layer_cake_streamer_impl.h:79] Adding Streamer with type: N6nvblox25LayerStreamerOldestBlocksINS_15VoxelBlockLayerINS_14OccupancyVoxelEEEEE to LayerCake.
[component_container_mt-1] I0907 10:58:39.044071 205823 layer_cake_streamer_impl.h:79] Adding Streamer with type: N6nvblox25LayerStreamerOldestBlocksINS_15VoxelBlockLayerINS_9EsdfVoxelEEEEE to LayerCake.
[component_container_mt-1] I0907 10:58:39.044075 205823 layer_cake_streamer_impl.h:79] Adding Streamer with type: N6nvblox25LayerStreamerOldestBlocksINS_10BlockLayerINS_9MeshBlockEEEEE to LayerCake.
[component_container_mt-1] [INFO] [1788753519.046541702] [nvblox_node]: Initialize Mapper:
[component_container_mt-1] [INFO] [1788753519.046591527] [nvblox_node]: static_mapper.do_depth_preprocessing: 0
[component_container_mt-1] [INFO] [1788753519.046605534] [nvblox_node]: static_mapper.depth_preprocessing_num_dilations: 3
[component_container_mt-1] [INFO] [1788753519.046618990] [nvblox_node]: static_mapper.esdf_slice_min_height: 0
[component_container_mt-1] [INFO] [1788753519.046625322] [nvblox_node]: static_mapper.esdf_slice_max_height: 1
[component_container_mt-1] [INFO] [1788753519.046630692] [nvblox_node]: static_mapper.esdf_slice_height: 1
[component_container_mt-1] [INFO] [1788753519.046635692] [nvblox_node]: static_mapper.exclude_last_view_from_decay: 1
[component_container_mt-1] [INFO] [1788753519.046640821] [nvblox_node]: static_mapper.projective_integrator_max_integration_distance_m: 5
[component_container_mt-1] [INFO] [1788753519.046647113] [nvblox_node]: static_mapper.lidar_projective_integrator_max_integration_distance_m: 10
[component_container_mt-1] [INFO] [1788753519.046652484] [nvblox_node]: static_mapper.projective_integrator_truncation_distance_vox: 4
[component_container_mt-1] [INFO] [1788753519.046661361] [nvblox_node]: static_mapper.projective_integrator_weighting_mode: inverse_square_tsdf_distance_penalty
[component_container_mt-1] [INFO] [1788753519.046668615] [nvblox_node]: static_mapper.projective_integrator_max_weight: 5
[component_container_mt-1] [INFO] [1788753519.046673664] [nvblox_node]: static_mapper.projective_tsdf_integrator_invalid_depth_decay_factor: -1
[component_container_mt-1] [INFO] [1788753519.046679055] [nvblox_node]: static_mapper.free_region_occupancy_probability: 0.45
[component_container_mt-1] [INFO] [1788753519.046684074] [nvblox_node]: static_mapper.occupied_region_occupancy_probability: 0.55
[component_container_mt-1] [INFO] [1788753519.046689394] [nvblox_node]: static_mapper.unobserved_region_occupancy_probability: 0.5
[component_container_mt-1] [INFO] [1788753519.046694224] [nvblox_node]: static_mapper.occupied_region_half_width_m: 0.1
[component_container_mt-1] [INFO] [1788753519.046699023] [nvblox_node]: static_mapper.raycast_subsampling_factor: 4
[component_container_mt-1] [INFO] [1788753519.046703782] [nvblox_node]: static_mapper.workspace_bounds_type: unbounded
[component_container_mt-1] [INFO] [1788753519.046710905] [nvblox_node]: static_mapper.workspace_bounds_min_height_m: -0.5
[component_container_mt-1] [INFO] [1788753519.046715755] [nvblox_node]: static_mapper.workspace_bounds_max_height_m: 2
[component_container_mt-1] [INFO] [1788753519.046720494] [nvblox_node]: static_mapper.workspace_bounds_min_corner_x_m: 0
[component_container_mt-1] [INFO] [1788753519.046725123] [nvblox_node]: static_mapper.workspace_bounds_max_corner_x_m: 0
[component_container_mt-1] [INFO] [1788753519.046729922] [nvblox_node]: static_mapper.workspace_bounds_min_corner_y_m: 0
[component_container_mt-1] [INFO] [1788753519.046734491] [nvblox_node]: static_mapper.workspace_bounds_max_corner_y_m: 0
[component_container_mt-1] [INFO] [1788753519.046739230] [nvblox_node]: static_mapper.esdf_integrator_min_weight: 0.1
[component_container_mt-1] [INFO] [1788753519.046744109] [nvblox_node]: static_mapper.esdf_integrator_max_site_distance_vox: 2
[component_container_mt-1] [INFO] [1788753519.046748958] [nvblox_node]: static_mapper.esdf_integrator_max_distance_m: 2
[component_container_mt-1] [INFO] [1788753519.046753777] [nvblox_node]: static_mapper.mesh_integrator_min_weight: 0.1
[component_container_mt-1] [INFO] [1788753519.046758206] [nvblox_node]: static_mapper.mesh_integrator_weld_vertices: 1
[component_container_mt-1] [INFO] [1788753519.046762604] [nvblox_node]: static_mapper.decay_integrator_deallocate_decayed_blocks: 1
[component_container_mt-1] [INFO] [1788753519.046767524] [nvblox_node]: static_mapper.tsdf_decay_factor: 0.95
[component_container_mt-1] [INFO] [1788753519.046772734] [nvblox_node]: static_mapper.tsdf_decayed_weight_threshold: 0.001
[component_container_mt-1] [INFO] [1788753519.046777192] [nvblox_node]: static_mapper.tsdf_set_free_distance_on_decayed: 0
[component_container_mt-1] [INFO] [1788753519.046781881] [nvblox_node]: static_mapper.tsdf_decayed_free_distance_vox: 4
[component_container_mt-1] [INFO] [1788753519.046786560] [nvblox_node]: static_mapper.free_region_decay_probability: 0.55
[component_container_mt-1] [INFO] [1788753519.046791550] [nvblox_node]: static_mapper.occupied_region_decay_probability: 0.4
[component_container_mt-1] [INFO] [1788753519.046795928] [nvblox_node]: static_mapper.occupancy_decay_to_free: 0
[component_container_mt-1] [INFO] [1788753519.046824152] [nvblox_node]: static_mapper.max_tsdf_distance_for_occupancy_m: 0.15
[component_container_mt-1] [INFO] [1788753519.046835714] [nvblox_node]: static_mapper.max_unobserved_to_keep_consecutive_occupancy_ms: 200
[component_container_mt-1] [INFO] [1788753519.046841215] [nvblox_node]: static_mapper.min_duration_since_occupied_for_freespace_ms: 1000
[component_container_mt-1] [INFO] [1788753519.046845964] [nvblox_node]: static_mapper.min_consecutive_occupancy_duration_for_reset_ms: 2000
[component_container_mt-1] [INFO] [1788753519.046850803] [nvblox_node]: static_mapper.check_neighborhood: 1
[component_container_mt-1] [INFO] [1788753519.046855051] [nvblox_node]: Initialize Mapper:
[component_container_mt-1] [INFO] [1788753519.046860041] [nvblox_node]: dynamic_mapper.do_depth_preprocessing: 0
[component_container_mt-1] [INFO] [1788753519.046864750] [nvblox_node]: dynamic_mapper.depth_preprocessing_num_dilations: 4
[component_container_mt-1] [INFO] [1788753519.046869659] [nvblox_node]: dynamic_mapper.esdf_slice_min_height: 0
[component_container_mt-1] [INFO] [1788753519.046874568] [nvblox_node]: dynamic_mapper.esdf_slice_max_height: 1
[component_container_mt-1] [INFO] [1788753519.046879127] [nvblox_node]: dynamic_mapper.esdf_slice_height: 1
[component_container_mt-1] [INFO] [1788753519.046883616] [nvblox_node]: dynamic_mapper.exclude_last_view_from_decay: 0
[component_container_mt-1] [INFO] [1788753519.046888234] [nvblox_node]: dynamic_mapper.projective_integrator_max_integration_distance_m: 7
[component_container_mt-1] [INFO] [1788753519.046893304] [nvblox_node]: dynamic_mapper.lidar_projective_integrator_max_integration_distance_m: 10
[component_container_mt-1] [INFO] [1788753519.046898264] [nvblox_node]: dynamic_mapper.projective_integrator_truncation_distance_vox: 4
[component_container_mt-1] [INFO] [1788753519.046903103] [nvblox_node]: dynamic_mapper.projective_integrator_weighting_mode: kInverseSquareWeight
[component_container_mt-1] [WARN] [1788753519.046907652] [nvblox_node]: Requested weighting function: "kInverseSquareWeight" not recognized. Defaulting to: kInverseSquareWeight
[component_container_mt-1] [INFO] [1788753519.046913833] [nvblox_node]: dynamic_mapper.projective_integrator_max_weight: 5
[component_container_mt-1] [INFO] [1788753519.046918753] [nvblox_node]: dynamic_mapper.projective_tsdf_integrator_invalid_depth_decay_factor: -1
[component_container_mt-1] [INFO] [1788753519.046923742] [nvblox_node]: dynamic_mapper.free_region_occupancy_probability: 0.3
[component_container_mt-1] [INFO] [1788753519.046928802] [nvblox_node]: dynamic_mapper.occupied_region_occupancy_probability: 0.7
[component_container_mt-1] [INFO] [1788753519.046933571] [nvblox_node]: dynamic_mapper.unobserved_region_occupancy_probability: 0.5
[component_container_mt-1] [INFO] [1788753519.046938420] [nvblox_node]: dynamic_mapper.occupied_region_half_width_m: 0.1
[component_container_mt-1] [INFO] [1788753519.046942889] [nvblox_node]: dynamic_mapper.raycast_subsampling_factor: 4
[component_container_mt-1] [INFO] [1788753519.046947969] [nvblox_node]: dynamic_mapper.workspace_bounds_type: kUnbounded
[component_container_mt-1] [WARN] [1788753519.046953068] [nvblox_node]: Requested workspace bounds type: "kUnbounded" not recognized. Defaulting to: kUnbounded
[component_container_mt-1] [INFO] [1788753519.046958258] [nvblox_node]: dynamic_mapper.workspace_bounds_min_height_m: 0
[component_container_mt-1] [INFO] [1788753519.046963017] [nvblox_node]: dynamic_mapper.workspace_bounds_max_height_m: 1
[component_container_mt-1] [INFO] [1788753519.046967746] [nvblox_node]: dynamic_mapper.workspace_bounds_min_corner_x_m: 0
[component_container_mt-1] [INFO] [1788753519.046972285] [nvblox_node]: dynamic_mapper.workspace_bounds_max_corner_x_m: 0
[component_container_mt-1] [INFO] [1788753519.046976974] [nvblox_node]: dynamic_mapper.workspace_bounds_min_corner_y_m: 2
[component_container_mt-1] [INFO] [1788753519.046981523] [nvblox_node]: dynamic_mapper.workspace_bounds_max_corner_y_m: 2
[component_container_mt-1] [INFO] [1788753519.046986663] [nvblox_node]: dynamic_mapper.esdf_integrator_min_weight: 0.0001
[component_container_mt-1] [INFO] [1788753519.046991492] [nvblox_node]: dynamic_mapper.esdf_integrator_max_site_distance_vox: 1
[component_container_mt-1] [INFO] [1788753519.046996161] [nvblox_node]: dynamic_mapper.esdf_integrator_max_distance_m: 2
[component_container_mt-1] [INFO] [1788753519.047001000] [nvblox_node]: dynamic_mapper.mesh_integrator_min_weight: 0.0001
[component_container_mt-1] [INFO] [1788753519.047005549] [nvblox_node]: dynamic_mapper.mesh_integrator_weld_vertices: 1
[component_container_mt-1] [INFO] [1788753519.047009877] [nvblox_node]: dynamic_mapper.decay_integrator_deallocate_decayed_blocks: 1
[component_container_mt-1] [INFO] [1788753519.047014957] [nvblox_node]: dynamic_mapper.tsdf_decay_factor: 0.95
[component_container_mt-1] [INFO] [1788753519.047019686] [nvblox_node]: dynamic_mapper.tsdf_decayed_weight_threshold: 0.001
[component_container_mt-1] [INFO] [1788753519.047024034] [nvblox_node]: dynamic_mapper.tsdf_set_free_distance_on_decayed: 0
[component_container_mt-1] [INFO] [1788753519.047028603] [nvblox_node]: dynamic_mapper.tsdf_decayed_free_distance_vox: 4
[component_container_mt-1] [INFO] [1788753519.047041007] [nvblox_node]: dynamic_mapper.free_region_decay_probability: 0.55
[component_container_mt-1] [INFO] [1788753519.047046427] [nvblox_node]: dynamic_mapper.occupied_region_decay_probability: 0.4
[component_container_mt-1] [INFO] [1788753519.047051056] [nvblox_node]: dynamic_mapper.occupancy_decay_to_free: 0
[component_container_mt-1] [INFO] [1788753519.047055685] [nvblox_node]: dynamic_mapper.max_tsdf_distance_for_occupancy_m: 0.15
[component_container_mt-1] [INFO] [1788753519.047060273] [nvblox_node]: dynamic_mapper.max_unobserved_to_keep_consecutive_occupancy_ms: 200
[component_container_mt-1] [INFO] [1788753519.047065052] [nvblox_node]: dynamic_mapper.min_duration_since_occupied_for_freespace_ms: 1000
[component_container_mt-1] [INFO] [1788753519.047069571] [nvblox_node]: dynamic_mapper.min_consecutive_occupancy_duration_for_reset_ms: 2000
[component_container_mt-1] [INFO] [1788753519.047074090] [nvblox_node]: dynamic_mapper.check_neighborhood: 1
[component_container_mt-1] [INFO] [1788753519.047079761] [nvblox_node]: Initialize MultiMapper:
[component_container_mt-1] [INFO] [1788753519.047084760] [nvblox_node]: multi_mapper.connected_mask_component_size_threshold: 2000
[component_container_mt-1] [INFO] [1788753519.047089489] [nvblox_node]: multi_mapper.remove_small_connected_components: 1
[component_container_mt-1] [INFO] [1788753519.047173360] [nvblox_node]: NvbloxNode::subscribeToTopics()
[component_container_mt-1] [INFO] [1788753519.047281446] [nvblox_node]: Subscribing input topics with QoS: SYSTEM_DEFAULT
[component_container_mt-1] [INFO] [1788753519.048502771] [NitrosContext]: [NitrosContext] Loading extension: gxf/lib/std/libgxf_std.so
[component_container_mt-1] [INFO] [1788753519.049449541] [NitrosContext]: [NitrosContext] Loading extension: gxf/lib/libgxf_isaac_gxf_helpers.so
[component_container_mt-1] [INFO] [1788753519.051590675] [NitrosContext]: [NitrosContext] Loading extension: gxf/lib/libgxf_isaac_sight.so
[component_container_mt-1] [INFO] [1788753519.053868580] [NitrosContext]: [NitrosContext] Loading extension: gxf/lib/libgxf_isaac_atlas.so
[component_container_mt-1] [33m2026-09-07 10:58:39.060 WARN  external/com_nvidia_gxf/gxf/std/program.cpp@538: No GXF scheduler specified.[0m
[component_container_mt-1] [INFO] [1788753519.060713006] [NitrosContext]: [NitrosContext] Loading extension: gxf/lib/multimedia/libgxf_multimedia.so
[component_container_mt-1] [INFO] [1788753519.064563949] [nvblox_node.ManagedNitrosSubscriber]: Starting Managed Nitros Subscriber
[component_container_mt-1] [INFO] [1788753519.065324804] [nvblox_node]: NvbloxNode::setupTimers()
[component_container_mt-1] [INFO] [1788753519.065371543] [nvblox_node]: NvbloxNode::advertiseTopics()
[component_container_mt-1] [INFO] [1788753519.069371240] [nvblox_node]: NvbloxNode::advertiseServices()
[component_container_mt-1] [INFO] [1788753519.072109195] [nvblox_node]: Started up nvblox node in frame map and voxel size 0.05
[component_container_mt-1] [INFO] [1788753519.072142729] [nvblox_node]: Mapping type: kStaticTsdf
[component_container_mt-1] [INFO] [1788753519.072796158] [nvblox_node]: nvblox parameters:
[component_container_mt-1] nvblox_node
[component_container_mt-1]     cuda_stream_type: kBlocking
[component_container_mt-1]     global_frame: map
[component_container_mt-1]     voxel_size: 0.050000
[component_container_mt-1]     max_back_projection_distance: 7.000000
[component_container_mt-1]     layer_visualization_min_tsdf_weight: 0.100000
[component_container_mt-1]     layer_visualization_exclusion_height_m: 2.000000
[component_container_mt-1]     layer_visualization_exclusion_radius_m: 7.000000
[component_container_mt-1]     layer_streamer_bandwidth_limit_mbps: -1.000000
[component_container_mt-1]     distance_map_unknown_value_optimistic: 1000.000000
[component_container_mt-1]     distance_map_unknown_value_pessimistic: -1000.000000
[component_container_mt-1]     esdf_mode: 3d
[component_container_mt-1]     mapping_type: static_tsdf
[component_container_mt-1]     pose_frame: camera_link_optical_gt
[component_container_mt-1]     map_clearing_frame_id: base_link_gt
[INFO] [launch_ros.actions.load_composable_nodes]: Loaded node '/nvblox_node' in container '/nvblox_container'
[component_container_mt-1]     after_shutdown_map_save_path: 
[component_container_mt-1]     esdf_slice_bounds_visualization_attachment_frame_id: base_link
[component_container_mt-1]     workspace_height_bounds_visualization_attachment_frame_id: base_link
[component_container_mt-1]     publish_esdf_distance_slice: 1
[component_container_mt-1]     use_color: 0
[component_container_mt-1]     use_depth: 1
[component_container_mt-1]     use_segmentation: 0
[component_container_mt-1]     use_lidar: 0
[component_container_mt-1]     use_non_equal_vertical_fov_lidar_params: 0
[component_container_mt-1]     print_timings_to_console: 0
[component_container_mt-1]     print_rates_to_console: 0
[component_container_mt-1]     print_queue_drops_to_console: 0
[component_container_mt-1]     print_delays_to_console: 0
[component_container_mt-1]     layer_visualization_undo_gamma_correction: 0
[component_container_mt-1]     output_pessimistic_distance_map: 1
[component_container_mt-1]     num_cameras: 1
[component_container_mt-1]     lidar_width: 1800
[component_container_mt-1]     lidar_height: 31
[component_container_mt-1]     tick_period_ms: 10
[component_container_mt-1]     print_statistics_on_console_period_ms: 10000
[component_container_mt-1]     maximum_input_queue_length: 10
[component_container_mt-1]     back_projection_subsampling: 1
[component_container_mt-1]     lidar_vertical_fov_rad: 0.523599
[component_container_mt-1]     lidar_min_valid_range_m: 0.100000
[component_container_mt-1]     lidar_max_valid_range_m: 50.000000
[component_container_mt-1]     min_angle_below_zero_elevation_rad: 0.349066
[component_container_mt-1]     max_angle_above_zero_elevation_rad: 0.261799
[component_container_mt-1]     esdf_slice_bounds_visualization_side_length: 10.000000
[component_container_mt-1]     workspace_height_bounds_visualization_side_length: 10.000000
[component_container_mt-1]     integrate_depth_rate_hz: 640.000000
[component_container_mt-1]     integrate_color_rate_hz: 5.000000
[component_container_mt-1]     integrate_lidar_rate_hz: 40.000000
[component_container_mt-1]     update_mesh_rate_hz: 5.000000
[component_container_mt-1]     update_esdf_rate_hz: 10.000000
[component_container_mt-1]     publish_layer_rate_hz: 2.000000
[component_container_mt-1]     publish_debug_vis_rate_hz: 2.000000
[component_container_mt-1]     decay_tsdf_rate_hz: 5.000000
[component_container_mt-1]     decay_dynamic_occupancy_rate_hz: 10.000000
[component_container_mt-1]     clear_map_outside_radius_rate_hz: 1.000000
[component_container_mt-1]     map_clearing_radius_m: 7.000000
[component_container_mt-1]     esdf_and_gradients_unobserved_value: -1000.000000
[component_container_mt-1]     multi_mapper
[component_container_mt-1]         connected_mask_component_size_threshold: 2000
[component_container_mt-1]         background_mapper
[component_container_mt-1]             voxel_size_m: 0.050000
[component_container_mt-1]             memory_type: kDevice
[component_container_mt-1]             projective_layer_type: kTsdf
[component_container_mt-1]             esdf_mode: kUnset
[component_container_mt-1]             do_depth_preprocessing: 0
[component_container_mt-1]             depth_preprocessing_num_dilations: 3
[component_container_mt-1]             exclude_last_view_from_decay: 1
[component_container_mt-1]             camera_tsdf_integrator
[component_container_mt-1]                 max_weight:: 5.000000
[component_container_mt-1]                 marked_unobserved_voxels_distance_m:: -1.000000
[component_container_mt-1]                 marked_unobserved_voxels_weight:: 0.100000
[component_container_mt-1]                 weighting_function_type:: kInverseSquareTsdfDistancePenalty
[component_container_mt-1]                 invalid_depth_decay_factor:: -1.000000
[component_container_mt-1]                 projective_integrator
[component_container_mt-1]                     lidar_linear_interpolation_max_allowable_difference_vox:: 2.000000
[component_container_mt-1]                     lidar_nearest_interpolation_max_allowable_dist_to_ray_vox:: 0.500000
[component_container_mt-1]                     truncation_distance_vox:: 4.000000
[component_container_mt-1]                     max_integration_distance_m:: 5.000000
[component_container_mt-1]                     view_calculator
[component_container_mt-1]                         raycast_subsampling_factor: 4
[component_container_mt-1]                         workspace_bounds_type: kUnbounded
[component_container_mt-1]                         workspace_bounds_min_height_m: -0.500000
[component_container_mt-1]                         workspace_bounds_max_height_m: 2.000000
[component_container_mt-1]                         workspace_bounds_min_corner_x_m: 0.000000
[component_container_mt-1]                         workspace_bounds_max_corner_x_m: 0.000000
[component_container_mt-1]                         workspace_bounds_min_corner_y_m: 0.000000
[component_container_mt-1]                         workspace_bounds_max_corner_y_m: 0.000000
[component_container_mt-1]             lidar_tsdf_integrator
[component_container_mt-1]                 max_weight:: 5.000000
[component_container_mt-1]                 marked_unobserved_voxels_distance_m:: -1.000000
[component_container_mt-1]                 marked_unobserved_voxels_weight:: 0.100000
[component_container_mt-1]                 weighting_function_type:: kInverseSquareWeight
[component_container_mt-1]                 invalid_depth_decay_factor:: -1.000000
[component_container_mt-1]                 projective_integrator
[component_container_mt-1]                     lidar_linear_interpolation_max_allowable_difference_vox:: 2.000000
[component_container_mt-1]                     lidar_nearest_interpolation_max_allowable_dist_to_ray_vox:: 0.500000
[component_container_mt-1]                     truncation_distance_vox:: 4.000000
[component_container_mt-1]                     max_integration_distance_m:: 10.000000
[component_container_mt-1]                     view_calculator
[component_container_mt-1]                         raycast_subsampling_factor: 4
[component_container_mt-1]                         workspace_bounds_type: kUnbounded
[component_container_mt-1]                         workspace_bounds_min_height_m: 0.000000
[component_container_mt-1]                         workspace_bounds_max_height_m: 1.000000
[component_container_mt-1]                         workspace_bounds_min_corner_x_m: 0.000000
[component_container_mt-1]                         workspace_bounds_max_corner_x_m: 0.000000
[component_container_mt-1]                         workspace_bounds_min_corner_y_m: 2.000000
[component_container_mt-1]                         workspace_bounds_max_corner_y_m: 2.000000
[component_container_mt-1]             projective_color_integrator
[component_container_mt-1]                 sphere_tracing_ray_subsampling_factor:: 4
[component_container_mt-1]                 max_weight:: 5.000000
[component_container_mt-1]                 weighting_function_type:: kInverseSquareTsdfDistancePenalty
[component_container_mt-1]                 projective_integrator
[component_container_mt-1]                     lidar_linear_interpolation_max_allowable_difference_vox:: 2.000000
[component_container_mt-1]                     lidar_nearest_interpolation_max_allowable_dist_to_ray_vox:: 0.500000
[component_container_mt-1]                     truncation_distance_vox:: 4.000000
[component_container_mt-1]                     max_integration_distance_m:: 5.000000
[component_container_mt-1]                     view_calculator
[component_container_mt-1]                         raycast_subsampling_factor: 4
[component_container_mt-1]                         workspace_bounds_type: kUnbounded
[component_container_mt-1]                         workspace_bounds_min_height_m: 0.000000
[component_container_mt-1]                         workspace_bounds_max_height_m: 1.000000
[component_container_mt-1]                         workspace_bounds_min_corner_x_m: 0.000000
[component_container_mt-1]                         workspace_bounds_max_corner_x_m: 0.000000
[component_container_mt-1]                         workspace_bounds_min_corner_y_m: 2.000000
[component_container_mt-1]                         workspace_bounds_max_corner_y_m: 2.000000
[component_container_mt-1]                 view_calculator
[component_container_mt-1]                     raycast_subsampling_factor: 4
[component_container_mt-1]                     workspace_bounds_type: kUnbounded
[component_container_mt-1]                     workspace_bounds_min_height_m: -0.500000
[component_container_mt-1]                     workspace_bounds_max_height_m: 2.000000
[component_container_mt-1]                     workspace_bounds_min_corner_x_m: 0.000000
[component_container_mt-1]                     workspace_bounds_max_corner_x_m: 0.000000
[component_container_mt-1]                     workspace_bounds_min_corner_y_m: 0.000000
[component_container_mt-1]                     workspace_bounds_max_corner_y_m: 0.000000
[component_container_mt-1]             camera_occupancy_integrator
[component_container_mt-1]                 free_region_log_odds:: -0.200671
[component_container_mt-1]                 occupied_region_log_odds:: 0.200671
[component_container_mt-1]                 unobserved_region_log_odds:: 0.000000
[component_container_mt-1]                 occupied_region_half_width_m:: 0.100000
[component_container_mt-1]                 projective_integrator
[component_container_mt-1]                     lidar_linear_interpolation_max_allowable_difference_vox:: 2.000000
[component_container_mt-1]                     lidar_nearest_interpolation_max_allowable_dist_to_ray_vox:: 0.500000
[component_container_mt-1]                     truncation_distance_vox:: 4.000000
[component_container_mt-1]                     max_integration_distance_m:: 5.000000
[component_container_mt-1]                     view_calculator
[component_container_mt-1]                         raycast_subsampling_factor: 4
[component_container_mt-1]                         workspace_bounds_type: kUnbounded
[component_container_mt-1]                         workspace_bounds_min_height_m: 0.000000
[component_container_mt-1]                         workspace_bounds_max_height_m: 1.000000
[component_container_mt-1]                         workspace_bounds_min_corner_x_m: 0.000000
[component_container_mt-1]                         workspace_bounds_max_corner_x_m: 0.000000
[component_container_mt-1]                         workspace_bounds_min_corner_y_m: 2.000000
[component_container_mt-1]                         workspace_bounds_max_corner_y_m: 2.000000
[component_container_mt-1]             lidar_occupancy_integrator
[component_container_mt-1]                 free_region_log_odds:: -0.200671
[component_container_mt-1]                 occupied_region_log_odds:: 0.200671
[component_container_mt-1]                 unobserved_region_log_odds:: 0.000000
[component_container_mt-1]                 occupied_region_half_width_m:: 0.100000
[component_container_mt-1]                 projective_integrator
[component_container_mt-1]                     lidar_linear_interpolation_max_allowable_difference_vox:: 2.000000
[component_container_mt-1]                     lidar_nearest_interpolation_max_allowable_dist_to_ray_vox:: 0.500000
[component_container_mt-1]                     truncation_distance_vox:: 4.000000
[component_container_mt-1]                     max_integration_distance_m:: 10.000000
[component_container_mt-1]                     view_calculator
[component_container_mt-1]                         raycast_subsampling_factor: 4
[component_container_mt-1]                         workspace_bounds_type: kUnbounded
[component_container_mt-1]                         workspace_bounds_min_height_m: 0.000000
[component_container_mt-1]                         workspace_bounds_max_height_m: 1.000000
[component_container_mt-1]                         workspace_bounds_min_corner_x_m: 0.000000
[component_container_mt-1]                         workspace_bounds_max_corner_x_m: 0.000000
[component_container_mt-1]                         workspace_bounds_min_corner_y_m: 2.000000
[component_container_mt-1]                         workspace_bounds_max_corner_y_m: 2.000000
[component_container_mt-1]             esdf_integrator
[component_container_mt-1]                 max_esdf_distance_m:: 2.000000
[component_container_mt-1]                 max_tsdf_site_distance_vox:: 2.000000
[component_container_mt-1]                 tsdf_min_weight:: 0.100000
[component_container_mt-1]                 occupied_threshold_log_odds:: 0.000000
[component_container_mt-1]                 esdf_slice_min_height:: 0.000000
[component_container_mt-1]                 esdf_slice_max_height:: 1.000000
[component_container_mt-1]                 esdf_slice_height:: 1.000000
[component_container_mt-1]                 slice_height_above_plane_m:: 0.000000
[component_container_mt-1]                 slice_height_thickness_m:: 0.100000
[component_container_mt-1]             mesh_integrator
[component_container_mt-1]                 min_weight:: 0.100000
[component_container_mt-1]                 cutoff_distance_vox:: 5.000000
[component_container_mt-1]                 weld_vertices:: 1
[component_container_mt-1]             occupancy_decay_integrator
[component_container_mt-1]                 free_space_decay_log_odds:: 0.200671
[component_container_mt-1]                 occupied_space_decay_log_odds:: -0.405465
[component_container_mt-1]                 decay_to_log_odds_:: 0.000000
[component_container_mt-1]                 decay_integrator
[component_container_mt-1]                     deallocate_decayed_blocks:: 1
[component_container_mt-1]             tsdf_decay_integrator
[component_container_mt-1]                 decay_factor:: 0.950000
[component_container_mt-1]                 decayed_weight_theshold:: 0.001000
[component_container_mt-1]                 set_free_distance_on_decayed:: 0
[component_container_mt-1]                 free_distance_vox:: 4.000000
[component_container_mt-1]                 decay_integrator
[component_container_mt-1]                     deallocate_decayed_blocks:: 1
[component_container_mt-1]             freespace_integrator
[component_container_mt-1]                 max_tsdf_distance_for_occupancy_m:: 0.150000
[component_container_mt-1]                 max_unobserved_to_keep_consecutive_occupancy_ms:: 200
[component_container_mt-1]                 min_duration_since_occupied_for_freespace_ms:: 1000
[component_container_mt-1]                 min_consecutive_occupancy_duration_for_reset_ms:: 2000
[component_container_mt-1]                 check_neighborhood:: 1
[component_container_mt-1]         foreground_mapper
[component_container_mt-1]             voxel_size_m: 0.050000
[component_container_mt-1]             memory_type: kDevice
[component_container_mt-1]             projective_layer_type: kNone
[component_container_mt-1]             esdf_mode: kUnset
[component_container_mt-1]             do_depth_preprocessing: 0
[component_container_mt-1]             depth_preprocessing_num_dilations: 4
[component_container_mt-1]             exclude_last_view_from_decay: 0
[component_container_mt-1]             camera_tsdf_integrator
[component_container_mt-1]                 max_weight:: 5.000000
[component_container_mt-1]                 marked_unobserved_voxels_distance_m:: -1.000000
[component_container_mt-1]                 marked_unobserved_voxels_weight:: 0.100000
[component_container_mt-1]                 weighting_function_type:: kInverseSquareWeight
[component_container_mt-1]                 invalid_depth_decay_factor:: -1.000000
[component_container_mt-1]                 projective_integrator
[component_container_mt-1]                     lidar_linear_interpolation_max_allowable_difference_vox:: 2.000000
[component_container_mt-1]                     lidar_nearest_interpolation_max_allowable_dist_to_ray_vox:: 0.500000
[component_container_mt-1]                     truncation_distance_vox:: 4.000000
[component_container_mt-1]                     max_integration_distance_m:: 7.000000
[component_container_mt-1]                     view_calculator
[component_container_mt-1]                         raycast_subsampling_factor: 4
[component_container_mt-1]                         workspace_bounds_type: kUnbounded
[component_container_mt-1]                         workspace_bounds_min_height_m: 0.000000
[component_container_mt-1]                         workspace_bounds_max_height_m: 1.000000
[component_container_mt-1]                         workspace_bounds_min_corner_x_m: 0.000000
[component_container_mt-1]                         workspace_bounds_max_corner_x_m: 0.000000
[component_container_mt-1]                         workspace_bounds_min_corner_y_m: 2.000000
[component_container_mt-1]                         workspace_bounds_max_corner_y_m: 2.000000
[component_container_mt-1]             lidar_tsdf_integrator
[component_container_mt-1]                 max_weight:: 5.000000
[component_container_mt-1]                 marked_unobserved_voxels_distance_m:: -1.000000
[component_container_mt-1]                 marked_unobserved_voxels_weight:: 0.100000
[component_container_mt-1]                 weighting_function_type:: kInverseSquareWeight
[component_container_mt-1]                 invalid_depth_decay_factor:: -1.000000
[component_container_mt-1]                 projective_integrator
[component_container_mt-1]                     lidar_linear_interpolation_max_allowable_difference_vox:: 2.000000
[component_container_mt-1]                     lidar_nearest_interpolation_max_allowable_dist_to_ray_vox:: 0.500000
[component_container_mt-1]                     truncation_distance_vox:: 4.000000
[component_container_mt-1]                     max_integration_distance_m:: 10.000000
[component_container_mt-1]                     view_calculator
[component_container_mt-1]                         raycast_subsampling_factor: 4
[component_container_mt-1]                         workspace_bounds_type: kUnbounded
[component_container_mt-1]                         workspace_bounds_min_height_m: 0.000000
[component_container_mt-1]                         workspace_bounds_max_height_m: 1.000000
[component_container_mt-1]                         workspace_bounds_min_corner_x_m: 0.000000
[component_container_mt-1]                         workspace_bounds_max_corner_x_m: 0.000000
[component_container_mt-1]                         workspace_bounds_min_corner_y_m: 2.000000
[component_container_mt-1]                         workspace_bounds_max_corner_y_m: 2.000000
[component_container_mt-1]             projective_color_integrator
[component_container_mt-1]                 sphere_tracing_ray_subsampling_factor:: 4
[component_container_mt-1]                 max_weight:: 5.000000
[component_container_mt-1]                 weighting_function_type:: kInverseSquareWeight
[component_container_mt-1]                 projective_integrator
[component_container_mt-1]                     lidar_linear_interpolation_max_allowable_difference_vox:: 2.000000
[component_container_mt-1]                     lidar_nearest_interpolation_max_allowable_dist_to_ray_vox:: 0.500000
[component_container_mt-1]                     truncation_distance_vox:: 4.000000
[component_container_mt-1]                     max_integration_distance_m:: 7.000000
[component_container_mt-1]                     view_calculator
[component_container_mt-1]                         raycast_subsampling_factor: 4
[component_container_mt-1]                         workspace_bounds_type: kUnbounded
[component_container_mt-1]                         workspace_bounds_min_height_m: 0.000000
[component_container_mt-1]                         workspace_bounds_max_height_m: 1.000000
[component_container_mt-1]                         workspace_bounds_min_corner_x_m: 0.000000
[component_container_mt-1]                         workspace_bounds_max_corner_x_m: 0.000000
[component_container_mt-1]                         workspace_bounds_min_corner_y_m: 2.000000
[component_container_mt-1]                         workspace_bounds_max_corner_y_m: 2.000000
[component_container_mt-1]                 view_calculator
[component_container_mt-1]                     raycast_subsampling_factor: 4
[component_container_mt-1]                     workspace_bounds_type: kUnbounded
[component_container_mt-1]                     workspace_bounds_min_height_m: 0.000000
[component_container_mt-1]                     workspace_bounds_max_height_m: 1.000000
[component_container_mt-1]                     workspace_bounds_min_corner_x_m: 0.000000
[component_container_mt-1]                     workspace_bounds_max_corner_x_m: 0.000000
[component_container_mt-1]                     workspace_bounds_min_corner_y_m: 2.000000
[component_container_mt-1]                     workspace_bounds_max_corner_y_m: 2.000000
[component_container_mt-1]             camera_occupancy_integrator
[component_container_mt-1]                 free_region_log_odds:: -0.847298
[component_container_mt-1]                 occupied_region_log_odds:: 0.847298
[component_container_mt-1]                 unobserved_region_log_odds:: 0.000000
[component_container_mt-1]                 occupied_region_half_width_m:: 0.100000
[component_container_mt-1]                 projective_integrator
[component_container_mt-1]                     lidar_linear_interpolation_max_allowable_difference_vox:: 2.000000
[component_container_mt-1]                     lidar_nearest_interpolation_max_allowable_dist_to_ray_vox:: 0.500000
[component_container_mt-1]                     truncation_distance_vox:: 4.000000
[component_container_mt-1]                     max_integration_distance_m:: 7.000000
[component_container_mt-1]                     view_calculator
[component_container_mt-1]                         raycast_subsampling_factor: 4
[component_container_mt-1]                         workspace_bounds_type: kUnbounded
[component_container_mt-1]                         workspace_bounds_min_height_m: 0.000000
[component_container_mt-1]                         workspace_bounds_max_height_m: 1.000000
[component_container_mt-1]                         workspace_bounds_min_corner_x_m: 0.000000
[component_container_mt-1]                         workspace_bounds_max_corner_x_m: 0.000000
[component_container_mt-1]                         workspace_bounds_min_corner_y_m: 2.000000
[component_container_mt-1]                         workspace_bounds_max_corner_y_m: 2.000000
[component_container_mt-1]             lidar_occupancy_integrator
[component_container_mt-1]                 free_region_log_odds:: -0.847298
[component_container_mt-1]                 occupied_region_log_odds:: 0.847298
[component_container_mt-1]                 unobserved_region_log_odds:: 0.000000
[component_container_mt-1]                 occupied_region_half_width_m:: 0.100000
[component_container_mt-1]                 projective_integrator
[component_container_mt-1]                     lidar_linear_interpolation_max_allowable_difference_vox:: 2.000000
[component_container_mt-1]                     lidar_nearest_interpolation_max_allowable_dist_to_ray_vox:: 0.500000
[component_container_mt-1]                     truncation_distance_vox:: 4.000000
[component_container_mt-1]                     max_integration_distance_m:: 10.000000
[component_container_mt-1]                     view_calculator
[component_container_mt-1]                         raycast_subsampling_factor: 4
[component_container_mt-1]                         workspace_bounds_type: kUnbounded
[component_container_mt-1]                         workspace_bounds_min_height_m: 0.000000
[component_container_mt-1]                         workspace_bounds_max_height_m: 1.000000
[component_container_mt-1]                         workspace_bounds_min_corner_x_m: 0.000000
[component_container_mt-1]                         workspace_bounds_max_corner_x_m: 0.000000
[component_container_mt-1]                         workspace_bounds_min_corner_y_m: 2.000000
[component_container_mt-1]                         workspace_bounds_max_corner_y_m: 2.000000
[component_container_mt-1]             esdf_integrator
[component_container_mt-1]                 max_esdf_distance_m:: 2.000000
[component_container_mt-1]                 max_tsdf_site_distance_vox:: 1.000000
[component_container_mt-1]                 tsdf_min_weight:: 0.000100
[component_container_mt-1]                 occupied_threshold_log_odds:: 0.000000
[component_container_mt-1]                 esdf_slice_min_height:: 0.000000
[component_container_mt-1]                 esdf_slice_max_height:: 1.000000
[component_container_mt-1]                 esdf_slice_height:: 1.000000
[component_container_mt-1]                 slice_height_above_plane_m:: 0.000000
[component_container_mt-1]                 slice_height_thickness_m:: 0.100000
[component_container_mt-1]             mesh_integrator
[component_container_mt-1]                 min_weight:: 0.000100
[component_container_mt-1]                 cutoff_distance_vox:: 5.000000
[component_container_mt-1]                 weld_vertices:: 1
[component_container_mt-1]             occupancy_decay_integrator
[component_container_mt-1]                 free_space_decay_log_odds:: 0.200671
[component_container_mt-1]                 occupied_space_decay_log_odds:: -0.405465
[component_container_mt-1]                 decay_to_log_odds_:: 0.000000
[component_container_mt-1]                 decay_integrator
[component_container_mt-1]                     deallocate_decayed_blocks:: 1
[component_container_mt-1]             tsdf_decay_integrator
[component_container_mt-1]                 decay_factor:: 0.950000
[component_container_mt-1]                 decayed_weight_theshold:: 0.001000
[component_container_mt-1]                 set_free_distance_on_decayed:: 0
[component_container_mt-1]                 free_distance_vox:: 4.000000
[component_container_mt-1]                 decay_integrator
[component_container_mt-1]                     deallocate_decayed_blocks:: 1
[component_container_mt-1]             freespace_integrator
[component_container_mt-1]                 max_tsdf_distance_for_occupancy_m:: 0.150000
[component_container_mt-1]                 max_unobserved_to_keep_consecutive_occupancy_ms:: 200
[component_container_mt-1]                 min_duration_since_occupied_for_freespace_ms:: 1000
[component_container_mt-1]                 min_consecutive_occupancy_duration_for_reset_ms:: 2000
[component_container_mt-1]                 check_neighborhood:: 1
[component_container_mt-1]         image_masker
[component_container_mt-1]             occlusion_threshold_m:: 0.250000
[component_container_mt-1]         ground_plane_estimator
[component_container_mt-1]             ground_points_candidates_min_z_m:: -0.100000
[component_container_mt-1]             ground_points_candidates_max_z_m:: 0.150000
[component_container_mt-1]             ransac_plane_fitter
[component_container_mt-1]                 num_ransac_iterations:: 1000
[component_container_mt-1]                 ransac_distance_threshold_m:: 0.200000
[component_container_mt-1]             tsdf_zero_crossings_extractor
[component_container_mt-1]                 min_tsdf_weight:: 0.100000
[component_container_mt-1]                 max_crossings:: 360000
[component_container_mt-1] 
[component_container_mt-1] [INFO] [1788753540.344432463] [nvblox_node]: 
[component_container_mt-1] Received request for ESDF with:
[component_container_mt-1] update_esdf: 1
[component_container_mt-1] use_aabb: 1
[component_container_mt-1] visualize_esdf: 0
[component_container_mt-1] aabb_min_m: [-1.49, -1.52, 3.22],
[component_container_mt-1] aabb_size_m: [3.00, 3.00, 3.00]
[component_container_mt-1] [INFO] [1788753540.351394213] [nvblox_node]: Successfully wrote requested ESDF to MultiArrayMsg.
[component_container_mt-1] [INFO] [1788753540.644745523] [nvblox_node]: 
[component_container_mt-1] Received request for ESDF with:
[component_container_mt-1] update_esdf: 1
[component_container_mt-1] use_aabb: 1
[component_container_mt-1] visualize_esdf: 0
[component_container_mt-1] aabb_min_m: [-1.49, -1.51, 3.24],
[component_container_mt-1] aabb_size_m: [3.00, 3.00, 3.00]
[component_container_mt-1] [INFO] [1788753540.647465564] [nvblox_node]: Successfully wrote requested ESDF to MultiArrayMsg.
[component_container_mt-1] [INFO] [1788753540.944674770] [nvblox_node]: 
[component_container_mt-1] Received request for ESDF with:
[component_container_mt-1] update_esdf: 1
[component_container_mt-1] use_aabb: 1
[component_container_mt-1] visualize_esdf: 0
[component_container_mt-1] aabb_min_m: [-1.49, -1.51, 3.21],
[component_container_mt-1] aabb_size_m: [3.00, 3.00, 3.00]
[component_container_mt-1] [INFO] [1788753540.947302263] [nvblox_node]: Successfully wrote requested ESDF to MultiArrayMsg.
[component_container_mt-1] [INFO] [1788753541.244242795] [nvblox_node]: 
[component_container_mt-1] Received request for ESDF with:
[component_container_mt-1] update_esdf: 1
[component_container_mt-1] use_aabb: 1
[component_container_mt-1] visualize_esdf: 0
[component_container_mt-1] aabb_min_m: [-1.46, -1.51, 3.18],
[component_container_mt-1] aabb_size_m: [3.00, 3.00, 3.00]
[component_container_mt-1] [INFO] [1788753541.247368011] [nvblox_node]: Successfully wrote requested ESDF to MultiArrayMsg.
[component_container_mt-1] [INFO] [1788753541.544152174] [nvblox_node]: 
[component_container_mt-1] Received request for ESDF with:
[component_container_mt-1] update_esdf: 1
[component_container_mt-1] use_aabb: 1
[component_container_mt-1] visualize_esdf: 0
[component_container_mt-1] aabb_min_m: [-1.41, -1.50, 3.16],
[component_container_mt-1] aabb_size_m: [3.00, 3.00, 3.00]
[component_container_mt-1] [INFO] [1788753541.547576160] [nvblox_node]: Successfully wrote requested ESDF to MultiArrayMsg.
[component_container_mt-1] [INFO] [1788753541.844436559] [nvblox_node]: 
[component_container_mt-1] Received request for ESDF with:
[component_container_mt-1] update_esdf: 1
[component_container_mt-1] use_aabb: 1
[component_container_mt-1] visualize_esdf: 0
[component_container_mt-1] aabb_min_m: [-1.36, -1.50, 3.14],
[component_container_mt-1] aabb_size_m: [3.00, 3.00, 3.00]
[component_container_mt-1] [INFO] [1788753541.847810440] [nvblox_node]: Successfully wrote requested ESDF to MultiArrayMsg.
[component_container_mt-1] [INFO] [1788753542.144556430] [nvblox_node]: 
[component_container_mt-1] Received request for ESDF with:
[component_container_mt-1] update_esdf: 1
[component_container_mt-1] use_aabb: 1
[component_container_mt-1] visualize_esdf: 0
[component_container_mt-1] aabb_min_m: [-1.30, -1.49, 3.13],
[component_container_mt-1] aabb_size_m: [3.00, 3.00, 3.00]
[component_container_mt-1] [INFO] [1788753542.148067664] [nvblox_node]: Successfully wrote requested ESDF to MultiArrayMsg.
[component_container_mt-1] [INFO] [1788753542.444282949] [nvblox_node]: 
[component_container_mt-1] Received request for ESDF with:
[component_container_mt-1] update_esdf: 1
[component_container_mt-1] use_aabb: 1
[component_container_mt-1] visualize_esdf: 0
[component_container_mt-1] aabb_min_m: [-1.25, -1.49, 3.13],
[component_container_mt-1] aabb_size_m: [3.00, 3.00, 3.00]
[component_container_mt-1] [INFO] [1788753542.448223203] [nvblox_node]: Successfully wrote requested ESDF to MultiArrayMsg.
[component_container_mt-1] [INFO] [1788753542.744391449] [nvblox_node]: 
[component_container_mt-1] Received request for ESDF with:
[component_container_mt-1] update_esdf: 1
[component_container_mt-1] use_aabb: 1
[component_container_mt-1] visualize_esdf: 0
[component_container_mt-1] aabb_min_m: [-1.18, -1.49, 3.12],
[component_container_mt-1] aabb_size_m: [3.00, 3.00, 3.00]
[component_container_mt-1] [INFO] [1788753542.748443596] [nvblox_node]: Successfully wrote requested ESDF to MultiArrayMsg.
[component_container_mt-1] [INFO] [1788753543.044293634] [nvblox_node]: 
[component_container_mt-1] Received request for ESDF with:
[component_container_mt-1] update_esdf: 1
[component_container_mt-1] use_aabb: 1
[component_container_mt-1] visualize_esdf: 0
[component_container_mt-1] aabb_min_m: [-1.13, -1.50, 3.12],
[component_container_mt-1] aabb_size_m: [3.00, 3.00, 3.00]
[component_container_mt-1] [INFO] [1788753543.048669560] [nvblox_node]: Successfully wrote requested ESDF to MultiArrayMsg.
[component_container_mt-1] [INFO] [1788753543.344595783] [nvblox_node]: 
[component_container_mt-1] Received request for ESDF with:
[component_container_mt-1] update_esdf: 1
[component_container_mt-1] use_aabb: 1
[component_container_mt-1] visualize_esdf: 0
[component_container_mt-1] aabb_min_m: [-1.08, -1.50, 3.11],
[component_container_mt-1] aabb_size_m: [3.00, 3.00, 3.00]
[component_container_mt-1] [INFO] [1788753543.346814586] [nvblox_node]: Successfully wrote requested ESDF to MultiArrayMsg.
[component_container_mt-1] [INFO] [1788753543.644839722] [nvblox_node]: 
[component_container_mt-1] Received request for ESDF with:
[component_container_mt-1] update_esdf: 1
[component_container_mt-1] use_aabb: 1
[component_container_mt-1] visualize_esdf: 0
[component_container_mt-1] aabb_min_m: [-1.02, -1.50, 3.11],
[component_container_mt-1] aabb_size_m: [3.00, 3.00, 3.00]
[component_container_mt-1] [INFO] [1788753543.646985635] [nvblox_node]: Successfully wrote requested ESDF to MultiArrayMsg.
[component_container_mt-1] [INFO] [1788753543.944219057] [nvblox_node]: 
[component_container_mt-1] Received request for ESDF with:
[component_container_mt-1] update_esdf: 1
[component_container_mt-1] use_aabb: 1
[component_container_mt-1] visualize_esdf: 0
[component_container_mt-1] aabb_min_m: [-0.96, -1.50, 3.10],
[component_container_mt-1] aabb_size_m: [3.00, 3.00, 3.00]
[component_container_mt-1] [INFO] [1788753543.947226968] [nvblox_node]: Successfully wrote requested ESDF to MultiArrayMsg.
[component_container_mt-1] [INFO] [1788753544.244221444] [nvblox_node]: 
[component_container_mt-1] Received request for ESDF with:
[component_container_mt-1] update_esdf: 1
[component_container_mt-1] use_aabb: 1
[component_container_mt-1] visualize_esdf: 0
[component_container_mt-1] aabb_min_m: [-0.90, -1.50, 3.10],
[component_container_mt-1] aabb_size_m: [3.00, 3.00, 3.00]
[component_container_mt-1] [INFO] [1788753544.247435138] [nvblox_node]: Successfully wrote requested ESDF to MultiArrayMsg.
[component_container_mt-1] [INFO] [1788753544.544493736] [nvblox_node]: 
[component_container_mt-1] Received request for ESDF with:
[component_container_mt-1] update_esdf: 1
[component_container_mt-1] use_aabb: 1
[component_container_mt-1] visualize_esdf: 0
[component_container_mt-1] aabb_min_m: [-0.84, -1.49, 3.10],
[component_container_mt-1] aabb_size_m: [3.00, 3.00, 3.00]
[component_container_mt-1] [INFO] [1788753544.547684196] [nvblox_node]: Successfully wrote requested ESDF to MultiArrayMsg.
[component_container_mt-1] [INFO] [1788753544.844109384] [nvblox_node]: 
[component_container_mt-1] Received request for ESDF with:
[component_container_mt-1] update_esdf: 1
[component_container_mt-1] use_aabb: 1
[component_container_mt-1] visualize_esdf: 0
[component_container_mt-1] aabb_min_m: [-0.78, -1.49, 3.10],
[component_container_mt-1] aabb_size_m: [3.00, 3.00, 3.00]
[component_container_mt-1] [INFO] [1788753544.847861888] [nvblox_node]: Successfully wrote requested ESDF to MultiArrayMsg.
[component_container_mt-1] [INFO] [1788753545.144409550] [nvblox_node]: 
[component_container_mt-1] Received request for ESDF with:
[component_container_mt-1] update_esdf: 1
[component_container_mt-1] use_aabb: 1
[component_container_mt-1] visualize_esdf: 0
[component_container_mt-1] aabb_min_m: [-0.72, -1.49, 3.10],
[component_container_mt-1] aabb_size_m: [3.00, 3.00, 3.00]
[component_container_mt-1] [INFO] [1788753545.148068295] [nvblox_node]: Successfully wrote requested ESDF to MultiArrayMsg.
[component_container_mt-1] [INFO] [1788753545.444299041] [nvblox_node]: 
[component_container_mt-1] Received request for ESDF with:
[component_container_mt-1] update_esdf: 1
[component_container_mt-1] use_aabb: 1
[component_container_mt-1] visualize_esdf: 0
[component_container_mt-1] aabb_min_m: [-0.66, -1.49, 3.10],
[component_container_mt-1] aabb_size_m: [3.00, 3.00, 3.00]
[component_container_mt-1] [INFO] [1788753545.448313606] [nvblox_node]: Successfully wrote requested ESDF to MultiArrayMsg.
[component_container_mt-1] [INFO] [1788753545.744711051] [nvblox_node]: 
[component_container_mt-1] Received request for ESDF with:
[component_container_mt-1] update_esdf: 1
[component_container_mt-1] use_aabb: 1
[component_container_mt-1] visualize_esdf: 0
[component_container_mt-1] aabb_min_m: [-0.60, -1.49, 3.09],
[component_container_mt-1] aabb_size_m: [3.00, 3.00, 3.00]
[component_container_mt-1] [INFO] [1788753545.748509603] [nvblox_node]: Successfully wrote requested ESDF to MultiArrayMsg.
[component_container_mt-1] [INFO] [1788753546.044205176] [nvblox_node]: 
[component_container_mt-1] Received request for ESDF with:
[component_container_mt-1] update_esdf: 1
[component_container_mt-1] use_aabb: 1
[component_container_mt-1] visualize_esdf: 0
[component_container_mt-1] aabb_min_m: [-0.53, -1.49, 3.09],
[component_container_mt-1] aabb_size_m: [3.00, 3.00, 3.00]
[component_container_mt-1] [INFO] [1788753546.048723715] [nvblox_node]: Successfully wrote requested ESDF to MultiArrayMsg.
[component_container_mt-1] [INFO] [1788753546.344213003] [nvblox_node]: 
[component_container_mt-1] Received request for ESDF with:
[component_container_mt-1] update_esdf: 1
[component_container_mt-1] use_aabb: 1
[component_container_mt-1] visualize_esdf: 0
[component_container_mt-1] aabb_min_m: [-0.46, -1.49, 3.10],
[component_container_mt-1] aabb_size_m: [3.00, 3.00, 3.00]
[component_container_mt-1] [INFO] [1788753546.346841258] [nvblox_node]: Successfully wrote requested ESDF to MultiArrayMsg.
[component_container_mt-1] [INFO] [1788753546.645374587] [nvblox_node]: 
[component_container_mt-1] Received request for ESDF with:
[component_container_mt-1] update_esdf: 1
[component_container_mt-1] use_aabb: 1
[component_container_mt-1] visualize_esdf: 0
[component_container_mt-1] aabb_min_m: [-0.40, -1.49, 3.09],
[component_container_mt-1] aabb_size_m: [3.00, 3.00, 3.00]
[component_container_mt-1] [INFO] [1788753546.647072413] [nvblox_node]: Successfully wrote requested ESDF to MultiArrayMsg.
[component_container_mt-1] [INFO] [1788753546.944258936] [nvblox_node]: 
[component_container_mt-1] Received request for ESDF with:
[component_container_mt-1] update_esdf: 1
[component_container_mt-1] use_aabb: 1
[component_container_mt-1] visualize_esdf: 0
[component_container_mt-1] aabb_min_m: [-0.33, -1.49, 3.09],
[component_container_mt-1] aabb_size_m: [3.00, 3.00, 3.00]
[component_container_mt-1] [INFO] [1788753546.947287587] [nvblox_node]: Successfully wrote requested ESDF to MultiArrayMsg.
[component_container_mt-1] [INFO] [1788753547.244332900] [nvblox_node]: 
[component_container_mt-1] Received request for ESDF with:
[component_container_mt-1] update_esdf: 1
[component_container_mt-1] use_aabb: 1
[component_container_mt-1] visualize_esdf: 0
[component_container_mt-1] aabb_min_m: [-0.27, -1.49, 3.10],
[component_container_mt-1] aabb_size_m: [3.00, 3.00, 3.00]
[component_container_mt-1] [INFO] [1788753547.247515776] [nvblox_node]: Successfully wrote requested ESDF to MultiArrayMsg.
[component_container_mt-1] [INFO] [1788753547.544121018] [nvblox_node]: 
[component_container_mt-1] Received request for ESDF with:
[component_container_mt-1] update_esdf: 1
[component_container_mt-1] use_aabb: 1
[component_container_mt-1] visualize_esdf: 0
[component_container_mt-1] aabb_min_m: [-0.20, -1.49, 3.10],
[component_container_mt-1] aabb_size_m: [3.00, 3.00, 3.00]
[component_container_mt-1] [INFO] [1788753547.547717364] [nvblox_node]: Successfully wrote requested ESDF to MultiArrayMsg.
[component_container_mt-1] [INFO] [1788753547.844213717] [nvblox_node]: 
[component_container_mt-1] Received request for ESDF with:
[component_container_mt-1] update_esdf: 1
[component_container_mt-1] use_aabb: 1
[component_container_mt-1] visualize_esdf: 0
[component_container_mt-1] aabb_min_m: [-0.14, -1.49, 3.11],
[component_container_mt-1] aabb_size_m: [3.00, 3.00, 3.00]
[component_container_mt-1] [INFO] [1788753547.847937066] [nvblox_node]: Successfully wrote requested ESDF to MultiArrayMsg.
[component_container_mt-1] [INFO] [1788753548.144315575] [nvblox_node]: 
[component_container_mt-1] Received request for ESDF with:
[component_container_mt-1] update_esdf: 1
[component_container_mt-1] use_aabb: 1
[component_container_mt-1] visualize_esdf: 0
[component_container_mt-1] aabb_min_m: [-0.08, -1.49, 3.11],
[component_container_mt-1] aabb_size_m: [3.00, 3.00, 3.00]
[component_container_mt-1] [INFO] [1788753548.148148413] [nvblox_node]: Successfully wrote requested ESDF to MultiArrayMsg.
[component_container_mt-1] [INFO] [1788753548.444351747] [nvblox_node]: 
[component_container_mt-1] Received request for ESDF with:
[component_container_mt-1] update_esdf: 1
[component_container_mt-1] use_aabb: 1
[component_container_mt-1] visualize_esdf: 0
[component_container_mt-1] aabb_min_m: [-0.01, -1.49, 3.12],
[component_container_mt-1] aabb_size_m: [3.00, 3.00, 3.00]
[component_container_mt-1] [INFO] [1788753548.448370170] [nvblox_node]: Successfully wrote requested ESDF to MultiArrayMsg.
[component_container_mt-1] [INFO] [1788753548.744411624] [nvblox_node]: 
[component_container_mt-1] Received request for ESDF with:
[component_container_mt-1] update_esdf: 1
[component_container_mt-1] use_aabb: 1
[component_container_mt-1] visualize_esdf: 0
[component_container_mt-1] aabb_min_m: [0.05, -1.49, 3.13],
[component_container_mt-1] aabb_size_m: [3.00, 3.00, 3.00]
[component_container_mt-1] [INFO] [1788753548.748656550] [nvblox_node]: Successfully wrote requested ESDF to MultiArrayMsg.
[component_container_mt-1] [INFO] [1788753549.044108247] [nvblox_node]: 
[component_container_mt-1] Received request for ESDF with:
[component_container_mt-1] update_esdf: 1
[component_container_mt-1] use_aabb: 1
[component_container_mt-1] visualize_esdf: 0
[component_container_mt-1] aabb_min_m: [0.12, -1.50, 3.14],
[component_container_mt-1] aabb_size_m: [3.00, 3.00, 3.00]
[component_container_mt-1] [INFO] [1788753549.048795208] [nvblox_node]: Successfully wrote requested ESDF to MultiArrayMsg.
[component_container_mt-1] [INFO] [1788753549.344220624] [nvblox_node]: 
[component_container_mt-1] Received request for ESDF with:
[component_container_mt-1] update_esdf: 1
[component_container_mt-1] use_aabb: 1
[component_container_mt-1] visualize_esdf: 0
[component_container_mt-1] aabb_min_m: [0.17, -1.50, 3.14],
[component_container_mt-1] aabb_size_m: [3.00, 3.00, 3.00]
[component_container_mt-1] [INFO] [1788753549.349020522] [nvblox_node]: Successfully wrote requested ESDF to MultiArrayMsg.
[component_container_mt-1] [INFO] [1788753549.644868236] [nvblox_node]: 
[component_container_mt-1] Received request for ESDF with:
[component_container_mt-1] update_esdf: 1
[component_container_mt-1] use_aabb: 1
[component_container_mt-1] visualize_esdf: 0
[component_container_mt-1] aabb_min_m: [0.23, -1.50, 3.15],
[component_container_mt-1] aabb_size_m: [3.00, 3.00, 3.00]
[component_container_mt-1] [INFO] [1788753549.647134138] [nvblox_node]: Successfully wrote requested ESDF to MultiArrayMsg.
[component_container_mt-1] [INFO] [1788753549.944500976] [nvblox_node]: 
[component_container_mt-1] Received request for ESDF with:
[component_container_mt-1] update_esdf: 1
[component_container_mt-1] use_aabb: 1
[component_container_mt-1] visualize_esdf: 0
[component_container_mt-1] aabb_min_m: [0.29, -1.50, 3.15],
[component_container_mt-1] aabb_size_m: [3.00, 3.00, 3.00]
[component_container_mt-1] [INFO] [1788753549.947387214] [nvblox_node]: Successfully wrote requested ESDF to MultiArrayMsg.
[component_container_mt-1] [INFO] [1788753550.244194613] [nvblox_node]: 
[component_container_mt-1] Received request for ESDF with:
[component_container_mt-1] update_esdf: 1
[component_container_mt-1] use_aabb: 1
[component_container_mt-1] visualize_esdf: 0
[component_container_mt-1] aabb_min_m: [0.36, -1.50, 3.16],
[component_container_mt-1] aabb_size_m: [3.00, 3.00, 3.00]
[component_container_mt-1] [INFO] [1788753550.247672273] [nvblox_node]: Successfully wrote requested ESDF to MultiArrayMsg.
[component_container_mt-1] [INFO] [1788753550.544215065] [nvblox_node]: 
[component_container_mt-1] Received request for ESDF with:
[component_container_mt-1] update_esdf: 1
[component_container_mt-1] use_aabb: 1
[component_container_mt-1] visualize_esdf: 0
[component_container_mt-1] aabb_min_m: [0.42, -1.49, 3.16],
[component_container_mt-1] aabb_size_m: [3.00, 3.00, 3.00]
[component_container_mt-1] [INFO] [1788753550.547805240] [nvblox_node]: Successfully wrote requested ESDF to MultiArrayMsg.
[component_container_mt-1] [INFO] [1788753550.844634420] [nvblox_node]: 
[component_container_mt-1] Received request for ESDF with:
[component_container_mt-1] update_esdf: 1
[component_container_mt-1] use_aabb: 1
[component_container_mt-1] visualize_esdf: 0
[component_container_mt-1] aabb_min_m: [0.48, -1.49, 3.17],
[component_container_mt-1] aabb_size_m: [3.00, 3.00, 3.00]
[component_container_mt-1] [INFO] [1788753550.848083405] [nvblox_node]: Successfully wrote requested ESDF to MultiArrayMsg.
[component_container_mt-1] [INFO] [1788753551.144944246] [nvblox_node]: 
[component_container_mt-1] Received request for ESDF with:
[component_container_mt-1] update_esdf: 1
[component_container_mt-1] use_aabb: 1
[component_container_mt-1] visualize_esdf: 0
[component_container_mt-1] aabb_min_m: [0.44, -1.43, 3.15],
[component_container_mt-1] aabb_size_m: [3.00, 3.00, 3.00]
[component_container_mt-1] [INFO] [1788753551.148229497] [nvblox_node]: Successfully wrote requested ESDF to MultiArrayMsg.
[component_container_mt-1] [INFO] [1788753551.444628926] [nvblox_node]: 
[component_container_mt-1] Received request for ESDF with:
[component_container_mt-1] update_esdf: 1
[component_container_mt-1] use_aabb: 1
[component_container_mt-1] visualize_esdf: 0
[component_container_mt-1] aabb_min_m: [0.22, -1.28, 3.16],
[component_container_mt-1] aabb_size_m: [3.00, 3.00, 3.00]
[component_container_mt-1] [INFO] [1788753551.448436376] [nvblox_node]: Successfully wrote requested ESDF to MultiArrayMsg.
[component_container_mt-1] [INFO] [1788753551.744249834] [nvblox_node]: 
[component_container_mt-1] Received request for ESDF with:
[component_container_mt-1] update_esdf: 1
[component_container_mt-1] use_aabb: 1
[component_container_mt-1] visualize_esdf: 0
[component_container_mt-1] aabb_min_m: [0.10, -1.20, 3.17],
[component_container_mt-1] aabb_size_m: [3.00, 3.00, 3.00]
[component_container_mt-1] [INFO] [1788753551.748675516] [nvblox_node]: Successfully wrote requested ESDF to MultiArrayMsg.
[component_container_mt-1] [INFO] [1788753552.044578476] [nvblox_node]: 
[component_container_mt-1] Received request for ESDF with:
[component_container_mt-1] update_esdf: 1
[component_container_mt-1] use_aabb: 1
[component_container_mt-1] visualize_esdf: 0
[component_container_mt-1] aabb_min_m: [0.10, -1.19, 3.18],
[component_container_mt-1] aabb_size_m: [3.00, 3.00, 3.00]
[component_container_mt-1] [INFO] [1788753552.048892574] [nvblox_node]: Successfully wrote requested ESDF to MultiArrayMsg.
[component_container_mt-1] [INFO] [1788753552.344498206] [nvblox_node]: 
[component_container_mt-1] Received request for ESDF with:
[component_container_mt-1] update_esdf: 1
[component_container_mt-1] use_aabb: 1
[component_container_mt-1] visualize_esdf: 0
[component_container_mt-1] aabb_min_m: [0.17, -1.20, 3.18],
[component_container_mt-1] aabb_size_m: [3.00, 3.00, 3.00]
[component_container_mt-1] [INFO] [1788753552.349084174] [nvblox_node]: Successfully wrote requested ESDF to MultiArrayMsg.
[component_container_mt-1] [INFO] [1788753552.644697660] [nvblox_node]: 
[component_container_mt-1] Received request for ESDF with:
[component_container_mt-1] update_esdf: 1
[component_container_mt-1] use_aabb: 1
[component_container_mt-1] visualize_esdf: 0
[component_container_mt-1] aabb_min_m: [0.27, -1.23, 3.18],
[component_container_mt-1] aabb_size_m: [3.00, 3.00, 3.00]
[component_container_mt-1] [INFO] [1788753552.647208531] [nvblox_node]: Successfully wrote requested ESDF to MultiArrayMsg.
[component_container_mt-1] [INFO] [1788753552.944365829] [nvblox_node]: 
[component_container_mt-1] Received request for ESDF with:
[component_container_mt-1] update_esdf: 1
[component_container_mt-1] use_aabb: 1
[component_container_mt-1] visualize_esdf: 0
[component_container_mt-1] aabb_min_m: [0.37, -1.26, 3.18],
[component_container_mt-1] aabb_size_m: [3.00, 3.00, 3.00]
[component_container_mt-1] [INFO] [1788753552.947636052] [nvblox_node]: Successfully wrote requested ESDF to MultiArrayMsg.
[component_container_mt-1] [INFO] [1788753553.244446417] [nvblox_node]: 
[component_container_mt-1] Received request for ESDF with:
[component_container_mt-1] update_esdf: 1
[component_container_mt-1] use_aabb: 1
[component_container_mt-1] visualize_esdf: 0
[component_container_mt-1] aabb_min_m: [0.46, -1.28, 3.19],
[component_container_mt-1] aabb_size_m: [3.00, 3.00, 3.00]
[component_container_mt-1] [INFO] [1788753553.247691892] [nvblox_node]: Successfully wrote requested ESDF to MultiArrayMsg.
[component_container_mt-1] [INFO] [1788753553.544616125] [nvblox_node]: 
[component_container_mt-1] Received request for ESDF with:
[component_container_mt-1] update_esdf: 1
[component_container_mt-1] use_aabb: 1
[component_container_mt-1] visualize_esdf: 0
[component_container_mt-1] aabb_min_m: [0.11, -1.05, 3.11],
[component_container_mt-1] aabb_size_m: [3.00, 3.00, 3.00]
[component_container_mt-1] [INFO] [1788753553.547884053] [nvblox_node]: Successfully wrote requested ESDF to MultiArrayMsg.
[component_container_mt-1] [INFO] [1788753553.844245860] [nvblox_node]: 
[component_container_mt-1] Received request for ESDF with:
[component_container_mt-1] update_esdf: 1
[component_container_mt-1] use_aabb: 1
[component_container_mt-1] visualize_esdf: 0
[component_container_mt-1] aabb_min_m: [-0.48, -0.70, 3.05],
[component_container_mt-1] aabb_size_m: [3.00, 3.00, 3.00]
[component_container_mt-1] [INFO] [1788753553.848130107] [nvblox_node]: Successfully wrote requested ESDF to MultiArrayMsg.
[component_container_mt-1] [INFO] [1788753554.144379459] [nvblox_node]: 
[component_container_mt-1] Received request for ESDF with:
[component_container_mt-1] update_esdf: 1
[component_container_mt-1] use_aabb: 1
[component_container_mt-1] visualize_esdf: 0
[component_container_mt-1] aabb_min_m: [-0.94, -0.43, 3.03],
[component_container_mt-1] aabb_size_m: [3.00, 3.00, 3.00]
[component_container_mt-1] [INFO] [1788753554.148313581] [nvblox_node]: Successfully wrote requested ESDF to MultiArrayMsg.
[component_container_mt-1] [INFO] [1788753554.444607569] [nvblox_node]: 
[component_container_mt-1] Received request for ESDF with:
[component_container_mt-1] update_esdf: 1
[component_container_mt-1] use_aabb: 1
[component_container_mt-1] visualize_esdf: 0
[component_container_mt-1] aabb_min_m: [-1.17, -0.24, 3.02],
[component_container_mt-1] aabb_size_m: [3.00, 3.00, 3.00]
[component_container_mt-1] [INFO] [1788753554.448575876] [nvblox_node]: Successfully wrote requested ESDF to MultiArrayMsg.
[component_container_mt-1] [INFO] [1788753554.744474919] [nvblox_node]: 
[component_container_mt-1] Received request for ESDF with:
[component_container_mt-1] update_esdf: 1
[component_container_mt-1] use_aabb: 1
[component_container_mt-1] visualize_esdf: 0
[component_container_mt-1] aabb_min_m: [-1.23, -0.14, 2.97],
[component_container_mt-1] aabb_size_m: [3.00, 3.00, 3.00]
[component_container_mt-1] [INFO] [1788753554.748768758] [nvblox_node]: Successfully wrote requested ESDF to MultiArrayMsg.
[component_container_mt-1] [INFO] [1788753555.044710974] [nvblox_node]: 
[component_container_mt-1] Received request for ESDF with:
[component_container_mt-1] update_esdf: 1
[component_container_mt-1] use_aabb: 1
[component_container_mt-1] visualize_esdf: 0
[component_container_mt-1] aabb_min_m: [-1.18, -0.13, 2.93],
[component_container_mt-1] aabb_size_m: [3.00, 3.00, 3.00]
[component_container_mt-1] [INFO] [1788753555.048992329] [nvblox_node]: Successfully wrote requested ESDF to MultiArrayMsg.
[component_container_mt-1] [INFO] [1788753555.344532005] [nvblox_node]: 
[component_container_mt-1] Received request for ESDF with:
[component_container_mt-1] update_esdf: 1
[component_container_mt-1] use_aabb: 1
[component_container_mt-1] visualize_esdf: 0
[component_container_mt-1] aabb_min_m: [-1.10, -0.16, 2.89],
[component_container_mt-1] aabb_size_m: [3.00, 3.00, 3.00]
[component_container_mt-1] [INFO] [1788753555.349256919] [nvblox_node]: Successfully wrote requested ESDF to MultiArrayMsg.
[component_container_mt-1] [INFO] [1788753555.644789722] [nvblox_node]: 
[component_container_mt-1] Received request for ESDF with:
[component_container_mt-1] update_esdf: 1
[component_container_mt-1] use_aabb: 1
[component_container_mt-1] visualize_esdf: 0
[component_container_mt-1] aabb_min_m: [-1.01, -0.20, 2.91],
[component_container_mt-1] aabb_size_m: [3.00, 3.00, 3.00]
[component_container_mt-1] [INFO] [1788753555.647309509] [nvblox_node]: Successfully wrote requested ESDF to MultiArrayMsg.
[component_container_mt-1] [INFO] [1788753555.944606004] [nvblox_node]: 
[component_container_mt-1] Received request for ESDF with:
[component_container_mt-1] update_esdf: 1
[component_container_mt-1] use_aabb: 1
[component_container_mt-1] visualize_esdf: 0
[component_container_mt-1] aabb_min_m: [-0.94, -0.23, 2.96],
[component_container_mt-1] aabb_size_m: [3.00, 3.00, 3.00]
[component_container_mt-1] [INFO] [1788753555.947520556] [nvblox_node]: Successfully wrote requested ESDF to MultiArrayMsg.
[component_container_mt-1] [INFO] [1788753556.244269925] [nvblox_node]: 
[component_container_mt-1] Received request for ESDF with:
[component_container_mt-1] update_esdf: 1
[component_container_mt-1] use_aabb: 1
[component_container_mt-1] visualize_esdf: 0
[component_container_mt-1] aabb_min_m: [-0.87, -0.25, 3.02],
[component_container_mt-1] aabb_size_m: [3.00, 3.00, 3.00]
[component_container_mt-1] [INFO] [1788753556.247734068] [nvblox_node]: Successfully wrote requested ESDF to MultiArrayMsg.
[component_container_mt-1] [INFO] [1788753556.544255501] [nvblox_node]: 
[component_container_mt-1] Received request for ESDF with:
[component_container_mt-1] update_esdf: 1
[component_container_mt-1] use_aabb: 1
[component_container_mt-1] visualize_esdf: 0
[component_container_mt-1] aabb_min_m: [-0.82, -0.27, 3.07],
[component_container_mt-1] aabb_size_m: [3.00, 3.00, 3.00]
[component_container_mt-1] [INFO] [1788753556.547944835] [nvblox_node]: Successfully wrote requested ESDF to MultiArrayMsg.
[component_container_mt-1] [INFO] [1788753556.844463082] [nvblox_node]: 
[component_container_mt-1] Received request for ESDF with:
[component_container_mt-1] update_esdf: 1
[component_container_mt-1] use_aabb: 1
[component_container_mt-1] visualize_esdf: 0
[component_container_mt-1] aabb_min_m: [-0.79, -0.27, 3.10],
[component_container_mt-1] aabb_size_m: [3.00, 3.00, 3.00]
[component_container_mt-1] [INFO] [1788753556.848194056] [nvblox_node]: Successfully wrote requested ESDF to MultiArrayMsg.
[component_container_mt-1] [INFO] [1788753557.144771496] [nvblox_node]: 
[component_container_mt-1] Received request for ESDF with:
[component_container_mt-1] update_esdf: 1
[component_container_mt-1] use_aabb: 1
[component_container_mt-1] visualize_esdf: 0
[component_container_mt-1] aabb_min_m: [-0.74, -0.28, 3.12],
[component_container_mt-1] aabb_size_m: [3.00, 3.00, 3.00]
[component_container_mt-1] [INFO] [1788753557.148424751] [nvblox_node]: Successfully wrote requested ESDF to MultiArrayMsg.
[component_container_mt-1] [INFO] [1788753557.444290149] [nvblox_node]: 
[component_container_mt-1] Received request for ESDF with:
[component_container_mt-1] update_esdf: 1
[component_container_mt-1] use_aabb: 1
[component_container_mt-1] visualize_esdf: 0
[component_container_mt-1] aabb_min_m: [-0.69, -0.29, 3.14],
[component_container_mt-1] aabb_size_m: [3.00, 3.00, 3.00]
[component_container_mt-1] [INFO] [1788753557.448591473] [nvblox_node]: Successfully wrote requested ESDF to MultiArrayMsg.
[component_container_mt-1] [INFO] [1788753557.744381688] [nvblox_node]: 
[component_container_mt-1] Received request for ESDF with:
[component_container_mt-1] update_esdf: 1
[component_container_mt-1] use_aabb: 1
[component_container_mt-1] visualize_esdf: 0
[component_container_mt-1] aabb_min_m: [-0.61, -0.31, 3.15],
[component_container_mt-1] aabb_size_m: [3.00, 3.00, 3.00]
[component_container_mt-1] [INFO] [1788753557.748835364] [nvblox_node]: Successfully wrote requested ESDF to MultiArrayMsg.
[component_container_mt-1] [INFO] [1788753558.044316007] [nvblox_node]: 
[component_container_mt-1] Received request for ESDF with:
[component_container_mt-1] update_esdf: 1
[component_container_mt-1] use_aabb: 1
[component_container_mt-1] visualize_esdf: 0
[component_container_mt-1] aabb_min_m: [-0.53, -0.32, 3.17],
[component_container_mt-1] aabb_size_m: [3.00, 3.00, 3.00]
[component_container_mt-1] [INFO] [1788753558.049064476] [nvblox_node]: Successfully wrote requested ESDF to MultiArrayMsg.
[component_container_mt-1] [INFO] [1788753558.344426121] [nvblox_node]: 
[component_container_mt-1] Received request for ESDF with:
[component_container_mt-1] update_esdf: 1
[component_container_mt-1] use_aabb: 1
[component_container_mt-1] visualize_esdf: 0
[component_container_mt-1] aabb_min_m: [-0.44, -0.34, 3.18],
[component_container_mt-1] aabb_size_m: [3.00, 3.00, 3.00]
[component_container_mt-1] [INFO] [1788753558.349241278] [nvblox_node]: Successfully wrote requested ESDF to MultiArrayMsg.
[component_container_mt-1] [INFO] [1788753558.644992569] [nvblox_node]: 
[component_container_mt-1] Received request for ESDF with:
[component_container_mt-1] update_esdf: 1
[component_container_mt-1] use_aabb: 1
[component_container_mt-1] visualize_esdf: 0
[component_container_mt-1] aabb_min_m: [-0.35, -0.36, 3.19],
[component_container_mt-1] aabb_size_m: [3.00, 3.00, 3.00]
[component_container_mt-1] [INFO] [1788753558.647439657] [nvblox_node]: Successfully wrote requested ESDF to MultiArrayMsg.
[component_container_mt-1] [INFO] [1788753558.944748947] [nvblox_node]: 
[component_container_mt-1] Received request for ESDF with:
[component_container_mt-1] update_esdf: 1
[component_container_mt-1] use_aabb: 1
[component_container_mt-1] visualize_esdf: 0
[component_container_mt-1] aabb_min_m: [-0.27, -0.38, 3.20],
[component_container_mt-1] aabb_size_m: [3.00, 3.00, 3.00]
[component_container_mt-1] [INFO] [1788753558.947739204] [nvblox_node]: Successfully wrote requested ESDF to MultiArrayMsg.
[component_container_mt-1] [INFO] [1788753559.244372682] [nvblox_node]: 
[component_container_mt-1] Received request for ESDF with:
[component_container_mt-1] update_esdf: 1
[component_container_mt-1] use_aabb: 1
[component_container_mt-1] visualize_esdf: 0
[component_container_mt-1] aabb_min_m: [-0.19, -0.40, 3.21],
[component_container_mt-1] aabb_size_m: [3.00, 3.00, 3.00]
[component_container_mt-1] [INFO] [1788753559.247829411] [nvblox_node]: Successfully wrote requested ESDF to MultiArrayMsg.
[component_container_mt-1] [INFO] [1788753559.544378006] [nvblox_node]: 
[component_container_mt-1] Received request for ESDF with:
[component_container_mt-1] update_esdf: 1
[component_container_mt-1] use_aabb: 1
[component_container_mt-1] visualize_esdf: 0
[component_container_mt-1] aabb_min_m: [-0.10, -0.42, 3.22],
[component_container_mt-1] aabb_size_m: [3.00, 3.00, 3.00]
[component_container_mt-1] [INFO] [1788753559.548025049] [nvblox_node]: Successfully wrote requested ESDF to MultiArrayMsg.
[component_container_mt-1] [INFO] [1788753559.844320410] [nvblox_node]: 
[component_container_mt-1] Received request for ESDF with:
[component_container_mt-1] update_esdf: 1
[component_container_mt-1] use_aabb: 1
[component_container_mt-1] visualize_esdf: 0
[component_container_mt-1] aabb_min_m: [-0.03, -0.44, 3.23],
[component_container_mt-1] aabb_size_m: [3.00, 3.00, 3.00]
[component_container_mt-1] [INFO] [1788753559.848230636] [nvblox_node]: Successfully wrote requested ESDF to MultiArrayMsg.
[component_container_mt-1] [INFO] [1788753560.144912857] [nvblox_node]: 
[component_container_mt-1] Received request for ESDF with:
[component_container_mt-1] update_esdf: 1
[component_container_mt-1] use_aabb: 1
[component_container_mt-1] visualize_esdf: 0
[component_container_mt-1] aabb_min_m: [0.05, -0.46, 3.24],
[component_container_mt-1] aabb_size_m: [3.00, 3.00, 3.00]
[component_container_mt-1] [INFO] [1788753560.148680290] [nvblox_node]: Successfully wrote requested ESDF to MultiArrayMsg.
[component_container_mt-1] [INFO] [1788753560.444351118] [nvblox_node]: 
[component_container_mt-1] Received request for ESDF with:
[component_container_mt-1] update_esdf: 1
[component_container_mt-1] use_aabb: 1
[component_container_mt-1] visualize_esdf: 0
[component_container_mt-1] aabb_min_m: [0.14, -0.49, 3.24],
[component_container_mt-1] aabb_size_m: [3.00, 3.00, 3.00]
[component_container_mt-1] [INFO] [1788753560.448689102] [nvblox_node]: Successfully wrote requested ESDF to MultiArrayMsg.
[component_container_mt-1] [INFO] [1788753560.744616580] [nvblox_node]: 
[component_container_mt-1] Received request for ESDF with:
[component_container_mt-1] update_esdf: 1
[component_container_mt-1] use_aabb: 1
[component_container_mt-1] visualize_esdf: 0
[component_container_mt-1] aabb_min_m: [0.21, -0.52, 3.25],
[component_container_mt-1] aabb_size_m: [3.00, 3.00, 3.00]
[component_container_mt-1] [INFO] [1788753560.748906121] [nvblox_node]: Successfully wrote requested ESDF to MultiArrayMsg.
[component_container_mt-1] [INFO] [1788753561.044552772] [nvblox_node]: 
[component_container_mt-1] Received request for ESDF with:
[component_container_mt-1] update_esdf: 1
[component_container_mt-1] use_aabb: 1
[component_container_mt-1] visualize_esdf: 0
[component_container_mt-1] aabb_min_m: [0.29, -0.54, 3.26],
[component_container_mt-1] aabb_size_m: [3.00, 3.00, 3.00]
[component_container_mt-1] [INFO] [1788753561.049114273] [nvblox_node]: Successfully wrote requested ESDF to MultiArrayMsg.
[component_container_mt-1] [INFO] [1788753561.344368705] [nvblox_node]: 
[component_container_mt-1] Received request for ESDF with:
[component_container_mt-1] update_esdf: 1
[component_container_mt-1] use_aabb: 1
[component_container_mt-1] visualize_esdf: 0
[component_container_mt-1] aabb_min_m: [0.37, -0.57, 3.27],
[component_container_mt-1] aabb_size_m: [3.00, 3.00, 3.00]
[component_container_mt-1] [INFO] [1788753561.349327135] [nvblox_node]: Successfully wrote requested ESDF to MultiArrayMsg.
[component_container_mt-1] [INFO] [1788753561.644902019] [nvblox_node]: 
[component_container_mt-1] Received request for ESDF with:
[component_container_mt-1] update_esdf: 1
[component_container_mt-1] use_aabb: 1
[component_container_mt-1] visualize_esdf: 0
[component_container_mt-1] aabb_min_m: [0.45, -0.60, 3.27],
[component_container_mt-1] aabb_size_m: [3.00, 3.00, 3.00]
[component_container_mt-1] [INFO] [1788753561.647441865] [nvblox_node]: Successfully wrote requested ESDF to MultiArrayMsg.
[component_container_mt-1] [INFO] [1788753561.944247732] [nvblox_node]: 
[component_container_mt-1] Received request for ESDF with:
[component_container_mt-1] update_esdf: 1
[component_container_mt-1] use_aabb: 1
[component_container_mt-1] visualize_esdf: 0
[component_container_mt-1] aabb_min_m: [0.53, -0.62, 3.28],
[component_container_mt-1] aabb_size_m: [3.00, 3.00, 3.00]
[component_container_mt-1] [INFO] [1788753561.947741582] [nvblox_node]: Successfully wrote requested ESDF to MultiArrayMsg.
[component_container_mt-1] [INFO] [1788753562.244653172] [nvblox_node]: 
[component_container_mt-1] Received request for ESDF with:
[component_container_mt-1] update_esdf: 1
[component_container_mt-1] use_aabb: 1
[component_container_mt-1] visualize_esdf: 0
[component_container_mt-1] aabb_min_m: [0.61, -0.65, 3.28],
[component_container_mt-1] aabb_size_m: [3.00, 3.00, 3.00]
[component_container_mt-1] [INFO] [1788753562.247916882] [nvblox_node]: Successfully wrote requested ESDF to MultiArrayMsg.
[component_container_mt-1] [INFO] [1788753562.544227483] [nvblox_node]: 
[component_container_mt-1] Received request for ESDF with:
[component_container_mt-1] update_esdf: 1
[component_container_mt-1] use_aabb: 1
[component_container_mt-1] visualize_esdf: 0
[component_container_mt-1] aabb_min_m: [0.70, -0.68, 3.29],
[component_container_mt-1] aabb_size_m: [3.00, 3.00, 3.00]
[component_container_mt-1] [INFO] [1788753562.548093414] [nvblox_node]: Successfully wrote requested ESDF to MultiArrayMsg.
[component_container_mt-1] [INFO] [1788753562.844207369] [nvblox_node]: 
[component_container_mt-1] Received request for ESDF with:
[component_container_mt-1] update_esdf: 1
[component_container_mt-1] use_aabb: 1
[component_container_mt-1] visualize_esdf: 0
[component_container_mt-1] aabb_min_m: [0.79, -0.70, 3.29],
[component_container_mt-1] aabb_size_m: [3.00, 3.00, 3.00]
[component_container_mt-1] [INFO] [1788753562.848327456] [nvblox_node]: Successfully wrote requested ESDF to MultiArrayMsg.
[component_container_mt-1] [INFO] [1788753563.144728921] [nvblox_node]: 
[component_container_mt-1] Received request for ESDF with:
[component_container_mt-1] update_esdf: 1
[component_container_mt-1] use_aabb: 1
[component_container_mt-1] visualize_esdf: 0
[component_container_mt-1] aabb_min_m: [0.87, -0.73, 3.30],
[component_container_mt-1] aabb_size_m: [3.00, 3.00, 3.00]
[component_container_mt-1] [INFO] [1788753563.148635470] [nvblox_node]: Successfully wrote requested ESDF to MultiArrayMsg.
[component_container_mt-1] [INFO] [1788753563.444191679] [nvblox_node]: 
[component_container_mt-1] Received request for ESDF with:
[component_container_mt-1] update_esdf: 1
[component_container_mt-1] use_aabb: 1
[component_container_mt-1] visualize_esdf: 0
[component_container_mt-1] aabb_min_m: [0.96, -0.75, 3.30],
[component_container_mt-1] aabb_size_m: [3.00, 3.00, 3.00]
[component_container_mt-1] [INFO] [1788753563.448765554] [nvblox_node]: Successfully wrote requested ESDF to MultiArrayMsg.
[component_container_mt-1] [INFO] [1788753563.744412696] [nvblox_node]: 
[component_container_mt-1] Received request for ESDF with:
[component_container_mt-1] update_esdf: 1
[component_container_mt-1] use_aabb: 1
[component_container_mt-1] visualize_esdf: 0
[component_container_mt-1] aabb_min_m: [1.04, -0.78, 3.31],
[component_container_mt-1] aabb_size_m: [3.00, 3.00, 3.00]
[component_container_mt-1] [INFO] [1788753563.749026648] [nvblox_node]: Successfully wrote requested ESDF to MultiArrayMsg.
[component_container_mt-1] [INFO] [1788753564.044327277] [nvblox_node]: 
[component_container_mt-1] Received request for ESDF with:
[component_container_mt-1] update_esdf: 1
[component_container_mt-1] use_aabb: 1
[component_container_mt-1] visualize_esdf: 0
[component_container_mt-1] aabb_min_m: [1.12, -0.80, 3.31],
[component_container_mt-1] aabb_size_m: [3.00, 3.00, 3.00]
[component_container_mt-1] [INFO] [1788753564.049261331] [nvblox_node]: Successfully wrote requested ESDF to MultiArrayMsg.
[component_container_mt-1] [INFO] [1788753564.344251417] [nvblox_node]: 
[component_container_mt-1] Received request for ESDF with:
[component_container_mt-1] update_esdf: 1
[component_container_mt-1] use_aabb: 1
[component_container_mt-1] visualize_esdf: 0
[component_container_mt-1] aabb_min_m: [1.20, -0.82, 3.31],
[component_container_mt-1] aabb_size_m: [3.00, 3.00, 3.00]
[component_container_mt-1] [INFO] [1788753564.349421292] [nvblox_node]: Successfully wrote requested ESDF to MultiArrayMsg.
[component_container_mt-1] [INFO] [1788753564.644892909] [nvblox_node]: 
[component_container_mt-1] Received request for ESDF with:
[component_container_mt-1] update_esdf: 1
[component_container_mt-1] use_aabb: 1
[component_container_mt-1] visualize_esdf: 0
[component_container_mt-1] aabb_min_m: [1.28, -0.84, 3.32],
[component_container_mt-1] aabb_size_m: [3.00, 3.00, 3.00]
[component_container_mt-1] [INFO] [1788753564.647526624] [nvblox_node]: Successfully wrote requested ESDF to MultiArrayMsg.
[component_container_mt-1] [INFO] [1788753564.944218795] [nvblox_node]: 
[component_container_mt-1] Received request for ESDF with:
[component_container_mt-1] update_esdf: 1
[component_container_mt-1] use_aabb: 1
[component_container_mt-1] visualize_esdf: 0
[component_container_mt-1] aabb_min_m: [1.36, -0.87, 3.32],
[component_container_mt-1] aabb_size_m: [3.00, 3.00, 3.00]
[component_container_mt-1] [INFO] [1788753564.947747431] [nvblox_node]: Successfully wrote requested ESDF to MultiArrayMsg.
[component_container_mt-1] [INFO] [1788753565.244607764] [nvblox_node]: 
[component_container_mt-1] Received request for ESDF with:
[component_container_mt-1] update_esdf: 1
[component_container_mt-1] use_aabb: 1
[component_container_mt-1] visualize_esdf: 0
[component_container_mt-1] aabb_min_m: [1.43, -0.89, 3.32],
[component_container_mt-1] aabb_size_m: [3.00, 3.00, 3.00]
[component_container_mt-1] [INFO] [1788753565.247964502] [nvblox_node]: Successfully wrote requested ESDF to MultiArrayMsg.
[component_container_mt-1] [INFO] [1788753565.544230117] [nvblox_node]: 
[component_container_mt-1] Received request for ESDF with:
[component_container_mt-1] update_esdf: 1
[component_container_mt-1] use_aabb: 1
[component_container_mt-1] visualize_esdf: 0
[component_container_mt-1] aabb_min_m: [1.50, -0.91, 3.33],
[component_container_mt-1] aabb_size_m: [3.00, 3.00, 3.00]
[component_container_mt-1] [INFO] [1788753565.548188525] [nvblox_node]: Successfully wrote requested ESDF to MultiArrayMsg.
[component_container_mt-1] [INFO] [1788753565.844189925] [nvblox_node]: 
[component_container_mt-1] Received request for ESDF with:
[component_container_mt-1] update_esdf: 1
[component_container_mt-1] use_aabb: 1
[component_container_mt-1] visualize_esdf: 0
[component_container_mt-1] aabb_min_m: [1.58, -0.93, 3.33],
[component_container_mt-1] aabb_size_m: [3.00, 3.00, 3.00]
[component_container_mt-1] [INFO] [1788753565.848385446] [nvblox_node]: Successfully wrote requested ESDF to MultiArrayMsg.
[component_container_mt-1] [INFO] [1788753566.144479233] [nvblox_node]: 
[component_container_mt-1] Received request for ESDF with:
[component_container_mt-1] update_esdf: 1
[component_container_mt-1] use_aabb: 1
[component_container_mt-1] visualize_esdf: 0
[component_container_mt-1] aabb_min_m: [1.65, -0.96, 3.33],
[component_container_mt-1] aabb_size_m: [3.00, 3.00, 3.00]
[component_container_mt-1] [INFO] [1788753566.148636912] [nvblox_node]: Successfully wrote requested ESDF to MultiArrayMsg.
[component_container_mt-1] [INFO] [1788753566.444613665] [nvblox_node]: 
[component_container_mt-1] Received request for ESDF with:
[component_container_mt-1] update_esdf: 1
[component_container_mt-1] use_aabb: 1
[component_container_mt-1] visualize_esdf: 0
[component_container_mt-1] aabb_min_m: [1.72, -0.98, 3.33],
[component_container_mt-1] aabb_size_m: [3.00, 3.00, 3.00]
[component_container_mt-1] [INFO] [1788753566.448894881] [nvblox_node]: Successfully wrote requested ESDF to MultiArrayMsg.
[component_container_mt-1] [INFO] [1788753566.744198156] [nvblox_node]: 
[component_container_mt-1] Received request for ESDF with:
[component_container_mt-1] update_esdf: 1
[component_container_mt-1] use_aabb: 1
[component_container_mt-1] visualize_esdf: 0
[component_container_mt-1] aabb_min_m: [1.79, -0.99, 3.33],
[component_container_mt-1] aabb_size_m: [3.00, 3.00, 3.00]
[component_container_mt-1] [INFO] [1788753566.749034593] [nvblox_node]: Successfully wrote requested ESDF to MultiArrayMsg.
[component_container_mt-1] [INFO] [1788753567.044277343] [nvblox_node]: 
[component_container_mt-1] Received request for ESDF with:
[component_container_mt-1] update_esdf: 1
[component_container_mt-1] use_aabb: 1
[component_container_mt-1] visualize_esdf: 0
[component_container_mt-1] aabb_min_m: [1.86, -1.01, 3.33],
[component_container_mt-1] aabb_size_m: [3.00, 3.00, 3.00]
[component_container_mt-1] [INFO] [1788753567.049257525] [nvblox_node]: Successfully wrote requested ESDF to MultiArrayMsg.
[component_container_mt-1] [INFO] [1788753567.344430571] [nvblox_node]: 
[component_container_mt-1] Received request for ESDF with:
[component_container_mt-1] update_esdf: 1
[component_container_mt-1] use_aabb: 1
[component_container_mt-1] visualize_esdf: 0
[component_container_mt-1] aabb_min_m: [1.92, -1.03, 3.34],
[component_container_mt-1] aabb_size_m: [3.00, 3.00, 3.00]
[component_container_mt-1] [INFO] [1788753567.349492780] [nvblox_node]: Successfully wrote requested ESDF to MultiArrayMsg.
[component_container_mt-1] [INFO] [1788753567.645360615] [nvblox_node]: 
[component_container_mt-1] Received request for ESDF with:
[component_container_mt-1] update_esdf: 1
[component_container_mt-1] use_aabb: 1
[component_container_mt-1] visualize_esdf: 0
[component_container_mt-1] aabb_min_m: [1.99, -1.05, 3.34],
[component_container_mt-1] aabb_size_m: [3.00, 3.00, 3.00]
[component_container_mt-1] [INFO] [1788753567.649723967] [nvblox_node]: Successfully wrote requested ESDF to MultiArrayMsg.
[component_container_mt-1] [INFO] [1788753567.944557394] [nvblox_node]: 
[component_container_mt-1] Received request for ESDF with:
[component_container_mt-1] update_esdf: 1
[component_container_mt-1] use_aabb: 1
[component_container_mt-1] visualize_esdf: 0
[component_container_mt-1] aabb_min_m: [2.06, -1.07, 3.34],
[component_container_mt-1] aabb_size_m: [3.00, 3.00, 3.00]
[component_container_mt-1] [INFO] [1788753567.947820483] [nvblox_node]: Successfully wrote requested ESDF to MultiArrayMsg.
[component_container_mt-1] [INFO] [1788753568.244394007] [nvblox_node]: 
[component_container_mt-1] Received request for ESDF with:
[component_container_mt-1] update_esdf: 1
[component_container_mt-1] use_aabb: 1
[component_container_mt-1] visualize_esdf: 0
[component_container_mt-1] aabb_min_m: [2.12, -1.08, 3.35],
[component_container_mt-1] aabb_size_m: [3.00, 3.00, 3.00]
[component_container_mt-1] [INFO] [1788753568.248080215] [nvblox_node]: Successfully wrote requested ESDF to MultiArrayMsg.
[component_container_mt-1] [INFO] [1788753568.544224088] [nvblox_node]: 
[component_container_mt-1] Received request for ESDF with:
[component_container_mt-1] update_esdf: 1
[component_container_mt-1] use_aabb: 1
[component_container_mt-1] visualize_esdf: 0
[component_container_mt-1] aabb_min_m: [2.19, -1.10, 3.35],
[component_container_mt-1] aabb_size_m: [3.00, 3.00, 3.00]
[component_container_mt-1] [INFO] [1788753568.548239265] [nvblox_node]: Successfully wrote requested ESDF to MultiArrayMsg.
[component_container_mt-1] [INFO] [1788753568.844737665] [nvblox_node]: 
[component_container_mt-1] Received request for ESDF with:
[component_container_mt-1] update_esdf: 1
[component_container_mt-1] use_aabb: 1
[component_container_mt-1] visualize_esdf: 0
[component_container_mt-1] aabb_min_m: [2.25, -1.11, 3.36],
[component_container_mt-1] aabb_size_m: [3.00, 3.00, 3.00]
[component_container_mt-1] [INFO] [1788753568.848468548] [nvblox_node]: Successfully wrote requested ESDF to MultiArrayMsg.
[component_container_mt-1] [INFO] [1788753569.144745786] [nvblox_node]: 
[component_container_mt-1] Received request for ESDF with:
[component_container_mt-1] update_esdf: 1
[component_container_mt-1] use_aabb: 1
[component_container_mt-1] visualize_esdf: 0
[component_container_mt-1] aabb_min_m: [2.32, -1.12, 3.37],
[component_container_mt-1] aabb_size_m: [3.00, 3.00, 3.00]
[component_container_mt-1] [INFO] [1788753569.148669899] [nvblox_node]: Successfully wrote requested ESDF to MultiArrayMsg.
[component_container_mt-1] [INFO] [1788753569.444265023] [nvblox_node]: 
[component_container_mt-1] Received request for ESDF with:
[component_container_mt-1] update_esdf: 1
[component_container_mt-1] use_aabb: 1
[component_container_mt-1] visualize_esdf: 0
[component_container_mt-1] aabb_min_m: [2.39, -1.14, 3.37],
[component_container_mt-1] aabb_size_m: [3.00, 3.00, 3.00]
[component_container_mt-1] [INFO] [1788753569.448923940] [nvblox_node]: Successfully wrote requested ESDF to MultiArrayMsg.
[component_container_mt-1] [INFO] [1788753569.744286960] [nvblox_node]: 
[component_container_mt-1] Received request for ESDF with:
[component_container_mt-1] update_esdf: 1
[component_container_mt-1] use_aabb: 1
[component_container_mt-1] visualize_esdf: 0
[component_container_mt-1] aabb_min_m: [2.45, -1.15, 3.38],
[component_container_mt-1] aabb_size_m: [3.00, 3.00, 3.00]
[component_container_mt-1] [INFO] [1788753569.749101305] [nvblox_node]: Successfully wrote requested ESDF to MultiArrayMsg.
