t_wall,t_sim,exp_id,gt_x,gt_y,gt_z,gt_dyaw_deg,vslam_x,vslam_y,vslam_z,vslam_dyaw_deg,pos_error_m,yaw_error_deg,vo_state,feature_count,msg_age_s
1788594728.510823,34.916000,gate_sweep_medium_r12,6.591301644220948e-05,0.00013368547661229968,1.9937753677368164e-05,0.00024933778838255165,0.0,0.0,0.0,0.0,0.00015037900922425346,0.00024933778838255165,,,1788594693.5948071
1788594728.601105,34.948000,gate_sweep_medium_r12,7.888890104368329e-05,0.0004850924597121775,8.830428123474121e-05,0.001127006400564746,0.0,0.0,0.0,0.0,0.0004993353575122384,0.001127006400564746,1,377,1788594693.6530826
1788594728.650627,34.984000,gate_sweep_medium_r12,-6.495986599475145e-05,0.0007666384917683899,0.00018224120140075684,0.0011269894280101812,0.0,0.0,0.0,0.0,0.0007906745327497017,0.0011269894280101812,1,377,1788594693.6665888
1788594728.699701,35.016000,gate_sweep_medium_r12,-0.00032109982566908,0.0010637584491632879,0.0003514289855957031,0.0009424371081608153,0.0,0.0,0.0,0.0,0.0011654138613075707,0.0009424371081608153,1,377,1788594693.6836758
1788594728.751504,35.048000,gate_sweep_medium_r12,-0.0008383975655306131,0.0014805658138357103,0.0006707608699798584,0.0010241474921966528,0.0,0.0,0.0,0.0,0.0018289083497219848,0.001024147492196653,1,377,1788594693.7034855
1788594728.800618,35.080000,gate_sweep_medium_r12,-0.0014213326503522694,0.0018330388120375574,0.001024484634399414,0.0014882269181359375,0.0,0.0,0.0,0.0,0.0025357023791277174,0.0014882269181359375,1,377,1788594693.7206006
1788594728.848715,35.116000,gate_sweep_medium_r12,-0.001934163912665099,0.0021012983634136617,0.001374751329421997,0.0013754775385316144,0.0,0.0,0.0,0.0,0.0031696034564103514,0.0013754775385316144,1,377,1788594693.7326977
1788594728.893828,35.148000,gate_sweep_medium_r12,-0.0028297630487941206,0.002557659463491291,0.002042323350906372,0.0024334927347385493,0.0,0.0,0.0,0.0,0.004326692213823926,0.0024334927347385493,1,377,1788594693.7457964
1788594728.946105,35.180000,gate_sweep_medium_r12,-0.003545534738805145,0.002900636463891715,0.002563953399658203,0.0019482525855262585,0.0,0.0,0.0,0.0,0.005249606224789738,0.0019482525855262585,1,377,1788594693.7660782
1788594728.989233,35.212000,gate_sweep_medium_r12,-0.004237729299347848,0.0032175748492591083,0.003125220537185669,0.001643580803763783,0.0,0.0,0.0,0.0,0.006170748814461909,0.001643580803763783,1,377,1788594693.7772198
1788594729.034619,35.248000,gate_sweep_medium_r12,-0.005023695470299572,0.0035841261851601303,0.0038793981075286865,0.000529704152368911,0.0,0.0,0.0,0.0,0.007289252798892085,0.000529704152368911,1,377,1788594693.7866
1788594729.081177,35.280000,gate_sweep_medium_r12,-0.005601695680525154,0.003854324750136584,0.004475057125091553,0.0009395422225089474,0.0,0.0,0.0,0.0,0.008140082926454883,0.0009395422225089474,1,377,1788594693.8011606
1788594729.128024,35.312000,gate_sweep_medium_r12,-0.0060126459575258195,0.00404812180204317,0.004932016134262085,0.0016500834966478497,0.0,0.0,0.0,0.0,0.008767210769871473,0.0016500834966478497,1,377,1788594693.8160036
1788594729.178408,35.344000,gate_sweep_medium_r12,-0.0066776531166397035,0.0042811997118406,0.005682468414306641,0.00046802734783541833,0.0,0.0,0.0,0.0,0.009757569851065613,0.00046802734783541833,1,377,1788594693.834391
1788594729.224082,35.380000,gate_sweep_medium_r12,-0.007181108871009201,0.004367281391751021,0.006209820508956909,0.00016377065556316312,0.0,0.0,0.0,0.0,0.01045004029300766,0.00016377065556316312,1,377,1788594693.8440602
1788594729.268426,35.412000,gate_sweep_medium_r12,-0.007662789837922901,0.004436708230059594,0.0066915154457092285,0.000160281684271373,0.0,0.0,0.0,0.0,0.01109860833523817,0.000160281684271373,1,377,1788594693.8564095
1788594729.314642,35.444000,gate_sweep_medium_r12,-0.008148901571985334,0.004507653589826077,0.007143855094909668,-2.7764177021129526e-05,0.0,0.0,0.0,0.0,0.011737044062831313,2.7764177021129526e-05,1,377,1788594693.8706229
1788594729.364189,35.476000,gate_sweep_medium_r12,-0.008766845741774887,0.004594278696458787,0.007644087076187134,0.0007855778750735727,0.0,0.0,0.0,0.0,0.012505880545932888,0.0007855778750735727,1,377,1788594693.8881686
1788594729.411657,35.512000,gate_sweep_medium_r12,-0.009150776953902096,0.004635187506210059,0.007929861545562744,0.0007068543092594059,0.0,0.0,0.0,0.0,0.012965507556959978,0.0007068543092594059,1,377,1788594693.8996394
1788594729.457422,35.544000,gate_sweep_medium_r12,-0.009680034534540027,0.00468868826283142,0.008246749639511108,0.0016971990521698994,0.0,0.0,0.0,0.0,0.013553440368875987,0.0016971990521698996,1,377,1788594693.9134052
1788594729.505827,35.576000,gate_sweep_medium_r12,-0.010219029092695564,0.004771906591486186,0.008487522602081299,0.0017139957299640003,0.0,0.0,0.0,0.0,0.0141151580946183,0.0017139957299640003,1,377,1788594693.9298055
1788594729.556990,35.608000,gate_sweep_medium_r12,-0.010870756523218006,0.004931941337417811,0.008660227060317993,0.0019974027633646754,0.0,0.0,0.0,0.0,0.014747776967362961,0.001997402763364676,1,377,1788594693.948974
1788594729.602881,35.644000,gate_sweep_medium_r12,-0.011315032781567425,0.005108288663905114,0.008693218231201172,0.001782489225002627,0.0,0.0,0.0,0.0,0.015155745548702491,0.001782489225002627,1,377,1788594693.9588642
1788594729.647619,35.676000,gate_sweep_medium_r12,-0.011606828251387924,0.005282494414132088,0.008747607469558716,0.0019566804630669473,0.0,0.0,0.0,0.0,0.015464276437455229,0.0019566804630669473,1,377,1788594693.9716039
1788594730.006612,35.708000,gate_sweep_medium_r12,-0.012601288908626884,0.006750833883415908,0.007435411214828491,0.0006856067982742964,0.0,0.0,0.0,0.0,0.01611370783568315,0.0006856067982742964,1,377,1788594694.2986004
1788594730.007179,35.740000,gate_sweep_medium_r12,-0.012600282148923725,0.006813306536059827,0.00732913613319397,0.0004942254957748795,0.0,0.0,0.0,0.0,0.016090509396712426,0.0004942254957748795,1,377,1788594694.2671735
1788594730.007620,35.776000,gate_sweep_medium_r12,-0.012571740837302059,0.006871035031508654,0.007212728261947632,0.0002519794973645923,0.0,0.0,0.0,0.0,0.01604005109297366,0.0002519794973645923,1,377,1788594694.2316144
1788594730.008060,35.808000,gate_sweep_medium_r12,-0.012545579054858536,0.00692858052207157,0.007098942995071411,-0.0001851033721351946,0.0,0.0,0.0,0.0,0.0159934915987663,0.00018510337213519461,1,377,1788594694.200055
1788594730.008492,35.840000,gate_sweep_medium_r12,-0.01250002154847607,0.007043016783427447,0.006878793239593506,-0.0009469088916364879,0.0,0.0,0.0,0.0,0.01591139279123874,0.0009469088916364879,1,377,1788594694.1684868
1788594730.008933,35.872000,gate_sweep_medium_r12,-0.01246595656266436,0.007090631581377238,0.006758570671081543,-0.0010666121148263734,0.0,0.0,0.0,0.0,0.015854192087932532,0.0010666121148263734,1,377,1788594694.1369278
1788594730.009374,35.908000,gate_sweep_medium_r12,-0.012434621283318847,0.007138708315324038,0.0066488683223724365,-0.0013363364658505446,0.0,0.0,0.0,0.0,0.01580469591099716,0.0013363364658505446,1,377,1788594694.1013696
1788594730.024861,35.940000,gate_sweep_medium_r12,-0.01227903732797131,0.007322333462070674,0.006119459867477417,-0.0021970619804618638,0.0,0.0,0.0,0.0,0.01555117725772359,0.0021970619804618638,1,377,1788594694.0848293
1788594730.073237,35.972000,gate_sweep_medium_r12,-0.012145204411353916,0.007395202002953738,0.005719691514968872,-0.0035153046671177186,0.0,0.0,0.0,0.0,0.015326769845093536,0.0035153046671177177,1,377,1788594694.1012213
1788594730.129343,36.004000,gate_sweep_medium_r12,-0.011915661336388439,0.007349996536504477,0.00523608922958374,-0.004027493123222247,0.0,0.0,0.0,0.0,0.014947309610438025,0.004027493123222247,1,377,1788594694.125324
1788594730.176876,36.040000,gate_sweep_medium_r12,-0.011676978261675686,0.0071986361290328205,0.004865467548370361,-0.004263054268722515,0.0,0.0,0.0,0.0,0.014554894637410064,0.004263054268722515,1,377,1788594694.136857
1788594730.226153,36.072000,gate_sweep_medium_r12,-0.011456971929874271,0.007031606219243258,0.004628926515579224,-0.004949405349378647,0.0,0.0,0.0,0.0,0.014217336336707374,0.004949405349378647,1,377,1788594694.1541317
1788594730.274053,36.104000,gate_sweep_medium_r12,-0.011114404478576034,0.006748582876753062,0.00437396764755249,-0.004375449493189343,0.0,0.0,0.0,0.0,0.013718780949473298,0.004375449493189343,1,377,1788594694.1700337
1788594730.374789,36.136000,gate_sweep_medium_r12,-0.010641643719282001,0.006315603561233729,0.004171878099441528,-0.005160952975948064,0.0,0.0,0.0,0.0,0.013058943152774732,0.0051609529759480645,1,377,1788594694.2387416
1788594730.429303,36.172000,gate_sweep_medium_r12,-0.010266752855386585,0.005914308771025389,0.004172295331954956,-0.006021337836805742,0.0,0.0,0.0,0.0,0.01256158074326912,0.006021337836805742,1,377,1788594694.2572842
1788594730.476511,36.204000,gate_sweep_medium_r12,-0.00996771635254845,0.0054546642932109535,0.004248708486557007,-0.00605875501973148,0.0,0.0,0.0,0.0,0.012130962683984888,0.006058755019731481,1,377,1788594694.272492
1788594730.526729,36.236000,gate_sweep_medium_r12,-0.009790381358470768,0.0050870400737039745,0.004316508769989014,-0.006851117194212123,0.0,0.0,0.0,0.0,0.011847438196384657,0.006851117194212123,1,377,1788594694.2907078
1788594730.575771,36.268000,gate_sweep_medium_r12,-0.009549351350869983,0.004404353618156165,0.004537850618362427,-0.00620182983967159,0.0,0.0,0.0,0.0,0.01145340692766567,0.00620182983967159,1,377,1788594694.3077462
1788594730.625961,36.304000,gate_sweep_medium_r12,-0.009348041319753975,0.003826984844636172,0.004773914813995361,-0.006242669104081336,0.0,0.0,0.0,0.0,0.011172374508947815,0.006242669104081335,1,377,1788594694.321937
1788594730.675776,36.336000,gate_sweep_medium_r12,-0.00914152612676844,0.0032616766984574497,0.005070149898529053,-0.00648519396414147,0.0,0.0,0.0,0.0,0.010950454547880852,0.00648519396414147,1,377,1788594694.3397577
1788594730.721099,36.368000,gate_sweep_medium_r12,-0.008861391746904701,0.002614467346575111,0.0055196285247802734,-0.006556685300637757,0.0,0.0,0.0,0.0,0.010762248940160523,0.006556685300637757,1,377,1788594694.3530824
1788594730.783408,36.400000,gate_sweep_medium_r12,-0.008620627166237682,0.0021193932625465095,0.005956977605819702,-0.006788701916791825,0.0,0.0,0.0,0.0,0.010690772784828984,0.006788701916791825,1,377,1788594694.3833923
1788594730.877296,36.436000,gate_sweep_medium_r12,-0.008458788448479027,0.0017374632298015058,0.006321340799331665,-0.00781660043649859,0.0,0.0,0.0,0.0,0.010701833020204042,0.00781660043649859,1,377,1788594694.4412746
1788594730.925896,36.468000,gate_sweep_medium_r12,-0.008213876222725958,0.0010649703326635063,0.006949275732040405,-0.007464680920205091,0.0,0.0,0.0,0.0,0.010811769402444818,0.007464680920205091,1,377,1788594694.457877
1788594730.977528,36.500000,gate_sweep_medium_r12,-0.008078995102550834,0.00048826943384483457,0.007464289665222168,-0.006303539723952797,0.0,0.0,0.0,0.0,0.01101018569840718,0.006303539723952797,1,377,1788594694.4775088
1788594731.027397,36.532000,gate_sweep_medium_r12,-0.008024974667932838,-0.00012682832311838865,0.007986724376678467,-0.006190605722717119,0.0,0.0,0.0,0.0,0.011322723617290092,0.006190605722717119,1,377,1788594694.4953759
1788594731.073026,36.568000,gate_sweep_medium_r12,-0.008019620028790087,-0.0009237126523657935,0.008548349142074585,-0.006494846865632843,0.0,0.0,0.0,0.0,0.011757628312083991,0.006494846865632843,1,377,1788594694.50501
1788594731.118965,36.600000,gate_sweep_medium_r12,-0.008036246930714697,-0.0015414946246892214,0.008985370397567749,-0.0058323821028101646,0.0,0.0,0.0,0.0,0.0121529564958842,0.0058323821028101646,1,377,1788594694.5189404
1788594731.168885,36.632000,gate_sweep_medium_r12,-0.00802893697982654,-0.0019919582991860807,0.009328067302703857,-0.006078394766248097,0.0,0.0,0.0,0.0,0.012467741034184791,0.006078394766248097,1,377,1788594694.5368664
1788594731.217901,36.664000,gate_sweep_medium_r12,-0.007981434871908277,-0.0027125708875246346,0.009954094886779785,-0.0065186699287355316,0.0,0.0,0.0,0.0,0.013043977478107479,0.0065186699287355316,1,377,1788594694.5538764
1788594731.267505,36.700000,gate_sweep_medium_r12,-0.007921169919427484,-0.0032824925729073584,0.010469406843185425,-0.005538328434454505,0.0,0.0,0.0,0.0,0.013532485729967446,0.005538328434454505,1,377,1788594694.5674806
1788594731.314328,36.732000,gate_sweep_medium_r12,-0.00786685844650492,-0.0038765969802625477,0.01094844937324524,-0.005586025278417764,0.0,0.0,0.0,0.0,0.014027972399575093,0.005586025278417764,1,377,1788594694.5823107
1788594731.362988,36.764000,gate_sweep_medium_r12,-0.007822969870176166,-0.004479288181755692,0.01132097840309143,-0.0062486991917054795,0.0,0.0,0.0,0.0,0.014471607796238914,0.0062486991917054795,1,377,1788594694.5989666
1788594731.410995,36.796000,gate_sweep_medium_r12,-0.007743461930658668,-0.005224896420259029,0.01175263524055481,-0.00550731408494143,0.0,0.0,0.0,0.0,0.015012833855456022,0.00550731408494143,1,377,1788594694.6149743
1788594731.456951,36.832000,gate_sweep_medium_r12,-0.007654419110622257,-0.005636096291709691,0.012040972709655762,-0.005462674801525248,0.0,0.0,0.0,0.0,0.015340819310752532,0.005462674801525248,1,377,1788594694.624927
1788594731.501319,36.864000,gate_sweep_medium_r12,-0.007497654238250107,-0.00614634744124487,0.012488096952438354,-0.004632367085929164,0.0,0.0,0.0,0.0,0.015809648049161223,0.004632367085929164,1,377,1788594694.6372995
1788594731.550338,36.896000,gate_sweep_medium_r12,-0.007320971169974655,-0.006596479390282184,0.012999773025512695,-0.0052126780108403496,0.0,0.0,0.0,0.0,0.016312702349177623,0.0052126780108403496,1,377,1788594694.6543188
1788594731.600903,36.928000,gate_sweep_medium_r12,-0.0070873419172130525,-0.007051650260109454,0.013653665781021118,-0.00522992296248607,0.0,0.0,0.0,0.0,0.01692272957008455,0.00522992296248607,1,377,1788594694.6728847
1788594731.652542,36.964000,gate_sweep_medium_r12,-0.006918391154613346,-0.007315144699532539,0.014168709516525269,-0.006066683705161694,0.0,0.0,0.0,0.0,0.017381824055806253,0.006066683705161694,1,377,1788594694.6885204
1788594731.701443,36.996000,gate_sweep_medium_r12,-0.006831294333096594,-0.007471032731700689,0.014548122882843018,-0.006008444945852476,0.0,0.0,0.0,0.0,0.017723735265395987,0.006008444945852476,1,377,1788594694.705424
1788594731.747305,37.028000,gate_sweep_medium_r12,-0.006750235741492361,-0.007691739418078214,0.015148431062698364,-0.005850957455692682,0.0,0.0,0.0,0.0,0.018281233588099677,0.005850957455692682,1,377,1788594694.7192852
1788594731.794951,37.060000,gate_sweep_medium_r12,-0.006758044415619224,-0.007813372474629432,0.015637695789337158,-0.006951009205263843,0.0,0.0,0.0,0.0,0.01874186445769556,0.006951009205263843,1,377,1788594694.7349317
1788594731.841510,37.096000,gate_sweep_medium_r12,-0.006839931884314865,-0.007875704963225871,0.01616305112838745,-0.006640232968286018,0.0,0.0,0.0,0.0,0.01923682974475562,0.006640232968286018,1,377,1788594694.7454925
1788594731.887075,37.128000,gate_sweep_medium_r12,-0.0070139592862688005,-0.007889014028478414,0.016776174306869507,-0.005291151761407575,0.0,0.0,0.0,0.0,0.01982100379863326,0.005291151761407574,1,377,1788594694.7590575
1788594731.931153,37.160000,gate_sweep_medium_r12,-0.007196330407168716,-0.007889793545473367,0.017256945371627808,-0.00471763200189805,0.0,0.0,0.0,0.0,0.020293796517130074,0.00471763200189805,1,377,1788594694.7711334
1788594731.976175,37.192000,gate_sweep_medium_r12,-0.007355357462074608,-0.007844188541639596,0.01761588454246521,-0.004454741347402952,0.0,0.0,0.0,0.0,0.020638603767821874,0.004454741347402952,1,377,1788594694.7841558
1788594732.026234,37.228000,gate_sweep_medium_r12,-0.007671056722756475,-0.0076776722562499344,0.0182170569896698,-0.0037990538544160337,0.0,0.0,0.0,0.0,0.021205021289378952,0.0037990538544160337,1,377,1788594694.7982137
1788594732.072151,37.260000,gate_sweep_medium_r12,-0.007991373480763286,-0.007478294719476253,0.018730491399765015,-0.002371645236696951,0.0,0.0,0.0,0.0,0.021693737577860212,0.0023716452366969506,1,377,1788594694.8121314
1788594732.120146,37.292000,gate_sweep_medium_r12,-0.008364474808331579,-0.007238899182993919,0.019260555505752563,-0.0020814368634667737,0.0,0.0,0.0,0.0,0.02221114807007821,0.002081436863466774,1,377,1788594694.8281212
1788594732.173151,37.324000,gate_sweep_medium_r12,-0.008902958536054939,-0.006865313102025539,0.019843220710754395,-0.0008761220489881173,0.0,0.0,0.0,0.0,0.02280676660246404,0.0008761220489881173,1,377,1788594694.8491325
1788594732.220622,37.360000,gate_sweep_medium_r12,-0.009368962550070137,-0.006508214690256864,0.02026134729385376,5.28489580893343e-05,0.0,0.0,0.0,0.0,0.023252021672991084,5.284895808933431e-05,1,377,1788594694.8606026
1788594732.267218,37.392000,gate_sweep_medium_r12,-0.009734113642480224,-0.00622289750026539,0.020547151565551758,8.083615190534538e-06,0.0,0.0,0.0,0.0,0.023572502182867328,8.083615190534538e-06,1,377,1788594694.8751988
1788594732.312106,37.424000,gate_sweep_medium_r12,-0.010228387953247875,-0.005823770829010755,0.020897209644317627,0.0012273002822264572,0.0,0.0,0.0,0.0,0.02398394458193949,0.0012273002822264572,1,377,1788594694.8880873
1788594732.362605,37.456000,gate_sweep_medium_r12,-0.010814987996127456,-0.005303717975039035,0.021329045295715332,0.0018862334513440355,0.0,0.0,0.0,0.0,0.024495337575583837,0.0018862334513440355,1,377,1788594694.9065852
1788594732.413590,37.492000,gate_sweep_medium_r12,-0.011252639757003635,-0.0048520642449148,0.021658718585968018,0.002353974489012453,0.0,0.0,0.0,0.0,0.024885026014128172,0.002353974489012453,1,377,1788594694.9215708
1788594732.459693,37.524000,gate_sweep_medium_r12,-0.011664980032946914,-0.004303933645132929,0.02194717526435852,0.003330580665757513,0.0,0.0,0.0,0.0,0.025224474346856623,0.003330580665757513,1,377,1788594694.9356773
1788594732.505135,37.556000,gate_sweep_medium_r12,-0.011963635624852031,-0.003851724381092936,0.022139549255371094,0.003808535472572988,0.0,0.0,0.0,0.0,0.025458279582547153,0.0038085354725729873,1,377,1788594694.9491165
1788594732.546818,37.588000,gate_sweep_medium_r12,-0.012396187463309616,-0.002955254225526005,0.022387444972991943,0.0054889111921178554,0.0,0.0,0.0,0.0,0.025760370408473284,0.0054889111921178554,1,377,1788594694.9587963
1788594732.595941,37.624000,gate_sweep_medium_r12,-0.012701262661721557,-0.0021258467459119856,0.022480666637420654,0.00645878823159759,0.0,0.0,0.0,0.0,0.025907946079378522,0.00645878823159759,1,377,1788594694.9719234
1788594732.644332,37.656000,gate_sweep_medium_r12,-0.012969210685696453,-0.0012011099024675786,0.022528469562530518,0.007271591028126318,0.0,0.0,0.0,0.0,0.026022586951293922,0.007271591028126318,1,377,1788594694.9883149
1788594732.693533,37.688000,gate_sweep_medium_r12,-0.01325481286039576,2.9456161428242922e-05,0.022551774978637695,0.00779748553263223,0.0,0.0,0.0,0.0,0.026158621644052044,0.0077974855326322316,1,377,1788594695.0055134
1788594732.747010,37.720000,gate_sweep_medium_r12,-0.013423092605080456,0.0010388329974375665,0.0224744975566864,0.008009202230758855,0.0,0.0,0.0,0.0,0.026198504337206614,0.008009202230758855,1,377,1788594695.026988
1788594732.794010,37.756000,gate_sweep_medium_r12,-0.013509266951587051,0.0018451029318384826,0.022394269704818726,0.007745999791859495,0.0,0.0,0.0,0.0,0.02621846704158126,0.007745999791859495,1,377,1788594695.037991
1788594732.839641,37.788000,gate_sweep_medium_r12,-0.013600598031189293,0.003253678500186652,0.02219107747077942,0.007773166591348318,0.0,0.0,0.0,0.0,0.02622988009699436,0.007773166591348318,1,377,1788594695.0516226
1788594732.887525,37.820000,gate_sweep_medium_r12,-0.013646438659634441,0.004422547935973853,0.02206060290336609,0.0077046734669178624,0.0,0.0,0.0,0.0,0.026314528663784885,0.0077046734669178624,1,377,1788594695.0675073
1788594732.936109,37.852000,gate_sweep_medium_r12,-0.013653784000780433,0.005631693347822875,0.021947473287582397,0.007161637443284691,0.0,0.0,0.0,0.0,0.026454363935143537,0.007161637443284691,1,377,1788594695.0840914
1788594732.985963,37.888000,gate_sweep_medium_r12,-0.013622108788695186,0.007146665535401553,0.021747171878814697,0.006051568388407563,0.0,0.0,0.0,0.0,0.026637870801786163,0.006051568388407563,1,377,1788594695.0979435
1788594733.032038,37.920000,gate_sweep_medium_r12,-0.013608768524136394,0.008298854052554816,0.021650046110153198,0.0054878849552050715,0.0,0.0,0.0,0.0,0.026884829475019748,0.005487884955205071,1,377,1788594695.1120195
1788594733.081278,37.952000,gate_sweep_medium_r12,-0.01363494707038626,0.009110112383496016,0.021607249975204468,0.005798645888534552,0.0,0.0,0.0,0.0,0.027125249874298592,0.005798645888534552,1,377,1788594695.129261
1788594733.130916,37.984000,gate_sweep_medium_r12,-0.013724251592066139,0.01032180682523176,0.021596938371658325,0.0064134359037978745,0.0,0.0,0.0,0.0,0.027592073588785217,0.0064134359037978745,1,377,1788594695.1468968
1788594733.179348,38.020000,gate_sweep_medium_r12,-0.013835965597536415,0.01117266685469076,0.02156078815460205,0.006239250738976479,0.0,0.0,0.0,0.0,0.02794870327063037,0.006239250738976479,1,377,1788594695.159326
1788594733.222084,38.052000,gate_sweep_medium_r12,-0.013983314798679203,0.011903947859536856,0.02157333493232727,0.006813001632086251,0.0,0.0,0.0,0.0,0.02833100505636722,0.006813001632086251,1,377,1788594695.1700664
1788594733.267416,38.084000,gate_sweep_medium_r12,-0.014164582767989486,0.012534520297776908,0.021676629781723022,0.007369765136479359,0.0,0.0,0.0,0.0,0.028768487669331655,0.007369765136479359,1,377,1788594695.1834004
1788594733.314564,38.116000,gate_sweep_medium_r12,-0.014400371292140335,0.01318607636494562,0.02191057801246643,0.008268104420642823,0.0,0.0,0.0,0.0,0.029348198106426474,0.008268104420642823,1,377,1788594695.198548
1788594733.359747,38.152000,gate_sweep_medium_r12,-0.014529339910950512,0.013524325273465365,0.022113174200057983,0.007923033856695573,0.0,0.0,0.0,0.0,0.029715342258714496,0.007923033856695573,1,377,1788594695.2077296
1788594733.765642,38.184000,gate_sweep_medium_r12,-0.015889938862528652,0.015910640999209136,0.025613009929656982,0.007551181385421358,0.0,0.0,0.0,0.0,0.034083206007025225,0.007551181385421358,1,377,1788594695.581622
1788594733.772090,38.216000,gate_sweep_medium_r12,-0.015930277237202972,0.015978973999153823,0.025806188583374023,0.007045674369161295,0.0,0.0,0.0,0.0,0.03427915856785935,0.007045674369161295,1,377,1788594695.5560699
1788594733.778532,38.248000,gate_sweep_medium_r12,-0.01595311233540997,0.016013354703318328,0.025874227285385132,0.006744989596716543,0.0,0.0,0.0,0.0,0.03435702198468699,0.006744989596716543,1,377,1788594695.5305183
1788594733.785720,38.284000,gate_sweep_medium_r12,-0.01595311233540997,0.016013354703318328,0.025874227285385132,0.006744989596716543,0.0,0.0,0.0,0.0,0.03435702198468699,0.006744989596716543,1,377,1788594695.5017025
1788594733.792709,38.316000,gate_sweep_medium_r12,-0.01595311233540997,0.016013354703318328,0.025874227285385132,0.006744989596716543,0.0,0.0,0.0,0.0,0.03435702198468699,0.006744989596716543,1,377,1788594695.4766881
1788594733.799065,38.348000,gate_sweep_medium_r12,-0.01595311233540997,0.016013354703318328,0.025874227285385132,0.006744989596716543,0.0,0.0,0.0,0.0,0.03435702198468699,0.006744989596716543,1,377,1788594695.4510496
1788594733.805470,38.380000,gate_sweep_medium_r12,-0.015977458038832992,0.016048437624704093,0.02594098448753357,0.006546981295904084,0.0,0.0,0.0,0.0,0.03443495595697988,0.006546981295904084,1,377,1788594695.425455
1788594733.813167,38.416000,gate_sweep_medium_r12,-0.01597276603570208,0.016078508167993277,0.026027053594589233,0.0064410958142581244,0.0,0.0,0.0,0.0,0.03451166757134643,0.0064410958142581244,1,377,1788594695.397148
1788594733.819646,38.448000,gate_sweep_medium_r12,-0.01597276603570208,0.016078508167993277,0.026027053594589233,0.0064410958142581244,0.0,0.0,0.0,0.0,0.03451166757134643,0.0064410958142581244,1,377,1788594695.3716342
1788594733.836654,38.480000,gate_sweep_medium_r12,-0.01596957625588402,0.016139593615662307,0.026194751262664795,0.006311347704015531,0.0,0.0,0.0,0.0,0.03466523967296492,0.006311347704015531,1,377,1788594695.3566344
1788594733.882022,38.512000,gate_sweep_medium_r12,-0.015933544316794723,0.016239070042502135,0.02643921971321106,0.006560929237296006,0.0,0.0,0.0,0.0,0.0348800454326539,0.006560929237296006,1,377,1788594695.3700035
1788594733.934179,38.548000,gate_sweep_medium_r12,-0.01578390965005383,0.01642703142715618,0.026867330074310303,0.005392766894870427,0.0,0.0,0.0,0.0,0.03522545373266011,0.005392766894870427,1,377,1788594695.3861604
1788594733.979647,38.580000,gate_sweep_medium_r12,-0.015560309344436973,0.01660131913376972,0.027244985103607178,0.0029095998564670784,0.0,0.0,0.0,0.0,0.03549670741310549,0.0029095998564670784,1,377,1788594695.3996248
1788594734.027359,38.612000,gate_sweep_medium_r12,-0.015292935946490616,0.016801126941572875,0.02767077088356018,0.0021103268225044743,0.0,0.0,0.0,0.0,0.035802560210979224,0.002110326822504474,1,377,1788594695.4153404
1788594734.078402,38.644000,gate_sweep_medium_r12,-0.014901746006216854,0.017109092965256423,0.028254061937332153,0.0007340620796795915,0.0,0.0,0.0,0.0,0.036236378297039955,0.0007340620796795917,1,377,1788594695.434384
1788594734.126350,38.680000,gate_sweep_medium_r12,-0.014609917940106243,0.0173629752243869,0.028740495443344116,-3.597945392051502e-06,0.0,0.0,0.0,0.0,0.036618829708064064,3.597945392051502e-06,1,377,1788594695.4463298
1788594734.177333,38.712000,gate_sweep_medium_r12,-0.014418140926863998,0.017541515349876136,0.02912423014640808,-0.0010727583976268642,0.0,0.0,0.0,0.0,0.0369297756583735,0.0010727583976268642,1,377,1788594695.465314
1788594734.225782,38.744000,gate_sweep_medium_r12,-0.01419237715890631,0.01775251020444557,0.02964252233505249,-0.0018993685514799008,0.0,0.0,0.0,0.0,0.03735310319590161,0.0018993685514799008,1,377,1788594695.481764
1788594734.269463,38.776000,gate_sweep_medium_r12,-0.013952952751424164,0.017970245971810073,0.03038722276687622,-0.0020770501383362313,0.0,0.0,0.0,0.0,0.03796047863574157,0.0020770501383362313,1,377,1788594695.4934444
1788594734.320837,38.812000,gate_sweep_medium_r12,-0.01378070836653933,0.018097561493050307,0.030951261520385742,-0.00292747369683874,0.0,0.0,0.0,0.0,0.038411069300159494,0.00292747369683874,1,377,1788594695.508816
1788594734.368788,38.844000,gate_sweep_medium_r12,-0.013624203333165497,0.018161781772505492,0.031475067138671875,-0.0026166502221717414,0.0,0.0,0.0,0.0,0.03880913661754733,0.0026166502221717414,1,377,1788594695.5247707
1788594734.421927,38.876000,gate_sweep_medium_r12,-0.013524766953196377,0.018166879832278937,0.03178146481513977,-0.0028317455781686567,0.0,0.0,0.0,0.0,0.03902584207643319,0.0028317455781686567,1,377,1788594695.5459075
1788594734.470102,38.908000,gate_sweep_medium_r12,-0.01337462937226519,0.01801953901303932,0.03229066729545593,-0.002128181470070572,0.0,0.0,0.0,0.0,0.03932266129693834,0.002128181470070572,1,377,1788594695.5620806
1788594734.517395,38.944000,gate_sweep_medium_r12,-0.013259297178592533,0.017787863209377974,0.03269794583320618,-0.0023156662707395576,0.0,0.0,0.0,0.0,0.039514208848679476,0.0023156662707395576,1,377,1788594695.5733757
1788594734.560930,38.976000,gate_sweep_medium_r12,-0.013163911120500416,0.0174341804231517,0.03322678804397583,-0.003258259335313927,0.0,0.0,0.0,0.0,0.03976504302442958,0.003258259335313927,1,377,1788594695.5849137
1788594734.609656,39.008000,gate_sweep_medium_r12,-0.01304755633464083,0.016831553250085562,0.033855140209198,-0.004641341706367677,0.0,0.0,0.0,0.0,0.039996380207470615,0.004641341706367677,1,377,1788594695.6016402
1788594734.657732,39.040000,gate_sweep_medium_r12,-0.012931813427712768,0.01623251725686714,0.0343567430973053,-0.0043304102906751895,0.0,0.0,0.0,0.0,0.04013866230055378,0.0043304102906751895,1,377,1788594695.617712
1788594734.707820,39.076000,gate_sweep_medium_r12,-0.012811643944587559,0.01571958203567192,0.034782230854034424,-0.004514373018812396,0.0,0.0,0.0,0.0,0.04026222874012876,0.004514373018812396,1,377,1788594695.6318
1788594734.755163,39.108000,gate_sweep_medium_r12,-0.012550696672406048,0.014726868539582938,0.03543442487716675,-0.005671968259026617,0.0,0.0,0.0,0.0,0.04037324745819285,0.005671968259026617,1,377,1788594695.6471472
1788594734.802946,39.140000,gate_sweep_medium_r12,-0.012320512847509235,0.013833419128786772,0.035882920026779175,-0.005818785178620888,0.0,0.0,0.0,0.0,0.04038245251673744,0.005818785178620888,1,377,1788594695.6629264
1788594734.852817,39.172000,gate_sweep_medium_r12,-0.012067934439983219,0.01283560850424692,0.03622788190841675,-0.007037868974058994,0.0,0.0,0.0,0.0,0.040284579120207005,0.007037868974058992,1,377,1788594695.6807983
1788594734.906594,39.208000,gate_sweep_medium_r12,-0.011717581131961197,0.011482066183816642,0.03656604886054993,-0.00876925050355539,0.0,0.0,0.0,0.0,0.04007761820150697,0.00876925050355539,1,377,1788594695.698575
1788594734.956202,39.240000,gate_sweep_medium_r12,-0.011385588848497719,0.010309228382539004,0.036764323711395264,-0.009694506877210856,0.0,0.0,0.0,0.0,0.039843786482043134,0.009694506877210856,1,377,1788594695.7161827
1788594735.006200,39.272000,gate_sweep_medium_r12,-0.011102530115749687,0.00933898490620777,0.03684148192405701,-0.009776239069686755,0.0,0.0,0.0,0.0,0.03959517147847859,0.009776239069686755,1,377,1788594695.734179
1788594735.051960,39.304000,gate_sweep_medium_r12,-0.010585667507257313,0.007614166184794158,0.03690102696418762,-0.01086518750267847,0.0,0.0,0.0,0.0,0.03913716487273405,0.010865187502678472,1,377,1788594695.7479422
1788594735.095041,39.340000,gate_sweep_medium_r12,-0.010142113955225796,0.0061857273685745895,0.03687739372253418,-0.011848515652487047,0.0,0.0,0.0,0.0,0.03874361710431696,0.011848515652487047,1,377,1788594695.755023
1788594735.143970,39.372000,gate_sweep_medium_r12,-0.00963431311538443,0.004764928657095879,0.036836326122283936,-0.01341255665246867,0.0,0.0,0.0,0.0,0.03837237882252988,0.01341255665246867,1,377,1788594695.771947
1788594735.192192,39.404000,gate_sweep_medium_r12,-0.00907323503633961,0.00338073045713827,0.03677275776863098,-0.01462486748224291,0.0,0.0,0.0,0.0,0.03802615739670383,0.014624867482242907,1,377,1788594695.7881746
1788594735.240254,39.436000,gate_sweep_medium_r12,-0.008280012698378414,0.0016882256022654474,0.03664577007293701,-0.01593612202668622,0.0,0.0,0.0,0.0,0.03760746176236863,0.01593612202668622,1,377,1788594695.804235
1788594735.288025,39.472000,gate_sweep_medium_r12,-0.007754571211989969,0.0007150304154492915,0.03650715947151184,-0.017695049640527316,0.0,0.0,0.0,0.0,0.03732850567401859,0.017695049640527316,1,377,1788594695.8160002
1788594735.335480,39.504000,gate_sweep_medium_r12,-0.006995486037340015,-0.0005291045235935599,0.03627792000770569,-0.01833671159376024,0.0,0.0,0.0,0.0,0.03695002376969464,0.018336711593760244,1,377,1788594695.8314595
1788594735.385077,39.536000,gate_sweep_medium_r12,-0.0061570051475428045,-0.001725043577607721,0.035970717668533325,-0.02084730063786638,0.0,0.0,0.0,0.0,0.03653460027591447,0.02084730063786638,1,377,1788594695.8490582
1788594735.433189,39.568000,gate_sweep_medium_r12,-0.00502675719326362,-0.003177070349920541,0.03548303246498108,-0.02372248756933707,0.0,0.0,0.0,0.0,0.03597787732481272,0.02372248756933707,1,377,1788594695.8651738
1788594735.488812,39.604000,gate_sweep_medium_r12,-0.004109410278033465,-0.004367093381006271,0.03504115343093872,-0.025282918442338202,0.0,0.0,0.0,0.0,0.03555054417589447,0.025282918442338202,1,377,1788594695.8847945
1788594735.535883,39.636000,gate_sweep_medium_r12,-0.0033884047879837453,-0.00524503254564479,0.034691423177719116,-0.025982809230245308,0.0,0.0,0.0,0.0,0.03524892190560856,0.025982809230245308,1,377,1788594695.8998632
1788594735.580965,39.668000,gate_sweep_medium_r12,-0.00217309599975124,-0.006637581915128976,0.0341416597366333,-0.026805710777902222,0.0,0.0,0.0,0.0,0.03484871259424413,0.02680571077790222,1,377,1788594695.9129398
1788594735.628499,39.700000,gate_sweep_medium_r12,-0.0011823298409581184,-0.007662137330044061,0.03371754288673401,-0.02754983059111156,0.0,0.0,0.0,0.0,0.03459738358078573,0.027549830591111563,1,377,1788594695.9284785
1788594735.676312,39.736000,gate_sweep_medium_r12,-0.00018639807240106165,-0.008582157373894006,0.03329542279243469,-0.029636352212154198,0.0,0.0,0.0,0.0,0.034384202017186,0.029636352212154198,1,377,1788594695.940294
1788594735.721335,39.768000,gate_sweep_medium_r12,0.0010459354962222278,-0.009555590630043298,0.032915979623794556,-0.03050986884284857,0.0,0.0,0.0,0.0,0.03429088811835131,0.03050986884284857,1,377,1788594695.9533167
1788594735.768789,39.800000,gate_sweep_medium_r12,0.0020191993680782616,-0.010152480856049806,0.032633423805236816,-0.03174974749438262,0.0,0.0,0.0,0.0,0.03423580556774884,0.03174974749438263,1,377,1788594695.96877
1788594735.813735,39.832000,gate_sweep_medium_r12,0.002800965972710401,-0.01053608424263075,0.03243580460548401,-0.03186918473819564,0.0,0.0,0.0,0.0,0.034218940690109494,0.03186918473819564,1,377,1788594695.981715
1788594735.864235,39.868000,gate_sweep_medium_r12,0.004232775012496859,-0.011091227002907544,0.032006800174713135,-0.032658332536184664,0.0,0.0,0.0,0.0,0.03413747146700324,0.032658332536184664,1,377,1788594695.9962163
1788594735.910144,39.900000,gate_sweep_medium_r12,0.005493338743690401,-0.011477342166472226,0.03162944316864014,-0.03298631756178023,0.0,0.0,0.0,0.0,0.03409292930971828,0.032986317561780235,1,377,1788594696.010126
1788594735.958356,39.932000,gate_sweep_medium_r12,0.006753979774657637,-0.01180917612509802,0.03131306171417236,-0.032726886044813386,0.0,0.0,0.0,0.0,0.03414060218369964,0.032726886044813386,1,377,1788594696.0263407
1788594736.003557,39.964000,gate_sweep_medium_r12,0.00829285109648481,-0.01209777157055214,0.031052470207214355,-0.03222084994445131,0.0,0.0,0.0,0.0,0.034342151392300166,0.03222084994445131,1,377,1788594696.0395417
1788594736.050741,40.000000,gate_sweep_medium_r12,0.009491241595242172,-0.012218480289448053,0.03086191415786743,-0.03222411036866693,0.0,0.0,0.0,0.0,0.03452292967131358,0.03222411036866693,1,377,1788594696.0507202
1788594736.099900,40.032000,gate_sweep_medium_r12,0.010369692055974156,-0.012218423478771001,0.03073340654373169,-0.032589965259654796,0.0,0.0,0.0,0.0,0.034660678923307396,0.032589965259654796,1,377,1788594696.067879
1788594736.148062,40.064000,gate_sweep_medium_r12,0.011498653388116509,-0.01212670496897772,0.030508577823638916,-0.032326838723469586,0.0,0.0,0.0,0.0,0.034785763236785595,0.032326838723469586,1,377,1788594696.0840378
1788594736.198830,40.096000,gate_sweep_medium_r12,0.012867015844676644,-0.011936704919207841,0.030145376920700073,-0.030595646219484053,0.0,0.0,0.0,0.0,0.034882499491385034,0.030595646219484053,1,377,1788594696.1028154
1788594736.248821,40.132000,gate_sweep_medium_r12,0.013931024877820164,-0.011717995919752866,0.029758155345916748,-0.03076327481080145,0.0,0.0,0.0,0.0,0.03488456237526139,0.03076327481080145,1,377,1788594696.116809
1788594736.294045,40.164000,gate_sweep_medium_r12,0.014959956577513367,-0.011420878872741014,0.029322385787963867,-0.031350954237948495,0.0,0.0,0.0,0.0,0.034843063632882414,0.031350954237948495,1,377,1788594696.130028
1788594736.339977,40.196000,gate_sweep_medium_r12,0.015703919401858002,-0.011175929859746248,0.02898430824279785,-0.030716362163178326,0.0,0.0,0.0,0.0,0.034808111369672726,0.030716362163178326,1,377,1788594696.143956
1788594736.388395,40.228000,gate_sweep_medium_r12,0.016885091608855873,-0.010698734142351896,0.02832508087158203,-0.031024354927127868,0.0,0.0,0.0,0.0,0.0346681328783343,0.031024354927127868,1,377,1788594696.160374
1788594736.436735,40.264000,gate_sweep_medium_r12,0.017718383169267327,-0.01030725269811228,0.027724027633666992,-0.030522189225272285,0.0,0.0,0.0,0.0,0.034479012000752714,0.030522189225272285,1,377,1788594696.172715
1788594736.481910,40.296000,gate_sweep_medium_r12,0.018462435400579125,-0.009944341436494142,0.02706792950630188,-0.029412303044804303,0.0,0.0,0.0,0.0,0.034240681291181393,0.029412303044804303,1,377,1788594696.1858923
1788594736.536116,40.328000,gate_sweep_medium_r12,0.019295086211059242,-0.009545841545332223,0.026163041591644287,-0.029108392951321647,0.0,0.0,0.0,0.0,0.033881088943936086,0.029108392951321647,1,377,1788594696.2080994
1788594736.583427,40.360000,gate_sweep_medium_r12,0.019880826643202454,-0.009280143596697599,0.02543407678604126,-0.029126055725059368,0.0,0.0,0.0,0.0,0.03358959057729997,0.029126055725059368,1,377,1788594696.2234092
1788594736.633586,40.396000,gate_sweep_medium_r12,0.020254182687494904,-0.009115454100538045,0.024869084358215332,-0.02843595688739588,0.0,0.0,0.0,0.0,0.033343586738883754,0.02843595688739588,1,377,1788594696.237565
1788594736.679014,40.428000,gate_sweep_medium_r12,0.020744948706123978,-0.008904082991648465,0.02393108606338501,-0.028046563383662453,0.0,0.0,0.0,0.0,0.0328988217253296,0.028046563383662453,1,377,1788594696.2509935
1788594736.727069,40.460000,gate_sweep_medium_r12,0.021056917554233223,-0.008785099082160741,0.023256391286849976,-0.027637122330145182,0.0,0.0,0.0,0.0,0.03257961753084631,0.027637122330145182,1,377,1788594696.267053
1788594736.775663,40.492000,gate_sweep_medium_r12,0.021306165552232414,-0.008695294440258294,0.022682249546051025,-0.02751743525643081,0.0,0.0,0.0,0.0,0.032311689531982914,0.027517435256430807,1,377,1788594696.283641
1788594736.820198,40.528000,gate_sweep_medium_r12,0.021522936469409615,-0.00858061044709757,0.02215898036956787,-0.028569138947877524,0.0,0.0,0.0,0.0,0.03206063132456965,0.028569138947877524,1,377,1788594696.2921765
1788594736.867824,40.560000,gate_sweep_medium_r12,0.021628147980663925,-0.008451740082819015,0.021761208772659302,-0.02865819606082566,0.0,0.0,0.0,0.0,0.03182387315755722,0.02865819606082566,1,377,1788594696.307807
1788594736.913559,40.592000,gate_sweep_medium_r12,0.02167575719067827,-0.008326589886564761,0.021499663591384888,-0.028900797204723033,0.0,0.0,0.0,0.0,0.03164500092385848,0.028900797204723033,1,377,1788594696.3215377
1788594736.964943,40.624000,gate_sweep_medium_r12,0.021726382023189217,-0.008081002917606384,0.02122071385383606,-0.0290855739097405,0.0,0.0,0.0,0.0,0.03142701036430783,0.0290855739097405,1,377,1788594696.3409243
1788594737.009526,40.660000,gate_sweep_medium_r12,0.021725124737713486,-0.007819271937478334,0.02109551429748535,-0.029751871970394275,0.0,0.0,0.0,0.0,0.031275274290993124,0.02975187197039427,1,377,1788594696.3495073
1788594737.052996,40.692000,gate_sweep_medium_r12,0.021648273861501366,-0.0075311901164241135,0.02102378010749817,-0.030182314281121548,0.0,0.0,0.0,0.0,0.03110250658324379,0.030182314281121548,1,377,1788594696.3609786
1788594737.104674,40.724000,gate_sweep_medium_r12,0.021506629011128098,-0.007219394494313747,0.02097734808921814,-0.03052464120605398,0.0,0.0,0.0,0.0,0.030898282818678586,0.03052464120605398,1,377,1788594696.380653
1788594737.149253,40.756000,gate_sweep_medium_r12,0.021240751317236573,-0.006748235144186765,0.021024584770202637,-0.03052512167863656,0.0,0.0,0.0,0.0,0.03063888638383192,0.03052512167863656,1,377,1788594696.3932366
1788594737.199646,40.792000,gate_sweep_medium_r12,0.021045598259661347,-0.006414850533474237,0.02109101414680481,-0.030542246727666526,0.0,0.0,0.0,0.0,0.030477834424620723,0.030542246727666526,1,377,1788594696.4076285
1788594737.246771,40.824000,gate_sweep_medium_r12,0.020768105110619217,-0.005926878016907722,0.021160542964935303,-0.029056850757934075,0.0,0.0,0.0,0.0,0.030235916580846445,0.029056850757934075,1,377,1788594696.422751
1788594737.292453,40.856000,gate_sweep_medium_r12,0.020492850861046463,-0.005404367868322879,0.0212327241897583,-0.028377069058517442,0.0,0.0,0.0,0.0,0.029999878416213637,0.02837706905851745,1,377,1788594696.4364326
1788594737.340261,40.888000,gate_sweep_medium_r12,0.02012427250156179,-0.004721490957308561,0.021363109350204468,-0.027708182303650002,0.0,0.0,0.0,0.0,0.02972644044761929,0.027708182303650002,1,377,1788594696.4522376
1788594737.390490,40.924000,gate_sweep_medium_r12,0.019768011814448982,-0.004108701890800148,0.021562695503234863,-0.026390454596629438,0.0,0.0,0.0,0.0,0.02953989776029843,0.026390454596629438,1,377,1788594696.4664726
1788594737.438934,40.956000,gate_sweep_medium_r12,0.01946703443536535,-0.003615207562688738,0.021702617406845093,-0.025608221182939497,0.0,0.0,0.0,0.0,0.029377521300084485,0.025608221182939497,1,377,1788594696.48291
1788594737.486491,40.988000,gate_sweep_medium_r12,0.018949694058392197,-0.0027785252896137536,0.02187517285346985,-0.02406826710127933,0.0,0.0,0.0,0.0,0.02907463318875875,0.02406826710127933,1,377,1788594696.4984725
1788594737.530109,41.020000,gate_sweep_medium_r12,0.018521345278713852,-0.0020660716691054404,0.022009432315826416,-0.022722752706199133,0.0,0.0,0.0,0.0,0.028839625412618662,0.022722752706199133,1,377,1788594696.5100784
1788594737.579537,41.056000,gate_sweep_medium_r12,0.018083588278386742,-0.001302399643464014,0.022143036127090454,-0.021736131341172218,0.0,0.0,0.0,0.0,0.028618638311057612,0.021736131341172218,1,377,1788594696.523521
1788594737.627840,41.088000,gate_sweep_medium_r12,0.017520892492029816,-0.00021644012304022908,0.02237984538078308,-0.020089988539764528,0.0,0.0,0.0,0.0,0.028423335471261746,0.020089988539764528,1,377,1788594696.5398214
1788594737.678119,41.120000,gate_sweep_medium_r12,0.01706905575701967,0.0008105452288873494,0.022621899843215942,-0.018184833848570028,0.0,0.0,0.0,0.0,0.028350661377132137,0.018184833848570028,1,377,1788594696.5581012
1788594737.726363,41.152000,gate_sweep_medium_r12,0.016755047312472016,0.001660359266679734,0.022809386253356934,-0.017908200033999015,0.0,0.0,0.0,0.0,0.02835059972191864,0.017908200033999015,1,377,1788594696.5743463
1788594737.771178,41.188000,gate_sweep_medium_r12,0.016264013072941452,0.003103966999333352,0.023103147745132446,-0.015821738425729065,0.0,0.0,0.0,0.0,0.028423725443776356,0.015821738425729065,1,377,1788594696.58315
1788594737.820170,41.220000,gate_sweep_medium_r12,0.015880146122071892,0.004235208209138364,0.02330833673477173,-0.013034828972561825,0.0,0.0,0.0,0.0,0.028520073470708614,0.013034828972561825,1,377,1788594696.6001542
1788594737.865926,41.252000,gate_sweep_medium_r12,0.015502548834774643,0.005318391777109355,0.02347072958946228,-0.010903649815146176,0.0,0.0,0.0,0.0,0.02862672630481972,0.010903649815146176,1,377,1788594696.6139054
1788594737.913878,41.284000,gate_sweep_medium_r12,0.015023991523776203,0.006540980364661664,0.023544728755950928,-0.008519646804125024,0.0,0.0,0.0,0.0,0.028685518953449163,0.008519646804125024,1,377,1788594696.6298585
1788594737.964882,41.320000,gate_sweep_medium_r12,0.01461224356899038,0.007417381450068206,0.02355736494064331,-0.005930796203012568,0.0,0.0,0.0,0.0,0.02869642229689909,0.005930796203012568,1,377,1788594696.6448607
1788594738.013329,41.352000,gate_sweep_medium_r12,0.014321692346129566,0.008025405637454242,0.023555487394332886,-0.004906102476192994,0.0,0.0,0.0,0.0,0.028712000865273115,0.004906102476192994,1,377,1788594696.66131
1788594738.058549,41.384000,gate_sweep_medium_r12,0.013953208981547505,0.008779832802247256,0.02353447675704956,-0.003994308054842548,0.0,0.0,0.0,0.0,0.0287341104116042,0.003994308054842548,1,377,1788594696.6745305
1788594738.105162,41.416000,gate_sweep_medium_r12,0.013523922360036522,0.009633954323362559,0.02336767315864563,-0.0029902252975220907,0.0,0.0,0.0,0.0,0.028666316483884346,0.0029902252975220903,1,377,1788594696.6891418
1788594738.157760,41.452000,gate_sweep_medium_r12,0.01321200659731403,0.010195159062277526,0.023150235414505005,-0.0014736479851951425,0.0,0.0,0.0,0.0,0.028538251284541082,0.0014736479851951425,1,377,1788594696.7057345
1788594738.207521,41.484000,gate_sweep_medium_r12,0.012931034958455712,0.010609342425595969,0.022883325815200806,-0.0013951440634476886,0.0,0.0,0.0,0.0,0.02834460111141079,0.0013951440634476886,1,377,1788594696.7235014
1788594738.257108,41.516000,gate_sweep_medium_r12,0.012737427896354347,0.01085563440574333,0.022655785083770752,-0.00013114633231663052,0.0,0.0,0.0,0.0,0.028166850472283792,0.00013114633231663052,1,377,1788594696.741091
1788594738.305431,41.548000,gate_sweep_medium_r12,0.012465157604310662,0.01109678455395624,0.02215525507926941,0.0005722678118414333,0.0,0.0,0.0,0.0,0.02773759378829964,0.0005722678118414333,1,377,1788594696.7574153
1788594738.353973,41.584000,gate_sweep_medium_r12,0.012245624384377152,0.011180836416315287,0.021711021661758423,0.0007158330085970889,0.0,0.0,0.0,0.0,0.027319130314287055,0.0007158330085970889,1,377,1788594696.769956
1788594738.401664,41.616000,gate_sweep_medium_r12,0.011980731098446995,0.011163276329170913,0.021187186241149902,0.00039462755136929195,0.0,0.0,0.0,0.0,0.02677785497144785,0.00039462755136929195,1,377,1788594696.7856443
1788594738.446903,41.648000,gate_sweep_medium_r12,0.011580249352846295,0.011019565805327147,0.020434796810150146,0.00044609080071283215,0.0,0.0,0.0,0.0,0.02594443921699128,0.00044609080071283215,1,377,1788594696.7988808
1788594738.496986,41.680000,gate_sweep_medium_r12,0.01123363064834848,0.010863306641113013,0.019776493310928345,0.0011839236830776018,0.0,0.0,0.0,0.0,0.025205467192646082,0.0011839236830776018,1,377,1788594696.816968
1788594738.548476,41.716000,gate_sweep_medium_r12,0.010960017389152199,0.010757344483863562,0.0193464457988739,0.0009687796364155383,0.0,0.0,0.0,0.0,0.024700757206284063,0.0009687796364155383,1,377,1788594696.8324592
1788594738.601937,41.748000,gate_sweep_medium_r12,0.010506836755666882,0.010637430183123797,0.018670082092285156,0.0018534353132176828,0.0,0.0,0.0,0.0,0.023919040633849274,0.0018534353132176828,1,377,1788594696.8539186
1788594738.647609,41.780000,gate_sweep_medium_r12,0.010166571533773094,0.010601642250549048,0.01809820532798767,0.0020958871793045645,0.0,0.0,0.0,0.0,0.02330877584202897,0.0020958871793045645,1,377,1788594696.8675902
1788594738.696917,41.812000,gate_sweep_medium_r12,0.009861657454166561,0.010619788139592856,0.01759028434753418,0.0015152723622691873,0.0,0.0,0.0,0.0,0.022791452154267443,0.0015152723622691873,1,377,1788594696.884896
1788594738.746689,41.848000,gate_sweep_medium_r12,0.009535936696920544,0.010691466450225562,0.01704731583595276,0.0014811147592438524,0.0,0.0,0.0,0.0,0.02226774619836279,0.0014811147592438524,1,377,1788594696.898667
1788594738.863150,41.880000,gate_sweep_medium_r12,0.009312709851656109,0.010756646923255175,0.016677647829055786,0.0014367486131116234,0.0,0.0,0.0,0.0,0.021922042672221878,0.0014367486131116234,1,377,1788594696.9831321
1788594738.913040,41.912000,gate_sweep_medium_r12,0.009184614813420922,0.010783585428725928,0.016425341367721558,0.00147100900979529,0.0,0.0,0.0,0.0,0.021689506749018667,0.0014710090097952901,1,377,1788594697.0010102
1788594738.964510,41.944000,gate_sweep_medium_r12,0.00906784093240276,0.010791892826091498,0.01610124111175537,0.001918471207752568,0.0,0.0,0.0,0.0,0.02139954801588308,0.001918471207752568,1,377,1788594697.0204918
1788594739.010248,41.980000,gate_sweep_medium_r12,0.009051585628185421,0.010753165639471263,0.016013622283935547,0.0011429835438210678,0.0,0.0,0.0,0.0,0.02130722582380999,0.001142983543821068,1,377,1788594697.0302298
1788594739.056741,42.012000,gate_sweep_medium_r12,0.009060489071998745,0.010675023018848151,0.015959054231643677,-0.00025060586546282477,0.0,0.0,0.0,0.0,0.021230638017857364,0.00025060586546282477,1,377,1788594697.0447214
1788594739.105045,42.044000,gate_sweep_medium_r12,0.00907777069369331,0.010557138069998473,0.015897661447525024,-0.0003463168275860381,0.0,0.0,0.0,0.0,0.02113278790165679,0.0003463168275860381,1,377,1788594697.0610237
1788594739.150334,42.076000,gate_sweep_medium_r12,0.009081118798349053,0.010315528779756278,0.015970170497894287,-0.001545242946014432,0.0,0.0,0.0,0.0,0.021069485004800704,0.001545242946014432,1,377,1788594697.0743144
1788594739.203584,42.112000,gate_sweep_medium_r12,0.009066310769412667,0.010108951188158244,0.016015678644180298,-0.0019925923246388835,0.0,0.0,0.0,0.0,0.02099740097073414,0.0019925923246388835,1,377,1788594697.0915666
1788594739.248468,42.144000,gate_sweep_medium_r12,0.009009078203234822,0.009782069071661681,0.016086876392364502,-0.0018524217444378952,0.0,0.0,0.0,0.0,0.020871989781953593,0.0018524217444378952,1,377,1788594697.1044524
1788594739.298153,42.176000,gate_sweep_medium_r12,0.008906749135348946,0.009406711615156382,0.01616951823234558,-0.002480856480165378,0.0,0.0,0.0,0.0,0.02071882533921538,0.002480856480165378,1,377,1788594697.1221342
1788594739.349669,42.208000,gate_sweep_medium_r12,0.008760524971876293,0.00892419897718355,0.016311317682266235,-0.004052088295269951,0.0,0.0,0.0,0.0,0.020553520615676606,0.004052088295269952,1,377,1788594697.1416545
1788594739.396533,42.244000,gate_sweep_medium_r12,0.008658644801471382,0.008508441678714007,0.016476333141326904,-0.003915144373652958,0.0,0.0,0.0,0.0,0.02046546513964714,0.003915144373652958,1,377,1788594697.1525166
1788594739.446623,42.276000,gate_sweep_medium_r12,0.008614162972662598,0.008161643228959292,0.01661619544029236,-0.0031463515776507162,0.0,0.0,0.0,0.0,0.020418476310107004,0.0031463515776507162,1,377,1788594697.1706033
1788594739.493239,42.308000,gate_sweep_medium_r12,0.008631357981357723,0.007529603026341647,0.016880124807357788,-0.004131927542355165,0.0,0.0,0.0,0.0,0.020399359692123104,0.004131927542355165,1,377,1788594697.1852183
1788594739.541718,42.340000,gate_sweep_medium_r12,0.008771448454353958,0.006928280636202544,0.017125636339187622,-0.005028228708460972,0.0,0.0,0.0,0.0,0.020450594137664344,0.005028228708460972,1,377,1788594697.201696
1788594739.592619,42.376000,gate_sweep_medium_r12,0.009008494263980538,0.006238324276637286,0.017381727695465088,-0.00608698729664511,0.00035471469163894653,-0.00027014873921871185,0.0009431391954421997,-0.0019903832664205754,0.01968439264386603,0.004096604030224534,1,372,1788594697.2166004
1788594739.642209,42.408000,gate_sweep_medium_r12,0.00938873557606712,0.005238141107838601,0.01772141456604004,-0.004766978001403292,6.975975702516735e-05,-0.0003658962086774409,0.0011658966541290283,0.00030405769157386127,0.01980741572978159,0.005071035692977154,1,361,1788594697.2341943
1788594739.692044,42.440000,gate_sweep_medium_r12,0.009787017537746578,0.004316725942771882,0.01803278923034668,0.06401017195677745,-0.0001655965461395681,-0.00045534787932410836,0.0015054346295073628,0.013772186225327165,0.019874120503010625,0.05023798573145028,1,337,1788594697.252029
1788594739.739772,42.472000,gate_sweep_medium_r12,0.010144218860659748,0.0035797382588498294,0.018402814865112305,0.15043179938685933,-0.00038383150240406394,-0.0005131308571435511,0.0013360382290557027,0.09957533268430029,0.020466223071023828,0.050856466702559056,1,331,1788594697.2677526
1788594739.789213,42.508000,gate_sweep_medium_r12,0.010904736875090748,0.0023383627994917333,0.019042670726776123,0.42295876837663166,-0.0002086758177028969,-0.0007262156577780843,0.0015295742778107524,0.27960675544660407,0.020966834048846587,0.14335201293002756,1,315,1788594697.281197
1788594739.837548,42.540000,gate_sweep_medium_r12,0.011712681560311466,0.0013490730780176818,0.01958000659942627,0.8191049515268346,3.124786599073559e-05,-0.001638682559132576,0.0014570654602721334,0.5776318700379517,0.021767488886763678,0.24147308148888288,1,300,1788594697.297531
1788594739.883832,42.572000,gate_sweep_medium_r12,0.012700170336756855,0.00041048432467505336,0.02020329236984253,1.4015553196672204,-0.0005243644118309021,-0.0035226070322096348,0.0017902993131428957,1.0673767905311788,0.023008603613524116,0.3341785291360416,1,285,1788594697.3118153
1788594739.931375,42.604000,gate_sweep_medium_r12,0.014143167121801525,-0.0006330138130579144,0.020991921424865723,2.368376797419393,0.00020584522280842066,-0.005249084904789925,0.0017560705309733748,1.731561011620127,0.024198657269611793,0.6368157857992662,1,268,1788594697.3273587
1788594739.981412,42.640000,gate_sweep_medium_r12,0.015496031439397484,-0.0013389710802584887,0.02166077494621277,3.3185221487982695,0.001058243797160685,-0.007158125750720501,0.0020067812874913216,2.672566329996137,0.025071731887090457,0.6459558188021327,1,248,1788594697.3413923
1788594740.026404,42.672000,gate_sweep_medium_r12,0.016638071334455162,-0.0017789073172025383,0.02217048406600952,4.125338730372189,0.001989095937460661,-0.00992512982338667,0.002407829975709319,3.673676453699965,0.025913624177155738,0.4516622766722236,1,239,1788594697.3543873
1788594740.075413,42.704000,gate_sweep_medium_r12,0.01835655706236139,-0.0022363108000718057,0.02283337712287903,5.317941434427879,0.0029307897202670574,-0.01270961295813322,0.002968783024698496,4.811133707749469,0.02724420038965994,0.5068077266784102,1,234,1788594697.3713977
1788594740.128252,42.736000,gate_sweep_medium_r12,0.02089380571851507,-0.0026003318489529192,0.023620128631591797,6.990804037166609,0.004129878245294094,-0.015524879097938538,0.0026920377276837826,6.075913629458927,0.029766729326563778,0.9148904077076819,1,223,1788594697.3922303
1788594740.174895,42.772000,gate_sweep_medium_r12,0.02327887067804113,-0.0026737378793768585,0.024241775274276733,8.488636148055981,0.00480413343757391,-0.01935325562953949,0.0032372090499848127,7.663916915868048,0.0325686049862895,0.8247192321879343,1,214,1788594697.4028785
1788594740.236600,42.804000,gate_sweep_medium_r12,0.0267270645708777,-0.002438412106130272,0.02497240900993347,10.571095259833102,0.00568568566814065,-0.021279921755194664,0.004497488494962454,9.203583299093154,0.034885018017462965,1.3675119607399493,1,204,1788594697.4325821
1788594740.276303,42.836000,gate_sweep_medium_r12,0.028206358721945435,-0.0022842037142254412,0.025244683027267456,11.448149017127205,0.008337129838764668,-0.024727793410420418,0.00558047229424119,10.900308634169603,0.035849437354249225,0.547840382957603,1,365,1788594697.4402845
1788594740.325245,42.868000,gate_sweep_medium_r12,0.031861827766988426,-0.0019973343587480485,0.025903522968292236,13.710402198062672,0.008494784124195576,-0.028794975951313972,0.006534874439239502,12.677003308829232,0.04048798425915745,1.0333988892334411,1,247,1788594697.4572256
1788594740.383739,42.904000,gate_sweep_medium_r12,0.03447869519004598,-0.0016562319942750037,0.02640014886856079,15.680410912392583,0.00451389467343688,-0.0347159206867218,0.010618503205478191,14.78815437534031,0.04732750390921505,0.8922565370522719,1,185,1788594697.4797213
1788594740.434274,42.936000,gate_sweep_medium_r12,0.03688108647475019,-0.0012691303563769907,0.026783525943756104,17.808261096439885,0.0015331613831222057,-0.04058878496289253,0.014824917539954185,16.82628323963788,0.05420811158502484,0.9819778568020038,1,374,1788594697.4982543
1788594740.484390,42.968000,gate_sweep_medium_r12,0.039540656900499016,-0.0008192548266379163,0.027058780193328857,20.66414340788439,0.00015318836085498333,-0.046803928911685944,0.01621638424694538,19.00636223813782,0.06151032822646688,1.6577811697465656,1,252,1788594697.5163739
1788594740.535867,43.000000,gate_sweep_medium_r12,0.04142048681387678,-0.0004677619435824454,0.027131885290145874,23.06438388004194,-0.0020005223341286182,-0.05155971646308899,0.01825578510761261,21.274577987038555,0.06763547151092288,1.7898058930033856,1,191,1788594697.5358274
1788594740.584302,43.036000,gate_sweep_medium_r12,0.0427319678128697,-0.0002432869514450431,0.027144551277160645,24.937283082899405,-0.0028759511187672615,-0.05812453478574753,0.018832426518201828,23.924174901484864,0.07415802409813257,1.0131081814145388,1,361,1788594697.548287
1788594740.640096,43.068000,gate_sweep_medium_r12,0.04483083734521642,-3.93126392737031e-05,0.027116894721984863,28.120890484525848,-0.0046612778678536415,-0.06565485894680023,0.024983160197734833,26.344489226629367,0.08221570536411481,1.7764012578964816,1,191,1788594697.572069
1788594740.683073,43.100000,gate_sweep_medium_r12,0.04650614137062803,-7.797387661412358e-05,0.027086079120635986,30.764408277757536,-0.005377309396862984,-0.07207115739583969,0.027953166514635086,28.764784969803788,0.08874493099509621,1.9996233079537473,1,342,1788594697.58305
1788594740.738514,43.132000,gate_sweep_medium_r12,0.04819954285630956,-0.00034755130764096975,0.02716606855392456,33.35509581782547,-0.005124547518789768,-0.07848522067070007,0.027811618521809578,31.184719310028093,0.09460111374917075,2.1703765077973762,1,185,1788594697.6064923
1788594740.789026,43.168000,gate_sweep_medium_r12,0.05086390773067251,-0.0011722419440047815,0.02782854437828064,36.4057491110595,0.0031203338876366615,-0.08853320777416229,0.01917690970003605,33.68531800652341,0.0999311661929809,2.720431104536094,1,314,1788594697.621009
1788594740.833942,43.200000,gate_sweep_medium_r12,0.05475383723387495,-0.0013011911942157894,0.02834072709083557,38.99201336580347,0.022835128009319305,-0.09156171977519989,0.005292613059282303,35.798554860561254,0.09847325819069797,3.1934585052422193,1,308,1788594697.633924
1788594740.891813,43.232000,gate_sweep_medium_r12,0.05867951089749113,-0.0010620388784445822,0.029201120138168335,41.27115235862395,0.035908184945583344,-0.0911143496632576,0.011357114650309086,37.93399812102338,0.09458520230534652,3.3371542376005725,1,218,1788594697.6597934
1788594740.945101,43.264000,gate_sweep_medium_r12,0.06694798270473257,7.722905138507485e-05,0.031993329524993896,45.2781950412805,0.05391193926334381,-0.08835023641586304,0.008465725928544998,40.27091544754408,0.09242782702497537,5.007279593736423,1,299,1788594697.681077
1788594740.996052,43.300000,gate_sweep_medium_r12,0.07489560643443838,0.0016754704411141574,0.03581887483596802,48.904985848574334,0.08133235573768616,-0.08322793990373611,0.003701050765812397,43.170010451643826,0.09100316177353597,5.734975396930504,1,302,1788594697.696023
1788594741.038332,43.332000,gate_sweep_medium_r12,0.08369371393928304,0.00392056506825611,0.041388243436813354,52.75630492104589,0.10992090404033661,-0.08257560431957245,0.0073702530935406685,46.020061652692455,0.09657471970634823,6.736243268353435,1,286,1788594697.7063153
1788594741.093330,43.364000,gate_sweep_medium_r12,0.09275207022437826,0.006686274136882275,0.049018412828445435,56.88632081705032,0.13473430275917053,-0.08619027584791183,0.029911894351243973,49.058437985960545,0.10369966457999259,7.8278828310897755,1,184,1788594697.7293096
1788594741.145941,43.396000,gate_sweep_medium_r12,0.10388574103126302,0.010873423598241061,0.06255632638931274,62.19089691381008,0.15821050107479095,-0.09004411101341248,0.05105748027563095,52.22823311599847,0.11518572744844438,9.962663797811608,1,292,1788594697.7499247
1788594741.203330,43.432000,gate_sweep_medium_r12,0.11013134667882696,0.01367862307233736,0.07354015111923218,65.34941362563768,0.17764726281166077,-0.09280451387166977,0.07008570432662964,55.87159871558858,0.1261308470887869,9.477814910049092,1,182,1788594697.7713106
1788594741.256762,43.464000,gate_sweep_medium_r12,0.11760439822683111,0.01763117191148922,0.09242969751358032,69.48202854198163,0.19546374678611755,-0.08829371631145477,0.08440165966749191,59.14365011706813,0.1317065279125445,10.33837842491351,1,332,1788594697.792742
1788594741.308268,43.496000,gate_sweep_medium_r12,0.12390200892696157,0.021634536504279822,0.11679834127426147,73.42521089819475,0.21290463209152222,-0.08537182956933975,0.0918441116809845,62.464167706159024,0.14140206110608236,10.961043192035728,1,342,1788594697.812247
1788594741.363072,43.528000,gate_sweep_medium_r12,0.13002133468398824,0.026390163868200034,0.15483078360557556,77.87977608492086,0.2294849008321762,-0.08017440885305405,0.1010238379240036,65.72808235873195,0.1553840292750772,12.151693726188899,1,380,1788594697.8350527
1788594741.403310,43.564000,gate_sweep_medium_r12,0.13349934021243826,0.029728644236456603,0.19100578129291534,81.1034263901796,0.2504837214946747,-0.07364177703857422,0.11230110377073288,69.31449781285555,0.17482910433459228,11.788928577324047,1,385,1788594697.8392897
1788594741.459100,43.596000,gate_sweep_medium_r12,0.1353399614454247,0.03181005147052929,0.22106792032718658,83.19148108030008,0.2672503590583801,-0.06208653002977371,0.12603354454040527,72.28297467219117,0.18774571525612563,10.908506408108911,1,180,1788594697.8630793
1788594741.508249,43.628000,gate_sweep_medium_r12,0.1372579495073296,0.03438845899654552,0.2753572016954422,86.25514584247739,0.2710982859134674,-0.058356814086437225,0.15302257239818573,75.01109781323969,0.2036680702855564,11.244048029237707,1,410,1788594697.8802342
1788594741.566900,43.660000,gate_sweep_medium_r12,0.13789549568900838,0.03553014498902485,0.32199783623218536,88.16960965530117,0.26779666543006897,-0.05682482570409775,0.19145148992538452,77.5004917567804,0.20602452049665967,10.669117898520772,1,219,1788594697.9068797
1788594741.607356,43.696000,gate_sweep_medium_r12,0.13788025180110708,0.035902949690353125,0.37084271013736725,89.82034905159392,0.2662200927734375,-0.055631283670663834,0.23473715782165527,80.08047200775874,0.20826510036239193,9.739877043835182,1,397,1788594697.9113395
1788594741.665003,43.728000,gate_sweep_medium_r12,0.13717334071407095,0.03531079617096111,0.4343440681695938,91.23036432121792,0.26504752039909363,-0.05504511669278145,0.27494335174560547,82.14804615965234,0.22343810153158403,9.082318161565576,1,227,1788594697.9369817
1788594741.709606,43.760000,gate_sweep_medium_r12,0.13621088961372152,0.03402741503668949,0.4868115335702896,92.10840604755174,0.26751428842544556,-0.05422843247652054,0.31457895040512085,84.02423543350892,0.23386692768224498,8.084170614042817,1,390,1788594697.9495814
1788594741.765163,43.792000,gate_sweep_medium_r12,0.13531880179652944,0.03258086618734524,0.5270313173532486,92.48594468668703,0.270501971244812,-0.0580621175467968,0.361061692237854,85.70393236210815,0.23245764401984212,6.78201232457889,1,220,1788594697.9731417
1788594741.807756,43.828000,gate_sweep_medium_r12,0.1336033801198937,0.029373983561526984,0.5956444293260574,92.90796548023302,0.26913243532180786,-0.06259232759475708,0.40725305676460266,87.29552945848593,0.24963420528286345,5.612436021747077,1,393,1788594697.9797406
1788594741.858043,43.860000,gate_sweep_medium_r12,0.13213068345794454,0.026043661579024047,0.6520707756280899,92.96252961961783,0.266658216714859,-0.06966916471719742,0.45777082443237305,88.47233289395324,0.25497269139352713,4.49019672566458,1,267,1788594697.9980283
1788594741.905867,43.892000,gate_sweep_medium_r12,0.13057257334003225,0.022168968513142318,0.7099770456552505,92.86732738763719,0.2639528810977936,-0.07228527218103409,0.503446638584137,89.4186963860708,0.26337562363975225,3.4486310015663806,1,214,1788594698.013832
1788594741.957469,43.924000,gate_sweep_medium_r12,0.12849997082957998,0.016526513441931456,0.7849283367395401,92.50916862388868,0.26251453161239624,-0.07948581129312515,0.5587069988250732,90.22563037644082,0.27991849301297067,2.28353824744786,1,187,1788594698.0334473
1788594742.003265,43.960000,gate_sweep_medium_r12,0.12673096457729116,0.011485581926535815,0.8473838716745377,92.12993329983453,0.25661376118659973,-0.08890053629875183,0.6184238195419312,90.88126308802178,0.2817261419534267,1.2486702118127608,1,420,1788594698.0432487
1788594742.050940,43.992000,gate_sweep_medium_r12,0.12534962693462148,0.007415452681016177,0.8959231525659561,91.77526815730197,0.25189945101737976,-0.10005617886781693,0.680902361869812,91.31957396440451,0.2716596215758614,0.4556941928974414,1,261,1788594698.0589232
1788594742.108562,44.024000,gate_sweep_medium_r12,0.12339587608585134,0.0016234912327490747,0.9632166773080826,91.25203870794141,0.24022957682609558,-0.10806247591972351,0.7412377595901489,91.52659572114057,0.27378050502192336,0.27455701319914894,1,199,1788594698.0845416
1788594742.152879,44.056000,gate_sweep_medium_r12,0.12075881013879552,-0.006197965994942933,1.0519888550043106,90.55826062435901,0.23873727023601532,-0.11906757205724716,0.8073036074638367,91.73297997269412,0.2941586908175824,1.174719348335111,1,414,1788594698.0968602
1788594742.203480,44.092000,gate_sweep_medium_r12,0.118462533748243,-0.012840871058870107,1.126637950539589,89.977076895389,0.23704273998737335,-0.133025124669075,0.8852936625480652,91.85409121753273,0.29453791856684985,1.8770143221437248,1,277,1788594698.1114602
1788594742.253621,44.124000,gate_sweep_medium_r12,0.11601172486552969,-0.019745801866520196,1.2040404230356216,89.40967369009807,0.22650028765201569,-0.1382962465286255,0.9558752775192261,91.7349096066195,0.29639141331249785,2.3252359165214185,1,231,1788594698.1296024
1788594742.311502,44.156000,gate_sweep_medium_r12,0.11404851177940145,-0.02501857589231804,1.2634991556406021,88.98295346611566,0.22245241701602936,-0.14243099093437195,1.0307765007019043,91.60773359685825,0.28230642216973306,2.624780130742601,1,200,1788594698.1554847
1788594742.349636,44.188000,gate_sweep_medium_r12,0.11056238511810079,-0.03398119780467823,1.365077629685402,88.32299547505578,0.2216215282678604,-0.1521798074245453,1.1082017421722412,91.49553923445721,0.30379313056569024,3.1725437594014343,1,407,1788594698.161616
1788594742.399467,44.224000,gate_sweep_medium_r12,0.10755606094608083,-0.041218892962206155,1.4481063038110733,87.83138484391571,0.21686424314975739,-0.16326873004436493,1.197052240371704,91.30562032042478,0.2997875651154872,3.4742354765090644,1,275,1788594698.1754525
1788594742.447721,44.256000,gate_sweep_medium_r12,0.1043784479261376,-0.048380275547970086,1.532320037484169,87.39695480194085,0.21372085809707642,-0.17240944504737854,1.2787061929702759,91.13606100926809,0.30275234049932626,3.739106207327241,1,233,1788594698.1917071
1788594742.496023,44.288000,gate_sweep_medium_r12,0.10014336655149236,-0.05712672445224598,1.6388009935617447,86.92181909367365,0.21071314811706543,-0.1794654130935669,1.3602102994918823,90.95078132275736,0.32373632196011654,4.028962229083709,1,208,1788594698.2079954
1788594742.552933,44.320000,gate_sweep_medium_r12,0.09649566659936681,-0.0639388685231097,1.7246791273355484,86.60902962107023,0.20895004272460938,-0.18605372309684753,1.4421762228012085,90.78310717414368,0.32766738544997276,4.174077553073443,1,188,1788594698.232917
1788594742.599918,44.356000,gate_sweep_medium_r12,0.09366469184169546,-0.06888016808079556,1.7893853336572647,86.41048571476121,0.20605775713920593,-0.19473664462566376,1.534794807434082,90.62004838950546,0.3054314814452768,4.209562674744247,1,411,1788594698.2439024
1788594742.654867,44.388000,gate_sweep_medium_r12,0.08877588162431493,-0.07673904049443081,1.8976404815912247,86.15113396326181,0.20120806992053986,-0.20243248343467712,1.61690354347229,90.47421846299078,0.32749514040309863,4.32308449972896,1,262,1788594698.2668397
1788594742.703041,44.420000,gate_sweep_medium_r12,0.08470594981918111,-0.08263800787972286,1.984474554657936,86.00648611675591,0.19793303310871124,-0.21013545989990234,1.6998291015625,90.36817324679156,0.331811703575685,4.361687130035655,1,230,1788594698.2830236
1788594742.751513,44.452000,gate_sweep_medium_r12,0.08051207760581747,-0.08814932900713757,2.071428194642067,85.91320055013935,0.1958085149526596,-0.2170177400112152,1.7825201749801636,90.30553559992461,0.3367019151186297,4.392335049785251,1,211,1788594698.299493
1788594742.812675,44.488000,gate_sweep_medium_r12,0.07513707975158468,-0.09449537593172863,2.180148735642433,85.90269791726553,0.1940726935863495,-0.22241567075252533,1.8765144348144531,90.26582032547736,0.3502899808795395,4.36312240821184,1,196,1788594698.3246548
1788594742.859394,44.520000,gate_sweep_medium_r12,0.07067675242433324,-0.09914353984640911,2.2668327242136,85.950669384577,0.19169604778289795,-0.22936084866523743,1.960932970046997,90.27013151655505,0.35380344396894986,4.319462131978066,1,394,1788594698.33938
1788594742.906789,44.552000,gate_sweep_medium_r12,0.06726563820848241,-0.10232720273779705,2.331440106034279,86.01588288567167,0.18929415941238403,-0.23502399027347565,2.045362949371338,90.30409815700757,0.3381412973504611,4.288215271335897,1,263,1788594698.3547719
1788594742.955217,44.584000,gate_sweep_medium_r12,0.0615121359587647,-0.1071101178531535,2.437846079468727,86.16965755044863,0.18634659051895142,-0.2393508106470108,2.127854108810425,90.3546883623187,0.3593970836672947,4.185030811870066,1,242,1788594698.3711915
1788594743.006464,44.620000,gate_sweep_medium_r12,0.0568504566908814,-0.11044715094612911,2.521355524659157,86.32651290857636,0.1843576431274414,-0.2444152534008026,2.218562364578247,90.46121452972032,0.3548087271475393,4.134701621143969,1,231,1788594698.386448
1788594743.052121,44.652000,gate_sweep_medium_r12,0.05212576041230932,-0.11339809495257214,2.603084221482277,86.50826987710049,0.17915329337120056,-0.24810916185379028,2.297610282897949,90.56201846335173,0.35720777263311093,4.053748586251252,1,224,1788594698.4000928
1788594743.104427,44.684000,gate_sweep_medium_r12,0.047372580564115196,-0.11602695035981014,2.6827997118234634,86.70517263867902,0.17419183254241943,-0.2516735792160034,2.3745529651641846,90.67995974290105,0.35985995528596415,3.974787104222036,1,217,1788594698.4204092
1788594743.156168,44.716000,gate_sweep_medium_r12,0.04143152112374082,-0.11884563911007717,2.7791901975870132,86.9716211160892,0.16432763636112213,-0.25504428148269653,2.4495627880096436,90.7620003603627,0.37723700039798774,3.790379244273511,1,203,1788594698.4401526
1788594743.211517,44.752000,gate_sweep_medium_r12,0.0378862033248879,-0.12029597657965496,2.8351365476846695,87.13678122542653,0.1529010832309723,-0.25935620069503784,2.5336110591888428,90.87568039790285,0.35140260207272006,3.738899172476322,1,189,1788594698.4594972
1788594743.258423,44.784000,gate_sweep_medium_r12,0.03318667510757223,-0.12200370925711468,2.9074725061655045,87.36328292858198,0.1471259891986847,-0.2633010149002075,2.608694553375244,91.04353236112316,0.3495931363043185,3.680249432541168,1,406,1788594698.474403
1788594743.309495,44.816000,gate_sweep_medium_r12,0.02852508152136579,-0.12346901494311169,2.9771486669778824,87.58934007117793,0.140642449259758,-0.2644980251789093,2.679258108139038,91.21345254186997,0.3481354203783257,3.624112470692034,1,296,1788594698.4934776
1788594743.363340,44.848000,gate_sweep_medium_r12,0.02278855728218332,-0.12490193295525387,3.0604831129312515,87.87350943710834,0.13645821809768677,-0.2664501667022705,2.7481119632720947,91.40979783870131,0.3612927198355857,3.5362884015929787,1,277,1788594698.5153193
1788594743.411365,44.884000,gate_sweep_medium_r12,0.018302342912647873,-0.1256541212205775,3.124108210206032,88.09527610698036,0.12957026064395905,-0.2691369950771332,2.8244969844818115,91.62466806751986,0.35033522687044727,3.529391960539504,1,266,1788594698.527347
1788594743.458492,44.916000,gate_sweep_medium_r12,0.015018039441201836,-0.12601975101279095,3.170068636536598,88.25831668220259,0.123921237885952,-0.27081573009490967,2.88954758644104,91.81662962999458,0.3339428719654915,3.5583129477919875,1,258,1788594698.5424774
1788594743.506310,44.948000,gate_sweep_medium_r12,0.009700952155981213,-0.12633462744997814,3.2436102777719498,88.5226884836924,0.11901873350143433,-0.27316534519195557,2.951266288757324,92.0112432143765,0.3449270138796033,3.4885547306841005,1,250,1788594698.558287
1788594743.555934,44.980000,gate_sweep_medium_r12,0.005624922050628811,-0.12634359794901684,3.2995902448892593,88.7254365597306,0.1131049394607544,-0.27394479513168335,3.011899948120117,92.20036201355884,0.34074003933696195,3.4749254538282415,1,238,1788594698.5759184
1788594743.607754,45.016000,gate_sweep_medium_r12,0.0017102761776186526,-0.12618242698954418,3.353068485856056,88.91887735971424,0.10926409065723419,-0.2750866413116455,3.0758345127105713,92.43185859672302,0.3325642252528514,3.5129812370087685,1,234,1788594698.591733
1788594743.656421,45.048000,gate_sweep_medium_r12,-0.0029652295052073896,-0.12577873963164166,3.41653074324131,89.14849038667589,0.10479998588562012,-0.2759987413883209,3.1296613216400146,92.62283412305851,0.34128207633256974,3.4743437363826275,1,222,1788594698.608394
1788594743.703858,45.080000,gate_sweep_medium_r12,-0.0065617383806966245,-0.1253245075349696,3.4646324068307877,89.32056783199351,0.09873207658529282,-0.27708572149276733,3.1839983463287354,92.79257189531104,0.3359668576599574,3.472004063317527,1,213,1788594698.623822
1788594743.755488,45.112000,gate_sweep_medium_r12,-0.00919302919646725,-0.12491951632546261,3.4992219358682632,89.44223832327576,0.09133090823888779,-0.2770405113697052,3.2361855506896973,92.9361142252921,0.3200531191201932,3.493875902016354,1,201,1788594698.6434636
1788594743.803437,45.148000,gate_sweep_medium_r12,-0.013417028763797134,-0.12414728599833325,3.5542081743478775,89.63119985756359,0.08843322098255157,-0.2785848379135132,3.2910451889038086,93.1299883628669,0.3216818113023842,3.4987885053033123,1,192,1788594698.6554189
1788594743.859743,45.180000,gate_sweep_medium_r12,-0.016582651936914772,-0.12347363430308178,3.5958343893289566,89.76966596347219,0.0835525244474411,-0.27901098132133484,3.337895393371582,93.27654910998376,0.3174136819711794,3.5068831465115657,1,187,1788594698.6797242
1788594743.907798,45.212000,gate_sweep_medium_r12,-0.01958607038250193,-0.12272777158068493,3.635682001709938,89.89822645003551,0.08558837324380875,-0.2816745340824127,3.427428960800171,93.44579529271384,0.28230314548380403,3.5475688426783294,1,408,1788594698.6957817
1788594743.955009,45.244000,gate_sweep_medium_r12,-0.02311152865877375,-0.12172665196703747,3.682990685105324,90.04288710485353,0.07645025104284286,-0.27673280239105225,3.5274477005004883,93.58656587546095,0.241108014604255,3.543678770607406,1,320,1788594698.7109897
1788594744.010176,45.280000,gate_sweep_medium_r12,-0.025741836929228157,-0.12090243893908337,3.718945398926735,90.14554401385118,0.06662701070308685,-0.2734363377094269,3.5774121284484863,93.68709250357301,0.22766260329547386,3.5415484897218334,1,271,1788594698.730155
1788594744.057812,45.312000,gate_sweep_medium_r12,-0.027597679698374122,-0.12026628601597622,3.744861736893654,90.21447355826812,0.06093781813979149,-0.27255263924598694,3.616905450820923,93.78011000175498,0.217721103485799,3.5656364434868535,1,213,1788594698.7457907
1788594744.104977,45.344000,gate_sweep_medium_r12,-0.029956654587294906,-0.11937161284731701,3.778105393052101,90.29794825163088,0.05768968164920807,-0.2702190577983856,3.658628225326538,93.88352927378816,0.21145123672296204,3.585581022157271,1,204,1788594698.7609515
1788594744.155687,45.376000,gate_sweep_medium_r12,-0.03277039801469073,-0.1181271870736964,3.817789688706398,90.38906931531614,0.05415453761816025,-0.26885125041007996,3.698451280593872,93.97267890746498,0.2109865952003521,3.5836095921488407,1,201,1788594698.7796683
1788594744.204051,45.412000,gate_sweep_medium_r12,-0.034886042529251426,-0.11700638133333996,3.8480950742959976,90.45188808763452,0.04849478602409363,-0.26661282777786255,3.740736722946167,94.04263279203785,0.20213922675362594,3.5907447044033316,1,197,1788594698.792032
1788594744.255589,45.444000,gate_sweep_medium_r12,-0.03688890760531649,-0.11575631547020748,3.877231255173683,90.50630891612546,0.044817399233579636,-0.26455140113830566,3.7788612842559814,94.10539175768645,0.19619518157839147,3.5990828415609917,1,191,1788594698.8115609
1788594744.301435,45.476000,gate_sweep_medium_r12,-0.03832836722722277,-0.11473366367863491,3.89841665327549,90.53929735337222,0.04091128706932068,-0.2623012661933899,3.814882755279541,94.15383481582202,0.18717113089198884,3.6145374624498063,1,184,1788594698.8254097
1788594744.349900,45.508000,gate_sweep_medium_r12,-0.04069591959705576,-0.11289217072771862,3.9323581606149673,90.58671775245139,0.03908654302358627,-0.2594851851463318,3.8491458892822266,94.21337564860741,0.1864913813518028,3.626657896156029,1,183,1788594698.8418846
1788594744.400332,45.544000,gate_sweep_medium_r12,-0.04256148909917101,-0.11135251569794491,3.958437815308571,90.61641565644362,0.034920793026685715,-0.25608259439468384,3.887263059616089,94.25063494518946,0.17893056075159322,3.634219288745836,1,181,1788594698.8563168
1788594744.457068,45.576000,gate_sweep_medium_r12,-0.04444409435382113,-0.10976680117892101,3.9836353212594986,90.63923306386424,0.03143854811787605,-0.25320538878440857,3.9191761016845703,94.27361903959422,0.1746075451718893,3.6343859757299937,1,176,1788594698.8810487
1788594744.506142,45.608000,gate_sweep_medium_r12,-0.0467831184505485,-0.10770022618817165,4.013928309082985,90.66071246898984,0.028463883325457573,-0.2504501938819885,3.951148271560669,94.29242575463019,0.17315021704914904,3.631713285640332,1,174,1788594698.8981252
1788594744.564989,45.640000,gate_sweep_medium_r12,-0.048586185032036155,-0.10596026974963024,4.037253752350807,90.67174934047304,0.027249276638031006,-0.2479446530342102,3.980522394180298,94.31536737654473,0.17067228639496618,3.643618036071684,1,173,1788594698.9249725
1788594744.607994,45.676000,gate_sweep_medium_r12,-0.04991531645646319,-0.10459343093680218,4.054235830903053,90.67503511239579,0.0015791505575180054,-0.23812027275562286,4.055394172668457,94.19321070521391,0.14311687313104574,3.5181755928181366,1,381,1788594698.9319777
1788594744.654802,45.708000,gate_sweep_medium_r12,-0.05207457294454798,-0.10224226611899212,4.081621542572975,90.67698467096957,-0.002369967754930258,-0.23522455990314484,4.091368675231934,94.19125176250286,0.14230194950253428,3.5142670915332848,1,241,1788594698.9467847
1788594744.700289,45.740000,gate_sweep_medium_r12,-0.05370151897659525,-0.100292322516907,4.10276497900486,90.67376963375264,-0.0034003485925495625,-0.23263010382652283,4.117043495178223,94.19847275005534,0.14229326100722225,3.5247031163027,1,220,1788594698.960273
1788594744.751266,45.772000,gate_sweep_medium_r12,-0.05522658204426989,-0.09828807908343151,4.123199835419655,90.6674225834904,-0.006246502976864576,-0.22927217185497284,4.142383575439453,94.18836521392943,0.14115203358712275,3.5209426304390226,1,218,1788594698.979244
1788594744.800734,45.808000,gate_sweep_medium_r12,-0.056961345428135246,-0.09575704979943112,4.147792235016823,90.65656268660298,-0.005538673605769873,-0.22607317566871643,4.1699090003967285,94.20088978038144,0.14182995152576164,3.5443270937784574,1,216,1788594698.9927166
1788594744.850701,45.840000,gate_sweep_medium_r12,-0.05821747233858332,-0.09375203895615414,4.1666983515024185,90.64358049271725,-0.006990740075707436,-0.2219444364309311,4.194555759429932,94.19493725290316,0.14083147391511402,3.551356760185902,1,214,1788594699.0106752
1788594744.900546,45.872000,gate_sweep_medium_r12,-0.05906370928278193,-0.09221029031323269,4.180447474122047,90.63259864895025,-0.008939426392316818,-0.21884092688560486,4.218614101409912,94.17918635614976,0.1414371001277188,3.5465877071995,1,211,1788594699.0285273
1788594744.948740,45.904000,gate_sweep_medium_r12,-0.060290086024906486,-0.08951142925070599,4.202630415558815,90.614365164681,-0.012359362095594406,-0.21544848382472992,4.241593360900879,94.15234404171679,0.1402697655266354,3.537978877035794,1,207,1788594699.0447195
1788594744.996089,45.940000,gate_sweep_medium_r12,-0.061145330721046776,-0.08719862747238949,4.219765558838844,90.59993170969985,-0.012103816494345665,-0.2111540585756302,4.266376495361328,94.15306268495992,0.14121826518245081,3.5531309752600775,1,206,1788594699.056072
1788594745.042317,45.972000,gate_sweep_medium_r12,-0.06195069750538096,-0.08477610844420269,4.236398592591286,90.58642258345694,-0.015439702197909355,-0.2070414423942566,4.288286209106445,94.12653274490472,0.14072813975191356,3.540110161447778,1,206,1788594699.0702996
1788594745.088799,46.004000,gate_sweep_medium_r12,-0.06267220055451617,-0.08228795725153759,4.25261153280735,90.57326339704542,-0.017268255352973938,-0.20297539234161377,4.309659004211426,94.11068665297093,0.14100138021340367,3.537423255925505,1,204,1788594699.08478
1788594745.141685,46.036000,gate_sweep_medium_r12,-0.06350448628654703,-0.0790908535127528,4.272250548005104,90.55631838002745,-0.019037334248423576,-0.19875264167785645,4.331874370574951,94.09493350976621,0.14089453990517992,3.53861512973876,1,201,1788594699.105663
1788594745.190925,46.072000,gate_sweep_medium_r12,-0.06399646302452311,-0.07711382705019787,4.283694639801979,90.54796030404684,-0.018542340025305748,-0.19440194964408875,4.355011463165283,94.09862552286242,0.1445983066770157,3.5506652188155887,1,197,1788594699.1189008
1788594745.236191,46.104000,gate_sweep_medium_r12,-0.06459891697159037,-0.074421678960789,4.298609152436256,90.53869041555203,-0.020059961825609207,-0.19059500098228455,4.374086856842041,94.08308775726066,0.14552265506570727,3.5443973417086334,1,193,1788594699.1321735
1788594745.288169,46.136000,gate_sweep_medium_r12,-0.06510512431850657,-0.0716920395498164,4.313157930970192,90.53176928364219,-0.021069223061203957,-0.18690377473831177,4.393672466278076,94.07612456970517,0.14729390659674765,3.544355286062984,1,189,1788594699.152145
1788594745.337092,46.168000,gate_sweep_medium_r12,-0.06558126112213358,-0.06823017942951992,4.33083476126194,90.525315924018,-0.021419303491711617,-0.1833476424217224,4.412031650543213,94.07270183186128,0.1476321225765842,3.547385907843278,1,184,1788594699.1690717
1788594745.387738,46.204000,gate_sweep_medium_r12,-0.06579346110811457,-0.06542327749775723,4.34458626806736,90.52101107144442,-0.022244464606046677,-0.1787811517715454,4.432703495025635,94.06793579654548,0.15003722352478138,3.546924725101058,1,183,1788594699.1837142
1788594745.433693,46.236000,gate_sweep_medium_r12,-0.0658602406620048,-0.06329320493387058,4.354687586426735,90.51935933320712,-0.02362598106265068,-0.17374169826507568,4.452298164367676,94.06192508885117,0.15333110346242013,3.542565755644042,1,183,1788594699.1976714
1788594745.483568,46.268000,gate_sweep_medium_r12,-0.06580268492689356,-0.05968315649079159,4.371183291077614,90.52128297104139,-0.02622491680085659,-0.1686461716890335,4.4705810546875,94.04972055600533,0.15270643019066832,3.5284375849639398,1,182,1788594699.215544
1788594745.533189,46.300000,gate_sweep_medium_r12,-0.06557448109379038,-0.056760796636808664,4.384071722626686,90.52472968545236,-0.027975164353847504,-0.1642623394727707,4.489917755126953,94.04418218633792,0.15547885041853862,3.5194525008855635,1,179,1788594699.2331693
1788594745.586889,46.336000,gate_sweep_medium_r12,-0.06519511243095621,-0.05383310216711834,4.3967093378305435,90.53106265066043,-0.026117021217942238,-0.1593998372554779,4.507800579071045,94.06766453447362,0.15815402824595967,3.5366018838132,1,173,1788594699.2508633
1788594745.632083,46.368000,gate_sweep_medium_r12,-0.06454404344549403,-0.050163355947006494,4.412144556641579,90.54161724320862,-0.0505889356136322,-0.13978661596775055,4.564054012298584,93.95666895759567,0.17692811107721818,3.415051714387048,1,384,1788594699.2640624
1788594745.680573,46.400000,gate_sweep_medium_r12,-0.06390023877611384,-0.04722447070525959,4.42419470846653,90.55132519145042,-0.05427640676498413,-0.12226875871419907,4.605485916137695,93.98315073787863,0.1964453239051944,3.431825546428218,1,272,1788594699.2805512
1788594745.727198,46.432000,gate_sweep_medium_r12,-0.06335238268366084,-0.04503673437284306,4.433049574494362,90.5604596727621,-0.0534876249730587,-0.11759193986654282,4.620874404907227,94.0049903946483,0.20159300138780428,3.44453072188621,1,241,1788594699.295178
1788594745.776878,46.468000,gate_sweep_medium_r12,-0.0622879852890037,-0.041429561853874475,4.447537317872047,90.57907400420088,-0.053645648062229156,-0.11311329156160355,4.636603832244873,94.02275257202375,0.2023842729923497,3.4436785678228663,1,234,1788594699.3088434
1788594745.823339,46.500000,gate_sweep_medium_r12,-0.061244490498211235,-0.038500164926517755,4.458866968750954,90.59468687915312,-0.05346551164984703,-0.10921269655227661,4.651397228240967,94.0430279883685,0.2052527112126391,3.4483411092153813,1,233,1788594699.3233194
1788594745.870856,46.532000,gate_sweep_medium_r12,-0.06007093837251887,-0.035547999024856836,4.4699748903512955,90.6125660278841,-0.053317900747060776,-0.1061619445681572,4.664779186248779,94.06127697889546,0.20731774290320035,3.4487109510113734,1,232,1788594699.3388278
1788594745.920739,46.564000,gate_sweep_medium_r12,-0.05843310331692919,-0.031897011504042894,4.483553305268288,90.63732597784355,-0.05337630957365036,-0.1035337895154953,4.674986362457275,94.0797877789573,0.20446030057579986,3.4424618011137627,1,228,1788594699.3567193
1788594745.971291,46.600000,gate_sweep_medium_r12,-0.057042798900511116,-0.029049788892734796,4.49410380423069,90.6582067327237,-0.053656503558158875,-0.09933741390705109,4.688718795776367,94.10241394420586,0.20694639924536687,3.4442072114821634,1,224,1788594699.371272
1788594746.019268,46.632000,gate_sweep_medium_r12,-0.05601131817093119,-0.026960757852066308,4.501858606934547,90.67461813791353,-0.05533938109874725,-0.0947323888540268,4.702390670776367,94.11491486957405,0.2116755869172318,3.4402967316605135,1,224,1788594699.3872485
1788594746.067113,46.664000,gate_sweep_medium_r12,-0.054667252057697624,-0.02423066954361275,4.512054815888405,90.69931318996338,-0.054568346589803696,-0.0918019562959671,4.713414192199707,94.14343616646215,0.21239464918904405,3.4441229764987744,1,222,1788594699.4030957
1788594746.119202,46.696000,gate_sweep_medium_r12,-0.053087453299667686,-0.02089601318584755,4.524527922272682,90.73016101258192,-0.05518572777509689,-0.08744877576828003,4.726491451263428,94.16494797564518,0.21265685976597035,3.4347869630632646,1,219,1788594699.4231853
1788594746.171382,46.732000,gate_sweep_medium_r12,-0.05194792797556147,-0.018289543048013,4.5342449098825455,90.75692613219036,-0.0546540766954422,-0.08326876163482666,4.740150451660156,94.19879608583034,0.21593219820994375,3.4418699536399724,1,217,1788594699.4393668
1788594746.222259,46.764000,gate_sweep_medium_r12,-0.050885106378700584,-0.01573229889618233,4.5437334924936295,90.78529497615581,-0.05425805225968361,-0.07946517318487167,4.7529096603393555,94.23146377791497,0.21869596526602236,3.4461688017591627,1,216,1788594699.458239
1788594746.276400,46.796000,gate_sweep_medium_r12,-0.050103976333048195,-0.013849645212758332,4.550723448395729,90.80751638104891,-0.053075626492500305,-0.07625222951173782,4.764459133148193,94.26795249131138,0.22267881840998305,3.460436110262472,1,216,1788594699.4803798
1788594746.328251,46.828000,gate_sweep_medium_r12,-0.04888015514006838,-0.010770157270599157,4.562068358063698,90.84563327242807,-0.05252373218536377,-0.07365170121192932,4.7746124267578125,94.29720300535998,0.22168072843433861,3.451569732931903,1,213,1788594699.5002334
1788594746.388393,46.864000,gate_sweep_medium_r12,-0.04792939027538523,-0.008342344139236957,4.5708965212106705,90.8777242242461,-0.05018679052591324,-0.06998631358146667,4.788683891296387,94.3463348278737,0.22635461867021484,3.4686106036276136,1,210,1788594699.524369
1788594746.438298,46.896000,gate_sweep_medium_r12,-0.047026208543684334,-0.0059715977986343205,4.579522982239723,90.91055898933054,-0.04993933439254761,-0.06625841557979584,4.800191402435303,94.37708089309146,0.22877398971911808,3.46652190376092,1,207,1788594699.5422761
1788594746.485674,46.928000,gate_sweep_medium_r12,-0.04601475124945864,-0.0031118651968427002,4.5900405794382095,90.95104225774112,-0.049880146980285645,-0.06311799585819244,4.8096466064453125,94.40361288184674,0.22768944661302884,3.452570624105613,1,206,1788594699.5576556
1788594746.536022,46.960000,gate_sweep_medium_r12,-0.045353039109613746,-0.0009413561201654375,4.598208799958229,90.98338126223351,-0.05079735815525055,-0.05909668654203415,4.820479393005371,94.42672685605406,0.2298171003208326,3.443345593820561,1,206,1788594699.5760043
1788594746.584187,46.996000,gate_sweep_medium_r12,-0.04494475474348292,0.000603076012339443,4.604184046387672,91.00761703613439,-0.05112587660551071,-0.05500555410981178,4.831423759460449,94.45593209867965,0.23402652244763494,3.44831506254527,1,204,1788594699.5881686
1788594746.634664,47.028000,gate_sweep_medium_r12,-0.044365729147102684,0.0030431763152591884,4.613893881440163,91.04751280717834,-0.051507990807294846,-0.05124109983444214,4.840941905975342,94.47875883216395,0.23355641713309228,3.431246024985617,1,199,1788594699.6066463
1788594746.688097,47.060000,gate_sweep_medium_r12,-0.043951923900749534,0.0049270709860138595,4.6214431673288345,91.07778717306797,-0.049440979957580566,-0.04858004301786423,4.850661277770996,94.51791917937601,0.23544443747961857,3.4401320063080347,1,198,1788594699.6280794
1788594746.736449,47.092000,gate_sweep_medium_r12,-0.04360623558750376,0.006781840405892581,4.628773108124733,91.1082507435888,-0.04891163110733032,-0.046222612261772156,4.859903812408447,94.54637356243981,0.23718984313605482,3.4381228188510224,1,196,1788594699.6444285
1788594746.786160,47.128000,gate_sweep_medium_r12,-0.043296086543705314,0.009077811322640628,4.6376994997262955,91.14557416694397,-0.04848211631178856,-0.043732136487960815,4.870044231414795,94.5766823992393,0.23832721169835955,3.4311082322953173,1,196,1788594699.6581433
1788594746.839185,47.160000,gate_sweep_medium_r12,-0.043158880376722664,0.010912134021054953,4.644732847809792,91.17397208535414,-0.04756210371851921,-0.04137337580323219,4.87938117980957,94.60834057002423,0.24044334597501707,3.434368484670082,1,193,1788594699.6791697
1788594746.889329,47.192000,gate_sweep_medium_r12,-0.043135820829775184,0.01227369875414297,4.649919405579567,91.19473068806907,-0.047108136117458344,-0.039159372448921204,4.888942241668701,94.63589713077286,0.24452618729742906,3.4411664427037922,1,192,1788594699.697312
1788594746.937251,47.224000,gate_sweep_medium_r12,-0.04320612078299746,0.01449979905737564,4.65841569006443,91.22771117753585,-0.04732704907655716,-0.03687120974063873,4.898080348968506,94.65859508388735,0.2451430425741943,3.430883906351506,1,192,1788594699.7132306
1788594746.987846,47.260000,gate_sweep_medium_r12,-0.04333279555430636,0.016204745217692107,4.665073290467262,91.2517917677384,-0.04722828045487404,-0.03440611809492111,4.907566070556641,94.68267520928744,0.24774862801503902,3.430883441549036,1,190,1788594699.727827
1788594747.038512,47.292000,gate_sweep_medium_r12,-0.04352720355382189,0.017816223844420165,4.671579256653786,91.27552660621834,-0.04695741832256317,-0.03210260719060898,4.917168617248535,94.70429248333657,0.25063477432830694,3.4287658771182485,1,189,1788594699.7464912
1788594747.088340,47.324000,gate_sweep_medium_r12,-0.04377651115646586,0.019334780692588538,4.677927866578102,91.29728431711159,-0.046968452632427216,-0.029716450721025467,4.925747871398926,94.72181614603574,0.25264791030794403,3.424531828924144,1,188,1788594699.7643187
1788594747.141255,47.356000,gate_sweep_medium_r12,-0.04420668160310015,0.02109191071940586,4.685678854584694,91.32370818866067,-0.046666186302900314,-0.02748974785208702,4.933956146240234,94.73924656396909,0.25299770802269284,3.415538375308423,1,187,1788594699.7852368
1788594747.193019,47.392000,gate_sweep_medium_r12,-0.04448627954116091,0.022080276801716536,4.690245524048805,91.33773361921236,-0.045122262090444565,-0.02586451731622219,4.942296504974365,94.76470785211502,0.25657124691272704,3.4269742329026656,1,187,1788594699.801
1788594747.243253,47.424000,gate_sweep_medium_r12,-0.044839183741714805,0.02334606711519882,4.696256533265114,91.35452955300568,-0.04400540143251419,-0.0247418824583292,4.949167728424072,94.78342636622583,0.2574436224183036,3.4288968132201503,1,185,1788594699.8192387
1788594747.295530,47.456000,gate_sweep_medium_r12,-0.0451589105068706,0.02455829893006012,4.702172175049782,91.3711896096979,-0.04322132468223572,-0.023170752450823784,4.9568257331848145,94.80033516053044,0.2590950621979881,3.4291455508325495,1,185,1788594699.839512
1788594747.343127,47.488000,gate_sweep_medium_r12,-0.045448339486029,0.02598942694021389,4.7094277292490005,91.38944246863464,-0.04225100576877594,-0.021980224177241325,4.96486234664917,94.81825669444082,0.25991951473023484,3.428814225806185,1,185,1788594699.855108
1788594747.395330,47.524000,gate_sweep_medium_r12,-0.04558039357652888,0.027061764791142195,4.715179339051247,91.4032749766008,-0.040820926427841187,-0.020469525828957558,4.975487232208252,94.84047721090772,0.26465463410904166,3.437202234306916,1,185,1788594699.8713074
1788594747.443758,47.556000,gate_sweep_medium_r12,-0.04564661061158404,0.02782866422785446,4.719420328736305,91.41285841619562,-0.03983767330646515,-0.019342249259352684,4.983827114105225,94.85497874305321,0.2686443503611386,3.4421203268575904,1,183,1788594699.887737
1788594747.489269,47.588000,gate_sweep_medium_r12,-0.04570130159845576,0.029035771905910224,4.726356402039528,91.4272411490935,-0.039100755006074905,-0.018425947055220604,4.99021053314209,94.86628142196247,0.26817006634214696,3.439040272868969,1,182,1788594699.901251
1788594747.542681,47.620000,gate_sweep_medium_r12,-0.04574959253659472,0.029903289570938796,4.7317899614572525,91.43851681692549,-0.036944080144166946,-0.017379187047481537,4.99698543548584,94.88975659421831,0.2695214445807825,3.4512397772928223,1,182,1788594699.922664
1788594747.598525,47.656000,gate_sweep_medium_r12,-0.04582391952862963,0.03063795220805332,4.73710335791111,91.4493675453166,-0.035157013684511185,-0.015760673210024834,5.0062255859375,94.90942145473419,0.2733009128028348,3.4600539094175717,1,179,1788594699.942509
1788594747.645588,47.688000,gate_sweep_medium_r12,-0.04591290181269869,0.03140009817434475,4.743564501404762,91.4613968170753,-0.03361630067229271,-0.014267443679273129,5.013691425323486,94.9259663745188,0.27423582151927256,3.464569557443493,1,177,1788594699.9575713
1788594747.698429,47.720000,gate_sweep_medium_r12,-0.04600784828653559,0.031896008818876,4.7485793977975845,91.46895677647545,-0.03168272227048874,-0.013197127729654312,5.020721435546875,94.94391931161654,0.27622434525127626,3.474962535141088,1,177,1788594699.9784102
1788594747.748531,47.752000,gate_sweep_medium_r12,-0.04610772704472765,0.032184551178943366,4.752232447266579,91.47400717393454,-0.030739614740014076,-0.012535959482192993,5.0271711349487305,94.95289925749788,0.27897559917309417,3.4788920835633443,1,175,1788594699.996514
1788594747.798888,47.788000,gate_sweep_medium_r12,-0.046283344679977745,0.032565052330028266,4.757237330079079,91.39333594139175,-0.02946094423532486,-0.010748520493507385,5.035496711730957,94.94704242070864,0.28211228655403453,3.553706479316886,1,175,1788594700.0108707
1788594747.857159,47.820000,gate_sweep_medium_r12,-0.04642521491041407,0.0328040297026746,4.7596854120492935,91.08861809750171,-0.023494195193052292,-0.009104849770665169,5.043971061706543,94.83627355529332,0.2882716018705855,3.7476554577916104,1,174,1788594700.0371344
1788594747.900435,47.852000,gate_sweep_medium_r12,-0.04656012257328257,0.03298971679760143,4.761118784546852,90.46780248114088,-0.002225484699010849,-0.07039701193571091,5.029163837432861,94.45875331177342,0.2906931821874772,3.9909508306325376,1,394,1788594700.048417
1788594747.949007,47.884000,gate_sweep_medium_r12,-0.04676686128368601,0.03318346169544384,4.760856047272682,89.21109820523397,-0.0029586353339254856,-0.07578054070472717,5.031191825866699,93.70105352374873,0.29474352862779385,4.489955318514753,1,317,1788594700.0649815
1788594748.000507,47.920000,gate_sweep_medium_r12,-0.04686664690962061,0.033365948766004294,4.758665934205055,87.83007251498417,-0.007288098335266113,-0.07732126861810684,5.0309295654296875,92.42207662947317,0.29655624506510153,4.592004114489008,1,296,1788594700.0804832
1788594748.047243,47.952000,gate_sweep_medium_r12,-0.046829267346765846,0.0335534053738229,4.755848303437233,86.58066632633825,-0.01209169626235962,-0.07949477434158325,5.031126022338867,90.93980792271122,0.29960709655396695,4.3591415963729805,1,283,1788594700.095226
1788594748.097204,47.984000,gate_sweep_medium_r12,-0.04654350777855143,0.03391656157327816,4.750543490052223,84.64023760532451,-0.018077481538057327,-0.08232233673334122,5.031746864318848,89.13192432092384,0.30560944656275985,4.491686715599335,1,277,1788594700.1131842
1788594748.150360,48.016000,gate_sweep_medium_r12,-0.04563704406609759,0.03464987006736919,4.741391554474831,81.7838758964398,-0.02457122504711151,-0.0839376375079155,5.03235387802124,87.0165301475424,0.3149060802959899,5.232654251102595,1,267,1788594700.1343422
1788594748.201317,48.052000,gate_sweep_medium_r12,-0.04436445137253031,0.03554808971239254,4.732243910431862,79.1751622062887,-0.03157997876405716,-0.0827583521604538,5.03059196472168,84.28248506611203,0.3212030797284018,5.1073228598233245,1,256,1788594700.1492968
1788594748.249963,48.084000,gate_sweep_medium_r12,-0.04253073682775721,0.03672768798423931,4.72192420065403,76.30471161521582,-0.03682609647512436,-0.08067993074655533,5.027565002441406,81.56611113255737,0.32746509978136423,5.261399517341545,1,246,1788594700.1659448
1788594748.299780,48.116000,gate_sweep_medium_r12,-0.0407563847838901,0.03776854899479076,4.7137798219919205,73.99675251705867,-0.04101965203881264,-0.07358735799789429,5.024104118347168,78.59948018506608,0.3296989175599315,4.6027276680074225,1,233,1788594700.1837626
1788594748.349490,48.148000,gate_sweep_medium_r12,-0.036928857618477196,0.03977907699299976,4.700155630707741,69.89662436752043,-0.043510474264621735,-0.0674380213022232,5.020679473876953,75.41300596595025,0.33804490513020036,5.516381598429814,1,215,1788594700.2014718
1788594748.401297,48.184000,gate_sweep_medium_r12,-0.03315399860730395,0.04158118990017101,4.690086260437965,66.43212541289711,-0.044062282890081406,-0.05743692070245743,5.01774263381958,71.618375622047,0.3424649995414135,5.186250209149893,1,200,1788594700.2172775
1788594748.458003,48.216000,gate_sweep_medium_r12,-0.02883238805225119,0.04347153630806133,4.680878534913063,62.84706196893636,-0.04466819018125534,-0.04809695482254028,5.014720916748047,68.07174817698655,0.34653469827170147,5.224686208050194,1,181,1788594700.2419875
1788594748.507515,48.248000,gate_sweep_medium_r12,-0.022808111214544624,0.04587940749479458,4.670511618256569,58.267574475151065,-0.009633626788854599,-0.08473243564367294,4.961767673492432,64.57171346628748,0.3194731762127555,6.304138991136411,1,394,1788594700.2594976
1788594748.569306,48.280000,gate_sweep_medium_r12,-0.017630130925681442,0.0477506170864217,4.6630081087350845,54.576377313487306,-0.0025487737730145454,-0.08452603965997696,4.943277359008789,60.90973513009498,0.31028279665904024,6.333357816607673,1,178,1788594700.2892733
1788594748.617187,48.316000,gate_sweep_medium_r12,-0.013654811249580234,0.04911915835691616,4.657746210694313,51.82283202135401,0.001784278079867363,-0.08027232438325882,4.937868118286133,56.738708488920274,0.3089478991640883,4.91587646756626,1,394,1788594700.3011637
1788594748.675086,48.348000,gate_sweep_medium_r12,-0.0070461579016409814,0.05129774537635967,4.649566546082497,47.29545098098822,0.006019716616719961,-0.07477792352437973,4.934001445770264,53.10911358609498,0.31139846423206474,5.813662605106758,1,267,1788594700.327065
1788594748.724640,48.380000,gate_sweep_medium_r12,-0.001926782017108053,0.05290536832762882,4.643493071198463,43.77602063120754,0.00970490463078022,-0.06924349069595337,4.932189464569092,49.55737071611958,0.3136897311679906,5.781350084912042,1,217,1788594700.3446217
1788594748.772574,48.412000,gate_sweep_medium_r12,0.0028895745635963976,0.054361140995752066,4.637851133942604,40.37495178116643,0.01300751231610775,-0.06443380564451218,4.930649280548096,46.111249628014875,0.3161413713313047,5.736297846848447,1,202,1788594700.3605583
1788594748.834038,48.448000,gate_sweep_medium_r12,0.008296750544104725,0.05604769167257473,4.631435766816139,36.34606858320468,0.009659411385655403,-0.060949329286813736,4.929163932800293,42.378076943195175,0.3198940771227696,6.032008359990491,1,187,1788594700.3860118
1788594748.879351,48.480000,gate_sweep_medium_r12,0.01200797694036737,0.05736585956765339,4.626891985535622,33.33302648884225,0.012178413569927216,-0.10419325530529022,4.905320167541504,39.445216698443026,0.3219062428445189,6.1121902096007705,1,342,1788594700.3993278
1788594748.933238,48.512000,gate_sweep_medium_r12,0.014363151101861149,0.05833330628229305,4.623875990509987,31.214718796593434,-0.018130231648683548,-0.11228500306606293,4.913618564605713,36.42522593583953,0.33781235420138495,5.210507139246097,1,210,1788594700.4212177
1788594748.989548,48.544000,gate_sweep_medium_r12,0.017376716306898743,0.05994461354566738,4.619803801178932,28.003917009747806,-0.0092123132199049,-0.09356927871704102,4.9031453132629395,33.725738195315984,0.32335105393190744,5.7218211855681815,1,167,1788594700.445528
1788594749.034539,48.580000,gate_sweep_medium_r12,0.018918770423624665,0.06129562360001728,4.61735238134861,25.75568175152576,0.03430823236703873,-0.09254488348960876,4.9325971603393555,31.72901274866236,0.35111680085325603,5.9733309971366015,1,366,1788594700.454516
1788594749.084471,48.612000,gate_sweep_medium_r12,0.019722110650036484,0.06270982575369999,4.614977732300758,23.82652059815488,0.0336202010512352,-0.10938739031553268,4.943109035491943,29.86659695861299,0.3707839813550815,6.040076360458112,1,220,1788594700.472454
1788594749.133929,48.644000,gate_sweep_medium_r12,0.01985482597956434,0.06420409184647724,4.611983671784401,22.235426711700228,0.03774680197238922,-0.11451688408851624,4.940737247467041,28.16424982870191,0.37462010566466625,5.928823117001681,1,186,1788594700.4899049
1788594749.186134,48.676000,gate_sweep_medium_r12,0.019088217115495354,0.06624648225260898,4.606833830475807,20.71619279382528,0.03705412521958351,-0.1120816320180893,4.939513683319092,26.70700072588197,0.37788830979692567,5.99080793205669,1,169,1788594700.510119
1788594749.245168,48.712000,gate_sweep_medium_r12,0.01815758558223024,0.06756763410521671,4.602895155549049,20.046378943375668,0.019057251513004303,-0.08971013128757477,4.943068027496338,25.271933191451605,0.37477284812884093,5.225554248075939,1,162,1788594700.5331416
1788594749.294038,48.744000,gate_sweep_medium_r12,0.016372856742236763,0.06944676738930866,4.596676722168922,19.427652684797263,0.1517990529537201,-0.1812511384487152,4.947038173675537,25.73652928546926,0.4516003114632493,6.308876600671997,1,374,1788594700.5500195
1788594749.343224,48.776000,gate_sweep_medium_r12,0.013915379589889199,0.07147653651190922,4.589433565735817,19.11467511854221,0.22062018513679504,-0.23015743494033813,4.959039688110352,26.05682954941257,0.5199217393675502,6.94215443087036,1,218,1788594700.5672007
1788594749.394370,48.808000,gate_sweep_medium_r12,0.009836425131652504,0.074215414642822,4.579104796051979,19.138533551946548,0.2290327399969101,-0.23717643320560455,4.95928955078125,25.986741501958992,0.538100692329533,6.848207950012444,1,177,1788594700.5863507
1788594749.444379,48.844000,gate_sweep_medium_r12,0.00575739803025499,0.07657751691294834,4.570003882050514,19.481891780999728,0.22808437049388885,-0.23513035476207733,4.9578423500061035,26.116864122661255,0.5449860155776094,6.634972341661527,1,156,1788594700.6003604
1788594749.494338,48.876000,gate_sweep_medium_r12,0.0022040727199055254,0.07843717437935993,4.5628165155649185,19.92152598010826,0.22490617632865906,-0.23099538683891296,4.954889297485352,26.506003926873255,0.5468690914804855,6.584477946764997,1,156,1788594700.6183245
1788594749.552899,48.908000,gate_sweep_medium_r12,-0.00463407434290275,0.08163459849311039,4.550341501832008,20.99245534581266,0.22161981463432312,-0.22830769419670105,4.951178073883057,27.1752732634554,0.554909906713487,6.182817917642737,1,152,1788594700.644869
1788594749.606391,48.940000,gate_sweep_medium_r12,-0.010947407165076584,0.0842724094982259,4.540047541260719,22.14389027037384,0.19428196549415588,-0.2153094857931137,4.952459335327148,28.02748836368536,0.54950149706215,5.883598093311517,1,149,1788594700.6663687
1788594749.650146,48.976000,gate_sweep_medium_r12,-0.01797220198204741,0.08698349696351215,4.529768839478493,23.552135092851202,0.36001431941986084,-0.35733091831207275,4.933557033538818,30.61855001680768,0.7094603693270677,7.066414923956477,1,373,1788594700.6741242
1788594749.700828,49.008000,gate_sweep_medium_r12,-0.02771699702134356,0.09041411679936573,4.5168618112802505,25.66047386720705,0.36856773495674133,-0.365500271320343,4.930238246917725,32.198772935377036,0.7319696685203929,6.538299068169986,1,209,1788594700.692812
1788594749.759563,49.040000,gate_sweep_medium_r12,-0.03626143833389506,0.09318998706294224,4.50661601126194,27.619027125903997,0.36196169257164,-0.3602677285671234,4.9416704177856445,33.90699917225757,0.7439609522604914,6.287972046353572,1,173,1788594700.719544
1788594749.821766,49.072000,gate_sweep_medium_r12,-0.043085950368549675,0.09534450870705768,4.499012842774391,29.24188714833024,0.3293852210044861,-0.3448946475982666,4.9647393226623535,35.78230030794805,0.7412465462430552,6.540413159617808,1,154,1788594700.7497427
1788594749.861884,49.108000,gate_sweep_medium_r12,-0.05517453601351008,0.09913862746907398,4.486634626984596,32.2313005026405,0.44097110629081726,-0.43780210614204407,4.942806243896484,38.19057794030985,0.8617182798713426,5.959277437669345,1,361,1788594700.753865
1788594749.912484,49.140000,gate_sweep_medium_r12,-0.06543911894550547,0.1024054090376012,4.477078810334206,34.87391352415237,0.4544597268104553,-0.43388891220092773,4.940450668334961,40.71060099393372,0.8789879905881234,5.836687469781346,1,182,1788594700.7724643
1788594749.970463,49.172000,gate_sweep_medium_r12,-0.07615906646242365,0.10595258575631306,4.4678996950387955,37.73437463958179,0.4035727381706238,-0.38342612981796265,4.917943477630615,43.08188785494014,0.8198619017146493,5.347513215358359,1,173,1788594700.7984457
1788594750.017297,49.204000,gate_sweep_medium_r12,-0.09016902645817026,0.11082849156809971,4.456956759095192,41.60843840174274,0.5063782334327698,-0.5246143937110901,4.9351420402526855,46.09263407877931,0.9941415678116481,4.484195677036576,1,356,1788594700.8132796
1788594750.075428,49.240000,gate_sweep_medium_r12,-0.10184405645122752,0.11517191183520481,4.448644056916237,44.942156782165185,0.4766855239868164,-0.5218725800514221,4.942720413208008,49.5708195527998,0.9922870582303605,4.628662770634609,1,147,1788594700.8354056
1788594750.120589,49.272000,gate_sweep_medium_r12,-0.11085247149458155,0.1187391082639806,4.44268836081028,47.57613437157165,0.41941866278648376,-0.47532880306243896,4.950321674346924,52.40938721892162,0.9443493739774782,4.833252847349977,1,386,1788594700.8485665
1788594750.177440,49.304000,gate_sweep_medium_r12,-0.12322217872133479,0.12398556125117466,4.43517293035984,51.26676004632034,0.4110025465488434,-0.47271230816841125,4.947566509246826,55.97968534990457,0.9507847201887945,4.712925303584225,1,241,1788594700.8734202
1788594750.237372,49.336000,gate_sweep_medium_r12,-0.13926717540016398,0.13147977989865467,4.426475897431374,56.16073123014216,0.4032258093357086,-0.4653802812099457,4.9400129318237305,59.7080588792386,0.9561698890504211,3.5473276490964403,1,185,1788594700.9013479
1788594750.284370,49.372000,gate_sweep_medium_r12,-0.15255455573787913,0.13834607106400654,4.420120611786842,60.29957404271991,0.45192453265190125,-0.4746549129486084,4.926387310028076,64.19555693040456,0.9987347718233578,3.895982887684658,1,397,1788594700.9123507
1788594750.340658,49.404000,gate_sweep_medium_r12,-0.16621082922210917,0.14606271189404652,4.414300814270973,64.62850998222544,0.4541935920715332,-0.4833783507347107,4.940128803253174,68.53309234907802,1.0283932960112991,3.904582366852581,1,205,1788594700.9366374
1788594750.400788,49.436000,gate_sweep_medium_r12,-0.17668566008796915,0.1524433295126073,4.4105242639780045,67.97701582609619,0.44332370162010193,-0.48598983883857727,4.950880527496338,72.96509996382848,1.0411500422994162,4.988084137732294,1,169,1788594700.9647543
1788594750.450762,49.468000,gate_sweep_medium_r12,-0.1946291913627647,0.1644355307216756,4.406783953309059,73.67740169761629,0.45875683426856995,-0.35289880633354187,4.860501289367676,76.5136379163401,0.9488980639809527,2.83623621872381,1,402,1788594700.982748
1788594750.511436,49.504000,gate_sweep_medium_r12,-0.20943635603180155,0.17541962367249653,4.407085791230202,78.2737714237779,0.46626925468444824,-0.261361300945282,4.844718933105469,81.37506592191234,0.9159030600074438,3.101294498134441,1,216,1788594701.007416
1788594750.556715,49.536000,gate_sweep_medium_r12,-0.22461783787002787,0.18768041831208393,4.410317316651344,82.81892258958783,0.48646336793899536,-0.27365443110466003,4.837118625640869,86.52002679929281,0.9490130040712593,3.701104209704975,1,388,1788594701.0206952
1788594750.605895,49.568000,gate_sweep_medium_r12,-0.24400207301368937,0.2048142055864446,4.417904749512672,88.32069398506366,0.4943229854106903,-0.2802075147628784,4.840543746948242,91.1538079218274,0.9792822286048717,2.833113936763741,1,274,1788594701.0378675
1788594750.662554,49.600000,gate_sweep_medium_r12,-0.25968110462417826,0.21995681029511616,4.426472559571266,92.48920532013614,0.4877195656299591,-0.2696840167045593,4.8386688232421875,95.54173618199293,0.9840028765941325,3.052530861856802,1,214,1788594701.0625322
1788594750.707912,49.636000,gate_sweep_medium_r12,-0.2714343955158256,0.23213935893727466,4.434112444519997,95.44866715383635,0.5044319033622742,-0.2600971460342407,4.822245121002197,99.8102989728779,0.9974528886692394,4.361631819041551,1,399,1788594701.0718856
1788594750.760154,49.668000,gate_sweep_medium_r12,-0.29081225296249613,0.25389261048985645,4.448102846741676,100.01084610843881,0.4750198721885681,-0.25096067786216736,4.817834377288818,103.13233378911593,0.9889778012442844,3.1214876806771215,1,250,1788594701.092135
1788594750.825001,49.700000,gate_sweep_medium_r12,-0.305992393696215,0.27250276011181995,4.459494963288307,103.3013502403224,0.4458027482032776,-0.23315007984638214,4.813940525054932,106.39501218254061,0.9728886812978818,3.0936619422182146,1,209,1788594701.1249804
1788594750.874384,49.732000,gate_sweep_medium_r12,-0.3207953264354728,0.2921811739797704,4.4704679399728775,106.25442759549301,0.34113234281539917,-0.2657943367958069,4.854146957397461,105.77525435655946,0.946939543137286,0.4791732389335679,1,386,1788594701.1423664
1788594750.928580,49.768000,gate_sweep_medium_r12,-0.3387077142833732,0.3181682924623601,4.482837572693825,109.46236829567474,0.3330046236515045,-0.25380071997642517,4.846288681030273,108.87597982771653,0.9541712237723016,0.5863884679581975,1,252,1788594701.160563
1788594750.983122,49.800000,gate_sweep_medium_r12,-0.35245144268264994,0.33993185561848804,4.491288557648659,111.64614611935984,0.3290574252605438,-0.25477445125579834,4.844382286071777,111.24893500355878,0.970981518656769,0.3972111158010601,1,204,1788594701.183101
1788594751.033677,49.832000,gate_sweep_medium_r12,-0.3623637249111198,0.3567825655336492,4.496707811951637,113.06839304499567,0.3266586363315582,-0.23260709643363953,4.839787006378174,113.42573964257977,0.9694510413500578,0.3573465975840936,1,188,1788594701.2016582
1788594751.097190,49.864000,gate_sweep_medium_r12,-0.3780489852069877,0.3858601550455205,4.50407113134861,115.0367469972128,0.30052345991134644,-0.21730077266693115,4.839014053344727,114.97731295055605,0.9677036886300044,0.05943404665674992,1,167,1788594701.2331583
1788594751.142346,49.900000,gate_sweep_medium_r12,-0.3897909810184501,0.41002226871205494,4.508520022034645,116.25992123259824,0.1011233925819397,-0.21419750154018402,4.872652530670166,114.18812124864974,0.87363592395598,2.0717999839485204,1,382,1788594701.2423286
1788594751.197093,49.932000,gate_sweep_medium_r12,-0.40081307193031535,0.4349794487352483,4.511810198426247,117.17889392986783,0.07752687484025955,-0.1827167272567749,4.872432231903076,115.17895252136745,0.8604684314607994,1.9999414085003657,1,261,1788594701.2650757
1788594751.249863,49.964000,gate_sweep_medium_r12,-0.41113307973137125,0.46072603267384693,4.514119997620583,117.80104408611251,0.07426179945468903,-0.1601157784461975,4.874279499053955,116.03306572209455,0.8664684700827853,1.7679783640179554,1,197,1788594701.285841
1788594751.304477,49.996000,gate_sweep_medium_r12,-0.42304143210640177,0.494005034386646,4.515717878937721,118.17203139918902,0.06383395940065384,-0.1344050168991089,4.871743679046631,116.5287957751471,0.8710345628936333,1.6432356240419195,1,180,1788594701.3084607
1788594751.365252,50.032000,gate_sweep_medium_r12,-0.4297004928230308,0.5145362715120427,4.516103640198708,118.1827583784936,0.045974716544151306,-0.10335831344127655,4.869925498962402,116.76154742634732,0.8563004908676295,1.4212109521462832,1,168,1788594701.3332329
1788594751.416881,50.064000,gate_sweep_medium_r12,-0.4380906214355491,0.5425843099947087,4.516092196106911,117.95377249622146,-0.1080550104379654,-0.10079289972782135,4.863659858703613,115.52162658379433,0.8022848737199475,2.43214591242713,1,391,1788594701.3528636
1788594751.471425,50.096000,gate_sweep_medium_r12,-0.4459782232879661,0.571403990208637,4.51560677587986,117.46034000432245,-0.1291227489709854,-0.07101994007825851,4.861349105834961,114.97059570130833,0.7953889969899526,2.4897443030141195,1,243,1788594701.375409
1788594751.525088,50.128000,gate_sweep_medium_r12,-0.45521792670479044,0.6085324386949651,4.514778032898903,116.49219711310609,-0.12775148451328278,-0.03430044651031494,4.865143299102783,114.40029722521386,0.8020125989191347,2.0918998878922324,1,183,1788594701.397071
1788594751.574620,50.164000,gate_sweep_medium_r12,-0.462225018942263,0.6391119460458867,4.51438607275486,115.46484147934048,-0.12692850828170776,-0.0015959106385707855,4.87023401260376,113.47832438774367,0.8059516511386036,1.9865170915968169,1,171,1788594701.4106026
1788594751.633974,50.196000,gate_sweep_medium_r12,-0.46730145713081583,0.6625563005800359,4.514547243714333,114.55791829950786,-0.13036172091960907,0.021910754963755608,4.871450424194336,112.36784067454663,0.8070532703563011,2.1900776249612246,1,167,1788594701.437956
1788594751.696846,50.228000,gate_sweep_medium_r12,-0.47548138996353373,0.702597985684406,4.516374483704567,112.8179589297666,-0.13446734845638275,0.055389463901519775,4.873846530914307,111.05871563750674,0.8142209231589127,1.7592432922598735,1,159,1788594701.4688272
1788594751.745707,50.260000,gate_sweep_medium_r12,-0.4818930317997001,0.7355615000124089,4.519740477204323,111.25106839782528,-0.3360065221786499,0.029764391481876373,4.832107067108154,109.46812762596699,0.7854968609661158,1.7829407718582955,1,369,1788594701.4856882
1788594751.800488,50.296000,gate_sweep_medium_r12,-0.48832774063339457,0.7692858676309697,4.52478064596653,109.55778690344228,-0.3664391040802002,0.007279090583324432,4.8277907371521,107.54219318429766,0.8290514358878006,2.0155937191446145,1,233,1788594701.5044708
1788594751.858050,50.328000,gate_sweep_medium_r12,-0.49655109544983134,0.81241775554372,4.533014193177223,107.31153985914204,-0.37586578726768494,0.018910013139247894,4.8274455070495605,105.6769139748684,0.8549323244885834,1.6346258842736576,1,189,1788594701.530019
1788594751.903811,50.360000,gate_sweep_medium_r12,-0.5033719529747032,0.8476503590936773,4.540768042206764,105.44485662153131,-0.4687069058418274,0.02410551719367504,4.831191062927246,104.35095014226602,0.8739412469252344,1.0939064792653126,1,376,1788594701.5437913
1788594751.959402,50.392000,gate_sweep_medium_r12,-0.508671699964907,0.874463687359821,4.547047033905983,104.0245284274617,-0.4906347393989563,0.0269754771143198,4.839079856872559,102.4425544331281,0.8965739055657419,1.5819739943336102,1,244,1788594701.5673826
1788594752.020773,50.428000,gate_sweep_medium_r12,-0.5178707232116722,0.9197860459680669,4.55802620947361,101.64652907179541,-0.5081900954246521,0.039152443408966064,4.829739093780518,100.13702446019849,0.9216491458298816,1.5095046115969188,1,209,1788594701.5927455
1788594752.062880,50.460000,gate_sweep_medium_r12,-0.5256366719841026,0.9565553168649785,4.567026510834694,99.75939711632948,-0.5657863616943359,0.06222585588693619,4.843428611755371,99.04377297558219,0.9369286545679282,0.7156241407472982,1,329,1788594701.6028664
1788594752.112923,50.492000,gate_sweep_medium_r12,-0.53374707599869,0.9937154154176824,4.575996294617653,97.90347399747289,-0.5963764786720276,0.06849507242441177,4.831656455993652,97.06634025012255,0.9619341158741623,0.8371337473503381,1,240,1788594701.6209064
1788594752.160053,50.524000,gate_sweep_medium_r12,-0.5445014228462242,1.0406362513895147,4.586992636322975,95.65473804273893,-0.6082943081855774,0.09740143269300461,4.824324607849121,95.13515107518822,0.9747245355123905,0.5195869675507102,1,202,1788594701.6360345
1788594752.216203,50.560000,gate_sweep_medium_r12,-0.5536371459602378,1.0785035590524785,4.595500364899635,93.93089459298842,-0.6429772973060608,0.1474446952342987,4.820408344268799,92.83043857876136,0.9619957742738866,1.1004560142270707,1,175,1788594701.6561773
1788594752.265542,50.592000,gate_sweep_medium_r12,-0.5608174194931053,1.1070676545496099,4.60164774954319,92.68692009447713,-0.7147591710090637,0.1276208758354187,4.861771106719971,91.82781448928722,1.0250259587651065,0.8591056051899226,1,390,1788594701.6735282
1788594752.316285,50.624000,gate_sweep_medium_r12,-0.5707924356102012,1.1453264455194585,4.6095436960458755,91.10381159471747,-0.7429302930831909,0.14777438342571259,4.8528900146484375,90.21410119098077,1.0411335117746887,0.8897104037366919,1,259,1788594701.6922657
1788594752.362278,50.656000,gate_sweep_medium_r12,-0.583877622091677,1.1933418015833013,4.618947401642799,89.24987988776863,-0.7460922598838806,0.19196361303329468,4.832579135894775,88.6323971053657,1.0366823925857211,0.6174827824029329,1,199,1788594701.7062619
1788594752.418480,50.692000,gate_sweep_medium_r12,-0.5948459496139549,1.2318082551355474,4.626087561249733,87.87634214870896,-0.7745634913444519,0.20945914089679718,4.8263840675354,86.7942524241986,1.0571730211373418,1.082089724510344,1,163,1788594701.7264588
1788594752.463145,50.724000,gate_sweep_medium_r12,-0.6062394370674156,1.270311186730396,4.632882013916969,86.60211900078299,-0.8508703708648682,0.22941026091575623,4.838918685913086,85.7391388494251,1.0889307330310882,0.8629801513578896,1,386,1788594701.7391229
1788594752.515253,50.756000,gate_sweep_medium_r12,-0.6149953593849204,1.2992362479562871,4.637797251343727,85.71287779594,-0.8794013261795044,0.2700341045856476,4.8552703857421875,84.43611776245965,1.0846483906687863,1.2767600334803606,1,250,1788594701.7592373
1788594752.565168,50.788000,gate_sweep_medium_r12,-0.630045412981417,1.3473937014932744,4.645613566040993,84.36211264319306,-0.8861281871795654,0.3075064718723297,4.8682732582092285,83.2665584402221,1.093856103921442,1.0955542029709495,1,207,1788594701.7771518
1788594752.625448,50.824000,gate_sweep_medium_r12,-0.6455335607170127,1.395489762246143,4.652997389435768,83.17363906419442,-0.9081473350524902,0.35185807943344116,4.882297039031982,81.96473303087242,1.1003233220949848,1.208906033321998,1,168,1788594701.801431
1788594752.670413,50.856000,gate_sweep_medium_r12,-0.6549784531234764,1.4242938260431401,4.6572402864694595,82.53614293246771,-0.9890337586402893,0.3142754137516022,4.873266220092773,81.31324773886979,1.179152673222591,1.222895193597918,1,390,1788594701.814393
1788594752.723036,50.888000,gate_sweep_medium_r12,-0.6708593358634971,1.472183654725086,4.664041891694069,81.59759427174197,-1.0205687284469604,0.33342838287353516,4.874653339385986,80.42476840073198,1.2097179052695217,1.1728258710099915,1,258,1788594701.835022
1788594752.780789,50.920000,gate_sweep_medium_r12,-0.6868665804504417,1.5198108653421514,4.670454874634743,80.81185384794212,-1.0374946594238281,0.3653147518634796,4.876942157745361,79.56142947467036,1.224107153760785,1.2504243732717633,1,211,1788594701.8607721
1788594752.821635,50.956000,gate_sweep_medium_r12,-0.6932968487381004,1.5387116174097173,4.672936335206032,80.5408605502209,-1.0883216857910156,0.3674325942993164,4.872195720672607,79.09440518462412,1.2520556994653451,1.4464553655967856,1,383,1788594701.865604
1788594752.869262,50.988000,gate_sweep_medium_r12,-0.7092951526283287,1.5857688884134404,4.678980723023415,79.97031757851919,-1.1051543951034546,0.39532819390296936,4.865850448608398,78.5500319574751,1.2683745035831335,1.420285621044097,1,294,1788594701.881238
1788594752.918023,51.020000,gate_sweep_medium_r12,-0.7219691862701438,1.623155663430225,4.683722868561745,79.62488446045025,-1.1170270442962646,0.4302058219909668,4.866099834442139,78.08357851296823,1.269827308361998,1.5413059474820114,1,248,1788594701.8980043
1788594752.970837,51.052000,gate_sweep_medium_r12,-0.7344985594390891,1.6602235535974614,4.688415423035622,79.38345580014708,-1.1273812055587769,0.468410849571228,4.869832992553711,77.75450102686696,1.2679458307160367,1.6289547732801168,1,190,1788594701.918818
1788594753.029244,51.088000,gate_sweep_medium_r12,-0.7499740113853477,1.7061565617914312,4.694271937012672,79.2304431531187,-1.1463639736175537,0.5150216817855835,4.879271507263184,77.4223800522412,1.2689177063615547,1.8080631008775019,1,170,1788594701.9412243
1788594753.072729,51.120000,gate_sweep_medium_r12,-0.7622160901664756,1.742631504952442,4.698964491486549,79.23591404568288,-1.2452216148376465,0.48758557438850403,4.861896514892578,77.44298798958675,1.3546148784577692,1.7929260560961253,1,387,1788594701.952711
1788594753.119766,51.152000,gate_sweep_medium_r12,-0.7713376869796775,1.7698496083612554,4.702487364411354,79.31740199004986,-1.2897212505340576,0.5144726037979126,4.84315299987793,77.47195770534805,1.3654595429931216,1.8454442847018178,1,242,1788594701.9677453
1788594753.163635,51.184000,gate_sweep_medium_r12,-0.7864009132026695,1.8150162200327031,4.708371534943581,79.6116328566719,-1.3035625219345093,0.547263503074646,4.839086532592773,77.60768154857973,1.3754052099330834,2.003951308092179,1,172,1788594701.979612
1788594753.222740,51.220000,gate_sweep_medium_r12,-0.7983244051574729,1.8509247998590581,4.713103666901588,79.9924527349689,-1.313509464263916,0.6018314361572266,4.830235958099365,77.84290194048823,1.3562337003671994,2.1495507944806724,1,154,1788594702.0027235
1788594753.263575,51.252000,gate_sweep_medium_r12,-0.8101419796585105,1.8866282204980962,4.717841997742653,80.50558788923688,-1.3617228269577026,0.5601261854171753,4.852708339691162,78.27029916674762,1.4429268901686225,2.235288722489262,1,377,1788594702.0115566
1788594753.313855,51.284000,gate_sweep_medium_r12,-0.8218416561721824,1.9222367505426519,4.722558870911598,81.15230481417353,-1.3834115266799927,0.5689738392829895,4.862249851226807,78.7840680876795,1.4717998493119093,2.368236726494033,1,216,1788594702.0298347
1788594753.368348,51.316000,gate_sweep_medium_r12,-0.8362916698097251,1.966602633416187,4.7284683138132095,82.14462414905033,-1.3912886381149292,0.6018117070198059,4.855440616607666,79.4594304385187,1.4787825645708659,2.685193710531627,1,173,1788594702.052328
1788594753.424664,51.352000,gate_sweep_medium_r12,-0.844856261217501,1.9931815366144292,4.73201359808445,82.83515457069073,-1.398427963256836,0.6524427533149719,4.843137741088867,80.34184762507658,1.454775133654855,2.4933069456141514,1,159,1788594702.0726454
1788594753.469717,51.384000,gate_sweep_medium_r12,-0.8561466326355003,2.0286380748148076,4.736733332276344,83.8583524414474,-1.4614005088806152,0.6215332746505737,4.868762969970703,81.22354363320302,1.537435526643205,2.6348088082443804,1,373,1788594702.0856981
1788594753.519107,51.416000,gate_sweep_medium_r12,-0.867338179552462,2.0640987853403203,4.741393938660622,84.98967703998353,-1.4930496215820312,0.6286304593086243,4.871106147766113,82.23867832936416,1.5712763540886083,2.75099871061937,1,212,1788594702.1030855
1788594753.578202,51.448000,gate_sweep_medium_r12,-0.8812667717575096,2.1083962420816533,4.7470230013132095,86.53828713629926,-1.5055216550827026,0.6589241623878479,4.8600287437438965,83.36984426570578,1.5822243099477225,3.168442870593479,1,162,1788594702.13018
1788594753.621937,51.484000,gate_sweep_medium_r12,-0.8923923363327049,2.1438133220071904,4.751292124390602,87.8663848949074,-1.5596462488174438,0.6305246353149414,4.887589454650879,84.46654421250592,1.6594720230341404,3.399840682401475,1,359,1788594702.137919
1788594753.668614,51.516000,gate_sweep_medium_r12,-0.9007405628799461,2.170385787903797,4.754332438111305,88.90375600319011,-1.56572687625885,0.6609183549880981,4.891806602478027,85.78798303747759,1.655173064631824,3.1157729657125137,1,270,1788594702.1525931
1788594753.719290,51.548000,gate_sweep_medium_r12,-0.9146184315322898,2.2147452334756963,4.759048357605934,90.69013459951252,-1.5677369832992554,0.6911430358886719,4.901127338409424,87.18424901333563,1.66376498819405,3.5058855861768756,1,247,1788594702.171266
1788594753.766901,51.580000,gate_sweep_medium_r12,-0.9257167567848228,2.2502147654886357,4.762481108307838,92.15286981319545,-1.568526029586792,0.7172174453735352,4.912908554077148,88.6158532402228,1.6691054373888292,3.5370165729726546,1,202,1788594702.1868837
1788594753.824991,51.616000,gate_sweep_medium_r12,-0.9368029226898216,2.2856688002939336,4.765611067414284,93.62620857519545,-1.5753505229949951,0.7550598978996277,4.922652721405029,90.21430025779551,1.6658837687642996,3.4119083173999347,1,171,1788594702.208973
1788594753.867029,51.648000,gate_sweep_medium_r12,-0.9506151070236228,2.3299736480112188,4.769135370850563,95.45526402694404,-1.691535472869873,0.7012855410575867,4.8955078125,90.93253882060463,1.793755259857483,4.522725206339399,1,387,1788594702.2190106
1788594753.916492,51.680000,gate_sweep_medium_r12,-0.9615513672470115,2.365402410447132,4.771674528717995,96.88800696628894,-1.7073156833648682,0.7166863679885864,4.887310981750488,92.29333124244832,1.8132293823796366,4.594675723840628,1,261,1788594702.2364726
1788594753.973948,51.712000,gate_sweep_medium_r12,-0.9696379294036888,2.3919941882486455,4.773437395691872,97.93265039281516,-1.7116130590438843,0.7525843977928162,4.8789753913879395,93.70165075112493,1.8025897543763403,4.230999641690238,1,199,1788594702.2619283
1788594754.017043,51.748000,gate_sweep_medium_r12,-0.982844292127993,2.436355779587757,4.776168242096901,99.59707594159195,-1.7638895511627197,0.7527858018875122,4.877992630004883,94.65024757648413,1.8587113203634018,4.946828365107818,1,369,1788594702.2690253
1788594754.075087,51.780000,gate_sweep_medium_r12,-0.9931270470260642,2.4718088607187383,4.778208628296852,100.84261360272704,-1.7702598571777344,0.7871232032775879,4.882135391235352,95.91052410017492,1.8581985741725848,4.932089502552119,1,257,1788594702.2950704
1788594754.124896,51.812000,gate_sweep_medium_r12,-1.0031212558387779,2.507257411896717,4.780177965760231,101.99565894169393,-1.7716948986053467,0.827668309211731,4.892300605773926,97.1476650242315,1.850485472684741,4.8479939174624285,1,224,1788594702.3128815
1788594754.178251,51.844000,gate_sweep_medium_r12,-1.015172480547335,2.5515241126413457,4.782612696290016,103.29236335692971,-1.7732007503509521,0.8677250742912292,4.8977861404418945,98.2937102345927,1.850148907955262,4.99865312233702,1,197,1788594702.3342338
1788594754.237229,51.880000,gate_sweep_medium_r12,-1.0244219293235801,2.5868885020609014,4.784572497010231,104.20078987391001,-1.7731714248657227,0.9132301211357117,4.904086112976074,99.48134992208041,1.8374007966464396,4.7194399518296075,1,187,1788594702.3572063
1788594754.295012,51.912000,gate_sweep_medium_r12,-1.0311281671165489,2.613367984711658,4.786081686615944,104.80353619652,-1.775317907333374,0.9522235989570618,4.912055015563965,100.37985007433466,1.8245789430370634,4.423686122185346,1,168,1788594702.382992
1788594754.339730,51.944000,gate_sweep_medium_r12,-1.039715527498629,2.6485809783334844,4.788111105561256,105.49657068463631,-1.926169991493225,0.9140018224716187,4.882894515991211,99.89242932757776,1.9502692787354117,5.604141357058542,1,359,1788594702.3957114
1788594754.387675,51.976000,gate_sweep_medium_r12,-1.0498182763694786,2.692412326752674,4.79073990881443,106.1823459022129,-1.9524154663085938,0.8984746932983398,4.82404088973999,100.24507697134246,2.0084827296594634,5.9372689308704425,1,199,1788594702.4116583
1788594754.449286,52.012000,gate_sweep_medium_r12,-1.0573749532341026,2.7273444632883184,4.792835131287575,106.58483373437502,-1.9736636877059937,0.8899539709091187,4.817537784576416,100.57604711354813,2.053338522378881,6.008786620826899,1,138,1788594702.4372609
1788594754.499545,52.044000,gate_sweep_medium_r12,-1.06447958847275,2.7621631125803106,4.794875040650368,106.85670195222181,-2.0134341716766357,0.8763636946678162,4.857234954833984,100.28308720364262,2.1120234384304903,6.573614748579193,1,353,1788594702.4555185
1788594754.553435,52.076000,gate_sweep_medium_r12,-1.0694969882606529,2.7881340484018438,4.796377554535866,106.97725987048469,-2.0151214599609375,0.8933154940605164,4.870079517364502,100.45931098513806,2.118956104943987,6.517948885346623,1,237,1788594702.4774165
1788594754.607199,52.108000,gate_sweep_medium_r12,-1.0772091140388511,2.831051538407337,4.798838511109352,107.02174449557387,-2.014932870864868,0.9235548973083496,4.872048854827881,100.58443460011325,2.1267884319666597,6.4373098954606185,1,184,1788594702.4991817
1788594754.659059,52.144000,gate_sweep_medium_r12,-1.08275830646744,2.8649489383096807,4.800760641694069,106.92114149291807,-2.017723560333252,0.9580317139625549,4.87728214263916,100.51645894012782,2.1251703147171517,6.4046825527902485,1,157,1788594702.5150418
1788594754.711996,52.176000,gate_sweep_medium_r12,-1.0876924981712364,2.8984548549051397,4.802768126130104,106.70719178810099,-2.0179667472839355,0.9943913817405701,4.889087200164795,100.34422170211856,2.120924060626388,6.362970085982428,1,151,1788594702.5359755
1788594754.772674,52.208000,gate_sweep_medium_r12,-1.0929069509147666,2.9397465686197393,4.805163756012917,106.28740789707187,-2.02115535736084,1.0239629745483398,4.9003777503967285,100.03125108681422,2.1309475798595616,6.256156810257649,1,143,1788594702.5646474
1788594754.811744,52.240000,gate_sweep_medium_r12,-1.0963225354789756,2.9722582797403447,4.806981936097145,105.83707670369397,-2.144580841064453,0.9861838817596436,4.850754261016846,99.03900304668639,2.2461640647940695,6.798073657007573,1,321,1788594702.5717227
1788594754.862980,52.276000,gate_sweep_medium_r12,-1.098472713434603,2.996301601349842,4.808293238282204,105.43817544464419,-2.176889657974243,1.004931092262268,4.826766490936279,98.37537872224433,2.264703263519867,7.0627967223998604,1,191,1788594702.5869613
1788594754.913081,52.308000,gate_sweep_medium_r12,-1.1013334979652427,3.035656164109241,4.810337916016579,104.66464004783943,-2.1441564559936523,0.963506817817688,4.825962543487549,97.71844527830906,2.319811794976317,6.946194769530359,1,148,1788594702.6050634
1788594754.974667,52.340000,gate_sweep_medium_r12,-1.1030275811790489,3.066410491883289,4.81182898581028,103.95741953402124,-2.1558103561401367,0.9417140483856201,4.831374168395996,96.96675699320689,2.371301027374787,6.990662540814363,1,118,1788594702.6346462
1788594755.022152,52.372000,gate_sweep_medium_r12,-1.1041743745445274,3.0964319209451787,4.813249960541725,103.1800662243898,-2.236579179763794,0.9311007261276245,4.833418846130371,95.9788275018759,2.443646171212107,7.201238722513905,1,318,1788594702.6501331
1788594755.072335,52.408000,gate_sweep_medium_r12,-1.104884623491671,3.13285894197179,4.814787283539772,102.12619441131437,-2.2360711097717285,0.9750065207481384,4.838470935821533,95.08230306075923,2.436487400728516,7.043891350555151,1,216,1788594702.6643188
1788594755.126915,52.440000,gate_sweep_medium_r12,-1.1048791398643516,3.1609942416544072,4.815819635987282,101.22685363882712,-2.230841636657715,1.0081452131271362,4.842506408691406,94.20467784380237,2.4296630769827576,7.022175795024738,1,171,1788594702.6868973
1788594755.193089,52.472000,gate_sweep_medium_r12,-1.1045520295738243,3.181477973877918,4.816457644104958,100.52663782399698,-2.225924253463745,1.0351545810699463,4.847348213195801,93.28322998638433,2.421803872795092,7.243407837612656,1,143,1788594702.721067
1788594755.242507,52.504000,gate_sweep_medium_r12,-1.1033850898384117,3.2144124011392705,4.817220583558083,99.31958599612906,-2.2624690532684326,1.0824713706970215,4.775656700134277,92.42151600361215,2.4270096307944624,6.8980699925168985,1,332,1788594702.7384872
1788594755.290637,52.540000,gate_sweep_medium_r12,-1.1018823375343345,3.2396013240213506,4.8175701051950455,98.32924351011253,-2.262258529663086,1.1186938285827637,4.785212993621826,91.20127777431834,2.417802410069144,7.127965735794198,1,176,1788594702.7506173
1788594755.348907,52.572000,gate_sweep_medium_r12,-1.0999250402092002,3.2636532286996953,4.817936792969704,97.32473535524407,-2.2542853355407715,1.1424893140792847,4.799060344696045,90.12313776724679,2.4150031810383203,7.2015975879972896,1,149,1788594702.7768874
1788594755.395438,52.604000,gate_sweep_medium_r12,-1.0976623286842369,3.2866210440988652,4.818140879273415,96.31555274179593,-2.2998485565185547,1.0820252895355225,4.8248291015625,89.04906803925049,2.5110832124305653,7.266484702545442,1,362,1788594702.791421
1788594755.458830,52.636000,gate_sweep_medium_r12,-1.0943665494560264,3.3136927585001104,4.8182486444711685,95.05769278280927,-2.374983072280884,0.9371569156646729,4.848133087158203,87.85058387266508,2.699776726088342,7.207108910144194,1,173,1788594702.82281
1788594755.501370,52.672000,gate_sweep_medium_r12,-1.0922061195014976,3.329060743271839,4.81826151907444,94.31253615917753,-2.332552433013916,0.9326052665710449,4.876622676849365,86.74375833485972,2.6990486942606102,7.568777824317802,1,362,1788594702.829348
1788594755.551184,52.704000,gate_sweep_medium_r12,-1.0891884555458091,3.348505924164783,4.818217173218727,93.33740908017703,-2.3400423526763916,0.9953963756561279,4.849395751953125,85.80941494331985,2.665095143333774,7.527994136857178,1,176,1788594702.8471603
1788594755.611531,52.736000,gate_sweep_medium_r12,-1.0852470388053916,3.371057937562,4.818085566163063,92.15489997143092,-2.371107816696167,1.0474025011062622,4.824339866638184,84.83099204377058,2.6557205507663277,7.3239079276603425,1,137,1788594702.8755126
1788594755.652641,52.768000,gate_sweep_medium_r12,-1.0819671144126914,3.387597988068592,4.817945376038551,91.24878670875853,-2.3295435905456543,1.1902227401733398,4.76851749420166,84.03884161513979,2.52732035155141,7.209945093618745,1,355,1788594702.8846252
1788594755.713781,52.804000,gate_sweep_medium_r12,-1.078624366724398,3.402807901322376,4.817774668335915,90.38290616615056,-2.3430275917053223,1.2233152389526367,4.777278423309326,82.99478027598722,2.5200285170066925,7.388125890163341,1,197,1788594702.9097548
1788594755.757319,52.836000,gate_sweep_medium_r12,-1.0760912885307334,3.4133591155405156,4.817649737000465,89.76559286125622,-2.2864038944244385,1.28375244140625,4.7580246925354,82.20698186448048,2.4502318944193586,7.5586109967757364,1,340,1788594702.9212942
1788594755.822254,52.868000,gate_sweep_medium_r12,-1.0718971480964683,3.4295217494363897,4.817446127533913,88.80224394471861,-2.286656618118286,1.284666657447815,4.758231163024902,81.41710384555536,2.4656744204494654,7.385140099163262,1,215,1788594702.9542372
1788594755.861151,52.900000,gate_sweep_medium_r12,-1.0685331811546348,3.441161582886707,4.8172625452280045,88.09698265024079,-2.239232063293457,1.3473327159881592,4.771270751953125,80.67720540460012,2.3993270809848712,7.419777245640681,1,308,1788594702.9611351
1788594755.910937,52.936000,gate_sweep_medium_r12,-1.0651298751472495,3.4516624907846563,4.817019358277321,87.45390361029197,-2.23050856590271,1.3590292930603027,4.7739691734313965,79.92762385534509,2.3956365566379705,7.526279754946888,1,198,1788594702.9749148
1788594755.967689,52.968000,gate_sweep_medium_r12,-1.0608500232337974,3.4632012347574346,4.816639319062233,86.74169134361377,-2.223052740097046,1.3828729391098022,4.773821830749512,79.34320734479,2.3833409974365627,7.398483998823763,1,105,1788594702.9996662
1788594756.009901,53.000000,gate_sweep_medium_r12,-1.0573728074668907,3.471181343018543,4.816283598542213,86.24894573658715,-2.2034249305725098,1.378838062286377,4.745151996612549,78.85920176702503,2.386712294788172,7.38974396956212,1,258,1788594703.0098774
1788594756.056390,53.032000,gate_sweep_medium_r12,-1.054721116030123,3.4764837722177617,4.815961733460426,85.92685715399396,-2.1983370780944824,1.392561435699463,4.738074779510498,78.37232206765677,2.37837258454681,7.554535086337194,1,132,1788594703.02437
1788594756.108011,53.068000,gate_sweep_medium_r12,-1.0502181043266319,3.4840583304758184,4.815309897065163,85.48026751737461,-2.1954917907714844,1.4085758924484253,4.733616828918457,77.89646112311044,2.3719091308071514,7.583806394264163,1,121,1788594703.0399945
1788594756.163929,53.100000,gate_sweep_medium_r12,-1.0465611209510826,3.489050815522205,4.814703360199928,85.2064312510516,-2.2106244564056396,1.4157658815383911,4.734724521636963,77.56639396158647,2.3790650434680716,7.640037289465133,1,111,1788594703.0639126
1788594756.204225,53.132000,gate_sweep_medium_r12,-1.042929648363497,3.4931745032663457,4.814050570130348,85.00345554198222,-2.186493396759033,1.4502694606781006,4.710126876831055,77.34401141870191,2.3435014814814803,7.6594441232803065,1,264,1788594703.072207
1788594756.262222,53.164000,gate_sweep_medium_r12,-1.0383856286644004,3.497130821167957,4.81317175924778,84.84911155695217,-2.191044569015503,1.4757256507873535,4.693817615509033,77.19790447179669,2.330010065909667,7.65120708515548,1,112,1788594703.098202
1788594756.308721,53.200000,gate_sweep_medium_r12,-1.034728406870272,3.499318550049793,4.81242074072361,84.80185465759376,-2.1835055351257324,1.4928842782974243,4.688511848449707,77.12713508348338,2.3153446375971476,7.674719574110376,1,208,1788594703.1087012
1788594756.357953,53.232000,gate_sweep_medium_r12,-1.0319929113029502,3.500421474396717,4.8118375688791275,84.80760788690591,-2.1835055351257324,1.4928842782974243,4.688511848449707,77.12715018602259,2.31762726724227,7.68045770088332,1,91,1788594703.1259325
1788594756.415238,53.264000,gate_sweep_medium_r12,-1.0283853997825645,3.501175353943836,4.811034575104713,84.86651125096027,-2.1835055351257324,1.4928842782974243,4.688511848449707,77.12714477462404,2.3200317648996136,7.739366476336231,1,77,1788594703.1512203
1788594756.456971,53.296000,gate_sweep_medium_r12,-1.0239845504402183,3.5009908179636113,4.809984102845192,85.01890771970193,-2.177649974822998,1.4957078695297241,4.680531978607178,77.21834172426219,2.3170803756377847,7.80056599543973,1,185,1788594703.1609542
1788594756.505039,53.332000,gate_sweep_medium_r12,-1.0205842246650718,3.499968717515003,4.8091238886117935,85.19401765765566,-2.177649974822998,1.4957078695297241,4.680531978607178,77.21835429798884,2.31784351850461,7.975663359666819,1,60,1788594703.1730196
1788594756.559180,53.364000,gate_sweep_medium_r12,-1.0172988166450523,3.4982094268198125,4.808242693543434,85.41290232097872,-2.1772754192352295,1.496003270149231,4.669867038726807,77.54595349873564,2.3180860713554536,7.866948822243077,1,47,1788594703.1951544
1788594756.603812,53.396000,gate_sweep_medium_r12,-1.0149399032234214,3.496433208405506,4.807603731751442,85.60096811808306,-2.1962733268737793,1.5012909173965454,4.644129753112793,77.79912452113612,2.324406410440719,7.80184359694693,1,95,1788594703.207793
1788594756.655241,53.428000,gate_sweep_medium_r12,-1.0111418952583335,3.4926766852731816,4.806670561432838,85.94964541814838,-2.192899703979492,1.4888420104980469,4.643214225769043,78.00880602869692,2.3320855250125883,7.940839389451464,1,34,1788594703.227219
1788594756.703495,53.464000,gate_sweep_medium_r12,-1.008241533243563,3.4891271094675176,4.8060158640146255,86.25679240299385,-2.18994140625,1.461031198501587,4.649266719818115,78.26033500084179,2.352479098344233,7.996457402152053,1,32,1788594703.2394748
1788594756.759398,53.496000,gate_sweep_medium_r12,-1.0054690827964805,3.4853033522958867,4.8054217249155045,86.58343965948202,-2.185065984725952,1.4550175666809082,4.647436618804932,78.46521806017918,2.3533951041133334,8.11822159930284,1,30,1788594703.2633753
1788594756.809612,53.528000,gate_sweep_medium_r12,-1.0022088279365562,3.4805092315073125,4.804760351777077,87.01546919708738,-2.180176019668579,1.4503870010375977,4.641653537750244,78.75883195031426,2.3527870299341465,8.256637246773124,1,33,1788594703.2815945
1788594756.855820,53.560000,gate_sweep_medium_r12,-0.9997037639259361,3.4768981437082402,4.8043912798166275,87.37815102843004,-2.1751248836517334,1.4438996315002441,4.636829376220703,79.10316708428404,2.3543098247414385,8.274983944145994,1,26,1788594703.295799
1788594756.903158,53.596000,gate_sweep_medium_r12,-0.9978776564239524,3.474441955506336,4.80415715277195,87.65985541206791,-2.1646928787231445,1.4233717918395996,4.639217853546143,79.45790348325447,2.3654918202568584,8.201951928813443,1,25,1788594703.3071413
1788594756.953194,53.628000,gate_sweep_medium_r12,-0.9949442734359764,3.470982025086414,4.803848162293434,88.14319601458412,-2.175211191177368,1.3782674074172974,4.507150650024414,79.50786473840392,2.420849826384815,8.63533127618019,1,25,1788594703.3251767
1788594757.002730,53.660000,gate_sweep_medium_r12,-0.9927140464424156,3.468951175629627,4.803641691803932,88.54025024663706,-2.175271511077881,1.3760892152786255,4.50535249710083,79.55783663396404,2.42229019440816,8.982413612673023,1,24,1788594703.3427129
1788594757.054364,53.692000,gate_sweep_medium_r12,-0.9905679216026329,3.467747161805164,4.803454294800758,88.94696326546847,-2.175318956375122,1.373976230621338,4.5035295486450195,79.61006355601754,2.424348691921493,9.336899709450934,1,23,1788594703.3623476
1788594757.109822,53.728000,gate_sweep_medium_r12,-0.9880313863395713,3.467500160157215,4.803287401795387,89.46668217349296,-2.1753580570220947,1.3719011545181274,4.501692771911621,79.6635802587538,2.427393486051304,9.803101914739154,1,23,1788594703.3817916
1788594757.149910,53.760000,gate_sweep_medium_r12,-0.9861609329818748,3.4684264163370244,4.803300276398659,89.89226527378625,-2.1102161407470703,1.2800843715667725,4.523006439208984,81.03230693922004,2.4760665682044607,8.859958334566219,1,78,1788594703.3898926
1788594757.200280,53.792000,gate_sweep_medium_r12,-0.9848788370727561,3.4698402385110967,4.803328886628151,90.21580965537834,-2.1211893558502197,1.2896705865859985,4.531856536865234,81.16223963172297,2.4734669075905003,9.053570023655366,1,55,1788594703.4082584
1788594757.250810,53.824000,gate_sweep_medium_r12,-0.9830443849205039,3.473545024811756,4.8034147173166275,90.76378765641115,-2.1318199634552,1.2899881601333618,4.528457164764404,81.15219289413557,2.482580827853823,9.611594762275582,1,45,1788594703.426791
1788594757.296519,53.860000,gate_sweep_medium_r12,-0.9818220128654502,3.477780054032337,4.803542509675026,91.20829434467552,-2.136888027191162,1.2929645776748657,4.526291370391846,81.29850820162433,2.4868583307891163,9.909786143051198,1,37,1788594703.4365027
1788594757.342059,53.892000,gate_sweep_medium_r12,-0.9807999124168418,3.483186672150623,4.803763285279274,91.65574947158927,-2.138529062271118,1.3052133321762085,4.5316290855407715,81.48445142141102,2.481524063298385,10.171298050178246,1,31,1788594703.4500427
1788594757.392836,53.924000,gate_sweep_medium_r12,-0.9799836864112876,3.4896885852213018,4.803981676697731,92.10521136215316,-2.134345531463623,1.2598285675048828,4.451488971710205,82.59007041298383,2.5355626742386637,9.515140949169334,1,25,1788594703.4688191
1788594757.451464,53.956000,gate_sweep_medium_r12,-0.9792714705108665,3.4995011786813848,4.804163351655006,92.66761329995478,-2.1338090896606445,1.2577462196350098,4.450076580047607,82.65224318246423,2.5463306643616423,10.015370117490543,1,18,1788594703.4954417
1788594757.495693,53.992000,gate_sweep_medium_r12,-0.9789931764244102,3.5063201884622686,4.804204359650612,93.00208353671145,-2.162503719329834,1.2558377981185913,4.422615051269531,82.93654399022252,2.5711823340024007,10.065539546488925,1,49,1788594703.503676
1788594757.544011,54.024000,gate_sweep_medium_r12,-0.9788178791641258,3.5164677600259893,4.8041848093271255,93.4409380614529,-2.161219358444214,1.2596722841262817,4.432452201843262,83.34263246396924,2.5747590585745845,10.098305597483657,1,34,1788594703.5199883
1788594757.595837,54.056000,gate_sweep_medium_r12,-0.9789074649452232,3.527798602997791,4.804051294922829,93.8685293580009,-2.156351327896118,1.2629681825637817,4.435482978820801,83.7443886615764,2.579083846515716,10.124140696424497,1,31,1788594703.5398145
1788594757.645226,54.088000,gate_sweep_medium_r12,-0.9794120778678916,3.5434133509988897,4.803637877106667,94.3790724688071,-2.151123285293579,1.2663097381591797,4.436980247497559,84.16365480498145,2.586995522718428,10.215417663825649,1,28,1788594703.5572073
1788594757.701277,54.124000,gate_sweep_medium_r12,-0.9801097502349876,3.556909749924671,4.803146734833717,94.76353700012217,-2.1328842639923096,1.148513913154602,4.382637977600098,84.50100600241592,2.7029774695786855,10.262530997706254,1,25,1788594703.5772588
1788594757.745519,54.156000,gate_sweep_medium_r12,-0.9807492484687828,3.567499587952625,4.802701845765114,95.03545463579609,-2.1324501037597656,1.146553874015808,4.380781650543213,84.5561010207427,2.7139288238719734,10.479353615053396,1,26,1788594703.5895004
1788594757.799217,54.188000,gate_sweep_medium_r12,-0.9819952239631675,3.5857598285074346,4.801892653107643,95.45487189464393,-2.1320126056671143,1.1446677446365356,4.3788933753967285,84.60821133144572,2.731373084934082,10.84666056319822,1,25,1788594703.611193
1788594757.849312,54.220000,gate_sweep_medium_r12,-0.9831165661453269,3.6007887820596807,4.801214590668678,95.75544786224434,-2.1315786838531494,1.1428362131118774,4.376980304718018,84.65630824782079,2.74599176917614,11.09913961442355,1,18,1788594703.6292934
1788594757.900585,54.256000,gate_sweep_medium_r12,-0.9866167297004722,3.6149608592386357,4.803873434662819,94.85502881766187,-2.442798376083374,1.748173713684082,4.507504463195801,85.4671086234191,2.3860414500420055,9.38792019424278,1,23,1788594703.644562
1788594757.936151,54.288000,gate_sweep_medium_r12,-0.9899337281822227,3.6239819030161016,4.806540861725807,93.41265001695824,-2.1309642791748047,1.1083972454071045,4.362723350524902,83.48424255622814,2.7976938487162557,9.928407460730092,1,20,1788594703.648132
1788594757.991926,54.320000,gate_sweep_medium_r12,-0.9934246530174278,3.631833026825916,4.808680430054665,91.60698887771996,-2.1314635276794434,1.1051441431045532,4.361345291137695,83.26226769289264,2.807026526749072,8.344721184827318,1,12,1788594703.6719062
1788594758.040372,54.352000,gate_sweep_medium_r12,-0.9961926331161521,3.637032936036121,4.809970274567604,90.09179866807432,-2.1321871280670166,1.1022059917449951,4.359825611114502,82.97452945612623,2.8139760745426146,7.117269211948085,1,10,1788594703.688354
1788594758.098066,54.388000,gate_sweep_medium_r12,-1.0009943236946128,3.644525716721546,4.811650171875954,87.32213313137856,-2.133007764816284,1.0994293689727783,4.358235836029053,82.65424801292062,2.8221542144531595,4.667885118457938,1,7,1788594703.7100475
1788594758.139424,54.420000,gate_sweep_medium_r12,-1.003919719660189,3.6477527121896856,4.81388033926487,85.94262312094598,-2.1339402198791504,1.0967398881912231,4.3566083908081055,82.29827342894271,2.827315050355225,3.6443496920032796,1,5,1788594703.7194061
1788594758.190398,54.452000,gate_sweep_medium_r12,-1.0060266246437095,3.649734685837757,4.81541146337986,85.28922868515072,-2.1345207691192627,1.0931020975112915,4.355422019958496,82.09020676183378,2.8322181261102735,3.1990219233169332,1,5,1788594703.7383776
1788594758.238570,54.484000,gate_sweep_medium_r12,-1.007458685839083,3.6510903338785283,4.8163894563913345,85.37381815588964,-2.134718656539917,1.0898690223693848,4.354091167449951,81.98077991377687,2.8362456445151563,3.393038242112761,1,5,1788594703.7545512
1788594758.290287,54.520000,gate_sweep_medium_r12,-1.0076857795356773,3.6516403655405156,4.81675423681736,86.07540480366207,-2.134521245956421,1.0869827270507812,4.352633476257324,81.97329715902741,2.8394779540313784,4.102107644634656,1,4,1788594703.7702692
1788594758.338082,54.552000,gate_sweep_medium_r12,-1.007323621714022,3.6518048743600957,4.81681002676487,86.9409941763991,-2.1338913440704346,1.0843771696090698,4.351076602935791,82.07554486936347,2.8421378351955404,4.8654493070356315,1,4,1788594703.7860613
1788594758.387929,54.584000,gate_sweep_medium_r12,-1.0065599670051597,3.651129911362659,4.816925421357155,87.9700242608248,-2.1329843997955322,1.0819393396377563,4.349461555480957,82.24803340106341,2.843957570451283,5.721990859761391,1,4,1788594703.8039093
1788594758.438283,54.616000,gate_sweep_medium_r12,-1.0054335584281944,3.6492380599374883,4.817085638642311,88.25423282318503,-2.132354974746704,1.0789096355438232,4.348095893859863,82.37676918934189,2.8454334412378093,5.8774636338431465,1,3,1788594703.8222628
1788594758.495858,54.652000,gate_sweep_medium_r12,-1.0045058717369102,3.6473698119516484,4.817021265625954,87.8729303232154,-2.132159471511841,1.0762511491775513,4.346542835235596,82.40167516661823,2.846682942059617,5.471255156597158,1,3,1788594703.8438337
1788594758.542450,54.684000,gate_sweep_medium_r12,-1.003803490602877,3.6451494197244756,4.816747084259987,87.27340227540085,-2.1323280334472656,1.0738866329193115,4.3448381423950195,82.33333527354978,2.847394951885549,4.940067001851078,1,4,1788594703.8584287
1788594758.592372,54.716000,gate_sweep_medium_r12,-1.003411530458834,3.6431345443124883,4.816202059388161,87.25393985423607,-2.132688283920288,1.0716800689697266,4.343050956726074,82.21074643849212,2.8480723429398886,5.04319341574395,1,4,1788594703.876353
1788594758.645964,54.748000,gate_sweep_medium_r12,-1.0027197589515708,3.639157007157337,4.8152812868356705,87.6552063128655,-2.1324994564056396,1.0692591667175293,4.34138822555542,82.21256883819875,2.846989938269217,5.442637474666744,1,4,1788594703.8979492
1788594758.692085,54.784000,gate_sweep_medium_r12,-1.0022498359321617,3.6358208159799688,4.814727202057838,87.61717438850881,-2.1321492195129395,1.0667989253997803,4.339750289916992,82.2521929034,2.8464274377477605,5.364981485108822,1,4,1788594703.9080675
1788594758.743583,54.816000,gate_sweep_medium_r12,-1.001949070894625,3.6327356795663945,4.81404484808445,87.58607129589679,-2.132059335708618,1.0644768476486206,4.338037490844727,82.23282269228544,2.8459946666337848,5.353248603611357,1,4,1788594703.9275684
1788594758.797986,54.848000,gate_sweep_medium_r12,-1.0018628825782798,3.6291856269235723,4.813328638672829,87.59744772969509,-2.1318776607513428,1.062062382698059,4.336369514465332,82.22780967812976,2.8450914143656654,5.369638051565318,1,4,1788594703.9499655
1788594758.847997,54.880000,gate_sweep_medium_r12,-1.001740216219332,3.6264698008890264,4.812884703278542,87.60399730061285,-2.131664752960205,1.0596166849136353,4.334715366363525,82.2217779791332,2.8450149898528476,5.382219321479658,1,4,1788594703.9679792
1788594758.897627,54.916000,gate_sweep_medium_r12,-1.001655339205172,3.6243993739481084,4.812538519501686,87.60849286108527,-2.1314501762390137,1.0571742057800293,4.3330583572387695,82.2157369730026,2.8455197528514224,5.39275588808267,1,4,1788594703.9816096
1788594758.950255,54.948000,gate_sweep_medium_r12,-1.001596688234713,3.6208707789774053,4.811921015381813,87.61174149251279,-2.1312310695648193,1.0547679662704468,4.331386089324951,82.20946869150295,2.8446214679682935,5.402272801009842,1,4,1788594704.0022368
1788594759.003145,54.980000,gate_sweep_medium_r12,-1.0016481866477989,3.617987821518909,4.811435118317604,87.61055964409184,-2.131009340286255,1.0524016618728638,4.329695224761963,82.20306823648406,2.844250741927991,5.407491407607773,1,4,1788594704.0231278
1788594759.052737,55.012000,gate_sweep_medium_r12,-1.001823305094149,3.615088651597034,4.810840502381325,87.60568231516994,-2.130779266357422,1.0500741004943848,4.327986717224121,82.19691206920285,2.843763173627657,5.4087702459670925,1,4,1788594704.0407202
1788594759.100156,55.048000,gate_sweep_medium_r12,-1.0022150268196128,3.61143822473241,4.809930220246315,87.59669571867005,-2.130547046661377,1.0477714538574219,4.32626485824585,82.1907277521619,2.842437799053451,5.4059679665081415,1,4,1788594704.0521362
1788594759.153794,55.080000,gate_sweep_medium_r12,-1.0025811185478233,3.6085183123941533,4.809091940522194,87.58777359459091,-2.13031005859375,1.0455042123794556,4.324526786804199,82.18500380971501,2.841763049110359,5.4027697848758995,1,4,1788594704.0737796
1788594759.206642,55.112000,gate_sweep_medium_r12,-1.00283408066025,3.6063374976511113,4.808423891663551,87.57978136711394,-2.130070924758911,1.0432655811309814,4.322774887084961,82.17842011575858,2.8418049735328172,5.401361251355364,1,4,1788594704.0946193
1788594759.255303,55.144000,gate_sweep_medium_r12,-1.0032368888496421,3.6026939849252813,4.807202711701393,87.56517177056219,-2.1298298835754395,1.0410493612289429,4.321010589599609,82.17210527885175,2.84035521255202,5.393066491710453,1,3,1788594704.1112835
1788594759.303618,55.180000,gate_sweep_medium_r12,-1.003537057840731,3.599794576584827,4.806117907166481,87.55663174308116,-2.129587411880493,1.0388551950454712,4.319236755371094,82.16530757275484,2.839622012121658,5.391324170326313,1,2,1788594704.1235945
1788594759.352183,55.212000,gate_sweep_medium_r12,-1.0038173188804649,3.5968920688028447,4.804894343018532,87.54215776269335,-2.1293418407440186,1.0366872549057007,4.317449569702148,82.15863863022521,2.8388477496075324,5.383519132468135,1,2,1788594704.1401575
1788594759.401455,55.244000,gate_sweep_medium_r12,-1.0040844668983482,3.593977401673328,4.803542032837868,87.52692606561145,-2.129092216491699,1.0345333814620972,4.315654754638672,82.15186228347427,2.8380327914717163,5.375063782137165,1,2,1788594704.1574357
1788594759.453275,55.276000,gate_sweep_medium_r12,-1.0044221868156455,3.5904128054971807,4.801611319184303,87.50634242231784,-2.12884259223938,1.0323963165283203,4.313850402832031,82.14543078967381,2.836490845656065,5.360911632644029,1,2,1788594704.1772573
1788594759.503074,55.312000,gate_sweep_medium_r12,-1.004635452234652,3.58831925195409,4.800326719880104,87.49341095843732,-1.9524765014648438,0.1818346381187439,4.263667583465576,83.44060389277955,3.5763868789044513,4.052807065657762,1,2,1788594704.1910558
1788594759.552828,55.344000,gate_sweep_medium_r12,-1.0048990239738487,3.5855862597818486,4.79851521551609,87.47584312532929,-1.9527531862258911,0.18149074912071228,4.257595062255859,83.40407303168733,3.5747571065465267,4.071770093641957,1,2,1788594704.2088099
1788594759.605592,55.376000,gate_sweep_medium_r12,-1.0050911893486045,3.582931945740711,4.796619310975075,87.45942601979381,-1.95301353931427,0.18215616047382355,4.251627445220947,83.37065173722294,3.5722330350860663,4.0887742825708715,1,2,1788594704.2295735
1788594759.656014,55.408000,gate_sweep_medium_r12,-1.005096911394503,3.579680869996082,4.794218435883522,87.4525305372727,-1.9532561302185059,0.18381434679031372,4.245777606964111,83.34030274074873,3.5681511585828853,4.1122277965239675,1,2,1788594704.2479932
1788594759.715275,55.444000,gate_sweep_medium_r12,-1.0048640956520103,3.5770883063669316,4.792388334870338,87.48330033441329,-2.519188404083252,-2.4470975399017334,3.792264938354492,72.16555574867553,6.291600752570674,15.317744585737756,1,2,1788594704.2712593
1788594759.756062,55.476000,gate_sweep_medium_r12,-1.0045063485740684,3.5751485328073613,4.791041746735573,87.52886044953907,-2.4783623218536377,-2.3066246509552,3.616311550140381,72.30969591432445,6.176366103947598,15.219164535214617,1,4,1788594704.2800374
1788594759.801359,55.508000,gate_sweep_medium_r12,-1.0035672177909873,3.5718090037698857,4.789215460419655,87.63891535417359,-2.431586265563965,-2.141815185546875,3.4859910011291504,72.18787617098822,6.031843314347703,15.451039183185374,1,2,1788594704.2933438
1788594759.846653,55.540000,gate_sweep_medium_r12,-1.0024589290260337,3.5690102080698125,4.788185968995094,87.75595458681384,-2.348607301712036,-1.896851658821106,3.3442420959472656,71.95888538602682,5.811431432765065,15.797069200787028,1,2,1788594704.306636
1788594759.896823,55.576000,gate_sweep_medium_r12,-1.0011384477256797,3.566020915925037,4.78757943212986,87.89584346056675,-2.251512050628662,-1.580315113067627,3.2279555797576904,71.48425395158789,5.520927026418007,16.411589508978857,1,2,1788594704.3208046
1788594759.944961,55.608000,gate_sweep_medium_r12,-0.9993903030990623,3.561905572831165,4.787213698029518,88.09776604789953,-2.1489951610565186,-1.066096305847168,3.0952112674713135,71.2608881624483,5.059927365437614,16.83687788545122,1,2,1788594704.3369427
1788594760.002245,55.640000,gate_sweep_medium_r12,-0.9980370392440818,3.558250377594959,4.787132635712624,88.27090699103206,-3.959526538848877,-0.15144562721252441,-3.815657377243042,12.289022256698543,9.825490344576387,75.98188473433352,1,2,1788594704.362221
1788594760.043029,55.672000,gate_sweep_medium_r12,-0.9971430291770957,3.555310914933216,4.78716553747654,88.40415259986264,5061.73779296875,-8587.78515625,4602.94970703125,123.5047803978223,10981.143602235434,35.10062779795967,1,4,1788594704.3710055
1788594760.151374,55.740000,gate_sweep_medium_r12,-0.9955641617416404,3.5456828574533574,4.787286177277565,88.83759908034858,5061.73779296875,-8587.78515625,4602.94970703125,123.50478743797999,10981.135291077795,34.66718835763141,2,2,1788594704.4113507
1788594760.194713,55.772000,gate_sweep_medium_r12,-0.9955260147689842,3.541021535813343,4.787266626954079,89.0362724989826,5061.73681640625,-8587.7841796875,4602.94970703125,123.5047816910123,10981.130420522079,34.46850919202971,1,1,1788594704.4226944
1788594760.252779,55.804000,gate_sweep_medium_r12,-0.9961654533981346,3.534887502610218,4.787376776337624,89.27299638796913,5061.7353515625,-8587.783203125,4602.94873046875,123.50478807811433,10981.124021807685,34.231791690145194,1,0,1788594704.4487627
1788594760.291305,55.840000,gate_sweep_medium_r12,-0.9972905506729148,3.5298091868753545,4.787534132599831,89.45936578423161,5061.7333984375,-8587.783203125,4602.94775390625,123.50478516320275,10981.119192115659,34.04541937897114,1,4,1788594704.4512868
1788594760.337378,55.872000,gate_sweep_medium_r12,-0.9985004057525657,3.5259260634775274,4.787642374634743,89.60327302121159,5061.7265625,-8587.76953125,4602.9404296875,123.5047843823208,10981.099751523174,33.90151136110921,1,3,1788594704.4653583
1788594760.384890,55.904000,gate_sweep_medium_r12,-1.0005682696937583,3.5207151870126836,4.787687197327614,89.80242989785428,5061.71484375,-8587.7568359375,4602.93603515625,123.50477692487983,10981.07943388969,33.70234702702556,1,3,1788594704.4808748
1788594760.430989,55.936000,gate_sweep_medium_r12,-1.0037868013023399,3.5141942004556768,4.7875174432992935,90.05232488190035,5061.712890625,-8587.75390625,4602.931640625,123.50476903068538,10981.07085430462,33.45244414878504,1,3,1788594704.4949703
1788594760.480565,55.972000,gate_sweep_medium_r12,-1.0068416585563682,3.5089234809274785,4.787210360169411,90.24570998428,5061.7138671875,-8587.7568359375,4602.931640625,123.50476315148545,10981.07100998394,33.25905316720545,1,3,1788594704.5085473
1788594760.533575,56.004000,gate_sweep_medium_r12,-1.0102680911659263,3.5036065081949346,4.786793127655983,90.43037366879072,5061.71484375,-8587.7568359375,4602.9326171875,123.50475825539817,10981.069463732498,33.074384586607444,1,3,1788594704.5295553
1788594760.574614,56.036000,gate_sweep_medium_r12,-1.0130336274742149,3.4995758036966436,4.786437883973122,90.56270459405275,5061.71484375,-8587.7548828125,4602.93212890625,123.50475907554298,10981.06600148339,32.942054481490224,1,8,1788594704.5385985
1788594760.618479,56.068000,gate_sweep_medium_r12,-1.017958044016268,3.492839525162708,4.78583325445652,90.7687472068525,5061.71240234375,-8587.7509765625,4602.93310546875,123.50476914978057,10981.059481963855,32.73602194292807,1,5,1788594704.5504603
1788594760.662533,56.104000,gate_sweep_medium_r12,-1.0221348991035484,3.487444589554798,4.78535021841526,90.92067079821432,5061.712890625,-8587.7490234375,4602.93115234375,123.50476277097727,10981.055268316855,32.584091972762955,1,3,1788594704.558517
1788594760.710309,56.136000,gate_sweep_medium_r12,-1.0264621963142417,3.4820656279916875,4.784893408417702,91.05837789040321,5061.7119140625,-8587.7470703125,4602.931640625,123.50475324426817,10981.051472496383,32.44637535386496,1,3,1788594704.574295
1788594760.758348,56.168000,gate_sweep_medium_r12,-1.0320214023231529,3.4754263858194463,4.7844914346933365,91.21236605894595,5061.71142578125,-8587.74609375,4602.927734375,123.50474525475279,10981.046384686782,32.292379195806845,1,3,1788594704.590326
1788594760.805534,56.200000,gate_sweep_medium_r12,-1.0365710248588584,3.4702183703775518,4.784358873963356,91.32097383246175,5061.708984375,-8587.74609375,4602.9267578125,123.50475003284852,10981.042928669413,32.18377620038678,1,3,1788594704.6055152
1788594760.858653,56.236000,gate_sweep_medium_r12,-1.0400353660224937,3.466411302506458,4.784421339631081,91.39725760369957,5061.70849609375,-8587.7451171875,4602.9267578125,123.50475235884898,10981.04053204986,32.107494755149396,1,2,1788594704.622631
1788594760.899523,56.268000,gate_sweep_medium_r12,-1.0458854426979087,3.460340688645374,4.78478516638279,91.51973167657053,5061.71337890625,-8587.748046875,4602.91845703125,123.50473478113676,10981.039394867523,31.98500310456624,1,118,1788594704.6314979
1788594760.947417,56.300000,gate_sweep_medium_r12,-1.0505678643821739,3.455832908570301,4.785262480378151,91.6146181984513,5061.7177734375,-8587.7529296875,4602.9111328125,123.5047284319479,10981.04060640947,31.890110233496596,1,109,1788594704.6473992
1788594761.003437,56.332000,gate_sweep_medium_r12,-1.0551509847282432,3.451802919327747,4.785880461335182,91.71123823303145,5061.72119140625,-8587.7529296875,4602.90380859375,123.5047326301483,10981.037816693488,31.79349439711685,1,93,1788594704.6714187
1788594761.050638,56.368000,gate_sweep_medium_r12,-1.060672043764498,3.4476277331705205,4.78671158850193,91.83457661690314,5061.72314453125,-8587.751953125,4602.89794921875,123.50474110486479,10981.034430559494,31.670164487961657,1,63,1788594704.6826205
1788594761.100302,56.400000,gate_sweep_medium_r12,-1.0649235238670371,3.445135305344593,4.787488833069801,91.93961445485405,5061.72412109375,-8587.7509765625,4602.89306640625,123.50473987084965,10981.031756869794,31.565125415995592,1,45,1788594704.700286
1788594761.148773,56.432000,gate_sweep_medium_r12,-1.0680038919090293,3.443778942048084,4.788137331604958,92.0227670339071,5061.73193359375,-8587.75390625,4602.884765625,123.50472450341663,10981.034262590072,31.481957469509517,1,43,1788594704.716742
1788594761.201262,56.464000,gate_sweep_medium_r12,-1.072895287477877,3.4424895743723027,4.789265528321266,92.17300288219134,5061.73388671875,-8587.7548828125,4602.88037109375,123.5047268426452,10981.034860991711,31.331723960453857,1,35,1788594704.7372458
1788594761.249545,56.500000,gate_sweep_medium_r12,-1.0765988816856407,3.442384670197498,4.790188685059547,92.30789454132437,5061.736328125,-8587.7578125,4602.875,123.50471374173114,10981.037268572054,31.19681920040676,1,34,1788594704.7495286
1788594761.306855,56.532000,gate_sweep_medium_r12,-1.0800853957771324,3.4431814650888555,4.791125193238258,92.45593902540772,5061.75,-8587.76953125,4602.8671875,123.50471564067958,10981.051307751204,31.048776615271862,1,31,1788594704.7748308
1788594761.353403,56.564000,gate_sweep_medium_r12,-1.0833685388206504,3.4448575476999395,4.792135611176491,92.62023101323958,5061.79541015625,-8587.8173828125,4602.84619140625,123.50442932804174,10981.103292038253,30.884198314802152,1,236,1788594704.7893846
1788594761.404532,56.596000,gate_sweep_medium_r12,-1.087165593111422,3.448321531235706,4.793407812714577,92.85126090318647,5061.81884765625,-8587.8388671875,4602.8349609375,123.29354307148613,10981.130132290638,30.442282168299656,1,163,1788594704.808514
1788594761.452451,56.632000,gate_sweep_medium_r12,-1.0893027772544883,3.4512073497171514,4.794141665101051,93.00269625334428,5061.90771484375,-8587.9208984375,4602.80029296875,123.29321383002109,10981.223703575302,30.290517576676795,1,149,1788594704.8204365
1788594761.503371,56.664000,gate_sweep_medium_r12,-1.0920602073310874,3.4560389022226445,4.795023337006569,93.2232554001793,5061.98486328125,-8587.9931640625,4602.76513671875,123.29312011203838,10981.30577407976,30.069864711859086,1,135,1788594704.8393564
1788594761.550922,56.696000,gate_sweep_medium_r12,-1.0947377671836875,3.462058971344959,4.795811548829079,93.46160597706142,5061.95654296875,-8587.6630859375,4602.61865234375,123.29290371496586,10980.978754290634,29.83129773790444,1,118,1788594704.8549054
1788594761.601321,56.728000,gate_sweep_medium_r12,-1.097979663813021,3.471242855011951,4.796742811799049,93.7804261883373,5061.98046875,-8587.58203125,4602.54296875,123.27544136029805,10980.902972498749,29.49501517196074,1,102,1788594704.873304
1788594761.648423,56.764000,gate_sweep_medium_r12,-1.100538610422518,3.47992605966283,4.797460928559303,94.04958828814517,5062.009765625,-8587.5986328125,4602.482421875,123.27526686077496,10980.91179081596,29.225678572629786,1,92,1788594704.8844068
1788594761.698873,56.796000,gate_sweep_medium_r12,-1.1024664630531333,3.4872612456674688,4.797924414277077,94.25758640443055,5062.01025390625,-8587.6396484375,4602.4306640625,123.27486974192382,10980.92886809367,29.01728333749327,1,80,1788594704.902847
1788594761.746164,56.828000,gate_sweep_medium_r12,-1.1056572188972495,3.5008861522073857,4.798532381653786,94.60860141254601,5061.98828125,-8587.71875,4602.38525390625,123.27476878152876,10980.973487278214,28.66616736898276,1,70,1788594704.9181433
1788594761.806538,56.860000,gate_sweep_medium_r12,-1.1081874360679649,3.5130803088541143,4.798825159668922,94.89197472220681,5061.935546875,-8587.8173828125,4602.3369140625,123.27460349567451,10981.01668612774,28.382628773467694,1,68,1788594704.9465094
1788594761.849550,56.896000,gate_sweep_medium_r12,-1.110674737894442,3.5263225535745732,4.798948660492897,95.17357987416892,5061.85498046875,-8588.0244140625,4602.29736328125,123.27475540764749,10981.136414692728,28.101175533478557,1,248,1788594704.9535284
1788594761.899059,56.928000,gate_sweep_medium_r12,-1.113711594545748,3.5441333751077764,4.7989639192819595,95.51648150244148,5061.74853515625,-8588.2431640625,4602.26904296875,123.27453195369357,10981.261959435258,27.75805045125209,1,176,1788594704.9710414
1788594761.951650,56.960000,gate_sweep_medium_r12,-1.1160401095985435,3.5592724780435674,4.7989663034677505,95.77900404007653,5061.6064453125,-8588.46484375,4602.24609375,123.27427668954897,10981.373205018996,27.495272649472437,1,168,1788594704.9916313
1788594762.004376,56.992000,gate_sweep_medium_r12,-1.1177179803489707,3.571009347855579,4.798941031098366,95.96837674527372,5061.4541015625,-8588.623046875,4602.20703125,123.274005166875,10981.420366957589,27.305628421601284,1,158,1788594705.0123572
1788594762.055106,57.028000,gate_sweep_medium_r12,-1.120366333925631,3.590984056412708,4.798871889710426,96.2649218881522,5061.2451171875,-8588.5849609375,4602.1337890625,123.275290851121,10981.280439872997,27.010368962968798,1,123,1788594705.0270824
1788594762.112291,57.060000,gate_sweep_medium_r12,-1.1223368634819053,3.607110927521717,4.798821344971657,96.48284060785633,5061.0625,-8588.5693359375,4602.08642578125,123.27497510014948,10981.177748062184,26.79213449229315,1,87,1788594705.0522733
1788594762.155566,57.092000,gate_sweep_medium_r12,-1.1241443147300743,3.6229774455423467,4.798890009522438,96.62297368980914,5060.90771484375,-8588.765625,4602.072265625,123.27703868434925,10981.267273348483,26.654064994540107,1,192,1788594705.0635393
1788594762.201167,57.124000,gate_sweep_medium_r12,-1.1276960363029502,3.637000272690784,4.802736654877663,95.42617675126293,5060.9970703125,-8588.5615234375,4602.11865234375,123.27778443968083,10981.179183019267,27.851607688417896,1,126,1788594705.0771532
1788594762.254538,57.160000,gate_sweep_medium_r12,-1.1302064647316001,3.6465899447794072,4.8054665476083755,93.94456186656541,5061.15576171875,-8587.9365234375,4602.28369140625,123.27478208266808,10980.839933532967,29.330220216102674,1,109,1788594705.0945222
1788594762.308604,57.192000,gate_sweep_medium_r12,-1.1320374002098106,3.6529223422403447,4.807326689362526,92.65324456921424,5061.17724609375,-8587.77734375,4602.54443359375,123.27620557072265,10980.839485352677,30.622961001508404,1,97,1788594705.1165855
1788594762.364363,57.224000,gate_sweep_medium_r12,-1.1344295730232261,3.6604155997629277,4.8095559030771255,90.78991605511037,5061.1474609375,-8587.734375,4602.880859375,123.27627349719977,10980.939035380696,32.4863574420894,1,79,1788594705.1403358
1788594762.405342,57.256000,gate_sweep_medium_r12,-1.1372370710014366,3.668569276749622,4.81205452978611,88.30402630251511,5061.0380859375,-8587.556640625,4603.22412109375,123.27622522846642,10980.899924052157,34.97219892595131,1,124,1788594705.1493244
1788594762.453323,57.292000,gate_sweep_medium_r12,-1.1391836394905113,3.6745025615091436,4.813815489411354,86.2542261523826,5060.9130859375,-8587.5751953125,4603.6611328125,123.27602706637347,10981.044631509318,37.02180091399088,1,67,1788594705.1613054
1788594762.505305,57.324000,gate_sweep_medium_r12,-1.1407836665748619,3.6801735858316533,4.815432921051979,84.19819882965699,5060.75,-8587.5126953125,4604.04443359375,123.27583914675215,10981.085584631737,39.07764031709515,1,33,1788594705.1812859
1788594762.555126,57.356000,gate_sweep_medium_r12,-1.1417627324699424,3.684295127808582,4.816569700837135,82.66759167847903,5060.6591796875,-8588.02734375,4604.6181640625,123.27575862273788,10981.689868768111,40.608166944258855,1,27,1788594705.1991074
1788594762.612093,57.388000,gate_sweep_medium_r12,-1.143075345957186,3.6907681922311895,4.818240061402321,80.16378853333929,5060.62646484375,-8589.0830078125,4605.3974609375,123.27586456121819,10982.832112490105,43.112076027878906,1,20,1788594705.2240674
1788594762.653437,57.424000,gate_sweep_medium_r12,-1.1439750184654258,3.6954931716318242,4.819417849183083,78.22459841209188,5060.41552734375,-8589.2490234375,4605.9052734375,123.2756956820845,10983.081130173403,45.05109726999262,1,40,1788594705.2294192
1788594762.703734,57.456000,gate_sweep_medium_r12,-1.1448422660469078,3.6997258166666143,4.820382967591286,76.36139632583159,5060.0458984375,-8587.4560546875,4605.7568359375,123.27508775075103,10981.449157690473,46.91369142491944,1,8,1788594705.2477186
1788594762.756731,57.488000,gate_sweep_medium_r12,-1.145837067568209,3.704296300827991,4.8211101442575455,74.16823176503237,5060.0458984375,-8587.4560546875,4605.75830078125,123.27509966165061,10981.45350088618,49.10686789661824,1,2,1788594705.2687132
1788594762.819129,57.520000,gate_sweep_medium_r12,-1.1462721814750694,3.7076045970316045,4.82102669775486,72.59758041399716,5060.04541015625,-8587.45703125,4605.7607421875,123.27509498456648,10981.457886417635,50.67751457056932,1,0,1788594705.29911
1788594762.864685,57.556000,gate_sweep_medium_r12,-1.146252392733004,3.709981391846668,4.82048787176609,71.55426015582772,5060.02392578125,-8587.4443359375,4605.8154296875,123.27516783764901,10981.463041472129,51.720907681821295,1,221,1788594705.3086631
1788594762.915626,57.588000,gate_sweep_medium_r12,-1.145578621828463,3.7137832145090215,4.818552389740944,70.04753049474827,5060.00830078125,-8587.4296875,4605.86474609375,123.27517054421942,10981.468517552446,53.227640049471155,1,151,1788594705.3275926
1788594762.973319,57.620000,gate_sweep_medium_r12,-1.144423960649874,3.7167973021860234,4.8163932710886,69.02386183932292,5060.01025390625,-8587.4189453125,4605.91259765625,123.27520332782365,10981.483793337453,54.25134148850073,1,81,1788594705.3532982
1788594763.025119,57.652000,gate_sweep_medium_r12,-1.1428760280250572,3.7197856406564824,4.813973322510719,68.10244637768051,5060.02197265625,-8587.4130859375,4605.96240234375,123.27528616724327,10981.508116308647,55.17283978956276,1,244,1788594705.3730958
1788594763.077293,57.688000,gate_sweep_medium_r12,-1.1406458606361412,3.7235114077921025,4.8109454065561295,67.02702776555938,5060.044921875,-8587.4443359375,4606.03564453125,123.27544031259896,10981.576984393005,56.24841254703957,1,207,1788594705.3892746
1788594763.131541,57.720000,gate_sweep_medium_r12,-1.1388216008781455,3.7265107135172,4.808698549866676,66.20142810691014,5060.091796875,-8587.55078125,4606.1376953125,123.28065590797907,10981.727068965716,57.079227801068924,1,173,1788594705.4115252
1788594763.186864,57.752000,gate_sweep_medium_r12,-1.137568115198519,3.7287837962503545,4.807069197297096,65.59365662679289,5060.27392578125,-8588.2705078125,4606.41796875,123.2965464864295,10982.493387588931,57.70288985963661,1,146,1788594705.434838
1788594763.235195,57.784000,gate_sweep_medium_r12,-1.1361085166572593,3.732383916794788,4.804835692048073,64.85837319780333,5060.3212890625,-8588.595703125,4606.60791015625,123.02135481860434,10982.852292506908,58.162981620801006,1,125,1788594705.4511547
1788594763.297586,57.820000,gate_sweep_medium_r12,-1.135832070314791,3.7345661620493047,4.804217234253883,64.81287198904364,5060.22119140625,-8587.451171875,4606.7685546875,122.93580272195935,10981.979924755748,58.122930732915705,1,92,1788594705.4775698
1788594763.340908,57.852000,gate_sweep_medium_r12,-1.1361052980064414,3.736477563797962,4.8039568811655045,64.7683328882657,5060.22119140625,-8587.453125,4606.765625,122.93579816830469,10981.981955318302,58.16746528003898,1,247,1788594705.4888918
1788594763.395458,57.884000,gate_sweep_medium_r12,-1.1367044438957237,3.7383005122537725,4.803584471344948,64.71050811788477,5060.2392578125,-8587.4765625,4606.74072265625,122.93532645197217,10982.000039954242,58.224818334087395,1,157,1788594705.5114396
1788594763.448423,57.916000,gate_sweep_medium_r12,-1.138058303797152,3.7405147055978887,4.802870646119118,64.65300520042189,5060.3125,-8587.5380859375,4606.7236328125,121.8698704493938,10982.077419563197,57.216865248971914,1,141,1788594705.5324051
1788594763.500537,57.952000,gate_sweep_medium_r12,-1.1392599334358238,3.7418410281534307,4.802234068512917,64.62722910766547,5060.35302734375,-8587.2900390625,4606.8359375,121.69274334889565,10981.950971772716,57.06551424123017,1,135,1788594705.54852
1788594763.552020,57.984000,gate_sweep_medium_r12,-1.1413234462379478,3.743659208237659,4.801065340638161,64.59235845125207,5060.4228515625,-8587.224609375,4606.89208984375,121.69274515365497,10981.95836303107,57.1003867024029,1,123,1788594705.5680025
1788594763.601106,58.016000,gate_sweep_medium_r12,-1.1439287652610801,3.7455477218027227,4.7995389848947525,64.55094280272425,5060.4912109375,-8587.2177734375,4606.93798828125,121.69270762934873,10982.007074277002,57.14176482662447,1,94,1788594705.5850885
1788594763.659358,58.048000,gate_sweep_medium_r12,-1.1467709531425498,3.7459012965555303,4.798015013337135,64.29067248098765,5060.53369140625,-8587.2177734375,4606.97802734375,121.69232080385622,10982.045657778173,57.40164832286856,1,76,1788594705.6113386
1788594763.706751,58.084000,gate_sweep_medium_r12,-1.1484842290519737,3.7450689772958867,4.797141924500465,64.13570620923483,5060.50341796875,-8587.25390625,4607.02294921875,121.69299665061651,10982.079300055353,57.55729044138168,1,244,1788594705.6227286
1788594763.757486,58.116000,gate_sweep_medium_r12,-1.1495439996360801,3.744191358506214,4.796603098511696,64.07434826974294,5060.4833984375,-8587.30078125,4607.03271484375,121.73485652887294,10982.11086237972,57.66050825912999,1,171,1788594705.641468
1788594763.811074,58.148000,gate_sweep_medium_r12,-1.1510095586418174,3.742558191239368,4.795859232544899,64.00238090177471,5060.46728515625,-8587.3173828125,4607.04296875,121.73506887842971,10982.120429515124,57.732687976655,1,146,1788594705.6630428
1788594763.866210,58.180000,gate_sweep_medium_r12,-1.1519531001686119,3.741027067124378,4.795343294739723,63.952982684503176,5060.458984375,-8587.3388671875,4607.04638671875,121.73522405936585,10982.134296143518,57.78224137486267,1,130,1788594705.6861892
1788594763.914645,58.216000,gate_sweep_medium_r12,-1.1528029431938194,3.7394344310159795,4.794920340180397,63.90186189527813,5060.45166015625,-8587.3388671875,4607.046875,121.8159583067683,10982.130448122478,57.91409641149016,1,129,1788594705.698626
1788594763.967251,58.248000,gate_sweep_medium_r12,-1.153935669863131,3.7374860743875615,4.794425383210182,63.82016603640545,5060.4384765625,-8587.357421875,4607.05615234375,121.81654594022825,10982.141979978584,57.996379903822806,1,125,1788594705.7192242
1788594764.016686,58.280000,gate_sweep_medium_r12,-1.1550450315116905,3.7358874778146856,4.793972387909889,63.732931882083605,5060.42236328125,-8587.3828125,4607.0673828125,121.81690730973153,10982.158572965145,58.083975427647935,1,124,1788594705.7366624
1788594764.066226,58.312000,gate_sweep_medium_r12,-1.1560373296379112,3.7346672515268438,4.793585196137428,63.64653931440716,5060.40380859375,-8587.423828125,4607.076171875,121.8177709850134,10982.185455281282,58.17123167060624,1,120,1788594705.7542083
1788594764.119507,58.348000,gate_sweep_medium_r12,-1.1580373038887046,3.7326316336984746,4.792793646454811,63.450864921561184,5060.3720703125,-8587.470703125,4607.09521484375,121.82730075032795,10982.215138378717,58.37643582876677,1,115,1788594705.771489
1788594764.168233,58.380000,gate_sweep_medium_r12,-1.1600093831657432,3.73099822801305,4.792014017701149,63.23848547960279,5060.35888671875,-8587.4736328125,4607.0908203125,122.0841693841944,10982.209470340258,58.84568390459162,1,106,1788594705.788213
1788594764.225367,58.412000,gate_sweep_medium_r12,-1.1623253812431358,3.729350755631458,4.791027918457985,62.97767492428579,5060.30712890625,-8587.546875,4607.12109375,122.08495198430758,10982.25579099195,59.10727706002179,1,97,1788594705.8133442
1788594764.281115,58.444000,gate_sweep_medium_r12,-1.165685175859835,3.7272791365976445,4.789542093873024,62.59549734634881,5060.2470703125,-8587.64453125,4607.1552734375,122.1121724679867,10982.319381204132,59.51667512163788,1,91,1788594705.8370962
1788594764.330571,58.480000,gate_sweep_medium_r12,-1.168691038095858,3.7256621817941777,4.788233175873756,62.257457160468945,5060.17236328125,-8587.79296875,4607.1962890625,122.1125505094315,10982.41893057612,59.85509334896255,1,88,1788594705.8505366
1788594764.384578,58.512000,gate_sweep_medium_r12,-1.1711145629524253,3.7244624595041387,4.787149801850319,61.98950828754474,5060.17529296875,-8587.8193359375,4607.15478515625,122.77483811210416,10982.424147143733,60.785329824559426,1,84,1788594705.8725626
1788594764.449618,58.544000,gate_sweep_medium_r12,-1.174514054262545,3.7228910426492803,4.785610571503639,61.62049105305762,5060.1533203125,-8587.99609375,4607.142578125,123.18094342130186,10982.54816594812,61.560452368244235,1,80,1788594705.905599
1788594764.496606,58.576000,gate_sweep_medium_r12,-1.1790095557807945,3.720989416062366,4.783617869019508,61.131872220435376,5060.0546875,-8588.11328125,4607.22705078125,123.18230207432364,10982.631206771977,62.050429853888275,1,255,1788594705.9205897
1788594764.548659,58.612000,gate_sweep_medium_r12,-1.1828294982551597,3.7195274333353154,4.781878843903542,60.712748044618074,5060.03271484375,-8588.1806640625,4607.26611328125,123.88038421449637,10982.691510515973,63.16763616987831,1,171,1788594705.9366283
1788594764.602626,58.644000,gate_sweep_medium_r12,-1.1869106282829307,3.7181775073404424,4.779954805970192,60.26452879515855,5060.03857421875,-8588.20703125,4607.2978515625,124.67026967253908,10982.729769565902,64.40574087738052,1,152,1788594705.9586086
1788594764.654403,58.676000,gate_sweep_medium_r12,-1.190121292078402,3.717234800278675,4.778391256928444,59.903647430518134,5060.0078125,-8588.296875,4607.35400390625,125.32490628824863,10982.81080863103,65.42125885773049,1,142,1788594705.9783783
1788594764.707090,58.708000,gate_sweep_medium_r12,-1.1959269036888145,3.715836475312244,4.775566950440407,59.259855378133985,5059.9453125,-8588.41796875,4607.41162109375,125.86637122538608,10982.903651538978,66.60651584725208,1,128,1788594705.9990733
1788594764.759094,58.744000,gate_sweep_medium_r12,-1.2010310878395103,3.7149011592264287,4.7731059938669205,58.70789306309097,5059.87109375,-8588.5693359375,4607.4814453125,126.54239475315063,10983.01978149474,67.83450169005967,1,113,1788594706.0150805
1788594764.813883,58.776000,gate_sweep_medium_r12,-1.2064949264167808,3.714105794846546,4.770472422242165,58.12180664318594,5059.7578125,-8588.7431640625,4607.59033203125,126.92173837562757,10983.152203050799,68.79993173244164,1,98,1788594706.0378637
1788594764.865775,58.808000,gate_sweep_medium_r12,-1.21379279991379,3.7132853965158574,4.766915217041969,57.34430606827836,5059.64453125,-8588.8955078125,4607.70458984375,127.42675874806547,10983.27128344448,70.08245267978711,1,92,1788594706.057757
1788594764.926389,58.840000,gate_sweep_medium_r12,-1.2202334394096397,3.7128400306100957,4.763947382569313,56.72786469010803,5059.58642578125,-8589.04296875,4607.79638671875,128.4248987933346,10983.402208283473,71.69703410322657,1,84,1788594706.086372
1788594764.974098,58.876000,gate_sweep_medium_r12,-1.225515006983187,3.712646196305286,4.761578932404518,56.26599451369683,5059.46923828125,-8589.154296875,4607.87255859375,129.07462724027906,10983.470507010317,72.80863272658223,1,314,1788594706.098077
1788594765.030721,58.908000,gate_sweep_medium_r12,-1.2344479550956748,3.7123565177316777,4.759088411927223,55.369827200059426,5059.39501953125,-8589.2734375,4607.94482421875,129.62858752232125,10983.564739269172,74.25876032226184,1,194,1788594706.1227052
1788594765.083334,58.940000,gate_sweep_medium_r12,-1.241829990351107,3.7120229701395147,4.758252039551735,54.700517452557804,5059.35986328125,-8589.412109375,4608.0107421875,129.81781649442294,10983.688148335654,75.11729904186512,1,154,1788594706.143317
1788594765.142444,58.972000,gate_sweep_medium_r12,-1.24989378353348,3.7116589049692266,4.7579215914011,54.21722724297399,5059.3466796875,-8589.4208984375,4608.02001953125,129.60458313141578,10983.696407394711,75.38735588844179,1,136,1788594706.1704233
1788594765.191017,59.008000,gate_sweep_medium_r12,-1.260598300897982,3.711141536652576,4.75809420645237,53.89931985566142,5059.3505859375,-8589.40234375,4608.0205078125,129.06316831548952,10983.688350348086,75.1638484598281,1,248,1788594706.183001
1788594765.241136,59.040000,gate_sweep_medium_r12,-1.269322871172335,3.7106935481424443,4.758785620331764,53.87789904516584,5059.35791015625,-8589.4091796875,4608.00341796875,128.39623021644337,10983.693290177975,74.51833117127752,1,165,1788594706.2011104
1788594765.302762,59.072000,gate_sweep_medium_r12,-1.2757847299217246,3.710429857193958,4.759523764252663,53.99636776332853,5059.3486328125,-8589.35546875,4608.02587890625,127.66211087998782,10983.658869867306,73.6657431166593,1,127,1788594706.2307365
1788594765.349206,59.104000,gate_sweep_medium_r12,-1.2862194766639732,3.7101823787088506,4.76116456091404,54.170203243533386,5059.37646484375,-8589.3623046875,4607.986328125,127.66182114193329,10983.664392128747,73.49161789839991,1,200,1788594706.245189
1788594765.403513,59.140000,gate_sweep_medium_r12,-1.2945801009773277,3.7100221614236943,4.763020411133766,54.259532791137644,5059.40576171875,-8589.4150390625,4607.91162109375,127.47748467972022,10983.690787139598,73.21795188858256,1,130,1788594706.2634943
1788594765.455761,59.172000,gate_sweep_medium_r12,-1.3030877103446983,3.7099194030161016,4.7657793909311295,54.40048508964437,5059.412109375,-8589.4150390625,4607.90673828125,126.9065953407065,10983.694348680103,72.50611025106213,1,106,1788594706.2837415
1788594765.520312,59.204000,gate_sweep_medium_r12,-1.3118613948463462,3.709955642640125,4.769266977906227,54.676327870058046,5059.41259765625,-8589.4169921875,4607.900390625,125.7349871437168,10983.696050667602,71.05865927365873,1,87,1788594706.3162947
1788594765.562967,59.236000,gate_sweep_medium_r12,-1.3231307258247398,3.710368583619129,4.774229899048805,55.21415460264622,5059.42822265625,-8589.4228515625,4607.8916015625,125.73493791352108,10983.707586113496,70.52078331087485,1,195,1788594706.3269484
1788594765.620064,59.272000,gate_sweep_medium_r12,-1.3299983729957603,3.7109007338876836,4.777308359742165,55.625070681782695,5059.4833984375,-8589.44921875,4607.8720703125,125.59979836501864,10983.747742184443,69.97472768323594,1,102,1788594706.3480453
1788594765.665823,59.304000,gate_sweep_medium_r12,-1.339160918199923,3.7120513419504277,4.781399145722389,56.259029321332555,5059.5244140625,-8589.47265625,4607.8544921875,125.59967127769036,10983.781017629757,69.34064195635781,1,157,1788594706.3617985
1788594765.723493,59.336000,gate_sweep_medium_r12,-1.3482058038352989,3.713810394227039,4.785321608185768,56.969741684160766,5059.56494140625,-8589.5,4607.8330078125,125.59946972448411,10983.815979714193,68.62972804032336,1,88,1788594706.3874717
1788594765.771729,59.368000,gate_sweep_medium_r12,-1.359109043085482,3.7169706324930303,4.789838686585426,57.93415729694592,5059.591796875,-8589.517578125,4607.8125,125.59941910473454,10983.839114928684,67.66526180778862,1,218,1788594706.4037015
1788594765.823041,59.404000,gate_sweep_medium_r12,-1.3668266524909995,3.719775388657581,4.792583838105202,58.44488389817474,5059.6259765625,-8589.541015625,4607.78515625,125.59938360887799,10983.866341058858,67.15449971070325,1,140,1788594706.4190187
1788594765.878270,59.436000,gate_sweep_medium_r12,-1.3717735995887779,3.7219011287088506,4.79400672018528,58.60045700861451,5059.66845703125,-8589.55859375,4607.77001953125,125.5992027811177,10983.896669863603,66.99874577250317,1,126,1788594706.442255
1788594765.941244,59.468000,gate_sweep_medium_r12,-1.378527521097567,3.7256962756509893,4.795389547944069,58.526545611380534,5059.69580078125,-8589.5673828125,4607.76171875,125.59903370441204,10983.918168280079,67.07248809303151,1,117,1788594706.4732275
1788594765.982833,59.500000,gate_sweep_medium_r12,-1.3825551261543296,3.729120443284046,4.795768156647682,58.22939290169484,5059.6953125,-8589.58203125,4607.759765625,125.11153468769884,10983.932961101926,66.882141786004,1,285,1788594706.4828103
1788594766.031949,59.536000,gate_sweep_medium_r12,-1.3852725019096397,3.732937763154041,4.795655623078346,57.73263900262729,5059.69873046875,-8589.5859375,4607.759765625,124.7336283277641,10983.941877807132,67.0009893251368,1,174,1788594706.4959323
1788594766.091326,59.568000,gate_sweep_medium_r12,-1.386808632814791,3.738378713547718,4.795010462403297,56.84463458271519,5059.69921875,-8589.5830078125,4607.7578125,124.50445266326444,10983.944227172557,67.65981808054924,1,118,1788594706.5233011
1788594766.134777,59.600000,gate_sweep_medium_r12,-1.3874835958122276,3.7430212001199834,4.794575110077858,55.89718119366557,5059.697265625,-8589.5791015625,4607.75537109375,124.26860487043265,10983.94337356669,68.37142367676711,1,277,1788594706.534759
1788594766.185865,59.632000,gate_sweep_medium_r12,-1.3879555453895591,3.7465705375070684,4.794227972626686,55.07327457276112,5059.69873046875,-8589.580078125,4607.75439453125,124.31701214136163,10983.947543068847,69.24373756860051,1,179,1788594706.5538366
1788594766.237109,59.668000,gate_sweep_medium_r12,-1.3890099515556358,3.7525784472818486,4.793043985962868,53.5769778872561,5059.69921875,-8589.5810546875,4607.7529296875,124.5498889197424,10983.9536005231,70.9729110324863,1,159,1788594706.5690906
1788594766.289363,59.700000,gate_sweep_medium_r12,-1.3904550065635704,3.757317016541492,4.7913884073495865,52.29159289716315,5059.69921875,-8589.5810546875,4607.751953125,124.98319516238195,10983.958258148663,72.6916022652188,1,142,1788594706.5893447
1788594766.341650,59.732000,gate_sweep_medium_r12,-1.3923391093849204,3.762056539475452,4.789202108979225,50.882888013326976,5059.69970703125,-8589.580078125,4607.75146484375,125.6193320106453,10983.963006814445,74.73644399731832,1,134,1788594706.60963
1788594766.392499,59.764000,gate_sweep_medium_r12,-1.3951827277778648,3.7681579093332402,4.785893812775612,48.94692511017796,5059.69873046875,-8589.580078125,4607.751953125,126.46377234327154,10983.970231529654,77.51684723309359,1,127,1788594706.628482
1788594766.450851,59.800000,gate_sweep_medium_r12,-1.3977224816917442,3.7732719878549688,4.782751455903053,47.270990090322584,5059.69140625,-8589.5556640625,4607.75146484375,127.621746477247,10983.95403980524,80.35075638692442,1,114,1788594706.6508327
1788594766.497122,59.832000,gate_sweep_medium_r12,-1.3997144689201377,3.7773069838876836,4.780147925019264,45.94467611387763,5059.68603515625,-8589.533203125,4607.75341796875,128.9046552138643,10983.939976754422,82.95997909998667,1,226,1788594706.665105
1788594766.547120,59.864000,gate_sweep_medium_r12,-1.4023941745399497,3.783002565323841,4.77629317343235,44.08506230513769,5059.6904296875,-8589.5244140625,4607.7421875,130.3894479687837,10983.937725276495,86.30438566364602,1,133,1788594706.6831057
1788594766.605067,59.896000,gate_sweep_medium_r12,-1.4056969871162437,3.7907177905435674,4.770956411957741,41.59644298140249,5059.69189453125,-8589.5283203125,4607.73779296875,131.92663778652917,10983.949409021277,90.33019480512667,1,98,1788594706.7090454
1788594766.646530,59.932000,gate_sweep_medium_r12,-1.4083642949699424,3.7975651721353643,4.766485586762428,39.469830698368014,5059.69189453125,-8589.529296875,4607.734375,134.04919823949604,10983.957200337274,94.57936754112804,1,222,1788594706.7145114
1788594766.702522,59.964000,gate_sweep_medium_r12,-1.4111267318367027,3.805077026307117,4.761962786316872,37.21216461448808,5059.6923828125,-8589.5263671875,4607.72607421875,136.15615835263148,10983.960699837318,98.9439937381434,1,124,1788594706.7385
1788594766.746190,59.996000,gate_sweep_medium_r12,-1.4134194841026329,3.8111955623026006,4.758521929383278,35.49267896244247,5059.69482421875,-8589.53125,4607.7216796875,138.43290755316616,10983.97108849337,102.94022859072368,1,186,1788594706.7501688
1788594766.802005,60.028000,gate_sweep_medium_r12,-1.4178161611198448,3.82222718995763,4.752681627869606,32.56075781734136,5059.697265625,-8589.5224609375,4607.70703125,141.2149594142814,10983.972302621516,108.65420159694004,1,107,1788594706.773983
1788594766.840884,60.064000,gate_sweep_medium_r12,-1.4221293916343711,3.8318421344156377,4.747709169983864,30.21263375351484,5059.70263671875,-8589.525390625,4607.7001953125,144.6615256627263,10983.985798317477,114.44889190921145,1,153,1788594706.7768621
1788594766.895682,60.096000,gate_sweep_medium_r12,-1.4271424998878501,3.84196014207555,4.742393866181374,27.798365097353408,5059.70263671875,-8589.525390625,4607.7001953125,144.6615339527129,10983.998251512005,116.86316885535946,1,80,1788594706.7996523
1788594766.935835,60.128000,gate_sweep_medium_r12,-1.4344584931968711,3.85518617433263,4.735231772065163,24.686557267044837,5059.70263671875,-8589.525390625,4607.7001953125,144.66151642123188,10984.014971303674,119.97495915418705,1,93,1788594706.8078175
1788594766.991797,60.160000,gate_sweep_medium_r12,-1.4413535585044883,3.8663119773264043,4.7288650423288345,22.18012989205666,5059.63623046875,-8589.5,4607.716796875,151.22744703589711,10983.986015284578,129.04731714384044,1,33,1788594706.8317719
1788594767.030697,60.196000,gate_sweep_medium_r12,-1.4476468553184532,3.8755192260141484,4.72333849966526,20.373759546213932,5059.63037109375,-8589.498046875,4607.71826171875,151.79955847936236,10983.994820351638,131.42579893314843,1,26,1788594706.834681
1788594767.086524,60.228000,gate_sweep_medium_r12,-1.4606342305778526,3.892898986756336,4.71324910223484,17.527510347420726,5059.62548828125,-8589.4951171875,4607.71923828125,152.21949363243274,10984.014497096543,134.69198328501201,1,6,1788594706.8584986
1788594767.134329,60.260000,gate_sweep_medium_r12,-1.473201512300875,3.908517311036121,4.704865351319313,15.478699866285213,5059.6298828125,-8589.48046875,4607.712890625,152.32819584700223,10984.023924621206,136.84949598071705,1,52,1788594706.8743103
1788594767.190712,60.292000,gate_sweep_medium_r12,-1.487644552194979,3.92541904252721,4.696484938263893,13.706958689128786,5059.5546875,-8589.45703125,4607.71923828125,155.2090503287395,10983.996990695743,141.50209163961068,1,29,1788594706.8986917
1788594767.237171,60.328000,gate_sweep_medium_r12,-1.5079615106224082,3.9477009276743047,4.686365500092506,11.948271317585249,5059.54931640625,-8589.455078125,4607.71923828125,155.22303760655353,10984.02402224656,143.27476628896827,1,56,1788594706.9091516
1788594767.290833,60.360000,gate_sweep_medium_r12,-1.5256175984977745,3.965786407410633,4.678698435425758,10.927148145848783,5060.05908203125,-8589.5576171875,4608.08251953125,157.1060324870063,10984.516871475917,146.17888434115753,1,68,1788594706.9308157
1788594767.340756,60.392000,gate_sweep_medium_r12,-1.5390473594306968,3.977509925782215,4.6744827181100845,9.197901868381045,5060.11279296875,-8589.6806640625,4608.0390625,156.48101905412693,10984.636799568922,147.28311718574588,1,123,1788594706.9487395
1788594767.387109,60.424000,gate_sweep_medium_r12,-1.5617735375999473,3.994544218003284,4.66843356192112,6.0467540645463895,5060.1142578125,-8589.6865234375,4608.0283203125,160.18923864602715,10984.663890436932,154.14248458148074,1,188,1788594706.963089
1788594767.434308,60.460000,gate_sweep_medium_r12,-1.58071494003525,4.0022236804361455,4.663884535431862,-1.0654352738327104,5060.0615234375,-8589.4697265625,4608.119140625,161.41926867507206,10984.52468720237,162.48470394890475,1,176,1788594706.974287
1788594767.480791,60.492000,gate_sweep_medium_r12,-1.6003016223548912,4.000878999650013,4.658800974488258,-14.139986391355503,5060.02197265625,-8589.6318359375,4608.03271484375,-172.2146023313525,10984.607169926623,158.074615939997,1,222,1788594706.9887686
1788594767.530027,60.524000,gate_sweep_medium_r12,-1.619805335009005,3.9970807532663457,4.652177706360817,-26.631114422940318,5060.0146484375,-8589.6279296875,4608.0341796875,-167.38200476883728,10984.610144190548,140.75089034589695,1,15,1788594707.0060081
1788594767.580192,60.556000,gate_sweep_medium_r12,-1.6397949447273277,4.047037313401233,4.658007994294167,25.9728951602832,5060.048828125,-8589.6337890625,4607.98583984375,-166.26877464473463,10984.656070629346,167.7583301949822,1,271,1788594707.0241647
1788594767.633955,60.592000,gate_sweep_medium_r12,-1.6505912532447837,4.087692449509632,4.663778200745583,66.99401286121135,5059.9677734375,-8589.7236328125,4608.20068359375,151.99033375133777,10984.813407759442,84.99632089012644,1,235,1788594707.0419393
1788594767.683644,60.624000,gate_sweep_medium_r12,-1.6663042297004722,4.1470930079813115,4.671232119202614,118.55467843240807,5059.9560546875,-8589.728515625,4608.21826171875,147.79075210610776,10984.869782327063,29.236073673699707,1,313,1788594707.0596194
1788594767.737320,60.656000,gate_sweep_medium_r12,-1.6848390092491172,4.2123324374551885,4.677402392029762,167.72782396296878,5059.9453125,-8589.73046875,4608.2294921875,143.0783189878577,10984.928060948303,24.649504975111086,1,377,1788594707.081303
1788594767.789036,60.688000,gate_sweep_medium_r12,-1.7131398906349204,4.300183961808216,4.680983915925026,-128.5274765447427,5059.216796875,-8590.15234375,4607.64697265625,135.2926986922363,10984.75862135544,96.17982476302097,1,383,1788594707.1010141
1788594767.840547,60.724000,gate_sweep_medium_r12,-1.7399966706871055,4.368659208237659,4.680805578827858,-79.4769369293988,5058.42431640625,-8590.78515625,4607.47705078125,126.90453632825962,10984.883488757321,153.6185267423416,1,414,1788594707.1165216
1788594767.893370,60.756000,gate_sweep_medium_r12,-1.761896728479769,4.4168307284708135,4.679334536194801,-43.8518421489276,5057.4599609375,-8591.4658203125,4607.46826171875,118.87196916260167,10985.016625556225,162.72381131152926,1,405,1788594707.1373472
1788594767.943863,60.788000,gate_sweep_medium_r12,-1.7991670360206626,4.49247283738805,4.6755999475717545,17.12693646523405,5058.228515625,-8590.6357421875,4607.53564453125,9.161865653972391,10984.82725271716,7.965070811261657,1,366,1788594707.1558347
1788594767.996808,60.820000,gate_sweep_medium_r12,-1.8293013562797569,4.550274084031116,4.671962633728981,65.11460023783712,5058.22216796875,-8590.6240234375,4607.52490234375,-4.320956646361316,10984.871290169509,69.43555688419845,1,295,1788594707.1767843
1788594768.048409,60.856000,gate_sweep_medium_r12,-1.8601275672554038,4.607617090165149,4.667963400483131,110.95767556660456,5058.2587890625,-8590.6015625,4607.46728515625,-15.593868456971132,10984.90718612136,126.55154402357572,1,359,1788594707.1923895
1788594768.103380,60.888000,gate_sweep_medium_r12,-1.9019364108680747,4.679900834977161,4.6622709184885025,168.40282579471645,5058.15966796875,-8590.6533203125,4607.5341796875,-12.775141774489079,10985.008258131316,178.8220324307945,1,377,1788594707.2153623
1788594768.156345,60.920000,gate_sweep_medium_r12,-1.9396171559928916,4.737423608719837,4.656485930085182,-145.65111726099937,5058.18408203125,-8590.650390625,4607.5712890625,-13.185396467656757,10985.097551367007,132.4657207933426,1,375,1788594707.236322
1788594768.214223,60.952000,gate_sweep_medium_r12,-1.9705840339302085,4.779596994339954,4.6516508013010025,-112.42734392644113,5055.39453125,-8577.97265625,4603.21923828125,-69.62831629572987,10972.119303328906,42.79902763071125,1,398,1788594707.2622063
1788594768.270108,60.988000,gate_sweep_medium_r12,-2.025986312830355,4.847181508957874,4.643362894654274,-58.14988906711071,5065.65771484375,-8572.26953125,4599.30712890625,-134.62181676087937,10970.83790427864,76.47192769376865,1,386,1788594707.2820835
1788594768.324282,61.020000,gate_sweep_medium_r12,-2.072360872232821,4.898997018754017,4.636304751038551,-14.202458286891988,5074.9794921875,-8575.03125,4600.0419921875,-173.5096831650225,10977.677896280613,159.30722487813048,1,436,1788594707.304267
1788594768.372413,61.052000,gate_sweep_medium_r12,-2.1188689460395835,4.949872682511341,4.628236189484596,28.775228921591623,5065.60205078125,-8572.4765625,4599.2734375,132.22299053213786,10971.089467192178,103.44776161054622,1,395,1788594707.3203933
1788594768.425593,61.084000,gate_sweep_medium_r12,-2.176984428369906,5.013877103745472,4.61760987341404,80.52028611538186,5065.58935546875,-8572.484375,4599.2685546875,125.47374117118798,10971.169000854832,44.95345505580612,1,341,1788594707.3415704
1788594768.476613,61.120000,gate_sweep_medium_r12,-2.223817228281405,5.066963861405384,4.608497515320778,121.98155584629299,5065.57568359375,-8572.490234375,4599.26318359375,118.8296011148215,10971.231970651777,3.1519547314714957,1,387,1788594707.3565905
1788594768.529046,61.152000,gate_sweep_medium_r12,-2.2597354640602134,5.108364770829212,4.601171866059303,152.95978101105126,5065.640625,-8572.490234375,4599.34765625,113.04200504278033,10971.349372224859,39.917775968270924,1,368,1788594707.377029
1788594768.580747,61.184000,gate_sweep_medium_r12,-2.3093668212532066,5.165384004532825,4.590074434876442,-167.15013947408832,5065.71630859375,-8572.486328125,4599.388671875,107.12548936146153,10971.470607548568,85.72437116445018,1,366,1788594707.3967206
1788594768.638259,61.216000,gate_sweep_medium_r12,-2.3744181384681724,5.238522241532337,4.5743192583322525,-118.69214080496651,5065.5703125,-8572.8046875,4600.9443359375,99.957833150763,10972.397478729354,141.35002604427052,1,387,1788594707.4222422
1788594768.686519,61.252000,gate_sweep_medium_r12,-2.4283574809669517,5.2978097895975225,4.561106100678444,-79.33812930755575,5065.1923828125,-8572.4423828125,4602.6923828125,90.62259127403527,10972.748881529616,169.960720581591,1,411,1788594707.4345026
1788594768.741770,61.284000,gate_sweep_medium_r12,-2.4830018272041343,5.357281873642933,4.547572985291481,-40.68611934226489,5065.248046875,-8571.7060546875,4603.884765625,86.83310820090736,10972.77613336573,127.51922754317226,1,426,1788594707.4577513
1788594768.796695,61.316000,gate_sweep_medium_r12,-2.523466943704989,5.4020883540506475,4.537475481629372,-12.981395282952427,5065.72607421875,-8571.619140625,4604.10400390625,86.62880220012926,10973.078821518364,99.61019748308168,1,403,1788594707.4806745
1788594768.849442,61.348000,gate_sweep_medium_r12,-2.588739990198519,5.477851102768909,4.519991293549538,32.390606423719674,5066.2373046875,-8572.4150390625,4604.25244140625,81.7693460588637,10974.095977299023,49.378739635144036,1,390,1788594707.5014265
1788594768.902241,61.384000,gate_sweep_medium_r12,-2.6380554427742027,5.540713022171985,4.504972353577614,69.69796398212694,5066.134765625,-8572.353515625,4604.01953125,78.08256297980105,10973.981113841684,8.384598997674116,1,339,1788594707.5182166
1788594768.957581,61.416000,gate_sweep_medium_r12,-2.6847702254890464,5.606784055649769,4.4891446977853775,106.5647870359904,5066.13818359375,-8572.3173828125,4604.07177734375,10.377540281437415,10974.056202892521,96.18724675455299,1,354,1788594707.5415645
1788594769.010436,61.448000,gate_sweep_medium_r12,-2.740471004450228,5.694416711747181,4.4674700647592545,149.113943560754,5066.14453125,-8572.3046875,4604.06494140625,4.718939253231078,10974.149657094562,144.39500430752292,1,366,1788594707.562418
1788594769.057707,61.480000,gate_sweep_medium_r12,-2.7834154357551597,5.768469999253284,4.448840513825417,-178.28060880871396,5063.576171875,-8575.103515625,4608.95263671875,8.324086991212999,10977.286491245106,173.39530420007304,1,400,1788594707.577688
1788594769.103932,61.516000,gate_sweep_medium_r12,-2.814701436960604,5.82605905336095,4.4344338327646255,-152.64416112422572,5062.9990234375,-8577.8271484375,4615.14599609375,9.849288385329594,10981.813702297164,162.49344950955532,1,391,1788594707.587909
1788594769.153492,61.548000,gate_sweep_medium_r12,-2.8648666133522056,5.925024221360218,4.4094046503305435,-108.00567533397766,5064.73095703125,-8579.703125,4620.5869140625,10.356514935202005,10986.47500096938,118.36219026917968,1,400,1788594707.6054647
1788594769.204521,61.580000,gate_sweep_medium_r12,-2.9026826610206626,6.006269643723499,4.389419451355934,-75.04211900381996,5068.33203125,-8580.69140625,4624.99267578125,2.0404664613278825,10990.849510077976,77.08258546514783,1,363,1788594707.6244907
1788594769.255140,61.612000,gate_sweep_medium_r12,-2.9376226653694175,6.088742921769153,4.369851961731911,-45.05738210077832,5072.28955078125,-8581.3544921875,4628.3359375,-31.19211408010722,10994.688469371154,13.865268020671099,1,420,1788594707.6431167
1788594769.305177,61.648000,gate_sweep_medium_r12,-2.9761127223609947,6.192762563645374,4.344499006867409,-7.329469314586994,5077.8525390625,-8581.69140625,4630.96142578125,-115.11854302452501,10998.73440323355,107.78907370993801,1,414,1788594707.6571248
1788594769.353321,61.680000,gate_sweep_medium_r12,-3.001551507913973,6.276909540116321,4.323324576020241,25.421483998417965,5072.267578125,-8581.2568359375,4628.1689453125,-40.63962334459789,10994.727868043192,66.06110734301585,1,385,1788594707.6733053
1788594769.406413,61.712000,gate_sweep_medium_r12,-3.0171016444801353,6.340854833542835,4.306696310639381,50.16219417844066,5072.27294921875,-8581.2568359375,4628.16015625,-40.94868781376832,10994.790767355267,91.11088199220897,1,347,1788594707.6943903
1788594769.457333,61.744000,gate_sweep_medium_r12,-3.036784767115023,6.449348161637317,4.2765873819589615,87.21889932331476,5072.5283203125,-8581.3427734375,4628.5361328125,-42.16363979869583,10995.240379510014,129.3825391220106,1,373,1788594707.7133136
1788594769.505418,61.780000,gate_sweep_medium_r12,-3.046981929743197,6.537961671769153,4.250463858246803,112.98459956424348,5073.2294921875,-8580.3017578125,4629.6025390625,-52.850700571397994,10995.284490607106,165.8353001356415,1,413,1788594707.725393
1788594769.555320,61.812000,gate_sweep_medium_r12,-3.0522583713172935,6.628039548813831,4.2231558710336685,138.7540704220079,5074.3291015625,-8578.2958984375,4631.27490234375,-69.77198498600116,10995.013795341507,151.47394459199097,1,396,1788594707.7433007
1788594769.603314,61.844000,gate_sweep_medium_r12,-3.052825092279818,6.719077299057972,4.194995298981667,168.19307338136767,5075.822265625,-8576.7548828125,4632.98095703125,-86.49886627195767,10995.301582519298,105.30806034667465,1,388,1788594707.7592962
1788594769.655055,61.876000,gate_sweep_medium_r12,-3.046615718805697,6.83339662355138,4.15792216360569,-150.70647603770806,5074.451171875,-8578.3896484375,4631.2255859375,-95.70232374978565,10995.307802949827,55.004152287922416,1,287,1788594707.7790408
1788594769.704108,61.912000,gate_sweep_medium_r12,-3.0393615951179527,6.90179843705846,4.134030237793922,-128.83496264176668,5074.458984375,-8578.3984375,4631.22900390625,-101.2283412987205,10995.37982471993,27.606621343046193,1,0,1788594707.792079
1788594769.750219,61.944000,gate_sweep_medium_r12,-3.025192378961947,6.99228162568761,4.1010612398386,-105.05543234123314,5074.46533203125,-8578.404296875,4631.2294921875,-107.19620273043233,10995.465517752806,2.140770389199182,1,0,1788594707.806202
1788594769.802801,61.976000,gate_sweep_medium_r12,-3.0057867755531333,7.081269452988636,4.066974058747292,-83.921355564983,5074.36083984375,-8578.7939453125,4630.85009765625,-117.31249237871141,10995.636731787681,33.3911368137284,1,414,1788594707.826777
1788594769.850508,62.008000,gate_sweep_medium_r12,-2.9741188277839683,7.189254472672474,4.022327318787575,-55.14701889501385,5074.56005859375,-8579.2333984375,4630.3857421875,136.14052049104535,10995.964975559373,168.7124606139408,1,397,1788594707.8424869
1788594769.902355,62.044000,gate_sweep_medium_r12,-2.9424673308967613,7.272326181351673,3.9847315698862076,-27.299121636089264,5074.6337890625,-8579.30078125,4630.36328125,98.30686148829945,10996.108259456778,125.60598312438871,1,413,1788594707.8583372
1788594769.950122,62.076000,gate_sweep_medium_r12,-2.915059684717562,7.33256597322179,3.954987421631813,-4.9908971528913435,5074.5166015625,-8579.6484375,4629.923828125,101.49079633130943,10996.187645898197,106.48169348420078,1,368,1788594707.8741026
1788594769.996191,62.108000,gate_sweep_medium_r12,-2.863170503580477,7.429366300522815,3.9017959982156754,27.42550643737923,5074.5185546875,-8579.6513671875,4629.9189453125,105.74210548539635,10996.262791171162,78.31659904801711,1,393,1788594707.8881726
1788594770.048262,62.140000,gate_sweep_medium_r12,-2.815748809778597,7.503093908249866,3.856441155076027,47.21981837037641,5074.53076171875,-8579.548828125,4629.97265625,111.08933695840767,10996.265708650157,63.869518588031255,1,396,1788594707.9082358
1788594770.099024,62.176000,gate_sweep_medium_r12,-2.7632328261970542,7.573079297959339,3.8090821653604507,64.38038673012959,5074.52392578125,-8579.4052734375,4629.9990234375,119.13785809728678,10996.211870186704,54.757471367157194,1,409,1788594707.9229994
1788594770.149648,62.208000,gate_sweep_medium_r12,-2.690950273477938,7.65453977388097,3.7473122030496597,87.43138838137061,5074.34716796875,-8578.9853515625,4629.99609375,130.30106276425153,10995.857332029116,42.86967438288092,1,382,1788594707.9416237
1788594770.194824,62.240000,gate_sweep_medium_r12,-2.6281949271797203,7.714306066452991,3.695564404129982,111.39731699191286,5074.3232421875,-8578.94140625,4630.01318359375,156.72392272031576,10995.858626333002,45.326605728402896,1,356,1788594707.954805
1788594770.239167,62.272000,gate_sweep_medium_r12,-2.5784751166938804,7.7556979159708135,3.6552757173776627,133.27025443738972,5074.3662109375,-8578.8740234375,4630.01416015625,-133.36853544692315,10995.852574698843,93.36121011568716,1,153,1788594707.9671504
1788594770.290053,62.308000,gate_sweep_medium_r12,-2.4912813892005943,7.817938993393909,3.5847968012094498,168.59398498054537,5074.365234375,-8578.86328125,4630.01171875,-124.96840510464008,10995.88070705892,66.43760991481459,1,0,1788594707.9820378
1788594770.336417,62.340000,gate_sweep_medium_r12,-2.41789972683182,7.861063192307483,3.525362864136696,-171.29529677673372,5074.36376953125,-8578.8544921875,4630.0107421875,-117.52700112887375,10995.897558244587,53.76829564785997,1,0,1788594707.996405
1788594770.385087,62.372000,gate_sweep_medium_r12,-2.341941713297274,7.897906969010364,3.4633499532938004,-157.16869457980567,5074.361328125,-8578.8447265625,4630.01025390625,-110.73397288734274,10995.908393533078,46.43472169246293,1,0,1788594708.0130725
1788594770.431787,62.404000,gate_sweep_medium_r12,-2.2442959537147544,7.9345662097330205,3.381697788834572,-141.91802783060461,5074.35888671875,-8578.8349609375,4630.0107421875,-104.60971857805467,10995.91774710678,37.30830925254995,1,0,1788594708.0277681
1788594770.478427,62.440000,gate_sweep_medium_r12,-2.1644197692512535,7.955538938462269,3.313321962952614,-127.92082416214168,5074.22900390625,-8578.66015625,4630.06640625,-78.08660211368063,10995.752970658827,49.834222048461065,1,401,1788594708.0384085
1788594770.523841,62.472000,gate_sweep_medium_r12,-2.103805660211947,7.96636028093053,3.259959354996681,-114.63850651175521,5074.2431640625,-8578.6171875,4630.103515625,-68.10000545514295,10995.74448931187,46.53850105661226,1,391,1788594708.051824
1788594770.573671,62.504000,gate_sweep_medium_r12,-2.022552131616976,7.974715898453724,3.185721531510353,-91.77885280093294,5074.3232421875,-8578.619140625,4630.11279296875,-63.21848529011983,10995.787138935826,28.560367510813105,1,225,1788594708.0696495
1788594770.622743,62.536000,gate_sweep_medium_r12,-1.9208095063804649,7.9752203921671025,3.0883828550577164,-60.413567683984915,5074.4091796875,-8578.6298828125,4630.1640625,-61.276877721730536,10995.85115862939,0.863310037745621,1,390,1788594708.086716
1788594770.670806,62.572000,gate_sweep_medium_r12,-1.8397915353416465,7.967514226853382,3.0074266344308853,-40.62189923402263,5074.521484375,-8578.65625,4630.2431640625,-61.93730897254219,10995.947528143217,21.315409738519566,1,388,1788594708.098789
1788594770.723202,62.604000,gate_sweep_medium_r12,-1.7598265399574302,7.952958295762073,2.924206390976906,-26.304046431741234,5074.6220703125,-8578.693359375,4630.3232421875,-65.24317385839103,10996.043378595357,38.9391274266498,1,210,1788594708.1191778
1788594770.772002,62.636000,gate_sweep_medium_r12,-1.7010264386772178,7.938408086716663,2.8601375967264175,-18.093181792816004,5074.716796875,-8578.748046875,4630.423828125,-75.77384180384902,10996.160598253167,57.68066001103301,1,412,1788594708.1359801
1788594770.821256,62.668000,gate_sweep_medium_r12,-1.606145142519381,7.9070441226358525,2.7502674013376236,-6.166909152222602,5074.91650390625,-8578.8642578125,4630.64892578125,-128.1197540724763,10996.416215762141,121.9528449202537,1,251,1788594708.1532278
1788594770.868392,62.704000,gate_sweep_medium_r12,-1.5342540731071495,7.875807474076282,2.66020168364048,4.609100263875961,5074.94921875,-8578.9052734375,4630.73583984375,157.0613443941603,10996.480250238174,152.45224413028436,1,378,1788594708.164375
1788594770.918845,62.736000,gate_sweep_medium_r12,-1.4670511474250816,7.839387605607044,2.568313255906105,19.078746036111596,5074.9736328125,-8578.8427734375,4630.748046875,140.56138847698674,10996.42706515266,121.48264244087515,1,326,1788594708.1828272
1788594770.970922,62.768000,gate_sweep_medium_r12,-1.3906282176612876,7.787404249131214,2.4504133611917496,44.15674898884697,5074.9765625,-8578.8427734375,4630.75341796875,138.98997777892816,10996.404428985541,94.83322879008121,1,163,1788594708.202907
1788594771.021117,62.800000,gate_sweep_medium_r12,-1.3359529962181114,7.741504381119739,2.3531371504068375,65.83180166168624,5074.9794921875,-8578.8447265625,4630.7587890625,137.24910403432156,10996.389429221445,71.41730237263533,1,0,1788594708.221102
1788594771.069633,62.836000,gate_sweep_medium_r12,-1.2991756190895103,7.704802701890003,2.278748646378517,79.14456139931629,5074.982421875,-8578.84765625,4630.7626953125,135.22184366383058,10996.380387742864,56.0772822645143,1,0,1788594708.2336185
1788594771.119105,62.868000,gate_sweep_medium_r12,-1.2466261376976036,7.64017791551305,2.152794733643532,94.61391219347215,5074.9853515625,-8578.849609375,4630.76513671875,132.97169689485986,10996.362588194661,38.35778470138772,1,0,1788594708.2510877
1788594771.169907,62.900000,gate_sweep_medium_r12,-1.2126089324592613,7.586675355851185,2.050373211503029,103.30520925722352,5074.98828125,-8578.8525390625,4630.76708984375,130.6824267997775,10996.352681831428,27.377217542553957,1,0,1788594708.269886
1788594771.219944,62.932000,gate_sweep_medium_r12,-1.1859074821113609,7.532665918290149,1.9461501985788345,110.93973256282452,5074.9970703125,-8579.8955078125,4629.34619140625,119.8483555065108,10996.56252673561,8.908622943686275,1,395,1788594708.2879217
1788594771.269541,62.968000,gate_sweep_medium_r12,-1.1631842841743492,7.465708444535267,1.813438668847084,121.22625794061751,5075.1142578125,-8579.92578125,4629.33984375,107.49612000801987,10996.6306610771,13.730137932597646,1,414,1788594708.3015165
1788594771.322623,63.000000,gate_sweep_medium_r12,-1.1533198346733116,7.4135725001688115,1.704819694161415,131.39581296861206,5075.2060546875,-8579.9306640625,4629.33740234375,99.68362974924543,10996.676264059306,31.712183219366633,1,186,1788594708.322605
1788594771.370224,63.032000,gate_sweep_medium_r12,-1.150567053759005,7.375718305527698,1.621649518609047,140.48572588377473,5075.30224609375,-8579.91796875,4629.33544921875,93.90458167041272,10996.714102121237,46.581144213362,1,412,1788594708.3382072
1788594771.423243,63.064000,gate_sweep_medium_r12,-1.1545147885917686,7.315623948990833,1.4798681885004044,159.04464793543872,5075.4208984375,-8579.8984375,4629.32080078125,89.25458356028605,10996.762021645274,69.79006437515267,1,224,1788594708.359211
1788594771.467803,63.100000,gate_sweep_medium_r12,-1.1647169580101036,7.270929525315296,1.363248124718666,175.4250306431479,5075.544921875,-8579.85546875,4629.287109375,85.83438965384849,10996.79043187177,89.5906409892994,1,403,1788594708.3677726
1788594771.517347,63.132000,gate_sweep_medium_r12,-1.1807756414054893,7.229965398728382,1.244181051850319,-170.3541597858652,5075.64892578125,-8579.8115234375,4629.2431640625,85.39634890018266,10996.811171198202,104.24949131395219,1,387,1788594708.3853312
1788594771.565592,63.164000,gate_sweep_medium_r12,-1.201977490389254,7.193364332139026,1.1232590824365616,-159.88141918153678,5075.75634765625,-8579.748046875,4629.208984375,88.4348881853031,10996.828911801647,111.68369263316012,1,402,1788594708.4015598
1788594771.614490,63.196000,gate_sweep_medium_r12,-1.2346820821403526,7.154983232438099,0.969498410820961,-151.05694284601518,5075.865234375,-8579.6767578125,4629.15478515625,97.16900480217488,10996.850547277289,111.77405235180998,1,216,1788594708.418466
1788594771.662922,63.232000,gate_sweep_medium_r12,-1.2570662488578819,7.1365572909708135,0.8760290294885635,-147.09048610895127,5075.9892578125,-8579.5908203125,4629.07080078125,121.37152217299263,10996.840643464371,91.5379917180561,1,396,1788594708.4309056
1788594771.710675,63.264000,gate_sweep_medium_r12,-1.2892957915901206,7.117917249619495,0.750190868973732,-142.41195917976597,5076.0947265625,-8579.5068359375,4628.99951171875,159.84295402899392,10996.847045332983,57.74508679124012,1,245,1788594708.4466603
1788594771.762894,63.296000,gate_sweep_medium_r12,-1.3233364810585044,7.106539915024769,0.6226546317338943,-137.60810312587316,5076.19482421875,-8579.4326171875,4628.912109375,-167.79282117395664,10996.859035450942,30.184718048083504,1,358,1788594708.4668663
1788594771.807757,63.328000,gate_sweep_medium_r12,-1.3669304837821983,7.10313482087804,0.46031345427036285,-130.13288064616202,5076.291015625,-8579.3544921875,4628.822265625,-150.11803469200356,10996.890431317102,19.985154045841515,1,380,1788594708.4797442
1788594771.858652,63.364000,gate_sweep_medium_r12,-1.4015316953300498,7.109587858140003,0.3277915269136429,-121.98277069661242,5076.3759765625,-8579.265625,4628.7099609375,-138.5151129200372,10996.889797823365,16.5323422234248,1,191,1788594708.4946241
1788594771.907407,63.396000,gate_sweep_medium_r12,-1.4267700900672935,7.119940469681751,0.2267296463251114,-114.20792642342172,5076.392578125,-8579.2060546875,4628.66015625,-130.58741437454304,10996.892261576519,16.37948795112131,1,392,1788594708.511394
1788594771.954254,63.428000,gate_sweep_medium_r12,-1.4666055431007408,7.146884153306019,0.054871201515197754,-98.43269563689847,5076.359375,-8579.154296875,4628.63525390625,-122.91987078407101,10996.937801914026,24.48717514717254,1,240,1788594708.5262294
1788594771.999376,63.460000,gate_sweep_medium_r12,-1.4956859340309165,7.1770636538858525,-0.08633869886398315,-85.54748765986803,5076.28759765625,-8579.123046875,4628.6337890625,-115.04980765144721,10996.97607000763,29.502319991579185,1,376,1788594708.5393612
1788594772.048386,63.496000,gate_sweep_medium_r12,-1.5215955962776206,7.214729021012317,-0.23074620962142944,-75.23425287419906,5076.1826171875,-8579.0908203125,4628.642578125,-105.58197298699689,10997.008289156383,30.347720112797823,1,192,1788594708.5523672
1788594772.094243,63.528000,gate_sweep_medium_r12,-1.552994131052401,7.280311773240101,-0.32932375371456146,-66.53447873661528,5076.1376953125,-8579.1171875,4628.61328125,-96.09711216433774,10997.103000045334,29.562633427722453,1,397,1788594708.5662298
1788594772.143064,63.560000,gate_sweep_medium_r12,-1.5772716989158653,7.34510202211095,-0.34336690604686737,-60.845473427389635,5076.20751953125,-8578.90234375,4628.76025390625,-99.6554065741864,10997.09706778539,38.809933146796766,1,212,1788594708.58304
1788594772.187540,63.592000,gate_sweep_medium_r12,-1.5930130471824668,7.394476602494251,-0.3565596789121628,-57.26030728291205,5076.318359375,-8578.7802734375,4628.703125,-106.00962269925672,10997.080262902446,48.74931541634468,1,368,1788594708.595527
1788594772.240546,63.628000,gate_sweep_medium_r12,-1.5908797969459556,7.439447114884388,-0.31857991218566895,-151.0771338686391,5076.2666015625,-8578.9140625,4628.70751953125,-113.55793733079469,10997.180812481098,37.519196537844415,1,178,1788594708.6125288
1788594772.288719,63.660000,gate_sweep_medium_r12,-1.5882399072288536,7.475453565537464,-0.28467606008052826,174.11778492992485,5076.28515625,-8578.9033203125,4628.7275390625,-117.97831276381551,10997.202042504208,67.90390230625965,1,332,1788594708.6287038
1788594772.336441,63.692000,gate_sweep_medium_r12,-1.586545943224337,7.514233301102649,-0.25468961894512177,112.9688579414718,5076.30615234375,-8578.908203125,4628.7490234375,-123.78434132223406,10997.241467184764,123.24680073629415,1,281,1788594708.6444275
1788594772.388417,63.724000,gate_sweep_medium_r12,-1.5788553943275474,7.5647847155923955,-0.22513924539089203,21.644556253712622,5076.32421875,-8578.9228515625,4628.7646484375,-131.3361420945723,10997.291303445292,152.98069834828493,1,138,1788594708.664391
1788594772.439266,63.760000,gate_sweep_medium_r12,-1.5679069747566245,7.610242555558216,-0.20829491317272186,-12.336843683896918,5076.33642578125,-8578.939453125,4628.77392578125,-140.03849704546207,10997.337154444214,127.70165336156515,1,257,1788594708.6792493
1788594772.486228,63.792000,gate_sweep_medium_r12,-1.5574258556007408,7.647638032853138,-0.19931954890489578,-49.52872047619196,5076.345703125,-8578.9521484375,4628.78125,-149.21587476730454,10997.375013774197,99.68715429111258,1,211,1788594708.6942031
1788594772.535395,63.824000,gate_sweep_medium_r12,-1.5417799939750694,7.701171586930286,-0.19128024578094482,-131.68554843039286,5076.3544921875,-8578.9658203125,4628.7890625,-159.20136190972957,10997.42422544191,27.51581347933669,1,312,1788594708.7113748
1788594772.582760,63.856000,gate_sweep_medium_r12,-1.5230581750511192,7.773477266251575,-0.18842510133981705,-177.70745073615578,5076.36181640625,-8578.982421875,4628.7978515625,-170.00199144478992,10997.490878399527,7.705459291365844,1,363,1788594708.7267444
1788594772.627834,63.892000,gate_sweep_medium_r12,-1.5110979070304893,7.837070177018177,-0.19347386062145233,138.8624065849432,5076.3681640625,-8579.0,4628.80712890625,178.35341172396596,10997.557694748526,39.491005139022796,1,321,1788594708.7358208
1788594772.678735,63.924000,gate_sweep_medium_r12,-1.501895188295748,7.907362173020374,-0.20661494135856628,58.4646152911877,5076.3720703125,-8579.017578125,4628.8134765625,165.8922383864841,10997.632060919721,107.42762309529641,1,210,1788594708.754716
1788594772.728897,63.956000,gate_sweep_medium_r12,-1.4956463565467857,7.964603136002552,-0.22180157899856567,27.82761352568244,5076.37451171875,-8579.0361328125,4628.81640625,153.34353987708343,10997.697109440343,125.51592635140099,1,208,1788594708.7728796
1788594772.777522,63.988000,gate_sweep_medium_r12,-1.4859786023735069,8.067730615555774,-0.256392166018486,-10.663838692266953,5076.37451171875,-8579.052734375,4628.81640625,141.6759711910856,10997.800689795165,152.33980988335256,1,290,1788594708.789506
