t_wall,t_sim,exp_id,gt_x,gt_y,gt_z,gt_dyaw_deg,vslam_x,vslam_y,vslam_z,vslam_dyaw_deg,pos_error_m,yaw_error_deg,vo_state,feature_count,msg_age_s
1788682207.155429,36.964000,gate_sweep_poor_medium_r15,0.002443993464112282,0.008199784904718399,-0.0037549734115600586,-0.0022237125585314326,0.0,0.0,0.0,0.0,0.009343950013660939,0.0022237125585314326,,,1788682170.1914124
1788682207.198973,36.996000,gate_sweep_poor_medium_r15,0.002230677753686905,0.008399337530136108,-0.003745540976524353,-0.0017147370964956008,0.0,0.0,0.0,0.0,0.00946329072747792,0.001714737096495601,1,,1788682170.2029562
1788682207.243342,37.028000,gate_sweep_poor_medium_r15,0.0020185522735118866,0.008631119504570961,-0.0036902129650115967,-0.002258451759109328,0.0,0.0,0.0,0.0,0.009601481599744123,0.002258451759109328,1,141,1788682170.2153208
1788682207.286399,37.060000,gate_sweep_poor_medium_r15,0.001806573010981083,0.009021330624818802,-0.003641575574874878,-0.00272978823816919,0.0,0.0,0.0,0.0,0.009894907020979234,0.00272978823816919,1,141,1788682170.2263823
1788682207.335155,37.096000,gate_sweep_poor_medium_r15,0.0016736695542931557,0.009372204542160034,-0.0035340338945388794,-0.001954439196733984,0.0,0.0,0.0,0.0,0.010155234282122824,0.001954439196733984,1,141,1788682170.239135
1788682207.376374,37.128000,gate_sweep_poor_medium_r15,0.0015868423506617546,0.009657511487603188,-0.0033911168575286865,-0.0024330352094560537,0.0,0.0,0.0,0.0,0.010357860315743619,0.0024330352094560537,1,141,1788682170.2483547
1788682207.422401,37.160000,gate_sweep_poor_medium_r15,0.001484924927353859,0.010046269744634628,-0.0031443387269973755,-0.0023408519243450694,0.0,0.0,0.0,0.0,0.01063105845397971,0.0023408519243450694,1,141,1788682170.2623858
1788682207.465677,37.192000,gate_sweep_poor_medium_r15,0.001414414495229721,0.010552620515227318,-0.0026786476373672485,-0.0025158055490785863,0.0,0.0,0.0,0.0,0.010978775945791296,0.0025158055490785863,1,141,1788682170.2736597
1788682207.509885,37.228000,gate_sweep_poor_medium_r15,0.0014231884852051735,0.010987533256411552,-0.0022041499614715576,-0.0015864651188577808,0.0,0.0,0.0,0.0,0.011296443226866832,0.0015864651188577808,1,141,1788682170.2818573
1788682207.556465,37.260000,gate_sweep_poor_medium_r15,0.0014676311984658241,0.011447157710790634,-0.0017128139734268188,-0.001655055748825952,0.0,0.0,0.0,0.0,0.011667265862145676,0.001655055748825952,1,141,1788682170.2964482
1788682207.602774,37.292000,gate_sweep_poor_medium_r15,0.0015062037855386734,0.011807182803750038,-0.001355886459350586,-0.0025229028888901677,0.0,0.0,0.0,0.0,0.011979843224992216,0.0025229028888901677,1,141,1788682170.3107512
1788682207.643573,37.324000,gate_sweep_poor_medium_r15,0.0015747901052236557,0.01245938055217266,-0.0008146762847900391,-0.0022083030383601614,0.0,0.0,0.0,0.0,0.012584904650745986,0.0022083030383601614,1,141,1788682170.3195577
1788682207.692456,37.360000,gate_sweep_poor_medium_r15,0.0016138609498739243,0.013063887134194374,-0.0004013329744338989,-0.0024888747402500495,0.0,0.0,0.0,0.0,0.013169311385826717,0.00248887474025005,1,141,1788682170.332437
1788682207.735576,37.392000,gate_sweep_poor_medium_r15,0.001595260575413704,0.013812826946377754,-2.492964267730713e-05,-0.0029367337546531355,0.0,0.0,0.0,0.0,0.013904663463785546,0.0029367337546531355,1,141,1788682170.343558
1788682207.780647,37.424000,gate_sweep_poor_medium_r15,0.0014438703656196594,0.014890331774950027,0.0004519522190093994,-0.0025748233006487077,0.0,0.0,0.0,0.0,0.014966997120634071,0.0025748233006487077,1,141,1788682170.3566287
1788682207.825101,37.456000,gate_sweep_poor_medium_r15,0.001216622069478035,0.01585226785391569,0.000929713249206543,-0.002855381624630234,0.0,0.0,0.0,0.0,0.01592604571442579,0.002855381624630234,1,141,1788682170.3690808
1788682207.873308,37.492000,gate_sweep_poor_medium_r15,0.0010286485776305199,0.016619820147752762,0.0013361871242523193,-0.002913721683898382,0.0,0.0,0.0,0.0,0.01670514698142245,0.002913721683898382,1,141,1788682170.3812904
1788682207.920732,37.524000,gate_sweep_poor_medium_r15,0.0007459968328475952,0.01798199862241745,0.0019778162240982056,-0.0021824916662640803,0.0,0.0,0.0,0.0,0.018105815163851305,0.0021824916662640803,1,141,1788682170.3967078
1788682207.972004,37.556000,gate_sweep_poor_medium_r15,0.0005720453336834908,0.01912628300487995,0.0024495720863342285,-0.0010109688169870666,0.0,0.0,0.0,0.0,0.019290991183780488,0.0010109688169870666,1,141,1788682170.4159892
1788682208.017367,37.588000,gate_sweep_poor_medium_r15,0.00042867567390203476,0.020337222144007683,0.0028453022241592407,-0.0007279030567792964,0.0,0.0,0.0,0.0,0.020539769037526138,0.0007279030567792964,1,141,1788682170.4293437
1788682208.071414,37.624000,gate_sweep_poor_medium_r15,0.0003109462559223175,0.021897646598517895,0.003304988145828247,0.0012365363613409547,0.0,0.0,0.0,0.0,0.022147834223050337,0.0012365363613409547,1,141,1788682170.4473963
1788682208.179280,37.656000,gate_sweep_poor_medium_r15,0.0002550920471549034,0.023180090822279453,0.003611057996749878,0.0008639732882629274,0.0,0.0,0.0,0.0,0.023461061833121216,0.0008639732882629275,1,141,1788682170.5232615
1788682208.227467,37.688000,gate_sweep_poor_medium_r15,0.00022236444056034088,0.02412947453558445,0.003807082772254944,0.0014034133230461131,0.0,0.0,0.0,0.0,0.02442897596180905,0.001403413323046113,1,141,1788682170.5394468
1788682208.274944,37.720000,gate_sweep_poor_medium_r15,0.00021941959857940674,0.025684789288789034,0.0041185468435287476,0.0026950554426205396,0.0,0.0,0.0,0.0,0.026013822746226153,0.0026950554426205396,1,141,1788682170.5549266
1788682208.320859,37.756000,gate_sweep_poor_medium_r15,0.00028140656650066376,0.026846145279705524,0.004331767559051514,0.0022713160801628354,0.0,0.0,0.0,0.0,0.027194832527897207,0.002271316080162835,1,141,1788682170.5648396
1788682208.362289,37.788000,gate_sweep_poor_medium_r15,0.0003612348809838295,0.0276509583927691,0.004457294940948486,0.0016867683262397765,0.0,0.0,0.0,0.0,0.028010238643547687,0.0016867683262397765,1,141,1788682170.5742736
1788682208.412787,37.820000,gate_sweep_poor_medium_r15,0.0005310140550136566,0.02871641726233065,0.00471852719783783,0.0011227415935356549,0.0,0.0,0.0,0.0,0.02910634115150235,0.0011227415935356549,1,141,1788682170.592771
1788682208.459193,37.852000,gate_sweep_poor_medium_r15,0.0007978193461894989,0.029925069655291736,0.005018487572669983,0.0005142098989835185,0.0,0.0,0.0,0.0,0.030353443414220065,0.0005142098989835185,1,141,1788682170.607172
1788682208.506390,37.888000,gate_sweep_poor_medium_r15,0.0010157814249396324,0.03085162432398647,0.005167707800865173,-0.000268105599881756,0.0,0.0,0.0,0.0,0.031297919088124196,0.000268105599881756,1,141,1788682170.618371
1788682208.608437,37.920000,gate_sweep_poor_medium_r15,0.0012199748307466507,0.03174952289555222,0.005203962326049805,-0.00046643432593759706,0.0,0.0,0.0,0.0,0.03219630051067662,0.00046643432593759706,1,141,1788682170.6884198
1788682208.669764,37.952000,gate_sweep_poor_medium_r15,0.0013680839911103249,0.032384858175646514,0.00519348680973053,-0.000736550399478907,0.0,0.0,0.0,0.0,0.032827168597159215,0.000736550399478907,1,141,1788682170.7177455
1788682208.722275,37.984000,gate_sweep_poor_medium_r15,0.0016447417438030243,0.033321687136776745,0.005191102623939514,-0.0018466503834274573,0.0,0.0,0.0,0.0,0.0337637017445853,0.0018466503834274573,1,141,1788682170.7382553
1788682208.770382,38.020000,gate_sweep_poor_medium_r15,0.0018864665180444717,0.03400166658684611,0.005145370960235596,-0.002475431438068449,0.0,0.0,0.0,0.0,0.034440483866014227,0.0024754314380684484,1,141,1788682170.750358
1788682208.818313,38.052000,gate_sweep_poor_medium_r15,0.002107362262904644,0.0346514442935586,0.005048394203186035,-0.003623484243286933,0.0,0.0,0.0,0.0,0.03508061931276972,0.003623484243286933,1,141,1788682170.7662857
1788682208.863796,38.084000,gate_sweep_poor_medium_r15,0.002361515536904335,0.035409261006861925,0.00484873354434967,-0.003466240953058671,0.0,0.0,0.0,0.0,0.03581763165910352,0.0034662409530586713,1,141,1788682170.7797735
1788682208.908730,38.116000,gate_sweep_poor_medium_r15,0.002569246105849743,0.03594275703653693,0.004713401198387146,-0.004070882317329872,0.0,0.0,0.0,0.0,0.03634142209376109,0.004070882317329872,1,141,1788682170.7927115
1788682208.953166,38.152000,gate_sweep_poor_medium_r15,0.002721174620091915,0.036294177174568176,0.004639565944671631,-0.005341688333118649,0.0,0.0,0.0,0.0,0.036690566365851246,0.005341688333118649,1,141,1788682170.8011498
1788682209.004712,38.184000,gate_sweep_poor_medium_r15,0.00295376218855381,0.03682168107479811,0.004449665546417236,-0.005803044308765828,0.0,0.0,0.0,0.0,0.037206994392394124,0.005803044308765829,1,141,1788682170.8206902
1788682209.050200,38.216000,gate_sweep_poor_medium_r15,0.003145962953567505,0.03716712957248092,0.0043893009424209595,-0.005600987340956008,0.0,0.0,0.0,0.0,0.03755740361534517,0.005600987340956009,1,141,1788682170.834178
1788682209.097002,38.248000,gate_sweep_poor_medium_r15,0.003362813964486122,0.03739866288378835,0.004393547773361206,-0.007497246119702805,0.0,0.0,0.0,0.0,0.03780571074972402,0.007497246119702805,1,141,1788682170.8489845
1788682209.141546,38.284000,gate_sweep_poor_medium_r15,0.0036720503121614456,0.03748469427227974,0.004357978701591492,-0.007271130011879727,0.0,0.0,0.0,0.0,0.037915408959219354,0.007271130011879727,1,141,1788682170.8575318
1788682209.187577,38.316000,gate_sweep_poor_medium_r15,0.00394491758197546,0.037373415660113096,0.004402652382850647,-0.0061295190593751705,0.0,0.0,0.0,0.0,0.03783804858652711,0.00612951905937517,1,141,1788682170.871557
1788682209.234607,38.348000,gate_sweep_poor_medium_r15,0.004161059856414795,0.03723500994965434,0.0044553279876708984,-0.006060894406813595,0.0,0.0,0.0,0.0,0.03773076109167754,0.006060894406813595,1,141,1788682170.8865902
1788682209.280213,38.380000,gate_sweep_poor_medium_r15,0.004586620256304741,0.036842762026935816,0.004471898078918457,-0.007102576586473182,0.0,0.0,0.0,0.0,0.037395508708629746,0.007102576586473182,1,141,1788682170.9001966
1788682209.327367,38.416000,gate_sweep_poor_medium_r15,0.004928714595735073,0.036426362581551075,0.0045625269412994385,-0.0077517650709679475,0.0,0.0,0.0,0.0,0.03704036677165764,0.0077517650709679475,1,141,1788682170.9113479
1788682209.378685,38.448000,gate_sweep_poor_medium_r15,0.00522968452423811,0.03591897478327155,0.004721581935882568,-0.008588439023731319,0.0,0.0,0.0,0.0,0.03660349280712984,0.008588439023731319,1,141,1788682170.930664
1788682209.425479,38.480000,gate_sweep_poor_medium_r15,0.005519792437553406,0.03530459548346698,0.004984840750694275,-0.008762218295743302,0.0,0.0,0.0,0.0,0.03607951230427999,0.008762218295743302,1,141,1788682170.9454582
1788682209.469978,38.512000,gate_sweep_poor_medium_r15,0.0058743394911289215,0.03439167374745011,0.005408912897109985,-0.008987111439706683,0.0,0.0,0.0,0.0,0.035306535178867504,0.008987111439706683,1,141,1788682170.9579628
1788682209.516836,38.548000,gate_sweep_poor_medium_r15,0.0060834018513560295,0.03372865007258952,0.005707636475563049,-0.008474439030703579,0.0,0.0,0.0,0.0,0.034744880600477715,0.008474439030703579,1,141,1788682170.968817
1788682209.564631,38.580000,gate_sweep_poor_medium_r15,0.006319909356534481,0.03271387692075223,0.0061918944120407104,-0.008593755843009193,0.0,0.0,0.0,0.0,0.03388920999183661,0.008593755843009193,1,141,1788682170.9846117
1788682209.609502,38.612000,gate_sweep_poor_medium_r15,0.006484456360340118,0.03161157119029667,0.006724134087562561,-0.008535237732187857,0.0,0.0,0.0,0.0,0.03296291228996417,0.008535237732187857,1,141,1788682170.9974828
1788682209.652946,38.644000,gate_sweep_poor_medium_r15,0.006550990976393223,0.030098866671323776,0.007491394877433777,-0.00815210650793762,0.0,0.0,0.0,0.0,0.03170139200225365,0.00815210650793762,1,141,1788682171.0089278
1788682209.699814,38.680000,gate_sweep_poor_medium_r15,0.006532575935125351,0.028815804282203317,0.008097037672996521,-0.0077346928591415665,0.0,0.0,0.0,0.0,0.03063636962592583,0.0077346928591415665,1,141,1788682171.0197976
1788682209.746175,38.712000,gate_sweep_poor_medium_r15,0.0064725615084171295,0.027827800018712878,0.008527949452400208,-0.007170463340934217,0.0,0.0,0.0,0.0,0.02981621082941983,0.007170463340934217,1,141,1788682171.0341575
1788682209.788106,38.744000,gate_sweep_poor_medium_r15,0.006288221105933189,0.026141292415559292,0.009241074323654175,-0.0059436523800944,0.0,0.0,0.0,0.0,0.028430728947534598,0.005943652380094399,1,141,1788682171.0440876
1788682209.833410,38.776000,gate_sweep_poor_medium_r15,0.006120780482888222,0.024816734716296196,0.009857714176177979,-0.005785870611830886,0.0,0.0,0.0,0.0,0.02739541575661787,0.005785870611830886,1,141,1788682171.0573902
1788682209.881303,38.812000,gate_sweep_poor_medium_r15,0.005936397239565849,0.0235173674300313,0.010454386472702026,-0.004699265652362424,0.0,0.0,0.0,0.0,0.026412148332644908,0.004699265652362424,1,141,1788682171.069284
1788682209.929574,38.844000,gate_sweep_poor_medium_r15,0.005701216869056225,0.021935838274657726,0.011098816990852356,-0.0036977807152780203,0.0,0.0,0.0,0.0,0.025236255926669927,0.0036977807152780203,1,141,1788682171.0855544
1788682209.974628,38.876000,gate_sweep_poor_medium_r15,0.005552050657570362,0.020715338177978992,0.011629506945610046,-0.0031881585934158433,0.0,0.0,0.0,0.0,0.02439663776281998,0.0031881585934158433,1,141,1788682171.0986102
1788682210.020202,38.908000,gate_sweep_poor_medium_r15,0.005470572970807552,0.019802656024694443,0.012017950415611267,-0.0024296713789213973,0.0,0.0,0.0,0.0,0.023801333711651294,0.0024296713789213973,1,141,1788682171.1121848
1788682210.063170,38.944000,gate_sweep_poor_medium_r15,0.005355299450457096,0.0182713121175766,0.012653321027755737,-0.0018209268603150632,0.0,0.0,0.0,0.0,0.022861028230012164,0.0018209268603150632,1,141,1788682171.1191497
1788682210.109759,38.976000,gate_sweep_poor_medium_r15,0.005263587459921837,0.017074662260711193,0.01316387951374054,-0.0020329952332999502,0.0,0.0,0.0,0.0,0.02219317841405055,0.0020329952332999502,1,141,1788682171.1337361
1788682210.159445,39.008000,gate_sweep_poor_medium_r15,0.005190296098589897,0.015892107971012592,0.013685032725334167,-0.003403065976535496,0.0,0.0,0.0,0.0,0.021605054733715132,0.0034030659765354955,1,141,1788682171.1514297
1788682210.203168,39.040000,gate_sweep_poor_medium_r15,0.005117303691804409,0.014445049688220024,0.014422506093978882,-0.002566116402327468,0.0,0.0,0.0,0.0,0.021044118883910497,0.002566116402327468,1,141,1788682171.1631498
1788682210.249137,39.076000,gate_sweep_poor_medium_r15,0.005057178437709808,0.013323362916707993,0.015066772699356079,-0.002968810908548302,0.0,0.0,0.0,0.0,0.0207387244722333,0.002968810908548302,1,141,1788682171.1731153
1788682210.296131,39.108000,gate_sweep_poor_medium_r15,0.005014494992792606,0.01248163916170597,0.015600085258483887,-0.0031053166915805414,0.0,0.0,0.0,0.0,0.020598522671971903,0.003105316691580541,1,141,1788682171.1881104
1788682210.343723,39.140000,gate_sweep_poor_medium_r15,0.0049660587683320045,0.01137600839138031,0.01632218062877655,-0.003586924711841093,0.0,0.0,0.0,0.0,0.020505825686611374,0.003586924711841092,1,141,1788682171.2037058
1788682210.392010,39.172000,gate_sweep_poor_medium_r15,0.0049598002806305885,0.009968575090169907,0.01708775758743286,-0.0029512504887091195,0.0,0.0,0.0,0.0,0.020395184910144075,0.0029512504887091195,1,141,1788682171.219987
1788682210.440702,39.208000,gate_sweep_poor_medium_r15,0.005021438002586365,0.008849237114191055,0.017629414796829224,-0.003186727449891418,0.0,0.0,0.0,0.0,0.020354854536342337,0.003186727449891418,1,141,1788682171.2326832
1788682210.486406,39.240000,gate_sweep_poor_medium_r15,0.005140800029039383,0.007732421159744263,0.01811029016971588,-0.0025243146594520756,0.0,0.0,0.0,0.0,0.020351923053154947,0.0025243146594520756,1,141,1788682171.246387
1788682210.530121,39.272000,gate_sweep_poor_medium_r15,0.005272171460092068,0.006874639540910721,0.01835647225379944,-0.001994210240348579,0.0,0.0,0.0,0.0,0.020298190419999786,0.001994210240348579,1,141,1788682171.2580965
1788682210.580464,39.304000,gate_sweep_poor_medium_r15,0.0055709704756736755,0.005363060161471367,0.018623486161231995,-0.002137305351735366,0.0,0.0,0.0,0.0,0.020165127401878438,0.002137305351735366,1,141,1788682171.2764409
1788682210.623365,39.340000,gate_sweep_poor_medium_r15,0.0058651939034461975,0.004108002409338951,0.018799498677253723,-0.0026908747734152747,0.0,0.0,0.0,0.0,0.020117090590744516,0.0026908747734152747,1,141,1788682171.2833412
1788682210.671087,39.372000,gate_sweep_poor_medium_r15,0.006209949962794781,0.0028237514197826385,0.019069403409957886,-0.0020039682581341196,0.0,0.0,0.0,0.0,0.020252881203247423,0.0020039682581341196,1,141,1788682171.2990632
1788682210.712666,39.404000,gate_sweep_poor_medium_r15,0.00668870285153389,0.0012638997286558151,0.01943252980709076,-0.002864786920556284,0.0,0.0,0.0,0.0,0.02059027447761891,0.002864786920556284,1,141,1788682171.308649
1788682210.758325,39.436000,gate_sweep_poor_medium_r15,0.007126404903829098,0.00010944530367851257,0.019733667373657227,-0.0030799100948075767,0.0,0.0,0.0,0.0,0.020981307231484895,0.0030799100948075767,1,141,1788682171.322304
1788682210.805730,39.472000,gate_sweep_poor_medium_r15,0.007496543228626251,-0.0006917119026184082,0.019987940788269043,-0.004063701948874743,0.0,0.0,0.0,0.0,0.021358707889060972,0.004063701948874743,1,141,1788682171.3337038
1788682210.848115,39.504000,gate_sweep_poor_medium_r15,0.008251279592514038,-0.0018832534551620483,0.020440414547920227,-0.003089311539584435,0.0,0.0,0.0,0.0,0.02212330909653995,0.003089311539584435,1,141,1788682171.3440979
1788682210.890101,39.536000,gate_sweep_poor_medium_r15,0.009004435036331415,-0.0027445927262306213,0.020831242203712463,-0.0033114133161589827,0.0,0.0,0.0,0.0,0.022859424562007725,0.0033114133161589827,1,141,1788682171.354082
1788682210.939005,39.568000,gate_sweep_poor_medium_r15,0.009865406434983015,-0.003608871251344681,0.021309956908226013,-0.004356283617676129,0.0,0.0,0.0,0.0,0.02375846079329711,0.004356283617676129,1,141,1788682171.3709865
1788682210.982420,39.604000,gate_sweep_poor_medium_r15,0.010995319578796625,-0.004738699644804001,0.021919071674346924,-0.005093748252779223,0.0,0.0,0.0,0.0,0.024975949031592205,0.005093748252779223,1,141,1788682171.3783998
1788682211.030145,39.636000,gate_sweep_poor_medium_r15,0.011892740381881595,-0.0056878961622715,0.022378996014595032,-0.005832151653680393,0.0,0.0,0.0,0.0,0.025973234283871546,0.005832151653680392,1,141,1788682171.3941224
1788682211.072823,39.668000,gate_sweep_poor_medium_r15,0.012555563123896718,-0.006404507905244827,0.02274993062019348,-0.005401454163177118,0.0,0.0,0.0,0.0,0.026762272513561242,0.005401454163177118,1,141,1788682171.4048023
1788682211.116603,39.700000,gate_sweep_poor_medium_r15,0.013668922474607825,-0.007631812244653702,0.023418530821800232,-0.005807628427340044,0.0,0.0,0.0,0.0,0.028169337684902932,0.005807628427340044,1,141,1788682171.416584
1788682211.161999,39.736000,gate_sweep_poor_medium_r15,0.014522632583975792,-0.008571144193410873,0.023972555994987488,-0.0053424238612153506,0.0,0.0,0.0,0.0,0.029309636826242096,0.00534242386121535,1,141,1788682171.425983
1788682211.205542,39.768000,gate_sweep_poor_medium_r15,0.015339430829044431,-0.009443722665309906,0.024544358253479004,-0.00541726143450475,0.0,0.0,0.0,0.0,0.030445156560829995,0.0054172614345047495,1,141,1788682171.4375234
1788682211.251533,39.800000,gate_sweep_poor_medium_r15,0.016134549747221172,-0.010272324085235596,0.025158032774925232,-0.005813596149320907,0.0,0.0,0.0,0.0,0.031603337652246134,0.005813596149320908,1,141,1788682171.4515126
1788682211.294729,39.832000,gate_sweep_poor_medium_r15,0.017083078739233315,-0.011299367994070053,0.02595287561416626,-0.00734354040675279,0.0,0.0,0.0,0.0,0.03306144353957712,0.00734354040675279,1,141,1788682171.46271
1788682211.340372,39.868000,gate_sweep_poor_medium_r15,0.0176204196177423,-0.011908266693353653,0.02638748288154602,-0.006885371906917374,0.0,0.0,0.0,0.0,0.033890784233611915,0.006885371906917374,1,141,1788682171.4723518
1788682211.384070,39.900000,gate_sweep_poor_medium_r15,0.018279504729434848,-0.012674421072006226,0.02693691849708557,-0.007551207230856782,0.0,0.0,0.0,0.0,0.03493392077598186,0.007551207230856782,1,141,1788682171.484052
1788682211.428336,39.932000,gate_sweep_poor_medium_r15,0.0188957282807678,-0.01339200884103775,0.027442708611488342,-0.008490988520758249,0.0,0.0,0.0,0.0,0.03590956284883036,0.008490988520758249,1,141,1788682171.4963179
1788682211.471619,39.964000,gate_sweep_poor_medium_r15,0.019658751087263227,-0.014262687414884567,0.028071820735931396,-0.008514843845207478,0.0,0.0,0.0,0.0,0.0371203160821126,0.008514843845207478,1,141,1788682171.507597
1788682211.519086,40.000000,gate_sweep_poor_medium_r15,0.0202728183940053,-0.014912448823451996,0.028553977608680725,-0.009125659628818016,0.0,0.0,0.0,0.0,0.03806176470981652,0.009125659628818016,1,141,1788682171.5190632
1788682211.565131,40.032000,gate_sweep_poor_medium_r15,0.02073278557509184,-0.0153573676943779,0.028920620679855347,-0.008595644636147178,0.0,0.0,0.0,0.0,0.038756927647984885,0.008595644636147178,1,141,1788682171.5331118
1788682211.614100,40.064000,gate_sweep_poor_medium_r15,0.021464948542416096,-0.01606868952512741,0.029536113142967224,-0.008463118662471876,0.0,0.0,0.0,0.0,0.03989146247729797,0.008463118662471875,1,141,1788682171.55008
1788682211.659117,40.096000,gate_sweep_poor_medium_r15,0.022027735598385334,-0.016649141907691956,0.030067414045333862,-0.00833252608568793,0.0,0.0,0.0,0.0,0.04082235232355403,0.008332526085687932,1,141,1788682171.5630958
1788682211.702379,40.132000,gate_sweep_poor_medium_r15,0.02255713799968362,-0.01723354682326317,0.03063543140888214,-0.00841164199579064,0.0,0.0,0.0,0.0,0.04176540755762713,0.00841164199579064,1,141,1788682171.570357
1788682211.750126,40.164000,gate_sweep_poor_medium_r15,0.023163013625890017,-0.017920363694429398,0.031234577298164368,-0.008456093533315013,0.0,0.0,0.0,0.0,0.042816625908270664,0.008456093533315013,1,141,1788682171.5861056
1788682211.793308,40.196000,gate_sweep_poor_medium_r15,0.02362135984003544,-0.018390096724033356,0.03163246810436249,-0.008113772641707952,0.0,0.0,0.0,0.0,0.043552007262412734,0.00811377264170795,1,141,1788682171.597285
1788682211.836858,40.228000,gate_sweep_poor_medium_r15,0.023957014083862305,-0.018680553883314133,0.031938642263412476,-0.008660400761538463,0.0,0.0,0.0,0.0,0.04407922965334146,0.008660400761538463,1,141,1788682171.608843
1788682211.884206,40.264000,gate_sweep_poor_medium_r15,0.02448300365358591,-0.01909426972270012,0.0323672741651535,-0.008342614594568113,0.0,0.0,0.0,0.0,0.04485141069160408,0.008342614594568113,1,141,1788682171.620187
1788682211.929951,40.296000,gate_sweep_poor_medium_r15,0.024896899238228798,-0.01941167190670967,0.0326351672410965,-0.008220057792169267,0.0,0.0,0.0,0.0,0.04540619714033094,0.008220057792169267,1,141,1788682171.6339314
1788682211.972966,40.328000,gate_sweep_poor_medium_r15,0.025368282571434975,-0.019709430634975433,0.0329875648021698,-0.008509480300161045,0.0,0.0,0.0,0.0,0.04604553016478832,0.008509480300161045,1,141,1788682171.6449482
1788682212.016040,40.360000,gate_sweep_poor_medium_r15,0.026067380793392658,-0.020060483366250992,0.033361077308654785,-0.009411347918351867,0.0,0.0,0.0,0.0,0.046849683174055835,0.009411347918351866,1,141,1788682171.6560214
1788682212.061319,40.396000,gate_sweep_poor_medium_r15,0.026693514548242092,-0.020294543355703354,0.03357447683811188,-0.00842058141620991,0.0,0.0,0.0,0.0,0.04745163541867284,0.00842058141620991,1,141,1788682171.6652942
1788682212.107055,40.428000,gate_sweep_poor_medium_r15,0.027177897281944752,-0.02044834941625595,0.03371064364910126,-0.008516370133246475,0.0,0.0,0.0,0.0,0.04788716518811618,0.008516370133246475,1,141,1788682171.6790352
1788682212.163609,40.460000,gate_sweep_poor_medium_r15,0.027819154784083366,-0.020655371248722076,0.03385882079601288,-0.008666291622326336,0.0,0.0,0.0,0.0,0.048445531063451425,0.008666291622326338,1,141,1788682171.7035897
1788682212.210191,40.492000,gate_sweep_poor_medium_r15,0.028574016876518726,-0.02093379572033882,0.03397031128406525,-0.007729868730566562,0.0,0.0,0.0,0.0,0.049078307758690536,0.007729868730566562,1,141,1788682171.7181697
1788682212.251450,40.528000,gate_sweep_poor_medium_r15,0.029129095375537872,-0.021154753863811493,0.03399038314819336,-0.007678587077584712,0.0,0.0,0.0,0.0,0.049511351779128555,0.007678587077584712,1,141,1788682171.7234318
1788682212.296170,40.560000,gate_sweep_poor_medium_r15,0.029663371853530407,-0.021353859454393387,0.03396640717983246,-0.007459760065557665,0.0,0.0,0.0,0.0,0.04989608962659278,0.007459760065557665,1,141,1788682171.736149
1788682212.339653,40.592000,gate_sweep_poor_medium_r15,0.03004434145987034,-0.021503202617168427,0.03392961621284485,-0.00643808349316784,0.0,0.0,0.0,0.0,0.050162426505335915,0.006438083493167841,1,141,1788682171.7476327
1788682212.387084,40.624000,gate_sweep_poor_medium_r15,0.030637478455901146,-0.021735623478889465,0.033766016364097595,-0.006318452891051446,0.0,0.0,0.0,0.0,0.05050976415756031,0.006318452891051447,1,141,1788682171.76307
1788682212.430638,40.660000,gate_sweep_poor_medium_r15,0.031086263246834278,-0.021864406764507294,0.0335075706243515,-0.006489308004041887,0.0,0.0,0.0,0.0,0.05066720176762494,0.006489308004041887,1,141,1788682171.770621
1788682212.479552,40.692000,gate_sweep_poor_medium_r15,0.0314713791012764,-0.021954838186502457,0.03309305012226105,-0.006195514668891927,0.0,0.0,0.0,0.0,0.05067161521726188,0.006195514668891927,1,141,1788682171.7875316
1788682212.524611,40.724000,gate_sweep_poor_medium_r15,0.03190944157540798,-0.022016726434230804,0.032610341906547546,-0.0052496499534209744,0.0,0.0,0.0,0.0,0.05065948187453227,0.0052496499534209744,1,141,1788682171.800592
1788682212.569250,40.756000,gate_sweep_poor_medium_r15,0.03227226808667183,-0.02198115363717079,0.0322825163602829,-0.00478839060005438,0.0,0.0,0.0,0.0,0.05066390495442349,0.00478839060005438,1,141,1788682171.8132274
1788682212.617401,40.792000,gate_sweep_poor_medium_r15,0.032554540783166885,-0.021908123046159744,0.03207322955131531,-0.004378362400634525,0.0,0.0,0.0,0.0,0.05067993720260432,0.004378362400634525,1,141,1788682171.8253815
1788682212.663185,40.824000,gate_sweep_poor_medium_r15,0.03301822394132614,-0.021675363183021545,0.031697213649749756,-0.0021403723689163465,0.0,0.0,0.0,0.0,0.05064324075840063,0.0021403723689163465,1,141,1788682171.839161
1788682212.708203,40.856000,gate_sweep_poor_medium_r15,0.03334896080195904,-0.021387461572885513,0.03137467801570892,-0.0030528378542184634,0.0,0.0,0.0,0.0,0.050536591888369994,0.0030528378542184634,1,141,1788682171.8521817
1788682212.756160,40.888000,gate_sweep_poor_medium_r15,0.0335988774895668,-0.021006066352128983,0.031013160943984985,-0.0016725954212457894,0.0,0.0,0.0,0.0,0.050318540756727835,0.0016725954212457894,1,141,1788682171.868137
1788682212.799746,40.924000,gate_sweep_poor_medium_r15,0.03384957276284695,-0.020466990768909454,0.03060002624988556,-0.000992669712243316,0.0,0.0,0.0,0.0,0.05001052783020371,0.000992669712243316,1,141,1788682171.8757224
1788682212.846375,40.956000,gate_sweep_poor_medium_r15,0.03403395041823387,-0.02008257806301117,0.030277281999588013,-0.0008502332328898319,0.0,0.0,0.0,0.0,0.04978286379880446,0.0008502332328898319,1,141,1788682171.8903546
1788682212.889965,40.988000,gate_sweep_poor_medium_r15,0.034167928621172905,-0.01982995495200157,0.030053451657295227,-0.0011340826620230508,0.0,0.0,0.0,0.0,0.049637530319077715,0.0011340826620230508,1,141,1788682171.901946
1788682212.940349,41.020000,gate_sweep_poor_medium_r15,0.034362249076366425,-0.019460391253232956,0.029632776975631714,-0.0014898202108206181,0.0,0.0,0.0,0.0,0.04937177797692402,0.001489820210820618,1,141,1788682171.9203298
1788682212.991122,41.056000,gate_sweep_poor_medium_r15,0.034533727914094925,-0.019224386662244797,0.029264330863952637,-0.0007312120612363721,0.0,0.0,0.0,0.0,0.04917882132685904,0.0007312120612363721,1,141,1788682171.9351013
1788682213.035898,41.088000,gate_sweep_poor_medium_r15,0.034692391753196716,-0.019065797328948975,0.02886427938938141,0.00016002817249114826,0.0,0.0,0.0,0.0,0.04899197177103712,0.00016002817249114826,1,141,1788682171.94788
1788682213.080412,41.120000,gate_sweep_poor_medium_r15,0.03479839488863945,-0.01898161694407463,0.028480350971221924,0.0003855115544872061,0.0,0.0,0.0,0.0,0.048809430032333415,0.0003855115544872061,1,141,1788682171.9603903
1788682213.129246,41.152000,gate_sweep_poor_medium_r15,0.03482331335544586,-0.018891599029302597,0.02797839045524597,0.0003100954541646628,0.0,0.0,0.0,0.0,0.04850098967445633,0.0003100954541646627,1,141,1788682171.9772196
1788682213.172449,41.188000,gate_sweep_poor_medium_r15,0.034796129912137985,-0.018827229738235474,0.02764144539833069,0.00028951153570851054,0.0,0.0,0.0,0.0,0.04826266403947858,0.00028951153570851054,1,141,1788682171.9844327
1788682213.217837,41.220000,gate_sweep_poor_medium_r15,0.03473924659192562,-0.01875639334321022,0.027167126536369324,-2.1782827194774777e-05,0.0,0.0,0.0,0.0,0.0479235882344273,2.1782827194774777e-05,1,141,1788682171.9978106
1788682213.261214,41.252000,gate_sweep_poor_medium_r15,0.034675704315304756,-0.018703635782003403,0.02669931948184967,-0.0009343877866856961,0.0,0.0,0.0,0.0,0.047592899911879295,0.0009343877866856959,1,141,1788682172.009198
1788682213.313704,41.284000,gate_sweep_poor_medium_r15,0.03453982062637806,-0.01861988753080368,0.026053965091705322,-0.0005687937828623283,0.0,0.0,0.0,0.0,0.047101045822380096,0.0005687937828623283,1,141,1788682172.0296817
1788682213.359613,41.320000,gate_sweep_poor_medium_r15,0.03438764810562134,-0.018528223037719727,0.02563568949699402,-0.0003843352347078965,0.0,0.0,0.0,0.0,0.04672252098461534,0.0003843352347078965,1,141,1788682172.0395935
1788682213.407770,41.352000,gate_sweep_poor_medium_r15,0.03424392081797123,-0.01840759813785553,0.025389090180397034,0.0003163910948007836,0.0,0.0,0.0,0.0,0.04643373431440335,0.0003163910948007836,1,141,1788682172.0557516
1788682213.453439,41.384000,gate_sweep_poor_medium_r15,0.03392444923520088,-0.018033310770988464,0.02508530020713806,0.00104037252477347,0.0,0.0,0.0,0.0,0.0458839932847721,0.00104037252477347,1,141,1788682172.0694184
1788682213.497077,41.416000,gate_sweep_poor_medium_r15,0.03362544812262058,-0.017609257251024246,0.024918481707572937,0.0008383688797464937,0.0,0.0,0.0,0.0,0.04540580836182134,0.0008383688797464936,1,141,1788682172.081056
1788682213.541127,41.452000,gate_sweep_poor_medium_r15,0.033307576552033424,-0.017072904855012894,0.024791330099105835,0.0014287036942338448,0.0,0.0,0.0,0.0,0.044894195438171296,0.0014287036942338448,1,141,1788682172.0891097
1788682213.586660,41.484000,gate_sweep_poor_medium_r15,0.03289681486785412,-0.016268305480480194,0.024775490164756775,0.0020811115508359668,0.0,0.0,0.0,0.0,0.04427960144987813,0.0020811115508359668,1,141,1788682172.102642
1788682213.634604,41.516000,gate_sweep_poor_medium_r15,0.032598815858364105,-0.015581730753183365,0.02480258047580719,0.002286102233441109,0.0,0.0,0.0,0.0,0.04382511981604983,0.002286102233441109,1,141,1788682172.1185877
1788682213.682163,41.548000,gate_sweep_poor_medium_r15,0.03238667733967304,-0.015030458569526672,0.024841398000717163,0.0029042736418704324,0.0,0.0,0.0,0.0,0.04349605279268894,0.0029042736418704324,1,141,1788682172.1341457
1788682213.731454,41.584000,gate_sweep_poor_medium_r15,0.032016629353165627,-0.01403619721531868,0.02482512593269348,0.003289277920029364,0.0,0.0,0.0,0.0,0.0428761736280116,0.003289277920029364,1,141,1788682172.1474357
1788682213.780814,41.616000,gate_sweep_poor_medium_r15,0.031688885763287544,-0.013215214014053345,0.024833887815475464,0.004095039296352462,0.0,0.0,0.0,0.0,0.04237392295253698,0.004095039296352462,1,141,1788682172.1647925
1788682213.824751,41.648000,gate_sweep_poor_medium_r15,0.0313406977802515,-0.012353841215372086,0.024854153394699097,0.0048053165101474915,0.0,0.0,0.0,0.0,0.04186389460017928,0.0048053165101474915,1,141,1788682172.1767304
1788682213.868193,41.680000,gate_sweep_poor_medium_r15,0.03089212439954281,-0.011171512305736542,0.024905681610107422,0.005874089734253314,0.0,0.0,0.0,0.0,0.04122401015886366,0.005874089734253314,1,141,1788682172.1881773
1788682213.918329,41.716000,gate_sweep_poor_medium_r15,0.030509384348988533,-0.010124076157808304,0.024884477257728577,0.006611326932973265,0.0,0.0,0.0,0.0,0.04065165014847269,0.006611326932973265,1,141,1788682172.2023075
1788682213.968014,41.748000,gate_sweep_poor_medium_r15,0.03022647090256214,-0.00928017869591713,0.024841487407684326,0.006914921568122578,0.0,0.0,0.0,0.0,0.04021020711806554,0.006914921568122578,1,126,1788682172.2199929
1788682214.015760,41.780000,gate_sweep_poor_medium_r15,0.0298752523958683,-0.008148573338985443,0.02489323914051056,0.007436743796161424,0.0,0.0,0.0,0.0,0.039731641145116396,0.007436743796161424,1,120,1788682172.2357428
1788682214.063776,41.812000,gate_sweep_poor_medium_r15,0.02942358236759901,-0.006697945296764374,0.02498161792755127,0.00818421319559845,0.0,0.0,0.0,0.0,0.03917513120360266,0.00818421319559845,1,110,1788682172.2517567
1788682214.113126,41.848000,gate_sweep_poor_medium_r15,0.029047059826552868,-0.005543768405914307,0.025071993470191956,0.009875243032755531,0.0,0.0,0.0,0.0,0.03876944556316357,0.009875243032755531,1,104,1788682172.2651062
1788682214.167834,41.880000,gate_sweep_poor_medium_r15,0.02869478426873684,-0.004426971077919006,0.025158867239952087,0.01026054983486064,0.0,0.0,0.0,0.0,0.03841818993590943,0.01026054983486064,1,97,1788682172.2878182
1788682214.211244,41.912000,gate_sweep_poor_medium_r15,0.02845616638660431,-0.003622584044933319,0.02525600790977478,0.01071817846397741,0.0,0.0,0.0,0.0,0.03821966059665262,0.010718178463977412,1,97,1788682172.2992208
1788682214.262281,41.944000,gate_sweep_poor_medium_r15,0.028100140392780304,-0.0023184530436992645,0.025499671697616577,0.011004566300280296,0.0,0.0,0.0,0.0,0.03801613303975076,0.011004566300280296,1,93,1788682172.318265
1788682214.307561,41.980000,gate_sweep_poor_medium_r15,0.027844279073178768,-0.0013606548309326172,0.025753885507583618,0.011315308577840473,0.0,0.0,0.0,0.0,0.03795283754097613,0.011315308577840473,1,92,1788682172.3275423
1788682214.355047,42.012000,gate_sweep_poor_medium_r15,0.027610696852207184,-0.0005181804299354553,0.025982141494750977,0.011598915771268049,0.0,0.0,0.0,0.0,0.03791689291431607,0.011598915771268049,1,91,1788682172.3430297
1788682214.404922,42.044000,gate_sweep_poor_medium_r15,0.027340183965861797,0.0004224702715873718,0.026227891445159912,0.011072785979002846,0.0,0.0,0.0,0.0,0.037888869474776286,0.011072785979002846,1,91,1788682172.360906
1788682214.450619,42.076000,gate_sweep_poor_medium_r15,0.027103254571557045,0.0011286400258541107,0.0263778418302536,0.010607746053344629,0.0,0.0,0.0,0.0,0.03783716131398423,0.01060774605334463,1,91,1788682172.3745904
1788682214.496712,42.112000,gate_sweep_poor_medium_r15,0.02689323201775551,0.001630093902349472,0.026486918330192566,0.010519329045464206,0.0,0.0,0.0,0.0,0.037781741319340985,0.010519329045464206,1,89,1788682172.3846934
1788682214.544522,42.144000,gate_sweep_poor_medium_r15,0.026452050544321537,0.0024241358041763306,0.026669323444366455,0.010330815061321165,0.0,0.0,0.0,0.0,0.03764093815749901,0.010330815061321165,1,87,1788682172.4004948
1788682214.590201,42.176000,gate_sweep_poor_medium_r15,0.02605198137462139,0.003064870834350586,0.026819154620170593,0.010525940593083908,0.0,0.0,0.0,0.0,0.03751487999868173,0.010525940593083906,1,87,1788682172.4141855
1788682214.636360,42.208000,gate_sweep_poor_medium_r15,0.025640915147960186,0.003708023577928543,0.026927247643470764,0.011274143176218856,0.0,0.0,0.0,0.0,0.03736686545767747,0.011274143176218856,1,87,1788682172.428344
1788682214.682087,42.244000,gate_sweep_poor_medium_r15,0.025151456706225872,0.00453527644276619,0.02700503170490265,0.01114775739121601,0.0,0.0,0.0,0.0,0.03718112752782333,0.01114775739121601,1,87,1788682172.4380677
1788682214.730315,42.276000,gate_sweep_poor_medium_r15,0.024763664230704308,0.005233898758888245,0.026936501264572144,0.012049523557255975,0.0,0.0,0.0,0.0,0.03696224915674982,0.012049523557255973,1,85,1788682172.4542942
1788682214.773742,42.308000,gate_sweep_poor_medium_r15,0.024477758444845676,0.005766419693827629,0.026843711733818054,0.011656270804109383,0.0,0.0,0.0,0.0,0.036783109088519124,0.011656270804109383,1,85,1788682172.4657235
1788682214.818823,42.340000,gate_sweep_poor_medium_r15,0.02398114837706089,0.006718907505273819,0.026574745774269104,0.01224767579139093,0.0,0.0,0.0,0.0,0.036420547888713434,0.01224767579139093,1,84,1788682172.4788027
1788682214.863968,42.376000,gate_sweep_poor_medium_r15,0.02359637152403593,0.007486570626497269,0.026318371295928955,0.013019896368637107,0.0,0.0,0.0,0.0,0.03613162266652638,0.013019896368637105,1,84,1788682172.4879458
1788682214.911778,42.408000,gate_sweep_poor_medium_r15,0.023235443513840437,0.008209308609366417,0.026060327887535095,0.013651708244174022,0.0,0.0,0.0,0.0,0.03586668750713574,0.013651708244174022,1,84,1788682172.5037591
1788682214.963395,42.440000,gate_sweep_poor_medium_r15,0.022889754734933376,0.008846817538142204,0.02581307291984558,0.013358041419651266,0.0,0.0,0.0,0.0,0.035616313480536566,0.013358041419651266,1,84,1788682172.5233643
1788682215.007020,42.472000,gate_sweep_poor_medium_r15,0.022481820080429316,0.00951688177883625,0.02552524209022522,0.012435557548604781,0.0,0.0,0.0,0.0,0.035320550062049504,0.012435557548604781,1,84,1788682172.5349917
1788682215.051643,42.508000,gate_sweep_poor_medium_r15,0.022306137252599,0.009876059368252754,0.02534756064414978,0.012923481560399854,0.0,0.0,0.0,0.0,0.03517952726211494,0.012923481560399854,1,83,1788682172.5436158
1788682215.096960,42.540000,gate_sweep_poor_medium_r15,0.022169312927871943,0.010329995304346085,0.02506999671459198,0.013514686511500524,0.0,0.0,0.0,0.0,0.03502416271592192,0.013514686511500522,1,83,1788682172.5569444
1788682215.141257,42.572000,gate_sweep_poor_medium_r15,0.02211429225280881,0.010770952329039574,0.024778038263320923,0.014078489897234397,0.0,0.0,0.0,0.0,0.03491427381595783,0.014078489897234397,1,82,1788682172.569236
1788682215.186580,42.604000,gate_sweep_poor_medium_r15,0.022137087304145098,0.011329645290970802,0.02438831329345703,0.014003664586514732,0.0,0.0,0.0,0.0,0.03483103963464731,0.014003664586514732,1,82,1788682172.582562
1788682215.232421,42.640000,gate_sweep_poor_medium_r15,0.02218785835430026,0.01180308498442173,0.02405904233455658,0.013583132496426724,0.0,0.0,0.0,0.0,0.0347915419542733,0.013583132496426722,1,82,1788682172.5924015
1788682215.275950,42.672000,gate_sweep_poor_medium_r15,0.02224981039762497,0.012181740254163742,0.023781761527061462,0.013883571886301578,0.0,0.0,0.0,0.0,0.03477097984929666,0.01388357188630158,1,81,1788682172.6039314
1788682215.322272,42.704000,gate_sweep_poor_medium_r15,0.02241525473073125,0.012860042974352837,0.023306578397750854,0.013863366779817232,0.0,0.0,0.0,0.0,0.034799726242547915,0.013863366779817234,1,81,1788682172.618256
1788682215.366952,42.736000,gate_sweep_poor_medium_r15,0.022599420975893736,0.013385625556111336,0.02292454242706299,0.014635464617239418,0.0,0.0,0.0,0.0,0.034863210487049205,0.014635464617239418,1,81,1788682172.63093
1788682215.412669,42.772000,gate_sweep_poor_medium_r15,0.022803813219070435,0.01388949528336525,0.02245473861694336,0.013712881632251104,0.0,0.0,0.0,0.0,0.03488763768030338,0.013712881632251105,1,81,1788682172.6406522
1788682215.457688,42.804000,gate_sweep_poor_medium_r15,0.022992177400738,0.014507157728075981,0.021825939416885376,0.0145430744715268,0.0,0.0,0.0,0.0,0.03486358384337205,0.0145430744715268,1,81,1788682172.6536717
1788682215.500824,42.836000,gate_sweep_poor_medium_r15,0.023087043315172195,0.014961246401071548,0.021319612860679626,0.014785386590565885,0.0,0.0,0.0,0.0,0.034804832357583186,0.014785386590565885,1,81,1788682172.6648035
1788682215.550386,42.868000,gate_sweep_poor_medium_r15,0.023121928796172142,0.015256915241479874,0.020970284938812256,0.014419875421834205,0.0,0.0,0.0,0.0,0.03474406286483968,0.014419875421834205,1,81,1788682172.6823676
1788682215.596392,42.904000,gate_sweep_poor_medium_r15,0.02313010534271598,0.0156389232724905,0.020398810505867004,0.014730698629636366,0.0,0.0,0.0,0.0,0.03457873861699199,0.014730698629636366,1,81,1788682172.6923718
1788682215.641405,42.936000,gate_sweep_poor_medium_r15,0.023168595042079687,0.01588082779198885,0.019951269030570984,0.01458418472574377,0.0,0.0,0.0,0.0,0.034453412363841494,0.01458418472574377,1,81,1788682172.7053888
1788682215.687376,42.968000,gate_sweep_poor_medium_r15,0.023227897472679615,0.016101517714560032,0.019528090953826904,0.014033996388093068,0.0,0.0,0.0,0.0,0.03435317205171224,0.014033996388093068,1,81,1788682172.719356
1788682215.733284,43.000000,gate_sweep_poor_medium_r15,0.023316068574786186,0.01637465599924326,0.01906321942806244,0.01437211107617732,0.0,0.0,0.0,0.0,0.034280821866462634,0.01437211107617732,1,81,1788682172.7332673
1788682215.778845,43.036000,gate_sweep_poor_medium_r15,0.023395191878080368,0.016554325819015503,0.018731996417045593,0.014973617137982646,0.0,0.0,0.0,0.0,0.03423840527978092,0.014973617137982646,1,81,1788682172.7428238
1788682215.823806,43.068000,gate_sweep_poor_medium_r15,0.02347320644184947,0.016634701751172543,0.018532022833824158,0.014259750216783242,0.0,0.0,0.0,0.0,0.03422193146690476,0.014259750216783242,1,81,1788682172.7557845
1788682215.869019,43.100000,gate_sweep_poor_medium_r15,0.02361381147056818,0.01667923666536808,0.018303826451301575,0.014109273037683397,0.0,0.0,0.0,0.0,0.03421752607460486,0.014109273037683397,1,81,1788682172.7689977
1788682215.916891,43.132000,gate_sweep_poor_medium_r15,0.02386530488729477,0.016565660014748573,0.018107011914253235,0.014372619646800118,0.0,0.0,0.0,0.0,0.034232115762112686,0.014372619646800118,1,81,1788682172.7848709
1788682215.964221,43.168000,gate_sweep_poor_medium_r15,0.024065978825092316,0.016375740990042686,0.01792857050895691,0.014488931123507454,0.0,0.0,0.0,0.0,0.034187276438426555,0.014488931123507458,1,81,1788682172.7961988
1788682216.009849,43.200000,gate_sweep_poor_medium_r15,0.024223499931395054,0.016095776110887527,0.017761558294296265,0.014468660437833644,0.0,0.0,0.0,0.0,0.034078217538184095,0.01446866043783364,1,81,1788682172.8098254
1788682216.057267,43.232000,gate_sweep_poor_medium_r15,0.024303711019456387,0.015828119590878487,0.01767610013484955,0.012968557722724214,0.0,0.0,0.0,0.0,0.03396533902491811,0.012968557722724212,1,81,1788682172.8252509
1788682216.101306,43.264000,gate_sweep_poor_medium_r15,0.024364730343222618,0.015268739312887192,0.017498403787612915,0.013119275086860316,0.0,0.0,0.0,0.0,0.03365959922543948,0.013119275086860316,1,81,1788682172.8372846
1788682216.147067,43.300000,gate_sweep_poor_medium_r15,0.024373200722038746,0.014824176207184792,0.017321079969406128,0.01290793929068853,0.0,0.0,0.0,0.0,0.033374075642106045,0.012907939290688532,1,81,1788682172.847048
1788682216.192670,43.332000,gate_sweep_poor_medium_r15,0.024370279163122177,0.014370284974575043,0.017209798097610474,0.012795245505524163,0.0,0.0,0.0,0.0,0.033114841797893604,0.012795245505524163,1,81,1788682172.8606517
1788682216.239039,43.364000,gate_sweep_poor_medium_r15,0.024396533146500587,0.013771481812000275,0.017145410180091858,0.014879715121685002,0.0,0.0,0.0,0.0,0.03284523757122414,0.014879715121685002,1,81,1788682172.8750162
1788682216.283083,43.396000,gate_sweep_poor_medium_r15,0.024433525279164314,0.013243423774838448,0.017145544290542603,0.015563651368826372,0.0,0.0,0.0,0.0,0.032655093321968566,0.015563651368826372,1,81,1788682172.8870604
1788682216.332096,43.432000,gate_sweep_poor_medium_r15,0.024444440379738808,0.012809686362743378,0.01711706817150116,0.015334712854173019,0.0,0.0,0.0,0.0,0.03247480181584295,0.015334712854173019,1,81,1788682172.9000764
1788682216.380903,43.464000,gate_sweep_poor_medium_r15,0.024399341084063053,0.012053234502673149,0.01708148419857025,0.016400999009537988,0.0,0.0,0.0,0.0,0.03213075488902934,0.016400999009537988,1,81,1788682172.9168808
1788682216.426584,43.496000,gate_sweep_poor_medium_r15,0.02428764756768942,0.01142585463821888,0.017105624079704285,0.017200377532128382,0.0,0.0,0.0,0.0,0.03182832627930907,0.017200377532128382,1,81,1788682172.930568
1788682216.474631,43.528000,gate_sweep_poor_medium_r15,0.02410114649683237,0.010756302624940872,0.017196565866470337,0.01824270619569943,0.0,0.0,0.0,0.0,0.03150055850649219,0.018242706195699433,1,81,1788682172.9466147
1788682216.524699,43.564000,gate_sweep_poor_medium_r15,0.023753872141242027,0.009857390075922012,0.017507821321487427,0.020112184530789848,0.0,0.0,0.0,0.0,0.031111708217911944,0.020112184530789848,1,81,1788682172.960677
1788682216.642698,43.596000,gate_sweep_poor_medium_r15,0.023464148864150047,0.009284330531954765,0.017778471112251282,0.020973252083756413,0.0,0.0,0.0,0.0,0.03086809210875746,0.020973252083756413,1,81,1788682173.046674
1788682216.686162,43.628000,gate_sweep_poor_medium_r15,0.02302151219919324,0.008498217910528183,0.018168315291404724,0.02277762768298337,0.0,0.0,0.0,0.0,0.030533545685365725,0.022777627682983366,1,81,1788682173.0581467
1788682216.733106,43.660000,gate_sweep_poor_medium_r15,0.022294638212770224,0.007381262257695198,0.018694370985031128,0.023146536404904484,0.0,0.0,0.0,0.0,0.0300168857825252,0.023146536404904484,1,81,1788682173.0730808
1788682216.778314,43.696000,gate_sweep_poor_medium_r15,0.021578744519501925,0.006372997537255287,0.019119441509246826,0.024397103775337322,0.0,0.0,0.0,0.0,0.029526434872386927,0.024397103775337322,1,81,1788682173.0822854
1788682216.825494,43.728000,gate_sweep_poor_medium_r15,0.020981887821108103,0.005575969815254211,0.019438430666923523,0.02490629351034494,0.0,0.0,0.0,0.0,0.029140755699037447,0.024906293510344936,1,81,1788682173.0974736
1788682216.874557,43.760000,gate_sweep_poor_medium_r15,0.020125956274569035,0.004488799721002579,0.019863158464431763,0.0258116827280475,0.0,0.0,0.0,0.0,0.028631250463161135,0.0258116827280475,1,81,1788682173.1145353
1788682216.920436,43.792000,gate_sweep_poor_medium_r15,0.01898806798271835,0.0031024403870105743,0.02034229040145874,0.027991661768661705,0.0,0.0,0.0,0.0,0.027999654298733197,0.027991661768661705,1,81,1788682173.1284099
1788682216.968442,43.828000,gate_sweep_poor_medium_r15,0.01809546980075538,0.001974811777472496,0.02065037190914154,0.02903729257377242,0.0,0.0,0.0,0.0,0.02752787258130123,0.02903729257377242,1,81,1788682173.1404188
1788682217.014515,43.860000,gate_sweep_poor_medium_r15,0.017208952573128045,0.0008650906383991241,0.020896658301353455,0.030591308245814963,0.0,0.0,0.0,0.0,0.027084437572900428,0.030591308245814963,1,80,1788682173.1544936
1788682217.058438,43.892000,gate_sweep_poor_medium_r15,0.016555928101297468,5.867704749107361e-05,0.021056562662124634,0.031096820636637153,0.0,0.0,0.0,0.0,0.026785836358702984,0.031096820636637153,1,80,1788682173.166421
1788682217.107547,43.924000,gate_sweep_poor_medium_r15,0.015473699138965458,-0.0012108609080314636,0.02123558521270752,0.03235412148920798,0.0,0.0,0.0,0.0,0.026303072605837922,0.03235412148920798,1,80,1788682173.1835225
1788682217.150893,43.960000,gate_sweep_poor_medium_r15,0.014643587754108012,-0.002180080860853195,0.021370023488998413,0.03411825208195457,0.0,0.0,0.0,0.0,0.025997409847761072,0.03411825208195457,1,78,1788682173.1908522
1788682217.197886,43.992000,gate_sweep_poor_medium_r15,0.013833267148584127,-0.0031019747257232666,0.021514832973480225,0.03508236913109689,0.0,0.0,0.0,0.0,0.02576566640084969,0.03508236913109689,1,77,1788682173.205856
1788682217.241534,44.024000,gate_sweep_poor_medium_r15,0.012878699926659465,-0.004206065088510513,0.021675363183021545,0.036113271591339494,0.0,0.0,0.0,0.0,0.025561167118220783,0.036113271591339494,1,77,1788682173.217512
1788682217.294247,44.056000,gate_sweep_poor_medium_r15,0.012256064219400287,-0.0050361268222332,0.021749988198280334,0.0368452374468601,-0.0007121562957763672,-0.001790601760149002,0.001319602131843567,0.022977641178289824,0.024415340486721025,0.013867596268570278,1,72,1788682173.238225
1788682217.340812,44.092000,gate_sweep_poor_medium_r15,0.011912577785551548,-0.005630806088447571,0.021752983331680298,0.037557121667206185,0.00043700658716261387,0.0025335121899843216,-0.0013220170512795448,-0.02906113026965429,0.027033321474699102,0.06661825193686047,1,59,1788682173.248793
1788682217.394271,44.124000,gate_sweep_poor_medium_r15,0.011637578252702951,-0.006580773741006851,0.021625027060508728,0.04689731974264843,-0.000854559475556016,0.0027040448039770126,-0.0022659010719507933,-0.03545000373807557,0.02851381783391016,0.08234732348072399,1,56,1788682173.2702522
1788682217.429695,44.156000,gate_sweep_poor_medium_r15,0.01166679710149765,-0.00729583203792572,0.02142380177974701,0.08475952790733647,-0.0012112344847992063,0.0011354791931807995,-0.0022638440132141113,0.008701454371847855,0.028249518045910645,0.07605807353548862,1,148,1788682173.2736742
1788682217.475130,44.188000,gate_sweep_poor_medium_r15,0.011937319301068783,-0.007978096604347229,0.0211087167263031,0.1138445093543592,-0.001430012285709381,0.0020962273702025414,-0.0006927561480551958,0.03692574164697169,0.02748602875619623,0.07691876770738752,1,94,1788682173.287111
1788682217.523441,44.224000,gate_sweep_poor_medium_r15,0.012630342738702893,-0.008756592869758606,0.020642712712287903,0.21287361983959402,-0.0023205128964036703,0.002260345034301281,0.00010123755782842636,0.08583724856041457,0.02769211451884787,0.12703637127917944,1,80,1788682173.2994149
1788682217.576108,44.256000,gate_sweep_poor_medium_r15,0.013463354436680675,-0.009356632828712463,0.02029798924922943,0.4069402248461251,-0.003077015746384859,0.000447095837444067,0.00029258360154926777,0.23043959067159772,0.027747309719695277,0.17650063417452735,1,74,1788682173.3200817
1788682217.629856,44.288000,gate_sweep_poor_medium_r15,0.014251596061512828,-0.009804558008909225,0.02006782591342926,0.6581737712602961,-0.0018265701364725828,-0.0016408408991992474,-0.002957596443593502,0.5081336229354538,0.02924591903251966,0.1500401483248422,1,187,1788682173.3418338
1788682217.673708,44.320000,gate_sweep_poor_medium_r15,0.015869107883190736,-0.010513022541999817,0.019778549671173096,1.3328462012323936,-0.0018431870266795158,-0.006884349510073662,-0.002237362787127495,1.0283156896521874,0.0284884724111069,0.3045305115802063,1,117,1788682173.353689
1788682217.733086,44.356000,gate_sweep_poor_medium_r15,0.01744897966273129,-0.010992780327796936,0.01966013014316559,2.0864068520922077,-0.0015098173171281815,-0.0014355997554957867,-0.013957795687019825,1.7083758593937544,0.039761044007155376,0.37803099269845347,1,97,1788682173.3770602
1788682217.771117,44.388000,gate_sweep_poor_medium_r15,0.01934518851339817,-0.011378206312656403,0.019695177674293518,3.0187219534474723,0.002705199643969536,-0.0028211534954607487,-0.028514886274933815,2.5163492897377364,0.051713853545056705,0.502372663709736,1,227,1788682173.3830945
1788682217.825827,44.420000,gate_sweep_poor_medium_r15,0.022189974784851074,-0.011769797652959824,0.01984710991382599,4.418805903206375,0.0028550447896122932,0.0026668133214116096,-0.036020975559949875,3.456854903337767,0.060856373773428625,0.9619509998686087,1,138,1788682173.4058113
1788682217.868145,44.452000,gate_sweep_poor_medium_r15,0.02488764561712742,-0.011970456689596176,0.020031526684761047,5.711313385988577,-0.00161259388551116,-0.00198241975158453,-0.040602102875709534,4.61372529893907,0.0669213016105385,1.0975880870495076,1,264,1788682173.416127
1788682217.922342,44.488000,gate_sweep_poor_medium_r15,0.02722283825278282,-0.012038297951221466,0.02018781006336212,6.7819178762759575,0.007006899919360876,-0.0031702376436442137,-0.05681107938289642,5.982284424124075,0.08010090906023909,0.7996334521518823,1,160,1788682173.4343011
1788682217.969550,44.520000,gate_sweep_poor_medium_r15,0.03271341882646084,-0.01190880686044693,0.020580872893333435,9.210357456972401,0.007540786173194647,-0.0060187773779034615,-0.05554959177970886,7.385794515004662,0.08040025829146855,1.8245629419677394,1,290,1788682173.4495273
1788682218.016065,44.552000,gate_sweep_poor_medium_r15,0.03475710563361645,-0.011854473501443863,0.020709648728370667,10.075859475592232,0.0061452556401491165,-0.0035681885201483965,-0.056915078312158585,8.869977590658797,0.08314384359022978,1.2058818849334345,1,284,1788682173.4640467
1788682218.054754,44.584000,gate_sweep_poor_medium_r15,0.039884740486741066,-0.011773265898227692,0.020939573645591736,12.322759126398786,0.008855835534632206,0.0032908471766859293,-0.05627045780420303,10.372407234397182,0.08456423240199776,1.9503518920016052,1,254,1788682173.4707358
1788682218.111815,44.620000,gate_sweep_poor_medium_r15,0.043779829517006874,-0.011615119874477386,0.021038949489593506,14.294258078549008,-0.00788851734250784,-0.011093191802501678,-0.0395280160009861,12.259019127215826,0.07961311314629331,2.035238951333184,1,151,1788682173.4917948
1788682218.163982,44.652000,gate_sweep_poor_medium_r15,0.046589797362685204,-0.011493880301713943,0.0210370272397995,15.85915124573475,-0.014528520405292511,-0.012606262229382992,-0.021624892950057983,13.88922349098879,0.07454344769747556,1.9699277547459606,1,296,1788682173.5119643
1788682218.206296,44.684000,gate_sweep_poor_medium_r15,0.05106275528669357,-0.011366821825504303,0.021068856120109558,18.607718262389746,-0.019442301243543625,-0.020440496504306793,-0.005949227139353752,15.609614095253999,0.07604782305578495,2.998104167135748,1,304,1788682173.5222716
1788682218.261243,44.716000,gate_sweep_poor_medium_r15,0.05447929725050926,-0.011352811008691788,0.02099403738975525,20.90327709987458,-0.04302145540714264,-0.02363782376050949,0.055063456296920776,17.19554402289179,0.1040098245926454,3.7077330769827883,1,170,1788682173.5452235
1788682218.311585,44.752000,gate_sweep_poor_medium_r15,0.05776071920990944,-0.01149730384349823,0.02082812786102295,23.242709435311934,-0.06007397547364235,-0.03393184021115303,0.11827626824378967,19.243101677024477,0.1545459923687991,3.9996077582874543,1,287,1788682173.5595605
1788682218.357396,44.784000,gate_sweep_poor_medium_r15,0.0615667961537838,-0.012099873274564743,0.02106313407421112,25.901637085366097,-0.06767948716878891,-0.04505770653486252,0.14241069555282593,21.247463728778705,0.18032207630436858,4.654173356587394,1,289,1788682173.5733745
1788682218.409585,44.816000,gate_sweep_poor_medium_r15,0.06570180878043175,-0.012432385236024857,0.020563632249832153,28.051784221542878,-0.054579343646764755,-0.05510147660970688,0.14767079055309296,23.265103165849514,0.18012339292773802,4.786681055693367,1,288,1788682173.593567
1788682218.459907,44.848000,gate_sweep_poor_medium_r15,0.06889698281884193,-0.012519683688879013,0.02045123279094696,29.81770557013514,-0.048204995691776276,-0.0644851103425026,0.14882813394069672,25.358432424588905,0.18136677669079043,4.459273145546234,1,284,1788682173.6118898
1788682218.505021,44.884000,gate_sweep_poor_medium_r15,0.0745241753757,-0.012670006603002548,0.02028314769268036,32.72279344309063,-0.04689127579331398,-0.07455078512430191,0.14999902248382568,27.623381809346025,0.18814130515601674,5.099411633744607,1,292,1788682173.621001
1788682218.558888,44.916000,gate_sweep_poor_medium_r15,0.0795687660574913,-0.012814432382583618,0.020128652453422546,35.1370242194353,-0.04083023965358734,-0.07964859902858734,0.14989787340164185,29.491232515886118,0.18921621789104098,5.645791703549182,1,183,1788682173.6428566
1788682218.612633,44.948000,gate_sweep_poor_medium_r15,0.08509033173322678,-0.013004448264837265,0.02004796266555786,37.511241779808145,-0.02234693244099617,-0.08192453533411026,0.14852231740951538,31.114941694187713,0.18110329638566544,6.3963000856204335,1,256,1788682173.664597
1788682218.660576,44.980000,gate_sweep_poor_medium_r15,0.0927099883556366,-0.013383530080318451,0.02007928490638733,40.884960099904156,-0.005945682525634766,-0.08475596457719803,0.14813461899757385,32.662784745368356,0.17670635074113916,8.222175354535805,1,265,1788682173.6805274
1788682218.705806,45.016000,gate_sweep_poor_medium_r15,0.09946694225072861,-0.013530876487493515,0.02032114565372467,43.565907769269856,0.006572764366865158,-0.08914446085691452,0.14643852412700653,34.662809793984316,0.1739319854968701,8.903097975285542,1,275,1788682173.68978
1788682218.752489,45.048000,gate_sweep_poor_medium_r15,0.10503435879945755,-0.013184573501348495,0.020951658487319946,45.932100164665634,0.028754714876413345,-0.09121813625097275,0.1439361572265625,36.56937834430106,0.16441717648277723,9.362721820364571,1,247,1788682173.704469
1788682218.805529,45.080000,gate_sweep_poor_medium_r15,0.11346479505300522,-0.011806752532720566,0.022880539298057556,49.155601644523344,0.05739380419254303,-0.09626759588718414,0.1418040245771408,38.82382543948317,0.1562702320569903,10.331776205040168,1,145,1788682173.7255113
1788682218.855520,45.112000,gate_sweep_poor_medium_r15,0.12523382157087326,-0.0085882768034935,0.028395935893058777,53.48491134875802,0.09361782670021057,-0.0956071987748146,0.1402566283941269,41.287559732937225,0.14520564189979382,12.197351615820793,1,265,1788682173.7434986
1788682218.907080,45.148000,gate_sweep_poor_medium_r15,0.1351328343153,-0.004831824451684952,0.03574854135513306,57.11142339002169,0.13083483278751373,-0.09378247708082199,0.13959497213363647,44.18640938924526,0.13680194664447126,12.925014000776427,1,229,1788682173.7590585
1788682218.960900,45.180000,gate_sweep_poor_medium_r15,0.14503219723701477,-0.00019202753901481628,0.04596620798110962,60.88884272525118,0.16302865743637085,-0.09176710993051529,0.1417967677116394,46.89371069054094,0.13376608117525066,13.995132034710235,1,262,1788682173.780876
1788682219.017569,45.212000,gate_sweep_poor_medium_r15,0.15666934847831726,0.006461532786488533,0.06264621019363403,65.68763552048601,0.1873645782470703,-0.09178948402404785,0.14981377124786377,49.68487974105678,0.13488381346552936,16.00275577942923,1,297,1788682173.8055437
1788682219.068622,45.244000,gate_sweep_poor_medium_r15,0.16293635964393616,0.01071201078593731,0.07504695653915405,68.51750687353402,0.20786447823047638,-0.09392469376325607,0.1609698385000229,52.522132558079306,0.1426538377440397,15.995374315454704,1,318,1788682173.8246014
1788682219.126187,45.280000,gate_sweep_poor_medium_r15,0.1700938194990158,0.016461116261780262,0.0951375663280487,72.19863610704454,0.22982841730117798,-0.1012856662273407,0.1799226999282837,55.79147893353306,0.1569109487599133,16.407157173511475,1,331,1788682173.8461652
1788682219.183674,45.312000,gate_sweep_poor_medium_r15,0.175567626953125,0.02197052538394928,0.12012237310409546,75.68560940909089,0.2507089674472809,-0.10445116460323334,0.19826962053775787,58.78761191616722,0.16654025649053156,16.89799749292366,1,331,1788682173.8716583
1788682219.228845,45.344000,gate_sweep_poor_medium_r15,0.1797114610671997,0.028027155436575413,0.15974459052085876,79.56106737163104,0.26607024669647217,-0.10474882274866104,0.21903285384178162,61.613132077974406,0.1691224361402712,17.947935293656638,1,356,1788682173.884826
1788682219.287211,45.376000,gate_sweep_poor_medium_r15,0.1808711141347885,0.03188314434373751,0.19831448793411255,82.33836228527765,0.2800988256931305,-0.1058451384305954,0.23850581049919128,64.35750469362077,0.17444357548102002,17.98085759165689,1,195,1788682173.9111946
1788682219.328891,45.412000,gate_sweep_poor_medium_r15,0.18061862885951996,0.034057298908010125,0.23089280724525452,84.08625375296256,0.29189813137054443,-0.10928584635257721,0.2699449062347412,67.34301777063558,0.18562179669366313,16.74323598232698,1,393,1788682173.9168715
1788682219.382010,45.444000,gate_sweep_poor_medium_r15,0.17832210659980774,0.03617416089400649,0.29140259325504303,86.61954636757076,0.2964494526386261,-0.11425722390413284,0.3134995698928833,69.81507501896726,0.19254076916589344,16.804471348603506,1,195,1788682173.937989
1788682219.422850,45.476000,gate_sweep_poor_medium_r15,0.17531147599220276,0.03653429867699742,0.34419412910938263,88.11267411245592,0.3062034845352173,-0.12563806772232056,0.3521730899810791,72.23978849708067,0.2085575655318485,15.872885615375248,1,395,1788682173.9468315
1788682219.483903,45.508000,gate_sweep_poor_medium_r15,0.17034825682640076,0.0353662280831486,0.41489358246326447,89.60346078789028,0.29263758659362793,-0.12739339470863342,0.4077911376953125,74.17598744328178,0.2037052274928717,15.427473344608497,1,233,1788682173.975879
1788682219.522750,45.544000,gate_sweep_poor_medium_r15,0.1656801849603653,0.0331836671102792,0.4745096117258072,90.33392018595971,0.2837678790092468,-0.12807172536849976,0.46811404824256897,76.21523224748215,0.1999722688813012,14.118687938477567,1,392,1788682173.9787323
1788682219.574450,45.576000,gate_sweep_poor_medium_r15,0.16049928963184357,0.03005176573060453,0.5364727526903152,90.90066657665638,0.278210312128067,-0.1272284984588623,0.5225134491920471,77.91366755926127,0.19694625783388642,12.986999017395112,1,218,1788682173.9984293
1788682219.616789,45.608000,gate_sweep_poor_medium_r15,0.15637080371379852,0.027126514352858067,0.5843414813280106,91.04389103006528,0.2692644000053406,-0.12503430247306824,0.5801042318344116,79.37379128040298,0.18951472909523887,11.670099749662295,1,379,1788682174.0087712
1788682219.673510,45.640000,gate_sweep_poor_medium_r15,0.149053156375885,0.021337422542273998,0.6668206602334976,91.14582513845112,0.26132041215896606,-0.12849362194538116,0.6446324586868286,80.73096054454714,0.18853539429295776,10.414864593903967,1,216,1788682174.0334861
1788682219.715506,45.676000,gate_sweep_poor_medium_r15,0.14289958775043488,0.015919923782348633,0.7352593690156937,90.98246119779216,0.2499179095029831,-0.13622350990772247,0.7209728956222534,81.99249223887172,0.18656004107996565,8.989968958920445,1,364,1788682174.0394824
1788682219.772740,45.708000,gate_sweep_poor_medium_r15,0.13644414395093918,0.009922100231051445,0.8060906678438187,90.71939992252004,0.23409993946552277,-0.15039744973182678,0.7841890454292297,82.86674304294031,0.18899389821440585,7.852656879579714,1,215,1788682174.064716
1788682219.812272,45.740000,gate_sweep_poor_medium_r15,0.12977027893066406,0.0034062787890434265,0.879438117146492,90.31497228412172,0.21656209230422974,-0.16281263530254364,0.8508573770523071,83.57712991953326,0.18967974318516356,6.737842364588451,1,372,1788682174.0722456
1788682219.865729,45.772000,gate_sweep_poor_medium_r15,0.12106981128454208,-0.005282461643218994,0.9751898795366287,89.75424932871704,0.19744662940502167,-0.1819683015346527,0.9252223968505859,84.23292637533892,0.1988669245760344,5.521322953378122,1,239,1788682174.093712
1788682219.906285,45.808000,gate_sweep_poor_medium_r15,0.1156817376613617,-0.010724175721406937,1.0346499234437943,89.37339246728382,0.17720302939414978,-0.21038822829723358,1.0160282850265503,84.8940442831407,0.20975549729343415,4.479348184143129,1,361,1788682174.0982654
1788682219.962701,45.840000,gate_sweep_poor_medium_r15,0.10829683393239975,-0.018200531601905823,1.1159518510103226,88.85549766424663,0.1678198128938675,-0.22979053854942322,1.0976417064666748,85.49377367565228,0.2205642252445012,3.361723988594358,1,232,1788682174.1226745
1788682220.002051,45.872000,gate_sweep_poor_medium_r15,0.10079406201839447,-0.025890372693538666,1.1991256028413773,88.36534736201519,0.15999066829681396,-0.24562162160873413,1.1750609874725342,85.96627301785156,0.22883436292996767,2.399074344163617,1,349,1788682174.13003
1788682220.047137,45.904000,gate_sweep_poor_medium_r15,0.09134124964475632,-0.035704605281353,1.3051818162202835,87.77057773408137,0.14910908043384552,-0.27781596779823303,1.2627705335617065,86.24665904694032,0.2524950514972574,1.523918687141044,1,237,1788682174.1431177
1788682220.098305,45.940000,gate_sweep_poor_medium_r15,0.08375988155603409,-0.043675683438777924,1.3912030011415482,87.36249468346976,0.13394105434417725,-0.31446439027786255,1.35639226436615,86.39582430408056,0.2775904559757472,0.9666703793891993,1,164,1788682174.1582859
1788682220.138217,45.972000,gate_sweep_poor_medium_r15,0.0780697874724865,-0.049689628183841705,1.456219032406807,87.07800265905924,0.10746529698371887,-0.3390154242515564,1.4318125247955322,86.4386514597193,0.29183760872002257,0.6393511993399436,1,329,1788682174.166198
1788682220.181774,46.004000,gate_sweep_poor_medium_r15,0.06859221681952477,-0.0597330704331398,1.5652441531419754,86.69659335781972,0.07349656522274017,-0.3595588803291321,1.5097664594650269,86.40729692085232,0.30495465795550847,0.28929643696739754,1,209,1788682174.1777506
1788682220.235816,46.036000,gate_sweep_poor_medium_r15,0.06107964739203453,-0.06773391366004944,1.6528683453798294,86.45703788319595,0.05528227612376213,-0.3685041069984436,1.5843302011489868,86.5177347858292,0.30853491849229153,0.06069690263326391,1,155,1788682174.1997838
1788682220.274298,46.072000,gate_sweep_poor_medium_r15,0.05365954339504242,-0.07562221586704254,1.7407594472169876,86.29727903702833,0.04315973073244095,-0.37178221344947815,1.671684980392456,86.69546069531404,0.30428978326764655,0.39818165828570895,1,354,1788682174.2022722
1788682220.325807,46.104000,gate_sweep_poor_medium_r15,0.04460498318076134,-0.08529838174581528,1.8508423119783401,86.18295041955547,0.02897471748292446,-0.3758012354373932,1.7494441270828247,86.84833198245893,0.3080873335741676,0.6653815629034624,1,216,1788682174.2217922
1788682220.369986,46.136000,gate_sweep_poor_medium_r15,0.03760595805943012,-0.09282375127077103,1.9390273839235306,86.1711095407732,0.01630968600511551,-0.3758735656738281,1.834847092628479,86.9865632173192,0.30236445183145827,0.8154536765459997,1,368,1788682174.2339652
1788682220.428810,46.168000,gate_sweep_poor_medium_r15,0.03253099508583546,-0.09834372997283936,2.005204513669014,86.2046901877169,-0.0016128476709127426,-0.3723223805427551,1.9108524322509766,87.09675037803406,0.2917746017634597,0.8920601903171644,1,211,1788682174.2607932
1788682220.471724,46.204000,gate_sweep_poor_medium_r15,0.024471065029501915,-0.1073087751865387,2.1155219823122025,86.33590126835595,-0.0002426360733807087,-0.3875114917755127,1.9980413913726807,87.39598314598493,0.3048376923110768,1.0600818776289767,1,394,1788682174.2677066
1788682220.518883,46.236000,gate_sweep_poor_medium_r15,0.01836893055588007,-0.11418421566486359,2.2036948949098587,86.49962710062205,-0.011451289057731628,-0.37953636050224304,2.155548334121704,87.61465162963718,0.2713283943551229,1.1150245290151213,1,269,1788682174.2828486
1788682220.577007,46.268000,gate_sweep_poor_medium_r15,0.012561432085931301,-0.12076009809970856,2.291499689221382,86.70819927942543,-0.033884335309267044,-0.3671192526817322,2.288003921508789,87.7098570837964,0.25072347865167854,1.001657804370957,1,188,1788682174.3089857
1788682220.619949,46.300000,gate_sweep_poor_medium_r15,0.005841068923473358,-0.12843742966651917,2.4000705033540726,87.02230652461235,-0.030977381393313408,-0.3270636796951294,2.4031028747558594,87.9609693977637,0.20203262301043376,0.9386628731513611,1,385,1788682174.319929
1788682220.675356,46.336000,gate_sweep_poor_medium_r15,-0.0002479255199432373,-0.13553035259246826,2.5065673142671585,87.38077272671094,-0.04365653544664383,-0.30652591586112976,2.4312076568603516,88.26687466580987,0.19184073612714944,0.8861019390989193,1,195,1788682174.3393412
1788682220.712984,46.368000,gate_sweep_poor_medium_r15,-0.0024819988757371902,-0.13817961513996124,2.5484238415956497,87.5340843498698,-0.03460455685853958,-0.3279726207256317,2.429941177368164,88.67598692637377,0.22603403598361896,1.1419025765039645,1,384,1788682174.344964
1788682220.762723,46.400000,gate_sweep_poor_medium_r15,-0.0066054705530405045,-0.1431194394826889,2.630643919110298,87.85360579852045,-0.02406201884150505,-0.3401472270488739,2.4344215393066406,89.14324042946474,0.27861784308831344,1.2896346309442899,1,243,1788682174.3627057
1788682220.823396,46.432000,gate_sweep_poor_medium_r15,-0.011168144643306732,-0.1485341638326645,2.7302420884370804,88.26891277801758,-0.013563448563218117,-0.3433355987071991,2.465052604675293,89.64230804414008,0.3290574399825805,1.3733952661224995,1,176,1788682174.3913753
1788682220.864654,46.468000,gate_sweep_poor_medium_r15,-0.01444774866104126,-0.1522398591041565,2.8071628361940384,88.60689399238042,-0.008349084295332432,-0.3388139009475708,2.4816582202911377,90.0475069814684,0.3752336895468324,1.4406129890879937,1,383,1788682174.3966362
1788682220.910227,46.500000,gate_sweep_poor_medium_r15,-0.017403654754161835,-0.15539482235908508,2.8814731389284134,88.9457474378526,-0.01489090546965599,-0.3482630252838135,2.4969849586486816,90.29746766205,0.43015766688878215,1.3517202241973882,1,230,1788682174.4102027
1788682220.969012,46.532000,gate_sweep_poor_medium_r15,-0.020714525133371353,-0.15867631137371063,2.9706598073244095,89.36472360936669,-0.020855240523815155,-0.36123019456863403,2.5443787574768066,90.51614128111974,0.4719572320214388,1.1514176717530433,1,168,1788682174.43699
1788682221.007178,46.564000,gate_sweep_poor_medium_r15,-0.022509083151817322,-0.1602705419063568,3.022102430462837,89.61166996992976,-0.022521696984767914,-0.32940474152565,2.555022954940796,90.66289381807128,0.49675911073065676,1.0512238481415197,1,404,1788682174.443156
1788682221.069244,46.600000,gate_sweep_poor_medium_r15,-0.02519208937883377,-0.16229964792728424,3.1042681485414505,90.00991176320687,-0.03344956785440445,-0.33391621708869934,2.5736289024353027,90.89837380707004,0.5577619942857438,0.8884620438631777,1,223,1788682174.4692261
1788682221.105129,46.632000,gate_sweep_poor_medium_r15,-0.02663988620042801,-0.16315743327140808,3.1514840871095657,90.23917523516309,-0.060352206230163574,-0.31796830892562866,2.6408462524414062,91.08652319384153,0.5346530893366281,0.8473479586784322,1,407,1788682174.4731
1788682221.158922,46.664000,gate_sweep_poor_medium_r15,-0.02873390167951584,-0.16396783292293549,3.2267301827669144,90.6034949491747,-0.06293491274118423,-0.3151840269565582,2.726646900177002,91.41928463504914,0.5235640705983908,0.815789685874432,1,277,1788682174.4949038
1788682221.213289,46.696000,gate_sweep_poor_medium_r15,-0.030473772436380386,-0.16413724422454834,3.2978957444429398,90.94182386834179,-0.06288609653711319,-0.2910866141319275,2.846825361251831,91.78881718814019,0.46971394685027734,0.8469933197984031,1,205,1788682174.517272
1788682221.258459,46.732000,gate_sweep_poor_medium_r15,-0.031084619462490082,-0.16403691470623016,3.325219228863716,91.06910425951295,-0.06431322544813156,-0.25609928369522095,2.9632556438446045,92.1193148652234,0.3749630074013992,1.0502106057104585,1,397,1788682174.5264347
1788682221.313687,46.764000,gate_sweep_poor_medium_r15,-0.03241507336497307,-0.16337327659130096,3.3907554894685745,91.36684438169091,-0.07972148805856705,-0.24711327254772186,3.015157699584961,92.24160823867503,0.3877163699915169,0.8747638569841116,1,226,1788682174.549663
1788682221.353165,46.796000,gate_sweep_poor_medium_r15,-0.03328188881278038,-0.16247764229774475,3.4405864030122757,91.58263179708369,-0.08682151883840561,-0.22753827273845673,3.060605525970459,92.47778834246303,0.38921054011176515,0.8951565453793306,1,409,1788682174.55715
1788682221.408024,46.828000,gate_sweep_poor_medium_r15,-0.034060340374708176,-0.1608482301235199,3.4995547086000443,91.82521517626371,-0.09297195822000504,-0.20729856193065643,3.107116222381592,92.70706456173137,0.39954496306119774,0.8818493854676599,1,227,1788682174.5800083
1788682221.448446,46.864000,gate_sweep_poor_medium_r15,-0.03449178487062454,-0.1591223031282425,3.544231489300728,91.99770406573188,-0.09359163045883179,-0.19109003245830536,3.1636717319488525,93.00726037195132,0.3864459294426431,1.009556306219442,1,405,1788682174.5844257
1788682221.498757,46.896000,gate_sweep_poor_medium_r15,-0.03475096821784973,-0.15704531967639923,3.586794689297676,92.14967415881044,-0.09783931821584702,-0.17961901426315308,3.2034084796905518,93.17800900475025,0.38919750424390404,1.028334845939815,1,240,1788682174.6027381
1788682221.555850,46.928000,gate_sweep_poor_medium_r15,-0.03482653945684433,-0.1552867740392685,3.6174352914094925,92.25107121942918,-0.11237668991088867,-0.16674740612506866,3.2428903579711914,93.21195136175277,0.38266078854195706,0.9608801423235857,1,173,1788682174.627831
1788682221.598797,46.960000,gate_sweep_poor_medium_r15,-0.0347684845328331,-0.1519835889339447,3.6661794930696487,92.39492157584536,-0.11750607192516327,-0.14423774182796478,3.2862753868103027,93.26061563937705,0.38888640560915105,0.8656940635316874,1,374,1788682174.638778
1788682221.655824,46.996000,gate_sweep_poor_medium_r15,-0.03468676656484604,-0.1490570306777954,3.7032955437898636,92.48946601400225,-0.12137553095817566,-0.12868277728557587,3.3235409259796143,93.3903846243652,0.39005592140299716,0.9009186103629455,1,218,1788682174.6598039
1788682221.695678,47.028000,gate_sweep_poor_medium_r15,-0.03463413938879967,-0.1458539068698883,3.738853767514229,92.56730123883803,-0.12849314510822296,-0.10730628669261932,3.3627493381500244,93.4761441904953,0.38955098994014065,0.9088429516572858,1,382,1788682174.6676593
1788682221.740425,47.060000,gate_sweep_poor_medium_r15,-0.034580033272504807,-0.14238443970680237,3.773000791668892,92.62750865056817,-0.1314898133277893,-0.08605724573135376,3.4147210121154785,93.617454531023,0.3754046599182726,0.9899458804548369,1,234,1788682174.6804035
1788682221.799558,47.092000,gate_sweep_poor_medium_r15,-0.03453965485095978,-0.13761550188064575,3.813648298382759,92.6807310329288,-0.1394539773464203,-0.07003645598888397,3.4702847003936768,93.65285900196979,0.3653388877909529,0.9721279690409849,1,172,1788682174.7075348
1788682221.835846,47.128000,gate_sweep_poor_medium_r15,-0.034501269459724426,-0.13454368710517883,3.8370261937379837,92.70292697617637,-0.13081902265548706,-0.04822015017271042,3.5228219032287598,93.80099692136613,0.33978404727652517,1.0980699451897655,1,357,1788682174.7078142
1788682221.890745,47.160000,gate_sweep_poor_medium_r15,-0.0344182513654232,-0.13018645346164703,3.8670459538698196,92.72054644622736,-0.15408043563365936,-0.031525515019893646,3.559974431991577,93.67031652525209,0.3440144454331427,0.9497700790247343,1,173,1788682174.7307215
1788682221.929985,47.192000,gate_sweep_poor_medium_r15,-0.03432852029800415,-0.12559577822685242,3.8958211690187454,92.72532653074089,-0.1626659780740738,-0.017470501363277435,3.5883002281188965,93.61274055947372,0.35032942733544037,0.8874140287328248,1,339,1788682174.7379642
1788682221.973777,47.224000,gate_sweep_poor_medium_r15,-0.03417236730456352,-0.11969651281833649,3.930110529065132,92.71647524179971,-0.16324464976787567,-0.0075738802552223206,3.6222822666168213,93.63389306530846,0.35212125467673533,0.9174178235087438,1,215,1788682174.749759
1788682222.031739,47.260000,gate_sweep_poor_medium_r15,-0.033950094133615494,-0.11375431716442108,3.962721422314644,92.69052304493931,-0.16758176684379578,0.007617982104420662,3.666365623474121,93.62192851137365,0.34700924841786335,0.9314054664343504,1,154,1788682174.7717125
1788682222.069818,47.292000,gate_sweep_poor_medium_r15,-0.033848341554403305,-0.11138959228992462,3.975330427289009,92.67585462876472,-0.15239179134368896,0.02133212611079216,3.692599296569824,93.73573893272723,0.3340725913644112,1.0598843039625037,1,335,1788682174.7777991
1788682222.121258,47.324000,gate_sweep_poor_medium_r15,-0.03355284407734871,-0.10551992058753967,4.005869939923286,92.6290306870905,-0.1539151817560196,0.02893899753689766,3.714545726776123,93.69572758110385,0.34268949525843717,1.0666968940133486,1,182,1788682174.797243
1788682222.160677,47.356000,gate_sweep_poor_medium_r15,-0.033169593662023544,-0.0988745391368866,4.041616275906563,92.55665103046493,-0.15870939195156097,0.04181423410773277,3.742323637008667,93.62962777013841,0.3537367037361545,1.0729767396734695,1,323,1788682174.8046484
1788682222.216782,47.392000,gate_sweep_poor_medium_r15,-0.03298523649573326,-0.09540501236915588,4.058317020535469,92.51758556447685,-0.16643835604190826,0.056712642312049866,3.7809650897979736,93.52985071998711,0.3433272629229038,1.01226515551027,1,163,1788682174.8247595
1788682222.259686,47.424000,gate_sweep_poor_medium_r15,-0.03270934894680977,-0.08963261544704437,4.085163906216621,92.44601877585423,-0.17809686064720154,0.07945167273283005,3.8134379386901855,93.4036737191438,0.35151390654695874,0.9576549432895712,1,327,1788682174.835664
1788682222.302920,47.456000,gate_sweep_poor_medium_r15,-0.03248964995145798,-0.08497828990221024,4.105843856930733,92.3840663426904,-0.1844932585954666,0.09575630724430084,3.8484511375427246,93.31668850441953,0.3493151923985936,0.9326221617291238,1,196,1788682174.8469024
1788682222.352611,47.488000,gate_sweep_poor_medium_r15,-0.03231079503893852,-0.0802980288863182,4.12585623562336,92.3207569260932,-0.18693476915359497,0.10849615931510925,3.88122820854187,93.26114395870357,0.3455353679486775,0.9403870326103758,1,155,1788682174.8645916
1788682222.404129,47.524000,gate_sweep_poor_medium_r15,-0.03230476751923561,-0.07418911159038544,4.149428203701973,92.24302326356138,-0.18962836265563965,0.118052639067173,3.906193256378174,93.17869989043045,0.34766484418493826,0.9356766268690778,1,132,1788682174.8801007
1788682222.441913,47.556000,gate_sweep_poor_medium_r15,-0.032351188361644745,-0.06938312202692032,4.1678479462862015,92.18204490451924,-0.18797242641448975,0.12447861582040787,3.8899829387664795,93.11426450989985,0.3728395171360214,0.9322196053806091,1,301,1788682174.8858979
1788682222.491999,47.588000,gate_sweep_poor_medium_r15,-0.03239351138472557,-0.0658026710152626,4.1814282685518265,92.13791374194119,-0.18729329109191895,0.13204114139080048,3.872931718826294,93.03827383600677,0.3978771632718576,0.9003600940655725,1,166,1788682174.9039729
1788682222.546165,47.620000,gate_sweep_poor_medium_r15,-0.032454509288072586,-0.059826210141181946,4.20348484814167,92.06725855252832,-0.19202905893325806,0.13979417085647583,3.863605499267578,92.91930971088001,0.4252414669281332,0.8520511583516918,1,121,1788682174.9261441
1788682222.586638,47.656000,gate_sweep_poor_medium_r15,-0.03248247876763344,-0.05502121150493622,4.220685318112373,92.01344984250927,-0.19603151082992554,0.15405236184597015,3.846713066101074,92.87251602614286,0.45860145032111715,0.859066183633593,1,282,1788682174.9306214
1788682222.634969,47.688000,gate_sweep_poor_medium_r15,-0.032452523708343506,-0.050196871161460876,4.237522438168526,91.96402039962408,-0.19164323806762695,0.16367372870445251,3.8430378437042236,92.871011298006,0.47613066724890707,0.9069908983819187,1,182,1788682174.946948
1788682222.683661,47.720000,gate_sweep_poor_medium_r15,-0.032318729907274246,-0.04540941119194031,4.2539404183626175,91.91913084022723,-0.18785984814167023,0.16661657392978668,3.854480504989624,92.86817475701672,0.4782429092212498,0.9490439167894917,1,144,1788682174.9636433
1788682222.738419,47.752000,gate_sweep_poor_medium_r15,-0.03199867159128189,-0.03948606550693512,4.273911789059639,91.86919724057024,-0.19195447862148285,0.17397254705429077,3.88210129737854,92.78211709170002,0.47398934679023214,0.9129198511297624,1,119,1788682174.9863968
1788682222.784547,47.788000,gate_sweep_poor_medium_r15,-0.03173571079969406,-0.03599113970994949,4.285604789853096,91.84187652159721,-0.20073029398918152,0.1873561143875122,3.8967642784118652,92.72712553239607,0.4792077925056547,0.8852490107988618,1,252,1788682174.996533
1788682222.829622,47.820000,gate_sweep_poor_medium_r15,-0.03130285069346428,-0.03143666684627533,4.300896003842354,91.80869499160467,-0.20181487500667572,0.20287849009037018,3.914788246154785,92.72823045569706,0.48275992351494573,0.9195354640923917,1,152,1788682175.0095966
1788682222.884810,47.852000,gate_sweep_poor_medium_r15,-0.03067760169506073,-0.025878306478261948,4.319569900631905,91.77543729880936,-0.20530247688293457,0.22189798951148987,3.9333057403564453,92.65570922818902,0.49100605027034777,0.8802719293796666,1,108,1788682175.0327902
1788682222.924757,47.884000,gate_sweep_poor_medium_r15,-0.03015000745654106,-0.021574676036834717,4.334125831723213,91.75404471648629,-0.2671770751476288,0.26135775446891785,3.886289358139038,92.45811082923562,0.5803361940482754,0.7040661127493311,1,228,1788682175.0407293
1788682222.972842,47.920000,gate_sweep_poor_medium_r15,-0.029632307589054108,-0.01741602271795273,4.348355606198311,91.73841527924675,-0.2694312334060669,0.2871410846710205,3.8715484142303467,92.50218711441295,0.6144946336596495,0.7637718351661965,1,133,1788682175.052824
1788682223.026511,47.952000,gate_sweep_poor_medium_r15,-0.029262732714414597,-0.014382682740688324,4.35882742702961,91.72912586322495,-0.2687954604625702,0.2945205271244049,3.8764710426330566,92.46038778837548,0.620858117685148,0.7312619251505392,1,103,1788682175.0744917
1788682223.066724,47.984000,gate_sweep_poor_medium_r15,-0.028644170612096786,-0.00947422906756401,4.375907257199287,91.72132172881933,-0.34773024916648865,0.33478736877441406,3.86773419380188,92.39114628500293,0.6917888663737202,0.6698245561835975,1,215,1788682175.082705
1788682223.114880,48.016000,gate_sweep_poor_medium_r15,-0.028155557811260223,-0.0056907013058662415,4.389176681637764,91.72184283005996,-0.35759779810905457,0.35537829995155334,3.871250629425049,92.3954617751552,0.7121449353341693,0.6736189450952486,1,140,1788682175.098847
1788682223.163159,48.052000,gate_sweep_poor_medium_r15,-0.027673587203025818,-0.002023041248321533,4.402126148343086,91.72783287558562,-0.35939860343933105,0.36475670337677,3.875048875808716,92.39892143898437,0.7227581329092709,0.6710885633987601,1,118,1788682175.1111422
1788682223.211722,48.084000,gate_sweep_poor_medium_r15,-0.02703477442264557,0.0023385342210531235,4.4179418832063675,91.74182100227753,-0.36085081100463867,0.3688395321369171,3.88604998588562,92.38151677340844,0.7270936103337032,0.6396957711309031,1,103,1788682175.1276972
1788682223.267263,48.116000,gate_sweep_poor_medium_r15,-0.02647395059466362,0.0056755077093839645,4.4303015023469925,91.7579230821766,-0.37312179803848267,0.37155216932296753,3.90022611618042,92.25122014106883,0.7314440352279694,0.4932970588922229,1,91,1788682175.1512341
1788682223.311587,48.148000,gate_sweep_poor_medium_r15,-0.026027612388134003,0.00809195265173912,4.439370945096016,91.77299702386152,-0.41429466009140015,0.3678337037563324,3.909428834915161,92.55052860571996,0.7490020480365502,0.7775315818584446,1,195,1788682175.163566
1788682223.365315,48.184000,gate_sweep_poor_medium_r15,-0.02521616220474243,0.011945158243179321,4.454136684536934,91.80251268039476,-0.5673475861549377,0.44649872183799744,3.876384735107422,92.35467986717288,0.9036263583676737,0.552167186778122,1,88,1788682175.181286
1788682223.401015,48.216000,gate_sweep_poor_medium_r15,-0.024490810930728912,0.014850165694952011,4.46564944088459,91.82969774137018,-0.532511830329895,0.524709939956665,3.8642468452453613,92.64716982273313,0.9379378591373602,0.8174720813629563,1,198,1788682175.1849926
1788682223.448426,48.248000,gate_sweep_poor_medium_r15,-0.02368972823023796,0.017564553767442703,4.476874187588692,91.85905436655241,-0.5323674082756042,0.5649218559265137,3.8572070598602295,92.71163293729059,0.9707421632907653,0.8525785707381726,1,101,1788682175.2004073
1788682223.501025,48.280000,gate_sweep_poor_medium_r15,-0.02260366454720497,0.020722397603094578,4.490520313382149,91.89844723423532,-0.5662274956703186,0.613055944442749,3.856948137283325,92.53088826266162,1.0236208296059706,0.6324410284263038,1,91,1788682175.2209969
1788682223.543627,48.316000,gate_sweep_poor_medium_r15,-0.021626170724630356,0.023035150952637196,4.501166179776192,91.93295569412896,-0.5675294995307922,0.6420021653175354,3.8568789958953857,92.62448668853717,1.0470131730720984,0.6915309944082216,1,192,1788682175.2276049
1788682223.589634,48.348000,gate_sweep_poor_medium_r15,-0.0208219476044178,0.024679640773683786,4.509025886654854,91.95938442597652,-0.5509323477745056,0.6539943218231201,3.8502769470214844,92.71273334017285,1.0540418253660206,0.7533489141963213,1,107,1788682175.2416081
1788682223.635502,48.380000,gate_sweep_poor_medium_r15,-0.01967455819249153,0.026736211962997913,4.519332721829414,91.99616031363797,-0.5509323477745056,0.6539943218231201,3.8502769470214844,92.71275021262839,1.0598694283640322,0.7165898989904262,1,87,1788682175.255476
1788682223.688751,48.412000,gate_sweep_poor_medium_r15,-0.018057264387607574,0.02907323301769793,4.531944587826729,92.04261396714952,-0.560596227645874,0.641685426235199,3.8660693168640137,92.61597661541241,1.055003366066564,0.573362648262883,1,81,1788682175.2767313
1788682223.730941,48.448000,gate_sweep_poor_medium_r15,-0.016607310622930527,0.03075364913092926,4.54180271923542,92.0812369038779,-0.5580757260322571,0.6594414114952087,3.8167455196380615,92.69694741968016,1.10188215800078,0.6157105158022655,1,176,1788682175.2829254
1788682223.776645,48.480000,gate_sweep_poor_medium_r15,-0.015089791268110275,0.032250235497485846,4.551450088620186,92.11994698593206,-0.5580757260322571,0.6594414114952087,3.8167455196380615,92.69697059874824,1.1081485912477216,0.5770236128161711,1,112,1788682175.2966201
1788682223.822809,48.512000,gate_sweep_poor_medium_r15,-0.013902181759476662,0.03326155582908541,4.558543995022774,92.14860798760868,-0.5580757260322571,0.6594414114952087,3.8167455196380615,92.69697034353308,1.1128751214810808,0.5483623559244019,1,92,1788682175.3107908
1788682223.869018,48.544000,gate_sweep_poor_medium_r15,-0.011868009343743324,0.034759781789034605,4.570118740200996,92.19487267214241,-0.5580757260322571,0.6594414114952087,3.8167455196380615,92.69695826684716,1.1207770597776392,0.5020855947047651,1,83,1788682175.324997
1788682223.915087,48.580000,gate_sweep_poor_medium_r15,-0.01018793135881424,0.03581481846049428,4.579164817929268,92.23191758346104,-0.542198121547699,0.6307425498962402,3.8252944946289062,92.87961498676044,1.097858967467629,0.6476974032994105,1,77,1788682175.3350635
1788682223.977607,48.612000,gate_sweep_poor_medium_r15,-0.008476760238409042,0.036765624303370714,4.588023021817207,92.26999637303179,-0.5501378178596497,0.5966601371765137,3.825143814086914,92.74859455789026,1.090350059602885,0.47859818485846795,1,74,1788682175.365586
1788682224.018281,48.644000,gate_sweep_poor_medium_r15,-0.006313621997833252,0.03783666808158159,4.598791912198067,92.31648854145772,-0.6604398488998413,0.7788760662078857,3.741685628890991,92.81670532530497,1.3083010705418388,0.500216783847252,1,164,1788682175.3742561
1788682224.065473,48.676000,gate_sweep_poor_medium_r15,-0.004575299099087715,0.03857438871636987,4.607165172696114,92.35332314944694,-0.6604398488998413,0.7788760662078857,3.741685628890991,92.81670711892356,1.3142525336202402,0.46338396947661725,1,94,1788682175.389456
1788682224.111440,48.712000,gate_sweep_poor_medium_r15,-0.0032472219318151474,0.039044289849698544,4.613271549344063,92.37990341106907,-0.6604398488998413,0.7788760662078857,3.741685628890991,92.81670162204135,1.318679348053375,0.43679821097229465,1,65,1788682175.3994184
1788682224.166379,48.744000,gate_sweep_poor_medium_r15,-0.0009331703186035156,0.039718092419207096,4.623130634427071,92.42399531415286,-0.664893388748169,0.7847387790679932,3.7278494834899902,92.74238109983625,1.3406816678148799,0.31838578568339654,1,61,1788682175.4223576
1788682224.210823,48.776000,gate_sweep_poor_medium_r15,0.0010179318487644196,0.040171814151108265,4.6307338029146194,92.45920958690884,-0.8139251470565796,0.930158257484436,3.6916463375091553,92.8697353551606,1.5290825219243358,0.4105257682517644,1,171,1788682175.4347987
1788682224.256417,48.808000,gate_sweep_poor_medium_r15,0.0030657462775707245,0.040525718592107296,4.6381028443574905,92.49183370982819,-0.8449395895004272,0.971449077129364,3.6783885955810547,92.84365782415448,1.5832822831961328,0.35182411432628713,1,107,1788682175.4483974
1788682224.299429,48.844000,gate_sweep_poor_medium_r15,0.0057191140949726105,0.04079821798950434,4.646977737545967,92.5301660100537,-0.8449395895004272,0.971449077129364,3.6783885955810547,92.84368717643841,1.5899359035988498,0.3135211663846979,1,79,1788682175.4553983
1788682224.358102,48.876000,gate_sweep_poor_medium_r15,0.007936270907521248,0.04093015845865011,4.653782680630684,92.55869504610999,-0.8531322479248047,0.9662901759147644,3.6984987258911133,92.74245638436685,1.584391867630401,0.18376133825686328,1,65,1788682175.4820774
1788682224.405747,48.908000,gate_sweep_poor_medium_r15,0.009618279058486223,0.04102155100554228,4.658747985959053,92.57921937099083,-0.9391374588012695,1.0149651765823364,3.678921699523926,92.93064172376744,1.6759365105852704,0.35142235277661976,1,173,1788682175.497729
1788682224.455167,48.940000,gate_sweep_poor_medium_r15,0.012451654765754938,0.041169759817421436,4.666767433285713,92.61150764686934,-1.0482430458068848,1.0981838703155518,3.6586110591888428,92.81403318030362,1.8051956548383292,0.20252553343429533,1,89,1788682175.5151505
1788682224.514996,48.976000,gate_sweep_poor_medium_r15,0.014671036740764976,0.0412687323987484,4.672981575131416,92.63620920460525,-1.0670416355133057,1.10932195186615,3.7069478034973145,92.60606080392908,1.801127766946957,0.03014840067616271,1,72,1788682175.5389614
1788682224.555564,49.008000,gate_sweep_poor_medium_r15,0.01683687453623861,0.04133800696581602,4.679032161831856,92.66038896532642,-1.2424743175506592,1.2680070400238037,3.6795406341552734,92.89730748576177,2.0222672694468478,0.2369185204353579,1,181,1788682175.547544
1788682224.615176,49.040000,gate_sweep_poor_medium_r15,0.01893153297714889,0.041396861895918846,4.6849115639925,92.68187180471753,-1.300649642944336,1.3609310388565063,3.63249135017395,92.6827435858254,2.142440951454034,0.0008717811078786042,1,104,1788682175.5751536
1788682224.653175,49.072000,gate_sweep_poor_medium_r15,0.021482680924236774,0.04148072935640812,4.692012622952461,92.70828773379534,-1.2582461833953857,1.3633134365081787,3.6185269355773926,92.83311240587503,2.130098399808819,0.12482467207968528,1,186,1788682175.5811522
1788682224.703238,49.108000,gate_sweep_poor_medium_r15,0.02291254047304392,0.04155209939926863,4.696129158139229,92.72312483920545,-1.2582461833953857,1.3633134365081787,3.6185269355773926,92.83310642288885,2.1329902151886038,0.10998158368339246,1,116,1788682175.5952218
1788682224.749044,49.140000,gate_sweep_poor_medium_r15,0.024701517075300217,0.04163180012255907,4.701511695981026,92.74176107812136,-1.2582461833953857,1.3633134365081787,3.6185269355773926,92.8331250327232,2.13673890341532,0.09136395460185004,1,89,1788682175.6090271
1788682224.801173,49.172000,gate_sweep_poor_medium_r15,0.026380622759461403,0.041710393503308296,4.706820324063301,92.7581990550934,-1.2582461833953857,1.3633134365081787,3.6185269355773926,92.83310109464193,2.1403932194326996,0.07490203954853308,1,82,1788682175.6291544
1788682224.854764,49.204000,gate_sweep_poor_medium_r15,0.028347864747047424,0.0418480122461915,4.71322138607502,92.77816501989386,-1.2560797929763794,1.3395206928253174,3.6344621181488037,92.7793565133498,2.1207145852242846,0.0011914934559363838,1,73,1788682175.6507432
1788682224.897725,49.240000,gate_sweep_poor_medium_r15,0.02980686817318201,0.04201296344399452,4.71818907558918,92.79204460744972,-1.2213196754455566,1.3100179433822632,3.6162478923797607,92.88922087385966,2.0946189697767457,0.09717626640993707,1,209,1788682175.657706
1788682224.947324,49.272000,gate_sweep_poor_medium_r15,0.030844800174236298,0.042150638066232204,4.721842601895332,92.80227187763889,-1.2213196754455566,1.3100179433822632,3.6162478923797607,92.88921496927816,2.0970796455076153,0.08694309163926688,1,109,1788682175.6753006
1788682224.999216,49.304000,gate_sweep_poor_medium_r15,0.032408710569143295,0.042374247685074806,4.7278478890657425,92.8178029759532,-1.2213196754455566,1.3100179433822632,3.6162478923797607,92.88922246863143,2.1010497275819353,0.07141949267822105,1,92,1788682175.6951964
1788682225.048147,49.336000,gate_sweep_poor_medium_r15,0.033528976142406464,0.04255841765552759,4.732584789395332,92.82831954118424,-1.206663727760315,1.2992345094680786,3.590763568878174,92.95623364857063,2.1026336918660142,0.1279141073863914,1,86,1788682175.7121212
1788682225.108689,49.372000,gate_sweep_poor_medium_r15,0.03456629998981953,0.0427785012871027,4.7372473031282425,92.83928165880182,-1.223726511001587,1.3008426427841187,3.582806348800659,92.79001582917326,2.1210280760381415,0.04926582962857125,1,81,1788682175.7366624
1788682225.153768,49.404000,gate_sweep_poor_medium_r15,0.03571000695228577,0.043094389140605927,4.742900684475899,92.85033196774089,-1.2297661304473877,1.338577389717102,3.5128281116485596,92.86859293419903,2.1892429270258584,0.01826096645814296,1,215,1788682175.7497504
1788682225.199451,49.436000,gate_sweep_poor_medium_r15,0.03652937710285187,0.04340478125959635,4.746317699551582,92.85748340011942,-1.2278757095336914,1.3678739070892334,3.4840102195739746,92.92460121247478,2.224041110770146,0.06711781235536445,1,134,1788682175.7634254
1788682225.246979,49.468000,gate_sweep_poor_medium_r15,0.037061190232634544,0.043676829896867275,4.74759466946125,92.86088108423478,-1.2278757095336914,1.3678739070892334,3.4840102195739746,92.92458752548808,2.2249064972785213,0.0637064412533061,1,113,1788682175.7789564
1788682225.292483,49.504000,gate_sweep_poor_medium_r15,0.03779945336282253,0.04418035037815571,4.747134521603584,92.85896580043917,-1.2278757095336914,1.3678739070892334,3.4840102195739746,92.92458920967269,2.2247654376201838,0.06562340923351451,1,110,1788682175.7884605
1788682225.337651,49.536000,gate_sweep_poor_medium_r15,0.03826327249407768,0.044643549248576164,4.744611099362373,92.85117880057908,-1.2278757095336914,1.3678739070892334,3.4840102195739746,92.92458145397575,2.223322081895629,0.07340265339667827,1,93,1788682175.8016202
1788682225.383362,49.568000,gate_sweep_poor_medium_r15,0.03861650824546814,0.04513570200651884,4.740426376461983,92.83767819720548,-1.2278757095336914,1.3678739070892334,3.4840102195739746,92.92459295203203,2.220860296409895,0.08691475482655762,1,89,1788682175.81534
1788682225.438704,49.600000,gate_sweep_poor_medium_r15,0.03889683447778225,0.04574530851095915,4.7333739548921585,92.81136228070874,-1.2412537336349487,1.364283800125122,3.4893088340759277,92.74250039383232,2.2192402429072438,0.06886188687642253,1,79,1788682175.8386822
1788682225.481221,49.636000,gate_sweep_poor_medium_r15,0.03901488892734051,0.04623363073915243,4.726568058133125,92.7836082939611,-1.3351000547409058,1.416564702987671,3.445539951324463,92.70717199696057,2.3253025902914115,0.07643629700052611,1,214,1788682175.8452034
1788682225.526357,49.668000,gate_sweep_poor_medium_r15,0.03903478384017944,0.04659813456237316,4.720980480313301,92.75867703375795,-1.3440215587615967,1.441737174987793,3.418109178543091,92.68967137294766,2.3572720288304794,0.06900566081028957,1,113,1788682175.8583422
1788682225.572275,49.700000,gate_sweep_poor_medium_r15,0.03899326175451279,0.047096787951886654,4.713249042630196,92.7221080911671,-1.3440215587615967,1.441737174987793,3.418109178543091,92.68967019302117,2.352687627048358,0.032437898145924154,1,93,1788682175.8722568
1788682225.620392,49.732000,gate_sweep_poor_medium_r15,0.038843756541609764,0.04776937700808048,4.703208282589912,92.6693606510473,-1.3440215587615967,1.441737174987793,3.418109178543091,92.68963854593575,2.3466875397664233,0.02027789488844752,1,87,1788682175.8883722
1788682225.675731,49.768000,gate_sweep_poor_medium_r15,0.038697969168424606,0.04833919741213322,4.695081070065498,92.62265766225559,-1.377896785736084,1.5003658533096313,3.4023208618164062,92.3788464717661,2.4054835408067277,0.24381119048949176,1,79,1788682175.9077039
1788682225.713800,49.800000,gate_sweep_poor_medium_r15,0.03848620317876339,0.048899583518505096,4.687056377530098,92.57337490418395,-1.5608216524124146,1.5411818027496338,3.3857297897338867,92.35633434703651,2.545219583237243,0.2170405571474448,1,217,1788682175.9137683
1788682225.777150,49.832000,gate_sweep_poor_medium_r15,0.038123393431305885,0.049562279134988785,4.6773508340120316,92.50864795836564,-1.5904290676116943,1.6810764074325562,3.364673137664795,92.16553042940961,2.6527616183312195,0.3431175289560273,1,82,1788682175.9451356
1788682225.814914,49.864000,gate_sweep_poor_medium_r15,0.037871623411774635,0.04985990189015865,4.6717565804719925,92.46915457286175,-1.5921801328659058,1.7936402559280396,3.3454737663269043,92.250279548779,2.730726048941754,0.21887502408274379,1,206,1788682175.9508886
1788682225.860225,49.900000,gate_sweep_poor_medium_r15,0.037503231316804886,0.0501781590282917,4.664634063839912,92.41618048243596,-1.6023331880569458,1.8662827014923096,3.34688401222229,92.19746289729503,2.7791661321340992,0.21871758514093398,1,110,1788682175.960208
1788682225.907070,49.932000,gate_sweep_poor_medium_r15,0.03712654672563076,0.050415677949786186,4.657938316464424,92.36316502009011,-1.6023331880569458,1.8662827014923096,3.34688401222229,92.19745124351195,2.7756196889765654,0.16571377657814645,1,81,1788682175.9750545
1788682225.963647,49.964000,gate_sweep_poor_medium_r15,0.03660972602665424,0.05062795616686344,4.650149181485176,92.29793877315609,-1.621301293373108,1.8796734809875488,3.3589065074920654,91.93595124496515,2.7859260800054644,0.36198752819093477,1,74,1788682175.9996295
1788682226.003880,49.996000,gate_sweep_poor_medium_r15,0.03617371246218681,0.050755077973008156,4.644371822476387,92.24658567547351,-1.5865617990493774,1.8431708812713623,3.3209891319274902,92.00427222269056,2.7563321095032833,0.24231345278295907,1,190,1788682176.0078497
1788682226.049386,50.032000,gate_sweep_poor_medium_r15,0.03582957200706005,0.05085865966975689,4.640319183468819,92.2101081741737,-1.5865617990493774,1.8431708812713623,3.3209891319274902,92.00426528463798,2.754118487916036,0.20584288953571006,1,102,1788682176.0173662
1788682226.092719,50.064000,gate_sweep_poor_medium_r15,0.035211142152547836,0.051069071516394615,4.634067848324776,92.15366597423508,-1.5865617990493774,1.8431708812713623,3.3209891319274902,92.00427137387693,2.75062758017099,0.14939460035814206,1,83,1788682176.028704
1788682226.141079,50.096000,gate_sweep_poor_medium_r15,0.03469538502395153,0.05128157697618008,4.6294916421175,92.10986715551181,-1.5865617990493774,1.8431708812713623,3.3209891319274902,92.0042583372015,2.7480030849564945,0.10560881831030189,1,75,1788682176.0450613
1788682226.187364,50.128000,gate_sweep_poor_medium_r15,0.034162767231464386,0.0515306293964386,4.625254467129707,92.07044464756036,-1.5865617990493774,1.8431708812713623,3.3209891319274902,92.00426459513274,2.7455110592556013,0.06618005242761989,1,75,1788682176.0593457
1788682226.245512,50.164000,gate_sweep_poor_medium_r15,0.033480092883110046,0.05190509557723999,4.620549514889717,92.02534245809895,-1.6117013692855835,1.858331561088562,3.3299736976623535,91.61452697071434,2.763219962068768,0.4108154873846027,1,71,1788682176.0814884
1788682226.283299,50.196000,gate_sweep_poor_medium_r15,0.03295012749731541,0.05220215395092964,4.617106273770332,91.99376725453003,-1.6317874193191528,1.9156391620635986,3.2455227375030518,91.70469796774161,2.8504368051131856,0.28906928678843036,1,174,1788682176.0872767
1788682226.331847,50.228000,gate_sweep_poor_medium_r15,0.03255915269255638,0.05242062546312809,4.614725425839424,91.97342037466557,-1.6317874193191528,1.9156391620635986,3.2455227375030518,91.70471180389234,2.84892064274284,0.26870857077323573,1,100,1788682176.1038246
1788682226.374935,50.260000,gate_sweep_poor_medium_r15,0.031907299533486366,0.05273402854800224,4.61109621822834,91.94307086459214,-1.6317874193191528,1.9156391620635986,3.2455227375030518,91.7047236766478,2.846592100262541,0.23834718794434595,1,92,1788682176.114917
1788682226.424977,50.296000,gate_sweep_poor_medium_r15,0.031397219747304916,0.05290347896516323,4.608471229672432,91.92351505248912,-1.6317874193191528,1.9156391620635986,3.2455227375030518,91.70470091295482,2.8449245967198507,0.21881413953430937,1,87,1788682176.1289513
1788682226.472079,50.328000,gate_sweep_poor_medium_r15,0.030893396586179733,0.05294295959174633,4.606094196438789,91.90808854970194,-1.6317874193191528,1.9156391620635986,3.2455227375030518,91.70470336570294,2.8434660773698712,0.20338518399899486,1,84,1788682176.1440403
1788682226.523294,50.360000,gate_sweep_poor_medium_r15,0.030371892265975475,0.05285998247563839,4.603991821408272,91.89767343984172,-1.6317874193191528,1.9156391620635986,3.2455227375030518,91.70473919061834,2.842210073327063,0.1929342492233788,1,82,1788682176.163276
1788682226.569289,50.392000,gate_sweep_poor_medium_r15,0.029758477583527565,0.05263810604810715,4.601698234677315,91.89047845590021,-1.6317874193191528,1.9156391620635986,3.2455227375030518,91.70470394817488,2.8409012093638224,0.18577450772532314,1,82,1788682176.177269
1788682226.615381,50.428000,gate_sweep_poor_medium_r15,0.02941990550607443,0.05245511792600155,4.600515201687813,91.8883235279441,-1.6332956552505493,1.9169303178787231,3.2333812713623047,91.63277166546473,2.847796690543099,0.25555186247935874,1,80,1788682176.187363
1788682226.664450,50.460000,gate_sweep_poor_medium_r15,0.028977886773645878,0.05223838798701763,4.599164322018623,91.8887122293696,-1.6332956552505493,1.9169303178787231,3.2333812713623047,91.63280596126603,2.8470322554156278,0.2559062681035762,1,79,1788682176.2044256
1788682226.712268,50.492000,gate_sweep_poor_medium_r15,0.028527898713946342,0.05203977972269058,4.5980237275362015,91.89376785451577,-1.6332956552505493,1.9169303178787231,3.2333812713623047,91.63277686927945,2.846352626960934,0.2609909852363197,1,75,1788682176.2202487
1788682226.759503,50.524000,gate_sweep_poor_medium_r15,0.027915924787521362,0.051825620234012604,4.596801117062569,91.90245341930142,-1.6332956552505493,1.9169303178787231,3.2333812713623047,91.63281803453535,2.8455497047984037,0.26963538476607896,1,74,1788682176.2354848
1788682226.808688,50.560000,gate_sweep_poor_medium_r15,0.027417559176683426,0.05168563686311245,4.596039608120918,91.9147388599662,-1.6332956552505493,1.9169303178787231,3.2333812713623047,91.63275524059044,2.844985736935778,0.28198361937576005,1,72,1788682176.248672
1788682226.862990,50.592000,gate_sweep_poor_medium_r15,0.027004413306713104,0.051609478890895844,4.595636203885078,91.92596137644435,-1.6476926803588867,1.920655608177185,3.223444938659668,91.45982477666932,2.860218987646397,0.46613659977503014,1,72,1788682176.270972
1788682226.909750,50.624000,gate_sweep_poor_medium_r15,0.026180853135883808,0.05160597711801529,4.595257118344307,91.94785143887471,-1.6857709884643555,1.9163880348205566,3.2285571098327637,91.57891088448454,2.876814235218052,0.3689405543901682,1,163,1788682176.285727
1788682226.965461,50.656000,gate_sweep_poor_medium_r15,0.025318799540400505,0.0518034752458334,4.595165565609932,91.9688422811608,-1.7194373607635498,1.9571211338043213,3.195465087890625,91.34381056501725,2.938293869962812,0.6250317161435465,1,66,1788682176.3094432
1788682227.011691,50.692000,gate_sweep_poor_medium_r15,0.024264738894999027,0.052256232127547264,4.59523232281208,91.99743805764217,-1.6791325807571411,1.9702738523483276,3.1689274311065674,91.52822756613372,2.93508086160817,0.4692104915084448,1,215,1788682176.319669
1788682227.057737,50.724000,gate_sweep_poor_medium_r15,0.02258341107517481,0.05332772992551327,4.595544651150703,92.05743555739322,-1.6622499227523804,1.9805282354354858,3.148834705352783,91.55906810316168,2.9403630419533213,0.49836745423154044,1,118,1788682176.333718
1788682227.111677,50.756000,gate_sweep_poor_medium_r15,0.020895620342344046,0.05472772940993309,4.595931366086006,92.1337457718264,-1.6772089004516602,1.9781912565231323,3.148667097091675,91.3714544714037,2.945818183117125,0.7622913004226933,1,88,1788682176.3556473
1788682227.154054,50.788000,gate_sweep_poor_medium_r15,0.0193993397988379,0.05614355020225048,4.5962794572114944,92.21508535209023,-1.6702982187271118,1.9722776412963867,3.1216328144073486,91.45718199489484,2.949784808333524,0.7579033571953809,1,294,1788682176.3660357
1788682227.204324,50.824000,gate_sweep_poor_medium_r15,0.01642267167335376,0.059353116899728775,4.596976593136787,92.41089285495006,-1.6643564701080322,1.977839469909668,3.104888439178467,91.64019149906142,2.9549848509451784,0.7707013558886507,1,182,1788682176.380306
1788682227.262260,50.856000,gate_sweep_poor_medium_r15,0.013557640602812171,0.06281137093901634,4.597643688321114,92.63749663313472,-1.6728801727294922,1.985719919204712,3.099123477935791,91.65232864638456,2.9643232961611323,0.9851679867501577,1,124,1788682176.4062378
1788682227.303992,50.888000,gate_sweep_poor_medium_r15,0.010217108763754368,0.06714761257171631,4.598418548703194,92.94090740939473,-1.6745028495788574,1.9854742288589478,3.07627534866333,91.90196287696405,2.9724027765801773,1.0389445324306767,1,337,1788682176.4159667
1788682227.350222,50.920000,gate_sweep_poor_medium_r15,0.005335187539458275,0.07388404384255409,4.5995801240205765,93.45204646748032,-1.6706856489181519,1.9951751232147217,3.0561208724975586,92.2933886085192,2.9803811362017325,1.1586578589611172,1,202,1788682176.4302013
1788682227.404359,50.956000,gate_sweep_poor_medium_r15,0.0008450346067547798,0.08035890012979507,4.600693538784981,93.97965124258039,-1.6781673431396484,2.007739543914795,3.0390143394470215,92.6203822167457,2.99544998828349,1.3592690258346936,1,139,1788682176.4483397
1788682227.447695,50.988000,gate_sweep_poor_medium_r15,-0.002883482724428177,0.08591517060995102,4.601637676358223,94.45147462764099,-1.6868053674697876,2.020017623901367,3.009578227996826,93.13239375557411,3.0184430590735074,1.3190808720668814,1,375,1788682176.4596753
1788682227.497571,51.020000,gate_sweep_poor_medium_r15,-0.008320072665810585,0.09411988407373428,4.60303957760334,95.18467896959496,-1.6854418516159058,2.039184093475342,2.9927310943603516,93.84380821801214,3.031353765453344,1.340870751582804,1,242,1788682176.4775524
1788682227.551416,51.052000,gate_sweep_poor_medium_r15,-0.015990648418664932,0.10575802624225616,4.605046108365059,96.2742697530739,-1.6903913021087646,2.0489439964294434,2.9893264770507812,94.576748836564,3.031524235566079,1.6975209165099083,1,182,1788682176.4993947
1788682227.594779,51.088000,gate_sweep_poor_medium_r15,-0.022855091840028763,0.1161990761756897,4.606807544827461,97.28128282614409,-1.737346887588501,2.0932657718658447,2.966965913772583,95.47844434167669,3.088260904107153,1.8028384844673973,1,378,1788682176.5067608
1788682227.639645,51.120000,gate_sweep_poor_medium_r15,-0.030372776091098785,0.12760916352272034,4.608651950955391,98.402153080086,-1.7336909770965576,2.1161510944366455,2.9510481357574463,96.7265439383973,3.098909858811343,1.6756091416886996,1,236,1788682176.519626
1788682227.700571,51.152000,gate_sweep_poor_medium_r15,-0.04068729281425476,0.14315417408943176,4.611068084836006,99.94481580882359,-1.7393995523452759,2.144383192062378,2.949476480484009,97.87666595509793,3.1066746824717573,2.068149853725653,1,164,1788682176.5485556
1788682227.743649,51.184000,gate_sweep_poor_medium_r15,-0.04745245724916458,0.15317334979772568,4.612552955746651,100.93643914400488,-1.7772572040557861,2.1693928241729736,2.9322168827056885,99.0115693212381,3.143389054712675,1.9248698227667733,1,357,1788682176.559635
1788682227.799606,51.220000,gate_sweep_poor_medium_r15,-0.05705970525741577,0.16732949018478394,4.6145289689302444,102.32187491095284,-1.7810362577438354,2.2013986110687256,2.9175915718078613,100.58000875844468,3.160558316470212,1.7418661525081622,1,191,1788682176.579588
1788682227.843483,51.252000,gate_sweep_poor_medium_r15,-0.06733167171478271,0.18244309723377228,4.616479709744453,103.76217637083737,-1.7977536916732788,2.2326221466064453,2.9050498008728027,101.93607007790887,3.182229852575754,1.8261062929285112,1,384,1788682176.5914645
1788682227.908788,51.284000,gate_sweep_poor_medium_r15,-0.08094900846481323,0.2026292085647583,4.618916347622871,105.61014779240263,-1.8045265674591064,2.2485523223876953,2.9102957248687744,103.44509561438494,3.1742566723635104,2.1650521780176883,1,229,1788682176.6247568
1788682227.957011,51.316000,gate_sweep_poor_medium_r15,-0.09248372912406921,0.21981917321681976,4.620902374386787,107.10254562067803,-1.8246489763259888,2.262512445449829,2.9103405475616455,104.78490475009941,3.1778945878413674,2.3176408705786056,1,382,1788682176.6409957
1788682228.013091,51.352000,gate_sweep_poor_medium_r15,-0.10757337510585785,0.24259133636951447,4.623375251889229,108.95235873566011,-1.8382439613342285,2.281111478805542,2.912548780441284,106.45737758010321,3.1745412683662626,2.494981155556895,1,209,1788682176.6610737
1788682228.059631,51.384000,gate_sweep_poor_medium_r15,-0.11696982383728027,0.25698837637901306,4.62483437359333,110.03782240872978,-1.8570362329483032,2.3035848140716553,2.922318696975708,107.8619512528825,3.180400559052508,2.1758711558472696,1,378,1788682176.6756096
1788682228.120902,51.416000,gate_sweep_poor_medium_r15,-0.1297769546508789,0.276964008808136,4.626788452267647,111.43855214383122,-1.8692586421966553,2.3235950469970703,2.9279351234436035,109.30070597205899,3.178143763369107,2.137846171772218,1,198,1788682176.7048764
1788682228.161545,51.448000,gate_sweep_poor_medium_r15,-0.14290112257003784,0.2978920042514801,4.628821209073067,112.77034583508642,-1.8835272789001465,2.3509116172790527,2.9381253719329834,110.66261497555838,3.1785407597353883,2.107730859528035,1,381,1788682176.7135162
1788682228.219680,51.484000,gate_sweep_poor_medium_r15,-0.1596413552761078,0.3254174590110779,4.631566360592842,114.309127002926,-1.8994320631027222,2.377924919128418,2.9450111389160156,112.12854600571644,3.175551463390656,2.1805809972095584,1,216,1788682176.7356622
1788682228.261426,51.516000,gate_sweep_poor_medium_r15,-0.1732645183801651,0.3485533893108368,4.633911445736885,115.41934962695802,-1.9104026556015015,2.4056713581085205,2.9482455253601074,113.37406555824028,3.176610275192538,2.0452840687177574,1,379,1788682176.7454114
1788682228.326977,51.548000,gate_sweep_poor_medium_r15,-0.1835355907678604,0.36650362610816956,4.635751560330391,116.1728182013188,-1.9214177131652832,2.4231905937194824,2.9373769760131836,114.47863057776476,3.183499926613072,1.6941876235540432,1,211,1788682176.7789552
1788682228.377516,51.580000,gate_sweep_poor_medium_r15,-0.2006734162569046,0.3975563049316406,4.639035537838936,117.26353866585951,-1.9255987405776978,2.445722818374634,2.9363768100738525,115.54142898949311,3.173231820164898,1.7221096763663908,1,348,1788682176.797491
1788682228.433022,51.616000,gate_sweep_poor_medium_r15,-0.21433228254318237,0.42343974113464355,4.641892269253731,117.97645999549466,-1.9424006938934326,2.467332601547241,2.939105272293091,116.44022876653452,3.172255036432349,1.5362312289601558,1,185,1788682176.8170052
1788682228.477512,51.648000,gate_sweep_poor_medium_r15,-0.22791624069213867,0.45024704933166504,4.644916370511055,118.54034665135447,-1.9483654499053955,2.4968714714050293,2.930894613265991,117.24392287396289,3.1759231084551005,1.2964237773915814,1,344,1788682176.829491
1788682228.535278,51.680000,gate_sweep_poor_medium_r15,-0.24136511981487274,0.47795936465263367,4.648059204220772,118.95919171244805,-1.9591796398162842,2.52056622505188,2.9233086109161377,117.79027543963323,3.1777183827995885,1.168916272814818,1,175,1788682176.85526
1788682228.581845,51.712000,gate_sweep_poor_medium_r15,-0.25794394314289093,0.5139608681201935,4.652160480618477,119.27226038889957,-1.9569028615951538,2.545555830001831,2.919980525970459,118.33244473318594,3.1645358097224534,0.939815655713635,1,317,1788682176.86981
1788682228.644953,51.748000,gate_sweep_poor_medium_r15,-0.26774851977825165,0.5363356471061707,4.654703930020332,119.35204415896415,-1.9777650833129883,2.5759286880493164,2.9131555557250977,118.46743288657522,3.1807368895017447,0.8846112723889212,1,186,1788682176.8969252
1788682228.686611,51.780000,gate_sweep_poor_medium_r15,-0.2806285470724106,0.5669654011726379,4.658103778958321,119.33151108588599,-1.9861830472946167,2.6059250831604004,2.9075851440429688,118.60286440803836,3.1828584997115037,0.7286466778476457,1,348,1788682176.906589
1788682228.744996,51.812000,gate_sweep_poor_medium_r15,-0.2932807356119156,0.598412811756134,4.661466434597969,119.17296312383095,-1.9958288669586182,2.633824348449707,2.8962008953094482,118.54781776530382,3.187119810653034,0.6251453585271359,1,186,1788682176.9329753
1788682228.791313,51.844000,gate_sweep_poor_medium_r15,-0.3087530881166458,0.6387836337089539,4.665602043271065,118.79458194433468,-2.0096850395202637,2.658026933670044,2.8867201805114746,118.23785434022479,3.1835410613652373,0.5567276041099002,1,340,1788682176.9472914
1788682228.841540,51.880000,gate_sweep_poor_medium_r15,-0.320843443274498,0.6718852519989014,4.668857887387276,118.35497473817371,-2.0209383964538574,2.69608736038208,2.874765157699585,117.88453198824587,3.1947591064315106,0.47044274992783713,1,215,1788682176.961514
1788682228.905430,51.912000,gate_sweep_poor_medium_r15,-0.329733744263649,0.6971919536590576,4.671244457364082,117.95265811599936,-2.021893262863159,2.7234325408935547,2.8677330017089844,117.48558121951449,3.197140648207785,0.467076896484869,1,131,1788682176.9934134
1788682228.952235,51.944000,gate_sweep_poor_medium_r15,-0.34424738585948944,0.7402456402778625,4.675112083554268,117.15131256198796,-2.0188040733337402,2.7496633529663086,2.8688547611236572,117.09028042865754,3.17875213857026,0.061032133330435494,1,346,1788682177.0082085
1788682229.013060,51.976000,gate_sweep_poor_medium_r15,-0.3555609732866287,0.775486946105957,4.678155735135078,116.41090286309925,-2.0383522510528564,2.7829902172088623,2.8501739501953125,116.30102837591488,3.194271947421905,0.10987448718436785,1,173,1788682177.0370383
1788682229.060155,52.012000,gate_sweep_poor_medium_r15,-0.3665982633829117,0.8114216923713684,4.680998161435127,115.58893865040369,-2.0559656620025635,2.8352463245391846,2.8528850078582764,115.45673411581825,3.2080876003577,0.13220453458544718,1,338,1788682177.0481346
1788682229.118086,52.044000,gate_sweep_poor_medium_r15,-0.38012565672397614,0.8571739196777344,4.684273079037666,114.47442250838226,-2.0665664672851562,2.86967134475708,2.8465089797973633,114.58873602208087,3.2049345356705445,0.1143135136986118,1,172,1788682177.0740616
1788682229.167476,52.076000,gate_sweep_poor_medium_r15,-0.3907545357942581,0.8943828344345093,4.686696365475655,113.5230963902369,-2.0848426818847656,2.9061713218688965,2.8255701065063477,113.58949876818262,3.2219588012144103,0.06640237794572522,1,315,1788682177.0914576
1788682229.228397,52.108000,gate_sweep_poor_medium_r15,-0.39862100780010223,0.9225944876670837,4.6883605271577835,112.7875221082173,-2.1001293659210205,2.939605712890625,2.811314582824707,112.52429674549644,3.2383277247014957,0.26322536272085045,1,172,1788682177.1203768
1788682229.276493,52.144000,gate_sweep_poor_medium_r15,-0.411608949303627,0.9701151847839355,4.690874889492989,111.52705567138366,-2.1117334365844727,2.9796760082244873,2.796583890914917,111.43532356208212,3.243007302281778,0.09173210930154092,1,295,1788682177.1324737
1788682229.337482,52.176000,gate_sweep_poor_medium_r15,-0.4219871908426285,1.0084940195083618,4.692692115902901,110.508724516921,-2.1255834102630615,3.012155771255493,2.7822468280792236,110.30443507424634,3.250646349882692,0.20428944267466428,1,136,1788682177.16146
1788682229.376496,52.208000,gate_sweep_poor_medium_r15,-0.4323907643556595,1.0471778512001038,4.694382026791573,109.49216558095956,-2.1409642696380615,3.0521862506866455,2.772409677505493,109.25633577552637,3.2608679544539716,0.23582980543320345,1,283,1788682177.1684785
1788682229.443288,52.240000,gate_sweep_poor_medium_r15,-0.445511594414711,1.0959165692329407,4.6963842660188675,108.24043178824695,-2.1539011001586914,3.086597204208374,2.7586889266967773,108.15632084826103,3.2612984104238154,0.08411093998591382,1,129,1788682177.2032654
1788682229.489034,52.276000,gate_sweep_poor_medium_r15,-0.4561758488416672,1.135192096233368,4.6979993134737015,107.2695330080345,-2.164673089981079,3.1299614906311035,2.7459330558776855,107.09886150079063,3.2724043811625427,0.17067150724386426,1,232,1788682177.2130125
1788682229.554085,52.308000,gate_sweep_poor_medium_r15,-0.46430034935474396,1.1647887825965881,4.699148014187813,106.56366206565548,-2.177987813949585,3.1661715507507324,2.7319610118865967,106.03827299778773,3.2881731117744826,0.5253890678677486,1,123,1788682177.246065
1788682229.591693,52.340000,gate_sweep_poor_medium_r15,-0.4751906841993332,1.2043874859809875,4.700609996914864,105.65696661571376,-2.1853621006011963,3.202179431915283,2.71858286857605,105.17487311350312,3.293067030928599,0.4820935022106293,1,259,1788682177.2516701
1788682229.648815,52.372000,gate_sweep_poor_medium_r15,-0.48903752863407135,1.2540765404701233,4.702334716916084,104.59116266539817,-2.199251413345337,3.23825740814209,2.7072441577911377,104.19312683846825,3.2927483332626815,0.3980358269299216,1,125,1788682177.2767937
1788682229.694091,52.408000,gate_sweep_poor_medium_r15,-0.5003314167261124,1.2939663529396057,4.70366270840168,103.79928726015302,-2.2064261436462402,3.2742908000946045,2.6956210136413574,103.26393556962445,3.29616073350805,0.535351690528579,1,238,1788682177.2860684
1788682229.744428,52.440000,gate_sweep_poor_medium_r15,-0.5118318349123001,1.3339386582374573,4.704980686306953,103.06414065497363,-2.2152349948883057,3.3093645572662354,2.684114933013916,102.51523158032688,3.2996648618916637,0.5489090746467308,1,154,1788682177.3044107
1788682229.802011,52.472000,gate_sweep_poor_medium_r15,-0.5206149965524673,1.3639290928840637,4.705954387784004,102.55310709510177,-2.227208137512207,3.3474419116973877,2.6679604053497314,101.74962808644833,3.316655351948091,0.8034790086534412,1,102,1788682177.3299866
1788682229.847910,52.504000,gate_sweep_poor_medium_r15,-0.5355064421892166,1.4139134287834167,4.707547977566719,101.78142987543858,-2.220165252685547,3.388000011444092,2.667349338531494,101.44756958563309,3.3011367179117252,0.3338602898054896,1,214,1788682177.3438537
1788682229.906195,52.540000,gate_sweep_poor_medium_r15,-0.5476273447275162,1.4538989663124084,4.708785369992256,101.23409415430591,-2.244861364364624,3.4375288486480713,2.634150743484497,100.55281652071909,3.3345913784170795,0.681277633586817,1,92,1788682177.366164
1788682229.946389,52.572000,gate_sweep_poor_medium_r15,-0.5598800927400589,1.493839681148529,4.710075214505196,100.750994401378,-2.2527852058410645,3.4753031730651855,2.6212117671966553,100.0797765050108,3.339981406125459,0.6712178963671888,1,176,1788682177.3743641
1788682229.993671,52.604000,gate_sweep_poor_medium_r15,-0.5753027349710464,1.543659508228302,4.7117651253938675,100.23233644444943,-2.2669429779052734,3.5133655071258545,2.599889039993286,99.55745446612215,3.3468506141885777,0.6748819783272682,1,95,1788682177.3896499
1788682230.052467,52.636000,gate_sweep_poor_medium_r15,-0.5908622890710831,1.593266785144806,4.713495567440987,99.809449053365,-2.2834222316741943,3.5525245666503906,2.5730223655700684,98.99877614397492,3.359326679800935,0.8106729093900709,1,81,1788682177.4164374
1788682230.089969,52.672000,gate_sweep_poor_medium_r15,-0.5971435457468033,1.6129873394966125,4.714196518063545,99.66507605060683,-2.265536069869995,3.573291063308716,2.529487371444702,99.04111361805653,3.3762817357948354,0.6239624325503011,1,168,1788682177.4179459
1788682230.137017,52.704000,gate_sweep_poor_medium_r15,-0.6128242760896683,1.6621385216712952,4.71599705517292,99.36490482476482,-2.2565269470214844,3.6011435985565186,2.491750955581665,98.96420557736468,3.3776870592406825,0.40069924740013657,1,108,1788682177.4329987
1788682230.184547,52.736000,gate_sweep_poor_medium_r15,-0.6253542453050613,1.7012603878974915,4.7175024300813675,99.18073949581397,-2.2570157051086426,3.636876344680786,2.44277286529541,98.83130905379981,3.4034281018516865,0.3494304420141536,1,78,1788682177.4485323
1788682230.238108,52.768000,gate_sweep_poor_medium_r15,-0.637795940041542,1.7402209639549255,4.7190283089876175,99.0443576212713,-2.270573139190674,3.6743619441986084,2.3966176509857178,98.49161752336164,3.435178885868987,0.5527400979096596,1,68,1788682177.4700904
1788682230.282855,52.804000,gate_sweep_poor_medium_r15,-0.6531642228364944,1.7887220978736877,4.720926120877266,98.93088478470104,-2.3023171424865723,3.736010789871216,2.376361131668091,98.27435327877329,3.465346099742021,0.6565315059277369,1,150,1788682177.4788375
1788682230.334309,52.836000,gate_sweep_poor_medium_r15,-0.6653275638818741,1.8273395895957947,4.7224486619234085,98.88238593533573,-2.322866678237915,3.7814855575561523,2.371347427368164,98.05484290585892,3.4776140376475255,0.8275430294768124,1,113,1788682177.4982908
1788682230.381809,52.868000,gate_sweep_poor_medium_r15,-0.674367681145668,1.856207549571991,4.723670795559883,98.86689637234161,-2.3392581939697266,3.8220088481903076,2.365469455718994,97.91783568307737,3.49247028971878,0.9490606892642416,1,92,1788682177.5137887
1788682230.428746,52.900000,gate_sweep_poor_medium_r15,-0.6892418414354324,1.9040607810020447,4.725644424557686,98.87418925467574,-2.3507778644561768,3.866830587387085,2.3563380241394043,97.89922403677261,3.496681296274425,0.9749652179031263,1,85,1788682177.5287268
1788682230.478966,52.936000,gate_sweep_poor_medium_r15,-0.7009213119745255,1.9420496821403503,4.727176979184151,98.90427533554977,-2.36151123046875,3.90865159034729,2.351769208908081,97.92988120555391,3.5025196670191248,0.9743941299958585,1,74,1788682177.5429463
1788682230.530598,52.968000,gate_sweep_poor_medium_r15,-0.7123873978853226,1.9797441363334656,4.728727653622627,98.95088800348387,-2.3788886070251465,3.9508912563323975,2.362245798110962,97.84507256692245,3.501840033640959,1.1058154365614077,1,67,1788682177.5625758
1788682230.579917,53.000000,gate_sweep_poor_medium_r15,-0.7236348539590836,2.017108380794525,4.730231121182442,99.00889038176763,-2.392188310623169,4.016304016113281,2.281824827194214,98.18635569614509,3.574289748532483,0.8225346856225362,1,193,1788682177.5798955
1788682230.628457,53.032000,gate_sweep_poor_medium_r15,-0.7373576909303665,2.0633824467658997,4.732070758938789,99.09082307944112,-2.401017665863037,4.062501907348633,2.2478060722351074,98.23955405381143,3.596639287373216,0.8512690256296888,1,126,1788682177.596441
1788682230.680790,53.068000,gate_sweep_poor_medium_r15,-0.7453670054674149,2.0908642411231995,4.733162239193916,99.14179045015884,-2.418776512145996,4.109450340270996,2.226548194885254,98.19283397586499,3.627409982872132,0.9489564742938543,1,101,1788682177.6127715
1788682230.735168,53.100000,gate_sweep_poor_medium_r15,-0.755834773182869,2.127237379550934,4.734648063778877,99.20750721889613,-2.4460277557373047,4.148016929626465,2.2175493240356445,97.96946880636973,3.6436366962001983,1.2380384125264046,1,75,1788682177.6351483
1788682230.781491,53.132000,gate_sweep_poor_medium_r15,-0.7660783678293228,2.1633365750312805,4.7361510545015335,99.2673250205154,-2.528324604034424,4.228929042816162,2.1668906211853027,97.87576581235791,3.7380855011881398,1.391559208157479,1,206,1788682177.6494699
1788682230.831010,53.164000,gate_sweep_poor_medium_r15,-0.7785484343767166,2.2080219388008118,4.738063171505928,99.32679617270732,-2.5418434143066406,4.300541400909424,2.154423713684082,97.96224448277718,3.7633814228115847,1.3645516899301422,1,110,1788682177.6669888
1788682230.883570,53.200000,gate_sweep_poor_medium_r15,-0.7882537394762039,2.243396818637848,4.739547088742256,99.35981567506344,-2.579533576965332,4.3826751708984375,2.136366605758667,97.74038697105229,3.8159853185818906,1.6194287040111515,1,80,1788682177.6835449
1788682230.928025,53.232000,gate_sweep_poor_medium_r15,-0.7953540831804276,2.269703209400177,4.740621402859688,99.37225233167489,-2.6386823654174805,4.431647777557373,2.0965945720672607,97.75832140813847,3.8810747678741846,1.6139309235364103,1,223,1788682177.696004
1788682230.984471,53.264000,gate_sweep_poor_medium_r15,-0.8068593293428421,2.3131425976753235,4.742366626858711,99.37143908280942,-2.6698265075683594,4.478804111480713,2.088650703430176,97.53511002194666,3.8990953696699395,1.8363290608627645,1,128,1788682177.7204444
1788682231.029192,53.296000,gate_sweep_poor_medium_r15,-0.8157326728105545,2.347520172595978,4.743764713406563,99.34317883468862,-2.6692848205566406,4.52791690826416,2.077270030975342,97.58794979902662,3.9115188074149114,1.7552290356620024,1,236,1788682177.7331772
1788682231.085595,53.332000,gate_sweep_poor_medium_r15,-0.8243113309144974,2.3815742135047913,4.745174244046211,99.29193810353702,-2.677865505218506,4.577489852905273,2.0652289390563965,97.51871052967789,3.929353052371394,1.7732275738591263,1,140,1788682177.75357
1788682231.128142,53.364000,gate_sweep_poor_medium_r15,-0.8346108943223953,2.423678457736969,4.746943309903145,99.18972880333716,-2.6874701976776123,4.618287086486816,2.0601022243499756,97.50916253751909,3.9330026252762402,1.6805662658180724,1,245,1788682177.764124
1788682231.176564,53.396000,gate_sweep_poor_medium_r15,-0.8424832373857498,2.457046091556549,4.748345211148262,99.07718831289782,-2.6942992210388184,4.657193183898926,2.0560197830200195,97.45526660345536,3.93935094605717,1.6219217094424554,1,129,1788682177.7805433
1788682231.231047,53.428000,gate_sweep_poor_medium_r15,-0.8481530696153641,2.481847107410431,4.749401405453682,98.97253475577446,-2.705327272415161,4.693397045135498,2.0550317764282227,97.24400261165448,3.9496426223661807,1.728532144119982,1,94,1788682177.8030276
1788682231.271401,53.464000,gate_sweep_poor_medium_r15,-0.8571566492319107,2.522761642932892,4.751139476895332,98.76124810761236,-2.707160234451294,4.771246910095215,2.018587350845337,97.36318188674112,3.993124138259534,1.3980662208712418,1,248,1788682177.8073752
1788682231.321970,53.496000,gate_sweep_poor_medium_r15,-0.8639406114816666,2.555091440677643,4.75252278149128,98.55703026542977,-2.7107179164886475,4.834328651428223,1.9941821098327637,97.33367706721856,4.0266551799334005,1.2233531982112154,1,130,1788682177.8259444
1788682231.378646,53.528000,gate_sweep_poor_medium_r15,-0.8703765422105789,2.5870702862739563,4.753892257809639,98.32258380060273,-2.735140323638916,4.888915061950684,1.975538969039917,96.87028031036637,4.061413587540018,1.4523034902363565,1,92,1788682177.8506174
1788682231.423541,53.560000,gate_sweep_poor_medium_r15,-0.8779822736978531,2.62660676240921,4.7556188851594925,97.98571042841321,-2.727482557296753,4.899143218994141,1.9737194776535034,96.70956594457729,4.040301666834071,1.2761444838359308,1,259,1788682177.8635237
1788682231.479147,53.596000,gate_sweep_poor_medium_r15,-0.8836729675531387,2.6578388810157776,4.757080867886543,97.6832503154566,-2.728828191757202,4.913568496704102,1.9674657583236694,96.4274822659362,4.034211987489307,1.2557680495204038,1,148,1788682177.883117
1788682231.522463,53.628000,gate_sweep_poor_medium_r15,-0.887738361954689,2.6810417771339417,4.758213356137276,97.43743596684429,-2.732590436935425,4.935743808746338,1.9760096073150635,96.20176115966196,4.028376612219637,1.2356748071823422,1,277,1788682177.8944337
1788682231.572010,53.660000,gate_sweep_poor_medium_r15,-0.8929073363542557,2.711715042591095,4.759732559323311,97.07933865395805,-2.7438607215881348,4.971070289611816,1.9697645902633667,95.7818865675055,4.039138006422817,1.2974520864525492,1,170,1788682177.9119911
1788682231.626178,53.692000,gate_sweep_poor_medium_r15,-0.898873582482338,2.749486029148102,4.761713340878487,96.59221453170171,-2.750600576400757,5.009851932525635,1.9650715589523315,95.38789847101344,4.044669595105758,1.2043160606882597,1,125,1788682177.9341564
1788682231.668735,53.728000,gate_sweep_poor_medium_r15,-0.9032358676195145,2.7792046666145325,4.763351276516914,96.1679257890071,-2.7259209156036377,5.08924674987793,1.9061943292617798,95.58494218201214,4.101441335901449,0.5829836069949716,1,277,1788682177.940713
1788682231.723416,53.760000,gate_sweep_poor_medium_r15,-0.9072374850511551,2.808462917804718,4.765000179409981,95.71523737634195,-2.7073073387145996,5.146745681762695,1.8610420227050781,95.50715916863744,4.140143806461779,0.2080782077045157,1,162,1788682177.9633918
1788682231.764679,53.792000,gate_sweep_poor_medium_r15,-0.910006657242775,2.830090343952179,4.7662318497896194,95.35336245048835,-2.6988494396209717,5.183457374572754,1.8682373762130737,95.2639221680234,4.139645739644719,0.0894402824649406,1,268,1788682177.972656
1788682231.813233,53.824000,gate_sweep_poor_medium_r15,-0.9142159968614578,2.865549623966217,4.768294170498848,94.71354265588555,-2.693162679672241,5.2203240394592285,1.8704921007156372,94.97611208716063,4.136045295180386,0.2625694312750746,1,157,1788682177.9892046
1788682231.868178,53.860000,gate_sweep_poor_medium_r15,-0.9179331809282303,2.9002659916877747,4.770395591855049,94.02139619267987,-2.6801846027374268,5.271076202392578,1.8541094064712524,94.62868797541404,4.151023517629245,0.6072917827341646,1,114,1788682178.0081582
1788682231.914054,53.892000,gate_sweep_poor_medium_r15,-0.9199439436197281,2.920682966709137,4.771643951535225,93.5836239991465,-2.656949281692505,5.33180570602417,1.8145240545272827,94.54151427778561,4.192285593064434,0.9578902786391025,1,263,1788682178.0220375
1788682231.961927,53.924000,gate_sweep_poor_medium_r15,-0.9229681044816971,2.9541907906532288,4.773637130856514,92.8128754659733,-2.6233696937561035,5.388219833374023,1.8030437231063843,94.55107684664023,4.200034302215133,1.738201380666918,1,138,1788682178.0379093
1788682232.014364,53.956000,gate_sweep_poor_medium_r15,-0.9250505119562149,2.9804986119270325,4.77518256008625,92.16290148608556,-2.5932679176330566,5.43866491317749,1.7886608839035034,94.31658847458417,4.212462771291389,2.1536869884986105,1,109,1788682178.0583386
1788682232.055248,53.992000,gate_sweep_poor_medium_r15,-0.9263962656259537,2.999949038028717,4.776322677731514,91.65454357367867,-2.6474387645721436,5.433131694793701,1.838910460472107,93.1243955645949,4.184585482274878,1.4698519909162318,1,263,1788682178.0632288
1788682232.099322,54.024000,gate_sweep_poor_medium_r15,-0.9282002598047256,3.03189617395401,4.778148964047432,90.77620181871347,-2.655531644821167,5.454411506652832,1.8133536577224731,92.28562688251996,4.200269688868824,1.509425063806493,1,144,1788682178.0753033
1788682232.159532,54.056000,gate_sweep_poor_medium_r15,-0.9294616729021072,3.0633936524391174,4.779928997159004,89.86678423802148,-2.660182237625122,5.486268520355225,1.7891030311584473,91.45378885601657,4.220279168211246,1.5870046179950958,1,108,1788682178.103518
1788682232.196421,54.088000,gate_sweep_poor_medium_r15,-0.92996646463871,3.0821271538734436,4.7809532433748245,89.30976456286346,-2.6815900802612305,5.530451774597168,1.7982099056243896,90.64255087391976,4.237833946504167,1.3327863110562934,1,264,1788682178.108408
1788682232.259331,54.124000,gate_sweep_poor_medium_r15,-0.9305195957422256,3.1131353974342346,4.782584980130196,88.37914485464042,-2.673917531967163,5.564607620239258,1.7911670207977295,89.90678851644515,4.242373608091912,1.5276436618047415,1,132,1788682178.1353047
1788682232.300467,54.156000,gate_sweep_poor_medium_r15,-0.9306818395853043,3.1378193497657776,4.783936336636543,87.65350841207395,-2.6506032943725586,5.603379249572754,1.7817318439483643,89.58067724149423,4.248570023677471,1.927168829420284,1,240,1788682178.1444483
1788682232.354133,54.188000,gate_sweep_poor_medium_r15,-0.9307025820016861,3.1562491059303284,4.7849720269441605,87.13309619393509,-2.653520345687866,5.6406779289245605,1.7768553495407104,88.81914768722298,4.26488611433763,1.6860514932878918,1,146,1788682178.16611
1788682232.395395,54.220000,gate_sweep_poor_medium_r15,-0.9305181056261063,3.18670517206192,4.7867749482393265,86.33857678164603,-2.6478376388549805,5.689619064331055,1.764172077178955,88.28283636494085,4.2836774443771635,1.9442595832948257,1,192,1788682178.1753786
1788682232.443584,54.256000,gate_sweep_poor_medium_r15,-0.9301654249429703,3.2107685208320618,4.788268879055977,85.79503139038049,-2.6253468990325928,5.739066123962402,1.7437838315963745,88.0600157101904,4.30520826491546,2.2649843198099124,1,120,1788682178.1875591
1788682232.498195,54.288000,gate_sweep_poor_medium_r15,-0.9296679049730301,3.234436810016632,4.789816215634346,85.34949494835173,-2.6224358081817627,5.78216028213501,1.7217239141464233,87.55886249326187,4.332383689721637,2.2093675449101395,1,91,1788682178.2101681
1788682232.536374,54.320000,gate_sweep_poor_medium_r15,-0.9290388375520706,3.2575958371162415,4.791406467556953,85.02001759177615,-2.5761141777038574,5.846024036407471,1.6903332471847534,88.2094789724299,4.362278399773651,3.189461380653757,1,162,1788682178.216348
1788682232.594917,54.352000,gate_sweep_poor_medium_r15,-0.9282376319169998,3.2857781052589417,4.793436840176582,84.77623552317068,-2.5515310764312744,5.893131732940674,1.686194658279419,88.3325389511414,4.369019171822109,3.556303427970725,1,81,1788682178.2428973
1788682232.639731,54.388000,gate_sweep_poor_medium_r15,-0.9277869015932083,3.30222350358963,4.794651821255684,84.72434030199729,-2.551382541656494,5.940521240234375,1.65679132938385,88.21948697103764,4.409404292653083,3.4951466690403548,1,196,1788682178.251711
1788682232.695889,54.420000,gate_sweep_poor_medium_r15,-0.9271373897790909,3.32893043756485,4.796623542904854,84.79436816157917,-2.557203769683838,5.981654167175293,1.63070547580719,87.94837684032329,4.440393765884903,3.154008678744112,1,91,1788682178.275861
1788682232.739642,54.452000,gate_sweep_poor_medium_r15,-0.9267968684434891,3.3444796204566956,4.797764137387276,84.92948347862466,-2.568967342376709,6.020895004272461,1.6321945190429688,87.82592433644352,4.458783935196711,2.8964408578188587,1,192,1788682178.2876234
1788682232.802427,54.484000,gate_sweep_poor_medium_r15,-0.9263225346803665,3.3695231080055237,4.799588039517403,85.29983273511341,-2.5791826248168945,6.058150291442871,1.6273022890090942,87.83087406022085,4.474825079482151,2.531041325107447,1,91,1788682178.3184035
1788682232.845896,54.520000,gate_sweep_poor_medium_r15,-0.9259932786226273,3.388693630695343,4.800958469510078,85.72041749663077,-2.569005250930786,6.108280181884766,1.597531795501709,88.04748346046505,4.5119376997368486,2.3270659638342783,1,184,1788682178.3258734
1788682232.906130,54.552000,gate_sweep_poor_medium_r15,-0.9256196767091751,3.4115236401557922,4.80260594189167,86.37967492499682,-2.553287982940674,6.150838375091553,1.5599523782730103,88.52896147187788,4.546201872530023,2.1492865468810547,1,77,1788682178.3541079
1788682232.949296,54.584000,gate_sweep_poor_medium_r15,-0.9254197627305984,3.424521028995514,4.80351097881794,86.8391158681929,-2.5372138023376465,6.200862884521484,1.5183329582214355,88.98995554512635,4.593293889124509,2.150839676933435,1,192,1788682178.365279
1788682233.001290,54.616000,gate_sweep_poor_medium_r15,-0.9251711517572403,3.440981447696686,4.804579570889473,87.51107245504156,-2.509810447692871,6.243012428283691,1.4910967350006104,89.90768192274085,4.619699970574155,2.396609467699298,1,74,1788682178.3852637
1788682233.048108,54.652000,gate_sweep_poor_medium_r15,-0.9249065667390823,3.456425964832306,4.805483177304268,88.23713733435548,-2.4503724575042725,6.301994800567627,1.4426804780960083,91.35593107434235,4.661839784526969,3.1187937399868804,1,168,1788682178.3960912
1788682233.097684,54.684000,gate_sweep_poor_medium_r15,-0.9245282560586929,3.4743319153785706,4.806391075253487,89.19592779842756,-2.4376606941223145,6.347404479980469,1.438035249710083,92.07326176463418,4.678668261809195,2.877333966206611,1,205,1788682178.4136553
1788682233.144691,54.716000,gate_sweep_poor_medium_r15,-0.924171581864357,3.4875126481056213,4.8069566041231155,89.98549679270344,-2.431715250015259,6.383708477020264,1.441824197769165,92.69751205235671,4.688790281415664,2.7120152596532705,1,236,1788682178.4286718
1788682233.192812,54.748000,gate_sweep_poor_medium_r15,-0.9238447695970535,3.4967158436775208,4.807301834225655,90.5803349647683,-2.4080398082733154,6.431346893310547,1.4159365892410278,93.44801581820661,4.724008100669505,2.867680853438313,1,240,1788682178.4447885
1788682233.244724,54.784000,gate_sweep_poor_medium_r15,-0.923192635178566,3.510749638080597,4.807737663388252,91.55712305814735,-2.3647658824920654,6.483861923217773,1.4009455442428589,94.77481463452793,4.745920630444082,3.2176915763805725,1,108,1788682178.4607062
1788682233.295350,54.816000,gate_sweep_poor_medium_r15,-0.922576442360878,3.5207675099372864,4.8079942017793655,92.31326496066748,-2.412958860397339,6.480981349945068,1.3803640604019165,95.1929824325651,4.767887804536199,2.879717471897613,1,80,1788682178.4793332
1788682233.342952,54.848000,gate_sweep_poor_medium_r15,-0.9218539148569107,3.5297170281410217,4.808156326413155,93.03158355707711,-2.350996732711792,6.4983015060424805,1.1904562711715698,96.11190755561204,4.893127495371302,3.0803239985349173,1,77,1788682178.4949312
1788682233.393160,54.880000,gate_sweep_poor_medium_r15,-0.9207091480493546,3.5393906235694885,4.808213546872139,93.86999330839868,-2.3486456871032715,6.500014781951904,1.177439570426941,96.22319404126677,4.897633901670739,2.353200732868092,1,61,1788682178.513139
1788682233.439073,54.916000,gate_sweep_poor_medium_r15,-0.9195403605699539,3.5459280610084534,4.808151558041573,94.48201824542363,-2.3463082313537598,6.501701354980469,1.164432168006897,96.32608877377832,4.9039732172773745,1.8440705283546843,1,49,1788682178.5230517
1788682233.488613,54.948000,gate_sweep_poor_medium_r15,-0.918535903096199,3.5500994324684143,4.808084324002266,94.90846335257099,-2.3439908027648926,6.503359794616699,1.151430368423462,96.41928062362766,4.911698951327923,1.51081727105666,1,67,1788682178.5405903
1788682233.530223,54.980000,gate_sweep_poor_medium_r15,-0.91712786257267,3.554816782474518,4.807978942990303,95.42010806785086,-2.341686487197876,6.504992485046387,1.138435959815979,96.50310813208446,4.919191971899796,1.083000064233606,1,50,1788682178.5501928
1788682233.583413,55.012000,gate_sweep_poor_medium_r15,-0.9150547534227371,3.5592485070228577,4.807776287198067,95.9836274377495,-2.33939528465271,6.506612777709961,1.1254407167434692,96.57694588376938,4.926996787746323,0.5933184460198866,1,11,1788682178.5713933
1788682233.626433,55.048000,gate_sweep_poor_medium_r15,-0.91311015188694,3.561624586582184,4.807561233639717,96.36231952935177,-2.3371193408966064,6.508222579956055,1.1124423742294312,96.64252171459454,4.9360049929177,0.2802021852427615,1,34,1788682178.5784097
1788682233.679502,55.080000,gate_sweep_poor_medium_r15,-0.9108796864748001,3.5629554390907288,4.807306125760078,96.6899595862914,-2.334853410720825,6.509838581085205,1.0994346141815186,96.69949852147232,4.9457186096956836,0.009538935180927563,1,17,1788682178.5994852
1788682233.722969,55.112000,gate_sweep_poor_medium_r15,-0.9090386182069778,3.5632854104042053,4.807071998715401,96.8963574401219,-2.3326022624969482,6.511451721191406,1.0864201784133911,96.74639410507164,4.955952785622701,0.14996333505025022,1,33,1788682178.610942
1788682233.780620,55.144000,gate_sweep_poor_medium_r15,-0.905649796128273,3.5625880360603333,4.8067377358675,97.17635742413661,-2.33035945892334,6.513068675994873,1.0733991861343384,96.78648805258477,4.967187368804792,0.3898693715518302,1,15,1788682178.6365924
1788682233.817501,55.180000,gate_sweep_poor_medium_r15,-0.9026423245668411,3.561010420322418,4.806703880429268,97.34285116720551,-2.328136444091797,6.514579772949219,1.060425043106079,96.81059440069184,4.978976855996833,0.5322567665136728,1,28,1788682178.6374743
1788682233.861453,55.212000,gate_sweep_poor_medium_r15,-0.8993795067071915,3.558707296848297,4.80685456097126,97.46143128687618,-2.325965166091919,6.515575408935547,1.0476995706558228,96.78946262229327,4.990937979684182,0.6719686645828976,1,20,1788682178.6494308
1788682233.918070,55.244000,gate_sweep_poor_medium_r15,-0.8956762701272964,3.5548701882362366,4.807769611477852,97.73978028334002,-2.323791980743408,6.516462802886963,1.0350133180618286,96.75686429855847,5.004421579720527,0.982915984781561,1,18,1788682178.6740513
1788682233.961353,55.276000,gate_sweep_poor_medium_r15,-0.8931145220994949,3.5513842701911926,4.809189155697823,98.193243571433,-2.321345329284668,6.5176239013671875,1.0222983360290527,96.75849872992593,5.017864373241222,1.4347448415070791,1,20,1788682178.685326
1788682234.014639,55.312000,gate_sweep_poor_medium_r15,-0.8914269953966141,3.5487149357795715,4.810511901974678,98.6544184885825,-2.3188400268554688,6.518786430358887,1.0095950365066528,96.7877726857259,5.03048721929501,1.8666458028565933,1,8,1788682178.7026198
1788682234.055835,55.344000,gate_sweep_poor_medium_r15,-0.8888415843248367,3.544403374195099,4.812988594174385,99.47255875058978,-2.3163650035858154,6.51992654800415,0.9968698620796204,96.84710014329812,5.045227789491551,2.6254586072916566,1,26,1788682178.7118187
1788682234.110903,55.376000,gate_sweep_poor_medium_r15,-0.8868491798639297,3.541257917881012,4.815077617764473,100.07343965096402,-2.313930034637451,6.5210490226745605,0.9841153621673584,96.91311294176066,5.058852300480575,3.1603267092033636,1,12,1788682178.7348845
1788682234.156811,55.408000,gate_sweep_poor_medium_r15,-0.8849754482507706,3.538443148136139,4.81715090572834,100.61024488228331,-2.3115556240081787,6.522152900695801,0.971322238445282,96.97263247688178,5.072282821716456,3.6376124054015277,1,39,1788682178.7487864
1788682234.210305,55.444000,gate_sweep_poor_medium_r15,-0.8828169852495193,3.5354323983192444,4.81960041821003,101.18188811101477,-2.309236764907837,6.523243427276611,0.9584918022155762,97.02457021982165,5.086241036076285,4.157317891193112,1,11,1788682178.7662854
1788682234.253467,55.476000,gate_sweep_poor_medium_r15,-0.8812022358179092,3.533488094806671,4.821382835507393,101.55390193472978,-2.4235355854034424,6.460124492645264,1.0978751182556152,96.10351259947959,4.980813436260279,5.450389335250186,1,51,1788682178.7774522
1788682234.309738,55.508000,gate_sweep_poor_medium_r15,-0.8801511079072952,3.5322776436805725,4.82264931499958,101.7830912840937,-2.2976222038269043,6.535751819610596,0.7878448963165283,97.40038755869222,5.225871040340581,4.382703725401481,1,36,1788682178.801719
1788682234.350677,55.540000,gate_sweep_poor_medium_r15,-0.8786749392747879,3.530914843082428,4.8246472626924515,102.0701161584134,-2.295464515686035,6.536581516265869,0.7749137878417969,97.42702081196096,5.238479366327517,4.643095346452442,1,51,1788682178.8106565
1788682234.407166,55.576000,gate_sweep_poor_medium_r15,-0.8777129799127579,3.530511438846588,4.8262036591768265,102.22054472345354,-2.2933452129364014,6.537395477294922,0.761965274810791,97.4407490305914,5.250085702615254,4.779795692862132,1,2,1788682178.8311489
1788682234.448205,55.608000,gate_sweep_poor_medium_r15,-0.876938059926033,3.5307736992836,4.82770998775959,102.29960556520336,-2.2912535667419434,6.538192272186279,0.7490051984786987,97.44403661088941,5.2612439197933805,4.8555689543139415,1,53,1788682178.8401845
1788682234.503999,55.640000,gate_sweep_poor_medium_r15,-0.8763456493616104,3.5318196415901184,4.829127624630928,102.31225297059989,-2.289161205291748,6.538990497589111,0.7360348701477051,97.43645236261563,5.2718623511099905,4.8758006079842575,1,6,1788682178.8639805
1788682234.554465,55.672000,gate_sweep_poor_medium_r15,-0.8758435994386673,3.534367859363556,4.8308141976594925,102.24312843218677,-2.2870771884918213,6.539773941040039,0.7230615615844727,97.41785817524318,5.281825222196501,4.825270256943583,1,79,1788682178.8824422
1788682234.610193,55.708000,gate_sweep_poor_medium_r15,-0.8755972534418106,3.5367172360420227,4.831661060452461,102.15821232767068,-2.285005569458008,6.54055118560791,0.7100776433944702,97.39166925380391,5.291209697374282,4.76654307386677,1,5,1788682178.9021728
1788682234.659492,55.740000,gate_sweep_poor_medium_r15,-0.875320091843605,3.540817081928253,4.8325231820344925,101.99905825557748,-2.2829537391662598,6.5413312911987305,0.6970751285552979,97.35643700549586,5.299664952441218,4.6426212500816195,1,70,1788682178.9194756
1788682234.715167,55.772000,gate_sweep_poor_medium_r15,-0.8751155883073807,3.546063482761383,4.833050087094307,101.79149898263502,-2.2809364795684814,6.5421528816223145,0.6840254664421082,97.31551003279083,5.307286441021545,4.475988949844198,1,3,1788682178.9431465
1788682234.770555,55.804000,gate_sweep_poor_medium_r15,-0.874871626496315,3.5544739365577698,4.83320839703083,101.47224315422407,-2.278935194015503,6.54304838180542,0.6709198951721191,97.27207681016917,5.3129669008123175,4.200166344054913,1,88,1788682178.9665363
1788682234.811789,55.840000,gate_sweep_poor_medium_r15,-0.8746903091669083,3.56273752450943,4.832954719662666,101.17346988537771,-2.276930332183838,6.544064998626709,0.6577428579330444,97.22832321974924,5.318550994434929,3.9451466656284824,1,73,1788682178.9717658
1788682234.866728,55.872000,gate_sweep_poor_medium_r15,-0.8745695501565933,3.569792091846466,4.832571342587471,100.92926082521231,-2.274909257888794,6.54522705078125,0.6444899439811707,97.18511853876417,5.324865284047555,3.7441422864481337,1,17,1788682178.9947064
1788682234.909879,55.904000,gate_sweep_poor_medium_r15,-0.8744051605463028,3.582980215549469,4.831650570034981,100.49321478491427,-2.222576379776001,6.52810001373291,0.6735283732414246,98.37783140115916,5.270794671155255,2.1153833837551135,1,138,1788682179.005842
1788682234.966279,55.936000,gate_sweep_poor_medium_r15,-0.8742894679307938,3.5947232842445374,4.830713585019112,100.12240564290202,-2.2373464107513428,6.5140838623046875,0.669393002986908,97.48395905001391,5.262810978987164,2.6384465928881156,1,53,1788682179.030262
1788682235.022817,55.972000,gate_sweep_poor_medium_r15,-0.875367596745491,3.6045082211494446,4.831716373562813,99.13300137887134,-2.057889223098755,6.510893821716309,0.7683886885643005,94.50524153229372,5.1338159814752755,4.627759846577614,1,88,1788682179.050793
1788682235.070632,56.004000,gate_sweep_poor_medium_r15,-0.8772927075624466,3.6155605912208557,4.8335932046175,97.32630674388551,-2.2717344760894775,6.6347503662109375,0.5058764219284058,86.81818406711174,5.457939839755134,10.508122676773768,1,91,1788682179.0666142
1788682235.123657,56.036000,gate_sweep_poor_medium_r15,-0.8791114836931229,3.623850405216217,4.834829643368721,95.57920527827963,-2.2717344760894775,6.6347503662109375,0.5058764219284058,86.81817526342624,5.453875078096992,8.761030014853398,1,69,1788682179.087625
1788682235.163245,56.068000,gate_sweep_poor_medium_r15,-0.8806778341531754,3.6297302842140198,4.835700824856758,94.14116888901626,-2.2717344760894775,6.6347503662109375,0.5058764219284058,86.81821105209883,5.450923191026794,7.322957836917422,1,66,1788682179.0952225
1788682235.219081,56.104000,gate_sweep_poor_medium_r15,-0.8835848122835159,3.638919413089752,4.837079361081123,91.55344440349559,-2.2717344760894775,6.6347503662109375,0.5058764219284058,86.81817654349886,5.446217172398539,4.735267859996718,1,38,1788682179.1150613
1788682235.270569,56.136000,gate_sweep_poor_medium_r15,-0.8859705477952957,3.645980656147003,4.8380564004182816,89.36560981402877,-2.2717344760894775,6.6347503662109375,0.5058764219284058,86.81817511454646,5.442505802549549,2.5474346994823183,1,33,1788682179.1345456
1788682235.325467,56.168000,gate_sweep_poor_medium_r15,-0.8877491503953934,3.6514788269996643,4.8397253304719925,87.8234032632017,-2.256201982498169,6.648594856262207,0.3193405270576477,82.47978354196776,5.59367914860085,5.343619721233923,1,28,1788682179.1574492
1788682235.373743,56.200000,gate_sweep_poor_medium_r15,-0.8888301998376846,3.6564963459968567,4.8415210992097855,87.127849868374,-2.2552242279052734,6.648848056793213,0.30652689933776855,82.16886334505583,5.602443555620841,4.95898652331817,1,19,1788682179.173725
1788682235.416010,56.236000,gate_sweep_poor_medium_r15,-0.8887515217065811,3.659774363040924,4.8422535210847855,87.35753079441307,-2.253720760345459,6.649460792541504,0.2936619818210602,82.00613865566648,5.611688779701871,5.35139213874659,1,12,1788682179.1799905
1788682235.474303,56.268000,gate_sweep_poor_medium_r15,-0.8881997019052505,3.6620030999183655,4.842566326260567,87.95444542644667,-2.251756429672241,6.65039587020874,0.2807464003562927,81.97838263108437,5.621385891018306,5.976062795362299,1,6,1788682179.2062843
1788682235.525772,56.300000,gate_sweep_poor_medium_r15,-0.8869870454072952,3.6646717190742493,4.8428476601839066,89.18136924085155,-2.2493536472320557,6.651576995849609,0.26783159375190735,82.07103073433875,5.631022811027049,7.110338506512802,1,23,1788682179.225757
1788682235.568717,56.332000,gate_sweep_poor_medium_r15,-0.88530333340168,3.666257917881012,4.843711212277412,89.99688307246984,-2.2465333938598633,6.652953147888184,0.2549516260623932,82.27879467947177,5.641809126027113,7.718088392998077,1,15,1788682179.236695
1788682235.625101,56.368000,gate_sweep_poor_medium_r15,-0.8841250091791153,3.666750967502594,4.844134166836739,90.0299184670164,-2.244302272796631,6.653786659240723,0.24219274520874023,82.34170794147995,5.65246222988487,7.688210525536436,1,5,1788682179.257071
1788682235.662872,56.400000,gate_sweep_poor_medium_r15,-0.8826696425676346,3.6670837998390198,4.844565704464912,89.67275231143266,-2.2424304485321045,6.654941082000732,0.2290407419204712,82.3338107295754,5.66386010313415,7.338941581857263,1,28,1788682179.2628474
1788682235.718838,56.432000,gate_sweep_poor_medium_r15,-0.8815482407808304,3.667039215564728,4.844724014401436,89.11989947460985,-2.240790605545044,6.656305313110352,0.21564878523349762,82.27312497309364,5.675525445754046,6.84677450151621,1,10,1788682179.2868173
1788682235.774583,56.464000,gate_sweep_poor_medium_r15,-0.8804881721735001,3.6663249135017395,4.844221904873848,89.41998101922037,-2.239287853240967,6.65777063369751,0.20214787125587463,82.18059080687982,5.687172883229143,7.239390212340548,1,23,1788682179.3105657
1788682235.815050,56.500000,gate_sweep_poor_medium_r15,-0.8797684460878372,3.6649752259254456,4.84422142803669,89.5191541812604,-2.2371528148651123,6.659128189086914,0.18900589644908905,82.22736662616377,5.698989027620944,7.291787555096633,1,8,1788682179.3150268
1788682235.869943,56.532000,gate_sweep_poor_medium_r15,-0.8792567402124405,3.6638486981391907,4.844164207577705,89.42762397925938,-2.2351791858673096,6.660520553588867,0.1757781058549881,82.23924059243734,5.710726458396753,7.188383386822041,1,3,1788682179.3379142
1788682235.913154,56.564000,gate_sweep_poor_medium_r15,-0.8791152983903885,3.661881744861603,4.843700245022774,89.44143283872724,-2.233344316482544,6.6620073318481445,0.16243678331375122,82.2244209055115,5.722666980444181,7.217011933215744,1,5,1788682179.349132
1788682235.974317,56.596000,gate_sweep_poor_medium_r15,-0.8793684989213943,3.65907746553421,4.843097522854805,89.43481915724023,-2.2313010692596436,6.66342306137085,0.1492462307214737,82.23344531026956,5.734636351733747,7.201373846970675,1,3,1788682179.378299
1788682236.014894,56.632000,gate_sweep_poor_medium_r15,-0.879483237862587,3.658060133457184,4.842854335904121,89.42986345583707,-2.2292423248291016,6.664867401123047,0.13604949414730072,82.2440021046355,5.7460204799602295,7.185861351201561,1,5,1788682179.382873
1788682236.067589,56.664000,gate_sweep_poor_medium_r15,-0.8798532038927078,3.6553662419319153,4.842172458767891,89.41305336812745,-2.227173089981079,6.666342735290527,0.1228439211845398,82.25627937467037,5.757891294966927,7.15677399345707,1,2,1788682179.4035735
1788682236.116716,56.696000,gate_sweep_poor_medium_r15,-0.8802142888307571,3.6530728936195374,4.8415611535310745,89.39441738802086,-2.2250983715057373,6.667850017547607,0.10962843149900436,82.26968857660789,5.769643107561365,7.124728811412953,1,29,1788682179.4206958
1788682236.164196,56.728000,gate_sweep_poor_medium_r15,-0.8805031925439835,3.65128356218338,4.841050460934639,89.37678139629175,-2.2230138778686523,6.669388294219971,0.0964050143957138,82.28512477416906,5.781258645581871,7.0916566221226915,1,10,1788682179.4361784
1788682236.218034,56.764000,gate_sweep_poor_medium_r15,-0.8809749633073807,3.6481812596321106,4.840101554989815,89.34392202674424,-2.2209227085113525,6.670960903167725,0.08317264169454575,82.30236537832022,5.793188191263513,7.041556648424025,1,4,1788682179.4540074
1788682236.258233,56.796000,gate_sweep_poor_medium_r15,-0.8813192397356033,3.645587980747223,4.839255645871162,89.31380467142101,-2.218822956085205,6.6725664138793945,0.06993289291858673,82.32086904691108,5.804993897303203,6.992935624509927,1,13,1788682179.4622097
1788682236.317334,56.828000,gate_sweep_poor_medium_r15,-0.881634309887886,3.642928898334503,4.838294818997383,89.28218928654202,-2.2167155742645264,6.674203872680664,0.056688062846660614,82.34044221831685,5.816771709724654,6.941747068225175,1,2,1788682179.4893117
1788682236.357805,56.860000,gate_sweep_poor_medium_r15,-0.8819046765565872,3.6395371556282043,4.836875274777412,89.2404261398179,-2.2146036624908447,6.675875186920166,0.043434739112854004,82.36149574792678,5.828593946770719,6.878930391891114,1,35,1788682179.4977863
1788682236.415413,56.896000,gate_sweep_poor_medium_r15,-0.8820316344499588,3.636803448200226,4.83563406765461,89.20641239302755,-2.212484836578369,6.6775803565979,0.03017611987888813,82.38375600546743,5.840278761971821,6.8226563875601185,1,2,1788682179.5193923
1788682236.463787,56.928000,gate_sweep_poor_medium_r15,-0.8820734173059464,3.6347890496253967,4.834641769528389,89.18055412551189,-2.210357189178467,6.679316520690918,0.016915053129196167,82.40722069178896,5.8518352689219695,6.773333433722926,1,22,1788682179.5357668
1788682236.507700,56.960000,gate_sweep_poor_medium_r15,-0.8820610195398331,3.632144272327423,4.8333261758089066,89.15839414902062,-2.2082271575927734,6.681084632873535,0.003649260848760605,82.43129066321502,5.8634915409493225,6.7271034858056025,1,19,1788682179.5476778
1788682236.563691,56.992000,gate_sweep_poor_medium_r15,-0.881873682141304,3.6288939118385315,4.831662490963936,89.19079331376099,-2.2060835361480713,6.6828789710998535,-0.00961315631866455,82.45890458682418,5.875228197492551,6.7318887269368135,1,2,1788682179.5716553
1788682236.607578,57.028000,gate_sweep_poor_medium_r15,-0.8815214186906815,3.6263051629066467,4.830203369259834,89.2900181557189,-2.2039177417755127,6.684689044952393,-0.02286071702837944,82.49223682510716,5.88682215043787,6.7977813306117385,1,41,1788682179.5795586
1788682236.656065,57.060000,gate_sweep_poor_medium_r15,-0.8809042721986771,3.6237242817878723,4.828683212399483,89.46701173396951,-2.201699733734131,6.686505317687988,-0.03607543930411339,82.53538667069883,5.8983900400369444,6.931625063270687,1,30,1788682179.596041
1788682236.699737,57.092000,gate_sweep_poor_medium_r15,-0.8803007751703262,3.6217761635780334,4.8274877816438675,89.65423498477382,-2.201699733734131,6.686505317687988,-0.03607543930411339,82.5353998840421,5.898551279755304,7.118835100731705,1,28,1788682179.6077151
1788682236.744637,57.124000,gate_sweep_poor_medium_r15,-0.878898873925209,3.6185744404792786,4.825302913784981,90.07463124502144,-2.169868230819702,6.711507320404053,-0.21761780977249146,83.32416184384776,6.055071023881203,6.750469401173676,1,41,1788682179.620616
1788682236.802177,57.160000,gate_sweep_poor_medium_r15,-0.8774552494287491,3.6160252690315247,4.823415592312813,90.51011362947371,-2.167367458343506,6.7135114669799805,-0.23066431283950806,83.39848222915629,6.066466676810565,7.111631400317425,1,17,1788682179.6421556
1788682236.854872,57.192000,gate_sweep_poor_medium_r15,-0.8752235919237137,3.6128199696540833,4.820988491177559,91.16702214787284,-2.1647720336914062,6.715510368347168,-0.24365867674350739,83.48674200606547,6.077851086472801,7.680280141807365,1,20,1788682179.6628451
1788682236.898690,57.224000,gate_sweep_poor_medium_r15,-0.8730863481760025,3.6101542115211487,4.819055870175362,91.7699723235382,-2.1620893478393555,6.717514514923096,-0.25661125779151917,83.58459931942399,6.089303209910222,8.185373004114211,1,33,1788682179.674666
1788682236.956993,57.256000,gate_sweep_poor_medium_r15,-0.8701142221689224,3.6066470742225647,4.816840007901192,92.59966101441076,-2.159292221069336,6.71953010559082,-0.2695152461528778,83.69245885204425,6.101067976204882,8.9072021623665,1,20,1788682179.7009592
1788682237.005202,57.292000,gate_sweep_poor_medium_r15,-0.8688305765390396,3.6051822304725647,4.816078498959541,92.94920328062406,-2.156392812728882,6.721552848815918,-0.28237441182136536,83.80805616108205,6.112593919637246,9.14114711954201,1,19,1788682179.7131846
1788682237.049086,57.324000,gate_sweep_poor_medium_r15,-0.8656019121408463,3.6013148427009583,4.81448920071125,93.85208310550227,-2.1533548831939697,6.723605155944824,-0.2951867878437042,83.9317467664133,6.12501373244564,9.920336339088971,1,11,1788682179.7250671
1788682237.104268,57.356000,gate_sweep_poor_medium_r15,-0.863150492310524,3.597966253757477,4.813659027218819,94.59133240790938,-2.150186777114868,6.725692272186279,-0.30795931816101074,84.06101187313364,6.137597813517165,10.530320534775742,1,2,1788682179.748242
1788682237.147064,57.388000,gate_sweep_poor_medium_r15,-0.8610068708658218,3.594325840473175,4.813208416104317,95.33126673718502,-2.146977186203003,6.727761745452881,-0.3206980228424072,84.18861099008885,6.150539451658125,11.14265574709616,1,10,1788682179.7590437
1788682237.208069,57.424000,gate_sweep_poor_medium_r15,-0.8590623885393143,3.589268743991852,4.8130319863557816,96.23925144808645,-2.1438121795654297,6.729780673980713,-0.33342406153678894,84.3101999471483,6.1643659090642915,11.929051500938147,1,2,1788682179.7840471
1788682237.257024,57.456000,gate_sweep_poor_medium_r15,-0.8582997471094131,3.5847278237342834,4.8131421357393265,96.9360280759152,-2.140745162963867,6.731742858886719,-0.34616145491600037,84.42428581954641,6.1779271132533236,12.511742256368791,1,21,1788682179.8010058
1788682237.300458,57.488000,gate_sweep_poor_medium_r15,-0.8583008199930191,3.580963909626007,4.813361957669258,97.4225652031714,-2.137788772583008,6.733654499053955,-0.358921617269516,84.53061502801339,6.19104714511785,12.89195017515802,1,30,1788682179.81244
1788682237.357910,57.520000,gate_sweep_poor_medium_r15,-0.8595190197229385,3.5739782452583313,4.8140271455049515,98.15754563912444,-2.135007858276367,6.735411643981934,-0.3716728389263153,84.61733740601096,6.205885693466315,13.540208233113468,1,8,1788682179.8378859
1788682237.401004,57.556000,gate_sweep_poor_medium_r15,-0.8616486936807632,3.567752420902252,4.814640834927559,98.6787629611057,-2.1323623657226562,6.737138271331787,-0.3844774663448334,84.69284067434802,6.220172908838038,13.985922286757694,1,36,1788682179.8449843
1788682237.459234,57.588000,gate_sweep_poor_medium_r15,-0.8648290783166885,3.56098872423172,4.815357998013496,99.11107523605388,-2.1298201084136963,6.738950729370117,-0.39739173650741577,84.76609715828894,6.234773821645576,14.344978077764932,1,5,1788682179.871209
1788682237.501143,57.620000,gate_sweep_poor_medium_r15,-0.8689814358949661,3.5537977814674377,4.816140964627266,99.48403012738135,-2.127467632293701,6.740612030029297,-0.4103039503097534,84.81505706000286,6.249423894266901,14.668973067378488,1,50,1788682179.8811233
1788682237.559038,57.652000,gate_sweep_poor_medium_r15,-0.8754629641771317,3.544296085834503,4.817130878567696,99.89535323626004,-2.1252055168151855,6.742317199707031,-0.4232911169528961,84.85882491994892,6.265079263966641,15.036528316311129,1,4,1788682179.907018
1788682237.602274,57.688000,gate_sweep_poor_medium_r15,-0.8799775391817093,3.538335382938385,4.817718341946602,100.10811940388339,-2.122969627380371,6.744124412536621,-0.43635520339012146,84.90503580595465,6.279124258479368,15.203083597928744,1,48,1788682179.9142523
1788682237.659607,57.720000,gate_sweep_poor_medium_r15,-0.8866343647241592,3.5301082730293274,4.8183582574129105,100.35473167124454,-2.1207797527313232,6.745941638946533,-0.4494430720806122,84.94497241102269,6.293999517246523,15.409759260221849,1,9,1788682179.939584
1788682237.710599,57.752000,gate_sweep_poor_medium_r15,-0.8939302116632462,3.521616041660309,4.818837478756905,100.56238073610416,-2.118640661239624,6.7477498054504395,-0.46254414319992065,84.97695718865317,6.308791214163895,15.585423547450981,1,57,1788682179.9585757
1788682237.759021,57.784000,gate_sweep_poor_medium_r15,-0.9037894159555435,3.5106552243232727,4.819367244839668,100.76693242636031,-2.116535186767578,6.749547481536865,-0.4756484627723694,85.0035679548591,6.324426195499386,15.76336447150122,1,58,1788682179.9750042
1788682237.809582,57.820000,gate_sweep_poor_medium_r15,-0.9121625572443008,3.50162535905838,4.81984980404377,100.89889868502367,-2.1144890785217285,6.751212120056152,-0.48869267106056213,85.01413315395997,6.3392449385558445,15.884765531063694,1,41,1788682179.9895575
1788682237.857751,57.852000,gate_sweep_poor_medium_r15,-0.9186392575502396,3.494758903980255,4.820257976651192,100.99070469635168,-2.1125032901763916,6.7527174949646,-0.5016655921936035,85.00806318788474,6.353146935306376,15.982641508466942,1,34,1788682180.005732
1788682237.912550,57.884000,gate_sweep_poor_medium_r15,-0.9296963959932327,3.48331218957901,4.821033790707588,101.13126513929205,-2.110485553741455,6.754335403442383,-0.5147000551223755,85.01094058194914,6.36898041873456,16.120324557342922,1,38,1788682180.028528
1788682237.964228,57.916000,gate_sweep_poor_medium_r15,-0.9409495741128922,3.4719796776771545,4.821969345211983,101.25895409580154,-2.1084651947021484,6.755922317504883,-0.5277145504951477,85.00997426306566,6.384864115232747,16.248979832735884,1,55,1788682180.0482078
1788682238.007755,57.952000,gate_sweep_poor_medium_r15,-0.9477515369653702,3.4653037190437317,4.822531059384346,101.33396791803203,-2.1064670085906982,6.757407188415527,-0.5406785607337952,85.00039154475985,6.39879552936031,16.33357637327218,1,68,1788682180.0557392
1788682238.062702,57.984000,gate_sweep_poor_medium_r15,-0.9591077715158463,3.454465925693512,4.823542907834053,101.45619436520725,-2.1044042110443115,6.759064197540283,-0.5537269711494446,85.00502878823589,6.414600924774077,16.451165576971366,1,9,1788682180.0786846
1788682238.111388,58.016000,gate_sweep_poor_medium_r15,-0.9681383520364761,3.446102201938629,4.824301078915596,101.55289111182272,-2.1023447513580322,6.760666370391846,-0.5667414665222168,85.00482208866295,6.429315633080751,16.54806902315977,1,139,1788682180.0953722
1788682238.160444,58.048000,gate_sweep_poor_medium_r15,-0.9748593121767044,3.4400277733802795,4.824855163693428,101.62489807252187,-2.1023447513580322,6.760666370391846,-0.5667414665222168,85.00480242080388,6.431732140759715,16.620095651717982,1,146,1788682180.1124241
1788682238.208958,58.084000,gate_sweep_poor_medium_r15,-0.9859776049852371,3.4303417801856995,4.825582817196846,101.74242785291298,-2.0873541831970215,6.82860803604126,-0.7442231774330139,88.76411320976914,6.616946631984785,12.978314643143849,1,128,1788682180.1249394
1788682238.263396,58.116000,gate_sweep_poor_medium_r15,-0.9947590380907059,3.4230456948280334,4.826203182339668,101.83827142902872,-2.0853190422058105,6.830304145812988,-0.7573115229606628,88.7757133707632,6.631317194848168,13.062558058265525,1,133,1788682180.1473799
1788682238.313080,58.148000,gate_sweep_poor_medium_r15,-1.0034151822328568,3.4161909222602844,4.8268235474824905,101.93488434405442,-2.0853190422058105,6.830304145812988,-0.7573115229606628,88.77571069723798,6.633946755168824,13.159173646816438,1,150,1788682180.165064
1788682238.361191,58.180000,gate_sweep_poor_medium_r15,-1.0139765292406082,3.408374845981598,4.8275111466646194,102.05454542862785,-2.0853190422058105,6.830304145812988,-0.7573115229606628,88.77570737640085,6.6368380396308915,13.278838052226996,1,130,1788682180.181172
1788682238.403462,58.216000,gate_sweep_poor_medium_r15,-1.0221495181322098,3.402771770954132,4.8280137330293655,102.14586147095939,-2.0853190422058105,6.830304145812988,-0.7573115229606628,88.77570314281989,6.638837686886505,13.370158328139503,1,139,1788682180.1874444
1788682238.459445,58.248000,gate_sweep_poor_medium_r15,-1.0281101018190384,3.3989577889442444,4.828384235501289,102.21583119064626,-2.0853190422058105,6.830304145812988,-0.7573115229606628,88.77570285751176,6.640167593557407,13.440128333134506,1,38,1788682180.2114174
1788682238.502467,58.280000,gate_sweep_poor_medium_r15,-1.0358002930879593,3.394386112689972,4.828921630978584,102.31027750925875,-2.0853190422058105,6.830304145812988,-0.7573115229606628,88.77570337346243,6.641763559873225,13.534574135796305,1,121,1788682180.2224464
1788682238.557366,58.312000,gate_sweep_poor_medium_r15,-1.0449871569871902,3.3895469307899475,4.82942707836628,102.42730653203358,-2.024681329727173,6.837559700012207,-0.910251259803772,94.43071137726585,6.767015601761161,7.996595154767733,1,27,1788682180.245349
1788682238.599128,58.348000,gate_sweep_poor_medium_r15,-1.0520519763231277,3.386432707309723,4.82971365749836,102.51800553244,-2.022629976272583,6.839110374450684,-0.9232819080352783,94.43333621631535,6.779377751992401,8.08466931612465,1,86,1788682180.2511113
1788682238.656494,58.380000,gate_sweep_poor_medium_r15,-1.0589071065187454,3.3840864300727844,4.829955413937569,102.60223646185922,-2.0205817222595215,6.840649127960205,-0.9363129734992981,94.43504586580238,6.7913544206543,8.167190596056834,1,13,1788682180.2764738
1788682238.697353,58.412000,gate_sweep_poor_medium_r15,-1.0639143735170364,3.3828049302101135,4.830080345273018,102.66073710521557,-1.9214500188827515,6.915262222290039,-0.8571650385856628,94.10347325705023,6.749694953082199,8.557263848165343,1,107,1788682180.2853336
1788682238.751597,58.444000,gate_sweep_poor_medium_r15,-1.0719961673021317,3.3817256093025208,4.830185726284981,102.73845574959262,-1.959869623184204,6.881814479827881,-1.0266014337539673,93.07800197771755,6.880472164992208,9.660453771875071,1,30,1788682180.307572
1788682238.799331,58.480000,gate_sweep_poor_medium_r15,-1.0782608538866043,3.3818495869636536,4.830282047390938,102.78120623816488,-1.957875370979309,6.883285999298096,-1.0396709442138672,93.07245639184832,6.891308059574171,9.708749846316563,1,106,1788682180.31931
1788682238.854902,58.512000,gate_sweep_poor_medium_r15,-1.0857697278261185,3.383228123188019,4.830359295010567,102.79974927299624,-1.9558908939361572,6.884760856628418,-1.0527480840682983,93.06494481027947,6.901361804806315,9.73480446271677,1,19,1788682180.3428583
1788682238.898322,58.544000,gate_sweep_poor_medium_r15,-1.091451957821846,3.3853572010993958,4.830418899655342,102.78123140004641,-1.9971094131469727,6.932997226715088,-0.9344435334205627,94.5098223858323,6.829319442669696,8.27140901421411,1,134,1788682180.3543031
1788682238.956695,58.576000,gate_sweep_poor_medium_r15,-1.0968681126832962,3.38846355676651,4.830557182431221,102.7272791724747,-2.0215539932250977,7.001370429992676,-0.933791995048523,94.55250736299485,6.865556167725207,8.174771809479854,1,52,1788682180.3806734
1788682238.995509,58.612000,gate_sweep_poor_medium_r15,-1.100775197148323,3.3914631009101868,4.830708339810371,102.66062749707098,-2.0071141719818115,6.9469170570373535,-0.9458624124526978,94.5407398636241,6.843352455291461,8.119887633446881,1,169,1788682180.3834841
1788682239.051843,58.644000,gate_sweep_poor_medium_r15,-1.1069857627153397,3.397745668888092,4.831019714474678,102.49389768991742,-1.9981614351272583,6.879297256469727,-0.9635780453681946,94.37541555741825,6.818559872470658,8.118482132499166,1,58,1788682180.4078088
1788682239.091141,58.676000,gate_sweep_poor_medium_r15,-1.1116472035646439,3.403898775577545,4.831210449337959,102.30944046707259,-2.006805181503296,6.855132102966309,-0.9753379821777344,94.27310481410925,6.81383328039977,8.036335652963341,1,128,1788682180.4151192
1788682239.147561,58.708000,gate_sweep_poor_medium_r15,-1.1160436421632767,3.4111350178718567,4.831479862332344,102.07900559322167,-2.038090944290161,6.806375026702881,-1.0122278928756714,93.4233392845868,6.821051698470307,8.655666308634851,1,84,1788682180.4395432
1788682239.206222,58.744000,gate_sweep_poor_medium_r15,-1.1211601048707962,3.4217286705970764,4.83187897503376,101.72544143281034,-2.1545398235321045,6.6805419921875,-1.049882173538208,90.46129184116865,6.803150161268408,11.2641495916417,1,54,1788682180.462202
1788682239.248398,58.776000,gate_sweep_poor_medium_r15,-1.1248900443315506,3.4314332604408264,4.832118347287178,101.39097242300154,-2.0308921337127686,6.793959617614746,-1.1521141529083252,94.31642191003608,6.923760676471174,7.074550512965451,1,143,1788682180.472379
1788682239.309426,58.808000,gate_sweep_poor_medium_r15,-1.127465084195137,3.439432442188263,4.832253769040108,101.11092057863759,-1.9931010007858276,6.783914566040039,-1.2205233573913574,94.22765025329781,6.969289573486514,6.883270325339773,1,68,1788682180.501396
1788682239.351349,58.840000,gate_sweep_poor_medium_r15,-1.1313340216875076,3.454045355319977,4.832367733120918,100.59179765867843,-1.9044452905654907,6.819108963012695,-1.3130842447280884,95.22358415282844,7.0489668838725805,5.368213505849988,1,155,1788682180.51133
1788682239.404777,58.876000,gate_sweep_poor_medium_r15,-1.1340453177690506,3.466865360736847,4.832401588559151,100.1374764993897,-1.8618592023849487,6.839522838592529,-1.373525619506836,95.3265684241042,7.100567866402604,4.810908075285506,1,80,1788682180.5287552
1788682239.461416,58.908000,gate_sweep_poor_medium_r15,-1.1364315301179886,3.4806323647499084,4.832364872097969,99.65703495415433,-1.8842353820800781,6.816075801849365,-1.391764521598816,94.29260931416555,7.100998537711403,5.3644256399887835,1,60,1788682180.553381
1788682239.507825,58.940000,gate_sweep_poor_medium_r15,-1.1385205537080765,3.4952345490455627,4.8322580605745316,99.15754674767446,-1.86374032497406,6.812302589416504,-1.5296452045440674,93.96628562700134,7.211289569543862,5.191261120673114,1,175,1788682180.5678053
1788682239.555398,58.972000,gate_sweep_poor_medium_r15,-1.1407478600740433,3.5145838856697083,4.83211787045002,98.52183166551794,-1.8492916822433472,6.800524711608887,-1.552534818649292,93.5678026946123,7.2154855290500866,4.954028970905634,1,107,1788682180.5833733
1788682239.613379,59.008000,gate_sweep_poor_medium_r15,-1.1419063359498978,3.5266414284706116,4.831965282559395,98.14022038886674,-1.8411678075790405,6.79450798034668,-1.5446348190307617,93.42102847391692,7.19923240784564,4.719191914949815,1,77,1788682180.6053364
1788682239.653378,59.040000,gate_sweep_poor_medium_r15,-1.143275573849678,3.54302579164505,4.831718280911446,97.6401797294384,-1.8318049907684326,6.82281494140625,-1.6091890335083008,93.92596856915232,7.260604427855822,3.7142111602860837,1,197,1788682180.613361
1788682239.696959,59.072000,gate_sweep_poor_medium_r15,-1.144462063908577,3.5595884919166565,4.831503227353096,97.15896228578198,-1.8049427270889282,6.7732834815979,-1.642134428024292,93.79484473314865,7.257551562769467,3.3641175526333233,1,132,1788682180.6249366
1788682239.752273,59.104000,gate_sweep_poor_medium_r15,-1.1456354409456253,3.5802655816078186,4.831229522824287,96.59436775032832,-1.7918143272399902,6.734955787658691,-1.657179594039917,93.52485595889283,7.243553707749563,3.0695117914354872,1,104,1788682180.6482468
1788682239.799966,59.140000,gate_sweep_poor_medium_r15,-1.1463477164506912,3.596618950366974,4.830988243222237,96.17694281867232,-1.7550702095031738,6.711655139923096,-1.655621886253357,93.476868484022,7.221502925818678,2.7000743346503024,1,112,1788682180.659947
1788682239.847836,59.172000,gate_sweep_poor_medium_r15,-1.1467911750078201,3.6087079644203186,4.830735519528389,95.8874600003479,-1.7447997331619263,6.703031063079834,-1.6580350399017334,93.27277538574975,7.213639376032772,2.614684614598148,1,61,1788682180.675816
1788682239.905415,59.204000,gate_sweep_poor_medium_r15,-1.1473701745271683,3.628334105014801,4.830244854092598,95.45391179136605,-1.7462637424468994,6.702076435089111,-1.6578160524368286,92.98349275978171,7.204269549664401,2.4704190315843477,1,48,1788682180.7013912
1788682239.944400,59.236000,gate_sweep_poor_medium_r15,-1.149021103978157,3.640630543231964,4.831794574856758,94.5576090987179,-1.7547390460968018,6.699365139007568,-1.6531075239181519,92.83300909515673,7.195603295311257,1.7246000035611684,1,48,1788682180.7083826
1788682239.993780,59.272000,gate_sweep_poor_medium_r15,-1.1513410359621048,3.6502066254615784,4.834521606564522,93.19135473758689,-1.883675456047058,6.536787509918213,-1.5063525438308716,90.6143254819886,7.005379925207777,2.577029255598293,1,35,1788682180.7217598
1788682240.047160,59.304000,gate_sweep_poor_medium_r15,-1.1542760878801346,3.6602001786231995,4.8373168259859085,91.18231345836391,-1.9381290674209595,6.330306053161621,-1.4030780792236328,88.32897111812075,6.832746113221595,2.853342340243167,1,34,1788682180.7431371
1788682240.085262,59.336000,gate_sweep_poor_medium_r15,-1.156732514500618,3.666828453540802,4.839218929409981,89.48866362668855,-2.0021941661834717,6.542361259460449,-1.9879369735717773,87.21737428551815,7.4561083713962395,2.2712893411704105,1,47,1788682180.7492394
1788682240.133268,59.368000,gate_sweep_poor_medium_r15,-1.158598616719246,3.6709919571876526,4.8405283242464066,88.18880152367169,-2.008868932723999,6.537045955657959,-1.995365023612976,86.89063329665822,7.461009515858736,1.2981682270134676,1,23,1788682180.7652478
1788682240.178985,59.404000,gate_sweep_poor_medium_r15,-1.1614063531160355,3.676937162876129,4.8424976617097855,86.02225356653143,-2.015610456466675,6.5318169593811035,-2.0027849674224854,86.55907592403024,7.465781779249469,0.5368223574987946,1,22,1788682180.7749474
1788682240.226151,59.436000,gate_sweep_poor_medium_r15,-1.1632209569215775,3.6810927987098694,4.843876197934151,84.32544225005945,-2.0223965644836426,6.526721000671387,-2.010185480117798,86.23770969277551,7.470873046369392,1.9122674427160646,1,22,1788682180.7901163
1788682240.271453,59.468000,gate_sweep_poor_medium_r15,-1.1645962744951248,3.6848400235176086,4.845210865139961,82.68434231456632,-2.0292210578918457,6.521710395812988,-2.017566680908203,85.92779851636162,7.476170488412769,3.243456201795295,1,16,1788682180.8034365
1788682240.327146,59.500000,gate_sweep_poor_medium_r15,-1.1657247096300125,3.688833773136139,4.846732929348946,80.73857829698481,-2.036083936691284,6.516777038574219,-2.0249290466308594,85.6300089198967,7.481612567407775,4.891430622911895,1,16,1788682180.8271163
1788682240.371226,59.536000,gate_sweep_poor_medium_r15,-1.1662146598100662,3.691435396671295,4.8478358536958694,79.29155186194825,-2.0429673194885254,6.511919975280762,-2.0322651863098145,85.35053343858871,7.487297162869547,6.058981576640463,1,46,1788682180.8352027
1788682240.434413,59.568000,gate_sweep_poor_medium_r15,-1.1663227826356888,3.6930964589118958,4.84858401119709,78.29537711845566,-2.0498530864715576,6.507124900817871,-2.039566993713379,85.09076258255494,7.493063868411984,6.79538546409928,1,20,1788682180.8663871
1788682240.473417,59.600000,gate_sweep_poor_medium_r15,-1.1658025532960892,3.695232927799225,4.849271133542061,77.16147492476969,-2.136176824569702,6.4542460441589355,-1.9268324375152588,75.88919457113104,7.380335982073612,1.272280353638654,1,197,1788682180.8734002
1788682240.536045,59.632000,gate_sweep_poor_medium_r15,-1.1637683659791946,3.6980889439582825,4.8497117310762405,76.08008002073998,-2.279372453689575,6.402043342590332,-2.0698201656341553,71.90231012844815,7.512380683910413,4.177769892291832,1,65,1788682180.9040232
1788682240.581791,59.668000,gate_sweep_poor_medium_r15,-1.1610934287309647,3.700528919696808,4.85008604824543,75.4304459244831,-2.2820990085601807,6.39499044418335,-2.0589780807495117,70.6220303838994,7.500129569248202,4.8084155405837,1,197,1788682180.9137676
1788682240.640606,59.700000,gate_sweep_poor_medium_r15,-1.1576087027788162,3.70309978723526,4.8506129533052444,74.90635748179042,-2.2721376419067383,6.389914035797119,-2.0555334091186523,69.89027044526763,7.493730922687941,5.0160870365227845,1,114,1788682180.9405842
1788682240.684392,59.732000,gate_sweep_poor_medium_r15,-1.1545842438936234,3.7051108479499817,4.851103141903877,74.56417775163496,-2.269798755645752,6.382523059844971,-2.042682647705078,69.27218616115005,7.479072273527066,5.291991590484912,1,193,1788682180.9523745
1788682240.734457,59.764000,gate_sweep_poor_medium_r15,-1.1488267928361893,3.708726465702057,4.852134540677071,74.04136615004747,-2.284853458404541,6.397023677825928,-2.041480541229248,68.19294853775548,7.485948662867091,5.848417612291984,1,134,1788682180.970442
1788682240.786513,59.800000,gate_sweep_poor_medium_r15,-1.1437384635210037,3.7118001580238342,4.853182151913643,73.6341491148778,-2.2888858318328857,6.402275562286377,-2.0382235050201416,67.32892743343541,7.486086582755525,6.305221681442388,1,107,1788682180.9864914
1788682240.849560,59.832000,gate_sweep_poor_medium_r15,-1.1383307725191116,3.7150707840919495,4.854503944516182,73.21732515316148,-2.285766839981079,6.39300012588501,-2.0431196689605713,66.6073882034372,7.487664963240603,6.609936949724286,1,82,1788682181.0175307
1788682240.894792,59.864000,gate_sweep_poor_medium_r15,-1.1311621218919754,3.7195611596107483,4.85643894970417,72.67312306654647,-2.4061591625213623,6.378105640411377,-2.0508384704589844,64.69244274117078,7.510256824443818,7.980680325375697,1,185,1788682181.0307758
1788682240.951520,59.896000,gate_sweep_poor_medium_r15,-1.1251381188631058,3.7235668301582336,4.858266666531563,72.21721057921957,-2.4189810752868652,6.322415828704834,-2.076972007751465,63.75791145297087,7.518349631561773,8.459299126248693,1,121,1788682181.0554984
1788682241.004285,59.932000,gate_sweep_poor_medium_r15,-1.120443418622017,3.726844608783722,4.859799697995186,71.85593898330455,-2.41680908203125,6.312203407287598,-2.0861010551452637,63.04812301583894,7.523973772066522,8.807815967465613,1,102,1788682181.0722673
1788682241.062409,59.964000,gate_sweep_poor_medium_r15,-1.1122946292161942,3.7328110337257385,4.8624633103609085,71.19163814377681,-2.4222867488861084,6.302061080932617,-2.0923874378204346,62.206983051919124,7.5290818887928435,8.984655091857686,1,81,1788682181.0983837
1788682241.107078,59.996000,gate_sweep_poor_medium_r15,-1.105482891201973,3.7380080819129944,4.864517048001289,70.5732790504809,-2.4965875148773193,6.307480335235596,-2.1246581077575684,61.099655490286935,7.575350097024065,9.473623560193968,1,192,1788682181.1110601
1788682241.160316,60.028000,gate_sweep_poor_medium_r15,-1.0983844548463821,3.743673622608185,4.866409137845039,69.85462023243099,-2.498842239379883,6.2646355628967285,-2.1445534229278564,60.182410856687746,7.5809054300395475,9.67220937574324,1,130,1788682181.1322968
1788682241.210472,60.064000,gate_sweep_poor_medium_r15,-1.0946583300828934,3.7504578232765198,4.869065120816231,69.95387412476815,-2.502645969390869,6.237034797668457,-2.1539552211761475,59.39444226723475,7.582104520913633,10.559431857533399,1,92,1788682181.146453
1788682241.262585,60.096000,gate_sweep_poor_medium_r15,-1.0937307626008987,3.754929840564728,4.871180847287178,69.97054117573073,-2.5000123977661133,6.229002475738525,-2.1583917140960693,59.38964129106356,7.583769104955068,10.580899884667172,1,68,1788682181.166557
1788682241.321066,60.128000,gate_sweep_poor_medium_r15,-1.0937919169664383,3.7573702931404114,4.872134521603584,70.29379090033919,-2.511326789855957,6.217840194702148,-2.1750152111053467,59.09806510572984,7.597738914148649,11.195725794609357,1,61,1788682181.193044
1788682241.366670,60.160000,gate_sweep_poor_medium_r15,-1.0946777611970901,3.7606568932533264,4.873225525021553,70.85149066842398,-2.6023547649383545,6.1396355628967285,-2.255082845687866,59.69116776550087,7.664555413470145,11.160322902923108,1,178,1788682181.2066534
1788682241.414605,60.196000,gate_sweep_poor_medium_r15,-1.0961085110902786,3.7625136971473694,4.873898819088936,71.21694656394163,-2.5633132457733154,6.092036724090576,-2.250319004058838,60.16285429148206,7.637659776279078,11.054092272459581,1,92,1788682181.2185864
1788682241.474441,60.228000,gate_sweep_poor_medium_r15,-1.097654178738594,3.7637045979499817,4.874389961361885,71.50692137347039,-2.48974347114563,6.233668804168701,-2.2324209213256836,60.22222684060319,7.651496370013022,11.284694532867201,1,66,1788682181.2464154
1788682241.515212,60.260000,gate_sweep_poor_medium_r15,-1.0991236716508865,3.764350950717926,4.874730423092842,71.72200773673262,-2.704105854034424,5.969142436981201,-2.305546760559082,60.12559004124022,7.680719610670608,11.596417695492397,1,191,1788682181.2551951
1788682241.569297,60.292000,gate_sweep_poor_medium_r15,-1.100517824292183,3.7644768357276917,4.874960735440254,71.86166552849984,-2.7289607524871826,5.914057731628418,-2.288278102874756,60.178535681843734,7.654052198225084,11.683129846656117,1,55,1788682181.2772782
1788682241.629570,60.328000,gate_sweep_poor_medium_r15,-1.1018087416887283,3.764139473438263,4.87515814602375,71.93210256935558,-2.725210428237915,5.930644512176514,-2.3170814514160156,60.04387640532503,7.684886957252495,11.88822616403055,1,41,1788682181.3015532
1788682241.671454,60.360000,gate_sweep_poor_medium_r15,-1.1029530316591263,3.763374149799347,4.87529356777668,71.94456060205773,-2.9765126705169678,5.920560359954834,-2.3350915908813477,60.01294334920789,7.755857928162304,11.93161725284985,1,199,1788682181.3114252
1788682241.721478,60.392000,gate_sweep_poor_medium_r15,-1.1037150174379349,3.762686550617218,4.8753793984651566,71.9446466200589,-2.9738998413085938,5.910410404205322,-2.345747709274292,60.0880532132952,7.7624085007706825,11.856593406763709,1,100,1788682181.3294463
1788682241.783082,60.424000,gate_sweep_poor_medium_r15,-1.104796126484871,3.7614877820014954,4.87547142803669,71.94491077280004,-2.9738998413085938,5.910410404205322,-2.345747709274292,60.08804870288193,7.762565488422856,11.856862069918119,1,92,1788682181.3590662
1788682241.832371,60.460000,gate_sweep_poor_medium_r15,-1.105559304356575,3.760536253452301,4.875531032681465,71.9456596178555,-2.9738998413085938,5.910410404205322,-2.345747709274292,60.08805295264855,7.76270068308165,11.857606665206943,1,64,1788682181.3723423
1788682241.886854,60.492000,gate_sweep_poor_medium_r15,-1.1061080247163773,3.759722054004669,4.875553444027901,71.94481666282569,-2.9738998413085938,5.910410404205322,-2.345747709274292,60.08805002194757,7.762815017537211,11.856766640878115,1,56,1788682181.3948283
1788682241.937456,60.524000,gate_sweep_poor_medium_r15,-1.10659821331501,3.7588968873023987,4.87553246319294,71.94343428443469,-2.9738998413085938,5.910410404205322,-2.345747709274292,60.08805029769927,7.762906228506941,11.855383986735413,1,54,1788682181.4134417
1788682241.991016,60.556000,gate_sweep_poor_medium_r15,-1.1069132834672928,3.7583640217781067,4.875536754727364,71.94179699490482,-2.9738998413085938,5.910410404205322,-2.345747709274292,60.088042349702654,7.762982142792153,11.853754645202168,1,52,1788682181.434999
1788682242.040115,60.592000,gate_sweep_poor_medium_r15,-1.107127621769905,3.757986843585968,4.875561073422432,71.94097611936124,-2.9738998413085938,5.910410404205322,-2.345747709274292,60.088031302782156,7.763057789235086,11.852944816579082,1,50,1788682181.4480972
1788682242.091564,60.624000,gate_sweep_poor_medium_r15,-1.10745008289814,3.7573700547218323,4.8755553513765335,71.93680257039136,-2.9738998413085938,5.910410404205322,-2.345747709274292,60.08803816959231,7.763145969318071,11.84876440079906,1,50,1788682181.4675477
1788682242.145784,60.656000,gate_sweep_poor_medium_r15,-1.1076505929231644,3.7568991780281067,4.875499561429024,71.93423980061695,-2.9738998413085938,5.910410404205322,-2.345747709274292,60.08802763775742,7.763176476353642,11.846212162859523,1,48,1788682181.489767
1788682242.196177,60.688000,gate_sweep_poor_medium_r15,-1.1077721863985062,3.7564499974250793,4.875423267483711,71.93180985786069,-2.9738998413085938,5.910410404205322,-2.345747709274292,60.088050417232274,7.763200894860912,11.843759440628414,1,48,1788682181.5081546
1788682242.250468,60.724000,gate_sweep_poor_medium_r15,-1.107778623700142,3.755852520465851,4.875332668423653,71.92988422950673,-2.9738998413085938,5.910410404205322,-2.345747709274292,60.08802722662944,7.763280871794261,11.841857002877287,1,47,1788682181.5264459
1788682242.299912,60.756000,gate_sweep_poor_medium_r15,-1.1076519042253494,3.7553206086158752,4.875147178769112,71.92743085486454,-2.9738998413085938,5.910410404205322,-2.345747709274292,60.08803342933198,7.763286441571803,11.839397425532551,1,46,1788682181.5438964
1788682242.353818,60.788000,gate_sweep_poor_medium_r15,-1.1074655801057816,3.7548792958259583,4.874931171536446,71.92636661278358,-2.9738998413085938,5.910410404205322,-2.345747709274292,60.08804519324603,7.76325284338782,11.838321419537545,1,46,1788682181.5657933
1788682242.404208,60.820000,gate_sweep_poor_medium_r15,-1.1069985181093216,3.754031002521515,4.874577358365059,71.9233172219652,-2.9738998413085938,5.910410404205322,-2.345747709274292,60.08803210688077,7.763271652914807,11.835285115084437,1,46,1788682181.5841901
1788682242.461704,60.856000,gate_sweep_poor_medium_r15,-1.1065208464860916,3.7532599568367004,4.874279335141182,71.9205630333493,-2.9738998413085938,5.910410404205322,-2.345747709274292,60.08802813512854,7.7633235720906155,11.83253489822075,1,46,1788682181.6056857
1788682242.511107,60.888000,gate_sweep_poor_medium_r15,-1.1060047894716263,3.752460777759552,4.873963192105293,71.9189197759859,-2.9738998413085938,5.910410404205322,-2.345747709274292,60.088040102526186,7.7633758130373725,11.83087967345971,1,45,1788682181.6230893
1788682242.561169,60.920000,gate_sweep_poor_medium_r15,-1.1055008918046951,3.751662313938141,4.873624160885811,71.91623704216704,-2.9738998413085938,5.910410404205322,-2.345747709274292,60.08804424366136,7.763403773564689,11.828192798505684,1,44,1788682181.6411471
1788682242.616096,60.952000,gate_sweep_poor_medium_r15,-1.1049212962388992,3.750662624835968,4.873183086514473,71.91506408523144,-2.9738998413085938,5.910410404205322,-2.345747709274292,60.08802189696142,7.76341117723447,11.827042188270019,1,44,1788682181.6640806
1788682242.671178,60.988000,gate_sweep_poor_medium_r15,-1.1046016961336136,3.750092089176178,4.872922256588936,71.91262925409015,-2.9738998413085938,5.910410404205322,-2.345747709274292,60.08801932364256,7.763404334044492,11.824609930447581,1,44,1788682181.6831589
1788682242.721570,61.020000,gate_sweep_poor_medium_r15,-1.104253128170967,3.7493613362312317,4.872594192624092,71.91173492986981,-2.9738998413085938,5.910410404205322,-2.345747709274292,60.088030229802044,7.763386614026123,11.823704700067761,1,43,1788682181.7015507
1788682242.775369,61.052000,gate_sweep_poor_medium_r15,-1.1040490418672562,3.748655378818512,4.872261360287666,71.91027723248081,-2.9738998413085938,5.910410404205322,-2.345747709274292,60.08801918977714,7.763322853664867,11.822258042703668,1,43,1788682181.7233424
1788682242.822404,61.084000,gate_sweep_poor_medium_r15,-1.1039582043886185,3.747831165790558,4.871877506375313,71.90856095770914,-2.9738998413085938,5.910410404205322,-2.345747709274292,60.08803246970196,7.763217402693972,11.82052848800719,1,42,1788682181.7383854
1788682242.872116,61.120000,gate_sweep_poor_medium_r15,-1.1039551049470901,3.7472346425056458,4.8715647011995316,71.90854297170871,-2.9738998413085938,5.910410404205322,-2.345747709274292,60.08803541404759,7.763093527932698,11.820507557661116,1,42,1788682181.7520986
1788682242.924832,61.152000,gate_sweep_poor_medium_r15,-1.1040019541978836,3.746827185153961,4.871321991086006,71.90809229943508,-2.9738998413085938,5.910410404205322,-2.345747709274292,60.088024857569515,7.762970147684483,11.82006744186557,1,41,1788682181.7728128
1788682242.977211,61.184000,gate_sweep_poor_medium_r15,-1.1041280776262283,3.74621444940567,4.8708861619234085,71.90757600543512,-2.9738998413085938,5.910410404205322,-2.345747709274292,60.08802530882939,7.762705392448753,11.81955069660574,1,40,1788682181.7931898
1788682243.030708,61.216000,gate_sweep_poor_medium_r15,-1.1042955666780472,3.7458282113075256,4.8705738335847855,71.9070646708988,-2.9738998413085938,5.910410404205322,-2.345747709274292,60.08804442910262,7.762482387964501,11.819020241796194,1,40,1788682181.81469
1788682243.084383,61.252000,gate_sweep_poor_medium_r15,-1.1044796258211136,3.745502531528473,4.870311573147774,71.90725763810698,-2.9738998413085938,5.910410404205322,-2.345747709274292,60.088031630468535,7.762285076359997,11.819226007638454,1,40,1788682181.8323672
1788682243.138316,61.284000,gate_sweep_poor_medium_r15,-1.1046909838914871,3.7450981736183167,4.870040252804756,71.90660658512333,-2.9738998413085938,5.910410404205322,-2.345747709274292,60.0880379922402,7.762094738036965,11.818568592883128,1,38,1788682181.8542936
1788682243.188708,61.316000,gate_sweep_poor_medium_r15,-1.1048265248537064,3.7447810769081116,4.869993522763252,71.9068183009922,-2.9738998413085938,5.910410404205322,-2.345747709274292,60.08802805768811,7.762107121990789,11.81879024330409,1,38,1788682181.8726892
1788682243.240630,61.348000,gate_sweep_poor_medium_r15,-1.10490782558918,3.7445631623268127,4.87001259624958,71.90715584936513,-2.9738998413085938,5.910410404205322,-2.345747709274292,60.08801728387345,7.76216607763256,11.81913856549167,1,38,1788682181.892609
1788682243.288359,61.384000,gate_sweep_poor_medium_r15,-1.105035975575447,3.7442293763160706,4.870189502835274,71.91152592292799,-2.9738998413085938,5.910410404205322,-2.345747709274292,60.08802606779833,7.762392816866327,11.823499855129665,1,38,1788682181.90434
1788682243.338052,61.416000,gate_sweep_poor_medium_r15,-1.1051173955202103,3.7439919114112854,4.8704613000154495,71.92258071354073,-2.9738998413085938,5.910410404205322,-2.345747709274292,60.08802200380241,7.7626921477900455,11.83455870973832,1,37,1788682181.922037
1788682243.389206,61.448000,gate_sweep_poor_medium_r15,-1.1051581650972366,3.743815243244171,4.870770767331123,71.94083202558606,-2.9738998413085938,5.910410404205322,-2.345747709274292,60.08803175368893,7.763019320283626,11.852800271897125,1,36,1788682181.941188
1788682243.439728,61.480000,gate_sweep_poor_medium_r15,-1.1051396876573563,3.743787109851837,4.871176555752754,71.97419792458177,-2.9738998413085938,5.910410404205322,-2.345747709274292,60.08803809364039,7.763408842682828,11.886159830941372,1,34,1788682181.9597092
1788682243.488216,61.516000,gate_sweep_poor_medium_r15,-1.1050433665513992,3.743955910205841,4.871560886502266,72.01099496427378,-2.9738998413085938,5.910410404205322,-2.345747709274292,60.08801308732579,7.763742201057595,11.922981876947986,1,32,1788682181.9721985
1788682243.546240,61.548000,gate_sweep_poor_medium_r15,-1.1049284487962723,3.7441757321357727,4.871858909726143,72.0436806754769,-2.9821553230285645,5.925682544708252,-2.3445732593536377,59.90294313092739,7.76915992637361,12.140737544549518,1,30,1788682181.998209
1788682243.593700,61.580000,gate_sweep_poor_medium_r15,-1.1047759801149368,3.744571030139923,4.872330978512764,72.09408831278367,-2.9821553230285645,5.925682544708252,-2.3445732593536377,59.90293566030187,7.769524272097706,12.191152652481804,1,187,1788682182.0136778
1788682243.644413,61.612000,gate_sweep_poor_medium_r15,-1.1046325713396072,3.745169937610626,4.872925594449043,72.16329566664358,-2.9821553230285645,5.925682544708252,-2.3445732593536377,59.90292960356698,7.7699431540690425,12.260366063076592,1,117,1788682182.0323987
1788682243.692751,61.648000,gate_sweep_poor_medium_r15,-1.104575827717781,3.7457061409950256,4.8734119683504105,72.21880087314831,-2.9821553230285645,5.925682544708252,-2.3445732593536377,59.90292892486095,7.7702582086640986,12.31587194828736,1,108,1788682182.0447295
1788682243.740508,61.680000,gate_sweep_poor_medium_r15,-1.1045690327882767,3.74623566865921,4.873941734433174,72.27308900683238,-2.9821553230285645,5.925682544708252,-2.3445732593536377,59.90292027509524,7.770603430773136,12.370168731737134,1,100,1788682182.060484
1788682243.791089,61.712000,gate_sweep_poor_medium_r15,-1.1045754700899124,3.7465980648994446,4.874326065182686,72.31187616295176,-2.9821553230285645,5.925682544708252,-2.3445732593536377,59.902922690162924,7.7708572713759025,12.408953472788829,1,95,1788682182.0790725
1788682243.840748,61.744000,gate_sweep_poor_medium_r15,-1.1046701222658157,3.7470973134040833,4.874969318509102,72.36502062888913,-2.9821553230285645,5.925682544708252,-2.3445732593536377,59.90292364494609,7.7712919982917095,12.462096983943031,1,91,1788682182.0967162
1788682243.889768,61.780000,gate_sweep_poor_medium_r15,-1.1047735959291458,3.7473753094673157,4.875468090176582,72.38474491170786,-2.9821553230285645,5.925682544708252,-2.3445732593536377,59.902910203067115,7.771652440071929,12.481834708640738,1,90,1788682182.109751
1788682243.940061,61.812000,gate_sweep_poor_medium_r15,-1.1048899441957474,3.747585117816925,4.8759144097566605,72.38520709034998,-2.9821553230285645,5.925682544708252,-2.3445732593536377,59.90288752138929,7.771980177751923,12.482319568960696,1,88,1788682182.1280353
1788682243.993396,61.844000,gate_sweep_poor_medium_r15,-1.1050878316164017,3.7479174733161926,4.876454189419746,72.38428049540143,-2.9821553230285645,5.925682544708252,-2.3445732593536377,59.90289856614137,7.772340734259549,12.481381929260056,1,87,1788682182.1493793
1788682244.042856,61.876000,gate_sweep_poor_medium_r15,-1.105302169919014,3.748242199420929,4.876868084073067,72.38426950753076,-2.9821553230285645,5.925682544708252,-2.3445732593536377,59.90289044301652,7.772582536851875,12.48137906451425,1,85,1788682182.1668372
1788682244.100755,61.912000,gate_sweep_poor_medium_r15,-1.105465367436409,3.7485280632972717,4.877199485898018,72.38505037027315,-2.9821553230285645,5.925682544708252,-2.3445732593536377,59.90288695342078,7.772770960822661,12.482163416852368,1,85,1788682182.188734
1788682244.152112,61.944000,gate_sweep_poor_medium_r15,-1.1057714968919754,3.7490773797035217,4.877762153744698,72.3850518040195,-2.9821553230285645,5.925682544708252,-2.3445732593536377,59.90290284557163,7.773066005548039,12.482148958447858,1,85,1788682182.2080889
1788682244.202293,61.976000,gate_sweep_poor_medium_r15,-1.1060398370027542,3.749523937702179,4.878171280026436,72.3783718072901,-2.9821553230285645,5.925682544708252,-2.3445732593536377,59.90289352947095,7.7732563498766165,12.475478277819143,1,85,1788682182.2262778
1788682244.257771,62.008000,gate_sweep_poor_medium_r15,-1.1063158065080643,3.749897062778473,4.878557041287422,72.35555412926874,-2.9821553230285645,5.925682544708252,-2.3445732593536377,59.90290953686459,7.773443747474814,12.452644592404146,1,85,1788682182.249752
1788682244.312016,62.044000,gate_sweep_poor_medium_r15,-1.1066476851701736,3.7501850724220276,4.879009082913399,72.28914957737977,-2.9821553230285645,5.925682544708252,-2.3445732593536377,59.90289927355506,7.773703107728069,12.386250303824724,1,83,1788682182.267997
1788682244.361557,62.076000,gate_sweep_poor_medium_r15,-1.1069235354661942,3.75023752450943,4.879368141293526,72.20114329109143,-2.9821553230285645,5.925682544708252,-2.3445732593536377,59.90290689012007,7.773955534538149,12.298236400971353,1,82,1788682182.285539
1788682244.410721,62.108000,gate_sweep_poor_medium_r15,-1.1071298867464066,3.7501423954963684,4.879596546292305,72.11313353210018,-2.9821553230285645,5.925682544708252,-2.3445732593536377,59.90290348531858,7.77414462872569,12.210230046781593,1,82,1788682182.3026814
1788682244.461028,62.140000,gate_sweep_poor_medium_r15,-1.1074735671281815,3.749681293964386,4.879844501614571,71.92232348767511,-2.9821553230285645,5.925682544708252,-2.3445732593536377,59.90290263090183,7.77442120766154,12.01942085677329,1,79,1788682182.3210092
1788682244.519329,62.176000,gate_sweep_poor_medium_r15,-1.1078676730394363,3.749042809009552,4.8798325806856155,71.71744824579008,-2.9821553230285645,5.925682544708252,-2.3445732593536377,59.90288381193872,7.774493840470744,11.814564433851357,1,72,1788682182.3433042
1788682244.566348,62.208000,gate_sweep_poor_medium_r15,-1.1085023432970047,3.7481094002723694,4.879723384976387,71.69532787235052,-2.9821553230285645,5.925682544708252,-2.3445732593536377,59.90290678245213,7.7745007745258725,11.792421089898388,1,190,1788682182.358323
1788682244.614324,62.240000,gate_sweep_poor_medium_r15,-1.1092602759599686,3.7468636631965637,4.879500702023506,71.6784289879237,-2.9821553230285645,5.925682544708252,-2.3445732593536377,59.90290614695346,7.774460249767388,11.77552284097023,1,80,1788682182.3743076
1788682244.666290,62.272000,gate_sweep_poor_medium_r15,-1.1103854924440384,3.7448518872261047,4.879101112484932,71.63927711741555,-2.9821553230285645,5.925682544708252,-2.3445732593536377,59.902900280310874,7.774382038828411,11.73637683710467,1,68,1788682182.394266
1788682244.716441,62.308000,gate_sweep_poor_medium_r15,-1.1111949235200882,3.7434480786323547,4.878770187497139,71.61348736929143,-2.9821553230285645,5.925682544708252,-2.3445732593536377,59.90290135471935,7.774273640194338,11.710586014572092,1,55,1788682182.4084241
1788682244.775146,62.340000,gate_sweep_poor_medium_r15,-1.1124324351549149,3.7413676381111145,4.878238990902901,71.57664372689885,-2.9821553230285645,5.925682544708252,-2.3445732593536377,59.902874865103854,7.774066637936477,11.673768861794994,1,45,1788682182.4351265
1788682244.820179,62.372000,gate_sweep_poor_medium_r15,-1.1138327866792679,3.7390382885932922,4.877568081021309,71.53892737927835,-2.9821553230285645,5.925682544708252,-2.3445732593536377,59.90287552586243,7.773761492545551,11.63605185341592,1,179,1788682182.4481614
1788682244.871524,62.404000,gate_sweep_poor_medium_r15,-1.1157674342393875,3.7358229756355286,4.876559570431709,71.4905341005109,-2.9821553230285645,5.925682544708252,-2.3445732593536377,59.90289357307124,7.773264952970664,11.587640527439664,1,100,1788682182.4675045
1788682244.921998,62.440000,gate_sweep_poor_medium_r15,-1.1174201518297195,3.7330854535102844,4.875634983181953,71.45030825954588,-2.9821553230285645,5.925682544708252,-2.3445732593536377,59.90287681825413,7.772781119304381,11.547431441291748,1,77,1788682182.481975
1788682244.974146,62.472000,gate_sweep_poor_medium_r15,-1.1187047511339188,3.730993330478668,4.874875381588936,71.41900333545236,-2.9821553230285645,5.925682544708252,-2.3445732593536377,59.90288519819503,7.772357908650227,11.516118137257335,1,62,1788682182.502133
1788682245.034902,62.504000,gate_sweep_poor_medium_r15,-1.1208588629961014,3.7274537682533264,4.873501613736153,71.36634857492501,-2.9821553230285645,5.925682544708252,-2.3445732593536377,59.90288549740234,7.771566067356958,11.463463077522677,1,56,1788682182.5308838
1788682245.085217,62.536000,gate_sweep_poor_medium_r15,-1.1225686818361282,3.724600613117218,4.87232668697834,71.3223097776982,-2.9821553230285645,5.925682544708252,-2.3445732593536377,59.90288485646154,7.770873115747316,11.419424921236661,1,172,1788682182.5492008
1788682245.141357,62.572000,gate_sweep_poor_medium_r15,-1.1242389231920242,3.721710503101349,4.87103970348835,71.27922787784384,-2.9821553230285645,5.925682544708252,-2.3445732593536377,59.902893920807415,7.77009758873721,11.376333957036419,1,77,1788682182.569339
1788682245.190946,62.604000,gate_sweep_poor_medium_r15,-1.1262224465608597,3.718060553073883,4.869287326931953,71.22671718979592,-2.9821553230285645,5.925682544708252,-2.3445732593536377,59.90289026094257,7.769032517518902,11.323826928853347,1,69,1788682182.5869272
1788682245.251260,62.636000,gate_sweep_poor_medium_r15,-1.127708986401558,3.7151227593421936,4.8677686005830765,71.18568495984731,-2.9821553230285645,5.925682544708252,-2.3445732593536377,59.90289911261323,7.768102785410498,11.282785847234088,1,64,1788682182.6152387
1788682245.298835,62.668000,gate_sweep_poor_medium_r15,-1.1287633925676346,3.7129088044166565,4.866703346371651,71.15490194337725,-2.9821553230285645,5.925682544708252,-2.3445732593536377,59.902887634393444,7.767492488435543,11.252014308983814,1,160,1788682182.6308186
1788682245.351166,62.704000,gate_sweep_poor_medium_r15,-1.1303791552782059,3.7092514634132385,4.864844635128975,71.1058283340968,-2.9821553230285645,5.925682544708252,-2.3445732593536377,59.90287882604896,7.766424408366111,11.202949508047833,1,105,1788682182.647142
1788682245.402175,62.736000,gate_sweep_poor_medium_r15,-1.131566122174263,3.7063575387001038,4.8632896691560745,71.0677772971903,-2.9821553230285645,5.925682544708252,-2.3445732593536377,59.902887156405754,7.765524571385775,11.164890140784546,1,92,1788682182.666155
1788682245.452635,62.768000,gate_sweep_poor_medium_r15,-1.1326627284288406,3.703510820865631,4.86173851788044,71.03097281341478,-2.9821553230285645,5.925682544708252,-2.3445732593536377,59.902895028033775,7.764637754488453,11.128077785380995,1,79,1788682182.6846123
1788682245.502533,62.800000,gate_sweep_poor_medium_r15,-1.133895829319954,3.6999688744544983,4.859802082180977,70.9862009588896,-2.9821553230285645,5.925682544708252,-2.3445732593536377,59.902893658545935,7.763561589872939,11.083307300343666,1,74,1788682182.7025099
1788682245.561269,62.836000,gate_sweep_poor_medium_r15,-1.13482566177845,3.697169601917267,4.858272388577461,70.9493868018208,-2.9821553230285645,5.925682544708252,-2.3445732593536377,59.90290161684339,7.762723893160272,11.046485184977403,1,61,1788682182.7252533
1788682245.607370,62.868000,gate_sweep_poor_medium_r15,-1.1355587989091873,3.6951199173927307,4.857162311673164,70.92272796606547,-2.9821553230285645,5.925682544708252,-2.3445732593536377,59.90289354236736,7.762108192511827,11.019834423698107,1,174,1788682182.7393525
1788682245.654551,62.900000,gate_sweep_poor_medium_r15,-1.1366700679063797,3.6924427151679993,4.8557141572237015,70.88308417732182,-2.9821553230285645,5.925682544708252,-2.3445732593536377,59.90288062593744,7.761270182414754,10.980203551384387,1,80,1788682182.754535
1788682245.702918,62.932000,gate_sweep_poor_medium_r15,-1.138402298092842,3.6891499161720276,4.853869751095772,70.82960418188145,-2.9821553230285645,5.925682544708252,-2.3445732593536377,59.902867729585026,7.760095694651886,10.926736452296428,1,65,1788682182.770898
1788682245.753114,62.968000,gate_sweep_poor_medium_r15,-1.1401656419038773,3.686516582965851,4.852354362607002,70.78478836890908,-2.9821553230285645,5.925682544708252,-2.3445732593536377,59.902875875974814,7.759030698826731,10.88191249293426,1,52,1788682182.7850845
1788682245.809271,63.000000,gate_sweep_poor_medium_r15,-1.142347291111946,3.683805763721466,4.850873306393623,70.73840274754333,-2.9821553230285645,5.925682544708252,-2.3445732593536377,59.90287252500935,7.75792216872254,10.835530222533981,1,45,1788682182.8092499
1788682245.852153,63.032000,gate_sweep_poor_medium_r15,-1.144270971417427,3.681725323200226,4.849797561764717,70.70376838167078,-2.9821553230285645,5.925682544708252,-2.3445732593536377,59.902887822732225,7.757069963176451,10.800880558938552,1,171,1788682182.8201318
1788682245.901983,63.064000,gate_sweep_poor_medium_r15,-1.1482550650835037,3.6782014966011047,4.847905948758125,70.65066076205152,-2.9821553230285645,5.925682544708252,-2.3445732593536377,59.90288001263266,7.7553928576708335,10.74778074941885,1,76,1788682182.8379538
1788682245.960295,63.100000,gate_sweep_poor_medium_r15,-1.15230031311512,3.6753490567207336,4.846165493130684,70.62322355876958,-2.9821553230285645,5.925682544708252,-2.3445732593536377,59.90289302422806,7.753650364244133,10.720330534541528,1,63,1788682182.8602738
1788682246.006466,63.132000,gate_sweep_poor_medium_r15,-1.1572389155626297,3.6724994778633118,4.84407551586628,70.65746627636736,-2.9821553230285645,5.925682544708252,-2.3445732593536377,59.902892902606865,7.751375686962023,10.754573373760488,1,164,1788682182.874448
1788682246.056446,63.164000,gate_sweep_poor_medium_r15,-1.1648407727479935,3.668960392475128,4.840853527188301,70.80220880862342,-2.9821553230285645,5.925682544708252,-2.3445732593536377,59.902898812454666,7.747630938021996,10.899309996168759,1,74,1788682182.8924313
1788682246.110789,63.196000,gate_sweep_poor_medium_r15,-1.172070935368538,3.6661794781684875,4.837508514523506,71.09755073481234,-2.9821553230285645,5.925682544708252,-2.3445732593536377,59.902890181577085,7.743646311965148,11.194660553235256,1,67,1788682182.9147692
1788682246.155881,63.232000,gate_sweep_poor_medium_r15,-1.1782655268907547,3.6640952229499817,4.83444245159626,71.47155595243545,-2.9821553230285645,5.925682544708252,-2.3445732593536377,59.90288458981886,7.739965257584386,11.568671362616596,1,180,1788682182.923856
1788682246.206193,63.264000,gate_sweep_poor_medium_r15,-1.190137341618538,3.6605382561683655,4.828239277005196,72.45737188526114,-2.9821553230285645,5.925682544708252,-2.3445732593536377,59.902905412709984,7.732492921131462,12.55446647255115,1,90,1788682182.9421678
1788682246.262422,63.296000,gate_sweep_poor_medium_r15,-1.2012410908937454,3.657419502735138,4.8226002007722855,73.54500523362545,-2.9821553230285645,5.925682544708252,-2.3445732593536377,59.9028990671429,7.725609887726333,13.642106166482545,1,73,1788682182.9664009
1788682246.309290,63.328000,gate_sweep_poor_medium_r15,-1.214347317814827,3.6540024876594543,4.816727951169014,74.87629925128023,-2.9821553230285645,5.925682544708252,-2.3445732593536377,59.902892480209076,7.718154601504443,14.97340677107115,1,224,1788682182.98127
1788682246.364513,63.364000,gate_sweep_poor_medium_r15,-1.2342726737260818,3.649323284626007,4.809355095028877,76.81423003053564,-2.9821553230285645,5.925682544708252,-2.3445732593536377,59.90290664781729,7.70815127876542,16.91132338271835,1,93,1788682183.0004954
1788682246.410423,63.396000,gate_sweep_poor_medium_r15,-1.2536556273698807,3.6452272534370422,4.803735569119453,78.53318902106899,-2.9797744750976562,5.915380954742432,-2.3119277954101562,61.806430563322394,7.665882155456114,16.726758457746595,1,252,1788682183.014407
1788682246.467361,63.428000,gate_sweep_poor_medium_r15,-1.2705405503511429,3.641928732395172,4.799925163388252,79.8990793433245,-2.9940438270568848,5.877845287322998,-2.299626350402832,63.52532236673805,7.640249870415825,16.373756976586456,1,187,1788682183.0393412
1788682246.513283,63.460000,gate_sweep_poor_medium_r15,-1.3035027533769608,3.6360676884651184,4.79500038921833,82.28903668497722,-3.0070242881774902,5.831948280334473,-2.3019697666168213,65.36000403414798,7.621736192370639,16.92903265082924,1,210,1788682183.0532465
1788682246.553236,63.496000,gate_sweep_poor_medium_r15,-1.334523394703865,3.631019651889801,4.792783573269844,84.28697973984204,-3.0331056118011475,5.78507137298584,-2.322463274002075,67.8402227842995,7.625736558720667,16.446756955542543,1,148,1788682183.057218
1788682246.611530,63.528000,gate_sweep_poor_medium_r15,-1.3788862973451614,3.624293625354767,4.792347267270088,86.87482446973374,-3.0344014167785645,5.7450761795043945,-2.333372116088867,70.64699529250377,7.61671357496365,16.227829177229957,1,89,1788682183.0835164
1788682246.647070,63.560000,gate_sweep_poor_medium_r15,-1.4082738906145096,3.6200459599494934,4.7931507378816605,88.46407749809269,-3.059253215789795,5.736451148986816,-2.341998338699341,73.20663317785308,7.6233362776001865,15.25744432023962,1,294,1788682183.0870478
1788682246.706162,63.592000,gate_sweep_poor_medium_r15,-1.4615097790956497,3.612596333026886,4.796226814389229,91.15238514752271,-3.1154978275299072,5.743289947509766,-2.348275661468506,75.19018878338002,7.636717054513594,15.96219636414268,1,181,1788682183.1141388
1788682246.743749,63.628000,gate_sweep_poor_medium_r15,-1.4958015233278275,3.60788232088089,4.79909785091877,92.77371160741208,-3.1785707473754883,5.761518478393555,-2.3482701778411865,77.70281715308238,7.652106291661654,15.070894454329695,1,302,1788682183.1157339
1788682246.790365,63.660000,gate_sweep_poor_medium_r15,-1.5437037497758865,3.601340591907501,4.803986385464668,94.91959295385603,-3.215498447418213,5.7681565284729,-2.3439526557922363,80.34339259528502,7.653954621732707,14.576200358570995,1,206,1788682183.130344
1788682246.848906,63.692000,gate_sweep_poor_medium_r15,-1.5936758071184158,3.5944653153419495,4.809972122311592,97.02208803129517,-3.265784502029419,5.772030830383301,-2.322840452194214,82.7698156131453,7.6429545519335935,14.25227241814987,1,139,1788682183.1568787
1788682246.890214,63.724000,gate_sweep_poor_medium_r15,-1.658279612660408,3.585429012775421,4.818796470761299,99.59092338008315,-3.3189494609832764,5.773278713226318,-2.3189165592193604,84.60470099418131,7.647970839068849,14.986222385901849,1,294,1788682183.1661956
1788682246.944648,63.760000,gate_sweep_poor_medium_r15,-1.724149540066719,3.575942575931549,4.828942134976387,102.02173436342926,-3.420520067214966,5.778225421905518,-2.3163979053497314,86.07135630525379,7.667046823317051,15.950378058175481,1,160,1788682183.1846294
1788682246.987065,63.792000,gate_sweep_poor_medium_r15,-1.7506554871797562,3.5719440579414368,4.833329990506172,102.96181436559354,-3.3750622272491455,5.791232585906982,-2.3004541397094727,88.12526277307046,7.645574853734605,14.836551592523081,1,264,1788682183.1950402
1788682247.046138,63.824000,gate_sweep_poor_medium_r15,-1.8164855986833572,3.5618258118629456,4.844758823513985,105.14520827249284,-3.396674156188965,5.770565032958984,-2.3064208030700684,90.80859476401116,7.6495029169058055,14.33661350848168,1,136,1788682183.2221148
1788682247.088458,63.856000,gate_sweep_poor_medium_r15,-1.8683516532182693,3.553485691547394,4.854287460446358,106.72402741671281,-3.435225486755371,5.749680042266846,-2.29986310005188,92.7911673729819,7.645929209627338,13.932860043730907,1,207,1788682183.2324336
1788682247.136952,63.892000,gate_sweep_poor_medium_r15,-1.91900534927845,3.5450175404548645,4.863966777920723,108.14047690909375,-3.4609484672546387,5.749695301055908,-2.309333086013794,95.2476828108754,7.661228592405132,12.892794098218344,1,136,1788682183.2449303
1788682247.193337,63.924000,gate_sweep_poor_medium_r15,-1.9800375252962112,3.5344062447547913,4.8760741502046585,109.65411028282763,-3.485912799835205,5.754843711853027,-2.2914493083953857,97.10794816667307,7.6531951116735195,12.54616211615457,1,101,1788682183.269311
1788682247.238008,63.956000,gate_sweep_poor_medium_r15,-2.0265916138887405,3.5259814858436584,4.885659530758858,110.65895022447661,-3.4972493648529053,5.743444442749023,-2.2811760902404785,97.26058448994564,7.644835446505268,13.398365734530966,1,318,1788682183.281993
1788682247.288704,63.988000,gate_sweep_poor_medium_r15,-2.0599780827760696,3.5197463631629944,4.892702415585518,111.28691866074116,-3.5655083656311035,5.741683006286621,-2.285869598388672,97.30936478298848,7.6639102316286625,13.977553877752676,1,228,1788682183.3006845
1788682247.349527,64.024000,gate_sweep_poor_medium_r15,-2.112492397427559,3.5095914006233215,4.903930500149727,112.09191566283587,-3.6198132038116455,5.734095573425293,-2.2844362258911133,98.03111068101464,7.674180804243725,14.060804981821228,1,170,1788682183.325504
1788682247.397057,64.056000,gate_sweep_poor_medium_r15,-2.1513212472200394,3.5017643570899963,4.912290886044502,112.52912340281772,-3.6748740673065186,5.717733860015869,-2.2700207233428955,98.24144963946836,7.669245992131951,14.287673763349371,1,317,1788682183.3410387
1788682247.439394,64.088000,gate_sweep_poor_medium_r15,-2.18732912838459,3.494326412677765,4.920012786984444,112.78973104064585,-3.7023277282714844,5.693331241607666,-2.2904131412506104,98.96678846535019,7.689023674165701,13.822942575295661,1,221,1788682183.3513677
1788682247.493277,64.120000,gate_sweep_poor_medium_r15,-2.227912977337837,3.4857638478279114,4.928661659359932,112.8802699321847,-3.7158000469207764,5.667272567749023,-2.294320821762085,99.82218174063652,7.690530810647567,13.05808819154818,1,175,1788682183.3732612
1788682247.552572,64.156000,gate_sweep_poor_medium_r15,-2.2567222863435745,3.479565441608429,4.9346655160188675,112.77769162360752,-3.717632293701172,5.642851829528809,-2.2946596145629883,100.8324154474288,7.686169910262298,11.945276176178727,1,125,1788682183.3965561
1788682247.592376,64.188000,gate_sweep_poor_medium_r15,-2.2761388570070267,3.475323975086212,4.9386056214571,112.60521786439779,-3.7157394886016846,5.631951332092285,-2.3106563091278076,101.31436393610348,7.699044750727349,11.290853928294322,1,332,1788682183.404354
1788682247.641106,64.220000,gate_sweep_poor_medium_r15,-2.2991836816072464,3.470276176929474,4.943111255764961,112.26061737410454,-3.7302749156951904,5.636852741241455,-2.3091375827789307,101.16848701147272,7.70306363374148,11.092130362631817,1,215,1788682183.4210877
1788682247.691563,64.252000,gate_sweep_poor_medium_r15,-2.3234048634767532,3.465002119541168,4.947377040982246,111.66068945674422,-3.7353413105010986,5.647191524505615,-2.3126895427703857,101.06713194774974,7.711295736132575,10.59355750899448,1,160,1788682183.439545
1788682247.748256,64.288000,gate_sweep_poor_medium_r15,-2.339085176587105,3.461640417575836,4.949626758694649,111.06213172008037,-3.7522993087768555,5.653468132019043,-2.3246994018554688,100.5999320880573,7.727684258772868,10.462199632023061,1,138,1788682183.4602273
1788682247.795299,64.320000,gate_sweep_poor_medium_r15,-2.351534202694893,3.459050238132477,4.950964763760567,110.41189108720009,-3.87471866607666,5.632425785064697,-2.335744857788086,98.59368000893983,7.7549848024519195,11.818211078260273,1,330,1788682183.4752755
1788682247.840825,64.352000,gate_sweep_poor_medium_r15,-2.358992412686348,3.4576030373573303,4.951486900448799,109.93097860950769,-3.9798436164855957,5.599652290344238,-2.3481333255767822,96.35052923709806,7.778173890527326,13.580449372409635,1,193,1788682183.4887977
1788682247.883896,64.384000,gate_sweep_poor_medium_r15,-2.3675626069307327,3.456254541873932,4.951375797390938,109.15557451873029,-4.017366409301758,5.54944372177124,-2.373725414276123,95.33732603506083,7.794895848587286,13.818248483669455,1,164,1788682183.4998794
1788682247.933691,64.420000,gate_sweep_poor_medium_r15,-2.371291473507881,3.456153452396393,4.950550392270088,108.5863398631217,-4.0071563720703125,5.530961036682129,-2.4108164310455322,94.80462143813276,7.821163723230079,13.781718424988943,1,131,1788682183.513666
1788682247.978418,64.452000,gate_sweep_poor_medium_r15,-2.3724964410066605,3.4569714665412903,4.949282959103584,108.0835613963255,-4.18427848815918,5.537162780761719,-2.3560750484466553,92.67822613086278,7.808841508739993,15.40533526546273,1,332,1788682183.526398
1788682248.022229,64.484000,gate_sweep_poor_medium_r15,-2.3708885461091995,3.459353744983673,4.947316005825996,107.56665824945739,-4.23427152633667,5.5399909019470215,-2.355766534805298,91.30807632027009,7.8189680716327,16.258581929187287,1,194,1788682183.5382125
1788682248.069143,64.516000,gate_sweep_poor_medium_r15,-2.3674541264772415,3.4624345898628235,4.9454921036958694,107.25124026107804,-4.241731643676758,5.552469730377197,-2.3906450271606445,90.29810691733978,7.854939280656227,16.953133343738266,1,152,1788682183.553107
1788682248.112625,64.552000,gate_sweep_poor_medium_r15,-2.3638392239809036,3.4654820561408997,4.944017246365547,107.07562228203304,-4.367782115936279,5.517889499664307,-2.3389034271240234,89.97391016849332,7.8274578864910245,17.101712113539712,1,304,1788682183.560606
1788682248.159891,64.584000,gate_sweep_poor_medium_r15,-2.356356456875801,3.471929132938385,4.941531017422676,106.90077098252013,-4.350235462188721,5.518970489501953,-2.3346352577209473,90.05785713371657,7.8171943475166765,16.842913848803555,1,183,1788682183.5758731
