t_wall,t_sim,exp_id,gt_x,gt_y,gt_z,gt_dyaw_deg,vslam_x,vslam_y,vslam_z,vslam_dyaw_deg,pos_error_m,yaw_error_deg,vo_state,feature_count,msg_age_s
1788596049.734268,35.476000,gate_sweep_extreme_r02,0.0006455541588366032,0.0005528628826141357,0.00022226572036743164,-0.0006935105755527079,0.0,0.0,0.0,0.0,0.0008785212515438083,0.0006935105755527079,1,,1788596014.2582517
1788596049.825402,35.512000,gate_sweep_extreme_r02,0.001085188239812851,0.0009422851726412773,0.00037883222103118896,-0.0013833715736155869,0.0,0.0,0.0,0.0,0.0014862868882214964,0.0013833715736155869,1,380,1788596014.3133814
1788596049.869693,35.544000,gate_sweep_extreme_r02,0.0016040820628404617,0.0014054281637072563,0.0005851686000823975,-0.0024901558255540665,0.0,0.0,0.0,0.0,0.0022114994637554074,0.0024901558255540665,1,380,1788596014.3256695
1788596049.913162,35.576000,gate_sweep_extreme_r02,0.002061480423435569,0.0018035965040326118,0.0007395893335342407,-0.002462841190125823,0.0,0.0,0.0,0.0,0.002837191263881301,0.002462841190125823,1,380,1788596014.3371444
1788596049.957171,35.608000,gate_sweep_extreme_r02,0.0025317089166492224,0.002198822796344757,0.0008780062198638916,-0.002934457352840745,0.0,0.0,0.0,0.0,0.0034663044659242266,0.0029344573528407455,1,380,1788596014.3491514
1788596050.002012,35.644000,gate_sweep_extreme_r02,0.0028383987955749035,0.0024239281192421913,0.000917583703994751,-0.002606427915464534,0.0,0.0,0.0,0.0,0.0038436824925858243,0.002606427915464534,1,380,1788596014.3579948
1788596050.048149,35.676000,gate_sweep_extreme_r02,0.0030100273434072733,0.0025573642924427986,0.0008539110422134399,-0.0023706011445187333,0.0,0.0,0.0,0.0,0.00404098265281292,0.0023706011445187333,1,380,1788596014.3721328
1788596050.095156,35.708000,gate_sweep_extreme_r02,0.0031965088564902544,0.002761276438832283,0.0006688088178634644,-0.002702305469085579,0.0,0.0,0.0,0.0,0.004276636724825111,0.002702305469085579,1,380,1788596014.3871377
1788596050.139127,35.740000,gate_sweep_extreme_r02,0.0032554767094552517,0.002950056456029415,0.000479087233543396,-0.001848297245196739,0.0,0.0,0.0,0.0,0.004419330976167172,0.001848297245196739,1,380,1788596014.3991067
1788596050.184370,35.776000,gate_sweep_extreme_r02,0.003245026571676135,0.003161689266562462,0.00030615925788879395,-0.0006287899363808895,0.0,0.0,0.0,0.0,0.004540948134516784,0.0006287899363808895,1,380,1788596014.4083495
1788596050.226224,35.808000,gate_sweep_extreme_r02,0.0031898372108116746,0.003440920263528824,9.626150131225586e-05,0.0015263856774383228,0.0,0.0,0.0,0.0,0.004693001168556957,0.0015263856774383228,1,380,1788596014.418205
1788596050.270431,35.840000,gate_sweep_extreme_r02,0.003122345427982509,0.0036804964765906334,-2.6494264602661133e-05,0.0011985637057153752,0.0,0.0,0.0,0.0,0.004826571995930049,0.0011985637057153752,1,380,1788596014.4304135
1788596050.314728,35.872000,gate_sweep_extreme_r02,0.0030789849115535617,0.00389045849442482,-5.4895877838134766e-05,0.0020383752941283712,0.0,0.0,0.0,0.0,0.004961736484318807,0.0020383752941283712,1,380,1788596014.4427097
1788596050.361734,35.908000,gate_sweep_extreme_r02,0.0030528559582307935,0.004283576272428036,9.521842002868652e-06,0.0027794879467347615,0.0,0.0,0.0,0.0,0.005260137436311797,0.002779487946734762,1,380,1788596014.453708
1788596050.409612,35.940000,gate_sweep_extreme_r02,0.003133254940621555,0.0045995647087693214,0.00012984871864318848,0.004360654831263355,0.0,0.0,0.0,0.0,0.005566879082827188,0.004360654831263355,1,380,1788596014.4695904
1788596050.455028,35.972000,gate_sweep_extreme_r02,0.003279983880929649,0.004880208522081375,0.0002618134021759033,0.0043916674350462995,0.0,0.0,0.0,0.0,0.005885853866323299,0.0043916674350462995,1,380,1788596014.4830127
1788596050.502541,36.004000,gate_sweep_extreme_r02,0.0035553680500015616,0.005180521868169308,0.0003748089075088501,0.0048696025375606,0.0,0.0,0.0,0.0,0.0062943570374344275,0.0048696025375606,1,380,1788596014.4985232
1788596050.547494,36.040000,gate_sweep_extreme_r02,0.0038520972011610866,0.00533930491656065,0.0003978610038757324,0.005487756137529929,0.0,0.0,0.0,0.0,0.0065958413578259155,0.005487756137529929,1,380,1788596014.5074763
1788596050.591864,36.072000,gate_sweep_extreme_r02,0.004080088285263628,0.005425787530839443,0.0003962218761444092,0.0060306527989389645,0.0,0.0,0.0,0.0,0.0068002413575176624,0.0060306527989389645,1,380,1788596014.5198357
1788596050.639894,36.104000,gate_sweep_extreme_r02,0.004345785302575678,0.005526977591216564,0.00038743019104003906,0.004694976476282369,0.0,0.0,0.0,0.0,0.007041550492812087,0.004694976476282369,1,380,1788596014.5358446
1788596050.686810,36.136000,gate_sweep_extreme_r02,0.004622186301276088,0.005595267750322819,0.00039024651050567627,0.004035670892212399,0.0,0.0,0.0,0.0,0.007268006586435428,0.004035670892212399,1,380,1788596014.5507913
1788596050.735181,36.172000,gate_sweep_extreme_r02,0.004788742669916246,0.005587320774793625,0.0002324432134628296,0.004186083148834176,0.0,0.0,0.0,0.0,0.007362352860777723,0.004186083148834176,1,380,1788596014.5631652
1788596050.783687,36.204000,gate_sweep_extreme_r02,0.00487530905593303,0.005548838526010513,0.00016510486602783203,0.00404274999035415,0.0,0.0,0.0,0.0,0.007388200524849553,0.004042749990354151,1,380,1788596014.5796676
1788596050.829324,36.236000,gate_sweep_extreme_r02,0.004898382110241073,0.0054976241663098335,0.00019472837448120117,0.004117763575545584,0.0,0.0,0.0,0.0,0.007365863012013716,0.004117763575545584,1,380,1788596014.5933032
1788596050.873062,36.268000,gate_sweep_extreme_r02,0.004901307866703064,0.005367799662053585,0.00028377771377563477,0.004244315320787658,0.0,0.0,0.0,0.0,0.007274381197530389,0.004244315320787658,1,380,1788596014.6050434
1788596050.921746,36.304000,gate_sweep_extreme_r02,0.004924381160890334,0.005177438259124756,0.00041888654232025146,0.004500344030679146,0.0,0.0,0.0,0.0,0.007157573798440183,0.004500344030679146,1,380,1788596014.6177282
1788596050.969982,36.336000,gate_sweep_extreme_r02,0.0049788861942943186,0.004922899417579174,0.0006151199340820312,0.0038379092724265197,0.0,0.0,0.0,0.0,0.007028699662429816,0.0038379092724265197,1,380,1788596014.633963
1788596051.017617,36.368000,gate_sweep_extreme_r02,0.005057991147623397,0.004536927677690983,0.0009288191795349121,0.0033017477038706543,0.0,0.0,0.0,0.0,0.006857819789868136,0.0033017477038706543,1,380,1788596014.6495988
1788596051.064950,36.400000,gate_sweep_extreme_r02,0.0051431011816021055,0.004195776768028736,0.0011547207832336426,0.003144681571626694,0.0,0.0,0.0,0.0,0.006737166506667202,0.003144681571626694,1,380,1788596014.6649292
1788596051.109909,36.436000,gate_sweep_extreme_r02,0.005240126221906394,0.003924433141946793,0.0012802928686141968,0.003062607034502568,0.0,0.0,0.0,0.0,0.006670775677276647,0.0030626070345025676,1,380,1788596014.6738882
1788596051.157571,36.468000,gate_sweep_extreme_r02,0.005469018069561571,0.0034492304548621178,0.0015705376863479614,0.0017681644347794234,0.0,0.0,0.0,0.0,0.006653866394824779,0.0017681644347794234,1,380,1788596014.6895492
1788596051.203942,36.500000,gate_sweep_extreme_r02,0.005666723242029548,0.003044169396162033,0.0018337666988372803,0.0010169492588728013,0.0,0.0,0.0,0.0,0.006688902744101753,0.0010169492588728015,1,380,1788596014.703921
1788596051.248518,36.532000,gate_sweep_extreme_r02,0.005849903740454465,0.0026118168607354164,0.0021520256996154785,0.0003919710897707987,0.0,0.0,0.0,0.0,0.00675826721123177,0.0003919710897707987,1,380,1788596014.7165
1788596051.293959,36.568000,gate_sweep_extreme_r02,0.0060522862477228045,0.0020368602126836777,0.0026056915521621704,0.0007575612740895063,0.0,0.0,0.0,0.0,0.0068969991166736916,0.0007575612740895063,1,380,1788596014.725939
1788596051.336995,36.600000,gate_sweep_extreme_r02,0.00624001759570092,0.0015162574127316475,0.0029869526624679565,0.00022832497853006057,0.0,0.0,0.0,0.0,0.0070822836955423615,0.00022832497853006057,1,380,1788596014.7369766
1788596051.389586,36.632000,gate_sweep_extreme_r02,0.0063755817245692015,0.001110927201807499,0.003269389271736145,-0.0013157372970449862,0.0,0.0,0.0,0.0,0.00725059361600966,0.001315737297044986,1,380,1788596014.7575674
1788596051.432818,36.664000,gate_sweep_extreme_r02,0.006556272855959833,0.0004318682476878166,0.0036982595920562744,-0.0019919071234401065,0.0,0.0,0.0,0.0,0.007539784344090545,0.0019919071234401065,1,380,1788596014.7688024
1788596051.482501,36.700000,gate_sweep_extreme_r02,0.006662795320153236,-0.00012420164421200752,0.004022076725959778,-0.002674983558124189,0.0,0.0,0.0,0.0,0.007783660367474172,0.002674983558124189,1,380,1788596014.7824793
1788596051.547152,36.732000,gate_sweep_extreme_r02,0.00669119693338871,-0.0006703874096274376,0.004380807280540466,-0.002924260769544597,0.0,0.0,0.0,0.0,0.00802577149622476,0.002924260769544597,1,380,1788596014.8151364
1788596051.633740,36.764000,gate_sweep_extreme_r02,0.006684670690447092,-0.0010604043491184711,0.004684507846832275,-0.003456994751596719,0.0,0.0,0.0,0.0,0.008231275319802207,0.003456994751596719,1,380,1788596014.869718
1788596051.678739,36.796000,gate_sweep_extreme_r02,0.006627986207604408,-0.0016441401094198227,0.005249142646789551,-0.0044986782191277,0.0,0.0,0.0,0.0,0.008613181548878562,0.0044986782191277,1,380,1788596014.882721
1788596051.727618,36.832000,gate_sweep_extreme_r02,0.006527791498228908,-0.0020350301638245583,0.0057373493909835815,-0.005236451354092538,0.0,0.0,0.0,0.0,0.008925838204126551,0.005236451354092538,1,380,1788596014.895599
1788596051.776088,36.864000,gate_sweep_extreme_r02,0.0064362394623458385,-0.0024006045423448086,0.00621168315410614,-0.005308006798495035,0.0,0.0,0.0,0.0,0.009261376150032476,0.005308006798495035,1,380,1788596014.9120684
1788596051.824671,36.896000,gate_sweep_extreme_r02,0.006381897022947669,-0.00266719376668334,0.006545364856719971,-0.004682877947183974,0.0,0.0,0.0,0.0,0.009522832210436538,0.004682877947183974,1,380,1788596014.9286525
1788596051.873099,36.928000,gate_sweep_extreme_r02,0.006362379528582096,-0.0031514978036284447,0.0071239173412323,-0.00434786818086474,0.0,0.0,0.0,0.0,0.010057932688018235,0.00434786818086474,1,380,1788596014.9450808
1788596051.919161,36.964000,gate_sweep_extreme_r02,0.006446094834245741,-0.003603240940719843,0.007583692669868469,-0.004788636878584945,0.0,0.0,0.0,0.0,0.010585267044339788,0.004788636878584945,1,380,1788596014.955141
1788596051.965751,36.996000,gate_sweep_extreme_r02,0.0066208712523803115,-0.004105409141629934,0.008001372218132019,-0.005194947832574548,0.0,0.0,0.0,0.0,0.011167465143615607,0.005194947832574547,1,380,1788596014.9697325
1788596052.070110,37.028000,gate_sweep_extreme_r02,0.00691236718557775,-0.00474578735884279,0.00845077633857727,-0.006164555138979231,0.0,0.0,0.0,0.0,0.011904576367442125,0.00616455513897923,1,380,1788596015.04209
1788596052.117783,37.060000,gate_sweep_extreme_r02,0.007144745206460357,-0.0052218560595065355,0.008645862340927124,-0.007455706725018269,0.0,0.0,0.0,0.0,0.012371988538214269,0.007455706725018269,1,380,1788596015.057763
1788596052.163714,37.096000,gate_sweep_extreme_r02,0.007305956445634365,-0.005532005219720304,0.008718907833099365,-0.007879131761749283,0.0,0.0,0.0,0.0,0.0126490883125465,0.007879131761749283,1,380,1788596015.0676937
1788596052.210339,37.128000,gate_sweep_extreme_r02,0.007555194664746523,-0.006000480556394905,0.008758604526519775,-0.009522044062204896,0.0,0.0,0.0,0.0,0.013030728551460978,0.009522044062204896,1,380,1788596015.082321
1788596052.258032,37.160000,gate_sweep_extreme_r02,0.007762278662994504,-0.006347158690914512,0.008746683597564697,-0.010457796041953661,0.0,0.0,0.0,0.0,0.013305783233073454,0.010457796041953661,1,380,1788596015.098011
1788596052.303862,37.192000,gate_sweep_extreme_r02,0.008027235046029091,-0.006707579414069187,0.008719965815544128,-0.012920682820521447,0.0,0.0,0.0,0.0,0.013618587588457937,0.012920682820521447,1,380,1788596015.1118338
1788596052.353792,37.228000,gate_sweep_extreme_r02,0.008458067895844579,-0.007205844682175666,0.008655309677124023,-0.013241286821446183,0.0,0.0,0.0,0.0,0.0140846546184588,0.013241286821446183,1,380,1788596015.1257694
1788596052.397795,37.260000,gate_sweep_extreme_r02,0.008852323051542044,-0.007668036152608693,0.008657112717628479,-0.013944814072553439,0.0,0.0,0.0,0.0,0.014563928125759936,0.013944814072553437,1,380,1788596015.1377778
1788596052.446260,37.292000,gate_sweep_extreme_r02,0.009113006293773651,-0.008050217293202877,0.00864650309085846,-0.014685963086817034,0.0,0.0,0.0,0.0,0.01492028477872878,0.014685963086817034,1,380,1788596015.1542425
1788596052.489268,37.324000,gate_sweep_extreme_r02,0.009439130313694477,-0.008679839549586177,0.008560791611671448,-0.016489295977766466,0.0,0.0,0.0,0.0,0.015418299150812017,0.016489295977766466,1,380,1788596015.1652503
1788596052.534676,37.360000,gate_sweep_extreme_r02,0.009633848443627357,-0.009148990036919713,0.008438602089881897,-0.01707689542509362,0.0,0.0,0.0,0.0,0.015739283965981316,0.01707689542509362,1,380,1788596015.1746516
1788596052.581542,37.392000,gate_sweep_extreme_r02,0.009836282581090927,-0.009599354583770037,0.008260607719421387,-0.017035590827479956,0.0,0.0,0.0,0.0,0.016035513815721148,0.017035590827479956,1,380,1788596015.1895251
1788596052.629634,37.424000,gate_sweep_extreme_r02,0.01003228547051549,-0.010016216430813074,0.008039608597755432,-0.017260597626518593,0.0,0.0,0.0,0.0,0.01629744304349333,0.017260597626518593,1,380,1788596015.205616
1788596052.674689,37.456000,gate_sweep_extreme_r02,0.010212948080152273,-0.010518806288018823,0.00778631865978241,-0.01853450721756389,0.0,0.0,0.0,0.0,0.01660049253740461,0.01853450721756389,1,380,1788596015.2186704
1788596052.720392,37.492000,gate_sweep_extreme_r02,0.010255839675664902,-0.010823070537298918,0.007643416523933411,-0.018940909792349025,0.0,0.0,0.0,0.0,0.016755384790169057,0.018940909792349025,1,380,1788596015.228373
1788596052.765268,37.524000,gate_sweep_extreme_r02,0.010276565328240395,-0.011243414599448442,0.007458716630935669,-0.01909444800662551,0.0,0.0,0.0,0.0,0.01696038385713246,0.01909444800662551,1,380,1788596015.2412496
1788596052.817200,37.556000,gate_sweep_extreme_r02,0.010298974812030792,-0.011699873954057693,0.007309064269065857,-0.019233910839214687,0.0,0.0,0.0,0.0,0.017215642689397848,0.019233910839214687,1,380,1788596015.2611816
1788596052.861839,37.588000,gate_sweep_extreme_r02,0.010311661753803492,-0.012341033667325974,0.007184341549873352,-0.019865949488425624,0.0,0.0,0.0,0.0,0.017613808322113747,0.019865949488425624,1,380,1788596015.27382
1788596052.904842,37.624000,gate_sweep_extreme_r02,0.010234199464321136,-0.012904853094369173,0.007088378071784973,-0.020169496381194155,0.0,0.0,0.0,0.0,0.01793095579581085,0.020169496381194155,1,380,1788596015.2808225
1788596052.952342,37.656000,gate_sweep_extreme_r02,0.010126163251698017,-0.013349840883165598,0.0070144981145858765,-0.01998514566851254,0.0,0.0,0.0,0.0,0.018164818127507025,0.01998514566851254,1,380,1788596015.2963214
1788596052.999182,37.688000,gate_sweep_extreme_r02,0.009904219303280115,-0.01411691727116704,0.006896078586578369,-0.020412150558997307,0.0,0.0,0.0,0.0,0.018572474609504935,0.020412150558997304,1,380,1788596015.3111627
1788596053.043509,37.720000,gate_sweep_extreme_r02,0.00968671590089798,-0.014776078052818775,0.0068059563636779785,-0.021600933039131683,0.0,0.0,0.0,0.0,0.018933726246885246,0.021600933039131687,1,380,1788596015.3234925
1788596053.094723,37.756000,gate_sweep_extreme_r02,0.00943029671907425,-0.015445884317159653,0.00670015811920166,-0.021310650682953458,0.0,0.0,0.0,0.0,0.01929761532861418,0.021310650682953458,1,380,1788596015.3387003
1788596053.139913,37.788000,gate_sweep_extreme_r02,0.009082062169909477,-0.016230720095336437,0.006487041711807251,-0.02160095490469013,0.0,0.0,0.0,0.0,0.01969776226483572,0.02160095490469013,1,380,1788596015.351891
1788596053.190332,37.820000,gate_sweep_extreme_r02,0.008761481614783406,-0.016798884607851505,0.006288304924964905,-0.021939363309707395,0.0,0.0,0.0,0.0,0.019962686767653188,0.021939363309707395,1,380,1788596015.3703115
1788596053.234803,37.852000,gate_sweep_extreme_r02,0.008536778390407562,-0.017177329398691654,0.006110593676567078,-0.0212148608797849,0.0,0.0,0.0,0.0,0.020131482450087664,0.0212148608797849,1,380,1788596015.3827875
1788596053.279281,37.888000,gate_sweep_extreme_r02,0.008202864089980721,-0.017690740525722504,0.005743205547332764,-0.020490587530326742,0.0,0.0,0.0,0.0,0.020328150176197775,0.020490587530326742,1,380,1788596015.3912642
1788596053.324767,37.920000,gate_sweep_extreme_r02,0.007974620210006833,-0.01794266514480114,0.00542120635509491,-0.019476376192641687,0.0,0.0,0.0,0.0,0.020369665641262562,0.019476376192641687,1,380,1788596015.4047484
1788596053.370662,37.952000,gate_sweep_extreme_r02,0.007791318232193589,-0.018102741800248623,0.00513826310634613,-0.019804510222860745,0.0,0.0,0.0,0.0,0.02036702354866363,0.019804510222860745,1,380,1788596015.4186428
1788596053.415540,37.984000,gate_sweep_extreme_r02,0.0076333992183208466,-0.01822687778621912,0.004900485277175903,-0.019933828850278487,0.0,0.0,0.0,0.0,0.0203593372537479,0.019933828850278487,1,380,1788596015.4315226
1788596053.462753,38.020000,gate_sweep_extreme_r02,0.0075703756883740425,-0.018301595002412796,0.004751965403556824,-0.019588898552152945,0.0,0.0,0.0,0.0,0.020367624871154386,0.019588898552152945,1,380,1788596015.4427242
1788596053.509176,38.052000,gate_sweep_extreme_r02,0.007557128556072712,-0.01834291499108076,0.004653066396713257,-0.019752669434843495,0.0,0.0,0.0,0.0,0.020377039757414398,0.019752669434843495,1,380,1788596015.4571574
1788596053.554945,38.084000,gate_sweep_extreme_r02,0.00758136622607708,-0.01835162751376629,0.004529684782028198,-0.020288932294282185,0.0,0.0,0.0,0.0,0.020366084318848923,0.020288932294282188,1,380,1788596015.4709268
1788596053.609571,38.116000,gate_sweep_extreme_r02,0.007674922002479434,-0.018250814639031887,0.004498720169067383,-0.021337620561980086,0.0,0.0,0.0,0.0,0.020303574707228704,0.021337620561980086,1,380,1788596015.4935503
1788596053.656246,38.152000,gate_sweep_extreme_r02,0.007773052202537656,-0.018066858872771263,0.0045365989208221436,-0.019745943576416763,0.0,0.0,0.0,0.0,0.020184460850872728,0.019745943576416763,1,380,1788596015.50423
1788596053.701529,38.184000,gate_sweep_extreme_r02,0.007896368624642491,-0.017796482890844345,0.004579201340675354,-0.019417933236616332,0.0,0.0,0.0,0.0,0.02000091312062519,0.019417933236616332,1,380,1788596015.5175054
1788596053.746327,38.216000,gate_sweep_extreme_r02,0.007986444979906082,-0.01756534818559885,0.00461442768573761,-0.018974112761621597,0.0,0.0,0.0,0.0,0.01983980098603032,0.018974112761621593,1,380,1788596015.5303075
1788596053.791319,38.248000,gate_sweep_extreme_r02,0.00810656906105578,-0.01708008535206318,0.00470338761806488,-0.01938717792688392,0.0,0.0,0.0,0.0,0.019482495545006445,0.01938717792688392,1,380,1788596015.5433009
1788596053.837700,38.284000,gate_sweep_extreme_r02,0.008169210283085704,-0.016619944013655186,0.004846587777137756,-0.01862932386671911,0.0,0.0,0.0,0.0,0.019142830217807584,0.01862932386671911,1,380,1788596015.5536804
1788596053.883521,38.316000,gate_sweep_extreme_r02,0.008176668547093868,-0.01612114254385233,0.00500410795211792,-0.01777539068722085,0.0,0.0,0.0,0.0,0.01875607213263719,0.01777539068722085,1,380,1788596015.5675023
1788596053.931440,38.348000,gate_sweep_extreme_r02,0.00812891055829823,-0.015485855750739574,0.005248114466667175,-0.016662143632703214,0.0,0.0,0.0,0.0,0.018260164858312965,0.016662143632703214,1,380,1788596015.5834217
1788596053.977253,38.380000,gate_sweep_extreme_r02,0.008050113683566451,-0.014981371350586414,0.0054373592138290405,-0.01691469691194157,0.0,0.0,0.0,0.0,0.017855270736752405,0.01691469691194157,1,380,1788596015.5972342
1788596054.021804,38.416000,gate_sweep_extreme_r02,0.007986689452081919,-0.014595510438084602,0.005591824650764465,-0.01710265049936491,0.0,0.0,0.0,0.0,0.017552339908887656,0.01710265049936491,1,380,1788596015.6057897
1788596054.066703,38.448000,gate_sweep_extreme_r02,0.007901827339082956,-0.013956960290670395,0.0058394670486450195,-0.015794626055991683,0.0,0.0,0.0,0.0,0.017068538052927674,0.015794626055991683,1,380,1788596015.61868
1788596054.114089,38.480000,gate_sweep_extreme_r02,0.007871528854593635,-0.013461301103234291,0.0059516578912734985,-0.01511836774551455,0.0,0.0,0.0,0.0,0.016691010321589133,0.01511836774551455,1,380,1788596015.6340668
1788596054.162048,38.512000,gate_sweep_extreme_r02,0.007882897974923253,-0.012962412554770708,0.006087377667427063,-0.014080246774200071,0.0,0.0,0.0,0.0,0.016346876967452104,0.014080246774200071,1,380,1788596015.6500258
1788596054.208943,38.548000,gate_sweep_extreme_r02,0.007955987006425858,-0.012335058767348528,0.006261751055717468,-0.014002022285969772,0.0,0.0,0.0,0.0,0.015958099207742056,0.014002022285969768,1,380,1788596015.6609242
1788596054.252457,38.580000,gate_sweep_extreme_r02,0.008065924979746342,-0.01180094899609685,0.006394550204277039,-0.013647083007047369,0.0,0.0,0.0,0.0,0.015659240572339223,0.013647083007047367,1,380,1788596015.6724384
1788596054.297762,38.612000,gate_sweep_extreme_r02,0.008159725228324533,-0.011382413562387228,0.00649753212928772,-0.013664046118602476,0.0,0.0,0.0,0.0,0.015438859351587434,0.013664046118602476,1,380,1788596015.6857452
1788596054.341500,38.644000,gate_sweep_extreme_r02,0.008347500348463655,-0.01065201498568058,0.00666065514087677,-0.012417539444144868,0.0,0.0,0.0,0.0,0.015083451601952805,0.012417539444144868,1,380,1788596015.6974823
1788596054.391900,38.680000,gate_sweep_extreme_r02,0.008506192127242684,-0.010062400018796325,0.006867557764053345,-0.011973503904246074,0.0,0.0,0.0,0.0,0.014858349446908533,0.011973503904246074,1,380,1788596015.7118852
1788596054.437924,38.712000,gate_sweep_extreme_r02,0.008705696323886514,-0.009485522983595729,0.007116660475730896,-0.012359293457221537,0.0,0.0,0.0,0.0,0.014710919450628648,0.012359293457221539,1,380,1788596015.725906
1788596054.483372,38.744000,gate_sweep_extreme_r02,0.008940521162003279,-0.008919303771108389,0.007390573620796204,-0.011218434656567949,0.0,0.0,0.0,0.0,0.014632411860453678,0.011218434656567949,1,380,1788596015.739351
1788596054.528497,38.776000,gate_sweep_extreme_r02,0.009280687663704157,-0.008202538592740893,0.00782892107963562,-0.011126006801657536,0.0,0.0,0.0,0.0,0.014652808882524786,0.011126006801657536,1,380,1788596015.7524793
1788596054.574192,38.812000,gate_sweep_extreme_r02,0.009512523654848337,-0.007766709430143237,0.008075818419456482,-0.011699680302429237,0.0,0.0,0.0,0.0,0.014697915661765025,0.011699680302429235,1,380,1788596015.762173
1788596054.623822,38.844000,gate_sweep_extreme_r02,0.009823879227042198,-0.007173916441388428,0.008396834135055542,-0.01183644219059562,0.0,0.0,0.0,0.0,0.01478108601108756,0.011836442190595618,1,380,1788596015.7798042
1788596054.668870,38.876000,gate_sweep_extreme_r02,0.010106638073921204,-0.006585860071936622,0.00863291323184967,-0.012410214423167101,0.0,0.0,0.0,0.0,0.014833909697480562,0.012410214423167101,1,380,1788596015.7928426
1788596054.719716,38.908000,gate_sweep_extreme_r02,0.010481428354978561,-0.005868948879651725,0.008887454867362976,-0.011863573501593266,0.0,0.0,0.0,0.0,0.014942950021061024,0.011863573501593266,1,380,1788596015.8116965
1788596054.765068,38.944000,gate_sweep_extreme_r02,0.010856421198695898,-0.005282232887111604,0.009017780423164368,-0.012529394552515243,0.0,0.0,0.0,0.0,0.015069314160823098,0.012529394552515243,1,380,1788596015.8210485
1788596054.815612,38.976000,gate_sweep_extreme_r02,0.011185528244823217,-0.004839480039663613,0.009050831198692322,-0.011914203924399435,0.0,0.0,0.0,0.0,0.015180716536358314,0.011914203924399435,1,380,1788596015.839586
1788596054.858750,39.008000,gate_sweep_extreme_r02,0.0117932865396142,-0.004136115545406938,0.00908990204334259,-0.011446695223115266,0.0,0.0,0.0,0.0,0.015453652589856101,0.011446695223115266,1,380,1788596015.8507292
1788596054.904284,39.040000,gate_sweep_extreme_r02,0.012363405898213387,-0.0036078046541661024,0.0091286301612854,-0.011662428242501069,0.0,0.0,0.0,0.0,0.015786131522577965,0.011662428242501069,1,380,1788596015.8642693
1788596054.949215,39.076000,gate_sweep_extreme_r02,0.012989443726837635,-0.003106454387307167,0.009168952703475952,-0.012174382442584848,0.0,0.0,0.0,0.0,0.016200166692712778,0.01217438244258485,1,380,1788596015.8731947
1788596054.994955,39.108000,gate_sweep_extreme_r02,0.013836403377354145,-0.002552684862166643,0.009224176406860352,-0.014001935903416207,0.0,0.0,0.0,0.0,0.016824021184344458,0.014001935903416207,1,380,1788596015.8869348
1788596055.042828,39.140000,gate_sweep_extreme_r02,0.014524864964187145,-0.0021883826702833176,0.009316608309745789,-0.015771286455995272,0.0,0.0,0.0,0.0,0.017394249375488783,0.015771286455995272,1,380,1788596015.9028103
1788596055.092025,39.172000,gate_sweep_extreme_r02,0.01504739373922348,-0.0019681965932250023,0.009361639618873596,-0.01766663482967258,0.0,0.0,0.0,0.0,0.017830820298754296,0.01766663482967258,1,380,1788596015.920006
1788596055.142371,39.208000,gate_sweep_extreme_r02,0.015947540290653706,-0.0017132959328591824,0.009445741772651672,-0.01883488235595116,0.0,0.0,0.0,0.0,0.01861401251507025,0.01883488235595116,1,380,1788596015.9343455
1788596055.185984,39.240000,gate_sweep_extreme_r02,0.016728189773857594,-0.0015802355483174324,0.009523704648017883,-0.019900301769882115,0.0,0.0,0.0,0.0,0.01931399564360097,0.019900301769882115,1,380,1788596015.9459622
1788596055.233072,39.272000,gate_sweep_extreme_r02,0.017503737471997738,-0.0014668367803096771,0.009561985731124878,-0.020514755517326608,0.0,0.0,0.0,0.0,0.019999100148529753,0.020514755517326608,1,380,1788596015.9610531
1788596055.280104,39.304000,gate_sweep_extreme_r02,0.0184593815356493,-0.0013605491258203983,0.009617790579795837,-0.021047357391833242,0.0,0.0,0.0,0.0,0.020859092891093094,0.021047357391833242,1,380,1788596015.9760869
1788596055.324091,39.340000,gate_sweep_extreme_r02,0.01918591745197773,-0.001293690875172615,0.009692177176475525,-0.022239624424521542,0.0,0.0,0.0,0.0,0.021533958367536646,0.022239624424521542,1,380,1788596015.9840753
1788596055.369978,39.372000,gate_sweep_extreme_r02,0.019697798416018486,-0.001239778008311987,0.0098237544298172,-0.023181917892039675,0.0,0.0,0.0,0.0,0.022046461463131616,0.023181917892039675,1,380,1788596015.9979372
1788596055.423716,39.404000,gate_sweep_extreme_r02,0.02032426744699478,-0.0011411304585635662,0.01001940667629242,-0.02412786933833533,0.0,0.0,0.0,0.0,0.022688467028985592,0.024127869338335335,1,380,1788596016.0196958
1788596055.466449,39.436000,gate_sweep_extreme_r02,0.02104177698493004,-0.0009783138521015644,0.010366126894950867,-0.02457840099529793,0.0,0.0,0.0,0.0,0.02347701138303104,0.02457840099529793,1,380,1788596016.0304313
1788596055.513710,39.472000,gate_sweep_extreme_r02,0.021568475291132927,-0.0008362568914890289,0.010571986436843872,-0.02572263315741505,0.0,0.0,0.0,0.0,0.024034669733399402,0.02572263315741505,1,380,1788596016.0416918
1788596055.558413,39.504000,gate_sweep_extreme_r02,0.022008996456861496,-0.0006640497595071793,0.010792165994644165,-0.025736307129347585,0.0,0.0,0.0,0.0,0.024521576906414426,0.025736307129347585,1,380,1788596016.0543954
1788596055.604602,39.536000,gate_sweep_extreme_r02,0.022293929010629654,-0.0005292156711220741,0.010964751243591309,-0.025869786458043574,0.0,0.0,0.0,0.0,0.024850052510837734,0.025869786458043578,1,380,1788596016.0685802
1788596055.649506,39.568000,gate_sweep_extreme_r02,0.02264493517577648,-0.0003067650832235813,0.011189907789230347,-0.02607833846418596,0.0,0.0,0.0,0.0,0.025260665673391948,0.02607833846418596,1,380,1788596016.0814855
1788596055.699824,39.604000,gate_sweep_extreme_r02,0.022834792733192444,-0.00013121729716658592,0.011323854327201843,-0.025511027479402936,0.0,0.0,0.0,0.0,0.025488716208758377,0.025511027479402936,1,380,1788596016.0958042
1788596055.744273,39.636000,gate_sweep_extreme_r02,0.022981058806180954,6.706034764647484e-05,0.011471197009086609,-0.02653556782429543,0.0,0.0,0.0,0.0,0.025685052496824904,0.026535567824295433,1,380,1788596016.1082542
1788596055.791606,39.668000,gate_sweep_extreme_r02,0.02312936633825302,0.0003459830768406391,0.011601239442825317,-0.026654672997482365,0.0,0.0,0.0,0.0,0.025878099777772286,0.026654672997482365,1,380,1788596016.1235888
1788596055.836047,39.700000,gate_sweep_extreme_r02,0.023208318278193474,0.0006024055182933807,0.01171158254146576,-0.026552203367418075,0.0,0.0,0.0,0.0,0.02600288628856353,0.026552203367418075,1,380,1788596016.1360233
1788596055.881908,39.736000,gate_sweep_extreme_r02,0.023223426192998886,0.0007894746959209442,0.011819452047348022,-0.02612838257257361,0.0,0.0,0.0,0.0,0.026070102438170924,0.02612838257257361,1,380,1788596016.145885
1788596055.924389,39.768000,gate_sweep_extreme_r02,0.023159129545092583,0.0010859286412596703,0.012034252285957336,-0.026501143322866783,0.0,0.0,0.0,0.0,0.026121786891067724,0.026501143322866783,1,380,1788596016.1563709
1788596055.970177,39.800000,gate_sweep_extreme_r02,0.023064732551574707,0.0013312818482518196,0.012246817350387573,-0.026856547766719502,0.0,0.0,0.0,0.0,0.026148398311348034,0.026856547766719502,1,380,1788596016.170149
1788596056.024201,39.832000,gate_sweep_extreme_r02,0.022936929017305374,0.001607205718755722,0.012499943375587463,-0.025695115380479718,0.0,0.0,0.0,0.0,0.026171251543634654,0.025695115380479715,1,380,1788596016.19218
1788596056.067303,39.868000,gate_sweep_extreme_r02,0.022778907790780067,0.0019481386989355087,0.012840315699577332,-0.025462559305187482,0.0,0.0,0.0,0.0,0.026221128728488464,0.025462559305187486,1,380,1788596016.1992812
1788596056.118429,39.900000,gate_sweep_extreme_r02,0.022660018876194954,0.002172185108065605,0.013102784752845764,-0.024369406380151698,0.0,0.0,0.0,0.0,0.026265525159277152,0.024369406380151698,1,380,1788596016.2184105
1788596056.163330,39.932000,gate_sweep_extreme_r02,0.0225896667689085,0.002318178303539753,0.013295859098434448,-0.025547988995153263,0.0,0.0,0.0,0.0,0.02631438512568275,0.025547988995153266,1,380,1788596016.2313092
1788596056.212593,39.964000,gate_sweep_extreme_r02,0.022474445402622223,0.0025674281641840935,0.013690024614334106,-0.0254048097740011,0.0,0.0,0.0,0.0,0.026440672409656425,0.0254048097740011,1,380,1788596016.2485688
1788596056.261299,40.000000,gate_sweep_extreme_r02,0.022355196997523308,0.00276764202862978,0.014074176549911499,-0.026354202475688666,0.0,0.0,0.0,0.0,0.02656119577042404,0.026354202475688666,1,380,1788596016.2612796
1788596056.304030,40.032000,gate_sweep_extreme_r02,0.022208452224731445,0.0029462696984410286,0.014485493302345276,-0.026091218363939003,0.0,0.0,0.0,0.0,0.026678181564087546,0.026091218363939003,1,380,1788596016.272014
1788596056.349368,40.064000,gate_sweep_extreme_r02,0.022029239684343338,0.0030980687588453293,0.014834389090538025,-0.02588288536805154,0.0,0.0,0.0,0.0,0.02673844667878548,0.025882885368051542,1,380,1788596016.28535
1788596056.394618,40.096000,gate_sweep_extreme_r02,0.021736791357398033,0.0032503753900527954,0.015280932188034058,-0.027010253087959953,0.0,0.0,0.0,0.0,0.026768637007262997,0.027010253087959953,1,380,1788596016.298602
1788596056.441424,40.132000,gate_sweep_extreme_r02,0.021520080044865608,0.0032968055456876755,0.015590235590934753,-0.027133018010485933,0.0,0.0,0.0,0.0,0.026777569302017475,0.027133018010485933,1,380,1788596016.3094027
1788596056.483275,40.164000,gate_sweep_extreme_r02,0.021221116185188293,0.0033058421686291695,0.015974193811416626,-0.027635226928111156,0.0,0.0,0.0,0.0,0.026766382507052548,0.027635226928111156,1,380,1788596016.3192565
1788596056.526130,40.196000,gate_sweep_extreme_r02,0.020919017493724823,0.003275546245276928,0.016315534710884094,-0.028031466107326576,0.0,0.0,0.0,0.0,0.026730715834219192,0.02803146610732658,1,380,1788596016.3301034
1788596056.577485,40.228000,gate_sweep_extreme_r02,0.020540175959467888,0.003158002160489559,0.01674734055995941,-0.027905009523624576,0.0,0.0,0.0,0.0,0.026689796213587337,0.027905009523624576,1,380,1788596016.349468
1788596056.622877,40.264000,gate_sweep_extreme_r02,0.020246044732630253,0.002923566848039627,0.017014145851135254,-0.028475243802315486,0.0,0.0,0.0,0.0,0.026606967686572714,0.028475243802315486,1,380,1788596016.3588445
1788596056.667641,40.296000,gate_sweep_extreme_r02,0.02004996221512556,0.002681880258023739,0.017172276973724365,-0.029110654715759018,0.0,0.0,0.0,0.0,0.02653451644572865,0.029110654715759018,1,380,1788596016.3716218
1788596056.712737,40.328000,gate_sweep_extreme_r02,0.019758034497499466,0.0022098571062088013,0.017370015382766724,-0.03054862360247407,0.0,0.0,0.0,0.0,0.02640039450523028,0.030548623602474075,1,380,1788596016.3847184
1788596056.760773,40.360000,gate_sweep_extreme_r02,0.019529150798916817,0.0017782598733901978,0.017488136887550354,-0.03122132008360716,0.0,0.0,0.0,0.0,0.02627517594426044,0.03122132008360716,1,380,1788596016.400751
1788596056.805783,40.396000,gate_sweep_extreme_r02,0.019327429123222828,0.0013615479692816734,0.0175677090883255,-0.03253948701481292,0.0,0.0,0.0,0.0,0.02615392383559093,0.03253948701481292,1,380,1788596016.4097636
1788596056.850483,40.428000,gate_sweep_extreme_r02,0.019145923666656017,0.0009240466170012951,0.017535477876663208,-0.033826672995629976,0.0,0.0,0.0,0.0,0.025979092354482966,0.033826672995629976,1,380,1788596016.4224598
1788596056.902263,40.460000,gate_sweep_extreme_r02,0.01907983049750328,0.0006288005970418453,0.017400577664375305,-0.034451719339118884,0.0,0.0,0.0,0.0,0.025830513449373267,0.034451719339118884,1,380,1788596016.4422433
1788596056.952488,40.492000,gate_sweep_extreme_r02,0.01907274965196848,0.00042064208537340164,0.017247319221496582,-0.03496397795525009,0.0,0.0,0.0,0.0,0.025718023628942727,0.03496397795525009,1,380,1788596016.4604697
1788596057.001473,40.528000,gate_sweep_extreme_r02,0.01908722799271345,9.295158088207245e-05,0.01689152419567108,-0.03605697641964623,0.0,0.0,0.0,0.0,0.025488320895954562,0.03605697641964623,1,380,1788596016.4734485
1788596057.051418,40.560000,gate_sweep_extreme_r02,0.01912951096892357,-0.00010255863890051842,0.016573205590248108,-0.03712605466705643,0.0,0.0,0.0,0.0,0.02531046921179478,0.037126054667056436,1,380,1788596016.4913943
1788596057.095150,40.592000,gate_sweep_extreme_r02,0.01921807136386633,-0.0002472451888024807,0.016262024641036987,-0.0371940124394093,0.0,0.0,0.0,0.0,0.02517635483058934,0.0371940124394093,1,380,1788596016.50313
1788596057.140657,40.624000,gate_sweep_extreme_r02,0.019354617223143578,-0.00034898798912763596,0.015774652361869812,-0.03863538030196435,0.0,0.0,0.0,0.0,0.024971236605518882,0.03863538030196435,1,380,1788596016.5166364
1788596057.192436,40.660000,gate_sweep_extreme_r02,0.01947060413658619,-0.0004006950184702873,0.015337958931922913,-0.03867973893271701,0.0,0.0,0.0,0.0,0.024789472889491376,0.03867973893271701,1,380,1788596016.5324142
1788596057.238995,40.692000,gate_sweep_extreme_r02,0.019567644223570824,-0.00041505973786115646,0.015008226037025452,-0.039110353972536004,0.0,0.0,0.0,0.0,0.024663978264357247,0.039110353972536004,1,380,1788596016.5469775
1788596057.285938,40.724000,gate_sweep_extreme_r02,0.019700405187904835,-0.0004089558497071266,0.01455599069595337,-0.03901823891683195,0.0,0.0,0.0,0.0,0.024497960621148007,0.03901823891683195,1,380,1788596016.5619168
1788596057.336397,40.756000,gate_sweep_extreme_r02,0.019900457002222538,-0.000368370208889246,0.01395215094089508,-0.03844459146380081,0.0,0.0,0.0,0.0,0.0243069208536504,0.03844459146380081,1,380,1788596016.5803783
1788596057.389467,40.792000,gate_sweep_extreme_r02,0.020115437917411327,-0.0002822279930114746,0.013412311673164368,-0.03912125643673945,0.0,0.0,0.0,0.0,0.02417851524943932,0.03912125643673945,1,380,1788596016.5974448
1788596057.432342,40.824000,gate_sweep_extreme_r02,0.020350373350083828,-0.00018052663654088974,0.012951359152793884,-0.039247270581879545,0.0,0.0,0.0,0.0,0.024122769104291505,0.039247270581879545,1,380,1788596016.6083238
1788596057.477393,40.856000,gate_sweep_extreme_r02,0.02050982229411602,-0.00012899888679385185,0.012598291039466858,-0.03960581439765465,0.0,0.0,0.0,0.0,0.02407044636819441,0.039605814397654655,1,380,1788596016.621375
1788596057.522082,40.888000,gate_sweep_extreme_r02,0.020717401057481766,-9.759236127138138e-05,0.011941969394683838,-0.04021338053409551,0.0,0.0,0.0,0.0,0.02391298525632236,0.04021338053409551,1,380,1788596016.634064
1788596057.567369,40.924000,gate_sweep_extreme_r02,0.02087489701807499,-9.25217755138874e-05,0.011416926980018616,-0.04043511896121888,0.0,0.0,0.0,0.0,0.023793194561917433,0.04043511896121888,1,380,1788596016.643351
1788596057.612439,40.956000,gate_sweep_extreme_r02,0.021026387810707092,-0.00011531217023730278,0.010826095938682556,-0.039898488779260034,0.0,0.0,0.0,0.0,0.023650087410756342,0.039898488779260034,1,379,1788596016.6564188
1788596057.663886,40.988000,gate_sweep_extreme_r02,0.02127041295170784,-0.00018773367628455162,0.0099305659532547,-0.03963951825321581,0.0,0.0,0.0,0.0,0.023475132613498338,0.039639518253215815,1,379,1788596016.675861
1788596057.710602,41.020000,gate_sweep_extreme_r02,0.021532954648137093,-0.00028138281777501106,0.009237736463546753,-0.03994989513636928,0.0,0.0,0.0,0.0,0.02343252199697696,0.03994989513636928,1,379,1788596016.690581
1788596057.754258,41.056000,gate_sweep_extreme_r02,0.021751385182142258,-0.0003650691360235214,0.008731946349143982,-0.040472669883675656,0.0,0.0,0.0,0.0,0.02344147861932612,0.040472669883675656,1,379,1788596016.6982281
1788596057.798277,41.088000,gate_sweep_extreme_r02,0.022130366414785385,-0.0005534645169973373,0.007938757538795471,-0.04066411132380998,0.0,0.0,0.0,0.0,0.023517723356737106,0.04066411132380998,1,379,1788596016.710258
1788596057.841939,41.120000,gate_sweep_extreme_r02,0.022422082722187042,-0.0007950435392558575,0.007347136735916138,-0.04131981358225444,0.0,0.0,0.0,0.0,0.0236085218945651,0.04131981358225444,1,379,1788596016.7219133
1788596057.887926,41.152000,gate_sweep_extreme_r02,0.02267577312886715,-0.00113966828212142,0.006882622838020325,-0.04171583341579086,0.0,0.0,0.0,0.0,0.023724671292044617,0.04171583341579087,1,379,1788596016.7359028
1788596057.939942,41.188000,gate_sweep_extreme_r02,0.022948388010263443,-0.0016774837858974934,0.006583899259567261,-0.043044709895421966,0.0,0.0,0.0,0.0,0.02393303561150742,0.043044709895421966,1,379,1788596016.7519236
1788596057.983218,41.220000,gate_sweep_extreme_r02,0.0231342576444149,-0.0022076652385294437,0.006398797035217285,-0.04225504643021103,0.0,0.0,0.0,0.0,0.024104196026034266,0.04225504643021103,1,379,1788596016.7631936
1788596058.028450,41.252000,gate_sweep_extreme_r02,0.02325458638370037,-0.002638544887304306,0.006352052092552185,-0.04269904885307997,0.0,0.0,0.0,0.0,0.02425049015557828,0.04269904885307997,1,379,1788596016.7764337
1788596058.078902,41.284000,gate_sweep_extreme_r02,0.023422088474035263,-0.0034077141899615526,0.006427407264709473,-0.04293171293086272,0.0,0.0,0.0,0.0,0.024525870191135744,0.04293171293086272,1,379,1788596016.7948818
1788596058.124602,41.320000,gate_sweep_extreme_r02,0.023530885577201843,-0.004104511346668005,0.006586700677871704,-0.043050846363859245,0.0,0.0,0.0,0.0,0.024777695923192046,0.043050846363859245,1,379,1788596016.8045835
1788596058.177251,41.352000,gate_sweep_extreme_r02,0.02361368201673031,-0.00487927021458745,0.0068351030349731445,-0.043939219776480694,0.0,0.0,0.0,0.0,0.025062559520386416,0.043939219776480694,1,379,1788596016.8252358
1788596058.227555,41.384000,gate_sweep_extreme_r02,0.023704824969172478,-0.005711645178962499,0.007146403193473816,-0.04297567996010283,0.0,0.0,0.0,0.0,0.02540890977734309,0.04297567996010283,1,379,1788596016.8435369
1788596058.274063,41.416000,gate_sweep_extreme_r02,0.02383221499621868,-0.0068473740393528715,0.0075747668743133545,-0.04280828988054221,0.0,0.0,0.0,0.0,0.02592755476440054,0.0428082898805422,1,379,1788596016.8580477
1788596058.321715,41.452000,gate_sweep_extreme_r02,0.0239243321120739,-0.007550244161393493,0.007869765162467957,-0.04309475362284357,0.0,0.0,0.0,0.0,0.026292832818429077,0.04309475362284357,1,379,1788596016.8696973
1788596058.365935,41.484000,gate_sweep_extreme_r02,0.024068504571914673,-0.008486750186420977,0.008258283138275146,-0.04348429382910111,0.0,0.0,0.0,0.0,0.026823815564660326,0.04348429382910111,1,379,1788596016.8819153
1788596058.415437,41.516000,gate_sweep_extreme_r02,0.024236690253019333,-0.009399696718901396,0.008703544735908508,-0.04346717395580168,0.0,0.0,0.0,0.0,0.027413922444591704,0.04346717395580168,1,379,1788596016.8994203
1788596058.464093,41.548000,gate_sweep_extreme_r02,0.02449098415672779,-0.01049966225400567,0.009325861930847168,-0.04386627752956509,0.0,0.0,0.0,0.0,0.028231594237069,0.04386627752956508,1,379,1788596016.9160736
1788596058.508960,41.584000,gate_sweep_extreme_r02,0.02473462000489235,-0.01133766770362854,0.009922057390213013,-0.04353785892834449,0.0,0.0,0.0,0.0,0.028961894941439918,0.04353785892834448,1,379,1788596016.9249418
1788596058.554135,41.616000,gate_sweep_extreme_r02,0.024921853095293045,-0.011889513116329908,0.010374903678894043,-0.04347663061608801,0.0,0.0,0.0,0.0,0.029497422094025057,0.04347663061608801,1,379,1788596016.938117
1788596058.599493,41.648000,gate_sweep_extreme_r02,0.025238696485757828,-0.012691082432866096,0.011119753122329712,-0.0444052966605584,0.0,0.0,0.0,0.0,0.030359583052465795,0.0444052966605584,1,379,1788596016.9514716
1788596058.642730,41.680000,gate_sweep_extreme_r02,0.025475939735770226,-0.01322671351954341,0.011747658252716064,-0.043855279866448466,0.0,0.0,0.0,0.0,0.03101575293897081,0.043855279866448466,1,379,1788596016.9627104
1788596058.691068,41.716000,gate_sweep_extreme_r02,0.02566121518611908,-0.013697561342269182,0.012353301048278809,-0.044289226239069196,0.0,0.0,0.0,0.0,0.031602613789731726,0.044289226239069196,1,379,1788596016.975047
1788596058.733833,41.748000,gate_sweep_extreme_r02,0.025840451940894127,-0.01420742180198431,0.013020411133766174,-0.04382213764189996,0.0,0.0,0.0,0.0,0.03223524308674374,0.043822137641899954,1,379,1788596016.9858134
1788596058.778511,41.780000,gate_sweep_extreme_r02,0.02600277028977871,-0.014587615616619587,0.013442650437355042,-0.04295474712692983,0.0,0.0,0.0,0.0,0.03270546503112536,0.04295474712692983,1,379,1788596016.998496
1788596058.825570,41.812000,gate_sweep_extreme_r02,0.026137294247746468,-0.014868583530187607,0.0137062668800354,-0.0428015315772569,0.0,0.0,0.0,0.0,0.033046855804663204,0.0428015315772569,1,379,1788596017.01355
1788596058.871193,41.848000,gate_sweep_extreme_r02,0.02636944316327572,-0.015321961604058743,0.014123275876045227,-0.04235055175041422,0.0,0.0,0.0,0.0,0.03360917972233717,0.04235055175041422,1,379,1788596017.0231693
1788596058.917444,41.880000,gate_sweep_extreme_r02,0.026527265086770058,-0.015666978433728218,0.01449798047542572,-0.04155158145612885,0.0,0.0,0.0,0.0,0.03404910342567775,0.04155158145612885,1,379,1788596017.0374258
1788596058.963585,41.912000,gate_sweep_extreme_r02,0.026651889085769653,-0.015980161726474762,0.014838576316833496,-0.04103596450301643,0.0,0.0,0.0,0.0,0.03443649383655294,0.04103596450301643,1,379,1788596017.0515642
1788596059.009437,41.944000,gate_sweep_extreme_r02,0.026742108166217804,-0.01630600355565548,0.015198275446891785,-0.04036664461519634,0.0,0.0,0.0,0.0,0.03481398681119897,0.04036664461519634,1,379,1788596017.065411
1788596059.053116,41.980000,gate_sweep_extreme_r02,0.026747476309537888,-0.016517753712832928,0.015443980693817139,-0.039792935163489154,0.0,0.0,0.0,0.0,0.035025422428831506,0.039792935163489154,1,379,1788596017.073097
1788596059.102053,42.012000,gate_sweep_extreme_r02,0.026729851961135864,-0.016675323247909546,0.01558123528957367,-0.040209894061629954,0.0,0.0,0.0,0.0,0.0351472087716161,0.040209894061629954,1,379,1788596017.0900326
1788596059.145167,42.044000,gate_sweep_extreme_r02,0.026682859286665916,-0.016903052106499672,0.015737950801849365,-0.03990632177168781,0.0,0.0,0.0,0.0,0.035289817875252455,0.039906321771687805,1,379,1788596017.1011488
1788596059.196557,42.076000,gate_sweep_extreme_r02,0.026585755869746208,-0.01720112096518278,0.015919998288154602,-0.03928493038427189,0.0,0.0,0.0,0.0,0.03544188656264563,0.03928493038427189,1,379,1788596017.1205392
1788596059.239017,42.112000,gate_sweep_extreme_r02,0.02648812346160412,-0.017451466992497444,0.01605166494846344,-0.039657762714990094,0.0,0.0,0.0,0.0,0.035550391451081666,0.0396577627149901,1,379,1788596017.1270003
1788596059.282642,42.144000,gate_sweep_extreme_r02,0.026380322873592377,-0.017714016139507294,0.016169533133506775,-0.03987715803449235,0.0,0.0,0.0,0.0,0.03565335334104324,0.03987715803449235,1,379,1788596017.138625
1788596059.328597,42.176000,gate_sweep_extreme_r02,0.02630276046693325,-0.01791244652122259,0.01631276309490204,-0.03978179845753532,0.0,0.0,0.0,0.0,0.03576027388523365,0.03978179845753532,1,379,1788596017.1525772
1788596059.372718,42.208000,gate_sweep_extreme_r02,0.02617533691227436,-0.018298817798495293,0.016529783606529236,-0.03996999487884355,0.0,0.0,0.0,0.0,0.03596148969901391,0.03996999487884355,1,379,1788596017.164693
1788596059.421587,42.244000,gate_sweep_extreme_r02,0.02606765180826187,-0.0186854749917984,0.01667948067188263,-0.0394744321820282,0.0,0.0,0.0,0.0,0.03615071952187962,0.0394744321820282,1,379,1788596017.1775663
1788596059.467659,42.276000,gate_sweep_extreme_r02,0.0259548332542181,-0.01910896971821785,0.016835883259773254,-0.039235664955330436,0.0,0.0,0.0,0.0,0.03636279772078526,0.039235664955330436,1,379,1788596017.1916406
1788596059.515050,42.308000,gate_sweep_extreme_r02,0.025856485590338707,-0.01968475617468357,0.016940325498580933,-0.03950217193195881,0.0,0.0,0.0,0.0,0.0366472659381025,0.03950217193195881,1,379,1788596017.2070298
1788596059.560092,42.340000,gate_sweep_extreme_r02,0.02580449916422367,-0.02021967153996229,0.016939595341682434,-0.03968680251227785,0.0,0.0,0.0,0.0,0.03690063935273114,0.03968680251227785,1,379,1788596017.220074
1788596059.607489,42.376000,gate_sweep_extreme_r02,0.02578318864107132,-0.02066049538552761,0.016865640878677368,-0.0394132599509749,0.0,0.0,0.0,0.0,0.037095535153505874,0.03941325995097491,1,379,1788596017.2314703
1788596059.655357,42.408000,gate_sweep_extreme_r02,0.02578384429216385,-0.02147575281560421,0.016633570194244385,-0.03867886462033795,0.0,0.0,0.0,0.0,0.03745250649671311,0.03867886462033795,1,379,1788596017.2473361
1788596059.703244,42.440000,gate_sweep_extreme_r02,0.02579537406563759,-0.02218373492360115,0.01639842987060547,-0.039444251763547426,0.0,0.0,0.0,0.0,0.037768080710673335,0.039444251763547426,1,379,1788596017.2632217
1788596059.747731,42.472000,gate_sweep_extreme_r02,0.02581801451742649,-0.022971032187342644,0.01606890559196472,-0.039167418897337825,0.0,0.0,0.0,0.0,0.0381109947429538,0.039167418897337825,1,379,1788596017.2757149
1788596059.791511,42.508000,gate_sweep_extreme_r02,0.02587185613811016,-0.024063540622591972,0.015682518482208252,-0.03985028108338971,0.0,0.0,0.0,0.0,0.038656801643061546,0.03985028108338971,1,379,1788596017.283493
1788596059.838537,42.540000,gate_sweep_extreme_r02,0.0259085725992918,-0.024990908801555634,0.015429064631462097,-0.03894116627776296,0.0,0.0,0.0,0.0,0.039164469768685484,0.03894116627776296,1,379,1788596017.2985137
1788596059.887483,42.572000,gate_sweep_extreme_r02,0.02593935653567314,-0.025722863152623177,0.0153169184923172,-0.03944314308316584,0.0,0.0,0.0,0.0,0.03961216856413742,0.03944314308316584,1,379,1788596017.3154638
1788596059.933155,42.604000,gate_sweep_extreme_r02,0.02598424442112446,-0.02697654254734516,0.015257298946380615,-0.03995894601651178,0.0,0.0,0.0,0.0,0.04044378786766502,0.03995894601651178,1,379,1788596017.3291352
1788596059.982381,42.640000,gate_sweep_extreme_r02,0.025976698845624924,-0.027922742068767548,0.015346452593803406,-0.039743051283822176,0.0,0.0,0.0,0.0,0.041109390834322364,0.039743051283822176,1,379,1788596017.3423634
1788596060.092539,42.672000,gate_sweep_extreme_r02,0.025921320542693138,-0.028543621301651,0.01550436019897461,-0.04024853278399086,0.0,0.0,0.0,0.0,0.04155765105090347,0.04024853278399086,1,379,1788596017.4205189
1788596060.147032,42.704000,gate_sweep_extreme_r02,0.025829637423157692,-0.029276588931679726,0.015750229358673096,-0.041539502209142015,0.0,0.0,0.0,0.0,0.04209938899481972,0.041539502209142015,1,379,1788596017.44301
1788596060.192155,42.736000,gate_sweep_extreme_r02,0.025717364624142647,-0.02997877262532711,0.0161401629447937,-0.04074376174599504,0.0,0.0,0.0,0.0,0.04266865959010967,0.04074376174599504,1,379,1788596017.4561272
1788596060.242033,42.772000,gate_sweep_extreme_r02,0.02564535103738308,-0.030390219762921333,0.01649165153503418,-0.040808627774064236,0.0,0.0,0.0,0.0,0.043049088926738685,0.040808627774064236,1,379,1788596017.470013
1788596060.287776,42.804000,gate_sweep_extreme_r02,0.025574514642357826,-0.030673092231154442,0.01681545376777649,-0.039750137349757735,0.0,0.0,0.0,0.0,0.04333190362341943,0.039750137349757735,1,379,1788596017.4837546
1788596060.333902,42.836000,gate_sweep_extreme_r02,0.02551443502306938,-0.03082871437072754,0.017018914222717285,-0.03929228359264398,0.0,0.0,0.0,0.0,0.04348608358565463,0.03929228359264398,1,379,1788596017.4978805
1788596060.380810,42.868000,gate_sweep_extreme_r02,0.025405321270227432,-0.03102443739771843,0.01731973886489868,-0.03873191909314182,0.0,0.0,0.0,0.0,0.04367973693873055,0.03873191909314182,1,379,1788596017.5127916
1788596060.434019,42.904000,gate_sweep_extreme_r02,0.025329124182462692,-0.03109409287571907,0.01753474771976471,-0.037559760625568206,0.0,0.0,0.0,0.0,0.043770703914950394,0.037559760625568206,1,379,1788596017.529995
1788596060.487099,42.936000,gate_sweep_extreme_r02,0.025328045710921288,-0.031059693545103073,0.0177144855260849,-0.03773158352602803,0.0,0.0,0.0,0.0,0.04381800383522859,0.03773158352602803,1,379,1788596017.551076
1788596060.530275,42.968000,gate_sweep_extreme_r02,0.025472749024629593,-0.030880436301231384,0.01792748272418976,-0.037236714544794915,0.0,0.0,0.0,0.0,0.04386179346370026,0.037236714544794915,1,379,1788596017.5622568
1788596060.575877,43.000000,gate_sweep_extreme_r02,0.025733742862939835,-0.030640408396720886,0.01812577247619629,-0.03675105223274354,0.0,0.0,0.0,0.0,0.04392725550626383,0.03675105223274354,1,379,1788596017.575843
1788596060.620424,43.036000,gate_sweep_extreme_r02,0.026016082614660263,-0.030445052310824394,0.01827871799468994,-0.03604325075514284,0.00013336539268493652,-0.0005430243909358978,0.0007252991199493408,0.0029005332409388265,0.043268566404569365,0.038943783996081664,1,373,1788596017.5844014
1788596060.664432,43.068000,gate_sweep_extreme_r02,0.026678457856178284,-0.030153868719935417,0.018567323684692383,-0.033480677797421074,-8.177013660315424e-05,-0.0006852056831121445,0.001031443360261619,0.005111370125256622,0.04349734477133329,0.038592047922677696,1,363,1788596017.5964122
1788596060.714438,43.100000,gate_sweep_extreme_r02,0.02738911472260952,-0.02996399812400341,0.018823280930519104,-0.005702225659413173,-0.0006952136754989624,-0.0010568072320893407,0.001619696500711143,0.01461959100549138,0.04382143886350485,0.020321816664904555,1,338,1788596017.6144195
1788596060.760350,43.132000,gate_sweep_extreme_r02,0.028243139386177063,-0.02980446256697178,0.019129619002342224,0.03481619186139899,-0.0008214637637138367,-0.0011708607198670506,0.0015403925208374858,0.06013871513536651,0.044429890830575254,0.025322523273967522,1,337,1788596017.6283307
1788596060.807374,43.168000,gate_sweep_extreme_r02,0.02948014810681343,-0.029604194685816765,0.019472822546958923,0.11778861625111231,-0.002259060274809599,-0.001800720114260912,0.001513466238975525,0.12208486229282713,0.04585792217207781,0.004296246041714812,1,317,1788596017.6393514
1788596060.852546,43.200000,gate_sweep_extreme_r02,0.03057219088077545,-0.029429228976368904,0.01970599591732025,0.27672973268293455,-0.0023994294460862875,-0.002295114565640688,0.002079024910926819,0.22886991397318268,0.04619629875534884,0.04785981870975186,1,305,1788596017.6525295
1788596060.900088,43.232000,gate_sweep_extreme_r02,0.03145936504006386,-0.02931567281484604,0.01985625922679901,0.48907374939212694,-0.0023399137426167727,-0.0020425475668162107,0.004349366296082735,0.42752374773680013,0.046115922796673876,0.06155000165532686,1,295,1788596017.6680658
1788596060.948662,43.264000,gate_sweep_extreme_r02,0.03304973058402538,-0.029118891805410385,0.0200471431016922,1.0929598930123579,-0.0032924404367804527,-0.0033584097400307655,0.0051193684339523315,0.8284123759451197,0.04698078636290649,0.26454751706723817,1,283,1788596017.684642
1788596060.998321,43.300000,gate_sweep_extreme_r02,0.03444266878068447,-0.028951497748494148,0.020178034901618958,1.807948237523702,-0.0030538500286638737,-0.004855521954596043,0.005305588245391846,1.5177159305355024,0.046987175290947834,0.2902323069881996,1,265,1788596017.698301
1788596061.042702,43.332000,gate_sweep_extreme_r02,0.03596927411854267,-0.028753966093063354,0.02025693655014038,2.7143851507708674,-0.00237103458493948,-0.007247590459883213,0.004886642564088106,2.348213549838335,0.046569833600426665,0.3661716009325321,1,245,1788596017.7106855
1788596061.091097,43.364000,gate_sweep_extreme_r02,0.03768015094101429,-0.028444603085517883,0.020265549421310425,3.8011338793310783,-0.00160550931468606,-0.009838951751589775,0.003000363940373063,3.362022489741781,0.04677200009596751,0.4391113895892975,1,233,1788596017.7270775
1788596061.137645,43.396000,gate_sweep_extreme_r02,0.040136685594916344,-0.027824120596051216,0.02019330859184265,5.39709269888819,-0.0007897148607298732,-0.012892317026853561,0.004457145929336548,4.5503792594819545,0.04632014494176237,0.8467134394062347,1,221,1788596017.7416303
1788596061.182214,43.432000,gate_sweep_extreme_r02,0.04177419655025005,-0.02727936953306198,0.020117655396461487,6.470599012476224,-0.0006544708739966154,-0.017117490991950035,0.004965364933013916,6.085368009773187,0.04618492720758934,0.38523100270303706,1,208,1788596017.750198
1788596061.238200,43.464000,gate_sweep_extreme_r02,0.0442230012267828,-0.026320315897464752,0.019991189241409302,8.043407771520162,-0.0003610887797549367,-0.02150592766702175,0.004395201802253723,7.616397213582476,0.047477934242622484,0.4270105579376857,1,197,1788596017.7741804
1788596061.290829,43.496000,gate_sweep_extreme_r02,0.04768899269402027,-0.024788150563836098,0.019795268774032593,10.253529713218278,-0.00033155432902276516,-0.02329729124903679,0.004443987738341093,9.274017894190298,0.05043666748830252,0.9795118190279801,1,187,1788596017.7948115
1788596061.327546,43.528000,gate_sweep_extreme_r02,0.050744613632559776,-0.023318521678447723,0.01964440941810608,12.164429090673739,0.002019581152126193,-0.026655323803424835,0.005238741170614958,11.101880469843088,0.0509194100152126,1.0625486208306512,1,366,1788596017.7995276
1788596061.390000,43.564000,gate_sweep_extreme_r02,0.05374269746243954,-0.021867013536393642,0.01943296194076538,14.143525890538875,0.004414482973515987,-0.02902619168162346,0.0088584553450346,13.241224556796274,0.05095435963804802,0.9023013337426014,1,238,1788596017.8259835
1788596061.433508,43.596000,gate_sweep_extreme_r02,0.055805353447794914,-0.02065981738269329,0.01927390694618225,15.719030338528837,0.0017299007158726454,-0.03490901365876198,0.013060269877314568,15.259669389682234,0.05626547314561476,0.4593609488466035,1,383,1788596017.8374918
1788596061.491704,43.628000,gate_sweep_extreme_r02,0.05907600559294224,-0.018509812653064728,0.01898498833179474,18.50767436026762,-0.0021096060518175364,-0.0403982438147068,0.017283691093325615,17.40582357087357,0.06500520674034449,1.1018507893940523,1,241,1788596017.8636801
1788596061.546607,43.660000,gate_sweep_extreme_r02,0.06154435686767101,-0.01677193772047758,0.018740400671958923,20.8894999568745,-0.005056805443018675,-0.04667568951845169,0.020126964896917343,19.66965720531592,0.07301966689241746,1.2198427515585788,1,183,1788596017.8865793
1788596061.593280,43.696000,gate_sweep_extreme_r02,0.06389929167926311,-0.015052108094096184,0.018487468361854553,23.332387522106906,-0.00591339822858572,-0.05493100732564926,0.023343930020928383,22.324029600384062,0.0805464058536188,1.0083579217228438,1,389,1788596017.8972557
1788596061.648952,43.728000,gate_sweep_extreme_r02,0.0667238961905241,-0.01299584424123168,0.0181751549243927,26.51307575666416,-0.006842343136668205,-0.06141343340277672,0.023611169308423996,24.71078571266168,0.08823720735237088,1.8022900440024832,1,194,1788596017.9209313
1788596061.689813,43.760000,gate_sweep_extreme_r02,0.06895365007221699,-0.011480147950351238,0.01799827814102173,29.05961450909287,-0.007305069826543331,-0.06880920380353928,0.025820236653089523,27.1140347946055,0.09572458430612299,1.945579714487369,1,368,1788596017.9297943
1788596061.744699,43.792000,gate_sweep_extreme_r02,0.07048269547522068,-0.010669732932001352,0.018293872475624084,30.823053058446128,-0.00794992782175541,-0.07819545269012451,0.026758799329400063,29.37446831355876,0.10384148599060838,1.4485847448873672,1,194,1788596017.952684
1788596061.793508,43.828000,gate_sweep_extreme_r02,0.07459120638668537,-0.008942806394770741,0.01808851957321167,33.745668595349336,-0.000838850624859333,-0.08071473240852356,0.025503898039460182,31.6285236918784,0.10438338326709955,2.117144903470939,1,323,1788596017.9654875
1788596061.833194,43.860000,gate_sweep_extreme_r02,0.07880937494337559,-0.007301204896066338,0.01808112859725952,36.41609000817325,0.011480680666863918,-0.08235308527946472,0.021518494933843613,33.65862816842481,0.10088485173402295,2.757461839748442,1,331,1788596017.973175
1788596061.890999,43.892000,gate_sweep_extreme_r02,0.08401989378035069,-0.005334753659553826,0.018140897154808044,39.230941341892986,0.03547702357172966,-0.08577678352594376,0.014341413974761963,35.80414096489341,0.0940306678140257,3.4268003769995774,1,209,1788596017.998974
1788596061.935284,43.924000,gate_sweep_extreme_r02,0.09219284541904926,-0.001975453458726406,0.018767744302749634,43.2455844706113,0.06238004192709923,-0.08798599243164062,0.008262521587312222,38.166051678823656,0.09163501389077083,5.07953279178764,1,295,1788596018.0112638
1788596061.994706,43.960000,gate_sweep_extreme_r02,0.09986351616680622,0.0016233483329415321,0.020310506224632263,46.79607214754844,0.09634025394916534,-0.08593647181987762,0.002941486891359091,41.03445097581656,0.0893354258648153,5.761621171731883,1,196,1788596018.0346882
1788596062.038564,43.992000,gate_sweep_extreme_r02,0.10597360320389271,0.004871838726103306,0.022334963083267212,49.64014160712671,0.12150291353464127,-0.08142221719026566,0.0014566985191777349,43.732342547254994,0.09013171193899637,5.907799059871715,1,287,1788596018.0465457
1788596062.095775,44.024000,gate_sweep_extreme_r02,0.11422264762222767,0.009847799316048622,0.026385217905044556,53.755497931898695,0.149420365691185,-0.07978179305791855,0.007735534571111202,46.667932674693155,0.09808238310135674,7.087565257205543,1,183,1788596018.0717409
1788596062.149348,44.056000,gate_sweep_extreme_r02,0.1242362055927515,0.017085188999772072,0.03419455885887146,59.09571991461049,0.17334811389446259,-0.07671678066253662,0.01488461159169674,49.72120902882484,0.10762742732698495,9.374510885785654,1,301,1788596018.0933301
1788596062.197451,44.092000,gate_sweep_extreme_r02,0.13145059533417225,0.0234745591878891,0.043569475412368774,63.479022316001384,0.20074141025543213,-0.06727905571460724,0.01892082393169403,53.33089987845785,0.11681177881591678,10.148122437543535,1,328,1788596018.1054213
1788596062.256572,44.124000,gate_sweep_extreme_r02,0.13754540868103504,0.03012721613049507,0.05685901641845703,67.78160200025147,0.22116775810718536,-0.056944627314805984,0.0337342843413353,56.62158558362743,0.12291849526475201,11.160016416624044,1,188,1788596018.1325548
1788596062.305550,44.156000,gate_sweep_extreme_r02,0.1411899346858263,0.03510783985257149,0.07005450129508972,70.87700628790107,0.24145707488059998,-0.052148155868053436,0.0471353679895401,59.995663097362986,0.1348791861760504,10.88134319053809,1,319,1788596018.1495247
1788596062.359390,44.188000,gate_sweep_extreme_r02,0.14524452574551105,0.04302651807665825,0.09893277287483215,75.81795646726971,0.2502536475658417,-0.04777016490697861,0.06106247752904892,63.22100960418163,0.143892712031864,12.59694686308807,1,349,1788596018.17137
1788596062.403001,44.224000,gate_sweep_extreme_r02,0.1467589158564806,0.048696503043174744,0.12807881832122803,79.25379415243317,0.25814884901046753,-0.035682614892721176,0.07302793860435486,66.69196254033216,0.15019371527893952,12.561831612101013,1,390,1788596018.178984
1788596062.459015,44.256000,gate_sweep_extreme_r02,0.14684654958546162,0.05360301956534386,0.1621987223625183,82.42572334568781,0.2723594605922699,-0.03275733441114426,0.09969842433929443,69.8650210915087,0.16467510079346878,12.560702254179128,1,206,1788596018.202995
1788596062.502382,44.288000,gate_sweep_extreme_r02,0.14539568312466145,0.05842781811952591,0.2104569673538208,85.68183903345796,0.2751067280769348,-0.023589912801980972,0.11924578249454498,72.7078895270889,0.1785254704840639,12.973949506369076,1,408,1788596018.2143657
1788596062.555694,44.320000,gate_sweep_extreme_r02,0.14317920990288258,0.06112617999315262,0.2528355121612549,87.90314308399338,0.27745136618614197,-0.017878657206892967,0.1525975614786148,75.37600294915082,0.18525232255228846,12.527140134842565,1,228,1788596018.2356741
1788596062.594424,44.356000,gate_sweep_extreme_r02,0.14106960780918598,0.062375351786613464,0.2863435745239258,89.16024326343025,0.2762589156627655,-0.012172020971775055,0.18771985173225403,78.12031631684884,0.18319415503884542,11.039926946581405,1,405,1788596018.2384079
1788596062.647677,44.388000,gate_sweep_extreme_r02,0.1368906069546938,0.06296530365943909,0.34485626220703125,90.92733210636403,0.2653178870677948,-0.013985386118292809,0.23081231117248535,80.26046284866482,0.18820466971381858,10.666869257699224,1,230,1788596018.2596538
1788596062.690705,44.420000,gate_sweep_extreme_r02,0.13318492658436298,0.0620657280087471,0.393491268157959,91.87193727264348,0.2653900682926178,-0.010959441773593426,0.26136329770088196,82.26504966618491,0.20067056459019,9.606887606458567,1,400,1788596018.270687
1788596062.746109,44.452000,gate_sweep_extreme_r02,0.12923919595777988,0.06008309870958328,0.4434921145439148,92.53911413449737,0.262759804725647,-0.013381261378526688,0.3039478659629822,84.03718395502231,0.2066334011744336,8.501930179475053,1,222,1788596018.294093
1788596062.787235,44.488000,gate_sweep_extreme_r02,0.12413820065557957,0.056116536259651184,0.5077522397041321,92.95647383282946,0.25596752762794495,-0.01617703028023243,0.34522774815559387,85.7136287558855,0.22140357171047234,7.242845076943964,1,409,1788596018.2992153
1788596062.844586,44.520000,gate_sweep_extreme_r02,0.11995410360395908,0.051892321556806564,0.5606340169906616,93.0403843584193,0.24896380305290222,-0.023440759629011154,0.3909916579723358,87.00209989082103,0.226046689084707,6.038284467598281,1,255,1788596018.32457
1788596062.883418,44.552000,gate_sweep_extreme_r02,0.1168209183961153,0.0482327826321125,0.6012062430381775,92.98091190192191,0.24426588416099548,-0.033480316400527954,0.43716558814048767,88.10250796677457,0.22322317601806618,4.878403935147347,1,385,1788596018.3314028
1788596062.929139,44.584000,gate_sweep_extreme_r02,0.11160525120794773,0.041211534291505814,0.671022355556488,92.62779488012141,0.23646575212478638,-0.03924423083662987,0.4883244037628174,88.95788406850367,0.23546085963735033,3.669910811617749,1,268,1788596018.3451223
1788596062.983133,44.620000,gate_sweep_extreme_r02,0.10749099589884281,0.034891847521066666,0.7291525602340698,92.21009579127164,0.23477192223072052,-0.04928620904684067,0.5527583360671997,89.77050039071862,0.23324086634825106,2.4395954005530287,1,199,1788596018.3631127
1788596063.024638,44.652000,gate_sweep_extreme_r02,0.10342005826532841,0.02800295129418373,0.7897114157676697,91.68723369357973,0.22983844578266144,-0.0542510561645031,0.5923319458961487,90.26643921508126,0.2484068951785738,1.4207944784984707,1,419,1788596018.3726108
1788596063.069918,44.684000,gate_sweep_extreme_r02,0.09939742274582386,0.020570840686559677,0.8531627058982849,91.12226258778583,0.21991969645023346,-0.0591900460422039,0.6402034759521484,90.56059277677568,0.25736948368035145,0.5616698110101468,1,282,1788596018.3858986
1788596063.127655,44.716000,gate_sweep_extreme_r02,0.09440288878977299,0.010608317330479622,0.9372655749320984,90.33001495346257,0.20596086978912354,-0.06911135464906693,0.7143898606300354,90.69919227822612,0.26167535850903645,0.36917732476355575,1,235,1788596018.4116356
1788596063.164144,44.752000,gate_sweep_extreme_r02,0.0914377961307764,0.004336908459663391,0.990584671497345,89.86657285919608,0.2041972577571869,-0.08309232443571091,0.79328852891922,90.88444223193133,0.243483746535902,1.0178693727352424,1,421,1788596018.4121263
1788596063.211949,44.784000,gate_sweep_extreme_r02,0.0874853078275919,-0.004266000119969249,1.0648022294044495,89.21132672083743,0.200458824634552,-0.09408769756555557,0.8613906502723694,90.92065782389653,0.24941375935730856,1.7093311030590899,1,269,1788596018.427929
1788596063.265537,44.816000,gate_sweep_extreme_r02,0.08348376490175724,-0.01305723562836647,1.1420140862464905,88.5977106311733,0.1998375952243805,-0.10340745002031326,0.9335719347000122,90.90167612677605,0.255244011903789,2.3039654956027458,1,238,1788596018.449516
1788596063.311625,44.848000,gate_sweep_extreme_r02,0.07849563099443913,-0.0242379829287529,1.242259919643402,87.86502344109893,0.19546231627464294,-0.11246336996555328,1.0026053190231323,90.79364841295926,0.2808901065927607,2.928624971860339,1,213,1788596018.463609
1788596063.369403,44.884000,gate_sweep_extreme_r02,0.07454772479832172,-0.03321560099720955,1.3247700333595276,87.34079391481492,0.19162356853485107,-0.12238098680973053,1.0884517431259155,90.63915006550717,0.27839460036547703,3.29835615069225,1,194,1788596018.4853833
1788596063.412762,44.916000,gate_sweep_extreme_r02,0.07161780633032322,-0.0399300754070282,1.3876891732215881,86.975580056914,0.18832896649837494,-0.13301751017570496,1.1681994199752808,90.50055601859911,0.2654477673662187,3.524975961685109,1,417,1788596018.4967375
1788596063.463032,44.948000,gate_sweep_extreme_r02,0.06679086200892925,-0.051022373139858246,1.4941452145576477,86.45552361663306,0.1844625324010849,-0.14294171333312988,1.2523465156555176,90.34583899367657,0.28418725852016924,3.8903153770435095,1,293,1788596018.5150135
1788596063.508241,44.980000,gate_sweep_extreme_r02,0.06291949190199375,-0.05970123037695885,1.580354630947113,86.11351971897724,0.18342602252960205,-0.1518455594778061,1.3348742723464966,90.21764837333681,0.2885706287341717,4.104128654359571,1,265,1788596018.528225
1788596063.556595,45.016000,gate_sweep_extreme_r02,0.0590150561183691,-0.06812665238976479,1.6672517657279968,85.83840975326619,0.17885418236255646,-0.16046231985092163,1.4273499250411987,90.05242057204809,0.2836197892062214,4.214010818781892,1,245,1788596018.540574
1788596063.608768,45.048000,gate_sweep_extreme_r02,0.05408489145338535,-0.07823260128498077,1.776583731174469,85.59304783696261,0.17427486181259155,-0.16731058061122894,1.5085361003875732,89.92241434440636,0.30696913158534744,4.329366507443744,1,222,1788596018.560751
1788596063.659590,45.080000,gate_sweep_extreme_r02,0.05013181455433369,-0.0859609916806221,1.8643985390663147,85.46823567650294,0.16948376595973969,-0.17312999069690704,1.588873267173767,89.81730525989195,0.3126619550652778,4.349069583389011,1,208,1788596018.5795698
1788596063.720389,45.112000,gate_sweep_extreme_r02,0.0471723098307848,-0.09152141213417053,1.9304211735725403,85.41481903783858,0.15746518969535828,-0.1801818311214447,1.6717679500579834,89.68168413731755,0.29483330761345733,4.266865099478956,1,195,1788596018.60837
1788596063.760450,45.148000,gate_sweep_extreme_r02,0.04225076548755169,-0.10027472674846649,2.040711462497711,85.39268318545315,0.1555458903312683,-0.18861699104309082,1.7649006843566895,89.69109135828634,0.3109850901776651,4.298408172833189,1,420,1788596018.6124265
1788596063.809800,45.180000,gate_sweep_extreme_r02,0.03838138468563557,-0.10679012537002563,2.1290926337242126,85.45286070288284,0.15421973168849945,-0.19481907784938812,1.8525432348251343,89.7305239462835,0.31248550229156447,4.277663243400658,1,277,1788596018.6297812
1788596063.855236,45.212000,gate_sweep_extreme_r02,0.03459341824054718,-0.11288577318191528,2.2174639105796814,85.57596794198928,0.1507401466369629,-0.1997493952512741,1.9382925033569336,89.782460472424,0.31459819765365543,4.206492530434732,1,245,1788596018.6432192
1788596063.905806,45.244000,gate_sweep_extreme_r02,0.029980693012475967,-0.11989959329366684,2.3273372054100037,85.78733297856905,0.14707665145397186,-0.20428428053855896,2.025195837020874,89.86652679444859,0.33484570389480367,4.079193815879541,1,236,1788596018.6617877
1788596063.956230,45.280000,gate_sweep_extreme_r02,0.02642916329205036,-0.1250166818499565,2.414219319820404,85.99714981211727,0.14235888421535492,-0.20934028923511505,2.120555877685547,89.99399028477035,0.32678492652246716,3.9968404726530755,1,223,1788596018.6762128
1788596064.001198,45.312000,gate_sweep_extreme_r02,0.02384786680340767,-0.12854675948619843,2.478517472743988,86.17174056457078,0.1409904509782791,-0.2136998325586319,2.2035858631134033,90.16481250538902,0.3107423705498017,3.993071940818239,1,210,1788596018.689171
1788596064.046647,45.344000,gate_sweep_extreme_r02,0.020481153391301632,-0.13288354873657227,2.5627936720848083,86.42666809852471,0.13266746699810028,-0.21733680367469788,2.2845077514648438,90.29124465724942,0.31170687327299706,3.8645765587247127,1,203,1788596018.7026296
1788596064.100015,45.376000,gate_sweep_extreme_r02,0.016417508013546467,-0.13763810694217682,2.6653594374656677,86.76491035271069,0.12502148747444153,-0.2179385870695114,2.364644765853882,90.44134547549956,0.32965482733612017,3.676435122788876,1,195,1788596018.723996
1788596064.145768,45.412000,gate_sweep_extreme_r02,0.013256590813398361,-0.14092424511909485,2.7448500990867615,87.0468253237361,0.12357180565595627,-0.22019463777542114,2.45035719871521,90.70390157912522,0.3243135984612678,3.6570762553891183,1,420,1788596018.7337437
1788596064.194211,45.444000,gate_sweep_extreme_r02,0.010197818279266357,-0.14378342032432556,2.8218697905540466,87.3327243268913,0.12036378681659698,-0.22133436799049377,2.5264394283294678,90.92518572228947,0.3246995365439174,3.5924613953981788,1,264,1788596018.75019
1788596064.249541,45.476000,gate_sweep_extreme_r02,0.007963871117681265,-0.14565816521644592,2.8779467940330505,87.54791108857611,0.1199040487408638,-0.22277727723121643,2.599496841430664,91.1829185482861,0.30985857565755326,3.6350074597099873,1,235,1788596018.7735157
1788596064.294155,45.508000,gate_sweep_extreme_r02,0.004313762998208404,-0.14826056361198425,2.9680299162864685,87.90179638440078,0.11664018779993057,-0.22401179373264313,2.669696807861328,91.42515719035788,0.3276554869922622,3.523360805957099,1,227,1788596018.7861311
1788596064.347691,45.544000,gate_sweep_extreme_r02,0.0014577037654817104,-0.14993615448474884,3.037038743495941,88.1802231893433,0.11701614409685135,-0.22451676428318024,2.748697519302368,91.73683062252678,0.31946311533442,3.5566074331834825,1,214,1788596018.8036706
1788596064.397313,45.576000,gate_sweep_extreme_r02,-0.0013196924701333046,-0.15122240781784058,3.103296220302582,88.45078659971087,0.11741436272859573,-0.22580042481422424,2.8121707439422607,92.01150284545014,0.32313108712884864,3.5607162457392745,1,203,1788596018.8212957
1788596064.447701,45.608000,gate_sweep_extreme_r02,-0.004662569612264633,-0.15230558812618256,3.1823753714561462,88.7742533984311,0.1129443496465683,-0.2265407294034958,2.8764665126800537,92.24262768530764,0.33603939283320283,3.4683742868765375,1,196,1788596018.8396847
1788596064.503181,45.640000,gate_sweep_extreme_r02,-0.0071987733244895935,-0.15280036628246307,3.242562234401703,89.01905983456756,0.10839738696813583,-0.22635406255722046,2.9387130737304688,92.46626007993197,0.3333120624140252,3.447200245364424,1,191,1788596018.8631642
1788596064.552780,45.676000,gate_sweep_extreme_r02,-0.009026734158396721,-0.1529698371887207,3.2859215140342712,89.19355449724279,0.0024579688906669617,-0.2361423224210739,3.0084118843078613,91.80938048164425,0.28993301863489146,2.615825984401465,1,414,1788596018.8767593
1788596064.600311,45.708000,gate_sweep_extreme_r02,-0.01191997155547142,-0.1527988761663437,3.354792535305023,89.46801291071772,-0.03847348317503929,-0.23487301170825958,3.0794942378997803,91.70657625197578,0.2884968028566502,2.2385633412580526,1,235,1788596018.8922925
1788596064.646466,45.740000,gate_sweep_extreme_r02,-0.014071857556700706,-0.15227189660072327,3.4070367217063904,89.67290738230409,-0.04209783300757408,-0.23327700793743134,3.134456157684326,91.91032923257927,0.2857401743634102,2.2374218502751826,1,195,1788596018.9064472
1788596064.692384,45.772000,gate_sweep_extreme_r02,-0.0160303246229887,-0.15143421292304993,3.456833779811859,89.8625309390751,-0.04426159709692001,-0.23201759159564972,3.187081813812256,92.11484444393513,0.2829431194152635,2.252313504860015,1,187,1788596018.920367
1788596064.746674,45.808000,gate_sweep_extreme_r02,-0.018223537132143974,-0.14999157190322876,3.515793740749359,90.07800639068599,-0.04728449136018753,-0.23003911972045898,3.2435781955718994,92.32289592722081,0.2852252653753833,2.244889536534824,1,183,1788596018.938657
1788596064.794530,45.840000,gate_sweep_extreme_r02,-0.019781865179538727,-0.14849618077278137,3.5604256987571716,90.23413719678254,-0.0508667416870594,-0.22803033888339996,3.291874647140503,92.48449709431459,0.2818006727782447,2.250359897532043,1,176,1788596018.9545107
1788596064.849577,45.872000,gate_sweep_extreme_r02,-0.02087373472750187,-0.14721055328845978,3.5926288962364197,90.34047038765681,-0.054718807339668274,-0.2261529117822647,3.3388617038726807,92.62771021660694,0.2679088890366689,2.2872398289501383,1,171,1788596018.9775524
1788596064.891966,45.904000,gate_sweep_extreme_r02,-0.022499220445752144,-0.14470818638801575,3.6436662077903748,90.49831471866864,-0.0815417617559433,-0.22481481730937958,3.3960578441619873,92.58090199348013,0.26685763197005435,2.082587274811487,1,389,1788596018.9879482
1788596064.936120,45.940000,gate_sweep_extreme_r02,-0.023608267307281494,-0.14239928126335144,3.6822842955589294,90.60782557959739,-0.08983556926250458,-0.21967583894729614,3.460254669189453,92.6704629216144,0.24424347867961096,2.06263734201701,1,303,1788596018.9960978
1788596064.984330,45.972000,gate_sweep_extreme_r02,-0.02454061433672905,-0.139842227101326,3.719103753566742,90.70291669033102,-0.09289077669382095,-0.21689759194850922,3.503333330154419,92.77526866139111,0.23909443650053108,2.072351971060093,1,250,1788596019.0123103
1788596065.032442,46.004000,gate_sweep_extreme_r02,-0.025301618501544,-0.1370609849691391,3.75419420003891,90.78442459372066,-0.09620855003595352,-0.2133958488702774,3.5439844131469727,92.86371507771729,0.23461235877844205,2.079290483996636,1,234,1788596019.0284245
1788596065.079426,46.036000,gate_sweep_extreme_r02,-0.026075147092342377,-0.1332230418920517,3.7957977652549744,90.86835605535563,-0.09901122748851776,-0.21018631756305695,3.583282232284546,92.94219689748756,0.23749919869185618,2.0738408421319297,1,226,1788596019.0434039
1788596065.122298,46.072000,gate_sweep_extreme_r02,-0.026457415893673897,-0.1306912750005722,3.81958669424057,90.9091769811849,-0.10265029966831207,-0.2057029902935028,3.6258318424224854,93.00605094866062,0.22129856658399566,2.0968739674757138,1,220,1788596019.0502784
1788596065.171446,46.104000,gate_sweep_extreme_r02,-0.02690577320754528,-0.12710566818714142,3.8500565886497498,90.95224592467191,-0.10500691831111908,-0.20157483220100403,3.6616642475128174,93.05590527706042,0.21711084600836356,2.103659352388499,1,210,1788596019.067428
1788596065.223625,46.136000,gate_sweep_extreme_r02,-0.027287358418107033,-0.1233457401394844,3.879297196865082,90.98441868791983,-0.10591819882392883,-0.19670076668262482,3.6944456100463867,93.10210205525972,0.21385480619209896,2.1176833673399,1,208,1788596019.0876074
1788596065.276077,46.168000,gate_sweep_extreme_r02,-0.027614625170826912,-0.1183924451470375,3.9141268134117126,91.01143924523561,-0.10813962668180466,-0.19225656986236572,3.7270114421844482,93.12690535687587,0.21668490242243804,2.1154661116402615,1,201,1788596019.1080601
1788596065.321453,46.204000,gate_sweep_extreme_r02,-0.02778778038918972,-0.11415847390890121,3.9406537413597107,91.02281674393375,-0.1094726175069809,-0.18669238686561584,3.762732982635498,93.15153628794634,0.20878069242334601,2.1287195440125997,1,196,1788596019.1174326
1788596065.368159,46.236000,gate_sweep_extreme_r02,-0.027883050963282585,-0.11082783341407776,3.9598183035850525,91.02578043002548,-0.1124706119298935,-0.18169745802879333,3.7933826446533203,93.1443348217661,0.19969573787978223,2.1185543917406156,1,192,1788596019.132138
1788596065.417635,46.268000,gate_sweep_extreme_r02,-0.028002502396702766,-0.10500825941562653,3.9904770255088806,91.0224755117041,-0.11554493010044098,-0.1765911728143692,3.8227622509002686,93.12728053750139,0.20227712614364896,2.104805025797289,1,186,1788596019.1496177
1788596065.463487,46.300000,gate_sweep_extreme_r02,-0.028088314458727837,-0.10014170408248901,4.014016091823578,91.01137760074569,-0.1167948842048645,-0.171582892537117,3.8499109745025635,93.11692669849168,0.19975782451478535,2.105549097745994,1,181,1788596019.1634607
1788596065.512882,46.336000,gate_sweep_extreme_r02,-0.02819754369556904,-0.09511051326990128,4.036754071712494,90.99435018095055,-0.11835388839244843,-0.1658293753862381,3.8805649280548096,93.09837886255019,0.19371208672835244,2.1040286815996443,1,178,1788596019.1768596
1788596065.560891,46.368000,gate_sweep_extreme_r02,-0.02839827723801136,-0.08865009248256683,4.064135491847992,90.96946455680164,-0.1189691498875618,-0.16077569127082825,3.9059529304504395,93.08077829210997,0.19602782379896178,2.1113137353083244,1,174,1788596019.192871
1788596065.613885,46.400000,gate_sweep_extreme_r02,-0.02857085131108761,-0.08340717852115631,4.085295617580414,90.94363928687014,-0.12065596878528595,-0.15651746094226837,3.9308977127075195,93.04653367628717,0.1940708511989139,2.102894389417029,1,168,1788596019.2138674
1788596065.654576,46.432000,gate_sweep_extreme_r02,-0.028683213517069817,-0.07943657040596008,4.100740373134613,90.9228953034138,-0.15072304010391235,-0.13913469016551971,4.042562007904053,92.8242809790656,0.1477914305941782,1.9013856756518104,1,398,1788596019.2225494
1788596065.700177,46.468000,gate_sweep_extreme_r02,-0.028800351545214653,-0.07274868339300156,4.12571519613266,90.88348500528225,-0.15604890882968903,-0.1311047226190567,4.08016300201416,92.76177652695971,0.1472162526154722,1.8782915216774625,1,295,1788596019.232154
1788596065.749572,46.500000,gate_sweep_extreme_r02,-0.028898628428578377,-0.06740022450685501,4.145050466060638,90.85083952784902,-0.1577402949333191,-0.1253180205821991,4.104410171508789,92.7209906410236,0.1469907468897449,1.8701511131745783,1,263,1788596019.249555
1788596065.794878,46.532000,gate_sweep_extreme_r02,-0.02904086373746395,-0.06209820881485939,4.163806855678558,90.81703444684709,-0.15856501460075378,-0.120196133852005,4.1269450187683105,92.68545454287286,0.14666516140814,1.868420096025765,1,259,1788596019.2628365
1788596065.841871,46.564000,gate_sweep_extreme_r02,-0.029276380315423012,-0.05548512935638428,4.186515271663666,90.77430117855624,-0.1600664258003235,-0.11342038214206696,4.150069713592529,92.64523884722765,0.14761710001351425,1.8709376686714079,1,248,1788596019.2778351
1788596065.889927,46.600000,gate_sweep_extreme_r02,-0.029518282040953636,-0.05019194260239601,4.204153954982758,90.73978125759642,-0.16271430253982544,-0.10673025995492935,4.176270484924316,92.59146739977011,0.14736094838284544,1.8516861421736817,1,246,1788596019.2899091
1788596065.940268,46.632000,gate_sweep_extreme_r02,-0.029709896072745323,-0.04621220752596855,4.217063367366791,90.71539786812042,-0.16446807980537415,-0.10073824971914291,4.197760105133057,92.54860709712092,0.14664744557281958,1.8332092290005018,1,240,1788596019.3082492
1788596065.990155,46.664000,gate_sweep_extreme_r02,-0.029951276257634163,-0.04093506932258606,4.233936250209808,90.68542990954181,-0.16483299434185028,-0.0948580652475357,4.218747615814209,92.51907779226846,0.14605294237938266,1.8336478827266494,1,236,1788596019.326136
1788596066.041769,46.696000,gate_sweep_extreme_r02,-0.0302444975823164,-0.034389642998576164,4.254407823085785,90.65059614695798,-0.166511669754982,-0.08930507302284241,4.2410888671875,92.48409933440561,0.14751895218210245,1.833503187447641,1,226,1788596019.3457513
1788596066.087741,46.732000,gate_sweep_extreme_r02,-0.030450889840722084,-0.029245857149362564,4.270287454128265,90.62494225031638,-0.16779592633247375,-0.08274098485708237,4.262434959411621,92.4459302369727,0.14760436785766462,1.8209879866563161,1,222,1788596019.3557272
1788596066.140059,46.764000,gate_sweep_extreme_r02,-0.030634591355919838,-0.02418063022196293,4.285734593868256,90.60192368981028,-0.16679227352142334,-0.07755055278539658,4.280097484588623,92.43147443160217,0.14635245145927586,1.8295507417918908,1,220,1788596019.3760343
1788596066.188023,46.796000,gate_sweep_extreme_r02,-0.030756382271647453,-0.02043445874005556,4.297056138515472,90.58712569416362,-0.16847723722457886,-0.07267384231090546,4.299357891082764,92.403264178336,0.1473135606443269,1.816138484172389,1,219,1788596019.392007
1788596066.238050,46.828000,gate_sweep_extreme_r02,-0.030929667875170708,-0.014323280658572912,4.3154348731040955,90.56655059558082,-0.1686876267194748,-0.06779824197292328,4.31699275970459,92.38636446578496,0.14778110069687614,1.819813870204137,1,214,1788596019.410027
1788596066.287675,46.864000,gate_sweep_extreme_r02,-0.03100510872900486,-0.009586354717612267,4.32964700460434,90.55360218848575,-0.16948653757572174,-0.06207472085952759,4.336632251739502,92.3671915302278,0.14825966542932492,1.8135893417420332,1,210,1788596019.4236548
1788596066.333575,46.896000,gate_sweep_extreme_r02,-0.031007228419184685,-0.005012439331039786,4.343392789363861,90.54358748583839,-0.16918990015983582,-0.05794825032353401,4.352811813354492,92.36051305204191,0.14827464000210455,1.8169255662035326,1,206,1788596019.4375553
1788596066.381269,46.928000,gate_sweep_extreme_r02,-0.030933981761336327,0.0004292502999305725,4.360040128231049,90.53408893458601,-0.16988573968410492,-0.05354465916752815,4.369604587554932,92.35151489192631,0.1493728650564999,1.8174259573403029,1,203,1788596019.4532523
1788596066.427933,46.960000,gate_sweep_extreme_r02,-0.030854659155011177,0.00454952847212553,4.372934281826019,90.53010046047508,-0.16964001953601837,-0.0493076890707016,4.3847174644470215,92.35293024141026,0.14933458919560913,1.8228297809351695,1,201,1788596019.4679163
1788596066.475564,46.996000,gate_sweep_extreme_r02,-0.030788341537117958,0.007515748031437397,4.382373750209808,90.53066332596705,-0.1697840392589569,-0.04504207894206047,4.400959014892578,92.35427822722718,0.14975827598061342,1.8236149012601333,1,197,1788596019.4795432
1788596066.524726,47.028000,gate_sweep_extreme_r02,-0.030621187761425972,0.012232782319188118,4.3976930975914,90.53335363669011,-0.16873221099376678,-0.041813597083091736,4.413089752197266,92.36716372639997,0.1491064144758088,1.8338100897098621,1,195,1788596019.4967086
1788596066.569958,47.060000,gate_sweep_extreme_r02,-0.03043450601398945,0.015846464782953262,4.409597814083099,90.53947540870772,-0.16915592551231384,-0.039387643337249756,4.426425457000732,92.37114479662131,0.15025847228568423,1.8316693879135881,1,190,1788596019.5099366
1788596066.623648,47.092000,gate_sweep_extreme_r02,-0.030211331322789192,0.019345929846167564,4.421175897121429,90.54969404778276,-0.16929063200950623,-0.035298656672239304,4.440725326538086,92.38372458235087,0.1507025643636854,1.8340305345681094,1,186,1788596019.5316288
1788596066.671182,47.128000,gate_sweep_extreme_r02,-0.02986365742981434,0.023511609062552452,4.435202538967133,90.5667098520249,-0.16907116770744324,-0.031112531200051308,4.457490921020508,92.40427938485959,0.151192921764486,1.837569532834693,1,185,1788596019.5431604
1788596066.718786,47.160000,gate_sweep_extreme_r02,-0.029506741091609,0.026752043515443802,4.446074903011322,90.58392266066691,-0.16827695071697235,-0.027337346225976944,4.471309661865234,92.43052426142498,0.15106166362277926,1.8466016007580603,1,182,1788596019.5587692
1788596066.763722,47.192000,gate_sweep_extreme_r02,-0.02918730489909649,0.029128476977348328,4.454067170619965,90.6002634399278,-0.16748720407485962,-0.024067312479019165,4.483892917633057,92.45755700462631,0.15114969173902207,1.8572935646984965,1,182,1788596019.5717034
1788596066.813335,47.224000,gate_sweep_extreme_r02,-0.028536440804600716,0.03305627405643463,4.467007577419281,90.63077399246214,-0.16806471347808838,-0.021028529852628708,4.496764659881592,92.47625756065212,0.1525738799591782,1.8454835681899764,1,178,1788596019.5893097
1788596066.863387,47.260000,gate_sweep_extreme_r02,-0.02794812060892582,0.03613058105111122,4.47709459066391,90.6577725108734,-0.16738654673099518,-0.017759129405021667,4.509949207305908,92.51083676121662,0.1530575101298146,1.8530642503432175,1,177,1788596019.603361
1788596066.910648,47.292000,gate_sweep_extreme_r02,-0.02734280191361904,0.039135538041591644,4.486947953701019,90.68664992532915,-0.16638359427452087,-0.015230603516101837,4.522685527801514,92.54519445034899,0.15350958761851624,1.8585445250198276,1,176,1788596019.6186213
1788596066.958415,47.324000,gate_sweep_extreme_r02,-0.02675466798245907,0.04207901656627655,4.496520936489105,90.71805685437262,-0.1652708500623703,-0.013063393533229828,4.534181118011475,92.58345848068696,0.15377160778854812,1.8654016263143383,1,175,1788596019.6343975
1788596067.018909,47.356000,gate_sweep_extreme_r02,-0.026113834232091904,0.045682989060878754,4.508141458034515,90.7618663269893,-0.16192491352558136,-0.012340424582362175,4.543764114379883,92.63744050786892,0.15192214925670736,1.8755741808796107,1,174,1788596019.6628847
1788596067.059927,47.392000,gate_sweep_extreme_r02,-0.025785531848669052,0.04775422066450119,4.514928758144379,90.7896302497877,-0.18669918179512024,0.044358618557453156,4.647941589355469,92.66957044958012,0.20879929626210036,1.8799401997924223,1,395,1788596019.6679077
1788596067.105054,47.424000,gate_sweep_extreme_r02,-0.02540232427418232,0.05038559436798096,4.523796498775482,90.82752770851289,-0.19112402200698853,0.0560646690428257,4.683218955993652,92.702194938957,0.2300248961614489,1.8746672304441168,1,306,1788596019.68103
1788596067.152796,47.456000,gate_sweep_extreme_r02,-0.025063322857022285,0.05285191535949707,4.532504022121429,90.86713544063272,-0.19112402200698853,0.0560646690428257,4.683218955993652,92.70220263535008,0.22427988960340126,1.8350671947173474,1,271,1788596019.6967764
1788596067.201293,47.488000,gate_sweep_extreme_r02,-0.024724235758185387,0.055673982948064804,4.543127954006195,90.91675807033063,-0.1928294599056244,0.06291112303733826,4.708190441131592,92.763225520861,0.23570610352376165,1.8464674505303786,1,266,1788596019.7132761
1788596067.246966,47.524000,gate_sweep_extreme_r02,-0.024411389604210854,0.05770907551050186,4.5513967871665955,90.95739896446038,-0.19331808388233185,0.06616471707820892,4.7214789390563965,92.80181432866904,0.23985184518312447,1.8444153642086647,1,263,1788596019.722946
1788596067.292342,47.556000,gate_sweep_extreme_r02,-0.024120861664414406,0.05909975618124008,4.557458341121674,90.98775307311264,-0.1914459764957428,0.0681450143456459,4.731788158416748,92.84864687573548,0.24180652585633833,1.8608938026228392,1,260,1788596019.7363243
1788596067.339644,47.588000,gate_sweep_extreme_r02,-0.023506931960582733,0.0611896812915802,4.567419946193695,91.03570623405089,-0.1914459764957428,0.0681450143456459,4.731788158416748,92.84863165932258,0.23509319115337654,1.8129254252716895,1,260,1788596019.7516258
1788596067.390436,47.620000,gate_sweep_extreme_r02,-0.02291863225400448,0.06267141550779343,4.575176179409027,91.0741817793362,-0.1910184621810913,0.07089541107416153,4.751482963562012,92.91756773958306,0.24374016711030266,1.8433859602468623,1,257,1788596019.7704184
1788596067.438818,47.656000,gate_sweep_extreme_r02,-0.022250408306717873,0.0640023723244667,4.582820355892181,91.11081896600945,-0.1905013471841812,0.07426334172487259,4.765072822570801,92.96357515179726,0.24825315211820623,1.852756185787808,1,255,1788596019.7827988
1788596067.489801,47.688000,gate_sweep_extreme_r02,-0.021283388137817383,0.06547579169273376,4.592312276363373,91.15567957862034,-0.1905013471841812,0.07426334172487259,4.765072822570801,92.9635535644948,0.24198790264241118,1.8078739858744621,1,250,1788596019.8017828
1788596067.536141,47.720000,gate_sweep_extreme_r02,-0.020399007946252823,0.06652091443538666,4.599791944026947,91.19054382239516,-0.192181795835495,0.07820948958396912,4.785789966583252,93.01218396225576,0.25345850429381955,1.821640139860602,1,250,1788596019.8161209
1788596067.584838,47.752000,gate_sweep_extreme_r02,-0.01966765522956848,0.06723720580339432,4.605328023433685,91.2157328887234,-0.192181795835495,0.07820948958396912,4.785789966583252,93.01218218712538,0.24989604367752657,1.7964492984019882,1,249,1788596019.8328197
1788596067.633682,47.788000,gate_sweep_extreme_r02,-0.01834219880402088,0.06826139241456985,4.614406049251556,91.25588064353158,-0.1921810656785965,0.08211108297109604,4.806899070739746,93.07264276740652,0.2597408879756913,1.816762123874943,1,245,1788596019.8456638
1788596067.686098,47.820000,gate_sweep_extreme_r02,-0.017181014642119408,0.06891292333602905,4.621557652950287,91.28587387008967,-0.19125449657440186,0.08323560655117035,4.816202163696289,93.10706851807828,0.26152093975446883,1.8211946479886056,1,245,1788596019.866079
1788596067.737802,47.852000,gate_sweep_extreme_r02,-0.015878429636359215,0.06943196058273315,4.628645837306976,91.31513901697944,-0.19020172953605652,0.08427862077951431,4.825140953063965,93.1380190994668,0.26309573680177867,1.82288008248737,1,245,1788596019.885781
1788596067.783684,47.884000,gate_sweep_extreme_r02,-0.014027301222085953,0.06989777088165283,4.637432515621185,91.34939565054775,-0.19017067551612854,0.0849074050784111,4.833466529846191,93.15795234105342,0.26397180182659963,1.808556690505665,1,245,1788596019.8996618
1788596067.831445,47.920000,gate_sweep_extreme_r02,-0.012417526915669441,0.07022620737552643,4.644316613674164,91.37458244264465,-0.19032061100006104,0.08523976057767868,4.843315124511719,93.17664481683087,0.26734868883549145,1.802062374186216,1,243,1788596019.911427
1788596067.879533,47.952000,gate_sweep_extreme_r02,-0.01115032471716404,0.07046487927436829,4.649393022060394,91.3938386320773,-0.19036860764026642,0.08609335124492645,4.851360321044922,93.19222429706275,0.2704703901153419,1.7983856649854404,1,243,1788596019.927513
1788596067.932189,47.984000,gate_sweep_extreme_r02,-0.009418091736733913,0.07071942836046219,4.656094014644623,91.41740012599361,-0.1898043006658554,0.086924247443676,4.859621047973633,93.21119627605218,0.272442716601212,1.7937961500585702,1,243,1788596019.9481704
1788596067.988107,48.016000,gate_sweep_extreme_r02,-0.007162156514823437,0.07093222439289093,4.664319455623627,91.44531912111891,-0.1899133026599884,0.08746235817670822,4.867821216583252,93.22353402133994,0.2740149511503903,1.778214900221032,1,241,1788596019.9720867
1788596068.036384,48.052000,gate_sweep_extreme_r02,-0.005292948335409164,0.07101261615753174,4.670785367488861,91.46687627972801,-0.18903504312038422,0.08772891014814377,4.875672817230225,93.24245489464043,0.2757162652842068,1.7755786149124244,1,240,1788596019.984364
1788596068.079180,48.084000,gate_sweep_extreme_r02,-0.0034003406763076782,0.0710189938545227,4.6771644949913025,91.48602657422585,-0.18686959147453308,0.08762191236019135,4.882577419281006,93.26836553117872,0.2759186335799295,1.782338956952875,1,240,1788596019.9951653
1788596068.126820,48.116000,gate_sweep_extreme_r02,-0.0019907718524336815,0.07095982879400253,4.6818737387657166,91.500607675317,-0.18591618537902832,0.08745204657316208,4.889354705810547,93.28226102447097,0.27775691291858434,1.7816533491539652,1,239,1788596020.0108051
1788596068.179484,48.148000,gate_sweep_extreme_r02,0.00031820451840758324,0.07069144397974014,4.689594209194183,91.5211786944595,-0.18538890779018402,0.08762083202600479,4.896825313568115,93.29338951030329,0.27878031917919943,1.7722108158437913,1,239,1788596020.0314648
1788596068.229668,48.184000,gate_sweep_extreme_r02,0.002093430608510971,0.07035700976848602,4.695653855800629,91.53725122766754,-0.18292242288589478,0.08710382133722305,4.905160903930664,93.31879774562961,0.28000808016581086,1.7815465179620673,1,238,1788596020.0456514
1788596068.279032,48.216000,gate_sweep_extreme_r02,0.003749774652533233,0.06994719058275223,4.701599538326263,91.55015068635883,-0.18152472376823425,0.08628139644861221,4.911278247833252,93.33152500841689,0.28028308416108766,1.7813743220580605,1,236,1788596020.0630136
1788596068.329065,48.248000,gate_sweep_extreme_r02,0.005674842279404402,0.06933669745922089,4.708857476711273,91.56620680715147,-0.18009892106056213,0.08532968908548355,4.916611671447754,93.34288318045196,0.27915850758530564,1.7766763733004844,1,236,1788596020.0810397
1788596068.376971,48.280000,gate_sweep_extreme_r02,0.007092039100825787,0.06878969073295593,4.714476048946381,91.57897165979635,-0.17997638881206512,0.08472798764705658,4.922410488128662,93.34498834063808,0.28015238180028457,1.7660166808417248,1,232,1788596020.0969524
1788596068.427837,48.316000,gate_sweep_extreme_r02,0.008396051358431578,0.06816040724515915,4.719994962215424,91.5895689509525,-0.18055684864521027,0.08472893387079239,4.929028511047363,93.3436908180662,0.2822635984883731,1.7541218671136842,1,232,1788596020.1118195
1788596068.479888,48.348000,gate_sweep_extreme_r02,0.009868473280221224,0.06742902100086212,4.726643979549408,91.60170921579912,-0.1813506782054901,0.0851673036813736,4.934987545013428,93.3393569151151,0.2833486400843128,1.7376476993159773,1,229,1788596020.1318648
1788596068.527761,48.380000,gate_sweep_extreme_r02,0.010944186709821224,0.06683342903852463,4.731935918331146,91.61022040650532,-0.1814551055431366,0.08519644290208817,4.941126346588135,93.3393006283549,0.2848075195846043,1.7290802218495742,1,228,1788596020.1477435
1788596068.583104,48.412000,gate_sweep_extreme_r02,0.011938418261706829,0.06626494973897934,4.737091958522797,91.6188883854844,-0.18102076649665833,0.08495344966650009,4.947391986846924,93.3422468575433,0.2860220427262251,1.7233584720588957,1,228,1788596020.171087
1788596068.637959,48.448000,gate_sweep_extreme_r02,0.013066676445305347,0.06564371287822723,4.741473138332367,91.6263440398438,-0.18098007142543793,0.08476991206407547,4.953949928283691,93.3411356331782,0.28838574535251876,1.7147915933344053,1,228,1788596020.18994
1788596068.687338,48.480000,gate_sweep_extreme_r02,0.013796803541481495,0.06517278403043747,4.741346776485443,91.62663636169385,-0.1812288612127304,0.0847461149096489,4.959121227264404,93.33556560615408,0.2929911886159847,1.708929244460229,1,228,1788596020.2073205
1788596068.737692,48.512000,gate_sweep_extreme_r02,0.0143089285120368,0.06472723186016083,4.738953530788422,91.6208290931786,-0.18079745769500732,0.08477139472961426,4.960702419281006,93.32966951336917,0.29604195640416575,1.708840420190574,1,227,1788596020.2256699
1788596068.791180,48.544000,gate_sweep_extreme_r02,0.015037900768220425,0.06389966607093811,4.730932652950287,91.59880347601882,-0.18004575371742249,0.08438490331172943,4.959568023681641,93.31809748747989,0.3012497467911779,1.7192940114610802,1,227,1788596020.2471573
1788596068.845620,48.580000,gate_sweep_extreme_r02,0.015501215122640133,0.06317366659641266,4.7212623953819275,91.56800898910733,-0.17717573046684265,0.08332003653049469,4.9532694816589355,93.30283808588041,0.30225414747520085,1.7348290967730755,1,227,1788596020.2656019
1788596068.890410,48.612000,gate_sweep_extreme_r02,0.015897727571427822,0.062429606914520264,4.709233224391937,91.52634326590862,-0.17528212070465088,0.08087915927171707,4.94301176071167,93.2702249154461,0.3025599517663268,1.7438816495374785,1,225,1788596020.2783833
1788596068.940476,48.644000,gate_sweep_extreme_r02,0.016232162714004517,0.0617232471704483,4.695448815822601,91.47029610326923,-0.16930168867111206,0.07871629297733307,4.933851718902588,93.26112261251566,0.302568203571616,1.790826509246421,1,225,1788596020.2964568
1788596068.990418,48.676000,gate_sweep_extreme_r02,0.01654929295182228,0.06091547757387161,4.676618039608002,91.37198500369357,-0.16974177956581116,0.07298294454813004,4.921109199523926,93.17331892686603,0.30761325513699656,1.801333923172465,1,222,1788596020.3143947
1788596069.036216,48.712000,gate_sweep_extreme_r02,0.016651741228997707,0.060529857873916626,4.6647109389305115,91.29620287660431,-0.1674068421125412,0.06484462320804596,4.908484935760498,93.06751612519349,0.3054864004044192,1.7713132485891823,1,220,1788596020.3241973
1788596069.084404,48.744000,gate_sweep_extreme_r02,0.016663167625665665,0.060196034610271454,4.648595750331879,91.16925121459582,-0.16628196835517883,0.05730824917554855,4.895929336547852,92.94080839279452,0.3076542945486391,1.771557178198696,1,213,1788596020.3403847
1788596069.134737,48.776000,gate_sweep_extreme_r02,0.01654160302132368,0.06015230715274811,4.632479131221771,91.00420685552851,-0.16465474665164948,0.04871059209108353,4.8826518058776855,92.78483762609045,0.3091106551428737,1.7806307705619404,1,211,1788596020.3587184
1788596069.185898,48.808000,gate_sweep_extreme_r02,0.016210585832595825,0.06067103147506714,4.612612664699554,90.73200750908244,-0.16269803047180176,0.041075170040130615,4.869513511657715,92.59475764000041,0.3136723385017422,1.862750130917974,1,211,1788596020.3778777
1788596069.235528,48.844000,gate_sweep_extreme_r02,0.015824449248611927,0.061654821038246155,4.597203195095062,90.44747901766132,-0.16221855580806732,0.03360410034656525,4.853693008422852,92.3126025322446,0.3134855322369114,1.8651235145832792,1,206,1788596020.3915098
1788596069.283659,48.876000,gate_sweep_extreme_r02,0.015438144095242023,0.06280328333377838,4.586002290248871,90.18830347737429,-0.16441529989242554,0.02960737608373165,4.841189384460449,91.98176983845123,0.31395809055434093,1.7934663610769288,1,201,1788596020.4076412
1788596069.336550,48.908000,gate_sweep_extreme_r02,0.014645843766629696,0.0655956119298935,4.56814044713974,89.65765052191195,-0.16452327370643616,0.025168826803565025,4.826725959777832,91.59461016663258,0.31717875868038903,1.9369596447206263,1,199,1788596020.428532
1788596069.385094,48.940000,gate_sweep_extreme_r02,0.01389632560312748,0.06869149208068848,4.554686486721039,89.13167735391463,-0.1619197577238083,0.020325131714344025,4.813344955444336,91.15314879791387,0.3164724370522526,2.021471443999242,1,197,1788596020.4450758
1788596069.439316,48.976000,gate_sweep_extreme_r02,0.013042730279266834,0.07266022264957428,4.542020738124847,88.50783757809948,-0.16349172592163086,0.019672295078635216,4.7997727394104,90.51465491934326,0.3168725751167454,2.006817341243784,1,192,1788596020.4632986
1788596069.486793,49.008000,gate_sweep_extreme_r02,0.01185038173571229,0.07888492196798325,4.527294099330902,87.58253983119724,-0.1651427298784256,0.02014322020113468,4.788398265838623,89.8437475069485,0.3208621742321954,2.261207675751259,1,188,1788596020.4787753
1788596069.536558,49.040000,gate_sweep_extreme_r02,0.010878479108214378,0.08489342033863068,4.516390264034271,86.72273455837387,-0.16755415499210358,0.02139395847916603,4.7757768630981445,89.06579065515261,0.32117253049154454,2.3430560967787364,1,185,1788596020.49654
1788596069.581882,49.072000,gate_sweep_extreme_r02,0.010154159739613533,0.0900411456823349,4.50876659154892,86.0075156274546,-0.16936340928077698,0.024078750982880592,4.765385627746582,88.18763572290918,0.32004831641565373,2.180120095454586,1,184,1788596020.5098636
1788596069.634109,49.108000,gate_sweep_extreme_r02,0.008982608560472727,0.09979382902383804,4.496895730495453,84.68366241654385,-0.16972669959068298,0.027910936623811722,4.753800868988037,87.08706762274704,0.3210987655279172,2.4034052062031908,1,182,1788596020.526092
1788596069.684587,49.140000,gate_sweep_extreme_r02,0.008090414106845856,0.10865716636180878,4.488117158412933,83.51224473159304,-0.17215481400489807,0.03272327780723572,4.744665622711182,85.98427910582379,0.32260101088165005,2.472034374230744,1,180,1788596020.5445676
1788596069.748121,49.172000,gate_sweep_extreme_r02,0.007221850100904703,0.11846978962421417,4.47995799779892,82.25021660336544,-0.17218784987926483,0.03737162426114082,4.734710216522217,84.80429314665393,0.3219680819843381,2.5540765432884878,1,177,1788596020.5761013
1788596069.791111,49.204000,gate_sweep_extreme_r02,0.006134722614660859,0.1320503056049347,4.47056382894516,80.5582051398595,-0.13591048121452332,-0.0324130617082119,4.628900051116943,83.67449452610845,0.2688780362366659,3.116289386248944,1,386,1788596020.5870967
1788596069.840746,49.240000,gate_sweep_extreme_r02,0.0053026246023364365,0.1439816653728485,4.463668763637543,79.12404754481179,-0.13903053104877472,-0.023600317537784576,4.6172261238098145,82.13923353943265,0.26925015075120085,3.0151859946208686,1,299,1788596020.6007273
1788596069.886688,49.272000,gate_sweep_extreme_r02,0.004754320660140365,0.15352818369865417,4.458852231502533,78.0096802415453,-0.14125579595565796,-0.013111183419823647,4.610199928283691,80.70333894731908,0.26831652604483264,2.693658705773795,1,267,1788596020.6146715
1788596069.934535,49.304000,gate_sweep_extreme_r02,0.0041425423114560544,0.16699177026748657,4.45280259847641,76.48340768059043,-0.14502675831317902,-0.00032378826290369034,4.602977752685547,79.20545671569292,0.2698120703692058,2.722049035102491,1,258,1788596020.6305168
1788596069.990125,49.336000,gate_sweep_extreme_r02,0.0035141772823408246,0.1850835233926773,4.445815026760101,74.52547818850552,-0.14940392971038818,0.013237417675554752,4.597445964813232,77.65973185527133,0.2755122009480754,3.1342536667658156,1,254,1788596020.654107
1788596070.044316,49.372000,gate_sweep_extreme_r02,0.0030558797297999263,0.2005103975534439,4.440774381160736,72.93592211656569,-0.15350255370140076,0.028769873082637787,4.591681003570557,75.89582405430468,0.277088721371115,2.959901937739002,1,245,1788596020.6722875
1788596070.092389,49.404000,gate_sweep_extreme_r02,0.0026275378186255693,0.21673321723937988,4.436121881008148,71.34264739136476,-0.1577480137348175,0.04292350262403488,4.586831569671631,74.30728346902005,0.28043456400340994,2.9646360776552827,1,235,1788596020.6883621
1788596070.142876,49.436000,gate_sweep_extreme_r02,0.0022681732662022114,0.22940921783447266,4.432869374752045,70.15485178681384,-0.16050195693969727,0.05762111395597458,4.581639766693115,72.73064070988524,0.2795315678768945,2.57578892307141,1,223,1788596020.706846
1788596070.195815,49.468000,gate_sweep_extreme_r02,0.0015770259778946638,0.2514481544494629,4.427854001522064,68.19738417570697,-0.16443736851215363,0.07416775822639465,4.577637672424316,71.15798175183005,0.2853493755589096,2.9605975761230807,1,222,1788596020.7277894
1788596070.243936,49.504000,gate_sweep_extreme_r02,0.0009224149398505688,0.26988470554351807,4.4241456389427185,66.6731031764976,-0.16990870237350464,0.09370866417884827,4.573116302490234,69.41469078767335,0.2870775623263552,2.7415876111757416,1,210,1788596020.7399132
1788596070.297525,49.536000,gate_sweep_extreme_r02,0.00021994905546307564,0.2890441417694092,4.420711934566498,65.19116535036216,-0.1732584834098816,0.11172398924827576,4.569902420043945,67.92596269807187,0.28947366715773587,2.734797347709707,1,202,1788596020.7614975
1788596070.349171,49.568000,gate_sweep_extreme_r02,-0.000696900300681591,0.3139457106590271,4.416835725307465,63.424486597135605,-0.17718689143657684,0.12998028099536896,4.56439733505249,66.48127020805664,0.2945614111743525,3.056783610921035,1,196,1788596020.7811549
1788596070.407110,49.600000,gate_sweep_extreme_r02,-0.0015116026625037193,0.3346136808395386,4.414103925228119,62.08391163899438,-0.1826673150062561,0.1469256579875946,4.562954425811768,65.10284161938536,0.3003342430706945,3.0189299803909857,1,178,1788596020.8070862
1788596070.453586,49.636000,gate_sweep_extreme_r02,-0.00218369672074914,0.35052481293678284,4.412250459194183,61.130410993028576,-0.1768244504928589,0.13976800441741943,4.5474677085876465,63.690144225862475,0.3052892558687454,2.5597332328338984,1,381,1788596020.817565
1788596070.506048,49.668000,gate_sweep_extreme_r02,-0.003418983891606331,0.3777398467063904,4.40950483083725,59.64222088177752,-0.18076400458812714,0.16032904386520386,4.539348602294922,62.462719288909064,0.309157109807054,2.8204984071315455,1,254,1788596020.8380315
1788596070.554118,49.700000,gate_sweep_extreme_r02,-0.004511049948632717,0.40012598037719727,4.407619893550873,58.553249279064865,-0.18459129333496094,0.18033498525619507,4.5360002517700195,61.328528634076115,0.311798800464075,2.775279355011251,1,230,1788596020.854097
1788596070.615114,49.732000,gate_sweep_extreme_r02,-0.005640729330480099,0.423051655292511,4.406045377254486,57.55200074605606,-0.18815414607524872,0.2015434056520462,4.532835006713867,60.28501146598375,0.31377167190343874,2.7330107199276883,1,224,1788596020.8830929
1788596070.666669,49.768000,gate_sweep_extreme_r02,-0.007072208449244499,0.4524551033973694,4.4045862555503845,56.431135151882145,-0.191574364900589,0.2269776463508606,4.526490211486816,59.224352549112375,0.3158190998725507,2.7932173972302268,1,217,1788596020.8986423
1788596070.721642,49.800000,gate_sweep_extreme_r02,-0.008193832822144032,0.4765172004699707,4.403657376766205,55.63740815693432,-0.19539032876491547,0.2504652440547943,4.523957252502441,58.376705920857376,0.317197218138077,2.7392977639230542,1,208,1788596020.9216237
1788596070.776607,49.832000,gate_sweep_extreme_r02,-0.009002327919006348,0.49489033222198486,4.403045117855072,55.10327769855492,-0.19900859892368317,0.2743096649646759,4.52218770980835,57.6212311086945,0.3145682294926294,2.5179534101395804,1,195,1788596020.944586
1788596070.826644,49.864000,gate_sweep_extreme_r02,-0.010285639204084873,0.5261008739471436,4.402167737483978,54.324347263766384,-0.20204657316207886,0.2998327314853668,4.517638206481934,56.96199412390247,0.31828125501850213,2.6376468601360914,1,190,1788596020.9626234
1788596070.877460,49.900000,gate_sweep_extreme_r02,-0.011278567835688591,0.5515263676643372,4.401596009731293,53.79801901854436,-0.2057158201932907,0.3266526758670807,4.515107154846191,56.325083116595295,0.31821188292110797,2.5270640980509365,1,188,1788596020.97744
1788596070.926881,49.932000,gate_sweep_extreme_r02,-0.012203451246023178,0.5773476958274841,4.401121079921722,53.35734497217786,-0.20854663848876953,0.3530751168727875,4.514151096343994,55.846394594392294,0.3187861688656674,2.4890496222144347,1,183,1788596020.9948602
1788596070.979416,49.964000,gate_sweep_extreme_r02,-0.013020932674407959,0.6035874485969543,4.400734841823578,52.99600166138068,-0.2101229876279831,0.3781388998031616,4.512663841247559,55.4634204361391,0.31969418063549854,2.4674187747584257,1,175,1788596021.0153956
1788596071.038753,49.996000,gate_sweep_extreme_r02,-0.013758528977632523,0.636970043182373,4.400285184383392,52.64609493206708,-0.21203486621379852,0.4023154675960541,4.5178914070129395,55.13110516630906,0.3289490832219721,2.4850102342419804,1,173,1788596021.0427372
1788596071.080872,50.032000,gate_sweep_extreme_r02,-0.014008216559886932,0.6573132872581482,4.399998605251312,52.48561158086097,-0.21807731688022614,0.4328583776950836,4.5175395011901855,54.83810240217426,0.32533070305556655,2.3524908213132854,1,383,1788596021.0488293
1788596071.130122,50.064000,gate_sweep_extreme_r02,-0.014058152213692665,0.6848058104515076,4.399615705013275,52.32574663487536,-0.22018565237522125,0.45740339159965515,4.515029430389404,54.65920667640603,0.3279035443963832,2.333460041530677,1,298,1788596021.0661042
1788596071.182825,50.096000,gate_sweep_extreme_r02,-0.013754954561591148,0.712716817855835,4.3992504477500916,52.215462379783226,-0.22178587317466736,0.48447927832603455,4.512983798980713,54.53239932882849,0.32909650975324156,2.3169369490452647,1,273,1788596021.0868053
1788596071.235380,50.128000,gate_sweep_extreme_r02,-0.012916546314954758,0.7482290863990784,4.398755967617035,52.14487614921138,-0.22265969216823578,0.5115251541137695,4.512925148010254,54.45482607595759,0.33623732770681214,2.309949926746211,1,260,1788596021.107356
1788596071.285429,50.164000,gate_sweep_extreme_r02,-0.011850597336888313,0.7771735191345215,4.3983253836631775,52.130137713187835,-0.2232883870601654,0.5439212918281555,4.516321659088135,54.41570490795521,0.33620776534846386,2.2855671947673795,1,252,1788596021.121409
1788596071.339293,50.196000,gate_sweep_extreme_r02,-0.01080075278878212,0.7992129325866699,4.3979896903038025,52.14044185354584,-0.22375018894672394,0.5715450644493103,4.517768859863281,54.41235720619591,0.3339568385323976,2.27191535265007,1,234,1788596021.1432748
1788596071.387735,50.228000,gate_sweep_extreme_r02,-0.008452675305306911,0.8365373015403748,4.397474706172943,52.18922032941483,-0.2230924367904663,0.599158525466919,4.517786979675293,54.45359481380275,0.3418975777858659,2.264374484387923,1,230,1788596021.1597173
1788596071.440227,50.260000,gate_sweep_extreme_r02,-0.006007653661072254,0.866884708404541,4.397138059139252,52.25012946086224,-0.22239896655082703,0.6280391812324524,4.518515110015869,54.50019101241911,0.34439043921655205,2.250061551556869,1,219,1788596021.180212
1788596071.495139,50.296000,gate_sweep_extreme_r02,-0.0030170297250151634,0.8976122140884399,4.3968862891197205,52.32108102956322,-0.22051510214805603,0.6599812507629395,4.518985748291016,54.58115726816888,0.3445027781726389,2.2600762386056585,1,214,1788596021.1991186
1788596071.547297,50.328000,gate_sweep_extreme_r02,0.001555455382913351,0.9364542365074158,4.396749913692474,52.418548497219895,-0.21838463842868805,0.6888830661773682,4.5190277099609375,54.659725693716446,0.35301131526442214,2.2411771964965492,1,206,1788596021.2192724
1788596071.597287,50.360000,gate_sweep_extreme_r02,0.0059656641678884625,0.9678292274475098,4.396846234798431,52.494128997499516,-0.2151646912097931,0.7182446122169495,4.519108772277832,54.743702283496695,0.3551608681993956,2.249573285997179,1,198,1788596021.2372658
1788596071.645085,50.392000,gate_sweep_extreme_r02,0.009737052489072084,0.9915125966072083,4.39701646566391,52.54692165083912,-0.2117275595664978,0.7479514479637146,4.520020961761475,54.818904908833034,0.35142383752625245,2.2719832579939148,1,195,1788596021.2530673
1788596071.700012,50.428000,gate_sweep_extreme_r02,0.017005746252834797,1.031212329864502,4.397457540035248,52.62147752301227,-0.20708081126213074,0.7831778526306152,4.520983695983887,54.88918843153914,0.35636301485850475,2.267710908526872,1,190,1788596021.2719917
1788596071.750041,50.460000,gate_sweep_extreme_r02,0.02378416433930397,1.0631645917892456,4.397991120815277,52.663220314022006,-0.2010725438594818,0.8130149245262146,4.521332263946533,54.96596123042523,0.35825749516615,2.302740916403225,1,184,1788596021.2900245
1788596071.804823,50.492000,gate_sweep_extreme_r02,0.031460369005799294,1.095273494720459,4.398653447628021,52.68704185573882,-0.19458027184009552,0.8438899517059326,4.521722316741943,55.01595772315232,0.35976937551372923,2.328915867413498,1,177,1788596021.312806
1788596071.854635,50.524000,gate_sweep_extreme_r02,0.04231407307088375,1.1356420516967773,4.3997010588645935,52.68869339797098,-0.1869174987077713,0.8746477961540222,4.522258758544922,55.06297857810209,0.3683551339093338,2.374285180131111,1,167,1788596021.330615
1788596071.912617,50.560000,gate_sweep_extreme_r02,0.05206847004592419,1.168087124824524,4.400679051876068,52.66515735665633,-0.18059997260570526,0.9085083603858948,4.52510929107666,55.05459822049536,0.37013325111496864,2.389440863839024,1,164,1788596021.3525963
1788596071.957755,50.592000,gate_sweep_extreme_r02,0.06002978794276714,1.1925079822540283,4.401458203792572,52.6321533728837,-0.19678950309753418,0.9853783845901489,4.537301063537598,54.84398457475017,0.3568082132218235,2.2118312018664756,1,316,1788596021.365738
1788596072.013028,50.624000,gate_sweep_extreme_r02,0.0714313481003046,1.2251516580581665,4.402632176876068,52.56902844737872,-0.18925738334655762,1.023390293121338,4.539163112640381,54.78428161591686,0.356801008273835,2.215253168538137,1,237,1788596021.3890028
1788596072.072434,50.656000,gate_sweep_extreme_r02,0.08705251105129719,1.2661105394363403,4.4042505621910095,52.453122298670706,-0.1744239777326584,1.0562011003494263,4.539576053619385,54.742047990348944,0.36158666379569393,2.288925691678238,1,153,1788596021.4164152
1788596072.116055,50.692000,gate_sweep_extreme_r02,0.10069613344967365,1.2990221977233887,4.405674397945404,52.336894246555666,-0.16642257571220398,1.0815138816833496,4.537320137023926,54.68810963064811,0.3687721151990908,2.3512153840924426,1,328,1788596021.4240353
1788596072.165822,50.724000,gate_sweep_extreme_r02,0.11529829539358616,1.332072377204895,4.407218396663666,52.1958924738822,-0.15031130611896515,1.1168007850646973,4.533611297607422,54.603996472103894,0.3645071799117407,2.408103998221694,1,239,1788596021.441802
1788596072.220410,50.756000,gate_sweep_extreme_r02,0.12687193043529987,1.3569600582122803,4.408468663692474,52.07827227976553,-0.13466915488243103,1.1518785953521729,4.532430171966553,54.47943165877228,0.3547232741893357,2.4011593790067525,1,216,1788596021.4643912
1788596072.274649,50.788000,gate_sweep_extreme_r02,0.14731022901833057,1.3986116647720337,4.410735547542572,51.85682506441911,-0.12633270025253296,1.1772878170013428,4.544771194458008,54.35771064846861,0.3766035753627442,2.500885584049497,1,208,1788596021.4866245
1788596072.322137,50.824000,gate_sweep_extreme_r02,0.16470936127007008,1.4321132898330688,4.41271299123764,51.66152983111714,-0.11104536801576614,1.2131785154342651,4.550162315368652,54.1730626369004,0.37797542627614283,2.5115328057832538,1,195,1788596021.4981143
1788596072.378047,50.856000,gate_sweep_extreme_r02,0.18302868492901325,1.4657649993896484,4.414837300777435,51.449545593234326,-0.09682973474264145,1.2463711500167847,4.553784370422363,53.997409715421284,0.38178617623831185,2.547864122186958,1,188,1788596021.5220296
1788596072.428648,50.888000,gate_sweep_extreme_r02,0.2071236837655306,1.5079689025878906,4.417721688747406,51.168378717319854,-0.08081226050853729,1.2796522378921509,4.557607650756836,53.804291909725755,0.3931967570442178,2.635913192405904,1,178,1788596021.5406306
1788596072.476741,50.920000,gate_sweep_extreme_r02,0.22733394987881184,1.54185950756073,4.420233190059662,50.932641208517104,-0.061836786568164825,1.31337308883667,4.56063175201416,53.609249324043574,0.3943824470707646,2.6766081155264696,1,171,1788596021.5566957
1788596072.542183,50.956000,gate_sweep_extreme_r02,0.24298918433487415,1.5673507452011108,4.422230660915375,50.7516414408928,-0.037986092269420624,1.3529443740844727,4.561036586761475,53.387251288482666,0.3797160558736732,2.6356098475898704,1,163,1788596021.586167
1788596072.593070,50.988000,gate_sweep_extreme_r02,0.27001398988068104,1.609939455986023,4.425741136074066,50.44384421638804,-0.023934487253427505,1.3956389427185059,4.5509514808654785,53.15835566017966,0.38471814051194303,2.7145114437916207,1,353,1788596021.6050532
1788596072.643087,51.020000,gate_sweep_extreme_r02,0.29244294948875904,1.64409339427948,4.428729474544525,50.19551742008595,-0.004105478525161743,1.4301613569259644,4.553623676300049,52.942062139208964,0.38640192597333545,2.7465447191230186,1,264,1788596021.6230495
1788596072.693134,51.052000,gate_sweep_extreme_r02,0.3155494648963213,1.6782788038253784,4.431837499141693,49.94763260558486,0.01402033120393753,1.4617120027542114,4.562213897705078,52.70765653987371,0.3934704602557052,2.7600239342888555,1,246,1788596021.64112
1788596072.749638,51.088000,gate_sweep_extreme_r02,0.34525194950401783,1.7210414409637451,4.435847699642181,49.641131096466225,0.03375037759542465,1.4970855712890625,4.570695877075195,52.44628100605327,0.4066613970126418,2.805149909587039,1,228,1788596021.661622
1788596072.801828,51.120000,gate_sweep_extreme_r02,0.3696636874228716,1.7553019523620605,4.439166009426117,49.402145034644406,0.05395706370472908,1.528792381286621,4.578454971313477,52.21684081247163,0.41276951553130314,2.814695777827229,1,219,1788596021.6818027
1788596072.851385,51.152000,gate_sweep_extreme_r02,0.38834029622375965,1.7809925079345703,4.441732347011566,49.22777400280969,0.07660552859306335,1.5605942010879517,4.587094306945801,51.999437267828725,0.40851447759723586,2.771663265019036,1,212,1788596021.6993668
1788596072.902343,51.184000,gate_sweep_extreme_r02,0.42013186402618885,1.8238095045089722,4.446145474910736,48.9521877188381,0.1007714793086052,1.5934168100357056,4.591403007507324,51.787461400124045,0.4197280068921585,2.8352736812859445,1,205,1788596021.7183244
1788596072.955107,51.220000,gate_sweep_extreme_r02,0.44605776853859425,1.8580725193023682,4.449804246425629,48.751874932285986,0.13203375041484833,1.6287513971328735,4.5934858322143555,51.570263203666194,0.4145402985554266,2.8183882713802073,1,199,1788596021.7350883
1788596073.012085,51.252000,gate_sweep_extreme_r02,0.47234869189560413,1.8923417329788208,4.453656613826752,48.578552042212955,0.1602395623922348,1.6627047061920166,4.595913887023926,51.39907823575022,0.41277403572454724,2.8205261935372574,1,194,1788596021.7600617
1788596073.067280,51.284000,gate_sweep_extreme_r02,0.4990061540156603,1.9266033172607422,4.457702577114105,48.44051084566167,0.18694375455379486,1.6936683654785156,4.596619606018066,51.24552167006854,0.4134483931994283,2.805010824406871,1,191,1788596021.7832563
1788596073.120991,51.316000,gate_sweep_extreme_r02,0.5328259486705065,1.9694474935531616,4.4630555510520935,48.338980610226784,0.21408584713935852,1.7246614694595337,4.601416110992432,51.12936254295734,0.4250401092398888,2.7903819327305577,1,189,1788596021.8049722
1788596073.174070,51.352000,gate_sweep_extreme_r02,0.5533012766391039,1.9951797723770142,4.466463029384613,48.326364456260876,0.2411147505044937,1.7592021226882935,4.612375259399414,51.04723135362842,0.41765566812926225,2.720866897367542,1,184,1788596021.8220477
1788596073.226490,51.384000,gate_sweep_extreme_r02,0.5808655638247728,2.0295387506484985,4.471228063106537,48.38335382357428,0.2676011323928833,1.7893428802490234,4.619665622711182,51.04886889446146,0.4217373225820652,2.665515070887179,1,180,1788596021.8424733
1788596073.280822,51.416000,gate_sweep_extreme_r02,0.6087050456553698,2.063954710960388,4.476272523403168,48.536858371288616,0.29683199524879456,1.8195788860321045,4.627870559692383,51.15208454529094,0.42422436043446105,2.615226174002319,1,178,1788596021.8647993
1788596073.348262,51.448000,gate_sweep_extreme_r02,0.6508411187678576,2.115801692008972,4.484451234340668,48.98635903161039,0.3276841342449188,1.8528428077697754,4.632600784301758,51.349205713943164,0.44218333369763685,2.362846682332773,1,177,1788596021.9002483
1788596073.387374,51.484000,gate_sweep_extreme_r02,0.6720020789653063,2.141928791999817,4.488853871822357,49.320487476498,0.3627973198890686,1.94082772731781,4.6063642501831055,51.6059156267068,0.387114854111951,2.2854281502088045,1,395,1788596021.9033556
1788596073.437036,51.516000,gate_sweep_extreme_r02,0.6932126898318529,2.1681984663009644,4.493460118770599,49.73398272426828,0.39616909623146057,1.986530065536499,4.610218048095703,52.0468546428844,0.3672474892979384,2.312871918616117,1,319,1788596021.921014
1788596073.493450,51.548000,gate_sweep_extreme_r02,0.7286469358950853,2.212283730506897,4.501511991024017,50.605769958368576,0.42962467670440674,2.0165469646453857,4.618500709533691,52.669445972432406,0.3760499345299201,2.063676014063833,1,298,1788596021.9454303
1788596073.545160,51.580000,gate_sweep_extreme_r02,0.7570179719477892,2.247780203819275,4.508253037929535,51.46790616366136,0.4596475064754486,2.0482118129730225,4.627406597137451,53.42070348784214,0.3774311950966871,1.9527973241807746,1,285,1788596021.9651399
1788596073.594695,51.616000,gate_sweep_extreme_r02,0.7853608150035143,2.2834655046463013,4.515169560909271,52.47509191877682,0.4975935220718384,2.0868113040924072,4.633402347564697,54.441894186930355,0.3680514655819531,1.9668022681535378,1,272,1788596021.9786763
1788596073.655929,51.648000,gate_sweep_extreme_r02,0.8206667322665453,2.3283292055130005,4.523924767971039,53.93023207453955,0.5326826572418213,2.118511915206909,4.640964984893799,55.511749265833544,0.3750420445184289,1.5815171912939872,1,261,1788596022.007907
1788596073.708153,51.680000,gate_sweep_extreme_r02,0.848827363923192,2.3644551038742065,4.530944287776947,55.24109290791748,0.5663574934005737,2.152970314025879,4.647547721862793,56.71008669827636,0.3716334281666119,1.46899379035888,1,251,1788596022.0281267
1788596073.755584,51.712000,gate_sweep_extreme_r02,0.869876267388463,2.3916901350021362,4.536238610744476,56.30201305587769,0.6021061539649963,2.1845571994781494,4.6555562019348145,58.04831795413533,0.35894508519976276,1.7463048982576375,1,239,1788596022.0435638
1788596073.805735,51.748000,gate_sweep_extreme_r02,0.9047734159976244,2.4373432397842407,4.544993817806244,58.20235678472088,0.6366806626319885,2.217991828918457,4.666634559631348,59.67663106834039,0.3671310882065683,1.4742742836195155,1,229,1788596022.0577152
1788596073.855841,51.780000,gate_sweep_extreme_r02,0.9324665684252977,2.474131226539612,4.551855027675629,59.825802954006505,0.6683825254440308,2.2536373138427734,4.673741340637207,61.221993734510555,0.36498523337398253,1.396190780504048,1,220,1788596022.0758197
1788596073.904241,51.812000,gate_sweep_extreme_r02,0.9599499721080065,2.5110877752304077,4.5585474371910095,61.52127504834535,0.6997561454772949,2.289011001586914,4.679503440856934,62.8582495318061,0.36283505292552337,1.3369744834607484,1,212,1788596022.0922225
1788596073.957102,51.844000,gate_sweep_extreme_r02,0.9939951319247484,2.5574246644973755,4.566612660884857,63.71897053532414,0.7289851903915405,2.327065944671631,4.683891296386719,64.5436742721473,0.3702022248128294,0.8247037368231578,1,204,1788596022.1130867
1788596074.007392,51.880000,gate_sweep_extreme_r02,1.0209230203181505,2.594565510749817,4.57275527715683,65.51645377649729,0.7659294009208679,2.369055986404419,4.69234037399292,66.51712870050905,0.3608003421410668,1.0006749240117638,1,193,1788596022.127373
1788596074.059739,51.912000,gate_sweep_extreme_r02,1.0408996362239122,2.6224108934402466,4.577163636684418,66.8765061024906,0.7988741397857666,2.4108340740203857,4.696359634399414,68.302458196697,0.34285387166142467,1.4259520942064128,1,179,1788596022.14772
1788596074.117846,51.944000,gate_sweep_extreme_r02,1.0673322696238756,2.659469246864319,4.582842767238617,68.68795709132907,0.8310302495956421,2.4554057121276855,4.695438385009766,70.0931782370321,0.3319011057828814,1.4052211457030397,1,172,1788596022.1738303
1788596074.160671,51.976000,gate_sweep_extreme_r02,1.0998739022761583,2.705652356147766,4.5896705985069275,70.93134967422166,0.8388082981109619,2.530972957611084,4.676327705383301,71.60189974650076,0.3258490388561231,0.6705500722791058,1,389,1788596022.1846528
1788596074.210788,52.012000,gate_sweep_extreme_r02,1.1255056876689196,2.7424012422561646,4.594978749752045,72.68382867811059,0.8709807395935059,2.5758345127105713,4.6817522048950195,73.56183040942021,0.31631796835108295,0.878001731309625,1,318,1788596022.1987674
1788596074.258181,52.044000,gate_sweep_extreme_r02,1.15077412314713,2.778990387916565,4.600182473659515,74.38508454630114,0.9014165997505188,2.610944986343384,4.688445568084717,75.28067384436257,0.31338284142865136,0.8955892980614157,1,290,1788596022.214152
1788596074.303553,52.076000,gate_sweep_extreme_r02,1.1694902200251818,2.806317687034607,4.603998124599457,75.61724713436769,0.9307155013084412,2.648716688156128,4.692676067352295,76.94521379324004,0.29952498840101566,1.327966658872364,1,273,1788596022.22754
1788596074.355663,52.108000,gate_sweep_extreme_r02,1.2003031987696886,2.8516801595687866,4.610211789608002,77.57191348880232,0.9587828516960144,2.6890921592712402,4.694754600524902,78.5283521831756,0.30317391505384134,0.9564386943732689,1,259,1788596022.2476442
1788596074.405484,52.144000,gate_sweep_extreme_r02,1.224617363885045,2.887802243232727,4.6150588393211365,79.03772717459788,0.9888847470283508,2.7349143028259277,4.697227954864502,80.206505078439,0.2927393935245425,1.1687779038411261,1,250,1788596022.261463
1788596074.454095,52.176000,gate_sweep_extreme_r02,1.2486523408442736,2.923747420310974,4.619943559169769,80.404996190566,1.016402006149292,2.7724769115448,4.700939178466797,81.60659672183871,0.28876162337405087,1.201600531272722,1,235,1788596022.2780766
1788596074.502332,52.208000,gate_sweep_extreme_r02,1.278367044404149,2.968396306037903,4.6259960532188416,81.96547306671732,1.043699026107788,2.8099372386932373,4.704064846038818,82.90862833120919,0.2937228136308974,0.9431552644918735,1,225,1788596022.2943125
1788596074.552187,52.240000,gate_sweep_extreme_r02,1.3017812985926867,3.003954768180847,4.630799233913422,83.09083048311896,1.0669633150100708,2.8533384799957275,4.7045111656188965,84.08182324790957,0.2885449714623723,0.9909927647906124,1,210,1788596022.3121693
1788596074.600112,52.276000,gate_sweep_extreme_r02,1.3191277999430895,3.0305346250534058,4.634381711483002,83.8621719193913,1.0970600843429565,2.895885944366455,4.708735942840576,85.31060582277007,0.27013494635713764,1.4484339033787719,1,197,1788596022.3240867
1788596074.645134,52.308000,gate_sweep_extreme_r02,1.347691060975194,3.074653744697571,4.640324056148529,85.00506017461858,1.123472809791565,2.932335376739502,4.712562561035156,86.27093227969183,0.2752212630055107,1.2658721050732604,1,178,1788596022.3371074
1788596074.693140,52.340000,gate_sweep_extreme_r02,1.3702138680964708,3.1097923517227173,4.645052373409271,85.7959029884241,1.148113489151001,2.969803810119629,4.715710639953613,87.10817130792516,0.27187857719749126,1.3122683195010618,1,166,1788596022.3531132
1788596074.749252,52.372000,gate_sweep_extreme_r02,1.3980194348841906,3.1535004377365112,4.650883138179779,86.6317747406745,1.168254017829895,3.0117452144622803,4.716685771942139,87.82000226187988,0.27787888874422373,1.1882275212053726,1,163,1788596022.3772352
1788596074.788133,52.408000,gate_sweep_extreme_r02,1.4199690837413073,3.1883164644241333,4.655450761318207,87.18538822745008,1.1881343126296997,3.0748190879821777,4.6976704597473145,88.42091810208379,0.261555956711032,1.2355298746337002,1,378,1788596022.3801112
1788596074.847029,52.440000,gate_sweep_extreme_r02,1.4416232127696276,3.2230135202407837,4.659995019435883,87.64217338071919,1.215759515762329,3.1173412799835205,4.695924282073975,88.92918192543387,0.25193638859940515,1.2870085447146797,1,296,1788596022.407004
1788596074.895950,52.472000,gate_sweep_extreme_r02,1.457688333466649,3.248954653739929,4.66341632604599,87.92905531400916,1.2415292263031006,3.150562286376953,4.700900077819824,89.35424001683855,0.2404388679312804,1.4251847028293838,1,282,1788596022.4239278
1788596074.946116,52.504000,gate_sweep_extreme_r02,1.4840569514781237,3.292068839073181,4.669069230556488,88.30809289951176,1.2660651206970215,3.184894561767578,4.705687522888184,89.69118699513416,0.2456576140415039,1.383094095622395,1,274,1788596022.4420962
1788596074.996091,52.540000,gate_sweep_extreme_r02,1.5047470349818468,3.326471447944641,4.673552930355072,88.53857944617846,1.2952708005905151,3.223694086074829,4.7109246253967285,89.98639517340398,0.23630514695616975,1.447815727225518,1,268,1788596022.4560685
1788596075.046116,52.572000,gate_sweep_extreme_r02,1.524994494393468,3.360772490501404,4.67799037694931,88.7104285745942,1.3203481435775757,3.256176233291626,4.714993000030518,90.18568141339392,0.23278681242597296,1.4752528387997235,1,266,1788596022.4740937
1788596075.089245,52.604000,gate_sweep_extreme_r02,1.5447884816676378,3.3949722051620483,4.682337701320648,88.83744926755764,1.3446258306503296,3.2899813652038574,4.719864368438721,90.32781534787476,0.22912095950042155,1.4903660803171157,1,260,1788596022.4852197
1788596075.140997,52.636000,gate_sweep_extreme_r02,1.568937661126256,3.437520384788513,4.687585294246674,88.94876350503188,1.3683658838272095,3.322693109512329,4.725934028625488,90.42578853347489,0.2342754072127669,1.4770250284430029,1,258,1788596022.5049822
1788596075.189371,52.672000,gate_sweep_extreme_r02,1.5830892343074083,3.4629722833633423,4.6906322836875916,88.99874106229716,1.3960767984390259,3.3580119609832764,4.731112003326416,90.50593587596104,0.2182405281921556,1.5071948136638813,1,254,1788596022.5173523
1788596075.239033,52.704000,gate_sweep_extreme_r02,1.601540805771947,3.496785283088684,4.694601476192474,89.05544584331555,1.4182155132293701,3.388549327850342,4.735738754272461,90.54456544518823,0.21683048803156799,1.4891196018726711,1,251,1788596022.5350175
1788596075.288948,52.736000,gate_sweep_extreme_r02,1.6194756049662828,3.53046452999115,4.698458135128021,89.11276834121719,1.4433553218841553,3.417555093765259,4.74185848236084,90.59615083757038,0.21365974127501547,1.4833824963531892,1,248,1788596022.5529315
1788596075.336612,52.768000,gate_sweep_extreme_r02,1.640992047265172,3.5722848176956177,4.70310252904892,89.19563229762873,1.465693712234497,3.4456162452697754,4.748756408691406,90.63641254497783,0.2210400647650517,1.4407802473490963,1,247,1788596022.568594
1788596075.383921,52.804000,gate_sweep_extreme_r02,1.6573996562510729,3.6055177450180054,4.7066468596458435,89.28231222654158,1.4929145574569702,3.479584217071533,4.754621505737305,90.70882979326397,0.2126409364491032,1.4265175667223973,1,246,1788596022.5799022
1788596075.434014,52.836000,gate_sweep_extreme_r02,1.6692119855433702,3.630256772041321,4.709199368953705,89.36397884334245,1.5167790651321411,3.5094752311706543,4.759757995605469,90.80030023660181,0.2009481290510092,1.4363213932593595,1,243,1788596022.597995
1788596075.492737,52.868000,gate_sweep_extreme_r02,1.687953831627965,3.6711047887802124,4.713256776332855,89.53751950468981,1.5392409563064575,3.5400915145874023,4.766432285308838,90.91400177038506,0.2052014426264237,1.3764822656952416,1,241,1788596022.624717
1788596075.546774,52.900000,gate_sweep_extreme_r02,1.70204365439713,3.7033859491348267,4.716350495815277,89.7209986180129,1.5602165460586548,3.5707740783691406,4.773395538330078,91.06075413598744,0.20237335250260607,1.3397555179745415,1,235,1788596022.6467547
1788596075.590112,52.936000,gate_sweep_extreme_r02,1.7153240460902452,3.7352906465530396,4.719325959682465,89.94560036529793,1.58537757396698,3.606069803237915,4.7777419090271,91.2785111679024,0.19234483383285728,1.3329108026044616,1,225,1788596022.6540947
1788596075.646625,52.968000,gate_sweep_extreme_r02,1.7308149356395006,3.7746511697769165,4.72282212972641,90.29448137376886,1.6025197505950928,3.6375415325164795,4.783676624298096,91.50141936439357,0.19738788373363447,1.2069379906246973,1,218,1788596022.6786058
1788596075.694474,53.000000,gate_sweep_extreme_r02,1.74230826087296,3.805693507194519,4.7254995703697205,90.62683183500505,1.6230188608169556,3.667959451675415,4.78913688659668,91.78707321283099,0.19300346896372386,1.160241377825943,1,213,1788596022.6944566
1788596075.743484,53.032000,gate_sweep_extreme_r02,1.7503536958247423,3.828672766685486,4.727414071559906,90.91130586769944,1.6421090364456177,3.700859785079956,4.792652130126953,92.11137106643736,0.17974723596371567,1.2000651987379176,1,209,1788596022.711463
1788596075.793896,53.068000,gate_sweep_extreme_r02,1.762735964730382,3.866369605064392,4.730512082576752,91.44119323435434,1.6590230464935303,3.735267162322998,4.7964887619018555,92.52597926751166,0.17971405653629868,1.0847860331573103,1,202,1788596022.7258806
1788596075.841773,53.100000,gate_sweep_extreme_r02,1.7716851253062487,3.8959087133407593,4.732795178890228,91.92504258521657,1.670143961906433,3.765097141265869,4.800278186798096,92.94417429421277,0.17881899118825584,1.0191317089961958,1,193,1788596022.741754
1788596075.888908,53.132000,gate_sweep_extreme_r02,1.7797667998820543,3.9248074293136597,4.734886109828949,92.45407109873416,1.6830549240112305,3.795562982559204,4.803195476531982,93.41829614253423,0.1752811556633754,0.9642250438000599,1,182,1788596022.7568893
1788596075.945511,53.164000,gate_sweep_extreme_r02,1.7887221593409777,3.9600037336349487,4.737165868282318,93.18770676008883,1.693950891494751,3.8255245685577393,4.8089985847473145,93.93625909227192,0.17951651234297403,0.7485523321831015,1,171,1788596022.7814884
1788596075.984688,53.200000,gate_sweep_extreme_r02,1.7949811238795519,3.9872316122055054,4.738718926906586,93.82532617625466,1.739133596420288,3.965829610824585,4.768091678619385,94.40103499340435,0.0666314530053479,0.5757088171496892,1,384,1788596022.7846668
1788596076.033926,53.232000,gate_sweep_extreme_r02,1.7991632241755724,4.007100224494934,4.739770829677582,94.33488058806633,1.7414988279342651,4.012362003326416,4.755563735961914,94.94086124542581,0.060019036973710464,0.6059806573594794,1,269,1788596022.8018997
1788596076.082206,53.264000,gate_sweep_extreme_r02,1.8041272182017565,4.032926678657532,4.741016328334808,95.05085714086643,1.7548059225082397,4.046998500823975,4.75241756439209,95.59652417204862,0.05254136058007216,0.5456670311821916,1,220,1788596022.8181868
1788596076.131098,53.296000,gate_sweep_extreme_r02,1.8092950601130724,4.063961148262024,4.742323815822601,96.00746954614259,1.7617172002792358,4.079651832580566,4.750171184539795,96.27127183840543,0.05070928432285297,0.263802292262841,1,204,1788596022.8350723
1788596076.184327,53.332000,gate_sweep_extreme_r02,1.812665106728673,4.087742924690247,4.743173062801361,96.81825534571252,1.7706186771392822,4.111361026763916,4.750452041625977,97.0841835650096,0.048771923475572125,0.26592821929707133,1,195,1788596022.8523066
1788596076.242065,53.364000,gate_sweep_extreme_r02,1.815422536805272,4.110629200935364,4.743889272212982,97.66866748546907,1.7821599245071411,4.146254539489746,4.748432159423828,97.85599181466335,0.04895103623234755,0.1873243291942844,1,185,1788596022.8780482
1788596076.289335,53.396000,gate_sweep_extreme_r02,1.8171105403453112,4.127143025398254,4.744292199611664,98.33391514319752,1.7910820245742798,4.170248508453369,4.747496604919434,98.66376916521313,0.050456263397462134,0.3298540220156088,1,175,1788596022.8933198
1788596076.338884,53.428000,gate_sweep_extreme_r02,1.819252135232091,4.153496861457825,4.744743764400482,99.48555080859973,1.7973248958587646,4.197116374969482,4.746274948120117,99.48546085834278,0.04884475723260498,8.995025695136432e-05,1,167,1788596022.9108663
1788596076.398266,53.464000,gate_sweep_extreme_r02,1.820658328011632,4.178354859352112,4.744971215724945,100.6960813326674,1.8059839010238647,4.229528427124023,4.7438578605651855,100.4631447496482,0.0532476516443449,0.2329365830192139,1,163,1788596022.9342494
1788596076.444186,53.496000,gate_sweep_extreme_r02,1.8212084788829088,4.1924601793289185,4.744969308376312,101.44567901395152,1.7954087257385254,4.267104625701904,4.7439470291137695,101.28080276731973,0.07898395844430252,0.16487624663178282,1,365,1788596022.9481661
1788596076.495114,53.528000,gate_sweep_extreme_r02,1.8216439504176378,4.2148295640945435,4.744907319545746,102.74004677079039,1.7967491149902344,4.295520782470703,4.740808486938477,102.19711724217862,0.08454363360259011,0.542929528611759,1,311,1788596022.9670963
1788596076.551197,53.560000,gate_sweep_extreme_r02,1.8216170091181993,4.231488347053528,4.744744718074799,103.80738718904784,1.8012056350708008,4.318438529968262,4.738800525665283,103.15155378077078,0.0895114066631166,0.6558334082770629,1,282,1788596022.9911764
1788596076.602352,53.596000,gate_sweep_extreme_r02,1.8213847894221544,4.243242383003235,4.744562566280365,104.6292484655888,1.8035757541656494,4.341665744781494,4.736440658569336,104.24848362482817,0.10035081098510376,0.38076484076063055,1,270,1788596023.006329
1788596076.650392,53.628000,gate_sweep_extreme_r02,1.8206650037318468,4.261481881141663,4.744207799434662,106.02588450620998,1.8041276931762695,4.3584465980529785,4.735323429107666,105.24145820819604,0.0987652317478699,0.7844262980139377,1,257,1788596023.0223742
1788596076.697753,53.660000,gate_sweep_extreme_r02,1.819888474419713,4.274863839149475,4.7438830733299255,107.17580095691811,1.8108468055725098,4.374480724334717,4.735243797302246,106.28201509637574,0.10039876831831429,0.8937858605423756,1,247,1788596023.0377295
1788596076.752237,53.692000,gate_sweep_extreme_r02,1.818983556702733,4.287207245826721,4.743486821651459,108.34386450203965,1.8127323389053345,4.390567779541016,4.733502388000488,107.33522171717993,0.1040296427417923,1.0086427848597286,1,235,1788596023.0602186
1788596076.800647,53.728000,gate_sweep_extreme_r02,1.8177083749324083,4.301339745521545,4.7429346442222595,109.83341493848042,1.8149869441986084,4.406491279602051,4.734588623046875,108.5317802731129,0.10551733210322616,1.3016346653675164,1,228,1788596023.0726147
1788596076.849624,53.760000,gate_sweep_extreme_r02,1.8166967649012804,4.311591744422913,4.7423877120018005,111.04050988811608,1.8189674615859985,4.42040491104126,4.735485553741455,109.6197912717021,0.1090554954213543,1.4207186164139674,1,218,1788596023.0896003
1788596076.898329,53.792000,gate_sweep_extreme_r02,1.815937401726842,4.318767666816711,4.741926610469818,111.95321748648219,1.820006012916565,4.436209678649902,4.734317302703857,110.71623472623185,0.11775857210886011,1.2369827602503514,1,210,1788596023.1063008
1788596076.945472,53.824000,gate_sweep_extreme_r02,1.8147997874766588,4.329653382301331,4.741072118282318,113.48431728651242,1.8194936513900757,4.4496073722839355,4.732294082641602,111.81847619833019,0.12036629919082112,1.6658410881822299,1,203,1788596023.1214554
1788596076.995249,53.860000,gate_sweep_extreme_r02,1.8140847701579332,4.337406754493713,4.740364491939545,114.7166423902383,1.8199788331985474,4.461979866027832,4.734194278717041,113.06831597711769,0.12486501362523394,1.6483264131206148,1,198,1788596023.1352222
1788596077.047096,53.892000,gate_sweep_extreme_r02,1.8135660905390978,4.344307541847229,4.739586770534515,115.94520447556197,1.819716215133667,4.475433349609375,4.7336297035217285,114.18540768066873,0.13140505371255257,1.7597967948932332,1,191,1788596023.1550732
1788596077.094539,53.924000,gate_sweep_extreme_r02,1.8132466096431017,4.350445866584778,4.738735139369965,117.16243261498197,1.8190913200378418,4.480945110321045,4.736053943634033,115.28997605898356,0.13065757561622826,1.8724565559984148,1,189,1788596023.1705203
1788596077.142715,53.956000,gate_sweep_extreme_r02,1.8130680341273546,4.357164025306702,4.737780034542084,118.6515335194404,1.819502592086792,4.489438056945801,4.737143039703369,116.39157690536689,0.13243197780226384,2.259956614073525,1,184,1788596023.186691
1788596077.192761,53.992000,gate_sweep_extreme_r02,1.813131095841527,4.360688805580139,4.7372536063194275,119.5166575621879,1.8212950229644775,4.498945713043213,4.737087249755859,117.60204340888046,0.13849783334705285,1.9146141533074514,1,180,1788596023.2007413
1788596077.248694,54.024000,gate_sweep_extreme_r02,1.813338639214635,4.3649197816848755,4.736600816249847,120.62348939622353,1.820451259613037,4.507028579711914,4.737664699554443,118.6158694431302,0.14229065919204678,2.0076199530933385,1,178,1788596023.2246776
1788596077.293219,54.056000,gate_sweep_extreme_r02,1.8136409539729357,4.368696808815002,4.736032426357269,121.65528156176528,1.7984150648117065,4.580631732940674,4.711362838745117,119.49371253063107,0.21390845779879245,2.161569031134209,1,387,1788596023.237199
1788596077.344018,54.088000,gate_sweep_extreme_r02,1.8142025489360094,4.3727885484695435,4.7355117201805115,122.80710901084522,1.793192982673645,4.59473180770874,4.705013751983643,120.37598657884668,0.22501186248815241,2.4311224319985447,1,242,1788596023.2559953
1788596077.394641,54.124000,gate_sweep_extreme_r02,1.8147618789225817,4.375625729560852,4.735402047634125,123.57966774158307,1.7917851209640503,4.603515625,4.701576232910156,121.25888716115628,0.23152952639197222,2.320780580426791,1,222,1788596023.2706196
1788596077.451654,54.156000,gate_sweep_extreme_r02,1.8152582664042711,4.37759268283844,4.735531747341156,124.05142436824309,1.7898781299591064,4.607274532318115,4.700091361999512,121.88498507745297,0.23378178761302948,2.1664392907901333,1,202,1788596023.2956347
1788596077.501493,54.188000,gate_sweep_extreme_r02,1.816130043938756,4.380712151527405,4.736262261867523,124.59855891185384,1.7909129858016968,4.6132073402404785,4.698077201843262,122.35771638851055,0.23695571654820238,2.2408425233432854,1,195,1788596023.313473
1788596077.551714,54.220000,gate_sweep_extreme_r02,1.8168540019541979,4.383190751075745,4.737427651882172,124.79003222257977,1.7891407012939453,4.6171393394470215,4.697082042694092,122.62920484026333,0.23901409417679945,2.160827382316444,1,191,1788596023.331693
1788596077.605002,54.256000,gate_sweep_extreme_r02,1.8175973910838366,4.385818600654602,4.739218652248383,124.73695269393939,1.7850943803787231,4.626814365386963,4.694081783294678,122.66682161590396,0.24733123794372608,2.070131078035426,1,180,1788596023.3489833
1788596077.655647,54.288000,gate_sweep_extreme_r02,1.8184838313609362,4.389517903327942,4.7420238852500916,124.30354269701063,1.7849059104919434,4.630885601043701,4.6929826736450195,122.4418693693293,0.24857771964957748,1.8616733276813389,1,178,1788596023.3676267
1788596077.712729,54.320000,gate_sweep_extreme_r02,1.8191384095698595,4.3929349184036255,4.744369924068451,123.65337217962472,1.7824409008026123,4.633271217346191,4.693833351135254,121.95307174985712,0.2483187245113927,1.700300429767603,1,175,1788596023.39271
1788596077.766144,54.352000,gate_sweep_extreme_r02,1.8196290750056505,4.3958107233047485,4.746051251888275,122.98516952304608,1.780564785003662,4.63237190246582,4.695899486541748,121.19916438748106,0.24495389322647898,1.7860051355650064,1,174,1788596023.4141233
1788596077.814560,54.388000,gate_sweep_extreme_r02,1.8204699773341417,4.401304364204407,4.748505532741547,121.52884516548755,1.778662085533142,4.631181240081787,4.698558330535889,120.0286864858792,0.23892676888151632,1.5001586796083517,1,173,1788596023.4265387
1788596077.864764,54.420000,gate_sweep_extreme_r02,1.8211907166987658,4.406420350074768,4.75010484457016,120.0613233142612,1.777492642402649,4.628557205200195,4.702641010284424,118.71539815314121,0.23131606011539235,1.345925161119991,1,173,1788596023.4447412
1788596077.923982,54.452000,gate_sweep_extreme_r02,1.8219531793147326,4.412279725074768,4.751468122005463,118.33738292122221,1.774694561958313,4.631821155548096,4.7049150466918945,117.13207905406011,0.22934473054741453,1.205303867162106,1,170,1788596023.4719632
1788596077.964988,54.484000,gate_sweep_extreme_r02,1.8229234237223864,4.420716404914856,4.753165662288666,115.84322535039496,1.7745062112808228,4.683216571807861,4.683717250823975,115.38066080559777,0.2758145136399392,0.46256454479719394,1,384,1788596023.4809697
1788596078.021118,54.520000,gate_sweep_extreme_r02,1.8237859029322863,4.42841112613678,4.754848420619965,113.60019526125299,1.769595742225647,4.691572189331055,4.6811041831970215,113.06886035935256,0.2786189714503374,0.5313349019004384,1,256,1788596023.501101
1788596078.074993,54.552000,gate_sweep_extreme_r02,1.8244779128581285,4.434762597084045,4.756329953670502,111.7885246834085,1.766303300857544,4.694685935974121,4.683680534362793,110.78277373921422,0.2760839830684333,1.005750944194274,1,241,1788596023.522971
1788596078.126267,54.584000,gate_sweep_extreme_r02,1.8253554124385118,4.4439936876297,4.758484780788422,109.2240824935226,1.7613441944122314,4.6970648765563965,4.686809062957764,108.31492965388135,0.2707025511969179,0.9091528396412586,1,232,1788596023.5422487
1788596078.176690,54.616000,gate_sweep_extreme_r02,1.826454283669591,4.45682966709137,4.761175572872162,105.83035769974624,1.7572014331817627,4.703778266906738,4.6878132820129395,105.70230808957822,0.2667613052366736,0.12804961016802963,1,225,1788596023.560671
1788596078.227450,54.652000,gate_sweep_extreme_r02,1.8273980636149645,4.468149304389954,4.763212621212006,103.00335154121511,1.7491445541381836,4.711357593536377,4.690629482269287,102.59952694015915,0.26559780818700457,0.4038246010559634,1,219,1788596023.5754168
1788596078.279972,54.684000,gate_sweep_extreme_r02,1.8283746261149645,4.480363965034485,4.765047967433929,100.12184426787469,1.7411532402038574,4.719099521636963,4.692850112915039,99.75175483031586,0.26422484051216705,0.37008943755882895,1,209,1788596023.595956
1788596078.327108,54.716000,gate_sweep_extreme_r02,1.8291178960353136,4.490125298500061,4.7662548422813416,97.94380801003624,1.7359039783477783,4.7284159660339355,4.6933817863464355,96.87253852010035,0.2660484147024561,1.0712694899358894,1,199,1788596023.6110897
1788596078.386538,54.748000,gate_sweep_extreme_r02,1.8303121346980333,4.507557511329651,4.767943799495697,94.33835600003476,1.7313425540924072,4.738150596618652,4.696462154388428,93.9853002742375,0.2609171793033104,0.3530557257972702,1,189,1788596023.6385224
1788596078.424709,54.784000,gate_sweep_extreme_r02,1.8311876077204943,4.522616028785706,4.769039571285248,91.50553186863459,1.780556559562683,4.8054375648498535,4.683059215545654,91.07877714289664,0.2999068953397867,0.4267547257379501,1,404,1788596023.6406913
1788596078.472528,54.816000,gate_sweep_extreme_r02,1.8319586534053087,4.538708806037903,4.769982755184174,88.76297695170678,1.7783530950546265,4.821000099182129,4.681528091430664,88.31089318824363,0.30064290713548225,0.452083763463147,1,307,1788596023.6565108
1788596078.521132,54.848000,gate_sweep_extreme_r02,1.8326531667262316,4.560180306434631,4.771066606044769,85.50244220685865,1.7757365703582764,4.834936618804932,4.683536529541016,85.64798565932804,0.29392523610978305,0.1455434524693991,1,287,1788596023.6731064
1788596078.571901,54.880000,gate_sweep_extreme_r02,1.832959296181798,4.578522801399231,4.771970212459564,83.06238610633054,1.7717574834823608,4.852770805358887,4.6817626953125,83.10523581725136,0.2951186637666114,0.04284971092082987,1,262,1788596023.691877
1788596078.622142,54.916000,gate_sweep_extreme_r02,1.8329901713877916,4.592986702919006,4.772744119167328,81.34451264011852,1.7702749967575073,4.878108978271484,4.675624847412109,80.44775780524382,0.30766874715730447,0.8967548348746982,1,249,1788596023.7061229
1788596078.670779,54.948000,gate_sweep_extreme_r02,1.8325759191066027,4.618428349494934,4.774318635463715,78.71934113641336,1.767991542816162,4.900207042694092,4.672151565551758,78.26767552945846,0.30660802953648314,0.4516656069548967,1,228,1788596023.7227578
1788596078.721550,54.980000,gate_sweep_extreme_r02,1.8317898530513048,4.63998281955719,4.775963246822357,76.84814748361987,1.7682057619094849,4.920871734619141,4.6724162101745605,76.29255970611028,0.3060449444927185,0.5555877775095901,1,218,1788596023.7415314
1788596078.769078,55.012000,gate_sweep_extreme_r02,1.8305763024836779,4.662563443183899,4.777988851070404,75.19105056274977,1.7691161632537842,4.945126533508301,4.671618938446045,74.53698125014353,0.30811330227620454,0.6540693126062295,1,205,1788596023.757062
1788596078.821078,55.048000,gate_sweep_extreme_r02,1.8284497279673815,4.692244172096252,4.780927121639252,73.42981115352796,1.7675718069076538,4.9698896408081055,4.672299861907959,72.81492992335566,0.30429099415774485,0.6148812301723022,1,195,1788596023.7730572
1788596078.867702,55.080000,gate_sweep_extreme_r02,1.8261779565364122,4.7172404527664185,4.783587396144867,72.26972956140764,1.7685784101486206,4.992414951324463,4.67398738861084,71.52549828242417,0.30174637371840834,0.7442312789834652,1,187,1788596023.7876816
1788596078.916500,55.112000,gate_sweep_extreme_r02,1.8241289872676134,4.736642956733704,4.785711228847504,71.54483405434276,1.7716516256332397,5.022827625274658,4.670846939086914,70.45430337978627,0.3128087963184628,1.090530674556494,1,180,1788596023.8044696
1788596078.966317,55.144000,gate_sweep_extreme_r02,1.8200255651026964,4.77026903629303,4.789423406124115,70.60799711081562,1.7723950147628784,5.055853843688965,4.667730331420898,69.59514688184092,0.3140645729332901,1.012850228974694,1,175,1788596023.822294
1788596079.013502,55.180000,gate_sweep_extreme_r02,1.8161368388682604,4.7982789278030396,4.792466104030609,70.09417874733327,1.7754422426223755,5.087677478790283,4.669741153717041,68.89972842316796,0.31696842887991167,1.1944503241653164,1,169,1788596023.83347
1788596079.071797,55.212000,gate_sweep_extreme_r02,1.8117462415248156,4.827215313911438,4.795627534389496,69.78254584054791,1.7753217220306396,5.122003555297852,4.667757034301758,68.47801245040544,0.32338478268583426,1.3045333901424663,1,164,1788596023.8597777
1788596079.115938,55.244000,gate_sweep_extreme_r02,1.8069015759974718,4.857078671455383,4.798860490322113,69.65967299604414,1.8402966260910034,5.166126728057861,4.675349235534668,68.60159084460203,0.3344861143899506,1.0580821514421075,1,394,1788596023.8719184
1788596079.172318,55.276000,gate_sweep_extreme_r02,1.800326468423009,4.895628094673157,4.802882134914398,69.75246359037259,1.8505576848983765,5.195272922515869,4.674975395202637,68.61818301322096,0.3296518345545438,1.1342805771516289,1,340,1788596023.896297
1788596079.222236,55.312000,gate_sweep_extreme_r02,1.796137334778905,4.919382691383362,4.805164277553558,69.92730758281824,1.8456463813781738,5.227640628814697,4.677517890930176,68.77055462465073,0.33729468080981617,1.1567529581675278,1,316,1788596023.910218
1788596079.272915,55.344000,gate_sweep_extreme_r02,1.790294410660863,4.951756596565247,4.808028161525726,70.28642127789276,1.8413548469543457,5.258383274078369,4.678976058959961,69.0677880783271,0.33657322040510307,1.2186331995656612,1,308,1788596023.9288962
1788596079.327531,55.376000,gate_sweep_extreme_r02,1.784179450944066,4.984836220741272,4.810641705989838,70.77280235095117,1.8359190225601196,5.289007186889648,4.681351184844971,69.49949435320968,0.3345340024221167,1.273307997741487,1,298,1788596023.951514
1788596079.377277,55.408000,gate_sweep_extreme_r02,1.776255251839757,5.027094483375549,4.81364244222641,71.5330336711671,1.8309959173202515,5.318609714508057,4.685388565063477,70.06187598642418,0.32315124546690416,1.4711576847429202,1,293,1788596023.9692638
1788596079.434803,55.444000,gate_sweep_extreme_r02,1.7697401065379381,5.0616055727005005,4.8157839179039,72.2412265859691,1.8251569271087646,5.356921672821045,4.68452787399292,70.80306026194422,0.32788835303460806,1.4381663240248725,1,287,1788596023.9907842
1788596079.487058,55.476000,gate_sweep_extreme_r02,1.7647926826030016,5.0878826379776,4.817209184169769,72.81950325182112,1.817311406135559,5.391265392303467,4.68556547164917,71.53874906359822,0.3348572516611289,1.2807541882229119,1,281,1788596024.0110397
1788596079.539243,55.508000,gate_sweep_extreme_r02,1.7564861793071032,5.132379651069641,4.819325387477875,73.8491526489458,1.8107671737670898,5.426503658294678,4.685741901397705,72.34863027322965,0.3275666432025846,1.5005223757161625,1,275,1788596024.0312173
1788596079.588654,55.540000,gate_sweep_extreme_r02,1.7499146480113268,5.168589234352112,4.820815026760101,74.71130778103456,1.8062320947647095,5.4645466804504395,4.684435844421387,73.21133056700839,0.3306988752403627,1.499977214026172,1,267,1788596024.0486374
1788596079.637201,55.576000,gate_sweep_extreme_r02,1.7434644717723131,5.205296635627747,4.822129666805267,75.59056938195405,1.7994840145111084,5.507562160491943,4.683328151702881,74.20565519306197,0.33729586016553786,1.3849141888920802,1,257,1788596024.0611823
1788596079.687493,55.608000,gate_sweep_extreme_r02,1.7356476802378893,5.251847863197327,4.823646008968353,76.69080636774845,1.7924578189849854,5.545841693878174,4.682270050048828,75.09573872234725,0.33112977229974083,1.595067645401197,1,248,1788596024.0794752
1788596079.735162,55.640000,gate_sweep_extreme_r02,1.7296404857188463,5.289564251899719,4.82480663061142,77.55513497440698,1.783953070640564,5.585954666137695,4.682544231414795,75.97508608044691,0.3332202346170137,1.580048893960059,1,241,1788596024.0951428
1788596079.782903,55.672000,gate_sweep_extreme_r02,1.7253342885524035,5.318126320838928,4.825672090053558,78.18417194617216,1.7767348289489746,5.623087406158447,4.683318614959717,76.84147327274795,0.34045233290963284,1.3426986734242112,1,236,1788596024.1108866
1788596079.834163,55.708000,gate_sweep_extreme_r02,1.7185868043452501,5.366228222846985,4.827145993709564,79.18315378089633,1.7657302618026733,5.667480945587158,4.683800220489502,77.76001971924813,0.3369328111648747,1.4231340616481964,1,234,1788596024.1261427
1788596079.878382,55.740000,gate_sweep_extreme_r02,1.7136384267359972,5.405119061470032,4.8283814787864685,79.92708057698395,1.7576184272766113,5.706394195556641,4.6863112449646,78.53795271652206,0.33598347906505327,1.3891278604618933,1,224,1788596024.1383646
1788596079.924715,55.772000,gate_sweep_extreme_r02,1.7091114539653063,5.444321274757385,4.8295764327049255,80.60951758488858,1.7547633647918701,5.746068477630615,4.687492370605469,79.29152785971333,0.33663533995499795,1.3179897251752526,1,216,1788596024.1526942
1788596079.972209,55.804000,gate_sweep_extreme_r02,1.7041033525019884,5.493666291236877,4.83114618062973,81.36959139235009,1.7505470514297485,5.787780284881592,4.6853861808776855,79.97861446590012,0.33152079264421946,1.3909769264499634,1,206,1788596024.1681902
1788596080.020423,55.840000,gate_sweep_extreme_r02,1.700693728402257,5.533302426338196,4.832484185695648,81.89637195036454,1.7470245361328125,5.839374542236328,4.682764530181885,80.682360716423,0.34386430335596835,1.2140112339415354,1,194,1788596024.1804037
1788596080.069200,55.872000,gate_sweep_extreme_r02,1.6984914559870958,5.563077092170715,4.833556592464447,82.24293325586328,1.7403517961502075,5.8969526290893555,4.67512321472168,81.21777907971426,0.37192243467457575,1.025154176149014,1,184,1788596024.1971698
1788596080.126355,55.904000,gate_sweep_extreme_r02,1.6953845042735338,5.612831711769104,4.83539479970932,82.7186700725777,1.7359510660171509,5.9513258934021,4.666622161865234,81.6824220718489,0.3804052578710513,1.03624800072879,1,168,1788596024.2223358
1788596080.173829,55.936000,gate_sweep_extreme_r02,1.6934794206172228,5.652658104896545,4.83689683675766,83.01246278690274,1.7335783243179321,5.959535121917725,4.6884331703186035,82.04701998629069,0.3432533844062477,0.9654428006120571,1,384,1788596024.2378066
1788596080.224594,55.972000,gate_sweep_extreme_r02,1.692059637978673,5.692474961280823,4.838530004024506,83.22645505789897,1.7321933507919312,6.0028204917907715,4.690948963165283,82.37826553228244,0.3459844314890051,0.8481895256165328,1,320,1788596024.2525725
1788596080.269417,56.004000,gate_sweep_extreme_r02,1.691131355240941,5.732301831245422,4.8403138518333435,83.36410880625951,1.73131263256073,6.046082973480225,4.692093849182129,82.5928982488191,0.34934554449019817,0.7712105574404162,1,306,1788596024.2653968
1788596080.323374,56.036000,gate_sweep_extreme_r02,1.6907689590007067,5.762173771858215,4.841759145259857,83.41682971356212,1.728803038597107,6.086394309997559,4.695016384124756,82.71866026254247,0.3579091875150232,0.6981694510196444,1,295,1788596024.2873483
1788596080.370894,56.068000,gate_sweep_extreme_r02,1.6907892245799303,5.81201708316803,4.8443092703819275,83.41377541647297,1.7282445430755615,6.129434585571289,4.694681167602539,82.77694601875284,0.3529098197229591,0.6368293977201234,1,293,1788596024.3028753
1788596080.419608,56.104000,gate_sweep_extreme_r02,1.6913355607539415,5.8519264459609985,4.846529901027679,83.33274889955902,1.7287678718566895,6.177995204925537,4.696331024169922,82.75744356196455,0.36094558606041866,0.5753053375944677,1,287,1788596024.3155909
1788596080.471467,56.136000,gate_sweep_extreme_r02,1.6923441905528307,5.891835331916809,4.848924100399017,83.18711966760885,1.7309223413467407,6.220689296722412,4.698815822601318,82.66823743526702,0.36354600664899844,0.5188822323418475,1,284,1788596024.3354468
1788596080.516828,56.168000,gate_sweep_extreme_r02,1.6942554730921984,5.941692471504211,4.8520678877830505,82.92121890890833,1.735079050064087,6.26229190826416,4.701420307159424,82.52289218813526,0.3565743356375052,0.39832672077307524,1,277,1788596024.3488073
1788596080.566953,56.200000,gate_sweep_extreme_r02,1.696354629471898,5.981543183326721,4.854721486568451,82.64657144022324,1.7381160259246826,6.304807186126709,4.703597068786621,82.31486799983539,0.35928014054474844,0.3317034403878664,1,276,1788596024.3669336
1788596080.615746,56.236000,gate_sweep_extreme_r02,1.6982675809413195,6.011400818824768,4.856771409511566,82.40785186383278,1.7423906326293945,6.3527069091796875,4.706324577331543,82.01985328197667,0.3755941164563591,0.38799858185611696,1,272,1788596024.3797154
1788596080.663987,56.268000,gate_sweep_extreme_r02,1.7020740527659655,6.061072945594788,4.860377252101898,81.95336089757176,1.7458416223526,6.39299201965332,4.710434913635254,81.70399764253543,0.3668358989197218,0.24936325503632412,1,269,1788596024.3959644
1788596080.714422,56.300000,gate_sweep_extreme_r02,1.7056589145213366,6.100691437721252,4.863249719142914,81.54923063622424,1.7500814199447632,6.435227394104004,4.713075160980225,81.3447887570419,0.3693779406250128,0.20444187918233764,1,268,1788596024.4144034
1788596080.760609,56.332000,gate_sweep_extreme_r02,1.7097017783671618,6.140114426612854,4.866022527217865,81.10070713047297,1.7563447952270508,6.474926948547363,4.716554164886475,80.96050595936744,0.3696157291079019,0.1402011711055315,1,262,1788596024.4285917
1788596080.813182,56.368000,gate_sweep_extreme_r02,1.7152918595820665,6.188952565193176,4.869286954402924,80.47433798619383,1.7630908489227295,6.522510528564453,4.717568397521973,80.46885709054746,0.36954590893747047,0.0054808956463758,1,257,1788596024.445163
1788596080.864091,56.400000,gate_sweep_extreme_r02,1.720125438645482,6.227420926094055,4.87156480550766,79.95209389529005,1.76897394657135,6.576646327972412,4.715648174285889,79.99623004880777,0.3855574586689114,0.04413615351773164,1,239,1788596024.4640734
1788596080.907194,56.432000,gate_sweep_extreme_r02,1.7238712329417467,6.255772233009338,4.873010098934174,79.55790736046308,1.7781691551208496,6.631052017211914,4.719412326812744,79.52798803761743,0.40911545605704785,0.029919322845633856,1,222,1788596024.4751778
1788596080.959090,56.464000,gate_sweep_extreme_r02,1.7302410621196032,6.301700234413147,4.874896466732025,78.90280036774983,1.7882323265075684,6.685342788696289,4.711643218994141,79.05398793436208,0.4209468126725461,0.15118756661225657,1,213,1788596024.4950678
1788596081.017223,56.500000,gate_sweep_extreme_r02,1.7353374976664782,6.336933255195618,4.875844419002533,78.38708016303897,1.798507809638977,6.7506585121154785,4.6998515129089355,78.51181265576643,0.454018259019808,0.12473249272746138,1,188,1788596024.5172048
1788596081.060059,56.532000,gate_sweep_extreme_r02,1.740312458947301,6.370566964149475,4.876308381557465,77.88663677458639,1.7923027276992798,6.7537384033203125,4.728740215301514,77.92394847857533,0.41388368357945415,0.03731170398893583,1,385,1788596024.528037
1788596081.107599,56.564000,gate_sweep_extreme_r02,1.7450571078807116,6.402375340461731,4.87634414434433,77.40371472544943,1.7982447147369385,6.789436340332031,4.729279518127441,77.45906393231263,0.4174603495279549,0.055349206863202674,1,327,1788596024.543584
1788596081.156516,56.596000,gate_sweep_extreme_r02,1.7505273837596178,6.439369320869446,4.875845849514008,76.83607236083624,1.8053120374679565,6.83030891418457,4.727385520935059,77.01194966203805,0.42175300006651645,0.175877301201807,1,289,1788596024.5604942
1788596081.204159,56.632000,gate_sweep_extreme_r02,1.7535780686885118,6.459884762763977,4.875259339809418,76.51400482143237,1.81252920627594,6.8731865882873535,4.724696636199951,76.52274322637841,0.44380487077318054,0.008738404946055801,1,263,1788596024.572136
1788596081.251579,56.664000,gate_sweep_extreme_r02,1.7572948951274157,6.4853774309158325,4.874159753322601,76.11451263888083,1.81805419921875,6.906928539276123,4.7251152992248535,76.10677404298762,0.45123306537835667,0.007738595893203155,1,246,1788596024.5875597
1788596081.301427,56.696000,gate_sweep_extreme_r02,1.7606651801615953,6.508702874183655,4.87278550863266,75.74776146510317,1.824023723602295,6.936777591705322,4.720760345458984,75.73009912390542,0.45866536717542244,0.017662341197747136,1,232,1788596024.6054075
1788596081.351237,56.728000,gate_sweep_extreme_r02,1.7643587607890368,6.53464138507843,4.870701253414154,75.34059605269029,1.8318562507629395,6.965230941772461,4.717746257781982,75.3802738114438,0.4619074671138979,0.03967775875351179,1,224,1788596024.6232185
1788596081.395633,56.764000,gate_sweep_extreme_r02,1.7669308204203844,6.552737832069397,4.868750035762787,75.05567233219203,1.8414058685302734,6.99350643157959,4.715412616729736,75.02840132473789,0.4725842307788786,0.027271007454147605,1,218,1788596024.6316128
1788596081.445273,56.796000,gate_sweep_extreme_r02,1.7686244267970324,6.564790368080139,4.8671740889549255,74.86617106963845,1.8467283248901367,7.013813495635986,4.7157111167907715,74.75060987439035,0.4802739009296382,0.11556119524810445,1,209,1788596024.6492486
1788596081.492697,56.828000,gate_sweep_extreme_r02,1.7710124272853136,6.582101464271545,4.8644179701805115,74.6014026370483,1.8527789115905762,7.034221649169922,4.711730003356934,74.49711811242041,0.48416116610164317,0.10428452462788872,1,207,1788596024.6646798
1788596081.544313,56.860000,gate_sweep_extreme_r02,1.7725411672145128,6.593426823616028,4.862142026424408,74.4285449796155,1.8583310842514038,7.050963878631592,4.710282325744629,74.28588087108082,0.4896544039095982,0.14266410853467631,1,204,1788596024.6842911
1788596081.590487,56.896000,gate_sweep_extreme_r02,1.7737640161067247,6.602624535560608,4.859867513179779,74.29419856457284,1.8619245290756226,7.0688276290893555,4.707627296447754,74.06888937307703,0.49829176598989405,0.2253091914958151,1,204,1788596024.6944673
1788596081.641777,56.928000,gate_sweep_extreme_r02,1.774843217805028,6.611246228218079,4.857129991054535,74.17466527086343,1.8639642000198364,7.076442241668701,4.707216262817383,73.9234516426117,0.49681385479397283,0.2512136282517319,1,202,1788596024.7137573
1788596081.690044,56.960000,gate_sweep_extreme_r02,1.7753764409571886,6.615984082221985,4.854994237422943,74.11873964144668,1.8667470216751099,7.085284233093262,4.706413745880127,73.80464002597998,0.5006669322969496,0.31409961546669923,1,200,1788596024.7300277
1788596081.739770,56.992000,gate_sweep_extreme_r02,1.775606157258153,6.618242859840393,4.853453099727631,74.09400425469404,1.8680578470230103,7.0939178466796875,4.704051494598389,73.71405534932198,0.5070846553191433,0.3799489053720518,1,200,1788596024.7477472
1788596081.787772,57.028000,gate_sweep_extreme_r02,1.7756642121821642,6.6197110414505005,4.851022183895111,74.10637183641889,1.871128797531128,7.100351810455322,4.701752185821533,73.6492349431832,0.5122602543729915,0.4571368932356741,1,200,1788596024.759753
1788596081.841506,57.060000,gate_sweep_extreme_r02,1.7754845637828112,6.618947148323059,4.849311292171478,74.1412363768034,1.87151300907135,7.098461151123047,4.70208215713501,73.61016081269229,0.5107167114843485,0.5310755641111107,1,198,1788596024.7814863
1788596081.887843,57.092000,gate_sweep_extreme_r02,1.775061847642064,6.61678946018219,4.847855985164642,74.1961112502667,1.875808596611023,7.092362403869629,4.702876567840576,73.59773316706936,0.5072854853462457,0.5983780831973304,1,196,1788596024.7958257
1788596081.941828,57.124000,gate_sweep_extreme_r02,1.774202587082982,6.612576127052307,4.846351087093353,74.29454163262835,1.8783557415008545,7.084934234619141,4.7042460441589355,73.59278250555516,0.5041467093879579,0.7017591270731881,1,194,1788596024.81781
1788596081.987866,57.160000,gate_sweep_extreme_r02,1.7732145804911852,6.608329892158508,4.8455652594566345,74.42845571465959,1.880123496055603,7.07494592666626,4.706089973449707,73.621348691462,0.4986114672704722,0.8071070231975906,1,193,1788596024.827835
1788596082.038503,57.192000,gate_sweep_extreme_r02,1.7722911853343248,6.604773640632629,4.84520810842514,74.57445441052936,1.879213571548462,7.063807487487793,4.708707809448242,73.69834486213612,0.4906901271201179,0.8761095483932279,1,192,1788596024.846484
1788596082.089803,57.224000,gate_sweep_extreme_r02,1.7707192916423082,6.5999099016189575,4.845063626766205,74.86351384027009,1.8814300298690796,7.052472114562988,4.712221145629883,73.86895256175588,0.4844755400822306,0.9945612785142104,1,190,1788596024.8657823
1788596082.135351,57.256000,gate_sweep_extreme_r02,1.7682347316294909,6.593768239021301,4.845493257045746,75.44021614193208,1.87938392162323,7.041236877441406,4.717312812805176,74.14493600396177,0.47855255833765725,1.2952801379703078,1,188,1788596024.879333
1788596082.191254,57.292000,gate_sweep_extreme_r02,1.765734912827611,6.5890785455703735,4.846588551998138,76.1397201789923,1.8806802034378052,7.035559177398682,4.720024108886719,74.6767166884532,0.47809615423194,1.463003490539101,1,185,1788596024.899229
1788596082.238706,57.324000,gate_sweep_extreme_r02,1.7627311963588,6.584751725196838,4.848068654537201,77.09593616061431,1.8831830024719238,7.0272698402404785,4.72399377822876,75.40639732357994,0.47510577208516935,1.6895388370343887,1,183,1788596024.914682
1788596082.284294,57.356000,gate_sweep_extreme_r02,1.7601270694285631,6.581824421882629,4.849049985408783,78.0034936967987,1.889419674873352,7.023730754852295,4.726799488067627,76.41332259934747,0.476385315728307,1.5901710974512333,1,180,1788596024.9282684
1788596082.329988,57.388000,gate_sweep_extreme_r02,1.7550846356898546,6.577606797218323,4.849659860134125,79.89503276855048,1.8931195735931396,7.02114200592041,4.729301452636719,77.71277591062534,0.4798575535465495,2.1822568579251413,1,179,1788596024.94196
1788596082.378837,57.424000,gate_sweep_extreme_r02,1.750365974381566,6.574841141700745,4.848979890346527,81.73937978117168,1.8975772857666016,7.018158912658691,4.731755256652832,79.54145049190619,0.4816050570658965,2.197929289265489,1,179,1788596024.9548187
1788596082.430386,57.456000,gate_sweep_extreme_r02,1.7449423093348742,6.572633862495422,4.847128331661224,83.87185088305596,1.9015989303588867,7.015562534332275,4.7321248054504395,81.48191004802773,0.48368679565058875,2.389940835028229,1,179,1788596024.9743667
1788596082.478117,57.488000,gate_sweep_extreme_r02,1.7370877284556627,6.570665955543518,4.8432387709617615,86.92878314804926,1.903143286705017,7.011949062347412,4.734129428863525,83.70007491517822,0.48395255687836963,3.228708232871037,1,176,1788596024.9900987
1788596082.535488,57.520000,gate_sweep_extreme_r02,1.7278693933039904,6.569645047187805,4.837716519832611,90.40617208724775,1.9028278589248657,7.011117458343506,4.734291076660156,86.20385513426861,0.48600944106000427,4.202316952979145,1,168,1788596025.0154686
1788596082.576535,57.556000,gate_sweep_extreme_r02,1.7237635869532824,6.569530606269836,4.835058629512787,91.90982703290315,1.8458797931671143,7.0445661544799805,4.7374444007873535,89.10056768431873,0.500099667599402,2.809259348584416,1,377,1788596025.0205154
1788596082.626675,57.588000,gate_sweep_extreme_r02,1.7124251145869493,6.569832444190979,4.827614724636078,95.94583164803201,1.8454511165618896,7.051321983337402,4.733791828155518,92.15505874544822,0.5082625595230027,3.7907729025838046,1,316,1788596025.0386624
1788596082.691795,57.620000,gate_sweep_extreme_r02,1.7021225709468126,6.570754647254944,4.820825040340424,99.44737545410474,1.8503787517547607,7.057318210601807,4.7306013107299805,95.48947324291956,0.5165891188453101,3.957902211185188,1,283,1788596025.0717726
1788596082.741778,57.652000,gate_sweep_extreme_r02,1.6907207984477282,6.572256684303284,4.813548028469086,103.18448035000077,1.8557575941085815,7.062442302703857,4.7289910316467285,99.07236083225243,0.5240887044388299,4.112119517748343,1,257,1788596025.089759
1788596082.789136,57.688000,gate_sweep_extreme_r02,1.674833895638585,6.574909329414368,4.804006040096283,108.17585927008209,1.858709454536438,7.069077014923096,4.725264072418213,103.37293714946186,0.5331155784957565,4.802922120620217,1,236,1788596025.1011188
1788596082.840534,57.720000,gate_sweep_extreme_r02,1.6607035417109728,6.577729821205139,4.796105325222015,112.41999175396508,1.858330488204956,7.0779643058776855,4.718177318572998,107.43743047587421,0.5434737563640337,4.982561278090865,1,209,1788596025.1205175
1788596082.889393,57.752000,gate_sweep_extreme_r02,1.6492685098201036,6.580201745033264,4.790145814418793,115.7371289458892,1.855440616607666,7.094879627227783,4.710958480834961,111.72648195303631,0.560063294492305,4.01064699285288,1,193,1788596025.1373727
1788596082.944376,57.784000,gate_sweep_extreme_r02,1.628545405343175,6.5850783586502075,4.78095144033432,121.46730069952461,1.8460737466812134,7.111502170562744,4.703147888183594,116.19294195875821,0.5748860772023224,5.274358740766409,1,174,1788596025.160355
1788596083.002986,57.820000,gate_sweep_extreme_r02,1.6103105563670397,6.5897194147109985,4.7755932211875916,126.17207024269432,1.8353382349014282,7.125664710998535,4.695288181304932,121.40004952619185,0.5867910327790185,4.772020716502464,1,159,1788596025.1829643
1788596083.050202,57.852000,gate_sweep_extreme_r02,1.5905985850840807,6.595115303993225,4.772644937038422,130.92100901056864,1.4725841283798218,7.046806335449219,4.580883502960205,124.28383556452668,0.5047025336658367,6.637173446041967,1,399,1788596025.1981804
1788596083.102420,57.884000,gate_sweep_extreme_r02,1.5694266576319933,6.60129177570343,4.772027909755707,135.64450475699076,1.4595366716384888,7.056519508361816,4.577442169189453,128.98538735860907,0.5071209994021794,6.659117398381687,1,283,1788596025.2184026
1788596083.152486,57.916000,gate_sweep_extreme_r02,1.5410749930888414,6.610189080238342,4.774108827114105,141.3999789506173,1.455845832824707,7.063357830047607,4.580752849578857,133.6943060540319,0.500012459456395,7.705672896585403,1,234,1788596025.2364664
1788596083.213589,57.952000,gate_sweep_extreme_r02,1.5230524558573961,6.616236329078674,4.776802480220795,144.71981782464172,1.4307734966278076,7.073592185974121,4.572473049163818,138.83278234240393,0.509352827173004,5.887035482237783,1,177,1788596025.2615664
1788596083.253816,57.984000,gate_sweep_extreme_r02,1.4980794209986925,6.625088810920715,4.781831204891205,148.93500523681536,1.394790530204773,7.082836151123047,4.5525946617126465,143.0052081389904,0.5222553160593029,5.929797097824955,1,429,1788596025.2697957
1788596083.301947,58.016000,gate_sweep_extreme_r02,1.4721943158656359,6.634902596473694,4.7879738211631775,152.86470978529846,1.3787693977355957,7.1017560958862305,4.544381141662598,147.2173943405124,0.5348063189114431,5.647315444786042,1,320,1788596025.285929
1788596083.348630,58.048000,gate_sweep_extreme_r02,1.4386833924800158,6.648643136024475,4.796233117580414,157.32487508987506,1.369346261024475,7.124946594238281,4.539479732513428,151.163395668833,0.5455226144242509,6.161479421042052,1,253,1788596025.3006086
1788596083.395338,58.084000,gate_sweep_extreme_r02,1.4111073035746813,6.660909295082092,4.802395761013031,160.5056710643165,1.334722876548767,7.145174503326416,4.527079105377197,155.12296492727492,0.5622691824015394,5.382706137041561,1,226,1788596025.311312
1788596083.453593,58.116000,gate_sweep_extreme_r02,1.3900855798274279,6.670892834663391,4.806367337703705,162.66560630033297,1.255961537361145,7.15165376663208,4.509461402893066,158.1359640424389,0.5807525002965366,4.5296422578940625,1,191,1788596025.337576
1788596083.501871,58.148000,gate_sweep_extreme_r02,1.354533078148961,6.689073204994202,4.811485230922699,165.84522035113972,1.2249222993850708,7.166148662567139,4.502721309661865,160.90361185534252,0.5828679998615258,4.941608495797199,1,391,1788596025.353839
1788596083.549449,58.180000,gate_sweep_extreme_r02,1.3256757277995348,6.705130219459534,4.8141860365867615,168.02168296502458,1.2076032161712646,7.184821128845215,4.505022048950195,163.3630336576609,0.5827751348511814,4.658649307363682,1,303,1788596025.3694272
1788596083.595649,58.216000,gate_sweep_extreme_r02,1.296442510560155,6.722607731819153,4.8157095313072205,169.8827864546012,1.1779334545135498,7.206335067749023,4.503067970275879,165.73563982349077,0.5880316977638037,4.147146631110401,1,260,1788596025.3796287
1788596083.645401,58.248000,gate_sweep_extreme_r02,1.2594301719218493,6.746458172798157,4.816203534603119,171.7787650792486,1.1497987508773804,7.226034164428711,4.500136852264404,167.50653643431372,0.5847309876458241,4.2722286449348585,1,238,1788596025.397378
1788596083.693510,58.280000,gate_sweep_extreme_r02,1.2294815797358751,6.767150044441223,4.815612256526947,172.9580785501914,1.1214823722839355,7.246474266052246,4.499693393707275,168.9570924192056,0.5841406218698838,4.000986130985813,1,222,1788596025.4134946
1788596083.741420,58.312000,gate_sweep_extreme_r02,1.2068142909556627,6.783637642860413,4.814626634120941,173.65068290105293,1.0868949890136719,7.265507698059082,4.503392696380615,170.0934215080326,0.5860426205292344,3.5572613930203194,1,201,1788596025.4293885
1788596083.789043,58.348000,gate_sweep_extreme_r02,1.1686828155070543,6.812880635261536,4.8120827078819275,174.44617286394282,1.0526978969573975,7.2903008460998535,4.500095367431641,171.01220616351273,0.5819954120516051,3.4339667004300956,1,188,1788596025.4410222
1788596083.836593,58.380000,gate_sweep_extreme_r02,1.1378904599696398,6.8378459215164185,4.809281766414642,174.76775167311732,1.0200085639953613,7.3141865730285645,4.497158050537109,171.54695654982692,0.5815649333433931,3.220795123290377,1,174,1788596025.456576
1788596083.893354,58.412000,gate_sweep_extreme_r02,1.1068267840892076,6.864124417304993,4.806077420711517,174.81691888893744,0.9878287315368652,7.339001655578613,4.493582725524902,171.80080780564703,0.5807941653128125,3.0161110832904137,1,162,1788596025.481336
1788596083.931555,58.444000,gate_sweep_extreme_r02,1.0676897782832384,6.898693203926086,4.801660478115082,174.5043036601742,0.8817585706710815,7.250588893890381,4.55129337310791,167.53943975533213,0.47019642475164986,6.964863904842074,1,409,1788596025.4875348
1788596083.981132,58.480000,gate_sweep_extreme_r02,1.0361740607768297,6.927645325660706,4.797933042049408,173.96227118370328,0.8671056628227234,7.284764766693115,4.54561710357666,167.22317630043332,0.4688088642052881,6.739094883269951,1,244,1788596025.5011082
1788596084.043527,58.512000,gate_sweep_extreme_r02,0.9965345282107592,6.965219140052795,4.793363511562347,172.92633780389508,0.8287860751152039,7.315813064575195,4.5321431159973145,166.68590954570888,0.4682859580289828,6.240428258186189,1,201,1788596025.531512
1788596084.085890,58.544000,gate_sweep_extreme_r02,0.9806551355868578,6.980629563331604,4.791587769985199,172.40284978274047,0.7674928903579712,7.302830696105957,4.5132927894592285,165.43187587684497,0.47613003364422046,6.9709739058954865,1,401,1788596025.5418682
1788596084.135832,58.576000,gate_sweep_extreme_r02,0.9408565182238817,7.019909501075745,4.787386357784271,170.8281179481185,0.7328609228134155,7.327221393585205,4.4959564208984375,164.2928434441519,0.47184126049041275,6.535274503966564,1,328,1788596025.5598125
1788596084.184071,58.612000,gate_sweep_extreme_r02,0.9089449662715197,7.051997780799866,4.784432351589203,169.31944046261674,0.7046439051628113,7.352555751800537,4.482638359069824,162.8031099224965,0.4723913964319962,6.516330540120237,1,215,1788596025.5720427
1788596084.245096,58.644000,gate_sweep_extreme_r02,0.8769978303462267,7.084578156471252,4.782411992549896,167.61842890560527,0.675079345703125,7.363298416137695,4.47377872467041,161.2008736071092,0.4622883857843137,6.417555298496058,1,178,1788596025.601075
1788596084.291310,58.676000,gate_sweep_extreme_r02,0.8530052322894335,7.109263062477112,4.7818984389305115,166.23202145463128,0.6480400562286377,7.3960771560668945,4.478275775909424,159.61818750038324,0.4652523714924821,6.613833954248042,1,385,1788596025.6152887
1788596084.342987,58.708000,gate_sweep_extreme_r02,0.8130041975528002,7.150744557380676,4.783798158168793,163.75680507033354,0.6278305649757385,7.425784587860107,4.46950101852417,157.73367111934678,0.4568577290105778,6.023133950986769,1,225,1788596025.6349647
1788596084.395668,58.744000,gate_sweep_extreme_r02,0.7810489553958178,7.184074521064758,4.788203656673431,161.65778241796,0.5861762166023254,7.455596923828125,4.448222637176514,155.39703481504682,0.47674615168392515,6.260747602913166,1,211,1788596025.6516418
1788596084.453357,58.776000,gate_sweep_extreme_r02,0.7492057699710131,7.21731960773468,4.7949718832969666,159.49217815559265,0.547040581703186,7.461297512054443,4.433801651000977,153.18881722594114,0.48045802921833747,6.303360929651522,1,180,1788596025.6773398
1788596084.500650,58.808000,gate_sweep_extreme_r02,0.7095764894038439,7.258575081825256,4.805967748165131,156.74153171995073,0.5055657029151917,7.501749515533447,4.45490837097168,151.4080379032391,0.47328309977060395,5.333493816711628,1,419,1788596025.6926336
1788596084.551605,58.840000,gate_sweep_extreme_r02,0.6780729312449694,7.291099667549133,4.816397607326508,154.5452534690146,0.4723682105541229,7.532230854034424,4.441858768463135,149.21752040830927,0.4906506119709081,5.32773306070533,1,324,1788596025.7115848
1788596084.599816,58.876000,gate_sweep_extreme_r02,0.6545851249247789,7.315147519111633,4.824873387813568,152.9184637226862,0.42907625436782837,7.563416004180908,4.426364421844482,146.73493884533542,0.5208655175150436,6.183524877350781,1,299,1788596025.7237918
1788596084.652125,58.908000,gate_sweep_extreme_r02,0.615768076851964,7.354467034339905,4.839805543422699,150.27270137313957,0.4042423963546753,7.57469367980957,4.412493705749512,144.55578866118694,0.5252030992866465,5.716912711952615,1,266,1788596025.7441022
1788596084.705459,58.940000,gate_sweep_extreme_r02,0.5850717443972826,7.385098099708557,4.85215562582016,148.23819060418472,0.37706679105758667,7.590906620025635,4.40389347076416,142.45525671885827,0.5353150168866956,5.782933885326445,1,240,1788596025.7654355
1788596084.755987,58.972000,gate_sweep_extreme_r02,0.5547431129962206,7.4149099588394165,4.864741742610931,146.29244536900245,0.3504180908203125,7.607728481292725,4.396384239196777,140.43139186588184,0.5461560658754983,5.861053503120605,1,230,1788596025.7839587
1788596084.801439,59.008000,gate_sweep_extreme_r02,0.5174101609736681,7.450963616371155,4.880444943904877,144.0080512113122,0.32185098528862,7.6239142417907715,4.389315605163574,138.28836616575316,0.5562044025357235,5.7196850455590305,1,214,1788596025.7934206
1788596084.855455,59.040000,gate_sweep_extreme_r02,0.4880958218127489,7.47868025302887,4.892857491970062,142.31006922417077,0.2958499789237976,7.639560699462891,4.377740859985352,136.4784256038688,0.572875315142977,5.831643620301978,1,203,1788596025.8154354
1788596084.900625,59.072000,gate_sweep_extreme_r02,0.46644976921379566,7.498853802680969,4.902001798152924,141.11595925266786,0.2762148976325989,7.650493144989014,4.3681960105896,134.80799471664034,0.5866280042217822,6.307964536027536,1,194,1788596025.8286061
1788596084.958677,59.104000,gate_sweep_extreme_r02,0.4311197120696306,7.53117573261261,4.9169482588768005,139.2862164530257,0.23966631293296814,7.649467945098877,4.3619842529296875,133.22298841245978,0.5988593319576356,6.063228040565909,1,184,1788596025.854658
1788596085.005092,59.140000,gate_sweep_extreme_r02,0.40359378047287464,7.555705666542053,4.9285754561424255,137.9694641055958,0.08682985603809357,7.772302150726318,4.454505443572998,131.75675790207367,0.609914582217777,6.212706203522125,1,389,1788596025.8650663
1788596085.055611,59.172000,gate_sweep_extreme_r02,0.37673494406044483,7.579065918922424,4.9398245215415955,136.78512394384686,0.02478567510843277,7.820405960083008,4.448058605194092,130.45528740200595,0.6511121407748037,6.3298365418408995,1,316,1788596025.883583
1788596085.103100,59.204000,gate_sweep_extreme_r02,0.35057789273560047,7.60129702091217,4.95073789358139,135.73225945469932,-0.005358165130019188,7.865564823150635,4.446761608123779,129.32317466063088,0.6712078999032396,6.409084794068426,1,253,1788596025.899081
1788596085.154444,59.236000,gate_sweep_extreme_r02,0.3188842851668596,7.627563118934631,4.963840901851654,134.59897376264706,-0.032992832362651825,7.906372547149658,4.442648410797119,128.3321008040924,0.6878908458717119,6.266872958554643,1,225,1788596025.9184182
1788596085.210566,59.272000,gate_sweep_extreme_r02,0.3004829902201891,7.642403244972229,4.971377789974213,134.01472071274537,-0.06295116990804672,7.946171283721924,4.437797546386719,127.3569812217763,0.7134895139109204,6.657739490969081,1,207,1788596025.938546
1788596085.265385,59.304000,gate_sweep_extreme_r02,0.2766307611018419,7.661261200904846,4.98104852437973,133.34180001052087,-0.09738534688949585,7.989051818847656,4.426206588745117,126.60500970704433,0.7451069129910696,6.7367903034765355,1,196,1788596025.9613652
1788596085.315248,59.336000,gate_sweep_extreme_r02,0.2535512465983629,7.679156422615051,4.990264356136322,132.7854294933475,-0.12460213899612427,8.031383514404297,4.421161651611328,125.99980118822009,0.7687273870004535,6.785628305127404,1,186,1788596025.9792228
1788596085.376709,59.368000,gate_sweep_extreme_r02,0.2259566504508257,7.700095772743225,5.001186311244965,132.24343796189373,-0.15406164526939392,8.065329551696777,4.423260688781738,125.48644413557581,0.7821813366926497,6.756993826317908,1,174,1788596026.008685
1788596085.426667,59.404000,gate_sweep_extreme_r02,0.2049486804753542,7.715761303901672,5.009412229061127,131.92299300035415,-0.2260516881942749,8.009565353393555,4.478240966796875,125.11119556564243,0.7444629253002348,6.811797434711716,1,406,1788596026.0226498
1788596085.476074,59.436000,gate_sweep_extreme_r02,0.18983368761837482,7.726900219917297,5.0152663588523865,131.7433490063524,-0.2579250931739807,8.012420654296875,4.48603630065918,124.84362500017532,0.7497294836940485,6.899724006177076,1,330,1788596026.0400593
1788596085.525742,59.468000,gate_sweep_extreme_r02,0.16582428105175495,7.74442446231842,5.02437299489975,131.54910402456468,-0.2748573422431946,8.039212226867676,4.488576412200928,124.65942674440541,0.7537758932663969,6.88967728015926,1,300,1788596026.0577261
1788596085.582387,59.500000,gate_sweep_extreme_r02,0.14777426607906818,7.7575923204422,5.031151235103607,131.4770896190276,-0.2910510003566742,8.071086883544922,4.485716819763184,124.57033143401871,0.76703660733704,6.906758185008879,1,284,1788596026.0823686
1788596085.633024,59.536000,gate_sweep_extreme_r02,0.1307623703032732,7.7700687646865845,5.037501275539398,131.46871048863875,-0.3095405101776123,8.118534088134766,4.481550216674805,124.54733236468547,0.790174846510741,6.92137812395327,1,271,1788596026.096997
1788596085.689158,59.568000,gate_sweep_extreme_r02,0.11089187301695347,7.7847195863723755,5.044768750667572,131.53544280747292,-0.3267176151275635,8.142484664916992,4.479941368103027,124.58598069879287,0.7990794000816542,6.949462108680048,1,263,1788596026.1211374
1788596085.739223,59.600000,gate_sweep_extreme_r02,0.09603477455675602,7.79569685459137,5.050111711025238,131.63965919422097,-0.3427206575870514,8.159671783447266,4.481484413146973,124.6748626522023,0.8051838808394585,6.964796542018661,1,254,1788596026.139205
1788596085.789115,59.632000,gate_sweep_extreme_r02,0.0855522621423006,7.803470730781555,5.053855359554291,131.7409935971249,-0.36045151948928833,8.17781925201416,4.483822822570801,124.79964505237653,0.8148578291938724,6.941348544748396,1,246,1788596026.1570957
1788596085.841192,59.668000,gate_sweep_extreme_r02,0.06931649334728718,7.815658688545227,5.059613645076752,131.94434537396182,-0.38070350885391235,8.20103645324707,4.484023094177246,124.9728446292082,0.8260378358117462,6.971500744753623,1,238,1788596026.1731744
1788596085.894243,59.700000,gate_sweep_extreme_r02,0.05749182961881161,7.824803471565247,5.063817918300629,132.13023200408466,-0.39941149950027466,8.223588943481445,4.481509208679199,125.14546706515785,0.8407579545103951,6.984764938926796,1,233,1788596026.1942239
1788596085.946937,59.732000,gate_sweep_extreme_r02,0.046608949080109596,7.8334609270095825,5.067692697048187,132.32852581662294,-0.40903833508491516,8.239679336547852,4.484127044677734,125.3549869321151,0.8444979067122167,6.973538884507849,1,231,1788596026.214919
1788596085.998589,59.764000,gate_sweep_extreme_r02,0.03423370234668255,7.843669533729553,5.072078168392181,132.58180517061922,-0.42405804991722107,8.25705623626709,4.4841837882995605,125.56007585015722,0.8523729806677731,7.021729320461991,1,228,1788596026.2345698
1788596086.048965,59.800000,gate_sweep_extreme_r02,0.02535809390246868,7.85133421421051,5.075232923030853,132.7830617766269,-0.4356599748134613,8.271783828735352,4.4853973388671875,125.8055391807994,0.8586160692546736,6.977522595827503,1,222,1788596026.2489471
1788596086.099533,59.832000,gate_sweep_extreme_r02,0.01930325571447611,7.8568068742752075,5.077431619167328,132.93007839749524,-0.4424965977668762,8.281643867492676,4.487349987030029,126.02285128248674,0.8613604983206948,6.907227115008506,1,212,1788596026.2675135
1788596086.154182,59.864000,gate_sweep_extreme_r02,0.011886786669492722,7.8637977838516235,5.079976499080658,133.11759010221456,-0.44966891407966614,8.290428161621094,4.489164352416992,126.22633401125864,0.862615868608442,6.891256090955908,1,205,1788596026.2901614
1788596086.203840,59.896000,gate_sweep_extreme_r02,0.0038374484283849597,7.872044205665588,5.082750737667084,133.33260229825015,-0.45504459738731384,8.299426078796387,4.490784168243408,126.41750601331812,0.8623528377456795,6.915096284932051,1,203,1788596026.307818
1788596086.255508,59.932000,gate_sweep_extreme_r02,-0.0016332915984094143,7.8782559633255005,5.084686696529388,133.48567341170087,-0.4602285325527191,8.311525344848633,4.49301290512085,126.61426880061268,0.864933423698688,6.8714046110882,1,199,1788596026.3234901
1788596086.305196,59.964000,gate_sweep_extreme_r02,-0.006249464116990566,7.884137272834778,5.086449086666107,133.6194591728532,-0.4614291787147522,8.31777572631836,4.496331214904785,126.762149525068,0.8622470547894288,6.857309647785202,1,194,1788596026.3411744
1788596086.356654,59.996000,gate_sweep_extreme_r02,-0.009127597324550152,7.888338208198547,5.0876516699790955,133.70733686623564,-0.4648822844028473,8.326950073242188,4.496880054473877,126.88885269640254,0.8655078304888655,6.81848416983309,1,189,1788596026.3606367
1788596086.406858,60.028000,gate_sweep_extreme_r02,-0.012896373867988586,7.894952893257141,5.08930104970932,133.82836778655852,-0.4663762152194977,8.337432861328125,4.499187469482422,126.99743103003641,0.865832851204259,6.830936756522125,1,187,1788596026.3788333
1788596086.460901,60.064000,gate_sweep_extreme_r02,-0.014913499355316162,7.899922490119934,5.090345323085785,133.9035171558892,-0.47244930267333984,8.356852531433105,4.498680591583252,127.09151197670084,0.8764651895405146,6.812005179188352,1,183,1788596026.3968735
1788596086.513047,60.096000,gate_sweep_extreme_r02,-0.016087409108877182,7.904575943946838,5.091192662715912,133.96078295871516,-0.4776429831981659,8.368593215942383,4.497086524963379,127.15080351554906,0.8839161043890487,6.8099794431661005,1,179,1788596026.4170282
1788596086.564962,60.128000,gate_sweep_extreme_r02,-0.016547605395317078,7.909896969795227,5.091891229152679,134.00968227091826,-0.48237672448158264,8.378889083862305,4.496459007263184,127.19781924077542,0.8896571823517498,6.811863030142826,1,176,1788596026.4369411
1788596086.613740,60.160000,gate_sweep_extreme_r02,-0.01605216972529888,7.913764595985413,5.092309415340424,134.0341430396256,-0.4853155314922333,8.38715648651123,4.49614953994751,127.21745563960214,0.8942676231089367,6.816687400023464,1,175,1788596026.453709
1788596086.664993,60.196000,gate_sweep_extreme_r02,-0.015158964321017265,7.916423439979553,5.092521131038666,134.04360421890112,-0.485446572303772,8.397015571594238,4.4959306716918945,127.23661794922083,0.8989212464814031,6.8069862696803,1,175,1788596026.4689703
1788596086.721368,60.228000,gate_sweep_extreme_r02,-0.012763233855366707,7.920383095741272,5.092615067958832,134.04770447782278,-0.486503541469574,8.404664993286133,4.495158672332764,127.2354122016821,0.9032790155995808,6.812292276140681,1,173,1788596026.493345
1788596086.773220,60.260000,gate_sweep_extreme_r02,-0.010041209869086742,7.923102498054504,5.092308461666107,134.0417207771787,-0.4845846891403198,8.408110618591309,4.497489929199219,127.23036019287962,0.9023488667203795,6.811360584299082,1,173,1788596026.5132022
1788596086.825683,60.292000,gate_sweep_extreme_r02,-0.006623825989663601,7.9254008531570435,5.091683328151703,134.02869120613641,-0.4807925224304199,8.407623291015625,4.500921726226807,127.22479189333174,0.897983130447042,6.803899312804685,1,169,1788596026.5336595
1788596086.884187,60.328000,gate_sweep_extreme_r02,-0.0014580064453184605,7.927690148353577,5.090861737728119,134.01011276679813,-0.4795895218849182,8.409955978393555,4.503062725067139,127.17770635303302,0.8981635464468264,6.832406413765131,1,167,1788596026.5561619
1788596086.932464,60.360000,gate_sweep_extreme_r02,0.0033721679355949163,7.929113984107971,5.090361058712006,133.99438122669866,-1.039484977722168,8.272852897644043,4.450841426849365,126.18128057672486,1.2707056411561817,7.81310064997382,1,406,1788596026.5724447
1788596086.981908,60.392000,gate_sweep_extreme_r02,0.007290995446965098,7.929899334907532,5.090080678462982,133.97964065459482,-1.1094104051589966,8.266469955444336,4.442926406860352,125.99976311381414,1.3338329925359387,7.979877540780664,1,319,1788596026.5898862
1788596087.034046,60.424000,gate_sweep_extreme_r02,0.014297456480562687,7.930733799934387,5.089776933193207,133.9503777808249,-1.1202760934829712,8.257454872131348,4.439913749694824,125.88305345761827,1.3477113773212124,8.067324323206629,1,291,1788596026.6100237
1788596087.084123,60.460000,gate_sweep_extreme_r02,0.020232591778039932,7.931059002876282,5.089697301387787,133.92390591633264,-1.112361192703247,8.248591423034668,4.4412689208984375,125.77510137597856,1.3431511021181965,8.148804540354083,1,256,1788596026.6240997
1788596087.137072,60.492000,gate_sweep_extreme_r02,0.02632627636194229,7.931219696998596,5.089776933193207,133.89514251389184,-1.096432089805603,8.241098403930664,4.446485996246338,125.68083226524644,1.3305767138226516,8.2143102486454,1,247,1788596026.6450572
1788596087.184779,60.524000,gate_sweep_extreme_r02,0.03241783007979393,7.931313157081604,5.089937627315521,133.86470337411387,-1.0872886180877686,8.240270614624023,4.450713157653809,125.60700856588292,1.3258224478614744,8.257694808230966,1,231,1788596026.6607502
1788596087.236091,60.556000,gate_sweep_extreme_r02,0.03985803388059139,7.931457161903381,5.090218007564545,133.82492872648632,-1.080620527267456,8.2342529296875,4.453056812286377,125.5089844289189,1.324058862644964,8.315944297567412,1,226,1788596026.6800761
1788596087.284103,60.592000,gate_sweep_extreme_r02,0.04417933709919453,7.9316898584365845,5.090446412563324,133.80170935023025,-1.0772496461868286,8.232243537902832,4.453555583953857,125.41284192982445,1.3242225667770038,8.388867420405806,1,220,1788596026.692085
1788596087.335895,60.624000,gate_sweep_extreme_r02,0.049727803096175194,7.932138562202454,5.090811192989349,133.77069362665378,-1.067745566368103,8.229035377502441,4.457101345062256,125.34565167063816,1.3185153096406967,8.425041956015624,1,217,1788596026.711876
1788596087.385840,60.656000,gate_sweep_extreme_r02,0.055020539090037346,7.932732701301575,5.091151654720306,133.73992237195912,-1.0470706224441528,8.224034309387207,4.463882923126221,125.27910963564705,1.301125519248896,8.460812736312086,1,211,1788596026.7298207
1788596087.435581,60.688000,gate_sweep_extreme_r02,0.06123223342001438,7.93379271030426,5.091525971889496,133.70212108578002,-1.0363359451293945,8.227819442749023,4.468150615692139,125.23171267543506,1.2960341278957872,8.470408410344954,1,211,1788596026.7475631
1788596087.485648,60.724000,gate_sweep_extreme_r02,0.06583932600915432,7.934971928596497,5.091788232326508,133.6722359605888,-1.0253894329071045,8.229082107543945,4.473077774047852,125.17925856847874,1.2884423280961408,8.492977392110049,1,202,1788596026.7616317
1788596087.537157,60.756000,gate_sweep_extreme_r02,0.06906172074377537,7.936057686805725,5.091959893703461,133.65194004539927,-1.0193126201629639,8.228889465332031,4.476894855499268,125.12536270240908,1.2839837061583703,8.526577342990208,1,200,1788596026.7811403
1788596087.588025,60.788000,gate_sweep_extreme_r02,0.07397468574345112,7.938147187232971,5.0921520590782166,133.6187423136458,-1.0137230157852173,8.225632667541504,4.482514381408691,125.07264165437782,1.279606302474815,8.546100659267996,1,199,1788596026.8000064
1788596087.639312,60.820000,gate_sweep_extreme_r02,0.07745335437357426,7.940066933631897,5.092349946498871,133.5927786968727,-1.007106900215149,8.231340408325195,4.4842529296875,125.02431215427488,1.2770642758876125,8.568466542597811,1,195,1788596026.8192768
1788596087.691555,60.856000,gate_sweep_extreme_r02,0.0804902259260416,7.942206501960754,5.092563569545746,133.56686206683707,-0.9969686269760132,8.238874435424805,4.487890243530273,124.98721033396804,1.2706530894140444,8.579651732869028,1,192,1788596026.835531
1788596087.741096,60.888000,gate_sweep_extreme_r02,0.0836090911179781,7.945111870765686,5.092828214168549,133.53446289238923,-0.9890672564506531,8.245256423950195,4.490090370178223,124.95198380098564,1.2664968251115414,8.582479091403576,1,189,1788596026.8530748
1788596087.792265,60.920000,gate_sweep_extreme_r02,0.08559088595211506,7.947559475898743,5.093048512935638,133.50799712805832,-0.9825016856193542,8.250092506408691,4.49202299118042,124.9167862019826,1.262370648342562,8.591210926075721,1,189,1788596026.8722422
1788596087.843731,60.952000,gate_sweep_extreme_r02,0.08676292188465595,7.949508786201477,5.093206822872162,133.48777272650375,-0.9769286513328552,8.252998352050781,4.493923664093018,124.88071265317892,1.2580484823366913,8.60706007332484,1,189,1788596026.8917122
1788596087.893298,60.988000,gate_sweep_extreme_r02,0.08817353285849094,7.9529091119766235,5.093469560146332,133.45514300955372,-0.9734875559806824,8.253630638122559,4.495945453643799,124.84049528907546,1.2548277816873397,8.614647720478256,1,189,1788596026.905278
1788596087.949922,61.020000,gate_sweep_extreme_r02,0.08878811635077,7.955725789070129,5.0936450362205505,133.42829604376698,-0.9747606515884399,8.251504898071289,4.496258735656738,124.79967466601441,1.255185904640364,8.62862137775256,1,189,1788596026.9299042
1788596087.997664,61.052000,gate_sweep_extreme_r02,0.08898483403027058,7.958609700202942,5.093844830989838,133.40070560321018,-0.9759947657585144,8.24949836730957,4.496452331542969,124.75813548997664,1.2552591616924087,8.642570113233555,1,187,1788596026.945645
1788596088.048434,61.084000,gate_sweep_extreme_r02,0.08869379945099354,7.962216019630432,5.09411758184433,133.36641324658865,-0.9701551795005798,8.24639892578125,4.500391960144043,124.72521627709065,1.2467683017459603,8.641196969497996,1,184,1788596026.9644156
1788596088.102165,61.120000,gate_sweep_extreme_r02,0.08797616697847843,7.965080380439758,5.094308316707611,133.3379854674921,-0.9682930707931519,8.248551368713379,4.501593589782715,124.6951593608369,1.2439337809421924,8.642826106655194,1,182,1788596026.9821458
1788596088.156314,61.152000,gate_sweep_extreme_r02,0.08713936991989613,7.967208027839661,5.094489514827728,133.3157952110054,-0.9649367928504944,8.253410339355469,4.504454135894775,124.67011399974156,1.2397248742278322,8.645681211263833,1,177,1788596027.0042892
1788596088.206247,61.184000,gate_sweep_extreme_r02,0.08575532026588917,7.969992756843567,5.094803750514984,133.28595292702641,-0.9640734195709229,8.256989479064941,4.504748821258545,124.64089567686523,1.2380114381914988,8.645057250161177,1,173,1788596027.022227
1788596088.260806,61.216000,gate_sweep_extreme_r02,0.08349036611616611,7.973474144935608,5.0951284766197205,133.24967117792613,-0.9649145603179932,8.262686729431152,4.505674362182617,124.61725665011298,1.237033937217907,8.632414527813154,1,171,1788596027.0447853
1788596088.308358,61.252000,gate_sweep_extreme_r02,0.0812950748950243,7.97620689868927,5.095265805721283,133.2193907076374,-0.9688689112663269,8.266522407531738,4.505508899688721,124.58243234867503,1.2389272378626035,8.636958358962342,1,168,1788596027.0563378
1788596088.367958,61.284000,gate_sweep_extreme_r02,0.07881326414644718,7.97889244556427,5.095298707485199,133.18895486135213,-0.9681950807571411,8.267047882080078,4.5113983154296875,124.5436137146113,1.232963786059407,8.64534114674084,1,167,1788596027.0839283
1788596088.415602,61.316000,gate_sweep_extreme_r02,0.07677734829485416,7.980894207954407,5.0953187346458435,133.16680023049773,-1.4495878219604492,8.14841079711914,4.354118347167969,123.88918376779486,1.705060249671911,9.277616462702868,1,395,1788596027.099585
1788596088.472703,61.348000,gate_sweep_extreme_r02,0.07311777211725712,7.984203457832336,5.095323979854584,133.13119893889072,-1.7087849378585815,8.105777740478516,4.310238361358643,123.5190381202792,1.9509784730717368,9.612160818611525,1,213,1788596027.1246808
1788596088.523864,61.384000,gate_sweep_extreme_r02,0.06995568610727787,7.986811280250549,5.0953139662742615,133.10340241817673,-1.7585245370864868,8.098189353942871,4.30017614364624,123.41565055797207,1.9969950322631658,9.687751860204648,1,191,1788596027.13983
1788596088.580207,61.416000,gate_sweep_extreme_r02,0.06661697663366795,7.989373326301575,5.095308721065521,133.0763017498372,-1.7725574970245361,8.0956449508667,4.293313980102539,123.36589101984971,2.0092416398422372,9.710410729987501,1,185,1788596027.164182
1788596088.629358,61.448000,gate_sweep_extreme_r02,0.06225206516683102,7.992462754249573,5.0952834486961365,133.04463947679187,-1.7783070802688599,8.091789245605469,4.2900495529174805,123.33670236427055,2.0114485692263933,9.707937112521325,1,181,1788596027.1813436
1788596088.679127,61.480000,gate_sweep_extreme_r02,0.05858536995947361,7.994832158088684,5.095219075679779,133.02083747509977,-1.7816596031188965,8.09188461303711,4.288051605224609,123.31153403321807,2.011825058327071,9.709303441881712,1,175,1788596027.199111
1788596088.729976,61.516000,gate_sweep_extreme_r02,0.05576271004974842,7.996539235115051,5.095126092433929,133.00395353490774,-1.7906527519226074,8.09463882446289,4.284334659576416,123.28392424929707,2.0189740798821423,9.720029285610648,1,173,1788596027.2139578
1788596088.781582,61.548000,gate_sweep_extreme_r02,0.05095253698527813,7.9992276430130005,5.094871938228607,132.97686800184843,-1.795758605003357,8.09661865234375,4.281583309173584,123.26252315344786,2.0202142076506715,9.71434484840055,1,173,1788596027.233563
1788596088.836613,61.580000,gate_sweep_extreme_r02,0.047015974298119545,8.001247525215149,5.094604909420013,132.9564995780186,-1.7943310737609863,8.09939956665039,4.280045986175537,123.25268748717691,2.0158618539153643,9.703812090841671,1,170,1788596027.2565854
1788596088.886120,61.612000,gate_sweep_extreme_r02,0.04305597208440304,8.003138661384583,5.094262063503265,132.93754817165532,-1.7890492677688599,8.10460376739502,4.279380798339844,123.24279678972087,2.007719167102269,9.694751381934454,1,168,1788596027.2741034
1788596088.940059,61.648000,gate_sweep_extreme_r02,0.03808584623038769,8.005305409431458,5.093707501888275,132.91426985229805,-1.7845814228057861,8.11132526397705,4.279462814331055,123.24024393977894,1.9990874404059489,9.674025912519124,1,168,1788596027.2920403
1788596088.994286,61.680000,gate_sweep_extreme_r02,0.034108301624655724,8.006902813911438,5.093204915523529,132.89682619015545,-1.796814203262329,8.113661766052246,4.276521682739258,123.2201931463118,2.007646929984155,9.676633043843644,1,168,1788596027.3142636
1788596089.046124,61.712000,gate_sweep_extreme_r02,0.031175510957837105,8.007978558540344,5.092860639095306,132.8843788247795,-1.818947672843933,8.113960266113281,4.271217346191406,123.18809406371909,2.0271372963750727,9.696284761060397,1,167,1788596027.3341053
1788596089.094639,61.744000,gate_sweep_extreme_r02,0.02633855864405632,8.009572148323059,5.092310845851898,132.8635932428842,-1.8312394618988037,8.117292404174805,4.268503665924072,123.16315772604645,2.0349098323083834,9.700435516837768,1,167,1788596027.3506122
1788596089.144215,61.780000,gate_sweep_extreme_r02,0.02251911163330078,8.010668873786926,5.091825425624847,132.84876942093356,-1.84506356716156,8.117040634155273,4.264420509338379,123.13501504218449,2.045428783662112,9.713754378749067,1,167,1788596027.3641942
1788596089.199771,61.812000,gate_sweep_extreme_r02,0.01883312314748764,8.011637806892395,5.091384828090668,132.83604058586394,-1.8504704236984253,8.119797706604004,4.261105537414551,123.1252309351083,2.048257311638841,9.710809650755634,1,167,1788596027.3877492
1788596089.254177,61.844000,gate_sweep_extreme_r02,0.015288463793694973,8.012514233589172,5.090937554836273,132.8234217172284,-1.860477089881897,8.119964599609375,4.256580352783203,123.10891730853533,2.055770885612403,9.714504408693063,1,167,1788596027.4101613
1788596089.306263,61.876000,gate_sweep_extreme_r02,0.011005554348230362,8.013456463813782,5.090298116207123,132.80871681927394,-1.8678388595581055,8.120912551879883,4.253796577453613,123.09651532531292,2.05945088964668,9.712201493961015,1,166,1788596027.4302452
1788596089.355940,61.912000,gate_sweep_extreme_r02,0.008529482176527381,8.013991475105286,5.089893281459808,132.80043065116425,-1.8774657249450684,8.121057510375977,4.25115966796875,123.08159091025573,2.06686117859763,9.718839740908528,1,166,1788596027.443913
1788596089.408204,61.944000,gate_sweep_extreme_r02,0.00530843177693896,8.01466953754425,5.08932489156723,132.79036865484784,-1.8893107175827026,8.1189546585083,4.24812650680542,123.06469314394741,2.0755895138732554,9.725675510900414,1,166,1788596027.4641862
1788596089.460112,61.976000,gate_sweep_extreme_r02,0.0029477067291736603,8.015128254890442,5.088941514492035,132.78201889440467,-1.900397539138794,8.116560935974121,4.244922161102295,123.04794337959706,2.0845575987859997,9.73407551480762,1,166,1788596027.4840925
1788596089.511623,62.008000,gate_sweep_extreme_r02,-0.0009058341383934021,8.015846371650696,5.088270604610443,132.77188369145338,-1.9116675853729248,8.115411758422852,4.241423606872559,123.02867261185654,2.092384662006872,9.743211079596845,1,166,1788596027.5036042
1788596089.562699,62.044000,gate_sweep_extreme_r02,-0.003910341300070286,8.016356587409973,5.087725102901459,132.7653282731839,-1.9229323863983154,8.11309814453125,4.237523555755615,123.00920372225387,2.1011537804778797,9.756124550930029,1,166,1788596027.5186794
1788596089.612434,62.076000,gate_sweep_extreme_r02,-0.0068521760404109955,8.016801953315735,5.0871142745018005,132.75844105132296,-1.9324250221252441,8.109871864318848,4.233865261077881,122.9924563981554,2.108204608860882,9.765984653167566,1,166,1788596027.5364137
1788596089.663842,62.108000,gate_sweep_extreme_r02,-0.010434946045279503,8.017257809638977,5.0863184332847595,132.75036536683356,-1.940263032913208,8.107888221740723,4.231104850769043,122.98019804951318,2.112780298133582,9.77016731732038,1,165,1788596027.5558228
1788596089.714226,62.140000,gate_sweep_extreme_r02,-0.013227855786681175,8.017497181892395,5.085626542568207,132.74442269771794,-1.9424139261245728,8.111559867858887,4.2306318283081055,122.98071041177666,2.1122553454281277,9.76371228594128,1,165,1788596027.5742078
1788596089.774299,62.176000,gate_sweep_extreme_r02,-0.016479596495628357,8.017520070075989,5.084656178951263,132.73650616066362,-1.9618157148361206,8.109371185302734,4.228611946105957,122.93457516264345,2.127341291207445,9.801930998020172,1,164,1788596027.5982814
1788596089.820194,62.208000,gate_sweep_extreme_r02,-0.018282894045114517,8.017434239387512,5.084058701992035,132.73133766732496,-2.2954657077789307,7.892963886260986,4.108215808868408,122.78067658073596,2.4805894033539673,9.950661086589008,1,394,1788596027.6121714
1788596089.870307,62.240000,gate_sweep_extreme_r02,-0.020495109260082245,8.017216801643372,5.083312451839447,132.72516864377806,-2.747887372970581,7.748392581939697,4.050088882446289,122.23157231112276,2.9289052503617636,10.493596332655287,1,213,1788596027.6302862
1788596089.920720,62.272000,gate_sweep_extreme_r02,-0.02247660420835018,8.016901135444641,5.082606732845306,132.71823986286282,-2.876474142074585,7.718404293060303,4.046744346618652,122.0812325146612,3.0508053353596862,10.637007348201628,1,206,1788596027.6486986
1788596089.970304,62.308000,gate_sweep_extreme_r02,-0.024635719135403633,8.016393780708313,5.0817994475364685,132.71094239685513,-2.9316532611846924,7.705577373504639,4.044871807098389,122.00735760263855,3.1020278464697526,10.703584794216583,1,201,1788596027.6622863
1788596090.021143,62.340000,gate_sweep_extreme_r02,-0.02610546536743641,8.015905499458313,5.0811890959739685,132.705357932662,-2.9316532611846924,7.705577373504639,4.044871807098389,122.00736877628678,3.1003975652743097,10.697989156375211,1,199,1788596027.6811247
1788596090.071889,62.372000,gate_sweep_extreme_r02,-0.027099790051579475,8.015509724617004,5.080746114253998,132.70017363922486,-2.928177833557129,7.706298828125,4.040886878967285,121.99672875422753,3.0972846853704685,10.70344488499733,1,197,1788596027.6998663
1788596090.122508,62.404000,gate_sweep_extreme_r02,-0.028507700189948082,8.014852643013,5.080129086971283,132.69249258990394,-2.928177833557129,7.706298828125,4.040886878967285,121.99671877939853,3.0956932512638597,10.695773810505406,1,197,1788596027.718483
1788596090.173011,62.440000,gate_sweep_extreme_r02,-0.029380666092038155,8.01434051990509,5.079721391201019,132.68666880513675,-2.9189534187316895,7.718191623687744,4.0389814376831055,122.00882240650706,3.085526618322505,10.677846398629685,1,195,1788596027.7329857
1788596090.224335,62.472000,gate_sweep_extreme_r02,-0.030064789578318596,8.013812184333801,5.079402387142181,132.68043389159018,-2.890059232711792,7.733831405639648,4.039029121398926,122.04659749953527,3.0561959988302156,10.633836392054919,1,193,1788596027.7523122
1788596090.271147,62.504000,gate_sweep_extreme_r02,-0.030630340799689293,8.013245701789856,5.079148232936859,132.67483617867788,-2.890059232711792,7.733831405639648,4.039029121398926,122.04659658469423,3.055528383599349,10.62823959398366,1,193,1788596027.7671278
1788596090.319865,62.536000,gate_sweep_extreme_r02,-0.031121036037802696,8.012462735176086,5.078914105892181,132.66551022845886,-2.8934295177459717,7.750857830047607,4.038107872009277,122.04658813016658,3.056881513460297,10.618922098292282,1,188,1788596027.783838
1788596090.374834,62.572000,gate_sweep_extreme_r02,-0.03130626119673252,8.011919140815735,5.078810155391693,132.66055597625217,-2.9045534133911133,7.757901191711426,4.037914276123047,122.03122853294447,3.0665189625271725,10.629327443307707,1,188,1788596027.8028133
1788596090.424063,62.604000,gate_sweep_extreme_r02,-0.03145928494632244,8.011098027229309,5.07873147726059,132.6528052695892,-2.9045534133911133,7.757901191711426,4.037914276123047,122.03122555164197,3.0662809647199634,10.62157971794723,1,187,1788596027.8200464
1788596090.476485,62.636000,gate_sweep_extreme_r02,-0.031508615240454674,8.01021683216095,5.078718602657318,132.64668586062388,-2.914041519165039,7.777955055236816,4.04004430770874,122.01869928574362,3.0727488941035808,10.627986574880273,1,185,1788596027.8404672
1788596090.523666,62.668000,gate_sweep_extreme_r02,-0.03142434172332287,8.009092450141907,5.07860654592514,132.63771817561485,-2.9143669605255127,7.7914533615112305,4.044394016265869,122.02061801396164,3.070557029711425,10.617100161653203,1,184,1788596027.8556516
1788596090.572741,62.704000,gate_sweep_extreme_r02,-0.03125219978392124,8.008209347724915,5.078578412532806,132.63085626857625,-2.9102118015289307,7.812414169311523,4.049406051635742,122.02791558108039,3.0636481339742905,10.602940687495876,1,182,1788596027.8687246
1788596090.624418,62.736000,gate_sweep_extreme_r02,-0.031070617958903313,8.007570385932922,5.078613221645355,132.6256374255431,-2.896684408187866,7.827704429626465,4.056478500366211,122.04537412152897,3.047762055251826,10.580263304014133,1,182,1788596027.8884015
1788596090.673143,62.768000,gate_sweep_extreme_r02,-0.03071240894496441,8.006506085395813,5.0787124037742615,132.61632483498676,-2.853705883026123,7.844865798950195,4.0640788078308105,122.09567684405299,3.0041473117881834,10.520647990933766,1,180,1788596027.9051263
1788596090.721812,62.800000,gate_sweep_extreme_r02,-0.030419563874602318,8.005667805671692,5.0788015723228455,132.60957261836361,-2.835660934448242,7.8453216552734375,4.068702697753906,122.1124116651125,2.9858649955299135,10.497160953251116,1,177,1788596027.9217951
