[INFO] [launch]: All log files can be found below /home/admin/.ros/log/2026-09-07-10-03-31-323511-T21-A15-89352
[INFO] [launch]: Default logging verbosity is set to INFO
[INFO] [component_container_mt-1]: process started with pid [89432]
[component_container_mt-1] [INFO] [1788750212.056385004] [nvblox_container]: Load Library: /workspaces/isaac_ros-dev/ros2_ws/install/nvblox_ros/lib/libnvblox_ros_lib.so
[component_container_mt-1] [INFO] [1788750212.084142650] [nvblox_container]: Found class: rclcpp_components::NodeFactoryTemplate<nvblox::NvbloxNode>
[component_container_mt-1] [INFO] [1788750212.084204006] [nvblox_container]: Instantiate class: rclcpp_components::NodeFactoryTemplate<nvblox::NvbloxNode>
[component_container_mt-1] [INFO] [1788750212.197967030] [nvblox_node]: Create nvblox cuda stream with type: kBlocking
[component_container_mt-1] WARNING: Logging before InitGoogleLogging() is written to STDERR
[component_container_mt-1] I0907 10:03:32.215214 89473 block_memory_pool_impl.h:65] Expanding the memory pool with 2048 blocks. Number of allocated blocks: 2048
[component_container_mt-1] I0907 10:03:32.221280 89473 gpu_hash_interface_impl.cuh:83] Creating a GPUHashImpl with requested capacity of 4096 blocks. Real capacity: 4096
[component_container_mt-1] I0907 10:03:32.224001 89473 layer_cake_impl.h:32] Adding Layer with type: N6nvblox15VoxelBlockLayerINS_9TsdfVoxelEEE, voxel_size: 0.05, and memory_type: kDevice to LayerCake.
[component_container_mt-1] I0907 10:03:32.231346 89473 block_memory_pool_impl.h:65] Expanding the memory pool with 2048 blocks. Number of allocated blocks: 2048
[component_container_mt-1] I0907 10:03:32.231539 89473 gpu_hash_interface_impl.cuh:83] Creating a GPUHashImpl with requested capacity of 4096 blocks. Real capacity: 4096
[component_container_mt-1] I0907 10:03:32.233856 89473 layer_cake_impl.h:32] Adding Layer with type: N6nvblox15VoxelBlockLayerINS_10ColorVoxelEEE, voxel_size: 0.05, and memory_type: kDevice to LayerCake.
[component_container_mt-1] I0907 10:03:32.242274 89473 block_memory_pool_impl.h:65] Expanding the memory pool with 2048 blocks. Number of allocated blocks: 2048
[component_container_mt-1] I0907 10:03:32.242478 89473 gpu_hash_interface_impl.cuh:83] Creating a GPUHashImpl with requested capacity of 4096 blocks. Real capacity: 4096
[component_container_mt-1] I0907 10:03:32.245054 89473 layer_cake_impl.h:32] Adding Layer with type: N6nvblox15VoxelBlockLayerINS_14FreespaceVoxelEEE, voxel_size: 0.05, and memory_type: kDevice to LayerCake.
[component_container_mt-1] I0907 10:03:32.250337 89473 block_memory_pool_impl.h:65] Expanding the memory pool with 2048 blocks. Number of allocated blocks: 2048
[component_container_mt-1] I0907 10:03:32.250564 89473 gpu_hash_interface_impl.cuh:83] Creating a GPUHashImpl with requested capacity of 4096 blocks. Real capacity: 4096
[component_container_mt-1] I0907 10:03:32.253484 89473 layer_cake_impl.h:32] Adding Layer with type: N6nvblox15VoxelBlockLayerINS_14OccupancyVoxelEEE, voxel_size: 0.05, and memory_type: kDevice to LayerCake.
[component_container_mt-1] I0907 10:03:32.260708 89473 block_memory_pool_impl.h:65] Expanding the memory pool with 2048 blocks. Number of allocated blocks: 2048
[component_container_mt-1] I0907 10:03:32.261934 89473 gpu_hash_interface_impl.cuh:83] Creating a GPUHashImpl with requested capacity of 4096 blocks. Real capacity: 4096
[component_container_mt-1] I0907 10:03:32.261987 89473 layer_cake_impl.h:32] Adding Layer with type: N6nvblox15VoxelBlockLayerINS_9EsdfVoxelEEE, voxel_size: 0.05, and memory_type: kDevice to LayerCake.
[component_container_mt-1] I0907 10:03:32.262369 89473 block_memory_pool_impl.h:65] Expanding the memory pool with 2048 blocks. Number of allocated blocks: 2048
[component_container_mt-1] I0907 10:03:32.262522 89473 gpu_hash_interface_impl.cuh:83] Creating a GPUHashImpl with requested capacity of 4096 blocks. Real capacity: 4096
[component_container_mt-1] I0907 10:03:32.262569 89473 layer_cake_impl.h:32] Adding Layer with type: N6nvblox10BlockLayerINS_9MeshBlockEEE, voxel_size: 0.05, and memory_type: kDevice to LayerCake.
[component_container_mt-1] I0907 10:03:32.262588 89473 layer_cake_streamer_impl.h:79] Adding Streamer with type: N6nvblox25LayerStreamerOldestBlocksINS_15VoxelBlockLayerINS_9TsdfVoxelEEEEE to LayerCake.
[component_container_mt-1] I0907 10:03:32.262593 89473 layer_cake_streamer_impl.h:79] Adding Streamer with type: N6nvblox25LayerStreamerOldestBlocksINS_15VoxelBlockLayerINS_10ColorVoxelEEEEE to LayerCake.
[component_container_mt-1] I0907 10:03:32.262598 89473 layer_cake_streamer_impl.h:79] Adding Streamer with type: N6nvblox25LayerStreamerOldestBlocksINS_15VoxelBlockLayerINS_14FreespaceVoxelEEEEE to LayerCake.
[component_container_mt-1] I0907 10:03:32.262601 89473 layer_cake_streamer_impl.h:79] Adding Streamer with type: N6nvblox25LayerStreamerOldestBlocksINS_15VoxelBlockLayerINS_14OccupancyVoxelEEEEE to LayerCake.
[component_container_mt-1] I0907 10:03:32.262605 89473 layer_cake_streamer_impl.h:79] Adding Streamer with type: N6nvblox25LayerStreamerOldestBlocksINS_15VoxelBlockLayerINS_9EsdfVoxelEEEEE to LayerCake.
[component_container_mt-1] I0907 10:03:32.262611 89473 layer_cake_streamer_impl.h:79] Adding Streamer with type: N6nvblox25LayerStreamerOldestBlocksINS_10BlockLayerINS_9MeshBlockEEEEE to LayerCake.
[component_container_mt-1] I0907 10:03:32.269492 89473 block_memory_pool_impl.h:65] Expanding the memory pool with 2048 blocks. Number of allocated blocks: 2048
[component_container_mt-1] I0907 10:03:32.269690 89473 gpu_hash_interface_impl.cuh:83] Creating a GPUHashImpl with requested capacity of 4096 blocks. Real capacity: 4096
[component_container_mt-1] I0907 10:03:32.269726 89473 layer_cake_impl.h:32] Adding Layer with type: N6nvblox15VoxelBlockLayerINS_9TsdfVoxelEEE, voxel_size: 0.05, and memory_type: kDevice to LayerCake.
[component_container_mt-1] I0907 10:03:32.276602 89473 block_memory_pool_impl.h:65] Expanding the memory pool with 2048 blocks. Number of allocated blocks: 2048
[component_container_mt-1] I0907 10:03:32.276962 89473 gpu_hash_interface_impl.cuh:83] Creating a GPUHashImpl with requested capacity of 4096 blocks. Real capacity: 4096
[component_container_mt-1] I0907 10:03:32.277001 89473 layer_cake_impl.h:32] Adding Layer with type: N6nvblox15VoxelBlockLayerINS_10ColorVoxelEEE, voxel_size: 0.05, and memory_type: kDevice to LayerCake.
[component_container_mt-1] I0907 10:03:32.283473 89473 block_memory_pool_impl.h:65] Expanding the memory pool with 2048 blocks. Number of allocated blocks: 2048
[component_container_mt-1] I0907 10:03:32.283631 89473 gpu_hash_interface_impl.cuh:83] Creating a GPUHashImpl with requested capacity of 4096 blocks. Real capacity: 4096
[component_container_mt-1] I0907 10:03:32.283663 89473 layer_cake_impl.h:32] Adding Layer with type: N6nvblox15VoxelBlockLayerINS_14FreespaceVoxelEEE, voxel_size: 0.05, and memory_type: kDevice to LayerCake.
[component_container_mt-1] I0907 10:03:32.289405 89473 block_memory_pool_impl.h:65] Expanding the memory pool with 2048 blocks. Number of allocated blocks: 2048
[component_container_mt-1] I0907 10:03:32.289635 89473 gpu_hash_interface_impl.cuh:83] Creating a GPUHashImpl with requested capacity of 4096 blocks. Real capacity: 4096
[component_container_mt-1] I0907 10:03:32.289670 89473 layer_cake_impl.h:32] Adding Layer with type: N6nvblox15VoxelBlockLayerINS_14OccupancyVoxelEEE, voxel_size: 0.05, and memory_type: kDevice to LayerCake.
[component_container_mt-1] I0907 10:03:32.296187 89473 block_memory_pool_impl.h:65] Expanding the memory pool with 2048 blocks. Number of allocated blocks: 2048
[component_container_mt-1] I0907 10:03:32.296406 89473 gpu_hash_interface_impl.cuh:83] Creating a GPUHashImpl with requested capacity of 4096 blocks. Real capacity: 4096
[component_container_mt-1] I0907 10:03:32.296447 89473 layer_cake_impl.h:32] Adding Layer with type: N6nvblox15VoxelBlockLayerINS_9EsdfVoxelEEE, voxel_size: 0.05, and memory_type: kDevice to LayerCake.
[component_container_mt-1] I0907 10:03:32.296838 89473 block_memory_pool_impl.h:65] Expanding the memory pool with 2048 blocks. Number of allocated blocks: 2048
[component_container_mt-1] I0907 10:03:32.296963 89473 gpu_hash_interface_impl.cuh:83] Creating a GPUHashImpl with requested capacity of 4096 blocks. Real capacity: 4096
[component_container_mt-1] I0907 10:03:32.296993 89473 layer_cake_impl.h:32] Adding Layer with type: N6nvblox10BlockLayerINS_9MeshBlockEEE, voxel_size: 0.05, and memory_type: kDevice to LayerCake.
[component_container_mt-1] I0907 10:03:32.296999 89473 layer_cake_streamer_impl.h:79] Adding Streamer with type: N6nvblox25LayerStreamerOldestBlocksINS_15VoxelBlockLayerINS_9TsdfVoxelEEEEE to LayerCake.
[component_container_mt-1] I0907 10:03:32.297003 89473 layer_cake_streamer_impl.h:79] Adding Streamer with type: N6nvblox25LayerStreamerOldestBlocksINS_15VoxelBlockLayerINS_10ColorVoxelEEEEE to LayerCake.
[component_container_mt-1] I0907 10:03:32.297005 89473 layer_cake_streamer_impl.h:79] Adding Streamer with type: N6nvblox25LayerStreamerOldestBlocksINS_15VoxelBlockLayerINS_14FreespaceVoxelEEEEE to LayerCake.
[component_container_mt-1] I0907 10:03:32.297008 89473 layer_cake_streamer_impl.h:79] Adding Streamer with type: N6nvblox25LayerStreamerOldestBlocksINS_15VoxelBlockLayerINS_14OccupancyVoxelEEEEE to LayerCake.
[component_container_mt-1] I0907 10:03:32.297009 89473 layer_cake_streamer_impl.h:79] Adding Streamer with type: N6nvblox25LayerStreamerOldestBlocksINS_15VoxelBlockLayerINS_9EsdfVoxelEEEEE to LayerCake.
[component_container_mt-1] I0907 10:03:32.297012 89473 layer_cake_streamer_impl.h:79] Adding Streamer with type: N6nvblox25LayerStreamerOldestBlocksINS_10BlockLayerINS_9MeshBlockEEEEE to LayerCake.
[component_container_mt-1] [INFO] [1788750212.299629842] [nvblox_node]: Initialize Mapper:
[component_container_mt-1] [INFO] [1788750212.299699894] [nvblox_node]: static_mapper.do_depth_preprocessing: 0
[component_container_mt-1] [INFO] [1788750212.299719281] [nvblox_node]: static_mapper.depth_preprocessing_num_dilations: 3
[component_container_mt-1] [INFO] [1788750212.299743747] [nvblox_node]: static_mapper.esdf_slice_min_height: 0
[component_container_mt-1] [INFO] [1788750212.299754367] [nvblox_node]: static_mapper.esdf_slice_max_height: 1
[component_container_mt-1] [INFO] [1788750212.299764105] [nvblox_node]: static_mapper.esdf_slice_height: 1
[component_container_mt-1] [INFO] [1788750212.299772611] [nvblox_node]: static_mapper.exclude_last_view_from_decay: 1
[component_container_mt-1] [INFO] [1788750212.299781869] [nvblox_node]: static_mapper.projective_integrator_max_integration_distance_m: 5
[component_container_mt-1] [INFO] [1788750212.299792098] [nvblox_node]: static_mapper.lidar_projective_integrator_max_integration_distance_m: 10
[component_container_mt-1] [INFO] [1788750212.299801035] [nvblox_node]: static_mapper.projective_integrator_truncation_distance_vox: 4
[component_container_mt-1] [INFO] [1788750212.299816644] [nvblox_node]: static_mapper.projective_integrator_weighting_mode: inverse_square_tsdf_distance_penalty
[component_container_mt-1] [INFO] [1788750212.299829138] [nvblox_node]: static_mapper.projective_integrator_max_weight: 5
[component_container_mt-1] [INFO] [1788750212.299837083] [nvblox_node]: static_mapper.projective_tsdf_integrator_invalid_depth_decay_factor: -1
[component_container_mt-1] [INFO] [1788750212.299846320] [nvblox_node]: static_mapper.free_region_occupancy_probability: 0.45
[component_container_mt-1] [INFO] [1788750212.299854936] [nvblox_node]: static_mapper.occupied_region_occupancy_probability: 0.55
[component_container_mt-1] [INFO] [1788750212.299863422] [nvblox_node]: static_mapper.unobserved_region_occupancy_probability: 0.5
[component_container_mt-1] [INFO] [1788750212.299872780] [nvblox_node]: static_mapper.occupied_region_half_width_m: 0.1
[component_container_mt-1] [INFO] [1788750212.299881627] [nvblox_node]: static_mapper.raycast_subsampling_factor: 4
[component_container_mt-1] [INFO] [1788750212.299890083] [nvblox_node]: static_mapper.workspace_bounds_type: unbounded
[component_container_mt-1] [INFO] [1788750212.299901975] [nvblox_node]: static_mapper.workspace_bounds_min_height_m: -0.5
[component_container_mt-1] [INFO] [1788750212.299911433] [nvblox_node]: static_mapper.workspace_bounds_max_height_m: 2
[component_container_mt-1] [INFO] [1788750212.299919819] [nvblox_node]: static_mapper.workspace_bounds_min_corner_x_m: 0
[component_container_mt-1] [INFO] [1788750212.299928104] [nvblox_node]: static_mapper.workspace_bounds_max_corner_x_m: 0
[component_container_mt-1] [INFO] [1788750212.299936760] [nvblox_node]: static_mapper.workspace_bounds_min_corner_y_m: 0
[component_container_mt-1] [INFO] [1788750212.299943002] [nvblox_node]: static_mapper.workspace_bounds_max_corner_y_m: 0
[component_container_mt-1] [INFO] [1788750212.299948052] [nvblox_node]: static_mapper.esdf_integrator_min_weight: 0.1
[component_container_mt-1] [INFO] [1788750212.299953622] [nvblox_node]: static_mapper.esdf_integrator_max_site_distance_vox: 2
[component_container_mt-1] [INFO] [1788750212.299958281] [nvblox_node]: static_mapper.esdf_integrator_max_distance_m: 2
[component_container_mt-1] [INFO] [1788750212.299963531] [nvblox_node]: static_mapper.mesh_integrator_min_weight: 0.1
[component_container_mt-1] [INFO] [1788750212.299968240] [nvblox_node]: static_mapper.mesh_integrator_weld_vertices: 1
[component_container_mt-1] [INFO] [1788750212.299975764] [nvblox_node]: static_mapper.decay_integrator_deallocate_decayed_blocks: 1
[component_container_mt-1] [INFO] [1788750212.299983949] [nvblox_node]: static_mapper.tsdf_decay_factor: 0.95
[component_container_mt-1] [INFO] [1788750212.299991914] [nvblox_node]: static_mapper.tsdf_decayed_weight_threshold: 0.001
[component_container_mt-1] [INFO] [1788750212.299999829] [nvblox_node]: static_mapper.tsdf_set_free_distance_on_decayed: 0
[component_container_mt-1] [INFO] [1788750212.300007253] [nvblox_node]: static_mapper.tsdf_decayed_free_distance_vox: 4
[component_container_mt-1] [INFO] [1788750212.300012784] [nvblox_node]: static_mapper.free_region_decay_probability: 0.55
[component_container_mt-1] [INFO] [1788750212.300017563] [nvblox_node]: static_mapper.occupied_region_decay_probability: 0.4
[component_container_mt-1] [INFO] [1788750212.300021971] [nvblox_node]: static_mapper.occupancy_decay_to_free: 0
[component_container_mt-1] [INFO] [1788750212.300067687] [nvblox_node]: static_mapper.max_tsdf_distance_for_occupancy_m: 0.15
[component_container_mt-1] [INFO] [1788750212.300089248] [nvblox_node]: static_mapper.max_unobserved_to_keep_consecutive_occupancy_ms: 200
[component_container_mt-1] [INFO] [1788750212.300098295] [nvblox_node]: static_mapper.min_duration_since_occupied_for_freespace_ms: 1000
[component_container_mt-1] [INFO] [1788750212.300105899] [nvblox_node]: static_mapper.min_consecutive_occupancy_duration_for_reset_ms: 2000
[component_container_mt-1] [INFO] [1788750212.300113143] [nvblox_node]: static_mapper.check_neighborhood: 1
[component_container_mt-1] [INFO] [1788750212.300117581] [nvblox_node]: Initialize Mapper:
[component_container_mt-1] [INFO] [1788750212.300124434] [nvblox_node]: dynamic_mapper.do_depth_preprocessing: 0
[component_container_mt-1] [INFO] [1788750212.300132760] [nvblox_node]: dynamic_mapper.depth_preprocessing_num_dilations: 4
[component_container_mt-1] [INFO] [1788750212.300143129] [nvblox_node]: dynamic_mapper.esdf_slice_min_height: 0
[component_container_mt-1] [INFO] [1788750212.300151706] [nvblox_node]: dynamic_mapper.esdf_slice_max_height: 1
[component_container_mt-1] [INFO] [1788750212.300160332] [nvblox_node]: dynamic_mapper.esdf_slice_height: 1
[component_container_mt-1] [INFO] [1788750212.300169098] [nvblox_node]: dynamic_mapper.exclude_last_view_from_decay: 0
[component_container_mt-1] [INFO] [1788750212.300175410] [nvblox_node]: dynamic_mapper.projective_integrator_max_integration_distance_m: 7
[component_container_mt-1] [INFO] [1788750212.300181452] [nvblox_node]: dynamic_mapper.lidar_projective_integrator_max_integration_distance_m: 10
[component_container_mt-1] [INFO] [1788750212.300186812] [nvblox_node]: dynamic_mapper.projective_integrator_truncation_distance_vox: 4
[component_container_mt-1] [INFO] [1788750212.300192042] [nvblox_node]: dynamic_mapper.projective_integrator_weighting_mode: kInverseSquareWeight
[component_container_mt-1] [WARN] [1788750212.300197001] [nvblox_node]: Requested weighting function: "kInverseSquareWeight" not recognized. Defaulting to: kInverseSquareWeight
[component_container_mt-1] [INFO] [1788750212.300210106] [nvblox_node]: dynamic_mapper.projective_integrator_max_weight: 5
[component_container_mt-1] [INFO] [1788750212.300217029] [nvblox_node]: dynamic_mapper.projective_tsdf_integrator_invalid_depth_decay_factor: -1
[component_container_mt-1] [INFO] [1788750212.300222018] [nvblox_node]: dynamic_mapper.free_region_occupancy_probability: 0.3
[component_container_mt-1] [INFO] [1788750212.300226777] [nvblox_node]: dynamic_mapper.occupied_region_occupancy_probability: 0.7
[component_container_mt-1] [INFO] [1788750212.300231977] [nvblox_node]: dynamic_mapper.unobserved_region_occupancy_probability: 0.5
[component_container_mt-1] [INFO] [1788750212.300236866] [nvblox_node]: dynamic_mapper.occupied_region_half_width_m: 0.1
[component_container_mt-1] [INFO] [1788750212.300242016] [nvblox_node]: dynamic_mapper.raycast_subsampling_factor: 4
[component_container_mt-1] [INFO] [1788750212.300246594] [nvblox_node]: dynamic_mapper.workspace_bounds_type: kUnbounded
[component_container_mt-1] [WARN] [1788750212.300263035] [nvblox_node]: Requested workspace bounds type: "kUnbounded" not recognized. Defaulting to: kUnbounded
[component_container_mt-1] [INFO] [1788750212.300269237] [nvblox_node]: dynamic_mapper.workspace_bounds_min_height_m: 0
[component_container_mt-1] [INFO] [1788750212.300274357] [nvblox_node]: dynamic_mapper.workspace_bounds_max_height_m: 1
[component_container_mt-1] [INFO] [1788750212.300279627] [nvblox_node]: dynamic_mapper.workspace_bounds_min_corner_x_m: 0
[component_container_mt-1] [INFO] [1788750212.300284396] [nvblox_node]: dynamic_mapper.workspace_bounds_max_corner_x_m: 0
[component_container_mt-1] [INFO] [1788750212.300289185] [nvblox_node]: dynamic_mapper.workspace_bounds_min_corner_y_m: 2
[component_container_mt-1] [INFO] [1788750212.300293773] [nvblox_node]: dynamic_mapper.workspace_bounds_max_corner_y_m: 2
[component_container_mt-1] [INFO] [1788750212.300303732] [nvblox_node]: dynamic_mapper.esdf_integrator_min_weight: 0.0001
[component_container_mt-1] [INFO] [1788750212.300312749] [nvblox_node]: dynamic_mapper.esdf_integrator_max_site_distance_vox: 1
[component_container_mt-1] [INFO] [1788750212.300319652] [nvblox_node]: dynamic_mapper.esdf_integrator_max_distance_m: 2
[component_container_mt-1] [INFO] [1788750212.300328138] [nvblox_node]: dynamic_mapper.mesh_integrator_min_weight: 0.0001
[component_container_mt-1] [INFO] [1788750212.300335963] [nvblox_node]: dynamic_mapper.mesh_integrator_weld_vertices: 1
[component_container_mt-1] [INFO] [1788750212.300343407] [nvblox_node]: dynamic_mapper.decay_integrator_deallocate_decayed_blocks: 1
[component_container_mt-1] [INFO] [1788750212.300351943] [nvblox_node]: dynamic_mapper.tsdf_decay_factor: 0.95
[component_container_mt-1] [INFO] [1788750212.300359457] [nvblox_node]: dynamic_mapper.tsdf_decayed_weight_threshold: 0.001
[component_container_mt-1] [INFO] [1788750212.300375527] [nvblox_node]: dynamic_mapper.tsdf_set_free_distance_on_decayed: 0
[component_container_mt-1] [INFO] [1788750212.300384514] [nvblox_node]: dynamic_mapper.tsdf_decayed_free_distance_vox: 4
[component_container_mt-1] [INFO] [1788750212.300401827] [nvblox_node]: dynamic_mapper.free_region_decay_probability: 0.55
[component_container_mt-1] [INFO] [1788750212.300408670] [nvblox_node]: dynamic_mapper.occupied_region_decay_probability: 0.4
[component_container_mt-1] [INFO] [1788750212.300413349] [nvblox_node]: dynamic_mapper.occupancy_decay_to_free: 0
[component_container_mt-1] [INFO] [1788750212.300418168] [nvblox_node]: dynamic_mapper.max_tsdf_distance_for_occupancy_m: 0.15
[component_container_mt-1] [INFO] [1788750212.300422927] [nvblox_node]: dynamic_mapper.max_unobserved_to_keep_consecutive_occupancy_ms: 200
[component_container_mt-1] [INFO] [1788750212.300427485] [nvblox_node]: dynamic_mapper.min_duration_since_occupied_for_freespace_ms: 1000
[component_container_mt-1] [INFO] [1788750212.300431994] [nvblox_node]: dynamic_mapper.min_consecutive_occupancy_duration_for_reset_ms: 2000
[component_container_mt-1] [INFO] [1788750212.300436622] [nvblox_node]: dynamic_mapper.check_neighborhood: 1
[component_container_mt-1] [INFO] [1788750212.300442363] [nvblox_node]: Initialize MultiMapper:
[component_container_mt-1] [INFO] [1788750212.300447663] [nvblox_node]: multi_mapper.connected_mask_component_size_threshold: 2000
[component_container_mt-1] [INFO] [1788750212.300452653] [nvblox_node]: multi_mapper.remove_small_connected_components: 1
[component_container_mt-1] [INFO] [1788750212.300549365] [nvblox_node]: NvbloxNode::subscribeToTopics()
[component_container_mt-1] [INFO] [1788750212.300687455] [nvblox_node]: Subscribing input topics with QoS: SYSTEM_DEFAULT
[component_container_mt-1] [INFO] [1788750212.302253887] [NitrosContext]: [NitrosContext] Loading extension: gxf/lib/std/libgxf_std.so
[component_container_mt-1] [INFO] [1788750212.303328512] [NitrosContext]: [NitrosContext] Loading extension: gxf/lib/libgxf_isaac_gxf_helpers.so
[component_container_mt-1] [INFO] [1788750212.306004615] [NitrosContext]: [NitrosContext] Loading extension: gxf/lib/libgxf_isaac_sight.so
[component_container_mt-1] [INFO] [1788750212.308704332] [NitrosContext]: [NitrosContext] Loading extension: gxf/lib/libgxf_isaac_atlas.so
[component_container_mt-1] [33m2026-09-07 10:03:32.315 WARN  external/com_nvidia_gxf/gxf/std/program.cpp@538: No GXF scheduler specified.[0m
[component_container_mt-1] [INFO] [1788750212.315285093] [NitrosContext]: [NitrosContext] Loading extension: gxf/lib/multimedia/libgxf_multimedia.so
[component_container_mt-1] [INFO] [1788750212.318838168] [nvblox_node.ManagedNitrosSubscriber]: Starting Managed Nitros Subscriber
[component_container_mt-1] [INFO] [1788750212.319709460] [nvblox_node]: NvbloxNode::setupTimers()
[component_container_mt-1] [INFO] [1788750212.319751158] [nvblox_node]: NvbloxNode::advertiseTopics()
[component_container_mt-1] [INFO] [1788750212.323242397] [nvblox_node]: NvbloxNode::advertiseServices()
[component_container_mt-1] [INFO] [1788750212.325942345] [nvblox_node]: Started up nvblox node in frame map and voxel size 0.05
[component_container_mt-1] [INFO] [1788750212.325967593] [nvblox_node]: Mapping type: kStaticTsdf
[component_container_mt-1] [INFO] [1788750212.326656190] [nvblox_node]: nvblox parameters:
[component_container_mt-1] nvblox_node
[component_container_mt-1]     cuda_stream_type: kBlocking
[component_container_mt-1]     global_frame: map
[component_container_mt-1]     voxel_size: 0.050000
[component_container_mt-1]     max_back_projection_distance: 7.000000
[component_container_mt-1]     layer_visualization_min_tsdf_weight: 0.100000
[component_container_mt-1]     layer_visualization_exclusion_height_m: 2.000000
[INFO] [launch_ros.actions.load_composable_nodes]: Loaded node '/nvblox_node' in container '/nvblox_container'
[component_container_mt-1]     layer_visualization_exclusion_radius_m: 7.000000
[component_container_mt-1]     layer_streamer_bandwidth_limit_mbps: -1.000000
[component_container_mt-1]     distance_map_unknown_value_optimistic: 1000.000000
[component_container_mt-1]     distance_map_unknown_value_pessimistic: -1000.000000
[component_container_mt-1]     esdf_mode: 3d
[component_container_mt-1]     mapping_type: static_tsdf
[component_container_mt-1]     pose_frame: camera_link_optical_gt
[component_container_mt-1]     map_clearing_frame_id: base_link_gt
[component_container_mt-1]     after_shutdown_map_save_path: 
[component_container_mt-1]     esdf_slice_bounds_visualization_attachment_frame_id: base_link
[component_container_mt-1]     workspace_height_bounds_visualization_attachment_frame_id: base_link
[component_container_mt-1]     publish_esdf_distance_slice: 1
[component_container_mt-1]     use_color: 0
[component_container_mt-1]     use_depth: 1
[component_container_mt-1]     use_segmentation: 0
[component_container_mt-1]     use_lidar: 0
[component_container_mt-1]     use_non_equal_vertical_fov_lidar_params: 0
[component_container_mt-1]     print_timings_to_console: 0
[component_container_mt-1]     print_rates_to_console: 0
[component_container_mt-1]     print_queue_drops_to_console: 0
[component_container_mt-1]     print_delays_to_console: 0
[component_container_mt-1]     layer_visualization_undo_gamma_correction: 0
[component_container_mt-1]     output_pessimistic_distance_map: 1
[component_container_mt-1]     num_cameras: 1
[component_container_mt-1]     lidar_width: 1800
[component_container_mt-1]     lidar_height: 31
[component_container_mt-1]     tick_period_ms: 10
[component_container_mt-1]     print_statistics_on_console_period_ms: 10000
[component_container_mt-1]     maximum_input_queue_length: 10
[component_container_mt-1]     back_projection_subsampling: 1
[component_container_mt-1]     lidar_vertical_fov_rad: 0.523599
[component_container_mt-1]     lidar_min_valid_range_m: 0.100000
[component_container_mt-1]     lidar_max_valid_range_m: 50.000000
[component_container_mt-1]     min_angle_below_zero_elevation_rad: 0.349066
[component_container_mt-1]     max_angle_above_zero_elevation_rad: 0.261799
[component_container_mt-1]     esdf_slice_bounds_visualization_side_length: 10.000000
[component_container_mt-1]     workspace_height_bounds_visualization_side_length: 10.000000
[component_container_mt-1]     integrate_depth_rate_hz: 640.000000
[component_container_mt-1]     integrate_color_rate_hz: 5.000000
[component_container_mt-1]     integrate_lidar_rate_hz: 40.000000
[component_container_mt-1]     update_mesh_rate_hz: 5.000000
[component_container_mt-1]     update_esdf_rate_hz: 10.000000
[component_container_mt-1]     publish_layer_rate_hz: 2.000000
[component_container_mt-1]     publish_debug_vis_rate_hz: 2.000000
[component_container_mt-1]     decay_tsdf_rate_hz: 5.000000
[component_container_mt-1]     decay_dynamic_occupancy_rate_hz: 10.000000
[component_container_mt-1]     clear_map_outside_radius_rate_hz: 1.000000
[component_container_mt-1]     map_clearing_radius_m: 7.000000
[component_container_mt-1]     esdf_and_gradients_unobserved_value: -1000.000000
[component_container_mt-1]     multi_mapper
[component_container_mt-1]         connected_mask_component_size_threshold: 2000
[component_container_mt-1]         background_mapper
[component_container_mt-1]             voxel_size_m: 0.050000
[component_container_mt-1]             memory_type: kDevice
[component_container_mt-1]             projective_layer_type: kTsdf
[component_container_mt-1]             esdf_mode: kUnset
[component_container_mt-1]             do_depth_preprocessing: 0
[component_container_mt-1]             depth_preprocessing_num_dilations: 3
[component_container_mt-1]             exclude_last_view_from_decay: 1
[component_container_mt-1]             camera_tsdf_integrator
[component_container_mt-1]                 max_weight:: 5.000000
[component_container_mt-1]                 marked_unobserved_voxels_distance_m:: -1.000000
[component_container_mt-1]                 marked_unobserved_voxels_weight:: 0.100000
[component_container_mt-1]                 weighting_function_type:: kInverseSquareTsdfDistancePenalty
[component_container_mt-1]                 invalid_depth_decay_factor:: -1.000000
[component_container_mt-1]                 projective_integrator
[component_container_mt-1]                     lidar_linear_interpolation_max_allowable_difference_vox:: 2.000000
[component_container_mt-1]                     lidar_nearest_interpolation_max_allowable_dist_to_ray_vox:: 0.500000
[component_container_mt-1]                     truncation_distance_vox:: 4.000000
[component_container_mt-1]                     max_integration_distance_m:: 5.000000
[component_container_mt-1]                     view_calculator
[component_container_mt-1]                         raycast_subsampling_factor: 4
[component_container_mt-1]                         workspace_bounds_type: kUnbounded
[component_container_mt-1]                         workspace_bounds_min_height_m: -0.500000
[component_container_mt-1]                         workspace_bounds_max_height_m: 2.000000
[component_container_mt-1]                         workspace_bounds_min_corner_x_m: 0.000000
[component_container_mt-1]                         workspace_bounds_max_corner_x_m: 0.000000
[component_container_mt-1]                         workspace_bounds_min_corner_y_m: 0.000000
[component_container_mt-1]                         workspace_bounds_max_corner_y_m: 0.000000
[component_container_mt-1]             lidar_tsdf_integrator
[component_container_mt-1]                 max_weight:: 5.000000
[component_container_mt-1]                 marked_unobserved_voxels_distance_m:: -1.000000
[component_container_mt-1]                 marked_unobserved_voxels_weight:: 0.100000
[component_container_mt-1]                 weighting_function_type:: kInverseSquareWeight
[component_container_mt-1]                 invalid_depth_decay_factor:: -1.000000
[component_container_mt-1]                 projective_integrator
[component_container_mt-1]                     lidar_linear_interpolation_max_allowable_difference_vox:: 2.000000
[component_container_mt-1]                     lidar_nearest_interpolation_max_allowable_dist_to_ray_vox:: 0.500000
[component_container_mt-1]                     truncation_distance_vox:: 4.000000
[component_container_mt-1]                     max_integration_distance_m:: 10.000000
[component_container_mt-1]                     view_calculator
[component_container_mt-1]                         raycast_subsampling_factor: 4
[component_container_mt-1]                         workspace_bounds_type: kUnbounded
[component_container_mt-1]                         workspace_bounds_min_height_m: 0.000000
[component_container_mt-1]                         workspace_bounds_max_height_m: 1.000000
[component_container_mt-1]                         workspace_bounds_min_corner_x_m: 0.000000
[component_container_mt-1]                         workspace_bounds_max_corner_x_m: 0.000000
[component_container_mt-1]                         workspace_bounds_min_corner_y_m: 2.000000
[component_container_mt-1]                         workspace_bounds_max_corner_y_m: 2.000000
[component_container_mt-1]             projective_color_integrator
[component_container_mt-1]                 sphere_tracing_ray_subsampling_factor:: 4
[component_container_mt-1]                 max_weight:: 5.000000
[component_container_mt-1]                 weighting_function_type:: kInverseSquareTsdfDistancePenalty
[component_container_mt-1]                 projective_integrator
[component_container_mt-1]                     lidar_linear_interpolation_max_allowable_difference_vox:: 2.000000
[component_container_mt-1]                     lidar_nearest_interpolation_max_allowable_dist_to_ray_vox:: 0.500000
[component_container_mt-1]                     truncation_distance_vox:: 4.000000
[component_container_mt-1]                     max_integration_distance_m:: 5.000000
[component_container_mt-1]                     view_calculator
[component_container_mt-1]                         raycast_subsampling_factor: 4
[component_container_mt-1]                         workspace_bounds_type: kUnbounded
[component_container_mt-1]                         workspace_bounds_min_height_m: 0.000000
[component_container_mt-1]                         workspace_bounds_max_height_m: 1.000000
[component_container_mt-1]                         workspace_bounds_min_corner_x_m: 0.000000
[component_container_mt-1]                         workspace_bounds_max_corner_x_m: 0.000000
[component_container_mt-1]                         workspace_bounds_min_corner_y_m: 2.000000
[component_container_mt-1]                         workspace_bounds_max_corner_y_m: 2.000000
[component_container_mt-1]                 view_calculator
[component_container_mt-1]                     raycast_subsampling_factor: 4
[component_container_mt-1]                     workspace_bounds_type: kUnbounded
[component_container_mt-1]                     workspace_bounds_min_height_m: -0.500000
[component_container_mt-1]                     workspace_bounds_max_height_m: 2.000000
[component_container_mt-1]                     workspace_bounds_min_corner_x_m: 0.000000
[component_container_mt-1]                     workspace_bounds_max_corner_x_m: 0.000000
[component_container_mt-1]                     workspace_bounds_min_corner_y_m: 0.000000
[component_container_mt-1]                     workspace_bounds_max_corner_y_m: 0.000000
[component_container_mt-1]             camera_occupancy_integrator
[component_container_mt-1]                 free_region_log_odds:: -0.200671
[component_container_mt-1]                 occupied_region_log_odds:: 0.200671
[component_container_mt-1]                 unobserved_region_log_odds:: 0.000000
[component_container_mt-1]                 occupied_region_half_width_m:: 0.100000
[component_container_mt-1]                 projective_integrator
[component_container_mt-1]                     lidar_linear_interpolation_max_allowable_difference_vox:: 2.000000
[component_container_mt-1]                     lidar_nearest_interpolation_max_allowable_dist_to_ray_vox:: 0.500000
[component_container_mt-1]                     truncation_distance_vox:: 4.000000
[component_container_mt-1]                     max_integration_distance_m:: 5.000000
[component_container_mt-1]                     view_calculator
[component_container_mt-1]                         raycast_subsampling_factor: 4
[component_container_mt-1]                         workspace_bounds_type: kUnbounded
[component_container_mt-1]                         workspace_bounds_min_height_m: 0.000000
[component_container_mt-1]                         workspace_bounds_max_height_m: 1.000000
[component_container_mt-1]                         workspace_bounds_min_corner_x_m: 0.000000
[component_container_mt-1]                         workspace_bounds_max_corner_x_m: 0.000000
[component_container_mt-1]                         workspace_bounds_min_corner_y_m: 2.000000
[component_container_mt-1]                         workspace_bounds_max_corner_y_m: 2.000000
[component_container_mt-1]             lidar_occupancy_integrator
[component_container_mt-1]                 free_region_log_odds:: -0.200671
[component_container_mt-1]                 occupied_region_log_odds:: 0.200671
[component_container_mt-1]                 unobserved_region_log_odds:: 0.000000
[component_container_mt-1]                 occupied_region_half_width_m:: 0.100000
[component_container_mt-1]                 projective_integrator
[component_container_mt-1]                     lidar_linear_interpolation_max_allowable_difference_vox:: 2.000000
[component_container_mt-1]                     lidar_nearest_interpolation_max_allowable_dist_to_ray_vox:: 0.500000
[component_container_mt-1]                     truncation_distance_vox:: 4.000000
[component_container_mt-1]                     max_integration_distance_m:: 10.000000
[component_container_mt-1]                     view_calculator
[component_container_mt-1]                         raycast_subsampling_factor: 4
[component_container_mt-1]                         workspace_bounds_type: kUnbounded
[component_container_mt-1]                         workspace_bounds_min_height_m: 0.000000
[component_container_mt-1]                         workspace_bounds_max_height_m: 1.000000
[component_container_mt-1]                         workspace_bounds_min_corner_x_m: 0.000000
[component_container_mt-1]                         workspace_bounds_max_corner_x_m: 0.000000
[component_container_mt-1]                         workspace_bounds_min_corner_y_m: 2.000000
[component_container_mt-1]                         workspace_bounds_max_corner_y_m: 2.000000
[component_container_mt-1]             esdf_integrator
[component_container_mt-1]                 max_esdf_distance_m:: 2.000000
[component_container_mt-1]                 max_tsdf_site_distance_vox:: 2.000000
[component_container_mt-1]                 tsdf_min_weight:: 0.100000
[component_container_mt-1]                 occupied_threshold_log_odds:: 0.000000
[component_container_mt-1]                 esdf_slice_min_height:: 0.000000
[component_container_mt-1]                 esdf_slice_max_height:: 1.000000
[component_container_mt-1]                 esdf_slice_height:: 1.000000
[component_container_mt-1]                 slice_height_above_plane_m:: 0.000000
[component_container_mt-1]                 slice_height_thickness_m:: 0.100000
[component_container_mt-1]             mesh_integrator
[component_container_mt-1]                 min_weight:: 0.100000
[component_container_mt-1]                 cutoff_distance_vox:: 5.000000
[component_container_mt-1]                 weld_vertices:: 1
[component_container_mt-1]             occupancy_decay_integrator
[component_container_mt-1]                 free_space_decay_log_odds:: 0.200671
[component_container_mt-1]                 occupied_space_decay_log_odds:: -0.405465
[component_container_mt-1]                 decay_to_log_odds_:: 0.000000
[component_container_mt-1]                 decay_integrator
[component_container_mt-1]                     deallocate_decayed_blocks:: 1
[component_container_mt-1]             tsdf_decay_integrator
[component_container_mt-1]                 decay_factor:: 0.950000
[component_container_mt-1]                 decayed_weight_theshold:: 0.001000
[component_container_mt-1]                 set_free_distance_on_decayed:: 0
[component_container_mt-1]                 free_distance_vox:: 4.000000
[component_container_mt-1]                 decay_integrator
[component_container_mt-1]                     deallocate_decayed_blocks:: 1
[component_container_mt-1]             freespace_integrator
[component_container_mt-1]                 max_tsdf_distance_for_occupancy_m:: 0.150000
[component_container_mt-1]                 max_unobserved_to_keep_consecutive_occupancy_ms:: 200
[component_container_mt-1]                 min_duration_since_occupied_for_freespace_ms:: 1000
[component_container_mt-1]                 min_consecutive_occupancy_duration_for_reset_ms:: 2000
[component_container_mt-1]                 check_neighborhood:: 1
[component_container_mt-1]         foreground_mapper
[component_container_mt-1]             voxel_size_m: 0.050000
[component_container_mt-1]             memory_type: kDevice
[component_container_mt-1]             projective_layer_type: kNone
[component_container_mt-1]             esdf_mode: kUnset
[component_container_mt-1]             do_depth_preprocessing: 0
[component_container_mt-1]             depth_preprocessing_num_dilations: 4
[component_container_mt-1]             exclude_last_view_from_decay: 0
[component_container_mt-1]             camera_tsdf_integrator
[component_container_mt-1]                 max_weight:: 5.000000
[component_container_mt-1]                 marked_unobserved_voxels_distance_m:: -1.000000
[component_container_mt-1]                 marked_unobserved_voxels_weight:: 0.100000
[component_container_mt-1]                 weighting_function_type:: kInverseSquareWeight
[component_container_mt-1]                 invalid_depth_decay_factor:: -1.000000
[component_container_mt-1]                 projective_integrator
[component_container_mt-1]                     lidar_linear_interpolation_max_allowable_difference_vox:: 2.000000
[component_container_mt-1]                     lidar_nearest_interpolation_max_allowable_dist_to_ray_vox:: 0.500000
[component_container_mt-1]                     truncation_distance_vox:: 4.000000
[component_container_mt-1]                     max_integration_distance_m:: 7.000000
[component_container_mt-1]                     view_calculator
[component_container_mt-1]                         raycast_subsampling_factor: 4
[component_container_mt-1]                         workspace_bounds_type: kUnbounded
[component_container_mt-1]                         workspace_bounds_min_height_m: 0.000000
[component_container_mt-1]                         workspace_bounds_max_height_m: 1.000000
[component_container_mt-1]                         workspace_bounds_min_corner_x_m: 0.000000
[component_container_mt-1]                         workspace_bounds_max_corner_x_m: 0.000000
[component_container_mt-1]                         workspace_bounds_min_corner_y_m: 2.000000
[component_container_mt-1]                         workspace_bounds_max_corner_y_m: 2.000000
[component_container_mt-1]             lidar_tsdf_integrator
[component_container_mt-1]                 max_weight:: 5.000000
[component_container_mt-1]                 marked_unobserved_voxels_distance_m:: -1.000000
[component_container_mt-1]                 marked_unobserved_voxels_weight:: 0.100000
[component_container_mt-1]                 weighting_function_type:: kInverseSquareWeight
[component_container_mt-1]                 invalid_depth_decay_factor:: -1.000000
[component_container_mt-1]                 projective_integrator
[component_container_mt-1]                     lidar_linear_interpolation_max_allowable_difference_vox:: 2.000000
[component_container_mt-1]                     lidar_nearest_interpolation_max_allowable_dist_to_ray_vox:: 0.500000
[component_container_mt-1]                     truncation_distance_vox:: 4.000000
[component_container_mt-1]                     max_integration_distance_m:: 10.000000
[component_container_mt-1]                     view_calculator
[component_container_mt-1]                         raycast_subsampling_factor: 4
[component_container_mt-1]                         workspace_bounds_type: kUnbounded
[component_container_mt-1]                         workspace_bounds_min_height_m: 0.000000
[component_container_mt-1]                         workspace_bounds_max_height_m: 1.000000
[component_container_mt-1]                         workspace_bounds_min_corner_x_m: 0.000000
[component_container_mt-1]                         workspace_bounds_max_corner_x_m: 0.000000
[component_container_mt-1]                         workspace_bounds_min_corner_y_m: 2.000000
[component_container_mt-1]                         workspace_bounds_max_corner_y_m: 2.000000
[component_container_mt-1]             projective_color_integrator
[component_container_mt-1]                 sphere_tracing_ray_subsampling_factor:: 4
[component_container_mt-1]                 max_weight:: 5.000000
[component_container_mt-1]                 weighting_function_type:: kInverseSquareWeight
[component_container_mt-1]                 projective_integrator
[component_container_mt-1]                     lidar_linear_interpolation_max_allowable_difference_vox:: 2.000000
[component_container_mt-1]                     lidar_nearest_interpolation_max_allowable_dist_to_ray_vox:: 0.500000
[component_container_mt-1]                     truncation_distance_vox:: 4.000000
[component_container_mt-1]                     max_integration_distance_m:: 7.000000
[component_container_mt-1]                     view_calculator
[component_container_mt-1]                         raycast_subsampling_factor: 4
[component_container_mt-1]                         workspace_bounds_type: kUnbounded
[component_container_mt-1]                         workspace_bounds_min_height_m: 0.000000
[component_container_mt-1]                         workspace_bounds_max_height_m: 1.000000
[component_container_mt-1]                         workspace_bounds_min_corner_x_m: 0.000000
[component_container_mt-1]                         workspace_bounds_max_corner_x_m: 0.000000
[component_container_mt-1]                         workspace_bounds_min_corner_y_m: 2.000000
[component_container_mt-1]                         workspace_bounds_max_corner_y_m: 2.000000
[component_container_mt-1]                 view_calculator
[component_container_mt-1]                     raycast_subsampling_factor: 4
[component_container_mt-1]                     workspace_bounds_type: kUnbounded
[component_container_mt-1]                     workspace_bounds_min_height_m: 0.000000
[component_container_mt-1]                     workspace_bounds_max_height_m: 1.000000
[component_container_mt-1]                     workspace_bounds_min_corner_x_m: 0.000000
[component_container_mt-1]                     workspace_bounds_max_corner_x_m: 0.000000
[component_container_mt-1]                     workspace_bounds_min_corner_y_m: 2.000000
[component_container_mt-1]                     workspace_bounds_max_corner_y_m: 2.000000
[component_container_mt-1]             camera_occupancy_integrator
[component_container_mt-1]                 free_region_log_odds:: -0.847298
[component_container_mt-1]                 occupied_region_log_odds:: 0.847298
[component_container_mt-1]                 unobserved_region_log_odds:: 0.000000
[component_container_mt-1]                 occupied_region_half_width_m:: 0.100000
[component_container_mt-1]                 projective_integrator
[component_container_mt-1]                     lidar_linear_interpolation_max_allowable_difference_vox:: 2.000000
[component_container_mt-1]                     lidar_nearest_interpolation_max_allowable_dist_to_ray_vox:: 0.500000
[component_container_mt-1]                     truncation_distance_vox:: 4.000000
[component_container_mt-1]                     max_integration_distance_m:: 7.000000
[component_container_mt-1]                     view_calculator
[component_container_mt-1]                         raycast_subsampling_factor: 4
[component_container_mt-1]                         workspace_bounds_type: kUnbounded
[component_container_mt-1]                         workspace_bounds_min_height_m: 0.000000
[component_container_mt-1]                         workspace_bounds_max_height_m: 1.000000
[component_container_mt-1]                         workspace_bounds_min_corner_x_m: 0.000000
[component_container_mt-1]                         workspace_bounds_max_corner_x_m: 0.000000
[component_container_mt-1]                         workspace_bounds_min_corner_y_m: 2.000000
[component_container_mt-1]                         workspace_bounds_max_corner_y_m: 2.000000
[component_container_mt-1]             lidar_occupancy_integrator
[component_container_mt-1]                 free_region_log_odds:: -0.847298
[component_container_mt-1]                 occupied_region_log_odds:: 0.847298
[component_container_mt-1]                 unobserved_region_log_odds:: 0.000000
[component_container_mt-1]                 occupied_region_half_width_m:: 0.100000
[component_container_mt-1]                 projective_integrator
[component_container_mt-1]                     lidar_linear_interpolation_max_allowable_difference_vox:: 2.000000
[component_container_mt-1]                     lidar_nearest_interpolation_max_allowable_dist_to_ray_vox:: 0.500000
[component_container_mt-1]                     truncation_distance_vox:: 4.000000
[component_container_mt-1]                     max_integration_distance_m:: 10.000000
[component_container_mt-1]                     view_calculator
[component_container_mt-1]                         raycast_subsampling_factor: 4
[component_container_mt-1]                         workspace_bounds_type: kUnbounded
[component_container_mt-1]                         workspace_bounds_min_height_m: 0.000000
[component_container_mt-1]                         workspace_bounds_max_height_m: 1.000000
[component_container_mt-1]                         workspace_bounds_min_corner_x_m: 0.000000
[component_container_mt-1]                         workspace_bounds_max_corner_x_m: 0.000000
[component_container_mt-1]                         workspace_bounds_min_corner_y_m: 2.000000
[component_container_mt-1]                         workspace_bounds_max_corner_y_m: 2.000000
[component_container_mt-1]             esdf_integrator
[component_container_mt-1]                 max_esdf_distance_m:: 2.000000
[component_container_mt-1]                 max_tsdf_site_distance_vox:: 1.000000
[component_container_mt-1]                 tsdf_min_weight:: 0.000100
[component_container_mt-1]                 occupied_threshold_log_odds:: 0.000000
[component_container_mt-1]                 esdf_slice_min_height:: 0.000000
[component_container_mt-1]                 esdf_slice_max_height:: 1.000000
[component_container_mt-1]                 esdf_slice_height:: 1.000000
[component_container_mt-1]                 slice_height_above_plane_m:: 0.000000
[component_container_mt-1]                 slice_height_thickness_m:: 0.100000
[component_container_mt-1]             mesh_integrator
[component_container_mt-1]                 min_weight:: 0.000100
[component_container_mt-1]                 cutoff_distance_vox:: 5.000000
[component_container_mt-1]                 weld_vertices:: 1
[component_container_mt-1]             occupancy_decay_integrator
[component_container_mt-1]                 free_space_decay_log_odds:: 0.200671
[component_container_mt-1]                 occupied_space_decay_log_odds:: -0.405465
[component_container_mt-1]                 decay_to_log_odds_:: 0.000000
[component_container_mt-1]                 decay_integrator
[component_container_mt-1]                     deallocate_decayed_blocks:: 1
[component_container_mt-1]             tsdf_decay_integrator
[component_container_mt-1]                 decay_factor:: 0.950000
[component_container_mt-1]                 decayed_weight_theshold:: 0.001000
[component_container_mt-1]                 set_free_distance_on_decayed:: 0
[component_container_mt-1]                 free_distance_vox:: 4.000000
[component_container_mt-1]                 decay_integrator
[component_container_mt-1]                     deallocate_decayed_blocks:: 1
[component_container_mt-1]             freespace_integrator
[component_container_mt-1]                 max_tsdf_distance_for_occupancy_m:: 0.150000
[component_container_mt-1]                 max_unobserved_to_keep_consecutive_occupancy_ms:: 200
[component_container_mt-1]                 min_duration_since_occupied_for_freespace_ms:: 1000
[component_container_mt-1]                 min_consecutive_occupancy_duration_for_reset_ms:: 2000
[component_container_mt-1]                 check_neighborhood:: 1
[component_container_mt-1]         image_masker
[component_container_mt-1]             occlusion_threshold_m:: 0.250000
[component_container_mt-1]         ground_plane_estimator
[component_container_mt-1]             ground_points_candidates_min_z_m:: -0.100000
[component_container_mt-1]             ground_points_candidates_max_z_m:: 0.150000
[component_container_mt-1]             ransac_plane_fitter
[component_container_mt-1]                 num_ransac_iterations:: 1000
[component_container_mt-1]                 ransac_distance_threshold_m:: 0.200000
[component_container_mt-1]             tsdf_zero_crossings_extractor
[component_container_mt-1]                 min_tsdf_weight:: 0.100000
[component_container_mt-1]                 max_crossings:: 360000
[component_container_mt-1] 
[component_container_mt-1] [INFO] [1788750230.709279170] [nvblox_node]: 
[component_container_mt-1] Received request for ESDF with:
[component_container_mt-1] update_esdf: 1
[component_container_mt-1] use_aabb: 1
[component_container_mt-1] visualize_esdf: 0
[component_container_mt-1] aabb_min_m: [-1.52, -1.49, 3.20],
[component_container_mt-1] aabb_size_m: [3.00, 3.00, 3.00]
[component_container_mt-1] [INFO] [1788750230.715931342] [nvblox_node]: Successfully wrote requested ESDF to MultiArrayMsg.
[component_container_mt-1] [INFO] [1788750231.008345005] [nvblox_node]: 
[component_container_mt-1] Received request for ESDF with:
[component_container_mt-1] update_esdf: 1
[component_container_mt-1] use_aabb: 1
[component_container_mt-1] visualize_esdf: 0
[component_container_mt-1] aabb_min_m: [-1.52, -1.49, 3.22],
[component_container_mt-1] aabb_size_m: [3.00, 3.00, 3.00]
[component_container_mt-1] [INFO] [1788750231.011721642] [nvblox_node]: Successfully wrote requested ESDF to MultiArrayMsg.
[component_container_mt-1] [INFO] [1788750231.308190497] [nvblox_node]: 
[component_container_mt-1] Received request for ESDF with:
[component_container_mt-1] update_esdf: 1
[component_container_mt-1] use_aabb: 1
[component_container_mt-1] visualize_esdf: 0
[component_container_mt-1] aabb_min_m: [-1.52, -1.49, 3.20],
[component_container_mt-1] aabb_size_m: [3.00, 3.00, 3.00]
[component_container_mt-1] [INFO] [1788750231.311918936] [nvblox_node]: Successfully wrote requested ESDF to MultiArrayMsg.
[component_container_mt-1] [INFO] [1788750231.608642091] [nvblox_node]: 
[component_container_mt-1] Received request for ESDF with:
[component_container_mt-1] update_esdf: 1
[component_container_mt-1] use_aabb: 1
[component_container_mt-1] visualize_esdf: 0
[component_container_mt-1] aabb_min_m: [-1.49, -1.48, 3.18],
[component_container_mt-1] aabb_size_m: [3.00, 3.00, 3.00]
[component_container_mt-1] [INFO] [1788750231.612178358] [nvblox_node]: Successfully wrote requested ESDF to MultiArrayMsg.
[component_container_mt-1] [INFO] [1788750231.908405317] [nvblox_node]: 
[component_container_mt-1] Received request for ESDF with:
[component_container_mt-1] update_esdf: 1
[component_container_mt-1] use_aabb: 1
[component_container_mt-1] visualize_esdf: 0
[component_container_mt-1] aabb_min_m: [-1.44, -1.48, 3.16],
[component_container_mt-1] aabb_size_m: [3.00, 3.00, 3.00]
[component_container_mt-1] [INFO] [1788750231.912400820] [nvblox_node]: Successfully wrote requested ESDF to MultiArrayMsg.
[component_container_mt-1] [INFO] [1788750232.208932385] [nvblox_node]: 
[component_container_mt-1] Received request for ESDF with:
[component_container_mt-1] update_esdf: 1
[component_container_mt-1] use_aabb: 1
[component_container_mt-1] visualize_esdf: 0
[component_container_mt-1] aabb_min_m: [-1.38, -1.46, 3.14],
[component_container_mt-1] aabb_size_m: [3.00, 3.00, 3.00]
[component_container_mt-1] [INFO] [1788750232.210443795] [nvblox_node]: Successfully wrote requested ESDF to MultiArrayMsg.
[component_container_mt-1] [INFO] [1788750232.508506911] [nvblox_node]: 
[component_container_mt-1] Received request for ESDF with:
[component_container_mt-1] update_esdf: 1
[component_container_mt-1] use_aabb: 1
[component_container_mt-1] visualize_esdf: 0
[component_container_mt-1] aabb_min_m: [-1.32, -1.45, 3.12],
[component_container_mt-1] aabb_size_m: [3.00, 3.00, 3.00]
[component_container_mt-1] [INFO] [1788750232.510866871] [nvblox_node]: Successfully wrote requested ESDF to MultiArrayMsg.
[component_container_mt-1] [INFO] [1788750232.808809581] [nvblox_node]: 
[component_container_mt-1] Received request for ESDF with:
[component_container_mt-1] update_esdf: 1
[component_container_mt-1] use_aabb: 1
[component_container_mt-1] visualize_esdf: 0
[component_container_mt-1] aabb_min_m: [-1.26, -1.44, 3.11],
[component_container_mt-1] aabb_size_m: [3.00, 3.00, 3.00]
[component_container_mt-1] [INFO] [1788750232.810889783] [nvblox_node]: Successfully wrote requested ESDF to MultiArrayMsg.
[component_container_mt-1] [INFO] [1788750233.108181071] [nvblox_node]: 
[component_container_mt-1] Received request for ESDF with:
[component_container_mt-1] update_esdf: 1
[component_container_mt-1] use_aabb: 1
[component_container_mt-1] visualize_esdf: 0
[component_container_mt-1] aabb_min_m: [-1.19, -1.43, 3.10],
[component_container_mt-1] aabb_size_m: [3.00, 3.00, 3.00]
[component_container_mt-1] [INFO] [1788750233.111079756] [nvblox_node]: Successfully wrote requested ESDF to MultiArrayMsg.
[component_container_mt-1] [INFO] [1788750233.408228034] [nvblox_node]: 
[component_container_mt-1] Received request for ESDF with:
[component_container_mt-1] update_esdf: 1
[component_container_mt-1] use_aabb: 1
[component_container_mt-1] visualize_esdf: 0
[component_container_mt-1] aabb_min_m: [-1.13, -1.43, 3.09],
[component_container_mt-1] aabb_size_m: [3.00, 3.00, 3.00]
[component_container_mt-1] [INFO] [1788750233.411271212] [nvblox_node]: Successfully wrote requested ESDF to MultiArrayMsg.
[component_container_mt-1] [INFO] [1788750233.708557150] [nvblox_node]: 
[component_container_mt-1] Received request for ESDF with:
[component_container_mt-1] update_esdf: 1
[component_container_mt-1] use_aabb: 1
[component_container_mt-1] visualize_esdf: 0
[component_container_mt-1] aabb_min_m: [-1.06, -1.42, 3.08],
[component_container_mt-1] aabb_size_m: [3.00, 3.00, 3.00]
[component_container_mt-1] [INFO] [1788750233.711557447] [nvblox_node]: Successfully wrote requested ESDF to MultiArrayMsg.
[component_container_mt-1] [INFO] [1788750234.008723449] [nvblox_node]: 
[component_container_mt-1] Received request for ESDF with:
[component_container_mt-1] update_esdf: 1
[component_container_mt-1] use_aabb: 1
[component_container_mt-1] visualize_esdf: 0
[component_container_mt-1] aabb_min_m: [-1.01, -1.42, 3.08],
[component_container_mt-1] aabb_size_m: [3.00, 3.00, 3.00]
[component_container_mt-1] [INFO] [1788750234.011698840] [nvblox_node]: Successfully wrote requested ESDF to MultiArrayMsg.
[component_container_mt-1] [INFO] [1788750234.308339246] [nvblox_node]: 
[component_container_mt-1] Received request for ESDF with:
[component_container_mt-1] update_esdf: 1
[component_container_mt-1] use_aabb: 1
[component_container_mt-1] visualize_esdf: 0
[component_container_mt-1] aabb_min_m: [-0.94, -1.41, 3.07],
[component_container_mt-1] aabb_size_m: [3.00, 3.00, 3.00]
[component_container_mt-1] [INFO] [1788750234.311911622] [nvblox_node]: Successfully wrote requested ESDF to MultiArrayMsg.
[component_container_mt-1] [INFO] [1788750234.608690009] [nvblox_node]: 
[component_container_mt-1] Received request for ESDF with:
[component_container_mt-1] update_esdf: 1
[component_container_mt-1] use_aabb: 1
[component_container_mt-1] visualize_esdf: 0
[component_container_mt-1] aabb_min_m: [-0.89, -1.41, 3.07],
[component_container_mt-1] aabb_size_m: [3.00, 3.00, 3.00]
[component_container_mt-1] [INFO] [1788750234.612127230] [nvblox_node]: Successfully wrote requested ESDF to MultiArrayMsg.
[component_container_mt-1] [INFO] [1788750234.908497898] [nvblox_node]: 
[component_container_mt-1] Received request for ESDF with:
[component_container_mt-1] update_esdf: 1
[component_container_mt-1] use_aabb: 1
[component_container_mt-1] visualize_esdf: 0
[component_container_mt-1] aabb_min_m: [-0.83, -1.41, 3.07],
[component_container_mt-1] aabb_size_m: [3.00, 3.00, 3.00]
[component_container_mt-1] [INFO] [1788750234.912436445] [nvblox_node]: Successfully wrote requested ESDF to MultiArrayMsg.
[component_container_mt-1] [INFO] [1788750235.208902664] [nvblox_node]: 
[component_container_mt-1] Received request for ESDF with:
[component_container_mt-1] update_esdf: 1
[component_container_mt-1] use_aabb: 1
[component_container_mt-1] visualize_esdf: 0
[component_container_mt-1] aabb_min_m: [-0.77, -1.41, 3.07],
[component_container_mt-1] aabb_size_m: [3.00, 3.00, 3.00]
[component_container_mt-1] [INFO] [1788750235.212187628] [nvblox_node]: Successfully wrote requested ESDF to MultiArrayMsg.
[component_container_mt-1] [INFO] [1788750235.508648171] [nvblox_node]: 
[component_container_mt-1] Received request for ESDF with:
[component_container_mt-1] update_esdf: 1
[component_container_mt-1] use_aabb: 1
[component_container_mt-1] visualize_esdf: 0
[component_container_mt-1] aabb_min_m: [-0.72, -1.41, 3.07],
[component_container_mt-1] aabb_size_m: [3.00, 3.00, 3.00]
[component_container_mt-1] [INFO] [1788750235.512403102] [nvblox_node]: Successfully wrote requested ESDF to MultiArrayMsg.
[component_container_mt-1] [INFO] [1788750235.808472237] [nvblox_node]: 
[component_container_mt-1] Received request for ESDF with:
[component_container_mt-1] update_esdf: 1
[component_container_mt-1] use_aabb: 1
[component_container_mt-1] visualize_esdf: 0
[component_container_mt-1] aabb_min_m: [-0.65, -1.41, 3.07],
[component_container_mt-1] aabb_size_m: [3.00, 3.00, 3.00]
[component_container_mt-1] [INFO] [1788750235.811007989] [nvblox_node]: Successfully wrote requested ESDF to MultiArrayMsg.
[component_container_mt-1] [INFO] [1788750236.108189307] [nvblox_node]: 
[component_container_mt-1] Received request for ESDF with:
[component_container_mt-1] update_esdf: 1
[component_container_mt-1] use_aabb: 1
[component_container_mt-1] visualize_esdf: 0
[component_container_mt-1] aabb_min_m: [-0.59, -1.41, 3.07],
[component_container_mt-1] aabb_size_m: [3.00, 3.00, 3.00]
[component_container_mt-1] [INFO] [1788750236.110707285] [nvblox_node]: Successfully wrote requested ESDF to MultiArrayMsg.
[component_container_mt-1] [INFO] [1788750236.408370532] [nvblox_node]: 
[component_container_mt-1] Received request for ESDF with:
[component_container_mt-1] update_esdf: 1
[component_container_mt-1] use_aabb: 1
[component_container_mt-1] visualize_esdf: 0
[component_container_mt-1] aabb_min_m: [-0.53, -1.41, 3.07],
[component_container_mt-1] aabb_size_m: [3.00, 3.00, 3.00]
[component_container_mt-1] [INFO] [1788750236.410928827] [nvblox_node]: Successfully wrote requested ESDF to MultiArrayMsg.
[component_container_mt-1] [INFO] [1788750236.708248246] [nvblox_node]: 
[component_container_mt-1] Received request for ESDF with:
[component_container_mt-1] update_esdf: 1
[component_container_mt-1] use_aabb: 1
[component_container_mt-1] visualize_esdf: 0
[component_container_mt-1] aabb_min_m: [-0.46, -1.41, 3.07],
[component_container_mt-1] aabb_size_m: [3.00, 3.00, 3.00]
[component_container_mt-1] [INFO] [1788750236.711203087] [nvblox_node]: Successfully wrote requested ESDF to MultiArrayMsg.
[component_container_mt-1] [INFO] [1788750237.008324443] [nvblox_node]: 
[component_container_mt-1] Received request for ESDF with:
[component_container_mt-1] update_esdf: 1
[component_container_mt-1] use_aabb: 1
[component_container_mt-1] visualize_esdf: 0
[component_container_mt-1] aabb_min_m: [-0.40, -1.41, 3.07],
[component_container_mt-1] aabb_size_m: [3.00, 3.00, 3.00]
[component_container_mt-1] [INFO] [1788750237.011359717] [nvblox_node]: Successfully wrote requested ESDF to MultiArrayMsg.
[component_container_mt-1] [INFO] [1788750237.308217030] [nvblox_node]: 
[component_container_mt-1] Received request for ESDF with:
[component_container_mt-1] update_esdf: 1
[component_container_mt-1] use_aabb: 1
[component_container_mt-1] visualize_esdf: 0
[component_container_mt-1] aabb_min_m: [-0.33, -1.41, 3.08],
[component_container_mt-1] aabb_size_m: [3.00, 3.00, 3.00]
[component_container_mt-1] [INFO] [1788750237.311541139] [nvblox_node]: Successfully wrote requested ESDF to MultiArrayMsg.
[component_container_mt-1] [INFO] [1788750237.608462263] [nvblox_node]: 
[component_container_mt-1] Received request for ESDF with:
[component_container_mt-1] update_esdf: 1
[component_container_mt-1] use_aabb: 1
[component_container_mt-1] visualize_esdf: 0
[component_container_mt-1] aabb_min_m: [-0.27, -1.41, 3.08],
[component_container_mt-1] aabb_size_m: [3.00, 3.00, 3.00]
[component_container_mt-1] [INFO] [1788750237.611790910] [nvblox_node]: Successfully wrote requested ESDF to MultiArrayMsg.
[component_container_mt-1] [INFO] [1788750237.908201551] [nvblox_node]: 
[component_container_mt-1] Received request for ESDF with:
[component_container_mt-1] update_esdf: 1
[component_container_mt-1] use_aabb: 1
[component_container_mt-1] visualize_esdf: 0
[component_container_mt-1] aabb_min_m: [-0.21, -1.41, 3.08],
[component_container_mt-1] aabb_size_m: [3.00, 3.00, 3.00]
[component_container_mt-1] [INFO] [1788750237.912000034] [nvblox_node]: Successfully wrote requested ESDF to MultiArrayMsg.
[component_container_mt-1] [INFO] [1788750238.208656159] [nvblox_node]: 
[component_container_mt-1] Received request for ESDF with:
[component_container_mt-1] update_esdf: 1
[component_container_mt-1] use_aabb: 1
[component_container_mt-1] visualize_esdf: 0
[component_container_mt-1] aabb_min_m: [-0.14, -1.41, 3.09],
[component_container_mt-1] aabb_size_m: [3.00, 3.00, 3.00]
[component_container_mt-1] [INFO] [1788750238.212179273] [nvblox_node]: Successfully wrote requested ESDF to MultiArrayMsg.
[component_container_mt-1] [INFO] [1788750238.508212999] [nvblox_node]: 
[component_container_mt-1] Received request for ESDF with:
[component_container_mt-1] update_esdf: 1
[component_container_mt-1] use_aabb: 1
[component_container_mt-1] visualize_esdf: 0
[component_container_mt-1] aabb_min_m: [-0.08, -1.42, 3.10],
[component_container_mt-1] aabb_size_m: [3.00, 3.00, 3.00]
[component_container_mt-1] [INFO] [1788750238.512387832] [nvblox_node]: Successfully wrote requested ESDF to MultiArrayMsg.
[component_container_mt-1] [INFO] [1788750238.808520175] [nvblox_node]: 
[component_container_mt-1] Received request for ESDF with:
[component_container_mt-1] update_esdf: 1
[component_container_mt-1] use_aabb: 1
[component_container_mt-1] visualize_esdf: 0
[component_container_mt-1] aabb_min_m: [-0.01, -1.42, 3.11],
[component_container_mt-1] aabb_size_m: [3.00, 3.00, 3.00]
[component_container_mt-1] [INFO] [1788750238.810489909] [nvblox_node]: Successfully wrote requested ESDF to MultiArrayMsg.
[component_container_mt-1] [INFO] [1788750239.108299771] [nvblox_node]: 
[component_container_mt-1] Received request for ESDF with:
[component_container_mt-1] update_esdf: 1
[component_container_mt-1] use_aabb: 1
[component_container_mt-1] visualize_esdf: 0
[component_container_mt-1] aabb_min_m: [0.06, -1.42, 3.11],
[component_container_mt-1] aabb_size_m: [3.00, 3.00, 3.00]
[component_container_mt-1] [INFO] [1788750239.110948686] [nvblox_node]: Successfully wrote requested ESDF to MultiArrayMsg.
[component_container_mt-1] [INFO] [1788750239.408348344] [nvblox_node]: 
[component_container_mt-1] Received request for ESDF with:
[component_container_mt-1] update_esdf: 1
[component_container_mt-1] use_aabb: 1
[component_container_mt-1] visualize_esdf: 0
[component_container_mt-1] aabb_min_m: [0.12, -1.42, 3.12],
[component_container_mt-1] aabb_size_m: [3.00, 3.00, 3.00]
[component_container_mt-1] [INFO] [1788750239.410922939] [nvblox_node]: Successfully wrote requested ESDF to MultiArrayMsg.
[component_container_mt-1] [INFO] [1788750239.708499341] [nvblox_node]: 
[component_container_mt-1] Received request for ESDF with:
[component_container_mt-1] update_esdf: 1
[component_container_mt-1] use_aabb: 1
[component_container_mt-1] visualize_esdf: 0
[component_container_mt-1] aabb_min_m: [0.18, -1.42, 3.12],
[component_container_mt-1] aabb_size_m: [3.00, 3.00, 3.00]
[component_container_mt-1] [INFO] [1788750239.711161081] [nvblox_node]: Successfully wrote requested ESDF to MultiArrayMsg.
[component_container_mt-1] [INFO] [1788750240.008519060] [nvblox_node]: 
[component_container_mt-1] Received request for ESDF with:
[component_container_mt-1] update_esdf: 1
[component_container_mt-1] use_aabb: 1
[component_container_mt-1] visualize_esdf: 0
[component_container_mt-1] aabb_min_m: [0.25, -1.42, 3.13],
[component_container_mt-1] aabb_size_m: [3.00, 3.00, 3.00]
[component_container_mt-1] [INFO] [1788750240.011353045] [nvblox_node]: Successfully wrote requested ESDF to MultiArrayMsg.
[component_container_mt-1] [INFO] [1788750240.308300115] [nvblox_node]: 
[component_container_mt-1] Received request for ESDF with:
[component_container_mt-1] update_esdf: 1
[component_container_mt-1] use_aabb: 1
[component_container_mt-1] visualize_esdf: 0
[component_container_mt-1] aabb_min_m: [0.31, -1.41, 3.13],
[component_container_mt-1] aabb_size_m: [3.00, 3.00, 3.00]
[component_container_mt-1] [INFO] [1788750240.311576835] [nvblox_node]: Successfully wrote requested ESDF to MultiArrayMsg.
[component_container_mt-1] [INFO] [1788750240.608633292] [nvblox_node]: 
[component_container_mt-1] Received request for ESDF with:
[component_container_mt-1] update_esdf: 1
[component_container_mt-1] use_aabb: 1
[component_container_mt-1] visualize_esdf: 0
[component_container_mt-1] aabb_min_m: [0.37, -1.41, 3.13],
[component_container_mt-1] aabb_size_m: [3.00, 3.00, 3.00]
[component_container_mt-1] [INFO] [1788750240.611785597] [nvblox_node]: Successfully wrote requested ESDF to MultiArrayMsg.
[component_container_mt-1] [INFO] [1788750240.908226282] [nvblox_node]: 
[component_container_mt-1] Received request for ESDF with:
[component_container_mt-1] update_esdf: 1
[component_container_mt-1] use_aabb: 1
[component_container_mt-1] visualize_esdf: 0
[component_container_mt-1] aabb_min_m: [0.44, -1.41, 3.14],
[component_container_mt-1] aabb_size_m: [3.00, 3.00, 3.00]
[component_container_mt-1] [INFO] [1788750240.911984450] [nvblox_node]: Successfully wrote requested ESDF to MultiArrayMsg.
[component_container_mt-1] [INFO] [1788750241.208849687] [nvblox_node]: 
[component_container_mt-1] Received request for ESDF with:
[component_container_mt-1] update_esdf: 1
[component_container_mt-1] use_aabb: 1
[component_container_mt-1] visualize_esdf: 0
[component_container_mt-1] aabb_min_m: [0.50, -1.41, 3.15],
[component_container_mt-1] aabb_size_m: [3.00, 3.00, 3.00]
[component_container_mt-1] [INFO] [1788750241.212171542] [nvblox_node]: Successfully wrote requested ESDF to MultiArrayMsg.
[component_container_mt-1] [INFO] [1788750241.508519237] [nvblox_node]: 
[component_container_mt-1] Received request for ESDF with:
[component_container_mt-1] update_esdf: 1
[component_container_mt-1] use_aabb: 1
[component_container_mt-1] visualize_esdf: 0
[component_container_mt-1] aabb_min_m: [0.26, -1.24, 3.13],
[component_container_mt-1] aabb_size_m: [3.00, 3.00, 3.00]
[component_container_mt-1] [INFO] [1788750241.512413893] [nvblox_node]: Successfully wrote requested ESDF to MultiArrayMsg.
[component_container_mt-1] [INFO] [1788750241.808243892] [nvblox_node]: 
[component_container_mt-1] Received request for ESDF with:
[component_container_mt-1] update_esdf: 1
[component_container_mt-1] use_aabb: 1
[component_container_mt-1] visualize_esdf: 0
[component_container_mt-1] aabb_min_m: [0.07, -1.12, 3.16],
[component_container_mt-1] aabb_size_m: [3.00, 3.00, 3.00]
[component_container_mt-1] [INFO] [1788750241.812588636] [nvblox_node]: Successfully wrote requested ESDF to MultiArrayMsg.
[component_container_mt-1] [INFO] [1788750242.108116492] [nvblox_node]: 
[component_container_mt-1] Received request for ESDF with:
[component_container_mt-1] update_esdf: 1
[component_container_mt-1] use_aabb: 1
[component_container_mt-1] visualize_esdf: 0
[component_container_mt-1] aabb_min_m: [0.01, -1.08, 3.16],
[component_container_mt-1] aabb_size_m: [3.00, 3.00, 3.00]
[component_container_mt-1] [INFO] [1788750242.110719010] [nvblox_node]: Successfully wrote requested ESDF to MultiArrayMsg.
[component_container_mt-1] [INFO] [1788750242.408626573] [nvblox_node]: 
[component_container_mt-1] Received request for ESDF with:
[component_container_mt-1] update_esdf: 1
[component_container_mt-1] use_aabb: 1
[component_container_mt-1] visualize_esdf: 0
[component_container_mt-1] aabb_min_m: [0.05, -1.09, 3.16],
[component_container_mt-1] aabb_size_m: [3.00, 3.00, 3.00]
[component_container_mt-1] [INFO] [1788750242.410943563] [nvblox_node]: Successfully wrote requested ESDF to MultiArrayMsg.
[component_container_mt-1] [INFO] [1788750242.708468455] [nvblox_node]: 
[component_container_mt-1] Received request for ESDF with:
[component_container_mt-1] update_esdf: 1
[component_container_mt-1] use_aabb: 1
[component_container_mt-1] visualize_esdf: 0
[component_container_mt-1] aabb_min_m: [0.15, -1.11, 3.16],
[component_container_mt-1] aabb_size_m: [3.00, 3.00, 3.00]
[component_container_mt-1] [INFO] [1788750242.711134123] [nvblox_node]: Successfully wrote requested ESDF to MultiArrayMsg.
[component_container_mt-1] [INFO] [1788750243.008684854] [nvblox_node]: 
[component_container_mt-1] Received request for ESDF with:
[component_container_mt-1] update_esdf: 1
[component_container_mt-1] use_aabb: 1
[component_container_mt-1] visualize_esdf: 0
[component_container_mt-1] aabb_min_m: [0.25, -1.14, 3.17],
[component_container_mt-1] aabb_size_m: [3.00, 3.00, 3.00]
[component_container_mt-1] [INFO] [1788750243.011365129] [nvblox_node]: Successfully wrote requested ESDF to MultiArrayMsg.
[component_container_mt-1] [INFO] [1788750243.308439186] [nvblox_node]: 
[component_container_mt-1] Received request for ESDF with:
[component_container_mt-1] update_esdf: 1
[component_container_mt-1] use_aabb: 1
[component_container_mt-1] visualize_esdf: 0
[component_container_mt-1] aabb_min_m: [0.36, -1.16, 3.18],
[component_container_mt-1] aabb_size_m: [3.00, 3.00, 3.00]
[component_container_mt-1] [INFO] [1788750243.311545505] [nvblox_node]: Successfully wrote requested ESDF to MultiArrayMsg.
[component_container_mt-1] [INFO] [1788750243.608201133] [nvblox_node]: 
[component_container_mt-1] Received request for ESDF with:
[component_container_mt-1] update_esdf: 1
[component_container_mt-1] use_aabb: 1
[component_container_mt-1] visualize_esdf: 0
[component_container_mt-1] aabb_min_m: [0.46, -1.18, 3.18],
[component_container_mt-1] aabb_size_m: [3.00, 3.00, 3.00]
[component_container_mt-1] [INFO] [1788750243.611752681] [nvblox_node]: Successfully wrote requested ESDF to MultiArrayMsg.
[component_container_mt-1] [INFO] [1788750243.908488972] [nvblox_node]: 
[component_container_mt-1] Received request for ESDF with:
[component_container_mt-1] update_esdf: 1
[component_container_mt-1] use_aabb: 1
[component_container_mt-1] visualize_esdf: 0
[component_container_mt-1] aabb_min_m: [0.54, -1.18, 3.18],
[component_container_mt-1] aabb_size_m: [3.00, 3.00, 3.00]
[component_container_mt-1] [INFO] [1788750243.911967823] [nvblox_node]: Successfully wrote requested ESDF to MultiArrayMsg.
[component_container_mt-1] [INFO] [1788750244.208719704] [nvblox_node]: 
[component_container_mt-1] Received request for ESDF with:
[component_container_mt-1] update_esdf: 1
[component_container_mt-1] use_aabb: 1
[component_container_mt-1] visualize_esdf: 0
[component_container_mt-1] aabb_min_m: [0.21, -0.97, 3.16],
[component_container_mt-1] aabb_size_m: [3.00, 3.00, 3.00]
[component_container_mt-1] [INFO] [1788750244.212180601] [nvblox_node]: Successfully wrote requested ESDF to MultiArrayMsg.
[component_container_mt-1] [INFO] [1788750244.508356400] [nvblox_node]: 
[component_container_mt-1] Received request for ESDF with:
[component_container_mt-1] update_esdf: 1
[component_container_mt-1] use_aabb: 1
[component_container_mt-1] visualize_esdf: 0
[component_container_mt-1] aabb_min_m: [-0.02, -0.82, 3.20],
[component_container_mt-1] aabb_size_m: [3.00, 3.00, 3.00]
[component_container_mt-1] [INFO] [1788750244.512385940] [nvblox_node]: Successfully wrote requested ESDF to MultiArrayMsg.
[component_container_mt-1] [INFO] [1788750244.808136367] [nvblox_node]: 
[component_container_mt-1] Received request for ESDF with:
[component_container_mt-1] update_esdf: 1
[component_container_mt-1] use_aabb: 1
[component_container_mt-1] visualize_esdf: 0
[component_container_mt-1] aabb_min_m: [-0.12, -0.76, 3.21],
[component_container_mt-1] aabb_size_m: [3.00, 3.00, 3.00]
[component_container_mt-1] [INFO] [1788750244.812589997] [nvblox_node]: Successfully wrote requested ESDF to MultiArrayMsg.
[component_container_mt-1] [INFO] [1788750245.108309721] [nvblox_node]: 
[component_container_mt-1] Received request for ESDF with:
[component_container_mt-1] update_esdf: 1
[component_container_mt-1] use_aabb: 1
[component_container_mt-1] visualize_esdf: 0
[component_container_mt-1] aabb_min_m: [-0.10, -0.75, 3.21],
[component_container_mt-1] aabb_size_m: [3.00, 3.00, 3.00]
[component_container_mt-1] [INFO] [1788750245.110692445] [nvblox_node]: Successfully wrote requested ESDF to MultiArrayMsg.
[component_container_mt-1] [INFO] [1788750245.408556735] [nvblox_node]: 
[component_container_mt-1] Received request for ESDF with:
[component_container_mt-1] update_esdf: 1
[component_container_mt-1] use_aabb: 1
[component_container_mt-1] visualize_esdf: 0
[component_container_mt-1] aabb_min_m: [-0.01, -0.77, 3.21],
[component_container_mt-1] aabb_size_m: [3.00, 3.00, 3.00]
[component_container_mt-1] [INFO] [1788750245.411018769] [nvblox_node]: Successfully wrote requested ESDF to MultiArrayMsg.
[component_container_mt-1] [INFO] [1788750245.708192736] [nvblox_node]: 
[component_container_mt-1] Received request for ESDF with:
[component_container_mt-1] update_esdf: 1
[component_container_mt-1] use_aabb: 1
[component_container_mt-1] visualize_esdf: 0
[component_container_mt-1] aabb_min_m: [0.08, -0.79, 3.21],
[component_container_mt-1] aabb_size_m: [3.00, 3.00, 3.00]
[component_container_mt-1] [INFO] [1788750245.711118394] [nvblox_node]: Successfully wrote requested ESDF to MultiArrayMsg.
[component_container_mt-1] [INFO] [1788750246.008595203] [nvblox_node]: 
[component_container_mt-1] Received request for ESDF with:
[component_container_mt-1] update_esdf: 1
[component_container_mt-1] use_aabb: 1
[component_container_mt-1] visualize_esdf: 0
[component_container_mt-1] aabb_min_m: [0.17, -0.81, 3.21],
[component_container_mt-1] aabb_size_m: [3.00, 3.00, 3.00]
[component_container_mt-1] [INFO] [1788750246.011351793] [nvblox_node]: Successfully wrote requested ESDF to MultiArrayMsg.
[component_container_mt-1] [INFO] [1788750246.308505988] [nvblox_node]: 
[component_container_mt-1] Received request for ESDF with:
[component_container_mt-1] update_esdf: 1
[component_container_mt-1] use_aabb: 1
[component_container_mt-1] visualize_esdf: 0
[component_container_mt-1] aabb_min_m: [0.25, -0.82, 3.21],
[component_container_mt-1] aabb_size_m: [3.00, 3.00, 3.00]
[component_container_mt-1] [INFO] [1788750246.311526927] [nvblox_node]: Successfully wrote requested ESDF to MultiArrayMsg.
[component_container_mt-1] [INFO] [1788750246.608571856] [nvblox_node]: 
[component_container_mt-1] Received request for ESDF with:
[component_container_mt-1] update_esdf: 1
[component_container_mt-1] use_aabb: 1
[component_container_mt-1] visualize_esdf: 0
[component_container_mt-1] aabb_min_m: [0.32, -0.83, 3.21],
[component_container_mt-1] aabb_size_m: [3.00, 3.00, 3.00]
[component_container_mt-1] [INFO] [1788750246.611770730] [nvblox_node]: Successfully wrote requested ESDF to MultiArrayMsg.
[component_container_mt-1] [INFO] [1788750246.908370800] [nvblox_node]: 
[component_container_mt-1] Received request for ESDF with:
[component_container_mt-1] update_esdf: 1
[component_container_mt-1] use_aabb: 1
[component_container_mt-1] visualize_esdf: 0
[component_container_mt-1] aabb_min_m: [0.39, -0.84, 3.21],
[component_container_mt-1] aabb_size_m: [3.00, 3.00, 3.00]
[component_container_mt-1] [INFO] [1788750246.911944992] [nvblox_node]: Successfully wrote requested ESDF to MultiArrayMsg.
[component_container_mt-1] [INFO] [1788750247.208571854] [nvblox_node]: 
[component_container_mt-1] Received request for ESDF with:
[component_container_mt-1] update_esdf: 1
[component_container_mt-1] use_aabb: 1
[component_container_mt-1] visualize_esdf: 0
[component_container_mt-1] aabb_min_m: [0.47, -0.84, 3.21],
[component_container_mt-1] aabb_size_m: [3.00, 3.00, 3.00]
[component_container_mt-1] [INFO] [1788750247.212156966] [nvblox_node]: Successfully wrote requested ESDF to MultiArrayMsg.
[component_container_mt-1] [INFO] [1788750247.508325929] [nvblox_node]: 
[component_container_mt-1] Received request for ESDF with:
[component_container_mt-1] update_esdf: 1
[component_container_mt-1] use_aabb: 1
[component_container_mt-1] visualize_esdf: 0
[component_container_mt-1] aabb_min_m: [0.54, -0.85, 3.21],
[component_container_mt-1] aabb_size_m: [3.00, 3.00, 3.00]
[component_container_mt-1] [INFO] [1788750247.512389234] [nvblox_node]: Successfully wrote requested ESDF to MultiArrayMsg.
[component_container_mt-1] [INFO] [1788750247.808314747] [nvblox_node]: 
[component_container_mt-1] Received request for ESDF with:
[component_container_mt-1] update_esdf: 1
[component_container_mt-1] use_aabb: 1
[component_container_mt-1] visualize_esdf: 0
[component_container_mt-1] aabb_min_m: [0.62, -0.86, 3.21],
[component_container_mt-1] aabb_size_m: [3.00, 3.00, 3.00]
[component_container_mt-1] [INFO] [1788750247.812605150] [nvblox_node]: Successfully wrote requested ESDF to MultiArrayMsg.
[component_container_mt-1] [INFO] [1788750248.108596684] [nvblox_node]: 
[component_container_mt-1] Received request for ESDF with:
[component_container_mt-1] update_esdf: 1
[component_container_mt-1] use_aabb: 1
[component_container_mt-1] visualize_esdf: 0
[component_container_mt-1] aabb_min_m: [0.70, -0.87, 3.21],
[component_container_mt-1] aabb_size_m: [3.00, 3.00, 3.00]
[component_container_mt-1] [INFO] [1788750248.110712225] [nvblox_node]: Successfully wrote requested ESDF to MultiArrayMsg.
[component_container_mt-1] [INFO] [1788750248.408219828] [nvblox_node]: 
[component_container_mt-1] Received request for ESDF with:
[component_container_mt-1] update_esdf: 1
[component_container_mt-1] use_aabb: 1
[component_container_mt-1] visualize_esdf: 0
[component_container_mt-1] aabb_min_m: [0.78, -0.89, 3.21],
[component_container_mt-1] aabb_size_m: [3.00, 3.00, 3.00]
[component_container_mt-1] [INFO] [1788750248.410897219] [nvblox_node]: Successfully wrote requested ESDF to MultiArrayMsg.
[component_container_mt-1] [INFO] [1788750248.708576195] [nvblox_node]: 
[component_container_mt-1] Received request for ESDF with:
[component_container_mt-1] update_esdf: 1
[component_container_mt-1] use_aabb: 1
[component_container_mt-1] visualize_esdf: 0
[component_container_mt-1] aabb_min_m: [0.87, -0.91, 3.21],
[component_container_mt-1] aabb_size_m: [3.00, 3.00, 3.00]
[component_container_mt-1] [INFO] [1788750248.711121196] [nvblox_node]: Successfully wrote requested ESDF to MultiArrayMsg.
[component_container_mt-1] [INFO] [1788750249.008429354] [nvblox_node]: 
[component_container_mt-1] Received request for ESDF with:
[component_container_mt-1] update_esdf: 1
[component_container_mt-1] use_aabb: 1
[component_container_mt-1] visualize_esdf: 0
[component_container_mt-1] aabb_min_m: [0.95, -0.93, 3.22],
[component_container_mt-1] aabb_size_m: [3.00, 3.00, 3.00]
[component_container_mt-1] [INFO] [1788750249.011305449] [nvblox_node]: Successfully wrote requested ESDF to MultiArrayMsg.
[component_container_mt-1] [INFO] [1788750249.308540755] [nvblox_node]: 
[component_container_mt-1] Received request for ESDF with:
[component_container_mt-1] update_esdf: 1
[component_container_mt-1] use_aabb: 1
[component_container_mt-1] visualize_esdf: 0
[component_container_mt-1] aabb_min_m: [1.03, -0.94, 3.22],
[component_container_mt-1] aabb_size_m: [3.00, 3.00, 3.00]
[component_container_mt-1] [INFO] [1788750249.311547717] [nvblox_node]: Successfully wrote requested ESDF to MultiArrayMsg.
[component_container_mt-1] [INFO] [1788750249.608379671] [nvblox_node]: 
[component_container_mt-1] Received request for ESDF with:
[component_container_mt-1] update_esdf: 1
[component_container_mt-1] use_aabb: 1
[component_container_mt-1] visualize_esdf: 0
[component_container_mt-1] aabb_min_m: [1.12, -0.96, 3.22],
[component_container_mt-1] aabb_size_m: [3.00, 3.00, 3.00]
[component_container_mt-1] [INFO] [1788750249.611731344] [nvblox_node]: Successfully wrote requested ESDF to MultiArrayMsg.
[component_container_mt-1] [INFO] [1788750249.908284803] [nvblox_node]: 
[component_container_mt-1] Received request for ESDF with:
[component_container_mt-1] update_esdf: 1
[component_container_mt-1] use_aabb: 1
[component_container_mt-1] visualize_esdf: 0
[component_container_mt-1] aabb_min_m: [1.19, -0.97, 3.23],
[component_container_mt-1] aabb_size_m: [3.00, 3.00, 3.00]
[component_container_mt-1] [INFO] [1788750249.911993329] [nvblox_node]: Successfully wrote requested ESDF to MultiArrayMsg.
[component_container_mt-1] [INFO] [1788750250.208602454] [nvblox_node]: 
[component_container_mt-1] Received request for ESDF with:
[component_container_mt-1] update_esdf: 1
[component_container_mt-1] use_aabb: 1
[component_container_mt-1] visualize_esdf: 0
[component_container_mt-1] aabb_min_m: [1.69, -0.88, 3.12],
[component_container_mt-1] aabb_size_m: [3.00, 3.00, 3.00]
[component_container_mt-1] [INFO] [1788750250.212177528] [nvblox_node]: Successfully wrote requested ESDF to MultiArrayMsg.
[component_container_mt-1] [INFO] [1788750250.508294871] [nvblox_node]: 
[component_container_mt-1] Received request for ESDF with:
[component_container_mt-1] update_esdf: 1
[component_container_mt-1] use_aabb: 1
[component_container_mt-1] visualize_esdf: 0
[component_container_mt-1] aabb_min_m: [2.46, -0.47, 2.87],
[component_container_mt-1] aabb_size_m: [3.00, 3.00, 3.00]
[component_container_mt-1] [INFO] [1788750250.512375228] [nvblox_node]: Successfully wrote requested ESDF to MultiArrayMsg.
[component_container_mt-1] [INFO] [1788750250.808525442] [nvblox_node]: 
[component_container_mt-1] Received request for ESDF with:
[component_container_mt-1] update_esdf: 1
[component_container_mt-1] use_aabb: 1
[component_container_mt-1] visualize_esdf: 0
[component_container_mt-1] aabb_min_m: [3.23, 0.10, 2.67],
[component_container_mt-1] aabb_size_m: [3.00, 3.00, 3.00]
[component_container_mt-1] [INFO] [1788750250.812615297] [nvblox_node]: Successfully wrote requested ESDF to MultiArrayMsg.
[component_container_mt-1] [INFO] [1788750251.108614382] [nvblox_node]: 
[component_container_mt-1] Received request for ESDF with:
[component_container_mt-1] update_esdf: 1
[component_container_mt-1] use_aabb: 1
[component_container_mt-1] visualize_esdf: 0
[component_container_mt-1] aabb_min_m: [3.92, 0.62, 2.57],
[component_container_mt-1] aabb_size_m: [3.00, 3.00, 3.00]
[component_container_mt-1] [INFO] [1788750251.110691470] [nvblox_node]: Successfully wrote requested ESDF to MultiArrayMsg.
[component_container_mt-1] [INFO] [1788750251.408342331] [nvblox_node]: 
[component_container_mt-1] Received request for ESDF with:
[component_container_mt-1] update_esdf: 1
[component_container_mt-1] use_aabb: 1
[component_container_mt-1] visualize_esdf: 0
[component_container_mt-1] aabb_min_m: [4.58, 1.07, 2.53],
[component_container_mt-1] aabb_size_m: [3.00, 3.00, 3.00]
[component_container_mt-1] [INFO] [1788750251.410877533] [nvblox_node]: Successfully wrote requested ESDF to MultiArrayMsg.
[component_container_mt-1] [INFO] [1788750251.708247975] [nvblox_node]: 
[component_container_mt-1] Received request for ESDF with:
[component_container_mt-1] update_esdf: 1
[component_container_mt-1] use_aabb: 1
[component_container_mt-1] visualize_esdf: 0
[component_container_mt-1] aabb_min_m: [5.03, 1.31, 2.54],
[component_container_mt-1] aabb_size_m: [3.00, 3.00, 3.00]
[component_container_mt-1] [INFO] [1788750251.711143417] [nvblox_node]: Successfully wrote requested ESDF to MultiArrayMsg.
[component_container_mt-1] [INFO] [1788750252.008436603] [nvblox_node]: 
[component_container_mt-1] Received request for ESDF with:
[component_container_mt-1] update_esdf: 1
[component_container_mt-1] use_aabb: 1
[component_container_mt-1] visualize_esdf: 0
[component_container_mt-1] aabb_min_m: [5.33, 1.41, 2.51],
[component_container_mt-1] aabb_size_m: [3.00, 3.00, 3.00]
[component_container_mt-1] [INFO] [1788750252.011329661] [nvblox_node]: Successfully wrote requested ESDF to MultiArrayMsg.
[component_container_mt-1] [INFO] [1788750252.308363042] [nvblox_node]: 
[component_container_mt-1] Received request for ESDF with:
[component_container_mt-1] update_esdf: 1
[component_container_mt-1] use_aabb: 1
[component_container_mt-1] visualize_esdf: 0
[component_container_mt-1] aabb_min_m: [5.47, 1.45, 2.46],
[component_container_mt-1] aabb_size_m: [3.00, 3.00, 3.00]
[component_container_mt-1] [INFO] [1788750252.311524577] [nvblox_node]: Successfully wrote requested ESDF to MultiArrayMsg.
[component_container_mt-1] [INFO] [1788750252.608297286] [nvblox_node]: 
[component_container_mt-1] Received request for ESDF with:
[component_container_mt-1] update_esdf: 1
[component_container_mt-1] use_aabb: 1
[component_container_mt-1] visualize_esdf: 0
[component_container_mt-1] aabb_min_m: [5.53, 1.47, 2.41],
[component_container_mt-1] aabb_size_m: [3.00, 3.00, 3.00]
[component_container_mt-1] [INFO] [1788750252.611712299] [nvblox_node]: Successfully wrote requested ESDF to MultiArrayMsg.
[component_container_mt-1] [INFO] [1788750252.908341798] [nvblox_node]: 
[component_container_mt-1] Received request for ESDF with:
[component_container_mt-1] update_esdf: 1
[component_container_mt-1] use_aabb: 1
[component_container_mt-1] visualize_esdf: 0
[component_container_mt-1] aabb_min_m: [5.55, 1.50, 2.38],
[component_container_mt-1] aabb_size_m: [3.00, 3.00, 3.00]
[component_container_mt-1] [INFO] [1788750252.911923575] [nvblox_node]: Successfully wrote requested ESDF to MultiArrayMsg.
[component_container_mt-1] [INFO] [1788750253.208747041] [nvblox_node]: 
[component_container_mt-1] Received request for ESDF with:
[component_container_mt-1] update_esdf: 1
[component_container_mt-1] use_aabb: 1
[component_container_mt-1] visualize_esdf: 0
[component_container_mt-1] aabb_min_m: [5.58, 1.50, 2.38],
[component_container_mt-1] aabb_size_m: [3.00, 3.00, 3.00]
[component_container_mt-1] [INFO] [1788750253.212160891] [nvblox_node]: Successfully wrote requested ESDF to MultiArrayMsg.
[component_container_mt-1] [INFO] [1788750253.508551676] [nvblox_node]: 
[component_container_mt-1] Received request for ESDF with:
[component_container_mt-1] update_esdf: 1
[component_container_mt-1] use_aabb: 1
[component_container_mt-1] visualize_esdf: 0
[component_container_mt-1] aabb_min_m: [5.62, 1.47, 2.43],
[component_container_mt-1] aabb_size_m: [3.00, 3.00, 3.00]
[component_container_mt-1] [INFO] [1788750253.512450702] [nvblox_node]: Successfully wrote requested ESDF to MultiArrayMsg.
[component_container_mt-1] [INFO] [1788750253.808425772] [nvblox_node]: 
[component_container_mt-1] Received request for ESDF with:
[component_container_mt-1] update_esdf: 1
[component_container_mt-1] use_aabb: 1
[component_container_mt-1] visualize_esdf: 0
[component_container_mt-1] aabb_min_m: [5.67, 1.42, 2.49],
[component_container_mt-1] aabb_size_m: [3.00, 3.00, 3.00]
[component_container_mt-1] [INFO] [1788750253.812598414] [nvblox_node]: Successfully wrote requested ESDF to MultiArrayMsg.
[component_container_mt-1] [INFO] [1788750254.108290646] [nvblox_node]: 
[component_container_mt-1] Received request for ESDF with:
[component_container_mt-1] update_esdf: 1
[component_container_mt-1] use_aabb: 1
[component_container_mt-1] visualize_esdf: 0
[component_container_mt-1] aabb_min_m: [5.71, 1.35, 2.53],
[component_container_mt-1] aabb_size_m: [3.00, 3.00, 3.00]
[component_container_mt-1] [INFO] [1788750254.110671107] [nvblox_node]: Successfully wrote requested ESDF to MultiArrayMsg.
[component_container_mt-1] [INFO] [1788750254.408303730] [nvblox_node]: 
[component_container_mt-1] Received request for ESDF with:
[component_container_mt-1] update_esdf: 1
[component_container_mt-1] use_aabb: 1
[component_container_mt-1] visualize_esdf: 0
[component_container_mt-1] aabb_min_m: [5.73, 1.29, 2.53],
[component_container_mt-1] aabb_size_m: [3.00, 3.00, 3.00]
[component_container_mt-1] [INFO] [1788750254.410900990] [nvblox_node]: Successfully wrote requested ESDF to MultiArrayMsg.
[component_container_mt-1] [INFO] [1788750254.708596721] [nvblox_node]: 
[component_container_mt-1] Received request for ESDF with:
[component_container_mt-1] update_esdf: 1
[component_container_mt-1] use_aabb: 1
[component_container_mt-1] visualize_esdf: 0
[component_container_mt-1] aabb_min_m: [5.74, 1.22, 2.55],
[component_container_mt-1] aabb_size_m: [3.00, 3.00, 3.00]
[component_container_mt-1] [INFO] [1788750254.711152263] [nvblox_node]: Successfully wrote requested ESDF to MultiArrayMsg.
[component_container_mt-1] [INFO] [1788750255.008497884] [nvblox_node]: 
[component_container_mt-1] Received request for ESDF with:
[component_container_mt-1] update_esdf: 1
[component_container_mt-1] use_aabb: 1
[component_container_mt-1] visualize_esdf: 0
[component_container_mt-1] aabb_min_m: [5.76, 1.14, 2.59],
[component_container_mt-1] aabb_size_m: [3.00, 3.00, 3.00]
[component_container_mt-1] [INFO] [1788750255.011299380] [nvblox_node]: Successfully wrote requested ESDF to MultiArrayMsg.
[component_container_mt-1] [INFO] [1788750255.308571838] [nvblox_node]: 
[component_container_mt-1] Received request for ESDF with:
[component_container_mt-1] update_esdf: 1
[component_container_mt-1] use_aabb: 1
[component_container_mt-1] visualize_esdf: 0
[component_container_mt-1] aabb_min_m: [5.78, 1.06, 2.62],
[component_container_mt-1] aabb_size_m: [3.00, 3.00, 3.00]
[component_container_mt-1] [INFO] [1788750255.311555478] [nvblox_node]: Successfully wrote requested ESDF to MultiArrayMsg.
[component_container_mt-1] [INFO] [1788750255.608643368] [nvblox_node]: 
[component_container_mt-1] Received request for ESDF with:
[component_container_mt-1] update_esdf: 1
[component_container_mt-1] use_aabb: 1
[component_container_mt-1] visualize_esdf: 0
[component_container_mt-1] aabb_min_m: [5.81, 0.98, 2.64],
[component_container_mt-1] aabb_size_m: [3.00, 3.00, 3.00]
[component_container_mt-1] [INFO] [1788750255.611744328] [nvblox_node]: Successfully wrote requested ESDF to MultiArrayMsg.
[component_container_mt-1] [INFO] [1788750255.908273144] [nvblox_node]: 
[component_container_mt-1] Received request for ESDF with:
[component_container_mt-1] update_esdf: 1
[component_container_mt-1] use_aabb: 1
[component_container_mt-1] visualize_esdf: 0
[component_container_mt-1] aabb_min_m: [5.85, 0.91, 2.67],
[component_container_mt-1] aabb_size_m: [3.00, 3.00, 3.00]
[component_container_mt-1] [INFO] [1788750255.911950632] [nvblox_node]: Successfully wrote requested ESDF to MultiArrayMsg.
[component_container_mt-1] [INFO] [1788750256.208783943] [nvblox_node]: 
[component_container_mt-1] Received request for ESDF with:
[component_container_mt-1] update_esdf: 1
[component_container_mt-1] use_aabb: 1
[component_container_mt-1] visualize_esdf: 0
[component_container_mt-1] aabb_min_m: [5.89, 0.83, 2.69],
[component_container_mt-1] aabb_size_m: [3.00, 3.00, 3.00]
[component_container_mt-1] [INFO] [1788750256.212159512] [nvblox_node]: Successfully wrote requested ESDF to MultiArrayMsg.
[component_container_mt-1] [INFO] [1788750256.508757673] [nvblox_node]: 
[component_container_mt-1] Received request for ESDF with:
[component_container_mt-1] update_esdf: 1
[component_container_mt-1] use_aabb: 1
[component_container_mt-1] visualize_esdf: 0
[component_container_mt-1] aabb_min_m: [5.92, 0.75, 2.70],
[component_container_mt-1] aabb_size_m: [3.00, 3.00, 3.00]
[component_container_mt-1] [INFO] [1788750256.512392391] [nvblox_node]: Successfully wrote requested ESDF to MultiArrayMsg.
[component_container_mt-1] [INFO] [1788750256.808409266] [nvblox_node]: 
[component_container_mt-1] Received request for ESDF with:
[component_container_mt-1] update_esdf: 1
[component_container_mt-1] use_aabb: 1
[component_container_mt-1] visualize_esdf: 0
[component_container_mt-1] aabb_min_m: [5.93, 0.68, 2.72],
[component_container_mt-1] aabb_size_m: [3.00, 3.00, 3.00]
[component_container_mt-1] [INFO] [1788750256.812604882] [nvblox_node]: Successfully wrote requested ESDF to MultiArrayMsg.
[component_container_mt-1] [INFO] [1788750257.108412919] [nvblox_node]: 
[component_container_mt-1] Received request for ESDF with:
[component_container_mt-1] update_esdf: 1
[component_container_mt-1] use_aabb: 1
[component_container_mt-1] visualize_esdf: 0
[component_container_mt-1] aabb_min_m: [5.93, 0.60, 2.74],
[component_container_mt-1] aabb_size_m: [3.00, 3.00, 3.00]
[component_container_mt-1] [INFO] [1788750257.110713700] [nvblox_node]: Successfully wrote requested ESDF to MultiArrayMsg.
[component_container_mt-1] [INFO] [1788750257.408441098] [nvblox_node]: 
[component_container_mt-1] Received request for ESDF with:
[component_container_mt-1] update_esdf: 1
[component_container_mt-1] use_aabb: 1
[component_container_mt-1] visualize_esdf: 0
[component_container_mt-1] aabb_min_m: [5.93, 0.53, 2.76],
[component_container_mt-1] aabb_size_m: [3.00, 3.00, 3.00]
[component_container_mt-1] [INFO] [1788750257.411172171] [nvblox_node]: Successfully wrote requested ESDF to MultiArrayMsg.
[component_container_mt-1] [INFO] [1788750257.708863721] [nvblox_node]: 
[component_container_mt-1] Received request for ESDF with:
[component_container_mt-1] update_esdf: 1
[component_container_mt-1] use_aabb: 1
[component_container_mt-1] visualize_esdf: 0
[component_container_mt-1] aabb_min_m: [5.92, 0.45, 2.79],
[component_container_mt-1] aabb_size_m: [3.00, 3.00, 3.00]
[component_container_mt-1] [INFO] [1788750257.711137461] [nvblox_node]: Successfully wrote requested ESDF to MultiArrayMsg.
[component_container_mt-1] [INFO] [1788750258.008725666] [nvblox_node]: 
[component_container_mt-1] Received request for ESDF with:
[component_container_mt-1] update_esdf: 1
[component_container_mt-1] use_aabb: 1
[component_container_mt-1] visualize_esdf: 0
[component_container_mt-1] aabb_min_m: [5.91, 0.39, 2.81],
[component_container_mt-1] aabb_size_m: [3.00, 3.00, 3.00]
[component_container_mt-1] [INFO] [1788750258.011346311] [nvblox_node]: Successfully wrote requested ESDF to MultiArrayMsg.
[component_container_mt-1] [INFO] [1788750258.308249108] [nvblox_node]: 
[component_container_mt-1] Received request for ESDF with:
[component_container_mt-1] update_esdf: 1
[component_container_mt-1] use_aabb: 1
[component_container_mt-1] visualize_esdf: 0
[component_container_mt-1] aabb_min_m: [5.91, 0.32, 2.83],
[component_container_mt-1] aabb_size_m: [3.00, 3.00, 3.00]
[component_container_mt-1] [INFO] [1788750258.311612805] [nvblox_node]: Successfully wrote requested ESDF to MultiArrayMsg.
[component_container_mt-1] [INFO] [1788750258.608267113] [nvblox_node]: 
[component_container_mt-1] Received request for ESDF with:
[component_container_mt-1] update_esdf: 1
[component_container_mt-1] use_aabb: 1
[component_container_mt-1] visualize_esdf: 0
[component_container_mt-1] aabb_min_m: [5.91, 0.25, 2.86],
[component_container_mt-1] aabb_size_m: [3.00, 3.00, 3.00]
[component_container_mt-1] [INFO] [1788750258.611872406] [nvblox_node]: Successfully wrote requested ESDF to MultiArrayMsg.
[component_container_mt-1] [INFO] [1788750258.908636952] [nvblox_node]: 
[component_container_mt-1] Received request for ESDF with:
[component_container_mt-1] update_esdf: 1
[component_container_mt-1] use_aabb: 1
[component_container_mt-1] visualize_esdf: 0
[component_container_mt-1] aabb_min_m: [5.91, 0.18, 2.88],
[component_container_mt-1] aabb_size_m: [3.00, 3.00, 3.00]
[component_container_mt-1] [INFO] [1788750258.912004025] [nvblox_node]: Successfully wrote requested ESDF to MultiArrayMsg.
[component_container_mt-1] [INFO] [1788750259.209319462] [nvblox_node]: 
[component_container_mt-1] Received request for ESDF with:
[component_container_mt-1] update_esdf: 1
[component_container_mt-1] use_aabb: 1
[component_container_mt-1] visualize_esdf: 0
[component_container_mt-1] aabb_min_m: [5.90, 0.11, 2.90],
[component_container_mt-1] aabb_size_m: [3.00, 3.00, 3.00]
[component_container_mt-1] [INFO] [1788750259.212352034] [nvblox_node]: Successfully wrote requested ESDF to MultiArrayMsg.
[component_container_mt-1] [INFO] [1788750259.508481687] [nvblox_node]: 
[component_container_mt-1] Received request for ESDF with:
[component_container_mt-1] update_esdf: 1
[component_container_mt-1] use_aabb: 1
[component_container_mt-1] visualize_esdf: 0
[component_container_mt-1] aabb_min_m: [5.89, 0.03, 2.92],
[component_container_mt-1] aabb_size_m: [3.00, 3.00, 3.00]
[component_container_mt-1] [INFO] [1788750259.512439535] [nvblox_node]: Successfully wrote requested ESDF to MultiArrayMsg.
[component_container_mt-1] [INFO] [1788750259.808250407] [nvblox_node]: 
[component_container_mt-1] Received request for ESDF with:
[component_container_mt-1] update_esdf: 1
[component_container_mt-1] use_aabb: 1
[component_container_mt-1] visualize_esdf: 0
[component_container_mt-1] aabb_min_m: [5.88, -0.06, 2.95],
[component_container_mt-1] aabb_size_m: [3.00, 3.00, 3.00]
[component_container_mt-1] [INFO] [1788750259.812630522] [nvblox_node]: Successfully wrote requested ESDF to MultiArrayMsg.
[component_container_mt-1] [INFO] [1788750260.108198881] [nvblox_node]: 
[component_container_mt-1] Received request for ESDF with:
[component_container_mt-1] update_esdf: 1
[component_container_mt-1] use_aabb: 1
[component_container_mt-1] visualize_esdf: 0
[component_container_mt-1] aabb_min_m: [5.86, -0.13, 2.98],
[component_container_mt-1] aabb_size_m: [3.00, 3.00, 3.00]
[component_container_mt-1] [INFO] [1788750260.112858593] [nvblox_node]: Successfully wrote requested ESDF to MultiArrayMsg.
[component_container_mt-1] [INFO] [1788750260.408539666] [nvblox_node]: 
[component_container_mt-1] Received request for ESDF with:
[component_container_mt-1] update_esdf: 1
[component_container_mt-1] use_aabb: 1
[component_container_mt-1] visualize_esdf: 0
[component_container_mt-1] aabb_min_m: [5.85, -0.21, 3.00],
[component_container_mt-1] aabb_size_m: [3.00, 3.00, 3.00]
[component_container_mt-1] [INFO] [1788750260.410954392] [nvblox_node]: Successfully wrote requested ESDF to MultiArrayMsg.
[component_container_mt-1] [INFO] [1788750260.708385286] [nvblox_node]: 
[component_container_mt-1] Received request for ESDF with:
[component_container_mt-1] update_esdf: 1
[component_container_mt-1] use_aabb: 1
[component_container_mt-1] visualize_esdf: 0
[component_container_mt-1] aabb_min_m: [5.83, -0.29, 3.03],
[component_container_mt-1] aabb_size_m: [3.00, 3.00, 3.00]
[component_container_mt-1] [INFO] [1788750260.711158990] [nvblox_node]: Successfully wrote requested ESDF to MultiArrayMsg.
[component_container_mt-1] [INFO] [1788750261.008689713] [nvblox_node]: 
[component_container_mt-1] Received request for ESDF with:
[component_container_mt-1] update_esdf: 1
[component_container_mt-1] use_aabb: 1
[component_container_mt-1] visualize_esdf: 0
[component_container_mt-1] aabb_min_m: [5.81, -0.36, 3.05],
[component_container_mt-1] aabb_size_m: [3.00, 3.00, 3.00]
[component_container_mt-1] [INFO] [1788750261.011383416] [nvblox_node]: Successfully wrote requested ESDF to MultiArrayMsg.
[component_container_mt-1] [INFO] [1788750261.308532764] [nvblox_node]: 
[component_container_mt-1] Received request for ESDF with:
[component_container_mt-1] update_esdf: 1
[component_container_mt-1] use_aabb: 1
[component_container_mt-1] visualize_esdf: 0
[component_container_mt-1] aabb_min_m: [5.79, -0.44, 3.07],
[component_container_mt-1] aabb_size_m: [3.00, 3.00, 3.00]
[component_container_mt-1] [INFO] [1788750261.311589592] [nvblox_node]: Successfully wrote requested ESDF to MultiArrayMsg.
[component_container_mt-1] [INFO] [1788750261.608260057] [nvblox_node]: 
[component_container_mt-1] Received request for ESDF with:
[component_container_mt-1] update_esdf: 1
[component_container_mt-1] use_aabb: 1
[component_container_mt-1] visualize_esdf: 0
[component_container_mt-1] aabb_min_m: [5.77, -0.52, 3.09],
[component_container_mt-1] aabb_size_m: [3.00, 3.00, 3.00]
[component_container_mt-1] [INFO] [1788750261.611818462] [nvblox_node]: Successfully wrote requested ESDF to MultiArrayMsg.
