t_wall,t_sim,exp_id,gt_x,gt_y,gt_z,gt_dyaw_deg,vslam_x,vslam_y,vslam_z,vslam_dyaw_deg,pos_error_m,yaw_error_deg,vo_state,feature_count,msg_age_s
1788600612.554264,36.268000,gate_sweep_low_r14,-0.00010674720397219062,2.6302412152290344e-05,-0.00017692148685455322,0.0003720670360137878,0.0,0.0,0.0,0.0,0.00020829785152933113,0.0003720670360137878,,,1788600576.286248
1788600612.657022,36.304000,gate_sweep_low_r14,-0.00037038151913293405,9.582377970218658e-05,-0.00048567354679107666,0.0011511558851688137,0.0,0.0,0.0,0.0,0.0006182584091819999,0.0011511558851688137,1,380,1788600576.3530047
1788600612.701189,36.336000,gate_sweep_low_r14,-0.0006073244730941951,0.0001679845154285431,-0.0007165074348449707,0.0013356440120873942,0.0,0.0,0.0,0.0,0.0009541722681104414,0.0013356440120873942,1,380,1788600576.3651705
1788600612.745216,36.368000,gate_sweep_low_r14,-0.0009259801881853491,0.0002897549420595169,-0.0010252296924591064,0.0016057000295086293,0.0,0.0,0.0,0.0,0.0014115569976658692,0.0016057000295086293,1,380,1788600576.3771987
1788600612.793070,36.400000,gate_sweep_low_r14,-0.001314552064286545,0.00047211721539497375,-0.0013418793678283691,0.0026541232043739036,0.0,0.0,0.0,0.0,0.0019369001090907565,0.0026541232043739036,1,380,1788600576.3930488
1788600612.840226,36.436000,gate_sweep_low_r14,-0.0016354646941181272,0.0006388332694768906,-0.00151766836643219,0.0026437591729110382,0.0,0.0,0.0,0.0,0.0023208123539757335,0.0026437591729110382,1,380,1788600576.4042048
1788600612.886992,36.468000,gate_sweep_low_r14,-0.0019804432231467217,0.0008069593459367752,-0.0016393214464187622,0.003702498818158361,0.0,0.0,0.0,0.0,0.0026945711255765706,0.003702498818158361,1,380,1788600576.4189708
1788600612.931661,36.500000,gate_sweep_low_r14,-0.002240127621917054,0.0009283851832151413,-0.0016921311616897583,0.0030330007225741282,0.0,0.0,0.0,0.0,0.002956920472256685,0.003033000722574128,1,380,1788600576.4316406
1788600612.976599,36.532000,gate_sweep_low_r14,-0.0027827615558635443,0.0010988600552082062,-0.0016820132732391357,0.004860580653673603,0.0,0.0,0.0,0.0,0.003432262220325963,0.004860580653673603,1,380,1788600576.4445746
1788600613.021322,36.568000,gate_sweep_low_r14,-0.0032620720739942044,0.0012573860585689545,-0.0016147643327713013,0.0053626249504512054,0.0,0.0,0.0,0.0,0.003850921677547697,0.0053626249504512054,1,380,1788600576.4533005
1788600613.068822,36.600000,gate_sweep_low_r14,-0.0037527566018979996,0.001429455354809761,-0.0015508085489273071,0.0061003049928092905,0.0,0.0,0.0,0.0,0.004304826579539452,0.0061003049928092905,1,380,1788600576.4688044
1788600613.113405,36.632000,gate_sweep_low_r14,-0.004382317158160731,0.001667296513915062,-0.0013299435377120972,0.007036056370249656,0.0,0.0,0.0,0.0,0.004873738929561722,0.007036056370249656,1,380,1788600576.4813871
1788600613.163060,36.664000,gate_sweep_low_r14,-0.004918087011901662,0.001865394413471222,-0.001004531979560852,0.008354320272289408,0.0,0.0,0.0,0.0,0.0053550313418696165,0.008354320272289408,1,380,1788600576.499043
1788600613.211763,36.700000,gate_sweep_low_r14,-0.005320358759490773,0.002030596137046814,-0.0006868988275527954,0.009129846992167331,0.0,0.0,0.0,0.0,0.005735971408643269,0.009129846992167331,1,380,1788600576.5117447
1788600613.255625,36.732000,gate_sweep_low_r14,-0.005958784575341269,0.0023315418511629105,-0.0001504272222518921,0.009037546200186647,0.0,0.0,0.0,0.0,0.006400455403191528,0.009037546200186647,1,380,1788600576.5236065
1788600613.299145,36.764000,gate_sweep_low_r14,-0.006463617755798623,0.002562679350376129,0.00021964311599731445,0.009355303032236832,0.0,0.0,0.0,0.0,0.00695657408817907,0.009355303032236832,1,380,1788600576.5351276
1788600613.342157,36.796000,gate_sweep_low_r14,-0.0069672085519414395,0.0027580149471759796,0.0005292594432830811,0.00946785143155278,0.0,0.0,0.0,0.0,0.007511907681368054,0.00946785143155278,1,380,1788600576.5461352
1788600613.385446,36.832000,gate_sweep_low_r14,-0.007547370361862704,0.0029759537428617477,0.0007248371839523315,0.010499478622033378,0.0,0.0,0.0,0.0,0.008145212643142986,0.010499478622033378,1,380,1788600576.5534282
1788600613.432211,36.864000,gate_sweep_low_r14,-0.008003371971426532,0.003152705729007721,0.0007298290729522705,0.010943481740761167,0.0,0.0,0.0,0.0,0.008632853919907384,0.010943481740761167,1,380,1788600576.568197
1788600613.478894,36.896000,gate_sweep_low_r14,-0.00835920704412274,0.003279848024249077,0.0007115453481674194,0.01092648150955191,0.0,0.0,0.0,0.0,0.009007776765172443,0.01092648150955191,1,380,1788600576.582874
1788600613.522197,36.928000,gate_sweep_low_r14,-0.008982846717117354,0.003489455208182335,0.0005032271146774292,0.01051653664827816,0.0,0.0,0.0,0.0,0.009649925923139692,0.01051653664827816,1,380,1788600576.5941782
1788600613.568056,36.964000,gate_sweep_low_r14,-0.009489006566582248,0.0036498289555311203,0.0002494901418685913,0.011117615190551027,0.0,0.0,0.0,0.0,0.010169795590677525,0.011117615190551027,1,380,1788600576.6040385
1788600613.613877,36.996000,gate_sweep_low_r14,-0.010050628538010642,0.003805125132203102,-3.466010093688965e-05,0.011851903431746462,0.0,0.0,0.0,0.0,0.010746874550463244,0.011851903431746462,1,380,1788600576.6178448
1788600613.659358,37.028000,gate_sweep_low_r14,-0.010632257180986926,0.0039468612521886826,-0.00033821165561676025,0.012425617788461742,0.0,0.0,0.0,0.0,0.011346232574324903,0.012425617788461742,1,380,1788600576.6313431
1788600613.701909,37.060000,gate_sweep_low_r14,-0.011309754307148978,0.004058497026562691,-0.0007521510124206543,0.013201138095543902,0.0,0.0,0.0,0.0,0.012039421570332127,0.013201138095543902,1,380,1788600576.6418908
1788600613.748039,37.096000,gate_sweep_low_r14,-0.011667015234706923,0.00409126840531826,-0.0009250938892364502,0.013515139356518885,0.0,0.0,0.0,0.0,0.012398125679115432,0.013515139356518885,1,380,1788600576.6520205
1788600613.793269,37.128000,gate_sweep_low_r14,-0.012103877234039828,0.004095850512385368,-0.0011505186557769775,0.013921586580921777,0.0,0.0,0.0,0.0,0.012829790672252062,0.013921586580921777,1,380,1788600576.665251
1788600613.841615,37.160000,gate_sweep_low_r14,-0.012491169589338824,0.004066599532961845,-0.0013979226350784302,0.014318075448960263,0.0,0.0,0.0,0.0,0.013210629703567244,0.014318075448960263,1,380,1788600576.681596
1788600613.888037,37.192000,gate_sweep_low_r14,-0.012903828377602622,0.0039856284856796265,-0.0016528815031051636,0.013819262113888172,0.0,0.0,0.0,0.0,0.013606102986814072,0.01381926211388817,1,380,1788600576.696016
1788600613.930049,37.228000,gate_sweep_low_r14,-0.013201396184740588,0.0038820188492536545,-0.0018444657325744629,0.013610846815141846,0.0,0.0,0.0,0.0,0.013883406837339511,0.013610846815141846,1,380,1788600576.7020302
1788600613.974999,37.260000,gate_sweep_low_r14,-0.013413388485787436,0.0037908554077148438,-0.0020069628953933716,0.014235979570865654,0.0,0.0,0.0,0.0,0.014082523760190913,0.014235979570865654,1,380,1788600576.7149785
1788600614.019627,37.292000,gate_sweep_low_r14,-0.013811400363920256,0.00361771322786808,-0.0022790133953094482,0.013368523653775093,0.0,0.0,0.0,0.0,0.014458095692987656,0.013368523653775093,1,380,1788600576.72761
1788600614.062949,37.324000,gate_sweep_low_r14,-0.014200573990819976,0.003386547788977623,-0.0025147050619125366,0.01282872704578086,0.0,0.0,0.0,0.0,0.014813802656448159,0.012828727045780858,1,380,1788600576.7389252
1788600614.110754,37.360000,gate_sweep_low_r14,-0.014605931210098788,0.003096919506788254,-0.0027077943086624146,0.013030605441154475,0.0,0.0,0.0,0.0,0.015174198066576303,0.013030605441154475,1,380,1788600576.750738
1788600614.158881,37.392000,gate_sweep_low_r14,-0.015134051645873114,0.0027476027607917786,-0.0029753893613815308,0.013474561329174012,0.0,0.0,0.0,0.0,0.01566658169489719,0.013474561329174012,1,380,1788600576.7668564
1788600614.208519,37.424000,gate_sweep_low_r14,-0.015604938584147021,0.0025198478251695633,-0.0032179057598114014,0.013061454870224799,0.0,0.0,0.0,0.0,0.01613129439183476,0.013061454870224799,1,380,1788600576.7844946
1788600614.259978,37.456000,gate_sweep_low_r14,-0.015985013189492747,0.0023476742208003998,-0.0034225136041641235,0.012955260307471126,0.0,0.0,0.0,0.0,0.016515018022574372,0.012955260307471126,1,380,1788600576.8039582
1788600614.308262,37.492000,gate_sweep_low_r14,-0.016636025364277884,0.0020353328436613083,-0.0036738216876983643,0.013775018473518943,0.0,0.0,0.0,0.0,0.017157997712390172,0.013775018473518943,1,380,1788600576.816245
1788600614.372543,37.524000,gate_sweep_low_r14,-0.01709685122477822,0.0018057599663734436,-0.003828108310699463,0.013238714055481781,0.0,0.0,0.0,0.0,0.017612992479894035,0.013238714055481781,1,380,1788600576.8485236
1788600614.450533,37.556000,gate_sweep_low_r14,-0.017504351417301223,0.0016048010438680649,-0.003902822732925415,0.013286309870160058,0.0,0.0,0.0,0.0,0.0180058248968331,0.013286309870160056,1,380,1788600576.894515
1788600614.497312,37.588000,gate_sweep_low_r14,-0.017917718942044303,0.0013901442289352417,-0.004032880067825317,0.013600670300996251,0.0,0.0,0.0,0.0,0.01841850359569957,0.013600670300996251,1,380,1788600576.9092932
1788600614.540485,37.624000,gate_sweep_low_r14,-0.01821101290988736,0.0012190919369459152,-0.004133090376853943,0.014167509582274588,0.0,0.0,0.0,0.0,0.018713888222869485,0.014167509582274588,1,380,1788600576.9164643
1788600614.588545,37.656000,gate_sweep_low_r14,-0.01842620430397801,0.0010784901678562164,-0.004164502024650574,0.014181230358019735,0.0,0.0,0.0,0.0,0.01892171300932923,0.014181230358019735,1,380,1788600576.932527
1788600614.635595,37.688000,gate_sweep_low_r14,-0.018723687360761687,0.0008512362837791443,-0.004151180386543274,0.014447600493216323,0.0,0.0,0.0,0.0,0.019197222981358283,0.014447600493216323,1,380,1788600576.9475782
1788600614.680650,37.720000,gate_sweep_low_r14,-0.019145082886097953,0.0004840679466724396,-0.004027903079986572,0.01424280032524144,0.0,0.0,0.0,0.0,0.019570194779672524,0.01424280032524144,1,380,1788600576.9606307
1788600614.726927,37.756000,gate_sweep_low_r14,-0.01953573917853646,0.0001861676573753357,-0.0038581937551498413,0.014901984756457378,0.0,0.0,0.0,0.0,0.019913950454410953,0.014901984756457378,1,380,1788600576.970906
1788600614.768740,37.788000,gate_sweep_low_r14,-0.01999420693027787,-0.0001293811947107315,-0.003671020269393921,0.014946290282295587,0.0,0.0,0.0,0.0,0.020328832727990492,0.014946290282295587,1,380,1788600576.9807222
1788600614.812271,37.820000,gate_sweep_low_r14,-0.020363666320918128,-0.0003680773079395294,-0.0035519301891326904,0.01521266810487495,0.0,0.0,0.0,0.0,0.02067439467077059,0.01521266810487495,1,380,1788600576.9922512
1788600614.861159,37.852000,gate_sweep_low_r14,-0.021074086631415412,-0.0008299350738525391,-0.0032364577054977417,0.015157794688732835,0.0,0.0,0.0,0.0,0.021337304845145934,0.015157794688732835,1,380,1788600577.009141
1788600614.905798,37.888000,gate_sweep_low_r14,-0.021679146419046447,-0.0012473240494728088,-0.0029278993606567383,0.01485718235164183,0.0,0.0,0.0,0.0,0.02191149929623671,0.01485718235164183,1,380,1788600577.0177743
1788600614.952805,37.920000,gate_sweep_low_r14,-0.02228519899654202,-0.0016891881823539734,-0.002542734146118164,0.015027805468916836,0.0,0.0,0.0,0.0,0.02249330895997112,0.015027805468916836,1,380,1788600577.0327725
1788600614.998783,37.952000,gate_sweep_low_r14,-0.02293951270985417,-0.002246333286166191,-0.001888960599899292,0.015612005646648748,0.0,0.0,0.0,0.0,0.02312650922093672,0.015612005646648748,1,380,1788600577.0467646
1788600615.043668,37.984000,gate_sweep_low_r14,-0.023388015310047194,-0.0027175378054380417,-0.0012959539890289307,0.01724450651285609,0.0,0.0,0.0,0.0,0.023581004402032306,0.01724450651285609,1,380,1788600577.0596502
1788600615.086537,38.020000,gate_sweep_low_r14,-0.023693701456068084,-0.0030990373343229294,-0.0008377581834793091,0.017651008371187733,0.0,0.0,0.0,0.0,0.023910193639173998,0.017651008371187733,1,380,1788600577.0665202
1788600615.135412,38.052000,gate_sweep_low_r14,-0.02416305264341645,-0.00380815751850605,-2.440810203552246e-05,0.018822500974884582,0.0,0.0,0.0,0.0,0.024461311749162468,0.018822500974884582,1,380,1788600577.0833938
1788600615.180142,38.084000,gate_sweep_low_r14,-0.024515172670362517,-0.004401391372084618,0.0006003826856613159,0.019263216145694737,0.0,0.0,0.0,0.0,0.024914381317568214,0.019263216145694737,1,380,1788600577.0961204
1788600615.228433,38.116000,gate_sweep_low_r14,-0.024812549556372687,-0.005025358870625496,0.0012191981077194214,0.02041738719416946,0.0,0.0,0.0,0.0,0.025345675988063355,0.02041738719416946,1,380,1788600577.1124048
1788600615.272631,38.152000,gate_sweep_low_r14,-0.025100507045863196,-0.005872026085853577,0.002066388726234436,0.021507101344394722,0.0,0.0,0.0,0.0,0.02586089918545528,0.021507101344394722,1,380,1788600577.1206126
1788600615.319527,38.184000,gate_sweep_low_r14,-0.02529254017281346,-0.006565002724528313,0.002698078751564026,0.0224873577577614,0.0,0.0,0.0,0.0,0.02626959227159965,0.0224873577577614,1,380,1788600577.1355116
1788600615.364625,38.216000,gate_sweep_low_r14,-0.025410462374566123,-0.007082761265337467,0.0031373947858810425,0.021957938084817108,0.0,0.0,0.0,0.0,0.02656502119843835,0.021957938084817108,1,380,1788600577.1486073
1788600615.409003,38.248000,gate_sweep_low_r14,-0.025515573302982375,-0.007983661256730556,0.003869682550430298,0.02320478952160449,0.0,0.0,0.0,0.0,0.027014029153075114,0.02320478952160449,1,380,1788600577.160988
1788600615.460034,38.284000,gate_sweep_low_r14,-0.025518456677673385,-0.008759808726608753,0.00444464385509491,0.023068244287633138,0.0,0.0,0.0,0.0,0.027343751372766997,0.023068244287633138,1,380,1788600577.176011
1788600615.503954,38.316000,gate_sweep_low_r14,-0.025447700376389548,-0.00960499607026577,0.0049927979707717896,0.022531948262514836,0.0,0.0,0.0,0.0,0.02765446501983469,0.022531948262514836,1,380,1788600577.1879358
1788600615.547324,38.348000,gate_sweep_low_r14,-0.025338180566905066,-0.010512810200452805,0.0055207759141922,0.022245180060272807,0.0,0.0,0.0,0.0,0.027982522035130335,0.022245180060272807,1,380,1788600577.1993067
1788600615.598044,38.380000,gate_sweep_low_r14,-0.025209572369931266,-0.011784719303250313,0.006217360496520996,0.02203030919233494,0.0,0.0,0.0,0.0,0.028514166999491712,0.02203030919233494,1,380,1788600577.2180252
1788600615.647130,38.416000,gate_sweep_low_r14,-0.025149120221612975,-0.012576669454574585,0.0066711753606796265,0.02197571978127866,0.0,0.0,0.0,0.0,0.02889905609503035,0.02197571978127866,1,380,1788600577.2311132
1788600615.691167,38.448000,gate_sweep_low_r14,-0.025075171346543357,-0.013656388968229294,0.007279694080352783,0.02105027629919286,0.0,0.0,0.0,0.0,0.029466169137056263,0.021050276299192858,1,380,1788600577.2431457
1788600615.733986,38.480000,gate_sweep_low_r14,-0.025032600591657683,-0.01473560044541955,0.007850170135498047,0.022075157647885677,0.0,0.0,0.0,0.0,0.030089768759908656,0.02207515764788568,1,380,1788600577.2539682
1788600615.778122,38.512000,gate_sweep_low_r14,-0.02499358562636189,-0.016050225123763084,0.008489415049552917,0.022495250726007422,0.0,0.0,0.0,0.0,0.030892704913447366,0.022495250726007422,1,380,1788600577.2661064
1788600615.823092,38.548000,gate_sweep_low_r14,-0.024950923601863906,-0.017040583305060863,0.008905604481697083,0.023697642762835095,0.0,0.0,0.0,0.0,0.03149983903367113,0.023697642762835095,1,380,1788600577.2750752
1788600615.869953,38.580000,gate_sweep_low_r14,-0.024894777889130637,-0.017720351461321115,0.009191259741783142,0.023977733637500217,0.0,0.0,0.0,0.0,0.031909874297822244,0.023977733637500217,1,380,1788600577.289935
1788600615.915006,38.612000,gate_sweep_low_r14,-0.024752129073021933,-0.01869943644851446,0.009711235761642456,0.02474992919829631,0.0,0.0,0.0,0.0,0.032506075080787164,0.02474992919829631,1,380,1788600577.3029861
1788600615.960523,38.644000,gate_sweep_low_r14,-0.024556467513320968,-0.019307847367599607,0.010124221444129944,0.024756749310099073,0.0,0.0,0.0,0.0,0.03283767541335854,0.024756749310099076,1,380,1788600577.3165047
1788600616.009591,38.680000,gate_sweep_low_r14,-0.02427376268315129,-0.019781291019171476,0.010522529482841492,0.024644570463691912,0.0,0.0,0.0,0.0,0.03303390161486182,0.024644570463691912,1,380,1788600577.329572
1788600616.054357,38.712000,gate_sweep_low_r14,-0.023859538341639563,-0.020182969165034592,0.010934993624687195,0.02388627559584551,0.0,0.0,0.0,0.0,0.033108970080098464,0.02388627559584551,1,380,1788600577.3423398
1788600616.100318,38.744000,gate_sweep_low_r14,-0.02351656203973107,-0.020363616291433573,0.011276260018348694,0.024621109875410524,0.0,0.0,0.0,0.0,0.033088662690333503,0.024621109875410524,1,380,1788600577.3562982
1788600616.147532,38.776000,gate_sweep_low_r14,-0.02325503175961785,-0.020430490490980446,0.01152290403842926,0.02355508132172331,0.0,0.0,0.0,0.0,0.03302996762519949,0.02355508132172331,1,380,1788600577.3715127
1788600616.193834,38.812000,gate_sweep_low_r14,-0.022754941339371726,-0.02043620531912893,0.01200111210346222,0.02296783968266588,0.0,0.0,0.0,0.0,0.03285502297859049,0.02296783968266588,1,380,1788600577.3818119
1788600616.237912,38.844000,gate_sweep_low_r14,-0.02230874469387345,-0.020387912867590785,0.01236395537853241,0.022462660448218107,0.0,0.0,0.0,0.0,0.03265293973772103,0.022462660448218104,1,380,1788600577.3938956
1788600616.285592,38.876000,gate_sweep_low_r14,-0.02187505384790711,-0.020307005615904927,0.012745022773742676,0.022186135627559424,0.0,0.0,0.0,0.0,0.03245501599809264,0.022186135627559424,1,380,1788600577.4095724
1788600616.337199,38.908000,gate_sweep_low_r14,-0.02138091271626763,-0.02012093155644834,0.013326868414878845,0.021051973646875482,0.0,0.0,0.0,0.0,0.03224284008935052,0.021051973646875482,1,380,1788600577.42918
1788600616.379709,38.944000,gate_sweep_low_r14,-0.021057734469650313,-0.01990723831113428,0.01381915807723999,0.019630943333248756,0.0,0.0,0.0,0.0,0.03210444592473663,0.019630943333248756,1,380,1788600577.4356918
1788600616.426820,38.976000,gate_sweep_low_r14,-0.020841904188273475,-0.019704451551660895,0.014176085591316223,0.018602540164133617,0.0,0.0,0.0,0.0,0.03199393354742812,0.018602540164133617,1,380,1788600577.4508004
1788600616.471935,39.008000,gate_sweep_low_r14,-0.020562106947181746,-0.019390296190977097,0.014649048447608948,0.017591504651554967,0.0,0.0,0.0,0.0,0.03183360565348441,0.017591504651554967,1,380,1788600577.4639177
1788600616.514900,39.040000,gate_sweep_low_r14,-0.020264005492208526,-0.01895885495468974,0.015234038233757019,0.01654632749790179,0.0,0.0,0.0,0.0,0.03165665839422714,0.01654632749790179,1,380,1788600577.4748816
1788600616.565392,39.076000,gate_sweep_low_r14,-0.02005107348668389,-0.01857946766540408,0.015721619129180908,0.015647745526675,0.0,0.0,0.0,0.0,0.03153429045881991,0.015647745526675,1,380,1788600577.4893737
1788600616.607994,39.108000,gate_sweep_low_r14,-0.019883658940671012,-0.01818201714195311,0.016241058707237244,0.01588357292553863,0.0,0.0,0.0,0.0,0.03145977794185982,0.01588357292553863,1,380,1788600577.4999783
1788600616.661710,39.140000,gate_sweep_low_r14,-0.019788881967542693,-0.017890249146148562,0.016627565026283264,0.015873287071852607,0.0,0.0,0.0,0.0,0.031434643035031976,0.015873287071852607,1,380,1788600577.5216856
1788600616.708698,39.172000,gate_sweep_low_r14,-0.01965270025539212,-0.017386038787662983,0.017267271876335144,0.015661494045324402,0.0,0.0,0.0,0.0,0.03141117078533823,0.015661494045324402,1,380,1788600577.536682
1788600616.753597,39.208000,gate_sweep_low_r14,-0.019556073675630614,-0.016970235388725996,0.017895668745040894,0.015316436168591489,0.0,0.0,0.0,0.0,0.03147513092248695,0.015316436168591489,1,380,1788600577.5455754
1788600616.799374,39.240000,gate_sweep_low_r14,-0.019480960647342727,-0.016545358579605818,0.01847308874130249,0.015411974694736534,0.0,0.0,0.0,0.0,0.031535879976862684,0.015411974694736534,1,380,1788600577.559355
1788600616.849765,39.272000,gate_sweep_low_r14,-0.01944760067272,-0.016060824040323496,0.01912921667098999,0.013533358730304056,0.0,0.0,0.0,0.0,0.031655744679686404,0.013533358730304056,1,380,1788600577.5777442
1788600616.903280,39.304000,gate_sweep_low_r14,-0.01949042660999112,-0.015729501843452454,0.01959758996963501,0.013984119372428851,0.0,0.0,0.0,0.0,0.03180187872281389,0.013984119372428851,1,380,1788600577.5992658
1788600617.011708,39.340000,gate_sweep_low_r14,-0.019545007700799033,-0.015509532764554024,0.019914627075195312,0.014363165124628161,0.0,0.0,0.0,0.0,0.03192405525842809,0.014363165124628161,1,380,1788600577.671686
1788600617.059983,39.372000,gate_sweep_low_r14,-0.01962947307038121,-0.015147735830396414,0.020394206047058105,0.01379966564332882,0.0,0.0,0.0,0.0,0.03210441954152353,0.01379966564332882,1,380,1788600577.687967
1788600617.106015,39.404000,gate_sweep_low_r14,-0.019680414552567527,-0.014878832269459963,0.02071818709373474,0.013471635034402846,0.0,0.0,0.0,0.0,0.03221710171810356,0.013471635034402846,1,380,1788600577.7019951
1788600617.151729,39.436000,gate_sweep_low_r14,-0.019761143455980346,-0.01465037651360035,0.021003425121307373,0.014209396021013258,0.0,0.0,0.0,0.0,0.032346254644153985,0.014209396021013258,1,380,1788600577.7157094
1788600617.195876,39.472000,gate_sweep_low_r14,-0.01995067691314034,-0.014440360013395548,0.021264642477035522,0.014140954821321427,0.0,0.0,0.0,0.0,0.032538262496407636,0.014140954821321427,1,380,1788600577.72384
1788600617.240050,39.504000,gate_sweep_low_r14,-0.02015166005003266,-0.014330587815493345,0.021380722522735596,0.013878015580867825,0.0,0.0,0.0,0.0,0.03268930169801523,0.013878015580867825,1,380,1788600577.7360306
1788600617.290687,39.536000,gate_sweep_low_r14,-0.0203001594345551,-0.014265301637351513,0.021418362855911255,0.014120627086925677,0.0,0.0,0.0,0.0,0.03277715014000545,0.014120627086925677,1,380,1788600577.7546716
1788600617.334945,39.568000,gate_sweep_low_r14,-0.020518923382041976,-0.014189730864018202,0.021382659673690796,0.014988207613012861,0.0,0.0,0.0,0.0,0.032857157720537274,0.014988207613012863,1,380,1788600577.7669284
1788600617.380719,39.604000,gate_sweep_low_r14,-0.0206917954783421,-0.014154984150081873,0.02130034565925598,0.015264973039495179,0.0,0.0,0.0,0.0,0.032897092601176674,0.015264973039495179,1,380,1788600577.776701
1788600617.428640,39.636000,gate_sweep_low_r14,-0.020876080001471564,-0.014118149410933256,0.02117908000946045,0.015531491133560024,0.0,0.0,0.0,0.0,0.03291939077602141,0.015531491133560024,1,380,1788600577.7926197
1788600617.469859,39.668000,gate_sweep_low_r14,-0.021052040363429114,-0.01407641265541315,0.02103528380393982,0.016289575570950215,0.0,0.0,0.0,0.0,0.0329213754485018,0.01628957557095021,1,380,1788600577.8018293
1788600617.516588,39.700000,gate_sweep_low_r14,-0.021207675541518256,-0.014006193727254868,0.020818859338760376,0.016491260781965784,0.0,0.0,0.0,0.0,0.03285367359621744,0.016491260781965784,1,380,1788600577.8165677
1788600617.565808,39.736000,gate_sweep_low_r14,-0.021283319423673674,-0.013923595659434795,0.020645469427108765,0.016805390214528374,0.0,0.0,0.0,0.0,0.0327579243793504,0.016805390214528374,1,380,1788600577.829787
1788600617.619545,39.768000,gate_sweep_low_r14,-0.021376854012487456,-0.013719888404011726,0.020376533269882202,0.01661762602797024,0.0,0.0,0.0,0.0,0.032563911518556136,0.01661762602797024,1,380,1788600577.851514
1788600617.663441,39.800000,gate_sweep_low_r14,-0.021465769241331145,-0.013405921868979931,0.020087748765945435,0.01665882064188057,0.0,0.0,0.0,0.0,0.032311230876631965,0.01665882064188057,1,380,1788600577.8634222
1788600617.708294,39.832000,gate_sweep_low_r14,-0.021610781754134223,-0.01286070141941309,0.01975458860397339,0.01743094543969117,0.0,0.0,0.0,0.0,0.0319791697818494,0.01743094543969117,1,380,1788600577.876277
1788600617.754952,39.868000,gate_sweep_low_r14,-0.02176560295629315,-0.01229768991470337,0.019542187452316284,0.0180969346364401,0.0,0.0,0.0,0.0,0.031731242328510594,0.0180969346364401,1,380,1788600577.8869328
1788600617.799675,39.900000,gate_sweep_low_r14,-0.02189358344185166,-0.011798140592873096,0.019473731517791748,0.018220017185906167,0.0,0.0,0.0,0.0,0.03158720210150872,0.018220017185906167,1,380,1788600577.8996582
1788600617.847488,39.932000,gate_sweep_low_r14,-0.022120863402960822,-0.010854114778339863,0.01935717463493347,0.018383894156189743,0.0,0.0,0.0,0.0,0.03133439986917157,0.018383894156189743,1,380,1788600577.9154685
1788600617.893063,39.964000,gate_sweep_low_r14,-0.022318933362839743,-0.0100081292912364,0.019210070371627808,0.018322235336635437,0.0,0.0,0.0,0.0,0.031101836634640688,0.018322235336635437,1,380,1788600577.9290464
1788600617.937864,40.000000,gate_sweep_low_r14,-0.022526355664012954,-0.009088377468287945,0.019077658653259277,0.01737928863254158,0.0,0.0,0.0,0.0,0.03088676681360435,0.01737928863254158,1,380,1788600577.9378345
1788600617.981528,40.032000,gate_sweep_low_r14,-0.022779654915211722,-0.007869637571275234,0.01890045404434204,0.01691795612643083,0.0,0.0,0.0,0.0,0.030627945354555562,0.016917956126430825,1,380,1788600577.9495118
1788600618.034324,40.064000,gate_sweep_low_r14,-0.02293275689589791,-0.006876389496028423,0.01876068115234375,0.016269241368695748,0.0,0.0,0.0,0.0,0.030416430241685975,0.016269241368695748,1,380,1788600577.9702992
1788600618.076020,40.096000,gate_sweep_low_r14,-0.023005653376458213,-0.006108414381742477,0.018647968769073486,0.014448411067534021,0.0,0.0,0.0,0.0,0.03023771738655485,0.014448411067534025,1,380,1788600577.9800014
1788600618.121635,40.132000,gate_sweep_low_r14,-0.023011097888229415,-0.004722129553556442,0.018434464931488037,0.013949536156097942,0.0,0.0,0.0,0.0,0.029860318666292053,0.013949536156097942,1,380,1788600577.98961
1788600618.169423,40.164000,gate_sweep_low_r14,-0.02291096208500676,-0.003535483032464981,0.0182439386844635,0.012634380779310558,0.0,0.0,0.0,0.0,0.029500052926324197,0.012634380779310558,1,380,1788600578.0054007
1788600618.214402,40.196000,gate_sweep_low_r14,-0.022745855356333777,-0.0023272279649972916,0.017967134714126587,0.011964773636416055,0.0,0.0,0.0,0.0,0.029079337264248235,0.011964773636416055,1,380,1788600578.0183816
1788600618.261660,40.228000,gate_sweep_low_r14,-0.022432495112298056,-0.0007581319659948349,0.017648160457611084,0.011090480867837253,0.0,0.0,0.0,0.0,0.028552568511059154,0.011090480867837253,1,380,1788600578.0336394
1788600618.307978,40.264000,gate_sweep_low_r14,-0.02214094271766953,0.0005033072084188461,0.017453283071517944,0.009771592433176348,0.0,0.0,0.0,0.0,0.028197371376561055,0.009771592433176348,1,380,1788600578.0439603
1788600618.356603,40.296000,gate_sweep_low_r14,-0.021932205389020965,0.001424059271812439,0.017310023307800293,0.009392520825038228,0.0,0.0,0.0,0.0,0.02797653454151219,0.009392520825038228,1,380,1788600578.0605857
1788600618.403043,40.328000,gate_sweep_low_r14,-0.02169248668360524,0.002591334283351898,0.01714886724948883,0.009061024031907264,0.0,0.0,0.0,0.0,0.027773416063333948,0.009061024031907264,1,380,1788600578.0750248
1788600618.448194,40.360000,gate_sweep_low_r14,-0.02146106047439389,0.003938227891921997,0.016930952668190002,0.00864416525786995,0.0,0.0,0.0,0.0,0.027617818774602645,0.008644165257869952,1,380,1788600578.088173
1788600618.491993,40.396000,gate_sweep_low_r14,-0.021272838319418952,0.004923366010189056,0.016727954149246216,0.007684222366604341,0.0,0.0,0.0,0.0,0.02750631987477983,0.007684222366604341,1,380,1788600578.095975
1788600618.535159,40.428000,gate_sweep_low_r14,-0.021053251082776114,0.005814746022224426,0.01644808053970337,0.00836060190071398,0.0,0.0,0.0,0.0,0.027342092200450883,0.00836060190071398,1,380,1788600578.1071377
1788600618.582808,40.460000,gate_sweep_low_r14,-0.02088040506350808,0.006433717906475067,0.01621238887310028,0.008254461407600205,0.0,0.0,0.0,0.0,0.027207087214343572,0.008254461407600205,1,380,1788600578.1227894
1788600618.627931,40.492000,gate_sweep_low_r14,-0.020539272780297324,0.00747305154800415,0.015803247690200806,0.007674166491039349,0.0,0.0,0.0,0.0,0.026971297027403536,0.007674166491039349,1,380,1788600578.1359117
1788600618.672139,40.528000,gate_sweep_low_r14,-0.02020860483753495,0.008346395567059517,0.01546923816204071,0.006816593463533422,0.0,0.0,0.0,0.0,0.026783341049156067,0.006816593463533421,1,380,1788600578.1441195
1788600618.717776,40.560000,gate_sweep_low_r14,-0.019813381339190528,0.009267693385481834,0.015019893646240234,0.005822595248094242,0.0,0.0,0.0,0.0,0.02653408046124559,0.005822595248094242,1,380,1788600578.157752
1788600618.767324,40.592000,gate_sweep_low_r14,-0.019276978651760146,0.01050979271531105,0.01434868574142456,0.006064965037583743,0.0,0.0,0.0,0.0,0.02622865668244148,0.006064965037583743,1,380,1788600578.1753051
1788600618.814226,40.624000,gate_sweep_low_r14,-0.018855059723136947,0.011548589915037155,0.013776004314422607,0.005918192184784104,0.0,0.0,0.0,0.0,0.026051132433346336,0.005918192184784105,1,380,1788600578.1902072
1788600618.861717,40.660000,gate_sweep_low_r14,-0.018541895056841895,0.012354474514722824,0.013310924172401428,0.0057782572294072555,0.0,0.0,0.0,0.0,0.025954105940241792,0.0057782572294072555,1,380,1788600578.2016966
1788600618.907944,40.692000,gate_sweep_low_r14,-0.018021155352471396,0.013763010501861572,0.012547746300697327,0.005518514655918022,0.0,0.0,0.0,0.0,0.025915795097564028,0.0055185146559180226,1,380,1788600578.2159264
1788600618.956015,40.724000,gate_sweep_low_r14,-0.017631937022088096,0.014891810715198517,0.011965319514274597,0.004681683116847163,0.0,0.0,0.0,0.0,0.025996540166084846,0.004681683116847163,1,380,1788600578.2319932
1788600619.002659,40.756000,gate_sweep_low_r14,-0.017251152748940513,0.016034234315156937,0.01132422685623169,0.004268541722303662,0.0,0.0,0.0,0.0,0.026133064403778463,0.004268541722303662,1,380,1788600578.246639
1788600619.049568,40.792000,gate_sweep_low_r14,-0.01674892773735337,0.017519410699605942,0.010497674345970154,0.004083581723482348,0.0,0.0,0.0,0.0,0.026413206891375232,0.004083581723482348,1,380,1788600578.257546
1788600619.093232,40.824000,gate_sweep_low_r14,-0.016362242604373023,0.018708523362874985,0.009775087237358093,0.0028232890739227083,0.0,0.0,0.0,0.0,0.02670738025268596,0.0028232890739227083,1,380,1788600578.2692115
1788600619.141208,40.856000,gate_sweep_low_r14,-0.01609398817527108,0.019572284072637558,0.00917467474937439,0.002027202036422732,0.0,0.0,0.0,0.0,0.026949311975681216,0.002027202036422732,1,380,1788600578.28519
1788600619.182597,40.888000,gate_sweep_low_r14,-0.01567490232991986,0.02093430608510971,0.008075982332229614,0.0015524843221611055,0.0,0.0,0.0,0.0,0.02737095586471312,0.0015524843221611055,1,380,1788600578.2945778
1788600619.230108,40.924000,gate_sweep_low_r14,-0.0153355386282783,0.021941974759101868,0.007130652666091919,0.001678819519027985,0.0,0.0,0.0,0.0,0.0277033429172893,0.001678819519027985,1,380,1788600578.3060904
1788600619.275721,40.956000,gate_sweep_low_r14,-0.014998008700786158,0.022857215255498886,0.006167754530906677,0.0009787151578941821,0.0,0.0,0.0,0.0,0.028025590987142236,0.000978715157894182,1,380,1788600578.3196943
1788600619.323741,40.988000,gate_sweep_low_r14,-0.014678007195470855,0.02368646115064621,0.005248606204986572,-0.0001045911492967077,0.0,0.0,0.0,0.0,0.02835560269446569,0.00010459114929670769,1,380,1788600578.3357246
1788600619.369778,41.020000,gate_sweep_low_r14,-0.014333320053992793,0.024596206843852997,0.0041165947914123535,0.0003327257374758889,0.0,0.0,0.0,0.0,0.028763932407660748,0.00033272573747588887,1,380,1788600578.3497565
1788600619.414299,41.056000,gate_sweep_low_r14,-0.01416999867069535,0.025088772177696228,0.0034263581037521362,0.0005204093611262226,0.0,0.0,0.0,0.0,0.029016810327239625,0.0005204093611262226,1,380,1788600578.358281
1788600619.464041,41.088000,gate_sweep_low_r14,-0.013954552094219252,0.025682013481855392,0.0024491101503372192,0.0004761456541683738,0.0,0.0,0.0,0.0,0.02933075998266949,0.0004761456541683738,1,380,1788600578.376023
1788600619.509198,41.120000,gate_sweep_low_r14,-0.013721546361921355,0.026190169155597687,0.0014387518167495728,-1.9242087274310025e-05,0.0,0.0,0.0,0.0,0.029601956046034827,1.9242087274310025e-05,1,380,1788600578.389169
1788600619.555622,41.152000,gate_sweep_low_r14,-0.013443142379401252,0.02673747017979622,0.0002346336841583252,-5.65509115538158e-05,0.0,0.0,0.0,0.0,0.029927670166822,5.65509115538158e-05,1,380,1788600578.4036024
1788600619.601931,41.188000,gate_sweep_low_r14,-0.01324681585538201,0.02713445946574211,-0.0006726086139678955,-0.00053801134624702,0.0,0.0,0.0,0.0,0.030202804888817623,0.00053801134624702,1,380,1788600578.4139106
1788600619.649717,41.220000,gate_sweep_low_r14,-0.013113036955473945,0.02741696685552597,-0.001319587230682373,-0.00023396598321398323,0.0,0.0,0.0,0.0,0.030420110456933172,0.00023396598321398323,1,380,1788600578.429699
1788600619.695645,41.252000,gate_sweep_low_r14,-0.012935633974848315,0.02786078304052353,-0.0023524463176727295,-0.0012379793898480117,0.0,0.0,0.0,0.0,0.0308072696232546,0.0012379793898480117,1,380,1788600578.4436178
1788600619.738195,41.284000,gate_sweep_low_r14,-0.012824868987081572,0.02816777676343918,-0.003102913498878479,-0.0018527195113532719,0.0,0.0,0.0,0.0,0.031105127945602044,0.0018527195113532719,1,380,1788600578.4541764
1788600619.785653,41.320000,gate_sweep_low_r14,-0.012703866901574656,0.028416767716407776,-0.003784269094467163,-0.0009956116523792387,0.0,0.0,0.0,0.0,0.031356364812913796,0.000995611652379239,1,380,1788600578.465635
1788600619.831488,41.352000,gate_sweep_low_r14,-0.012576779554365203,0.028542861342430115,-0.004521235823631287,-0.0023174679397414714,0.0,0.0,0.0,0.0,0.03151685090463793,0.0023174679397414714,1,380,1788600578.4794712
1788600619.879935,41.384000,gate_sweep_low_r14,-0.012537795322714373,0.028482120484113693,-0.005090013146400452,-0.0024607554600090224,0.0,0.0,0.0,0.0,0.03153308948797084,0.0024607554600090224,1,380,1788600578.4959161
1788600619.924663,41.416000,gate_sweep_low_r14,-0.01255175398546271,0.028362371027469635,-0.005515977740287781,-0.002535718591737924,0.0,0.0,0.0,0.0,0.031502327355971305,0.002535718591737924,1,380,1788600578.5086439
1788600619.969703,41.452000,gate_sweep_low_r14,-0.01269113106536679,0.028026316314935684,-0.006221696734428406,-0.0026857291659431307,0.0,0.0,0.0,0.0,0.031388671908163704,0.0026857291659431307,1,380,1788600578.5176725
1788600620.013243,41.484000,gate_sweep_low_r14,-0.012911557423649356,0.027649786323308945,-0.006752416491508484,-0.0026615207085016,0.0,0.0,0.0,0.0,0.03125402577754797,0.0026615207085016,1,380,1788600578.529225
1788600620.057644,41.516000,gate_sweep_low_r14,-0.013177479821024463,0.027222268283367157,-0.007240965962409973,-0.0014453148432519041,0.0,0.0,0.0,0.0,0.03109870500509473,0.0014453148432519041,1,380,1788600578.5416203
1788600620.109185,41.548000,gate_sweep_low_r14,-0.013574797863839194,0.026578031480312347,-0.007837653160095215,-0.000506004325132305,0.0,0.0,0.0,0.0,0.030856048053347948,0.000506004325132305,1,380,1788600578.5611634
1788600620.152895,41.584000,gate_sweep_low_r14,-0.01392055323231034,0.02598641812801361,-0.008342906832695007,-0.00014007949984451253,0.0,0.0,0.0,0.0,0.030637882169571858,0.00014007949984451253,1,380,1788600578.5688748
1788600620.197791,41.616000,gate_sweep_low_r14,-0.014185458625433967,0.025496825575828552,-0.008746221661567688,0.00024579485528637625,0.0,0.0,0.0,0.0,0.030460002367225774,0.00024579485528637625,1,380,1788600578.5817719
1788600620.243227,41.648000,gate_sweep_low_r14,-0.014521196688292548,0.02477205917239189,-0.009269297122955322,0.0006078797928564039,0.0,0.0,0.0,0.0,0.030173497279138716,0.0006078797928564039,1,380,1788600578.5952065
1788600620.288843,41.680000,gate_sweep_low_r14,-0.014886679331539199,0.02379349246621132,-0.009970083832740784,0.0009086843276655815,0.0,0.0,0.0,0.0,0.029784997513708313,0.0009086843276655815,1,380,1788600578.6088228
1788600620.336545,41.716000,gate_sweep_low_r14,-0.015115476417122409,0.02295316383242607,-0.010546207427978516,0.0002733736564624723,0.0,0.0,0.0,0.0,0.029437184789798176,0.00027337365646247237,1,380,1788600578.6205232
1788600620.383122,41.748000,gate_sweep_low_r14,-0.015262021886883304,0.022058479487895966,-0.011099129915237427,-0.0006213252364028978,0.0,0.0,0.0,0.0,0.029029235509550548,0.0006213252364028978,1,379,1788600578.6351025
1788600620.428899,41.780000,gate_sweep_low_r14,-0.015335500444052741,0.021385040134191513,-0.011492908000946045,-0.0006450366051289882,0.0,0.0,0.0,0.0,0.028715578519833675,0.0006450366051289882,1,379,1788600578.6488752
1788600620.475725,41.812000,gate_sweep_low_r14,-0.015369106287835166,0.020208686590194702,-0.012132227420806885,-0.0008293128613018202,0.0,0.0,0.0,0.0,0.02813878789105295,0.0008293128613018202,1,379,1788600578.6637056
1788600620.523054,41.848000,gate_sweep_low_r14,-0.015400551463244483,0.019277922809123993,-0.012563139200210571,-0.0019559853943240954,0.0,0.0,0.0,0.0,0.02768840478919745,0.0019559853943240954,1,379,1788600578.675035
1788600620.571559,41.880000,gate_sweep_low_r14,-0.01542000865447335,0.018369726836681366,-0.012933611869812012,-0.0020617683774524884,0.0,0.0,0.0,0.0,0.02724888707740679,0.002061768377452489,1,379,1788600578.6915412
1788600620.614593,41.912000,gate_sweep_low_r14,-0.01539676936226897,0.017199859023094177,-0.013372719287872314,-0.0037148622686960513,0.0,0.0,0.0,0.0,0.026678179817248605,0.0037148622686960513,1,379,1788600578.7025776
1788600620.662144,41.944000,gate_sweep_low_r14,-0.01532579233753495,0.0162431001663208,-0.013667374849319458,-0.0038239599868721565,0.0,0.0,0.0,0.0,0.026182348043255897,0.0038239599868721565,1,379,1788600578.7181242
1788600620.709249,41.980000,gate_sweep_low_r14,-0.015238070132909343,0.015527892857789993,-0.013852298259735107,-0.003990823495905642,0.0,0.0,0.0,0.0,0.025791479311104464,0.003990823495905642,1,379,1788600578.7292168
1788600620.752383,42.012000,gate_sweep_low_r14,-0.01497668048250489,0.014085646718740463,-0.014289945363998413,-0.004950599794690628,0.0,0.0,0.0,0.0,0.025038149697337194,0.004950599794690628,1,379,1788600578.7403617
1788600620.798731,42.044000,gate_sweep_low_r14,-0.014743205363629386,0.013126421719789505,-0.014454811811447144,-0.004779546308279111,0.0,0.0,0.0,0.0,0.02446643897391412,0.004779546308279111,1,379,1788600578.7547085
1788600620.842885,42.076000,gate_sweep_low_r14,-0.014539522322593257,0.012420877814292908,-0.014550983905792236,-0.0058966021600180135,0.0,0.0,0.0,0.0,0.0240292956133426,0.0058966021600180135,1,379,1788600578.7668612
1788600620.887084,42.112000,gate_sweep_low_r14,-0.014152506570098922,0.011261269450187683,-0.014644905924797058,-0.006890372360007556,0.0,0.0,0.0,0.0,0.023271933769942275,0.006890372360007557,1,379,1788600578.775067
1788600620.931139,42.144000,gate_sweep_low_r14,-0.01380236932891421,0.010274246335029602,-0.014604553580284119,-0.00774761585589518,0.0,0.0,0.0,0.0,0.022568972553574755,0.00774761585589518,1,379,1788600578.7871206
1788600620.977283,42.176000,gate_sweep_low_r14,-0.013518087769625708,0.009314218536019325,-0.014446809887886047,-0.008174665123379245,0.0,0.0,0.0,0.0,0.021867868662051915,0.008174665123379245,1,379,1788600578.8012655
1788600621.020743,42.208000,gate_sweep_low_r14,-0.013201656023738906,0.00827440433204174,-0.014211103320121765,-0.008618481392134145,0.0,0.0,0.0,0.0,0.021088028508952864,0.008618481392134145,1,379,1788600578.8127193
1788600621.066297,42.244000,gate_sweep_low_r14,-0.01297739168512635,0.007524922490119934,-0.014017269015312195,-0.008495535694018827,0.0,0.0,0.0,0.0,0.020530976208625117,0.008495535694018827,1,379,1788600578.8222744
1788600621.115052,42.276000,gate_sweep_low_r14,-0.012804514000890777,0.006989825516939163,-0.013920366764068604,-0.009373417160255406,0.0,0.0,0.0,0.0,0.020164073259201564,0.009373417160255408,1,379,1788600578.8390317
1788600621.156980,42.308000,gate_sweep_low_r14,-0.012573914806125686,0.0063320342451334,-0.013834431767463684,-0.009913268556356164,0.0,0.0,0.0,0.0,0.01973802152095942,0.009913268556356164,1,379,1788600578.8489606
1788600621.199779,42.340000,gate_sweep_low_r14,-0.012263270298717543,0.005576789379119873,-0.013770461082458496,-0.010285516944090533,0.0,0.0,0.0,0.0,0.0192643187427424,0.010285516944090533,1,379,1788600578.8597624
1788600621.249417,42.376000,gate_sweep_low_r14,-0.012038011307595298,0.005035165697336197,-0.013765767216682434,-0.010873267001764896,0.0,0.0,0.0,0.0,0.01896741829836924,0.010873267001764896,1,379,1788600578.8733923
1788600621.296056,42.408000,gate_sweep_low_r14,-0.011878001707373187,0.004553861916065216,-0.013794764876365662,-0.010989165284928146,0.0,0.0,0.0,0.0,0.018764863999111776,0.010989165284928146,1,379,1788600578.8880363
1788600621.341912,42.440000,gate_sweep_low_r14,-0.011815943027613685,0.00420546717941761,-0.01381915807723999,-0.011266095353916076,0.0,0.0,0.0,0.0,0.01866203616416811,0.011266095353916076,1,379,1788600578.9018936
1788600621.386691,42.472000,gate_sweep_low_r14,-0.011789054813561961,0.003689635545015335,-0.01378418505191803,-0.011464313077675668,0.0,0.0,0.0,0.0,0.018509429526534022,0.011464313077675668,1,379,1788600578.914673
1788600621.433208,42.508000,gate_sweep_low_r14,-0.011856650206027552,0.003355754539370537,-0.013658314943313599,-0.010812179499498774,0.0,0.0,0.0,0.0,0.018395401863708843,0.010812179499498774,1,379,1788600578.925187
1788600621.478188,42.540000,gate_sweep_low_r14,-0.012005983124254271,0.0030820034444332123,-0.013402402400970459,-0.010177218629298728,0.0,0.0,0.0,0.0,0.01825559547450905,0.010177218629298728,1,379,1788600578.9381669
1788600621.521765,42.572000,gate_sweep_low_r14,-0.012314454856095836,0.0027771946042776108,-0.013056471943855286,-0.008141526575764262,0.0,0.0,0.0,0.0,0.018161224295006415,0.008141526575764262,1,379,1788600578.949743
1788600621.566980,42.604000,gate_sweep_low_r14,-0.012692873569903895,0.0025295447558164597,-0.012735322117805481,-0.007540821178092847,0.0,0.0,0.0,0.0,0.018157534677855056,0.007540821178092847,1,379,1788600578.9629624
1788600621.618249,42.640000,gate_sweep_low_r14,-0.013065238686976954,0.0022981073707342148,-0.012477964162826538,-0.006232728744983793,0.0,0.0,0.0,0.0,0.018212120938646482,0.006232728744983793,1,379,1788600578.9782298
1788600621.671426,42.672000,gate_sweep_low_r14,-0.013840101863024756,0.0018248092383146286,-0.012024641036987305,-0.004877219433232088,0.0,0.0,0.0,0.0,0.018424720904359416,0.004877219433232088,1,379,1788600578.9994087
1788600621.718935,42.704000,gate_sweep_low_r14,-0.01459214391070418,0.0013527292758226395,-0.011629760265350342,-0.003688868292110585,0.0,0.0,0.0,0.0,0.01870860401617102,0.003688868292110585,1,379,1788600579.0149074
1788600621.763901,42.736000,gate_sweep_low_r14,-0.015421401913044974,0.0008473265916109085,-0.011158376932144165,-0.0025923486738842925,0.0,0.0,0.0,0.0,0.019053791619421192,0.0025923486738842925,1,379,1788600579.0278814
1788600621.811486,42.772000,gate_sweep_low_r14,-0.016552049870369956,9.033456444740295e-05,-0.01047872006893158,-0.001133870899411788,0.0,0.0,0.0,0.0,0.01959035705462709,0.001133870899411788,1,379,1788600579.0394616
1788600621.859063,42.804000,gate_sweep_low_r14,-0.017464386502979323,-0.0006033517420291901,-0.009850382804870605,-0.00010247011370857878,0.0,0.0,0.0,0.0,0.020059882119607447,0.00010247011370857878,1,379,1788600579.0550413
1788600621.909261,42.836000,gate_sweep_low_r14,-0.018114075268385932,-0.001161804422736168,-0.009322404861450195,0.000502286707426078,0.0,0.0,0.0,0.0,0.02040531167971297,0.000502286707426078,1,379,1788600579.0732393
1788600621.951680,42.868000,gate_sweep_low_r14,-0.01914964450406842,-0.002182232216000557,-0.008444651961326599,0.0009491952006274354,0.0,0.0,0.0,0.0,0.02104241356937663,0.0009491952006274354,1,379,1788600579.0836627
1788600622.000253,42.904000,gate_sweep_low_r14,-0.019961733574746177,-0.0030242465436458588,-0.0077542513608932495,0.000962860957776823,0.0,0.0,0.0,0.0,0.02162741983302256,0.000962860957776823,1,379,1788600579.0962148
1788600622.042903,42.936000,gate_sweep_low_r14,-0.020760327781317756,-0.0038702674210071564,-0.00700889527797699,0.0004502536159654356,0.0,0.0,0.0,0.0,0.02225072566267247,0.0004502536159654356,1,379,1788600579.106888
1788600622.084659,42.968000,gate_sweep_low_r14,-0.021518137509701774,-0.004705604165792465,-0.006244048476219177,0.0015945002761922162,0.0,0.0,0.0,0.0,0.022894564722329466,0.0015945002761922162,1,379,1788600579.1166394
1788600622.136091,43.000000,gate_sweep_low_r14,-0.02239692976581864,-0.005657408386468887,-0.005287691950798035,0.0024005178315214164,0.0,0.0,0.0,0.0,0.02369785683881215,0.0024005178315214164,1,379,1788600579.1360714
1788600622.181590,43.036000,gate_sweep_low_r14,-0.022866191546199843,-0.006196607835590839,-0.004732862114906311,0.001993842715131656,0.0,0.0,0.0,0.0,0.024159069690166516,0.001993842715131656,1,379,1788600579.14557
1788600622.225325,43.068000,gate_sweep_low_r14,-0.023436969349859282,-0.006887601688504219,-0.004024967551231384,0.0018465515968108198,0.0,0.0,0.0,0.0,0.02475744237828688,0.0018465515968108198,1,379,1788600579.1573074
1788600622.273790,43.100000,gate_sweep_low_r14,-0.02393056472647004,-0.00753682479262352,-0.003354281187057495,0.0022328334972098966,0.0,0.0,0.0,0.0,0.025312583004591303,0.0022328334972098966,1,379,1788600579.1737638
1788600622.319762,43.132000,gate_sweep_low_r14,-0.02438282614457421,-0.008261051960289478,-0.002635166049003601,0.0017993626012896373,0.0,0.0,0.0,0.0,0.025878780697570655,0.0017993626012896373,1,379,1788600579.1877415
1788600622.366729,43.168000,gate_sweep_low_r14,-0.024651469866512343,-0.008745651692152023,-0.002148449420928955,0.0014096336864682902,0.0,0.0,0.0,0.0,0.026244946656724177,0.0014096336864682902,1,379,1788600579.1987066
1788600622.410460,43.200000,gate_sweep_low_r14,-0.024811107869027182,-0.009086314588785172,-0.00182439386844635,0.001341464523233861,0.0,0.0,0.0,0.0,0.026485479030632943,0.001341464523233861,1,379,1788600579.2104375
1788600622.454342,43.232000,gate_sweep_low_r14,-0.025054902042029426,-0.009606495499610901,-0.0012860000133514404,0.0010309743078381899,0.0,0.0,0.0,0.0,0.0268642265504532,0.0010309743078381899,1,379,1788600579.222322
1788600622.504678,43.264000,gate_sweep_low_r14,-0.02524075491237454,-0.009964793920516968,-0.0008599311113357544,0.0004776298288895463,0.0,0.0,0.0,0.0,0.02715018062446684,0.0004776298288895463,1,379,1788600579.240658
1788600622.549539,43.300000,gate_sweep_low_r14,-0.025429494882700965,-0.010250912047922611,-0.0004407167434692383,-0.0003486972868255136,0.0,0.0,0.0,0.0,0.027421426641433766,0.0003486972868255136,1,379,1788600579.2495162
1788600622.595097,43.332000,gate_sweep_low_r14,-0.025675256008980796,-0.01046902034431696,5.435943603515625e-05,0.0005734804122823398,0.0,0.0,0.0,0.0,0.027727641678381394,0.0005734804122823398,1,379,1788600579.2630785
1788600622.641786,43.364000,gate_sweep_low_r14,-0.0258753040980082,-0.010575858876109123,0.0004393160343170166,0.0007033058130450979,0.0,0.0,0.0,0.0,0.02795662983461676,0.0007033058130450979,1,379,1788600579.2777677
1788600622.688648,43.396000,gate_sweep_low_r14,-0.02603828368592076,-0.010610156692564487,0.000727728009223938,0.0002287283287861704,0.0,0.0,0.0,0.0,0.028126450725334456,0.0002287283287861704,1,379,1788600579.2926269
1788600622.734189,43.432000,gate_sweep_low_r14,-0.026321243698475882,-0.010628937743604183,0.0012301504611968994,0.00017424921298287344,0.0,0.0,0.0,0.0,0.028412945245946484,0.00017424921298287344,1,379,1788600579.3021736
1788600622.778897,43.464000,gate_sweep_low_r14,-0.026539953629253432,-0.010633304715156555,0.0016740411520004272,-0.0006217084484232279,0.0,0.0,0.0,0.0,0.028639810082940215,0.0006217084484232279,1,379,1788600579.3148766
1788600622.824953,43.496000,gate_sweep_low_r14,-0.026728600467322394,-0.010610818862915039,0.0021503567695617676,-0.0013148879301284108,0.0,0.0,0.0,0.0,0.02883802340868286,0.0013148879301284108,1,379,1788600579.328935
1788600622.869933,43.528000,gate_sweep_low_r14,-0.02688085866975598,-0.01051880419254303,0.002701103687286377,-0.0003038640379845878,0.0,0.0,0.0,0.0,0.02899175340668322,0.0003038640379845878,1,379,1788600579.3419144
1788600622.920934,43.564000,gate_sweep_low_r14,-0.026918720657704398,-0.010354559868574142,0.0030707865953445435,0.0008609535757484324,0.0,0.0,0.0,0.0,0.029004554163674975,0.0008609535757484324,1,379,1788600579.3569133
1788600622.963247,43.596000,gate_sweep_low_r14,-0.026898732612608,-0.010191003791987896,0.00329628586769104,0.0011824073278540233,0.0,0.0,0.0,0.0,0.028952786998395035,0.0011824073278540236,1,379,1788600579.3672266
1788600623.005586,43.628000,gate_sweep_low_r14,-0.026838965917704627,-0.009978555142879486,0.003570273518562317,0.0010784535641748447,0.0,0.0,0.0,0.0,0.028855649486167253,0.0010784535641748447,1,379,1788600579.3775578
1788600623.057941,43.660000,gate_sweep_low_r14,-0.026642766053555533,-0.009714365936815739,0.003838956356048584,-0.0005505059208430557,0.0,0.0,0.0,0.0,0.028617188444054087,0.0005505059208430557,1,379,1788600579.3979156
1788600623.106487,43.696000,gate_sweep_low_r14,-0.02629400437581353,-0.00947661604732275,0.003949865698814392,-0.001124981963605802,0.0,0.0,0.0,0.0,0.02822733350606016,0.001124981963605802,1,379,1788600579.4104655
1788600623.150043,43.728000,gate_sweep_low_r14,-0.025721349025843665,-0.009233668446540833,0.003954097628593445,-0.0015234926090353337,0.00060281902551651,-0.00028600916266441345,0.0009754598140716553,-0.0003260851027948004,0.02796238032583583,0.0011974075062405332,1,377,1788600579.422026
1788600623.199455,43.760000,gate_sweep_low_r14,-0.025169609318254516,-0.009048095904290676,0.003911495208740234,-0.0007127866712077167,-0.0006097705336287618,-0.0007417033775709569,8.824467658996582e-05,0.00920397786219875,0.026206851824786964,0.009916764533406466,1,371,1788600579.4394338
1788600623.242617,43.792000,gate_sweep_low_r14,-0.024032203684328124,-0.008690575137734413,0.0037963539361953735,0.005318239867891167,-0.0008819551439955831,-0.0006853786762803793,0.0009223074303008616,0.008482121416578425,0.02466327880034789,0.003163881548687258,1,345,1788600579.4505985
1788600623.292755,43.828000,gate_sweep_low_r14,-0.02295843345928006,-0.008319506421685219,0.0037031620740890503,0.011960935959362304,-0.0016060771886259317,-0.0010867377277463675,0.0007781237363815308,0.023971463614398256,0.02273305765984909,0.012010527655035953,1,339,1788600579.4647331
1788600623.338523,43.860000,gate_sweep_low_r14,-0.021728946099756286,-0.0079143475741148,0.003639131784439087,0.011823163537365419,-0.0015542431501671672,-0.00038342224434018135,0.0017981820274144411,0.017461250176594056,0.02161301856369651,0.005638086639228637,1,333,1788600579.478501
1788600623.381761,43.892000,gate_sweep_low_r14,-0.019973555783508345,-0.007376674562692642,0.003664761781692505,0.011878166100515597,-0.002493597101420164,-0.0005402755341492593,0.00187554897274822,0.020100131524113808,0.018854352009036776,0.00822196542359821,1,326,1788600579.4897432
1788600623.428920,43.924000,gate_sweep_low_r14,-0.018331807310460135,-0.006882173009216785,0.0036813467741012573,0.03475876026968792,-0.0037253941409289837,-0.0010405557695776224,0.002803995506837964,0.028014446492016638,0.015755682876336115,0.006744313777671277,1,317,1788600579.5049036
1788600623.474491,43.960000,gate_sweep_low_r14,-0.01695823689806275,-0.006481981836259365,0.003677859902381897,0.09384880103725671,-0.004309683106839657,-0.001154411816969514,0.0043648467399179935,0.06630732885396452,0.013741938227005972,0.027541472183292177,1,306,1788600579.5144694
1788600623.526951,43.992000,gate_sweep_low_r14,-0.014425806904910132,-0.005796942859888077,0.003745928406715393,0.35460377435469936,-0.004927649162709713,-0.0011421648086979985,0.005518777761608362,0.18846936486866556,0.010724968719614389,0.16613440948603378,1,291,1788600579.534931
1788600623.572162,44.024000,gate_sweep_low_r14,-0.012192511203465983,-0.005227141082286835,0.0037750154733657837,0.7486263268265375,-0.00438658706843853,-0.001636764034628868,0.00565558485686779,0.45898779819783514,0.008795442010059435,0.2896385286287023,1,280,1788600579.5481422
1788600623.617405,44.056000,gate_sweep_low_r14,-0.009729346464155242,-0.004610195755958557,0.0037528574466705322,1.3465330364471235,-0.005577474366873503,-0.0037151086144149303,0.004393933340907097,0.9287216797533413,0.004295369740233618,0.41781135669378217,1,264,1788600579.5613835
1788600623.665390,44.092000,gate_sweep_low_r14,-0.006256616878090426,-0.0037546660751104355,0.00367601215839386,2.389043882033186,-0.006465121638029814,-0.005736124701797962,0.006018070969730616,1.6957714848213363,0.0030748808106903815,0.6932723972118496,1,241,1788600579.5733693
1788600623.713317,44.124000,gate_sweep_low_r14,-0.0031242691620718688,-0.0029558036476373672,0.0034826993942260742,3.4391302402048645,-0.006533443927764893,-0.00867104809731245,0.004791853949427605,2.6058875172949163,0.006782357801825619,0.8332427229099483,1,219,1788600579.5892959
1788600623.758117,44.156000,gate_sweep_low_r14,-0.0004954741016263142,-0.0023144427686929703,0.003278762102127075,4.358344986035231,-0.00676882266998291,-0.011212967336177826,0.005963502451777458,3.6914804356414357,0.011213673460702971,0.6668645503937949,1,202,1788600579.602098
1788600623.806578,44.188000,gate_sweep_low_r14,0.004474305344047025,-0.0010228808969259262,0.0028370022773742676,6.118548490313963,-0.006510235369205475,-0.014815567061305046,0.005612995941191912,4.986282159625568,0.017849494870491787,1.132266330688395,1,194,1788600579.6185594
1788600623.857007,44.224000,gate_sweep_low_r14,0.010215133224846795,0.0005839355289936066,0.002306312322616577,8.123865522628096,-0.008438698947429657,-0.019303739070892334,0.007400628179311752,6.656175274918219,0.027738729418453546,1.467690247709876,1,176,1788600579.6329937
1788600623.896523,44.256000,gate_sweep_low_r14,0.013908803259255365,0.0016051102429628372,0.0019494891166687012,9.420242907981551,-0.007148332893848419,-0.022482527419924736,0.008534307591617107,8.268754730094392,0.03266461549592972,1.1514881778871604,1,397,1788600579.6404967
1788600623.941720,44.288000,gate_sweep_low_r14,0.01872049251687713,0.003033911809325218,0.0014751255512237549,11.284427037892803,-0.012231767177581787,-0.028012335300445557,0.010011428967118263,10.042832722957794,0.04466296358060433,1.2415943149350082,1,250,1788600579.653694
1788600623.994407,44.320000,gate_sweep_low_r14,0.024720022251131013,0.004847370088100433,0.0008792281150817871,13.802778620549537,-0.01427240576595068,-0.03196142241358757,0.010391274467110634,11.919032611944026,0.05445893566626845,1.8837460086055113,1,174,1788600579.6743913
1788600624.034976,44.356000,gate_sweep_low_r14,0.028312876616837457,0.005891317501664162,0.0005453526973724365,15.397854575894216,-0.01807200163602829,-0.03774518147110939,0.013136887922883034,14.186338173784705,0.0649172375603685,1.2115164021095117,1,369,1788600579.6789618
1788600624.095493,44.388000,gate_sweep_low_r14,0.03301446491968818,0.007178468629717827,8.496642112731934e-05,17.58083528443986,-0.020827919244766235,-0.04319113865494728,0.014317281544208527,16.300729192157792,0.07509100122043098,1.2801060922820693,1,190,1788600579.707474
1788600624.141466,44.420000,gate_sweep_low_r14,0.0376094838429708,0.008296111598610878,-0.00041003525257110596,19.80318202157525,-0.023126788437366486,-0.049333009868860245,0.018032021820545197,18.460113748193713,0.08573284015307021,1.3430682733815367,1,372,1788600579.721447
1788600624.194730,44.452000,gate_sweep_low_r14,0.04310310984146781,0.009315164759755135,-0.0005901604890823364,22.26139860972178,-0.0268024243414402,-0.05523887649178505,0.021177643910050392,20.55786559379515,0.09761068209812988,1.7035330159266304,1,247,1788600579.742702
1788600624.236702,44.488000,gate_sweep_low_r14,0.04780567789566703,0.010171867907047272,-0.0010978132486343384,24.142168420716732,-0.01699194312095642,-0.06222356855869293,0.021306730806827545,22.532576895363768,0.09970854780214242,1.6095915253529636,1,346,1788600579.7486835
1788600624.291561,44.520000,gate_sweep_low_r14,0.05136411989224143,0.01084742322564125,-0.001226469874382019,25.505692278818373,-0.01884838566184044,-0.07259203493595123,0.032069139182567596,24.196000570643694,0.11401989605746599,1.309691708174679,1,217,1788600579.7715425
1788600624.333905,44.552000,gate_sweep_low_r14,0.05825211832416244,0.01245133951306343,-0.002184733748435974,27.865353957306482,-0.0012922044843435287,-0.0730033591389656,0.017489856109023094,25.647044981197265,0.10599585551563744,2.2183089761092174,1,365,1788600579.7818844
1788600624.381291,44.584000,gate_sweep_low_r14,0.0636736897577066,0.01386209949851036,-0.0026174336671829224,29.53560961080452,-0.00017188838683068752,-0.08133690059185028,0.022599641233682632,27.377185789784278,0.11736698144440184,2.158423821020244,1,238,1788600579.797272
1788600624.435194,44.620000,gate_sweep_low_r14,0.06906861046445556,0.015292074531316757,-0.003062337636947632,30.95244905987653,0.005337695591151714,-0.08791152387857437,0.027682321146130562,28.830270567483403,0.12513131614039025,2.1221784923931266,1,190,1788600579.815175
1788600624.476092,44.652000,gate_sweep_low_r14,0.07610174993169494,0.01704738289117813,-0.00342404842376709,32.76880776821025,0.014555639587342739,-0.09103390574455261,0.022119026631116867,30.02311823470579,0.1269721911874358,2.7456895335044575,1,364,1788600579.8240745
1788600624.532878,44.684000,gate_sweep_low_r14,0.0815589202393312,0.01830879971385002,-0.00369243323802948,34.19672098528625,0.015464776195585728,-0.09197875112295151,0.028395529836416245,31.172427708183495,0.13251949713428002,3.0242932771027538,1,217,1788600579.8488579
1788600624.574610,44.716000,gate_sweep_low_r14,0.0855177266348619,0.019088711589574814,-0.00389312207698822,35.23835203212582,0.021073434501886368,-0.09364856034517288,0.029180875048041344,32.37251898467524,0.13400241996932744,2.8658330474505793,1,362,1788600579.858591
1788600624.631343,44.752000,gate_sweep_low_r14,0.09167393276584335,0.020317204296588898,-0.004297390580177307,36.80195717981208,0.027389949187636375,-0.09509674459695816,0.027004139497876167,33.66871189443147,0.13576669668631097,3.1332452853806085,1,198,1788600579.879313
1788600624.672773,44.784000,gate_sweep_low_r14,0.09597030261647888,0.021318793296813965,-0.004661962389945984,37.90904985539724,0.03509753942489624,-0.09846394509077072,0.026106564328074455,34.74037955735737,0.13784085007937447,3.16867029803987,1,351,1788600579.8887575
1788600624.722064,44.816000,gate_sweep_low_r14,0.0995020491827745,0.022221654653549194,-0.005122363567352295,38.91487051428344,0.04448961094021797,-0.1026771292090416,0.023540085181593895,35.74389310405933,0.1394546899176619,3.1709774102241153,1,232,1788600579.9060483
1788600624.777238,44.848000,gate_sweep_low_r14,0.10296954939258285,0.02321571856737137,-0.0058065056800842285,39.97990162218694,0.04662230238318443,-0.0995820015668869,0.019955044612288475,36.584712045867356,0.13754253810794762,3.395189576319583,1,184,1788600579.9292188
1788600624.818175,44.884000,gate_sweep_low_r14,0.10476030388963409,0.02386956661939621,-0.006511703133583069,40.612882215958756,0.051013920456171036,-0.10166411846876144,0.018557343631982803,37.39935864184503,0.13883744786520563,3.2135235741137227,1,330,1788600579.9341598
1788600624.875172,44.916000,gate_sweep_low_r14,0.10547032931935973,0.02421552687883377,-0.007099762558937073,40.95305378519317,0.0550253763794899,-0.10269360989332199,0.015467199496924877,37.96304932208502,0.1384192546208443,2.9900044631081517,1,196,1788600579.9591475
1788600624.968147,44.948000,gate_sweep_low_r14,0.10581431517493911,0.02455717697739601,-0.007847264409065247,41.21651210316596,0.057652685791254044,-0.10394766181707382,0.014100641943514347,38.32428693964858,0.1389775044089716,2.892225163517378,1,298,1788600580.0201309
1788600625.030177,44.980000,gate_sweep_low_r14,0.10552655140054412,0.02478371188044548,-0.008837684988975525,41.341901066853985,0.05642662197351456,-0.10312848538160324,0.013402506709098816,38.46197036948207,0.13880547325272027,2.879930697371914,1,168,1788600580.0501482
1788600625.077590,45.016000,gate_sweep_low_r14,0.10511467585456558,0.024772867560386658,-0.009442627429962158,41.35006640099967,0.0573146715760231,-0.10349161922931671,0.0119800865650177,38.51161531590269,0.1385480120945998,2.83845108509699,1,291,1788600580.06157
1788600625.125916,45.048000,gate_sweep_low_r14,0.10433135906350799,0.02462947368621826,-0.010220780968666077,41.354763857970596,0.05802664905786514,-0.10256464034318924,0.008332459256052971,38.512104066709874,0.13662610122252897,2.842659791260722,1,201,1788600580.0778923
1788600625.176634,45.080000,gate_sweep_low_r14,0.10330871472251602,0.024321015924215317,-0.010940343141555786,41.35411488274992,0.05988215282559395,-0.10265854001045227,0.0041235340759158134,38.52786784477029,0.1350429350257748,2.826247037979624,1,196,1788600580.0966055
1788600625.226575,45.112000,gate_sweep_low_r14,0.1016871927131433,0.023664958775043488,-0.01175658404827118,41.345303084958395,0.06014217436313629,-0.1019379049539566,0.000939289340749383,38.52686003904624,0.13290317200028834,2.8184430459121566,1,187,1788600580.1145566
1788600625.278925,45.148000,gate_sweep_low_r14,0.10008878985536285,0.022858135402202606,-0.012336090207099915,41.337178113595016,0.0616038516163826,-0.10153844207525253,-0.003021199954673648,38.53783453407537,0.13054641373771003,2.7993435795196406,1,180,1788600580.130906
1788600625.335359,45.180000,gate_sweep_low_r14,0.09871728697908111,0.022081930190324783,-0.012735813856124878,41.3304119920763,0.06194000318646431,-0.10042493045330048,-0.005174954421818256,38.54575815417286,0.12813144072906008,2.7846538379034365,1,173,1788600580.155336
1788600625.381037,45.212000,gate_sweep_low_r14,0.09614828953635879,0.020541831851005554,-0.013290151953697205,41.3155953567937,0.06345260143280029,-0.09860962629318237,-0.010815506801009178,38.53766944658684,0.12358075039051618,2.7779259102068576,1,172,1788600580.1690187
1788600625.430280,45.244000,gate_sweep_low_r14,0.09382703134906478,0.019074972718954086,-0.013625875115394592,41.30278483384896,0.0680774375796318,-0.09824720025062561,-0.01749224029481411,38.56597866588082,0.1201768805939621,2.7368061679681452,1,166,1788600580.1862612
1788600625.485205,45.280000,gate_sweep_low_r14,0.09124711135518737,0.01738162711262703,-0.013892844319343567,41.30365738096106,0.06916781514883041,-0.09535045176744461,-0.021074585616588593,38.558885770757456,0.11509819432837032,2.7447716102036126,1,160,1788600580.205185
1788600625.527216,45.312000,gate_sweep_low_r14,0.08763068894040771,0.014966174960136414,-0.014178618788719177,41.39203613272721,0.07182200253009796,-0.09405694901943207,-0.02580355480313301,38.605017429688516,0.11077497580962538,2.787018703038694,1,304,1788600580.215198
1788600625.575384,45.344000,gate_sweep_low_r14,0.08445645848405547,0.01279502734541893,-0.014354676008224487,41.68445212795473,0.07454422861337662,-0.0927552804350853,-0.02928418479859829,38.74193156260439,0.10706077716087342,2.942520565350329,1,210,1788600580.2313616
1788600625.623446,45.376000,gate_sweep_low_r14,0.08204247037065215,0.011052768677473068,-0.014369964599609375,42.09681725094034,0.08095402270555496,-0.09197528660297394,-0.031985484063625336,39.152245548274344,0.10452880664763003,2.9445717026659994,1,173,1788600580.2474291
1788600625.690557,45.412000,gate_sweep_low_r14,0.07866635898244567,0.008563775569200516,-0.013666480779647827,43.04499858230461,0.09177792072296143,-0.08671735972166061,-0.029555462300777435,39.89597869196221,0.09748265244324006,3.149019890342394,1,155,1788600580.2785347
1788600625.735262,45.444000,gate_sweep_low_r14,0.07656072059762664,0.007032770663499832,-0.010978803038597107,43.99924704421543,0.11078847199678421,-0.08067987859249115,-0.035991497337818146,40.77968151599045,0.09742013488726708,3.219565528224983,1,292,1788600580.2912483
1788600625.796492,45.476000,gate_sweep_low_r14,0.07462314495933242,0.005791313946247101,-0.005771085619926453,45.133622840293576,0.1284409463405609,-0.07311876118183136,-0.03784329444169998,41.77818398270264,0.10075605332155381,3.355438857590938,1,202,1788600580.3204703
1788600625.836684,45.508000,gate_sweep_low_r14,0.07183067480218597,0.004395138472318649,0.004451200366020203,46.805895245239036,0.14379477500915527,-0.06689979881048203,-0.035098787397146225,42.95707455344096,0.1087474198904223,3.848820691798078,1,313,1788600580.3286583
1788600625.889467,45.544000,gate_sweep_low_r14,0.06876386681688018,0.003181232139468193,0.015497609972953796,48.33615787888731,0.16561272740364075,-0.06264450401067734,-0.024715108796954155,44.56857883271644,0.12381353757780313,3.767579046170874,1,182,1788600580.3454509
1788600625.948936,45.576000,gate_sweep_low_r14,0.06568814048659988,0.0020446106791496277,0.025409549474716187,49.5920727462519,0.17687678337097168,-0.057404525578022,-0.01614372245967388,46.11450536099229,0.13275461768483043,3.4775673852596127,1,309,1788600580.3729115
1788600625.997318,45.608000,gate_sweep_low_r14,0.06028269210946746,0.00010455027222633362,0.04071122407913208,51.40193866288679,0.18387365341186523,-0.059794921427965164,0.006462376564741135,47.900232875422525,0.14154736303328588,3.501705787464269,1,354,1788600580.3893006
1788600626.058378,45.640000,gate_sweep_low_r14,0.048841811512829736,-0.0039864517748355865,0.06813141703605652,54.37856491718146,0.18396775424480438,-0.05645836144685745,0.021992459893226624,49.723558672586364,0.1521220729219189,4.655006244595088,1,205,1788600580.4183598
1788600626.093176,45.676000,gate_sweep_low_r14,0.041331559215905145,-0.006750722415745258,0.083950936794281,55.977795705405654,0.18410305678844452,-0.06696964800357819,0.0408744253218174,52.11256380152468,0.16082787494304546,3.865231903880975,1,352,1788600580.4171581
1788600626.147020,45.708000,gate_sweep_low_r14,0.02952156009268947,-0.011224783957004547,0.10714399814605713,58.22233175304895,0.17164960503578186,-0.05766846239566803,0.06996959447860718,54.11244079847129,0.1540757369422265,4.10989095457766,1,192,1788600580.439001
1788600626.189727,45.740000,gate_sweep_low_r14,0.019407920335652307,-0.015161626506596804,0.12606015801429749,59.98861020116085,0.16402855515480042,-0.06416891515254974,0.090756356716156,56.44290917053302,0.1567265157592033,3.5457010306278387,1,382,1788600580.4497046
1788600626.257404,45.772000,gate_sweep_low_r14,-3.6924175219610333e-05,-0.02304987865500152,0.16083455085754395,63.090144958211425,0.14865024387836456,-0.06717642396688461,0.11455608904361725,58.808722201916815,0.16185401438586416,4.281422756294607,1,212,1788600580.4853866
1788600626.297949,45.808000,gate_sweep_low_r14,-0.01769947467255406,-0.030573220923542976,0.1920883059501648,65.6787564189628,0.13006357848644257,-0.07515174895524979,0.13763423264026642,61.619081555169984,0.1636655465893232,4.059674863792824,1,382,1788600580.4899328
1788600626.358151,45.840000,gate_sweep_low_r14,-0.037021473253844306,-0.03920378349721432,0.22721047699451447,68.32940921621476,0.10837045311927795,-0.0800069272518158,0.17259405553340912,64.12743064880885,0.16058226019072955,4.201978567405908,1,201,1788600580.5181348
1788600626.401272,45.872000,gate_sweep_low_r14,-0.0631707089196425,-0.05153708532452583,0.27788932621479034,71.6807070948467,0.08756810426712036,-0.08478408306837082,0.19322560727596283,66.68507658434399,0.17605538323063513,4.995630510502707,1,384,1788600580.5292518
1788600626.459649,45.904000,gate_sweep_low_r14,-0.08534426262485795,-0.06261903047561646,0.3249709755182266,74.35059339936717,0.06221570074558258,-0.0804266408085823,0.20694570243358612,69.16752987062068,0.18979204109329892,5.183063528746486,1,201,1788600580.5556288
1788600626.507215,45.940000,gate_sweep_low_r14,-0.10247411599266343,-0.07158665731549263,0.36430610716342926,76.32937604781995,0.0389430932700634,-0.08378846198320389,0.22703641653060913,72.03045381827926,0.19746057601262332,4.298922229540694,1,407,1788600580.567199
1788600626.561129,45.972000,gate_sweep_low_r14,-0.1314876752148848,-0.08766328915953636,0.43667931854724884,79.54575836259278,0.018461965024471283,-0.10212346166372299,0.2970789074897766,74.5828191018476,0.20538321733817097,4.96293926074517,1,186,1788600580.5891118
1788600626.604030,46.004000,gate_sweep_low_r14,-0.15469457974541,-0.10139348730444908,0.49969692528247833,82.01692118770582,-0.007413089275360107,-0.11746084690093994,0.35470691323280334,76.97661773011107,0.2072971323333906,5.040303457594741,1,401,1788600580.6000094
1788600626.648592,46.036000,gate_sweep_low_r14,-0.17768584957229905,-0.1155971996486187,0.5666479021310806,84.08770757098962,-0.024606773629784584,-0.13152526319026947,0.41434869170188904,79.33133624550452,0.21652241499890065,4.756371325485102,1,237,1788600580.6125748
1788600626.704266,46.072000,gate_sweep_low_r14,-0.2057020889769774,-0.1338414065539837,0.6547283679246902,86.14831833509477,-0.05542244389653206,-0.14951962232589722,0.4871254563331604,81.71613304095143,0.22565574255767004,4.432185294143339,1,184,1788600580.6322508
1788600626.750507,46.104000,gate_sweep_low_r14,-0.227261074091075,-0.14858905598521233,0.728047326207161,87.46768637968395,-0.07336008548736572,-0.16828249394893646,0.5566518306732178,83.76798159792631,0.2311920450217871,3.699704781757656,1,376,1788600580.6464853
1788600626.799435,46.136000,gate_sweep_low_r14,-0.24280146529781632,-0.1596507839858532,0.7844136506319046,88.22688159629999,-0.08812958002090454,-0.18215523660182953,0.6231451034545898,85.67007780850432,0.22458269477263976,2.5568037877956713,1,227,1788600580.6634166
1788600626.848472,46.168000,gate_sweep_low_r14,-0.2673480140219908,-0.17794403061270714,0.8803307563066483,89.24653520199305,-0.10431814193725586,-0.1992163360118866,0.6885020732879639,87.38703000906317,0.25264499559192516,1.8595051929298907,1,411,1788600580.6804535
1788600626.896080,46.204000,gate_sweep_low_r14,-0.28559138646232896,-0.1922975294291973,0.9584832936525345,89.71330578252623,-0.1259707510471344,-0.21902605891227722,0.7660034894943237,89.08775643591848,0.25147889881153346,0.6255493466077601,1,260,1788600580.692063
1788600626.954038,46.236000,gate_sweep_low_r14,-0.30244415273773484,-0.206399317830801,1.0375189930200577,90.08670215440766,-0.14959728717803955,-0.23267029225826263,0.835856556892395,90.34229161572459,0.25440138866314294,0.25558946131693583,1,194,1788600580.7180197
1788600626.990042,46.268000,gate_sweep_low_r14,-0.31799715032684617,-0.22012953087687492,1.1171603351831436,90.18919979386256,-0.15113386511802673,-0.21786509454250336,0.8818589448928833,91.17264068188426,0.28847049744319025,0.9834408880216983,1,407,1788600580.7220232
1788600627.039722,46.300000,gate_sweep_low_r14,-0.33529271950828843,-0.23685399815440178,1.217414751648903,90.21882256016767,-0.16974806785583496,-0.22218374907970428,0.9035645723342896,92.03267974221001,0.35513685102289905,1.8138571820423408,1,257,1788600580.739697
1788600627.090719,46.336000,gate_sweep_low_r14,-0.34444459548103623,-0.24660634621977806,1.2778365761041641,90.13511281066825,-0.20784807205200195,-0.24515075981616974,0.9722436666488647,92.83791977024583,0.3347353510671257,2.7028069595775825,1,187,1788600580.7546992
1788600627.137868,46.368000,gate_sweep_low_r14,-0.35519706478226,-0.25931939110159874,1.3585736900568008,90.01621991846476,-0.20356546342372894,-0.22534994781017303,0.9514307379722595,93.32480475456758,0.43578830759922527,3.3085848361028245,1,393,1788600580.7698336
1788600627.186267,46.400000,gate_sweep_low_r14,-0.36423569192993455,-0.271628063172102,1.4394965320825577,89.83463550969036,-0.21070009469985962,-0.22532020509243011,0.9566152691841125,93.94432769853798,0.5088142209049586,4.1096921888476245,1,220,1788600580.7862477
1788600627.243281,46.432000,gate_sweep_low_r14,-0.3730355428706389,-0.2865029387176037,1.5407245308160782,89.60440291307408,-0.22909419238567352,-0.2371859848499298,0.9706838130950928,94.35816398012767,0.5899980459103895,4.753761067053582,1,172,1788600580.8112643
1788600627.287957,46.468000,gate_sweep_low_r14,-0.3780522870074492,-0.29794783517718315,1.6217305809259415,89.41254447150804,-0.3597984313964844,-0.2514800429344177,1.0924293994903564,93.83947353982036,0.5316504487251834,4.426929068312321,1,405,1788600580.8199391
1788600627.332776,46.500000,gate_sweep_low_r14,-0.3806736098777037,-0.3062398247420788,1.6824656873941422,89.28280801888953,-0.34730735421180725,-0.2685850262641907,1.2369216680526733,94.31575718380888,0.4483755836756987,5.032949164919367,1,266,1788600580.8327575
1788600627.388422,46.532000,gate_sweep_low_r14,-0.3831775712023955,-0.31950313970446587,1.783603921532631,89.09506671005103,-0.3336552679538727,-0.2887154817581177,1.3519470691680908,94.71991463282333,0.435577750343291,5.6248479227723065,1,194,1788600580.8564036
1788600627.432509,46.564000,gate_sweep_low_r14,-0.3834187315951567,-0.32937995716929436,1.864428773522377,88.97293156847593,-0.40571263432502747,-0.2996339499950409,1.401885747909546,94.22116900701853,0.46403436681436844,5.248237438542594,1,405,1788600580.8684893
1788600627.477985,46.600000,gate_sweep_low_r14,-0.38215725889313035,-0.33852187916636467,1.9451840072870255,88.89000671065115,-0.41481539607048035,-0.29491958022117615,1.4373186826705933,94.28911460622145,0.5107787215076155,5.3991078955703085,1,269,1788600580.87797
1788600627.535756,46.632000,gate_sweep_low_r14,-0.37861164679634385,-0.3489132337272167,2.046070948243141,88.83544784949581,-0.4189804196357727,-0.30108222365379333,1.503079891204834,94.34943787806625,0.5465864354050359,5.513990028570454,1,181,1788600580.9037373
1788600627.576078,46.664000,gate_sweep_low_r14,-0.37430094947922044,-0.356300663203001,2.126692906022072,88.8306845190509,-0.46240437030792236,-0.30703315138816833,1.5458406209945679,94.03443742732125,0.5895582053570425,5.2037529082703475,1,411,1788600580.9120545
1788600627.626606,46.696000,gate_sweep_low_r14,-0.37033876052009873,-0.3612505607306957,2.186970606446266,88.84741819142154,-0.46745842695236206,-0.31020641326904297,1.6103529930114746,94.0079743297692,0.5869630369292735,5.16055613834766,1,270,1788600580.9305892
1788600627.673306,46.732000,gate_sweep_low_r14,-0.36265095343696885,-0.36839718744158745,2.286596432328224,88.91010612327453,-0.45021679997444153,-0.3192886412143707,1.6897459030151367,94.13405073651474,0.6052354757726017,5.2239446132402065,1,206,1788600580.9412887
1788600627.729768,46.764000,gate_sweep_low_r14,-0.35570939650642686,-0.3730650059878826,2.3651474863290787,88.98682406458019,-0.45295774936676025,-0.3272272050380707,1.7553695440292358,94.088195038112,0.6191829172751724,5.101370973531807,1,178,1788600580.9657485
1788600627.768024,46.796000,gate_sweep_low_r14,-0.34820159545051865,-0.37689242884516716,2.4423734098672867,89.08090128443325,-0.4969996213912964,-0.32389479875564575,1.8028604984283447,93.68232816124711,0.6587308746491924,4.601426876813861,1,407,1788600580.9720044
1788600627.815824,46.828000,gate_sweep_low_r14,-0.3381268011580687,-0.3803141824901104,2.5365930944681168,89.22333125663647,-0.5060911774635315,-0.3259962201118469,1.8644012212753296,93.57234964763465,0.6949851704396559,4.349018390998176,1,240,1788600580.98779
1788600627.863749,46.864000,gate_sweep_low_r14,-0.3296080159198027,-0.38192252442240715,2.609833851456642,89.35312895907357,-0.5015302896499634,-0.3314360976219177,1.934307336807251,93.5358184193005,0.698886413868508,4.1826894602269284,1,192,1788600580.999721
1788600627.919710,46.896000,gate_sweep_low_r14,-0.32302745452034287,-0.3824671022593975,2.6633855253458023,89.45787428193981,-0.515688419342041,-0.33541253209114075,1.9915968179702759,93.3706534562639,0.7004516023945035,3.912779174324085,1,160,1788600581.0236893
1788600627.966271,46.928000,gate_sweep_low_r14,-0.3140903638850432,-0.3823474459350109,2.732873812317848,89.60504099606445,-0.5649546980857849,-0.3352794647216797,2.03011417388916,92.9318899808795,0.7476760116747764,3.3268489848150575,1,402,1788600581.0382564
1788600628.011977,46.960000,gate_sweep_low_r14,-0.3027967142115813,-0.3808637969195843,2.816523924469948,89.79802653382076,-0.5759333968162537,-0.3338804244995117,2.0873639583587646,92.79004246676294,0.7800547037532115,2.9920159329421767,1,252,1788600581.0519578
1788600628.059845,46.996000,gate_sweep_low_r14,-0.2937178539286833,-0.37859727069735527,2.880869761109352,89.95604481549707,-0.570296585559845,-0.33310604095458984,2.1590828895568848,92.78069963820009,0.7743006746217578,2.824654822703019,1,187,1788600581.063825
1788600628.105692,47.028000,gate_sweep_low_r14,-0.28467493524658494,-0.3754062168300152,2.9428774267435074,90.1138778760289,-0.5599790215492249,-0.32987478375434875,2.2224438190460205,92.83389071421566,0.772586587013308,2.7200128381867583,1,174,1788600581.0776756
1788600628.165455,47.060000,gate_sweep_low_r14,-0.277932398224948,-0.3725283555686474,2.9879332929849625,90.22758305606828,-0.5565667152404785,-0.32478347420692444,2.2922914028167725,92.85290109706132,0.7508890035629289,2.625318040993037,1,165,1788600581.1054354
1788600628.214648,47.092000,gate_sweep_low_r14,-0.266933463717578,-0.3667074851691723,3.060089483857155,90.4157722573103,-0.659574568271637,-0.3315765857696533,2.3086538314819336,91.93704061951868,0.8485615809937573,1.5212683622083818,1,391,1788600581.1226275
1788600628.262190,47.128000,gate_sweep_low_r14,-0.25835516324150376,-0.3612058274447918,3.1152433305978775,90.5568014073649,-0.6907345056533813,-0.3325453996658325,2.352083683013916,91.59087839442972,0.8776023949178107,1.034076987064825,1,261,1788600581.1341639
1788600628.311714,47.160000,gate_sweep_low_r14,-0.24998069574940018,-0.35494859144091606,3.1681143194437027,90.69064267804518,-0.6931260228157043,-0.3296170234680176,2.4008545875549316,91.51466426698553,0.8864011312124416,0.8240215889403549,1,211,1788600581.1516905
1788600628.362000,47.192000,gate_sweep_low_r14,-0.2397918777714949,-0.34611691161990166,3.231121674180031,90.8447530917148,-0.6877835988998413,-0.32611918449401855,2.4484519958496094,91.50569278206261,0.9020356515501949,0.6609396903478107,1,187,1788600581.1699793
1788600628.409405,47.224000,gate_sweep_low_r14,-0.231878377700923,-0.3382570259273052,3.2791272550821304,90.95814469185599,-0.6785581707954407,-0.321838915348053,2.4934499263763428,91.52576553352392,0.9039254707973529,0.5676208416679275,1,179,1788600581.1853776
1788600628.467047,47.260000,gate_sweep_low_r14,-0.22226984074222855,-0.3275380842387676,3.33631195127964,91.08561929372796,-0.6713843941688538,-0.31573057174682617,2.539449453353882,91.53133394824373,0.9147858438188271,0.4457146545157596,1,168,1788600581.2070296
1788600628.509281,47.292000,gate_sweep_low_r14,-0.21672653427231126,-0.3206220678985119,3.369099274277687,91.15583676523565,-0.7619401216506958,-0.32497796416282654,2.582960605621338,90.72651688738414,0.9567083338463452,0.4293198778515043,1,380,1788600581.217263
1788600628.559451,47.324000,gate_sweep_low_r14,-0.2094707267533522,-0.3110603205859661,3.4113577753305435,91.2375321092634,-0.7734773755073547,-0.321144163608551,2.6281893253326416,90.55383537879072,0.9651725259252572,0.6836967304726805,1,233,1788600581.2354357
1788600628.602834,47.356000,gate_sweep_low_r14,-0.20244800319778733,-0.3010532669723034,3.451839581131935,91.3065426732809,-0.7709824442863464,-0.31498265266418457,2.667705774307251,90.49542359390047,0.9686543581149081,0.8111190793804341,1,186,1788600581.2468126
1788600628.653188,47.392000,gate_sweep_low_r14,-0.1939942168246489,-0.2879710905253887,3.500056877732277,91.37806536464535,-0.76558917760849,-0.30775758624076843,2.707519769668579,90.45020862391635,0.9773573411317608,0.9278567407289992,1,177,1788600581.2611682
1788600628.698248,47.424000,gate_sweep_low_r14,-0.18751444687950425,-0.27707840129733086,3.5367733389139175,91.42135590197337,-0.7640525698661804,-0.30162233114242554,2.7430851459503174,90.37654742496494,0.9812948381597988,1.0448084770084363,1,175,1788600581.2742298
1788600628.748731,47.456000,gate_sweep_low_r14,-0.18285574784385972,-0.2687048576772213,3.5632807165384293,91.44691805740192,-0.7578366994857788,-0.29514431953430176,2.776864528656006,90.34184598187547,0.9745524924075983,1.1050720755264434,1,173,1788600581.292711
1788600628.796369,47.488000,gate_sweep_low_r14,-0.17541811635601334,-0.25443259999156,3.60565485060215,91.47904543066694,-0.7537180781364441,-0.2877503037452698,2.8095622062683105,90.2801343174181,0.9845325863277014,1.1989111132488488,1,169,1788600581.3083453
1788600628.849912,47.524000,gate_sweep_low_r14,-0.16971229782211594,-0.2427709363400936,3.638024464249611,91.491570087293,-0.747643232345581,-0.2785848379135132,2.8404390811920166,90.20830866968245,0.9856111017496737,1.283261417610548,1,167,1788600581.325892
1788600628.903779,47.556000,gate_sweep_low_r14,-0.1641984211455565,-0.23093007132411003,3.669072523713112,91.49442495994765,-0.7486713528633118,-0.270181804895401,2.8726823329925537,90.10093636091815,0.9886286675870908,1.3934885990295014,1,160,1788600581.3477538
1788600628.943971,47.588000,gate_sweep_low_r14,-0.15884504487621598,-0.2189428173005581,3.6989466100931168,91.48662985697821,-0.8053945302963257,-0.28034907579421997,2.9365365505218506,89.52063702606742,1.0015318590113151,1.9659928309107848,1,367,1788600581.35595
1788600628.996112,47.620000,gate_sweep_low_r14,-0.15250138213741593,-0.2037060670554638,3.7346261888742447,91.46990959696974,-0.802730917930603,-0.2721925675868988,2.9687702655792236,89.41993339626293,1.0069876589208702,2.049976200706811,1,230,1788600581.3760676
1788600629.041916,47.656000,gate_sweep_low_r14,-0.14889597168075852,-0.19443218037486076,3.7551854997873306,91.4556567867943,-0.79420405626297,-0.26209956407546997,3.0011842250823975,89.34959055383145,0.9947458575438815,2.106066232962845,1,211,1788600581.3858979
1788600629.093240,47.688000,gate_sweep_low_r14,-0.14424724152195267,-0.1819545440375805,3.7817231565713882,91.43339252260049,-0.7894076108932495,-0.2536872327327728,3.02972412109375,89.2661233268613,0.9934183560786702,2.167269195739193,1,198,1788600581.4052234
1788600629.136659,47.720000,gate_sweep_low_r14,-0.1397470610390883,-0.16935540363192558,3.8072759062051773,91.40652373085103,-0.7849003076553345,-0.24484747648239136,3.055974245071411,89.17460212930648,0.9931646141023649,2.2319216015445678,1,189,1788600581.4166408
1788600629.183554,47.752000,gate_sweep_low_r14,-0.13430700471508317,-0.15342552587389946,3.837975636124611,91.36800286196129,-0.7799456119537354,-0.23639453947544098,3.0822603702545166,89.090509594865,0.99741597713501,2.2774932670962866,1,185,1788600581.431537
1788600629.231179,47.788000,gate_sweep_low_r14,-0.1301006155263167,-0.14055214449763298,3.8616610914468765,91.33498066893817,-0.7756833434104919,-0.2264101803302765,3.1103358268737793,88.97880563928666,0.9943029287119932,2.3561750296515056,1,182,1788600581.4431636
1788600629.280663,47.820000,gate_sweep_low_r14,-0.12700682153808884,-0.1308288387954235,3.878897324204445,91.30826971699267,-0.7710458040237427,-0.2176399976015091,3.133730173110962,88.88814716890188,0.9887347831057576,2.4201225480907915,1,177,1788600581.4606462
1788600629.325809,47.852000,gate_sweep_low_r14,-0.12190731635200791,-0.11462199315428734,3.906772270798683,91.26247382816888,-0.7668705582618713,-0.20840959250926971,3.1565773487091064,88.79032722867099,0.9937636129063279,2.472146599497891,1,176,1788600581.4737847
1788600629.374377,47.884000,gate_sweep_low_r14,-0.11791302284109406,-0.10165538266301155,3.9282695204019547,91.22350264819357,-0.7632296681404114,-0.19959652423858643,3.178922176361084,88.6924214922218,0.9937542361844797,2.5310811559717754,1,174,1788600581.4903603
1788600629.426426,47.920000,gate_sweep_low_r14,-0.11399502327549271,-0.08875352516770363,3.9490968137979507,91.18422315928501,-0.7586245536804199,-0.1882803589105606,3.2036025524139404,88.59631529567001,0.9905627268686453,2.5879078636150057,1,172,1788600581.5064108
1788600629.469574,47.952000,gate_sweep_low_r14,-0.10923956354963593,-0.07278285920619965,3.9742640405893326,91.13434130038634,-0.7957718968391418,-0.16664114594459534,3.2615160942077637,88.1209778996175,0.9940551582847624,3.0133634007688395,1,378,1788600581.5175536
1788600629.516760,47.984000,gate_sweep_low_r14,-0.10561075826990418,-0.060194969177246094,3.9937580972909927,91.09545434345605,-0.7894309163093567,-0.15753482282161713,3.279783010482788,88.04833797418263,0.9934009664940903,3.0471163692734127,1,265,1788600581.5327408
1788600629.562043,48.016000,gate_sweep_low_r14,-0.10295348634826951,-0.05090191960334778,4.008034601807594,91.06713296284322,-0.7845184206962585,-0.14896008372306824,3.3018767833709717,87.96691542003111,0.9863087892858294,3.1002175428121035,1,254,1788600581.546023
1788600629.606196,48.052000,gate_sweep_low_r14,-0.09857589026796632,-0.03577680978924036,4.03125561773777,91.0202779802082,-0.7789492607116699,-0.13915619254112244,3.326322317123413,87.88275203461671,0.9851528705242333,3.137525945591482,1,241,1788600581.554173
1788600629.651867,48.084000,gate_sweep_low_r14,-0.0951676296244841,-0.024059191346168518,4.049366846680641,90.98331325203998,-0.773557186126709,-0.1306930035352707,3.3462681770324707,87.81664328854585,0.982817836394056,3.166669963494122,1,224,1788600581.5678325
1788600629.698863,48.116000,gate_sweep_low_r14,-0.09179934879648499,-0.012664109468460083,4.067116156220436,90.94841449112404,-0.769480288028717,-0.12242738157510757,3.3664968013763428,87.74652746288221,0.9809010713035192,3.201887028241835,1,220,1788600581.5828342
1788600629.746267,48.148000,gate_sweep_low_r14,-0.08769668659078889,0.0010573510080575943,4.088837996125221,90.90652743524385,-0.7653592824935913,-0.11476437002420425,3.3855040073394775,87.67835697373711,0.983524257316445,3.2281704615067337,1,213,1788600581.5982494
1788600629.792544,48.184000,gate_sweep_low_r14,-0.08450943997013383,0.011587105691432953,4.105761423707008,90.8767185224743,-0.7581143975257874,-0.1058925986289978,3.4035897254943848,87.63037140461599,0.9800970429205311,3.2463471178583134,1,207,1788600581.6085258
1788600629.844098,48.216000,gate_sweep_low_r14,-0.0821807237516623,0.019226446747779846,4.118178263306618,90.85539508411502,-0.7522745728492737,-0.09855013340711594,3.420077085494995,87.58499397797726,0.9748037463476481,3.2704011061377516,1,197,1788600581.6280792
1788600629.891646,48.248000,gate_sweep_low_r14,-0.07914901545154862,0.029035598039627075,4.13441027700901,90.83022457300696,-0.7474000453948975,-0.09153427928686142,3.4376680850982666,87.54010871555928,0.9729060675766488,3.2901158574476788,1,191,1788600581.6436267
1788600629.944393,48.280000,gate_sweep_low_r14,-0.07542136331903748,0.04066459834575653,4.154097929596901,90.8038567976917,-0.7447938919067383,-0.0849100723862648,3.455414295196533,87.48142883806383,0.9756984169999737,3.3224279596278627,1,185,1788600581.664372
1788600629.991184,48.316000,gate_sweep_low_r14,-0.07244043072569184,0.04947433993220329,4.169368639588356,90.78588202075879,-0.7384705543518066,-0.077564537525177,3.473961114883423,87.44925159655652,0.971250033399892,3.3366304242022737,1,183,1788600581.6751647
1788600630.049152,48.348000,gate_sweep_low_r14,-0.06872145106899552,0.05985468998551369,4.187944784760475,90.76666506838261,-0.7326542735099792,-0.07054721564054489,3.4905381202697754,87.43277381441843,0.9716931127580363,3.333891253964187,1,180,1788600581.7011328
1788600630.086615,48.380000,gate_sweep_low_r14,-0.06723565628635697,0.0638173259794712,4.195244684815407,90.76050925941729,-0.7371368408203125,-0.048123400658369064,3.538496255874634,87.37042832362532,0.9447840082454708,3.390080935791975,1,405,1788600581.7065895
1788600630.134283,48.412000,gate_sweep_low_r14,-0.06354309638845734,0.07323053106665611,4.2131813913583755,90.74800984975214,-0.7325412034988403,-0.04082566127181053,3.5638234615325928,87.35696283151746,0.9392725926777864,3.391047018234665,1,329,1788600581.7222672
1788600630.179941,48.448000,gate_sweep_low_r14,-0.0605980159889441,0.08028126135468483,4.227256670594215,90.74138847957605,-0.7274616360664368,-0.03539995476603508,3.5796566009521484,87.34131601265074,0.9367363992855392,3.400072466925309,1,302,1788600581.7319207
1788600630.229146,48.480000,gate_sweep_low_r14,-0.05768656005966477,0.08691800013184547,4.24114502966404,90.73759132630376,-0.7236919403076172,-0.030306875705718994,3.5951292514801025,87.32490096605439,0.9352225530305339,3.4126903602493726,1,293,1788600581.7491276
1788600630.276989,48.512000,gate_sweep_low_r14,-0.054087653959868476,0.09463967010378838,4.258264437317848,90.73797510017602,-0.7184299826622009,-0.025706782937049866,3.6104323863983154,87.32448786203538,0.9356924519647236,3.4134872381406236,1,288,1788600581.7649717
1788600630.327448,48.544000,gate_sweep_low_r14,-0.05125378837692551,0.10032122954726219,4.271747007966042,90.74191118995019,-0.7140951752662659,-0.021339785307645798,3.625248432159424,87.32267913365287,0.9338739289801892,3.419232056297314,1,278,1788600581.7834325
1788600630.374089,48.580000,gate_sweep_low_r14,-0.049166333134053275,0.10429022088646889,4.281738176941872,90.746794944464,-0.7096704244613647,-0.01676125079393387,3.6407177448272705,87.32200529744475,0.9283460065323159,3.4247896470192427,1,274,1788600581.7940686
1788600630.424253,48.612000,gate_sweep_low_r14,-0.045709341968176886,0.11035493388772011,4.298139467835426,90.75857330026703,-0.7060464024543762,-0.01354195550084114,3.654961585998535,87.32232049164493,0.9300931460536122,3.436252808622102,1,274,1788600581.812231
1788600630.474617,48.644000,gate_sweep_low_r14,-0.04292676618206315,0.1147591806948185,4.310987368226051,90.77343619494685,-0.7019928097724915,-0.01031645480543375,3.6697728633880615,87.33142211116571,0.9279913823006982,3.4420140837811553,1,271,1788600581.8306015
1788600630.522475,48.676000,gate_sweep_low_r14,-0.04013988023507409,0.11877058818936348,4.3235539346933365,90.79115749376531,-0.6978150606155396,-0.006922236643731594,3.684267282485962,87.34385479326687,0.9257552337381159,3.4473027004984367,1,268,1788600581.8464596
1788600630.570506,48.712000,gate_sweep_low_r14,-0.03665241991984658,0.12329215183854103,4.338874235749245,90.81592387388658,-0.6918273568153381,-0.004453395027667284,3.7019927501678467,87.37254016115871,0.9226002110104498,3.44338371272786,1,266,1788600581.858489
1788600630.621210,48.744000,gate_sweep_low_r14,-0.0338556470524054,0.12649454548954964,4.3508695513010025,90.83850548404641,-0.6871474981307983,-0.0023176725953817368,3.7159979343414307,87.39686824023798,0.9200243476312213,3.441637243808421,1,260,1788600581.8771863
1788600630.669207,48.776000,gate_sweep_low_r14,-0.03176788633572869,0.1286679394543171,4.359749689698219,90.85635226839025,-0.6827305555343628,-0.00019167643040418625,3.729623317718506,87.42012360028899,0.9151046071135717,3.436228668101259,1,257,1788600581.8931894
1788600630.719924,48.808000,gate_sweep_low_r14,-0.028322311321971938,0.13188037648797035,4.374343767762184,90.88949482945205,-0.678290605545044,0.002142539480701089,3.742490291595459,87.44652175747908,0.9157125669065316,3.442973071972977,1,255,1788600581.9119043
1788600630.763638,48.844000,gate_sweep_low_r14,-0.025601076165912673,0.13404328003525734,4.3857134729623795,90.91897617830963,-0.6738545894622803,0.004202844575047493,3.755389451980591,87.47563029942623,0.913454721159309,3.4433458788834104,1,255,1788600581.919621
1788600630.810153,48.876000,gate_sweep_low_r14,-0.02288424057769589,0.13583004847168922,4.3968056589365005,90.95081427704649,-0.6697303652763367,0.006058250553905964,3.7661566734313965,87.50564170360883,0.9126712285873159,3.445172573437669,1,255,1788600581.9341364
1788600630.861225,48.908000,gate_sweep_low_r14,-0.020177344063995406,0.1373225636780262,4.40765942633152,90.98355052947252,-0.6658788919448853,0.007368885446339846,3.7772111892700195,87.5348644786063,0.911747457926632,3.4486860508662387,1,253,1788600581.953206
1788600630.907666,48.940000,gate_sweep_low_r14,-0.016824774647830054,0.13877925649285316,4.4209097772836685,91.02587852307083,-0.6610638499259949,0.00731101306155324,3.7890632152557373,87.56816229338285,0.911898000377615,3.45771622968797,1,250,1788600581.9676473
1788600630.960133,48.976000,gate_sweep_low_r14,-0.014850984531221911,0.1394491232931614,4.428680315613747,91.05223482773171,-0.6567049026489258,0.008820743300020695,3.8027894496917725,87.60315694243184,0.9059688746900961,3.4490778852998796,1,245,1788600581.984106
1788600631.007499,49.008000,gate_sweep_low_r14,-0.012275749089894816,0.14016200974583626,4.438803091645241,91.08748364521922,-0.652117133140564,0.009690254926681519,3.814143657684326,87.63965589760865,0.9036698976871121,3.4478277476105696,1,242,1788600581.9994843
1788600631.056423,49.040000,gate_sweep_low_r14,-0.009762207249877974,0.1406906433403492,4.448658838868141,91.12467926914556,-0.6467483639717102,0.008089880459010601,3.823513984680176,87.67818855443088,0.9022972985051302,3.446490714714684,1,238,1788600582.016407
1788600631.107211,49.072000,gate_sweep_low_r14,-0.0066777879546862096,0.14110437408089638,4.460595980286598,91.17068717824816,-0.6417849063873291,0.007536543998867273,3.834045648574829,87.71991799808896,0.9020902035188969,3.450769180159201,1,237,1788600582.035194
1788600631.161891,49.108000,gate_sweep_low_r14,-0.004242869297740981,0.1412566937506199,4.469860449433327,91.20826851523952,-0.6370607018470764,0.00786481611430645,3.8454573154449463,87.76230570964132,0.8989611092512798,3.4459628055982066,1,236,1788600582.0538723
1788600631.212854,49.140000,gate_sweep_low_r14,-0.0024218263279180974,0.14129886403679848,4.476641550660133,91.23536467843905,-0.6335488557815552,0.008643953129649162,3.8547887802124023,87.7968961847692,0.8958903508846796,3.438468493669859,1,234,1788600582.0728273
1788600631.262708,49.172000,gate_sweep_low_r14,0.0006096181750763208,0.14123523607850075,4.487705126404762,91.28152665133305,-0.6291400194168091,0.009091082960367203,3.864553928375244,87.83798187365966,0.8957477875250619,3.443544777673401,1,232,1788600582.0906894
1788600631.315899,49.204000,gate_sweep_low_r14,0.0030219517939258367,0.1410382129251957,4.496355429291725,91.31803009123655,-0.6244427561759949,0.009296122938394547,3.873783588409424,87.8784426905827,0.893679828060053,3.4395874006538474,1,231,1788600582.1118822
1788600631.363760,49.240000,gate_sweep_low_r14,0.005397878383519128,0.14072902873158455,4.504895105957985,91.35292866396047,-0.617741584777832,0.00624325405806303,3.8811442852020264,87.92654006489066,0.8918824477094983,3.4263885990698104,1,229,1788600582.12374
1788600631.411575,49.272000,gate_sweep_low_r14,0.008292882499517873,0.14016476646065712,4.515416994690895,91.39718847976134,-0.6122103929519653,0.004976535681635141,3.8892011642456055,87.9699533268816,0.8918780403662067,3.427235152879746,1,225,1788600582.139551
1788600631.461512,49.304000,gate_sweep_low_r14,0.010558956098975614,0.13955654576420784,4.52372445166111,91.42953426836536,-0.6080015897750854,0.004738864954560995,3.897268533706665,88.00444687017746,0.890640204072921,3.4250873981878933,1,223,1788600582.1574922
1788600631.505948,49.336000,gate_sweep_low_r14,0.012230145541252568,0.1390509493649006,4.529893770813942,91.45373659567187,-0.6045727729797363,0.004074955824762583,3.904384136199951,88.02985109752494,0.8887781849950444,3.4238854981469307,1,222,1788600582.1699252
1788600631.552471,49.372000,gate_sweep_low_r14,0.015021223371149972,0.13817254081368446,4.540059939026833,91.4927692995167,-0.5999326109886169,0.00239341938868165,3.9120097160339355,88.06243805559235,0.8894106311542228,3.430331243924335,1,221,1788600582.1804507
1788600631.601643,49.404000,gate_sweep_low_r14,0.01730675043654628,0.1374458260834217,4.548079863190651,91.52173167824098,-0.5949414372444153,0.0008460308890789747,3.9199323654174805,88.0983628013204,0.8877368001409278,3.423368876920566,1,220,1788600582.197623
1788600631.649356,49.436000,gate_sweep_low_r14,0.019646415283204988,0.13668649271130562,4.556009188294411,91.54880890727354,-0.58952796459198,-0.0027336180210113525,3.9254403114318848,88.13090620341852,0.8877772811018511,3.417902703855024,1,218,1788600582.2133324
1788600631.700552,49.468000,gate_sweep_low_r14,0.022688753699185327,0.13566995039582253,4.5657204538583755,91.58206890031425,-0.5850342512130737,-0.005448195617645979,3.9325785636901855,88.15818296202966,0.8888814515556125,3.4238859382846063,1,218,1788600582.2325342
1788600631.748255,49.504000,gate_sweep_low_r14,0.02521267326665111,0.13481726124882698,4.573306933045387,91.60741806459389,-0.5808532238006592,-0.006024044007062912,3.9420793056488037,88.1857775294325,0.8863410531183279,3.42164053516139,1,215,1788600582.2442415
1788600631.795362,49.536000,gate_sweep_low_r14,0.027146968786837533,0.13414587453007698,4.578895941376686,91.62705223894575,-0.5766642093658447,-0.008801238611340523,3.9475927352905273,88.20720865405818,0.8851923824978717,3.419843584887575,1,213,1788600582.259334
1788600631.848107,49.568000,gate_sweep_low_r14,0.02977081367862411,0.13323510065674782,4.586215868592262,91.65158950033556,-0.573031485080719,-0.010175876319408417,3.9539480209350586,88.22594343284288,0.8852682931676006,3.4256460674926816,1,211,1788600582.2800884
1788600631.898206,49.600000,gate_sweep_low_r14,0.03312323594582267,0.13213731721043587,4.595258131623268,91.68087530844744,-0.5694037675857544,-0.010168308392167091,3.962014675140381,88.24565780129386,0.8855997720422492,3.4352175071535864,1,210,1788600582.2981865
1788600631.948156,49.636000,gate_sweep_low_r14,0.035811949317576364,0.13130048289895058,4.602300062775612,91.70239474169493,-0.5652227401733398,-0.012450750917196274,3.968280553817749,88.26516524772534,0.8853744139821729,3.4372294939695935,1,209,1788600582.312141
1788600631.995672,49.668000,gate_sweep_low_r14,0.03849433342111297,0.1304633803665638,4.609161272644997,91.72215447029114,-0.5614275336265564,-0.01407269574701786,3.9748640060424805,88.2839732293326,0.8849462957036975,3.4381812409585404,1,205,1788600582.327655
1788600632.043793,49.700000,gate_sweep_low_r14,0.0404682120133657,0.12981726601719856,4.614209547638893,91.73591930591948,-0.5570982694625854,-0.016247307881712914,3.981846809387207,88.3038389546963,0.882214935410294,3.432080351223179,1,203,1788600582.3437734
1788600632.091682,49.732000,gate_sweep_low_r14,0.043680034374119714,0.12867603078484535,4.622458353638649,91.75663636713132,-0.5531126260757446,-0.017828209325671196,3.9893834590911865,88.32072430350921,0.8822747837513365,3.4359120636221196,1,202,1788600582.3596554
1788600632.139706,49.768000,gate_sweep_low_r14,0.04621823856723495,0.1277567632496357,4.628923311829567,91.7722949578303,-0.5502309799194336,-0.019138088449835777,3.9963815212249756,88.32436204096682,0.881724948354321,3.447932916863478,1,200,1788600582.371687
1788600632.189006,49.800000,gate_sweep_low_r14,0.04874504709732719,0.12682946398854256,4.6352728754282,91.78687567613555,-0.5474696159362793,-0.020696625113487244,4.00266695022583,88.32834352554949,0.8817177144546678,3.4585321505860693,1,198,1788600582.3889897
1788600632.234778,49.832000,gate_sweep_low_r14,0.051917020027758554,0.12567441537976265,4.643054857850075,91.8028777190543,-0.5449025630950928,-0.021886315196752548,4.009791851043701,88.33118351269069,0.8826039994225372,3.471694206363618,1,197,1788600582.4027565
1788600632.282419,49.864000,gate_sweep_low_r14,0.05446102449786849,0.12483135238289833,4.649130716919899,91.81398289248874,-0.542320191860199,-0.02307305485010147,4.0174174308776855,88.33191116500912,0.8815243670137604,3.482071727479616,1,195,1788600582.4183955
1788600632.333257,49.900000,gate_sweep_low_r14,0.05633183548343368,0.12425242736935616,4.653576269745827,91.82038302340368,-0.5393446087837219,-0.025291364639997482,4.024925231933594,88.3326605508356,0.878860568762586,3.4877224725680867,1,194,1788600582.433235
1788600632.382384,49.932000,gate_sweep_low_r14,0.05933714265120216,0.12336194887757301,4.660794153809547,91.82847090750998,-0.5367277264595032,-0.027201829478144646,4.031150817871094,88.33277938603624,0.8800076761213032,3.495691521473742,1,193,1788600582.4503617
1788600632.428481,49.964000,gate_sweep_low_r14,0.06164542565238662,0.12268716469407082,4.666434183716774,91.8334230340221,-0.5344308018684387,-0.028888706117868423,4.036687850952148,88.32893082584795,0.8802627773899967,3.5044922081741485,1,193,1788600582.4644606
1788600632.474208,49.996000,gate_sweep_low_r14,0.06389556059730239,0.12201419845223427,4.671975985169411,91.8372188908537,-0.5312241315841675,-0.030308697372674942,4.043087005615234,88.33131627636502,0.8791308555723356,3.5059026144886887,1,193,1788600582.4781902
1788600632.521529,50.032000,gate_sweep_low_r14,0.06657385060680099,0.12118977680802345,4.678782358765602,91.84175938307652,-0.5268767476081848,-0.03222738578915596,4.05058479309082,88.34200853224684,0.8776973395315811,3.499750850829689,1,190,1788600582.4895122
1788600632.572042,50.064000,gate_sweep_low_r14,0.06857023367774673,0.12054375186562538,4.684090033173561,91.84381363909698,-0.5245347619056702,-0.03322156146168709,4.0561909675598145,88.34135012718316,0.8773109733539571,3.502463511913817,1,187,1788600582.5080242
1788600632.618032,50.096000,gate_sweep_low_r14,0.06994935104739852,0.12002650275826454,4.687977686524391,91.84414267022284,-0.5230006575584412,-0.03425084426999092,4.062035083770752,88.33433209262354,0.8758968857426896,3.5098105775993,1,184,1788600582.5220134
1788600632.665797,50.128000,gate_sweep_low_r14,0.07202487418544479,0.11909474804997444,4.694310083985329,91.84493329547341,-0.5212356448173523,-0.03538379445672035,4.067996501922607,88.32870085125423,0.8764076486308743,3.5162324442191886,1,183,1788600582.5377758
1788600632.716589,50.164000,gate_sweep_low_r14,0.07350075969588943,0.11830898001790047,4.6992815881967545,91.84487911685036,-0.5196710228919983,-0.03647805377840996,4.073657989501953,88.32019291120697,0.8759090573420201,3.524686205643396,1,183,1788600582.552568
1788600632.771031,50.196000,gate_sweep_low_r14,0.07485055903089233,0.11753449216485023,4.704235926270485,91.845495733267,-0.5191107988357544,-0.03715040162205696,4.0800347328186035,88.31534358893762,0.875411126792098,3.5301521443293855,1,182,1788600582.57501
1788600632.810165,50.228000,gate_sweep_low_r14,0.07608495632302947,0.11675596609711647,4.709113970398903,91.8449189130115,-0.5787709355354309,-0.01573706418275833,4.09665060043335,88.02156049005761,0.9063674871287284,3.8233584229538886,1,405,1788600582.5821447
1788600632.859066,50.260000,gate_sweep_low_r14,0.07745329270255752,0.11577552929520607,4.715167418122292,91.84319385789516,-0.578432023525238,-0.017217446118593216,4.097198009490967,88.00729176415226,0.9109110107781111,3.835902093742901,1,332,1788600582.5990493
1788600632.905773,50.296000,gate_sweep_low_r14,0.07819491604459472,0.1152191050350666,4.718813315033913,91.84162417201996,-0.578432023525238,-0.017217446118593216,4.097198009490967,88.00728414452122,0.9138402299831031,3.8343400274987465,1,316,1788600582.6097536
1788600632.954266,50.328000,gate_sweep_low_r14,0.0791112182487268,0.11451317742466927,4.723568812012672,91.83959424694598,-0.5732530355453491,-0.022398939356207848,4.09921407699585,88.01145671519915,0.9133142298725281,3.828137531746839,1,312,1788600582.6262417
1788600632.998878,50.360000,gate_sweep_low_r14,0.07998877743375488,0.11383593454957008,4.728196993470192,91.83846321561106,-0.5714477896690369,-0.02509496547281742,4.100423812866211,88.01041609370971,0.9152980728840957,3.8280471219013394,1,310,1788600582.638846
1788600633.049047,50.392000,gate_sweep_low_r14,0.0810810623515863,0.11301589384675026,4.733794584870338,91.8381312327731,-0.5696039199829102,-0.027558090165257454,4.101552486419678,88.01156822472969,0.918086086524541,3.8265630080434074,1,310,1788600582.6570296
1788600633.092449,50.428000,gate_sweep_low_r14,0.08198634514701553,0.11240992322564125,4.737115755677223,91.83695416672631,-0.5668686032295227,-0.03019947186112404,4.1025285720825195,88.02120591087093,0.9187225245863907,3.81574825585538,1,309,1788600582.6644235
1788600633.150247,50.460000,gate_sweep_low_r14,0.08271513113868423,0.11194560304284096,4.738415613770485,91.83486985417215,-0.566289484500885,-0.03192264586687088,4.102865219116211,88.01435138738776,0.9196898217937476,3.820518466784392,1,305,1788600582.6901565
1788600633.194128,50.492000,gate_sweep_low_r14,0.08395306745660491,0.11116309836506844,4.738403216004372,91.82983521408893,-0.5653692483901978,-0.034181661903858185,4.103404521942139,88.00958091197407,0.9197651388561255,3.820254302114863,1,304,1788600582.7021077
1788600633.239816,50.524000,gate_sweep_low_r14,0.08500855395686813,0.11052064970135689,4.736533060669899,91.82448871812504,-0.5649585723876953,-0.035468410700559616,4.103668212890625,88.00058426205108,0.9188514497133514,3.823904456073955,1,302,1788600582.7157984
1788600633.286996,50.560000,gate_sweep_low_r14,0.08614159355056472,0.10986830666661263,4.73325814306736,91.81782792918622,-0.5644217729568481,-0.03728952631354332,4.103543758392334,87.988453767484,0.9172940247900454,3.8293741617022206,1,300,1788600582.7269776
1788600633.332712,50.592000,gate_sweep_low_r14,0.0876321716059465,0.10907414928078651,4.727655783295631,91.80851331341503,-0.5646492838859558,-0.037563446909189224,4.103207588195801,87.96816826560423,0.914827431900927,3.8403450478108043,1,299,1788600582.740693
1788600633.380382,50.624000,gate_sweep_low_r14,0.0888368857849855,0.10849833860993385,4.722335234284401,91.79752331974188,-0.5649008750915527,-0.037967585027217865,4.102631092071533,87.94798115881353,0.9126108429437708,3.849542160928355,1,299,1788600582.7563646
1788600633.428556,50.656000,gate_sweep_low_r14,0.0897320581425447,0.108102235943079,4.718025103211403,91.78758835358917,-0.5648804903030396,-0.037912048399448395,4.102231979370117,87.92345247002403,0.9105157501024855,3.864135883565142,1,299,1788600582.7725348
1788600633.479418,50.692000,gate_sweep_low_r14,0.09122461805236526,0.10753889754414558,4.710464373230934,91.77080749251256,-0.5650420188903809,-0.03785345330834389,4.101840972900391,87.88848074823223,0.9067785164418424,3.882326744280328,1,297,1788600582.7873957
1788600633.527029,50.724000,gate_sweep_low_r14,0.09245623627793975,0.10718557611107826,4.704227343201637,91.75420453742093,-0.5645473003387451,-0.037400729954242706,4.101441383361816,87.86539481176403,0.9032772334164414,3.888809725656894,1,295,1788600582.8030133
1788600633.571811,50.756000,gate_sweep_low_r14,0.09369946250808425,0.1069672591984272,4.698004141449928,91.737035068127,-0.5636417269706726,-0.03657253086566925,4.100991249084473,87.84356487126242,0.89951403789355,3.893470196864585,1,293,1788600582.8157914
1788600633.619982,50.788000,gate_sweep_low_r14,0.09531950930249877,0.10690777376294136,4.690396681427956,91.71404830072409,-0.5620596408843994,-0.03617684543132782,4.100484848022461,87.82351021019771,0.8947717734384839,3.8905380905263747,1,293,1788600582.8319616
1788600633.670540,50.824000,gate_sweep_low_r14,0.09669558683526702,0.10701783373951912,4.684543505311012,91.69390522761363,-0.5611184239387512,-0.034955110400915146,4.099862575531006,87.79350445326662,0.8914748337933696,3.900400774347006,1,292,1788600582.846512
1788600633.719012,50.856000,gate_sweep_low_r14,0.09775849411380477,0.10719401016831398,4.680284395813942,91.67722636314173,-0.5601917505264282,-0.03335919231176376,4.09935998916626,87.76587709641547,0.8888908219733792,3.9113492667262535,1,291,1788600582.8629935
1788600633.764293,50.888000,gate_sweep_low_r14,0.09916456023347564,0.10755020752549171,4.674770250916481,91.6542566013505,-0.5593162775039673,-0.03205610811710358,4.098818778991699,87.73607543405349,0.8858933542176661,3.9181811672970053,1,289,1788600582.8762748
1788600633.809779,50.920000,gate_sweep_low_r14,0.10088010111940093,0.10817301645874977,4.6681984812021255,91.62505883343903,-0.557716965675354,-0.03080323338508606,4.098687648773193,87.71020776601549,0.8817069142664168,3.9148510674235424,1,289,1788600582.8897579
1788600633.859064,50.956000,gate_sweep_low_r14,0.1022471709002275,0.108778465539217,4.663236990571022,91.6009435347792,-0.5568908452987671,-0.02940266579389572,4.09814453125,87.67392641933947,0.8791396004257378,3.927017115439742,1,288,1788600582.9030464
1788600633.912551,50.988000,gate_sweep_low_r14,0.10363200286519714,0.10944705083966255,4.658535853028297,91.57827851091017,-0.5559198260307312,-0.028068356215953827,4.097764015197754,87.64281328704867,0.8765752427952099,3.9354652238615,1,286,1788600582.9245315
1788600633.962713,51.020000,gate_sweep_low_r14,0.10466911623370834,0.10999934747815132,4.655192270874977,91.56138290441825,-0.5549700856208801,-0.026521090418100357,4.097378730773926,87.61073323908334,0.8745957078026452,3.9506496653349084,1,286,1788600582.9426935
1788600634.007787,51.052000,gate_sweep_low_r14,0.10642389932763763,0.11095737293362617,4.649989500641823,91.53538624522912,-0.5542728900909424,-0.02527366764843464,4.097079753875732,87.57783967660873,0.8722318109510985,3.9575465686203795,1,285,1788600582.9557667
1788600634.057891,51.088000,gate_sweep_low_r14,0.1077819911588449,0.11175531521439552,4.646170035004616,91.51675566494076,-0.5528413653373718,-0.023950926959514618,4.096452236175537,87.54630313729727,0.8700741702077925,3.9704525276434883,1,285,1788600582.9698722
1788600634.108188,51.120000,gate_sweep_low_r14,0.10907740870607086,0.11258332803845406,4.64264477789402,91.50033026099715,-0.5517934560775757,-0.022431645542383194,4.096109390258789,87.51828728404858,0.8681476101150721,3.9820429769485672,1,283,1788600582.9881704
1788600634.157734,51.152000,gate_sweep_low_r14,0.11067337522399612,0.11369893327355385,4.638684645295143,91.48122221308255,-0.5506030321121216,-0.020768670365214348,4.095556735992432,87.49637244335591,0.8662308867682162,3.984849769726644,1,283,1788600583.0057077
1788600634.210042,51.184000,gate_sweep_low_r14,0.11200633624684997,0.11466770246624947,4.635884180665016,91.46717860669706,-0.549508810043335,-0.018883028998970985,4.095099925994873,87.47616621186631,0.8648038487110025,3.9910123948307508,1,283,1788600583.0260246
1788600634.260064,51.220000,gate_sweep_low_r14,0.11305907348287292,0.11546919122338295,4.633973017334938,91.45905045698301,-0.5479519367218018,-0.017079675570130348,4.094440937042236,87.45774094566903,0.8634811077059066,4.001309511313976,1,283,1788600583.0400329
1788600634.310524,51.252000,gate_sweep_low_r14,0.11487767825019546,0.11698423698544502,4.6311477571725845,91.44608044207497,-0.5463351011276245,-0.01571669802069664,4.093983173370361,87.44606577973899,0.8621819227143779,4.000014662335981,1,282,1788600583.0585067
1788600634.361371,51.284000,gate_sweep_low_r14,0.1163334620941896,0.11834906414151192,4.6291641145944595,91.4383281586087,-0.5450260043144226,-0.014498732052743435,4.09379243850708,87.43394369344766,0.8612013192735858,4.004384465161032,1,282,1788600583.0773401
1788600634.410074,51.316000,gate_sweep_low_r14,0.11776161173474975,0.11986907199025154,4.627430811524391,91.43230584036164,-0.5437957048416138,-0.013552580960094929,4.093474864959717,87.42014622133226,0.8605628236587373,4.012159619029378,1,280,1788600583.0940568
1788600634.462913,51.352000,gate_sweep_low_r14,0.11946517208707519,0.12198706343770027,4.625720396637917,91.42478869329408,-0.5423690676689148,-0.011874894611537457,4.093456745147705,87.40761875973074,0.8597954288223788,4.017169933563337,1,280,1788600583.1108963
1788600634.511210,51.384000,gate_sweep_low_r14,0.12081433812272735,0.12381314113736153,4.6246355921030045,91.4206891209382,-0.5416870713233948,-0.010255750268697739,4.0931010246276855,87.39499416347968,0.8598904474304401,4.02569495745852,1,279,1788600583.127185
1788600634.560346,51.416000,gate_sweep_low_r14,0.12182027826202102,0.1252485103905201,4.623985186219215,91.41812747652519,-0.5406754016876221,-0.008978335186839104,4.092510223388672,87.38752271505223,0.8598738326878634,4.03060476147297,1,279,1788600583.144329
1788600634.610869,51.448000,gate_sweep_low_r14,0.12348120639217086,0.12772199884057045,4.623147860169411,91.41661649028633,-0.5394941568374634,-0.007496818900108337,4.092338562011719,87.3851449915006,0.859987774291771,4.031471498785723,1,279,1788600583.1628346
1788600634.662663,51.484000,gate_sweep_low_r14,0.12481030056369491,0.12974276021122932,4.622694864869118,91.41607514217053,-0.5379819869995117,-0.006072483025491238,4.09230899810791,87.38680536516223,0.8596793381306518,4.0292697770083015,1,277,1788600583.1786397
1788600634.709607,51.516000,gate_sweep_low_r14,0.12611713240039535,0.13178354874253273,4.6223915964365005,91.4166772805045,-0.5361806154251099,-0.004471483174711466,4.092287063598633,87.39563638211837,0.859194131865878,4.021040898386136,1,277,1788600583.1935883
1788600634.758006,51.548000,gate_sweep_low_r14,0.1273662967432756,0.13382526114583015,4.62218464910984,91.4199448228802,-0.5345471501350403,-0.0030300510115921497,4.092114448547363,87.40498966045708,0.85897217949616,4.014955162423121,1,275,1788600583.2099893
1788600634.811561,51.580000,gate_sweep_low_r14,0.12884343395126052,0.13632437959313393,4.622092142701149,91.42492275832905,-0.5336437821388245,-0.0017019393853843212,4.0917744636535645,87.40688947934943,0.859754277060584,4.018033278979606,1,274,1788600583.231535
1788600634.863915,51.616000,gate_sweep_low_r14,0.12966663370025344,0.13776763156056404,4.622117415070534,91.42977124869178,-0.5326804518699646,-0.00011401111260056496,4.091283798217773,87.40876794227577,0.8599414735495639,4.021003306416013,1,273,1788600583.24789
1788600634.914152,51.648000,gate_sweep_low_r14,0.13069789836299606,0.13961978629231453,4.622262850403786,91.43710822232603,-0.5316307544708252,0.0014406763948500156,4.091190814971924,87.4156939426897,0.860122210848238,4.021414279636325,1,272,1788600583.2661307
1788600634.959225,51.680000,gate_sweep_low_r14,0.131650395487668,0.1414111740887165,4.622588530182838,91.44570654327173,-0.5301699638366699,0.0013766412157565355,4.09217643737793,87.41714446377482,0.8596236656856457,4.028562079496901,1,271,1788600583.279205
1788600635.007270,51.712000,gate_sweep_low_r14,0.13269896039855666,0.1437227465212345,4.623184576630592,91.45515593843677,-0.5278128385543823,-0.0008861594833433628,4.093740940093994,87.40840357906518,0.8587771169057697,4.046752359371596,1,257,1788600583.295239
1788600635.061711,51.748000,gate_sweep_low_r14,0.13338192531955428,0.1457531489431858,4.623715296387672,91.46353468487258,-0.5244348049163818,-0.0041397251188755035,4.0955986976623535,87.39833121084408,0.8567951132692593,4.065203474028511,1,257,1788600583.313693
1788600635.110139,51.780000,gate_sweep_low_r14,0.13375084826839156,0.14745711162686348,4.624116316437721,91.4714592662614,-0.5218796133995056,-0.006835511885583401,4.097586631774902,87.38627797305628,0.8549216483212606,4.085181293205136,1,253,1788600583.330114
1788600635.161707,51.812000,gate_sweep_low_r14,0.13402631113422103,0.15079479292035103,4.624796286225319,91.49204482193234,-0.5195667147636414,-0.00896802544593811,4.099483013153076,87.37898223990376,0.8536170315197186,4.113062582028576,1,253,1788600583.3496804
1788600635.211933,51.844000,gate_sweep_low_r14,0.1338832748879213,0.154064629226923,4.625335112214088,91.52292949469947,-0.5171014070510864,-0.01065199077129364,4.100637912750244,87.3842074427656,0.8521852921448887,4.1387220519338594,1,252,1788600583.3679142
1788600635.261504,51.880000,gate_sweep_low_r14,0.1333787066687364,0.15795275941491127,4.62590779364109,91.57545623592362,-0.5146998763084412,-0.01131047960370779,4.101869106292725,87.41158454071251,0.8504542548747575,4.1638716952111094,1,247,1788600583.3814847
1788600635.312787,51.912000,gate_sweep_low_r14,0.13216199705493636,0.1637493409216404,4.626697435975075,91.68794235514129,-0.5132265686988831,-0.011240668594837189,4.1025495529174805,87.46706213150784,0.8496345729489275,4.220880223633436,1,243,1788600583.4007673
1788600635.360732,51.944000,gate_sweep_low_r14,0.13064294288051315,0.16915981844067574,4.627371683716774,91.82825816684492,-0.5122131109237671,-0.009773177094757557,4.10283899307251,87.55960208332284,0.8487729180167134,4.2686560835220835,1,239,1788600583.4167125
1788600635.411045,51.976000,gate_sweep_low_r14,0.12914472052943893,0.1736910231411457,4.627939119935036,91.9738271689306,-0.5114584565162659,-0.007921207696199417,4.103118419647217,87.70939243438129,0.8478161358934875,4.26443473454931,1,237,1788600583.435026
1788600635.459343,52.012000,gate_sweep_low_r14,0.1259225232352037,0.1821918971836567,4.629098787903786,92.31383486658302,-0.5104675889015198,-0.004755393136292696,4.103193759918213,87.96002246761039,0.8464737223587446,4.353812398972628,1,231,1788600583.447328
1788600635.507265,52.044000,gate_sweep_low_r14,0.12264442423474975,0.18987875059247017,4.63028658926487,92.68822669129044,-0.5103399753570557,-0.0005655335262417793,4.102522373199463,88.27175864509285,0.8458565736809169,4.416468046197591,1,225,1788600583.4632487
1788600635.551635,52.076000,gate_sweep_low_r14,0.11870499679935165,0.19837603345513344,4.631730452179909,93.16850395673217,-0.5101625323295593,0.004308084491640329,4.101160049438477,88.68783981914504,0.845364826730332,4.480664137587137,1,222,1788600583.4756072
1788600635.599636,52.108000,gate_sweep_low_r14,0.1127558795560617,0.210174310952425,4.633883848786354,93.93167216674624,-0.5095093846321106,0.009513318538665771,4.100407600402832,89.2213305874478,0.8438458392864232,4.710341579298443,1,217,1788600583.4916158
1788600635.646896,52.144000,gate_sweep_low_r14,0.1071517987002153,0.22050953283905983,4.635930433869362,94.68025341161751,-0.5101243853569031,0.017608147114515305,4.098921775817871,89.95890239713637,0.8429573883390078,4.72135101448114,1,210,1788600583.502875
1788600635.696667,52.176000,gate_sweep_low_r14,0.10243708619964309,0.22876571491360664,4.637623682618141,95.32531762144637,-0.5108458995819092,0.025254912674427032,4.097582817077637,90.74608731572438,0.8421263585299461,4.579230305721993,1,207,1788600583.5206504
1788600635.743669,52.208000,gate_sweep_low_r14,0.09545551220071502,0.24044905975461006,4.640087977051735,96.29510511480899,-0.5115815997123718,0.03316245228052139,4.095530033111572,91.66411193742748,0.8414304173169851,4.630993177381506,1,206,1788600583.5356495
1788600635.792237,52.240000,gate_sweep_low_r14,0.0855792609800119,0.25615279749035835,4.643325701355934,97.67664244740236,-0.5127270817756653,0.04353338107466698,4.092965602874756,92.71257428673086,0.8402819372203804,4.964068160671509,1,198,1788600583.5522225
1788600635.838988,52.276000,gate_sweep_low_r14,0.07672346362960525,0.2695728428661823,4.646026983857155,98.90665454824578,-0.5143001675605774,0.05340240150690079,4.090730667114258,94.028418893162,0.8392809968841922,4.878235655083779,1,185,1788600583.562965
1788600635.899162,52.308000,gate_sweep_low_r14,0.06703429648769088,0.2837313301861286,4.648762121796608,100.23476776400044,-0.5191379189491272,0.06484150886535645,4.087979316711426,95.29341300874839,0.8402309054701288,4.941354755252055,1,178,1788600583.5911403
1788600635.956308,52.340000,gate_sweep_low_r14,0.05928411314380355,0.2948077507317066,4.650818720459938,101.2843849819558,-0.5264227390289307,0.07867620140314102,4.085243225097656,96.64632515309198,0.8424019255981967,4.63805982886381,1,176,1788600583.6162913
1788600635.998238,52.372000,gate_sweep_low_r14,0.04535311067593284,0.3141525574028492,4.6542424112558365,103.11493348875885,-0.5504385828971863,0.1431482881307602,4.091064929962158,98.07224938907545,0.8374837775600779,5.0426840996834,1,383,1788600583.6262164
1788600636.052497,52.408000,gate_sweep_low_r14,0.03336211646092124,0.3304501064121723,4.657020941376686,104.62874593904205,-0.5563164353370667,0.16068905591964722,4.093869686126709,99.75998707586047,0.8328739070258612,4.868758863181577,1,253,1788600583.6444786
1788600636.100622,52.440000,gate_sweep_low_r14,0.020644338597776368,0.3474375791847706,4.659728422760963,106.16416963494125,-0.5596808791160583,0.1714443415403366,4.091890811920166,101.29585168288267,0.8307770641372839,4.868317952058575,1,192,1788600583.6606042
1788600636.160723,52.472000,gate_sweep_low_r14,0.003813509625615552,0.3695618100464344,4.663055792450905,108.0863499720185,-0.5706253051757812,0.18763744831085205,4.0872368812561035,102.80262531149192,0.8334529643794537,5.283724660526573,1,180,1788600583.688699
1788600636.213125,52.504000,gate_sweep_low_r14,-0.010285166295943782,0.3879954107105732,4.66569747030735,109.59839286040487,-0.5793719291687012,0.20723244547843933,4.0937323570251465,104.23373355600386,0.8268488883033173,5.364659304401013,1,388,1788600583.709102
1788600636.264811,52.540000,gate_sweep_low_r14,-0.02119720188784413,0.4022352583706379,4.66764010488987,110.70371520314667,-0.5906431674957275,0.2245643138885498,4.093140602111816,105.85988230062094,0.8281819552202779,4.8438329025257385,1,244,1788600583.7247887
1788600636.322460,52.572000,gate_sweep_low_r14,-0.03994945084559731,0.42676403000950813,4.67083777487278,112.46456577114525,-0.6003711223602295,0.24283331632614136,4.088826656341553,107.26746400991549,0.8286373751124776,5.197101761229755,1,214,1788600583.7504406
1788600636.369291,52.604000,gate_sweep_low_r14,-0.0553727301012259,0.44712354615330696,4.673413172364235,113.77806815213529,-0.6100971698760986,0.26572954654693604,4.083866596221924,108.63005485548334,0.8295710654415717,5.148013296651953,1,198,1788600583.7652736
1788600636.429598,52.636000,gate_sweep_low_r14,-0.07113273462164216,0.4681527800858021,4.676058664917946,114.98674997538106,-0.6223072409629822,0.28844112157821655,4.084690093994141,109.8830680671236,0.8281342906320391,5.103681908257452,1,175,1788600583.7935815
1788600636.474077,52.672000,gate_sweep_low_r14,-0.09114873429643922,0.4954361505806446,4.679582968354225,116.32418077385583,-0.6390587687492371,0.27929234504699707,4.09990930557251,111.02051101012442,0.8264049284989794,5.303669763731411,1,389,1788600583.802057
1788600636.523218,52.704000,gate_sweep_low_r14,-0.10732688775169663,0.5181072540581226,4.6826518923044205,117.23734906692657,-0.6519455909729004,0.28732332587242126,4.1023268699646,111.94693222151753,0.8286421935678162,5.290416845409035,1,251,1788600583.8191984
1788600636.574739,52.736000,gate_sweep_low_r14,-0.11948230882990174,0.5356224961578846,4.6850956827402115,117.82315194230692,-0.6639828681945801,0.3050207793712616,4.1021037101745605,112.75859544663099,0.8303840382674598,5.064556495675927,1,190,1788600583.838708
1788600636.623521,52.768000,gate_sweep_low_r14,-0.13968131711590104,0.5658004470169544,4.68943490087986,118.60089859013006,-0.6753332614898682,0.32022625207901,4.10020112991333,113.41928131808892,0.8333223431412768,5.18161727204114,1,180,1788600583.8554928
1788600636.675997,52.804000,gate_sweep_low_r14,-0.15572192540275864,0.5907922573387623,4.693138018250465,119.03720948035333,-0.689644992351532,0.33799052238464355,4.099620819091797,113.95122064289944,0.8374038597432827,5.085988837453892,1,170,1788600583.8719797
1788600636.733786,52.836000,gate_sweep_low_r14,-0.1716030465613585,0.6165031976997852,4.69704569876194,119.31448824117754,-0.7017765045166016,0.3603886067867279,4.113966941833496,114.27636644474758,0.828649151317976,5.038121796429955,1,164,1788600583.8977644
1788600636.780337,52.868000,gate_sweep_low_r14,-0.1872491019021254,0.642927248030901,4.701100721955299,119.42864658432875,-0.7243914008140564,0.37812626361846924,4.121571063995361,114.38985591780241,0.8333642871405936,5.038790666526343,1,359,1788600583.9123151
1788600636.832221,52.900000,gate_sweep_low_r14,-0.20641724040615372,0.676918525248766,4.706349745392799,119.34981697204925,-0.7345550060272217,0.40871137380599976,4.122516632080078,114.4189470446965,0.8317004747868562,4.930869927352763,1,254,1788600583.9322035
1788600636.882535,52.936000,gate_sweep_low_r14,-0.21769007315742783,0.6978520937263966,4.709549322724342,119.18961046573956,-0.7471044063568115,0.4376540184020996,4.126091480255127,114.24270061329938,0.8297021324175612,4.946909852440194,1,206,1788600583.9465127
1788600636.933909,52.968000,gate_sweep_low_r14,-0.23242441585171036,0.7263895459473133,4.713816538453102,118.84654175759688,-0.7584484219551086,0.45972180366516113,4.131350040435791,113.92021169773334,0.8289029865330916,4.926330059863538,1,193,1788600583.9658892
1788600636.989221,53.000000,gate_sweep_low_r14,-0.24682555368053727,0.7556635923683643,4.718068495392799,118.36851990761386,-0.7711073756217957,0.48075050115585327,4.136317253112793,113.4591374485053,0.8299898459815003,4.909382459108551,1,172,1788600583.989195
1788600637.032306,53.032000,gate_sweep_low_r14,-0.2643933819781523,0.7933069653809071,4.723220720887184,117.5926834887133,-0.7877179384231567,0.49261534214019775,4.1326398849487305,112.85859800429778,0.8444345844665861,4.734085484415532,1,362,1788600584.0002866
1788600637.081660,53.068000,gate_sweep_low_r14,-0.2780904995452147,0.8242699690163136,4.7272099405527115,116.84365641251075,-0.7991070747375488,0.5289188027381897,4.134355545043945,112.0893406926071,0.8427140187044841,4.754315719903666,1,208,1788600584.0136409
1788600637.133659,53.100000,gate_sweep_low_r14,-0.2881809400569182,0.847950417548418,4.730141535401344,116.21452162517193,-0.8089742064476013,0.5578396320343018,4.139399528503418,111.27833668439104,0.8392651624506311,4.936184940780885,1,185,1788600584.0336413
1788600637.188406,53.132000,gate_sweep_low_r14,-0.30466341247665696,0.8881637044250965,4.734849825501442,115.06016568792533,-0.8171730637550354,0.5878193378448486,4.144696235656738,110.38534623694233,0.837349473515429,4.674819450983009,1,166,1788600584.0563796
1788600637.246259,53.164000,gate_sweep_low_r14,-0.31750410070526414,0.9209755845367908,4.738455668091774,114.05182190352646,-0.8238015174865723,0.6187379956245422,4.152430534362793,109.42792477442464,0.8313303144677121,4.623897129101812,1,155,1788600584.0822341
1788600637.304277,53.200000,gate_sweep_low_r14,-0.33003320565330796,0.9543161578476429,4.741973295807838,112.98660156232253,-0.8273910284042358,0.650519073009491,4.161088943481445,108.30782206850203,0.8228512036725448,4.678779493820498,1,143,1788600584.104261
1788600637.349730,53.232000,gate_sweep_low_r14,-0.3452531324874144,0.9966928549110889,4.74615515768528,111.59328368534479,-0.8378030061721802,0.6549661159515381,4.148131847381592,107.18145704935992,0.8467670410764633,4.4118266359848715,1,336,1788600584.1177087
1788600637.398784,53.264000,gate_sweep_low_r14,-0.3570997344504576,1.0311123915016651,4.749329939484596,110.44780364260542,-0.844158947467804,0.6855590343475342,4.149151802062988,106.07250405633935,0.8466685279756403,4.375299586266066,1,189,1788600584.134765
1788600637.452981,53.296000,gate_sweep_low_r14,-0.3658381926070433,1.0571883507072926,4.751613512635231,109.57876927027498,-0.8528061509132385,0.7170625925064087,4.150463104248047,104.92581103866348,0.8451065834039566,4.6529582316114855,1,160,1788600584.1569555
1788600637.510742,53.332000,gate_sweep_low_r14,-0.380203031207202,1.1010919399559498,4.755235567688942,108.12889898131505,-0.8616161346435547,0.7504628896713257,4.154573440551758,103.63871542602156,0.8458689603246384,4.490183555293486,1,152,1788600584.178719
1788600637.551900,53.364000,gate_sweep_low_r14,-0.39154186120140366,1.1366003341972828,4.757985964417458,106.98177298976307,-0.859914243221283,0.7682511806488037,4.1548051834106445,102.56305327283638,0.8478684106244587,4.418719716926697,1,335,1788600584.1878815
1788600637.600878,53.396000,gate_sweep_low_r14,-0.40276848545181565,1.1723985262215137,4.760568514466286,105.86007845684901,-0.8590973019599915,0.7890359163284302,4.150978088378906,101.48424038057908,0.852527634166296,4.375838076269931,1,226,1788600584.2048466
1788600637.662229,53.428000,gate_sweep_low_r14,-0.41668164005386643,1.2174892015755177,4.763609305024147,104.50862719112628,-0.8679982423782349,0.8164016604423523,4.1546630859375,100.38077586769235,0.8575391471680949,4.127851323433924,1,206,1788600584.234205
1788600637.709964,53.464000,gate_sweep_low_r14,-0.4277872668753844,1.2538005895912647,4.765923872590065,103.48131226742078,-0.874410092830658,0.8499089479446411,4.1587018966674805,99.2195457846155,0.8551718744788133,4.261766482805275,1,195,1788600584.2459452
1788600637.757700,53.496000,gate_sweep_low_r14,-0.43611284365761094,1.2811747379601002,4.767614737153053,102.74683641042655,-0.8791886568069458,0.8791081309318542,4.161856651306152,98.23530466593957,0.8514203375854089,4.511531744486986,1,187,1788600584.2616835
1788600637.803742,53.528000,gate_sweep_low_r14,-0.4472012447367888,1.317870456725359,4.769827261567116,101.82102596565855,-0.8834183216094971,0.9134191274642944,4.1637468338012695,97.32766010964323,0.8492347736740669,4.493365856015313,1,180,1788600584.2757103
1788600637.859202,53.560000,gate_sweep_low_r14,-0.46110453477012925,1.3640667982399464,4.772574797272682,100.75396421688163,-0.8899490237236023,0.9471817016601562,4.1661906242370605,96.44880683032996,0.8517056679183256,4.305157386551661,1,172,1788600584.299185
1788600637.914865,53.596000,gate_sweep_low_r14,-0.472323917056201,1.4012912102043629,4.774835482239723,99.98009053536369,-0.9002827405929565,0.9841353893280029,4.169581413269043,95.52803589955774,0.8505881621205168,4.452054635805953,1,161,1788600584.318836
1788600637.959701,53.628000,gate_sweep_low_r14,-0.4836150633345824,1.438727218657732,4.777039423584938,99.27941433418259,-0.902618408203125,1.0081390142440796,4.161086082458496,94.76537905835677,0.8604466998228462,4.514035275825819,1,360,1788600584.3316817
1788600638.004158,53.660000,gate_sweep_low_r14,-0.4920920955191832,1.466926772147417,4.778622999787331,98.8025061547552,-0.9110330939292908,1.0397762060165405,4.1597771644592285,94.08530962874367,0.8607783304647734,4.717196526011525,1,306,1788600584.3441362
1788600638.052341,53.692000,gate_sweep_low_r14,-0.5062598215590697,1.514109093695879,4.781124964356422,98.09840304531134,-0.9185774326324463,1.072409987449646,4.159367561340332,93.48214641205554,0.8669983743152523,4.6162566332558,1,282,1788600584.3603208
1788600638.099881,53.728000,gate_sweep_low_r14,-0.5176239835273009,1.5520112104713917,4.783037081360817,97.61859953856398,-0.9268038868904114,1.1104004383087158,4.161598205566406,92.89951984756469,0.8652366981092401,4.719079690999304,1,268,1788600584.3718622
1788600638.153606,53.760000,gate_sweep_low_r14,-0.5289736019622069,1.589998323470354,4.784863367676735,97.21072591139045,-0.934346079826355,1.1447954177856445,4.164674758911133,92.45515668868498,0.864387866343831,4.755569222705474,1,255,1788600584.3935857
1788600638.207485,53.792000,gate_sweep_low_r14,-0.5431545602332335,1.6375556774437428,4.787022963166237,96.79755861607995,-0.9413770437240601,1.177901268005371,4.164919376373291,92.07461979545155,0.8699863189581708,4.722938820628399,1,235,1788600584.415457
1788600638.263587,53.824000,gate_sweep_low_r14,-0.5545039402495604,1.6756429262459278,4.788677588105202,96.54188673230283,-0.9486780762672424,1.2117805480957031,4.165591239929199,91.76645953932999,0.8710787293073886,4.7754271929728445,1,223,1788600584.4395607
1788600638.314459,53.860000,gate_sweep_low_r14,-0.5630220400344115,1.7042269296944141,4.789868727326393,96.39089441748185,-0.9559816122055054,1.2497873306274414,4.166406631469727,91.50047433858029,0.8658161233951626,4.890420078901554,1,217,1788600584.4544375
1788600638.365247,53.892000,gate_sweep_low_r14,-0.5772326218138915,1.7519158907234669,4.791859045624733,96.21441019940545,-0.9625937938690186,1.2829365730285645,4.1659255027771,91.32200792304229,0.8719160701667722,4.892402276363162,1,206,1788600584.4732254
1788600638.415225,53.924000,gate_sweep_low_r14,-0.58858289589989,1.790124375373125,4.7934001833200455,96.13491242633287,-0.9694318175315857,1.3160609006881714,4.167230606079102,91.18961259516877,0.8728518881233515,4.945299831164111,1,201,1788600584.491199
1788600638.462986,53.956000,gate_sweep_low_r14,-0.5999191628943663,1.8283705301582813,4.794940367341042,96.10622426801413,-0.9760424494743347,1.348204255104065,4.167562484741211,91.10604325232133,0.875003649125308,5.000181015692803,1,192,1788600584.5069666
1788600638.513916,53.992000,gate_sweep_low_r14,-0.6140216814528685,1.8762716837227345,4.796807661652565,96.13292901823442,-0.9813157916069031,1.3843785524368286,4.168424606323242,91.08412846981875,0.8784811211318728,5.048800548415669,1,191,1788600584.5218918
1788600638.564105,54.024000,gate_sweep_low_r14,-0.6251967178832274,1.9146364517509937,4.798275366425514,96.19968565950421,-0.9855830073356628,1.4160898923873901,4.16740083694458,91.11108685764773,0.8811524393805942,5.088598801856465,1,182,1788600584.5400848
1788600638.611805,54.056000,gate_sweep_low_r14,-0.6334997641097289,1.9434321708977222,4.7993511110544205,96.27271305780637,-0.9920563101768494,1.4488927125930786,4.1676225662231445,91.15861655624724,0.8787565231066424,5.114096501559136,1,176,1788600584.5557902
1788600638.659612,54.088000,gate_sweep_low_r14,-0.6471498834143858,1.991450984030962,4.8010882288217545,96.43078079757593,-0.998071551322937,1.4821406602859497,4.168864727020264,91.24257796172343,0.8844487430660458,5.188202835852502,1,171,1788600584.5715942
1788600638.711187,54.124000,gate_sweep_low_r14,-0.6579192506324034,2.029821116477251,4.802447214722633,96.58530509015955,-1.0046160221099854,1.5206985473632812,4.169341564178467,91.37805011213797,0.8833047076095202,5.207254978021571,1,167,1788600584.5871675
1788600638.772234,54.156000,gate_sweep_low_r14,-0.6685910450469237,2.068139512091875,4.803787603974342,96.76021087050705,-1.0126034021377563,1.5538371801376343,4.171292304992676,91.516888553611,0.8848173222302265,5.243322316896052,1,165,1788600584.616218
1788600638.813496,54.188000,gate_sweep_low_r14,-0.67913784852135,2.106422383338213,4.805143252015114,96.9510428047162,-1.008392572402954,1.6133055686950684,4.1783857345581055,91.82799073696783,0.8627849394669711,5.1230520677483655,1,382,1788600584.625479
1788600638.864322,54.220000,gate_sweep_low_r14,-0.6921621786605101,2.1541668958961964,4.806811705231667,97.20461822343643,-1.012272834777832,1.6540768146514893,4.1814866065979,92.03905154619231,0.8623180390671005,5.165566677244117,1,300,1788600584.644303
1788600638.913157,54.256000,gate_sweep_low_r14,-0.6998926030646544,2.182723481208086,4.807780638337135,97.36186765316745,-1.0176788568496704,1.6941331624984741,4.1826653480529785,92.26699824060736,0.8546798984289501,5.094869412560083,1,269,1788600584.6571307
1788600638.960965,54.288000,gate_sweep_low_r14,-0.7100560890685301,2.2206561155617237,4.809057608246803,97.57531824570262,-1.0219058990478516,1.7303353548049927,4.183683395385742,92.48502605137531,0.8536730395911483,5.090292194327296,1,264,1788600584.6729457
1788600639.011152,54.320000,gate_sweep_low_r14,-0.7199989186774474,2.2584135122597218,4.810316935181618,97.78543007355371,-1.0257830619812012,1.7674734592437744,4.184818267822266,92.70832890829521,0.8519240933437892,5.077101165258506,1,252,1788600584.6911328
1788600639.065068,54.352000,gate_sweep_low_r14,-0.7320528255950194,2.30542965605855,4.811888113617897,98.03981642126257,-1.029285192489624,1.8035848140716553,4.1850905418396,92.93252268479594,0.8561953756858244,5.10729373646663,1,242,1788600584.713044
1788600639.115053,54.388000,gate_sweep_low_r14,-0.7413619386206847,2.342894036322832,4.813110247254372,98.23077291819699,-1.031795859336853,1.8448463678359985,4.185850143432617,93.18546813231629,0.8519733447909122,5.045304785880696,1,237,1788600584.727036
1788600639.167404,54.420000,gate_sweep_low_r14,-0.7481461988936644,2.3708448000252247,4.814029112458229,98.36448539001336,-1.0350102186203003,1.8795157670974731,4.185092926025391,93.38122550438017,0.8480895654446677,4.983259885633193,1,230,1788600584.7473838
1788600639.217864,54.452000,gate_sweep_low_r14,-0.759089373255847,2.4171204157173634,4.815545931458473,98.56431866925939,-1.0382089614868164,1.9158674478530884,4.18661642074585,93.57233577523054,0.8513017160632239,4.991982894028853,1,226,1788600584.7658386
1788600639.271578,54.484000,gate_sweep_low_r14,-0.7675114499579649,2.4537775106728077,4.816823855042458,98.70034685224068,-1.041913390159607,1.9510505199432373,4.187021255493164,93.73305405525424,0.8512826595164985,4.967292796986435,1,221,1788600584.7875562
1788600639.322797,54.520000,gate_sweep_low_r14,-0.7755996214400511,2.4900698252022266,4.8181342035532,98.8117072729009,-1.0439397096633911,1.9884551763534546,4.185769557952881,93.90654738187402,0.8505931482751338,4.905159891026878,1,215,1788600584.8027742
1788600639.370980,54.552000,gate_sweep_low_r14,-0.7851886378775816,2.534863907843828,4.819834604859352,98.91460713509285,-1.0448521375656128,2.021477699279785,4.1852192878723145,94.03801182728408,0.8565787370513919,4.876595307808776,1,209,1788600584.818961
1788600639.420935,54.584000,gate_sweep_low_r14,-0.792414568568347,2.570188958197832,4.821233168244362,98.9629198711119,-1.0467853546142578,2.0568559169769287,4.186278820037842,94.14297453043615,0.8552089407326626,4.819945340675742,1,201,1788600584.8369138
1788600639.475647,54.616000,gate_sweep_low_r14,-0.7975580321799498,2.5963322706520557,4.822264567017555,98.97983426630263,-1.0483089685440063,2.0923423767089844,4.186310291290283,94.22769903710248,0.8493054139118617,4.7521352292001495,1,194,1788600584.8596294
1788600639.520991,54.652000,gate_sweep_low_r14,-0.8055845128546935,2.639229256659746,4.823913469910622,98.96835714585205,-1.0494825839996338,2.1317145824432373,4.186910629272461,94.29284137595964,0.8501941146787583,4.675515769892409,1,190,1788600584.8689747
1788600639.569081,54.684000,gate_sweep_low_r14,-0.8114861475478392,2.67282672598958,4.825184240937233,98.91887790560445,-1.049981713294983,2.167154550552368,4.187275409698486,94.32140920364816,0.8482406267474085,4.597468701956289,1,178,1788600584.8850577
1788600639.624901,54.716000,gate_sweep_low_r14,-0.8169424163352232,2.7057814188301563,4.826386824250221,98.83400451898135,-1.050665259361267,2.2006194591522217,4.188287734985352,94.31520182521301,0.8467499161963254,4.518802693768344,1,167,1788600584.9088783
1788600639.666484,54.748000,gate_sweep_low_r14,-0.8230855690489989,2.745974738150835,4.827776327729225,98.67942637806976,-1.065720558166504,2.23176646232605,4.195191383361816,94.05395272445318,0.8505560538324725,4.625473653616587,1,360,1788600584.9184668
1788600639.714203,54.784000,gate_sweep_low_r14,-0.8274545299063902,2.77735348418355,4.828798666596413,98.51374181165048,-1.0671321153640747,2.272665023803711,4.200072288513184,93.94483258585612,0.8411020422689826,4.568909225794353,1,278,1788600584.9301827
1788600639.760187,54.816000,gate_sweep_low_r14,-0.8303922044287901,2.8004400320351124,4.8295377641916275,98.36562757611735,-1.0667434930801392,2.3074769973754883,4.200850963592529,93.83322867791537,0.8331395912063653,4.532398898201964,1,217,1788600584.9441655
1788600639.806632,54.848000,gate_sweep_low_r14,-0.8338939177046996,2.830618340522051,4.830470934510231,98.14116009067835,-1.0664803981781006,2.340092182159424,4.201660633087158,93.67532097403429,0.8307314717240323,4.465839116644056,1,203,1788600584.9586082
1788600639.854250,54.880000,gate_sweep_low_r14,-0.8375911342154723,2.8673142977058887,4.831581011414528,97.80573012288997,-1.0662293434143066,2.3719282150268555,4.203847885131836,93.48196389616844,0.8317040816602802,4.323766226721519,1,191,1788600584.9742315
1788600639.904366,54.916000,gate_sweep_low_r14,-0.8399891482840758,2.8957988806068897,4.832369223237038,97.50303303992877,-1.0663909912109375,2.4054794311523438,4.206094741821289,93.21958759807845,0.8269768334522154,4.283445441850325,1,182,1788600584.9883475
1788600639.953994,54.948000,gate_sweep_low_r14,-0.8418783771048766,2.9234749861061573,4.8330167680978775,97.16230668128684,-1.0642468929290771,2.435750961303711,4.207459926605225,92.96794858077553,0.8237984238499241,4.1943581005113035,1,166,1788600585.0059679
1788600640.003599,54.980000,gate_sweep_low_r14,-0.8430400716315489,2.9437059946358204,4.833409681916237,96.88675243239992,-1.0628023147583008,2.464113712310791,4.208885669708252,92.67247362975827,0.8175172429950279,4.214278802641649,1,163,1788600585.02358
1788600640.054265,55.012000,gate_sweep_low_r14,-0.8443910109053832,2.9763454981148243,4.833858862519264,96.38074785707643,-1.0624349117279053,2.4907777309417725,4.209720611572266,92.34960546038069,0.8202851671818182,4.031142396695741,1,156,1788600585.042238
1788600640.101333,55.048000,gate_sweep_low_r14,-0.844943009520648,3.0014009065926075,4.834063902497292,95.94228659958223,-1.0556567907333374,2.511242151260376,4.203934192657471,91.95450624313332,0.8256629786084686,3.9877803564489045,1,347,1788600585.053309
1788600640.150941,55.080000,gate_sweep_low_r14,-0.845016263629077,3.0254580564796925,4.834216013550758,95.46748473505268,-1.0530325174331665,2.5321438312530518,4.200368404388428,91.546802843081,0.8296942077045318,3.9206818919716815,1,246,1788600585.0709229
1788600640.203316,55.112000,gate_sweep_low_r14,-0.8444582449446898,3.0540651865303516,4.834444895386696,94.82596606145844,-1.0477203130722046,2.550311803817749,4.196262359619141,91.12160007474968,0.8380691426681758,3.704365986708778,1,202,1788600585.0913007
1788600640.246253,55.144000,gate_sweep_low_r14,-0.8435050474654417,3.0757700987160206,4.834673777222633,94.27049553446494,-1.042770504951477,2.575792074203491,4.1962666511535645,90.66559105214581,0.8350140155460496,3.604904482319127,1,188,1788600585.102236
1788600640.292160,55.180000,gate_sweep_low_r14,-0.8425085770140868,3.0913226194679737,4.834883585572243,93.83609980182385,-1.0400378704071045,2.6047885417938232,4.199426174163818,90.09907465403552,0.8243417690499958,3.737025147788329,1,171,1788600585.1121416
1788600640.345364,55.212000,gate_sweep_low_r14,-0.8404247390280943,3.1158766336739063,4.835326090455055,93.08506696889351,-1.0363950729370117,2.627150774002075,4.198647975921631,89.57352289653792,0.8262060028892184,3.5115440723555924,1,156,1788600585.1333466
1788600640.390634,55.244000,gate_sweep_low_r14,-0.8384750710974913,3.1342482157051563,4.835731878876686,92.46419997929173,-1.0292112827301025,2.6537551879882812,4.197872638702393,89.09962021998955,0.8210470524812917,3.3645797593021864,1,356,1788600585.1466064
1788600640.436301,55.276000,gate_sweep_low_r14,-0.8362692820082884,3.1513685770332813,4.836130514740944,91.83031739568456,-1.02553129196167,2.6746628284454346,4.200098514556885,88.52430329086228,0.8170711011940321,3.306014104822278,1,288,1788600585.1602814
1788600640.489775,55.312000,gate_sweep_low_r14,-0.833236478472827,3.1709563322365284,4.836566343903542,91.0330060527263,-1.0211702585220337,2.6969122886657715,4.202041149139404,87.86395476945042,0.8140387482908683,3.1690512832758806,1,225,1788600585.1777563
1788600640.537369,55.344000,gate_sweep_low_r14,-0.8306607233535033,3.185172040015459,4.836843863129616,90.39825553092012,-1.0173178911209106,2.7144439220428467,4.202967643737793,87.26355175745942,0.8113106192078703,3.1347037734607017,1,203,1788600585.193354
1788600640.582324,55.376000,gate_sweep_low_r14,-0.8286676632415038,3.1949932165443897,4.837020769715309,89.92657945678533,-1.0130012035369873,2.7310166358947754,4.203871726989746,86.67231677938342,0.8063069091688795,3.254262677401911,1,190,1788600585.2063053
1788600640.628093,55.408000,gate_sweep_low_r14,-0.8253234850417357,3.2098528929054737,4.837232008576393,89.16183674862343,-1.0084900856018066,2.7461514472961426,4.2050580978393555,86.09783951464344,0.8051166919381787,3.0639972339800026,1,183,1788600585.2200692
1788600640.676716,55.444000,gate_sweep_low_r14,-0.8226605879317503,3.2204086370766163,4.837347403168678,88.56838275181373,-1.0037883520126343,2.761931896209717,4.20578145980835,85.45797887901736,0.8011764659858004,3.110403872796366,1,167,1788600585.232701
1788600640.731912,55.476000,gate_sweep_low_r14,-0.8199964987288695,3.2298175878822803,4.837403193116188,88.00630772839708,-1.0010356903076172,2.7737021446228027,4.2067461013793945,84.90355659136486,0.7990900160965513,3.1027511370322123,1,153,1788600585.2558918
1788600640.768396,55.508000,gate_sweep_low_r14,-0.817404769564746,3.238209445029497,4.837433710694313,87.46787373666128,-0.9959478974342346,2.78891658782959,4.207676887512207,84.41512138793918,0.79393663247434,3.0527523487220884,1,361,1788600585.2603748
1788600640.816756,55.540000,gate_sweep_low_r14,-0.8142073976050597,3.2472478933632374,4.837478056550026,86.84701166366104,-0.9918938875198364,2.798654079437256,4.208413124084473,83.9252493599938,0.7927998409742419,2.9217623036672284,1,279,1788600585.2767382
1788600640.865231,55.576000,gate_sweep_low_r14,-0.8122968303214293,3.2518980093300343,4.837488070130348,86.50157188895554,-0.9878995418548584,2.80830979347229,4.209455490112305,83.40530991852391,0.7886898877948605,3.096261970431618,1,240,1788600585.2892106
1788600640.914737,55.608000,gate_sweep_low_r14,-0.8098016606818419,3.2572080679237843,4.837523356080055,86.07972671996713,-0.9834670424461365,2.815957546234131,4.209935188293457,82.99538615250019,0.7865930307728825,3.0843405674669304,1,216,1788600585.3067117
1788600640.969277,55.640000,gate_sweep_low_r14,-0.807395003939746,3.261557776480913,4.83759631216526,85.69791690582578,-0.9799516797065735,2.822758436203003,4.210819244384766,82.61272470401575,0.7843278396662599,3.085192201810032,1,198,1788600585.3292563
1788600641.012575,55.672000,gate_sweep_low_r14,-0.8044519053946715,3.26567717269063,4.837705507874489,85.28684192116992,-0.9760999083518982,2.827747106552124,4.211607933044434,82.28127556779457,0.7830989419960653,3.0055663533753525,1,184,1788600585.3405437
1788600641.059607,55.708000,gate_sweep_low_r14,-0.8021126615058165,3.268022257834673,4.837808504700661,85.00828088677571,-0.9728565812110901,2.832285165786743,4.212471961975098,81.93500272713793,0.7810672769810978,3.0732781596377743,1,172,1788600585.3515868
1788600641.112975,55.740000,gate_sweep_low_r14,-0.8004168497573119,3.269252974539995,4.837889090180397,84.82989104423632,-0.9694845080375671,2.83599591255188,4.213265895843506,81.68300881516622,0.7787487975865931,3.146882229070094,1,167,1788600585.3729568
1788600641.153160,55.772000,gate_sweep_low_r14,-0.7977890001784544,3.270431000739336,4.838027849793434,84.5871759227286,-0.9633116722106934,2.836474657058716,4.210465431213379,81.49812090525715,0.7807371211818951,3.0890550174714635,1,384,1788600585.3811421
1788600641.199143,55.804000,gate_sweep_low_r14,-0.7957584487448912,3.2706272192299366,4.838291063904762,84.43818575320196,-0.9611761569976807,2.8360683917999268,4.21103572845459,81.32693594108528,0.7808032073138905,3.111249812116687,1,320,1788600585.3951218
1788600641.248300,55.840000,gate_sweep_low_r14,-0.7936999427329283,3.270311553031206,4.83856238424778,84.32973370697167,-0.9618692398071289,2.8324928283691406,4.213395595550537,81.13047095402983,0.7815367309558593,3.1992627529418316,1,306,1788600585.4082704
1788600641.299400,55.872000,gate_sweep_low_r14,-0.7909308301459532,3.269478041678667,4.838950529694557,84.24209433246745,-0.96260005235672,2.825246810913086,4.214252471923828,80.99851461940983,0.7855312671208409,3.2435797130576054,1,293,1788600585.4273813
1788600641.342721,55.904000,gate_sweep_low_r14,-0.7884255873213988,3.2686650343239307,4.839345350861549,84.1989025047436,-0.9640350937843323,2.819565534591675,4.216109752655029,80.88213755580992,0.788004866921364,3.31676494893368,1,263,1788600585.4387016
1788600641.394636,55.936000,gate_sweep_low_r14,-0.7863229142676573,3.2681061811745167,4.839651003479958,84.16974243007192,-0.9654600024223328,2.813646078109741,4.218305587768555,80.7834015939725,0.7903759910673896,3.386340836099417,1,254,1788600585.4586198
1788600641.444903,55.972000,gate_sweep_low_r14,-0.7822946535598021,3.2675098963081837,4.840233221650124,84.10409874900569,-0.966427743434906,2.8080320358276367,4.2206292152404785,80.67418729279744,0.7930536071525163,3.4299114562082496,1,250,1788600585.4728785
1788600641.491109,56.004000,gate_sweep_low_r14,-0.7784118877898436,3.2675356455147266,4.840842142701149,84.0043611331452,-0.9666073322296143,2.8043665885925293,4.222616195678711,80.54858958194238,0.7950763624771339,3.455771551202807,1,237,1788600585.4870849
1788600641.535916,56.036000,gate_sweep_low_r14,-0.7738905178557616,3.2681052275002003,4.841562166810036,83.82581325977455,-0.9663638472557068,2.80134654045105,4.224363803863525,80.35713347587513,0.797397939356504,3.4686797838994226,1,229,1788600585.4999006
1788600641.585490,56.068000,gate_sweep_low_r14,-0.7670794354926329,3.269815642386675,4.842673197388649,83.44363771157556,-0.9656590819358826,2.79964542388916,4.226294040679932,80.07673700053611,0.8002606920050968,3.366900711039462,1,218,1788600585.5174682
1788600641.633083,56.104000,gate_sweep_low_r14,-0.760517321730731,3.272119004279375,4.8438552767038345,82.95890515715347,-0.9637490510940552,2.799769163131714,4.228585720062256,79.60966762963012,0.8018566802004913,3.3492375275233455,1,210,1788600585.5290666
1788600641.680171,56.136000,gate_sweep_low_r14,-0.7548520790587645,3.274468380957842,4.844993963837624,82.46595504622697,-0.9616058468818665,2.80155873298645,4.2306227684021,79.00227195315112,0.802398044261294,3.4636830930758378,1,204,1788600585.5441563
1788600641.728460,56.168000,gate_sweep_low_r14,-0.7462731229315978,3.2784189768135548,4.846872702240944,81.60845792100935,-0.9596385955810547,2.804063081741333,4.233404159545898,78.16815728640167,0.8042897444236609,3.4403006346076714,1,201,1788600585.5604417
1788600641.776430,56.200000,gate_sweep_low_r14,-0.73384257426369,3.284642655402422,4.84920634329319,80.17910894742774,-0.9569380283355713,2.8084678649902344,4.236717700958252,77.09127754457931,0.8072523457017176,3.087831402848417,1,195,1788600585.5764081
1788600641.827569,56.236000,gate_sweep_low_r14,-0.7224884854804259,3.290718276053667,4.85059155523777,78.72740638041404,-0.9533713459968567,2.8147401809692383,4.239490985870361,75.55426578398149,0.8082734365062496,3.173140596432555,1,192,1788600585.5915453
1788600641.873167,56.268000,gate_sweep_low_r14,-0.70984914174187,3.2976398058235645,4.851180449128151,76.99440711720511,-0.9492568969726562,2.8223230838775635,4.241404056549072,73.89394530342321,0.8093635205350503,3.1004618137819002,1,187,1788600585.60515
1788600641.933635,56.300000,gate_sweep_low_r14,-0.6995995270262938,3.303293187171221,4.850977316498756,75.50400094617531,-0.9445329904556274,2.8299951553344727,4.242887020111084,71.94922185426958,0.8085649244240536,3.5547790919057265,1,178,1788600585.6336174
1788600641.983746,56.332000,gate_sweep_low_r14,-0.6807983743201476,3.3136965818703175,4.8492287546396255,72.66926965202303,-0.9363194704055786,2.834242105484009,4.243022441864014,69.78010439114135,0.8140354532331946,2.889165260881682,1,389,1788600585.6517253
1788600642.029423,56.368000,gate_sweep_low_r14,-0.6642656551848631,3.3228678293526173,4.846557512879372,70.0919524909087,-0.9283420443534851,2.8442490100860596,4.242567539215088,66.92318941891303,0.8146264185253468,3.1687630719956728,1,302,1788600585.6614032
1788600642.078732,56.400000,gate_sweep_low_r14,-0.6463594662200194,3.3327447958290577,4.843032732605934,67.25401549592485,-0.9204577803611755,2.8526647090911865,4.241346836090088,64.10174065919136,0.817087935024954,3.1522748367334854,1,272,1788600585.6787107
1788600642.128324,56.432000,gate_sweep_low_r14,-0.6219746099959593,3.3460850305855274,4.837797537446022,63.370711662380664,-0.9077767729759216,2.8669984340667725,4.238757133483887,61.04319454783785,0.8185696359547351,2.327517114542816,1,244,1788600585.6963065
1788600642.183048,56.464000,gate_sweep_low_r14,-0.6008756982337218,3.3574165888130665,4.833529368042946,60.02344776480351,-0.8941843509674072,2.8796029090881348,4.236758232116699,57.75723049573339,0.8188233429595373,2.2662172690701192,1,219,1788600585.719029
1788600642.238056,56.500000,gate_sweep_low_r14,-0.5840982424269896,3.3663091249763966,4.83068884909153,57.390601068268346,-0.8781893849372864,2.891753911972046,4.235779285430908,53.831153799369076,0.8158490296785843,3.559447268899267,1,210,1788600585.7380383
1788600642.293623,56.532000,gate_sweep_low_r14,-0.5543502794753294,3.381857354193926,4.827197447419167,52.81975546924338,-0.8626331686973572,2.9005486965179443,4.236979961395264,50.18325681702356,0.8216161175082388,2.636498652219825,1,201,1788600585.7615986
1788600642.344893,56.564000,gate_sweep_low_r14,-0.529134117270587,3.3948807306587696,4.825436010956764,49.04257212688605,-0.844256579875946,2.912726640701294,4.2373480796813965,46.40483698253233,0.8231780778257698,2.637735144353719,1,191,1788600585.7808762
1788600642.402702,56.596000,gate_sweep_low_r14,-0.5026643501769286,3.4085268564522266,4.824418917298317,45.22540952180925,-0.8247894644737244,2.9251668453216553,4.2386250495910645,42.56091371056084,0.8249581474622164,2.664495811248409,1,185,1788600585.8066833
1788600642.444455,56.632000,gate_sweep_low_r14,-0.4679766224871855,3.4264757223427296,4.823836699128151,40.45782954013354,-0.8079918026924133,2.9258570671081543,4.244460105895996,38.38961087661978,0.8377986616867837,2.0682186635137625,1,379,1788600585.812431
1788600642.494601,56.664000,gate_sweep_low_r14,-0.4390618132601958,3.4416451044380665,4.8237747102975845,36.72750031248988,-0.787324845790863,2.937490463256836,4.246922016143799,34.59886662801699,0.8415569337867241,2.128633684472889,1,290,1788600585.8305793
1788600642.542326,56.696000,gate_sweep_low_r14,-0.41678088178741746,3.4535584039986134,4.823931589722633,34.004176960288376,-0.757752537727356,2.9615402221679688,4.242532730102539,30.854057134746338,0.8344867856197024,3.150119825542039,1,254,1788600585.8463004
1788600642.592240,56.728000,gate_sweep_low_r14,-0.3787423597823363,3.474553305655718,4.824630632996559,29.687617652437364,-0.7206839323043823,2.997044801712036,4.231545925140381,27.21060240330908,0.8346783099195948,2.477015249128283,1,235,1788600585.8642166
1788600642.642899,56.764000,gate_sweep_low_r14,-0.3476329969416838,3.492471892386675,4.825666323304176,26.464839198533856,-0.6834328770637512,3.0254602432250977,4.226513385772705,23.40850031545267,0.8305694928753415,3.0563388830811875,1,212,1788600585.878878
1788600642.695217,56.796000,gate_sweep_low_r14,-0.31606175770866685,3.5114979334175587,4.827292338013649,23.501912168913513,-0.6532889604568481,3.0433223247528076,4.22317361831665,20.291438490073986,0.8353861468269113,3.2104736788395263,1,199,1788600585.8991973
1788600642.746763,56.828000,gate_sweep_low_r14,-0.2841858195315581,3.5314845629036427,4.829478159546852,20.813920462998624,-0.6014856100082397,3.0580382347106934,4.198073387145996,17.494965197517033,0.8505895422155793,3.3189552654815926,1,189,1788600585.918747
1788600642.804111,56.860000,gate_sweep_low_r14,-0.24393086900818162,3.558108288794756,4.832663908600807,17.87500199037024,-0.5585663914680481,3.0803868770599365,4.189846515655518,14.944420214199473,0.8604809468526777,2.9305817761707678,1,176,1788600585.9440832
1788600642.848501,56.896000,gate_sweep_low_r14,-0.2196183281193953,3.574972826987505,4.834599390625954,16.340318084218545,-0.5673810243606567,3.0136611461639404,4.244405269622803,12.994220479729423,0.8856290399442924,3.346097604489123,1,406,1788600585.9524848
1788600642.895126,56.928000,gate_sweep_low_r14,-0.18712734451401047,3.5985014028847218,4.836912050843239,14.566480356660888,-0.5467905402183533,3.027090072631836,4.245012283325195,11.108431178558599,0.8978941237548818,3.4580491781022897,1,300,1788600585.9671109
1788600642.945491,56.960000,gate_sweep_low_r14,-0.154606946016429,3.62322111800313,4.83872164785862,13.103513285835735,-0.5178384780883789,3.0486273765563965,4.23850154876709,9.494916589233334,0.9068402731212026,3.608596696602402,1,275,1788600585.9854727
1788600642.997496,56.992000,gate_sweep_low_r14,-0.11399304887163453,3.655792433768511,4.840077772736549,11.713119354061002,-0.4868263602256775,3.069855213165283,4.2311015129089355,8.211273267011093,0.92367699417983,3.50184608704991,1,255,1788600586.0054703
1788600643.045304,57.028000,gate_sweep_low_r14,-0.08159663548576646,3.6831781454384327,4.840266600251198,10.94497756144872,-0.45336711406707764,3.0916762351989746,4.226284980773926,7.134645869693282,0.9300866774755129,3.8103316917554384,1,244,1788600586.017281
1788600643.095951,57.060000,gate_sweep_low_r14,-0.05740241354214959,3.7044698782265186,4.839864626526833,10.565765715498976,-0.4209308624267578,3.1153717041015625,4.219453811645508,6.4699943269776155,0.9295693471320554,4.095771388521363,1,239,1788600586.035933
1788600643.143768,57.092000,gate_sweep_low_r14,-0.017307114059804007,3.741138655692339,4.838323011994362,10.29832678410863,-0.38675153255462646,3.140171766281128,4.214162826538086,6.114630313937053,0.9419269173531336,4.183696470171576,1,227,1788600586.0517454
1788600643.191690,57.124000,gate_sweep_low_r14,0.014521240984322503,3.77161617949605,4.836407080292702,10.401950610826702,-0.35182446241378784,3.1633129119873047,4.206155300140381,6.035717840652292,0.9494521294121371,4.366232770174411,1,221,1788600586.0676713
1788600643.239229,57.160000,gate_sweep_low_r14,0.04607894623768516,3.8030602522194386,4.834104910492897,10.776466901434022,-0.3134956657886505,3.187377691268921,4.197620868682861,6.293779877994435,0.9557566912929863,4.482687023439587,1,210,1788600586.0792096
1788600643.291661,57.192000,gate_sweep_low_r14,0.08512271920335479,3.8435852117836475,4.831097021698952,11.599949267871082,-0.28233107924461365,3.2105495929718018,4.191750526428223,6.794452997743202,0.9718643576617578,4.805496270127879,1,201,1788600586.09964
1788600643.339785,57.224000,gate_sweep_low_r14,0.11605624089133926,3.8768794126808643,4.828930273652077,12.523268723042944,-0.24988730251789093,3.233569860458374,4.186004161834717,7.546821254519044,0.9803651575817005,4.976447468523901,1,197,1788600586.1157653
1788600643.384840,57.256000,gate_sweep_low_r14,0.13910446295631118,3.9022895880043507,4.827711954712868,13.355894498071041,-0.2182522714138031,3.255646228790283,4.179325103759766,8.52090582977937,0.9829837120238596,4.834988668291671,1,191,1788600586.1288245
1788600643.441787,57.292000,gate_sweep_low_r14,0.17728935906779952,3.9452702589333057,4.826705351471901,14.984622006208376,-0.18893291056156158,3.276972532272339,4.175980567932129,9.8670258919193,1.0020894900883752,5.117596114289077,1,185,1788600586.149761
1788600643.497317,57.324000,gate_sweep_low_r14,0.2076226545323152,3.980054099112749,4.826809778809547,16.467802528870184,-0.17052820324897766,3.3031697273254395,4.17872953414917,11.237424179348185,1.0105337834677688,5.230378349522,1,177,1788600586.1732912
1788600643.541753,57.356000,gate_sweep_low_r14,0.23779419789207168,4.014927584677935,4.827487364411354,18.07733999760485,-0.12221517413854599,3.2889466285705566,4.239071846008301,13.113687026624664,1.0014429184321971,4.963652970980186,1,372,1788600586.1857364
1788600643.594262,57.388000,gate_sweep_low_r14,0.2752970529545564,4.058499056845903,4.828955069184303,20.22076511710046,-0.09019005298614502,3.3034677505493164,4.239364147186279,14.807610248160772,1.0253148557391139,5.413154868939686,1,271,1788600586.206245
1788600643.644691,57.424000,gate_sweep_low_r14,0.3051725996483583,4.093194205313921,4.83043946325779,22.001314207213955,-0.05553126335144043,3.3291382789611816,4.233982563018799,16.749690932189115,1.0342386422970404,5.251623275024841,1,243,1788600586.2206664
1788600643.691815,57.456000,gate_sweep_low_r14,0.32751113901031204,4.119042593985796,4.831643000245094,23.356019424636496,-0.024281790480017662,3.352572202682495,4.226486682891846,18.52577342427254,1.0380025502938657,4.830246000363954,1,232,1788600586.235797
1788600643.741510,57.488000,gate_sweep_low_r14,0.3572234881867189,4.153169352561235,4.833366766571999,25.16490978515007,0.004441684111952782,3.3785035610198975,4.2225871086120605,20.30535528173519,1.0476706927504813,4.8595545034148815,1,220,1788600586.2534926
1788600643.791350,57.520000,gate_sweep_low_r14,0.3942282868374605,4.195097643882036,4.8355873972177505,27.39822005630491,0.03425192832946777,3.4002552032470703,4.216646671295166,22.103060805976153,1.0697874117434734,5.2951592503287594,1,210,1788600586.2713315
1788600643.837120,57.556000,gate_sweep_low_r14,0.42365864643943496,4.227918345481157,4.837327376008034,29.13361199733541,0.06499679386615753,3.4211621284484863,4.211278438568115,24.102656387474934,1.08232674839062,5.0309556098604755,1,190,1788600586.2811046
1788600643.887349,57.588000,gate_sweep_low_r14,0.45292577872169204,4.259988505393267,4.839028254151344,30.803949756894273,0.09176478534936905,3.4386074542999268,4.205430030822754,25.808409302998086,1.0984310642156974,4.995540453896184,1,175,1788600586.2993255
1788600643.942005,57.620000,gate_sweep_low_r14,0.4892718864430208,4.298878390341997,4.841152563691139,32.77085228117803,0.11726942658424377,3.4715330600738525,4.197251319885254,27.411906204543968,1.112427497607036,5.358946076634065,1,166,1788600586.3219848
1788600643.980325,57.652000,gate_sweep_low_r14,0.5109047664154787,4.321469981223345,4.842450991272926,33.87776432158394,0.07581348717212677,3.5426864624023438,4.272209644317627,28.34731772643152,1.0587650278688994,5.530446595152416,1,373,1788600586.3283093
1788600644.028742,57.688000,gate_sweep_low_r14,0.539578474854352,4.350680071860552,4.8442191034555435,35.25828209496272,0.09578162431716919,3.564558744430542,4.273977756500244,29.91217916875337,1.0677628855529853,5.346102926209352,1,323,1788600586.3407161
1788600644.083910,57.720000,gate_sweep_low_r14,0.5680612696160097,4.378788191825151,4.84605111181736,36.52174584976257,0.12554055452346802,3.582422971725464,4.270745277404785,31.228337911988465,1.077496612607013,5.293407937774105,1,292,1788600586.3638937
1788600644.133694,57.752000,gate_sweep_low_r14,0.6034409774292726,4.412304598838091,4.84839953482151,37.93398485568839,0.15253083407878876,3.6008894443511963,4.267070293426514,32.40457162093479,1.0952890929833214,5.529413234753599,1,262,1788600586.3816745
1788600644.181909,57.784000,gate_sweep_low_r14,0.6315966022957582,4.43775387480855,4.85036601126194,38.9241760963985,0.18149979412555695,3.619797945022583,4.262305736541748,33.46644192787959,1.1033829464429004,5.457734168518904,1,251,1788600586.3978922
1788600644.229805,57.820000,gate_sweep_low_r14,0.6526394856919069,4.456012446433306,4.851853743195534,39.59132273198703,0.21357783675193787,3.6399741172790527,4.257498741149902,34.50677447010162,1.1008867129161892,5.084548261885405,1,238,1788600586.409788
1788600644.279592,57.852000,gate_sweep_low_r14,0.6875526083458681,4.484895903617144,4.854264631867409,40.559144508014356,0.23939242959022522,3.655745029449463,4.254695415496826,35.314390855211684,1.1170595163976507,5.244753652802666,1,231,1788600586.427574
1788600644.324895,57.884000,gate_sweep_low_r14,0.715324677323224,4.506738860160112,4.85610856115818,41.22265056600142,0.26529717445373535,3.6717677116394043,4.252410888671875,36.01369857724429,1.12434534372955,5.208951988757125,1,223,1788600586.440877
1788600644.372653,57.916000,gate_sweep_low_r14,0.7429533971298952,4.52747555449605,4.857894793152809,41.799426997559415,0.2909373641014099,3.6875503063201904,4.248195171356201,36.60431145965028,1.1320452930236558,5.195115537909133,1,216,1788600586.4566362
1788600644.425413,57.952000,gate_sweep_low_r14,0.7772972954262514,4.551989275962114,4.859992876648903,42.43595701573336,0.32207879424095154,3.703139543533325,4.245547771453857,37.190651647248856,1.1425027524535634,5.2453053684845,1,211,1788600586.4733946
1788600644.477366,57.984000,gate_sweep_low_r14,0.8046687019814271,4.570512969046831,4.861707106232643,42.90252951820971,0.34881314635276794,3.7167460918426514,4.244077682495117,37.63734811897062,1.148123805726037,5.265181399239088,1,211,1788600586.493349
1788600644.525684,58.016000,gate_sweep_low_r14,0.8251165522087831,4.583841521292925,4.862990751862526,43.24850111248303,0.3722682595252991,3.7264978885650635,4.242518901824951,38.071737189983565,1.1511277068398635,5.176763922499461,1,206,1788600586.5096695
1788600644.570611,58.048000,gate_sweep_low_r14,0.8590765965927858,4.605072218924761,4.865007773041725,43.848173126130405,0.3948043882846832,3.736295700073242,4.242171764373779,38.50189218911639,1.1654381222563739,5.346280937014013,1,203,1788600586.5225916
1788600644.620552,58.084000,gate_sweep_low_r14,0.8861199987877626,4.621253211051226,4.866610422730446,44.37953775562363,0.41905510425567627,3.745572805404663,4.241168975830078,39.021712143236094,1.17309112691147,5.35782561238754,1,199,1788600586.5365324
1788600644.670146,58.116000,gate_sweep_low_r14,0.913002170418622,4.636785704642534,4.868305578827858,44.98048855801092,0.4350384771823883,3.754587411880493,4.244437217712402,39.521584358896675,1.181496869147424,5.4589041991142455,1,191,1788600586.5541277
1788600644.722756,58.148000,gate_sweep_low_r14,0.939625419472577,4.651811320334673,4.870106115937233,45.67063263305536,0.4463667869567871,3.761045455932617,4.249461650848389,40.09164242349217,1.1924627691381842,5.57899020956319,1,181,1788600586.5747356
1788600644.776733,58.180000,gate_sweep_low_r14,0.9724879039276857,4.669887740164995,4.872559443116188,46.683380633529794,0.4606238305568695,3.7796669006347656,4.248834133148193,40.74753863869465,1.2014704470091397,5.935841994835144,1,170,1788600586.596713
1788600644.826632,58.216000,gate_sweep_low_r14,0.9919432772148866,4.680447775870562,4.874141588807106,47.37898842386299,0.5359019637107849,3.832073450088501,4.294106483459473,41.47815628322356,1.1243457651916302,5.90083214063943,1,410,1788600586.6106153
1788600644.875137,58.248000,gate_sweep_low_r14,1.0175387037743349,4.694310862571001,4.8763846307992935,48.41619500259486,0.5670893788337708,3.848963737487793,4.293888092041016,42.39957306041254,1.121079200543489,6.016621942182321,1,364,1788600586.6271198
1788600644.921504,58.280000,gate_sweep_low_r14,1.0426805389870424,4.70800419524312,4.878674402832985,49.57532478775218,0.5901013612747192,3.8538615703582764,4.296645164489746,43.48210235218705,1.1283375248702598,6.093222435565133,1,328,1788600586.6414878
1788600644.971446,58.312000,gate_sweep_low_r14,1.0733747852791566,4.725063044577837,4.881566897034645,51.19750214698367,0.6144834160804749,3.860718250274658,4.296602249145508,44.67822185550061,1.1401126485764939,6.519280291483057,1,304,1788600586.6594224
1788600645.023695,58.348000,gate_sweep_low_r14,1.0973059309471864,4.7387244291603565,4.883894816040993,52.621719718328585,0.6429868340492249,3.8649580478668213,4.297448635101318,46.19404240921322,1.1462079453675535,6.427677309115368,1,284,1788600586.6756723
1788600645.075186,58.380000,gate_sweep_low_r14,1.1148897779930849,4.749026972800493,4.885671988129616,53.758674176879126,0.6704561114311218,3.8705008029937744,4.297478675842285,47.657475919033615,1.1468656798546704,6.101198257845507,1,262,1788600586.695167
1788600645.128831,58.412000,gate_sweep_low_r14,1.143462694977643,4.76644678786397,4.888694658875465,55.763309094002324,0.6962589025497437,3.878835916519165,4.29638147354126,49.20166007240205,1.1570130510984447,6.561649021600273,1,246,1788600586.7168136
1788600645.178893,58.444000,gate_sweep_low_r14,1.1656167877663393,4.780724246054888,4.891018763184547,57.45137073323697,0.7239125967025757,3.8894765377044678,4.293485164642334,50.83184369940634,1.1603755734373145,6.619527033830627,1,231,1788600586.7348752
1788600645.228941,58.480000,gate_sweep_low_r14,1.1871477735985536,4.795305449515581,4.893180266022682,59.19384439864551,0.7502726912498474,3.902937889099121,4.291199207305908,52.71870323120829,1.1617060280099185,6.475141167437225,1,220,1788600586.7489269
1788600645.282780,58.512000,gate_sweep_low_r14,1.2131638897408266,4.813972193747759,4.89565934240818,61.42381885005975,0.7814938426017761,3.9148759841918945,4.287158966064453,54.47919608747311,1.1683260382466918,6.944622762586642,1,209,1788600586.7707624
1788600645.333453,58.544000,gate_sweep_low_r14,1.2332589996804018,4.829237658530474,4.897509470582008,63.222680804205474,0.8071193099021912,3.928403615951538,4.284569263458252,56.24575418882198,1.1699541465298076,6.976926615383497,1,199,1788600586.7894335
1788600645.385977,58.576000,gate_sweep_low_r14,1.2479323519219179,4.840892989188433,4.898813620209694,64.56940981554095,0.8350677490234375,3.942336320877075,4.2805962562561035,58.0334402207735,1.1662135205814812,6.535969594767455,1,192,1788600586.8099604
1788600645.438285,58.612000,gate_sweep_low_r14,1.2716586960304994,4.860719878226519,4.900864973664284,66.78014517342095,0.8689743280410767,3.962087631225586,4.274864196777344,60.020916947662236,1.1668639973176131,6.759228225758711,1,185,1788600586.8262656
1788600645.493544,58.644000,gate_sweep_low_r14,1.2899480236519594,4.876986224204302,4.902492895722389,68.49910656521314,0.8891578912734985,3.9905054569244385,4.271571636199951,61.69794165437542,1.1595440986380894,6.801164910837727,1,173,1788600586.8495276
1788600645.538821,58.676000,gate_sweep_low_r14,1.3076407087792177,4.893608290702105,4.904094114899635,70.15221995202717,0.8819689154624939,4.0238356590271,4.291371822357178,63.12416538075048,1.145918633330842,7.028054571276689,1,365,1788600586.862804
1788600645.587138,58.708000,gate_sweep_low_r14,1.3289173019875307,4.914941031485796,4.906149283051491,72.10255059964949,0.8988426327705383,4.042713642120361,4.292983055114746,64.69559930092169,1.1496598031346155,7.406951298727799,1,304,1788600586.879116
1788600645.636769,58.744000,gate_sweep_low_r14,1.3453033340920229,4.932429511100054,4.907842054963112,73.55183417583616,0.925639808177948,4.060849189758301,4.290608882904053,66.39832265421383,1.1474957604378828,7.153511521622344,1,283,1788600586.892753
1788600645.682063,58.776000,gate_sweep_low_r14,1.3572641981591005,4.945804793387651,4.909166231751442,74.56416462639073,0.9460911154747009,4.078580379486084,4.2888054847717285,67.79611668700753,1.1427987331041005,6.76804793938321,1,273,1788600586.9060469
1788600645.729706,58.808000,gate_sweep_low_r14,1.372841037606122,4.96399088576436,4.911027804017067,75.80936305245349,0.9646252989768982,4.095012187957764,4.287660121917725,69.08025657252664,1.1447057847290536,6.7291064799268625,1,260,1788600586.921691
1788600645.779976,58.840000,gate_sweep_low_r14,1.3917720688332338,4.98726673796773,4.913492575287819,77.18558439236573,0.9839373826980591,4.115062713623047,4.287003040313721,70.24224308500526,1.1487202134245302,6.943341307360464,1,251,1788600586.9399595
1788600645.830634,58.876000,gate_sweep_low_r14,1.4065390003670473,5.006295878440142,4.9154704958200455,78.13408193908434,1.0055922269821167,4.138656139373779,4.28519868850708,71.39966046584095,1.1449015603921955,6.7344214732433825,1,244,1788600586.9546173
1788600645.878816,58.908000,gate_sweep_low_r14,1.4210102928627748,5.025654036551714,4.917419329285622,78.9435678570187,1.024710774421692,4.157150745391846,4.284123420715332,72.28249463797172,1.145606818626716,6.661073219046989,1,227,1788600586.9707963
1788600645.926471,58.940000,gate_sweep_low_r14,1.4316937101830263,5.0403835363686085,4.918874636292458,79.4594369623549,1.0411320924758911,4.176048278808594,4.284220218658447,73.01710038341015,1.1412274289157776,6.442336578944747,1,222,1788600586.9864485
1788600645.970800,58.972000,gate_sweep_low_r14,1.4491627586830873,5.065348345786333,4.9212359338998795,80.14700663536134,1.055479645729065,4.194937229156494,4.286259174346924,73.61468052227457,1.147082120229561,6.532326113086772,1,214,1788600586.9987822
1788600646.024117,59.008000,gate_sweep_low_r14,1.4628701580513734,5.085687834769487,4.922968283295631,80.54418916794707,1.0726386308670044,4.220026969909668,4.287929534912109,74.13357130218829,1.1423325215133313,6.410617865758783,1,211,1788600587.016099
1788600646.072444,59.040000,gate_sweep_low_r14,1.4763536823738832,5.106328684836626,4.924586668610573,80.81073785476936,1.0892685651779175,4.242028713226318,4.287069797515869,74.4558241399314,1.1416116195145238,6.354913714837958,1,202,1788600587.0324147
1788600646.128450,59.072000,gate_sweep_low_r14,1.4929128063668031,5.132515151053667,4.9264105707407,80.9703280496341,1.1043390035629272,4.264228820800781,4.286507606506348,74.64646781138205,1.1464669882580132,6.3238602382520535,1,200,1788600587.0564313
1788600646.180427,59.104000,gate_sweep_low_r14,1.5059118641365785,5.153748709708452,4.927685633301735,80.96922316192297,1.1181716918945312,4.285858631134033,4.286326885223389,74.71249197555261,1.1466981614159968,6.25673118637037,1,197,1788600587.0764115
1788600646.228297,59.140000,gate_sweep_low_r14,1.5155150068749208,5.169832903891802,4.9285134226083755,80.89915287751697,1.1344547271728516,4.310909271240234,4.286418437957764,74.66406209123177,1.1380873045629907,6.235090786285196,1,197,1788600587.0882766
1788600646.282493,59.172000,gate_sweep_low_r14,1.5312209499825258,5.1969434805214405,4.92961873114109,80.66180217909326,1.148985505104065,4.330909252166748,4.285093307495117,74.518013906543,1.1452214815175987,6.143788272550258,1,195,1788600587.1104727
1788600646.337248,59.204000,gate_sweep_low_r14,1.543579973076703,5.218865592032671,4.930226221680641,80.37843687376528,1.1653467416763306,4.351058483123779,4.2831339836120605,74.28896827817869,1.1466812635501555,6.089468595586597,1,194,1788600587.1332254
1788600646.381377,59.236000,gate_sweep_low_r14,1.5557940376747865,5.240944106131792,4.930572405457497,80.02326460880727,1.182664155960083,4.369698524475098,4.281610012054443,73.98723005541328,1.1486718244286136,6.036034553393982,1,191,1788600587.1453588
1788600646.429253,59.272000,gate_sweep_low_r14,1.570848621224286,5.268747050315142,4.930699244141579,79.49724474562808,1.199483871459961,4.3965044021606445,4.279915809631348,73.55941930191533,1.1498861218659968,5.937825443712746,1,190,1788600587.1572268
1788600646.475910,59.304000,gate_sweep_low_r14,1.5827002895821352,5.291161257773638,4.930540934205055,79.02475286523651,1.213434100151062,4.416944980621338,4.279158592224121,73.12262369470993,1.1510475982076234,5.902129170526583,1,188,1788600587.1718924
1788600646.524033,59.336000,gate_sweep_low_r14,1.5914866102684755,5.308050353080034,4.930232420563698,78.64667557314223,1.231309175491333,4.437631607055664,4.277780055999756,72.65764829920334,1.1458842288723405,5.989027273938901,1,186,1788600587.1880145
1788600646.576878,59.368000,gate_sweep_low_r14,1.6059630287636537,5.336323458701372,4.929432764649391,77.98671767327839,1.2482531070709229,4.457236289978027,4.27650260925293,72.15675363533133,1.1519845598433571,5.829964037947062,1,185,1788600587.2088587
1788600646.621490,59.404000,gate_sweep_low_r14,1.6173345221031923,5.359035212546587,4.928588762879372,77.44609117603451,1.265480399131775,4.479192733764648,4.275160789489746,71.56908902932557,1.1510396290872025,5.877002146708943,1,185,1788600587.2174716
1788600646.671588,59.436000,gate_sweep_low_r14,1.6284929884423036,5.381800848990679,4.92758883535862,76.90584732422722,1.281280279159546,4.499026775360107,4.273799419403076,71.04232494078799,1.1520795679888072,5.863522383439238,1,184,1788600587.2355626
1788600646.717417,59.468000,gate_sweep_low_r14,1.639396942948224,5.404573637992144,4.926548853516579,76.37914891187214,1.2983351945877075,4.520801067352295,4.271432399749756,70.52517898131991,1.151761538169302,5.853969930552224,1,182,1788600587.249395
1788600646.767534,59.500000,gate_sweep_low_r14,1.6526283396233339,5.432929236441851,4.925336733460426,75.76775439571851,1.3157317638397217,4.5417327880859375,4.270703315734863,70.03055292224512,1.1559737557314909,5.737201473473387,1,177,1788600587.2675185
1788600646.814795,59.536000,gate_sweep_low_r14,1.6603173387993593,5.449822623282671,4.924594298005104,75.44203162286537,1.3354887962341309,4.56401252746582,4.2670488357543945,69.51659081210653,1.150017018501295,5.925440810758841,1,176,1788600587.2787743
1788600646.863008,59.568000,gate_sweep_low_r14,1.6702446115959901,5.472205359488726,4.92366398870945,75.07782168199412,1.3507875204086304,4.5847601890563965,4.2655205726623535,69.11653071301218,1.1501150028234985,5.961290968981935,1,174,1788600587.2949836
1788600646.910678,59.600000,gate_sweep_low_r14,1.6797534597862978,5.49440785124898,4.922812834382057,74.81782289674017,1.3645671606063843,4.6030592918396,4.264538288116455,68.79649292862743,1.1520286610206758,6.021329968112737,1,172,1788600587.3106575
1788600646.958251,59.632000,gate_sweep_low_r14,1.6909720076073427,5.521953780204058,4.922093287110329,74.69262296269395,1.3755663633346558,4.619522571563721,4.266337871551514,68.58945318372783,1.1592575088399653,6.103169778966123,1,169,1788600587.3262315
1788600647.016375,59.668000,gate_sweep_low_r14,1.7013941181648988,5.549246985465288,4.922037020325661,74.85438793083568,1.3836678266525269,4.647058010101318,4.264859676361084,68.514476112899,1.1605072188516665,6.339911817936675,1,163,1788600587.3483586
1788600647.058959,59.700000,gate_sweep_low_r14,1.7052890432823915,5.56006308272481,4.9223040491342545,75.01784951056534,1.398287057876587,4.7056379318237305,4.2729692459106445,68.4826693001132,1.11621155889593,6.535180210452138,1,366,1788600587.358942
1788600647.110353,59.732000,gate_sweep_low_r14,1.7143140209664125,5.587007243186235,4.923494711518288,75.70548504411093,1.4126288890838623,4.729848384857178,4.272892475128174,68.88697280215762,1.1175949611584615,6.818512241953308,1,338,1788600587.37833
1788600647.154182,59.764000,gate_sweep_low_r14,1.7207895887841005,5.60837622359395,4.924494162201881,76.57090976840723,1.430206060409546,4.747612476348877,4.273204803466797,69.58790836768014,1.117824156267677,6.983001400727086,1,309,1788600587.390162
1788600647.199816,59.800000,gate_sweep_low_r14,1.7265879286278505,5.6295558996498585,4.924941435456276,77.73778261188477,1.4507192373275757,4.769139289855957,4.272626876831055,70.71892898921041,1.1144211774025898,7.018853622674367,1,291,1788600587.3997982
1788600647.252065,59.832000,gate_sweep_low_r14,1.7328741920937318,5.655760485678911,4.924181833863258,79.63252543702053,1.4684520959854126,4.789798259735107,4.272109031677246,72.05363889047912,1.1157995165004253,7.578886546541411,1,276,1788600587.4200435
1788600647.297998,59.864000,gate_sweep_low_r14,1.7370609415520448,5.676469046622515,4.922232523560524,81.48688232962422,1.4837837219238281,4.806338787078857,4.2706146240234375,73.67944198248416,1.1161908015896014,7.807440347140052,1,257,1788600587.4339793
1788600647.345176,59.896000,gate_sweep_low_r14,1.7396583927620668,5.691857535392046,4.919944658875465,83.06970344012998,1.4979463815689087,4.827884674072266,4.269420623779297,75.59808439780015,1.1081765751404111,7.4716190423298325,1,239,1788600587.4491472
1788600647.394924,59.932000,gate_sweep_low_r14,1.742893732880475,5.717221457511187,4.914726629853249,86.06453655455017,1.5175621509552002,4.853960037231445,4.264404773712158,78.1167431753989,1.1040439837846752,7.94779337915128,1,226,1788600587.4629035
1788600647.439218,59.964000,gate_sweep_low_r14,1.7444138897408266,5.737181860953569,4.909403219819069,88.76860974863274,1.5326645374298096,4.8769612312316895,4.261929512023926,80.64154274320225,1.097287347183605,8.1270670054305,1,215,1788600587.4751952
1788600647.485623,59.996000,gate_sweep_low_r14,1.7449709547508974,5.756891924887896,4.903098478913307,91.73992022281796,1.5472105741500854,4.896914958953857,4.259608268737793,83.43047135153088,1.092130578577589,8.309448871287076,1,194,1788600587.4896076
1788600647.534774,60.028000,gate_sweep_low_r14,1.7442897928704042,5.7811133451759815,4.894213572144508,95.8145655683618,1.5593575239181519,4.927035808563232,4.257707118988037,86.47368905976941,1.0811053822621368,9.340876508592393,1,181,1788600587.5067544
1788600647.591007,60.064000,gate_sweep_low_r14,1.7426385057915468,5.800121504813433,4.88651217520237,99.35516878040173,1.5747994184494019,4.968486785888672,4.244360446929932,90.19275267206503,1.0640230763870626,9.162416108336704,1,161,1788600587.5269818
1788600647.629142,60.096000,gate_sweep_low_r14,1.7407324684609193,5.814139563590288,4.880472078919411,102.16207466030589,1.5330110788345337,4.978087425231934,4.230229377746582,93.55270696860359,1.0793270700721032,8.609367691702301,1,379,1788600587.5331192
1788600647.676584,60.128000,gate_sweep_low_r14,1.737313546036603,5.832544047385454,4.872432127594948,106.08789651255087,1.5353337526321411,4.997833251953125,4.229920387268066,97.28879439106171,1.072548034081858,8.79910212148916,1,323,1788600587.5485578
1788600647.730084,60.160000,gate_sweep_low_r14,1.7315731419075746,5.8550192900002,4.863422766327858,111.22185098274014,1.5443470478057861,5.018367290496826,4.2268218994140625,101.23860003827191,1.067848698243811,9.983250944468223,1,250,1788600587.5700657
1788600647.782799,60.196000,gate_sweep_low_r14,1.725720561837079,5.872553069144487,4.858086958527565,115.4642201223201,1.5535001754760742,5.0520100593566895,4.218204498291016,105.86568048219176,1.0547038709080057,9.598539640128335,1,226,1788600587.5867794
1788600647.833097,60.228000,gate_sweep_low_r14,1.7187393082131166,5.889762599021196,4.854852095246315,119.76360378817448,1.55595862865448,5.091126918792725,4.20701265335083,110.06721816967459,1.0411591818002752,9.696385618499887,1,207,1788600587.605075
1788600647.888035,60.260000,gate_sweep_low_r14,1.7128175867546815,5.902585227042437,4.8536418825387955,122.99399399042045,1.5558587312698364,5.126612663269043,4.197946548461914,114.29718312401835,1.0279619998688467,8.696810866402103,1,193,1788600587.6280146
1788600647.933447,60.292000,gate_sweep_low_r14,1.7015831840981264,5.923705775290728,4.853727236390114,128.30793290926783,1.5556933879852295,5.162911415100098,4.191605091094971,118.5143326659936,1.0190670372443489,9.793600243274229,1,181,1788600587.641424
1788600647.993083,60.328000,gate_sweep_low_r14,1.6914667261589784,5.940550524741411,4.8553790003061295,132.43365501443674,1.544277548789978,5.1882805824279785,4.189446449279785,123.09224555402159,1.015401833049002,9.341409460415164,1,170,1788600587.6650655
1788600648.034832,60.360000,gate_sweep_low_r14,1.6804319990624208,5.957395274192095,4.858216181397438,136.38334238431838,1.4324921369552612,5.171228885650635,4.313477516174316,126.59646614467665,0.9880647646197629,9.786876239641732,1,397,1788600587.674814
1788600648.090870,60.392000,gate_sweep_low_r14,1.6655311954964418,5.978640753775835,4.863219633698463,141.00366970392565,1.4170372486114502,5.197380542755127,4.318403244018555,130.33365151562094,0.9843483415064266,10.670018188304734,1,292,1788600587.698842
1788600648.139142,60.424000,gate_sweep_low_r14,1.6527909410942812,5.995928008109331,4.868225947022438,144.39634427447695,1.4168463945388794,5.243227481842041,4.307214736938477,133.94356027378606,0.9679677107900657,10.452784000690896,1,257,1788600587.7151263
1788600648.190181,60.460000,gate_sweep_low_r14,1.6428316009987611,6.009134966880083,4.872307673096657,146.7470953619903,1.401344656944275,5.275976657867432,4.307377815246582,137.5785410327192,0.9565473299913448,9.16855432927112,1,218,1788600587.7301629
1788600648.243138,60.492000,gate_sweep_low_r14,1.6255962027062196,6.031730849295855,4.879084005951881,150.2717594154632,1.389418125152588,5.29902458190918,4.310771942138672,140.48432226701047,0.9568788640472065,9.78743714845274,1,198,1788600587.751112
1788600648.294061,60.524000,gate_sweep_low_r14,1.6113225592125673,6.050438601523638,4.88396729528904,152.72329194662024,1.36695396900177,5.32270622253418,4.312478065490723,143.0322206438049,0.9570320595919148,9.691071302815363,1,187,1788600587.7700381
1788600648.342178,60.556000,gate_sweep_low_r14,1.5966416967858095,6.069765765219927,4.8880485445261,154.8410038261097,1.2466157674789429,5.33789587020874,4.4106764793396,144.68261376272793,0.9412947375988274,10.158390063381786,1,392,1788600587.7861571
1788600648.393573,60.592000,gate_sweep_low_r14,1.5777634752739687,6.094872195273638,4.891500845551491,157.01216152756322,1.2296723127365112,5.361652374267578,4.430444240570068,146.7996107815451,0.9334623486514237,10.21255074601809,1,283,1788600587.8015516
1788600648.440790,60.624000,gate_sweep_low_r14,1.562241352890851,6.115778166800737,4.892836466431618,158.36955086128057,1.2161917686462402,5.386373043060303,4.428587913513184,148.38066141666414,0.9312941899214914,9.98888944461643,1,236,1788600587.8167503
1788600648.490646,60.656000,gate_sweep_low_r14,1.5503863466728944,6.131977278739214,4.892978563904762,159.17236945720185,1.203130841255188,5.411865711212158,4.4273681640625,149.6224039889743,0.9251703087380461,9.549965468227551,1,216,1788600587.8346145
1788600648.540913,60.688000,gate_sweep_low_r14,1.5302837265480775,6.160032946616411,4.89159668982029,160.10126109865325,1.1886472702026367,5.439493656158447,4.420475959777832,150.54245196059787,0.9262003453215047,9.5588091380554,1,200,1788600587.852895
1788600648.589899,60.724000,gate_sweep_low_r14,1.5139053238381166,6.183463294059038,4.889254942536354,160.49541983253548,1.174294114112854,5.467981815338135,4.417731285095215,151.20095974924166,0.9217288536713906,9.2944600832938,1,188,1788600587.865884
1788600648.642264,60.756000,gate_sweep_low_r14,1.4972995890129823,6.20777865126729,4.886020079255104,160.57828291784236,1.1604957580566406,5.490479946136475,4.4166035652160645,151.46030484060665,0.9210353503431757,9.117978077235712,1,186,1788600587.8862317
1788600648.692836,60.788000,gate_sweep_low_r14,1.48040143380058,6.2329542227089405,4.881960287690163,160.36934348700964,1.1329238414764404,5.530862331390381,4.38881778717041,151.42286452783378,0.9256690698308587,8.946478959175849,1,182,1788600587.9048178
1788600648.737065,60.820000,gate_sweep_low_r14,1.4588734282006044,6.2656151838600636,4.876082792878151,159.71172088390887,1.1032655239105225,5.569785118103027,4.363582134246826,151.0923009103939,0.9345016784910378,8.619419973514956,1,177,1788600587.917041
1788600648.783809,60.856000,gate_sweep_low_r14,1.4457332266320009,6.285818297415972,4.8723844438791275,159.12282332481962,1.0805526971817017,5.600006103515625,4.35438871383667,150.3994468384936,0.9338173058656742,8.723376486326028,1,174,1788600587.9277868
1788600648.841039,60.888000,gate_sweep_low_r14,1.4234801901329774,6.3205139227211475,4.8664263635873795,157.83681805576825,1.0627049207687378,5.624008655548096,4.352167129516602,149.49623217589146,0.937945063429467,8.340585879876775,1,170,1788600587.953025
1788600648.883863,60.920000,gate_sweep_low_r14,1.4098444355477113,6.341944415122271,4.863359346985817,156.9036273284249,1.0072154998779297,5.673171043395996,4.397694110870361,148.39367450620858,0.9089620424941703,8.509952822216304,1,383,1788600587.9638371
1788600648.933694,60.952000,gate_sweep_low_r14,1.3865398539055604,6.378632742911577,4.859828844666481,155.10822805562765,0.9958363771438599,5.704261779785156,4.415748119354248,147.09839670952658,0.8970134298078131,8.00983134610107,1,253,1788600587.9816742
1788600648.986432,60.988000,gate_sweep_low_r14,1.3672689569939394,6.408757407218218,4.859025374054909,153.487317862051,0.9773856997489929,5.73554801940918,4.412872314453125,145.4163592217092,0.8968123475433318,8.070958640341788,1,220,1788600587.9984152
1788600649.032932,61.020000,gate_sweep_low_r14,1.3524318111885805,6.431755740195513,4.85964860022068,152.18431540353183,0.9590804576873779,5.766009330749512,4.411068916320801,143.75271292252742,0.8939615773617937,8.431602481004402,1,204,1788600588.0129118
1788600649.089738,61.052000,gate_sweep_low_r14,1.3269751442421693,6.470791060477495,4.862570181488991,149.88647643972294,0.9346173405647278,5.801258087158203,4.404970645904541,141.96774005364045,0.9008975432508748,7.918736386082474,1,190,1788600588.0377183
1788600649.143955,61.084000,gate_sweep_low_r14,1.300622619484784,6.510556418448687,4.86748780310154,147.49127936073927,0.9013910293579102,5.833621501922607,4.397277355194092,140.05096339477717,0.9158190919001005,7.4403159659621085,1,185,1788600588.0599377
1788600649.191676,61.120000,gate_sweep_low_r14,1.2843943012703676,6.534644324332476,4.871137037873268,146.03184334028305,0.8782278299331665,5.872623920440674,4.408786773681641,138.04251640811165,0.9038860461394708,7.9893269321713865,1,406,1788600588.071657
1788600649.237293,61.152000,gate_sweep_low_r14,1.2566131723870058,6.5750610418617725,4.8778752237558365,143.60321748021335,0.8737808465957642,5.90248966217041,4.417661666870117,136.15493508750308,0.9003940073057346,7.448282392710257,1,315,1788600588.0852706
1788600649.289236,61.184000,gate_sweep_low_r14,1.233648218010785,6.607532698661089,4.883696928620338,141.69349831175285,0.8618982434272766,5.933877944946289,4.416561603546143,134.25694730511236,0.9001245373488945,7.436551006640485,1,298,1788600588.1052053
1788600649.345151,61.216000,gate_sweep_low_r14,1.2159848583687562,6.63189335539937,4.888176813721657,140.29615080314744,0.8444356322288513,5.963657855987549,4.421144008636475,132.37936271009798,0.8959392563924534,7.916788093049456,1,288,1788600588.129134
1788600649.397175,61.252000,gate_sweep_low_r14,1.1857400310982484,6.672464091330767,4.895681753754616,138.058193240471,0.8214230537414551,6.004479885101318,4.429211616516113,130.34399845136662,0.8924820158959416,7.714194789104417,1,274,1788600588.1451535
1788600649.446769,61.284000,gate_sweep_low_r14,1.160785235260846,6.7047841139137745,4.901616469025612,136.3700703407987,0.8028815388679504,6.042815685272217,4.428671836853027,128.62757609983007,0.8888047488119831,7.742494240968609,1,261,1788600588.1627505
1788600649.499775,61.316000,gate_sweep_low_r14,1.135197438095929,6.73694296553731,4.907422915101051,134.7883129285113,0.7803506255149841,6.087867259979248,4.423346042633057,126.99743804379729,0.8840508754607661,7.790874884714,1,254,1788600588.183756
1788600649.544995,61.348000,gate_sweep_low_r14,1.1022788656700868,6.776691634207964,4.9144681841135025,132.97764611687998,0.7562341094017029,6.1509833335876465,4.41212797164917,125.47932873981253,0.8738441164559738,7.498317377067457,1,245,1788600588.1969757
1788600649.594275,61.384000,gate_sweep_low_r14,1.0752848757256288,6.808035094290972,4.9199637323617935,131.67377330233066,0.7320520281791687,6.225743770599365,4.393763542175293,123.92961835633987,0.8565971126694767,7.7441549459907915,1,228,1788600588.210252
1788600649.645737,61.416000,gate_sweep_low_r14,1.0547007692803163,6.831275183707476,4.923976317048073,130.7819734396848,0.712121844291687,6.275833606719971,4.385863780975342,122.68109991989687,0.8458373169654775,8.100873519787946,1,201,1788600588.2297144
1788600649.695907,61.448000,gate_sweep_low_r14,1.0268049610604066,6.861936766654253,4.929171934723854,129.7141781120328,0.6919360160827637,6.313846111297607,4.383510589599609,121.55534745605497,0.8427851923014055,8.158830655977832,1,192,1788600588.2478817
1788600649.758396,61.480000,gate_sweep_low_r14,0.9911881459702272,6.899726111441851,4.935405150055885,128.57150406680367,0.6630682349205017,6.356468677520752,4.378217697143555,120.53102508149618,0.8445408061312061,8.040478985307486,1,182,1788600588.2783809
1788600649.802487,61.516000,gate_sweep_low_r14,0.9621247423638124,6.929507929831743,4.940126791596413,127.81198992709427,0.6012497544288635,6.3691935539245605,4.480125427246094,119.65642792291511,0.8098050456557182,8.155562004179156,1,388,1788600588.2864704
1788600649.861502,61.548000,gate_sweep_low_r14,0.9325896872032899,6.958856780081987,4.944527044892311,127.18530229516234,0.5782457590103149,6.406157970428467,4.485075950622559,118.9609200173838,0.8013307068029527,8.224382277778549,1,338,1788600588.3134847
1788600649.915833,61.580000,gate_sweep_low_r14,0.9101824534882326,6.980653960257769,4.947639837861061,126.80043654602584,0.5548979640007019,6.4387526512146,4.487507343292236,118.3561947866222,0.7947364404450352,8.444241759403647,1,296,1788600588.3358135
1788600649.967352,61.612000,gate_sweep_low_r14,0.8723597300995607,7.016393382102251,4.952397719025612,126.31848548306282,0.5316782593727112,6.4767279624938965,4.486906051635742,117.89325255680556,0.7899272890760717,8.425232926257252,1,281,1788600588.3553333
1788600650.017706,61.648000,gate_sweep_low_r14,0.8417629374016542,7.044526297599077,4.955833807587624,126.06488384806644,0.5033249855041504,6.514701843261719,4.485115051269531,117.50699890992331,0.7853854768507681,8.557884938143134,1,269,1788600588.3696868
1788600650.071868,61.680000,gate_sweep_low_r14,0.8109428657044191,7.072265345603228,4.958955183625221,125.92393396179173,0.47895103693008423,6.553043365478516,4.482779026031494,117.29261626488972,0.7788156213625148,8.631317696902011,1,267,1788600588.3918386
1788600650.124032,61.712000,gate_sweep_low_r14,0.7721798790444154,7.106452662497759,4.962419882416725,125.89022469203397,0.4562198519706726,6.591099739074707,4.483516693115234,117.18109577189354,0.7712117991267157,8.709128920140428,1,258,1788600588.412013
1788600650.172574,61.744000,gate_sweep_low_r14,0.741035081242444,7.133438307791948,4.964762583374977,125.96634844855262,0.4311985969543457,6.623106956481934,4.484426975250244,117.1539293498072,0.7662630302699404,8.81241909874542,1,252,1788600588.4285545
1788600650.222761,61.780000,gate_sweep_low_r14,0.7176630867470521,7.1534792967140675,4.966287508606911,126.07498015857705,0.4065467417240143,6.661656379699707,4.485412120819092,117.23568383503854,0.7549333085916223,8.839296323538516,1,245,1788600588.4427414
1788600650.276890,61.812000,gate_sweep_low_r14,0.6787901295174379,7.1865603514015675,4.968399420380592,126.34673096986079,0.38631314039230347,6.697968006134033,4.487738609313965,117.39829257029385,0.745184597477002,8.948438399566937,1,231,1788600588.4648721
1788600650.330109,61.844000,gate_sweep_low_r14,0.6478407157410402,7.2127844877541065,4.969770327210426,126.63060371474916,0.36407309770584106,6.730356216430664,4.486968040466309,117.6305243169696,0.7391611097067032,9.000079397779563,1,220,1788600588.4860916
1788600650.377922,61.876000,gate_sweep_low_r14,0.6171409858216066,7.238743979483843,4.970879450440407,126.96615642360793,0.33650875091552734,6.769564628601074,4.482999801635742,117.90659123181455,0.7327416094919954,9.059565191793382,1,208,1788600588.5019011
1788600650.429399,61.912000,gate_sweep_low_r14,0.5792244447220583,7.270878989249468,4.971963778138161,127.439039088865,0.30737727880477905,6.809295654296875,4.483515739440918,118.28015828428308,0.7249424413223421,9.158880804581928,1,198,1788600588.5173779
1788600650.481388,61.944000,gate_sweep_low_r14,0.549348331784131,7.296307761222124,4.97269906103611,127.8495546170025,0.28250113129615784,6.844552516937256,4.480635643005371,118.65785103549823,0.7193167845332424,9.191703581504278,1,190,1788600588.53737
1788600650.534236,61.976000,gate_sweep_low_r14,0.5272564066399354,7.3151685781776905,4.97313679754734,128.16874106074718,0.25262248516082764,6.87712287902832,4.479409694671631,119.04321708427024,0.714894591869525,9.125523976476925,1,186,1788600588.5582175
1788600650.585248,62.008000,gate_sweep_low_r14,0.4910893214691896,7.346192557364702,4.9736980348825455,128.71530503761377,0.2303309440612793,6.909151554107666,4.477939605712891,119.46622056481623,0.7104760305661878,9.249084472797545,1,181,1788600588.5772262
1788600650.643542,62.044000,gate_sweep_low_r14,0.4628896189678926,7.370570857077837,4.974009409546852,129.1556398758826,0.196986585855484,6.95012903213501,4.474745750427246,119.93255580557381,0.7047978096568772,9.2230840703088,1,172,1788600588.5995212
1788600650.693387,62.076000,gate_sweep_low_r14,0.4353843701828737,7.394559103995562,4.9742802530527115,129.59169371364143,0.08996264636516571,7.086369514465332,4.531607627868652,120.4763550404795,0.6405123288956699,9.115338673161935,1,377,1788600588.6173663
1788600650.742791,62.108000,gate_sweep_low_r14,0.40857041606795974,7.418252665549517,4.974502459168434,130.01545177991332,0.0513773076236248,7.1469807624816895,4.518468379974365,120.95630499766476,0.6396424340993563,9.059146782248549,1,298,1788600588.634772
1788600650.793084,62.140000,gate_sweep_low_r14,0.3761514497746248,7.4473425932228565,4.974639311432838,130.52026792287532,0.02506158873438835,7.178743362426758,4.515657424926758,121.36178616740185,0.6372393658980816,9.158481755473478,1,272,1788600588.6530583
1788600650.842901,62.176000,gate_sweep_low_r14,0.35736165175330825,7.464531619101763,4.974717989563942,130.80744886874845,-0.0012151822447776794,7.217851638793945,4.511238098144531,121.81496450577183,0.6358002581903415,8.99248436297663,1,257,1788600588.6668792
1788600650.894632,62.208000,gate_sweep_low_r14,0.3331046772946138,7.48717899993062,4.974879160523415,131.16662848256252,-0.02496189810335636,7.2473344802856445,4.510014057159424,122.18223194678119,0.6339058529044934,8.984396535781336,1,246,1788600588.686614
1788600650.946877,62.240000,gate_sweep_low_r14,0.3098332954396028,7.509486395865679,4.975014582276344,131.49524932866203,-0.045266538858413696,7.278713703155518,4.5084943771362305,122.52614903505335,0.6300738288670235,8.969100293608662,1,244,1788600588.7068322
1788600650.997038,62.272000,gate_sweep_low_r14,0.2821410668839235,7.536867816001177,4.975094690918922,131.85935518816385,-0.06478487700223923,7.311208248138428,4.504749774932861,122.84238558074777,0.6265015491626836,9.016969607416073,1,239,1788600588.7250202
1788600651.050843,62.308000,gate_sweep_low_r14,0.2611483407963533,7.558375079184771,4.975097551941872,132.11056227858933,-0.08703279495239258,7.348369121551514,4.501683712005615,123.16020188282975,0.6240619114927134,8.950360395759576,1,232,1788600588.7428231
1788600651.104933,62.340000,gate_sweep_low_r14,0.24610563347232528,7.574257094413042,4.975052252411842,132.2734145931002,-0.11062410473823547,7.376072883605957,4.498299598693848,123.38712330894943,0.6275557189319149,8.886291284150778,1,228,1788600588.7649028
1788600651.153980,62.372000,gate_sweep_low_r14,0.22225356826675124,7.600290019065142,4.974880591034889,132.49647539704728,-0.12865835428237915,7.407634735107422,4.49376106262207,123.58291555418944,0.6258843634762973,8.913559842857836,1,225,1788600588.7819598
1788600651.201786,62.404000,gate_sweep_low_r14,0.2044028265227098,7.620672423392534,4.974555864930153,132.63002648860086,-0.14624935388565063,7.438933849334717,4.490200519561768,123.73865629006161,0.6249687684297784,8.891370198539233,1,222,1788600588.7977605
1788600651.252208,62.440000,gate_sweep_low_r14,0.18763782808673568,7.640674311667681,4.974236384034157,132.72238418962266,-0.16220718622207642,7.469839096069336,4.486412048339844,123.86822172873896,0.6241384361028118,8.8541624608837,1,218,1788600588.8121798
1788600651.301636,62.472000,gate_sweep_low_r14,0.1682005001057405,7.665150362998247,4.973850145936012,132.7812981786931,-0.17893746495246887,7.493747234344482,4.485103607177734,123.9320619591367,0.6235037918451262,8.849236219556403,1,212,1788600588.8296173
1788600651.353727,62.504000,gate_sweep_low_r14,0.15386510620010085,7.684277255088091,4.973546877503395,132.78523763804094,-0.19535855948925018,7.5180583000183105,4.4827470779418945,123.95942113871999,0.6248762701140174,8.825816499320934,1,206,1788600588.8497086
1788600651.408049,62.536000,gate_sweep_low_r14,0.14385097453487106,7.698347765952349,4.973317041993141,132.76176459525212,-0.20734688639640808,7.540264129638672,4.482565879821777,123.9473065495076,0.6238325711001351,8.814458045744525,1,206,1788600588.8720334
1788600651.464399,62.572000,gate_sweep_low_r14,0.12844308445346542,7.721283633261919,4.972917929291725,132.67878349822152,-0.22304651141166687,7.563005447387695,4.480580806732178,123.88046906541582,0.6252941406852331,8.798314432805697,1,205,1788600588.8923833
1788600651.516577,62.604000,gate_sweep_low_r14,0.11729273179662414,7.739171225577593,4.9725808054208755,132.57249129805803,-0.23397743701934814,7.583768844604492,4.480675220489502,123.78173281321868,0.6241087533425462,8.790758484839335,1,205,1788600588.912558
1788600651.569455,62.636000,gate_sweep_low_r14,0.10701701769721694,7.756619174033403,4.97227181494236,132.433677721482,-0.24347639083862305,7.602091312408447,4.478952407836914,123.65024453774592,0.624570674041234,8.78343318373609,1,202,1788600588.9334342
1788600651.619457,62.668000,gate_sweep_low_r14,0.09551621208083816,7.777808863669634,4.971955671906471,132.21722828639346,-0.2555338740348816,7.621117115020752,4.476632595062256,123.48994208064185,0.6270035227260842,8.727286205751607,1,196,1788600588.9514365
1788600651.669147,62.704000,gate_sweep_low_r14,0.0873340142716188,7.79420443251729,4.971760645508766,132.0134710086827,-0.26556161046028137,7.636669158935547,4.475277423858643,123.26618987530144,0.6291647429389846,8.74728113338127,1,195,1788600588.9651296
1788600651.718400,62.736000,gate_sweep_low_r14,0.0817834360350389,7.8061353750526905,4.971615210175514,131.8438489576949,-0.27559974789619446,7.656224250793457,4.473840713500977,123.04299686953125,0.6308530216089026,8.800852088163625,1,190,1788600588.9823825
1788600651.772204,62.768000,gate_sweep_low_r14,0.07509172687423415,7.821503359824419,4.971440210938454,131.59835097693556,-0.2809569835662842,7.671342849731445,4.4750471115112305,122.79378455509944,0.6290667469805594,8.804566421836128,1,189,1788600589.0041857
1788600651.823944,62.800000,gate_sweep_low_r14,0.0677954999555368,7.839750964194536,4.971269503235817,131.26379723429437,-0.2861219346523285,7.689948081970215,4.474302768707275,122.52453688563266,0.6282311591047426,8.739260348661707,1,189,1788600589.0239224
1788600651.877121,62.836000,gate_sweep_low_r14,0.06273742744815536,7.853528220206499,4.971213236451149,130.9773089472743,-0.2934570610523224,7.717793941497803,4.471895217895508,122.21032351828607,0.6281853163748884,8.76698542898823,1,187,1788600589.041103
1788600651.926616,62.868000,gate_sweep_low_r14,0.05832262689364143,7.866589266806841,4.971240893006325,130.67777455828488,-0.3026648461818695,7.737418174743652,4.468498229980469,121.90897970324767,0.6322557330452361,8.768794855037221,1,183,1788600589.0585976
1788600651.982146,62.900000,gate_sweep_low_r14,0.055368456785799935,7.8759548254311085,4.971296206116676,130.44617332697217,-0.30647462606430054,7.75869083404541,4.468837738037109,121.60309853565086,0.6301950272947534,8.84307479132132,1,179,1788600589.0821247
1788600652.032319,62.932000,gate_sweep_low_r14,0.05122920477879234,7.890659529715776,4.971496000885963,130.05407339840414,-0.31111231446266174,7.780257225036621,4.468690395355225,121.28470713895655,0.6295184845560986,8.769366259447592,1,178,1788600589.100296
1788600652.084675,62.968000,gate_sweep_low_r14,0.048605058138491586,7.901645857840776,4.9716957956552505,129.73779289523722,-0.3127642273902893,7.804836273193359,4.46586799621582,120.93160585486548,0.6291435598406165,8.806187040371746,1,174,1788600589.1166503
1788600652.136436,63.000000,gate_sweep_low_r14,0.046545296703698114,7.911907870322466,4.972005739808083,129.42346760545556,-0.3167828917503357,7.8277788162231445,4.462844371795654,120.61836445650206,0.6311341925020573,8.805103148953505,1,169,1788600589.136415
1788600652.186808,63.032000,gate_sweep_low_r14,0.04470957795274444,7.92367859557271,4.972562208771706,129.03448490906513,-0.3150944113731384,7.844141960144043,4.461215496063232,120.31256510546685,0.6302860046898507,8.721919803598281,1,166,1788600589.1547909
1788600652.245884,63.064000,gate_sweep_low_r14,0.04382468739640899,7.932212550193071,4.973080530762672,128.73365418840962,-0.31933772563934326,7.862578392028809,4.4582014083862305,120.00157527194607,0.6339056435182849,8.732078916463564,1,161,1788600589.1818566
1788600652.291447,63.100000,gate_sweep_low_r14,0.043475027923705056,7.938091475516558,4.97345532476902,128.51487107976692,-0.48841437697410583,8.10173225402832,4.511619567871094,119.47642484203094,0.7231714248945154,9.038446237735965,1,413,1788600589.1914308
1788600652.348154,63.132000,gate_sweep_low_r14,0.04339622685802169,7.946983058005571,4.974135771393776,128.16953323132722,-0.5089591145515442,8.153640747070312,4.510305881500244,119.17575740148911,0.7502946024008856,8.993775829838103,1,334,1788600589.2161336
1788600652.400409,63.164000,gate_sweep_low_r14,0.043761729990364984,7.953332144767046,4.974721804261208,127.91313612318221,-0.5093720555305481,8.162322044372559,4.511013031005859,118.90308202699666,0.7514383469159647,9.010054096185556,1,300,1788600589.2363906
1788600652.449009,63.196000,gate_sweep_low_r14,0.04452426338684745,7.958982665091753,4.975344076752663,127.6778728387264,-0.5050684213638306,8.166607856750488,4.512089729309082,118.65860716446952,0.748174397963578,9.019265674256872,1,287,1788600589.2529876
1788600652.500888,63.232000,gate_sweep_low_r14,0.04603750610840507,7.9650170393288136,4.976194277405739,127.41554545525672,-0.5007038116455078,8.168298721313477,4.5143632888793945,118.40119299676762,0.7440009225350591,9.014352458489101,1,274,1788600589.2688642
1788600652.549521,63.264000,gate_sweep_low_r14,0.047645158861996606,7.96901436522603,4.976853743195534,127.2355331220337,-0.4941299855709076,8.173200607299805,4.516965389251709,118.20789049355359,0.739398151654888,9.02764262848011,1,263,1788600589.2855055
1788600652.599212,63.296000,gate_sweep_low_r14,0.04909059012425132,7.971518237143755,4.977313414216042,127.11667246421746,-0.4905368983745575,8.183789253234863,4.516422748565674,118.0387780138803,0.7407273562516257,9.077894450337142,1,246,1788600589.3031805
1788600652.652084,63.328000,gate_sweep_low_r14,0.05190042013418861,7.974785048514605,4.978065863251686,126.9504558540727,-0.48901546001434326,8.195697784423828,4.513600826263428,117.89249856240552,0.746404847832772,9.05795729166718,1,234,1788600589.3240578
1788600652.701030,63.364000,gate_sweep_low_r14,0.054497133736731485,7.97656412795186,4.978718176484108,126.84333306361896,-0.49897581338882446,8.22065544128418,4.5052809715271,117.74199389467132,0.768150805168913,9.101339168947625,1,226,1788600589.3370097
1788600652.749537,63.396000,gate_sweep_low_r14,0.05734181383741088,7.977614600211382,4.979372397065163,126.75857982535105,-0.49917876720428467,8.22598648071289,4.5041399002075195,117.60157162057618,0.7728193024351759,9.157008204774865,1,217,1788600589.3535192
1788600652.800586,63.428000,gate_sweep_low_r14,0.06038686612737365,7.97804232314229,4.979946985840797,126.69786968170719,-0.4990333914756775,8.225212097167969,4.503756046295166,117.47268463935497,0.7751140127193679,9.225185042352221,1,215,1788600589.372568
1788600652.851376,63.460000,gate_sweep_low_r14,0.06437596658361144,7.977833468466997,4.98051156103611,126.65482066922408,-0.4940209686756134,8.223348617553711,4.504497051239014,117.37274475233076,0.7737406796048248,9.282075916893326,1,210,1788600589.3913543
1788600652.902149,63.496000,gate_sweep_low_r14,0.06678874025237747,7.977389056235552,4.980806723237038,126.64729053659973,-0.48616257309913635,8.21291446685791,4.507219314575195,117.28478783762449,0.765187825065868,9.362502698975234,1,207,1788600589.4061325
1788600652.952323,63.528000,gate_sweep_low_r14,0.06995565423858352,7.976508814841509,4.981056109070778,126.65541986398968,-0.48202893137931824,8.207134246826172,4.509793281555176,117.2361315821369,0.7615534946646094,9.419288281852774,1,207,1788600589.4243011
1788600653.004247,63.560000,gate_sweep_low_r14,0.07301855066907592,7.975364405661821,4.9811843782663345,126.6851943985217,-0.47680234909057617,8.199503898620605,4.512192726135254,117.21113753414038,0.756633797741665,9.474056864381334,1,204,1788600589.444216
1788600653.058923,63.592000,gate_sweep_low_r14,0.07665223607909866,7.9736439771950245,4.9813345819711685,126.74509449282876,-0.47124290466308594,8.19614028930664,4.513547420501709,117.21527525787775,0.75400167280174,9.529819234950999,1,201,1788600589.466901
1788600653.112965,63.628000,gate_sweep_low_r14,0.07931140044820495,7.972151476889849,4.9814518839120865,126.81166645474835,-0.46586960554122925,8.192448616027832,4.514946460723877,117.24773649045869,0.7505867495953029,9.563929964289656,1,201,1788600589.4849405
1788600653.161932,63.660000,gate_sweep_low_r14,0.0811302138317842,7.97101278975606,4.981541529297829,126.8705633894517,-0.4632067084312439,8.191970825195312,4.515109062194824,117.29355275643881,0.7501229130827529,9.577010633012897,1,198,1788600589.5019104
1788600653.211817,63.692000,gate_sweep_low_r14,0.08381378630292602,7.969149310141802,4.981778994202614,126.9829940081339,-0.45951342582702637,8.191898345947266,4.515208721160889,117.35999577987278,0.7500062746933522,9.622998228261116,1,196,1788600589.5197968
1788600653.265613,63.724000,gate_sweep_low_r14,0.08559656867873855,7.967753607779741,4.9819377809762955,127.0830508408848,-0.4590473175048828,8.193469047546387,4.513720989227295,117.44006911693879,0.7528687711560194,9.642981723946017,1,194,1788600589.541598
1788600653.310782,63.760000,gate_sweep_low_r14,0.08706865439307876,7.966498572379351,4.9820598512887955,127.19194913950805,-0.4585091471672058,8.195605278015137,4.512207508087158,117.54005502573678,0.7555833802663376,9.651894113771284,1,193,1788600589.5507653
1788600653.363367,63.792000,gate_sweep_low_r14,0.08846788087976165,7.965146262198687,4.9821647554636,127.33509125838623,-0.4579523801803589,8.19826889038086,4.510982990264893,117.64182195551706,0.7582437057591338,9.693269302869167,1,193,1788600589.5713465
1788600653.415630,63.824000,gate_sweep_low_r14,0.0892512796272058,7.964269358664751,4.982206717133522,127.45382806111844,-0.45702916383743286,8.196317672729492,4.512055397033691,117.75032321828608,0.757173036210234,9.703504842832354,1,192,1788600589.5916035
1788600653.462739,63.856000,gate_sweep_low_r14,0.08964329937589355,7.963751036673784,4.982201471924782,127.54370598910803,-0.4585132300853729,8.198522567749023,4.5100884437561035,117.85944703749968,0.7605813329033467,9.68425895160835,1,192,1788600589.6067216
1788600653.522664,63.892000,gate_sweep_low_r14,0.08994627723586746,7.963149268180132,4.982139959931374,127.6943948380032,-0.45954006910324097,8.198493957519531,4.510223388671875,117.99257090066828,0.7615954423725778,9.701823937334924,1,191,1788600589.6306481
1788600653.570368,63.924000,gate_sweep_low_r14,0.08983392993104644,7.962939936667681,4.982007399201393,127.8144973228923,-0.4615483582019806,8.201262474060059,4.509089946746826,118.10928408804931,0.7645070152275069,9.70521323484298,1,190,1788600589.6463513
1788600653.620229,63.956000,gate_sweep_low_r14,0.08941745737683959,7.96292420104146,4.981832399964333,127.93234538140099,-0.4636276364326477,8.205278396606445,4.507434844970703,118.22373748848129,0.7678850643674673,9.708607892919705,1,190,1788600589.66421
1788600653.672017,63.988000,gate_sweep_low_r14,0.08843889812123962,7.9631859846413136,4.9815224558115005,128.07272467990003,-0.46542805433273315,8.208489418029785,4.506473064422607,118.33751801254999,0.7698144579778827,9.735206667350043,1,190,1788600589.6839945
1788600653.723438,64.024000,gate_sweep_low_r14,0.08732738325488754,7.963670451194048,4.981236353516579,128.1799664579753,-0.46771907806396484,8.209190368652344,4.505229949951172,118.46004395372024,0.7713226953270477,9.719922504255065,1,190,1788600589.69942
1788600653.776292,64.056000,gate_sweep_low_r14,0.0863162798632402,7.9642092771828175,4.980992689728737,128.25738886522484,-0.468506783246994,8.209066390991211,4.5047760009765625,118.56709593701733,0.771081041258106,9.690292928207521,1,189,1788600589.7202735
1788600653.827011,64.088000,gate_sweep_low_r14,0.08471691588056274,7.965141493827105,4.98062027990818,128.355233231161,-0.46862414479255676,8.20927619934082,4.505280494689941,118.67101920752445,0.7692437814337162,9.684214023636564,1,189,1788600589.7389932
1788600653.878894,64.120000,gate_sweep_low_r14,0.08228730389964767,7.966622073203325,4.980115786194801,128.4671225847409,-0.4709743857383728,8.213608741760254,4.5046706199646,118.76251983636713,0.7701616828677155,9.704602748373764,1,188,1788600589.7588735
1788600653.928057,64.156000,gate_sweep_low_r14,0.08000338802230544,7.968046862632036,4.9796561151742935,128.5473009106167,-0.4744432866573334,8.215707778930664,4.504855632781982,118.86013942146428,0.7708323699775176,9.687161489152418,1,187,1788600589.7720377
1788600653.980636,64.188000,gate_sweep_low_r14,0.07743631282937713,7.969699580222368,4.979215517640114,128.61870136634536,-0.4763118624687195,8.21789836883545,4.504013538360596,118.94339015541564,0.7707506739706064,9.675311210929722,1,185,1788600589.7926211
1788600654.028475,64.220000,gate_sweep_low_r14,0.07540262470138259,7.971025664359331,4.97889269888401,128.6676602774484,-0.48049455881118774,8.221240997314453,4.50337028503418,119.01002129664572,0.7731435555940568,9.657638980802668,1,185,1788600589.8084562
1788600654.081407,64.252000,gate_sweep_low_r14,0.0717821640719194,7.973437983542681,4.978378191590309,128.73870370837668,-0.48406925797462463,8.222811698913574,4.502776622772217,119.07603620237775,0.7728873822047293,9.662667505998918,1,184,1788600589.829388
1788600654.131885,64.288000,gate_sweep_low_r14,0.06873068938148208,7.975498873740435,4.977933302521706,128.78670111000847,-0.49100616574287415,8.226164817810059,4.5019307136535645,119.12810186847055,0.7763486504850723,9.658599241537905,1,183,1788600589.843867
1788600654.182705,64.320000,gate_sweep_low_r14,0.06560627350700088,7.977667052298784,4.977484121918678,128.8264577031725,-0.4953729212284088,8.229024887084961,4.50186014175415,119.17480913234665,0.7772365074685638,9.651648570825866,1,183,1788600589.8626862
1788600654.230551,64.352000,gate_sweep_low_r14,0.06159308159840293,7.980475623160601,4.976951971650124,128.86483404739545,-0.5003049373626709,8.232048034667969,4.501447677612305,119.21258631620539,0.7778961341930016,9.652247731190071,1,183,1788600589.878525
1788600654.284426,64.384000,gate_sweep_low_r14,0.05828367898357101,7.982780653983355,4.976560488343239,128.88665808978195,-0.5056461095809937,8.235711097717285,4.500688552856445,119.24134328748167,0.7800286627950697,9.645314802300268,1,182,1788600589.9004076
1788600654.336542,64.420000,gate_sweep_low_r14,0.05578958595287986,7.984531600028276,4.976288691163063,128.8985111103513,-0.5114050507545471,8.237386703491211,4.500669479370117,119.26213783106252,0.782214225058241,9.6363732792888,1,181,1788600589.9165235
1788600654.386771,64.452000,gate_sweep_low_r14,0.05164125168812461,7.987428862601519,4.97589673101902,128.91033423836666,-0.5160958766937256,8.242098808288574,4.499034881591797,119.27604718070103,0.7839511793591927,9.634287057665636,1,181,1788600589.934753
1788600654.440289,64.484000,gate_sweep_low_r14,0.04834046194446273,7.989713866263628,4.975539579987526,128.91334303155273,-0.519168496131897,8.245147705078125,4.498976707458496,119.288061694505,0.7838526870410958,9.625281337047735,1,181,1788600589.956273
1788600654.490513,64.516000,gate_sweep_low_r14,0.04506217667949386,7.991997916251421,4.975216761231422,128.90969548085295,-0.5221614837646484,8.250167846679688,4.498259544372559,119.28795934130105,0.7847818682020762,9.621736139551881,1,181,1788600589.9744885
1788600654.538285,64.552000,gate_sweep_low_r14,0.04100017229211517,7.994787413626909,4.974881544709206,128.89784924950936,-0.5258011817932129,8.255010604858398,4.497250556945801,119.28781046006617,0.7855642842692808,9.610038789443198,1,181,1788600589.9862607
1788600654.589038,64.584000,gate_sweep_low_r14,0.03780274072778411,7.996938902884722,4.9747074991464615,128.8830133608901,-0.5297552347183228,8.25756549835205,4.497714996337891,119.27571345461452,0.7858563007910281,9.607299906275566,1,180,1788600590.005018
1788600654.639394,64.616000,gate_sweep_low_r14,0.035447917674900964,7.998542029410601,4.9746512323617935,128.86884037540298,-0.5331991314888,8.261734008789062,4.497128009796143,119.26572719082598,0.7878184515617932,9.603113184576985,1,180,1788600590.0233746
1788600654.688447,64.648000,gate_sweep_low_r14,0.03158490711939521,8.001239020377398,4.974617853760719,128.84129324095207,-0.5371171236038208,8.262837409973145,4.497970104217529,119.24898703499193,0.786796539349523,9.59230620596015,1,179,1788600590.0404246
1788600654.736115,64.684000,gate_sweep_low_r14,0.028506528382422403,8.003468710929155,4.974608793854713,128.81609890068097,-0.5400223135948181,8.26432991027832,4.498269557952881,119.2191335195951,0.7862395799916261,9.596965381085866,1,179,1788600590.0520985
1788600654.786088,64.716000,gate_sweep_low_r14,0.02543287890148349,8.005737502127886,4.974634543061256,128.78881945768995,-0.5421864986419678,8.264704704284668,4.499238014221191,119.19592207861153,0.7843835982406245,9.592897379078423,1,178,1788600590.070062
1788600654.837219,64.748000,gate_sweep_low_r14,0.022399211098672822,8.007997710257769,4.974680796265602,128.75985217358271,-0.5444985032081604,8.26636028289795,4.499794006347656,119.17198125040969,0.7833528583378857,9.587870923173034,1,178,1788600590.0891917
1788600654.886335,64.780000,gate_sweep_low_r14,0.018630362843396142,8.010835845023394,4.9747380167245865,128.72244994163373,-0.546638011932373,8.270708084106445,4.499358177185059,119.14407336875156,0.7829737594634354,9.578376572882151,1,178,1788600590.1063173
1788600654.936111,64.816000,gate_sweep_low_r14,0.016379972716094926,8.012523848563433,4.974758520722389,128.69932528920316,-0.5479458570480347,8.273604393005371,4.500301361083984,119.11130197170772,0.7821357229772945,9.588023317495445,1,177,1788600590.120094
1788600654.988269,64.848000,gate_sweep_low_r14,0.013408354279818013,8.014711577445269,4.97479809820652,128.66855214200967,-0.5485273003578186,8.277280807495117,4.500546455383301,119.08519097301917,0.7807873598122103,9.5833611689905,1,177,1788600590.1402504
1788600655.040499,64.880000,gate_sweep_low_r14,0.01045801377040334,8.016806799918413,4.974732294678688,128.63631052144717,-0.5492360591888428,8.280173301696777,4.500748634338379,119.06216314202591,0.7792816434603606,9.57414737942127,1,175,1788600590.1604815
1788600655.091895,64.912000,gate_sweep_low_r14,0.0068276461970526725,8.019266325980425,4.974502936005592,128.59724951271912,-0.5506163835525513,8.281585693359375,4.50175142288208,119.03485454146369,0.7765624829761868,9.562394971255413,1,174,1788600590.1798759
1788600655.142743,64.948000,gate_sweep_low_r14,0.00398354631033726,8.021025855094194,4.974284544587135,128.56658145274437,-0.5532498955726624,8.284255981445312,4.501764297485352,118.9968058108048,0.7765787739133299,9.569775641939561,1,174,1788600590.1947112
1788600655.192592,64.980000,gate_sweep_low_r14,0.001854467234807089,8.022214133292437,4.974077597260475,128.54404700354195,-0.5547835826873779,8.28631591796875,4.502224445343018,118.96572616771694,0.776041924295863,9.578320835825027,1,173,1788600590.2125666
1788600655.242562,65.012000,gate_sweep_low_r14,-0.0016489400004502386,8.024004179984331,4.973631277680397,128.50609640185073,-0.5553907155990601,8.286975860595703,4.502848148345947,118.93937641694872,0.772930018638562,9.566719984902006,1,172,1788600590.2305343
1788600655.292071,65.044000,gate_sweep_low_r14,-0.004427375009981915,8.025260169059038,4.973177328705788,128.47746105463054,-0.5568669438362122,8.28969955444336,4.5022807121276855,118.91439714419573,0.772567983579473,9.563063910434812,1,171,1788600590.2480545
1788600655.347097,65.080000,gate_sweep_low_r14,-0.007157952262787148,8.026319701224566,4.972709074616432,128.4503188006607,-0.5579477548599243,8.291773796081543,4.5015082359313965,118.88831214760148,0.7719232562235779,9.562006653059228,1,171,1788600590.267078
1788600655.397688,65.112000,gate_sweep_low_r14,-0.01046790016698651,8.027324873954058,4.972128286957741,128.41862321542908,-0.5587401390075684,8.292669296264648,4.501668930053711,118.86609126625515,0.7696376529466047,9.552531949173925,1,171,1788600590.285661
1788600655.447884,65.144000,gate_sweep_low_r14,-0.013026952947257087,8.027877051383257,4.971670523285866,128.3952500721908,-0.5607302188873291,8.294647216796875,4.501578330993652,118.84251595277442,0.7695010447883289,9.552734119416382,1,171,1788600590.3038592
1788600655.497196,65.176000,gate_sweep_low_r14,-0.014911665784893557,8.02819462493062,4.971336737275124,128.37765258457557,-0.5633429288864136,8.296478271484375,4.501429557800293,118.81879071681557,0.7704321661751276,9.558861867760012,1,171,1788600590.321175
1788600655.546437,65.212000,gate_sweep_low_r14,-0.0179459436039906,8.028585631400347,4.970832720398903,128.35311482713652,-0.5656360387802124,8.29726505279541,4.502321243286133,118.79804278045945,0.7691918330440818,9.555072046677079,1,171,1788600590.3344133
1788600655.595211,65.244000,gate_sweep_low_r14,-0.020290773565648124,8.028773505240679,4.970523729920387,128.33410350786943,-0.5689358711242676,8.2969388961792,4.502894878387451,118.77777646937759,0.7691559417688518,9.55632703849186,1,171,1788600590.351193
1788600655.644512,65.276000,gate_sweep_low_r14,-0.02252120545017533,8.028867918998003,4.970332995057106,128.3186157611928,-0.5720345377922058,8.296504020690918,4.5035858154296875,118.7617200523531,0.7690558595064294,9.556895708839718,1,170,1788600590.3684986
1788600655.692651,65.308000,gate_sweep_low_r14,-0.025104837695835158,8.028898436576128,4.9702519327402115,128.30322464417662,-0.5752118825912476,8.296233177185059,4.504137992858887,118.74894457657865,0.7689914364488715,9.554280067597976,1,170,1788600590.3846262
1788600655.741791,65.344000,gate_sweep_low_r14,-0.026998173649189994,8.028872687369585,4.970231428742409,128.29364968031214,-0.5800490975379944,8.29613971710205,4.504370212554932,118.73448256470314,0.7709239017853513,9.559167115608995,1,170,1788600590.3977747
1788600655.794168,65.376000,gate_sweep_low_r14,-0.028339078853605315,8.028834540396929,4.970235243439674,128.28832232629944,-0.5844771265983582,8.297264099121094,4.503950119018555,118.7217879784356,0.773799569270114,9.566534347863831,1,169,1788600590.418144
1788600655.846165,65.408000,gate_sweep_low_r14,-0.030017450655577704,8.028742987662554,4.9702495485544205,128.28400023374178,-0.5881091952323914,8.298417091369629,4.503324508666992,118.71305580827229,0.7760215914836921,9.570944425469499,1,168,1788600590.4381504
1788600655.901238,65.440000,gate_sweep_low_r14,-0.03192574923741631,8.028548438102007,4.97021521627903,128.27979533135698,-0.5909241437911987,8.299742698669434,4.502320766448975,118.7091423754304,0.7777857984433694,9.57065295592657,1,168,1788600590.4612107
1788600655.949448,65.476000,gate_sweep_low_r14,-0.03331237306701951,8.028361517935991,4.970155134797096,128.28074630602907,-0.5937166213989258,8.300535202026367,4.50182580947876,118.70715698599857,0.7793996361385505,9.5735893200305,1,168,1788600590.4734254
1788600655.996576,65.508000,gate_sweep_low_r14,-0.03458943610894494,8.028161246329546,4.970054522156715,128.28347376599524,-0.596656858921051,8.30176067352295,4.50124979019165,118.70644505329679,0.7813797483042657,9.577028712698457,1,168,1788600590.4885547
1788600656.050366,65.540000,gate_sweep_low_r14,-0.03546892126905732,8.027996260672808,4.969971552491188,128.287620759132,-0.5994175672531128,8.303580284118652,4.500347137451172,118.70810777778499,0.783920736099975,9.579512981347012,1,168,1788600590.5103471
1788600656.106334,65.572000,gate_sweep_low_r14,-0.03674574216711335,8.027792174369097,4.969838038086891,128.29572801494731,-0.6019880771636963,8.304733276367188,4.499693870544434,118.71200200160654,0.7856403818048666,9.583726013340788,1,168,1788600590.5343153
1788600656.153672,65.608000,gate_sweep_low_r14,-0.03753934820997529,8.027659613639116,4.969790354371071,128.30405831195964,-0.6049633622169495,8.30630111694336,4.499049663543701,118.7170772898144,0.7881674295706875,9.586981022145245,1,168,1788600590.5456529
1788600656.205307,65.640000,gate_sweep_low_r14,-0.03817283009993844,8.027481276541948,4.969716921448708,128.31319062193538,-0.6072224378585815,8.308094024658203,4.497922420501709,118.72438602756307,0.7906649237315702,9.588804594372306,1,168,1788600590.5652897
1788600656.249505,65.672000,gate_sweep_low_r14,-0.03880388682591729,8.027193266898394,4.969560995697975,128.32612165046967,-0.6093552708625793,8.309932708740234,4.4965949058532715,118.73153097741452,0.7932007286571128,9.59459067305516,1,168,1788600590.577488
1788600656.300277,65.704000,gate_sweep_low_r14,-0.0391988979827147,8.026962477713823,4.969349756836891,128.33687341918923,-0.6102839112281799,8.313282012939453,4.494866371154785,118.72919230456377,0.7957709795498626,9.607681114625462,1,167,1788600590.596234
1788600656.348561,65.740000,gate_sweep_low_r14,-0.03942333927261643,8.026783186942339,4.969207659363747,128.34603473637407,-0.5699971914291382,8.249092102050781,4.304464817047119,118.8002640344832,0.8790977833779879,9.545770701890845,1,400,1788600590.6085415
1788600656.396044,65.772000,gate_sweep_low_r14,-0.03965749984490685,8.026426512748003,4.9690288454294205,128.3604778736978,-0.5699971914291382,8.249092102050781,4.304464817047119,118.80026021817109,0.87891154330167,9.560217655526705,1,317,1788600590.624023
1788600656.446364,65.804000,gate_sweep_low_r14,-0.03974273076164536,8.026084143668413,4.968927755951881,128.3721471621397,-0.5720428824424744,8.253396034240723,4.299432277679443,118.82870275587796,0.8850075381047507,9.543444406261736,1,314,1788600590.6423469
1788600656.493705,65.836000,gate_sweep_low_r14,-0.03975901028024964,8.025730330497026,4.968818083405495,128.38458769046346,-0.5720428824424744,8.253396034240723,4.299432277679443,118.82871267773156,0.8850057345196352,9.555875012731903,1,312,1788600590.6576827
1788600656.548145,65.872000,gate_sweep_low_r14,-0.03966590782511048,8.025265891104937,4.968680754303932,128.40070634132806,-0.5847548842430115,8.267073631286621,4.291358947753906,118.83953467238763,0.9024177552842579,9.561171668940434,1,308,1788600590.6761286
1788600656.595278,65.904000,gate_sweep_low_r14,-0.03948766758549027,8.024862486869097,4.968576326966286,128.41336739285936,-0.5882205963134766,8.273418426513672,4.288705348968506,118.85564512612478,0.9083569942080308,9.557722266734563,1,306,1788600590.6912613
1788600656.643259,65.936000,gate_sweep_low_r14,-0.03929225375759415,8.024524886161089,4.968520537018776,128.42250325731257,-0.5921014547348022,8.278564453125,4.286735534667969,118.86362678094677,0.913764140081433,9.558876476365795,1,303,1788600590.707239
