t_wall,t_sim,exp_id,gt_x,gt_y,gt_z,gt_dyaw_deg,vslam_x,vslam_y,vslam_z,vslam_dyaw_deg,pos_error_m,yaw_error_deg,vo_state,feature_count,msg_age_s
1788599944.306916,35.544000,gate_sweep_medium_r05,-3.0258670449256897e-05,-0.00033197738230228424,-0.00010277330875396729,6.817706300112784e-05,0.0,0.0,0.0,0.0,0.0003488365268859785,6.817706300112784e-05,,,1788599908.7628984
1788599944.376996,35.576000,gate_sweep_medium_r05,-0.00014224089682102203,-0.0009828545153141022,-0.000294610857963562,0.0007610744191760211,0.0,0.0,0.0,0.0,0.0010358721101718076,0.0007610744191760211,1,380,1788599908.8009791
1788599944.421428,35.608000,gate_sweep_medium_r05,-0.00040282681584358215,-0.0018519293516874313,-0.0005676895380020142,0.0008227283851724725,0.0,0.0,0.0,0.0,0.0019784294727791156,0.0008227283851724725,1,380,1788599908.8134115
1788599944.467884,35.644000,gate_sweep_medium_r05,-0.0006969235837459564,-0.0026110541075468063,-0.0008622407913208008,0.001530193928851756,0.0,0.0,0.0,0.0,0.002836682078826578,0.001530193928851756,1,380,1788599908.8238635
1788599944.513007,35.676000,gate_sweep_medium_r05,-0.0010390635579824448,-0.003393281251192093,-0.0012472420930862427,0.0025271304248400905,0.0,0.0,0.0,0.0,0.003761598538651495,0.0025271304248400905,1,380,1788599908.8369913
1788599944.561550,35.708000,gate_sweep_medium_r05,-0.0014265645295381546,-0.004190240055322647,-0.0016796886920928955,0.002605536636832376,0.0,0.0,0.0,0.0,0.004734400931534158,0.0026055366368323758,1,380,1788599908.8535323
1788599944.611471,35.740000,gate_sweep_medium_r05,-0.00197003036737442,-0.005205238237977028,-0.002227500081062317,0.0027075122237829844,0.0,0.0,0.0,0.0,0.0059947711694115745,0.0027075122237829844,1,380,1788599908.871452
1788599944.655797,35.776000,gate_sweep_medium_r05,-0.0023271068930625916,-0.00577942468225956,-0.002551525831222534,0.0026561543297860908,0.0,0.0,0.0,0.0,0.006732567134239828,0.0026561543297860908,1,380,1788599908.8797786
1788599944.701389,35.808000,gate_sweep_medium_r05,-0.0028075911104679108,-0.006515789777040482,-0.0029232650995254517,0.003099588098614253,0.0,0.0,0.0,0.0,0.007673562608349999,0.003099588098614253,1,380,1788599908.893368
1788599944.747503,35.840000,gate_sweep_medium_r05,-0.0032896362245082855,-0.007219128310680389,-0.0032896101474761963,0.0019790659912987123,0.0,0.0,0.0,0.0,0.00858830920368163,0.0019790659912987123,1,380,1788599908.9074848
1788599944.794266,35.872000,gate_sweep_medium_r05,-0.0038989130407571793,-0.008044490590691566,-0.0036740154027938843,0.002142549967147021,0.0,0.0,0.0,0.0,0.009665078424052143,0.002142549967147021,1,380,1788599908.9222486
1788599944.845658,35.908000,gate_sweep_medium_r05,-0.0043923519551754,-0.00868438370525837,-0.003870174288749695,0.0015648903746484156,0.0,0.0,0.0,0.0,0.010473276710924306,0.0015648903746484158,1,380,1788599908.937641
1788599944.889839,35.940000,gate_sweep_medium_r05,-0.004735734313726425,-0.009157324209809303,-0.003940775990486145,0.0010798495980698013,0.0,0.0,0.0,0.0,0.011036914495499072,0.0010798495980698013,1,380,1788599908.9498196
1788599944.937912,35.972000,gate_sweep_medium_r05,-0.005195463076233864,-0.00992039404809475,-0.003961935639381409,0.0005430155626354974,0.0,0.0,0.0,0.0,0.011878719992346977,0.0005430155626354974,1,380,1788599908.9658978
1788599944.982960,36.004000,gate_sweep_medium_r05,-0.005460575222969055,-0.010499903932213783,-0.003933176398277283,0.0006517821428104249,0.0,0.0,0.0,0.0,0.01247139691178929,0.0006517821428104249,1,380,1788599908.9789412
1788599945.027714,36.040000,gate_sweep_medium_r05,-0.005651034414768219,-0.011057710275053978,-0.003882989287376404,0.0006378401414112944,0.0,0.0,0.0,0.0,0.013010947401700194,0.0006378401414112944,1,380,1788599908.987695
1788599945.073654,36.072000,gate_sweep_medium_r05,-0.005833910778164864,-0.011743864044547081,-0.0038038641214370728,0.000887087325469399,0.0,0.0,0.0,0.0,0.013653652988074295,0.000887087325469399,1,380,1788599909.0016332
1788599945.118737,36.104000,gate_sweep_medium_r05,-0.005927244201302528,-0.012272557243704796,-0.0037231743335723877,0.001430695623344912,0.0,0.0,0.0,0.0,0.014128337207189588,0.001430695623344912,1,380,1788599909.0147138
1788599945.166969,36.136000,gate_sweep_medium_r05,-0.005960525944828987,-0.012624228373169899,-0.0036194175481796265,0.0019637755560663194,0.0,0.0,0.0,0.0,0.014422177191568478,0.0019637755560663194,1,380,1788599909.0309532
1788599945.212786,36.172000,gate_sweep_medium_r05,-0.005955511704087257,-0.013174956664443016,-0.003454267978668213,0.0017833378277654958,0.0,0.0,0.0,0.0,0.01486538159738674,0.0017833378277654958,1,380,1788599909.0407705
1788599945.257559,36.204000,gate_sweep_medium_r05,-0.00587347149848938,-0.013595065101981163,-0.0033338218927383423,0.0029653980646545883,0.0,0.0,0.0,0.0,0.015180178885084808,0.002965398064654588,1,380,1788599909.0535414
1788599945.314885,36.236000,gate_sweep_medium_r05,-0.005706237629055977,-0.013980785384774208,-0.0032436400651931763,0.0038743588935153963,0.0,0.0,0.0,0.0,0.015444892642129206,0.0038743588935153963,1,380,1788599909.07886
1788599945.359383,36.268000,gate_sweep_medium_r05,-0.005437744781374931,-0.014392780140042305,-0.003164932131767273,0.003140685460596346,0.0,0.0,0.0,0.0,0.01570789558997829,0.003140685460596346,1,380,1788599909.0913658
1788599945.411989,36.304000,gate_sweep_medium_r05,-0.005227964371442795,-0.014613186940550804,-0.0031134337186813354,0.0034897263216025535,0.0,0.0,0.0,0.0,0.015829412924969193,0.0034897263216025535,1,380,1788599909.1079714
1788599945.457671,36.336000,gate_sweep_medium_r05,-0.005087211728096008,-0.01474921964108944,-0.0031028538942337036,0.0042512391314803305,0.0,0.0,0.0,0.0,0.01590744811327503,0.0042512391314803305,1,380,1788599909.1216545
1788599945.505444,36.368000,gate_sweep_medium_r05,-0.004910839721560478,-0.014926744624972343,-0.003086477518081665,0.004674905945310819,0.0,0.0,0.0,0.0,0.016014068669130292,0.004674905945310819,1,380,1788599909.137425
1788599945.551419,36.400000,gate_sweep_medium_r05,-0.004704499617218971,-0.01509951613843441,-0.003024548292160034,0.00520459525267532,0.0,0.0,0.0,0.0,0.016102037033706725,0.00520459525267532,1,380,1788599909.1513987
1788599945.604557,36.436000,gate_sweep_medium_r05,-0.004583442583680153,-0.015172338113188744,-0.00295238196849823,0.006922844556409265,0.0,0.0,0.0,0.0,0.016122169488835113,0.006922844556409265,1,380,1788599909.168539
1788599945.649802,36.468000,gate_sweep_medium_r05,-0.004515884444117546,-0.015184039250016212,-0.0028506964445114136,0.006916350570559215,0.0,0.0,0.0,0.0,0.016095798534940906,0.006916350570559216,1,380,1788599909.181779
1788599945.695522,36.500000,gate_sweep_medium_r05,-0.004496844485402107,-0.015165308490395546,-0.0027613192796707153,0.006847791391760057,0.0,0.0,0.0,0.0,0.0160571814494025,0.0068477913917600565,1,380,1788599909.195503
1788599945.745082,36.532000,gate_sweep_medium_r05,-0.0044637881219387054,-0.015117155387997627,-0.002629578113555908,0.0055671066076770455,0.0,0.0,0.0,0.0,0.015980252578658417,0.0055671066076770455,1,380,1788599909.2130663
1788599945.788689,36.568000,gate_sweep_medium_r05,-0.004397634416818619,-0.015047894790768623,-0.0025634765625,0.00484939813996862,0.0,0.0,0.0,0.0,0.01588551976438026,0.0048493981399686205,1,380,1788599909.2206645
1788599945.837515,36.600000,gate_sweep_medium_r05,-0.004324331879615784,-0.014988886192440987,-0.002592712640762329,0.003827733732437117,0.0,0.0,0.0,0.0,0.01581419344552792,0.0038277337324371177,1,380,1788599909.2374954
1788599945.887566,36.632000,gate_sweep_medium_r05,-0.00425243005156517,-0.014962086454033852,-0.0025771111249923706,0.003852237148907718,0.0,0.0,0.0,0.0,0.015766695727133104,0.0038522371489077187,1,380,1788599909.2555466
1788599945.937267,36.664000,gate_sweep_medium_r05,-0.0042005665600299835,-0.014999410137534142,-0.0025396347045898438,0.0035004261682241265,0.0,0.0,0.0,0.0,0.015782167415534575,0.0035004261682241257,1,380,1788599909.2732503
1788599945.992897,36.700000,gate_sweep_medium_r05,-0.004139024764299393,-0.01504112221300602,-0.0025246143341064453,0.004234972148051205,0.0,0.0,0.0,0.0,0.015803181988512393,0.004234972148051205,1,380,1788599909.2928782
1788599946.037060,36.732000,gate_sweep_medium_r05,-0.0039560142904520035,-0.015129836276173592,-0.002475753426551819,0.00392086793695448,0.0,0.0,0.0,0.0,0.01583323560865441,0.00392086793695448,1,380,1788599909.305044
1788599946.158307,36.764000,gate_sweep_medium_r05,-0.0037697888910770416,-0.015234651044011116,-0.0024002045392990112,0.0037944664131250878,0.0,0.0,0.0,0.0,0.015876614328834356,0.0037944664131250878,1,380,1788599909.3942907
1788599946.206063,36.796000,gate_sweep_medium_r05,-0.003546498715877533,-0.015369998291134834,-0.0022502094507217407,0.004614062779976634,0.0,0.0,0.0,0.0,0.015933547727462524,0.004614062779976634,1,380,1788599909.410044
1788599946.254598,36.832000,gate_sweep_medium_r05,-0.003181256353855133,-0.015557324513792992,-0.002112478017807007,0.005943022136609603,0.0,0.0,0.0,0.0,0.016019154203394316,0.005943022136609603,1,380,1788599909.4225798
1788599946.304133,36.864000,gate_sweep_medium_r05,-0.002814164385199547,-0.015688763931393623,-0.002078145742416382,0.00708421206552233,0.0,0.0,0.0,0.0,0.01607406372416902,0.00708421206552233,1,380,1788599909.4401155
1788599946.358769,36.896000,gate_sweep_medium_r05,-0.002523982897400856,-0.015778115019202232,-0.0020784735679626465,0.007993199486540046,0.0,0.0,0.0,0.0,0.016113331610758418,0.007993199486540046,1,380,1788599909.4627495
1788599946.403490,36.928000,gate_sweep_medium_r05,-0.002006363123655319,-0.015954667702317238,-0.002154707908630371,0.008478396024025904,0.0,0.0,0.0,0.0,0.0162240463709533,0.008478396024025904,1,380,1788599909.4754722
1788599946.451578,36.964000,gate_sweep_medium_r05,-0.0015294980257749557,-0.016095565631985664,-0.0022798925638198853,0.009274641756905108,0.0,0.0,0.0,0.0,0.016328028274319246,0.009274641756905108,1,380,1788599909.4875586
1788599946.497368,36.996000,gate_sweep_medium_r05,-0.0010429583489894867,-0.016214581206440926,-0.002461746335029602,0.01047395346798629,0.0,0.0,0.0,0.0,0.01643352064641128,0.01047395346798629,1,380,1788599909.5013466
1788599946.543340,37.028000,gate_sweep_medium_r05,-0.0005959551781415939,-0.01634136028587818,-0.002629026770591736,0.010566213645884703,0.0,0.0,0.0,0.0,0.016562216045195113,0.010566213645884703,1,380,1788599909.5153213
1788599946.590034,37.060000,gate_sweep_medium_r05,-0.00011357292532920837,-0.016513554379343987,-0.00283089280128479,0.011433876204490752,0.0,0.0,0.0,0.0,0.016754830082733898,0.011433876204490752,1,380,1788599909.530015
1788599946.634989,37.096000,gate_sweep_medium_r05,0.00021216459572315216,-0.016619959846138954,-0.0029335618019104004,0.012226547084088641,0.0,0.0,0.0,0.0,0.01687820677526429,0.012226547084088641,1,380,1788599909.538972
1788599946.681971,37.128000,gate_sweep_medium_r05,0.0006317291408777237,-0.016757221892476082,-0.003037184476852417,0.013060088608876044,0.0,0.0,0.0,0.0,0.01704194991212998,0.013060088608876044,1,380,1788599909.5539525
1788599946.731542,37.160000,gate_sweep_medium_r05,0.0010111983865499496,-0.016919350251555443,-0.003122091293334961,0.013336839093898866,0.0,0.0,0.0,0.0,0.01723468564133644,0.013336839093898866,1,380,1788599909.5715256
1788599946.776708,37.192000,gate_sweep_medium_r05,0.001407768577337265,-0.017206473276019096,-0.0033613592386245728,0.013189930785802466,0.0,0.0,0.0,0.0,0.0175881571205395,0.013189930785802467,1,380,1788599909.5846906
1788599946.826685,37.228000,gate_sweep_medium_r05,0.001709194853901863,-0.017505871132016182,-0.0035274475812911987,0.013326874711008713,0.0,0.0,0.0,0.0,0.017939335483181065,0.013326874711008713,1,380,1788599909.5986674
1788599946.879478,37.260000,gate_sweep_medium_r05,0.0019287057220935822,-0.01778673566877842,-0.0036649852991104126,0.01350132143823233,0.0,0.0,0.0,0.0,0.018262529637378455,0.01350132143823233,1,380,1788599909.6194596
1788599946.926131,37.292000,gate_sweep_medium_r05,0.0022429320961236954,-0.01831994764506817,-0.003949657082557678,0.013426485833294,0.0,0.0,0.0,0.0,0.018874613033799094,0.013426485833294002,1,380,1788599909.6341145
1788599946.975415,37.324000,gate_sweep_medium_r05,0.0024177655577659607,-0.018782315775752068,-0.004141375422477722,0.01304380241150975,0.0,0.0,0.0,0.0,0.01938483857508973,0.01304380241150975,1,380,1788599909.6513953
1788599947.019305,37.360000,gate_sweep_medium_r05,0.0025152917951345444,-0.019265668466687202,-0.0042913854122161865,0.012749866505730446,0.0,0.0,0.0,0.0,0.019897453682297107,0.012749866505730446,1,380,1788599909.6592805
1788599947.069035,37.392000,gate_sweep_medium_r05,0.0025285985320806503,-0.0198929775506258,-0.004352465271949768,0.012603245259993083,0.0,0.0,0.0,0.0,0.020519949325221817,0.012603245259993083,1,380,1788599909.6770155
1788599947.115356,37.424000,gate_sweep_medium_r05,0.002471979707479477,-0.02039952389895916,-0.0043661147356033325,0.011759930330281837,0.0,0.0,0.0,0.0,0.021007480021717238,0.011759930330281835,1,380,1788599909.6913376
1788599947.161546,37.456000,gate_sweep_medium_r05,0.0023849941790103912,-0.020778866484761238,-0.004372984170913696,0.011329449961530636,0.0,0.0,0.0,0.0,0.02136755672004895,0.011329449961530636,1,380,1788599909.7055275
1788599947.209655,37.492000,gate_sweep_medium_r05,0.0021833237260580063,-0.021400606259703636,-0.004364296793937683,0.009912343859944085,0.0,0.0,0.0,0.0,0.02194994162364012,0.009912343859944085,1,380,1788599909.7176359
1788599947.260978,37.524000,gate_sweep_medium_r05,0.0019656606018543243,-0.02184303291141987,-0.004348918795585632,0.009580859626312681,0.0,0.0,0.0,0.0,0.022358331848813136,0.009580859626312683,1,380,1788599909.7369564
1788599947.311502,37.556000,gate_sweep_medium_r05,0.0017030984163284302,-0.022215770557522774,-0.004337966442108154,0.009860830063704048,0.0,0.0,0.0,0.0,0.0226993162569504,0.009860830063704048,1,380,1788599909.7554784
1788599947.361734,37.588000,gate_sweep_medium_r05,0.0012987032532691956,-0.022583050653338432,-0.004340797662734985,0.008558602647067391,0.0,0.0,0.0,0.0,0.023033092091599577,0.00855860264706739,1,380,1788599909.773717
1788599947.409339,37.624000,gate_sweep_medium_r05,0.0009790342301130295,-0.022818585857748985,-0.0044494569301605225,0.007673704699963917,0.0,0.0,0.0,0.0,0.02326895003098654,0.007673704699963917,1,380,1788599909.7853172
1788599947.456602,37.656000,gate_sweep_medium_r05,0.0007941536605358124,-0.022994091734290123,-0.004551202058792114,0.007414074841366044,0.0,0.0,0.0,0.0,0.02345362178644154,0.007414074841366044,1,380,1788599909.8005831
1788599947.500826,37.688000,gate_sweep_medium_r05,0.0005870554596185684,-0.023238858208060265,-0.004686325788497925,0.0066241628434954665,0.0,0.0,0.0,0.0,0.0237139371324742,0.0066241628434954665,1,380,1788599909.812807
1788599947.546786,37.720000,gate_sweep_medium_r05,0.0003964398056268692,-0.023542506620287895,-0.004882484674453735,0.00571868078209716,0.0,0.0,0.0,0.0,0.02404673447855364,0.005718680782097161,1,380,1788599909.8267694
1788599947.596928,37.756000,gate_sweep_medium_r05,0.0002647899091243744,-0.023728085681796074,-0.005060985684394836,0.004850314454544085,0.0,0.0,0.0,0.0,0.02426325905389215,0.004850314454544085,1,380,1788599909.840906
1788599947.640530,37.788000,gate_sweep_medium_r05,0.00015151314437389374,-0.023868238553404808,-0.005318298935890198,0.004450416867848956,0.0,0.0,0.0,0.0,0.02445403998211029,0.004450416867848956,1,380,1788599909.852502
1788599947.691029,37.820000,gate_sweep_medium_r05,8.553080260753632e-05,-0.023950496688485146,-0.0054976195096969604,0.003982243694279696,0.0,0.0,0.0,0.0,0.024573510685629216,0.003982243694279696,1,380,1788599909.8710098
1788599947.734818,37.852000,gate_sweep_medium_r05,4.439800977706909e-05,-0.024099497124552727,-0.005699083209037781,0.0039748239832150725,0.0,0.0,0.0,0.0,0.0247642339324909,0.0039748239832150725,1,380,1788599909.8827996
1788599947.782566,37.888000,gate_sweep_medium_r05,0.0001298803836107254,-0.024170974269509315,-0.005854994058609009,0.0036947716609616885,0.0,0.0,0.0,0.0,0.02487034019625938,0.0036947716609616885,1,380,1788599909.894549
1788599947.832528,37.920000,gate_sweep_medium_r05,0.00038394518196582794,-0.024175042286515236,-0.006017178297042847,0.0034116397011026483,0.0,0.0,0.0,0.0,0.02491558785411169,0.0034116397011026488,1,380,1788599909.9125094
1788599947.883281,37.952000,gate_sweep_medium_r05,0.0008430033922195435,-0.02410895563662052,-0.0062227994203567505,0.0028719877807654483,0.0,0.0,0.0,0.0,0.02491336246342156,0.0028719877807654483,1,380,1788599909.931262
1788599947.933511,37.984000,gate_sweep_medium_r05,0.0013038162142038345,-0.023969879373908043,-0.006486877799034119,0.002578417262402382,0.0,0.0,0.0,0.0,0.024866335425625642,0.002578417262402382,1,380,1788599909.949494
1788599947.980503,38.020000,gate_sweep_medium_r05,0.0016834121197462082,-0.023843353614211082,-0.006705746054649353,0.0031046506643107362,0.0,0.0,0.0,0.0,0.024825519492785372,0.003104650664310736,1,380,1788599909.9604845
1788599948.025676,38.052000,gate_sweep_medium_r05,0.002369651570916176,-0.023610776290297508,-0.0070203691720962524,0.0040002102091968575,0.0,0.0,0.0,0.0,0.024746102499394525,0.004000210209196857,1,380,1788599909.9736571
1788599948.073680,38.084000,gate_sweep_medium_r05,0.0029962249100208282,-0.023382337763905525,-0.007275819778442383,0.005069433893883844,0.0,0.0,0.0,0.0,0.02467080534691085,0.005069433893883844,1,380,1788599909.9896612
1788599948.121078,38.116000,gate_sweep_medium_r05,0.003685053437948227,-0.023152442649006844,-0.007532089948654175,0.005544574531632496,0.0,0.0,0.0,0.0,0.024624126348983477,0.005544574531632496,1,380,1788599910.0050607
1788599948.168970,38.152000,gate_sweep_medium_r05,0.004570165649056435,-0.02286479063332081,-0.007839128375053406,0.00641600601946331,0.0,0.0,0.0,0.0,0.024599532484296888,0.00641600601946331,1,380,1788599910.0169508
1788599948.216830,38.184000,gate_sweep_medium_r05,0.005270108580589294,-0.02259978838264942,-0.008058607578277588,0.00806269416361192,0.0,0.0,0.0,0.0,0.024565537557570558,0.00806269416361192,1,380,1788599910.032813
1788599948.262538,38.216000,gate_sweep_medium_r05,0.005761982873082161,-0.02240133471786976,-0.008215874433517456,0.008776883640262611,0.0,0.0,0.0,0.0,0.024546299853115437,0.008776883640262611,1,380,1788599910.046522
1788599948.308272,38.248000,gate_sweep_medium_r05,0.00649690069258213,-0.02207660861313343,-0.00845693051815033,0.009115324861110803,0.0,0.0,0.0,0.0,0.024517463984995956,0.009115324861110803,1,380,1788599910.0602543
1788599948.361547,38.284000,gate_sweep_medium_r05,0.00699559785425663,-0.021846095100045204,-0.008709833025932312,0.009470607587931567,0.0,0.0,0.0,0.0,0.02453673677974152,0.009470607587931567,1,380,1788599910.0775301
1788599948.407121,38.316000,gate_sweep_medium_r05,0.007455529645085335,-0.021648408845067024,-0.008984103798866272,0.010221913755401133,0.0,0.0,0.0,0.0,0.024595785185285827,0.010221913755401133,1,380,1788599910.0911016
1788599948.449946,38.348000,gate_sweep_medium_r05,0.007881274446845055,-0.02148759923875332,-0.009245499968528748,0.009764008315538869,0.0,0.0,0.0,0.0,0.024684219202150796,0.009764008315538869,1,380,1788599910.101927
1788599948.494168,38.380000,gate_sweep_medium_r05,0.008371813222765923,-0.02133362554013729,-0.009466752409934998,0.009597017328283075,0.0,0.0,0.0,0.0,0.024795770536821124,0.009597017328283075,1,380,1788599910.1141524
1788599948.546839,38.416000,gate_sweep_medium_r05,0.008630793541669846,-0.02129235304892063,-0.0096273273229599,0.009928490956901551,0.0,0.0,0.0,0.0,0.024910646858366,0.00992849095690155,1,380,1788599910.13082
1788599948.595633,38.448000,gate_sweep_medium_r05,0.008970808237791061,-0.021315651014447212,-0.009826421737670898,0.01018111778908849,0.0,0.0,0.0,0.0,0.025127493762321294,0.01018111778908849,1,380,1788599910.1476152
1788599948.642306,38.480000,gate_sweep_medium_r05,0.00933394581079483,-0.021425755694508553,-0.010161072015762329,0.009979937958703137,0.0,0.0,0.0,0.0,0.02548397410117049,0.009979937958703137,1,380,1788599910.1622853
1788599948.685331,38.512000,gate_sweep_medium_r05,0.009833465330302715,-0.02167643792927265,-0.010737493634223938,0.009425945978836028,0.0,0.0,0.0,0.0,0.026112425610212375,0.009425945978836026,1,380,1788599910.1733124
1788599948.734009,38.548000,gate_sweep_medium_r05,0.010200951248407364,-0.021939730271697044,-0.011265888810157776,0.010150261707462253,0.0,0.0,0.0,0.0,0.02668953767771262,0.010150261707462253,1,380,1788599910.1859913
1788599948.782504,38.580000,gate_sweep_medium_r05,0.010450031608343124,-0.022167986258864403,-0.011678874492645264,0.009961871708971243,0.0,0.0,0.0,0.0,0.027148091734107788,0.009961871708971243,1,380,1788599910.2024865
1788599948.832233,38.612000,gate_sweep_medium_r05,0.010911108925938606,-0.022573301568627357,-0.012410730123519897,0.010016677383681049,0.0,0.0,0.0,0.0,0.027975569054100324,0.010016677383681049,1,380,1788599910.220212
1788599948.887796,38.644000,gate_sweep_medium_r05,0.011352128349244595,-0.02292449213564396,-0.013027340173721313,0.010283023120476116,0.0,0.0,0.0,0.0,0.028707398867483237,0.010283023120476116,1,380,1788599910.2437773
1788599948.938528,38.680000,gate_sweep_medium_r05,0.011829324997961521,-0.023319682106375694,-0.013689696788787842,0.010587198516092971,0.0,0.0,0.0,0.0,0.02951522152413504,0.010587198516092971,1,380,1788599910.258509
1788599948.986395,38.712000,gate_sweep_medium_r05,0.012467480264604092,-0.023908087983727455,-0.014544814825057983,0.011209261200408376,0.0,0.0,0.0,0.0,0.030636357053037036,0.011209261200408376,1,380,1788599910.2743766
1788599949.041197,38.744000,gate_sweep_medium_r05,0.012979571707546711,-0.024433476850390434,-0.015221193432807922,0.012551896576758108,0.0,0.0,0.0,0.0,0.03157766302671664,0.012551896576758108,1,380,1788599910.2971742
1788599949.088118,38.776000,gate_sweep_medium_r05,0.01333630084991455,-0.02486647106707096,-0.015800610184669495,0.013426618593241225,0.0,0.0,0.0,0.0,0.03233972148761937,0.013426618593241225,1,380,1788599910.3120985
1788599949.139763,38.812000,gate_sweep_medium_r05,0.013844484463334084,-0.025643976405262947,-0.016905635595321655,0.013559256534419677,0.0,0.0,0.0,0.0,0.03369100459782979,0.013559256534419677,1,380,1788599910.3277442
1788599949.191471,38.844000,gate_sweep_medium_r05,0.014172973111271858,-0.026308318600058556,-0.017921164631843567,0.012811215508859828,0.0,0.0,0.0,0.0,0.0348449269784952,0.012811215508859828,1,380,1788599910.3474555
1788599949.301619,38.876000,gate_sweep_medium_r05,0.01440002117305994,-0.02694421447813511,-0.01895909011363983,0.013709429729209341,0.0,0.0,0.0,0.0,0.03595550585884498,0.013709429729209341,1,380,1788599910.425598
1788599949.359896,38.908000,gate_sweep_medium_r05,0.014561893418431282,-0.027705451473593712,-0.0202176570892334,0.012438493503488222,0.0,0.0,0.0,0.0,0.03726116529931985,0.012438493503488222,1,380,1788599910.4518793
1788599949.408895,38.944000,gate_sweep_medium_r05,0.014601141214370728,-0.028315192088484764,-0.02121816575527191,0.012285061487862976,0.0,0.0,0.0,0.0,0.038277329919783845,0.012285061487862976,1,380,1788599910.4648771
1788599949.454102,38.976000,gate_sweep_medium_r05,0.014572701416909695,-0.02874375320971012,-0.0219038724899292,0.011512639579760923,0.0,0.0,0.0,0.0,0.03896596726917221,0.011512639579760923,1,380,1788599910.4780836
1788599949.498778,39.008000,gate_sweep_medium_r05,0.014520631171762943,-0.029288316145539284,-0.022739917039871216,0.010624763864500966,0.0,0.0,0.0,0.0,0.03982157730738018,0.010624763864500966,1,380,1788599910.4907577
1788599949.551556,39.040000,gate_sweep_medium_r05,0.014395138248801231,-0.029969321563839912,-0.023654505610466003,0.009374362738252168,0.0,0.0,0.0,0.0,0.040803380691733226,0.009374362738252168,1,380,1788599910.5115395
1788599949.599742,39.076000,gate_sweep_medium_r05,0.014244703575968742,-0.030541179701685905,-0.024346470832824707,0.009562270042518107,0.0,0.0,0.0,0.0,0.041574341600937856,0.009562270042518107,1,380,1788599910.5237236
1788599949.651354,39.108000,gate_sweep_medium_r05,0.014095097780227661,-0.031182559207081795,-0.025046035647392273,0.007912215908981666,0.0,0.0,0.0,0.0,0.04240669383231596,0.007912215908981666,1,380,1788599910.5433242
1788599949.698530,39.140000,gate_sweep_medium_r05,0.013955021277070045,-0.03170858137309551,-0.025552213191986084,0.006207314142033106,0.0,0.0,0.0,0.0,0.04304755917060112,0.006207314142033106,1,380,1788599910.558512
1788599949.749666,39.172000,gate_sweep_medium_r05,0.013703718781471252,-0.03265454061329365,-0.026355892419815063,0.006306183423410242,0.0,0.0,0.0,0.0,0.04414458060002108,0.006306183423410241,1,380,1788599910.577643
1788599949.795750,39.208000,gate_sweep_medium_r05,0.013511658646166325,-0.03346876613795757,-0.0269557386636734,0.006008590054293313,0.0,0.0,0.0,0.0,0.045048141727179754,0.006008590054293312,1,380,1788599910.5877302
1788599949.848091,39.240000,gate_sweep_medium_r05,0.013345770537853241,-0.03434033878147602,-0.027474254369735718,0.005929954877310307,0.0,0.0,0.0,0.0,0.04595871094850812,0.005929954877310307,1,380,1788599910.6080713
1788599949.893922,39.272000,gate_sweep_medium_r05,0.013176840730011463,-0.03545352630317211,-0.028019040822982788,0.005964133726536729,0.0,0.0,0.0,0.0,0.04707067354089786,0.00596413372653673,1,380,1788599910.621906
1788599949.939777,39.304000,gate_sweep_medium_r05,0.013074218295514584,-0.03634250722825527,-0.028395161032676697,0.006872847336128073,0.0,0.0,0.0,0.0,0.04793744033369112,0.006872847336128073,1,380,1788599910.6357527
1788599949.987050,39.340000,gate_sweep_medium_r05,0.013003748841583729,-0.036984773352742195,-0.028633922338485718,0.006650565515704462,0.0,0.0,0.0,0.0,0.0485476307596481,0.006650565515704462,1,380,1788599910.6470296
1788599950.030195,39.372000,gate_sweep_medium_r05,0.012878652662038803,-0.03797033242881298,-0.028957456350326538,0.005264110232300584,0.0,0.0,0.0,0.0,0.04945846861180674,0.005264110232300583,1,380,1788599910.6581714
1788599950.079359,39.404000,gate_sweep_medium_r05,0.012762767262756824,-0.03869474120438099,-0.02918952703475952,0.0050762520865212215,0.0,0.0,0.0,0.0,0.05012184866493129,0.0050762520865212215,1,380,1788599910.6753414
1788599950.125117,39.436000,gate_sweep_medium_r05,0.012633290141820908,-0.03938259743154049,-0.0294523686170578,0.004850926701024811,0.0,0.0,0.0,0.0,0.05077431454404146,0.004850926701024811,1,380,1788599910.6890929
1788599950.179106,39.472000,gate_sweep_medium_r05,0.012474807910621166,-0.0402152668684721,-0.029835104942321777,0.004895337302822985,0.0,0.0,0.0,0.0,0.05160447663360883,0.004895337302822985,1,380,1788599910.7070868
1788599950.223773,39.504000,gate_sweep_medium_r05,0.012365813367068768,-0.04080570302903652,-0.030170679092407227,0.005343073344665388,0.0,0.0,0.0,0.0,0.052233022283035814,0.005343073344665388,1,380,1788599910.7197552
1788599950.269514,39.536000,gate_sweep_medium_r05,0.01230563409626484,-0.04119684360921383,-0.0303928405046463,0.005414828692922972,0.0,0.0,0.0,0.0,0.05265295155842687,0.005414828692922972,1,380,1788599910.7334943
1788599950.319343,39.568000,gate_sweep_medium_r05,0.012214357033371925,-0.041722362861037254,-0.030747324228286743,0.0053333039332623,0.0,0.0,0.0,0.0,0.053247948576880706,0.005333303933262299,1,380,1788599910.7513235
1788599950.369010,39.604000,gate_sweep_medium_r05,0.012164424173533916,-0.042025251314044,-0.03105972707271576,0.0048242119838358645,0.0,0.0,0.0,0.0,0.05365446495226474,0.0048242119838358645,1,380,1788599910.7649894
1788599950.413523,39.636000,gate_sweep_medium_r05,0.012141607701778412,-0.04221113584935665,-0.03137916326522827,0.004875578835317168,0.0,0.0,0.0,0.0,0.05398009368741943,0.004875578835317168,1,380,1788599910.7775035
1788599950.459176,39.668000,gate_sweep_medium_r05,0.012104631401598454,-0.042297204956412315,-0.03168468177318573,0.004400538382235336,0.0,0.0,0.0,0.0,0.054217107148586983,0.004400538382235336,1,380,1788599910.791159
1788599950.508376,39.700000,gate_sweep_medium_r05,0.012096716091036797,-0.04230261407792568,-0.03204265236854553,0.004051688771840138,0.0,0.0,0.0,0.0,0.05442952570824516,0.004051688771840138,1,380,1788599910.8083558
1788599950.563344,39.736000,gate_sweep_medium_r05,0.012159604579210281,-0.04227085970342159,-0.03219616413116455,0.004184577195815455,0.0,0.0,0.0,0.0,0.054509398715725986,0.004184577195815455,1,380,1788599910.8273253
1788599950.610754,39.768000,gate_sweep_medium_r05,0.012319164350628853,-0.042194878682494164,-0.03232888877391815,0.003645414922733397,0.0,0.0,0.0,0.0,0.05456488473995502,0.003645414922733397,1,380,1788599910.842737
1788599950.658959,39.800000,gate_sweep_medium_r05,0.012539076618850231,-0.042130155488848686,-0.03239643573760986,0.0029861080456097177,0.0,0.0,0.0,0.0,0.0546050134371291,0.002986108045609718,1,380,1788599910.8589394
1788599950.704066,39.832000,gate_sweep_medium_r05,0.012962345965206623,-0.042089296504855156,-0.03240486979484558,0.0030986077289293867,0.0,0.0,0.0,0.0,0.054677297661974995,0.0030986077289293867,1,380,1788599910.8720443
1788599950.751952,39.868000,gate_sweep_medium_r05,0.013426796533167362,-0.04203278385102749,-0.0323466956615448,0.002719037333058105,0.0,0.0,0.0,0.0,0.05471144764700413,0.002719037333058105,1,380,1788599910.8839352
1788599950.803150,39.900000,gate_sweep_medium_r05,0.013812761753797531,-0.041947511956095695,-0.03223004937171936,0.0024393173482849077,0.0,0.0,0.0,0.0,0.054673231375851845,0.0024393173482849077,1,380,1788599910.903131
1788599950.850317,39.932000,gate_sweep_medium_r05,0.014467298053205013,-0.04173172079026699,-0.03199253976345062,0.002589756542759274,0.0,0.0,0.0,0.0,0.054537710197560006,0.002589756542759274,1,380,1788599910.9182966
1788599950.899272,39.964000,gate_sweep_medium_r05,0.015007291920483112,-0.04150026850402355,-0.03178538382053375,0.0029484351489807016,0.0,0.0,0.0,0.0,0.054385675699684895,0.002948435148980702,1,380,1788599910.9352562
1788599950.944494,40.000000,gate_sweep_medium_r05,0.015548261813819408,-0.04123377613723278,-0.03157810866832733,0.0028257192698910934,0.0,0.0,0.0,0.0,0.05421392521331758,0.0028257192698910934,1,380,1788599910.944475
1788599950.993128,40.032000,gate_sweep_medium_r05,0.01628624927252531,-0.04081369750201702,-0.031238406896591187,0.004147505571359637,0.0,0.0,0.0,0.0,0.05391509885542247,0.004147505571359637,1,380,1788599910.9611099
1788599951.036407,40.064000,gate_sweep_medium_r05,0.01688958238810301,-0.04044869355857372,-0.03092612326145172,0.004045506703750635,0.0,0.0,0.0,0.0,0.05364494294733128,0.004045506703750635,1,380,1788599910.9723833
1788599951.084451,40.096000,gate_sweep_medium_r05,0.017378272488713264,-0.04013199172914028,-0.030684247612953186,0.00460566042197663,0.0,0.0,0.0,0.0,0.05342381647180194,0.00460566042197663,1,380,1788599910.98843
1788599951.134978,40.132000,gate_sweep_medium_r05,0.01824267255142331,-0.03955908678472042,-0.030308842658996582,0.0037584543442368066,0.0,0.0,0.0,0.0,0.053069222647286876,0.0037584543442368066,1,380,1788599911.0029588
1788599951.182748,40.164000,gate_sweep_medium_r05,0.01892012730240822,-0.03904644213616848,-0.02997748553752899,0.0035945121607160076,0.0,0.0,0.0,0.0,0.05273751510817746,0.0035945121607160076,1,380,1788599911.0187283
1788599951.228897,40.196000,gate_sweep_medium_r05,0.0195941305719316,-0.038460562005639076,-0.02958156168460846,0.003509496243131408,0.0,0.0,0.0,0.0,0.05232794257717198,0.003509496243131408,1,380,1788599911.0328796
1788599951.275034,40.228000,gate_sweep_medium_r05,0.020457549951970577,-0.03764491342008114,-0.029065430164337158,0.00406614150661818,0.0,0.0,0.0,0.0,0.0517730633349113,0.004066141506618181,1,380,1788599911.0470173
1788599951.321012,40.264000,gate_sweep_medium_r05,0.02113985689356923,-0.036940647289156914,-0.02858920395374298,0.004161374517238602,0.0,0.0,0.0,0.0,0.05127228836643822,0.004161374517238602,1,380,1788599911.0569952
1788599951.369065,40.296000,gate_sweep_medium_r05,0.021636097924783826,-0.036384930834174156,-0.028119102120399475,0.004219386523175674,0.0,0.0,0.0,0.0,0.05081995503024306,0.004219386523175674,1,380,1788599911.073044
1788599951.420469,40.328000,gate_sweep_medium_r05,0.022250010864809155,-0.03565013222396374,-0.027519717812538147,0.004694087433829428,0.0,0.0,0.0,0.0,0.05023275604176972,0.004694087433829428,1,380,1788599911.092449
1788599951.465596,40.360000,gate_sweep_medium_r05,0.022916053887456656,-0.034685706719756126,-0.026785612106323242,0.004472104404037582,0.0,0.0,0.0,0.0,0.04945414838344871,0.004472104404037582,1,380,1788599911.1055713
1788599951.511528,40.396000,gate_sweep_medium_r05,0.023393298499286175,-0.0338492039591074,-0.02620452642440796,0.004311673148545973,0.0,0.0,0.0,0.0,0.048782089217964536,0.004311673148545973,1,380,1788599911.1155055
1788599951.560316,40.428000,gate_sweep_medium_r05,0.023863781709223986,-0.03298958204686642,-0.02569127082824707,0.004878561347467357,0.0,0.0,0.0,0.0,0.048143888478837715,0.004878561347467357,1,380,1788599911.1322963
1788599951.608932,40.460000,gate_sweep_medium_r05,0.024195138132199645,-0.03234732709825039,-0.02533656358718872,0.004796410778690187,0.0,0.0,0.0,0.0,0.047683285688436806,0.004796410778690187,1,380,1788599911.1489127
1788599951.654800,40.492000,gate_sweep_medium_r05,0.024693584302440286,-0.03130378760397434,-0.024822145700454712,0.0044270112178217205,0.0,0.0,0.0,0.0,0.04696636180535028,0.0044270112178217205,1,380,1788599911.162783
1788599951.702743,40.528000,gate_sweep_medium_r05,0.02503810980124399,-0.03044394589960575,-0.0244704931974411,0.003808820711832916,0.0,0.0,0.0,0.0,0.04639553665691651,0.003808820711832916,1,380,1788599911.1747148
1788599951.748544,40.560000,gate_sweep_medium_r05,0.0253504523425363,-0.02956303395330906,-0.024163320660591125,0.003968904516669871,0.0,0.0,0.0,0.0,0.0458310427095245,0.003968904516669871,1,380,1788599911.1885276
1788599951.795797,40.592000,gate_sweep_medium_r05,0.025680841994471848,-0.02850223518908024,-0.023909270763397217,0.0037159867977219745,0.0,0.0,0.0,0.0,0.045205489542268135,0.0037159867977219745,1,380,1788599911.2037778
1788599951.841466,40.624000,gate_sweep_medium_r05,0.025848839606624097,-0.02764797769486904,-0.0237685889005661,0.003691796190910618,0.0,0.0,0.0,0.0,0.04469361249607228,0.003691796190910618,1,380,1788599911.2174468
1788599951.891438,40.660000,gate_sweep_medium_r05,0.025926862377673388,-0.027028771117329597,-0.02367900311946869,0.0038623932120672284,0.0,0.0,0.0,0.0,0.04431085476038139,0.0038623932120672284,1,380,1788599911.231422
1788599951.936862,40.692000,gate_sweep_medium_r05,0.02596854919102043,-0.026073163375258446,-0.023631364107131958,0.004538262328946284,0.0,0.0,0.0,0.0,0.04373347419361068,0.004538262328946284,1,380,1788599911.2448373
1788599951.984208,40.724000,gate_sweep_medium_r05,0.025915057049132884,-0.025430934503674507,-0.023662090301513672,0.004661202560667318,0.0,0.0,0.0,0.0,0.04333840247432964,0.004661202560667318,1,380,1788599911.2601886
1788599952.030317,40.756000,gate_sweep_medium_r05,0.02579814742784947,-0.024856096133589745,-0.02375975251197815,0.004930847755193961,0.0,0.0,0.0,0.0,0.0429871581421913,0.004930847755193961,1,380,1788599911.2743006
1788599952.078436,40.792000,gate_sweep_medium_r05,0.025599164771847427,-0.02418840117752552,-0.023875221610069275,0.005135614379384491,0.0,0.0,0.0,0.0,0.04254905634054686,0.005135614379384491,1,380,1788599911.2864153
1788599952.126376,40.824000,gate_sweep_medium_r05,0.025442165817366913,-0.023681966587901115,-0.02402655780315399,0.005429101652357557,0.0,0.0,0.0,0.0,0.04225416929507854,0.005429101652357557,1,380,1788599911.3023562
1788599952.172142,40.856000,gate_sweep_medium_r05,0.02534030072274618,-0.023295165970921516,-0.02415616810321808,0.005429042675001718,0.0,0.0,0.0,0.0,0.042051350225205855,0.005429042675001718,1,380,1788599911.316126
1788599952.219141,40.888000,gate_sweep_medium_r05,0.02513354526308831,-0.022613244131207466,-0.0243118554353714,0.00482459405863217,0.0,0.0,0.0,0.0,0.04164276914831308,0.00482459405863217,1,380,1788599911.3311222
1788599952.263049,40.924000,gate_sweep_medium_r05,0.024917629030824173,-0.02203206904232502,-0.024425417184829712,0.004465788240524506,0.0,0.0,0.0,0.0,0.04126622477834049,0.004465788240524506,1,380,1788599911.3390326
1788599952.309558,40.956000,gate_sweep_medium_r05,0.02465042582480237,-0.021434476599097252,-0.02456505596637726,0.004421344052476406,0.0,0.0,0.0,0.0,0.040872022889166845,0.004421344052476406,1,380,1788599911.3535388
1788599952.367179,40.988000,gate_sweep_medium_r05,0.0242967763915658,-0.020831851288676262,-0.024760141968727112,0.004130651173187966,0.0,0.0,0.0,0.0,0.04046435470196941,0.004130651173187966,1,380,1788599911.3791564
1788599952.410509,41.020000,gate_sweep_medium_r05,0.023752946290187538,-0.020108623430132866,-0.024997517466545105,0.004434143545426853,0.0,0.0,0.0,0.0,0.039917854065689075,0.004434143545426853,1,380,1788599911.3904908
1788599952.460309,41.056000,gate_sweep_medium_r05,0.023314489400945604,-0.019682934507727623,-0.025124147534370422,0.0040853874463469015,0.0,0.0,0.0,0.0,0.03952475320847824,0.0040853874463469015,1,380,1788599911.4042928
1788599952.507448,41.088000,gate_sweep_medium_r05,0.02266964386217296,-0.019174890592694283,-0.02538701891899109,0.004802849572205883,0.0,0.0,0.0,0.0,0.03906520077604572,0.004802849572205883,1,380,1788599911.4194257
1788599952.555351,41.120000,gate_sweep_medium_r05,0.021967489970847964,-0.018720412626862526,-0.025650158524513245,0.005202297924733386,0.0,0.0,0.0,0.0,0.03861288770439164,0.005202297924733386,1,380,1788599911.4353316
1788599952.604476,41.152000,gate_sweep_medium_r05,0.02094404213130474,-0.018231002613902092,-0.025921449065208435,0.005550406449389073,0.0,0.0,0.0,0.0,0.03798610112588772,0.005550406449389073,1,380,1788599911.4524558
1788599952.649669,41.188000,gate_sweep_medium_r05,0.020036506466567516,-0.017881961539387703,-0.025964856147766113,0.007541370630994215,0.0,0.0,0.0,0.0,0.037355051795642455,0.007541370630994215,1,380,1788599911.461651
1788599952.699251,41.220000,gate_sweep_medium_r05,0.019315386191010475,-0.01765628717839718,-0.02602343261241913,0.007835221223611888,0.0,0.0,0.0,0.0,0.03690592995125621,0.007835221223611888,1,380,1788599911.4792347
1788599952.748891,41.252000,gate_sweep_medium_r05,0.018016924615949392,-0.017391161993145943,-0.026132985949516296,0.00965257759599272,0.0,0.0,0.0,0.0,0.03619385365951329,0.00965257759599272,1,380,1788599911.4968688
1788599952.794610,41.284000,gate_sweep_medium_r05,0.01691116765141487,-0.017306344583630562,-0.0262749046087265,0.010417542722503639,0.0,0.0,0.0,0.0,0.03571929123567959,0.010417542722503639,1,380,1788599911.510592
1788599952.840743,41.320000,gate_sweep_medium_r05,0.015788751654326916,-0.017298629507422447,-0.02645537257194519,0.012036352583678845,0.0,0.0,0.0,0.0,0.035332902506835004,0.012036352583678845,1,380,1788599911.5207257
1788599952.890743,41.352000,gate_sweep_medium_r05,0.014392542652785778,-0.0173285361379385,-0.026708319783210754,0.013477506260738098,0.0,0.0,0.0,0.0,0.034939344503558525,0.013477506260738098,1,380,1788599911.5387237
1788599952.944249,41.384000,gate_sweep_medium_r05,0.013266757130622864,-0.01738879643380642,-0.02686440944671631,0.01440648691067093,0.0,0.0,0.0,0.0,0.034642078186796356,0.01440648691067093,1,380,1788599911.5602295
1788599952.989949,41.416000,gate_sweep_medium_r05,0.012418746948242188,-0.017462095245718956,-0.026978284120559692,0.014631564304773303,0.0,0.0,0.0,0.0,0.03445254504713227,0.014631564304773303,1,380,1788599911.573931
1788599953.042735,41.452000,gate_sweep_medium_r05,0.011055470444262028,-0.017624402418732643,-0.02722877264022827,0.01628120628794426,0.0,0.0,0.0,0.0,0.03426731747386457,0.01628120628794426,1,380,1788599911.5907173
1788599953.090726,41.484000,gate_sweep_medium_r05,0.01004062220454216,-0.017781691625714302,-0.02744366228580475,0.016667131542787796,0.0,0.0,0.0,0.0,0.03420756131301448,0.016667131542787796,1,380,1788599911.6067107
1788599953.147825,41.516000,gate_sweep_medium_r05,0.009068286046385765,-0.01793389953672886,-0.027709126472473145,0.01689929869583416,0.0,0.0,0.0,0.0,0.03422943549461589,0.01689929869583416,1,380,1788599911.6318047
1788599953.195771,41.548000,gate_sweep_medium_r05,0.00785445049405098,-0.018099846318364143,-0.028093189001083374,0.017558546163236207,0.0,0.0,0.0,0.0,0.034329638762481754,0.017558546163236207,1,380,1788599911.647751
1788599953.242156,41.584000,gate_sweep_medium_r05,0.006888793781399727,-0.01821608655154705,-0.028417840600013733,0.0180877473499319,0.0,0.0,0.0,0.0,0.03445076128888727,0.0180877473499319,1,380,1788599911.6581378
1788599953.287900,41.616000,gate_sweep_medium_r05,0.0061627961695194244,-0.018331238999962807,-0.02869492769241333,0.01796121174314711,0.0,0.0,0.0,0.0,0.034603659563312524,0.017961211743147115,1,380,1788599911.67188
1788599953.336094,41.648000,gate_sweep_medium_r05,0.005202934145927429,-0.018515950068831444,-0.029082760214805603,0.018261809997211116,0.0,0.0,0.0,0.0,0.03486714603161831,0.018261809997211116,1,380,1788599911.6880744
1788599953.381883,41.680000,gate_sweep_medium_r05,0.004016600549221039,-0.018806079402565956,-0.029488086700439453,0.019511395463552166,0.0,0.0,0.0,0.0,0.03520438835884317,0.019511395463552166,1,380,1788599911.7018611
1788599953.427147,41.716000,gate_sweep_medium_r05,0.003112753853201866,-0.019072046503424644,-0.02974618971347809,0.020341485651109735,0.0,0.0,0.0,0.0,0.0354720734782962,0.020341485651109735,1,380,1788599911.711134
1788599953.478654,41.748000,gate_sweep_medium_r05,0.0022666268050670624,-0.019382914528250694,-0.030008763074874878,0.021458250754936386,0.0,0.0,0.0,0.0,0.035796100820716416,0.021458250754936386,1,380,1788599911.7306345
1788599953.528937,41.780000,gate_sweep_medium_r05,0.00168522447347641,-0.019641069695353508,-0.03020288050174713,0.0224522700815136,0.0,0.0,0.0,0.0,0.03606695982345275,0.0224522700815136,1,380,1788599911.7489166
1788599953.580101,41.812000,gate_sweep_medium_r05,0.0008511990308761597,-0.02010875754058361,-0.03054969012737274,0.023268246064245695,0.0,0.0,0.0,0.0,0.03658374278958672,0.023268246064245695,1,380,1788599911.7680807
1788599953.626102,41.848000,gate_sweep_medium_r05,0.00028511136770248413,-0.02049657143652439,-0.030892804265022278,0.024357947445192346,0.0,0.0,0.0,0.0,0.03707500619691815,0.024357947445192346,1,380,1788599911.7780857
1788599953.675748,41.880000,gate_sweep_medium_r05,-0.00021722912788391113,-0.020866526290774345,-0.031170204281806946,0.024617627578426064,0.0,0.0,0.0,0.0,0.037510541757046836,0.024617627578426064,1,380,1788599911.7957323
1788599953.727671,41.912000,gate_sweep_medium_r05,-0.0007973648607730865,-0.021239755675196648,-0.03140540421009064,0.02529403340991602,0.0,0.0,0.0,0.0,0.03792179354226831,0.02529403340991602,1,380,1788599911.8156507
1788599953.776012,41.944000,gate_sweep_medium_r05,-0.0012064538896083832,-0.021397216245532036,-0.031498998403549194,0.0251032339280481,0.0,0.0,0.0,0.0,0.03809833716151672,0.0251032339280481,1,380,1788599911.831992
1788599953.821920,41.980000,gate_sweep_medium_r05,-0.0014981776475906372,-0.02147110365331173,-0.03150199353694916,0.025690837692601737,0.0,0.0,0.0,0.0,0.03815269879257538,0.025690837692601737,1,380,1788599911.8419013
1788599953.874545,42.012000,gate_sweep_medium_r05,-0.0019738338887691498,-0.02152794413268566,-0.031425923109054565,0.026175240353556745,0.0,0.0,0.0,0.0,0.038143636979930194,0.026175240353556745,1,380,1788599911.8625302
1788599953.922023,42.044000,gate_sweep_medium_r05,-0.0023218058049678802,-0.021493086591362953,-0.03129574656486511,0.02584441551260976,0.0,0.0,0.0,0.0,0.03803639449884906,0.025844415512609756,1,380,1788599911.8780015
1788599953.967233,42.076000,gate_sweep_medium_r05,-0.002674553543329239,-0.021388204768300056,-0.031112506985664368,0.02538680642750773,0.0,0.0,0.0,0.0,0.03784965826529854,0.02538680642750773,1,380,1788599911.891215
1788599954.020374,42.112000,gate_sweep_medium_r05,-0.003110082820057869,-0.02119429223239422,-0.030868127942085266,0.02528441043401437,0.0,0.0,0.0,0.0,0.037572755568745425,0.02528441043401437,1,380,1788599911.9083538
1788599954.071484,42.144000,gate_sweep_medium_r05,-0.0034224186092615128,-0.02100355736911297,-0.03068062663078308,0.024242770863859016,0.0,0.0,0.0,0.0,0.03733849517257164,0.024242770863859016,1,380,1788599911.9274611
1788599954.116741,42.176000,gate_sweep_medium_r05,-0.003647763282060623,-0.020858975127339363,-0.030632928013801575,0.023866933170507025,0.0,0.0,0.0,0.0,0.03723948575133203,0.023866933170507025,1,380,1788599911.9407222
1788599954.168047,42.208000,gate_sweep_medium_r05,-0.003998478874564171,-0.020577916875481606,-0.03063085675239563,0.02364145036588342,0.0,0.0,0.0,0.0,0.03711721812892701,0.02364145036588342,1,380,1788599911.9600189
1788599954.215205,42.244000,gate_sweep_medium_r05,-0.004248633980751038,-0.02032298408448696,-0.030621394515037537,0.023224490433306166,0.0,0.0,0.0,0.0,0.0369965454447611,0.023224490433306166,1,380,1788599911.971181
1788599954.260562,42.276000,gate_sweep_medium_r05,-0.00446772575378418,-0.020006882026791573,-0.030552372336387634,0.02429736446399484,0.0,0.0,0.0,0.0,0.03679243614149852,0.02429736446399484,1,380,1788599911.984542
1788599954.308820,42.308000,gate_sweep_medium_r05,-0.004696736112236977,-0.019650569185614586,-0.030421867966651917,0.024369229582838325,0.0,0.0,0.0,0.0,0.03651977888770712,0.02436922958283833,1,380,1788599912.000801
1788599954.359716,42.340000,gate_sweep_medium_r05,-0.005062384530901909,-0.019142882898449898,-0.030299976468086243,0.024314197494174034,0.0,0.0,0.0,0.0,0.03619621909494223,0.024314197494174034,1,380,1788599912.019696
1788599954.404557,42.376000,gate_sweep_medium_r05,-0.005331806838512421,-0.018798058852553368,-0.030189499258995056,0.02383940185682126,0.0,0.0,0.0,0.0,0.03596110463120023,0.023839401856821256,1,380,1788599912.0285382
1788599954.458532,42.408000,gate_sweep_medium_r05,-0.005703354254364967,-0.018307512626051903,-0.030025243759155273,0.024150414420965244,0.0,0.0,0.0,0.0,0.03562595305532928,0.024150414420965244,1,380,1788599912.0505128
1788599954.505030,42.440000,gate_sweep_medium_r05,-0.00608261302113533,-0.017798474058508873,-0.029924020171165466,0.024054613114625336,0.0,0.0,0.0,0.0,0.035344459865452975,0.02405461311462534,1,380,1788599912.0650117
1788599954.553226,42.472000,gate_sweep_medium_r05,-0.006469946354627609,-0.017101211473345757,-0.0298144668340683,0.023716445709636807,0.0,0.0,0.0,0.0,0.0349744774412372,0.023716445709636807,1,380,1788599912.0812044
1788599954.599359,42.508000,gate_sweep_medium_r05,-0.006629299372434616,-0.016495967283844948,-0.02972620725631714,0.023559529057178896,0.0,0.0,0.0,0.0,0.03463685818091136,0.023559529057178896,1,380,1788599912.0913432
1788599954.647463,42.540000,gate_sweep_medium_r05,-0.006677888333797455,-0.015988292172551155,-0.029679805040359497,0.023135595783713353,0.0,0.0,0.0,0.0,0.034367288319378325,0.023135595783713353,1,380,1788599912.107443
1788599954.692494,42.572000,gate_sweep_medium_r05,-0.00664738193154335,-0.015050454065203667,-0.02954833209514618,0.022971858745834732,0.0,0.0,0.0,0.0,0.0338202274344461,0.022971858745834732,1,380,1788599912.1204753
1788599954.741657,42.604000,gate_sweep_medium_r05,-0.006511755287647247,-0.014244260266423225,-0.02940787374973297,0.022766843063545796,0.0,0.0,0.0,0.0,0.033318537572108994,0.022766843063545796,1,380,1788599912.1376376
1788599954.793982,42.640000,gate_sweep_medium_r05,-0.006306655704975128,-0.013436878100037575,-0.0292913019657135,0.023415669744464993,0.0,0.0,0.0,0.0,0.03283753903846901,0.023415669744464997,1,380,1788599912.1539671
1788599954.842954,42.672000,gate_sweep_medium_r05,-0.0059778038412332535,-0.012519704177975655,-0.029233083128929138,0.021540582663106704,0.0,0.0,0.0,0.0,0.0323581563240424,0.021540582663106704,1,380,1788599912.1709352
1788599954.896391,42.704000,gate_sweep_medium_r05,-0.005690537393093109,-0.01187814213335514,-0.029282018542289734,0.02007874605515448,0.0,0.0,0.0,0.0,0.032107772988380516,0.02007874605515448,1,380,1788599912.1923752
1788599954.941171,42.736000,gate_sweep_medium_r05,-0.005458243191242218,-0.011446652933955193,-0.029316678643226624,0.01897199773811552,0.0,0.0,0.0,0.0,0.031941914920608425,0.01897199773811552,1,380,1788599912.2051497
1788599954.992874,42.772000,gate_sweep_medium_r05,-0.005089791491627693,-0.010817667469382286,-0.029397785663604736,0.01874709403746297,0.0,0.0,0.0,0.0,0.0317357481214737,0.01874709403746297,1,380,1788599912.2208455
1788599955.044094,42.804000,gate_sweep_medium_r05,-0.004777999594807625,-0.010371321812272072,-0.029490336775779724,0.01842599391638558,0.0,0.0,0.0,0.0,0.03162393965669993,0.018425993916385577,1,380,1788599912.240071
1788599955.087383,42.836000,gate_sweep_medium_r05,-0.004448382183909416,-0.009921381250023842,-0.02957625687122345,0.017783754189497507,0.0,0.0,0.0,0.0,0.03151153567306804,0.017783754189497507,1,380,1788599912.251356
1788599955.137012,42.868000,gate_sweep_medium_r05,-0.004014888778328896,-0.00924987904727459,-0.029662445187568665,0.017333180186118204,0.0,0.0,0.0,0.0,0.03132954274797314,0.017333180186118204,1,380,1788599912.2689857
1788599955.181944,42.904000,gate_sweep_medium_r05,-0.003643784672021866,-0.00857062079012394,-0.029669851064682007,0.016493064981673838,0.0,0.0,0.0,0.0,0.031097150507153837,0.016493064981673838,1,380,1788599912.277926
1788599955.228629,42.936000,gate_sweep_medium_r05,-0.0033510401844978333,-0.007973434403538704,-0.02965649962425232,0.015290467602262053,0.0,0.0,0.0,0.0,0.030891958443402902,0.015290467602262053,1,380,1788599912.292605
1788599955.277006,42.968000,gate_sweep_medium_r05,-0.0030014272779226303,-0.007155951112508774,-0.029596686363220215,0.014433257147858555,0.0,0.0,0.0,0.0,0.03059705942916899,0.014433257147858555,1,380,1788599912.3089879
1788599955.322385,43.000000,gate_sweep_medium_r05,-0.002656199038028717,-0.006056005135178566,-0.029366984963417053,0.012356763186130998,0.0,0.0,0.0,0.0,0.030102332091857885,0.012356763186131,1,380,1788599912.3223588
1788599955.374018,43.036000,gate_sweep_medium_r05,-0.0024833213537931442,-0.005126764997839928,-0.029171854257583618,0.01183047166828545,0.0,0.0,0.0,0.0,0.029722847863469966,0.01183047166828545,1,380,1788599912.3380039
1788599955.421798,43.068000,gate_sweep_medium_r05,-0.002386808395385742,-0.004165241494774818,-0.02894391119480133,0.01112001732049585,0.0,0.0,0.0,0.0,0.02933932661597099,0.01112001732049585,1,380,1788599912.3537784
1788599955.471344,43.100000,gate_sweep_medium_r05,-0.002379057928919792,-0.003431832417845726,-0.028717204928398132,0.010313771910688064,0.0,0.0,0.0,0.0,0.029019222065261276,0.010313771910688064,1,380,1788599912.3713255
1788599955.519203,43.132000,gate_sweep_medium_r05,-0.0024860259145498276,-0.0021931827068328857,-0.028237059712409973,0.008325992704363667,0.0,0.0,0.0,0.0,0.02843100273355779,0.008325992704363669,1,380,1788599912.3871856
1788599955.567244,43.168000,gate_sweep_medium_r05,-0.00265522301197052,-0.0012005586177110672,-0.0277622789144516,0.00878004394412302,0.0,0.0,0.0,0.0,0.02791479322441171,0.00878004394412302,1,380,1788599912.399223
1788599955.613176,43.200000,gate_sweep_medium_r05,-0.002866363152861595,-0.0002396944910287857,-0.027262166142463684,0.009015631090332994,0.0,0.0,0.0,0.0,0.027413485622087633,0.009015631090332994,1,380,1788599912.4131587
1788599955.662327,43.232000,gate_sweep_medium_r05,-0.0031763408333063126,0.0008985847234725952,-0.026581302285194397,0.009299237397446926,0.0,0.0,0.0,0.0,0.026785485374946415,0.009299237397446926,1,380,1788599912.4303086
1788599955.709088,43.264000,gate_sweep_medium_r05,-0.003425823524594307,0.0017606504261493683,-0.025955945253372192,0.009124805776898314,0.0,0.0,0.0,0.0,0.026240183893045,0.009124805776898314,1,380,1788599912.4450684
1788599955.757838,43.300000,gate_sweep_medium_r05,-0.003608202561736107,0.0023633968085050583,-0.025456026196479797,0.009124739296515782,0.0,0.0,0.0,0.0,0.025818869841974814,0.009124739296515782,1,380,1788599912.4578197
1788599955.803615,43.332000,gate_sweep_medium_r05,-0.003950642421841621,0.0033053644001483917,-0.024599969387054443,0.008971072629239,0.0,0.0,0.0,0.0,0.025133473759252595,0.008971072629239,1,380,1788599912.471593
1788599955.851558,43.364000,gate_sweep_medium_r05,-0.004255963489413261,0.004025006666779518,-0.023860499262809753,0.00913177688616512,0.0,0.0,0.0,0.0,0.024569031909324045,0.00913177688616512,1,380,1788599912.4875379
1788599955.898546,43.396000,gate_sweep_medium_r05,-0.004583107307553291,0.004766279831528664,-0.02303817868232727,0.008325610236842805,0.0,0.0,0.0,0.0,0.023968311851772624,0.008325610236842805,1,380,1788599912.5025282
1788599955.944171,43.432000,gate_sweep_medium_r05,-0.005013041198253632,0.005684308707714081,-0.021940961480140686,0.008325466747273687,0.0,0.0,0.0,0.0,0.023213094111147692,0.008325466747273687,1,380,1788599912.5121546
1788599955.989307,43.464000,gate_sweep_medium_r05,-0.005403680726885796,0.0064156875014305115,-0.020980805158615112,0.008550754700520692,0.0,0.0,0.0,0.0,0.02259546407175341,0.008550754700520692,1,380,1788599912.5252874
1788599956.035317,43.496000,gate_sweep_medium_r05,-0.005670197308063507,0.006966950371861458,-0.020171016454696655,0.009681441158408844,0.0,0.0,0.0,0.0,0.022080748171472687,0.009681441158408842,1,380,1788599912.5392973
1788599956.083552,43.528000,gate_sweep_medium_r05,-0.006061471998691559,0.007879067212343216,-0.01876974105834961,0.009480025699328617,0.0,0.0,0.0,0.0,0.02123968743473027,0.009480025699328617,1,380,1788599912.555534
1788599956.134076,43.564000,gate_sweep_medium_r05,-0.006339330226182938,0.008594542741775513,-0.01762501895427704,0.010392055121657678,0.0,0.0,0.0,0.0,0.02060811892908782,0.010392055121657678,1,380,1788599912.5700583
1788599956.185710,43.596000,gate_sweep_medium_r05,-0.006569739431142807,0.009279877878725529,-0.016476839780807495,0.010969217268831486,0.0,0.0,0.0,0.0,0.020019087361804792,0.010969217268831486,1,380,1788599912.589692
1788599956.233378,43.628000,gate_sweep_medium_r05,-0.006709523499011993,0.009939195588231087,-0.01533035933971405,0.010590301234372887,0.0,0.0,0.0,0.0,0.01946343320202436,0.010590301234372887,1,380,1788599912.605361
1788599956.278563,43.660000,gate_sweep_medium_r05,-0.0067399851977825165,0.010702218860387802,-0.013938963413238525,0.009948508510496905,0.0,0.0,0.0,0.0,0.018821784985425,0.009948508510496903,1,380,1788599912.6185439
1788599956.324512,43.696000,gate_sweep_medium_r05,-0.006692986935377121,0.01109613012522459,-0.013141542673110962,0.009870744742956976,0.0,0.0,0.0,0.0,0.018455902083134326,0.009870744742956976,1,380,1788599912.628497
1788599956.374665,43.728000,gate_sweep_medium_r05,-0.006621640175580978,0.011616838164627552,-0.012117013335227966,0.008573908005885762,0.0,0.0,0.0,0.0,0.018044917836446572,0.008573908005885762,1,379,1788599912.6466484
1788599956.420590,43.760000,gate_sweep_medium_r05,-0.006561405956745148,0.012129112146794796,-0.011140614748001099,0.0070730750307933625,0.0,0.0,0.0,0.0,0.017727963971142183,0.0070730750307933625,1,379,1788599912.6605692
1788599956.467844,43.792000,gate_sweep_medium_r05,-0.006525468081235886,0.012761079706251621,-0.009999677538871765,0.004894593488489191,0.0,0.0,0.0,0.0,0.017476282208466188,0.004894593488489191,1,379,1788599912.6758232
1788599956.515934,43.828000,gate_sweep_medium_r05,-0.006515365093946457,0.013214888982474804,-0.009109660983085632,0.0044478176614711155,-0.00023850798606872559,-0.0004915706813335419,0.0008643567562103271,0.00522672846683129,0.018076144542797584,0.0007789108053601744,1,371,1788599912.6879134
1788599956.564364,43.860000,gate_sweep_medium_r05,-0.006480038166046143,0.013516619801521301,-0.008443102240562439,0.004308798487600023,-0.0006159171462059021,-0.0006272942991927266,0.0012563763884827495,0.007030521204524733,0.01812506847156759,0.0027217227169247103,1,350,1788599912.704345
1788599956.614911,43.892000,gate_sweep_medium_r05,-0.006319105625152588,0.013933050446212292,-0.00739404559135437,0.07591859659517994,-0.0008274094434455037,-0.0008632914396002889,0.0010386704234406352,0.0307590399321695,0.01789416551673221,0.045159556663010435,1,333,1788599912.722893
1788599956.660459,43.924000,gate_sweep_medium_r05,-0.006101522594690323,0.014156482182443142,-0.006570994853973389,0.1791962428831937,-0.0007008315296843648,-0.0011699891183525324,0.0010837166337296367,0.10658137809508698,0.01796281699716727,0.0726148647881067,1,330,1788599912.7364378
1788599956.704583,43.960000,gate_sweep_medium_r05,-0.005760388448834419,0.01434498094022274,-0.005780771374702454,0.37197162312381815,-0.001953870290890336,-0.002071157330647111,0.0009767560986801982,0.2654936260020012,0.018156083106457655,0.10647799712181696,1,311,1788599912.7445652
1788599956.755731,43.992000,gate_sweep_medium_r05,-0.005118133500218391,0.014541996642947197,-0.00493369996547699,0.8201031846320491,-0.0015221463982015848,-0.0025394652038812637,0.0015762594994157553,0.5092677221302988,0.018630271986663914,0.31083546250175026,1,299,1788599912.763712
1788599956.803540,44.024000,gate_sweep_medium_r05,-0.004386156797409058,0.014692466706037521,-0.004339143633842468,1.3771052208405936,-0.0006389918853528798,-0.002944279694929719,0.0011966376332566142,0.9145685223854276,0.018861096010766208,0.462536698455166,1,285,1788599912.77952
1788599956.850231,44.056000,gate_sweep_medium_r05,-0.0036710556596517563,0.01480165682733059,-0.003962785005569458,1.9039443990193514,-0.0006331059848889709,-0.004741193726658821,0.001478627324104309,1.5117273933167372,0.020512462410531826,0.39221700570261425,1,270,1788599912.7942111
1788599956.899128,44.092000,gate_sweep_medium_r05,-0.00215778686106205,0.014960715547204018,-0.003412961959838867,2.974976052858772,-0.00040062557673081756,-0.007541281636804342,0.0011609939392656088,2.379874447835513,0.02302929798355185,0.5951016050232587,1,256,1788599912.8071086
1788599956.943846,44.124000,gate_sweep_medium_r05,-0.0006312951445579529,0.01506204903125763,-0.003017902374267578,3.9938734702518137,0.001077793538570404,-0.009548228234052658,0.001102239009924233,3.299091654596656,0.025011243396280317,0.6947818156551576,1,242,1788599912.8198311
1788599956.994048,44.156000,gate_sweep_medium_r05,0.0012561958283185959,0.015122970566153526,-0.002635076642036438,5.1435562243440796,0.0002673645503818989,-0.01304867397993803,0.00168936001136899,4.37554057741163,0.028518767436494733,0.7680156469324498,1,232,1788599912.8380287
1788599957.044307,44.188000,gate_sweep_medium_r05,0.00410282239317894,0.015231678262352943,-0.0018811523914337158,6.760974489975978,0.0002940599515568465,-0.016797348856925964,0.0009411725914105773,5.586524029150822,0.03237793643598989,1.1744504608251563,1,223,1788599912.8562887
1788599957.094667,44.224000,gate_sweep_medium_r05,0.0068311914801597595,0.015359868295490742,-0.001257181167602539,8.211862802409714,0.0013980268267914653,-0.02004074677824974,0.0014462927356362343,7.082682448268788,0.035917009854597386,1.1291803541409262,1,214,1788599912.8706489
1788599957.143900,44.256000,gate_sweep_medium_r05,0.009164132177829742,0.015495136380195618,-0.0007561743259429932,9.37985402564859,0.0013274550437927246,-0.022774146869778633,0.001475916476920247,8.555780776063251,0.03912714886523327,0.8240732495853391,1,201,1788599912.8878827
1788599957.207376,44.288000,gate_sweep_medium_r05,0.012282809242606163,0.015587239526212215,-0.00010360777378082275,11.03637515353821,0.0022723376750946045,-0.02551283687353134,0.0010353338439017534,10.143578706148993,0.04231693525147118,0.8927964473892162,1,178,1788599912.9193585
1788599957.306296,44.320000,gate_sweep_medium_r05,0.015986952930688858,0.015796667896211147,0.0006983131170272827,13.337806169954483,0.0007106508128345013,-0.029950283467769623,0.0029531288892030716,11.87328636792718,0.04828284539731307,1.464519802027303,1,358,1788599912.986276
1788599957.368972,44.356000,gate_sweep_medium_r05,0.018129610922187567,0.015929121058434248,0.0011421293020248413,14.847530095877923,-0.004240230191498995,-0.0335628017783165,0.007756578270345926,13.96534907614218,0.05471390273673589,0.8821810197357415,1,231,1788599913.01295
1788599957.413581,44.388000,gate_sweep_medium_r05,0.020872870925813913,0.016076541040092707,0.0018070489168167114,16.991975605106493,-0.004863835871219635,-0.038614485412836075,0.006084577180445194,16.027157159286837,0.06059524485698172,0.9648184458196565,1,381,1788599913.0255625
1788599957.473347,44.420000,gate_sweep_medium_r05,0.02347642683889717,0.016133376397192478,0.002438560128211975,19.243797362376288,-0.007327862549573183,-0.0456763356924057,0.010635079815983772,18.231581584248616,0.06954514856062699,1.0122157781276735,1,250,1788599913.0533283
1788599957.525596,44.452000,gate_sweep_medium_r05,0.026555944001302123,0.01602016296237707,0.0031355172395706177,22.220876768979057,-0.008748413063585758,-0.050910767167806625,0.012145834043622017,20.504059433265766,0.07620585833625917,1.7168173357132916,1,195,1788599913.0735717
1788599957.567074,44.488000,gate_sweep_medium_r05,0.02892655087634921,0.01580937299877405,0.003681972622871399,24.672241893104502,-0.009288663044571877,-0.05814686045050621,0.012522161938250065,23.138856436645153,0.08371425200142409,1.5333854564593477,1,361,1788599913.079056
1788599957.627479,44.520000,gate_sweep_medium_r05,0.0307002617046237,0.01558435894548893,0.004088178277015686,26.57552867807583,-0.010698007419705391,-0.06393300741910934,0.013531746342778206,25.50751326829141,0.09014437984624894,1.0680154097844188,1,189,1788599913.107456
1788599957.666719,44.552000,gate_sweep_medium_r05,0.03362968657165766,0.015017157420516014,0.004806980490684509,29.6919254453878,-0.011262413114309311,-0.07048118114471436,0.01619155891239643,27.882676654510046,0.09723618224441796,1.8092487908777535,1,355,1788599913.1146977
1788599957.723931,44.584000,gate_sweep_medium_r05,0.036136082373559475,0.014138921163976192,0.005854979157447815,31.965492649730226,-0.008811814710497856,-0.08033711463212967,0.013165786862373352,30.050681038354337,0.10487841866334792,1.9148116113758884,1,200,1788599913.139906
1788599957.769019,44.620000,gate_sweep_medium_r05,0.040167324244976044,0.013799980282783508,0.006466522812843323,34.37747431059198,0.022381918504834175,-0.08810645341873169,-0.018447309732437134,32.52590243614185,0.10640460957682736,1.8515718744501297,1,317,1788599913.1490016
1788599957.828574,44.652000,gate_sweep_medium_r05,0.04689037799835205,0.013819240033626556,0.007731601595878601,37.88274123513576,0.029683103784918785,-0.08063888549804688,-0.04739415645599365,34.492020122466535,0.11071258720492093,3.3907211126692225,1,214,1788599913.176551
1788599957.882292,44.684000,gate_sweep_medium_r05,0.053837282583117485,0.014610360376536846,0.009448900818824768,40.92427653528383,0.05434783548116684,-0.08071587979793549,-0.058948807418346405,36.78294725804384,0.1173268904478427,4.141329277239986,1,307,1788599913.1982706
1788599957.931046,44.716000,gate_sweep_medium_r05,0.05985933169722557,0.015647459775209427,0.011396214365959167,43.493495649789665,0.08686117827892303,-0.08225367963314056,-0.06362151354551315,39.343162993883844,0.1262592266619529,4.150332655905816,1,312,1788599913.2150283
1788599957.988988,44.752000,gate_sweep_medium_r05,0.0709988884627819,0.01819426193833351,0.01621745526790619,48.120376985888846,0.114357590675354,-0.07878492772579193,-0.059842731803655624,42.350152949705816,0.13065256347592227,5.770224036183032,1,197,1788599913.2369545
1788599958.033201,44.784000,gate_sweep_medium_r05,0.08041558787226677,0.02085193363018334,0.021853700280189514,52.17898642711577,0.13913069665431976,-0.07637602835893631,-0.05476963520050049,45.24815578562014,0.13701049643013624,6.93083064149563,1,295,1788599913.249184
1788599958.091676,44.816000,gate_sweep_medium_r05,0.08975760266184807,0.02400992196635343,0.02934075891971588,56.40780535520329,0.16729547083377838,-0.07311905175447464,-0.047286033630371094,48.34995769976001,0.1460062460075699,8.057847655443275,1,198,1788599913.2756553
1788599958.144713,44.848000,gate_sweep_medium_r05,0.1008278913795948,0.028563165105879307,0.042412325739860535,61.78431955413517,0.186844140291214,-0.06497937440872192,-0.03806493058800697,51.48619847048124,0.15041805264571023,10.298121083653927,1,318,1788599913.2966914
1788599958.186118,44.884000,gate_sweep_medium_r05,0.10872825607657433,0.03248824365437031,0.0570686012506485,66.06548391320848,0.21081258356571198,-0.046802762895822525,-0.05119799077510834,55.161525287053095,0.16861176882864345,10.903958626155385,1,309,1788599913.302098
1788599958.240977,44.916000,gate_sweep_medium_r05,0.11385050043463707,0.03545062430202961,0.0712309330701828,69.16725106404895,0.23592665791511536,-0.0407157763838768,-0.05794300511479378,58.57032999639931,0.19336446189737327,10.596921067649651,1,171,1788599913.3249607
1788599958.297304,44.948000,gate_sweep_medium_r05,0.11949064955115318,0.03924448788166046,0.09481106698513031,73.0527564978229,0.25515228509902954,-0.03900749981403351,-0.04232171177864075,62.00405844634772,0.20816544369641482,11.048698051475183,1,328,1788599913.3492818
1788599958.343262,44.980000,gate_sweep_medium_r05,0.1245950199663639,0.04341302625834942,0.13173894584178925,77.5541586268884,0.26750150322914124,-0.03308454528450966,-0.03052857331931591,65.2893161186654,0.2293575575061544,12.264842508223007,1,376,1788599913.3632405
1788599958.400161,45.016000,gate_sweep_medium_r05,0.12721630558371544,0.04601753503084183,0.16690777242183685,80.66411795784093,0.27768099308013916,-0.025787629187107086,-0.01541045494377613,68.83028009035468,0.2470537184935746,11.833837867486247,1,383,1788599913.3841407
1788599958.442556,45.048000,gate_sweep_medium_r05,0.1287134252488613,0.047796471044421196,0.20636345446109772,83.43358629791271,0.28497838973999023,-0.017679374665021896,0.002176353707909584,71.81072325082214,0.265326586705466,11.622863047090581,1,392,1788599913.3945324
1788599958.501702,45.080000,gate_sweep_medium_r05,0.1293012760579586,0.048572733998298645,0.23809488117694855,85.16450855654621,0.28391918540000916,-0.015589835122227669,0.03754858672618866,74.57368060416171,0.2612323666458346,10.59082795238451,1,195,1788599913.4216862
1788599958.547932,45.112000,gate_sweep_medium_r05,0.12928668037056923,0.04870395548641682,0.2947007566690445,87.71251513091993,0.2821752727031708,-0.017298894003033638,0.07316379249095917,77.13985941749645,0.27714603425525275,10.57265571342347,1,392,1788599913.4359126
1788599958.599521,45.148000,gate_sweep_medium_r05,0.12861714139580727,0.04777200520038605,0.34251780807971954,89.19185441974899,0.27337056398391724,-0.01753353327512741,0.11393462121486664,79.72042746162421,0.27833188826262967,9.471426958124768,1,220,1788599913.4514923
1788599958.643419,45.180000,gate_sweep_medium_r05,0.1275128237903118,0.04599294252693653,0.39213503897190094,90.43344798651418,0.2710092067718506,-0.019395841285586357,0.1482032984495163,81.82418441257772,0.29046445395529086,8.609263573936472,1,389,1788599913.4634018
1788599958.702188,45.212000,gate_sweep_medium_r05,0.1257476545870304,0.04255095683038235,0.4562160521745682,91.45747914435327,0.26854997873306274,-0.02294570580124855,0.18828165531158447,83.72530075081775,0.31059806441721594,7.7321783935355155,1,220,1788599913.490171
1788599958.743351,45.244000,gate_sweep_medium_r05,0.12405988946557045,0.03895932901650667,0.5089376717805862,92.02631457253854,0.26778358221054077,-0.029622795060276985,0.23184047639369965,85.4248604418403,0.3195979713490253,6.601454130698249,1,385,1788599913.4993339
1788599958.795024,45.280000,gate_sweep_medium_r05,0.12270043417811394,0.03575258795171976,0.5493286401033401,92.25659656665242,0.26632797718048096,-0.038310229778289795,0.2854306101799011,87.0841736075224,0.3094452169229276,5.172422959130009,1,247,1788599913.5150077
1788599958.849143,45.312000,gate_sweep_medium_r05,0.12027597054839134,0.02963547082617879,0.6183827072381973,92.40293523795616,0.26560771465301514,-0.04639033228158951,0.3385488986968994,88.32144395466499,0.3243581338357353,4.081491283291172,1,186,1788599913.537127
1788599958.891583,45.344000,gate_sweep_medium_r05,0.11818907782435417,0.02411403672886081,0.6753689795732498,92.30320024849722,0.2609196603298187,-0.05614745244383812,0.3876038193702698,89.32351289917204,0.3310932093130502,2.9796873493251823,1,367,1788599913.547565
1788599958.943579,45.376000,gate_sweep_medium_r05,0.11592252925038338,0.018071552738547325,0.7342111617326736,92.09141623366295,0.2553221583366394,-0.0673922747373581,0.44260111451148987,90.14132134246042,0.3343243066792454,1.9500948912025495,1,259,1788599913.567558
1788599958.998936,45.412000,gate_sweep_medium_r05,0.11283241584897041,0.009832123294472694,0.8108539134263992,91.67264014549183,0.24750593304634094,-0.0801597535610199,0.5078268051147461,90.84019258226769,0.3435999454394703,0.8324475632241425,1,206,1788599913.5869184
1788599959.046809,45.444000,gate_sweep_medium_r05,0.11015382781624794,0.0028510428965091705,0.8751134425401688,91.25849006761568,0.24280720949172974,-0.09002204239368439,0.5654693841934204,91.3076183404155,0.3494306404863562,0.04912827279982303,1,403,1788599913.6027899
1788599959.093835,45.476000,gate_sweep_medium_r05,0.10804379358887672,-0.0026079323142766953,0.9253315478563309,90.91841500096378,0.23920893669128418,-0.09894968569278717,0.6249043345451355,91.63862708687424,0.3416760727751524,0.7202120859104634,1,291,1788599913.617817
1788599959.141096,45.508000,gate_sweep_medium_r05,0.10439969971776009,-0.012059753760695457,1.0132672935724258,90.29402270551442,0.2419102042913437,-0.10788794606924057,0.6916924118995667,91.91172202349087,0.36263285266522455,1.617699317976437,1,240,1788599913.6330793
1788599959.197463,45.544000,gate_sweep_medium_r05,0.1014411710202694,-0.019819358363747597,1.0874149948358536,89.79534579289121,0.24672169983386993,-0.12041204422712326,0.7725443243980408,92.11227310678655,0.3610662814547004,2.3169273138953357,1,203,1788599913.6534336
1788599959.237032,45.576000,gate_sweep_medium_r05,0.09844329580664635,-0.027616428211331367,1.1644990593194962,89.28603827604671,0.24360182881355286,-0.13335774838924408,0.8430379033088684,92.14157589456005,0.3682247972657112,2.8555376185133334,1,406,1788599913.6610155
1788599959.283507,45.608000,gate_sweep_medium_r05,0.09538591280579567,-0.03539707697927952,1.2438650280237198,88.80495187842955,0.24105113744735718,-0.14666245877742767,0.9176060557365417,92.11617713960098,0.3742235426245253,3.3112252611714323,1,294,1788599913.6754878
1788599959.332951,45.640000,gate_sweep_medium_r05,0.09150595590472221,-0.045041969045996666,1.3457961231470108,88.2402052001338,0.23391588032245636,-0.15672272443771362,0.9904488325119019,91.98097066788887,0.39877923047626473,3.740765467755074,1,257,1788599913.692932
1788599959.382968,45.676000,gate_sweep_medium_r05,0.08918346092104912,-0.05076429806649685,1.4081173092126846,87.93744063445403,0.2257211059331894,-0.1677987426519394,1.0717555284500122,91.79023209129605,0.38141688122410156,3.852791456842007,1,236,1788599913.7069528
1788599959.435970,45.708000,gate_sweep_medium_r05,0.08607636764645576,-0.05828150920569897,1.4922044426202774,87.56831275515354,0.21581889688968658,-0.17751248180866241,1.1457126140594482,91.57507995000222,0.38872321255837844,4.006767194848675,1,214,1788599913.7279513
1788599959.481876,45.740000,gate_sweep_medium_r05,0.08297683298587799,-0.06562485359609127,1.5772321373224258,87.25036478985713,0.20742632448673248,-0.18665792047977448,1.2220155000686646,91.36898753766506,0.3953675993249341,4.11862274780794,1,205,1788599913.7418368
1788599959.531460,45.772000,gate_sweep_medium_r05,0.07913342863321304,-0.07444278709590435,1.6845326572656631,86.92989401581676,0.19978035986423492,-0.19512838125228882,1.2998793125152588,91.16735957674979,0.42080742659798187,4.237465560933023,1,196,1788599913.7594426
1788599959.588311,45.808000,gate_sweep_medium_r05,0.07607630640268326,-0.08111084066331387,1.7710130363702774,86.73057245072505,0.1978950798511505,-0.20429323613643646,1.3918285369873047,91.01743290953749,0.41688679601457923,4.286860458812444,1,185,1788599913.7802927
1788599959.631033,45.840000,gate_sweep_medium_r05,0.07380198687314987,-0.08583748899400234,1.8361690193414688,86.61679321578872,0.19759735465049744,-0.2124733328819275,1.4745221138000488,90.93349575824726,0.4026790462986874,4.316702542458535,1,401,1788599913.7910187
1788599959.685656,45.872000,gate_sweep_medium_r05,0.0700002908706665,-0.09326349757611752,1.9451091438531876,86.48852659877643,0.19569829106330872,-0.22110426425933838,1.5594897270202637,90.85684858377212,0.42525943083857354,4.3683219849956965,1,280,1788599913.8136399
1788599959.736033,45.904000,gate_sweep_medium_r05,0.06693685427308083,-0.09874613396823406,2.032536044716835,86.43340140070599,0.19538643956184387,-0.22889761626720428,1.6432793140411377,90.8148535006973,0.4300691882497591,4.381452099991308,1,255,1788599913.8320162
1788599959.783731,45.940000,gate_sweep_medium_r05,0.06381912529468536,-0.10381834767758846,2.1201083809137344,86.41764178161284,0.19023333489894867,-0.2360915094614029,1.7366942167282104,90.74805140058726,0.42483310018905274,4.330409618974413,1,234,1788599913.8437045
1788599959.834962,45.972000,gate_sweep_medium_r05,0.059908200055360794,-0.1095650102943182,2.229329839348793,86.47694455634762,0.18504564464092255,-0.24292238056659698,1.820802092552185,90.714503788982,0.44759187676504547,4.237559232634378,1,213,1788599913.8629482
1788599959.885502,46.004000,gate_sweep_medium_r05,0.05675956979393959,-0.11373891495168209,2.316009297966957,86.5712210925546,0.1801120489835739,-0.2483421415090561,1.9051120281219482,90.7081005465725,0.4496336609818786,4.136879454017905,1,205,1788599913.881487
1788599959.935678,46.036000,gate_sweep_medium_r05,0.05437752604484558,-0.11660287342965603,2.380314603447914,86.66160164994977,0.1779908984899521,-0.2554681599140167,1.987492561340332,90.76392532849185,0.43459520292245196,4.10232367854208,1,195,1788599913.8996618
1788599959.993211,46.072000,gate_sweep_medium_r05,0.05036528222262859,-0.12086688540875912,2.485640063881874,86.84634877767941,0.17927250266075134,-0.26178407669067383,2.0786640644073486,90.88427793139236,0.44955999647227896,4.037929153712946,1,185,1788599913.9211874
1788599960.035429,46.104000,gate_sweep_medium_r05,0.04710998013615608,-0.12382588349282742,2.5678160339593887,87.0143325961377,0.17381401360034943,-0.26921042799949646,2.1625211238861084,90.96381936228265,0.4488368768370258,3.9494867661449486,1,413,1788599913.9314115
1788599960.082672,46.136000,gate_sweep_medium_r05,0.043813757598400116,-0.12646896205842495,2.6478490978479385,87.19882620884356,0.16948017477989197,-0.27244243025779724,2.239607810974121,91.06281098228098,0.4513992137053148,3.863984773437432,1,298,1788599913.9466531
1788599960.128628,46.168000,gate_sweep_medium_r05,0.039649500511586666,-0.12934068404138088,2.7444870620965958,87.43935110687164,0.16473309695720673,-0.2761118710041046,2.3158838748931885,91.17822490311269,0.46998763760671036,3.7388737962410565,1,257,1788599913.9606092
1788599960.180930,46.204000,gate_sweep_medium_r05,0.03629056736826897,-0.131284823641181,2.8188996464014053,87.63803318996013,0.1583252251148224,-0.2812729775905609,2.401275157928467,91.31368726914103,0.4602163810521578,3.6756540791808923,1,239,1788599913.9769094
1788599960.228986,46.236000,gate_sweep_medium_r05,0.033745803870260715,-0.1325503047555685,2.8729376941919327,87.78613437257837,0.15374167263507843,-0.2856569290161133,2.4740376472473145,91.45962153352973,0.44380389178724156,3.6734871609513573,1,226,1788599913.992967
1788599960.278796,46.268000,gate_sweep_medium_r05,0.03031173860654235,-0.13402252458035946,2.9426207691431046,87.98588047778836,0.1484662890434265,-0.28944697976112366,2.54343318939209,91.60427035612163,0.44437369733665866,3.6183898783332737,1,221,1788599914.010781
1788599960.326964,46.300000,gate_sweep_medium_r05,0.02594695391599089,-0.1355647649616003,3.025878682732582,88.23144674697123,0.14368969202041626,-0.29262015223503113,2.609699010848999,91.7585631722843,0.46014700513755546,3.5271164253130642,1,214,1788599914.0269444
1788599960.374180,46.336000,gate_sweep_medium_r05,0.022463325411081314,-0.13657664321362972,3.089401975274086,88.4227709902253,0.13482467830181122,-0.29370301961898804,2.6855649948120117,91.9088720320036,0.44765843963276203,3.4861010417782925,1,204,1788599914.0381608
1788599960.426267,46.368000,gate_sweep_medium_r05,0.0190040310844779,-0.13741452060639858,3.1502196937799454,88.60854062783454,0.12975440919399261,-0.2953585088253021,2.7500531673431396,92.06281981291869,0.44423552148200884,3.454279185084136,1,196,1788599914.0582497
1788599960.482769,46.400000,gate_sweep_medium_r05,0.016415970399975777,-0.13792367838323116,3.1942093521356583,88.74269488116792,0.12940850853919983,-0.29701343178749084,2.809288740158081,92.26534416143667,0.4315561850310626,3.5226492802687495,1,186,1788599914.0827513
1788599960.525896,46.432000,gate_sweep_medium_r05,0.012070334516465664,-0.1385618206113577,3.264232888817787,88.9574054739554,0.11978386342525482,-0.35901451110839844,3.022728681564331,92.44743195932169,0.3442758707468313,3.490026485366295,1,409,1788599914.093872
1788599960.572408,46.468000,gate_sweep_medium_r05,0.00855596736073494,-0.13894603215157986,3.31741501390934,89.11920049974545,0.11158562451601028,-0.35377588868141174,3.1426644325256348,92.6390879791046,0.2954737606016898,3.5198874793591526,1,321,1788599914.1043909
1788599960.620515,46.500000,gate_sweep_medium_r05,0.005065480247139931,-0.13919899426400661,3.3681574016809464,89.27376748455609,0.10057201981544495,-0.3555173873901367,3.203294038772583,92.75028656809907,0.28826216320293907,3.4765190835429824,1,273,1788599914.1204946
1788599960.670313,46.532000,gate_sweep_medium_r05,0.0007542315870523453,-0.13922796212136745,3.428318277001381,89.4542290777601,0.0974237248301506,-0.35806408524513245,3.259319305419922,92.90477856563383,0.2929076511518739,3.450549487873727,1,193,1788599914.1382964
1788599960.724346,46.564000,gate_sweep_medium_r05,-0.002600913867354393,-0.13897392712533474,3.4739642292261124,89.58817595216694,0.09120406210422516,-0.36033037304878235,3.3159916400909424,93.03788978044453,0.28766888706802834,3.449713828277594,1,189,1788599914.1603308
1788599960.777825,46.600000,gate_sweep_medium_r05,-0.005047829821705818,-0.1386194285005331,3.506798043847084,89.68298816275959,0.08500587195158005,-0.3605547547340393,3.3759217262268066,93.1804237799988,0.2729350998814342,3.4974356172392254,1,185,1788599914.1778066
1788599960.830713,46.632000,gate_sweep_medium_r05,-0.0090571828186512,-0.13774504326283932,3.5590832382440567,89.8287417385606,0.07996059954166412,-0.361995667219162,3.4280805587768555,93.30147270472241,0.27454363942501886,3.472730966161822,1,182,1788599914.198694
1788599960.879137,46.664000,gate_sweep_medium_r05,-0.012193236500024796,-0.1367927398532629,3.598878398537636,89.935828794078,0.07344749569892883,-0.3622483015060425,3.4782166481018066,93.40227511834968,0.269673512436764,3.4664463242716774,1,178,1788599914.2151208
1788599960.928793,46.696000,gate_sweep_medium_r05,-0.015240099281072617,-0.13558041118085384,3.636840119957924,90.03383557992807,0.06747326999902725,-0.36244997382164,3.5253965854644775,93.49873309888517,0.26595293059276437,3.4648975189571014,1,173,1788599914.232778
1788599960.989206,46.732000,gate_sweep_medium_r05,-0.018960993736982346,-0.13373964093625546,3.6818733364343643,90.14429002355465,0.06401443481445312,-0.361971378326416,3.577363967895508,93.60318930206448,0.2643801350476547,3.458899278509837,1,169,1788599914.25719
1788599961.030081,46.764000,gate_sweep_medium_r05,-0.02184874564409256,-0.13205858133733273,3.716099038720131,90.22301798310426,0.07899003475904465,-0.3661031424999237,3.6315927505493164,93.82431746114841,0.2684895323534805,3.601299478044151,1,396,1788599914.2660623
1788599961.081455,46.796000,gate_sweep_medium_r05,-0.023961633443832397,-0.13069557212293148,3.740787759423256,90.27762547858525,0.06695633381605148,-0.37017232179641724,3.699671506881714,93.85364959987466,0.2594334917236141,3.576024121289407,1,322,1788599914.285423
1788599961.127979,46.828000,gate_sweep_medium_r05,-0.02738368511199951,-0.12824935279786587,3.7802088409662247,90.35722123806815,0.05931570380926132,-0.3702075183391571,3.7376210689544678,93.90758630042959,0.2605268819840907,3.550365062361429,1,282,1788599914.299961
1788599961.177896,46.864000,gate_sweep_medium_r05,-0.029979780316352844,-0.12615921162068844,3.810220494866371,90.41198185514969,0.05476761981844902,-0.36894282698631287,3.77673077583313,93.97145559125433,0.259321358550616,3.5594737361046342,1,246,1788599914.3138814
1788599961.225484,46.896000,gate_sweep_medium_r05,-0.03239744156599045,-0.12396085821092129,3.8389847427606583,90.4595067117869,0.04997105523943901,-0.368277370929718,3.811072826385498,94.01297339083537,0.25933415264633763,3.5534666790484732,1,237,1788599914.3294637
1788599961.271225,46.928000,gate_sweep_medium_r05,-0.03466183692216873,-0.12163213454186916,3.8666670471429825,90.49905775904779,0.04744575172662735,-0.36785051226615906,3.843319892883301,94.06341715239131,0.26059592332752707,3.5643593933435147,1,235,1788599914.3432071
1788599961.322436,46.960000,gate_sweep_medium_r05,-0.037289172410964966,-0.11853364668786526,3.899730458855629,90.53950885226284,0.04475752264261246,-0.3665637969970703,3.873000383377075,94.10471097804493,0.2626120952407005,3.5652021257821,1,231,1788599914.3624125
1788599961.375071,46.996000,gate_sweep_medium_r05,-0.03876345232129097,-0.11659512482583523,3.918759122490883,90.55861660693378,0.04059068486094475,-0.365055650472641,3.9065170288085938,94.12684370663418,0.26111219954331905,3.568227099700396,1,225,1788599914.3790524
1788599961.420381,47.028000,gate_sweep_medium_r05,-0.040598105639219284,-0.11391904018819332,3.9433033615350723,90.57914914833158,0.036305733025074005,-0.3639899790287018,3.9358086585998535,94.13951889977741,0.2617362134401049,3.560369751445842,1,216,1788599914.3923612
1788599961.470098,47.060000,gate_sweep_medium_r05,-0.04227045550942421,-0.111148526892066,3.9669783264398575,90.59476333346475,0.03351704031229019,-0.36379194259643555,3.9634761810302734,94.15384254931548,0.26378912988250125,3.5590792158507396,1,209,1788599914.4100738
1788599961.520514,47.092000,gate_sweep_medium_r05,-0.04414921626448631,-0.1075762715190649,3.9954488426446915,90.60580082129513,0.030665574595332146,-0.36432772874832153,3.988905906677246,94.15517335604856,0.26750957689738747,3.549372534753433,1,204,1788599914.4284961
1788599961.570810,47.128000,gate_sweep_medium_r05,-0.04550239071249962,-0.1046495046466589,4.017358556389809,90.60961555132329,0.02728649228811264,-0.36205625534057617,4.017441272735596,94.15474508784213,0.2675003993142275,3.5451295365188473,1,194,1788599914.4427938
1788599961.619006,47.160000,gate_sweep_medium_r05,-0.04645087942481041,-0.10240883193910122,4.033296838402748,90.61071802331708,0.026142751798033714,-0.35963761806488037,4.042457580566406,94.16713741311915,0.2674329876863532,3.5564193898020724,1,189,1788599914.4589782
1788599961.671335,47.192000,gate_sweep_medium_r05,-0.04792335256934166,-0.09859506599605083,4.0591366440057755,90.60925681391089,0.02260693535208702,-0.3586956560611725,4.0655694007873535,94.15453898079228,0.2695704338875371,3.545282166881392,1,183,1788599914.4793167
1788599961.719548,47.224000,gate_sweep_medium_r05,-0.048976343125104904,-0.09550137631595135,4.079065099358559,90.60553440369529,0.020511992275714874,-0.3561919927597046,4.088051795959473,94.1499679958936,0.26994256236169534,3.5444335921983208,1,177,1788599914.495529
1788599961.769616,47.260000,gate_sweep_medium_r05,-0.04987085238099098,-0.09237883798778057,4.098347440361977,90.59781653794894,0.018754439428448677,-0.35373643040657043,4.113655090332031,94.14703699581284,0.27065022804069966,3.549220457863889,1,174,1788599914.5095942
1788599961.828162,47.292000,gate_sweep_medium_r05,-0.050779517740011215,-0.08842805586755276,4.121560826897621,90.58696320325416,0.018160659819841385,-0.34946349263191223,4.134546756744385,94.1396003971448,0.27029776488666896,3.5526371938906363,1,171,1788599914.5361276
1788599961.879615,47.324000,gate_sweep_medium_r05,-0.05131292715668678,-0.0852591972798109,4.139432206749916,90.57711129775142,-0.01689288392663002,-0.3256213963031769,4.226628303527832,94.02780909114155,0.2579959018833649,3.4506977933901255,1,388,1788599914.5555973
1788599961.928239,47.356000,gate_sweep_medium_r05,-0.05159397050738335,-0.08286022953689098,4.152465119957924,90.56973686149605,-0.02056737057864666,-0.29461440443992615,4.351550102233887,94.09756935977279,0.29229661417783054,3.5278324982767386,1,264,1788599914.5722167
1788599961.976583,47.392000,gate_sweep_medium_r05,-0.05188388749957085,-0.07877335511147976,4.1735541969537735,90.5568536883961,-0.023885775357484818,-0.28725942969322205,4.388907432556152,94.09491952592366,0.30104377366495777,3.538065837527555,1,235,1788599914.5845656
1788599962.027067,47.424000,gate_sweep_medium_r05,-0.051979970186948776,-0.07542827539145947,4.189852491021156,90.54909852877053,-0.024117380380630493,-0.2905194163322449,4.395937919616699,94.0756976826389,0.2991851044108523,3.5265991538683745,1,205,1788599914.6030393
1788599962.082148,47.456000,gate_sweep_medium_r05,-0.051972102373838425,-0.07207096181809902,4.2057244926691055,90.54158293911395,-0.02399265766143799,-0.2879684567451477,4.413946628570557,94.0793508944133,0.30124912534570397,3.5377679552993517,1,204,1788599914.6261318
1788599962.131049,47.488000,gate_sweep_medium_r05,-0.051783401519060135,-0.0679325070232153,4.2249763160943985,90.53446796755807,-0.026698239147663116,-0.2844538986682892,4.432443141937256,94.06326991318178,0.300920690941034,3.528801945623716,1,199,1788599914.6430297
1788599962.182297,47.524000,gate_sweep_medium_r05,-0.05146036669611931,-0.06464513950049877,4.239979043602943,90.52956809183705,-0.029057558625936508,-0.28117895126342773,4.453639507293701,94.04926097613352,0.30502388626231,3.5196928842964756,1,196,1788599914.6582778
1788599962.230345,47.556000,gate_sweep_medium_r05,-0.05109724774956703,-0.062190642580389977,4.251005902886391,90.52739480487615,-0.03040270507335663,-0.2783740758895874,4.471417427062988,94.04323429764136,0.30942653558442684,3.515839492765214,1,195,1788599914.6743264
1788599962.280039,47.588000,gate_sweep_medium_r05,-0.05047840252518654,-0.058956971392035484,4.265395417809486,90.52626469485018,-0.03128862753510475,-0.27533119916915894,4.488246440887451,94.04202297797569,0.3112051291306299,3.5157582831255016,1,193,1788599914.692022
1788599962.330526,47.620000,gate_sweep_medium_r05,-0.049588825553655624,-0.05495923571288586,4.282882943749428,90.52822128668576,-0.031342990696430206,-0.2719390094280243,4.504431247711182,94.04947098453214,0.3106393144459334,3.521249697846368,1,191,1788599914.7105052
1788599962.381040,47.656000,gate_sweep_medium_r05,-0.048802245408296585,-0.05179389379918575,4.296482816338539,90.53149503995914,-0.03320132568478584,-0.2684895992279053,4.523218154907227,94.04525355898748,0.3140212273132616,3.5137585190283422,1,186,1788599914.725014
1788599962.429822,47.688000,gate_sweep_medium_r05,-0.04795479401946068,-0.04867002181708813,4.309846177697182,90.53600937683362,-0.03422468900680542,-0.265021413564682,4.537818908691406,94.04735507533842,0.31459180944796455,3.5113456985047917,1,185,1788599914.7418005
1788599962.475556,47.720000,gate_sweep_medium_r05,-0.04730561003088951,-0.046340836212038994,4.319693818688393,90.54127799540377,-0.03437984362244606,-0.2615346312522888,4.552358627319336,94.05982822015737,0.3171882060170967,3.518550224753593,1,182,1788599914.7555342
1788599962.526121,47.752000,gate_sweep_medium_r05,-0.04626062139868736,-0.04250398837029934,4.335650697350502,90.55440270921774,-0.03578297421336174,-0.2579849362373352,4.5681867599487305,94.06301423308763,0.3171984243228576,3.5086115238698885,1,180,1788599914.7740982
1788599962.577416,47.788000,gate_sweep_medium_r05,-0.045480985194444656,-0.03950280509889126,4.348073735833168,90.56866343875606,-0.03948485106229782,-0.25191065669059753,4.585116863250732,94.06161825477835,0.31834335755318455,3.492954816022282,1,178,1788599914.7894
1788599962.627640,47.820000,gate_sweep_medium_r05,-0.04477221146225929,-0.03657724894583225,4.3601949363946915,90.584951173558,-0.04066240042448044,-0.24702951312065125,4.601820468902588,94.07646307406777,0.3204527172654315,3.4915119005097797,1,174,1788599914.807625
1788599962.677542,47.852000,gate_sweep_medium_r05,-0.04400398209691048,-0.033065447583794594,4.374940648674965,90.60907774708934,-0.04151667281985283,-0.2434638887643814,4.618091583251953,94.08974983442977,0.3215525893914142,3.4806720873404213,1,173,1788599914.8255248
1788599962.727680,47.884000,gate_sweep_medium_r05,-0.04344882443547249,-0.030398884788155556,4.386399999260902,90.63197489517646,-0.04199085757136345,-0.24098065495491028,4.631404399871826,94.10846433478565,0.32306959608211167,3.4764894396091917,1,168,1788599914.8436575
1788599962.785536,47.920000,gate_sweep_medium_r05,-0.04301586374640465,-0.028488634154200554,4.394779935479164,90.649235470455,-0.04024665430188179,-0.23556306958198547,4.6507391929626465,94.13934808749507,0.32924554943108814,3.4901126170400727,1,165,1788599914.8655128
1788599962.831014,47.952000,gate_sweep_medium_r05,-0.04223336651921272,-0.025394568219780922,4.408379331231117,90.68020634701845,-0.07370814681053162,-0.1832430511713028,4.755786895751953,94.10295915209349,0.38288225507430146,3.4227528050750227,1,375,1788599914.878996
1788599962.881254,47.984000,gate_sweep_medium_r05,-0.041593726724386215,-0.022941162809729576,4.4189508110284805,90.70624863244531,-0.07620152831077576,-0.1718105524778366,4.784950256347656,94.1322772920777,0.39663004057275075,3.4260286596323817,1,277,1788599914.8972254
1788599962.931546,48.016000,gate_sweep_medium_r05,-0.04097479209303856,-0.020496616140007973,4.4291999489068985,90.73446145783254,-0.07713799923658371,-0.1668788194656372,4.8004679679870605,94.15627574615415,0.4007186905961343,3.4218142883216207,1,246,1788599914.915527
1788599962.979033,48.052000,gate_sweep_medium_r05,-0.04019104316830635,-0.01746496371924877,4.441581025719643,90.77246274564304,-0.07756451517343521,-0.16238541901111603,4.814908981323242,94.18777957798034,0.4022094941779513,3.4153168323372998,1,242,1788599914.9270103
1788599963.026746,48.084000,gate_sweep_medium_r05,-0.03955337032675743,-0.015098510310053825,4.4511068016290665,90.80322136475826,-0.07850752770900726,-0.1587560623884201,4.8274827003479,94.21356083688154,0.40473909594073015,3.410339472123276,1,240,1788599914.942731
1788599963.077919,48.116000,gate_sweep_medium_r05,-0.03906672075390816,-0.013361217454075813,4.458019033074379,90.82643321281235,-0.07979614287614822,-0.15539473295211792,4.841057777404785,94.23687171597922,0.4105497351227479,3.410438503166873,1,239,1788599914.9619021
1788599963.128470,48.148000,gate_sweep_medium_r05,-0.03826532140374184,-0.010577945038676262,4.469149366021156,90.86541773946517,-0.08162225037813187,-0.15182660520076752,4.854000091552734,94.25520369677658,0.41223911535643765,3.3897859573113958,1,237,1788599914.9804504
1788599963.178521,48.184000,gate_sweep_medium_r05,-0.03760090097784996,-0.008523037657141685,4.477721467614174,90.89649442431522,-0.08113111555576324,-0.1483430713415146,4.867687702178955,94.29301731152037,0.4165551410093654,3.396522887205162,1,236,1788599914.9945025
1788599963.228060,48.216000,gate_sweep_medium_r05,-0.036909960210323334,-0.006645152345299721,4.486026540398598,90.9278746561726,-0.08198276162147522,-0.1453019380569458,4.879401206970215,94.31520086060272,0.4195245999357671,3.3873262044301184,1,234,1788599915.0120435
1788599963.282126,48.248000,gate_sweep_medium_r05,-0.036220647394657135,-0.0049068499356508255,4.494172349572182,90.9590726751748,-0.08127684146165848,-0.1430121809244156,4.890772819519043,94.34948208757726,0.42236841244746365,3.3904094124024566,1,232,1788599915.0341034
1788599963.330882,48.280000,gate_sweep_medium_r05,-0.03535281494259834,-0.0029759984463453293,4.504076734185219,90.99722046107088,-0.0810505598783493,-0.14033885300159454,4.902645111083984,94.38108370355752,0.42404432405999254,3.3838632424866475,1,232,1788599915.0508585
1788599963.383431,48.316000,gate_sweep_medium_r05,-0.034827250987291336,-0.0019309855997562408,4.509865537285805,91.0191511388824,-0.08191701024770737,-0.13719841837882996,4.914520263671875,94.41178629933,0.42925536849808943,3.3926351604475893,1,229,1788599915.0674129
1788599963.432056,48.348000,gate_sweep_medium_r05,-0.03415742143988609,-0.0006526932120323181,4.517433896660805,91.04883776996809,-0.0821337029337883,-0.13426125049591064,4.92681360244751,94.44109112970247,0.43329518076649626,3.392253359734393,1,229,1788599915.084034
1788599963.481957,48.380000,gate_sweep_medium_r05,-0.03355930373072624,0.0004639476537704468,4.524814859032631,91.07729247576907,-0.08393978327512741,-0.13120721280574799,4.938037872314453,94.45849230216542,0.43661051971017495,3.3811998263963496,1,227,1788599915.101939
1788599963.535717,48.412000,gate_sweep_medium_r05,-0.03290581703186035,0.0015944130718708038,4.533807530999184,91.1109567343285,-0.0835568979382515,-0.12857824563980103,4.947627544403076,94.48781223277476,0.4367578923919394,3.3768554984462633,1,226,1788599915.1236997
1788599963.586054,48.448000,gate_sweep_medium_r05,-0.03245895728468895,0.002280665561556816,4.540819898247719,91.13624957406176,-0.08324865996837616,-0.12599532306194305,4.958676815032959,94.5188961680013,0.440044004687373,3.38264659393954,1,222,1788599915.138031
1788599963.633873,48.480000,gate_sweep_medium_r05,-0.032158263027668,0.0026711244136095047,4.545992627739906,91.15493225771301,-0.0831068605184555,-0.12362726032733917,4.969583034515381,94.54628887102733,0.4449447991455378,3.3913566133143083,1,222,1788599915.1538382
1788599963.684120,48.512000,gate_sweep_medium_r05,-0.031711455434560776,0.003171682357788086,4.554524675011635,91.18511932448882,-0.081502765417099,-0.12196096032857895,4.980195045471191,94.5825421438269,0.4464668152311293,3.3974228193380753,1,220,1788599915.172097
1788599963.732040,48.544000,gate_sweep_medium_r05,-0.03147229179739952,0.0034051015973091125,4.5612447410821915,91.20741366809892,-0.07969901710748672,-0.12070620059967041,4.990039348602295,94.61710872104427,0.44899248078947174,3.4096950529453522,1,218,1788599915.1880205
1788599963.782488,48.580000,gate_sweep_medium_r05,-0.03135010600090027,0.0034839529544115067,4.567873731255531,91.22919557485436,-0.07996684312820435,-0.11908869445323944,5.000489711761475,94.64044425430941,0.45226566043703165,3.4112486794550674,1,215,1788599915.202469
1788599963.831435,48.612000,gate_sweep_medium_r05,-0.03129202127456665,0.0033753253519535065,4.576077237725258,91.25465374462455,-0.0809793621301651,-0.11720176041126251,5.0100789070129395,94.65554176405095,0.45317227893698936,3.4008880194264,1,215,1788599915.2194154
1788599963.879000,48.644000,gate_sweep_medium_r05,-0.03128315135836601,0.0031344443559646606,4.582554116845131,91.27379786492104,-0.0821305364370346,-0.11459901928901672,5.021416187286377,94.66869494132585,0.45721607791410807,3.394897076404816,1,214,1788599915.234983
1788599963.932560,48.676000,gate_sweep_medium_r05,-0.03129478916525841,0.0028491411358118057,4.587375417351723,91.28745854343322,-0.08228632062673569,-0.11217018216848373,5.030696868896484,94.68794966171524,0.46082913364274114,3.400491118282017,1,212,1788599915.2565284
1788599963.981991,48.712000,gate_sweep_medium_r05,-0.03136177733540535,0.0021776147186756134,4.59531332552433,91.30738534891245,-0.0822649672627449,-0.11020080745220184,5.0401387214660645,94.70904502200452,0.4616163746977738,3.401659673092072,1,210,1788599915.269965
1788599964.032413,48.744000,gate_sweep_medium_r05,-0.031482577323913574,0.0014424175024032593,4.601538434624672,91.32328889764203,-0.0810542032122612,-0.10902757197618484,5.048280715942383,94.73310236062764,0.4628602711246304,3.4098134629856127,1,210,1788599915.288394
1788599964.079274,48.776000,gate_sweep_medium_r05,-0.0316489078104496,0.0005838759243488312,4.60768486559391,91.33863663906106,-0.08037304133176804,-0.10792815685272217,5.056644916534424,94.75267889137491,0.4644502446821661,3.4140422523138554,1,210,1788599915.3032572
1788599964.131189,48.808000,gate_sweep_medium_r05,-0.03192831948399544,-0.0007064081728458405,4.615196004509926,91.35565007174068,-0.0791880264878273,-0.10679883509874344,5.065270900726318,94.77464062300253,0.46481877668755106,3.4189905512618464,1,210,1788599915.3231707
1788599964.182637,48.844000,gate_sweep_medium_r05,-0.032179880887269974,-0.001856442540884018,4.621022000908852,91.36932084975578,-0.07817217707633972,-0.10589660704135895,5.074151992797852,94.79625361275548,0.46718993641489553,3.4269327629996957,1,210,1788599915.3386059
1788599964.230182,48.876000,gate_sweep_medium_r05,-0.03234857693314552,-0.0027647875249385834,4.625302568078041,91.37896054980743,-0.07646350562572479,-0.10545092821121216,5.082108020782471,94.82068831622738,0.47027841970803996,3.4417277664199397,1,210,1788599915.3541577
1788599964.277310,48.908000,gate_sweep_medium_r05,-0.0325419045984745,-0.003997555002570152,4.630930200219154,91.3921785396428,-0.07514698058366776,-0.10509584844112396,5.08944034576416,94.8402502189763,0.47145266040568107,3.4480716793334865,1,209,1788599915.3692896
1788599964.328622,48.940000,gate_sweep_medium_r05,-0.0327121876180172,-0.0055809058248996735,4.637835279107094,91.40731435636634,-0.07350871711969376,-0.10480904579162598,5.096714496612549,94.86033533266581,0.4712544077661832,3.4530209762994613,1,207,1788599915.388604
1788599964.379310,48.976000,gate_sweep_medium_r05,-0.032805927097797394,-0.006878681480884552,4.643277421593666,91.41785493897594,-0.07224929332733154,-0.10469556599855423,5.104654312133789,94.87900419499317,0.47327851964856055,3.4611492560172374,1,207,1788599915.403291
1788599964.427711,49.008000,gate_sweep_medium_r05,-0.03282003477215767,-0.008164992555975914,4.648637071251869,91.43005520928962,-0.07132745534181595,-0.10441747307777405,5.1114702224731445,94.89478566833158,0.474301473026327,3.4647304590419528,1,207,1788599915.4196908
1788599964.477962,49.040000,gate_sweep_medium_r05,-0.03277043253183365,-0.009097663685679436,4.6526215225458145,91.43892289908358,-0.07077206671237946,-0.10417170077562332,5.1178178787231445,94.90699210471301,0.4763306063330776,3.468069205629436,1,207,1788599915.4379342
1788599964.527203,49.072000,gate_sweep_medium_r05,-0.03253518417477608,-0.010602058842778206,4.659166589379311,91.45370034062543,-0.06959301233291626,-0.10393574088811874,5.124032974243164,94.92248064670407,0.47558933399344366,3.4687803060786426,1,207,1788599915.455183
1788599964.578343,49.108000,gate_sweep_medium_r05,-0.03223234415054321,-0.01172596774995327,4.664336457848549,91.46544724057377,-0.06806550174951553,-0.1035405844449997,5.131158351898193,94.94093279529508,0.477112795664158,3.475485554721315,1,207,1788599915.4703164
1788599964.623815,49.140000,gate_sweep_medium_r05,-0.03181588277220726,-0.012786736711859703,4.669428601861,91.47752467855031,-0.06730369478464127,-0.10328416526317596,5.136743545532227,94.95234994485884,0.47731795058877896,3.474825266308525,1,207,1788599915.483797
1788599964.671412,49.172000,gate_sweep_medium_r05,-0.03112497553229332,-0.013998409733176231,4.675639405846596,91.49165280716362,-0.06602609157562256,-0.10309910029172897,5.142009735107422,94.96520054818923,0.476086446954681,3.473547741025609,1,205,1788599915.4993927
1788599964.721075,49.204000,gate_sweep_medium_r05,-0.03042912855744362,-0.01485559530556202,4.680471196770668,91.50361626730093,-0.06485727429389954,-0.10275351256132126,5.14753532409668,94.97761466757547,0.4765083840936692,3.4739984002745317,1,204,1788599915.5170584
1788599964.779486,49.240000,gate_sweep_medium_r05,-0.029864531010389328,-0.015409106388688087,4.6840145736932755,91.51162029116763,-0.06368929892778397,-0.10187043249607086,5.155813694000244,94.99065055988278,0.48084725824251334,3.479030268715148,1,203,1788599915.5394669
1788599964.830956,49.272000,gate_sweep_medium_r05,-0.02887655794620514,-0.016158415004611015,4.689185872673988,91.52752321989338,-0.062440067529678345,-0.10084699094295502,5.163749694824219,95.00294705510765,0.4832281918140332,3.475423835214276,1,202,1788599915.5589314
1788599964.881378,49.304000,gate_sweep_medium_r05,-0.028032660484313965,-0.01661585457623005,4.691177144646645,91.5358001692065,-0.06184738874435425,-0.09949514269828796,5.170020580291748,95.0095095279528,0.48713801751385183,3.473709358746299,1,201,1788599915.577353
1788599964.929223,49.336000,gate_sweep_medium_r05,-0.027117442339658737,-0.01693764142692089,4.690680757164955,91.53976003911626,-0.06047309562563896,-0.0983513668179512,5.1742777824401855,95.017374115752,0.4915352247227379,3.4776140766357377,1,201,1788599915.593205
1788599964.980348,49.372000,gate_sweep_medium_r05,-0.025900959968566895,-0.017197081819176674,4.686802163720131,91.53593613101448,-0.05809444934129715,-0.09682492166757584,5.177376747131348,95.02526412218255,0.4980365805099092,3.4893279911680715,1,198,1788599915.60833
1788599965.028459,49.404000,gate_sweep_medium_r05,-0.024940945208072662,-0.017328014597296715,4.681400552392006,91.52592676793512,-0.05673602595925331,-0.0954141840338707,5.1770339012146,95.0161319983737,0.5027532132988811,3.490205230438574,1,196,1788599915.6244402
1788599965.077256,49.436000,gate_sweep_medium_r05,-0.024226460605859756,-0.01738833822309971,4.676212087273598,91.51332438966485,-0.05560804158449173,-0.09402680397033691,5.1756911277771,94.99975273360221,0.5062979063349046,3.486428343937369,1,196,1788599915.641231
1788599965.124055,49.468000,gate_sweep_medium_r05,-0.02304229885339737,-0.017421072348952293,4.665974870324135,91.4834515055768,-0.053306255489587784,-0.09327372908592224,5.171937942504883,94.98515031540998,0.512511622322767,3.501698809833197,1,192,1788599915.6560318
1788599965.173506,49.504000,gate_sweep_medium_r05,-0.0221034437417984,-0.017379073426127434,4.656704679131508,91.45198837879929,-0.050448447465896606,-0.09248585253953934,5.168089389801025,94.96145912035863,0.5176473604795606,3.5094707415593405,1,192,1788599915.6694868
1788599965.218872,49.536000,gate_sweep_medium_r05,-0.021164003759622574,-0.017269818112254143,4.646800294518471,91.41399002825432,-0.047817569226026535,-0.09256641566753387,5.161168098449707,94.93255432719491,0.5205326386275085,3.5185642989405825,1,191,1788599915.6828444
1788599965.272390,49.568000,gate_sweep_medium_r05,-0.020228110253810883,-0.01707727648317814,4.636620298027992,91.37052624187424,-0.045201338827610016,-0.09273728728294373,5.153332710266113,94.89748763000274,0.5228191047968291,3.5269613881284974,1,190,1788599915.7043648
1788599965.322697,49.600000,gate_sweep_medium_r05,-0.019067369401454926,-0.016718002036213875,4.623749032616615,91.30855576200548,-0.04220765084028244,-0.09280447661876678,5.144975185394287,94.85924340253173,0.5272583110571919,3.550687640526261,1,189,1788599915.7226765
1788599965.373712,49.636000,gate_sweep_medium_r05,-0.01839088276028633,-0.01641259528696537,4.6161177307367325,91.26835398098576,-0.03852095827460289,-0.09323223680257797,5.135895729064941,94.81251323739221,0.525809513805978,3.544159256406437,1,187,1788599915.737689
1788599965.419226,49.668000,gate_sweep_medium_r05,-0.01750016212463379,-0.015891363844275475,4.60619093477726,91.21137130280373,-0.0346137136220932,-0.09441271424293518,5.127701282501221,94.7712794843711,0.5276661055027619,3.5599081815673714,1,187,1788599915.751209
1788599965.468611,49.700000,gate_sweep_medium_r05,-0.01663104072213173,-0.015258511528372765,4.596683278679848,91.15285970859209,-0.031727056950330734,-0.09488067775964737,5.119817733764648,94.72043294876276,0.5293743827936842,3.567573240170672,1,187,1788599915.7685938
1788599965.519025,49.732000,gate_sweep_medium_r05,-0.015602335333824158,-0.014374593272805214,4.585426107048988,91.07737438538155,-0.029500626027584076,-0.09531055390834808,5.110968589782715,94.66206787437264,0.5319198185498785,3.584693488991098,1,187,1788599915.787008
1788599965.571926,49.768000,gate_sweep_medium_r05,-0.014827903360128403,-0.013646656647324562,4.576987519860268,91.01628974480737,-0.02657674252986908,-0.0953042209148407,5.1028313636779785,94.60277958017848,0.5322760008725972,3.5864898353711125,1,186,1788599915.803906
1788599965.622272,49.800000,gate_sweep_medium_r05,-0.014281030744314194,-0.013089532032608986,4.5710103660821915,90.96969405675905,-0.024185869842767715,-0.09485378116369247,5.097074031829834,94.55164633943875,0.5324720449877003,3.5819522826797,1,185,1788599915.8222477
1788599965.670967,49.832000,gate_sweep_medium_r05,-0.01341991126537323,-0.012146459892392159,4.561694398522377,90.8950548076501,-0.02251363918185234,-0.09409289062023163,5.0912580490112305,94.49656670019324,0.5359436288599129,3.601511892543144,1,185,1788599915.838948
1788599965.718199,49.864000,gate_sweep_medium_r05,-0.012737028300762177,-0.011419406160712242,4.554853692650795,90.83785152827635,-0.020821627229452133,-0.0936325192451477,5.085986137390137,94.44355301956006,0.5375184002038087,3.60570149128372,1,185,1788599915.8541856
1788599965.768173,49.900000,gate_sweep_medium_r05,-0.012071210891008377,-0.010661983862519264,4.548635259270668,90.7819457998016,-0.018730249255895615,-0.09295456111431122,5.079996109008789,94.38831114435649,0.5377367048073854,3.6063653445548907,1,185,1788599915.8681543
1788599965.819624,49.932000,gate_sweep_medium_r05,-0.011306378990411758,-0.009638765826821327,4.541613355278969,90.716792080463,-0.016782287508249283,-0.09258756786584854,5.074985980987549,94.34222137741217,0.5398118627717164,3.625429296949188,1,184,1788599915.887603
1788599965.865465,49.964000,gate_sweep_medium_r05,-0.010721109807491302,-0.008792964741587639,4.536617532372475,90.66803477355833,-0.015309133566915989,-0.09224845468997955,5.0704145431518555,94.29616379846087,0.5403009508427183,3.6281290249025315,1,184,1788599915.9014482
1788599965.918430,49.996000,gate_sweep_medium_r05,-0.010312370955944061,-0.008130533620715141,4.533248201012611,90.63344023521455,-0.014299390837550163,-0.09179031848907471,5.0656843185424805,94.24833553480069,0.5389833718975355,3.6148952995861356,1,184,1788599915.922405
1788599965.966662,50.032000,gate_sweep_medium_r05,-0.00972803309559822,-0.006934443488717079,4.5282528549432755,90.5818312010615,-0.0130363954231143,-0.09113707393407822,5.061497688293457,94.20252924706817,0.5398620939924113,3.6206980460066758,1,183,1788599915.9346411
1788599966.014623,50.064000,gate_sweep_medium_r05,-0.009384967386722565,-0.005923248827457428,4.524771466851234,90.54509984103075,-0.012222196906805038,-0.09019356220960617,5.057403087615967,94.16514260237463,0.5392642942262549,3.620042761343882,1,183,1788599915.9506023
1788599966.068615,50.096000,gate_sweep_medium_r05,-0.009127277880907059,-0.00492250919342041,4.5215790420770645,90.5095961033183,-0.011131235398352146,-0.0891878679394722,5.05464506149292,94.13632829292521,0.5396888433034333,3.6267321896069045,1,182,1788599915.9725976
1788599966.123305,50.128000,gate_sweep_medium_r05,-0.008885126560926437,-0.0036507826298475266,4.517573609948158,90.47208071065612,-0.011483447626233101,-0.09054945409297943,5.052573204040527,94.1004947484341,0.5420172470073397,3.628414037777984,1,182,1788599915.9952843
1788599966.180819,50.164000,gate_sweep_medium_r05,-0.008675623685121536,-0.002501312643289566,4.514157548546791,90.44495177568913,-0.014827921986579895,-0.09465936571359634,5.049566745758057,94.04359361617033,0.5433175553748576,3.5986418404811924,1,182,1788599916.0167956
1788599966.231670,50.196000,gate_sweep_medium_r05,-0.008407998830080032,-0.0015085265040397644,4.511405244469643,90.42426891723728,-0.01739881932735443,-0.09933686256408691,5.046647548675537,94.0001764684191,0.5441833720366022,3.5759075511818113,1,182,1788599916.0356474
1788599966.280992,50.228000,gate_sweep_medium_r05,-0.007836215198040009,0.00011532381176948547,4.507481351494789,90.38749568385805,-0.020642302930355072,-0.10323795676231384,5.0434465408325195,93.95086466621325,0.545989542638192,3.563368982355194,1,181,1788599916.0529716
1788599966.337025,50.260000,gate_sweep_medium_r05,-0.00664743036031723,0.0027859508991241455,4.502240434288979,90.31098936995582,-0.020944105461239815,-0.10778331756591797,5.037993431091309,93.89449759718303,0.5472305105076958,3.5835082272272074,1,177,1788599916.0770087
1788599966.381982,50.296000,gate_sweep_medium_r05,-0.005209829658269882,0.0055702608078718185,4.497843518853188,90.20898280238943,0.013029804453253746,-0.2020561695098877,4.928123474121094,93.86215571045285,0.4781027700446516,3.6531729080634245,1,385,1788599916.0859609
1788599966.429506,50.328000,gate_sweep_medium_r05,-0.0032624471932649612,0.009058794938027859,4.493341699242592,90.05002661333448,0.013293866068124771,-0.21182551980018616,4.916433334350586,93.72573413811715,0.4775672975660453,3.675707524782665,1,270,1788599916.1014884
1788599966.477068,50.360000,gate_sweep_medium_r05,-0.0014511477202177048,0.012146645225584507,4.489958539605141,89.88175541501411,0.012731347233057022,-0.2091076821088791,4.911405563354492,93.53754497231712,0.47620606291238254,3.655789557303005,1,224,1788599916.1170511
1788599966.527548,50.392000,gate_sweep_medium_r05,0.002386193722486496,0.018320125062018633,4.484334722161293,89.48120774183839,0.012852635234594345,-0.20690004527568817,4.908829212188721,93.26311001223016,0.48065501514965797,3.78190227039176,1,197,1788599916.1355202
1788599966.575546,50.428000,gate_sweep_medium_r05,0.0063142329454422,0.024225342145655304,4.479946866631508,89.0280708662241,0.01250178087502718,-0.20315171778202057,4.906731605529785,92.81656558911142,0.4836153704000789,3.7884947228873127,1,188,1788599916.1475267
1788599966.633313,50.460000,gate_sweep_medium_r05,0.01109032891690731,0.03105731587857008,4.475761666893959,88.43297242669071,0.014287075027823448,-0.1984829604625702,4.903393745422363,92.29249971666245,0.48535363626430983,3.8595272899717314,1,184,1788599916.173295
1788599966.685526,50.492000,gate_sweep_medium_r05,0.018369854893535376,0.04096977040171623,4.470976606011391,87.46486057229222,0.01716037280857563,-0.19159239530563354,4.89966344833374,91.62544847020007,0.48770793775138993,4.160587897907838,1,182,1788599916.1935031
1788599966.735935,50.524000,gate_sweep_medium_r05,0.02532623748993501,0.05004432052373886,4.467588201165199,86.49289893366057,0.02036074735224247,-0.18514972925186157,4.897077560424805,90.78432451254719,0.4896958309597719,4.291425578886625,1,180,1788599916.2119195
1788599966.781950,50.560000,gate_sweep_medium_r05,0.031222359277307987,0.05755452997982502,4.465295568108559,85.64419933800693,0.023978808894753456,-0.17335879802703857,4.892861843109131,89.61571829764372,0.4859900756097957,3.9715189596367977,1,176,1788599916.2219296
1788599966.841347,50.592000,gate_sweep_medium_r05,0.04235540144145489,0.0713659767061472,4.462004914879799,83.99975755657675,0.027885625138878822,-0.16269253194332123,4.889955997467041,88.37014821498013,0.4879906648544134,4.3703906584033785,1,169,1788599916.2493236
1788599966.882063,50.624000,gate_sweep_medium_r05,0.05239066109061241,0.08348080702126026,4.459696069359779,82.48253960811714,0.037099774926900864,-0.18052427470684052,4.865110397338867,86.96022255689276,0.4840385022998358,4.477682948775628,1,411,1788599916.2580383
1788599966.933958,50.656000,gate_sweep_medium_r05,0.06343591958284378,0.09656321443617344,4.457604184746742,80.80006389105799,0.0421486534178257,-0.16847020387649536,4.857436656951904,85.36201784652019,0.4801685811805788,4.56195395546221,1,250,1788599916.2779408
1788599966.993401,50.692000,gate_sweep_medium_r05,0.07860299199819565,0.11423657275736332,4.455173745751381,78.48936868444936,0.047386277467012405,-0.1537923663854599,4.852790832519531,83.37339980081163,0.4805344349514813,4.88403111636226,1,212,1788599916.3013737
1788599967.043918,50.724000,gate_sweep_medium_r05,0.09175301715731621,0.12943499721586704,4.453305497765541,76.49858701235651,0.05522780865430832,-0.13990037143230438,4.85175085067749,81.47437470875043,0.48232181260872115,4.975787696393926,1,194,1788599916.3198955
1788599967.091268,50.756000,gate_sweep_medium_r05,0.10215512290596962,0.1414614636451006,4.451899781823158,74.93755802004607,0.06326158344745636,-0.12519575655460358,4.849128246307373,79.45679773211283,0.48000961812523246,4.519239712066772,1,181,1788599916.3352473
1788599967.150277,50.788000,gate_sweep_medium_r05,0.12036590650677681,0.1626154575496912,4.449533239006996,72.24236237778615,0.07142121344804764,-0.10914216935634613,4.847253322601318,77.33095089767885,0.4841787434971602,5.088588519892696,1,169,1788599916.3622606
1788599967.192053,50.824000,gate_sweep_medium_r05,0.13570218905806541,0.1805503610521555,4.447522893548012,70.02461696613511,0.10663241893053055,-0.10292822122573853,4.867205619812012,75.028743427668,0.5072856679129975,5.004126461532883,1,390,1788599916.3680348
1788599967.246601,50.856000,gate_sweep_medium_r05,0.15172744169831276,0.199395889416337,4.44536329805851,67.79390869355315,0.11730929464101791,-0.08531451225280762,4.865014553070068,72.82570502633679,0.5082831863225847,5.031796332783645,1,237,1788599916.3905842
1788599967.300289,50.888000,gate_sweep_medium_r05,0.1683008261024952,0.21907334960997105,4.443095460534096,65.56120180633724,0.1258362978696823,-0.0678616389632225,4.861480712890625,70.59476386037622,0.5090983630055892,5.033562054038991,1,205,1788599916.4122686
1788599967.363986,50.920000,gate_sweep_medium_r05,0.1897079087793827,0.24504605866968632,4.440122380852699,62.83351480987277,0.13926096260547638,-0.04450472071766853,4.858052730560303,68.38160281804409,0.5109308421193786,5.548088008171324,1,186,1788599916.4439614
1788599967.407932,50.956000,gate_sweep_medium_r05,0.20286879315972328,0.26141769625246525,4.43828321993351,61.243549168785464,0.23560166358947754,-0.1047806590795517,4.818859100341797,66.8565447917691,0.5291603509362621,5.612995622983634,1,393,1788599916.4519145
1788599967.465548,50.988000,gate_sweep_medium_r05,0.2206644006073475,0.284152427688241,4.435808435082436,59.216668206110946,0.25097227096557617,-0.09503162652254105,4.8113837242126465,64.8290107348964,0.5345614200245076,5.612342528785453,1,235,1788599916.4775336
1788599967.517548,51.020000,gate_sweep_medium_r05,0.23863636329770088,0.30793933011591434,4.433370843529701,57.30576797822123,0.25067707896232605,-0.07471543550491333,4.814613342285156,62.773831531441665,0.5402920426430043,5.46806355322043,1,188,1788599916.4975271
1788599967.580289,51.052000,gate_sweep_medium_r05,0.2611932195723057,0.339178005233407,4.430546060204506,55.13350084443331,0.22701765596866608,-0.046161845326423645,4.817212104797363,60.587386383198385,0.5469601444512978,5.453885538765077,1,167,1788599916.528264
1788599967.627102,51.088000,gate_sweep_medium_r05,0.27920888736844063,0.3653316292911768,4.428504720330238,53.585220554402554,0.2772121727466583,-0.04981458932161331,4.8143310546875,59.0565433891033,0.5667559703976137,5.4713228347007385,1,371,1788599916.5390823
1788599967.688740,51.120000,gate_sweep_medium_r05,0.29262425377964973,0.3856223616749048,4.4271505028009415,52.54927371600534,0.28179630637168884,-0.029035892337560654,4.810689926147461,57.599386674473905,0.5649435381759106,5.050112958468565,1,187,1788599916.5687153
1788599967.736171,51.152000,gate_sweep_medium_r05,0.31479694321751595,0.42060203291475773,4.425297036767006,51.07643198617928,0.2914868891239166,-0.0030762143433094025,4.8187432289123535,56.44787124734579,0.5786592450960999,5.371439261166509,1,382,1788599916.584157
1788599967.790475,51.184000,gate_sweep_medium_r05,0.33221711590886116,0.4497471246868372,4.424246087670326,50.132493311113365,0.30710917711257935,0.021754655987024307,4.812249183654785,55.433452817919495,0.5782338318949207,5.30095950680613,1,299,1788599916.6064548
1788599967.842700,51.220000,gate_sweep_medium_r05,0.3492886610329151,0.479939678683877,4.423558488488197,49.403652428877834,0.3233855068683624,0.04884815961122513,4.808941841125488,54.5283452896418,0.5788187969494405,5.124692860763968,1,265,1788599916.6226733
1788599967.894955,51.252000,gate_sweep_medium_r05,0.37004153802990913,0.5191821847110987,4.423205628991127,48.795043423497305,0.3384135365486145,0.07180649042129517,4.807124614715576,53.94725883004023,0.5903720267074604,5.152215406542923,1,247,1788599916.6429374
1788599967.945614,51.284000,gate_sweep_medium_r05,0.38607456162571907,0.5517966542392969,4.423260942101479,48.54623290995042,0.3516702950000763,0.09663595259189606,4.805288791656494,53.56583582474191,0.5952312119855881,5.019602914791496,1,225,1788599916.6615982
1788599967.999020,51.316000,gate_sweep_medium_r05,0.3977466709911823,0.5769364032894373,4.4234578758478165,48.49288147397941,0.36478450894355774,0.11927087604999542,4.803957939147949,53.38839849384748,0.5960910476777983,4.89551701986807,1,210,1788599916.6830053
1788599968.055678,51.352000,gate_sweep_medium_r05,0.4166010208427906,0.6200397405773401,4.424018636345863,48.64823524986184,0.37797343730926514,0.14789456129074097,4.800533294677734,53.40935830847526,0.6051251510819724,4.761123058613422,1,197,1788599916.7036562
1788599968.108301,51.384000,gate_sweep_medium_r05,0.4311381168663502,0.6555579695850611,4.424634709954262,48.97339921398665,0.39236509799957275,0.17554296553134918,4.7985053062438965,53.62809997931299,0.6096695612204168,4.654700765326339,1,190,1788599916.7242846
1788599968.160666,51.416000,gate_sweep_medium_r05,0.44533445313572884,0.691817382350564,4.425341382622719,49.46217927684999,0.4056371748447418,0.20415742695331573,4.793935775756836,53.99017966574872,0.6125764708603052,4.528000388898733,1,178,1788599916.7446485
1788599968.217790,51.448000,gate_sweep_medium_r05,0.4625932462513447,0.738123694434762,4.426332727074623,50.27559076826568,0.41203293204307556,0.235458642244339,4.792342662811279,54.49051216832625,0.623852364846356,4.214921400060566,1,160,1788599916.7697694
1788599968.262642,51.484000,gate_sweep_medium_r05,0.47608502581715584,0.77588907815516,4.427184835076332,51.069955055542295,0.43892702460289,0.2721952795982361,4.7832794189453125,55.47814892263823,0.6179737149909895,4.408193867095944,1,385,1788599916.7786202
1788599968.313393,51.516000,gate_sweep_medium_r05,0.4860149510204792,0.8045786414295435,4.4278571754693985,51.73578501075741,0.4584182798862457,0.3058817386627197,4.771289825439453,56.30293336083863,0.6061403815555997,4.567148350081214,1,298,1788599916.7973742
1788599968.371043,51.548000,gate_sweep_medium_r05,0.49903490021824837,0.8432499561458826,4.4287679344415665,52.70192469380057,0.472793310880661,0.3343345820903778,4.769775390625,57.213943709676194,0.6131635704554808,4.512019015875624,1,234,1788599916.8230226
1788599968.428454,51.580000,gate_sweep_medium_r05,0.5150261707603931,0.8922220263630152,4.429888024926186,54.00887398692838,0.4859026074409485,0.3619125187397003,4.76554536819458,58.19745694401397,0.6282851326476707,4.1885829570855915,1,211,1788599916.8484259
1788599968.478313,51.616000,gate_sweep_medium_r05,0.5276673622429371,0.9318851623684168,4.430738225579262,55.10903055105537,0.4996644854545593,0.3886984884738922,4.762575149536133,59.380620792361476,0.6371433652689007,4.271590241306111,1,195,1788599916.8622913
1788599968.539292,51.648000,gate_sweep_medium_r05,0.5402238555252552,0.9718799982219934,4.431558385491371,56.236477407547696,0.5027194023132324,0.4207514524459839,4.760406494140625,60.44734672726227,0.6428766106665441,4.210869319714573,1,170,1788599916.891265
1788599968.584275,51.680000,gate_sweep_medium_r05,0.5496657676994801,1.002030411735177,4.4321558624506,57.08956676151245,0.47670871019363403,0.40786871314048767,4.78720235824585,61.41853523771625,0.6959948782091174,4.328968476203799,1,385,1788599916.9042556
1788599968.638787,51.712000,gate_sweep_medium_r05,0.5654105134308338,1.0525060687214136,4.433163896203041,58.50419274308872,0.4825824201107025,0.4106788635253906,4.795646667480469,62.5261767705426,0.7417522590769442,4.021984027453874,1,250,1788599916.9267688
1788599968.691062,51.748000,gate_sweep_medium_r05,0.578047651797533,1.0929562840610743,4.43402935564518,59.610811261030726,0.5035620927810669,0.4396064877510071,4.790528774261475,63.799859908402475,0.7480012635779153,4.189048647371749,1,218,1788599916.943041
1788599968.742527,51.780000,gate_sweep_medium_r05,0.5907552428543568,1.133443096652627,4.434986844658852,60.67931547183427,0.519768476486206,0.469288170337677,4.786292552947998,64.87411925443489,0.7546897295076712,4.1948037826006095,1,184,1788599916.9625077
1788599968.801637,51.812000,gate_sweep_medium_r05,0.6068360395729542,1.1840417180210352,4.436382547020912,61.942848307832406,0.5224739909172058,0.49857810139656067,4.779911994934082,65.85863539618015,0.7713558235683625,3.915787088347749,1,173,1788599916.9896119
1788599968.846198,51.844000,gate_sweep_medium_r05,0.6198923178017139,1.2244672570377588,4.437680020928383,62.8818945843761,0.4899725615978241,0.5099191665649414,4.8257927894592285,66.63207206778823,0.8234619831826516,3.750177483412133,1,371,1788599917.0021808
1788599968.901171,51.880000,gate_sweep_medium_r05,0.6298124976456165,1.2547371182590723,4.438786759972572,63.539456236704964,0.4905858039855957,0.5271556973457336,4.831932544708252,67.59867685428675,0.8386431925087138,4.059220617581784,1,281,1788599917.021143
1788599968.951112,51.912000,gate_sweep_medium_r05,0.6467113085091114,1.3049798998981714,4.440955892205238,64.5352523012773,0.5075513124465942,0.5438255667686462,4.823235988616943,68.44571766901967,0.8630524291481454,3.9104653677423657,1,228,1788599917.039097
1788599969.006794,51.944000,gate_sweep_medium_r05,0.6606375761330128,1.3449712786823511,4.442885652184486,65.23545604006883,0.5205143690109253,0.5674638748168945,4.8170671463012695,69.17964490325514,0.8741647823947438,3.9441888631863113,1,209,1788599917.0627773
1788599969.059112,51.976000,gate_sweep_medium_r05,0.6749553270637989,1.3847535643726587,4.445054784417152,65.84343316993143,0.5317628383636475,0.5901131629943848,4.81276798248291,69.82568728511882,0.8872262689723037,3.982254115187389,1,200,1788599917.0830946
1788599969.110199,52.012000,gate_sweep_medium_r05,0.6934328861534595,1.4341276679188013,4.44806744158268,66.47153625068115,0.5443872213363647,0.6165587306022644,4.811526298522949,70.44052606872714,0.9070479139240597,3.9689898180459724,1,193,1788599917.0981817
1788599969.162402,52.044000,gate_sweep_medium_r05,0.7086812444031239,1.473285773769021,4.450700059533119,66.86580115886463,0.5510005950927734,0.6401869654655457,4.8105244636535645,70.84987401422042,0.9210811111754698,3.9840728553557954,1,184,1788599917.118375
1788599969.222225,52.076000,gate_sweep_medium_r05,0.7203838415443897,1.502452353015542,4.452831044793129,67.0996526419865,0.5471977591514587,0.6749876141548157,4.807031154632568,71.14410260090192,0.9165964384628232,4.044449958915417,1,178,1788599917.146201
1788599969.269327,52.108000,gate_sweep_medium_r05,0.7404051013290882,1.5506890807300806,4.456648603081703,67.37293487480012,0.5535856485366821,0.7482277154922485,4.84993314743042,71.37418586976477,0.9129723344464481,4.001250994964651,1,372,1788599917.161304
1788599969.320091,52.144000,gate_sweep_medium_r05,0.7568962164223194,1.5889178309589624,4.4599664360284805,67.49482680611108,0.5711026191711426,0.7850610613822937,4.845853805541992,71.54696008375379,0.9108315040246618,4.052133277642718,1,240,1788599917.1760628
1788599969.370430,52.176000,gate_sweep_medium_r05,0.7738244123756886,1.6268297228962183,4.4634430557489395,67.53380829209053,0.5893126726150513,0.8134155869483948,4.840195655822754,71.64010764329566,0.9152210991512494,4.106299351205139,1,226,1788599917.1944115
1788599969.423103,52.208000,gate_sweep_medium_r05,0.7911417074501514,1.6644573006778955,4.467021241784096,67.5003282862588,0.6050488948822021,0.8418945670127869,4.837214469909668,71.64061753934199,0.9210228074559818,4.140289253083194,1,217,1788599917.2150853
1788599969.481914,52.240000,gate_sweep_medium_r05,0.8133003301918507,1.7110687289386988,4.471606984734535,67.36869179761041,0.6180258393287659,0.8704007267951965,4.83454704284668,71.55886609183777,0.9362586727994734,4.190174294227358,1,214,1788599917.2418919
1788599969.526474,52.276000,gate_sweep_medium_r05,0.8267948813736439,1.738837817683816,4.47442127764225,67.2534576681621,0.6247951984405518,0.8915202021598816,4.845024585723877,71.40205422108619,0.9466244373790912,4.148596552924093,1,211,1788599917.2504573
1788599969.581019,52.308000,gate_sweep_medium_r05,0.8450119681656361,1.775661924853921,4.478278890252113,67.06743607692611,0.6351154446601868,0.9145068526268005,4.849969863891602,71.20969932481752,0.9611445202919493,4.142263247891402,1,200,1788599917.2729998
1788599969.633624,52.340000,gate_sweep_medium_r05,0.8634463138878345,1.8122660908848047,4.482172265648842,66.85715301405358,0.6479777693748474,0.9371310472488403,4.854169845581055,71.01020116249614,0.9750231985700081,4.1530481484425685,1,195,1788599917.2935631
1788599969.684682,52.372000,gate_sweep_medium_r05,0.8867507167160511,1.8577359709888697,4.487108960747719,66.58178447517673,0.6614500880241394,0.9616785049438477,4.855653762817383,70.78471334902282,0.9947384715977181,4.202928873846082,1,191,1788599917.3126595
1788599969.733559,52.408000,gate_sweep_medium_r05,0.9055403061211109,1.89391646720469,4.491146817803383,66.36586552884614,0.6779187917709351,0.988068699836731,4.857079029083252,70.5307768292527,1.003134145911083,4.16491130040657,1,190,1788599917.3255403
1788599969.792475,52.440000,gate_sweep_medium_r05,0.9196730442345142,1.920943597331643,4.494202867150307,66.21531801816515,0.69022536277771,1.0114240646362305,4.860816478729248,70.2995888655738,1.0071134787477227,4.0842708474086455,1,187,1788599917.3524542
1788599969.840622,52.472000,gate_sweep_medium_r05,0.9432305879890919,1.9658261332660913,4.4992611557245255,65.9974723219423,0.7030870318412781,1.0354030132293701,4.862864971160889,70.10215638773035,1.0274063677328782,4.104684065788052,1,182,1788599917.3686044
1788599969.890813,52.504000,gate_sweep_medium_r05,0.9619968123733997,2.0015635285526514,4.503258481621742,65.86491981993643,0.7183780670166016,1.0591789484024048,4.8648176193237305,69.94815743431124,1.0383466666051286,4.08323761437481,1,182,1788599917.3867924
1788599969.951928,52.540000,gate_sweep_medium_r05,0.9806436486542225,2.0371641907840967,4.5071795135736465,65.77495952441893,0.7245714664459229,1.0915472507476807,4.86829948425293,69.79753079187893,1.0441130173540418,4.022571267459986,1,179,1788599917.4119122
1788599969.996588,52.572000,gate_sweep_medium_r05,1.0037406273186207,2.081534842029214,4.511927381157875,65.73379036336837,0.7528880834579468,1.187945008277893,4.892948627471924,69.68829294259338,1.00329805137247,3.9545025792250095,1,395,1788599917.4245706
1788599970.044745,52.604000,gate_sweep_medium_r05,1.021993238478899,2.1169550213962793,4.515555635094643,65.7607338936314,0.7726783752441406,1.2319494485855103,4.894730091094971,69.66322420611588,0.9945682646349764,3.9024903124844954,1,343,1788599917.4407268
1788599970.099217,52.636000,gate_sweep_medium_r05,1.0355063267052174,2.1434662137180567,4.51818872988224,65.81660041934985,0.7866010665893555,1.264365315437317,4.895026683807373,69.68653542508659,0.9883213350878494,3.8699350057367266,1,290,1788599917.4631977
1788599970.150799,52.672000,gate_sweep_medium_r05,1.057616788893938,2.187532404437661,4.522474065423012,65.97404011791832,0.8068679571151733,1.2965091466903687,4.895166873931885,69.79951100523556,0.9978463569103436,3.825470887317231,1,281,1788599917.47878
1788599970.198385,52.704000,gate_sweep_medium_r05,1.0748704262077808,2.222615936771035,4.525854364037514,66.15975504330271,0.8240060806274414,1.328941822052002,4.89275598526001,69.94584543090345,0.9980997659843407,3.7860903876007415,1,272,1788599917.4943666
1788599970.251089,52.736000,gate_sweep_medium_r05,1.091793853789568,2.25753734447062,4.529137387871742,66.3915684699324,0.8407317996025085,1.3583840131759644,4.891043663024902,70.14888575706071,1.0012417391550044,3.757317287128311,1,267,1788599917.5150692
1788599970.303419,52.768000,gate_sweep_medium_r05,1.1123761720955372,2.300918558612466,4.533129468560219,66.74081881985026,0.8558893203735352,1.386912226676941,4.8913164138793945,70.3935987668618,1.0146383433133106,3.652779947011542,1,256,1788599917.5354006
1788599970.358034,52.804000,gate_sweep_medium_r05,1.1283877678215504,2.335342863574624,4.536233678460121,67.06080475614733,0.8708240985870361,1.4247623682022095,4.888600826263428,70.68898679769218,1.0097814065990993,3.6281820415448407,1,250,1788599917.5540133
1788599970.406772,52.836000,gate_sweep_medium_r05,1.1401402540504932,2.36098668910563,4.538493886590004,67.3209149419448,0.882341206073761,1.452633261680603,4.886986255645752,71.00806744847851,1.0064855833754354,3.687152506533711,1,242,1788599917.5707557
1788599970.458777,52.868000,gate_sweep_medium_r05,1.1554940529167652,2.3949262890964746,4.541412129998207,67.68882516946995,0.8959397673606873,1.480836033821106,4.886014938354492,71.35026213302551,1.0107821315530627,3.66143696355556,1,235,1788599917.5907595
1788599970.508452,52.900000,gate_sweep_medium_r05,1.1741636581718922,2.4368972573429346,4.54503370821476,68.17298101469538,0.9097433090209961,1.5088242292404175,4.885023593902588,71.71080761870286,1.0231474912770298,3.5378266040074737,1,229,1788599917.608435
1788599970.557981,52.936000,gate_sweep_medium_r05,1.1887232847511768,2.4700460229068995,4.547837987542152,68.5695312217931,0.9192812442779541,1.5365195274353027,4.885199546813965,72.12034761377717,1.028534662807318,3.550816391984081,1,220,1788599917.6219585
1788599970.608201,52.968000,gate_sweep_medium_r05,1.2029746361076832,2.5028214249759912,4.5505612045526505,68.9655644958852,0.923251748085022,1.5544006824493408,4.893571853637695,72.48746851565218,1.046615069796095,3.5219040197669758,1,212,1788599917.6401842
1788599970.658041,53.000000,gate_sweep_medium_r05,1.2134949751198292,2.5271677765995264,4.552545323967934,69.25826803336058,0.9251632690429688,1.5699515342712402,4.903738975524902,72.85492413782141,1.0595919441937045,3.5966561044608287,1,189,1788599917.6580236
1788599970.718590,53.032000,gate_sweep_medium_r05,1.2306423969566822,2.567161301150918,4.555696740746498,69.72661377947264,0.9218294620513916,1.596282720565796,4.908876895904541,73.20186776924169,1.07828886157711,3.4752539897690458,1,167,1788599917.686556
1788599970.765159,53.068000,gate_sweep_medium_r05,1.2440201826393604,2.598607996478677,4.5580475479364395,70.07606248117922,0.9513564705848694,1.6890264749526978,4.932896137237549,73.56862297020457,1.026402483217992,3.4925604890253528,1,386,1788599917.6971397
1788599970.812027,53.100000,gate_sweep_medium_r05,1.2571217603981495,2.6295165810734034,4.560289636254311,70.39401468402318,0.964743435382843,1.7286258935928345,4.934185028076172,73.8871290754329,1.0182764260030728,3.4931143914097174,1,342,1788599917.7120075
1788599970.862477,53.132000,gate_sweep_medium_r05,1.273167211562395,2.6673381123691797,4.562891736626625,70.74306731377133,0.974526047706604,1.7623482942581177,4.93505859375,74.15643509069552,1.0230842023875284,3.413367776924191,1,301,1788599917.7304554
1788599970.915128,53.164000,gate_sweep_medium_r05,1.2857640571892262,2.6968924794346094,4.564871564507484,70.9751664014473,0.9837877750396729,1.7949786186218262,4.935026168823242,74.39102045586822,1.020613892911145,3.415854054420928,1,293,1788599917.7510927
1788599970.962702,53.200000,gate_sweep_medium_r05,1.2950754947960377,2.7186307702213526,4.5663716942071915,71.11930582567375,0.9957523345947266,1.8308814764022827,4.934055805206299,74.61311965543709,1.0064217646644775,3.4938138297633463,1,286,1788599917.7626836
1788599971.010409,53.232000,gate_sweep_medium_r05,1.3103321380913258,2.754016140475869,4.568732514977455,71.29539165563976,1.0061750411987305,1.8607654571533203,4.9357686042785645,74.7556160311953,1.0124839819452869,3.460224375555542,1,276,1788599917.7783916
1788599971.063828,53.264000,gate_sweep_medium_r05,1.3222952671349049,2.7815582547336817,4.570516839623451,71.37862162140482,1.019788146018982,1.88715660572052,4.937169075012207,74.8606156744665,1.0128665903261287,3.481994053061686,1,270,1788599917.799811
1788599971.114094,53.296000,gate_sweep_medium_r05,1.3340617008507252,2.808353880420327,4.572283044457436,71.40566652460043,1.0314240455627441,1.915986180305481,4.9371232986450195,74.90015841096049,1.0104543897089704,3.4944918863600534,1,261,1788599917.8180778
1788599971.162100,53.332000,gate_sweep_medium_r05,1.3484966345131397,2.8408398423343897,4.574414506554604,71.36893508803145,1.0404222011566162,1.9494030475616455,4.936871528625488,74.8615255257173,1.0104179869792205,3.4925904376858483,1,259,1788599917.8300838
1788599971.214003,53.364000,gate_sweep_medium_r05,1.3598796911537647,2.8659441266208887,4.5760882049798965,71.28542658855147,1.05080246925354,1.9739915132522583,4.938605785369873,74.7908605312238,1.011200865152168,3.505433942672318,1,254,1788599917.8499851
1788599971.264422,53.396000,gate_sweep_medium_r05,1.3683118410408497,2.884252527728677,4.5773627907037735,71.19914175972923,1.062169075012207,1.99741530418396,4.939783573150635,74.6745409383337,1.0057596521065881,3.475399178604468,1,249,1788599917.8684013
1788599971.315672,53.428000,gate_sweep_medium_r05,1.3822143860161304,2.9138257298618555,4.579493775963783,71.0145838883606,1.0744283199310303,2.022634744644165,4.939533710479736,74.51502272079553,1.0092484278192715,3.5004388324349236,1,249,1788599917.8876545
1788599971.368257,53.464000,gate_sweep_medium_r05,1.3931486196815968,2.936710575595498,4.581207051873207,70.8474801691366,1.088230848312378,2.0473155975341797,4.941190719604492,74.30694288739183,1.006770338920815,3.459462718255235,1,248,1788599917.9042335
1788599971.420128,53.496000,gate_sweep_medium_r05,1.4039682932198048,2.958947876468301,4.583018556237221,70.67852128715283,1.0994768142700195,2.070343494415283,4.9413161277771,74.10167774579236,1.0053407175322342,3.4231564586395367,1,244,1788599917.9241085
1788599971.467906,53.528000,gate_sweep_medium_r05,1.4146645851433277,2.980629662051797,4.584858193993568,70.52667748171834,1.1100869178771973,2.0900752544403076,4.94434928894043,73.89652972769731,1.007516032457857,3.3698522459789784,1,242,1788599917.9398844
1788599971.519598,53.560000,gate_sweep_medium_r05,1.4278809614479542,3.0070171151310205,4.587207570672035,70.38838218776787,1.1223630905151367,2.108426809310913,4.947634696960449,73.72171380873216,1.0152405727401363,3.333331620964282,1,241,1788599917.9595802
1788599971.569541,53.596000,gate_sweep_medium_r05,1.4357177801430225,3.0225386414676905,4.588672891259193,70.3474031379956,1.1378536224365234,2.1287195682525635,4.950405120849609,73.58084599647846,1.0092005737284357,3.233442858482851,1,239,1788599917.9735215
1788599971.622367,53.628000,gate_sweep_medium_r05,1.4460361786186695,3.0428890977054834,4.590692773461342,70.35718417024668,1.1490507125854492,2.1434550285339355,4.9550933837890625,73.51981504398724,1.0148742861205386,3.1626308737405577,1,238,1788599917.994348
1788599971.674340,53.660000,gate_sweep_medium_r05,1.456205327063799,3.0628828797489405,4.592788949608803,70.45278877026131,1.1617387533187866,2.15622615814209,4.958092212677002,73.53565373052328,1.0208738648316367,3.0828649602619635,1,234,1788599918.0143127
1788599971.726165,53.692000,gate_sweep_medium_r05,1.4686899967491627,3.0874495301395655,4.5955183655023575,70.71451778951936,1.1741610765457153,2.1691534519195557,4.962048053741455,73.6378042678914,1.0316777522420018,2.9232864783720394,1,230,1788599918.03415
1788599971.773049,53.728000,gate_sweep_medium_r05,1.4784887619316578,3.1068239007145166,4.597834840416908,71.04486195598471,1.1907241344451904,2.1870217323303223,4.966448783874512,73.88961795365117,1.031853065658118,2.844755997666443,1,223,1788599918.0450337
1788599971.823574,53.760000,gate_sweep_medium_r05,1.485672552138567,3.121224859729409,4.599649682641029,71.3671474664357,1.2009154558181763,2.2017176151275635,4.970057964324951,74.21695471633973,1.0313983090543315,2.849807249904032,1,213,1788599918.063551
1788599971.875448,53.792000,gate_sweep_medium_r05,1.4972168989479542,3.145070532336831,4.602770581841469,72.04210435387586,1.2129935026168823,2.216674566268921,4.971278667449951,74.6632202658205,1.0385086508989543,2.6211159119446394,1,211,1788599918.0834324
1788599971.927419,53.824000,gate_sweep_medium_r05,1.5060457773506641,3.1640481743961573,4.605344071984291,72.70310951044141,1.2228310108184814,2.23282527923584,4.972721576690674,75.21672119788869,1.0403619155932855,2.5136116874472774,1,206,1788599918.1033986
1788599971.977964,53.860000,gate_sweep_medium_r05,1.514519888907671,3.1829459462314844,4.607987657189369,73.45932050631771,1.232147455215454,2.246645450592041,4.974275588989258,75.95552604308944,1.0442986442709636,2.4962055367717215,1,204,1788599918.1179302
1788599972.027574,53.892000,gate_sweep_medium_r05,1.5245928354561329,3.206534603610635,4.611366048455238,74.52772717299146,1.244255542755127,2.258833885192871,4.973057746887207,76.73057934558538,1.0524003677703069,2.2028521725939147,1,201,1788599918.1355586
1788599972.077094,53.924000,gate_sweep_medium_r05,1.5322647877037525,3.225352743640542,4.6141293197870255,75.46161226415225,1.2546154260635376,2.276714324951172,4.9712018966674805,77.57341745544768,1.0509542533301515,2.111805191295424,1,193,1788599918.153078
1788599972.127320,53.956000,gate_sweep_medium_r05,1.5377842970192432,3.2394790444523096,4.616204038262367,76.19867437224114,1.2625714540481567,2.2904717922210693,4.973469257354736,78.49362707808032,1.0507118113435459,2.2949527058391763,1,185,1788599918.171298
1788599972.179537,53.992000,gate_sweep_medium_r05,1.5465201921761036,3.2630998883396387,4.619724050164223,77.47591419840725,1.2774658203125,2.3060169219970703,4.974255084991455,79.60858640716759,1.0555047674632627,2.132672208760338,1,183,1788599918.187518
1788599972.229547,54.024000,gate_sweep_medium_r05,1.5530886240303516,3.2821326050907373,4.622508302330971,78.5231619749318,1.286470651626587,2.3194198608398438,4.976236820220947,80.62383223875727,1.0597286612715637,2.1006702638254837,1,181,1788599918.2055252
1788599972.276504,54.056000,gate_sweep_medium_r05,1.5592617578804493,3.301283100619912,4.6252191215753555,79.5726070251318,1.2924449443817139,2.332432985305786,4.978331565856934,81.63709640557872,1.065152644561485,2.064489380446909,1,174,1788599918.2204883
1788599972.326708,54.088000,gate_sweep_medium_r05,1.5664685554802418,3.325379589572549,4.628520265221596,80.85888732371845,1.2990784645080566,2.3456547260284424,4.982112884521484,82.64988538935019,1.075353899616302,1.7909980656317308,1,170,1788599918.2386906
1788599972.377889,54.124000,gate_sweep_medium_r05,1.5718760080635548,3.3447670731693506,4.631156221032143,81.84727703126983,1.29881751537323,2.3605711460113525,4.98683500289917,83.74088576570054,1.0815313029843918,1.893608734430712,1,168,1788599918.2538707
1788599972.432147,54.156000,gate_sweep_medium_r05,1.5757503099739552,3.359372118487954,4.633138909935951,82.55298648597925,1.2920478582382202,2.377365827560425,4.992016792297363,84.6625950946331,1.0833359455821274,2.1096086086538546,1,164,1788599918.2761304
1788599972.469932,54.188000,gate_sweep_medium_r05,1.580674011260271,3.378952005878091,4.635824933648109,83.43508082810727,1.295905351638794,2.3968706130981445,5.006050109863281,85.606976994647,1.0874942448816762,2.171896166539716,1,377,1788599918.2819095
1788599972.517422,54.220000,gate_sweep_medium_r05,1.5864808149635792,3.403702000156045,4.639346852898598,84.4182337470606,1.3006703853607178,2.418577194213867,5.011828422546387,86.42226185958518,1.0912841081403442,2.0040281125245913,1,333,1788599918.2974048
1788599972.567808,54.256000,gate_sweep_medium_r05,1.5908730812370777,3.423804024234414,4.642353311181068,85.0932731362074,1.3012232780456543,2.441174268722534,5.01347541809082,87.21274515845363,1.0895824260437117,2.1194720222462307,1,308,1788599918.311791
1788599972.618446,54.288000,gate_sweep_medium_r05,1.5950761623680592,3.4442140851169825,4.645552411675453,85.65612419918682,1.3025553226470947,2.460604667663574,5.015013694763184,87.80815342722421,1.0906684039958816,2.152029228037388,1,300,1788599918.3304217
1788599972.663967,54.320000,gate_sweep_medium_r05,1.5981145687401295,3.459722736850381,4.64801050722599,85.99945103958788,1.3027762174606323,2.4827592372894287,5.014565467834473,88.29184652663292,1.0844560665870981,2.292395487045045,1,291,1788599918.3439505
1788599972.712320,54.352000,gate_sweep_medium_r05,1.6030401773750782,3.4859828744083643,4.652207151055336,86.41423016295997,1.3051354885101318,2.5058672428131104,5.014614582061768,88.66457138574442,1.0866061848681727,2.250341222784446,1,288,1788599918.360302
1788599972.761585,54.388000,gate_sweep_medium_r05,1.606869537383318,3.5073976311832666,4.655651822686195,86.59685395140762,1.3089646100997925,2.5308051109313965,5.015832901000977,88.93720643890248,1.0826867993504403,2.340352487494862,1,284,1788599918.373563
1788599972.807571,54.420000,gate_sweep_medium_r05,1.6106066294014454,3.5291745457798243,4.659136071801186,86.6459031989504,1.3100520372390747,2.5515878200531006,5.016534328460693,89.0355223356033,1.0833939186880461,2.389619136652887,1,277,1788599918.3875532
1788599972.859801,54.452000,gate_sweep_medium_r05,1.6152402944862843,3.556895950809121,4.6635420471429825,86.51907857645939,1.3131335973739624,2.57423996925354,5.018069267272949,89.00979628804139,1.0874607047338127,2.490717711581983,1,277,1788599918.407785
1788599972.908595,54.484000,gate_sweep_medium_r05,1.6189529486000538,3.579448441043496,4.667063012719154,86.2704894711256,1.3146451711654663,2.5974364280700684,5.019598007202148,88.85152532288372,1.0868448552421945,2.581035851758117,1,274,1788599918.4245808
1788599972.958439,54.520000,gate_sweep_medium_r05,1.6217908449470997,3.596582153812051,4.669690385460854,86.00211842539112,1.3191314935684204,2.6259806156158447,5.016338348388672,88.54275381181624,1.074167044331472,2.540635386425116,1,271,1788599918.4384198
1788599973.009044,54.552000,gate_sweep_medium_r05,1.6266864128410816,3.625536659732461,4.674027219414711,85.40405118920815,1.3206335306167603,2.64980149269104,5.016837120056152,88.11900692614468,1.0785388777864982,2.7149557369365267,1,259,1788599918.4570236
1788599973.059670,54.584000,gate_sweep_medium_r05,1.6307622976601124,3.649039963260293,4.67742420732975,84.79635287363834,1.3219215869903564,2.6720187664031982,5.0206098556518555,87.57369024450293,1.080615284404831,2.777337370864581,1,256,1788599918.4756477
1788599973.107592,54.616000,gate_sweep_medium_r05,1.6350220032036304,3.672815540805459,4.68073345720768,84.08478583077446,1.3222616910934448,2.6941115856170654,5.022322654724121,86.9169049881833,1.082757417242012,2.832119157408841,1,255,1788599918.4915729
1788599973.157274,54.652000,gate_sweep_medium_r05,1.6405716724693775,3.702884892001748,4.684703603386879,83.06451218490201,1.3225663900375366,2.7214062213897705,5.025424957275391,86.05789061975679,1.0865168114283508,2.9933784348547774,1,253,1788599918.50526
1788599973.205166,54.684000,gate_sweep_medium_r05,1.6451590843498707,3.7272453103214502,4.687792077660561,82.15543631191993,1.3245370388031006,2.7450063228607178,5.027562141418457,85.20614863846664,1.0876744093728257,3.0507123265467144,1,250,1788599918.521146
1788599973.259233,54.716000,gate_sweep_medium_r05,1.6486931629478931,3.745710352435708,4.689989820122719,81.42580556323975,1.3267908096313477,2.766582727432251,5.031156063079834,84.27662156794642,1.0856824749663752,2.8508160047066697,1,247,1788599918.5432172
1788599973.307282,54.748000,gate_sweep_medium_r05,1.6547005958855152,3.776894310489297,4.693407788872719,80.13283926123559,1.3262336254119873,2.7873730659484863,5.033712387084961,83.27066089915184,1.0967452136453788,3.1378216379162374,1,246,1788599918.5592632
1788599973.361113,54.784000,gate_sweep_medium_r05,1.6596388407051563,3.802205542102456,4.695937409996986,79.04498033896492,1.325490117073059,2.8118293285369873,5.035965919494629,82.07402517390693,1.0991450319099947,3.029044834942016,1,243,1788599918.5770922
1788599973.408740,54.816000,gate_sweep_medium_r05,1.664679367095232,3.8277680668979883,4.6982968002557755,77.92036173373297,1.3282045125961304,2.835827112197876,5.037944316864014,80.97815874747519,1.1011460488326268,3.0577970137422144,1,236,1788599918.5927155
1788599973.458112,54.848000,gate_sweep_medium_r05,1.6697645969688892,3.853549698367715,4.700492635369301,76.77090137382486,1.3306187391281128,2.860264301300049,5.0384979248046875,79.84687366655056,1.1026710155820396,3.0759722927256967,1,233,1788599918.61009
1788599973.510022,54.880000,gate_sweep_medium_r05,1.6762094087898731,3.8860666546970606,4.702973619103432,75.31600176641496,1.3332880735397339,2.884939432144165,5.040247917175293,78.6977820447691,1.1106775905032387,3.3817802783541393,1,231,1788599918.630001
1788599973.563776,54.916000,gate_sweep_medium_r05,1.6800810880959034,3.9057178292423487,4.704342618584633,74.44127430727113,1.3341277837753296,2.9142541885375977,5.041919708251953,77.37679217436356,1.103015018518833,2.935517867092427,1,225,1788599918.6477501
1788599973.611913,54.948000,gate_sweep_medium_r05,1.685208398848772,3.932076910510659,4.706083074212074,73.28051690262686,1.3374781608581543,2.9388391971588135,5.044013977050781,76.22282893246744,1.1052758790142843,2.94231202984059,1,219,1788599918.6638951
1788599973.665830,54.980000,gate_sweep_medium_r05,1.6903039999306202,3.9586088452488184,4.707817807793617,72.13605037333001,1.340948462486267,2.963296413421631,5.046010971069336,75.0851385132225,1.1077322529290279,2.9490881398925004,1,213,1788599918.6858137
1788599973.717610,55.012000,gate_sweep_medium_r05,1.6966067142784595,3.991998651996255,4.7099616676568985,70.73919434012123,1.34501314163208,2.985775947570801,5.049894332885742,73.97152585316532,1.1187745028007676,3.232331513044076,1,206,1788599918.7055867
1788599973.767359,55.048000,gate_sweep_medium_r05,1.7015600986778736,4.018880346789956,4.711556687951088,69.65813800572118,1.3449898958206177,3.0141894817352295,5.052423477172852,72.72717303358742,1.1192569909919856,3.069035027866227,1,201,1788599918.7193415
1788599973.821086,55.080000,gate_sweep_medium_r05,1.7052113600075245,4.039108732715249,4.71269728243351,68.87155748543378,1.3461015224456787,3.040449857711792,5.052886486053467,71.66243422452025,1.1144541795499923,2.7908767390864653,1,196,1788599918.7410588
1788599973.878808,55.112000,gate_sweep_medium_r05,1.7111233063042164,4.072982767596841,4.714579358696938,67.61731577540145,1.350921392440796,3.065124273300171,5.054782867431641,70.66049916318347,1.1230594777803289,3.043183387782023,1,191,1788599918.766789
1788599973.933451,55.144000,gate_sweep_medium_r05,1.7156982012093067,4.100223043933511,4.716062322258949,66.6679534379594,1.3539103269577026,3.0871317386627197,5.057258605957031,69.70780480496259,1.1285651787912614,3.039851367003185,1,183,1788599918.7894301
1788599973.991336,55.180000,gate_sweep_medium_r05,1.7201323099434376,4.12761733867228,4.717554345726967,65.77022163075225,1.3534471988677979,3.112572193145752,5.061014175415039,68.68981115263253,1.132580801863993,2.9195895218802836,1,176,1788599918.8113048
1788599974.040074,55.212000,gate_sweep_medium_r05,1.725560862571001,4.162085512652993,4.719491735100746,64.7226859043923,1.3555408716201782,3.1167707443237305,5.074258804321289,67.75385995190231,1.1642411399679367,3.031174047510007,1,401,1788599918.8280559
1788599974.094798,55.244000,gate_sweep_medium_r05,1.7298901863396168,4.189868429675698,4.72116257250309,63.948013813722305,1.3573055267333984,3.1427206993103027,5.077904224395752,66.93730853565009,1.167305574379899,2.989294721927784,1,364,1788599918.8507807
1788599974.155591,55.276000,gate_sweep_medium_r05,1.733131367713213,4.210776308551431,4.72247339785099,63.40384460098304,1.3609554767608643,3.1701786518096924,5.07890510559082,66.19323876513553,1.161207104398222,2.7893941641524855,1,337,1788599918.8795762
1788599974.208423,55.312000,gate_sweep_medium_r05,1.73854835703969,4.245735147967935,4.724689736962318,62.568300060760144,1.3639755249023438,3.2010750770568848,5.079344272613525,65.42238647176978,1.165074808752316,2.8540864110096464,1,326,1788599918.8964043
1788599974.259898,55.344000,gate_sweep_medium_r05,1.7429754324257374,4.273791769519448,4.7263801246881485,61.96250034094586,1.3687231540679932,3.2269487380981445,5.080313682556152,64.80783853587164,1.166710788360342,2.8453381949257786,1,314,1788599918.9158764
1788599974.313126,55.376000,gate_sweep_medium_r05,1.7474646158516407,4.301884153857827,4.728048101067543,61.41088048107541,1.3700289726257324,3.255547285079956,5.080515384674072,64.22782003880705,1.1668383323126648,2.8169395577316476,1,308,1788599918.9370947
1788599974.363406,55.408000,gate_sweep_medium_r05,1.7532096691429615,4.336989859119058,4.730002656579018,60.79305791532352,1.3730734586715698,3.2833664417266846,5.08140754699707,63.70982190497706,1.1739298280556878,2.916763989653541,1,295,1788599918.9553878
1788599974.415303,55.444000,gate_sweep_medium_r05,1.7579271383583546,4.365030268207192,4.731404557824135,60.35296603759162,1.3779349327087402,3.3147523403167725,5.082233905792236,63.193257646814814,1.170708774018533,2.8402916092231956,1,289,1788599918.9712849
1788599974.466100,55.476000,gate_sweep_medium_r05,1.7615117616951466,4.386006811633706,4.732404008507729,60.05374283987832,1.3819750547409058,3.3432364463806152,5.081844806671143,62.780142029318064,1.163411800695187,2.726399189439746,1,281,1788599918.990074
1788599974.517254,55.508000,gate_sweep_medium_r05,1.7663573808968067,4.413900354877114,4.733718648552895,59.69798266638377,1.3853833675384521,3.3718135356903076,5.082609176635742,62.40819031657074,1.1631039240597447,2.7102076501869656,1,276,1788599919.009239
1788599974.573732,55.540000,gate_sweep_medium_r05,1.772589284926653,4.4486322198063135,4.735400453209877,59.328716031260235,1.3892979621887207,3.3998138904571533,5.0831828117370605,62.08606217391972,1.1695660284770961,2.757346142659488,1,267,1788599919.0337152
1788599974.625611,55.576000,gate_sweep_medium_r05,1.7776754684746265,4.476277807727456,4.736794725060463,59.10392034773194,1.3943136930465698,3.429980993270874,5.085873603820801,61.788761662972526,1.1677154355398056,2.6848413152405812,1,264,1788599919.049587
1788599974.675588,55.608000,gate_sweep_medium_r05,1.7828045673668385,4.503807524219155,4.738221421837807,58.95308787306436,1.4005067348480225,3.4558053016662598,5.087022304534912,61.60140647050324,1.1688123660342893,2.6483185974388808,1,263,1788599919.0675707
1788599974.730088,55.640000,gate_sweep_medium_r05,1.7866597957909107,4.524404028430581,4.739335313439369,58.89645216154364,1.4088718891143799,3.4835333824157715,5.086372375488281,61.49498853089883,1.1604180826761805,2.5985363693551853,1,261,1788599919.09007
1788599974.780786,55.672000,gate_sweep_medium_r05,1.7930990047752857,4.558574179187417,4.741379514336586,58.937041096920844,1.4178974628448486,3.5093777179718018,5.088399887084961,61.48274345110237,1.1670529338452342,2.545702354181528,1,257,1788599919.1087651
1788599974.832447,55.708000,gate_sweep_medium_r05,1.7982267923653126,4.585759142413735,4.743276849389076,59.11389438959005,1.4288041591644287,3.537604808807373,5.089640140533447,61.612775872089955,1.164073931686142,2.498881482499903,1,252,1788599919.124426
1788599974.883673,55.740000,gate_sweep_medium_r05,1.8032719679176807,4.6128215584903955,4.745378270745277,59.44490529494371,1.4387339353561401,3.5625710487365723,5.091518402099609,61.87218523104246,1.164356947398863,2.427279936098748,1,247,1788599919.1436555
1788599974.936100,55.772000,gate_sweep_medium_r05,1.809355217963457,4.646565416827798,4.748393788933754,60.1081134330862,1.4503000974655151,3.583203077316284,5.095136642456055,62.30531974919665,1.1746874695492326,2.197206316110443,1,245,1788599919.1640768
1788599974.988449,55.804000,gate_sweep_medium_r05,1.8140070028603077,4.673609236255288,4.751159444451332,60.86194046361357,1.4616674184799194,3.6059072017669678,5.0970234870910645,62.92764903832307,1.1763302058363296,2.0657085747095008,1,232,1788599919.1844313
1788599975.040915,55.840000,gate_sweep_medium_r05,1.8173464126884937,4.693972567096353,4.753447785973549,61.567568158454485,1.4701675176620483,3.6319963932037354,5.100202560424805,63.84951025193388,1.1698570223203035,2.2819420934793953,1,222,1788599919.2008882
1788599975.095283,55.872000,gate_sweep_medium_r05,1.8225133009254932,4.728111723437905,4.757682099938393,63.01982829222461,1.4781156778335571,3.6490187644958496,5.1062092781066895,64.90681526674238,1.1851255337522908,1.886986974517769,1,212,1788599919.2232625
1788599975.147192,55.904000,gate_sweep_medium_r05,1.8262320347130299,4.755627611652017,4.761455312371254,64.43270412985508,1.486201286315918,3.663954019546509,5.114276885986328,66.19192877425274,1.1966015227987385,1.759224644397658,1,203,1788599919.2431743
1788599975.200842,55.936000,gate_sweep_medium_r05,1.8294970579445362,4.783338526263833,4.765453115105629,66.06636535455029,1.4919333457946777,3.6829071044921875,5.120335102081299,67.68930430959763,1.2045081147350387,1.6229389550473443,1,193,1788599919.2648263
1788599975.255695,55.972000,gate_sweep_medium_r05,1.8327952213585377,4.818214872851968,4.77058245241642,68.40015173489576,1.5007448196411133,3.7064647674560547,5.129486083984375,69.64029564658925,1.2145194864147686,1.2401439116934985,1,186,1788599919.2836666
1788599975.305422,56.004000,gate_sweep_medium_r05,1.8347744531929493,4.846278170123696,4.774659410119057,70.4818561866629,1.5099899768829346,3.729229211807251,5.137570381164551,71.59389211367699,1.2186007156706455,1.1120359270140987,1,178,1788599919.3014064
1788599975.372160,56.036000,gate_sweep_medium_r05,1.8358729667961597,4.867428282275796,4.777639642357826,72.15443386162153,1.5084900856018066,3.7537221908569336,5.143428802490234,73.69247396702407,1.2170959364951344,1.538040105402543,1,170,1788599919.3361397
1788599975.420817,56.068000,gate_sweep_medium_r05,1.8369806595146656,4.902931669726968,4.782346501946449,75.12251971921845,1.4993207454681396,3.8049750328063965,5.154179573059082,75.86058568117134,1.2073867760104426,0.7380659619528984,1,375,1788599919.3527987
1788599975.475332,56.104000,gate_sweep_medium_r05,1.8371655531227589,4.931544283404946,4.785770192742348,77.62576505659867,1.5087976455688477,3.838860034942627,5.156092166900635,78.60515148526554,1.199551046889414,0.9793864286668699,1,314,1788599919.3713117
1788599975.528689,56.136000,gate_sweep_medium_r05,1.8367119617760181,4.960354784503579,4.7887556701898575,80.21280951768131,1.5207895040512085,3.8698267936706543,5.156063079833984,81.16745134940088,1.1933034112347365,0.9546418317195625,1,280,1788599919.3926733
1788599975.580812,56.168000,gate_sweep_medium_r05,1.8356688804924488,4.989363173022866,4.791280046105385,82.84898915205044,1.524425983428955,3.8992514610290527,5.158120632171631,83.76266841116835,1.191548446847205,0.9136792591179195,1,261,1788599919.4127924
1788599975.628545,56.200000,gate_sweep_medium_r05,1.8334992714226246,5.025933722034097,4.793776765465736,86.16618492518877,1.5275919437408447,3.9269065856933594,5.161487102508545,86.39612230455053,1.1986037007747246,0.2299373793617575,1,249,1788599919.428529
1788599975.680731,56.236000,gate_sweep_medium_r05,1.831774789839983,5.048031786456704,4.794993177056313,88.1418800852654,1.5359899997711182,3.963197946548462,5.15933084487915,89.38735472589028,1.181987748853908,1.2454746406248842,1,237,1788599919.4447117
1788599975.731966,56.268000,gate_sweep_medium_r05,1.829090315848589,5.077676275745034,4.796357408165932,90.72777761606241,1.534067153930664,3.9939937591552734,5.1611247062683105,91.96767411939813,1.1808732550935672,1.2398965033357119,1,221,1788599919.4639425
1788599975.782789,56.300000,gate_sweep_medium_r05,1.8259914703667164,5.10754487849772,4.797391191124916,93.22808327663375,1.5368919372558594,4.024528980255127,5.1618170738220215,94.50655544469008,1.178689187135731,1.2784721680563218,1,207,1788599919.4827704
1788599975.831877,56.332000,gate_sweep_medium_r05,1.8216932602226734,5.145238855853677,4.79852320253849,96.18311412112648,1.5396069288253784,4.057551860809326,5.156787872314453,96.95018726863718,1.179402082056613,0.767073147510698,1,196,1788599919.4998574
1788599975.881604,56.368000,gate_sweep_medium_r05,1.8180167265236378,5.17568395473063,4.7994086891412735,98.3739653578756,1.5462775230407715,4.098803997039795,5.149867057800293,99.55510763204508,1.1646174076274398,1.1811422741694642,1,184,1788599919.513585
1788599975.940739,56.400000,gate_sweep_medium_r05,1.8151764459908009,5.198698977008462,4.800133004784584,99.89772315764347,1.543421983718872,4.137000560760498,5.142811298370361,101.66915368495675,1.1482519008140157,1.7714305273132924,1,169,1788599919.540722
1788599975.982400,56.432000,gate_sweep_medium_r05,1.8103482313454151,5.237420538440347,4.801649823784828,102.18340718454533,1.475711464881897,4.163978576660156,5.166555404663086,103.30245245742546,1.1821232988718908,1.1190452728801252,1,394,1788599919.550381
1788599976.030679,56.464000,gate_sweep_medium_r05,1.8064820356667042,5.2687053475528955,4.803271546959877,103.75983009263362,1.4698467254638672,4.194326400756836,5.167663097381592,104.99340367179978,1.1833827172190372,1.233573579166151,1,322,1788599919.566661
1788599976.078674,56.500000,gate_sweep_medium_r05,1.80265386775136,5.30027006007731,4.805355325341225,105.09788916665869,1.4642125368118286,4.230718612670898,5.166463375091553,106.62555780759477,1.1785083184822056,1.527668640936089,1,305,1788599919.578658
1788599976.131288,56.532000,gate_sweep_medium_r05,1.7979700155556202,5.340169886127114,4.808524385094643,106.4166606151717,1.461724042892456,4.265113353729248,5.1648030281066895,107.8311300404729,1.1814154110430537,1.414469425301203,1,294,1788599919.5992622
1788599976.183607,56.564000,gate_sweep_medium_r05,1.7943564243614674,5.372467497363687,4.811521306633949,107.18024478089839,1.4565593004226685,4.2986860275268555,5.164244174957275,108.77117531930446,1.1796300113783578,1.5909305384060684,1,289,1788599919.6195827
1788599976.232775,56.596000,gate_sweep_medium_r05,1.7917530126869678,5.396922567859292,4.814055696129799,107.58394452964656,1.447693109512329,4.333284854888916,5.162925720214844,109.4490553004245,1.1710733090334242,1.8651107707779377,1,281,1788599919.6367545
1788599976.280765,56.632000,gate_sweep_medium_r05,1.787619549781084,5.438140848651528,4.818632856011391,107.92976721804614,1.4395602941513062,4.369579792022705,5.161818504333496,109.89845105220455,1.1750507931096112,1.9686838341584156,1,266,1788599919.6487472
1788599976.334151,56.664000,gate_sweep_medium_r05,1.7844824381172657,5.47149751521647,4.82251812517643,107.92344167035822,1.4361112117767334,4.402760028839111,5.16266393661499,110.04373433634507,1.1744196435556575,2.1202926659868453,1,261,1788599919.6701348
1788599976.388124,56.696000,gate_sweep_medium_r05,1.781536776572466,5.50517557002604,4.82637383043766,107.67165076316664,1.429553508758545,4.435667991638184,5.162522315979004,109.9317183996068,1.1750465886005381,2.260067636440159,1,257,1788599919.692105
1788599976.441492,56.728000,gate_sweep_medium_r05,1.7781375236809254,5.547721842303872,4.831230416893959,107.03268999434525,1.4235154390335083,4.4711689949035645,5.162466049194336,109.59056969751241,1.1808640481743953,2.5578797031671594,1,253,1788599919.7134738
1788599976.491244,56.764000,gate_sweep_medium_r05,1.7756453342735767,5.582094172015786,4.835001721978188,106.27646809257944,1.4154565334320068,4.508711814880371,5.163499355316162,108.92204821376956,1.1788962430892374,2.645580121190117,1,248,1788599919.7272239
1788599976.541254,56.796000,gate_sweep_medium_r05,1.7739139385521412,5.608050802722573,4.837625756859779,105.577125776961,1.4105812311172485,4.5419769287109375,5.164155006408691,108.11465457239423,1.1726659848196852,2.5375287954332317,1,246,1788599919.7452352
1788599976.593588,56.828000,gate_sweep_medium_r05,1.7718035764992237,5.642851809039712,4.8408515602350235,104.48193912619715,1.4036874771118164,4.576049327850342,5.163944721221924,107.10616491823865,1.1738680450444603,2.624225792041501,1,245,1788599919.765569
1788599976.645274,56.860000,gate_sweep_medium_r05,1.7694845981895924,5.686625936999917,4.844373479485512,102.88116005657335,1.3986270427703857,4.6105875968933105,5.164917469024658,105.93627053001464,1.1824306681664525,3.0551104734412924,1,243,1788599919.7852464
1788599976.694763,56.896000,gate_sweep_medium_r05,1.7678398676216602,5.721794107928872,4.846727624535561,101.43629202640169,1.3916149139404297,4.646642208099365,5.16886568069458,104.4231332556442,1.1837524026186192,2.9868412292425064,1,236,1788599919.798746
1788599976.748490,56.928000,gate_sweep_medium_r05,1.766355473548174,5.757079103961587,4.848604932427406,99.87079067230182,1.3864015340805054,4.680612564086914,5.169900894165039,102.93549953864138,1.1859073752261018,3.064708866339563,1,229,1788599919.8204648
1788599976.796931,56.960000,gate_sweep_medium_r05,1.7653312273323536,5.783602217212319,4.849717393517494,98.62924085319685,1.3836818933486938,4.719579696655273,5.168689727783203,101.34239575743604,1.1745396921388631,2.713154904239202,1,220,1788599919.8369126
1788599976.850800,56.992000,gate_sweep_medium_r05,1.7638202495872974,5.827832678332925,4.851028695702553,96.45660028074523,1.380606770515442,4.757680892944336,5.168797969818115,99.65031155503472,1.1802773936175646,3.1937112742894933,1,213,1788599919.8587809
1788599976.901712,57.028000,gate_sweep_medium_r05,1.7627610750496387,5.863173941150308,4.851634278893471,94.65004923028393,1.3779081106185913,4.799014091491699,5.168091297149658,97.67398242788934,1.175028950392455,3.0239331976054147,1,204,1788599919.8736937
1788599976.949551,57.060000,gate_sweep_medium_r05,1.7618065662682056,5.898460844531655,4.851921811699867,92.80497221411153,1.3771963119506836,4.837104797363281,5.166073799133301,95.86064810796948,1.1717905861524238,3.0556758938579587,1,193,1788599919.8895323
1788599977.000642,57.092000,gate_sweep_medium_r05,1.7606657333672047,5.942491987720132,4.851750150322914,90.47322707879529,1.3755805492401123,4.876997947692871,5.160423278808594,94.01041164954442,1.1742432663707072,3.5371845707491447,1,187,1788599919.9086232
1788599977.061861,57.124000,gate_sweep_medium_r05,1.759567815810442,5.986388662829995,4.85127092897892,88.14633978509329,1.3700613975524902,4.9243483543396,5.150824546813965,92.14201974824373,1.170203929527062,3.9956799631504474,1,169,1788599919.9378343
1788599977.100042,57.160000,gate_sweep_medium_r05,1.7591836042702198,6.003861406818032,4.851043954491615,87.22617200851066,1.3760336637496948,4.916383743286133,5.186522483825684,90.184266957524,1.2008153018869432,2.9580949490133355,1,388,1788599919.9400263
1788599977.149613,57.192000,gate_sweep_medium_r05,1.7582090683281422,6.047402838245034,4.8503377586603165,84.96729456343547,1.3770877122879028,4.947927474975586,5.1882429122924805,88.38911085165624,1.2117258168899483,3.4218162882207674,1,331,1788599919.957596
1788599977.201074,57.224000,gate_sweep_medium_r05,1.7574114389717579,6.082075575366616,4.849749341607094,83.22901362307246,1.3759628534317017,4.982438087463379,5.187772274017334,86.62379478556396,1.212008717397639,3.3947811624915025,1,317,1788599919.9770539
1788599977.253528,57.256000,gate_sweep_medium_r05,1.7566079683601856,6.116565207019448,4.849225297570229,81.57393495686037,1.3755487203598022,5.016579627990723,5.188150405883789,84.93043188823678,1.2124539799939367,3.356496931376414,1,307,1788599919.9975102
1788599977.306028,57.292000,gate_sweep_medium_r05,1.7555874176323414,6.159425238147378,4.848832860589027,79.65938500759898,1.374970555305481,5.055328845977783,5.18797492980957,83.14251316134113,1.2161066491902146,3.4831281537421375,1,300,1788599920.01401
1788599977.351826,57.324000,gate_sweep_medium_r05,1.7547498531639576,6.193508127704263,4.848798051476479,78.28148260637026,1.3744863271713257,5.089848041534424,5.186295509338379,81.6749877525355,1.2151421600240897,3.393505146165237,1,286,1788599920.0278053
1788599977.404144,57.356000,gate_sweep_medium_r05,1.7541139908134937,6.218985537067056,4.848979726433754,77.35520598366091,1.3743172883987427,5.124266147613525,5.18606424331665,80.34784580270876,1.2067651173002991,2.992639819047861,1,275,1788599920.048125
1788599977.454275,57.388000,gate_sweep_medium_r05,1.7529551573097706,6.261360147967935,4.849730744957924,76.05186925103372,1.3742872476577759,5.157608985900879,5.185761451721191,79.19805405821927,1.2143198299675453,3.1461848071855383,1,261,1788599920.066255
1788599977.504631,57.424000,gate_sweep_medium_r05,1.7518980093300343,6.295163134112954,4.850888028740883,75.25495080006466,1.3750030994415283,5.197083950042725,5.185429573059082,78.15091879943166,1.2081993678458087,2.8959679993670027,1,250,1788599920.0806108
1788599977.555261,57.456000,gate_sweep_medium_r05,1.750724632292986,6.328899839892983,4.852646127343178,74.70041471997092,1.3763095140457153,5.2316741943359375,5.185031414031982,77.45968297158858,1.2060558763371592,2.7592682516176503,1,239,1788599920.0992374
1788599977.602699,57.488000,gate_sweep_medium_r05,1.7493658848106861,6.362559774890542,4.854847207665443,74.4057051034666,1.378648281097412,5.267404556274414,5.18430757522583,77.0232114814336,1.2022232023871757,2.617506377967005,1,233,1788599920.114681
1788599977.654670,57.520000,gate_sweep_medium_r05,1.7473846264183521,6.404436567798257,4.857874169945717,74.41756961704682,1.382450819015503,5.3052449226379395,5.18398904800415,76.85534613100376,1.203224779609717,2.437776513956935,1,229,1788599920.1346462
1788599977.704429,57.556000,gate_sweep_medium_r05,1.7460053749382496,6.429467657580972,4.859644666314125,74.63157941326986,1.3839117288589478,5.346349716186523,5.184220790863037,76.98351591041803,1.1872682696546477,2.3519364971481664,1,225,1788599920.1484087
1788599977.751985,57.588000,gate_sweep_medium_r05,1.7439176626503468,6.462794283404946,4.861672654747963,75.1614418238644,1.3871344327926636,5.3844451904296875,5.183271884918213,77.39927708002253,1.1804901966023866,2.237835256158136,1,222,1788599920.1639657
1788599977.804994,57.620000,gate_sweep_medium_r05,1.7415111847221851,6.496063211932778,4.863258138298988,75.96984316968464,1.387011170387268,5.419663429260254,5.185626983642578,78.08540057544224,1.1782310574539587,2.115557405757594,1,219,1788599920.1849682
1788599977.859692,57.652000,gate_sweep_medium_r05,1.737976510077715,6.537547091022134,4.8645637184381485,77.36486431079072,1.388115644454956,5.458779335021973,5.185326099395752,79.04639540383967,1.1785715938022265,1.6815310930489542,1,214,1788599920.2076735
1788599977.915263,57.688000,gate_sweep_medium_r05,1.7347162552177906,6.570607164874673,4.86517359316349,78.77594964687208,1.3897126913070679,5.501768589019775,5.1823811531066895,80.46118652086867,1.1670749746403373,1.685236873996594,1,211,1788599920.2272444
1788599977.967335,57.720000,gate_sweep_medium_r05,1.7319981642067432,6.595309713855386,4.865447297692299,79.99989144397652,1.3909962177276611,5.540640830993652,5.181674480438232,81.99037637564716,1.1526527712571422,1.99048493167063,1,209,1788599920.2473073
1788599978.017066,57.752000,gate_sweep_medium_r05,1.7269227094948292,6.636255720630288,4.865909352898598,82.33309198909734,1.3914978504180908,5.579875469207764,5.177832126617432,83.7596869868692,1.1514099567254996,1.4265949977718528,1,207,1788599920.2650454
1788599978.068706,57.784000,gate_sweep_medium_r05,1.7223385162651539,6.668710688129067,4.866734758019447,84.44248691160858,1.3946372270584106,5.614391803741455,5.176908493041992,85.76227907151802,1.146814802320731,1.3197921599094335,1,203,1788599920.284686
1788599978.119668,57.820000,gate_sweep_medium_r05,1.7173040695488453,6.700839975848794,4.868089452385902,86.74316835267508,1.3989773988723755,5.65289831161499,5.178689956665039,88.2687816008006,1.138413929183728,1.5256132481255036,1,196,1788599920.2996485
1788599978.169420,57.852000,gate_sweep_medium_r05,1.7103801555931568,6.740395525470376,4.870410218834877,89.84231368747467,1.4009567499160767,5.687933921813965,5.179569244384766,90.67751345780286,1.1397357475444843,0.8351997703281908,1,190,1788599920.3174007
1788599978.225191,57.884000,gate_sweep_medium_r05,1.7043515034019947,6.771455267444253,4.872621789574623,92.46350742071962,1.4041004180908203,5.722902774810791,5.177131652832031,93.22476750834475,1.1324042126641132,0.7612600876251323,1,179,1788599920.3411753
1788599978.267604,57.916000,gate_sweep_medium_r05,1.699550587683916,6.794339159503579,4.874345079064369,94.48686375043248,1.3948880434036255,5.736363410949707,5.217085361480713,95.84679172566707,1.1530840609453854,1.3599279752345979,1,369,1788599920.351586
1788599978.317975,57.952000,gate_sweep_medium_r05,1.691083986312151,6.831674078479409,4.8771135956048965,97.92946699875966,1.3914179801940918,5.772787570953369,5.223168849945068,98.92186730022416,1.153600706527126,0.9924003014644999,1,313,1788599920.365956
1788599978.364663,57.984000,gate_sweep_medium_r05,1.6839546747505665,6.860675314441323,4.879108682274818,100.70659854396064,1.3861005306243896,5.809504508972168,5.22326135635376,101.69182155446629,1.1454772876489068,0.9852230105056455,1,278,1788599920.3806422
1788599978.413083,58.016000,gate_sweep_medium_r05,1.6766238994896412,6.888905981555581,4.8808553367853165,103.46905209830382,1.380963921546936,5.8433685302734375,5.22075891494751,104.46612114165335,1.1384629229966623,0.9970690433495378,1,251,1788599920.3970637
1788599978.460868,58.048000,gate_sweep_medium_r05,1.6672552414238453,6.922892073169351,4.882685914635658,106.85381420436097,1.3753584623336792,5.880176544189453,5.219391822814941,107.21469394659012,1.1339445632930547,0.3608797422291436,1,228,1788599920.4128397
1788599978.510455,58.084000,gate_sweep_medium_r05,1.6596232242882252,6.948985556140542,4.883959069848061,109.47544934883766,1.3675073385238647,5.924806118011475,5.21301794052124,110.24306237532754,1.1146994898047535,0.7676130264898905,1,217,1788599920.4264348
1788599978.558003,58.116000,gate_sweep_medium_r05,1.6538686342537403,6.967873075976968,4.884810224175453,111.37374833036547,1.3624553680419922,5.95944356918335,5.2089033126831055,112.84074878489653,1.0985845856895355,1.4670004545310649,1,205,1788599920.4419887
1788599978.612603,58.148000,gate_sweep_medium_r05,1.6462225504219532,6.99219367839396,4.885861173272133,113.79602316388471,1.3561694622039795,5.9900946617126465,5.207534313201904,115.31262659498917,1.0916990620911595,1.5166034311044523,1,195,1788599920.464585
1788599978.664581,58.180000,gate_sweep_medium_r05,1.6367877312004566,7.021201590076089,4.887120500206947,116.62420162776691,1.3493952751159668,6.019665241241455,5.207624435424805,117.65015037254017,1.0901340533812425,1.0259487447732591,1,184,1788599920.4845624
1788599978.723339,58.216000,gate_sweep_medium_r05,1.6293959207832813,7.043271044269204,4.888168588280678,118.70871912866949,1.3374836444854736,6.055876731872559,5.20256233215332,120.07367061985387,1.0765703559883437,1.3649514911843834,1,166,1788599920.5073183
1788599978.765682,58.248000,gate_sweep_medium_r05,1.622274000197649,7.0643548760563135,4.88929583132267,120.62300250808615,1.2700488567352295,6.0452399253845215,5.214654922485352,121.77729823021275,1.1262843213736473,1.1542957221266108,1,398,1788599920.5176637
1788599978.821148,58.280000,gate_sweep_medium_r05,1.617130596190691,7.0795879159122705,4.890199437737465,121.93938130711626,1.2607296705245972,6.063846111297607,5.2130255699157715,123.56926345156587,1.1238192670864415,1.6298821444496154,1,313,1788599920.541128
1788599978.872226,58.312000,gate_sweep_medium_r05,1.6090467758476734,7.103808859363198,4.891838327050209,123.91031342742745,1.2531791925430298,6.092809677124023,5.20843505859375,125.20686025685394,1.1175842580134263,1.2965468294264768,1,292,1788599920.5601997
1788599978.922407,58.348000,gate_sweep_medium_r05,1.603067833930254,7.12222240306437,4.893368020653725,125.2748003968261,1.2384034395217896,6.124645709991455,5.205368995666504,126.82365707963461,1.107015802741998,1.5488566828085129,1,271,1788599920.5743883
1788599978.976501,58.380000,gate_sweep_medium_r05,1.597559530287981,7.139835814014077,4.895072236657143,126.45980384175124,1.2283998727798462,6.148878574371338,5.202125549316406,128.05354835207035,1.1011615868467755,1.5937445103191312,1,244,1788599920.596483
1788599979.029546,58.412000,gate_sweep_medium_r05,1.5913711376488209,7.160715082660317,4.897397771477699,127.68326442994706,1.218485951423645,6.167351722717285,5.201155662536621,129.07196230665315,1.1036679678979808,1.3886978767060847,1,232,1788599920.617529
1788599979.077406,58.444000,gate_sweep_medium_r05,1.587043721228838,7.176480272784829,4.899342313408852,128.4694274384549,1.2104052305221558,6.1807050704956055,5.203079700469971,129.8994816848303,1.1071048760052808,1.4300542463754318,1,223,1788599920.6333888
1788599979.136702,58.480000,gate_sweep_medium_r05,1.5841871090233326,7.187751272693276,4.90082623064518,128.9478951979727,1.1989344358444214,6.204676628112793,5.19971227645874,130.65237816608527,1.0973551145324865,1.70448296811256,1,215,1788599920.6566646
1788599979.189648,58.512000,gate_sweep_medium_r05,1.580072958022356,7.205525377765298,4.90326763689518,129.55039275599316,1.187955617904663,6.222360610961914,5.195947170257568,131.13158618616106,1.0981940977594773,1.581193430167922,1,210,1788599920.6776302
1788599979.240359,58.544000,gate_sweep_medium_r05,1.577307302504778,7.218856314197183,4.905178800225258,129.8634058682726,1.179919958114624,6.234099388122559,5.194881439208984,131.4529548456666,1.1007227280144336,1.5895489773940175,1,204,1788599920.6963403
1788599979.296094,58.576000,gate_sweep_medium_r05,1.5750528164207935,7.231367090716958,4.906914487481117,130.04267961183828,1.1721290349960327,6.246091365814209,5.1948466300964355,131.6273516709661,1.1027333070472272,1.5846720591278385,1,201,1788599920.72008
1788599979.344441,58.612000,gate_sweep_medium_r05,1.5729453153908253,7.245859602466226,4.908826604485512,130.0914296144186,1.1721290349960327,6.246091365814209,5.1948466300964355,131.627352944817,1.1144494931123048,1.5359233303984294,1,198,1788599920.7324145
1788599979.399963,58.644000,gate_sweep_medium_r05,1.5717445202171803,7.256525972858071,4.910137429833412,130.0083324823076,1.1604770421981812,6.269158840179443,5.195791244506836,131.58297868497627,1.107083056959866,1.5746462026686883,1,194,1788599920.7559476
1788599979.449609,58.676000,gate_sweep_medium_r05,1.5711363144218922,7.26399658061564,4.911000028252602,129.88060173160457,1.1540521383285522,6.28422737121582,5.193576812744141,131.40225337341352,1.1017062007490859,1.5216516418089596,1,194,1788599920.7735941
1788599979.503241,58.708000,gate_sweep_medium_r05,1.5706251449882984,7.275463560596108,4.912181630730629,129.5591611709078,1.1482559442520142,6.298079013824463,5.191290855407715,131.13138888370102,1.1007171540856746,1.572227712793225,1,193,1788599920.7952235
1788599979.558465,58.744000,gate_sweep_medium_r05,1.5706718750298023,7.2837786469608545,4.912904992699623,129.21748456260067,1.1440060138702393,6.310964107513428,5.189493656158447,130.73234349587977,1.0976853711302157,1.5148589332791225,1,193,1788599920.8144472
1788599979.610458,58.776000,gate_sweep_medium_r05,1.5710801668465137,7.291342714801431,4.91334892809391,128.81208394275333,1.1411751508712769,6.320798873901367,5.188587188720703,130.29931058441468,1.096599183832716,1.4872266416613678,1,190,1788599920.8344355
1788599979.662990,58.808000,gate_sweep_medium_r05,1.5717374868690968,7.298185804858804,4.9135210663080215,128.35381913803732,1.1396106481552124,6.330456733703613,5.187881946563721,129.81415305561993,1.094763468750408,1.4603339175826004,1,189,1788599920.8549669
1788599979.716593,58.840000,gate_sweep_medium_r05,1.5728956051170826,7.305722692981362,4.913437619805336,127.71841691499225,1.1393643617630005,6.335023880004883,5.188617706298828,129.276286239864,1.0981482616116316,1.557869324871754,1,188,1788599920.8765712
1788599979.768624,58.876000,gate_sweep_medium_r05,1.5737765617668629,7.309715250506997,4.9132464081048965,127.31006219640496,1.1386610269546509,6.342583179473877,5.188863277435303,128.62718327328545,1.0957347444136394,1.3171210768805048,1,187,1788599920.8926058
1788599979.824139,58.908000,gate_sweep_medium_r05,1.5751350708305836,7.314408281818032,4.912829175591469,126.73800733665328,1.1382920742034912,6.349056720733643,5.188392162322998,128.01572754071432,1.0948380701485527,1.2777202040610438,1,185,1788599920.9161146
1788599979.877769,58.940000,gate_sweep_medium_r05,1.5766819305717945,7.318357923999429,4.912214532494545,126.14544496175569,1.13784921169281,6.357326984405518,5.186975479125977,127.39161379518562,1.0916264012056864,1.2461688334299397,1,185,1788599920.937753
1788599979.933967,58.972000,gate_sweep_medium_r05,1.5788383074104786,7.322220781818032,4.911122098565102,125.37567557990953,1.13619065284729,6.362818717956543,5.185633182525635,126.7362636889623,1.0916710133777319,1.3605881090527738,1,184,1788599920.9619412
1788599979.984760,59.008000,gate_sweep_medium_r05,1.5807890482246876,7.324419001117349,4.9100067764520645,124.75161605555274,1.1379274129867554,6.365813255310059,5.186079502105713,125.99211406548835,1.0914520391250369,1.240498009935604,1,184,1788599920.976737
1788599980.037203,59.040000,gate_sweep_medium_r05,1.5824120827019215,7.325510958209634,4.90905787050724,124.27948376539402,1.1384245157241821,6.367326259613037,5.186094760894775,125.31834115007545,1.0917840056032415,1.0388573846814435,1,183,1788599920.9971817
1788599980.089843,59.072000,gate_sweep_medium_r05,1.5853281803429127,7.3263435158878565,4.9073140770196915,123.49647835413394,1.1386818885803223,6.369509220123291,5.185234546661377,124.65187174279107,1.0919086806791125,1.155393388657122,1,182,1788599921.0178187
1788599980.144925,59.104000,gate_sweep_medium_r05,1.5878734178841114,7.326090792194009,4.905862584710121,122.87570054278146,1.137603759765625,6.370642185211182,5.184810161590576,123.98841155728903,1.0924452188805813,1.1127110145075676,1,181,1788599921.0409045
1788599980.194467,59.140000,gate_sweep_medium_r05,1.5906197614967823,7.325011232867837,4.904364362359047,122.26687711712113,1.13752019405365,6.372072696685791,5.183675289154053,123.2492415859495,1.0915153070777428,0.9823644688283897,1,180,1788599921.0544486
1788599980.246307,59.172000,gate_sweep_medium_r05,1.594328362494707,7.322489241138101,4.902487054467201,121.5335733070116,1.1356160640716553,6.3739848136901855,5.181467533111572,122.60397337439285,1.0899117987605689,1.0704000673812608,1,178,1788599921.0742896
1788599980.294045,59.204000,gate_sweep_medium_r05,1.5975626297295094,7.3195123467594385,4.900983586907387,120.98345013993445,1.1363892555236816,6.375601768493652,5.179889678955078,121.98919372878676,1.0869391284794907,1.0057435888523212,1,175,1788599921.0900233
1788599980.344210,59.236000,gate_sweep_medium_r05,1.600148756057024,7.3166975770145655,4.89981772005558,120.59759991272416,1.1372132301330566,6.374312877655029,5.178767204284668,121.39583884677137,1.0863751826607315,0.7982389340472138,1,174,1788599921.108188
1788599980.396221,59.272000,gate_sweep_medium_r05,1.604710180312395,7.311015585437417,4.897874608635902,120.0242736964117,1.1402080059051514,6.372086524963379,5.177578449249268,120.79348877462594,1.0842436483953155,0.7692150782142448,1,173,1788599921.1242054
1788599980.449930,59.304000,gate_sweep_medium_r05,1.6085747070610523,7.305603483691812,4.896398797631264,119.64917597215405,1.148033618927002,6.367977619171143,5.1771464347839355,120.32900454900494,1.0816929284434817,0.6798285768508824,1,173,1788599921.145914
1788599980.499439,59.336000,gate_sweep_medium_r05,1.6125262565910816,7.2995748315006495,4.895066037774086,119.3675339946718,1.154682993888855,6.363771915435791,5.1776933670043945,119.94684365218951,1.0794562326213926,0.5793096575177029,1,173,1788599921.1634195
1788599980.553189,59.368000,gate_sweep_medium_r05,1.617553312331438,7.291221121326089,4.893686547875404,119.18460779739576,1.1623913049697876,6.358180522918701,5.178552150726318,119.66377918826224,1.07651550054308,0.47917139086648164,1,172,1788599921.1851647
1788599980.605350,59.404000,gate_sweep_medium_r05,1.621563870459795,7.283973196521401,4.892946973443031,119.20710195011364,1.1695481538772583,6.353672981262207,5.178887367248535,119.49760187600329,1.07309766906772,0.2904999258896407,1,172,1788599921.2013302
1788599980.668761,59.436000,gate_sweep_medium_r05,1.6245283670723438,7.278248766437173,4.8926961570978165,119.34251209155391,1.1739825010299683,6.343790054321289,5.179862022399902,119.4963175325714,1.076414834648727,0.15380544101749125,1,169,1788599921.232734
1788599980.716221,59.468000,gate_sweep_medium_r05,1.6283481903374195,7.270291784778237,4.892882600426674,119.70251820561072,1.1675083637237549,6.367074489593506,5.16204833984375,119.6804592318002,1.0491067740654791,0.022058973810521805,1,376,1788599921.2482007
1788599980.770807,59.500000,gate_sweep_medium_r05,1.6327681131660938,7.2599749360233545,4.894099488854408,120.47705020010514,1.1723973751068115,6.3617634773254395,5.16337776184082,120.08743066034353,1.0446223381203512,0.3896195397616004,1,325,1788599921.2707856
1788599980.820636,59.536000,gate_sweep_medium_r05,1.635862547904253,7.251590231433511,4.895686402916908,121.37171351334673,1.183786392211914,6.35414457321167,5.1662702560424805,120.87309519131429,1.0406715051249738,0.49861832203243417,1,304,1788599921.2846184
1788599980.872909,59.568000,gate_sweep_medium_r05,1.638472754508257,7.243177870288491,4.897446408867836,122.52314178491807,1.1916325092315674,6.349318027496338,5.168610095977783,121.82467217490466,1.0354619107250669,0.6984696100134006,1,292,1788599921.3048866
1788599980.924128,59.600000,gate_sweep_medium_r05,1.6400606222450733,7.236882666125894,4.898735299706459,123.55484886154107,1.2044042348861694,6.341533660888672,5.174299240112305,123.04557409084998,1.0331417203258662,0.5092747706910934,1,286,1788599921.3241124
1788599980.976854,59.632000,gate_sweep_medium_r05,1.641874272376299,7.226520041003823,4.900740399956703,125.59244108430195,1.210501790046692,6.337777614593506,5.175268650054932,124.51961208848559,1.0253346181198122,1.0728289958163748,1,276,1788599921.344833
1788599981.027400,59.668000,gate_sweep_medium_r05,1.6424805708229542,7.218340853229165,4.902205720543861,127.49582350332248,1.2198940515518188,6.333909511566162,5.177605628967285,126.48687910146398,1.0181568022388021,1.0089444018584894,1,266,1788599921.359383
1788599981.079534,59.700000,gate_sweep_medium_r05,1.6422732658684254,7.210334280505776,4.903690114617348,129.62483373617977,1.230355143547058,6.325213432312012,5.182322025299072,128.4835376668739,1.0152591772814263,1.1412960693058796,1,260,1788599921.3795197
1788599981.131321,59.732000,gate_sweep_medium_r05,1.6406875438988209,7.200638273730874,4.905994668602943,132.57283426015294,1.2379519939422607,6.3212103843688965,5.187631130218506,130.69956874416306,1.0074266386679527,1.873265515989879,1,245,1788599921.3993034
1788599981.181130,59.764000,gate_sweep_medium_r05,1.6382751055061817,7.1932210717350245,4.90816904604435,135.12678001050503,1.2423393726348877,6.323265075683594,5.187924385070801,133.12886464545304,0.9959174611100913,1.997915365051983,1,232,1788599921.4171119
1788599981.234863,59.800000,gate_sweep_medium_r05,1.6357389278709888,7.187863806262612,4.909868493676186,137.1335538796435,1.247809886932373,6.325872421264648,5.18830680847168,136.05986295274906,0.9854166549031008,1.0736909268944153,1,217,1788599921.4348235
1788599981.284340,59.832000,gate_sweep_medium_r05,1.630123931914568,7.179331758990884,4.912675157189369,140.60628019110217,1.251038670539856,6.327634811401367,5.189366817474365,138.7960739834236,0.9724461942935976,1.810206207678582,1,208,1788599921.4523234
1788599981.338782,59.864000,gate_sweep_medium_r05,1.624369103461504,7.172875860705972,4.914741292595863,143.4564413580371,1.2522706985473633,6.3296799659729,5.189151287078857,141.6211505262197,0.9616326663058558,1.8352908318174015,1,198,1788599921.4747634
1788599981.392839,59.896000,gate_sweep_medium_r05,1.6174431629478931,7.166842916980386,4.916420713067055,146.32428872575827,1.2492423057556152,6.329104900360107,5.188817977905273,144.48768420314696,0.9547654820003437,1.83660452261131,1,190,1788599921.496821
1788599981.440392,59.932000,gate_sweep_medium_r05,1.6071995086967945,7.160037020221353,4.918124929070473,149.87573634782996,1.24298095703125,6.326573371887207,5.189684867858887,147.70914243317657,0.9492426490769251,2.166593914653388,1,182,1788599921.5083766
1788599981.501457,59.964000,gate_sweep_medium_r05,1.5977173633873463,7.155282000079751,4.919238820672035,152.64202091515037,1.2334849834442139,6.320385456085205,5.189545154571533,150.5137633875946,0.9501489251266151,2.128257527555779,1,173,1788599921.5374396
1788599981.547601,59.996000,gate_sweep_medium_r05,1.5898452587425709,7.152181128039956,4.919955983757973,154.64983728065647,1.2300533056259155,6.398116111755371,5.235954284667969,153.35062901207613,0.8932632447883285,1.2992082685803303,1,414,1788599921.5515811
1788599981.601183,60.028000,gate_sweep_medium_r05,1.5752878971397877,7.148015478625894,4.92110039293766,157.82210530976312,1.2176865339279175,6.4058918952941895,5.234140396118164,156.01681633430806,0.881260569581623,1.805288975455036,1,275,1788599921.5731661
1788599981.651676,60.064000,gate_sweep_medium_r05,1.5623094625771046,7.145727137103677,4.922080293297768,160.16692108538686,1.2046594619750977,6.40887975692749,5.231612205505371,158.82980371583682,0.8755955626189643,1.3371173695500407,1,246,1788599921.5876584
1788599981.699320,60.096000,gate_sweep_medium_r05,1.5481476373970509,7.14445779658854,4.923171773552895,162.308526007111,1.1911870241165161,6.41116189956665,5.227923393249512,161.14846035306397,0.8706418906361357,1.1600656540470577,1,224,1788599921.6033018
1788599981.751450,60.128000,gate_sweep_medium_r05,1.5328831262886524,7.144220331683755,4.924486413598061,164.22398582533353,1.171655535697937,6.411686897277832,5.224216461181641,163.21643866046574,0.8700164976314905,1.0075471648678012,1,200,1788599921.6234317
1788599981.808201,60.160000,gate_sweep_medium_r05,1.512219149619341,7.145573595538735,4.92658306658268,166.2728334070845,1.1471199989318848,6.409560680389404,5.2189106941223145,165.04289473900394,0.8720480737449453,1.229938668080558,1,185,1788599921.6481788
1788599981.851784,60.196000,gate_sweep_medium_r05,1.4989884681999683,7.14736364223063,4.928116098046303,167.3085015587208,1.1550307273864746,6.277712821960449,5.207505702972412,166.65242784233985,0.9760420216378433,0.6560737163809393,1,392,1788599921.6557677
1788599981.906434,60.228000,gate_sweep_medium_r05,1.4804251976311207,7.150954702869058,4.930504098534584,168.4562140203514,1.1410927772521973,6.268563747406006,5.204577445983887,167.93520448114097,0.9843152389276933,0.521009539210466,1,242,1788599921.6784143
1788599981.956203,60.260000,gate_sweep_medium_r05,1.4608263559639454,7.155985811725259,4.9333198219537735,169.3375243963359,1.1216968297958374,6.281227111816406,5.199923038482666,169.0087102908859,0.9753403988602046,0.3288141054500155,1,217,1788599921.6961858
1788599982.006889,60.292000,gate_sweep_medium_r05,1.4350093193352222,7.1642694268375635,4.93724562227726,170.06821925051446,1.1070506572723389,6.288554668426514,5.197446346282959,169.80716579051753,0.9706377485416946,0.26105345999693164,1,200,1788599921.7148712
1788599982.061766,60.328000,gate_sweep_medium_r05,1.4133823700249195,7.172495344653726,4.940567269921303,170.36138912925128,1.088157057762146,6.296545505523682,5.197461128234863,170.37041105824488,0.9690480271109354,0.009021928993582319,1,184,1788599921.7337484
1788599982.112167,60.360000,gate_sweep_medium_r05,1.3966381140053272,7.179610708728433,4.943115010857582,170.41575895248707,1.0682862997055054,6.302952289581299,5.193196773529053,170.5884858718812,0.9689611890248269,0.1727269193941176,1,176,1788599921.7521505
1788599982.164964,60.392000,gate_sweep_medium_r05,1.3678631372749805,7.193133810535073,4.94731117784977,170.20877731754513,1.046464204788208,6.309816360473633,5.189084053039551,170.55001201487616,0.9705674188660033,0.3412346973310397,1,173,1788599921.7729435
1788599982.213922,60.424000,gate_sweep_medium_r05,1.3440732546150684,7.205499628558755,4.95056988298893,169.7890035133769,1.0213680267333984,6.3159050941467285,5.188575267791748,170.27620151884045,0.9757887388943614,0.48719800546354103,1,168,1788599921.7899034
1788599982.265263,60.460000,gate_sweep_medium_r05,1.319640476256609,7.219232061877847,4.953647390007973,169.16243518510328,0.9948169589042664,6.324162006378174,5.185678958892822,169.69912098085842,0.980050697992966,0.5366857957551519,1,164,1788599921.8052375
1788599982.323987,60.492000,gate_sweep_medium_r05,1.2882197685539722,7.238229731097817,4.957106366753578,168.11736048574986,0.965113639831543,6.3244171142578125,5.186225414276123,168.956950135924,0.9959651635733103,0.8395896501741298,1,162,1788599921.8319695
1788599982.367235,60.524000,gate_sweep_medium_r05,1.262389738112688,7.2547821793705225,4.959521070122719,167.09481680304611,0.911683201789856,6.240352630615234,5.230931758880615,167.6850755984325,1.1071251717757353,0.5902587953863885,1,394,1788599921.8432176
1788599982.416047,60.556000,gate_sweep_medium_r05,1.242589432746172,7.267917135730386,4.961098924279213,166.23472568493915,0.8898599743843079,6.239046573638916,5.238935470581055,166.5936066683848,1.122579997503789,0.3588809834456767,1,233,1788599921.8600292
1788599982.468202,60.592000,gate_sweep_medium_r05,1.2088245935738087,7.291056135669351,4.963126912713051,164.65103660256406,0.8642731308937073,6.254576206207275,5.239221572875977,165.2638674952369,1.1266031315344314,0.6128308926728295,1,209,1788599921.8761814
1788599982.516913,60.624000,gate_sweep_medium_r05,1.1812187023460865,7.310604551807046,4.964277997612953,163.2744296402999,0.8391051888465881,6.263615131378174,5.2416276931762695,163.93995496465556,1.1358482980741844,0.665525324355637,1,195,1788599921.892889
1788599982.566833,60.656000,gate_sweep_medium_r05,1.153142649680376,7.330904940143228,4.9650347381830215,161.82543146927637,0.8189550638198853,6.280393600463867,5.247189521789551,162.57833061947687,1.137922114755766,0.7528991502004904,1,189,1788599921.9108157
1788599982.615214,60.688000,gate_sweep_medium_r05,1.1174104996025562,7.357209661975503,4.965582147240639,159.94613826955515,0.7992289066314697,6.2961530685424805,5.252679347991943,161.1415482146718,1.1443362369743184,1.195409945116623,1,183,1788599921.927195
1788599982.665716,60.724000,gate_sweep_medium_r05,1.0883481092751026,7.378902414813638,4.965734735131264,158.41536227649974,0.7739485502243042,6.312126159667969,5.256751537322998,159.45956684538498,1.1495866389410836,1.0442045688852504,1,180,1788599921.9416997
1788599982.729603,60.756000,gate_sweep_medium_r05,1.0514303036034107,7.4066376481205225,4.965633645653725,156.50355543900707,0.7530002593994141,6.328180313110352,5.26413106918335,157.98741926429346,1.1581154634036557,1.4838638252864023,1,179,1788599921.973587
1788599982.773253,60.788000,gate_sweep_medium_r05,1.036474782973528,7.417890528216958,4.965505376458168,155.74723346304492,0.7451896667480469,6.358861923217773,5.239819049835205,156.52907585706964,1.1320938991720673,0.7818423940247046,1,397,1788599921.985221
1788599982.823439,60.820000,gate_sweep_medium_r05,0.9985853619873524,7.44629524089396,4.965002790093422,153.89859502701484,0.7177851796150208,6.380534648895264,5.23045539855957,155.06041372204305,1.1336487415505867,1.1618186950282354,1,327,1788599922.0034206
1788599982.875149,60.856000,gate_sweep_medium_r05,0.967730063945055,7.469172457233071,4.964461579918861,152.47910597750368,0.6866825819015503,6.403532028198242,5.2238054275512695,153.45634264949777,1.1321821595756183,0.977236671994109,1,302,1788599922.019133
1788599982.926387,60.888000,gate_sweep_medium_r05,0.9364090152084827,7.492116907611489,4.963968053460121,151.1297953743615,0.6572483777999878,6.418259143829346,5.2273478507995605,152.0729666754335,1.1403815484126651,0.9431713010719796,1,291,1788599922.038372
1788599982.976948,60.920000,gate_sweep_medium_r05,0.9126339741051197,7.509334543719888,4.9636285454034805,150.17033295773146,0.6289983987808228,6.436542510986328,5.225005626678467,150.7855680157077,1.1400218698349514,0.6152350579762452,1,281,1788599922.056927
1788599983.029271,60.952000,gate_sweep_medium_r05,0.872506994754076,7.537890890613198,4.96318031847477,148.68401030078857,0.6001591682434082,6.45784854888916,5.222970008850098,149.58757802009177,1.1437462488450565,0.903567719303181,1,269,1788599922.0772548
1788599983.081809,60.988000,gate_sweep_medium_r05,0.8399790711700916,7.560585478320718,4.962911382317543,147.60541777829837,0.5598934292793274,6.4840521812438965,5.212780952453613,148.34499599987691,1.1400906580568222,0.7395782215785481,1,258,1788599922.0937922
1788599983.132159,61.020000,gate_sweep_medium_r05,0.8071138449013233,7.583055475726724,4.9627435356378555,146.63296325476637,0.5247704982757568,6.504922389984131,5.2080278396606445,147.3466596577536,1.1411630495930518,0.7136964029872349,1,241,1788599922.1121397
1788599983.182084,61.052000,gate_sweep_medium_r05,0.7656225748360157,7.610706785693765,4.962783113121986,145.57014409896513,0.4908367097377777,6.5217604637146,5.205323219299316,146.44718753140637,1.1489721784770288,0.8770434324412252,1,228,1788599922.1300647
1788599983.229416,61.084000,gate_sweep_medium_r05,0.7321945615112782,7.632419088855386,4.962907567620277,144.8442185370473,0.4597204625606537,6.54177188873291,5.202005863189697,145.68082469476522,1.1493134666739757,0.8366061577179187,1,220,1788599922.1454005
1788599983.281044,61.120000,gate_sweep_medium_r05,0.7070470042526722,7.648426512256265,4.963104501366615,144.37260244723504,0.42347967624664307,6.571866035461426,5.201720237731934,144.96384194986567,1.1385650439699846,0.5912395026306412,1,213,1788599922.1610265
1788599983.331570,61.152000,gate_sweep_medium_r05,0.6650992818176746,7.674550035968423,4.963610425591469,143.72273352097955,0.39452651143074036,6.595830917358398,5.199770927429199,144.43994631788297,1.136932866777057,0.7172127969034201,1,199,1788599922.1795516
1788599983.389572,61.184000,gate_sweep_medium_r05,0.6316175647079945,7.694887140765786,4.9641401916742325,143.32376013631642,0.3596718907356262,6.6132402420043945,5.199007987976074,144.0067696139895,1.1397707422688588,0.6830094776730533,1,182,1788599922.2055519
1788599983.432362,61.216000,gate_sweep_medium_r05,0.5982997007668018,7.714607218280435,4.964814439415932,143.0273044929704,0.3454590141773224,6.611352920532227,5.211479187011719,143.4870211906849,1.1584221838351614,0.4597166977145336,1,375,1788599922.216342
1788599983.485126,61.252000,gate_sweep_medium_r05,0.5569989867508411,7.738399485126138,4.965892091393471,142.79353892179208,0.3142455518245697,6.625298023223877,5.214938163757324,143.20183836395051,1.1661681014404894,0.4082994421584134,1,335,1788599922.2331047
1788599983.536299,61.284000,gate_sweep_medium_r05,0.5243645794689655,7.756744364276528,4.96698834002018,142.71138174026578,0.2780788242816925,6.64206075668335,5.209585666656494,143.05798194465686,1.1670602731376798,0.3466002043910897,1,281,1788599922.252279
1788599983.587105,61.316000,gate_sweep_medium_r05,0.5002032704651356,7.770083406940103,4.967889562249184,142.70470043645793,0.2479839324951172,6.662740707397461,5.2090983390808105,143.0302033132802,1.1610357973365977,0.32550287682229184,1,270,1788599922.2710886
1788599983.637600,61.348000,gate_sweep_medium_r05,0.4606158323585987,7.791559198871255,4.969346299767494,142.79273483105138,0.21980208158493042,6.6820549964904785,5.208858013153076,143.0865080858921,1.160326117309777,0.2937732548407125,1,259,1788599922.2895787
1788599983.689735,61.384000,gate_sweep_medium_r05,0.4297046847641468,7.807986238971353,4.9706075340509415,142.9407426167502,0.186937153339386,6.705250263214111,5.206108093261719,143.2415263345984,1.1534397339835039,0.3007837178481877,1,250,1788599922.3057158
1788599983.739811,61.416000,gate_sweep_medium_r05,0.3995574004948139,7.823740938678384,4.971930757164955,143.15209938112844,0.159719318151474,6.724128246307373,5.2039055824279785,143.45401020825014,1.1491225776745335,0.30191082712169404,1,240,1788599922.3237898
1788599983.790617,61.448000,gate_sweep_medium_r05,0.37019096687436104,7.83888671733439,4.973207250237465,143.4182675486491,0.12812930345535278,6.740238666534424,5.197652339935303,143.71053608823297,1.1471691186190518,0.2922685395838429,1,235,1788599922.3425992
1788599983.845513,61.480000,gate_sweep_medium_r05,0.3348321206867695,7.856888273730874,4.974712625145912,143.81468602283348,0.09969782829284668,6.757401466369629,5.1938557624816895,144.0266258230807,1.1455056043784255,0.2119398002472214,1,226,1788599922.3654907
1788599983.899812,61.516000,gate_sweep_medium_r05,0.3144115097820759,7.867197493091226,4.975583806633949,144.08184389287794,0.06707218289375305,6.7772040367126465,5.190861701965332,144.4361342192274,1.1382473587898194,0.3542903263494591,1,219,1788599922.3837981
1788599983.950160,61.548000,gate_sweep_medium_r05,0.28809942677617073,7.880323389545083,4.976703897118568,144.46482478970796,0.03888242691755295,6.794444561004639,5.188195705413818,144.83676319988098,1.1340064939262442,0.37193841017301477,1,216,1788599922.4021273
1788599984.004644,61.580000,gate_sweep_medium_r05,0.2628757990896702,7.89268777705729,4.977739587426186,144.87231217689896,0.010245367884635925,6.807465553283691,5.183764457702637,145.2493602465126,1.1331264964316141,0.37704806961362314,1,211,1788599922.4246247
1788599984.052600,61.612000,gate_sweep_medium_r05,0.2329338677227497,7.907085875049233,4.978892102837563,145.40838080552848,-0.013361308723688126,6.8216400146484375,5.180696964263916,145.69762186241815,1.13118487962725,0.2892410568896489,1,206,1788599922.4405818
1788599984.101177,61.648000,gate_sweep_medium_r05,0.21031682565808296,7.917766550555825,4.979748025536537,145.84920615143,-0.04007713496685028,6.840043067932129,5.1774373054504395,146.21912821104166,1.1239511074370034,0.36992205961165997,1,199,1788599922.453157
1788599984.152668,61.680000,gate_sweep_medium_r05,0.19412924721837044,7.92531249858439,4.980295911431313,146.1829598556654,-0.0637989416718483,6.85299825668335,5.17440128326416,146.67655489786338,1.1198489538247374,0.49359504219798267,1,195,1788599922.4726524
1788599984.204561,61.712000,gate_sweep_medium_r05,0.16851598396897316,7.937141874805093,4.981030240654945,146.73884567754624,-0.08288347721099854,6.862789630889893,5.173513889312744,147.1417481019163,1.1200376726199102,0.402902424370088,1,192,1788599922.4925413
1788599984.254162,61.744000,gate_sweep_medium_r05,0.14934224262833595,7.945884684100747,4.981488481163979,147.17606264501717,-0.10433199256658554,6.872646331787109,5.170592784881592,147.59855410640077,1.118906437627,0.42249146138357896,1,191,1788599922.5101457
1788599984.302691,61.780000,gate_sweep_medium_r05,0.13127591833472252,7.954012373462319,4.981827512383461,147.6036343362294,-0.1294284462928772,6.882296562194824,5.167637348175049,148.0892066079534,1.1185109927638273,0.4855722717240153,1,187,1788599922.522672
1788599984.354656,61.812000,gate_sweep_medium_r05,0.11017889901995659,7.9633440766483545,4.982079282402992,148.1161003902469,-0.1511363685131073,6.891421318054199,5.163301944732666,148.51202566392269,1.1180991560589943,0.3959252736757835,1,183,1788599922.5426383
1788599984.404688,61.844000,gate_sweep_medium_r05,0.09453347697854042,7.970159033313394,4.982136979699135,148.5053762619632,-0.16729137301445007,6.898762226104736,5.162581443786621,148.93106569694564,1.1175882851885022,0.42568943498245515,1,183,1788599922.5606694
1788599984.451978,61.876000,gate_sweep_medium_r05,0.0835532397031784,7.974909285083413,4.982111230492592,148.78306534150425,-0.18276824057102203,6.906982898712158,5.161502361297607,149.32598671351877,1.1151569734234326,0.5429213720145094,1,181,1788599922.5759604
1788599984.503921,61.912000,gate_sweep_medium_r05,0.06660236790776253,7.982210138812661,4.981974378228188,149.21431670174056,-0.2000177800655365,6.915603160858154,5.159116268157959,149.73771625914583,1.11360495594014,0.523399557405259,1,179,1788599922.591903
1788599984.554621,61.944000,gate_sweep_medium_r05,0.05424106493592262,7.987524488940835,4.981767430901527,149.52937424580028,-0.21470622718334198,6.925169944763184,5.155660629272461,150.08656342950158,1.1095804017343058,0.557189183701302,1,177,1788599922.6105945
1788599984.602231,61.976000,gate_sweep_medium_r05,0.04283005744218826,7.992468813434243,4.981498494744301,149.81813654829054,-0.22633591294288635,6.931070327758789,5.155377388000488,150.40717872967537,1.1087158944145623,0.5890421813848374,1,176,1788599922.6262095
1788599984.650559,62.008000,gate_sweep_medium_r05,0.029945080634206533,7.99812743999064,4.9810869842767715,150.13742424208309,-0.23988041281700134,6.936235427856445,5.153603553771973,150.68017996399456,1.1091358839659766,0.5427557219114826,1,173,1788599922.6425362
1788599984.698431,62.044000,gate_sweep_medium_r05,0.02074794564396143,8.002248266711831,4.980752244591713,150.35985431074295,-0.25224462151527405,6.942687034606934,5.152682781219482,150.96635816090733,1.107589750642787,0.6065038501644058,1,173,1788599922.6544156
1788599984.750660,62.076000,gate_sweep_medium_r05,0.014497281052172184,8.005125502124429,4.980485215783119,150.50814398730114,-0.26093631982803345,6.948253154754639,5.151628017425537,151.19432690203084,1.1055011016198866,0.6861829147297147,1,167,1788599922.674641
1788599984.801350,62.108000,gate_sweep_medium_r05,0.007017839699983597,8.00869701243937,4.9801080375909805,150.67950362078875,-0.26977774500846863,6.952783584594727,5.151106357574463,151.38552122297853,1.1049024338166211,0.7060176021897944,1,165,1788599922.6933315
1788599984.857579,62.140000,gate_sweep_medium_r05,-0.0009553283452987671,8.012721518054605,4.979603067040443,150.85359959039863,-0.2823592722415924,6.952325344085693,5.150811195373535,151.53582411184823,1.1103785159195103,0.6822245214495978,1,164,1788599922.7175555
1788599984.906715,62.176000,gate_sweep_medium_r05,-0.006247127428650856,8.015653112903237,4.979165807366371,150.96139751114595,-0.28221049904823303,6.930812835693359,5.192530155181885,151.53248993174168,1.1395431340897948,0.5710924205957191,1,402,1788599922.730695
1788599984.955332,62.208000,gate_sweep_medium_r05,-0.010548964142799377,8.01836440898478,4.978691831231117,151.043850558911,-0.28844040632247925,6.93292760848999,5.192264080047607,151.6194096152634,1.1406181687881365,0.5755590563523927,1,373,1788599922.747314
1788599985.006059,62.240000,gate_sweep_medium_r05,-0.013199713081121445,8.020244577899575,4.978307023644447,151.08844895982028,-0.29644837975502014,6.937932968139648,5.190430641174316,151.68465437530443,1.1386942771910393,0.5962054154841733,1,366,1788599922.7660425
1788599985.058827,62.272000,gate_sweep_medium_r05,-0.016410939395427704,8.023152807727456,4.977552190423012,151.13461926351604,-0.30533868074417114,6.942224025726318,5.187464237213135,151.7176351535624,1.1383977068085513,0.5830158900463739,1,355,1788599922.7868056
1788599985.106383,62.308000,gate_sweep_medium_r05,-0.01796818897128105,8.025260427966714,4.976799741387367,151.14695892940958,-0.3135104477405548,6.9428181648254395,5.186108112335205,151.72010312865302,1.1414186234251158,0.5731441992434607,1,347,1788599922.7983658
1788599985.156112,62.340000,gate_sweep_medium_r05,-0.018638283014297485,8.027218321338296,4.975921884179115,151.13921613043854,-0.3171953856945038,6.942235469818115,5.18680477142334,151.7025912318562,1.1448998750048505,0.5633751014176626,1,345,1788599922.8160973
1788599985.209211,62.372000,gate_sweep_medium_r05,-0.018214907497167587,8.029410818591714,4.974748864769936,151.10558528875097,-0.3201669156551361,6.9432454109191895,5.188022613525391,151.67181758603365,1.1473517333247272,0.5662322972826821,1,338,1788599922.8371866
1788599985.257204,62.404000,gate_sweep_medium_r05,-0.01685025542974472,8.030919531360269,4.973776593804359,151.06095879022553,-0.32204586267471313,6.944511890411377,5.1889262199401855,151.62578171885153,1.1487886152901006,0.5648229286260149,1,333,1788599922.8531876
1788599985.311312,62.440000,gate_sweep_medium_r05,-0.015256531536579132,8.031883696094155,4.972976461052895,151.0183720153768,-0.3236858546733856,6.94672966003418,5.188486576080322,151.56164230099853,1.148534953332731,0.5432702856217194,1,328,1788599922.8712902
1788599985.361609,62.472000,gate_sweep_medium_r05,-0.011585351079702377,8.03313491679728,4.971605554223061,150.9323642038241,-0.3252478241920471,6.948401927947998,5.188340663909912,151.48543543875192,1.1497842892942227,0.5530712349278264,1,323,1788599922.889578
1788599985.410790,62.504000,gate_sweep_medium_r05,-0.007808800786733627,8.033757666125894,4.970722451806068,150.85321692420143,-0.32693880796432495,6.949692249298096,5.187371253967285,151.38091366914776,1.1506426434480372,0.5276967449463285,1,322,1788599922.9067683
1788599985.458966,62.536000,gate_sweep_medium_r05,-0.0033205095678567886,8.034105757251382,4.969899907708168,150.76609100003026,-0.3269827365875244,6.95304012298584,5.182774066925049,151.25617975455984,1.1483795324071147,0.4900887545295892,1,317,1788599922.9229438
1788599985.504419,62.572000,gate_sweep_medium_r05,0.0031227953732013702,8.034230688586831,4.968930497765541,150.64776635556805,-0.3200732171535492,6.955138206481934,5.181405544281006,151.12295490723852,1.146316663422568,0.47518855167046764,1,314,1788599922.9323957
1788599985.556224,62.604000,gate_sweep_medium_r05,0.008751023560762405,8.034133413806558,4.968223348259926,150.54502588601972,-0.3123413920402527,6.953306198120117,5.182480335235596,150.9820742875295,1.1476906665094435,0.4370484015098183,1,302,1788599922.9522076
1788599985.608860,62.636000,gate_sweep_medium_r05,0.013144145719707012,8.034021833911538,4.967742696404457,150.46622399313512,-0.30411505699157715,6.952268600463867,5.1835174560546875,150.84047306805562,1.1477814280957876,0.3742490749204942,1,296,1788599922.9728332
1788599985.661048,62.668000,gate_sweep_medium_r05,0.020616100635379553,8.033823469653726,4.96701742708683,150.3310146260191,-0.29658934473991394,6.9498701095581055,5.185361385345459,150.69295780202722,1.1503252868412348,0.3619431760081063,1,292,1788599922.9930246
1788599985.710621,62.704000,gate_sweep_medium_r05,0.02662682463414967,8.033691862598062,4.966532006859779,150.22082171905797,-0.2896585464477539,6.948713779449463,5.185629844665527,150.52675178801297,1.1511810193902516,0.3059300689550304,1,288,1788599923.0066025
1788599985.763749,62.736000,gate_sweep_medium_r05,0.03257558913901448,8.033632734790444,4.966077104210854,150.11268162021943,-0.2850154936313629,6.948516368865967,5.186848163604736,150.3846788590857,1.1519902274404512,0.2719972388662891,1,284,1788599923.0277233
1788599985.811405,62.768000,gate_sweep_medium_r05,0.038375306874513626,8.03363654948771,4.965631261467934,150.0050926571709,-0.2746351361274719,6.943843364715576,5.1900763511657715,150.25130068677888,1.1558548011292595,0.24620802960796473,1,278,1788599923.0433843
1788599985.864271,62.800000,gate_sweep_medium_r05,0.0453114528208971,8.033866384997964,4.964965596795082,149.8756591846494,-0.2715890407562256,6.942909240722656,5.190810680389404,150.10664783926606,1.1582829599275322,0.23098865461664947,1,276,1788599923.0642529
1788599985.918358,62.836000,gate_sweep_medium_r05,0.04925462789833546,8.034168699756265,4.964535012841225,149.80191563446556,-0.26574012637138367,6.941429615020752,5.193532943725586,149.95940422718826,1.160060539314809,0.15748859272270624,1,274,1788599923.0823383
1788599985.970309,62.868000,gate_sweep_medium_r05,0.05422010459005833,8.034730413928628,4.963965192437172,149.7077488868741,-0.2596254050731659,6.9412641525268555,5.19451904296875,149.8507608716534,1.1607422395840843,0.14301198477928292,1,272,1788599923.1022892
1788599986.022131,62.900000,gate_sweep_medium_r05,0.058824777603149414,8.03549430705607,4.963402047753334,149.6195632439352,-0.2566496431827545,6.940032482147217,5.195213794708252,149.72827058426108,1.1633131160737105,0.1087073403258851,1,270,1788599923.1221159
1788599986.078602,62.932000,gate_sweep_medium_r05,0.0640622116625309,8.036694983020425,4.96275831758976,149.5191330846428,-0.2525465786457062,6.94066858291626,5.196319103240967,149.63192082327373,1.1645023127584375,0.11278773863092131,1,268,1788599923.1465836
1788599986.132790,62.968000,gate_sweep_medium_r05,0.067806176841259,8.037838438525796,4.962290540337563,149.4471705026078,-0.24900338053703308,6.940736770629883,5.197844982147217,149.52682287115655,1.1659700941286966,0.07965236854875142,1,263,1788599923.1647713
1788599986.187649,63.000000,gate_sweep_medium_r05,0.07032101973891258,8.038785437121987,4.962000146508217,149.39736165716235,-0.24734537303447723,6.942058563232422,5.197419166564941,149.44209824170863,1.165823266200201,0.044736584546279136,1,263,1788599923.1876287
1788599986.242323,63.032000,gate_sweep_medium_r05,0.07402520999312401,8.04044578410685,4.961613431572914,149.32305300840247,-0.24738234281539917,6.944377422332764,5.195770263671875,149.36265683052667,1.1659751672754937,0.039603822124206385,1,262,1788599923.2102997
1788599986.288414,63.064000,gate_sweep_medium_r05,0.07651606947183609,8.04187915660441,4.961387887597084,149.27292885495447,-0.2474665492773056,6.946139335632324,5.194835186004639,149.2901254148796,1.1662367399671794,0.017196559925130847,1,261,1788599923.224397
1788599986.339971,63.100000,gate_sweep_medium_r05,0.07857751101255417,8.043390730395913,4.961271062493324,149.2301556933637,-0.24719320237636566,6.946888446807861,5.194479465484619,149.218943451579,1.1674030901284647,0.011212241784706293,1,260,1788599923.239953
1788599986.389641,63.132000,gate_sweep_medium_r05,0.08057258278131485,8.045378187671304,4.9612505584955215,149.18652283444115,-0.24629808962345123,6.945577144622803,5.195595741271973,149.16259923052976,1.171035625187997,0.02392360391139701,1,259,1788599923.2576253
1788599986.444960,63.164000,gate_sweep_medium_r05,0.08169969171285629,8.046991804614663,4.961369290947914,149.15906348877198,-0.24404221773147583,6.943325519561768,5.197964191436768,149.1193626570981,1.1748039016228322,0.039700831673861854,1,257,1788599923.2809296
1788599986.489096,63.196000,gate_sweep_medium_r05,0.08225587010383606,8.048195341601968,4.96152426302433,149.14224500216625,-0.24081604182720184,6.939132213592529,5.202297210693359,149.07652361125764,1.179986480650558,0.06572139090858914,1,256,1788599923.293079
1788599986.542308,63.232000,gate_sweep_medium_r05,0.0826520286500454,8.050146559253335,4.9618795067071915,149.12096387049056,-0.23946724832057953,6.935327053070068,5.205397605895996,149.03311224539803,1.1856999724193762,0.08785162509252367,1,253,1788599923.31029
1788599986.595755,63.264000,gate_sweep_medium_r05,0.08251078426837921,8.051695326343179,4.962229028344154,149.1105226238221,-0.2397950440645218,6.929893970489502,5.207849979400635,148.99030722314558,1.1927484984565668,0.12021540067651108,1,249,1788599923.331735
1788599986.642707,63.296000,gate_sweep_medium_r05,0.08206994831562042,8.053203085437417,4.962539449334145,149.105586096183,-0.2405032366514206,6.927697658538818,5.209193229675293,148.97141548990143,1.1965174520225592,0.1341706062815747,1,246,1788599923.3466885
1788599986.690033,63.328000,gate_sweep_medium_r05,0.0810663215816021,8.055057981982827,4.962999120354652,149.10643384166056,-0.2407553791999817,6.924954414367676,5.211192607879639,148.9589952442285,1.200959319827387,0.147438597432071,1,242,1788599923.362015
1788599986.740021,63.364000,gate_sweep_medium_r05,0.07994252815842628,8.056502798572183,4.963433042168617,149.11118539266332,-0.24153393507003784,6.924437999725342,5.21218729019165,148.94983915873684,1.2028285418577018,0.16134623392645786,1,241,1788599923.3759947
1788599986.791006,63.396000,gate_sweep_medium_r05,0.07891794666647911,8.057569960132241,4.963826432824135,149.1176090324851,-0.24213966727256775,6.923376560211182,5.213823318481445,148.95232041110236,1.2049776357804658,0.16528862138271253,1,239,1788599923.3949769
1788599986.840373,63.428000,gate_sweep_medium_r05,0.07734261825680733,8.058996656909585,4.964367642998695,149.12891337194526,-0.24432776868343353,6.924188137054443,5.214208602905273,148.95585389523393,1.2056876543355424,0.17305947671135583,1,239,1788599923.4123518
1788599986.887738,63.460000,gate_sweep_medium_r05,0.07504784688353539,8.060814360156655,4.965068116784096,149.14748810344824,-0.2471160739660263,6.924691677093506,5.214624404907227,148.96630863329614,1.2069973835139691,0.1811794701520808,1,237,1788599923.4277196
1788599986.939116,63.496000,gate_sweep_medium_r05,0.07299051061272621,8.062302092090249,4.965690866112709,149.16476431704746,-0.24889938533306122,6.925473690032959,5.215841293334961,148.9856005073149,1.2077115371956983,0.17916380973254356,1,236,1788599923.4430962
1788599986.992744,63.528000,gate_sweep_medium_r05,0.07075328752398491,8.063784101977944,4.966295018792152,149.1854069574489,-0.2528519630432129,6.927830696105957,5.215130805969238,149.0027278212424,1.207074872361639,0.18267913620651302,1,234,1788599923.4647217
1788599987.038825,63.560000,gate_sweep_medium_r05,0.06899314746260643,8.064857939258218,4.966723218560219,149.20079005705705,-0.25391703844070435,6.927539825439453,5.217169761657715,149.0273609144234,1.2085060823718965,0.17342914263363984,1,232,1788599923.4788022
1788599987.091099,63.592000,gate_sweep_medium_r05,0.065855722874403,8.066630819812417,4.967430368065834,149.22890352711136,-0.2578853666782379,6.928791046142578,5.216638565063477,149.04331456893885,1.2089633447961015,0.1855889581725019,1,232,1788599923.4990833
1788599987.140306,63.628000,gate_sweep_medium_r05,0.06319846212863922,8.068030813708901,4.967901483178139,149.25366023772284,-0.26123687624931335,6.930813789367676,5.216649055480957,149.07131963079019,1.2084685366059285,0.18234060693265972,1,232,1788599923.5122883
1788599987.190032,63.660000,gate_sweep_medium_r05,0.06043118238449097,8.069361189380288,4.968215242028236,149.27950832696413,-0.26305314898490906,6.931039333343506,5.217470645904541,149.0983056095085,1.2093581011983474,0.18120271745566668,1,231,1788599923.530011
1788599987.243436,63.692000,gate_sweep_medium_r05,0.056814610958099365,8.070834616199136,4.9684994369745255,149.31136433089617,-0.26710936427116394,6.932170391082764,5.216702938079834,149.12087529432537,1.209581719954931,0.19048903657081986,1,228,1788599923.5514178
1788599987.291135,63.724000,gate_sweep_medium_r05,0.05380087159574032,8.0718207154423,4.968640580773354,149.33617980796495,-0.2710201144218445,6.931944847106934,5.216818332672119,149.13885062494194,1.2109574165544659,0.19732918302302033,1,227,1788599923.5671043
1788599987.348726,63.760000,gate_sweep_medium_r05,0.051489658653736115,8.072440603747964,4.96872116625309,149.3546249434199,-0.27374204993247986,6.933160781860352,5.216645240783691,149.17395226750438,1.2104546763766226,0.18067267591552694,1,226,1788599923.5887072
1788599987.402523,63.792000,gate_sweep_medium_r05,0.04757319763302803,8.073254087939858,4.968852296471596,149.38324204967105,-0.27587956190109253,6.933084487915039,5.217462539672852,149.20018466569675,1.2109564226245229,0.183057383974286,1,225,1788599923.6104965
1788599987.450292,63.824000,gate_sweep_medium_r05,0.04440031759440899,8.073690870776772,4.969026818871498,149.40514656479988,-0.2780151069164276,6.931919097900391,5.219236850738525,149.22196652851693,1.2125178544444934,0.18318003628294657,1,224,1788599923.626271
1788599987.499813,63.856000,gate_sweep_medium_r05,0.041173823177814484,8.073935965076089,4.96932627260685,149.4257402670538,-0.2803496718406677,6.931891441345215,5.220444202423096,149.24705676834103,1.2127255529210952,0.17868349871280353,1,223,1788599923.6437945
1788599987.546635,63.892000,gate_sweep_medium_r05,0.03711190074682236,8.074051359668374,4.969686284661293,149.44881391619256,-0.28191277384757996,6.930544376373291,5.222759246826172,149.27219611624065,1.2138496150774163,0.17661779995191446,1,221,1788599923.6546197
1788599987.596865,63.924000,gate_sweep_medium_r05,0.03384811989963055,8.073987463489175,4.969921365380287,149.46489631393024,-0.28455331921577454,6.92685604095459,5.224992275238037,149.28058172032294,1.2175184376643509,0.1843145936072998,1,221,1788599923.672843
1788599987.645794,63.956000,gate_sweep_medium_r05,0.03136675292626023,8.07382438518107,4.970078244805336,149.4762566659592,-0.28771474957466125,6.923462390899658,5.226518154144287,149.28951547873024,1.2210270882446141,0.18674118722895153,1,221,1788599923.6897802
1788599987.693366,63.988000,gate_sweep_medium_r05,0.027209404157474637,8.073330381885171,4.970414891839027,149.49296968423673,-0.2897471487522125,6.920902729034424,5.228437423706055,149.30390962622587,1.2227536867409334,0.18906005801086104,1,221,1788599923.705349
1788599987.743121,64.024000,gate_sweep_medium_r05,0.023868625867180526,8.072720983996987,4.970700994133949,149.50456084309243,-0.2916174530982971,6.919551849365234,5.230224609375,149.31981432992305,1.2233899729669777,0.1847465131693705,1,221,1788599923.719107
1788599987.792236,64.056000,gate_sweep_medium_r05,0.020520024932920933,8.071936110034585,4.9709761291742325,149.5143240776562,-0.292953222990036,6.9184136390686035,5.232129096984863,149.3343528151123,1.223552385794385,0.17997126254390008,1,219,1788599923.7362194
1788599987.841647,64.088000,gate_sweep_medium_r05,0.017228794749826193,8.071011045947671,4.971299901604652,149.52262544654454,-0.29366934299468994,6.917003631591797,5.234158039093018,149.34867589234946,1.2237177635734435,0.17394955419506986,1,218,1788599923.753633
1788599987.892913,64.120000,gate_sweep_medium_r05,0.013225197792053223,8.069652060046792,4.971800580620766,149.5296496083136,-0.2955337464809418,6.915807247161865,5.234806060791016,149.35636250344484,1.2230542998941665,0.17328710486874965,1,218,1788599923.7728987
