t_wall,t_sim,exp_id,gt_x,gt_y,gt_z,gt_dyaw_deg,vslam_x,vslam_y,vslam_z,vslam_dyaw_deg,pos_error_m,yaw_error_deg,vo_state,feature_count,msg_age_s
1788683534.334823,36.172000,gate_sweep_poor_extreme_r17,-5.47356903553009e-05,4.782527685165405e-05,-9.420514106750488e-05,-6.156423722384375e-05,0.0,0.0,0.0,0.0,0.00011898681232875025,6.156423722384377e-05,,,1788683498.1628053
1788683534.438952,36.204000,gate_sweep_poor_extreme_r17,-0.0002807043492794037,0.00024855509400367737,-0.0004976093769073486,0.0006011079419833167,0.0,0.0,0.0,0.0,0.0006230486806387364,0.0006011079419833167,1,145,1788683498.234936
1788683534.483145,36.236000,gate_sweep_poor_extreme_r17,-0.00047497963532805443,0.00040680915117263794,-0.0008433610200881958,0.0010932183013615101,0.0,0.0,0.0,0.0,0.0010499319738241978,0.0010932183013615101,1,145,1788683498.2471287
1788683534.526284,36.268000,gate_sweep_poor_extreme_r17,-0.0008674501441419125,0.0006914194673299789,-0.001494571566581726,0.003044281594558524,0.0,0.0,0.0,0.0,0.0018612562424366107,0.003044281594558524,1,145,1788683498.2582667
1788683534.569053,36.304000,gate_sweep_poor_extreme_r17,-0.0012085260823369026,0.0009291544556617737,-0.002006739377975464,0.0034065293230965145,0.0,0.0,0.0,0.0,0.0025200925033184913,0.0034065293230965145,1,145,1788683498.265035
1788683534.614074,36.336000,gate_sweep_poor_extreme_r17,-0.0015319492667913437,0.0011360608041286469,-0.0024025291204452515,0.004848271193069522,0.0,0.0,0.0,0.0,0.0030675150987871922,0.004848271193069522,1,145,1788683498.2780585
1788683534.661659,36.368000,gate_sweep_poor_extreme_r17,-0.0018722005188465118,0.001356242224574089,-0.0028190314769744873,0.005951896498684266,0.0,0.0,0.0,0.0,0.003645746319021632,0.005951896498684266,1,145,1788683498.293644
1788683534.704702,36.400000,gate_sweep_poor_extreme_r17,-0.002062012907117605,0.001483151689171791,-0.003115832805633545,0.0066042424707357964,0.0,0.0,0.0,0.0,0.004019956496639602,0.0066042424707357964,1,145,1788683498.3046842
1788683534.749090,36.436000,gate_sweep_poor_extreme_r17,-0.002165260724723339,0.0015238747000694275,-0.0032746195793151855,0.006993973249287443,0.0,0.0,0.0,0.0,0.004211137791235937,0.006993973249287442,1,145,1788683498.313075
1788683534.794802,36.468000,gate_sweep_poor_extreme_r17,-0.0022807614877820015,0.001492934301495552,-0.0034979432821273804,0.009170245801912804,0.0,0.0,0.0,0.0,0.004434673944915415,0.009170245801912804,1,145,1788683498.3267856
1788683534.838074,36.500000,gate_sweep_poor_extreme_r17,-0.0022711739875376225,0.0013833269476890564,-0.003683313727378845,0.008641249199411873,0.0,0.0,0.0,0.0,0.004542975318023168,0.008641249199411873,1,145,1788683498.3380527
1788683534.881278,36.532000,gate_sweep_poor_extreme_r17,-0.002129062544554472,0.0011852886527776718,-0.0039054453372955322,0.00892815479578618,0.0,0.0,0.0,0.0,0.004603294449807842,0.008928154795786179,1,145,1788683498.3492606
1788683534.928185,36.568000,gate_sweep_poor_extreme_r17,-0.0017770449630916119,0.000872541218996048,-0.004178300499916077,0.009294090154161837,0.0,0.0,0.0,0.0,0.004623571352028139,0.009294090154161837,1,145,1788683498.3601677
1788683534.971908,36.600000,gate_sweep_poor_extreme_r17,-0.001390902791172266,0.0006140917539596558,-0.004372879862785339,0.008823528671361288,0.0,0.0,0.0,0.0,0.0046296649502016425,0.008823528671361287,1,145,1788683498.3718908
1788683535.016447,36.632000,gate_sweep_poor_extreme_r17,-0.0010830918326973915,0.00042525678873062134,-0.004524990916252136,0.008338176204852814,0.0,0.0,0.0,0.0,0.004672202269442283,0.008338176204852814,1,145,1788683498.3844266
1788683535.060607,36.664000,gate_sweep_poor_extreme_r17,-0.0004883916117250919,0.0001392718404531479,-0.004827603697776794,0.008352095440583001,0.0,0.0,0.0,0.0,0.0048542435532979615,0.008352095440583001,1,145,1788683498.3965788
1788683535.108130,36.700000,gate_sweep_poor_extreme_r17,3.899354487657547e-05,-6.571225821971893e-05,-0.005084335803985596,0.007047550671371287,0.0,0.0,0.0,0.0,0.005084909946607927,0.007047550671371288,1,145,1788683498.4081073
1788683535.153484,36.732000,gate_sweep_poor_extreme_r17,0.0005877767689526081,-0.0002317093312740326,-0.005334064364433289,0.00647044985558083,0.0,0.0,0.0,0.0,0.0053713511696999415,0.00647044985558083,1,145,1788683498.4214613
1788683535.197394,36.764000,gate_sweep_poor_extreme_r17,0.0011340160854160786,-0.0003296174108982086,-0.005617544054985046,0.007120369279979654,0.0,0.0,0.0,0.0,0.005740334600809215,0.007120369279979654,1,145,1788683498.4333737
1788683535.243756,36.796000,gate_sweep_poor_extreme_r17,0.0018189295660704374,-0.000302877277135849,-0.005988135933876038,0.006939718446882238,0.0,0.0,0.0,0.0,0.006265621387692354,0.006939718446882238,1,145,1788683498.447739
1788683535.291907,36.832000,gate_sweep_poor_extreme_r17,0.00225154054351151,-0.0001529492437839508,-0.006191626191139221,0.006410552612969019,0.0,0.0,0.0,0.0,0.00659007307858201,0.006410552612969018,1,145,1788683498.4598892
1788683535.339064,36.864000,gate_sweep_poor_extreme_r17,0.0028613610193133354,0.00018770061433315277,-0.0063688308000564575,0.005235110772023054,0.0,0.0,0.0,0.0,0.0069845990696112735,0.005235110772023053,1,145,1788683498.475046
1788683535.386402,36.896000,gate_sweep_poor_extreme_r17,0.0034789491910487413,0.00063323974609375,-0.006453722715377808,0.004469906177907638,0.0,0.0,0.0,0.0,0.007358982058472155,0.0044699061779076375,1,145,1788683498.490382
1788683535.437447,36.928000,gate_sweep_poor_extreme_r17,0.00420017953729257,0.001363338902592659,-0.006469413638114929,0.0032397806700946575,0.0,0.0,0.0,0.0,0.00783284839185856,0.003239780670094657,1,145,1788683498.5094292
1788683535.479230,36.964000,gate_sweep_poor_extreme_r17,0.0047570486858603545,0.002043670043349266,-0.006468340754508972,0.002033520311338685,0.0,0.0,0.0,0.0,0.008285259897080514,0.0020335203113386853,1,145,1788683498.515211
1788683535.524672,36.996000,gate_sweep_poor_extreme_r17,0.005183233006391674,0.002619083970785141,-0.006476268172264099,0.0008270494330980048,0.0,0.0,0.0,0.0,0.008698709943644098,0.0008270494330980048,1,145,1788683498.5286503
1788683535.568452,37.028000,gate_sweep_poor_extreme_r17,0.005868943640962243,0.0037294961512088776,-0.006473734974861145,0.0005777374497713508,0.0,0.0,0.0,0.0,0.00950067816144792,0.0005777374497713508,1,145,1788683498.5404327
1788683535.612336,37.060000,gate_sweep_poor_extreme_r17,0.006360660423524678,0.0047086067497730255,-0.006455600261688232,-0.00020879709863099282,0.0,0.0,0.0,0.0,0.010212920898847224,0.00020879709863099285,1,145,1788683498.5523162
1788683535.655639,37.096000,gate_sweep_poor_extreme_r17,0.006808561738580465,0.0057609304785728455,-0.006423935294151306,-0.0008617434284017214,0.0,0.0,0.0,0.0,0.010991441106172303,0.0008617434284017214,1,145,1788683498.5596206
1788683535.700644,37.128000,gate_sweep_poor_extreme_r17,0.0073162345215678215,0.007158191874623299,-0.006339579820632935,-0.0005888562946079301,0.0,0.0,0.0,0.0,0.012039820214217489,0.0005888562946079301,1,145,1788683498.572626
1788683535.744750,37.160000,gate_sweep_poor_extreme_r17,0.007658306276425719,0.008282352238893509,-0.0062226951122283936,-0.0012213953561714085,0.0,0.0,0.0,0.0,0.01288289362264538,0.0012213953561714085,1,145,1788683498.5847316
1788683535.788512,37.192000,gate_sweep_poor_extreme_r17,0.007878118893131614,0.009115016087889671,-0.006106525659561157,-0.002308426497660825,0.0,0.0,0.0,0.0,0.013506958621676593,0.002308426497660825,1,145,1788683498.5964952
1788683535.837571,37.228000,gate_sweep_poor_extreme_r17,0.008224514778703451,0.010445946827530861,-0.0059546977281570435,-0.003456424599282106,0.0,0.0,0.0,0.0,0.014567733986534494,0.003456424599282106,1,145,1788683498.609552
1788683535.882653,37.260000,gate_sweep_poor_extreme_r17,0.008504114812240005,0.011473268270492554,-0.005871474742889404,-0.0036820528622083597,0.0,0.0,0.0,0.0,0.015441180952337786,0.0036820528622083597,1,145,1788683498.6226318
1788683535.926307,37.292000,gate_sweep_poor_extreme_r17,0.008799306582659483,0.012451538816094398,-0.00579226016998291,-0.0042906468103818575,0.0,0.0,0.0,0.0,0.016310085625192483,0.0042906468103818575,1,145,1788683498.6342885
1788683535.968802,37.324000,gate_sweep_poor_extreme_r17,0.009199783205986023,0.013559069484472275,-0.0057386308908462524,-0.0048991418236759695,0.0,0.0,0.0,0.0,0.017361343865705342,0.0048991418236759695,1,145,1788683498.6447823
1788683536.021451,37.360000,gate_sweep_poor_extreme_r17,0.009536281693726778,0.014313503168523312,-0.00571732223033905,-0.005117750799729918,0.0,0.0,0.0,0.0,0.018124701790180286,0.005117750799729918,1,145,1788683498.6614323
1788683536.067051,37.392000,gate_sweep_poor_extreme_r17,0.009820613544434309,0.014828610233962536,-0.005691021680831909,-0.004499232941543041,0.0,0.0,0.0,0.0,0.01867404240199759,0.004499232941543041,1,145,1788683498.6750312
1788683536.110770,37.424000,gate_sweep_poor_extreme_r17,0.01022321917116642,0.01547526940703392,-0.005692228674888611,-0.0053637437008799945,0.0,0.0,0.0,0.0,0.019401021641377775,0.0053637437008799945,1,145,1788683498.6867516
1788683536.169202,37.456000,gate_sweep_poor_extreme_r17,0.01075113145634532,0.016224969178438187,-0.005718588829040527,-0.006375173332030751,0.0,0.0,0.0,0.0,0.02028641689970198,0.006375173332030751,1,145,1788683498.7131867
1788683536.275003,37.492000,gate_sweep_poor_extreme_r17,0.011172177270054817,0.01675284467637539,-0.0057901740074157715,-0.00636803986286292,0.0,0.0,0.0,0.0,0.020952361793851355,0.00636803986286292,1,145,1788683498.7829852
1788683536.318075,37.524000,gate_sweep_poor_extreme_r17,0.011602647136896849,0.01718917302787304,-0.0059182047843933105,-0.006293102908808594,0.0,0.0,0.0,0.0,0.021566507316566456,0.006293102908808594,1,145,1788683498.7940583
1788683536.365372,37.556000,gate_sweep_poor_extreme_r17,0.011921179480850697,0.017467012628912926,-0.006024375557899475,-0.006169945407856346,0.0,0.0,0.0,0.0,0.021988727822588462,0.006169945407856346,1,145,1788683498.8093514
1788683536.408689,37.588000,gate_sweep_poor_extreme_r17,0.012454577255994081,0.01784308534115553,-0.006074756383895874,-0.006542688200049599,0.0,0.0,0.0,0.0,0.02259192010965354,0.006542688200049599,1,145,1788683498.8206728
1788683536.455132,37.624000,gate_sweep_poor_extreme_r17,0.01290324842557311,0.018041739240288734,-0.006086498498916626,-0.006388434611096555,0.0,0.0,0.0,0.0,0.023000948648348042,0.006388434611096555,1,145,1788683498.831114
1788683536.503460,37.656000,gate_sweep_poor_extreme_r17,0.013383616227656603,0.01816055364906788,-0.006118834018707275,-0.006381242682810478,0.0,0.0,0.0,0.0,0.02337449511579566,0.006381242682810478,1,145,1788683498.847443
1788683536.552085,37.688000,gate_sweep_poor_extreme_r17,0.014004452619701624,0.01825549267232418,-0.006232842803001404,-0.0071599847501083455,0.0,0.0,0.0,0.0,0.02383770197174375,0.0071599847501083455,1,145,1788683498.8640652
1788683536.604015,37.720000,gate_sweep_poor_extreme_r17,0.014545497950166464,0.018305507488548756,-0.00633317232131958,-0.007283083256121457,0.0,0.0,0.0,0.0,0.02422338099199077,0.007283083256121457,1,145,1788683498.88399
1788683536.648691,37.756000,gate_sweep_poor_extreme_r17,0.014974511694163084,0.018343758769333363,-0.006395474076271057,-0.00753563321759004,0.0,0.0,0.0,0.0,0.024528179201204005,0.00753563321759004,1,145,1788683498.8926754
1788683536.696120,37.788000,gate_sweep_poor_extreme_r17,0.015702986624091864,0.018411722965538502,-0.006408438086509705,-0.0072280645008632105,0.0,0.0,0.0,0.0,0.02503284662567911,0.0072280645008632105,1,145,1788683498.9081013
1788683536.741719,37.820000,gate_sweep_poor_extreme_r17,0.01626033103093505,0.018443540669977665,-0.0063096582889556885,-0.0062200232080887345,0.0,0.0,0.0,0.0,0.025384529647092077,0.0062200232080887345,1,145,1788683498.921703
1788683536.791446,37.852000,gate_sweep_poor_extreme_r17,0.016755111049860716,0.01842241082340479,-0.006161540746688843,-0.0074297206396795904,0.0,0.0,0.0,0.0,0.025653139207757275,0.0074297206396795904,1,145,1788683498.939427
1788683536.840479,37.888000,gate_sweep_poor_extreme_r17,0.017243220005184412,0.018285260535776615,-0.005984514951705933,-0.006882579218150797,0.0,0.0,0.0,0.0,0.025835901536730113,0.006882579218150797,1,145,1788683498.9524598
1788683536.891967,37.920000,gate_sweep_poor_extreme_r17,0.017493130173534155,0.018053438514471054,-0.005837187170982361,-0.007422172436016367,0.0,0.0,0.0,0.0,0.025807150162950557,0.007422172436016367,1,145,1788683498.97195
1788683536.937613,37.952000,gate_sweep_poor_extreme_r17,0.01764196017757058,0.017852184362709522,-0.005738452076911926,-0.0072033471983830085,0.0,0.0,0.0,0.0,0.025746243952587948,0.0072033471983830085,1,145,1788683498.9855947
1788683536.982664,37.984000,gate_sweep_poor_extreme_r17,0.0178253217600286,0.01743751298636198,-0.005648449063301086,-0.007490290773951603,0.0,0.0,0.0,0.0,0.02556783001779382,0.007490290773951603,1,145,1788683498.9986482
1788683537.047483,38.020000,gate_sweep_poor_extreme_r17,0.017913623247295618,0.017097676172852516,-0.005558103322982788,-0.006899086199135995,0.0,0.0,0.0,0.0,0.0253795378387143,0.006899086199135995,1,145,1788683499.0274665
1788683537.145823,38.052000,gate_sweep_poor_extreme_r17,0.017939995508641005,0.016764743253588676,-0.005497857928276062,-0.00684460138291002,0.0,0.0,0.0,0.0,0.025162005027587017,0.00684460138291002,1,145,1788683499.0938034
1788683537.191432,38.084000,gate_sweep_poor_extreme_r17,0.017890330869704485,0.016396342776715755,-0.0055406540632247925,-0.0070256705585828964,0.0,0.0,0.0,0.0,0.024891822804434985,0.007025670558582895,1,145,1788683499.107406
1788683537.244055,38.116000,gate_sweep_poor_extreme_r17,0.017728117760270834,0.015920513309538364,-0.005715683102607727,-0.007315677797721823,0.0,0.0,0.0,0.0,0.02450342703971536,0.007315677797721823,1,145,1788683499.1280358
1788683537.293123,38.152000,gate_sweep_poor_extreme_r17,0.01756835775449872,0.01566398050636053,-0.005854174494743347,-0.006530223959720707,0.0,0.0,0.0,0.0,0.024254460177637462,0.006530223959720707,1,145,1788683499.141101
1788683537.335889,38.184000,gate_sweep_poor_extreme_r17,0.017289194744080305,0.015350781381130219,-0.006093457341194153,-0.005525580190811345,0.0,0.0,0.0,0.0,0.023910101762203796,0.005525580190811345,1,145,1788683499.1518717
1788683537.381227,38.216000,gate_sweep_poor_extreme_r17,0.016951346304267645,0.015064693056046963,-0.006392225623130798,-0.005627938044507119,0.0,0.0,0.0,0.0,0.02356169914961839,0.00562793804450712,1,145,1788683499.1652086
1788683537.426179,38.248000,gate_sweep_poor_extreme_r17,0.01642945548519492,0.01471865177154541,-0.0068044960498809814,-0.005231800485319794,0.0,0.0,0.0,0.0,0.023083909634307273,0.005231800485319794,1,145,1788683499.1781638
1788683537.470909,38.284000,gate_sweep_poor_extreme_r17,0.015983284916728735,0.01446584239602089,-0.00710044801235199,-0.0048827647183527795,0.0,0.0,0.0,0.0,0.022696747673002778,0.004882764718352779,1,145,1788683499.1868906
1788683537.518884,38.316000,gate_sweep_poor_extreme_r17,0.015633418690413237,0.014299544505774975,-0.007257312536239624,-0.004558073030597074,0.0,0.0,0.0,0.0,0.022395297235604218,0.004558073030597074,1,145,1788683499.2028546
1788683537.564693,38.348000,gate_sweep_poor_extreme_r17,0.014981597196310759,0.014073234051465988,-0.007344827055931091,-0.003854650955666276,0.0,0.0,0.0,0.0,0.02182774967103539,0.003854650955666276,1,145,1788683499.216675
1788683537.613019,38.380000,gate_sweep_poor_extreme_r17,0.014341854024678469,0.013945280574262142,-0.007265537977218628,-0.0034721890812526935,0.0,0.0,0.0,0.0,0.0212825672619279,0.0034721890812526935,1,145,1788683499.232999
1788683537.654944,38.416000,gate_sweep_poor_extreme_r17,0.013603208120912313,0.01386067271232605,-0.0071205198764801025,-0.0032678229617276846,0.0,0.0,0.0,0.0,0.02068495401325376,0.0032678229617276846,1,145,1788683499.2389278
1788683537.702050,38.448000,gate_sweep_poor_extreme_r17,0.012627966236323118,0.013823241926729679,-0.006931096315383911,-0.002718008141869215,0.0,0.0,0.0,0.0,0.019964659896019827,0.002718008141869215,1,145,1788683499.2540286
1788683537.754352,38.480000,gate_sweep_poor_extreme_r17,0.011830211617052555,0.01384474616497755,-0.006824180483818054,-0.001942527305696868,0.0,0.0,0.0,0.0,0.019447373667223784,0.001942527305696868,1,145,1788683499.2743368
1788683537.803852,38.512000,gate_sweep_poor_extreme_r17,0.011207789648324251,0.013876967132091522,-0.006740465760231018,-0.0014132874089229763,0.0,0.0,0.0,0.0,0.01906878717305008,0.001413287408922976,1,145,1788683499.291827
1788683537.847420,38.548000,gate_sweep_poor_extreme_r17,0.010097702499479055,0.013918432407081127,-0.006604209542274475,0.0005409735680585576,0.0,0.0,0.0,0.0,0.01842015038257671,0.0005409735680585576,1,145,1788683499.299398
1788683537.890997,38.580000,gate_sweep_poor_extreme_r17,0.009170340839773417,0.013968759216368198,-0.00653761625289917,0.0008552851371555162,0.0,0.0,0.0,0.0,0.01794329433054753,0.0008552851371555162,1,145,1788683499.3109746
1788683537.937472,38.612000,gate_sweep_poor_extreme_r17,0.008220058400183916,0.014064601622521877,-0.006395488977432251,0.0015895611060427564,0.0,0.0,0.0,0.0,0.017500990205218007,0.0015895611060427564,1,145,1788683499.3254511
1788683537.980907,38.644000,gate_sweep_poor_extreme_r17,0.007022123783826828,0.014205857180058956,-0.006120353937149048,0.002894715559306212,0.0,0.0,0.0,0.0,0.016987505201517816,0.002894715559306212,1,145,1788683499.3368578
1788683538.026781,38.680000,gate_sweep_poor_extreme_r17,0.006061203544959426,0.014274080283939838,-0.00585252046585083,0.003652665044008386,0.0,0.0,0.0,0.0,0.01657526929401123,0.003652665044008386,1,145,1788683499.3467627
1788683538.073922,38.712000,gate_sweep_poor_extreme_r17,0.0053368539665825665,0.014289455488324165,-0.005614489316940308,0.004175322091539649,0.0,0.0,0.0,0.0,0.016254016079217545,0.0041753220915396495,1,145,1788683499.361902
1788683538.116505,38.744000,gate_sweep_poor_extreme_r17,0.004384540283353999,0.014296742156147957,-0.005281582474708557,0.004233028198299676,0.0,0.0,0.0,0.0,0.01585926048757888,0.004233028198299675,1,145,1788683499.372486
1788683538.166386,38.776000,gate_sweep_poor_extreme_r17,0.0032103931298479438,0.014287429861724377,-0.004733026027679443,0.0050053799906889275,0.0,0.0,0.0,0.0,0.015389568268166568,0.0050053799906889275,1,145,1788683499.3903644
1788683538.209850,38.812000,gate_sweep_poor_extreme_r17,0.0022710904013365507,0.014297721907496452,-0.0042563676834106445,0.006146506705839216,0.0,0.0,0.0,0.0,0.015089710706687836,0.006146506705839216,1,145,1788683499.3978322
1788683538.258004,38.844000,gate_sweep_poor_extreme_r17,0.0013480654451996088,0.014283297583460808,-0.0037707090377807617,0.0073216638476426765,0.0,0.0,0.0,0.0,0.014834018907559747,0.0073216638476426765,1,145,1788683499.4139886
1788683538.304391,38.876000,gate_sweep_poor_extreme_r17,0.000662483274936676,0.014232441782951355,-0.0033854395151138306,0.006822821521133629,0.0,0.0,0.0,0.0,0.01464453768150994,0.006822821521133629,1,145,1788683499.4283724
1788683538.349816,38.908000,gate_sweep_poor_extreme_r17,-0.0005339956842362881,0.014035671018064022,-0.002730846405029297,0.008110890846885595,0.0,0.0,0.0,0.0,0.014308834138600068,0.008110890846885595,1,145,1788683499.441797
1788683538.395318,38.944000,gate_sweep_poor_extreme_r17,-0.0015542306937277317,0.013775226660072803,-0.00220431387424469,0.009012942883912429,0.0,0.0,0.0,0.0,0.0140367910236597,0.00901294288391243,1,145,1788683499.4512937
1788683538.442810,38.976000,gate_sweep_poor_extreme_r17,-0.0026037157513201237,0.01344247441738844,-0.0017793327569961548,0.009504856126544866,0.0,0.0,0.0,0.0,0.01380744289272763,0.009504856126544866,1,145,1788683499.46679
1788683538.492021,39.008000,gate_sweep_poor_extreme_r17,-0.0039054271765053272,0.012941763736307621,-0.0013172775506973267,0.01014000896822705,0.0,0.0,0.0,0.0,0.013582224787676152,0.01014000896822705,1,145,1788683499.4840012
1788683538.537098,39.040000,gate_sweep_poor_extreme_r17,-0.004957261029630899,0.012417228892445564,-0.0009815990924835205,0.011072768251136516,0.0,0.0,0.0,0.0,0.013406175706056019,0.011072768251136516,1,145,1788683499.4970798
1788683538.582238,39.076000,gate_sweep_poor_extreme_r17,-0.005753150675445795,0.011959711089730263,-0.0007240474224090576,0.011896138355710571,0.0,0.0,0.0,0.0,0.013291263172253293,0.011896138355710571,1,145,1788683499.5062199
1788683538.625133,39.108000,gate_sweep_poor_extreme_r17,-0.007085602264851332,0.011063583195209503,-0.0003620237112045288,0.01286965109823789,0.0,0.0,0.0,0.0,0.013143047353656713,0.01286965109823789,1,145,1788683499.5171142
1788683538.668178,39.140000,gate_sweep_poor_extreme_r17,-0.008181966375559568,0.01027257926762104,-0.00011715292930603027,0.01374756605701452,0.0,0.0,0.0,0.0,0.013133323394677753,0.013747566057014523,1,145,1788683499.528159
1788683538.712998,39.172000,gate_sweep_poor_extreme_r17,-0.009299323428422213,0.009414596483111382,-1.0281801223754883e-05,0.014461831415073224,0.0,0.0,0.0,0.0,0.013232994705721448,0.014461831415073224,1,145,1788683499.5409791
1788683538.757102,39.208000,gate_sweep_poor_extreme_r17,-0.010647949296981096,0.008197447285056114,3.388524055480957e-05,0.01622127840705,0.0,0.0,0.0,0.0,0.013437935646217447,0.01622127840705,1,145,1788683499.54908
1788683538.802170,39.240000,gate_sweep_poor_extreme_r17,-0.011617803480476141,0.007086459547281265,9.953975677490234e-06,0.016997118132110575,0.0,0.0,0.0,0.0,0.013608503433803775,0.016997118132110575,1,145,1788683499.562148
1788683538.845207,39.272000,gate_sweep_poor_extreme_r17,-0.012295735534280539,0.006211366504430771,-4.1097402572631836e-05,0.01717122944630772,0.0,0.0,0.0,0.0,0.013775626126526223,0.017171229446307716,1,145,1788683499.5731866
1788683538.890333,39.304000,gate_sweep_poor_extreme_r17,-0.013282872270792723,0.00458129495382309,-0.00016738474369049072,0.017580940249497374,0.0,0.0,0.0,0.0,0.014051725049563825,0.017580940249497374,1,145,1788683499.58631
1788683538.933287,39.340000,gate_sweep_poor_extreme_r17,-0.013944778125733137,0.003197556361556053,-0.00028167665004730225,0.0171640393873044,0.0,0.0,0.0,0.0,0.014309456502482365,0.0171640393873044,1,145,1788683499.59327
1788683538.977736,39.372000,gate_sweep_poor_extreme_r17,-0.014507490675896406,0.0017449725419282913,-0.00037154555320739746,0.01775870751703081,0.0,0.0,0.0,0.0,0.014616780116749826,0.01775870751703081,1,145,1788683499.605717
1788683539.028294,39.404000,gate_sweep_poor_extreme_r17,-0.01498164376243949,0.00027065910398960114,-0.00044471025466918945,0.017908936618359912,0.0,0.0,0.0,0.0,0.014990686221311634,0.017908936618359912,1,145,1788683499.6242728
1788683539.074142,39.436000,gate_sweep_poor_extreme_r17,-0.015448897611349821,-0.0015755519270896912,-0.000518500804901123,0.018353043812606183,0.0,0.0,0.0,0.0,0.015537684652663322,0.018353043812606183,1,145,1788683499.6381226
1788683539.120780,39.472000,gate_sweep_poor_extreme_r17,-0.015653991606086493,-0.0026839710772037506,-0.0005746036767959595,0.019053855333038234,0.0,0.0,0.0,0.0,0.015892807282921417,0.019053855333038234,1,145,1788683499.6487603
1788683539.165001,39.504000,gate_sweep_poor_extreme_r17,-0.01586819952353835,-0.004146181046962738,-0.00067119300365448,0.01924905614661798,0.0,0.0,0.0,0.0,0.01641466032061494,0.01924905614661798,1,145,1788683499.66098
1788683539.211855,39.536000,gate_sweep_poor_extreme_r17,-0.016037389170378447,-0.005569972097873688,-0.00080089271068573,0.018917629202851022,0.0,0.0,0.0,0.0,0.01699599569626013,0.018917629202851026,1,145,1788683499.6758358
1788683539.262175,39.568000,gate_sweep_poor_extreme_r17,-0.01613283669576049,-0.0072950199246406555,-0.001047372817993164,0.01947526658199676,0.0,0.0,0.0,0.0,0.01773648007280056,0.01947526658199676,1,145,1788683499.6941564
1788683539.307225,39.604000,gate_sweep_poor_extreme_r17,-0.016139259096235037,-0.008647579699754715,-0.0012612193822860718,0.018744398771059028,0.0,0.0,0.0,0.0,0.018353391870966775,0.01874439877105903,1,145,1788683499.7032013
1788683539.354930,39.636000,gate_sweep_poor_extreme_r17,-0.01613750820979476,-0.009650461375713348,-0.001386210322380066,0.01836215220536804,0.0,0.0,0.0,0.0,0.0188539692118981,0.01836215220536804,1,145,1788683499.7189107
1788683539.400551,39.668000,gate_sweep_poor_extreme_r17,-0.016147396992892027,-0.011310100555419922,-0.0014728307723999023,0.01942129796159135,0.0,0.0,0.0,0.0,0.019769320542292204,0.01942129796159135,1,145,1788683499.732532
1788683539.447193,39.700000,gate_sweep_poor_extreme_r17,-0.016141972970217466,-0.012647122144699097,-0.0014471113681793213,0.01910096572416563,0.0,0.0,0.0,0.0,0.02055741037256598,0.01910096572416563,1,145,1788683499.7471724
1788683539.497286,39.736000,gate_sweep_poor_extreme_r17,-0.016099538188427687,-0.014007214456796646,-0.0013606548309326172,0.019562667971913326,0.0,0.0,0.0,0.0,0.02138337130314756,0.01956266797191333,1,145,1788683499.761268
1788683539.858743,39.768000,gate_sweep_poor_extreme_r17,-0.01412278925999999,-0.02430291473865509,-0.0003947019577026367,0.01999313508541187,0.0,0.0,0.0,0.0,0.0281112189510189,0.01999313508541187,1,145,1788683500.090732
1788683539.865670,39.800000,gate_sweep_poor_extreme_r17,-0.01412278925999999,-0.02430291473865509,-0.0003947019577026367,0.01999313508541187,0.0,0.0,0.0,0.0,0.0281112189510189,0.01999313508541187,1,145,1788683500.065653
1788683539.872597,39.832000,gate_sweep_poor_extreme_r17,-0.01412278925999999,-0.02430291473865509,-0.0003947019577026367,0.01999313508541187,0.0,0.0,0.0,0.0,0.0281112189510189,0.01999313508541187,1,145,1788683500.040575
1788683539.880119,39.868000,gate_sweep_poor_extreme_r17,-0.01412278925999999,-0.02430291473865509,-0.0003947019577026367,0.01999313508541187,0.0,0.0,0.0,0.0,0.0281112189510189,0.01999313508541187,1,145,1788683500.012097
1788683539.888082,39.900000,gate_sweep_poor_extreme_r17,-0.014068509917706251,-0.024541039019823074,-0.00032360851764678955,0.02014699110659695,0.0,0.0,0.0,0.0,0.028289402431825445,0.02014699110659695,1,145,1788683499.9880598
1788683539.895075,39.932000,gate_sweep_poor_extreme_r17,-0.014026011805981398,-0.024779152125120163,-0.0002378225326538086,0.020007124220675736,0.0,0.0,0.0,0.0,0.02847440862912546,0.020007124220675736,1,145,1788683499.9630594
1788683539.901530,39.964000,gate_sweep_poor_extreme_r17,-0.013986682053655386,-0.025015491992235184,-0.00015453994274139404,0.020225999275419765,0.0,0.0,0.0,0.0,0.028660530300005455,0.020225999275419765,1,145,1788683499.9375188
1788683539.908354,40.000000,gate_sweep_poor_extreme_r17,-0.013986682053655386,-0.025015491992235184,-0.00015453994274139404,0.020225999275419765,0.0,0.0,0.0,0.0,0.028660530300005455,0.020225999275419765,1,145,1788683499.9083436
1788683539.921715,40.032000,gate_sweep_poor_extreme_r17,-0.013986682053655386,-0.025015491992235184,-0.00015453994274139404,0.020225999275419765,0.0,0.0,0.0,0.0,0.028660530300005455,0.020225999275419765,1,145,1788683499.8896937
1788683539.966932,40.064000,gate_sweep_poor_extreme_r17,-0.013853903394192457,-0.025954164564609528,0.00015872716903686523,0.020276711731279533,0.0,0.0,0.0,0.0,0.029420647372494044,0.020276711731279533,1,145,1788683499.9029167
1788683540.011602,40.096000,gate_sweep_poor_extreme_r17,-0.013724920805543661,-0.027179904282093048,0.0005662143230438232,0.020724947066379618,0.0,0.0,0.0,0.0,0.030453920052462953,0.020724947066379618,1,145,1788683499.9155865
1788683540.060058,40.132000,gate_sweep_poor_extreme_r17,-0.013647190760821104,-0.028233975172042847,0.0009319931268692017,0.021842331209297836,0.0,0.0,0.0,0.0,0.03137310601241618,0.021842331209297836,1,145,1788683499.9280386
1788683540.105441,40.164000,gate_sweep_poor_extreme_r17,-0.013582214247435331,-0.029329504817724228,0.00137348473072052,0.02240592774570911,0.0,0.0,0.0,0.0,0.03235093286169143,0.02240592774570911,1,145,1788683499.9414237
1788683540.154496,40.196000,gate_sweep_poor_extreme_r17,-0.013536022510379553,-0.03016425296664238,0.001728653907775879,0.022105150448982966,0.0,0.0,0.0,0.0,0.03310731500393779,0.022105150448982962,1,145,1788683499.9584785
1788683540.197920,40.228000,gate_sweep_poor_extreme_r17,-0.013468451332300901,-0.031532883644104004,0.002273544669151306,0.02314743772626527,0.0,0.0,0.0,0.0,0.03436409372536669,0.02314743772626527,1,145,1788683499.969902
1788683540.242273,40.264000,gate_sweep_poor_extreme_r17,-0.01344357943162322,-0.032545898109674454,0.0027085989713668823,0.024510523044880612,0.0,0.0,0.0,0.0,0.03531716041936786,0.024510523044880612,1,145,1788683499.9782581
1788683540.286767,40.296000,gate_sweep_poor_extreme_r17,-0.01344450144097209,-0.03346138820052147,0.0031591802835464478,0.024466944724432185,0.0,0.0,0.0,0.0,0.03619944114715373,0.024466944724432185,1,145,1788683499.990749
1788683540.332478,40.328000,gate_sweep_poor_extreme_r17,-0.013482739683240652,-0.034496601670980453,0.0037096142768859863,0.023640317431258166,0.0,0.0,0.0,0.0,0.037223124993686386,0.023640317431258166,1,145,1788683500.004457
1788683540.374956,40.360000,gate_sweep_poor_extreme_r17,-0.013525176327675581,-0.03522701933979988,0.004174739122390747,0.025024287033168217,0.0,0.0,0.0,0.0,0.0379644798858271,0.025024287033168217,1,145,1788683500.0149357
1788683540.416729,40.396000,gate_sweep_poor_extreme_r17,-0.013551963027566671,-0.035723064094781876,0.004527240991592407,0.024826311192966435,0.0,0.0,0.0,0.0,0.0384745230148001,0.024826311192966435,1,145,1788683500.0207078
1788683540.460485,40.428000,gate_sweep_poor_extreme_r17,-0.013567421119660139,-0.03648586943745613,0.005103126168251038,0.024990450920940863,0.0,0.0,0.0,0.0,0.039259845658565495,0.024990450920940863,1,145,1788683500.0324657
1788683540.506246,40.460000,gate_sweep_poor_extreme_r17,-0.013554671313613653,-0.037045832723379135,0.005563393235206604,0.02494639769998801,0.0,0.0,0.0,0.0,0.039838099614291744,0.02494639769998801,1,145,1788683500.0462308
1788683540.555664,40.492000,gate_sweep_poor_extreme_r17,-0.013503388967365026,-0.037538785487413406,0.006019651889801025,0.02505918878811778,0.0,0.0,0.0,0.0,0.040345236873122706,0.025059188788117776,1,145,1788683500.0636463
1788683540.602605,40.528000,gate_sweep_poor_extreme_r17,-0.013383810874074697,-0.03806830570101738,0.006656616926193237,0.025579456579517327,0.0,0.0,0.0,0.0,0.040897834189125404,0.025579456579517327,1,145,1788683500.0745854
1788683540.645074,40.560000,gate_sweep_poor_extreme_r17,-0.013271742966026068,-0.038399484008550644,0.00713878870010376,0.026120560635486723,0.0,0.0,0.0,0.0,0.041250719237171225,0.026120560635486723,1,145,1788683500.0850554
1788683540.689586,40.592000,gate_sweep_poor_extreme_r17,-0.01319825416430831,-0.038630638271570206,0.00746271014213562,0.026014397628097822,0.0,0.0,0.0,0.0,0.04149954420135383,0.026014397628097822,1,145,1788683500.0975652
1788683540.733062,40.624000,gate_sweep_poor_extreme_r17,-0.01307860342785716,-0.03898431733250618,0.008053719997406006,0.026680840737953022,0.0,0.0,0.0,0.0,0.04190094594757159,0.026680840737953022,1,145,1788683500.1090448
1788683540.778975,40.660000,gate_sweep_poor_extreme_r17,-0.012969359289854765,-0.039222922176122665,0.008516281843185425,0.026616175032314622,0.0,0.0,0.0,0.0,0.04218019631125591,0.026616175032314622,1,145,1788683500.1189556
1788683540.824653,40.692000,gate_sweep_poor_extreme_r17,-0.012832032050937414,-0.039411019533872604,0.008964955806732178,0.02672288223223341,0.0,0.0,0.0,0.0,0.04240589510754648,0.02672288223223341,1,145,1788683500.132633
1788683540.867183,40.724000,gate_sweep_poor_extreme_r17,-0.01264557195827365,-0.03955977037549019,0.009399980306625366,0.025165399464989937,0.0,0.0,0.0,0.0,0.04258222107967517,0.025165399464989937,1,145,1788683500.1431644
1788683540.915360,40.756000,gate_sweep_poor_extreme_r17,-0.012331107165664434,-0.039721447974443436,0.009957760572433472,0.023750763016974145,0.0,0.0,0.0,0.0,0.04276688705921239,0.02375076301697415,1,145,1788683500.1593423
1788683540.960121,40.792000,gate_sweep_poor_extreme_r17,-0.012088486459106207,-0.03982417657971382,0.010297432541847229,0.024260496556604852,0.0,0.0,0.0,0.0,0.04287346104617768,0.024260496556604855,1,145,1788683500.1681054
1788683541.007199,40.824000,gate_sweep_poor_extreme_r17,-0.011709853541105986,-0.039952028542757034,0.010776475071907043,0.02426415598435443,0.0,0.0,0.0,0.0,0.043004856349148045,0.024264155984354434,1,145,1788683500.1831803
1788683541.059938,40.856000,gate_sweep_poor_extreme_r17,-0.011294617783278227,-0.04006883129477501,0.011204525828361511,0.024960909953626036,0.0,0.0,0.0,0.0,0.04311172730519976,0.024960909953626036,1,145,1788683500.2039223
1788683541.107754,40.888000,gate_sweep_poor_extreme_r17,-0.01073704520240426,-0.040166471153497696,0.011562168598175049,0.025018896501386056,0.0,0.0,0.0,0.0,0.043154528004554285,0.025018896501386056,1,145,1788683500.2197318
1788683541.154982,40.924000,gate_sweep_poor_extreme_r17,-0.010301184374839067,-0.04016899690032005,0.011750444769859314,0.025784501582012783,0.0,0.0,0.0,0.0,0.04310145779195716,0.025784501582012783,1,145,1788683500.2309606
1788683541.198751,40.956000,gate_sweep_poor_extreme_r17,-0.009981181938201189,-0.04012538120150566,0.011847317218780518,0.02572365704688526,0.0,0.0,0.0,0.0,0.0430119650182601,0.02572365704688526,1,145,1788683500.2427335
1788683541.250181,40.988000,gate_sweep_poor_extreme_r17,-0.009462516289204359,-0.03997822478413582,0.011955872178077698,0.025464260116102935,0.0,0.0,0.0,0.0,0.04278715404128769,0.025464260116102935,1,145,1788683500.2621639
1788683541.298023,41.020000,gate_sweep_poor_extreme_r17,-0.009088336024433374,-0.03983011469244957,0.011913865804672241,0.02504461720795746,0.0,0.0,0.0,0.0,0.04255556469509527,0.02504461720795746,1,145,1788683500.2780044
1788683541.343813,41.056000,gate_sweep_poor_extreme_r17,-0.008757101837545633,-0.03965232893824577,0.011785358190536499,0.02401614645233841,0.0,0.0,0.0,0.0,0.04228343281356463,0.02401614645233841,1,145,1788683500.2877932
1788683541.391325,41.088000,gate_sweep_poor_extreme_r17,-0.008386133704334497,-0.039360884577035904,0.011644303798675537,0.024395985949673495,0.0,0.0,0.0,0.0,0.041895062765791004,0.024395985949673495,1,145,1788683500.3033035
1788683541.438400,41.120000,gate_sweep_poor_extreme_r17,-0.008115340489894152,-0.03907131031155586,0.011457860469818115,0.0252055696258803,0.0,0.0,0.0,0.0,0.04151756986234415,0.025205569625880303,1,145,1788683500.3183832
1788683541.482926,41.152000,gate_sweep_poor_extreme_r17,-0.007925102952867746,-0.03878835216164589,0.01126869022846222,0.025215923303097888,0.0,0.0,0.0,0.0,0.041162202318321746,0.025215923303097888,1,145,1788683500.3309102
1788683541.531139,41.188000,gate_sweep_poor_extreme_r17,-0.007604168262332678,-0.038174692541360855,0.010808795690536499,0.02463789329055201,0.0,0.0,0.0,0.0,0.040397531977449566,0.02463789329055201,1,145,1788683500.3431206
1788683541.581440,41.220000,gate_sweep_poor_extreme_r17,-0.007321404758840799,-0.03763464465737343,0.010379880666732788,0.02425848075537944,0.0,0.0,0.0,0.0,0.03972041501275076,0.02425848075537944,1,145,1788683500.361422
1788683541.626534,41.252000,gate_sweep_poor_extreme_r17,-0.006993275601416826,-0.03705063834786415,0.009865328669548035,0.02402913033416563,0.0,0.0,0.0,0.0,0.03897409928888415,0.02402913033416563,1,145,1788683500.374512
1788683541.671486,41.284000,gate_sweep_poor_extreme_r17,-0.006553595419973135,-0.03623511269688606,0.009109288454055786,0.022682311598857283,0.0,0.0,0.0,0.0,0.037932995415916215,0.022682311598857283,1,145,1788683500.3874567
1788683541.714117,41.320000,gate_sweep_poor_extreme_r17,-0.006201546173542738,-0.03552952781319618,0.008486106991767883,0.02375537536452645,0.0,0.0,0.0,0.0,0.03705159285978128,0.02375537536452645,1,145,1788683500.3940976
1788683541.766825,41.352000,gate_sweep_poor_extreme_r17,-0.005943904165178537,-0.03499756380915642,0.007990077137947083,0.024141561686504977,0.0,0.0,0.0,0.0,0.03638682181739904,0.024141561686504977,1,145,1788683500.414804
1788683541.811643,41.384000,gate_sweep_poor_extreme_r17,-0.0056146481074392796,-0.034310851246118546,0.007228076457977295,0.02417852427369909,0.0,0.0,0.0,0.0,0.03551061638279476,0.02417852427369909,1,145,1788683500.4276228
1788683541.858024,41.416000,gate_sweep_poor_extreme_r17,-0.0051909214816987514,-0.033420629799366,0.006210744380950928,0.024622885795964847,0.0,0.0,0.0,0.0,0.03438687987853718,0.024622885795964847,1,136,1788683500.4418492
1788683541.901105,41.452000,gate_sweep_poor_extreme_r17,-0.004854793194681406,-0.03270169720053673,0.005377873778343201,0.024957170291574824,0.0,0.0,0.0,0.0,0.03349464947024387,0.024957170291574824,1,121,1788683500.4490833
1788683541.949627,41.484000,gate_sweep_poor_extreme_r17,-0.004542561713606119,-0.031965501606464386,0.0045647770166397095,0.02542814181399754,0.0,0.0,0.0,0.0,0.03260774983169552,0.02542814181399754,1,114,1788683500.4656055
1788683541.998422,41.516000,gate_sweep_poor_extreme_r17,-0.0043302564881742,-0.031396377831697464,0.003958955407142639,0.02558150135790974,0.0,0.0,0.0,0.0,0.03193989652644202,0.02558150135790974,1,104,1788683500.4824057
1788683542.044636,41.548000,gate_sweep_poor_extreme_r17,-0.004028173629194498,-0.0304194837808609,0.002941220998764038,0.024973318650279405,0.0,0.0,0.0,0.0,0.03082567042652224,0.024973318650279405,1,99,1788683500.4966161
1788683542.088141,41.584000,gate_sweep_poor_extreme_r17,-0.0038241674192249775,-0.029657114297151566,0.0021331757307052612,0.025427524331219364,0.0,0.0,0.0,0.0,0.029978644458725008,0.025427524331219364,1,96,1788683500.5041227
1788683542.135277,41.616000,gate_sweep_poor_extreme_r17,-0.003631174098700285,-0.028893567621707916,0.0013809353113174438,0.024986891037405316,0.0,0.0,0.0,0.0,0.02915357023726808,0.024986891037405316,1,95,1788683500.519259
1788683542.181894,41.648000,gate_sweep_poor_extreme_r17,-0.0034451880492269993,-0.027962949126958847,0.0005064159631729126,0.025662682181092727,0.0,0.0,0.0,0.0,0.028178933650853104,0.025662682181092727,1,95,1788683500.5338736
1788683542.230153,41.680000,gate_sweep_poor_extreme_r17,-0.003334570210427046,-0.027214638888835907,-0.00021295249462127686,0.02606177305059681,0.0,0.0,0.0,0.0,0.02741899482298672,0.02606177305059681,1,93,1788683500.550135
1788683542.276582,41.716000,gate_sweep_poor_extreme_r17,-0.003247446846216917,-0.026640307158231735,-0.0007449239492416382,0.025887740963618414,0.0,0.0,0.0,0.0,0.026847845131296684,0.025887740963618414,1,92,1788683500.5605614
1788683542.323226,41.748000,gate_sweep_poor_extreme_r17,-0.0030969525687396526,-0.02565852552652359,-0.001615867018699646,0.025801923187568226,0.0,0.0,0.0,0.0,0.025895213334328936,0.025801923187568226,1,91,1788683500.575205
1788683542.374967,41.780000,gate_sweep_poor_extreme_r17,-0.002971674781292677,-0.024852674454450607,-0.0021880120038986206,0.026348558839779563,0.0,0.0,0.0,0.0,0.02512516019996444,0.026348558839779563,1,90,1788683500.5949457
1788683542.419753,41.812000,gate_sweep_poor_extreme_r17,-0.002833857201039791,-0.02403431385755539,-0.0027175098657608032,0.0258803819284129,0.0,0.0,0.0,0.0,0.024352902272827184,0.0258803819284129,1,88,1788683500.6077302
1788683542.463665,41.848000,gate_sweep_poor_extreme_r17,-0.0026237331330776215,-0.02303001657128334,-0.0032966285943984985,0.025907362922307293,0.0,0.0,0.0,0.0,0.02341224890771069,0.02590736292230729,1,88,1788683500.6156445
1788683542.512940,41.880000,gate_sweep_poor_extreme_r17,-0.0024330243468284607,-0.022251363843679428,-0.003640890121459961,0.025469773786363396,0.0,0.0,0.0,0.0,0.022678158683028235,0.0254697737863634,1,87,1788683500.6329193
1788683542.558247,41.912000,gate_sweep_poor_extreme_r17,-0.002280562650412321,-0.0216970257461071,-0.0038662850856781006,0.024602316189693465,0.0,0.0,0.0,0.0,0.02215649007838171,0.024602316189693465,1,86,1788683500.6462293
1788683542.603512,41.944000,gate_sweep_poor_extreme_r17,-0.0019749850034713745,-0.020781856030225754,-0.004167348146438599,0.025599736891675006,0.0,0.0,0.0,0.0,0.02128738820049544,0.02559973689167501,1,84,1788683500.659494
1788683542.653127,41.980000,gate_sweep_poor_extreme_r17,-0.0016907742246985435,-0.020048487931489944,-0.004472836852073669,0.025766894608655135,0.0,0.0,0.0,0.0,0.020610843149256926,0.025766894608655132,1,84,1788683500.6731048
1788683542.696985,42.012000,gate_sweep_poor_extreme_r17,-0.0013817762956023216,-0.01932203397154808,-0.004698365926742554,0.025315925495947432,0.0,0.0,0.0,0.0,0.0199330114360656,0.025315925495947432,1,84,1788683500.6849668
1788683542.745555,42.044000,gate_sweep_poor_extreme_r17,-0.0010558483190834522,-0.018615592271089554,-0.004844218492507935,0.02608798239542339,0.0,0.0,0.0,0.0,0.019264515152983122,0.02608798239542339,1,84,1788683500.7015305
1788683542.790267,42.076000,gate_sweep_poor_extreme_r17,-0.0006439411081373692,-0.017769914120435715,-0.0048719048500061035,0.0258109564589665,0.0,0.0,0.0,0.0,0.018436918529567862,0.0258109564589665,1,84,1788683500.71425
1788683542.837667,42.112000,gate_sweep_poor_extreme_r17,-0.0003920523449778557,-0.017319094389677048,-0.004779905080795288,0.02526115432846129,0.0,0.0,0.0,0.0,0.017970871656688172,0.02526115432846129,1,84,1788683500.725645
1788683542.882572,42.144000,gate_sweep_poor_extreme_r17,-2.318667247891426e-05,-0.01680031418800354,-0.004517808556556702,0.025087156031858834,0.0,0.0,0.0,0.0,0.017397174730142555,0.025087156031858834,1,84,1788683500.7385528
1788683542.929440,42.176000,gate_sweep_poor_extreme_r17,0.0003748391754925251,-0.016355842351913452,-0.004184350371360779,0.02632412870385258,0.0,0.0,0.0,0.0,0.016886766164024323,0.026324128703852583,1,84,1788683500.7534158
1788683542.979435,42.208000,gate_sweep_poor_extreme_r17,0.0009137119632214308,-0.015830259770154953,-0.0036742687225341797,0.02710688529262954,0.0,0.0,0.0,0.0,0.016276739372113606,0.02710688529262954,1,84,1788683500.7714183
1788683543.028762,42.244000,gate_sweep_poor_extreme_r17,0.0013790377415716648,-0.015431303530931473,-0.0032276660203933716,0.02782801263277509,0.0,0.0,0.0,0.0,0.015825444755065154,0.02782801263277509,1,84,1788683500.7847416
1788683543.080461,42.276000,gate_sweep_poor_extreme_r17,0.0017430477309972048,-0.015161644667387009,-0.002853602170944214,0.028538966468292615,0.0,0.0,0.0,0.0,0.015526001731374918,0.028538966468292615,1,83,1788683500.8044395
1788683543.125850,42.308000,gate_sweep_poor_extreme_r17,0.002328410279005766,-0.014764484018087387,-0.002271607518196106,0.028668515105865135,0.0,0.0,0.0,0.0,0.015118587350161477,0.028668515105865135,1,82,1788683500.8178287
1788683543.173028,42.340000,gate_sweep_poor_extreme_r17,0.0027859644033014774,-0.014521826058626175,-0.0018532127141952515,0.028965610956902477,0.0,0.0,0.0,0.0,0.01490232958625973,0.028965610956902477,1,82,1788683500.8330088
1788683543.221989,42.376000,gate_sweep_poor_extreme_r17,0.003223834093660116,-0.014326509088277817,-0.001324579119682312,0.029990683182962642,0.0,0.0,0.0,0.0,0.014744371087443866,0.02999068318296265,1,82,1788683500.845969
1788683543.269860,42.408000,gate_sweep_poor_extreme_r17,0.0036939288256689906,-0.014166869223117828,-0.0006321817636489868,0.02957410529686839,0.0,0.0,0.0,0.0,0.014654178500902797,0.02957410529686839,1,82,1788683500.8618402
1788683543.313045,42.440000,gate_sweep_poor_extreme_r17,0.0040256306529045105,-0.014145758002996445,-0.0001408606767654419,0.02949194288901115,0.0,0.0,0.0,0.0,0.014708093464592927,0.02949194288901115,1,82,1788683500.8730257
1788683543.362935,42.472000,gate_sweep_poor_extreme_r17,0.004246713942848146,-0.014201104640960693,0.00010658800601959229,0.029806736339998443,0.0,0.0,0.0,0.0,0.014822864545657947,0.029806736339998443,1,81,1788683500.8909197
1788683543.414793,42.508000,gate_sweep_poor_extreme_r17,0.004565376861137338,-0.014406364411115646,0.0003658682107925415,0.02834430470740279,0.0,0.0,0.0,0.0,0.015116873386310285,0.02834430470740279,1,81,1788683500.9067745
1788683543.463759,42.540000,gate_sweep_poor_extreme_r17,0.004795359302079305,-0.014617618173360825,0.00044874846935272217,0.027572163115354233,0.0,0.0,0.0,0.0,0.015390633745461997,0.027572163115354233,1,81,1788683500.9237382
1788683543.509759,42.572000,gate_sweep_poor_extreme_r17,0.005005098559195176,-0.014856502413749695,0.0006555765867233276,0.027052972837790325,0.0,0.0,0.0,0.0,0.015690648686974926,0.027052972837790328,1,81,1788683500.9377396
1788683543.559304,42.604000,gate_sweep_poor_extreme_r17,0.005231970921158791,-0.015134777873754501,0.0009569078683853149,0.026824202585778938,0.0,0.0,0.0,0.0,0.016042153648320345,0.026824202585778938,1,81,1788683500.955287
1788683543.602294,42.640000,gate_sweep_poor_extreme_r17,0.005350839113816619,-0.015312761068344116,0.001199960708618164,0.026178341495299712,0.0,0.0,0.0,0.0,0.01626505568574459,0.026178341495299712,1,81,1788683500.9622777
1788683543.649816,42.672000,gate_sweep_poor_extreme_r17,0.005408389843069017,-0.015445508062839508,0.0013360530138015747,0.025905174390434473,0.0,0.0,0.0,0.0,0.016419483477550095,0.025905174390434473,1,81,1788683500.977793
1788683543.694194,42.704000,gate_sweep_poor_extreme_r17,0.005449263902846724,-0.015642665326595306,0.0014814287424087524,0.02554295474365862,0.0,0.0,0.0,0.0,0.016630757250395128,0.02554295474365862,1,81,1788683500.9901748
1788683543.744277,42.736000,gate_sweep_poor_extreme_r17,0.00532932608621195,-0.01593240723013878,0.0016535520553588867,0.02470552830871824,0.0,0.0,0.0,0.0,0.01688127812341054,0.024705528308718243,1,81,1788683501.0082588
1788683543.789664,42.772000,gate_sweep_poor_extreme_r17,0.005080056842416525,-0.016163386404514313,0.001865476369857788,0.024305739913997326,0.0,0.0,0.0,0.0,0.017045293768965054,0.024305739913997326,1,81,1788683501.0176451
1788683543.838666,42.804000,gate_sweep_poor_extreme_r17,0.004721447054180317,-0.016389239579439163,0.0021037906408309937,0.024213392694287128,0.0,0.0,0.0,0.0,0.01718502753381941,0.024213392694287128,1,81,1788683501.0346477
1788683543.884170,42.836000,gate_sweep_poor_extreme_r17,0.0044066341943107545,-0.016558226197957993,0.002295762300491333,0.02459592440114536,0.0,0.0,0.0,0.0,0.017287677816455526,0.024595924401145365,1,81,1788683501.0481524
1788683543.934037,42.868000,gate_sweep_poor_extreme_r17,0.003829068271443248,-0.01681584119796753,0.0026344507932662964,0.024343112458366477,0.0,0.0,0.0,0.0,0.017446335145375858,0.024343112458366473,1,81,1788683501.0660048
1788683543.977543,42.904000,gate_sweep_poor_extreme_r17,0.00336953136138618,-0.016983263194561005,0.002916112542152405,0.023742030682965556,0.0,0.0,0.0,0.0,0.017558151459922938,0.023742030682965556,1,81,1788683501.0735235
1788683544.030123,42.936000,gate_sweep_poor_extreme_r17,0.002909599570557475,-0.017109103500843048,0.0032213330268859863,0.023314086651560536,0.0,0.0,0.0,0.0,0.017651180661181126,0.023314086651560536,1,81,1788683501.0941036
1788683544.074049,42.968000,gate_sweep_poor_extreme_r17,0.0023705223575234413,-0.01724621281027794,0.003664180636405945,0.024670550357307634,0.0,0.0,0.0,0.0,0.01778981316037708,0.024670550357307634,1,81,1788683501.1060295
1788683544.117112,43.000000,gate_sweep_poor_extreme_r17,0.0019929746631532907,-0.01731620356440544,0.004063814878463745,0.024933491029602028,0.0,0.0,0.0,0.0,0.01789797321649359,0.024933491029602028,1,81,1788683501.1170907
1788683544.162509,43.036000,gate_sweep_poor_extreme_r17,0.0017515313811600208,-0.01731930300593376,0.0043867528438568115,0.024806716990297625,0.0,0.0,0.0,0.0,0.017951872306353464,0.024806716990297628,1,81,1788683501.1264908
1788683544.206899,43.068000,gate_sweep_poor_extreme_r17,0.0015064121689647436,-0.017216864973306656,0.005022481083869934,0.02613222204901544,0.0,0.0,0.0,0.0,0.017997639661069726,0.026132222049015445,1,80,1788683501.138877
1788683544.252474,43.100000,gate_sweep_poor_extreme_r17,0.0014249386731535196,-0.016993917524814606,0.00553719699382782,0.02689742447822747,0.0,0.0,0.0,0.0,0.017929981416914667,0.026897424478227475,1,80,1788683501.1524544
1788683544.303560,43.132000,gate_sweep_poor_extreme_r17,0.0014225076884031296,-0.016650546342134476,0.00603821873664856,0.027744181752662255,0.0,0.0,0.0,0.0,0.017768632674653038,0.02774418175266226,1,80,1788683501.1715333
1788683544.345356,43.168000,gate_sweep_poor_extreme_r17,0.0015449142083525658,-0.016126852482557297,0.006659805774688721,0.028909239156982316,0.0,0.0,0.0,0.0,0.017516139525075476,0.028909239156982316,1,80,1788683501.1773357
1788683544.394793,43.200000,gate_sweep_poor_extreme_r17,0.0017365957610309124,-0.015653379261493683,0.007200360298156738,0.029534305700044793,0.0,0.0,0.0,0.0,0.01731731028666585,0.029534305700044793,1,80,1788683501.1947718
1788683544.439101,43.232000,gate_sweep_poor_extreme_r17,0.0019117328338325024,-0.015297066420316696,0.007627159357070923,0.030367707079268853,0.0,0.0,0.0,0.0,0.01719966637332505,0.03036770707926886,1,80,1788683501.2070808
1788683544.484718,43.264000,gate_sweep_poor_extreme_r17,0.002254409482702613,-0.014679469168186188,0.008408129215240479,0.029903015749042337,0.0,0.0,0.0,0.0,0.017066511479374127,0.029903015749042344,1,80,1788683501.2206988
1788683544.530967,43.300000,gate_sweep_poor_extreme_r17,0.002537389053031802,-0.014190524816513062,0.009073272347450256,0.029602450268685583,0.0,0.0,0.0,0.0,0.017033308805558717,0.029602450268685583,1,80,1788683501.2309492
1788683544.573905,43.332000,gate_sweep_poor_extreme_r17,0.002835346618667245,-0.013734661042690277,0.009765341877937317,0.029472046042465783,0.0,0.0,0.0,0.0,0.017089236565703516,0.02947204604246578,1,80,1788683501.2418873
1788683544.622363,43.364000,gate_sweep_poor_extreme_r17,0.00311446248088032,-0.013294123113155365,0.010527685284614563,0.029629071506851463,0.0,0.0,0.0,0.0,0.017241396212152683,0.029629071506851467,1,80,1788683501.258342
1788683544.666886,43.396000,gate_sweep_poor_extreme_r17,0.003427589195780456,-0.01270279660820961,0.01154068112373352,0.03016843710535538,0.0,0.0,0.0,0.0,0.017501335096622533,0.03016843710535538,1,80,1788683501.2708533
1788683544.711105,43.432000,gate_sweep_poor_extreme_r17,0.0036117315758019686,-0.012315772473812103,0.012149393558502197,0.030223176351602824,0.0,0.0,0.0,0.0,0.017672878102949943,0.030223176351602824,1,80,1788683501.2790864
1788683544.758722,43.464000,gate_sweep_poor_extreme_r17,0.003862499608658254,-0.011784683912992477,0.0129518061876297,0.02983017887851831,0.0,0.0,0.0,0.0,0.01793173058234904,0.02983017887851831,1,80,1788683501.2947047
1788683544.809165,43.496000,gate_sweep_poor_extreme_r17,0.004129985114559531,-0.011268332600593567,0.013720527291297913,0.02983015076584754,0.0,0.0,0.0,0.0,0.018228685245934056,0.02983015076584754,1,80,1788683501.3131487
1788683544.859596,43.528000,gate_sweep_poor_extreme_r17,0.004508480167714879,-0.010679427534341812,0.014623835682868958,0.03070497992568933,0.0,0.0,0.0,0.0,0.018661005759698156,0.03070497992568933,1,80,1788683501.3315768
1788683544.907439,43.564000,gate_sweep_poor_extreme_r17,0.004801068974302325,-0.010288100689649582,0.015294119715690613,0.02984033651967186,0.0,0.0,0.0,0.0,0.019047450668639436,0.02984033651967186,1,79,1788683501.3434196
1788683544.952703,43.596000,gate_sweep_poor_extreme_r17,0.004999116936232895,-0.010050658136606216,0.015750810503959656,0.030465627822440982,0.0,0.0,0.0,0.0,0.019341533823683817,0.030465627822440982,1,79,1788683501.356684
1788683545.008358,43.628000,gate_sweep_poor_extreme_r17,0.0052504151535686105,-0.009790584444999695,0.01643526554107666,0.029013845933847374,0.0,0.0,0.0,0.0,0.01983785160911319,0.02901384593384737,1,79,1788683501.3803396
1788683545.108163,43.660000,gate_sweep_poor_extreme_r17,0.005403811577707529,-0.009667299687862396,0.017147421836853027,0.028491473840433358,0.0,0.0,0.0,0.0,0.02041303354411819,0.028491473840433358,1,79,1788683501.4481423
1788683545.157883,43.696000,gate_sweep_poor_extreme_r17,0.0054630551603622735,-0.009647969156503677,0.017565637826919556,0.027979973355686968,0.0,0.0,0.0,0.0,0.02077209456931376,0.027979973355686968,1,75,1788683501.461851
1788683545.205329,43.728000,gate_sweep_poor_extreme_r17,0.005524632870219648,-0.009702365845441818,0.01821884512901306,0.028363028049991825,0.0,0.0,0.0,0.0,0.021367821348571552,0.028363028049991825,1,74,1788683501.4773052
1788683545.255445,43.760000,gate_sweep_poor_extreme_r17,0.00552635733038187,-0.00979466363787651,0.018691465258598328,0.02809358754495141,0.0,0.0,0.0,0.0,0.021813916077485812,0.02809358754495141,1,74,1788683501.4954238
1788683545.301406,43.792000,gate_sweep_poor_extreme_r17,0.005503115011379123,-0.009879618883132935,0.019026458263397217,0.028308083990437962,-0.001205049455165863,-0.0032877326011657715,0.00016170740127563477,0.03355050940495083,0.02107916650046962,0.005242425414512869,1,66,1788683501.509388
1788683545.350713,43.828000,gate_sweep_poor_extreme_r17,0.005506179644726217,-0.010024260729551315,0.019631728529930115,0.027911263636388767,0.0006247236160561442,0.0002035386860370636,-0.0010457790922373533,-0.006700865566424084,0.02357956350974596,0.03461212920281285,1,61,1788683501.5226781
1788683545.400852,43.860000,gate_sweep_poor_extreme_r17,0.0056532107992097735,-0.010198503732681274,0.020245522260665894,0.054975031540565565,-0.0014570726780220866,-0.0003355070948600769,-0.0032861086074262857,0.007371909251834742,0.02648721361556208,0.04760312228873083,1,60,1788683501.5408342
1788683545.438974,43.892000,gate_sweep_poor_extreme_r17,0.005851601483300328,-0.010324157774448395,0.020602166652679443,0.178538801650743,-0.002306647365912795,0.00016750418581068516,-9.962823241949081e-05,0.06057019721834409,0.024600737924679067,0.1179686044323989,1,141,1788683501.546954
1788683545.486945,43.924000,gate_sweep_poor_extreme_r17,0.006401876453310251,-0.010605979710817337,0.021189987659454346,0.563670628066937,-0.00018159206956624985,0.003561616875231266,-0.0006596139864996076,0.2234225893472214,0.02686015530304312,0.3402480387197157,1,89,1788683501.562917
1788683545.542168,43.960000,gate_sweep_poor_extreme_r17,0.007061899174004793,-0.010895002633333206,0.02167777717113495,1.0761908375048415,-0.0029852830339223146,0.002122115809470415,0.0006277270149439573,0.6800928439231619,0.02671134317947006,0.3960979935816795,1,66,1788683501.5821476
1788683545.585809,43.992000,gate_sweep_poor_extreme_r17,0.00768539821729064,-0.011109914630651474,0.022035956382751465,1.5831977375093456,-0.001909457379952073,0.00103822723031044,0.0017959484830498695,1.257853968313727,0.025481297541255193,0.32534376919561836,1,163,1788683501.593787
1788683545.640682,44.024000,gate_sweep_poor_extreme_r17,0.008650963194668293,-0.011380746960639954,0.022497862577438354,2.404218274519828,0.0005077121313661337,-0.0003808409674093127,-0.0045783063396811485,2.0231357456908645,0.030338579283945902,0.38108252882896326,1,98,1788683501.6166604
1788683545.688632,44.056000,gate_sweep_poor_extreme_r17,0.010096040554344654,-0.01161915808916092,0.02302633225917816,3.6412348968337507,0.0022876253351569176,-0.002564266324043274,-0.009784338995814323,2.9500837946040037,0.034921376853102856,0.6911511022297473,1,87,1788683501.6326158
1788683545.731039,44.092000,gate_sweep_poor_extreme_r17,0.011453211773186922,-0.01175210252404213,0.02342402935028076,4.783750968622659,0.006550928577780724,-0.0078093199990689754,-0.018032832071185112,4.169224324320694,0.04193148308235497,0.6145266443019649,1,201,1788683501.6390212
1788683545.783759,44.124000,gate_sweep_poor_extreme_r17,0.013411748688668013,-0.011831473559141159,0.023937270045280457,6.3813783464306635,0.014651738107204437,-0.013286888599395752,-0.029513001441955566,5.370207262374099,0.053484458759126635,1.011171084056565,1,115,1788683501.6597443
1788683545.825122,44.156000,gate_sweep_poor_extreme_r17,0.014288879465311766,-0.011830080300569534,0.02415202558040619,7.074439208265835,0.019936593249440193,-0.008020424284040928,-0.029893191531300545,6.579195293712094,0.05447288906055218,0.4952439145537407,1,217,1788683501.6691034
1788683545.880668,44.188000,gate_sweep_poor_extreme_r17,0.01674422575160861,-0.011735118925571442,0.024713769555091858,8.948427964916508,0.023892782628536224,-0.01491752453148365,-0.024593565613031387,8.009771900685982,0.04992437152578742,0.9386560642305266,1,129,1788683501.6926434
1788683545.930944,44.224000,gate_sweep_poor_extreme_r17,0.0189770613797009,-0.011526264250278473,0.02516801655292511,10.615456012078308,0.023985954001545906,-0.023422544822096825,-0.02531728520989418,9.846792125635297,0.05210927163973337,0.768663886443012,1,228,1788683501.7069192
1788683545.980506,44.256000,gate_sweep_poor_extreme_r17,0.0213965461589396,-0.011169180274009705,0.025583818554878235,12.427038710196781,0.027699090540409088,-0.020200105383992195,-0.026613639667630196,11.523921559864707,0.05334654926902974,0.903117150332075,1,203,1788683501.7244885
1788683546.022881,44.288000,gate_sweep_poor_extreme_r17,0.024612561333924532,-0.010554343461990356,0.026066645979881287,14.850993513071227,0.032567404210567474,-0.02267596684396267,-0.02635491080582142,13.38607866256432,0.054389639587361746,1.464914850506908,1,234,1788683501.734842
1788683546.077883,44.320000,gate_sweep_poor_extreme_r17,0.02728338772431016,-0.009987633675336838,0.0264274924993515,16.88983732933931,0.03313668817281723,-0.0285726860165596,-0.022367257624864578,15.375151041096329,0.05254134501848204,1.514686288242981,1,120,1788683501.7578485
1788683546.129805,44.356000,gate_sweep_poor_extreme_r17,0.02932474808767438,-0.009604722261428833,0.026663407683372498,18.482571651008662,0.034346744418144226,-0.039863355457782745,-0.011625573970377445,17.775961377016348,0.049059672299516466,0.7066102739923172,1,255,1788683501.7737832
1788683546.185096,44.388000,gate_sweep_poor_extreme_r17,0.03280779579654336,-0.009122662246227264,0.02693183720111847,21.22742792444098,0.04141479358077049,-0.039590414613485336,-0.013813125900924206,19.858603787250193,0.051599577162580214,1.3688241371907905,1,270,1788683501.7970803
1788683546.241424,44.420000,gate_sweep_poor_extreme_r17,0.03562747361138463,-0.008887477219104767,0.02702482044696808,23.535280046828085,0.04699218273162842,-0.04385440796613693,-0.009124165400862694,22.04413690323253,0.05156153641118702,1.4911431435955547,1,258,1788683501.8214078
1788683546.293944,44.452000,gate_sweep_poor_extreme_r17,0.03844071412459016,-0.00877038761973381,0.027014300227165222,25.939830520367607,0.05282863974571228,-0.04968268796801567,-0.014066836796700954,24.33911965979231,0.05973682735667031,1.6007108605752987,1,253,1788683501.841923
1788683546.343784,44.488000,gate_sweep_poor_extreme_r17,0.0419574067927897,-0.00877843052148819,0.026885762810707092,29.130753780083083,0.049459364265203476,-0.05068755894899368,-0.008410518057644367,26.957693516302722,0.05530354287573814,2.1730602637803607,1,259,1788683501.855766
1788683546.394289,44.520000,gate_sweep_poor_extreme_r17,0.04478763649240136,-0.008869733661413193,0.026742830872535706,31.844836187909674,0.05019861459732056,-0.05491141229867935,-0.006831904407590628,29.428874450696494,0.05723965150941929,2.4159617372131796,1,245,1788683501.8742702
1788683546.436952,44.552000,gate_sweep_poor_extreme_r17,0.046945175621658564,-0.00898648053407669,0.026642903685569763,33.98981227232735,0.0497736781835556,-0.06134762987494469,-0.007070143707096577,32.12169888370367,0.062339874490886696,1.8681133886236743,1,244,1788683501.8849344
1788683546.491558,44.584000,gate_sweep_poor_extreme_r17,0.05101271206513047,-0.009024284780025482,0.026610329747200012,37.85055219845617,0.0539836511015892,-0.05972233787178993,-0.005371442995965481,34.756586599394836,0.06001627157570857,3.0939655990613377,1,140,1788683501.9075325
1788683546.543869,44.620000,gate_sweep_poor_extreme_r17,0.05485036829486489,-0.008746292442083359,0.027021393179893494,41.21392293141151,0.06808076053857803,-0.058718323707580566,-0.005777995567768812,38.04438162731452,0.06122129604919036,3.169541304096985,1,201,1788683501.9238412
1788683546.597112,44.652000,gate_sweep_poor_extreme_r17,0.05916635552421212,-0.008122939616441727,0.028216376900672913,44.81216565099169,0.08524782955646515,-0.05895156040787697,-0.006456539500504732,41.32029078440216,0.06682816106266627,3.4918748665895243,1,206,1788683501.945093
1788683546.651332,44.684000,gate_sweep_poor_extreme_r17,0.06386783206835389,-0.007116258144378662,0.03051842749118805,48.60949028623037,0.09919299185276031,-0.06197791174054146,-0.004758257884532213,44.79266868861081,0.07417622584222497,3.8168215976195623,1,209,1788683501.9673095
1788683546.704043,44.716000,gate_sweep_poor_extreme_r17,0.07009227434173226,-0.005306817591190338,0.035797759890556335,53.65521170588737,0.1204456090927124,-0.0624019131064415,-0.0026509412564337254,48.439282218611936,0.08528546694678098,5.2159294872754325,1,237,1788683501.98799
1788683546.751916,44.752000,gate_sweep_poor_extreme_r17,0.07389415660873055,-0.0039701685309410095,0.04093889892101288,56.74484632918636,0.14269152283668518,-0.0619610957801342,0.00012084678746759892,52.68067421145311,0.09880353547875374,4.064172117733254,1,252,1788683501.999896
1788683546.799644,44.784000,gate_sweep_poor_extreme_r17,0.07881950447335839,-0.0019808225333690643,0.051073238253593445,60.957216521024975,0.16225722432136536,-0.06432922184467316,0.0017410441068932414,56.575595205019454,0.11525120983939406,4.381621316005523,1,280,1788683502.0156217
1788683546.860638,44.816000,gate_sweep_poor_extreme_r17,0.08547090599313378,0.0012841615825891495,0.07509709894657135,67.21245464110491,0.18314960598945618,-0.06990664452314377,0.01200988981872797,60.52569623223962,0.13634241916034737,6.6867584088653,1,280,1788683502.0446215
1788683546.906204,44.848000,gate_sweep_poor_extreme_r17,0.0883533121086657,0.002998555079102516,0.0915631502866745,70.2493514912149,0.20447824895381927,-0.08115632086992264,0.027656204998493195,64.36789257671812,0.15700682074149938,5.881458914496775,1,317,1788683502.0581896
1788683546.959165,44.884000,gate_sweep_poor_extreme_r17,0.09165096888318658,0.00527854822576046,0.11792252957820892,74.17719432545461,0.22505399584770203,-0.07718746364116669,0.04774536192417145,68.60301044517202,0.17181922353588464,5.5741838802826,1,312,1788683502.0751483
1788683547.010554,44.916000,gate_sweep_poor_extreme_r17,0.09369702497497201,0.006926178932189941,0.14083878695964813,76.9306212435024,0.247866690158844,-0.07457688450813293,0.06536445766687393,72.33920986457449,0.19001949740818336,4.591411378927915,1,329,1788683502.0945334
1788683547.058111,44.948000,gate_sweep_poor_extreme_r17,0.09630384901538491,0.009514795616269112,0.18450449407100677,81.26109971645779,0.2628623843193054,-0.08227971196174622,0.08543653041124344,75.80955830660614,0.2144351620601664,5.451541409851662,1,353,1788683502.1100917
1788683547.111188,44.980000,gate_sweep_poor_extreme_r17,0.09775328496471047,0.011346140876412392,0.22341786324977875,84.36866419081825,0.27081406116485596,-0.09036804735660553,0.1054714247584343,79.09342254824232,0.23282433442338268,5.275241642575937,1,179,1788683502.1311693
1788683547.159544,45.016000,gate_sweep_poor_extreme_r17,0.0987486750818789,0.012946640141308308,0.2650839239358902,87.19625720077968,0.28105682134628296,-0.10355490446090698,0.13708332180976868,82.60539521663107,0.25138222736246685,4.590861984148617,1,330,1788683502.1435273
1788683547.217024,45.048000,gate_sweep_poor_extreme_r17,0.09945554146543145,0.014548441395163536,0.32010309398174286,90.26797114251822,0.2772851288318634,-0.1219685971736908,0.17104172706604004,85.29957753678308,0.26922027239660706,4.968393605735153,1,184,1788683502.1689978
1788683547.258571,45.080000,gate_sweep_poor_extreme_r17,0.09970721462741494,0.015495111234486103,0.3657524436712265,92.38330626079394,0.2851656675338745,-0.14338058233261108,0.20416951179504395,88.02019164422428,0.2928230995577137,4.363114616569666,1,322,1788683502.1785545
1788683547.322257,45.112000,gate_sweep_poor_extreme_r17,0.09975786367431283,0.015971246175467968,0.40076135098934174,93.77230609057904,0.30178189277648926,-0.14864197373390198,0.23728935420513153,90.62205787384694,0.307626907529599,3.150248216732088,1,178,1788683502.2102382
1788683547.366643,45.148000,gate_sweep_poor_extreme_r17,0.0996530787087977,0.016256041824817657,0.46031223237514496,95.68360804432565,0.2925070524215698,-0.14643219113349915,0.28601792454719543,92.7725357750358,0.3066571735034584,2.9110722692898543,1,316,1788683502.2186239
1788683547.422666,45.180000,gate_sweep_poor_extreme_r17,0.0994513020850718,0.016049019992351532,0.5088736265897751,96.91370736962041,0.2882016599178314,-0.14599497616291046,0.3310334086418152,94.49348628568404,0.30579747773933524,2.420221083936363,1,186,1788683502.242641
1788683547.465196,45.212000,gate_sweep_poor_extreme_r17,0.09918045112863183,0.015480981208384037,0.5583952814340591,97.89326156649292,0.28607311844825745,-0.15084953606128693,0.3723997175693512,96.03006578401215,0.31175159959556137,1.8631957824807739,1,329,1788683502.253174
1788683547.519760,45.244000,gate_sweep_poor_extreme_r17,0.09873079368844628,0.01428728923201561,0.6219383627176285,98.82462190454748,0.2822021245956421,-0.15559247136116028,0.41535234451293945,97.29053450142207,0.3243434063484575,1.5340874031254175,1,204,1788683502.2757435
1788683547.559875,45.280000,gate_sweep_poor_extreme_r17,0.09823965886607766,0.012986577115952969,0.6743391901254654,99.3366531002984,0.2758447229862213,-0.16627387702465057,0.4699459373950958,98.2911229477891,0.32473754168792446,1.0455301525093095,1,313,1788683502.2798448
1788683547.605435,45.312000,gate_sweep_poor_extreme_r17,0.09779821196570992,0.011811928823590279,0.7146868854761124,99.61978327216576,0.2840164005756378,-0.1834884136915207,0.5286067724227905,99.15748352846079,0.32778841655802815,0.4622997437049698,1,217,1788683502.2934146
1788683547.663320,45.344000,gate_sweep_poor_extreme_r17,0.09714907268062234,0.010030966252088547,0.7699220329523087,99.82257121297744,0.29414090514183044,-0.19675375521183014,0.5938829779624939,99.8939117163214,0.33549284935605134,0.0713405033439624,1,156,1788683502.3192973
1788683547.706008,45.376000,gate_sweep_poor_extreme_r17,0.09617965528741479,0.007480155676603317,0.8415693193674088,99.88182083089413,0.28786057233810425,-0.20684516429901123,0.6535862684249878,100.28350650048021,0.3435324499747639,0.4016856695860928,1,315,1788683502.3299901
1788683547.764316,45.412000,gate_sweep_poor_extreme_r17,0.0952653051353991,0.005193034186959267,0.9011712223291397,99.74946931176657,0.28606411814689636,-0.22188696265220642,0.7103980183601379,100.54466845290486,0.3526527007746717,0.7951991411382839,1,209,1788683502.352294
1788683547.804168,45.444000,gate_sweep_poor_extreme_r17,0.0942298979498446,0.0027454588562250137,0.96311916410923,99.50665108317948,0.2787674367427826,-0.2314353883266449,0.7649344205856323,100.55573531548276,0.35801112409610397,1.049084232303289,1,324,1788683502.3601499
1788683547.852921,45.476000,gate_sweep_poor_extreme_r17,0.09337113657966256,0.0008356235921382904,1.0113073736429214,99.24342540414342,0.2703978717327118,-0.24403634667396545,0.8247262835502625,100.46145184387464,0.3551242739677427,1.21802643973122,1,217,1788683502.3768966
1788683547.908805,45.508000,gate_sweep_poor_extreme_r17,0.09177648136392236,-0.002381395548582077,1.095489278435707,98.701506653309,0.2601149082183838,-0.2587360739707947,0.8881309032440186,100.21154492897936,0.3702067569168991,1.5100382756703585,1,165,1788683502.400784
1788683547.951953,45.544000,gate_sweep_poor_extreme_r17,0.09036671230569482,-0.0049483031034469604,1.1667072921991348,98.17717406720129,0.2502647340297699,-0.283598393201828,0.9644343256950378,99.82611815638516,0.37964141375971644,1.6489440891838694,1,342,1788683502.4079318
1788683548.005347,45.576000,gate_sweep_poor_extreme_r17,0.08877169946208596,-0.007495719939470291,1.2414825111627579,97.59071295622722,0.24814623594284058,-0.31403738260269165,1.0405288934707642,99.4068645545811,0.39968786607837814,1.8161515983538827,1,211,1788683502.4293303
1788683548.050048,45.608000,gate_sweep_poor_extreme_r17,0.08649252215400338,-0.010685138404369354,1.33918596804142,96.79370203193476,0.24650134146213531,-0.34402528405189514,1.1092820167541504,98.95343977689822,0.435401311176477,2.15973774496347,1,352,1788683502.4420295
1788683548.102741,45.640000,gate_sweep_poor_extreme_r17,0.08442731807008386,-0.013240531086921692,1.4202747493982315,96.12354357528186,0.24355188012123108,-0.38283851742744446,1.1827430725097656,98.39318142715095,0.4672735764842532,2.269637851869106,1,199,1788683502.4627235
1788683548.141439,45.676000,gate_sweep_poor_extreme_r17,0.08273992547765374,-0.015152908861637115,1.4824724346399307,95.61093760383575,0.23512877523899078,-0.42312392592430115,1.267208456993103,97.61674679638294,0.48579964220557204,2.0058091925472006,1,358,1788683502.4654224
1788683548.195227,45.708000,gate_sweep_poor_extreme_r17,0.07969260821118951,-0.018265284597873688,1.5882976204156876,94.75122868635941,0.23775337636470795,-0.4581429958343506,1.3473018407821655,96.97968971703584,0.5258845624974086,2.2284610306764345,1,210,1788683502.4872081
1788683548.240332,45.740000,gate_sweep_poor_extreme_r17,0.07706469902768731,-0.020707417279481888,1.6744138151407242,94.07164423172753,0.2323574423789978,-0.48984643816947937,1.4232370853424072,96.30942387742223,0.5543437621651192,2.237779645694708,1,376,1788683502.5003078
1788683548.291800,45.772000,gate_sweep_poor_extreme_r17,0.07426942745223641,-0.023132458329200745,1.7615255266427994,93.40976660430938,0.2354913055896759,-0.5249304175376892,1.5129141807556152,95.71474237946272,0.5827531957525452,2.3049757751533364,1,195,1788683502.5197835
1788683548.333821,45.808000,gate_sweep_poor_extreme_r17,0.0705397711135447,-0.02617625892162323,1.8714068084955215,92.61835724110665,0.2302236258983612,-0.5457277894020081,1.6008869409561157,94.98767576916649,0.6071356726770272,2.3693185280598406,1,399,1788683502.525803
1788683548.388019,45.840000,gate_sweep_poor_extreme_r17,0.06735903630033135,-0.028627559542655945,1.959897294640541,92.01982719370393,0.22075346112251282,-0.565109133720398,1.6894731521606445,94.3011276176501,0.6200576955693263,2.28130042394617,1,222,1788683502.5479965
1788683548.427700,45.872000,gate_sweep_poor_extreme_r17,0.06486020470038056,-0.03046213462948799,2.0264551788568497,91.59515600899323,0.220432847738266,-0.5790806412696838,1.7591404914855957,93.74413127541195,0.6297954073937847,2.1489752664187165,1,378,1788683502.5556748
1788683548.480756,45.904000,gate_sweep_poor_extreme_r17,0.06051274994388223,-0.03351647034287453,2.137720003724098,90.9360704842925,0.2188217043876648,-0.5932089686393738,1.8447109460830688,93.26037080248467,0.6512846732160558,2.3243003181921695,1,217,1788683502.5767424
1788683548.526447,45.940000,gate_sweep_poor_extreme_r17,0.05694424966350198,-0.035921890288591385,2.2267238050699234,90.45630779185144,0.23220448195934296,-0.5814801454544067,1.933079481124878,92.8236889403491,0.6438765004168919,2.367381148497661,1,374,1788683502.5864282
1788683548.578374,45.972000,gate_sweep_poor_extreme_r17,0.05333190271630883,-0.03822959586977959,2.315240278840065,90.04740707260476,0.23209556937217712,-0.5700104832649231,2.0290327072143555,92.38355716912059,0.6298111897790498,2.33615009651584,1,213,1788683502.6063564
1788683548.619116,46.004000,gate_sweep_poor_extreme_r17,0.049670661333948374,-0.04043586924672127,2.4027823358774185,89.68279417491539,0.22094963490962982,-0.5530382990837097,2.123234272003174,91.97413862202416,0.6084774916788315,2.291344447108758,1,397,1788683502.6150885
1788683548.672793,46.036000,gate_sweep_poor_extreme_r17,0.045058506075292826,-0.04303702339529991,2.510179653763771,89.29790479664182,0.21732097864151,-0.5507091879844666,2.2198450565338135,91.67563870943239,0.6096716858293144,2.3777339127905788,1,203,1788683502.6367722
1788683548.710672,46.072000,gate_sweep_poor_extreme_r17,0.042260049376636744,-0.044478271156549454,2.5732728391885757,89.10076204207871,0.20980720221996307,-0.5336574912071228,2.341860055923462,91.31587168589638,0.5664982206624296,2.2151096438176627,1,395,1788683502.6386526
1788683548.765586,46.104000,gate_sweep_poor_extreme_r17,0.037506452295929193,-0.04672547057271004,2.6756745725870132,88.82848218815452,0.2043735235929489,-0.5276994705200195,2.432121992111206,91.0740026894875,0.564356684699476,2.245520501332968,1,212,1788683502.6615713
1788683548.808465,46.136000,gate_sweep_poor_extreme_r17,0.03459771769121289,-0.04799497500061989,2.7353679090738297,88.69720821945066,0.2022964358329773,-0.5122668147087097,2.5233356952667236,90.91097419830764,0.5372419016646668,2.2137659788569786,1,384,1788683502.6724496
1788683548.867032,46.168000,gate_sweep_poor_extreme_r17,0.029683290515094995,-0.04990043863654137,2.831600561738014,88.52729091201932,0.19679094851016998,-0.5055466890335083,2.6045162677764893,90.7630685322586,0.5358224999245728,2.2357776202392756,1,212,1788683502.699015
1788683548.909838,46.204000,gate_sweep_poor_extreme_r17,0.02568889083340764,-0.0512692965567112,2.9055341631174088,88.43368467071264,0.19568926095962524,-0.4942263066768646,2.696802854537964,90.67822915537073,0.5183433204343663,2.244544484658104,1,369,1788683502.7058215
1788683548.960775,46.236000,gate_sweep_poor_extreme_r17,0.022670720238238573,-0.052204329520463943,2.959149017930031,88.38779528132294,0.18702782690525055,-0.4812539517879486,2.776198625564575,90.56043107240548,0.4945378478402811,2.172635791082551,1,192,1788683502.7247577
1788683549.018088,46.268000,gate_sweep_poor_extreme_r17,0.017659522127360106,-0.053559768944978714,3.044905796647072,88.35501391345717,0.1771140843629837,-0.46996092796325684,2.8571791648864746,90.48004378122974,0.48379434775708013,2.12502986777256,1,152,1788683502.7500706
1788683549.059783,46.300000,gate_sweep_poor_extreme_r17,0.013619270641356707,-0.054460559040308,3.110350266098976,88.36478472811608,0.16992473602294922,-0.43963348865509033,2.9153544902801514,90.4239177273738,0.45914369951397094,2.059132999257728,1,328,1788683502.7597628
1788683549.116599,46.336000,gate_sweep_poor_extreme_r17,0.00950960861518979,-0.05517886206507683,3.1730224043130875,88.40464447548118,0.160999596118927,-0.43749335408210754,2.964561700820923,90.41829263137464,0.46105254800355555,2.013648155893462,1,173,1788683502.7805839
1788683549.158354,46.368000,gate_sweep_poor_extreme_r17,0.004295673628803343,-0.055877383798360825,3.247571125626564,88.49324947502475,0.1622549295425415,-0.4535144865512848,2.998201608657837,90.52274998782433,0.49522878350089616,2.02950051279958,1,297,1788683502.790335
1788683549.204687,46.400000,gate_sweep_poor_extreme_r17,0.00010697450488805771,-0.05631018057465553,3.30434812605381,88.59335864463054,0.1589697152376175,-0.4584161639213562,3.047889232635498,90.62323276241223,0.50269051736598,2.0298741177816892,1,192,1788683502.804665
1788683549.259451,46.432000,gate_sweep_poor_extreme_r17,-0.0051455446518957615,-0.05666784569621086,3.371761217713356,88.74978741614568,0.1484535187482834,-0.4490506947040558,3.1254758834838867,90.69413895952694,0.48807114064390955,1.944351543381264,1,151,1788683502.8274348
1788683549.300124,46.468000,gate_sweep_poor_extreme_r17,-0.008300672750920057,-0.056790854781866074,3.4103454500436783,88.85871123637985,0.1433640867471695,-0.4359145760536194,3.1694729328155518,90.81706512182176,0.47408497641284686,1.9583538854419018,1,292,1788683502.832108
1788683549.348118,46.500000,gate_sweep_poor_extreme_r17,-0.012449498753994703,-0.056879427284002304,3.4597469717264175,89.01977412726808,0.1325751692056656,-0.4348601698875427,3.2009377479553223,90.9278989527517,0.48050370488158617,1.9081248254836252,1,165,1788683502.8481007
1788683549.401161,46.532000,gate_sweep_poor_extreme_r17,-0.016455025877803564,-0.05689266696572304,3.50688399374485,89.1980798549057,0.12836012244224548,-0.4298841953277588,3.2275593280792236,91.15638892684348,0.4879716961689675,1.9583090719377714,1,134,1788683502.869143
1788683549.446052,46.564000,gate_sweep_poor_extreme_r17,-0.021164955105632544,-0.05677741393446922,3.562789097428322,89.43898260685884,0.13029703497886658,-0.41840797662734985,3.189927577972412,91.3587381739336,0.5410574008410717,1.919755567074751,1,310,1788683502.8820329
1788683549.491461,46.600000,gate_sweep_poor_extreme_r17,-0.024616520386189222,-0.05656500533223152,3.6051813513040543,89.64437213780579,0.1282266229391098,-0.4253495931625366,3.201840400695801,91.6364674287839,0.5674918687702014,1.9920952909781262,1,176,1788683502.89144
1788683549.548257,46.632000,gate_sweep_poor_extreme_r17,-0.02699847286567092,-0.05633728578686714,3.635693445801735,89.80293663255563,0.1273561269044876,-0.43666890263557434,3.2278356552124023,91.88752453382615,0.5786410446808709,2.084587901270529,1,136,1788683502.9162407
1788683549.586246,46.664000,gate_sweep_poor_extreme_r17,-0.029964664485305548,-0.05597477778792381,3.6748935133218765,90.02044419657254,0.10494448989629745,-0.4447439908981323,3.2622787952423096,91.91603235768152,0.5827459880378161,1.8955881611089807,1,336,1788683502.9222257
1788683549.631581,46.696000,gate_sweep_poor_extreme_r17,-0.033208032604306936,-0.05534311756491661,3.721473827958107,90.29896639159114,0.09681419283151627,-0.4468049108982086,3.3028972148895264,92.09307316606804,0.5876686955717186,1.7941067744769013,1,205,1788683502.9355571
1788683549.686400,46.732000,gate_sweep_poor_extreme_r17,-0.03545098518952727,-0.05469417944550514,3.7569369226694107,90.52293758889371,0.09236926585435867,-0.4379022717475891,3.3583054542541504,92.36017350251738,0.5675328238909457,1.8372359136236787,1,154,1788683502.9543815
1788683549.734844,46.764000,gate_sweep_poor_extreme_r17,-0.03741893311962485,-0.05394471809267998,3.790875568985939,90.74695957638264,0.07272768765687943,-0.4305568337440491,3.3856403827667236,92.43761054659011,0.5640784696068495,1.6906509702074652,1,358,1788683502.9708257
1788683549.792196,46.796000,gate_sweep_poor_extreme_r17,-0.039508921559900045,-0.052886273711919785,3.8312822729349136,91.02250972516565,0.07134756445884705,-0.4280398488044739,3.402987241744995,92.68644453079786,0.5800568930192301,1.6639348056322052,1,183,1788683502.996179
1788683549.830410,46.828000,gate_sweep_poor_extreme_r17,-0.04055711766704917,-0.05215982720255852,3.8544827848672867,91.18503947267104,0.06892301142215729,-0.4241493344306946,3.4231760501861572,92.93093663711156,0.5799893029483553,1.7458971644405197,1,359,1788683503.0023952
1788683549.884541,46.864000,gate_sweep_poor_extreme_r17,-0.04175615077838302,-0.05113133415579796,3.8842975050210953,91.39645380762065,0.07175321877002716,-0.4198586940765381,3.4592697620391846,93.28826337373582,0.5740146559398058,1.8918095661151588,1,178,1788683503.020525
1788683549.923157,46.896000,gate_sweep_poor_extreme_r17,-0.04272508388385177,-0.05003455653786659,3.912847653031349,91.60046332442509,0.07293426990509033,-0.4150489568710327,3.4953017234802246,93.53745204687237,0.5665308481046457,1.936988722447289,1,354,1788683503.0271335
1788683549.978646,46.928000,gate_sweep_poor_extreme_r17,-0.043653958942741156,-0.04857167229056358,3.946937695145607,91.84358533738802,0.06989546120166779,-0.4116427004337311,3.5250940322875977,93.74082580747393,0.5680370746575703,1.8972404700859045,1,183,1788683503.0506282
1788683550.016067,46.960000,gate_sweep_poor_extreme_r17,-0.04421462258324027,-0.04732460901141167,3.9729658514261246,92.02773501805127,0.06562007963657379,-0.4093528091907501,3.552628517150879,93.91361157621937,0.5655188362224781,1.8858765581680856,1,360,1788683503.0560436
1788683550.073696,46.996000,gate_sweep_poor_extreme_r17,-0.04473616322502494,-0.04564728960394859,4.004072323441505,92.24319827594562,0.060245368629693985,-0.4048214554786682,3.579963207244873,94.09693971769308,0.5655932689693651,1.8537414417474514,1,190,1788683503.0776782
1788683550.121657,47.028000,gate_sweep_poor_extreme_r17,-0.044955247547477484,-0.044554490596055984,4.0219932943582535,92.36446334408677,0.05565126612782478,-0.4016354978084564,3.6037285327911377,94.24150795280727,0.5590831128504217,1.8770446087204968,1,355,1788683503.0936358
1788683550.175079,47.060000,gate_sweep_poor_extreme_r17,-0.045113695319741964,-0.04301198199391365,4.045086279511452,92.51609779081413,0.05087178200483322,-0.39346203207969666,3.6343681812286377,94.41227034369919,0.5483774299872357,1.8961725528850693,1,190,1788683503.1150606
1788683550.215776,47.092000,gate_sweep_poor_extreme_r17,-0.045100418385118246,-0.041387733072042465,4.067281141877174,92.6532876735664,0.044473521411418915,-0.38588041067123413,3.6641364097595215,94.53199351458609,0.5377958447629996,1.8787058410197024,1,361,1788683503.123753
1788683550.274093,47.128000,gate_sweep_poor_extreme_r17,-0.04486769950017333,-0.039230700582265854,4.093850985169411,92.80825716292567,0.040405429899692535,-0.3793078064918518,3.7000036239624023,94.66792082293645,0.5272946884724041,1.8596636600107712,1,193,1788683503.1460736
1788683550.314189,47.160000,gate_sweep_poor_extreme_r17,-0.044531704392284155,-0.037414129823446274,4.114212408661842,92.91671565007645,0.03806421533226967,-0.3726324737071991,3.733637571334839,94.77699653218762,0.5138391098756361,1.8602808821111663,1,353,1788683503.1541688
1788683550.362988,47.192000,gate_sweep_poor_extreme_r17,-0.044215825852006674,-0.03602762892842293,4.129045382142067,92.98943448594787,0.036424264311790466,-0.368124395608902,3.7601892948150635,94.88197505579907,0.5028378463674347,1.8925405698512063,1,207,1788683503.170968
1788683550.422292,47.224000,gate_sweep_poor_extreme_r17,-0.04358792817220092,-0.033621646463871,4.152823820710182,93.0947126152452,0.03369424119591713,-0.36662402749061584,3.77915096282959,94.96732728778129,0.5064528844703851,1.8726146725360897,1,149,1788683503.19827
1788683550.463445,47.260000,gate_sweep_poor_extreme_r17,-0.04301998158916831,-0.03166547417640686,4.171093836426735,93.16414362773234,0.031342484056949615,-0.3626317083835602,3.798311233520508,95.02864397522907,0.5040191400252337,1.8645003474967368,1,329,1788683503.2034233
1788683550.517631,47.292000,gate_sweep_poor_extreme_r17,-0.04243932804092765,-0.029710393399000168,4.188720598816872,93.22259405571096,0.027304213494062424,-0.3620380759239197,3.8200156688690186,95.0715042345631,0.5012476189729761,1.8489101788521338,1,163,1788683503.225614
1788683550.562840,47.324000,gate_sweep_poor_extreme_r17,-0.041892295237630606,-0.02777288109064102,4.205745592713356,93.27021581376142,0.025961970910429955,-0.3535543978214264,3.8482673168182373,95.14467090973682,0.48839381222006634,1.8744550959753934,1,310,1788683503.2388196
1788683550.607841,47.356000,gate_sweep_poor_extreme_r17,-0.0412189862690866,-0.025437679141759872,4.226276770234108,93.31170464498301,0.023445241153240204,-0.34229525923728943,3.8787477016448975,95.18957511198738,0.4747174337293771,1.8778704670043656,1,168,1788683503.2518165
1788683550.663027,47.392000,gate_sweep_poor_extreme_r17,-0.04082453018054366,-0.024088632315397263,4.238221064209938,93.32770181194772,0.020083710551261902,-0.33325403928756714,3.911524534225464,95.21336504617595,0.4538983205093487,1.8856632342282198,1,127,1788683503.271002
1788683550.701543,47.424000,gate_sweep_poor_extreme_r17,-0.04033475136384368,-0.02231750264763832,4.25375260412693,93.34123904029796,0.01762561872601509,-0.3237665295600891,3.935457229614258,95.24966012404246,0.4422022905453784,1.9084210837445,1,291,1788683503.2775233
1788683550.748393,47.456000,gate_sweep_poor_extreme_r17,-0.039847494568675756,-0.020593278110027313,4.268884554505348,93.34532495331403,0.016197703778743744,-0.3197610378265381,3.9553158283233643,95.26884064700918,0.43699857980431644,1.9235156936951467,1,159,1788683503.2923734
1788683550.800045,47.488000,gate_sweep_poor_extreme_r17,-0.03914308687672019,-0.018536686897277832,4.287136927247047,93.33704250417922,0.018163027241826057,-0.31834933161735535,3.9730710983276367,95.27268650893512,0.4379599953697276,1.935644004755905,1,127,1788683503.3120139
1788683550.844413,47.524000,gate_sweep_poor_extreme_r17,-0.03856821870431304,-0.016989190131425858,4.3012551218271255,93.3220444491815,0.008608990348875523,-0.31398770213127136,3.9897537231445312,95.20130501631957,0.4329745102952173,1.8792605671380613,1,256,1788683503.320392
1788683550.893464,47.556000,gate_sweep_poor_extreme_r17,-0.03815509146079421,-0.015892624855041504,4.311586752533913,93.3056299907816,0.008007172495126724,-0.3078329861164093,4.000833034515381,95.19964188422679,0.4288682809549982,1.894011893445206,1,147,1788683503.3374372
1788683550.940767,47.588000,gate_sweep_poor_extreme_r17,-0.0374691947363317,-0.014179259538650513,4.328315630555153,93.27217296534356,0.006842316593974829,-0.3030294179916382,4.008540630340576,95.16791922483347,0.4331904602330533,1.8957462594899122,1,125,1788683503.3527477
1788683550.992692,47.620000,gate_sweep_poor_extreme_r17,-0.03693312918767333,-0.012916360050439835,4.341307058930397,93.23876985087247,0.00894811563193798,-0.30033305287361145,4.019083023071289,95.15707840275482,0.43421397170627546,1.9183085518823517,1,111,1788683503.372669
1788683551.028938,47.656000,gate_sweep_poor_extreme_r17,-0.03642631461843848,-0.011759724467992783,4.353971377015114,93.20124972550047,0.006272176280617714,-0.2881929874420166,4.015802383422852,95.10734861307706,0.4388584945409239,1.9060988875765934,1,233,1788683503.3729188
1788683551.076962,47.688000,gate_sweep_poor_extreme_r17,-0.035823562648147345,-0.010415293276309967,4.369364157319069,93.14898435343522,0.004492690786719322,-0.2842807173728943,4.012716293334961,95.07398332223507,0.4514702312346332,1.9249989687998312,1,143,1788683503.388944
1788683551.125023,47.720000,gate_sweep_poor_extreme_r17,-0.03535362845286727,-0.009399104863405228,4.381398573517799,93.10513707898177,0.0044755092822015285,-0.28677791357040405,4.012776851654053,95.03174931174127,0.46304139940422856,1.9266122327595,1,119,1788683503.4050055
1788683551.173139,47.752000,gate_sweep_poor_extreme_r17,-0.0350127755664289,-0.00867057591676712,4.390265837311745,93.07194812300459,0.0044755092822015285,-0.28677791357040405,4.012776851654053,95.03175675531527,0.47053262393797285,1.9598086323106791,1,108,1788683503.4211202
1788683551.228669,47.788000,gate_sweep_poor_extreme_r17,-0.03449976583942771,-0.00751258060336113,4.404762640595436,93.01604936222022,0.0014957315288484097,-0.29914426803588867,4.012916564941406,94.89854733616815,0.48978369098102553,1.8824979739479388,1,97,1788683503.4406536
1788683551.271614,47.820000,gate_sweep_poor_extreme_r17,-0.03415082534775138,-0.006622277200222015,4.416105166077614,92.97159949120505,-0.008465273305773735,-0.30353546142578125,3.998086452484131,94.78136048578924,0.5133778642140819,1.809760994584188,1,207,1788683503.4515967
1788683551.317446,47.852000,gate_sweep_poor_extreme_r17,-0.033853968139737844,-0.005756966769695282,4.427200213074684,92.92807516102371,-0.00837097130715847,-0.30557119846343994,3.986121416091919,94.73851164182507,0.533936758241501,1.8104364808013553,1,125,1788683503.465429
1788683551.362481,47.884000,gate_sweep_poor_extreme_r17,-0.03354081278666854,-0.004735756665468216,4.44076432287693,92.87422916367237,-0.00837097130715847,-0.30557119846343994,3.986121416091919,94.73849487762217,0.5457432149388657,1.8642657139498013,1,107,1788683503.4784598
1788683551.408189,47.920000,gate_sweep_poor_extreme_r17,-0.033326567616313696,-0.0039595142006874084,4.451393976807594,92.83429096720664,-0.00837097130715847,-0.30557119846343994,3.986121416091919,94.73849994337074,0.555041390912319,1.9042089761640943,1,100,1788683503.4881713
1788683551.463822,47.952000,gate_sweep_poor_extreme_r17,-0.03320792829617858,-0.003385137766599655,4.4592398554086685,92.8060187843083,-0.00836916733533144,-0.31339889764785767,3.9924001693725586,94.59001224451137,0.5609498977806112,1.783993460203061,1,80,1788683503.511802
1788683551.506923,47.984000,gate_sweep_poor_extreme_r17,-0.03309908276423812,-0.0026488322764635086,4.4696134477853775,92.77188611544084,-0.05320123955607414,-0.31061235070228577,3.986450672149658,94.43677597129997,0.573316573237603,1.6648898558591279,1,201,1788683503.5229032
1788683551.551364,48.016000,gate_sweep_poor_extreme_r17,-0.03312757005915046,-0.0017671603709459305,4.482287302613258,92.73303154928978,-0.09404346346855164,-0.28281864523887634,4.003606796264648,94.21748832572925,0.5584225195803763,1.4844567764394725,1,120,1788683503.5353508
1788683551.606104,48.052000,gate_sweep_poor_extreme_r17,-0.033253760542720556,-0.0011402945965528488,4.49225415289402,92.70604111051404,-0.11280438303947449,-0.24979931116104126,4.036203384399414,94.1038579527839,0.5254920660704215,1.3978168422698647,1,95,1788683503.554087
1788683551.655430,48.084000,gate_sweep_poor_extreme_r17,-0.03345162561163306,-0.0006082728505134583,4.502068892121315,92.68181650497287,-0.11280438303947449,-0.24979931116104126,4.036203384399414,94.10385502648333,0.5342506012824556,1.422038521510468,1,84,1788683503.5714135
1788683551.709387,48.116000,gate_sweep_poor_extreme_r17,-0.03363746916875243,-0.0002717506140470505,4.509325876832008,92.66616100180852,-0.11714433133602142,-0.23587635159492493,4.052155494689941,94.01590247581012,0.5210447987844283,1.3497414740015996,1,75,1788683503.5933692
1788683551.750579,48.148000,gate_sweep_poor_extreme_r17,-0.034009294118732214,0.00014992430806159973,4.521228209137917,92.64465722229876,-0.21575410664081573,-0.23457595705986023,4.035327911376953,93.90874991370966,0.5694089177619437,1.2640926914109047,1,185,1788683503.6025567
1788683551.796243,48.184000,gate_sweep_poor_extreme_r17,-0.03430704912170768,0.000314861536026001,4.530547514557838,92.63242177695265,-0.22915969789028168,-0.21681180596351624,4.03061580657959,93.82576211281884,0.5788292123879331,1.1933403358661958,1,108,1788683503.612221
1788683551.847656,48.216000,gate_sweep_poor_extreme_r17,-0.034613975789397955,0.0003264322876930237,4.539725199341774,92.62313283335533,-0.22915969789028168,-0.21681180596351624,4.03061580657959,93.82576002372326,0.5866765942981474,1.202627190367935,1,95,1788683503.6316314
1788683551.892134,48.248000,gate_sweep_poor_extreme_r17,-0.03498915350064635,0.00014924630522727966,4.551011458039284,92.61623165503356,-0.22915969789028168,-0.21681180596351624,4.03061580657959,93.82577333396593,0.5963102653554498,1.2095416789323779,1,84,1788683503.6441152
1788683551.940769,48.280000,gate_sweep_poor_extreme_r17,-0.035273035522550344,-0.00021191872656345367,4.559865847229958,92.61336878120456,-0.22915969789028168,-0.21681180596351624,4.03061580657959,93.82576139052182,0.603832058211201,1.212392609317263,1,78,1788683503.6607485
1788683551.989228,48.316000,gate_sweep_poor_extreme_r17,-0.035472200717777014,-0.0006099771708250046,4.566406145691872,92.61337948651395,-0.22915969789028168,-0.21681180596351624,4.03061580657959,93.8257550147908,0.60936800442779,1.2123755282768534,1,73,1788683503.6732085
1788683552.034966,48.348000,gate_sweep_poor_extreme_r17,-0.03580677276477218,-0.001464352011680603,4.5771244913339615,92.61832859119747,-0.22915969789028168,-0.21681180596351624,4.03061580657959,93.82574506192758,0.618410561108138,1.2074164707301078,1,67,1788683503.6869476
1788683552.091447,48.380000,gate_sweep_poor_extreme_r17,-0.036102437879890203,-0.002269662916660309,4.585596933960915,92.62519127624633,-0.23789574205875397,-0.21878574788570404,4.02274751663208,93.72670273050137,0.6359239099524047,1.101511454255054,1,64,1788683503.7114258
1788683552.140511,48.412000,gate_sweep_poor_extreme_r17,-0.036443845834583044,-0.0031846314668655396,4.593919649720192,92.63537455155866,-0.37121808528900146,-0.1417379081249237,4.054795742034912,93.74534727001465,0.6495578416991168,1.1099727184559915,1,180,1788683503.7284927
1788683552.183650,48.448000,gate_sweep_poor_extreme_r17,-0.03695117076858878,-0.004489611834287643,4.604052916169167,92.65140506530494,-0.36037203669548035,-0.14034920930862427,4.05947208404541,93.92596919728719,0.6477863609704917,1.2745641319822472,1,174,1788683503.7356305
1788683552.231218,48.480000,gate_sweep_poor_extreme_r17,-0.03739433130249381,-0.00562489777803421,4.611961260437965,92.666703973583,-0.36037203669548035,-0.14034920930862427,4.05947208404541,93.92596330507264,0.6539950522207598,1.2592593314896545,1,97,1788683503.751201
1788683552.279826,48.512000,gate_sweep_poor_extreme_r17,-0.03771871468052268,-0.006507504731416702,4.617790594696999,92.68000555398415,-0.36037203669548035,-0.14034920930862427,4.05947208404541,93.92595011666457,0.658588131860595,1.2459445626804182,1,87,1788683503.7678072
1788683552.321173,48.544000,gate_sweep_poor_extreme_r17,-0.03826202964410186,-0.008068080991506577,4.627289190888405,92.70362780365451,-0.36037203669548035,-0.14034920930862427,4.05947208404541,93.92595066237118,0.6660851449890154,1.222322858716657,1,78,1788683503.7771575
1788683552.371138,48.580000,gate_sweep_poor_extreme_r17,-0.038667579647153616,-0.009362060576677322,4.63468112051487,92.72502554893109,-0.36037203669548035,-0.14034920930862427,4.05947208404541,93.92596100754248,0.6719500178240997,1.2009354586114023,1,74,1788683503.7911117
1788683552.419094,48.612000,gate_sweep_poor_extreme_r17,-0.03906163340434432,-0.010675154626369476,4.641865625977516,92.74858118461125,-0.36037203669548035,-0.14034920930862427,4.05947208404541,93.92595484081447,0.6776709920050235,1.1773736562032098,1,73,1788683503.8070762
1788683552.462240,48.644000,gate_sweep_poor_extreme_r17,-0.03941852739080787,-0.011981822550296783,4.648820772767067,92.77395154290743,-0.36037203669548035,-0.14034920930862427,4.05947208404541,93.9259724178013,0.6832431617045888,1.1520208748938674,1,67,1788683503.8182158
1788683552.511431,48.676000,gate_sweep_poor_extreme_r17,-0.03978202259168029,-0.013594508171081543,4.657228842377663,92.80671986349961,-0.36037203669548035,-0.14034920930862427,4.05947208404541,93.9259731821659,0.6900419215782657,1.1192533186662919,1,63,1788683503.835406
1788683552.567756,48.712000,gate_sweep_poor_extreme_r17,-0.039964383002370596,-0.014571428298950195,4.662099257111549,92.82775970705367,-0.3645004630088806,-0.1786620020866394,4.059731483459473,93.96604033385259,0.7036308111264916,1.1382806267989192,1,61,1788683503.8557396
1788683552.612272,48.744000,gate_sweep_poor_extreme_r17,-0.04018630227074027,-0.01588299870491028,4.668421164155006,92.85592903588524,-0.37046951055526733,-0.12778490781784058,3.9900169372558594,94.09398755956819,0.7627852450149178,1.238058523682951,1,179,1788683503.8682451
1788683552.665612,48.776000,gate_sweep_poor_extreme_r17,-0.040378065314143896,-0.017205115407705307,4.674581900238991,92.88370594961253,-0.36857742071151733,-0.12956230342388153,3.9566171169281006,94.17654058839682,0.7973784450665865,1.2928346387842877,1,95,1788683503.8895898
1788683552.713487,48.808000,gate_sweep_poor_extreme_r17,-0.04053923999890685,-0.018933173269033432,4.681991949677467,92.91774847944068,-0.3577587902545929,-0.1609199345111847,3.9283151626586914,94.22746742885681,0.8299501085748473,1.309718949416131,1,89,1788683503.9054697
1788683552.758645,48.844000,gate_sweep_poor_extreme_r17,-0.040547249373048544,-0.02031625807285309,4.687663450837135,92.94516438709151,-0.3577587902545929,-0.1609199345111847,3.9283151626586914,94.22746346231759,0.8348666829236581,1.2822990752260754,1,73,1788683503.9146245
1788683552.812812,48.876000,gate_sweep_poor_extreme_r17,-0.04034843808040023,-0.022046707570552826,4.694505587220192,92.97819450284419,-0.36994582414627075,-0.17882750928401947,3.9183189868927,94.09602271908332,0.8577180744366538,1.117828216239125,1,65,1788683503.9367988
1788683552.856211,48.908000,gate_sweep_poor_extreme_r17,-0.040137314703315496,-0.023083169013261795,4.698485270142555,92.99835952445353,-0.3794192671775818,-0.1648809313774109,3.8650436401367188,94.17144944841834,0.9109576276166832,1.1730899239648156,1,214,1788683503.9481878
1788683552.906314,48.940000,gate_sweep_poor_extreme_r17,-0.039772053714841604,-0.02442610263824463,4.70366944372654,93.02207699149243,-0.37174156308174133,-0.16767339408397675,3.8405957221984863,94.28038907144303,0.9357455799778711,1.258312079950598,1,144,1788683503.966298
1788683552.956159,48.976000,gate_sweep_poor_extreme_r17,-0.039305904414504766,-0.02571510523557663,4.70873536169529,93.04650830462168,-0.37174156308174133,-0.16767339408397675,3.8405957221984863,94.28039529779679,0.9403893111854924,1.2338869931751026,1,118,1788683503.9801407
1788683553.001635,49.008000,gate_sweep_poor_extreme_r17,-0.038581111934036016,-0.0272841714322567,4.714921370148659,93.07618419708943,-0.37174156308174133,-0.16767339408397675,3.8405957221984863,94.28039448958718,0.9461238601310008,1.2042102924977467,1,103,1788683503.993615
1788683553.052486,49.040000,gate_sweep_poor_extreme_r17,-0.03793962812051177,-0.02849419414997101,4.719757452607155,93.09793466251878,-0.37174156308174133,-0.16767339408397675,3.8405957221984863,94.28038960764886,0.9506418514315973,1.1824549451300657,1,93,1788683504.012465
1788683553.098630,49.072000,gate_sweep_poor_extreme_r17,-0.03743831580504775,-0.029374048113822937,4.723288431763649,93.11269069190833,-0.37174156308174133,-0.16767339408397675,3.8405957221984863,94.28039533940982,0.9539558636304947,1.167704647501504,1,86,1788683504.0266125
1788683553.152941,49.108000,gate_sweep_poor_extreme_r17,-0.03659351682290435,-0.03080681711435318,4.728237047791481,93.02372827075476,-0.38171887397766113,-0.18235911428928375,3.85510516166687,94.22104977487214,0.9510199269719417,1.1973215041173766,1,83,1788683504.0449224
1788683553.193602,49.140000,gate_sweep_poor_extreme_r17,-0.0358820459805429,-0.03192277252674103,4.731219664216042,92.69620443163781,-0.43204909563064575,-0.1574832648038864,3.839249610900879,94.00785306572536,0.9840347272634234,1.3116486340875537,1,248,1788683504.0535817
1788683553.256848,49.172000,gate_sweep_poor_extreme_r17,-0.03502781083807349,-0.03292980417609215,4.733235254883766,92.05528504213092,-0.4628245532512665,-0.09383930265903473,3.7728312015533447,93.34674213371026,1.0531362520957515,1.291457091579346,1,132,1788683504.0848317
1788683553.302481,49.204000,gate_sweep_poor_extreme_r17,-0.03357985755428672,-0.03385501354932785,4.7334660440683365,90.78761779851621,-0.47370773553848267,-0.06634078919887543,3.738644599914551,92.60904285279317,1.0883186942925531,1.8214250542769541,1,384,1788683504.09846
1788683553.360355,49.240000,gate_sweep_poor_extreme_r17,-0.031969872768968344,-0.03423957899212837,4.731384173035622,89.4101685573305,-0.4819548726081848,-0.0706130713224411,3.7383294105529785,91.22689326651337,1.0908562198172873,1.8167247091828815,1,226,1788683504.120329
1788683553.400011,49.272000,gate_sweep_poor_extreme_r17,-0.030436144676059484,-0.03424999490380287,4.728467836976051,88.16583805200165,-0.4876803755760193,-0.06946936994791031,3.7712631225585938,89.84407361582774,1.0613922726178102,1.6782355638261042,1,400,1788683504.1279922
1788683553.451742,49.304000,gate_sweep_poor_extreme_r17,-0.027933725621551275,-0.03385427966713905,4.722980871796608,86.23099580728665,-0.5016694068908691,-0.06491131335496902,3.8158352375030518,87.92029104405941,1.0238668062140945,1.6892952367727756,1,267,1788683504.1477256
1788683553.507351,49.336000,gate_sweep_poor_extreme_r17,-0.023090928327292204,-0.03223462402820587,4.711427107453346,82.76052827140539,-0.5124155879020691,-0.05876995623111725,3.8307151794433594,85.65290194718762,1.0078671769941505,2.892373675782229,1,179,1788683504.1713338
1788683553.545762,49.372000,gate_sweep_poor_extreme_r17,-0.02011327212676406,-0.031001634895801544,4.704253569245338,80.77731622303143,-0.5550248026847839,-0.0698661059141159,3.846749782562256,82.99264737758341,1.0114116554634331,2.215331154551969,1,406,1788683504.1737406
1788683553.595854,49.404000,gate_sweep_poor_extreme_r17,-0.015613566618412733,-0.028995327651500702,4.693490877747536,77.88260434871451,-0.5793576240539551,-0.10030881315469742,3.851123332977295,80.04762961446491,1.0161082895000642,2.1650252657503963,1,256,1788683504.1918385
1788683553.654641,49.436000,gate_sweep_poor_extreme_r17,-0.011863098945468664,-0.027247875928878784,4.684680357575417,75.53059295515403,-0.5770255327224731,-0.0754222720861435,3.8207504749298096,76.88744977030248,1.0334912632073463,1.356856815148446,1,176,1788683504.2186258
1788683553.697008,49.468000,gate_sweep_poor_extreme_r17,-0.004898844752460718,-0.02392745018005371,4.668821707367897,71.28460524487046,-0.6441567540168762,-0.05150521919131279,3.76702618598938,74.0159797088333,1.105733408321871,2.731374463962825,1,388,1788683504.2289913
1788683553.751043,49.504000,gate_sweep_poor_extreme_r17,0.0012870053760707378,-0.02098742499947548,4.655784502625465,67.6395412787944,-0.6668972373008728,-0.04510347545146942,3.7605819702148438,69.7603163658093,1.1173358224301027,2.1207750870149065,1,214,1788683504.2470255
1788683553.795437,49.536000,gate_sweep_poor_extreme_r17,0.008021524176001549,-0.017871439456939697,4.643492117524147,63.824846740015026,-0.7582986354827881,-0.0406104177236557,3.748434543609619,65.44531886702629,1.178512498386779,1.6204721270112628,1,414,1788683504.2594187
1788683553.855436,49.568000,gate_sweep_poor_extreme_r17,0.017182545270770788,-0.01381910964846611,4.630462065339088,58.903087690986105,-0.7745808362960815,-0.04607941210269928,3.7418415546417236,61.42435501658078,1.1906201709767315,2.5212673255946734,1,210,1788683504.2874215
1788683553.902962,49.600000,gate_sweep_poor_extreme_r17,0.025101952720433474,-0.01050632819533348,4.6219672113657,54.90987670528288,-0.7938759922981262,-0.022330675274133682,3.7295732498168945,57.32879131339735,1.211293388167967,2.418914608114468,1,388,1788683504.3029428
1788683553.960972,49.636000,gate_sweep_poor_extreme_r17,0.031373484525829554,-0.008017342537641525,4.616587534546852,51.92716216358656,-0.7916437387466431,-0.01721501350402832,3.727942705154419,52.924608119720936,1.211252071106689,0.9974459561343796,1,212,1788683504.3249564
1788683554.015595,49.668000,gate_sweep_poor_extreme_r17,0.042293543461710215,-0.003869950771331787,4.609340086579323,47.04873218198041,-0.7896977066993713,-0.0028462857007980347,3.722080707550049,49.0891234896622,1.2163221998755878,2.040391307681791,1,328,1788683504.3475757
1788683554.060659,49.700000,gate_sweep_poor_extreme_r17,0.051313711795955896,-0.0005617178976535797,4.604938879609108,43.289018412634,-0.7818419933319092,-0.0016698625404387712,3.7132511138916016,45.38269727769656,1.2203510677267988,2.093678865062553,1,305,1788683504.3606446
1788683554.116382,49.732000,gate_sweep_poor_extreme_r17,0.06271404633298516,0.0035021528601646423,4.601092234253883,38.83520894772675,-0.7751479148864746,-0.000237341970205307,3.711561441421509,41.806699520477665,1.2220031429080283,2.97149057275091,1,147,1788683504.3843696
1788683554.158273,49.768000,gate_sweep_poor_extreme_r17,0.07173520186915994,0.006754105910658836,4.599233523011208,35.508653968452464,-0.7614235877990723,0.002226999495178461,3.710989475250244,38.08850653541507,1.2178470970843225,2.579852566962604,1,158,1788683504.3902543
1788683554.213684,49.800000,gate_sweep_poor_extreme_r17,0.08047479251399636,0.010054852813482285,4.598325625061989,32.418107141378044,-0.7466668486595154,0.014112463220953941,3.7168397903442383,34.95607732534182,1.2087998327156895,2.537970183963781,1,105,1788683504.4136646
1788683554.257391,49.832000,gate_sweep_poor_extreme_r17,0.08676645765081048,0.01260005496442318,4.598199740052223,30.264575522486098,-0.7351514101028442,0.014330856502056122,3.726395845413208,32.169245257651625,1.1981627634484524,1.904669735165531,1,230,1788683504.4253726
1788683554.315471,49.864000,gate_sweep_poor_extreme_r17,0.09647517511621118,0.017055935226380825,4.599018469452858,27.0065338751528,-0.7114319205284119,0.01549033634364605,3.7414016723632812,29.798252463546017,1.1782287116442953,2.791718588393215,1,109,1788683504.451456
1788683554.355225,49.900000,gate_sweep_poor_extreme_r17,0.10341234365478158,0.020860683172941208,4.600438013672829,24.703208044836803,-0.6993712186813354,0.015782054513692856,3.739856481552124,27.25648229817645,1.1768975375338944,2.553274253339648,1,294,1788683504.455206
1788683554.416305,49.932000,gate_sweep_poor_extreme_r17,0.10947496304288507,0.02493376866914332,4.602375879883766,22.671813978245492,-0.6934791207313538,0.0276110228151083,3.7369112968444824,25.07352528091382,1.1805809471759448,2.40171130266833,1,157,1788683504.4842768
1788683554.462016,49.964000,gate_sweep_poor_extreme_r17,0.11455984273925424,0.029315590334590524,4.60471285879612,20.91407784639426,-0.68849778175354,0.03187703341245651,3.735527753829956,23.268048010670583,1.1833811118746538,2.353970164276325,1,277,1788683504.4979994
1788683554.519289,49.996000,gate_sweep_poor_extreme_r17,0.11943146446719766,0.035148682072758675,4.608011141419411,19.09120915652048,-0.6826593279838562,0.018656238913536072,3.718198776245117,22.05463195340859,1.1980766608331832,2.96342279688811,1,142,1788683504.5232728
1788683554.554691,50.032000,gate_sweep_poor_extreme_r17,0.1214917809702456,0.03880704194307327,4.610140696167946,18.19840775621085,-0.6802401542663574,0.0147036612033844,3.716702699661255,20.73715265855488,1.2006608690813576,2.538744902344027,1,282,1788683504.5226753
1788683554.622278,50.064000,gate_sweep_poor_extreme_r17,0.12351281801238656,0.045091282576322556,4.6138113886117935,17.034816093523755,-0.6767286062240601,0.024064425379037857,3.7173373699188232,19.68984918825805,1.201871096240814,2.655033094734294,1,132,1788683504.558258
1788683554.663484,50.096000,gate_sweep_poor_extreme_r17,0.12392625072970986,0.04893357306718826,4.616022005677223,16.536233948854875,-0.6720160841941833,0.025782424956560135,3.7200915813446045,19.016136765085704,1.1986456947020523,2.479902816230829,1,283,1788683504.5674632
1788683554.716340,50.128000,gate_sweep_poor_extreme_r17,0.1231513456441462,0.055407363921403885,4.6196612268686295,16.03168349640771,-0.6743299961090088,0.03675002604722977,3.7389779090881348,18.3870543383761,1.1882456366079461,2.3553708419683907,1,125,1788683504.5883229
1788683554.759903,50.164000,gate_sweep_poor_extreme_r17,0.12131833145394921,0.060612455010414124,4.622576132416725,15.93074500656906,-0.6779093742370605,0.056709691882133484,3.7499911785125732,17.898058122153436,1.1832939866677519,1.9673131155843788,1,283,1788683504.5958836
1788683554.819877,50.196000,gate_sweep_poor_extreme_r17,0.11928790668025613,0.06451290473341942,4.624744787812233,16.035286669029148,-0.6794740557670593,0.07230746001005173,3.751424551010132,17.745514970109337,1.1835411542285825,1.7102283010801895,1,141,1788683504.6238482
1788683554.864577,50.228000,gate_sweep_poor_extreme_r17,0.11471512028947473,0.07099463418126106,4.628096953034401,16.559339168330325,-0.6844617128372192,0.09246250987052917,3.760997772216797,17.7814111114346,1.1794089492909494,1.2220719431042724,1,300,1788683504.6365557
1788683554.922102,50.260000,gate_sweep_poor_extreme_r17,0.11012144247069955,0.07612089067697525,4.63027848303318,17.302771273294237,-0.6884324550628662,0.10880523175001144,3.7734968662261963,18.133986859781334,1.1716788520391654,0.8312155864870991,1,163,1788683504.6620717
1788683554.965277,50.296000,gate_sweep_poor_extreme_r17,0.10481076547876,0.08114682883024216,4.631723776459694,18.343700285877834,-0.6953132748603821,0.13466866314411163,3.7981626987457275,18.74828861135126,1.1566707124141353,0.4045883254734246,1,299,1788683504.6692595
1788683555.024299,50.328000,gate_sweep_poor_extreme_r17,0.09733113506808877,0.08719071373343468,4.63209094107151,20.076474524011832,-0.7009106278419495,0.15127679705619812,3.808248281478882,19.692231929023293,1.1489184766092124,0.384242594988537,1,154,1788683504.6962771
1788683555.060110,50.360000,gate_sweep_poor_extreme_r17,0.09086526045575738,0.09184568747878075,4.631006613373756,21.812768858028306,-0.7104233503341675,0.18355540931224823,3.8191139698028564,20.65490466793395,1.1443966862696537,1.157864190094358,1,266,1788683504.7000916
1788683555.115703,50.392000,gate_sweep_poor_extreme_r17,0.08578318217769265,0.0952405296266079,4.629264250397682,23.316604447713015,-0.7193211913108826,0.19049090147018433,3.8137829303741455,22.279564489400226,1.1499023736187783,1.0370399583127905,1,123,1788683504.723683
1788683555.159576,50.428000,gate_sweep_poor_extreme_r17,0.07699871668592095,0.10071567073464394,4.624494448304176,26.19415910143307,-0.7260401248931885,0.20596089959144592,3.8128020763397217,24.34783824925507,1.1466439926965655,1.8463208521779968,1,188,1788683504.7315583
1788683555.213172,50.460000,gate_sweep_poor_extreme_r17,0.06977313617244363,0.10494767501950264,4.619078055024147,28.820995012617786,-0.7308748960494995,0.20397540926933289,3.8107261657714844,26.745452261639333,1.142049272365196,2.0755427509784536,1,95,1788683504.7531416
1788683555.260077,50.492000,gate_sweep_poor_extreme_r17,0.062454736325889826,0.109058428555727,4.612366572022438,31.725434171600707,-0.7345659136772156,0.21767085790634155,3.815579652786255,29.184639581229156,1.1322137479322103,2.5407945903715494,1,195,1788683504.7680585
1788683555.311398,50.524000,gate_sweep_poor_extreme_r17,0.053327678237110376,0.11409618332982063,4.602388754487038,35.73651386441055,-0.7365003824234009,0.21387335658073425,3.815584659576416,32.2007635283825,1.1193053799016646,3.5357503360280425,1,83,1788683504.7873836
1788683555.356110,50.560000,gate_sweep_poor_extreme_r17,0.046122724656015635,0.11814280226826668,4.593380346894264,39.2371686761845,-0.7389097213745117,0.2202996015548706,3.816152811050415,35.716819922517516,1.1094118240919637,3.5203487536669846,1,188,1788683504.7960942
1788683555.412427,50.592000,gate_sweep_poor_extreme_r17,0.04077225411310792,0.12123410776257515,4.586232081055641,42.0164165519371,-0.7403044700622559,0.21850936114788055,3.8168563842773438,39.22198075057653,1.100673560490477,2.794435801360576,1,95,1788683504.8204062
1788683555.469726,50.624000,gate_sweep_poor_extreme_r17,0.03201929526403546,0.1266183815896511,4.574295416474342,46.89935199821189,-0.7443535327911377,0.22731170058250427,3.8210549354553223,42.794029053547796,1.0864000804850618,4.105322944664096,1,258,1788683504.8456986
1788683555.509187,50.656000,gate_sweep_poor_extreme_r17,0.025237383786588907,0.13120342418551445,4.56563700735569,50.987646043768,-0.7448787689208984,0.24137897789478302,3.8313024044036865,46.55182495518441,1.069796639735236,4.435821088583594,1,257,1788683504.8531651
1788683555.568910,50.692000,gate_sweep_poor_extreme_r17,0.018694193568080664,0.13612128421664238,4.558655634522438,55.188036737700045,-0.7375460267066956,0.2542174458503723,3.824305295944214,51.071061905804,1.0607150389825792,4.116974831896046,1,128,1788683504.8768477
1788683555.616572,50.724000,gate_sweep_poor_extreme_r17,0.012390285730361938,0.14142878726124763,4.553459540009499,59.445467401172834,-0.7467501759529114,0.2800637185573578,3.825019598007202,54.97852670236186,1.0611967931748,4.4669406988109746,1,290,1788683504.8925552
1788683555.680218,50.756000,gate_sweep_poor_extreme_r17,0.007846645312383771,0.14569561555981636,4.550628080964088,62.642356971364364,-0.7466280460357666,0.28666990995407104,3.823406219482422,59.15069593314544,1.0573350686427199,3.491661038218921,1,150,1788683504.9242
1788683555.725650,50.788000,gate_sweep_poor_extreme_r17,0.0007117805071175098,0.15340692922472954,4.54772175848484,67.89367705750558,-0.7586132884025574,0.29973042011260986,3.8147826194763184,63.13723428192749,1.0654505646677614,4.756442775578092,1,334,1788683504.9376333
1788683555.787319,50.824000,gate_sweep_poor_extreme_r17,-0.004579725209623575,0.16018769517540932,4.5467852503061295,71.96100057244901,-0.763549268245697,0.30578234791755676,3.8170125484466553,67.6456030371545,1.0629208656070166,4.315397535294506,1,178,1788683504.9633014
1788683555.832204,50.856000,gate_sweep_poor_extreme_r17,-0.009447403717786074,0.16752836480736732,4.546949282288551,75.8476960893239,-0.7753052711486816,0.3192308843135834,3.816110849380493,71.42055486465978,1.069428231601279,4.427141224664126,1,387,1788683504.976189
1788683555.888234,50.888000,gate_sweep_poor_extreme_r17,-0.014873126056045294,0.1775028444826603,4.5486000925302505,80.37201419271454,-0.7740097641944885,0.32690709829330444,3.812105655670166,75.14736355256686,1.0681919874005357,5.224650640147679,1,214,1788683505.0002165
1788683555.934829,50.920000,gate_sweep_poor_extreme_r17,-0.018554478418082,0.18619870021939278,4.5508769899606705,83.67512566000734,-0.7810741662979126,0.3360474705696106,3.812504768371582,78.54630758621435,1.0719535745517306,5.128818073792984,1,365,1788683505.0148106
1788683555.984395,50.956000,gate_sweep_poor_extreme_r17,-0.02084930008277297,0.19316846504807472,4.552762880921364,85.95170427126183,-0.7797632217407227,0.3481843173503876,3.8122236728668213,82.1037187635872,1.071624268863537,3.8479855076746285,1,243,1788683505.0283732
1788683556.037755,50.988000,gate_sweep_poor_extreme_r17,-0.023665112908929586,0.20563166216015816,4.555637255311012,89.33978211054654,-0.778884768486023,0.3600253760814667,3.813890218734741,84.94474737838017,1.069758296690462,4.395034732166361,1,177,1788683505.049739
1788683556.076625,51.020000,gate_sweep_poor_extreme_r17,-0.024957021232694387,0.21632616594433784,4.557087793946266,91.67180476435877,-0.7796724438667297,0.3920983672142029,3.775861978530884,86.59760327160572,1.1003658530563158,5.074201492753042,1,384,1788683505.056608
1788683556.124535,51.052000,gate_sweep_poor_extreme_r17,-0.025342760141938925,0.2276887632906437,4.557396307587624,93.66604238019877,-0.7813631892204285,0.40301084518432617,3.746831178665161,88.69004310030476,1.1221945240503746,4.975999279894005,1,266,1788683505.072517
1788683556.179629,51.088000,gate_sweep_poor_extreme_r17,-0.02453323407098651,0.24280360713601112,4.555982485413551,95.6967760320128,-0.7665996551513672,0.41298189759254456,3.753474473953247,91.11446278814239,1.1061836792756097,4.58231324387041,1,192,1788683505.0915766
1788683556.219530,51.120000,gate_sweep_poor_extreme_r17,-0.022768388967961073,0.2556763030588627,4.553366556763649,96.9614360372905,-0.8287959694862366,0.4248273968696594,3.730597496032715,91.14393724613441,1.1641483927702678,5.817498791156081,1,396,1788683505.0995107
1788683556.272052,51.152000,gate_sweep_poor_extreme_r17,-0.020811166148632765,0.26577695086598396,4.550669565796852,97.70674253810654,-0.8344703316688538,0.4461241066455841,3.737514019012451,92.1556021366371,1.1643832176303004,5.551140401469448,1,278,1788683505.1200268
1788683556.324985,51.184000,gate_sweep_poor_extreme_r17,-0.01619061967357993,0.2835575081408024,4.5448650270700455,98.56977163278081,-0.8275432586669922,0.4661286175251007,3.7383346557617188,93.20176554479048,1.158497541916311,5.368006087990338,1,211,1788683505.1409655
1788683556.370357,51.220000,gate_sweep_poor_extreme_r17,-0.011313324328511953,0.29858899489045143,4.53931225836277,98.9316212523415,-0.9970524311065674,0.4774397909641266,3.728834629058838,91.86115847927337,1.2886206507308147,7.070462773068128,1,401,1788683505.1503384
1788683556.417928,51.252000,gate_sweep_poor_extreme_r17,-0.005360074806958437,0.31434184685349464,4.533047094941139,99.0057124575018,-1.002098798751831,0.4622463583946228,3.7497105598449707,91.88646609913498,1.276314990729931,7.119246358366821,1,261,1788683505.1658993
1788683556.477895,51.284000,gate_sweep_poor_extreme_r17,0.003571963985450566,0.3350986875593662,4.524423494935036,98.71129247083735,-1.0104892253875732,0.4615273177623749,3.744730234146118,91.73470510122993,1.2853893866246506,6.976587369607427,1,174,1788683505.1938813
1788683556.528684,51.316000,gate_sweep_poor_extreme_r17,0.011894285678863525,0.3526303507387638,4.517087832093239,98.17422706178375,-1.0326498746871948,0.47041115164756775,3.718506336212158,91.57008277782471,1.3201050055132801,6.604144283959052,1,383,1788683505.212666
1788683556.574713,51.352000,gate_sweep_poor_extreme_r17,0.018829709384590387,0.3663103021681309,4.5114225298166275,97.60072587088163,-1.0084404945373535,0.4720434844493866,3.6949000358581543,91.04124997261555,1.3165001180559455,6.559475898266092,1,231,1788683505.222692
1788683556.633371,51.384000,gate_sweep_poor_extreme_r17,0.03167726704850793,0.3901525177061558,4.502055540680885,96.32481443187804,-0.9826108813285828,0.49090880155563354,3.6856751441955566,90.36823407454636,1.3059131779865483,5.956580357331667,1,175,1788683505.2493541
1788683556.674812,51.416000,gate_sweep_poor_extreme_r17,0.04010106110945344,0.40504593029618263,4.496396437287331,95.37284674108773,-1.1856402158737183,0.5729928612709045,3.6569578647613525,88.57157429077513,1.495093631438719,6.801272450312601,1,399,1788683505.258792
1788683556.719903,51.448000,gate_sweep_poor_extreme_r17,0.055390013847500086,0.43100500479340553,4.48717774450779,93.49425853315087,-1.168550968170166,0.6135414838790894,3.673565149307251,86.92052559875482,1.4809849927424392,6.573732934396049,1,219,1788683505.2718775
1788683556.775924,51.484000,gate_sweep_poor_extreme_r17,0.0721821398474276,0.458334032446146,4.479013815522194,91.29031972442118,-1.1485987901687622,0.6451380252838135,3.6510818004608154,84.71402173468643,1.4868332900479742,6.576297989734763,1,176,1788683505.2919075
1788683556.816417,51.516000,gate_sweep_poor_extreme_r17,0.07933500269427896,0.4696679450571537,4.476272478699684,90.32870070929974,-1.3751137256622314,0.7207575440406799,3.61814546585083,83.26564796675692,1.7072929040784055,7.063052742542831,1,373,1788683505.3004022
1788683556.872099,51.548000,gate_sweep_poor_extreme_r17,0.09828787902370095,0.4990825988352299,4.471403494477272,87.75777054182115,-1.3692853450775146,0.7567134499549866,3.5749359130859375,81.097246096184,1.738907400649372,6.660524445637151,1,175,1788683505.3240743
1788683556.915174,51.580000,gate_sweep_poor_extreme_r17,0.11448961356654763,0.5237790085375309,4.470158949494362,85.55985410154388,-1.3711146116256714,0.8256700038909912,3.515044689178467,79.00949881643275,1.7917592855189157,6.550355285111134,1,367,1788683505.3351572
1788683556.964806,51.616000,gate_sweep_poor_extreme_r17,0.1315502063371241,0.5495295263826847,4.471438303589821,83.26854063026089,-1.353967308998108,0.8667241334915161,3.4838781356811523,76.36434868894473,1.8118084314812326,6.904191941316147,1,247,1788683505.3487864
1788683557.023263,51.648000,gate_sweep_poor_extreme_r17,0.1538488701917231,0.5832010246813297,4.476083651185036,80.32677710325231,-1.34295654296875,0.8984774947166443,3.4737465381622314,73.97716242836638,1.828798891504288,6.34961467488593,1,185,1788683505.3752277
1788683557.067679,51.680000,gate_sweep_poor_extreme_r17,0.17224244633689523,0.6112220026552677,4.481637850403786,77.95170139949755,-1.400030493736267,0.9623295068740845,3.4317777156829834,71.92066582357204,1.9228949477496302,6.031035575925506,1,388,1788683505.3876579
1788683557.112254,51.712000,gate_sweep_poor_extreme_r17,0.1862890706397593,0.6328749395906925,4.4866422563791275,76.1792076124964,-1.3871124982833862,1.0012600421905518,3.407414197921753,69.40484127760607,1.9432018122338708,6.774366334890333,1,246,1788683505.4002295
1788683557.182388,51.748000,gate_sweep_poor_extreme_r17,0.21002991357818246,0.6701774336397648,4.4962014108896255,73.2782934283111,-1.3766281604766846,1.0371644496917725,3.4043867588043213,66.6106434451615,1.960668903313971,6.667649983149599,1,169,1788683505.434358
1788683557.225345,51.780000,gate_sweep_poor_extreme_r17,0.2291498170234263,0.7010121680796146,4.504612818360329,71.03202319829178,-1.4058698415756226,1.0799611806869507,3.3760933876037598,65.03559971954532,2.0224855361056493,5.9964234787464665,1,380,1788683505.4453278
1788683557.288726,51.812000,gate_sweep_poor_extreme_r17,0.24826098838821054,0.7327053882181644,4.5133780390024185,68.87473910646301,-1.4159003496170044,1.0915145874023438,3.3447115421295166,62.73165433534066,2.064935442391282,6.143084771122359,1,181,1788683505.47669
1788683557.335646,51.844000,gate_sweep_poor_extreme_r17,0.27202570298686624,0.7734101749956608,4.524591341614723,66.32981538730807,-1.3903756141662598,1.1188161373138428,3.3377764225006104,60.71244518929663,2.0715726080225227,5.617370198011439,1,323,1788683505.4916298
1788683557.391650,51.880000,gate_sweep_poor_extreme_r17,0.29076683381572366,0.8068182803690434,4.533709421753883,64.43407473025404,-1.3786219358444214,1.1524055004119873,3.33389949798584,58.352505315328976,2.0846662188697502,6.081569414925061,1,175,1788683505.5116339
1788683557.438915,51.912000,gate_sweep_poor_extreme_r17,0.30462378123775125,0.8323173858225346,4.540551081299782,63.09927508895718,-1.364801287651062,1.1841930150985718,3.339890241622925,56.54360913711919,2.086236556828195,6.555665951837986,1,297,1788683505.526897
1788683557.503230,51.944000,gate_sweep_poor_extreme_r17,0.32737314561381936,0.8755795694887638,4.551805391907692,61.05166774403645,-1.350550651550293,1.216545581817627,3.3470945358276367,54.79914862707727,2.093564982848686,6.252519116959178,1,152,1788683505.5592086
1788683557.548891,51.976000,gate_sweep_poor_extreme_r17,0.34514722088351846,0.9108852483332157,4.5606402307748795,59.57921887698277,-1.3598707914352417,1.2471835613250732,3.3558349609375,53.13550588207957,2.1146486034044774,6.443712994903206,1,256,1788683505.5728502
1788683557.613302,52.012000,gate_sweep_poor_extreme_r17,0.3625607774592936,0.9467718936502934,4.569203272461891,58.25792897999414,-1.3537487983703613,1.2768564224243164,3.342883348464966,51.505416849229476,2.1350725777388373,6.752512130764666,1,145,1788683505.6012797
1788683557.660076,52.044000,gate_sweep_poor_extreme_r17,0.3796749101020396,0.9832345582544804,4.577456846833229,57.08691870788975,-1.3538376092910767,1.3186718225479126,3.3406286239624023,49.92121343998833,2.155766190025982,7.165705267901423,1,271,1788683505.6160576
1788683557.719589,52.076000,gate_sweep_poor_extreme_r17,0.3923222408629954,1.0109564997255802,4.583431139588356,56.30663781305733,-1.3336398601531982,1.3539116382598877,3.3349761962890625,48.75034518996027,2.1575919787206668,7.556292623097056,1,159,1788683505.643571
1788683557.765611,52.108000,gate_sweep_poor_extreme_r17,0.41298225382342935,1.0578706003725529,4.592979803681374,55.1963128650647,-1.3229559659957886,1.399522304534912,3.3336822986602783,47.55488527246252,2.171643984666574,7.641427592602178,1,252,1788683505.6575882
1788683557.826587,52.144000,gate_sweep_poor_extreme_r17,0.4291462288238108,1.0959977842867374,4.600301638245583,54.47072810600412,-1.3043556213378906,1.4384344816207886,3.335594892501831,46.62264154475507,2.1729644978519196,7.848086561249048,1,133,1788683505.682568
1788683557.873925,52.176000,gate_sweep_poor_extreme_r17,0.444991169963032,1.1346301771700382,4.607325449585915,53.88454934545248,-1.2950729131698608,1.471008062362671,3.34527587890625,45.87870085719124,2.1757164828875357,8.005848488261234,1,263,1788683505.697907
1788683557.941731,52.208000,gate_sweep_poor_extreme_r17,0.46448409417644143,1.1835016943514347,4.615664854645729,53.336618728781154,-1.2856281995773315,1.5081392526626587,3.3554723262786865,45.22698748228203,2.180909854525511,8.109631246499127,1,149,1788683505.733711
1788683557.984856,52.240000,gate_sweep_poor_extreme_r17,0.479847548995167,1.2229960896074772,4.6219595819711685,53.036453838768296,-1.274224877357483,1.5502101182937622,3.365598201751709,44.65083208629327,2.1822655693491404,8.385621752475029,1,270,1788683505.74483
1788683558.044954,52.276000,gate_sweep_poor_extreme_r17,0.49128526309505105,1.2528063990175724,4.626464739441872,52.8843624316585,-1.2535516023635864,1.5931519269943237,3.3726813793182373,44.2803348076659,2.1753766293679373,8.604027623992604,1,155,1788683505.768933
1788683558.087794,52.308000,gate_sweep_poor_extreme_r17,0.5101650641299784,1.3028112389147282,4.633572474122047,52.76308392741322,-1.2338714599609375,1.6319013833999634,3.3801698684692383,44.04862714218992,2.1727820443886423,8.714456785223303,1,241,1788683505.7797763
1788683558.151359,52.340000,gate_sweep_poor_extreme_r17,0.5251899645663798,1.3430617786943913,4.6389178186655045,52.772027722452094,-1.2192436456680298,1.6692044734954834,3.3884458541870117,43.94305833118139,2.170967022281609,8.828969391270704,1,138,1788683505.8113437
1788683558.195553,52.372000,gate_sweep_poor_extreme_r17,0.5401757047511637,1.3834924437105656,4.643979445099831,52.86435147015842,-1.2041422128677368,1.7068480253219604,3.3912746906280518,43.94165253691952,2.171744237188574,8.9226989332389,1,196,1788683505.8235369
1788683558.253314,52.408000,gate_sweep_poor_extreme_r17,0.5589307830668986,1.4342130161821842,4.649896517395973,53.08052387880804,-1.1969529390335083,1.7453330755233765,3.399155616760254,43.950627842978435,2.178135931796888,9.129896035829605,1,121,1788683505.8452923
1788683558.293614,52.440000,gate_sweep_poor_extreme_r17,0.5740176723338664,1.4748939014971256,4.6543387323617935,53.32203515270108,-1.1810638904571533,1.7866771221160889,3.401853084564209,44.0979882025517,2.178586781986762,9.224046950149388,1,156,1788683505.8535962
1788683558.349594,52.472000,gate_sweep_poor_extreme_r17,0.5854746387340128,1.5054343678057194,4.6575077921152115,53.535482026267296,-1.1552643775939941,1.8276115655899048,3.402585744857788,44.3485018031028,2.1699769156448254,9.186980223164502,1,94,1788683505.877568
1788683558.391499,52.504000,gate_sweep_poor_extreme_r17,0.6047653243876994,1.5563469864428043,4.6624773889780045,53.941457269122374,-1.135380744934082,1.8753999471664429,3.4041244983673096,44.60362579236407,2.1710262853385394,9.337831476758305,1,148,1788683505.8874736
1788683558.443245,52.540000,gate_sweep_poor_extreme_r17,0.620451717171818,1.5970350243151188,4.666207209229469,54.30002489920125,-1.1072916984558105,1.9204992055892944,3.39947772026062,44.97536048785964,2.1666402527958533,9.324664411341608,1,85,1788683505.90323
1788683558.501707,52.572000,gate_sweep_poor_extreme_r17,0.6364413783885539,1.63766023889184,4.669836416840553,54.67840198624296,-1.0863434076309204,1.957391381263733,3.4014251232147217,45.38525207559064,2.16311872816546,9.293149910652323,1,60,1788683505.9296865
1788683558.550992,52.604000,gate_sweep_poor_extreme_r17,0.6527887866832316,1.6782002188265324,4.673277750611305,55.067611711004865,-1.070698618888855,2.0178537368774414,3.3690555095672607,45.5726788961132,2.1878685983221002,9.494932814891664,1,142,1788683505.9469755
1788683558.608926,52.636000,gate_sweep_poor_extreme_r17,0.6737352297641337,1.7286878563463688,4.677272215485573,55.55384800277779,-1.038682460784912,2.065232992172241,3.3359878063201904,46.02475187232162,2.201063570554815,9.529096130456168,1,95,1788683505.9729028
1788683558.657426,52.672000,gate_sweep_poor_extreme_r17,0.6865612552501261,1.7588472105562687,4.67949666082859,55.839309371304566,-0.9909693002700806,2.097576141357422,3.3331189155578613,46.79494511953169,2.1775167246719183,9.044364251772876,1,161,1788683505.9853973
1788683558.703917,52.704000,gate_sweep_poor_extreme_r17,0.7039963291026652,1.7988797165453434,4.682289972901344,56.20991466591057,-0.9454047679901123,2.131873607635498,3.3293521404266357,47.48433814878729,2.1591316979599884,8.725576517123274,1,112,1788683505.999898
1788683558.761466,52.736000,gate_sweep_poor_extreme_r17,0.7218162105418742,1.8386764265596867,4.68491829931736,56.56512392064652,-0.9108811616897583,2.1638872623443604,3.325852394104004,48.00756275765541,2.1490749013743664,8.557561162991114,1,64,1788683506.0254488
1788683558.803462,52.768000,gate_sweep_poor_extreme_r17,0.7445116923190653,1.888019535690546,4.687978163361549,56.98780849393319,-0.9163128733634949,2.3306336402893066,3.226761817932129,47.203356793788394,2.25596956799389,9.784451700144789,1,150,1788683506.0354428
1788683558.853506,52.804000,gate_sweep_poor_extreme_r17,0.7630077884532511,1.9271212555468082,4.6902884393930435,57.312005973555856,-0.9202343821525574,2.3810946941375732,3.210357904434204,46.872129528645424,2.286829787315889,10.439876444910427,1,97,1788683506.049489
1788683558.910353,52.836000,gate_sweep_poor_extreme_r17,0.7770673320628703,1.9561948515474796,4.691965952515602,57.54887471420566,-0.9189743399620056,2.5241379737854004,3.180194854736328,46.45556407116505,2.341915582471547,11.093310643040613,1,65,1788683506.0743325
1788683558.954746,52.868000,gate_sweep_poor_extreme_r17,0.8007684634067118,2.0040842033922672,4.694653883576393,57.939748752482224,-0.9104450941085815,2.603705644607544,3.1790847778320312,46.88887284437065,2.3632070215019243,11.050875908111571,1,137,1788683506.0867298
1788683559.012717,52.900000,gate_sweep_poor_extreme_r17,0.8198848054744303,2.0419137217104435,4.696763411164284,58.259746838006585,-0.8952641487121582,2.6582858562469482,3.1449220180511475,46.63391156284359,2.3937130681557792,11.625835275162988,1,73,1788683506.112696
1788683559.057931,52.936000,gate_sweep_poor_extreme_r17,0.8390597985126078,2.0793218351900578,4.698881521821022,58.59879452582632,-0.8611780405044556,2.7078304290771484,3.1510236263275146,47.09805414795136,2.3836308074987054,11.500740377874962,1,120,1788683506.1219158
1788683559.116258,52.968000,gate_sweep_poor_extreme_r17,0.8629703805781901,2.1254875399172306,4.7016080766916275,59.06931088637783,-0.8310071229934692,2.733859062194824,3.1547791957855225,47.386241243571625,2.3732583674202985,11.683069642806204,1,56,1788683506.1482415
1788683559.161040,53.000000,gate_sweep_poor_extreme_r17,0.8819930241443217,2.161977741867304,4.703902140259743,59.50081235731451,-0.8310071229934692,2.733859062194824,3.1547791957855225,47.38624392869131,2.3793275616716,12.114568428623203,1,81,1788683506.161019
1788683559.206396,53.032000,gate_sweep_poor_extreme_r17,0.8961420343257487,2.189084980636835,4.7057207971811295,59.86677546420165,-0.8310071229934692,2.733859062194824,3.1547791957855225,47.38623916381536,2.3843747319801483,12.480536300386293,1,50,1788683506.174374
1788683559.261281,53.068000,gate_sweep_poor_extreme_r17,0.9194410131312907,2.233762715011835,4.708956614136696,60.57122959565942,-0.8310071229934692,2.733859062194824,3.1547791957855225,47.38625347924148,2.3936650729459066,13.184976116417934,1,32,1788683506.1932607
1788683559.322647,53.100000,gate_sweep_poor_extreme_r17,0.937754123006016,2.269111607223749,4.711689844727516,61.229255547744096,-0.7699787020683289,2.9220266342163086,3.129143238067627,47.871056019385854,2.41807840992798,13.358199528358247,1,29,1788683506.2226224
1788683559.367065,53.132000,gate_sweep_poor_extreme_r17,0.9557268903590739,2.304198954254389,4.714527502655983,61.976508748575114,-0.677359402179718,2.950239419937134,3.1424014568328857,48.70240866737787,2.357099791297144,13.27410008119725,1,101,1788683506.2350452
1788683559.427229,53.164000,gate_sweep_poor_extreme_r17,0.977649359498173,2.3478028513491154,4.718193426728249,63.04029729786687,-0.6277346014976501,3.0648696422576904,3.1259965896606445,49.19259303157673,2.372031452745651,13.847704266290144,1,38,1788683506.2632127
1788683559.474585,53.200000,gate_sweep_poor_extreme_r17,0.9946288750506938,2.382521126419306,4.721209421753883,63.99440797454864,-0.6556485891342163,3.140284538269043,3.0902864933013916,49.63585692351311,2.4408053375242327,14.358551051035535,1,125,1788683506.2745593
1788683559.522014,53.232000,gate_sweep_poor_extreme_r17,1.0070117400027812,2.408475134521723,4.723516836762428,64.76481142452025,-0.658409059047699,3.1752209663391113,3.096745014190674,50.14351850301834,2.4511042758790795,14.621292921501896,1,54,1788683506.2899916
1788683559.586670,53.264000,gate_sweep_poor_extreme_r17,1.0269728587009013,2.4516215063631535,4.727405443787575,66.14414425093335,-0.6495973467826843,3.255772590637207,3.091360330581665,50.6638254546369,2.476729745591825,15.480318796296451,1,42,1788683506.3226523
1788683559.629942,53.296000,gate_sweep_poor_extreme_r17,1.0422290251590312,2.4860267378389835,4.730556383728981,67.31922507330334,-0.6449058651924133,3.3247690200805664,3.091519832611084,51.27329069028152,2.497269222603252,16.04593438302182,1,154,1788683506.3339205
1788683559.683534,53.332000,gate_sweep_poor_extreme_r17,1.0568521902896464,2.5203258730471134,4.733721628785133,68.54485032222371,-0.6536688804626465,3.4464502334594727,3.0667924880981445,51.878470474616975,2.561687222224492,16.66637984760673,1,87,1788683506.3515048
1788683559.729655,53.364000,gate_sweep_poor_extreme_r17,1.0708759711124003,2.5545415617525578,4.736813917756081,69.8036236514902,-0.664610743522644,3.5460214614868164,3.0168421268463135,52.66381234543812,2.6369014941360907,17.13981130605208,1,154,1788683506.3656356
1788683559.778497,53.396000,gate_sweep_poor_extreme_r17,1.0810119793750346,2.580153439193964,4.739060774445534,70.75927525995354,-0.639671802520752,3.538464069366455,3.0172712802886963,53.86295535678917,2.6160410935934557,16.896319903164365,1,115,1788683506.3824778
1788683559.825263,53.428000,gate_sweep_poor_extreme_r17,1.0971740172244608,2.6226896978914738,4.742640867829323,72.35328676266776,-0.613923966884613,3.525590419769287,3.0328269004821777,55.2004594756174,2.581966271608713,17.152827287050357,1,94,1788683506.3972342
1788683559.881096,53.464000,gate_sweep_poor_extreme_r17,1.1095045492984354,2.656616661697626,4.745371237397194,73.60716354960046,-0.5743997693061829,3.531158924102783,3.0463919639587402,56.81715522288227,2.5469370809899234,16.790008326718183,1,65,1788683506.417079
1788683559.923563,53.496000,gate_sweep_poor_extreme_r17,1.121298520360142,2.69043967500329,4.748014822602272,74.82371289720503,-0.586251974105835,3.637444496154785,2.932671546936035,57.43539937865653,2.6660866510565255,17.388313518548497,1,150,1788683506.4275436
1788683559.975886,53.528000,gate_sweep_poor_extreme_r17,1.1353892968036234,2.7326082922518253,4.751217737793922,76.26462056363404,-0.5921214818954468,3.569655418395996,2.9222168922424316,57.9776492765539,2.6514496930803255,18.28697128708014,1,89,1788683506.447857
1788683560.032263,53.560000,gate_sweep_poor_extreme_r17,1.146165578160435,2.766193602234125,4.753710642457008,77.33248336331442,-0.6063091158866882,3.55350399017334,2.9151220321655273,58.28639480748466,2.6592166662620995,19.046088555829765,1,69,1788683506.4722471
1788683560.075255,53.596000,gate_sweep_poor_extreme_r17,1.154006211552769,2.7912773825228214,4.755555048584938,78.07252269886303,-0.6068564057350159,3.6978604793548584,2.845282554626465,59.03351256852208,2.751666961970049,19.03901013034095,1,139,1788683506.4792383
1788683560.123245,53.628000,gate_sweep_poor_extreme_r17,1.1666587279178202,2.8327560164034367,4.758636847138405,79.17455951577178,-0.5982537269592285,3.6401546001434326,2.8492209911346436,59.55958361930243,2.7226232492880937,19.61497589646934,1,96,1788683506.4952264
1788683560.176420,53.660000,gate_sweep_poor_extreme_r17,1.1765025542117655,2.865608189254999,4.761124983429909,79.92304242605962,-0.5963714718818665,3.6001439094543457,2.8471176624298096,59.79286110124582,2.7103595815847377,20.1301813248138,1,74,1788683506.516406
1788683560.218175,53.692000,gate_sweep_poor_extreme_r17,1.1861252472735941,2.8980936743319035,4.763642206788063,80.54171138146951,-0.5771347284317017,3.6319642066955566,2.8182427883148193,60.419163822476385,2.7262117668280994,20.122547558993123,1,118,1788683506.526152
1788683560.265016,53.728000,gate_sweep_poor_extreme_r17,1.19790348270908,2.9381262995302677,4.766827002167702,81.12363436421823,-0.5753050446510315,3.6822304725646973,2.7999465465545654,60.50403853337825,2.750741396151737,20.619595830839994,1,67,1788683506.5369961
1788683560.319506,53.760000,gate_sweep_poor_extreme_r17,1.2072027609683573,2.9696240164339542,4.769365206360817,81.42972413488773,-0.5921535491943359,3.735367774963379,2.7822458744049072,60.16870729822611,2.78795442467806,21.261016836661625,1,50,1788683506.5594878
1788683560.365927,53.792000,gate_sweep_poor_extreme_r17,1.2141549275256693,2.9929377771914005,4.77125109732151,81.56445512130924,-0.5969168543815613,3.795037269592285,2.68674635887146,60.50996512262937,2.8755007563120376,21.054489998679873,1,89,1788683506.5739121
1788683560.411763,53.824000,gate_sweep_poor_extreme_r17,1.225709764752537,3.031017754226923,4.774325266480446,81.609462018778,-0.599412202835083,3.7524685859680176,2.694713830947876,60.367226955152496,2.8594309262489026,21.242235063625504,1,54,1788683506.587744
1788683560.462529,53.860000,gate_sweep_poor_extreme_r17,1.2349729225970805,3.0607783533632755,4.776729479432106,81.48491516196613,-0.6121391654014587,3.769747257232666,2.6931703090667725,59.656611634977196,2.8732697034385,21.82830352698893,1,42,1788683506.602512
1788683560.504328,53.892000,gate_sweep_poor_extreme_r17,1.2442900822497904,3.0898735262453556,4.779023066163063,81.22170238820853,-0.6185932755470276,3.7795047760009766,2.6436045169830322,59.22485420672323,2.9164941360438212,21.996848181485298,1,89,1788683506.6123075
1788683560.550683,53.924000,gate_sweep_poor_extreme_r17,1.2536908076144755,3.118281338363886,4.781144514679909,80.82557672909073,-0.613808274269104,3.790816068649292,2.6435651779174805,57.963997696482075,2.917036373655594,22.86157903260865,1,62,1788683506.6266627
1788683560.596454,53.956000,gate_sweep_poor_extreme_r17,1.2656128094531596,3.152815792709589,4.783595934510231,80.1598818449439,-0.6254186630249023,3.817403554916382,2.62758469581604,55.40265393093604,2.943817484993463,24.757227914007853,1,51,1788683506.640436
1788683560.650079,53.992000,gate_sweep_poor_extreme_r17,1.2728542969562113,3.1729979254305363,4.784956827759743,79.67619852112925,-0.6596642732620239,3.911717414855957,2.5738601684570312,51.91222372398124,3.0280823874318377,27.76397479714801,1,37,1788683506.6580486
1788683560.691554,54.024000,gate_sweep_poor_extreme_r17,1.2826031134463847,3.1992735601961613,4.786627188324928,78.94685740346135,-0.6382322311401367,3.993964195251465,2.5179572105407715,50.467674808960204,3.0770123650314747,28.47918259450115,1,100,1788683506.667534
1788683560.749024,54.056000,gate_sweep_poor_extreme_r17,1.2924724505282938,3.2248224951326847,4.788126841187477,78.13840645665105,-0.8625386357307434,3.976323127746582,2.568446636199951,49.17940042029156,3.183678092259315,28.959006036359504,1,26,1788683506.693004
1788683560.791803,54.088000,gate_sweep_poor_extreme_r17,1.3050058768130839,3.2556712366640568,4.789732351899147,77.0517573731038,-0.9595730304718018,3.739291191101074,2.63813853263855,49.428917546262234,3.1609431900509812,27.622839826841567,1,93,1788683506.703778
1788683560.847846,54.124000,gate_sweep_poor_extreme_r17,1.3177832053042948,3.285353396087885,4.791013613343239,75.92671567136676,-1.0623619556427002,3.687189817428589,2.5630881786346436,49.44835744882827,3.2848463037586377,26.47835822253849,1,39,1788683506.7238293
1788683560.895023,54.156000,gate_sweep_poor_extreme_r17,1.3229649947024882,3.2968804575502872,4.7914284616708755,75.4778922215377,-1.1130391359329224,3.594270706176758,2.5299012660980225,49.39599684825953,3.3372237474833044,26.08189537327818,1,76,1788683506.739
1788683560.952317,54.188000,gate_sweep_poor_extreme_r17,1.3361097262240946,3.3248049952089787,4.7923439890146255,74.39279760604519,-1.1478232145309448,3.6466619968414307,2.4891114234924316,48.81968414383531,3.402704076840911,25.573113462209875,1,33,1788683506.7642953
1788683560.992426,54.220000,gate_sweep_poor_extreme_r17,1.3467697785235941,3.346320364624262,4.792916193604469,73.59052949524889,-1.1364164352416992,3.706777334213257,2.4475207328796387,48.20706388375252,3.4346794415706303,25.383465611496366,1,64,1788683506.7724082
1788683561.052002,54.256000,gate_sweep_poor_extreme_r17,1.360229103360325,3.3722240664064884,4.793589487671852,72.71145099338844,-1.1016364097595215,3.8072245121002197,2.428276777267456,47.469206886729644,3.441614651648726,25.242244106658788,1,29,1788683506.7959857
1788683561.093243,54.288000,gate_sweep_poor_extreme_r17,1.3710322068072855,3.3922273851931095,4.794220343232155,72.13242922073897,-1.1553984880447388,3.674468755722046,2.257516622543335,46.467618487989576,3.5912919699858765,25.66481073274939,1,36,1788683506.8052235
1788683561.150681,54.320000,gate_sweep_poor_extreme_r17,1.3818165943957865,3.411703560501337,4.794978991150856,71.68078626724535,-1.156240463256836,3.675708293914795,2.24646258354187,46.36189716478639,3.6064342510320646,25.318889102458968,1,18,1788683506.8306646
1788683561.196959,54.352000,gate_sweep_poor_extreme_r17,1.3898960039950907,3.4259850718080997,4.795667544007301,71.4354875082428,-1.1570395231246948,3.6769063472747803,2.235417127609253,46.27942609325845,3.6200447870783514,25.156061414984357,1,21,1788683506.844942
1788683561.254198,54.388000,gate_sweep_poor_extreme_r17,1.4033322022296488,3.449225638061762,4.797122851014137,71.21366767274277,-1.1578021049499512,3.678079605102539,2.2243733406066895,46.21565440361674,3.637419843920192,24.99801326912604,1,10,1788683506.866178
1788683561.302562,54.420000,gate_sweep_poor_extreme_r17,1.4139495776034892,3.467428896576166,4.798568144440651,71.21002419471321,-1.1585177183151245,3.6792123317718506,2.213336944580078,46.17885533810813,3.653198676328273,25.031168856605085,1,26,1788683506.882526
1788683561.351115,54.452000,gate_sweep_poor_extreme_r17,1.4243713305331767,3.485354159027338,4.800275221467018,71.36044720813832,-1.1591871976852417,3.68031644821167,2.2023017406463623,46.169400004207766,3.6690940530301903,25.191047203930562,1,14,1788683506.8990963
1788683561.400749,54.484000,gate_sweep_poor_extreme_r17,1.4370764181949198,3.5074710585176945,4.802764311432838,71.75845598069728,-1.159825325012207,3.6813910007476807,2.191270589828491,46.181707010778794,3.6870104784440767,25.576748969918484,1,13,1788683506.9167314
1788683561.448844,54.520000,gate_sweep_poor_extreme_r17,1.4470083401538432,3.52498671784997,4.804867163300514,72.2397251834273,-1.1604304313659668,3.6824395656585693,2.180241107940674,46.21726068834316,3.702997471911307,26.022464495084137,1,10,1788683506.9288256
1788683561.499854,54.552000,gate_sweep_poor_extreme_r17,1.4542975113727152,3.538039658218622,4.8065017610788345,72.6881654940073,-1.1609846353530884,3.6834769248962402,2.1692049503326416,46.281919545437106,3.71701320598857,26.406245948570184,1,10,1788683506.9478297
1788683561.547741,54.584000,gate_sweep_poor_extreme_r17,1.463750331196934,3.555405590683222,4.808684721589088,73.39368663036758,-1.1615172624588013,3.6845109462738037,2.1581640243530273,46.36454658195307,3.732821733972556,27.029140048414504,1,10,1788683506.9637241
1788683561.603390,54.616000,gate_sweep_poor_extreme_r17,1.475148527417332,3.577040646225214,4.811406508088112,74.42788574239337,-1.1620285511016846,3.6855311393737793,2.1471221446990967,46.46627805460307,3.7503178931350503,27.96160768779029,1,9,1788683506.9873736
1788683561.649086,54.652000,gate_sweep_poor_extreme_r17,1.4838887141086161,3.5943569876253605,4.813518896698952,75.36045197100476,-0.890487790107727,3.6874217987060547,2.6414129734039307,48.74990115930455,3.2193740051210926,26.610550811700218,1,62,1788683506.9970646
1788683561.706048,54.684000,gate_sweep_poor_extreme_r17,1.4943294213153422,3.6160969473421574,4.816081419587135,76.62695910312004,-0.8495314121246338,3.8197498321533203,2.503408670425415,50.13815114443342,3.2990321836473613,26.488807958686625,1,28,1788683507.022032
1788683561.743357,54.716000,gate_sweep_poor_extreme_r17,1.4983662054874003,3.624831173568964,4.81702746450901,77.15812088715693,-0.8364521265029907,3.819270372390747,2.4380576610565186,51.135547522755786,3.3389639966875406,26.02257336440113,1,75,1788683507.0273414
1788683561.795675,54.748000,gate_sweep_poor_extreme_r17,1.5080943987704813,3.6467673517763615,4.819175615906715,78.52855033003364,-0.7696499228477478,3.884788990020752,2.4350242614746094,52.28650032117886,3.305896425446066,26.242050008854772,1,53,1788683507.0476575
1788683561.854442,54.784000,gate_sweep_poor_extreme_r17,1.5155027792789042,3.664508793503046,4.8206337839365005,79.65166890345114,-0.7282103300094604,3.991421937942505,2.4203081130981445,53.51677302427441,3.3019212660033794,26.13489587917673,1,40,1788683507.070421
1788683561.898643,54.816000,gate_sweep_poor_extreme_r17,1.5226319716311991,3.6825082041323185,4.821852579712868,80.78011684388011,-0.6235886812210083,4.013937473297119,2.3902151584625244,54.51033750978228,3.2602099625044842,26.269779334097827,1,79,1788683507.0826263
1788683561.954226,54.848000,gate_sweep_poor_extreme_r17,1.5312120602466166,3.7054011560976505,4.823087111115456,82.17690347256269,-0.6292468905448914,4.047797679901123,2.3642261028289795,55.271128177497275,3.291020467216731,26.90577529506541,1,42,1788683507.1062005
1788683561.997090,54.880000,gate_sweep_poor_extreme_r17,1.5378495142795146,3.724001858383417,4.823879614472389,83.2632132336849,-0.628214955329895,4.052708625793457,2.3664982318878174,56.06563056915474,3.2922039251721196,27.197582664530145,1,81,1788683507.1170726
1788683562.051470,54.916000,gate_sweep_poor_extreme_r17,1.5427056238986552,3.738111946731806,4.824383154511452,84.05173524797375,-0.6326380968093872,4.066177845001221,2.3736603260040283,57.00554836549059,3.2932946905794283,27.046186882483163,1,43,1788683507.135453
1788683562.093245,54.948000,gate_sweep_poor_extreme_r17,1.5506127760745585,3.7619073130190372,4.825045958161354,85.30278797982157,-0.6113702654838562,4.060544967651367,2.385833740234375,57.84578300008805,3.2730889637824885,27.45700497973353,1,72,1788683507.1452248
1788683562.150576,54.980000,gate_sweep_poor_extreme_r17,1.5567946122027934,3.7811789251863956,4.825428858399391,86.23484528177529,-0.5863638520240784,4.065646648406982,2.39418625831604,58.93274349312979,3.2534582629567637,27.302101788645498,1,48,1788683507.170553
1788683562.205499,55.012000,gate_sweep_poor_extreme_r17,1.5628488943912089,3.8006839491426945,4.825743094086647,87.09779112973347,-0.5903531908988953,4.089964866638184,2.3829545974731445,59.97331448791342,3.2691250065593915,27.12447664182004,1,34,1788683507.193482
1788683562.246932,55.048000,gate_sweep_poor_extreme_r17,1.5702571556903422,3.825418446213007,4.826125040650368,88.06827135367531,-0.5006546974182129,4.083411693572998,2.3217756748199463,61.26251653807733,3.2599083062509746,26.805754815597986,1,62,1788683507.1989076
1788683562.295056,55.080000,gate_sweep_poor_extreme_r17,1.576088993344456,3.845458719879389,4.826454058289528,88.75264528397307,-0.5858795046806335,4.1092400550842285,2.2477617263793945,61.01547663740655,3.375402571828645,27.737168646566516,1,34,1788683507.2150335
1788683562.350492,55.112000,gate_sweep_poor_extreme_r17,1.580387203488499,3.8605389334261417,4.826707735657692,89.21044894697842,-0.5513862371444702,3.6866321563720703,2.5154614448547363,61.88291790198223,3.149057158268786,27.327531044996185,1,23,1788683507.238476
1788683562.391225,55.144000,gate_sweep_poor_extreme_r17,1.5874494002200663,3.8857323862612247,4.827166929841042,89.86812071785536,-0.43610262870788574,3.741926670074463,2.430647850036621,61.97823019786565,3.1398641049658575,27.889890519989716,1,56,1788683507.2471938
1788683562.447973,55.180000,gate_sweep_poor_extreme_r17,1.5929836914874613,3.9058172442018986,4.827625647187233,90.29822347598233,-0.45677587389945984,3.6948158740997314,2.4517881870269775,62.30369036687047,3.1449387102423643,27.994533109111853,1,26,1788683507.2679546
1788683562.484245,55.212000,gate_sweep_poor_extreme_r17,1.5983773157931864,3.925692532211542,4.828127756714821,90.64461980193285,-0.45990264415740967,3.644087553024292,2.4635393619537354,62.65840548690311,3.1475539764197986,27.986214315029738,1,55,1788683507.2722254
1788683562.532015,55.244000,gate_sweep_poor_extreme_r17,1.6035968945361674,3.9452554918825626,4.828664198517799,90.9112293091851,-0.4548282325267792,3.638805866241455,2.4626095294952393,63.13380800359234,3.1510696713311717,27.777421305592753,1,33,1788683507.2879965
1788683562.593115,55.276000,gate_sweep_poor_extreme_r17,1.6099086687900126,3.969119045883417,4.829325571656227,91.13537714314192,-0.48041078448295593,3.610074758529663,2.4684624671936035,63.577672921808784,3.173645036078494,27.557704221333143,1,25,1788683507.3170986
1788683562.629131,55.312000,gate_sweep_poor_extreme_r17,1.6135604069568217,3.9830355383455753,4.829719439148903,91.21642147150943,-0.44227850437164307,3.7353408336639404,2.2934722900390625,63.36138554145414,3.274198512220559,27.85503593005529,1,46,1788683507.317115
1788683562.684877,55.344000,gate_sweep_poor_extreme_r17,1.618248073849827,4.00109264627099,4.830202952027321,91.26584997133014,-0.4970390498638153,3.583667516708374,2.3888707160949707,62.836960167475105,3.2571132066204806,28.428889803855032,1,20,1788683507.340849
1788683562.725184,55.376000,gate_sweep_poor_extreme_r17,1.62274798611179,4.018506500869989,4.830686464905739,91.2529891871402,-0.48478981852531433,3.5939853191375732,2.381917715072632,63.120935584678925,3.2585889924740847,28.132053602461276,1,36,1788683507.3491673
1788683562.773218,55.408000,gate_sweep_poor_extreme_r17,1.6282128975726664,4.039275858551264,4.831221953034401,91.16332240923337,-0.48565056920051575,3.5921454429626465,2.3791894912719727,63.10842466634384,3.2681504797422503,28.054897742889533,1,21,1788683507.3651896
1788683562.821709,55.444000,gate_sweep_poor_extreme_r17,1.6324348137713969,4.055075380951166,4.8315142542123795,91.03851680438045,-0.4865453243255615,3.590278387069702,2.376471519470215,63.08681030771733,3.276178856622596,27.95170649666312,1,18,1788683507.37769
1788683562.869455,55.476000,gate_sweep_poor_extreme_r17,1.6354713127948344,4.066457960754633,4.83159913122654,90.91829693797838,-0.48747819662094116,3.588387966156006,2.3737618923187256,63.05663237856952,3.282747238552825,27.86166455940887,1,15,1788683507.3934305
1788683562.924116,55.508000,gate_sweep_poor_extreme_r17,1.6402845070697367,4.084518168121576,4.831540480256081,90.67554296115905,-0.5153210759162903,3.502149820327759,2.416706085205078,63.32683413552343,3.28895324950568,27.34870882563562,1,14,1788683507.4160964
1788683562.959828,55.540000,gate_sweep_poor_extreme_r17,1.6438903496600688,4.098139498382807,4.831373110413551,90.4501797973534,-0.4716656506061554,3.6543684005737305,2.1620123386383057,61.9958895403408,3.4348212336897,28.454290257012598,1,44,1788683507.4198103
1788683563.007324,55.576000,gate_sweep_poor_extreme_r17,1.6472624228335917,4.110971663147211,4.831027880311012,90.20238468958324,-0.4711145758628845,3.656210422515869,2.156358480453491,61.948567054918,3.442119302569427,28.253817634665236,1,19,1788683507.4313033
1788683563.061409,55.608000,gate_sweep_poor_extreme_r17,1.6511439965106547,4.1259333826601505,4.830465212464333,89.87156049036162,-0.4705686569213867,3.65805721282959,2.1507046222686768,61.89756991469614,3.449882536376379,27.97399057566548,1,14,1788683507.45339
1788683563.106260,55.640000,gate_sweep_poor_extreme_r17,1.6540158675052226,4.1370746828615665,4.829946413636208,89.59397434038159,-0.47002339363098145,3.6599085330963135,2.145050287246704,61.84408334690273,3.4565730900461498,27.749890993478864,1,38,1788683507.4662447
1788683563.152012,55.672000,gate_sweep_poor_extreme_r17,1.6560475514270365,4.144946310669184,4.829560175538063,89.38104461565202,-0.46947458386421204,3.6617653369903564,2.139395236968994,61.78883017835928,3.4624118180315597,27.592214437292736,1,18,1788683507.4799929
1788683563.207896,55.708000,gate_sweep_poor_extreme_r17,1.659174530301243,4.157137606292963,4.828816786408424,89.02550204618485,-0.46892809867858887,3.663630723953247,2.1337382793426514,61.732259188741104,3.4692676462958887,27.293242857443754,1,14,1788683507.499876
1788683563.251254,55.740000,gate_sweep_poor_extreme_r17,1.6614356921054423,4.166037295013666,4.828132048249245,88.74235838381489,-0.4683738052845001,3.665506601333618,2.128079414367676,61.67555225283914,3.4751839801971673,27.06680613097575,1,42,1788683507.511234
1788683563.306506,55.772000,gate_sweep_poor_extreme_r17,1.663453666958958,4.174182627350092,4.827310934662819,88.46433482036274,-0.4678157866001129,3.667387008666992,2.122419834136963,61.61944251945793,3.4807452001682546,26.844892300904817,1,10,1788683507.5344906
1788683563.347335,55.804000,gate_sweep_poor_extreme_r17,1.665605513844639,4.183261130005121,4.826186552643776,88.12461319785336,-0.4672565460205078,3.6692795753479004,2.116757869720459,61.56357194365999,3.48629909686298,26.561041254193373,1,37,1788683507.5433166
1788683563.390594,55.840000,gate_sweep_poor_extreme_r17,1.6671152994967997,4.189632628113031,4.825273886322975,87.86285347722483,-0.46668878197669983,3.6711883544921875,2.1110918521881104,61.50885846932433,3.49123021833045,26.353995007900497,1,23,1788683507.5505753
1788683563.445159,55.872000,gate_sweep_poor_extreme_r17,1.6681717322207987,4.193876955658197,4.824602976441383,87.67368826460108,-0.46611839532852173,3.673093318939209,2.105428695678711,61.45598328889402,3.4957572447167933,26.217704975707058,1,17,1788683507.5731444
1788683563.485466,55.904000,gate_sweep_poor_extreme_r17,1.6694006607867777,4.198876116424799,4.8237089067697525,87.43250843692263,-0.4655444622039795,3.6750121116638184,2.0997629165649414,61.404348848176035,3.500329403244658,26.028159588746593,1,39,1788683507.581453
1788683563.535583,55.936000,gate_sweep_poor_extreme_r17,1.6706888363696635,4.203982088714838,4.822634592652321,87.1473126203384,-0.46496549248695374,3.6769416332244873,2.094095468521118,61.35494738723716,3.5048133767723146,25.792365233101236,1,15,1788683507.5995586
1788683563.588474,55.972000,gate_sweep_poor_extreme_r17,1.671533911023289,4.207134936004877,4.821807757019997,86.93365584678017,-0.4643813967704773,3.6788785457611084,2.0884270668029785,61.306854263266985,3.5089256209775064,25.62680158351318,1,9,1788683507.6164584
1788683563.637356,56.004000,gate_sweep_poor_extreme_r17,1.6722534582950175,4.209433291107416,4.821119204163551,86.73186042581,-0.4638585150241852,3.680701732635498,2.082803249359131,61.25995338516898,3.5129625235430915,25.471907040641025,1,34,1788683507.6333418
1788683563.685810,56.036000,gate_sweep_poor_extreme_r17,1.672711102757603,4.210643980652094,4.820689097046852,86.59302969620218,-0.46340712904930115,3.6824026107788086,2.07722544670105,61.213707064149254,3.5169067155487896,25.37932263205292,1,12,1788683507.6497934
1788683563.738712,56.068000,gate_sweep_poor_extreme_r17,1.673378197941929,4.211695406585932,4.820048704743385,86.38713305487784,-0.46289902925491333,3.6841988563537598,2.071610689163208,61.17150147991982,3.52077328543503,25.215631574958014,1,8,1788683507.6706958
1788683563.783457,56.104000,gate_sweep_poor_extreme_r17,1.6738105700351298,4.211660120636225,4.819568052887917,86.24643291730884,-0.4623754322528839,3.685997724533081,2.0659947395324707,61.131860162706225,3.524454224851194,25.11457275460262,1,28,1788683507.6794376
1788683563.830208,56.136000,gate_sweep_poor_extreme_r17,1.6741550848819315,4.210836622864008,4.819118872284889,86.1297950774049,-0.4618483781814575,3.6877708435058594,2.0603880882263184,61.09595965857978,3.5279886823325772,25.033835418825127,1,8,1788683507.6941905
1788683563.879915,56.168000,gate_sweep_poor_extreme_r17,1.674393026623875,4.208807680755854,4.8184951692819595,86.02592134241532,-0.46131670475006104,3.6895201206207275,2.0547902584075928,61.06366264470872,3.531144355756008,24.9622586977066,1,7,1788683507.711885
1788683563.930592,56.200000,gate_sweep_poor_extreme_r17,1.6744509623385966,4.206410143524408,4.817987337708473,85.98259716302901,-0.4607834219932556,3.6912412643432617,2.049201488494873,61.035327045448476,3.5342325799125414,24.947270117580533,1,7,1788683507.730573
1788683563.972070,56.236000,gate_sweep_poor_extreme_r17,1.67440494755283,4.204189512878656,4.817616358399391,85.97748328306669,-0.46024271845817566,3.69293212890625,2.043623447418213,61.01302666793655,3.537391898114538,24.96445661513014,1,27,1788683507.7360532
1788683564.021112,56.268000,gate_sweep_poor_extreme_r17,1.674201695714146,4.19974634423852,4.817047491669655,86.03490426738506,-0.45969057083129883,3.6945948600769043,2.038053512573242,60.99735287661827,3.539983299823214,25.037551390766783,1,13,1788683507.7530868
1788683564.073511,56.300000,gate_sweep_poor_extreme_r17,1.6739438460208476,4.195611212402582,4.816700831055641,86.14732613047673,-0.459123432636261,3.6962320804595947,2.0324912071228027,60.99031282473176,3.542764282689156,25.15701330574498,1,7,1788683507.7734904
1788683564.117580,56.332000,gate_sweep_poor_extreme_r17,1.6736582205630839,4.191041205078363,4.8165115267038345,86.32926772070768,-0.45853450894355774,3.697843551635742,2.026935577392578,60.99406032322439,3.5455921561987482,25.335207397483288,1,5,1788683507.7855551
1788683564.172552,56.368000,gate_sweep_poor_extreme_r17,1.6732700751163065,4.184757445007563,4.816645994782448,86.66853882617856,-0.45792537927627563,3.6994340419769287,2.021385431289673,61.00754279296177,3.548381953534707,25.660996033216797,1,2,1788683507.8045332
1788683564.217154,56.400000,gate_sweep_poor_extreme_r17,1.6729014799930155,4.179340098053217,4.817024126648903,87.03704168458654,-0.45729005336761475,3.7009894847869873,2.015845537185669,61.03497292500348,3.5514978203682914,26.002068759583068,1,37,1788683507.8171358
1788683564.263460,56.432000,gate_sweep_poor_extreme_r17,1.6725082085467875,4.175133917480707,4.817408934235573,87.37022939371232,-0.45662060379981995,3.702522039413452,2.010310649871826,61.077826228031775,3.554764727085693,26.292403165680547,1,5,1788683507.8314316
1788683564.316397,56.464000,gate_sweep_poor_extreme_r17,1.671738235745579,4.16795227304101,4.818211451172829,88.0406035492634,-0.4559263586997986,3.704038143157959,2.0047783851623535,61.13304408216651,3.557749086611177,26.90755946709688,1,4,1788683507.8523781
1788683564.358703,56.500000,gate_sweep_poor_extreme_r17,1.6709329769946635,4.162121508270502,4.818960085511208,88.67612018349259,-0.4552024006843567,3.705535888671875,1.9992499351501465,61.2025526489462,3.5608548698720885,27.473567534546376,1,50,1788683507.858686
1788683564.404362,56.532000,gate_sweep_poor_extreme_r17,1.6699222014285624,4.156306002289057,4.819723024964333,89.39515076474329,-0.45444971323013306,3.7070114612579346,1.993726134300232,61.28919140724189,3.5638574666271636,28.1059593575014,1,19,1788683507.8723433
1788683564.462008,56.564000,gate_sweep_poor_extreme_r17,1.6686913655139506,4.150574896484613,4.820550337433815,90.18869763486526,-0.2668588161468506,4.05731201171875,1.7223142385482788,62.47564510643271,3.654328857100778,27.71305252843256,1,15,1788683507.8979897
1788683564.506025,56.596000,gate_sweep_poor_extreme_r17,1.6667737648822367,4.143721792846918,4.821643248200417,91.27121068821481,-0.37747323513031006,4.614477157592773,1.2398433685302734,61.79036477072159,4.15088506086381,29.480845917493216,1,73,1788683507.9100037
1788683564.560575,56.632000,gate_sweep_poor_extreme_r17,1.6654072687961161,4.139876578003168,4.822276011109352,91.95721736552599,-0.3231048882007599,4.747744560241699,1.0522499084472656,62.60875592680326,4.30543620288451,29.348461438722726,1,32,1788683507.9285464
1788683564.599667,56.664000,gate_sweep_poor_extreme_r17,1.6633412525989115,4.135106775909662,4.823183432221413,92.90273330020278,-0.4328835606575012,4.6389570236206055,1.0732038021087646,62.351684193498976,4.325548608684227,30.551049106703815,1,79,1788683507.9356434
1788683564.645077,56.696000,gate_sweep_poor_extreme_r17,1.6609674380160868,4.1307480074465275,4.8241056352853775,93.86858387427668,-0.5426858067512512,4.659143924713135,1.130719780921936,62.20655641223031,4.333173079599937,31.662027462046368,1,54,1788683507.949055
1788683564.704587,56.728000,gate_sweep_poor_extreme_r17,1.6576625988818705,4.12597057595849,4.825188055634499,95.07992746978734,-0.6765036582946777,4.711913585662842,1.084981918334961,61.71691606693,4.447561497748636,33.36301140285733,1,36,1788683507.976559
1788683564.748301,56.764000,gate_sweep_poor_extreme_r17,1.65472242096439,4.122753355652094,4.825991526246071,96.0279495159077,-0.8286494016647339,4.701607704162598,1.0627782344818115,61.5895577549229,4.545765309112318,34.438391760984786,1,78,1788683507.9842823
1788683564.794391,56.796000,gate_sweep_poor_extreme_r17,1.6523421690799296,4.120732996612787,4.826560869812965,96.71666868742854,-0.9040090441703796,4.628483295440674,1.1699731349945068,62.09142192457622,4.49036476846491,34.62524676285231,1,41,1788683507.9983735
1788683564.851681,56.828000,gate_sweep_poor_extreme_r17,1.6480756686069071,4.118259642273188,4.827493563294411,97.79726650183949,-0.9451836347579956,4.721948146820068,1.3342841863632202,62.772807624540846,4.392259711821543,35.024458877298635,1,26,1788683508.0236645
1788683564.893114,56.860000,gate_sweep_poor_extreme_r17,1.6443901942111552,4.117138121277094,4.828231230378151,98.58169963518793,-1.1072640419006348,4.552714824676514,1.38583242893219,63.66511387646749,4.428480281976296,34.91658575872044,1,74,1788683508.0330958
1788683564.943258,56.896000,gate_sweep_poor_extreme_r17,1.640463797841221,4.1168343760073185,4.829015627503395,99.27830289982201,-1.0394177436828613,4.560944080352783,1.4088469743728638,64.7936657249629,4.367671247009328,34.4846371748591,1,48,1788683508.0472364
1788683565.000173,56.928000,gate_sweep_poor_extreme_r17,1.635171024594456,4.117648813873529,4.830166235566139,100.00374849953052,-0.9076182842254639,4.630201816558838,1.3129396438598633,65.73157852965468,4.370282707905331,34.27216996987583,1,30,1788683508.072152
1788683565.043415,56.960000,gate_sweep_poor_extreme_r17,1.6306495354510844,4.1192452646791935,4.831278696656227,100.45511251782003,-0.9460957646369934,4.595664024353027,1.4268094301223755,66.44198191944261,4.296161328775805,34.013130598377415,1,68,1788683508.083397
1788683565.094807,56.992000,gate_sweep_poor_extreme_r17,1.627114622388035,4.121032927185297,4.832236662507057,100.7110112588206,-0.9738263487815857,4.550413131713867,1.4553112983703613,67.00535294097783,4.284026868554809,33.705658317842776,1,39,1788683508.102786
1788683565.148279,57.028000,gate_sweep_poor_extreme_r17,1.6210159943439066,4.1251985765993595,4.83403767645359,100.97129540404549,-1.0242371559143066,4.492880344390869,1.4427887201309204,67.3672097053699,4.316610197258595,33.60408569867558,1,31,1788683508.1202602
1788683565.198539,57.060000,gate_sweep_poor_extreme_r17,1.615930049214512,4.129643652588129,4.835509672760963,101.02551631938121,-1.096548318862915,4.373983383178711,1.4240069389343262,67.58853970530717,4.3652710917123665,33.436976614074055,1,23,1788683508.138521
1788683565.256372,57.092000,gate_sweep_poor_extreme_r17,1.6107414648868144,4.135101530700922,4.8369816690683365,100.93956319177298,-1.1616291999816895,4.297511577606201,1.4991620779037476,67.79293667992985,4.342056626752045,33.14662651184312,1,16,1788683508.164354
1788683565.300333,57.124000,gate_sweep_poor_extreme_r17,1.604132501874119,4.143425676971674,4.83892859518528,100.63752629864898,-1.3737001419067383,4.411139011383057,1.6593064069747925,66.98032385989755,4.364533760156863,33.65720243875143,1,86,1788683508.1763113
1788683565.358728,57.160000,gate_sweep_poor_extreme_r17,1.5988039658404887,4.151308748871088,4.840417757630348,100.24219348985353,-1.4037364721298218,4.474679946899414,1.5888066291809082,66.53618153550354,4.437656244462549,33.70601195434999,1,30,1788683508.1987023
1788683565.402263,57.192000,gate_sweep_poor_extreme_r17,1.5947987721301615,4.157951090484858,4.841477766633034,99.85857333914282,-1.353727102279663,4.443740367889404,1.6101056337356567,66.36030981546305,4.383747963148586,33.49826352367976,1,97,1788683508.2102447
1788683565.454243,57.224000,gate_sweep_poor_extreme_r17,1.589462606702,4.1676842905581,4.8428996950387955,99.23824111122083,-1.3494200706481934,4.424789905548096,1.6435943841934204,66.00549283749305,4.3518604252080335,33.23274827372778,1,50,1788683508.230226
1788683565.509450,57.256000,gate_sweep_poor_extreme_r17,1.5828586504794657,4.181402895599604,4.844589605927467,98.29827426845289,-1.4146426916122437,4.401414394378662,1.6425983905792236,65.26385098824909,4.391601882981189,33.03442328020379,1,38,1788683508.253431
1788683565.552074,57.292000,gate_sweep_poor_extreme_r17,1.5777383730746806,4.193579409271479,4.845816507935524,97.42692545323608,-1.320386528968811,4.371283054351807,1.688744068145752,64.4569411125883,4.2892671778987586,32.969984340647784,1,93,1788683508.2600517
1788683565.599989,57.324000,gate_sweep_poor_extreme_r17,1.5727897570468485,4.206813547760248,4.846875563263893,96.45931376901088,-1.3018546104431152,4.427351474761963,1.6766853332519531,63.628174781022395,4.285128155755805,32.83113898798849,1,54,1788683508.2759705
1788683565.661021,57.356000,gate_sweep_poor_extreme_r17,1.5691860602237284,4.2174250818789005,4.847602739930153,95.67953247203627,-1.2946771383285522,4.50877571105957,1.6577097177505493,62.704525602877446,4.296744709904953,32.975006869158825,1,40,1788683508.305004
1788683565.701668,57.388000,gate_sweep_poor_extreme_r17,1.5633980915881693,4.236467573791742,4.848775282502174,94.287325080438,-1.2816736698150635,4.519166946411133,1.677146077156067,61.76863990899011,4.270080102178163,32.51868517144788,1,73,1788683508.3136427
1788683565.755425,57.424000,gate_sweep_poor_extreme_r17,1.5589073584415019,4.2528817392885685,4.84974230825901,93.10665593427015,-1.297179102897644,4.557186126708984,1.6981539726257324,60.5980320613893,4.26407552373874,32.508623872880854,1,41,1788683508.3314083
1788683565.796462,57.456000,gate_sweep_poor_extreme_r17,1.5545326159335673,4.270306322723627,4.850708857178688,91.87757883870705,-1.2967039346694946,4.5151472091674805,1.6942964792251587,59.69019670221943,4.260567570977805,32.18738213648763,1,68,1788683508.3404453
1788683565.842114,57.488000,gate_sweep_poor_extreme_r17,1.5491734431125224,4.293407175689936,4.851889982819557,90.29579603618907,-1.307626724243164,4.532474517822266,1.6536318063735962,58.54003491622868,4.295033847768972,31.7557611199604,1,49,1788683508.3540983
1788683565.889810,57.520000,gate_sweep_poor_extreme_r17,1.544977514538914,4.312942240387201,4.852811232209206,89.00716006656808,-1.3222508430480957,4.539089202880859,1.6181224584579468,57.156250940892825,4.328435325406703,31.850909125675244,1,39,1788683508.3697948
1788683565.939570,57.556000,gate_sweep_poor_extreme_r17,1.5418489859439433,4.328190062195063,4.8534940630197525,88.03494246855675,-1.3421097993850708,4.480711460113525,1.5914274454116821,55.48372354314909,4.356783179137144,32.55121892540766,1,29,1788683508.3835495
1788683565.996521,57.588000,gate_sweep_poor_extreme_r17,1.5366526530124247,4.354727003723383,4.854502096772194,86.41604118873452,-1.3636993169784546,4.4298601150512695,1.614235758781433,53.98296957995853,4.34936920430582,32.433071608776,1,24,1788683508.4085047
1788683566.040093,57.620000,gate_sweep_poor_extreme_r17,1.5324954674579203,4.376998160034418,4.855256453156471,85.13496267816905,-1.283215880393982,4.318709373474121,1.6607409715652466,53.06646811625885,4.258703692344263,32.06849456191021,1,61,1788683508.4200702
1788683566.088200,57.652000,gate_sweep_poor_extreme_r17,1.5283426926471293,4.400152895599604,4.856017008423805,83.87705975765942,-1.2470247745513916,4.2777910232543945,1.6483712196350098,52.061979520789066,4.243421792860362,31.81508023687035,1,38,1788683508.4361832
1788683566.149356,57.688000,gate_sweep_poor_extreme_r17,1.5231207297183573,4.430334780365229,4.857032671570778,82.34971579833619,-1.2281384468078613,4.435733795166016,1.6196320056915283,50.477759006550365,4.248554963421793,31.871956791785827,1,23,1788683508.4613388
1788683566.191385,57.720000,gate_sweep_poor_extreme_r17,1.5189044163562357,4.455503199249506,4.857904806733131,81.1737525241476,-1.224188208580017,4.5929388999938965,1.538700819015503,48.95760877769406,4.308196935250217,32.21614374645354,1,69,1788683508.4713619
1788683566.247596,57.752000,gate_sweep_poor_extreme_r17,1.5157153294421732,4.4749533869326115,4.858585253357887,80.32245776257218,-1.1915113925933838,4.8241868019104,1.4607540369033813,47.48998719473463,4.358474214464638,32.832470567837554,1,33,1788683508.4955804
1788683566.292352,57.784000,gate_sweep_poor_extreme_r17,1.5103614018298686,4.508579466491938,4.859831228852272,78.9706892557194,-1.2137541770935059,4.944934844970703,1.5005162954330444,46.134924947104786,4.3469769409963295,32.83576430861462,1,77,1788683508.5083332
1788683566.348037,57.820000,gate_sweep_poor_extreme_r17,1.5060170576907694,4.536541674286127,4.860870257019997,77.95412465754036,-1.1992827653884888,4.955548286437988,1.4697774648666382,44.74144400066491,4.358178977368198,33.212680656875456,1,40,1788683508.5280206
1788683566.388220,57.852000,gate_sweep_poor_extreme_r17,1.501634566579014,4.565425131469965,4.861961737275124,76.99843101971616,-1.2308725118637085,4.99385929107666,1.4759795665740967,43.52581734976346,4.372073423807372,33.472613669952715,1,69,1788683508.536202
1788683566.436477,57.884000,gate_sweep_poor_extreme_r17,1.4971967623569071,4.59525415673852,4.863075152039528,76.10612320215623,-1.2603739500045776,5.048099517822266,1.4546136856079102,42.30226505856844,4.407592849036543,33.80385814358778,1,41,1788683508.5524576
1788683566.495273,57.916000,gate_sweep_poor_extreme_r17,1.491611807141453,4.633776877075434,4.864602938294411,75.08299134463584,-1.3178784847259521,5.059537410736084,1.335750699043274,40.92990203460022,4.5307069932393516,34.153089310035625,1,29,1788683508.5792534
1788683566.537729,57.952000,gate_sweep_poor_extreme_r17,1.4882599995471537,4.657510969787836,4.865584269165993,74.51748511898796,-1.4565114974975586,4.811331748962402,1.4678399562835693,40.13915540239978,4.498889464927726,34.37832971658818,1,66,1788683508.5856745
1788683566.595496,57.984000,gate_sweep_poor_extreme_r17,1.4838297055102885,4.689827177673578,4.866838827729225,73.82151002659941,-1.5898751020431519,4.939940452575684,1.6539756059646606,38.97536452550754,4.453392861181996,34.84614550109188,1,37,1788683508.611473
1788683566.640886,58.016000,gate_sweep_poor_extreme_r17,1.4794947789050639,4.722824785858393,4.868142977356911,73.18920197445557,-1.6832802295684814,4.934106826782227,1.6500011682510376,38.081387493796456,4.517103337157232,35.10781448065911,1,62,1788683508.624869
1788683566.698327,58.048000,gate_sweep_poor_extreme_r17,1.4742639944888651,4.765074942260981,4.869862928986549,72.48686318029043,-1.731350064277649,4.986867904663086,1.6619795560836792,37.233718902783444,4.5404481437496145,35.25314427750698,1,31,1788683508.6503072
1788683566.746128,58.084000,gate_sweep_poor_extreme_r17,1.4702578471042216,4.799556467682123,4.871336355805397,71.98980781665794,-1.7807135581970215,5.000639915466309,1.6649421453475952,36.480430267500964,4.570581304814129,35.50937754915699,1,49,1788683508.6621127
1788683566.799040,58.116000,gate_sweep_poor_extreme_r17,1.4673571274615824,4.825768206268549,4.872494593262672,71.65373136533253,-1.803996205329895,4.976316452026367,1.691114068031311,35.96062686869912,4.565698133756549,35.69310449663341,1,25,1788683508.6830225
1788683566.858930,58.148000,gate_sweep_poor_extreme_r17,1.4627169058658183,4.8700768686831,4.8745559602975845,71.159229192895,-1.8408676385879517,5.127691745758057,1.6714509725570679,35.11167748434338,4.608678533997825,36.047551708551616,1,16,1788683508.7109058
1788683566.903849,58.180000,gate_sweep_poor_extreme_r17,1.4591933176852763,4.906120035797358,4.876396551728249,70.81838308181923,-1.903421401977539,5.298449993133545,1.659482717514038,34.18880050303545,4.670078710800839,36.62958257878378,1,24,1788683508.7238302
1788683566.951558,58.216000,gate_sweep_poor_extreme_r17,1.4558905051089823,4.9426729418337345,4.878266230225563,70.521419336806,-1.9501148462295532,5.435896873474121,1.543581485748291,33.76565325840239,4.7921044067443885,36.75576607840361,1,16,1788683508.7355397
1788683567.007118,58.248000,gate_sweep_poor_extreme_r17,1.4521153853274882,4.9890548922121525,4.88057316839695,70.20356405845651,-1.956981897354126,5.590475559234619,1.5200788974761963,33.29387254414969,4.8245800694361085,36.90969151430682,1,7,1788683508.759099
1788683567.053507,58.280000,gate_sweep_poor_extreme_r17,1.449457495007664,5.0266010500490665,4.882363215088844,69.98627945895058,-1.8296953439712524,5.526942253112793,1.4238027334213257,35.062065610721426,4.792162900634639,34.924213848229144,1,22,1788683508.7734926
1788683567.106156,58.312000,gate_sweep_poor_extreme_r17,1.447693555150181,5.055011484771967,4.88370455801487,69.84349212194097,-1.926652431488037,5.676521301269531,1.316693902015686,34.66757796228374,4.949348473239282,35.17591415965724,1,10,1788683508.7941391
1788683567.160108,58.348000,gate_sweep_poor_extreme_r17,1.4452150748111308,5.102740500122309,4.8859390169382095,69.63490291235719,-1.8675525188446045,5.766452312469482,1.2721936702728271,34.82167054331337,4.9471302721851265,34.813232369043824,1,6,1788683508.812087
1788683567.205656,58.380000,gate_sweep_poor_extreme_r17,1.4436363861896098,5.141190264374018,4.887771025300026,69.4894991877651,-2.025096893310547,5.963866710662842,1.2326316833496094,33.71261011405711,5.105776210201936,35.776889073708006,1,4,1788683508.8256407
1788683567.266231,58.412000,gate_sweep_poor_extreme_r17,1.4424177096225321,5.179786417633295,4.889603033661842,69.35924305560759,-2.2180967330932617,6.201116561889648,1.2026643753051758,32.36536605699496,5.294903013217756,36.993876998612635,1,4,1788683508.8542151
1788683567.313702,58.444000,gate_sweep_poor_extreme_r17,1.4414518759585917,5.22823641076684,4.891840353608131,69.21023959641353,-2.0968451499938965,6.284729480743408,1.1893590688705444,31.496355116002018,5.229157782531029,37.71388448041151,1,49,1788683508.8696861
1788683567.361907,58.480000,gate_sweep_poor_extreme_r17,1.4410985396243632,5.267142985016108,4.893515005707741,69.096699483873,-2.3405227661132812,7.183563709259033,0.6753865480422974,29.250556951985164,5.980462839754439,39.846142531887836,1,17,1788683508.8818939
1788683567.421503,58.512000,gate_sweep_poor_extreme_r17,1.441125123295933,5.296350214630365,4.894735231995583,69.01189701165237,-2.6934332847595215,8.744338035583496,-0.10954904556274414,25.358115043621346,7.350241790150895,43.653781968031026,1,5,1788683508.909484
1788683567.468341,58.544000,gate_sweep_poor_extreme_r17,1.4415936158038676,5.335250113159418,4.896321192383766,68.89533167222767,-2.372042179107666,9.434015274047852,1.6457371711730957,24.738405222072004,6.473792574626827,44.156926450155666,1,49,1788683508.924324
1788683567.520856,58.576000,gate_sweep_poor_extreme_r17,1.4429289982654154,5.383684370666742,4.8982399851083755,68.73797917019125,-2.4757895469665527,12.658249855041504,2.120648145675659,18.333306872821243,8.717263013680657,50.404672297370006,1,19,1788683508.9448316
1788683567.579776,58.612000,gate_sweep_poor_extreme_r17,1.444634644780308,5.422171328216791,4.899742022156715,68.60009831942949,-1.9996466636657715,5.9103193283081055,1.3670777082443237,32.92533636069021,4.95793095519636,35.67476195873928,1,9,1788683508.9677572
1788683567.623260,58.644000,gate_sweep_poor_extreme_r17,1.4469512389041483,5.460364077240229,4.901222601532936,68.44441580872618,-2.0028557777404785,5.9185991287231445,1.3639777898788452,32.8925192142082,4.962181845929453,35.55189659451797,1,45,1788683508.9792395
1788683567.675693,58.676000,gate_sweep_poor_extreme_r17,1.4491061852313578,5.4887778498232365,4.90236796438694,68.31583151169413,-2.006054639816284,5.926881790161133,1.3608851432800293,32.85677342268335,4.967109014475005,35.45905808901079,1,21,1788683508.9996693
1788683567.735380,58.708000,gate_sweep_poor_extreme_r17,1.4534883187152445,5.5355589129030704,4.904256716370583,68.07251899129689,-2.009242534637451,5.9351630210876465,1.357800006866455,32.81853116552998,4.972679720073023,35.2539878257669,1,12,1788683509.027356
1788683567.777569,58.744000,gate_sweep_poor_extreme_r17,1.4576841280795634,5.572449419647455,4.905772104859352,67.85181698881722,-2.202296018600464,5.958642482757568,1.3354517221450806,32.637085401355435,5.1275517931378625,35.214731587461785,1,44,1788683509.033551
1788683567.829687,58.776000,gate_sweep_poor_extreme_r17,1.4624907658435404,5.6088034845888615,4.907268896698952,67.60573444090859,-2.109774351119995,6.045336723327637,1.2936077117919922,32.066995813438204,5.100018283663445,35.53873862747038,1,25,1788683509.05367
1788683567.883988,58.808000,gate_sweep_poor_extreme_r17,1.4694111035205424,5.653503630310297,4.909080401062965,67.26038214250596,-2.1143548488616943,6.0520501136779785,1.2902919054031372,32.01647034537356,5.108605277096561,35.2439117971324,1,12,1788683509.0759706
1788683567.941334,58.840000,gate_sweep_poor_extreme_r17,1.4756810353137553,5.688572142273188,4.910476103425026,66.95196153298556,-2.118924617767334,6.058764457702637,1.286980390548706,31.962494608279854,5.11741666593591,34.98946692470571,1,5,1788683509.1013076
1788683567.987849,58.876000,gate_sweep_poor_extreme_r17,1.4808071539737284,5.714456770569086,4.911435022950172,66.70265475235044,-2.1234843730926514,6.0654826164245605,1.283672571182251,31.903162215966244,5.125894747553664,34.79949253638419,1,41,1788683509.1118245
1788683568.048841,58.908000,gate_sweep_poor_extreme_r17,1.490120975766331,5.75669739022851,4.912957087159157,66.2536340373089,-2.1280319690704346,6.072202205657959,1.2803680896759033,31.840279781809613,5.1367574252077075,34.41335425549928,1,24,1788683509.1408124
1788683568.098564,58.940000,gate_sweep_poor_extreme_r17,1.4982337639667094,5.789612028747797,4.914128199219704,65.8677262518939,-2.132577896118164,6.078916072845459,1.2770699262619019,31.773360889268183,5.147298614013988,34.094365362625716,1,16,1788683509.1585464
1788683568.153655,58.972000,gate_sweep_poor_extreme_r17,1.5068946764804423,5.82166788354516,4.9152287393808365,65.46294276340357,-2.137129068374634,6.085603713989258,1.2737818956375122,31.702364556767353,5.158362752993245,33.76057820663622,1,10,1788683509.1816285
1788683568.198037,59.008000,gate_sweep_poor_extreme_r17,1.5184321091510355,5.860457632690668,4.916593924164772,64.94298966473025,-1.9417680501937866,6.694456577301025,1.305879831314087,31.85574347772686,5.070088326908286,33.08724618700339,1,54,1788683509.1900184
1788683568.246818,59.040000,gate_sweep_poor_extreme_r17,1.5281573222018778,5.890417788177729,4.917710676789284,64.52929427094246,-1.8443317413330078,6.911085605621338,1.3210501670837402,32.25460788245723,5.035018579836906,32.274686388485236,1,43,1788683509.2067893
1788683568.302166,59.072000,gate_sweep_poor_extreme_r17,1.5356870577670634,5.912348959594965,4.918599501252174,64.23113836070391,-2.4226186275482178,6.249692440032959,1.1232054233551025,28.793275767545946,5.4942698085122705,35.437862593157966,1,27,1788683509.2301426
1788683568.354439,59.104000,gate_sweep_poor_extreme_r17,1.5486485646106303,5.947767946869135,4.9201516062021255,63.78712699623975,-2.429506540298462,6.2537689208984375,1.119520902633667,28.722116543897396,5.510367354335682,35.06501045234235,1,18,1788683509.2504067
1788683568.406531,59.140000,gate_sweep_poor_extreme_r17,1.559323398862034,5.9751951433718204,4.921492949128151,63.51099250960894,-2.436393976211548,6.257797718048096,1.1158421039581299,28.658807405252247,5.525269216248369,34.85218510435669,1,13,1788683509.2665136
1788683568.468122,59.172000,gate_sweep_poor_extreme_r17,1.570235698018223,6.00188896432519,4.923047438263893,63.33883695028794,-2.4432692527770996,6.261763572692871,1.1121681928634644,28.61076706800245,5.540627890876319,34.72806988228549,1,10,1788683509.2961066
1788683568.514072,59.204000,gate_sweep_poor_extreme_r17,1.581368534360081,6.027896139770746,4.924861803650856,63.301673732508974,-2.442908763885498,6.538913249969482,1.1361894607543945,27.933283639465493,5.550674227687946,35.36839009304349,1,47,1788683509.3100576
1788683568.568129,59.236000,gate_sweep_poor_extreme_r17,1.5955637381412089,6.059569094330072,4.927694216370583,63.50299767303359,-2.675788640975952,6.276184558868408,1.0167773962020874,27.77831326317152,5.795398500564379,35.724684409862064,1,30,1788683509.3321114
1788683568.617948,59.272000,gate_sweep_poor_extreme_r17,1.6041843579150736,6.078166697174311,4.929747954010963,63.78529892330782,-2.6848766803741455,6.277460098266602,1.0127856731414795,27.797096543329893,5.811914999347787,35.988202379977935,1,16,1788683509.345924
1788683568.675021,59.304000,gate_sweep_poor_extreme_r17,1.615713565144688,6.102572653442621,4.932955637574196,64.37858151677095,-2.6939022541046143,6.278645992279053,1.0087915658950806,27.85659926340217,5.831196617473128,36.52198225336878,1,9,1788683509.370999
1788683568.719155,59.336000,gate_sweep_poor_extreme_r17,1.6271809027530253,6.1266562677919865,4.936302080750465,65.24411407566836,-2.702861785888672,6.2797532081604,1.0047903060913086,27.956323111710194,5.850597678262725,37.28779096395818,1,21,1788683509.3831406
1788683568.769408,59.368000,gate_sweep_poor_extreme_r17,1.64137694099918,6.156363222748041,4.939992800354958,66.72801372790269,-2.7117435932159424,6.280771255493164,1.0007798671722412,28.100105249551355,5.872183092936633,38.62790847835133,1,6,1788683509.4013915
1788683568.825286,59.404000,gate_sweep_poor_extreme_r17,1.6525398180820048,6.179853651672602,4.942076578736305,68.2501001529439,-2.720538377761841,6.281702995300293,0.996755838394165,28.290476683343893,5.890648685835552,39.959623469600004,1,3,1788683509.421256
1788683568.874820,59.436000,gate_sweep_poor_extreme_r17,1.6607689545489848,6.1973397471010685,4.942956820130348,69.5895239337423,-2.729240655899048,6.282542705535889,0.9927161335945129,28.534202789568432,5.906254769777142,41.05532114417387,1,3,1788683509.4388025
1788683568.931847,59.468000,gate_sweep_poor_extreme_r17,1.6740988180972636,6.226314757019281,4.942976847290993,72.19649223777279,-2.7378571033477783,6.2832932472229,0.988658607006073,28.826402693367267,5.9249670333741,43.37008954440553,1,2,1788683509.463823
1788683568.979776,59.500000,gate_sweep_poor_extreme_r17,1.6843202994205058,6.249428007751703,4.94155253469944,74.61281181116291,-2.7463889122009277,6.283949375152588,0.9845821261405945,29.166417626617736,5.940537909732132,45.44639418454518,1,33,1788683509.4797556
1788683569.028713,59.536000,gate_sweep_poor_extreme_r17,1.6940637514926493,6.2725302912294865,4.93882454931736,77.31273504421841,-2.7548346519470215,6.2845072746276855,0.9804854989051819,29.558966089592666,5.954938160071635,47.75376895462575,1,14,1788683509.4926944
1788683569.091818,59.568000,gate_sweep_poor_extreme_r17,1.7054608748294413,6.301413271576166,4.93390454351902,81.06273329079721,-2.76320743560791,6.284964561462402,0.9763686656951904,29.9962849390359,5.9692007214562866,51.06644835176131,1,10,1788683509.5237966
1788683569.134228,59.600000,gate_sweep_poor_extreme_r17,1.7138911173678935,6.324507925659418,4.9291824251413345,84.3394658310002,-2.771512269973755,6.28532600402832,0.9722302556037903,30.475837371840495,5.981458788804494,53.8636284591597,1,49,1788683509.534207
1788683569.182230,59.632000,gate_sweep_poor_extreme_r17,1.7197593138553202,6.341790411621332,4.92543925344944,86.94315055721015,-2.779758930206299,6.285583972930908,0.9680718779563904,30.999597609037142,5.992460274128679,55.943552948173,1,22,1788683509.5502107
1788683569.239527,59.668000,gate_sweep_poor_extreme_r17,1.7285331175662577,6.370449755340815,4.919399634003639,91.52204647753192,-3.7232251167297363,5.293977737426758,0.9731076955795288,33.26420466426237,6.815693648766592,58.257841813269536,1,18,1788683509.5715086
1788683569.282030,59.700000,gate_sweep_poor_extreme_r17,1.734536258969456,6.393193457275629,4.915581598877907,95.36252418714753,-3.5670604705810547,6.144895553588867,0.6705905199050903,54.89617122335288,6.796214313300803,40.46635296379465,1,61,1788683509.5820146
1788683569.339293,59.732000,gate_sweep_poor_extreme_r17,1.7395789311267436,6.41575500741601,4.913201704621315,99.31758086016931,-3.5780560970306396,6.139383792877197,0.6652815937995911,55.5108930903349,6.811640669386171,43.80668776983441,1,24,1788683509.6072707
1788683569.383840,59.764000,gate_sweep_poor_extreme_r17,1.744541494641453,6.443711016327143,4.9121865183115005,104.35426763738181,-2.9560046195983887,5.662345886230469,0.6867907047271729,57.00068869257904,6.368644676858823,47.35357894480277,1,65,1788683509.619823
1788683569.431617,59.800000,gate_sweep_poor_extreme_r17,1.747468559537083,6.465886805206537,4.912675753235817,108.39394142762498,-3.747648239135742,6.026993751525879,0.5827194452285767,57.93398126871577,7.0098115076567575,50.45996015890921,1,33,1788683509.6315997
1788683569.491397,59.832000,gate_sweep_poor_extreme_r17,1.7490952895022929,6.482417318969965,4.913626089692116,111.3998660340722,-3.8304693698883057,6.864436149597168,0.6890040636062622,59.130864792780294,7.008916566671631,52.26900124129192,1,21,1788683509.6593716
1788683569.532168,59.864000,gate_sweep_poor_extreme_r17,1.7506212876178324,6.504321310669184,4.9154681116342545,115.33765124034444,-3.766957998275757,7.686919689178467,0.7040672898292542,60.7186840552974,7.0411729834506005,54.61896718504703,1,76,1788683509.6681457
1788683569.585261,59.896000,gate_sweep_poor_extreme_r17,1.7514881775714457,6.531539652496576,4.9186209589242935,120.08616685836706,-3.6134490966796875,8.582887649536133,0.7658886909484863,62.54301770051274,7.08771936881638,57.54314915785433,1,44,1788683509.6892407
1788683569.640382,59.932000,gate_sweep_poor_extreme_r17,1.7514853165484965,6.553136561065912,4.921689882874489,123.69841299320252,-3.58282470703125,9.63288688659668,0.824996292591095,64.40819758691107,7.397474154597586,59.290215406291445,1,31,1788683509.7083666
1788683569.685666,59.964000,gate_sweep_poor_extreme_r17,1.7509210989810526,6.574619505554438,4.925160303711891,127.11034723492381,-4.185849189758301,7.1613945960998535,0.6067615747451782,73.9334799433228,7.3646530162991555,53.17686729160102,1,66,1788683509.7216325
1788683569.750520,59.996000,gate_sweep_poor_extreme_r17,1.7501518414355814,6.590664599090815,4.928046599030495,129.52140673245714,-4.204611301422119,7.176008224487305,0.6034000515937805,74.45604398550086,7.382709462493097,55.06536274695629,1,24,1788683509.754499
1788683569.800369,60.028000,gate_sweep_poor_extreme_r17,1.7482416317798197,6.617375109344721,4.9334734827280045,133.22600588930592,-4.456547737121582,7.395644664764404,0.6027551889419556,74.32711790412998,7.606591585819378,58.898887985175946,1,61,1788683509.7723434
1788683569.851790,60.064000,gate_sweep_poor_extreme_r17,1.746189205441624,6.638751719146967,4.938379183411598,135.8897826951687,-4.677938938140869,7.563986778259277,0.5986446738243103,74.85930131018611,7.807610257529638,61.030481384982586,1,64,1788683509.787771
1788683569.904451,60.096000,gate_sweep_poor_extreme_r17,1.7437202618457377,6.660217974334955,4.94372595846653,138.27581065205197,-4.726672172546387,7.5811381340026855,0.6148928999900818,75.93862376578466,7.839187958180352,62.33718688626732,1,52,1788683509.8084219
1788683569.947413,60.128000,gate_sweep_poor_extreme_r17,1.7401144192554057,6.687252257019281,4.95073689520359,140.85923017719324,-4.746722221374512,7.599099159240723,0.6132305264472961,77.07795053118183,7.856492593664878,63.7812796460114,1,43,1788683509.8193932
1788683570.002787,60.160000,gate_sweep_poor_extreme_r17,1.7368167326785624,6.709092352539301,4.9564370065927505,142.60527702432782,-4.755243301391602,7.649295806884766,0.6192498803138733,78.40522568445061,7.863969620356723,64.2000513398772,1,25,1788683509.842771
1788683570.053674,60.196000,gate_sweep_poor_extreme_r17,1.7341050789691508,6.7256014086306095,4.960701838135719,143.72919627940487,-4.605720520019531,7.7003912925720215,0.655707836151123,80.35834345169098,7.725061637330156,63.3708528277139,1,81,1788683509.857657
1788683570.095271,60.228000,gate_sweep_poor_extreme_r17,1.7291485951282084,6.753370974212885,4.967812433838844,145.2506142203112,-4.608604907989502,7.705719470977783,0.7397558093070984,81.49776428531221,7.677926148760351,63.75284993499899,1,81,1788683509.86725
1788683570.152325,60.260000,gate_sweep_poor_extreme_r17,1.7248129532672465,6.775803301483393,4.97345532476902,146.15950517602846,-4.587701320648193,7.66647481918335,0.8477938175201416,82.4516569010545,7.593564056701122,63.70784827497395,1,41,1788683509.8923063
1788683570.195746,60.292000,gate_sweep_poor_extreme_r17,1.7201307700015604,6.798431608825922,4.979079142212868,146.80461161997545,-4.5772271156311035,7.639388561248779,0.9558765292167664,83.00677620642738,7.519979002682581,63.797835413548064,1,78,1788683509.9037278
1788683570.243836,60.328000,gate_sweep_poor_extreme_r17,1.7137716696597636,6.827031824737787,4.9859966188669205,147.26007332168004,-4.8726043701171875,7.88300085067749,0.7912465929985046,84.14366586208632,7.879806323801051,63.11640745959371,1,37,1788683509.9158144
1788683570.300743,60.360000,gate_sweep_poor_extreme_r17,1.7083072350360453,6.850164148956537,4.9913677126169205,147.3650657820442,-4.892589092254639,7.897008895874023,0.7875292897224426,84.1878356010613,7.895566713896622,63.177230180982924,1,20,1788683509.9407237
1788683570.343381,60.392000,gate_sweep_poor_extreme_r17,1.7039874480105937,6.86761686578393,4.9952224642038345,147.30506926047946,-4.9126410484313965,7.911003112792969,0.7837941646575928,84.19181043633918,7.912304079254964,63.11325882414027,1,69,1788683509.9513655
1788683570.398651,60.424000,gate_sweep_poor_extreme_r17,1.6963272974826396,6.89686319604516,5.001255884766579,146.96492600279456,-4.932730197906494,7.9249982833862305,0.7800464034080505,84.16771012925189,7.925911589243714,62.797215873542655,1,21,1788683509.9746315
1788683570.441549,60.460000,gate_sweep_poor_extreme_r17,1.6897803233005106,6.920296881347895,5.005580797791481,146.5027992050585,-4.952855110168457,7.939011573791504,0.7762845158576965,84.11395187141595,7.9403609594877285,62.388847333642545,1,60,1788683509.9815242
1788683570.495257,60.492000,gate_sweep_poor_extreme_r17,1.6828720257617533,6.943659517914057,5.009343042969704,145.89734924803696,-4.9730072021484375,7.953073024749756,0.7725030183792114,84.0283859417233,7.9542728968951435,61.86896330631367,1,17,1788683510.003232
1788683570.538243,60.524000,gate_sweep_poor_extreme_r17,1.67561504105106,6.9668967463076115,5.012442007660866,145.1692381521005,-4.984207630157471,8.344560623168945,0.7802619338035583,82.6876951764925,8.010152554546423,62.48154297560801,1,54,1788683510.0142157
1788683570.591749,60.556000,gate_sweep_poor_extreme_r17,1.6660177395679057,6.995670054107904,5.015414133667946,144.12343725047916,-5.2613677978515625,8.860000610351562,0.7637901306152344,81.04885320439391,8.339106994776248,63.07458404608525,1,26,1788683510.0357318
1788683570.637110,60.592000,gate_sweep_poor_extreme_r17,1.6599615500308573,7.012742731720209,5.0167583376169205,143.44065791775458,-5.400265216827393,9.323942184448242,0.7593512535095215,79.76539901998939,8.562357151483457,63.6752588977652,1,62,1788683510.045094
1788683570.694976,60.624000,gate_sweep_poor_extreme_r17,1.6493594334460795,7.0407211519777775,5.0181902796030045,142.23909333028348,-5.3587236404418945,9.49746322631836,0.7625473141670227,79.20654321375363,8.55916509010167,63.032550116529855,1,26,1788683510.0709605
1788683570.736383,60.656000,gate_sweep_poor_extreme_r17,1.6427097008563578,7.057177755981684,5.0186504274606705,141.49371723239597,-5.208521366119385,9.592862129211426,0.7925056219100952,79.0108209117051,8.439748947167635,62.48289632069087,1,51,1788683510.080366
1788683570.783807,60.688000,gate_sweep_poor_extreme_r17,1.63111242512241,7.083859656006098,5.018864527344704,140.23840894824062,-5.630003929138184,9.696372032165527,0.7099631428718567,76.65639435055094,8.838306555376366,63.58201459768967,1,31,1788683510.0957901
1788683570.842464,60.724000,gate_sweep_poor_extreme_r17,1.62141582230106,7.1045005060732365,5.018481150269508,139.24199351839815,-6.4535603523254395,9.636438369750977,0.6688464283943176,73.55874721767002,9.515002458226318,65.68324630072813,1,19,1788683510.118446
1788683570.885406,60.756000,gate_sweep_poor_extreme_r17,1.6139516518451273,7.1194822527468204,5.017908945679665,138.5092550458379,-7.006420135498047,9.686053276062012,0.5748897790908813,71.19426065052734,10.031874993460526,67.31499439531055,1,61,1788683510.1293886
1788683570.932614,60.788000,gate_sweep_poor_extreme_r17,1.601206271443516,7.143324110656977,5.016662493348122,137.332468698151,-6.854671955108643,9.825618743896484,0.6103053092956543,73.27469077937343,9.90517868164099,64.05777791877756,1,31,1788683510.144595
1788683570.985660,60.820000,gate_sweep_poor_extreme_r17,1.5908238575793803,7.16136047616601,5.015386000275612,136.44541847678173,-6.89956521987915,9.839369773864746,0.6053767800331116,73.11970813972005,9.935120623717252,63.32571033706167,1,19,1788683510.165639
1788683571.027275,60.856000,gate_sweep_poor_extreme_r17,1.5803361819125712,7.1783859468996525,5.01399601995945,135.61964630252504,-6.852312088012695,9.801347732543945,0.6803731918334961,72.22644862734673,9.837162811994029,63.39319767517831,1,54,1788683510.171258
1788683571.075927,60.888000,gate_sweep_poor_extreme_r17,1.567133514676243,7.198132250458002,5.012234106659889,134.68617504343857,-6.83356237411499,9.780513763427734,0.6799076199531555,71.5025470251965,9.79844061480716,63.18362801824207,1,39,1788683510.187911
1788683571.125745,60.920000,gate_sweep_poor_extreme_r17,1.5565312788821757,7.212725851684809,5.010818853974342,134.02779238430386,-7.87039852142334,10.082687377929688,0.49501389265060425,70.37810116946777,10.839565446581801,63.64969121483608,1,27,1788683510.2057037
1788683571.183748,60.952000,gate_sweep_poor_extreme_r17,1.5485826418735087,7.22293159738183,5.009775534272194,133.58882166997688,-7.916952133178711,10.096761703491211,0.490291029214859,70.26529728388145,10.875706333289662,63.32352438609543,1,19,1788683510.231725
1788683571.229616,60.988000,gate_sweep_poor_extreme_r17,1.5353700802661479,7.2384540773928165,5.008023634552956,132.9669646766522,-8.10797119140625,10.246590614318848,0.542086660861969,69.44691973548167,11.044795577995536,63.52004494117053,1,53,1788683510.2415917
1788683571.280632,61.020000,gate_sweep_poor_extreme_r17,1.5248620198108256,7.2495929934084415,5.006670370697975,132.5689274511202,-8.583111763000488,10.232295036315918,0.4299716651439667,69.23542295484833,11.489726563856298,63.33350449627188,1,31,1788683510.2606163
1788683571.335430,61.052000,gate_sweep_poor_extreme_r17,1.5144830630160868,7.259613249450922,5.005426779389381,132.26226208112297,-8.631983757019043,10.244131088256836,0.4253309667110443,69.1658647431704,11.525424647861708,63.09639733795257,1,20,1788683510.2834122
1788683571.390570,61.084000,gate_sweep_poor_extreme_r17,1.5017606900073588,7.270624849945307,5.004130735993385,132.0023844543817,-8.680839538574219,10.25600814819336,0.4207366406917572,69.1085174630303,11.55877858103588,62.89386699135143,1,13,1788683510.3065546
1788683571.433996,61.120000,gate_sweep_poor_extreme_r17,1.4918772862292826,7.2781879641115665,5.003208056092262,131.88957331591618,-8.644996643066406,10.312788009643555,0.41365519165992737,68.94120671593822,11.533820095276171,62.94836659997796,1,49,1788683510.3139763
1788683571.483441,61.152000,gate_sweep_poor_extreme_r17,1.4846563027240336,7.283151362091303,5.002589121460915,131.85686360142964,-9.6087064743042,10.414236068725586,0.3199993968009949,68.59589056722517,12.441584934097635,63.260973034204476,1,25,1788683510.3314195
1788683571.537588,61.184000,gate_sweep_poor_extreme_r17,1.4753255532123148,7.288923475891352,5.001880064606667,131.87944261347388,-9.659117698669434,10.423876762390137,0.3151814341545105,68.58140102811744,12.480741271678804,63.298041585356444,1,16,1788683510.3535707
1788683571.582780,61.216000,gate_sweep_poor_extreme_r17,1.4642519638873637,7.294720862060785,5.00110949575901,132.0035069382438,-9.709515571594238,10.433510780334473,0.31040388345718384,68.57816030905639,12.518298695482505,63.425346629187395,1,43,1788683510.3667629
1788683571.632215,61.252000,gate_sweep_poor_extreme_r17,1.4559915945865214,7.298287604004145,5.000567331910133,132.17065863392995,-9.759893417358398,10.443133354187012,0.3056652247905731,68.58682328727146,12.558990293373494,63.58383534665849,1,18,1788683510.3802004
1788683571.691635,61.284000,gate_sweep_poor_extreme_r17,1.4483149931766093,7.300894472748041,5.000086203217506,132.39004963220486,-9.81025505065918,10.452736854553223,0.3009614944458008,68.60629217764915,12.600447724596485,63.7837574545557,1,10,1788683510.407614
1788683571.734833,61.316000,gate_sweep_poor_extreme_r17,1.4429855034686625,7.302227232605219,4.9997366815805435,132.58405265411398,-9.860608100891113,10.46230697631836,0.2962908148765564,68.63343461182495,12.64435587051251,63.95061804228903,1,24,1788683510.4188132
1788683571.785149,61.348000,gate_sweep_poor_extreme_r17,1.4350413964129984,7.303284857422113,4.999168768525124,132.9551542718363,-9.910945892333984,10.471841812133789,0.29165032505989075,68.66810609411075,12.68589415954686,64.28704817772555,1,9,1788683510.4371283
1788683571.842808,61.384000,gate_sweep_poor_extreme_r17,1.4295460865832865,7.303173277527094,4.998721495270729,133.28337989273192,-9.961277961730957,10.481340408325195,0.2870355546474457,68.7081440529229,12.72994906564856,64.57523583980901,1,3,1788683510.4587862
1788683571.889719,61.416000,gate_sweep_poor_extreme_r17,1.4249013350345194,7.302247259765863,4.998241797089577,133.63224809083295,-10.011602401733398,10.490797996520996,0.28244391083717346,68.75314792129579,12.774945135927235,64.87910016953715,1,6,1788683510.4737008
1788683571.937407,61.448000,gate_sweep_poor_extreme_r17,1.420350878033787,7.300009462982416,4.997560873627663,134.08794838389534,-10.061925888061523,10.500210762023926,0.2778715193271637,68.80123928961713,12.820274399898647,65.28670909427822,1,2,1788683510.489388
1788683571.995423,61.480000,gate_sweep_poor_extreme_r17,1.417836754117161,7.2973482348024845,4.997012510895729,134.46258314929744,-10.112248420715332,10.509580612182617,0.27331703901290894,68.85137152356076,12.867579410917484,65.61121162573669,1,2,1788683510.5154061
1788683572.039307,61.516000,gate_sweep_poor_extreme_r17,1.4165962622500956,7.294888231903315,4.996654883027077,134.74343363223383,-10.162679672241211,10.518630027770996,0.2688220739364624,68.89758029112873,12.916057657204359,65.84585334110508,1,11,1788683510.5232873
1788683572.087064,61.548000,gate_sweep_poor_extreme_r17,1.4157960102893412,7.289954397827387,4.996071711182594,135.20847873827586,-10.213113784790039,10.527586936950684,0.2643609046936035,68.94291646660623,12.96545003602759,66.26556227166961,1,4,1788683510.5390456
1788683572.142828,61.580000,gate_sweep_poor_extreme_r17,1.4162354157306254,7.2852985598146915,4.9955023676157,135.57233577058662,-10.263490676879883,10.53662395477295,0.2599007189273834,68.99021940552102,13.01587651283488,66.58211636506559,1,3,1788683510.5628064
1788683572.197470,61.612000,gate_sweep_poor_extreme_r17,1.417639343533665,7.280058119446039,4.9948161989450455,135.9295401024086,-10.313876152038574,10.545587539672852,0.2554578483104706,69.03517238001906,13.067274229652798,66.89436772238955,1,2,1788683510.5854504
1788683572.241408,61.648000,gate_sweep_poor_extreme_r17,1.42067119339481,7.2728121019899845,4.99373759329319,136.36612303576453,-10.364270210266113,10.554468154907227,0.2510337829589844,69.07839573531628,13.120493503292034,67.28772730044824,1,22,1788683510.5933902
1788683572.298616,61.680000,gate_sweep_poor_extreme_r17,1.4240523264743388,7.266533110290766,4.992709532380104,136.71286297165906,-10.414670944213867,10.563255310058594,0.24662958085536957,69.11920417090988,13.173800546867312,67.59365880074918,1,6,1788683510.6185977
1788683572.344007,61.712000,gate_sweep_poor_extreme_r17,1.4270453141070902,7.261591646820307,4.99190129339695,136.97248179196853,-10.465075492858887,10.571945190429688,0.24224376678466797,69.15877714669553,13.226497060494324,67.81370464527302,1,22,1788683510.6319916
1788683572.401247,61.744000,gate_sweep_poor_extreme_r17,1.433004824910313,7.252941343933344,4.990516558289528,137.42103440935634,-10.515485763549805,10.58055591583252,0.23787087202072144,69.19795434341297,13.282585858967568,68.22308006594336,1,14,1788683510.657229
1788683572.444946,61.780000,gate_sweep_poor_extreme_r17,1.4384699747897685,7.245694849640131,4.989397898316383,137.80333805726855,-10.565901756286621,10.589077949523926,0.2335096150636673,69.2384621051746,13.337976779603233,68.56487595209396,1,24,1788683510.6649244
1788683572.502737,61.812000,gate_sweep_poor_extreme_r17,1.4444875405170023,7.238280508667231,4.988375082612038,138.21922622478166,-10.616313934326172,10.597511291503906,0.22915998101234436,69.28223672927247,13.393934897976447,68.93698949550921,1,12,1788683510.6907208
1788683572.540883,61.844000,gate_sweep_poor_extreme_r17,1.4509735987521708,7.230790350586176,4.987499609589577,138.68279497375238,-10.666715621948242,10.605870246887207,0.22481603920459747,69.33105220184657,13.4503795912052,69.35174277190579,1,17,1788683510.696856
1788683572.599905,61.876000,gate_sweep_poor_extreme_r17,1.4595679924823344,7.221401426941156,4.986846819519997,139.3462729987941,-10.717103958129883,10.614158630371094,0.2204730063676834,69.38761939621534,13.509273132221296,69.95865360257875,1,4,1788683510.7238848
1788683572.641837,61.912000,gate_sweep_poor_extreme_r17,1.4649027273990214,7.215806219726801,4.9866727739572525,139.79884330190956,-10.767471313476562,10.622365951538086,0.21612852811813354,69.4536323565489,13.564428343420659,70.34521094536066,1,12,1788683510.7298162
1788683572.691809,61.944000,gate_sweep_poor_extreme_r17,1.4721035645343363,7.2084505297243595,4.986753836274147,140.47431504647577,-10.817811012268066,10.630499839782715,0.21177729964256287,69.53431286954276,13.621777516570779,70.940002176933,1,2,1788683510.747791
1788683572.745482,61.976000,gate_sweep_poor_extreme_r17,1.4792610094882548,7.201250288635492,4.987175837159157,141.2397188822213,-10.868120193481445,10.638564109802246,0.20740951597690582,69.62845762078378,13.679148912185347,71.6112612614375,1,2,1788683510.7694652
1788683572.789766,62.008000,gate_sweep_poor_extreme_r17,1.4880031035281718,7.192621443420649,4.9881657510995865,142.3280936346042,-10.918397903442383,10.646561622619629,0.2030183970928192,69.73827707109098,13.738490597835087,72.58981656351321,1,5,1788683510.7817457
1788683572.838141,62.044000,gate_sweep_poor_extreme_r17,1.4946703598834574,7.186100695282221,4.989269629120827,143.30481424012777,-10.968643188476562,10.654487609863281,0.19859686493873596,69.86385667103389,13.795449899421461,73.4409575690939,1,3,1788683510.794123
1788683572.889835,62.076000,gate_sweep_poor_extreme_r17,1.4994071410037577,7.181469175964594,4.99024523794651,144.09769115237043,-11.018858909606934,10.662330627441406,0.19413958489894867,70.00761998157803,13.850126742865722,74.09007117079238,1,2,1788683510.8138165
1788683572.949809,62.108000,gate_sweep_poor_extreme_r17,1.5066876099444926,7.1743552424013615,4.992167845368385,145.52481395531024,-11.069058418273926,10.670086860656738,0.18963930010795593,70.16702039972174,13.908048322506035,75.3577935555885,1,2,1788683510.8417876
1788683573.008068,62.140000,gate_sweep_poor_extreme_r17,1.5118968174792826,7.169239256531,4.993942156434059,146.7510570368158,-11.11925220489502,10.677738189697266,0.18509307503700256,70.34011335289625,13.963542526060836,76.41094368391954,1,36,1788683510.8680482
1788683573.060407,62.176000,gate_sweep_poor_extreme_r17,1.5164674208499491,7.164686415344477,4.995827570557594,148.0351976933803,-10.987468719482422,10.871770858764648,0.23513372242450714,65.69725732577018,13.883627047274429,82.33794036761013,1,29,1788683510.8843875
1788683573.117078,62.208000,gate_sweep_poor_extreme_r17,1.5211413786746562,7.159762594848871,4.998311415314674,149.70001332157833,-13.232792854309082,8.717053413391113,-0.08937619626522064,59.924003993066464,15.684014004002577,89.77600932851186,1,6,1788683510.9090533
1788683573.173987,62.240000,gate_sweep_poor_extreme_r17,1.5239780829288065,7.156351301819086,5.000369921326637,151.05942742138714,-15.674725532531738,6.57774543762207,-0.33071500062942505,54.712393351676255,18.015289540932894,96.3470340697109,1,37,1788683510.9339678
1788683573.220426,62.272000,gate_sweep_poor_extreme_r17,1.5255559370853007,7.154144022613764,5.001994505524635,152.08328978222846,-18.232532501220703,4.762271881103516,-0.6589377522468567,49.593905851460484,20.691768051675332,102.48938393076797,1,81,1788683510.948403
1788683573.271318,62.308000,gate_sweep_poor_extreme_r17,1.5270456955768168,7.151192877441645,5.00467623770237,153.77570621676477,-21.369335174560547,2.8350095748901367,-1.032273769378662,43.948230963133064,24.069035307623203,109.8274752536317,1,90,1788683510.9632888
1788683573.322418,62.340000,gate_sweep_poor_extreme_r17,1.5271144793368876,7.149482939392328,5.006803408265114,155.09673868811092,-23.589859008789062,0.7742178440093994,-1.321471095085144,40.640270655431216,26.67495867718229,114.4564680326797,1,87,1788683510.9824
1788683573.373259,62.372000,gate_sweep_poor_extreme_r17,1.526124803815037,7.148381445556879,5.009017840027809,156.36928943254804,-26.124374389648438,-2.8361740112304688,-1.7378652095794678,40.50624857549582,30.16225926886884,115.86304085705221,1,81,1788683511.0012434
1788683573.422056,62.404000,gate_sweep_poor_extreme_r17,1.5233549759723246,7.147905085235834,5.011807337403297,157.86569278880225,-28.242263793945312,-5.590963363647461,-2.0216519832611084,40.42248462025425,33.132165340186695,117.44320816854801,1,78,1788683511.0180314
1788683573.475703,62.440000,gate_sweep_poor_extreme_r17,1.5198349640704691,7.1482722498476505,5.014074221253395,158.96694699678557,-30.708267211914062,-11.184494018554688,-2.490858554840088,44.20613878005549,37.829418511143565,114.7608082167301,1,89,1788683511.0356843
1788683573.521830,62.472000,gate_sweep_poor_extreme_r17,1.5164467976428568,7.148996565490961,5.015841856598854,159.7279176052246,-31.074230194091797,-13.057597160339355,-2.56817889213562,46.55687217851353,39.08933393520005,113.17104542671106,1,110,1788683511.0498056
1788683573.574761,62.504000,gate_sweep_poor_extreme_r17,1.510988085065037,7.150511477142572,5.018332377076149,160.6462853864622,-31.317529678344727,-14.83427906036377,-2.5923616886138916,48.78699850489294,40.236367351962436,111.85928688156926,1,152,1788683511.070743
1788683573.635206,62.536000,gate_sweep_poor_extreme_r17,1.5025813267566264,7.153428766876459,5.021685972809792,161.62089934976345,-31.522157669067383,-16.619314193725586,-2.5523552894592285,50.81748925173842,41.39012919351312,110.80341009802503,1,195,1788683511.099184
1788683573.683601,62.572000,gate_sweep_poor_extreme_r17,1.4945811913348734,7.156609747558832,5.02457369863987,162.2541385374282,-31.686193466186523,-18.570566177368164,-2.5655484199523926,53.02134087983432,42.666864681160966,109.23279765759386,1,217,1788683511.1115725
1788683573.732713,62.604000,gate_sweep_poor_extreme_r17,1.483018605504185,7.16172144189477,5.028405085206032,162.85286348905055,-31.85713005065918,-20.360206604003906,-2.604200601577759,54.17433306553442,43.900782514080774,108.67853042351615,1,232,1788683511.1286964
1788683573.781726,62.636000,gate_sweep_poor_extreme_r17,1.477907030377537,7.164148066192865,5.0299843698740005,163.03093354549958,-31.99781608581543,-22.0583438873291,-2.7144665718078613,55.064082266933134,45.10603722910925,107.96685127856644,1,233,1788683511.145709
1788683573.832167,62.668000,gate_sweep_poor_extreme_r17,1.4639088795520365,7.1712143160402775,5.0340384393930435,163.32210982993797,-32.08865737915039,-23.520906448364258,-2.753626585006714,55.96920884468948,46.13489683627425,107.3529009852485,1,240,1788683511.1641512
1788683573.877415,62.704000,gate_sweep_poor_extreme_r17,1.4514914439059794,7.177942488342524,5.037343397736549,163.39803927363576,-32.14765548706055,-25.12895393371582,-2.653564453125,57.26602130391846,47.241806638661984,106.13201796971731,1,243,1788683511.1733985
1788683573.937227,62.736000,gate_sweep_poor_extreme_r17,1.4380248473025858,7.185633394867182,5.040676489472389,163.33891389278537,-32.090145111083984,-26.200002670288086,-2.576261281967163,58.36776053974282,47.92448870094948,104.97115335304254,1,74,1788683511.2012124
1788683573.978939,62.768000,gate_sweep_poor_extreme_r17,1.4197678253985941,7.196519110351801,5.044745817780495,163.08209382071902,-31.94853401184082,-26.938671112060547,-2.5082859992980957,59.2122908692922,48.32911202009812,103.86980295142682,1,231,1788683511.2109156
1788683574.040106,62.800000,gate_sweep_poor_extreme_r17,1.40398737648502,7.206278059631586,5.047920599579811,162.73903632643882,-31.824602127075195,-27.30631446838379,-2.467491626739502,59.65194900726372,48.49473810974181,103.0870873191751,1,119,1788683511.2400815
1788683574.085020,62.836000,gate_sweep_poor_extreme_r17,1.391497461590916,7.214191172271967,5.050259009003639,162.409733330157,-31.746410369873047,-27.578784942626953,-2.4822092056274414,59.560223823837234,48.63548292947193,102.84950950631975,1,238,1788683511.2490056
1788683574.134640,62.868000,gate_sweep_poor_extreme_r17,1.3693879530765116,7.228490564972162,5.054059401154518,161.72890711387373,-31.69988250732422,-27.7528018951416,-2.4741663932800293,59.17380690613418,48.723112119148695,102.55510020773954,1,161,1788683511.2666218
1788683574.191708,62.900000,gate_sweep_poor_extreme_r17,1.3505298779346049,7.240874979645014,5.056933775544167,161.08102666516956,-31.644271850585938,-27.912878036499023,-2.468172073364258,58.709468128397475,48.79621409762969,102.3715585367721,1,104,1788683511.291674
1788683574.234522,62.932000,gate_sweep_poor_extreme_r17,1.3306494639255106,7.254060480743647,5.059539213776588,160.35413214020627,-31.70575523376465,-27.889034271240234,-2.4816887378692627,56.94076939090602,48.81916901295193,103.41336274930026,1,201,1788683511.3024936
1788683574.294648,62.968000,gate_sweep_poor_extreme_r17,1.3044287846423686,7.2716123796999454,5.062451258301735,159.3538487073293,-31.744070053100586,-27.799245834350586,-2.5105981826782227,55.40153751569685,48.78031825576643,103.95231119163245,1,123,1788683511.3266265
1788683574.334915,63.000000,gate_sweep_poor_extreme_r17,1.2823165343143046,7.2864205576479435,5.064513102173805,158.49689446072546,-31.74005889892578,-27.73751449584961,-2.530886650085449,54.42649701733062,48.732365049134366,104.07039744339484,1,155,1788683511.3348906
1788683574.394450,63.032000,gate_sweep_poor_extreme_r17,1.2651344225741923,7.29789612069726,5.0659221559762955,157.82859210111891,-31.72951889038086,-27.718708038330078,-2.5386569499969482,53.50034859225592,48.70974581591564,104.32824350886298,1,82,1788683511.3624303
1788683574.437412,63.064000,gate_sweep_poor_extreme_r17,1.235309808049351,7.317694876343012,5.067960634827614,156.68420113888206,-31.710468292236328,-27.717330932617188,-2.537508964538574,52.647551247283026,48.69004514163705,104.03664989159904,1,109,1788683511.3733892
1788683574.494551,63.100000,gate_sweep_poor_extreme_r17,1.2104274914599955,7.334114287048578,5.0693119913339615,155.75469601813222,-31.686912536621094,-27.671873092651367,-2.5444188117980957,51.58508223274528,48.63767089503217,104.16961378538694,1,49,1788683511.3945289
1788683574.540641,63.132000,gate_sweep_poor_extreme_r17,1.1846549198962748,7.3509886004030704,5.07049597799778,154.82447323746948,-31.6512393951416,-27.641069412231445,-2.5441110134124756,50.725772147265054,48.58623590134916,104.09870109020441,1,85,1788683511.4086266
1788683574.600873,63.164000,gate_sweep_poor_extreme_r17,1.1579885170795023,7.368262980133295,5.071504965424538,153.90458773080348,-31.62230682373047,-27.610624313354492,-2.5488765239715576,49.942885343449284,48.54009201644739,103.96170238735422,1,45,1788683511.4368398
1788683574.647612,63.196000,gate_sweep_poor_extreme_r17,1.1234019682742655,7.390371058136225,5.072527304291725,152.78640494318202,-31.56327247619629,-27.590707778930664,-2.5472607612609863,49.33743681604941,48.478404810882886,103.44896812713262,1,58,1788683511.4515953
1788683574.701405,63.232000,gate_sweep_poor_extreme_r17,1.1019965098239481,7.4038803316652775,5.073028460144997,152.13810513165143,-31.52157974243164,-27.577924728393555,-2.547640562057495,48.54474262847671,48.43654621350132,103.5933625031747,1,30,1788683511.4693866
1788683574.744552,63.264000,gate_sweep_poor_extreme_r17,1.0727375433780253,7.4221627451479435,5.073492422699928,151.3077441190057,-31.486196517944336,-27.56742286682129,-2.538187026977539,47.829601432600114,48.397241166739086,103.47814268640556,1,26,1788683511.4805355
1788683574.791268,63.296000,gate_sweep_poor_extreme_r17,1.0427082465030253,7.440709326416254,5.073764696717262,150.52329597107857,-31.43553352355957,-27.617576599121094,-2.5525479316711426,47.26440286925791,48.39504359763803,103.25889310182065,1,9,1788683511.495251
1788683574.839235,63.328000,gate_sweep_poor_extreme_r17,1.0041181133128703,7.464137766510248,5.0738591104745865,149.61553040831163,-30.363258361816406,-27.706348419189453,-2.59444522857666,47.092218339970835,47.74597676147488,102.52331206834081,1,4,1788683511.511213
1788683574.897237,63.364000,gate_sweep_poor_extreme_r17,0.9724537418223917,7.483010981231928,5.073727026581764,148.9534589287496,-27.696331024169922,-28.11979103088379,-2.326606273651123,47.804094020846954,46.30576275181351,101.14936490790265,1,2,1788683511.5332153
1788683574.942649,63.396000,gate_sweep_poor_extreme_r17,0.9482780382968485,7.497220728546381,5.073511019349098,148.4966010357049,-24.870769500732422,-28.429962158203125,-2.249411106109619,48.61676173840117,44.844295896536636,99.87983929730376,1,22,1788683511.5466304
1788683574.986277,63.428000,gate_sweep_poor_extreme_r17,0.9072199151851237,7.5209176279604435,5.072951212525368,147.81546507897062,-22.384437561035156,-27.133472442626953,-2.049726963043213,43.410944527480666,42.35753302007466,104.40452055148997,1,8,1788683511.5582573
1788683575.034151,63.460000,gate_sweep_poor_extreme_r17,0.8737699673511088,7.539821837097406,5.072371855378151,147.34323760086946,-19.94106674194336,-25.98271369934082,-1.8504769802093506,37.6943561144029,40.061747990155794,109.64888148646655,1,4,1788683511.5741336
1788683575.091045,63.496000,gate_sweep_poor_extreme_r17,0.8398438976146281,7.5586116053164005,5.071678057312965,146.93659070786168,-37.07354736328125,-35.158573150634766,-4.751384258270264,36.986881011353766,57.95408237244097,109.94970969650791,1,4,1788683511.5950272
1788683575.132348,63.528000,gate_sweep_poor_extreme_r17,0.796910195145756,7.581902239471674,5.070644751191139,146.51841895176307,-46.335479736328125,-20.101261138916016,-13.405950546264648,3.45307106905891,57.69925726621592,143.06534788270415,1,28,1788683511.6043298
1788683575.183227,63.560000,gate_sweep_poor_extreme_r17,0.7622693465091288,7.600398276001215,5.069724455475807,146.2540075779214,-59.749908447265625,0.2515697479248047,-23.15513801574707,-30.169883576422816,67.17419001074686,176.42389115434423,1,7,1788683511.6232073
1788683575.238017,63.592000,gate_sweep_poor_extreme_r17,0.7361792013980448,7.614165518432856,5.068990126252174,146.09443785867887,-55.1957893371582,-1.889268398284912,-20.261852264404297,-40.139899612592366,62.131730516924655,173.76566252872877,1,4,1788683511.6459987
1788683575.283679,63.628000,gate_sweep_poor_extreme_r17,0.6925863311626017,7.636878702789545,5.067662134766579,145.90042235669733,-55.19580078125,-1.8892600536346436,-20.261859893798828,-40.13989703602477,62.09544121615623,173.9596806072779,1,32,1788683511.6556525
1788683575.331271,63.660000,gate_sweep_poor_extreme_r17,0.6576903746463358,7.654861185699701,5.066506281495094,145.80471024997024,-55.19580841064453,-1.889251947402954,-20.261869430541992,-40.13989449553801,62.06633578894489,174.05539525449177,1,0,1788683511.671255
1788683575.389212,63.692000,gate_sweep_poor_extreme_r17,0.6228918717242777,7.672608111053705,5.065283194184303,145.75808914291574,-55.19581985473633,-1.8892416954040527,-20.26188087463379,-40.13988975448483,62.0372693652114,174.10202110259945,1,0,1788683511.6971815
1788683575.430260,63.724000,gate_sweep_poor_extreme_r17,0.5796613381244242,7.694355223327875,5.063727751374245,145.76402467521638,-55.19582748413086,-1.8892334699630737,-20.261890411376953,-40.13989013852786,62.001106933095734,174.0960851862558,1,11,1788683511.7062416
1788683575.478922,63.760000,gate_sweep_poor_extreme_r17,0.5454184100963175,7.711326334625483,5.062398806214333,145.81385128274877,-55.195838928222656,-1.8892227411270142,-20.261899948120117,-40.13988840412778,61.97240046675146,174.04626031312347,1,2,1788683511.7188976
1788683575.526389,63.792000,gate_sweep_poor_extreme_r17,0.5200219438411295,7.7237984873354435,5.061370268464088,145.8746828639476,-55.19585037231445,-1.8892121315002441,-20.26190948486328,-40.13987456903695,61.95108472475102,173.98544256701547,1,2,1788683511.734368
1788683575.583567,63.824000,gate_sweep_poor_extreme_r17,0.4865440116263926,7.7401621080935,5.059963122010231,145.98173472770372,-55.195858001708984,-1.8892039060592651,-20.261919021606445,-40.13987754182504,61.92295454114273,173.87838773047125,1,2,1788683511.7595332
1788683575.628785,63.856000,gate_sweep_poor_extreme_r17,0.44554594019427896,7.759944174438715,5.058160200715065,146.15239834679244,-55.19587326049805,-1.8891916275024414,-20.261932373046875,-40.13988045417643,61.888451591030694,173.70772119903117,1,10,1788683511.7727587
1788683575.675548,63.892000,gate_sweep_poor_extreme_r17,0.41354539850726724,7.775176260620356,5.056692019104958,146.31219146149854,-55.195884704589844,-1.8891812562942505,-20.261943817138672,-40.13987794755462,61.861473011999216,173.54793059094683,1,1,1788683511.7835288
1788683575.724899,63.924000,gate_sweep_poor_extreme_r17,0.38238754728809,7.789847586303949,5.05519999563694,146.4883648468466,-55.195899963378906,-1.889173984527588,-20.26195526123047,-40.13987288826895,61.83516678628202,173.3717622648845,1,1,1788683511.8008769
1788683575.789102,63.956000,gate_sweep_poor_extreme_r17,0.3596178279258311,7.80048868432641,5.05405892431736,146.62751034734964,-55.1959114074707,-1.8891689777374268,-20.261966705322266,-40.139861260098535,61.815915813919325,173.23262839255185,1,1,1788683511.8330832
1788683575.829966,63.988000,gate_sweep_poor_extreme_r17,0.3229705677367747,7.817473147064447,5.052108660340309,146.872210352135,-55.1959228515625,-1.8891620635986328,-20.261980056762695,-40.13984839214918,61.7848636900152,172.98794125571587,1,21,1788683511.8419495
1788683575.879748,64.024000,gate_sweep_poor_extreme_r17,0.2948631034232676,7.830424044281244,5.050493612885475,147.07081391775773,-55.19593048095703,-1.8891539573669434,-20.26198959350586,-40.13987281249739,61.76099234329277,172.7893132697449,1,4,1788683511.8557298
1788683575.927095,64.056000,gate_sweep_poor_extreme_r17,0.26790219405665994,7.84281799569726,5.048849001526833,147.27131406173189,-55.19594192504883,-1.8891470432281494,-20.26200294494629,-40.13986503897182,61.738062605199886,172.5888208992963,1,3,1788683511.8710783
1788683575.986108,64.088000,gate_sweep_poor_extreme_r17,0.23578378418460488,7.857660982757807,5.046746626496315,147.5142501699424,-55.19594955444336,-1.88913893699646,-20.262012481689453,-40.13986540862004,61.7106996978373,172.3458844214376,1,2,1788683511.8980913
1788683576.029873,64.120000,gate_sweep_poor_extreme_r17,0.21150526264682412,7.868958208709955,5.044985190033913,147.70082211438924,-55.19595718383789,-1.8891277313232422,-20.262022018432617,-40.139860993844906,61.689964741609835,172.1593168917659,1,32,1788683511.909839
1788683576.079924,64.156000,gate_sweep_poor_extreme_r17,0.19412882486358285,7.877092096954584,5.043629065155983,147.8331136207458,-55.19597244262695,-1.8891202211380005,-20.26203155517578,-40.13985849083335,61.67510584422478,172.0270278884209,1,12,1788683511.9239016
1788683576.131455,64.188000,gate_sweep_poor_extreme_r17,0.16682205954566598,7.889997694641352,5.041270151734352,148.03792500138215,-55.19598388671875,-1.8891149759292603,-20.262041091918945,-40.139868773196405,61.651673835838686,171.82220622542144,1,11,1788683511.9434376
1788683576.186179,64.220000,gate_sweep_poor_extreme_r17,0.14642327884212136,7.899799559265375,5.039316549897194,148.1840915980272,-55.19599151611328,-1.8891090154647827,-20.262048721313477,-40.139873401003946,61.63411953624834,171.67603500096885,1,2,1788683511.966152
1788683576.231931,64.252000,gate_sweep_poor_extreme_r17,0.12731345603242517,7.909184191375971,5.037330999970436,148.3134001513806,-82.34442901611328,43.04330825805664,-53.22221374511719,30.92488038422254,106.91197095849323,117.38851976715803,1,26,1788683511.9799118
1788683576.282275,64.288000,gate_sweep_poor_extreme_r17,0.10522582242265344,7.920352194458246,5.0348552614450455,148.44693823030215,-82.68999481201172,43.5405158996582,-53.568397521972656,30.93838770664999,107.50900361870659,117.50855052365216,1,7,1788683511.994249
1788683576.324796,64.320000,gate_sweep_poor_extreme_r17,0.08906380692496896,7.9288131929934025,5.0329326540231705,148.53150932042155,-83.0356674194336,44.03767776489258,-53.91454315185547,30.948570518975444,108.11279270285618,117.58293880144612,1,1,1788683512.0047739
1788683576.372797,64.352000,gate_sweep_poor_extreme_r17,0.07770193228498101,7.934924338012934,5.031536474823952,148.5835540397994,-83.38140869140625,44.53480911254883,-54.26066970825195,30.955442461197904,108.72230877636486,117.62811157860149,1,0,1788683512.0207586
1788683576.416144,64.384000,gate_sweep_poor_extreme_r17,0.060437934938818216,7.944605085998774,5.029251471161842,148.64204314388624,-83.72721862792969,45.03190231323242,-54.606781005859375,30.959323023752333,109.32655385366678,117.68272012013391,1,0,1788683512.0321317
1788683576.461997,64.420000,gate_sweep_poor_extreme_r17,0.04799993196502328,7.951917860656977,5.027562037110329,148.66812228986385,-84.07304382324219,45.52897262573242,-54.952884674072266,30.96081543385354,109.9365227527048,117.7073068560103,1,0,1788683512.0419846
1788683576.506568,64.452000,gate_sweep_poor_extreme_r17,0.03670246386900544,7.958860609680414,5.026019468903542,148.67331356462992,-84.41890716552734,46.026039123535156,-55.298988342285156,30.958240884042027,110.54848097237088,117.71507268058788,1,0,1788683512.0545554
1788683576.554410,64.484000,gate_sweep_poor_extreme_r17,0.02649796800687909,7.9654414393007755,5.0246085077524185,148.66074006481375,-84.76473999023438,46.523109436035156,-55.645103454589844,30.952903957154934,111.16232160867756,117.70783610765882,1,0,1788683512.0703852
1788683576.601553,64.516000,gate_sweep_poor_extreme_r17,0.015246083494275808,7.973145220428705,5.023129358887672,148.61975943833852,-85.11052703857422,47.02020263671875,-55.99123764038086,30.945420484018143,111.77577073240138,117.67433895432038,1,0,1788683512.0855207
1788683576.646433,64.552000,gate_sweep_poor_extreme_r17,0.009317467454820871,7.977475855499506,5.022376909852028,148.58517456834483,-85.45626831054688,47.517333984375,-56.337379455566406,30.934826080409547,112.39566910896556,117.65034848793529,1,24,1788683512.0944123
