t_wall,t_sim,exp_id,gt_x,gt_y,gt_z,gt_dyaw_deg,vslam_x,vslam_y,vslam_z,vslam_dyaw_deg,pos_error_m,yaw_error_deg,vo_state,feature_count,msg_age_s
1788749263.661515,39.304000,r2_2_L1_r18,0.0004483591765165329,-0.0004037809558212757,-0.0003775954246520996,0.00023555723056306474,0.0,0.0,0.0,0.0,0.0007117888143043033,0.00023555723056306474,1,380,1788749224.357484
1788749263.706016,39.340000,r2_2_L1_r18,0.0006040215957909822,-0.0006544925272464752,-0.0005628913640975952,-0.0005526993495932841,0.0,0.0,0.0,0.0,0.0010535887452792073,0.0005526993495932841,1,380,1788749224.365991
1788749263.800076,39.372000,r2_2_L1_r18,0.0006548480596393347,-0.0010104398243129253,-0.0008310526609420776,-0.002411266538483972,0.0,0.0,0.0,0.0,0.0014630321749810717,0.002411266538483972,1,380,1788749224.4280615
1788749263.802258,39.404000,r2_2_L1_r18,0.0006548480596393347,-0.0010104398243129253,-0.0008310526609420776,-0.002411266538483972,0.0,0.0,0.0,0.0,0.0014630321749810717,0.002411266538483972,1,380,1788749224.3982444
1788749263.848357,39.436000,r2_2_L1_r18,0.0006466587074100971,-0.0012469696812331676,-0.0010426491498947144,-0.002083684737074888,0.0,0.0,0.0,0.0,0.001749347912669237,0.002083684737074888,1,380,1788749224.4123318
1788749263.892003,39.472000,r2_2_L1_r18,0.0006388395559042692,-0.0014462065882980824,-0.0012210756540298462,-0.002155534397631851,0.0,0.0,0.0,0.0,0.0019976624407264504,0.0021555343976318504,1,380,1788749224.4199896
1788749263.938016,39.504000,r2_2_L1_r18,0.0006454039830714464,-0.0016474276781082153,-0.0014107227325439453,-0.002285059669635505,0.0,0.0,0.0,0.0,0.0022628970113723183,0.002285059669635505,1,380,1788749224.433989
1788749263.983087,39.536000,r2_2_L1_r18,0.0006798799149692059,-0.001812610775232315,-0.0016013532876968384,-0.003214660334700973,0.0,0.0,0.0,0.0,0.002512394649191146,0.0032146603347009734,1,380,1788749224.4470718
1788749264.027139,39.568000,r2_2_L1_r18,0.0007714643143117428,-0.0019389642402529716,-0.0018601864576339722,-0.0033856851365712285,0.0,0.0,0.0,0.0,0.002795538082445148,0.0033856851365712285,1,380,1788749224.4591196
1788749264.076193,39.604000,r2_2_L1_r18,0.0008375523611903191,-0.001964061986654997,-0.0020193755626678467,-0.003485428075328772,0.0,0.0,0.0,0.0,0.0029388622132142795,0.003485428075328772,1,380,1788749224.4721766
1788749264.120670,39.636000,r2_2_L1_r18,0.0009182658977806568,-0.0019483119249343872,-0.0022303909063339233,-0.003571433294629067,0.0,0.0,0.0,0.0,0.003100608845198877,0.003571433294629068,1,380,1788749224.484646
1788749264.167686,39.668000,r2_2_L1_r18,0.0009631079155951738,-0.0018821293488144875,-0.0024343878030776978,-0.002399692564005994,0.0,0.0,0.0,0.0,0.0032243187991457026,0.002399692564005994,1,380,1788749224.499669
1788749264.215781,39.700000,r2_2_L1_r18,0.0009463077876716852,-0.0017802887596189976,-0.0026871711015701294,-0.0016305273664657472,0.0,0.0,0.0,0.0,0.0033594367125676667,0.0016305273664657472,1,380,1788749224.515756
1788749264.260906,39.736000,r2_2_L1_r18,0.0008476295042783022,-0.0017059738747775555,-0.0028880536556243896,-0.0013305024073445094,0.0,0.0,0.0,0.0,0.0034597220344576855,0.0013305024073445094,1,380,1788749224.5248811
1788749264.304739,39.768000,r2_2_L1_r18,0.0007109194993972778,-0.0016712816432118416,-0.0030368268489837646,-0.002191669748737234,0.0,0.0,0.0,0.0,0.0035384892505515415,0.002191669748737234,1,380,1788749224.536703
1788749264.350638,39.800000,r2_2_L1_r18,0.00043390924111008644,-0.001638646237552166,-0.003284469246864319,-0.002574533047147318,0.0,0.0,0.0,0.0,0.003696102941607832,0.002574533047147318,1,380,1788749224.5506184
1788749264.394748,39.832000,r2_2_L1_r18,0.00016238412354141474,-0.0016356012783944607,-0.0034610480070114136,-0.0019057324369545978,0.0,0.0,0.0,0.0,0.0038315027668398708,0.0019057324369545978,1,380,1788749224.5627284
1788749264.445351,39.868000,r2_2_L1_r18,-0.00013503478839993477,-0.0016786418855190277,-0.003616824746131897,-0.0009971037984864426,0.0,0.0,0.0,0.0,0.00398967344755547,0.0009971037984864426,1,380,1788749224.5773323
1788749264.490910,39.900000,r2_2_L1_r18,-0.0005246300133876503,-0.0018043420277535915,-0.003787994384765625,-0.0005937788490380012,0.0,0.0,0.0,0.0,0.004228449865267528,0.0005937788490380011,1,380,1788749224.5908902
1788749264.535736,39.932000,r2_2_L1_r18,-0.0008410994778387249,-0.0019270488992333412,-0.003909498453140259,-0.00044336640196659813,0.0,0.0,0.0,0.0,0.004439047639614052,0.00044336640196659813,1,380,1788749224.6037169
1788749264.580669,39.964000,r2_2_L1_r18,-0.0010638779494911432,-0.0020284922793507576,-0.003996491432189941,-8.809013197041117e-05,0.0,0.0,0.0,0.0,0.004606360926628169,8.809013197041118e-05,1,380,1788749224.6166472
1788749264.626320,40.000000,r2_2_L1_r18,-0.0014168971574690659,-0.0022015608847141266,-0.004136860370635986,0.00025098492372326855,0.0,0.0,0.0,0.0,0.004895720744699975,0.0002509849237232685,1,380,1788749224.6262968
1788749264.670613,40.032000,r2_2_L1_r18,-0.0017062013503164053,-0.002341644838452339,-0.004255622625350952,0.00038410234153773266,0.0,0.0,0.0,0.0,0.005148276170396353,0.00038410234153773266,1,380,1788749224.6385508
1788749264.714244,40.064000,r2_2_L1_r18,-0.001997571554966271,-0.002478999085724354,-0.004374310374259949,0.0012925556040195817,0.0,0.0,0.0,0.0,0.005410205156423438,0.0012925556040195817,1,380,1788749224.6502213
1788749264.767765,40.096000,r2_2_L1_r18,-0.002383996034041047,-0.002679217606782913,-0.004494026303291321,0.0022085536925785863,0.0,0.0,0.0,0.0,0.005749601420054547,0.0022085536925785863,1,380,1788749224.6717494
1788749264.860127,40.132000,r2_2_L1_r18,-0.002542833681218326,-0.0027756504714488983,-0.004536285996437073,0.0021809845109789926,0.0,0.0,0.0,0.0,0.005894754389409615,0.0021809845109789926,1,380,1788749224.7281075
1788749265.232388,40.328000,r2_2_L1_r18,-0.004235457628965378,-0.005806369706988335,-0.004363447427749634,0.0035512977685999854,0.0,0.0,0.0,0.0,0.008407895334489346,0.0035512977685999854,1,380,1788749224.9043736
1788749265.244884,40.360000,r2_2_L1_r18,-0.004235457628965378,-0.005806369706988335,-0.004363447427749634,0.0035512977685999854,0.0,0.0,0.0,0.0,0.008407895334489346,0.0035512977685999854,1,380,1788749224.8848715
1788749265.279361,40.396000,r2_2_L1_r18,-0.004235457628965378,-0.005806369706988335,-0.004363447427749634,0.0035512977685999854,0.0,0.0,0.0,0.0,0.008407895334489346,0.0035512977685999854,1,380,1788749224.883343
1788749265.324426,40.428000,r2_2_L1_r18,-0.004312622360885143,-0.006379015743732452,-0.004249557852745056,0.0033166357967257536,0.0,0.0,0.0,0.0,0.008794844821270027,0.0033166357967257536,1,380,1788749224.896412
1788749265.379052,40.460000,r2_2_L1_r18,-0.004413776798173785,-0.0069868071004748344,-0.0041159093379974365,0.003290267644901956,0.0,0.0,0.0,0.0,0.00923242160876318,0.0032902676449019556,1,380,1788749224.9190316
1788749265.424366,40.492000,r2_2_L1_r18,-0.004582652822136879,-0.007755429483950138,-0.003939986228942871,0.004343469817958589,0.0,0.0,0.0,0.0,0.009832135315028048,0.004343469817958588,1,380,1788749224.932342
1788749265.469812,40.528000,r2_2_L1_r18,-0.004720131168141961,-0.008211460895836353,-0.0038250982761383057,0.003507209887538178,0.0,0.0,0.0,0.0,0.01021465149236287,0.003507209887538178,1,380,1788749224.9417934
1788749265.515294,40.560000,r2_2_L1_r18,-0.004914589459076524,-0.008815649896860123,-0.0036694109439849854,0.0029030121473579665,0.0,0.0,0.0,0.0,0.010739341196326371,0.0029030121473579665,1,380,1788749224.9552734
1788749265.561795,40.592000,r2_2_L1_r18,-0.0050873104482889175,-0.009389173239469528,-0.003495126962661743,0.0028421993953782008,0.0,0.0,0.0,0.0,0.011236245556375377,0.0028421993953782008,1,380,1788749224.969769
1788749265.610593,40.624000,r2_2_L1_r18,-0.005247009685263038,-0.010066529735922813,-0.0032640397548675537,0.003278783477305443,0.0,0.0,0.0,0.0,0.011811862134431564,0.003278783477305443,1,380,1788749224.9865608
1788749265.656076,40.660000,r2_2_L1_r18,-0.005317677045240998,-0.01057960744947195,-0.00307580828666687,0.003258776504846196,0.0,0.0,0.0,0.0,0.01223382113481859,0.003258776504846196,1,380,1788749224.9960575
1788749265.702066,40.692000,r2_2_L1_r18,-0.005349716637283564,-0.0109547208994627,-0.0029387325048446655,0.0035257902469731663,0.0,0.0,0.0,0.0,0.012540395799949219,0.0035257902469731663,1,380,1788749225.0100489
1788749265.747102,40.724000,r2_2_L1_r18,-0.005376218818128109,-0.011593211442232132,-0.0027257949113845825,0.003485298709813422,0.0,0.0,0.0,0.0,0.01306660775502299,0.003485298709813422,1,380,1788749225.0230834
1788749265.794255,40.756000,r2_2_L1_r18,-0.0053617749363183975,-0.012095842510461807,-0.0025545358657836914,0.0034823109281297785,0.0,0.0,0.0,0.0,0.013475299254384015,0.0034823109281297785,1,380,1788749225.0382385
1788749265.842119,40.792000,r2_2_L1_r18,-0.005318343872204423,-0.012577863410115242,-0.002391517162322998,0.0032050405508862977,0.0,0.0,0.0,0.0,0.013863866121836852,0.0032050405508862977,1,380,1788749225.0501013
1788749265.888231,40.824000,r2_2_L1_r18,-0.005237530916929245,-0.01314997673034668,-0.002197057008743286,0.0027710738095043765,0.0,0.0,0.0,0.0,0.014324129209627957,0.0027710738095043765,1,380,1788749225.0642152
1788749265.933007,40.856000,r2_2_L1_r18,-0.005185754736885428,-0.013579282909631729,-0.0020471811294555664,0.0030612337470679925,0.0,0.0,0.0,0.0,0.014679234554558523,0.0030612337470679925,1,380,1788749225.0769863
1788749265.981968,40.888000,r2_2_L1_r18,-0.005165584152564406,-0.013887355104088783,-0.0019155889749526978,0.003440274452107894,0.0,0.0,0.0,0.0,0.014940260123078367,0.0034402744521078938,1,380,1788749225.0939484
1788749266.027446,40.924000,r2_2_L1_r18,-0.005162882385775447,-0.01441204734146595,-0.0016765594482421875,0.003030828646431238,0.0,0.0,0.0,0.0,0.015400432288916317,0.0030308286464312377,1,380,1788749225.1034272
1788749266.071893,40.956000,r2_2_L1_r18,-0.0052043425384908915,-0.014827243983745575,-0.0014946460723876953,0.002729752974084432,0.0,0.0,0.0,0.0,0.015785002765066884,0.002729752974084432,1,380,1788749225.115875
1788749266.116590,40.988000,r2_2_L1_r18,-0.00529916794039309,-0.015226783230900764,-0.001350700855255127,0.002182900230956896,0.0,0.0,0.0,0.0,0.016179014222804725,0.002182900230956896,1,380,1788749225.1285634
1788749266.161620,41.020000,r2_2_L1_r18,-0.00548962876200676,-0.01570655032992363,-0.0011985450983047485,0.0008576776591046332,0.0,0.0,0.0,0.0,0.016681374570572602,0.0008576776591046332,1,380,1788749225.1416001
1788749266.205950,41.056000,r2_2_L1_r18,-0.005676272325217724,-0.01607644185423851,-0.001089826226234436,0.001001235341800649,0.0,0.0,0.0,0.0,0.017083903869026328,0.001001235341800649,1,380,1788749225.1499314
1788749266.251187,41.088000,r2_2_L1_r18,-0.005810468923300505,-0.016335008665919304,-0.0010152757167816162,0.0007445756245505459,0.0,0.0,0.0,0.0,0.01736734988434868,0.0007445756245505459,1,380,1788749225.1631677
1788749266.299153,41.120000,r2_2_L1_r18,-0.005974064581096172,-0.016644734889268875,-0.0009201467037200928,0.0005354984776464995,0.0,0.0,0.0,0.0,0.01770828385557221,0.0005354984776464995,1,380,1788749225.1791368
1788749266.347591,41.152000,r2_2_L1_r18,-0.006179558113217354,-0.01693972758948803,-0.0007985681295394897,0.000963218215675416,0.0,0.0,0.0,0.0,0.01804934958213754,0.000963218215675416,1,380,1788749225.1955576
1788749266.393955,41.188000,r2_2_L1_r18,-0.006363739259541035,-0.017144225537776947,-0.0006925463676452637,0.0006929517335656607,0.0,0.0,0.0,0.0,0.018300307842354067,0.0006929517335656607,1,380,1788749225.2059348
1788749266.439470,41.220000,r2_2_L1_r18,-0.006573553662747145,-0.017354022711515427,-0.000577390193939209,0.0010139584935970835,0.0,0.0,0.0,0.0,0.018566289114006245,0.0010139584935970835,1,380,1788749225.2194517
1788749266.484636,41.252000,r2_2_L1_r18,-0.006745092570781708,-0.017515337094664574,-0.00048513710498809814,0.0010206837146132252,0.0,0.0,0.0,0.0,0.018775480428973944,0.0010206837146132252,1,380,1788749225.2326128
1788749266.529726,41.284000,r2_2_L1_r18,-0.0070334370248019695,-0.017792142927646637,-0.00029571354389190674,0.00044979048758523514,0.0,0.0,0.0,0.0,0.019134184927498285,0.00044979048758523514,1,380,1788749225.245707
1788749266.574827,41.320000,r2_2_L1_r18,-0.007244928274303675,-0.01800229214131832,-0.0001198500394821167,0.0005619495844891725,0.0,0.0,0.0,0.0,0.01940582057201241,0.0005619495844891725,1,380,1788749225.2548065
1788749266.618877,41.352000,r2_2_L1_r18,-0.007463319692760706,-0.018197637051343918,6.851553916931152e-05,-0.0002450801440393341,0.0,0.0,0.0,0.0,0.019668752615961755,0.0002450801440393342,1,380,1788749225.2668612
1788749266.663161,41.384000,r2_2_L1_r18,-0.00774044543504715,-0.018396908417344093,0.0003276914358139038,-0.0007405736778460217,0.0,0.0,0.0,0.0,0.019961666176103485,0.0007405736778460217,1,380,1788749225.279144
1788749266.707658,41.416000,r2_2_L1_r18,-0.007957244757562876,-0.018496708944439888,0.0005393326282501221,-7.114258970516879e-05,0.0,0.0,0.0,0.0,0.02014291105056515,7.114258970516877e-05,1,380,1788749225.2916396
1788749266.752056,41.452000,r2_2_L1_r18,-0.008108863141387701,-0.01854812167584896,0.0006799250841140747,-8.206498971599959e-05,0.0,0.0,0.0,0.0,0.020254598916489598,8.206498971599959e-05,1,380,1788749225.3000307
1788749266.797264,41.484000,r2_2_L1_r18,-0.008357896469533443,-0.01861284300684929,0.0008873939514160156,5.137680749926523e-05,0.0,0.0,0.0,0.0,0.02042253231648974,5.137680749926523e-05,1,380,1788749225.313245
1788749266.842964,41.516000,r2_2_L1_r18,-0.008557885885238647,-0.018623532727360725,0.001036137342453003,-8.335416663260592e-05,0.0,0.0,0.0,0.0,0.0205218654771994,8.335416663260592e-05,1,380,1788749225.326945
1788749266.887081,41.548000,r2_2_L1_r18,-0.008791177999228239,-0.01860019378364086,0.0011772513389587402,3.5881640012518125e-05,0.0,0.0,0.0,0.0,0.020606745015120338,3.588164001251812e-05,1,380,1788749225.3390617
1788749266.932395,41.584000,r2_2_L1_r18,-0.009138746652752161,-0.018557198345661163,0.0013022422790527344,-0.0004907132949505222,0.0,0.0,0.0,0.0,0.020726363303212425,0.0004907132949505223,1,380,1788749225.3483765
1788749266.980166,41.616000,r2_2_L1_r18,-0.00945754162967205,-0.018609004095196724,0.0013571232557296753,-0.00019716865099415556,0.0,0.0,0.0,0.0,0.020918458610119213,0.00019716865099415556,1,380,1788749225.3641415
1788749267.023818,41.648000,r2_2_L1_r18,-0.009705367498099804,-0.018598034977912903,0.0013909786939620972,-3.296664776145022e-05,0.0,0.0,0.0,0.0,0.02102417382538254,3.296664776145022e-05,1,380,1788749225.3757975
1788749267.068543,41.680000,r2_2_L1_r18,-0.010184147395193577,-0.01855650171637535,0.0014012455940246582,0.00011675614952420735,0.0,0.0,0.0,0.0,0.0212137715489642,0.00011675614952420735,1,380,1788749225.388522
1788749267.113493,41.716000,r2_2_L1_r18,-0.010621218010783195,-0.018505515530705452,0.0013699978590011597,-0.0005089303224723101,0.0,0.0,0.0,0.0,0.021380862265667253,0.00050893032247231,1,380,1788749225.397471
1788749267.158008,41.748000,r2_2_L1_r18,-0.011084457859396935,-0.018437065184116364,0.0013318508863449097,-0.0008370474651391204,0.0,0.0,0.0,0.0,0.021553756178994878,0.0008370474651391204,1,380,1788749225.4099817
1788749267.202530,41.780000,r2_2_L1_r18,-0.011649854481220245,-0.018309086561203003,0.0012586265802383423,-0.0013948339670775006,0.0,0.0,0.0,0.0,0.02173766089089887,0.0013948339670775004,1,380,1788749225.4225085
1788749267.249539,41.812000,r2_2_L1_r18,-0.012282082810997963,-0.018161701038479805,0.0011558979749679565,-0.001504447983579866,0.0,0.0,0.0,0.0,0.021955250918991226,0.001504447983579866,1,380,1788749225.437521
1788749267.295600,41.848000,r2_2_L1_r18,-0.012633497826755047,-0.018070802092552185,0.0010929703712463379,-0.0016005702518459802,0.0,0.0,0.0,0.0,0.02207608977693367,0.0016005702518459804,1,380,1788749225.4475682
1788749267.339991,41.880000,r2_2_L1_r18,-0.013099621050059795,-0.017966406419873238,0.0010095983743667603,-0.0018061667643066986,0.0,0.0,0.0,0.0,0.02225783278256794,0.0018061667643066986,1,380,1788749225.4599757
1788749267.383342,41.912000,r2_2_L1_r18,-0.013571403920650482,-0.01786687970161438,0.0009271204471588135,-0.002151591030800103,0.0,0.0,0.0,0.0,0.02245591118108876,0.002151591030800103,1,380,1788749225.471322
1788749267.429683,41.944000,r2_2_L1_r18,-0.01421405840665102,-0.017730098217725754,0.0008452236652374268,-0.0023637269417095073,0.0,0.0,0.0,0.0,0.02274005809671923,0.0023637269417095073,1,380,1788749225.4856615
1788749267.475789,41.980000,r2_2_L1_r18,-0.014771628193557262,-0.017612041905522346,0.0008065551519393921,-0.0033109049306480442,0.0,0.0,0.0,0.0,0.023000772830139665,0.0033109049306480442,1,380,1788749225.4957693
1788749267.519958,42.012000,r2_2_L1_r18,-0.015214018523693085,-0.017522059381008148,0.0007949322462081909,-0.003208965998666985,0.0,0.0,0.0,0.0,0.02321897590047661,0.003208965998666985,1,380,1788749225.5079365
1788749267.564529,42.044000,r2_2_L1_r18,-0.015994063578546047,-0.017369164153933525,0.0008027851581573486,-0.003510529128798149,0.0,0.0,0.0,0.0,0.023625037506235208,0.003510529128798149,1,380,1788749225.5205104
1788749267.609768,42.076000,r2_2_L1_r18,-0.016665984876453876,-0.017234912142157555,0.0008216053247451782,-0.00460470912786155,0.0,0.0,0.0,0.0,0.023989003392382288,0.00460470912786155,1,380,1788749225.533746
1788749267.654367,42.112000,r2_2_L1_r18,-0.01738483738154173,-0.017082590609788895,0.000861436128616333,-0.004468897487024501,0.0,0.0,0.0,0.0,0.02438830754537887,0.004468897487024501,1,380,1788749225.54235
1788749267.702574,42.144000,r2_2_L1_r18,-0.01833034586161375,-0.016892535611987114,0.0009523928165435791,-0.004824355547175961,0.0,0.0,0.0,0.0,0.024945267905669744,0.004824355547175961,1,380,1788749225.5585566
1788749267.747183,42.176000,r2_2_L1_r18,-0.01910079177469015,-0.01675102859735489,0.0010245591402053833,-0.005470461365881221,0.0,0.0,0.0,0.0,0.025426107191649505,0.005470461365881221,1,380,1788749225.5711572
1788749267.795578,42.208000,r2_2_L1_r18,-0.01966835092753172,-0.016648074612021446,0.001087874174118042,-0.005150083422005023,0.0,0.0,0.0,0.0,0.025791197853428288,0.005150083422005023,1,380,1788749225.5875556
1788749267.840746,42.244000,r2_2_L1_r18,-0.02054386492818594,-0.016462048515677452,0.0012148171663284302,-0.006756092980262968,0.0,0.0,0.0,0.0,0.026353846175988672,0.006756092980262968,1,380,1788749225.5967193
1788749267.884609,42.276000,r2_2_L1_r18,-0.02117301430553198,-0.016312627121806145,0.0013530999422073364,-0.007505003421524856,0.0,0.0,0.0,0.0,0.026762459114419,0.007505003421524856,1,380,1788749225.6085763
1788749267.929300,42.308000,r2_2_L1_r18,-0.02174664754420519,-0.016201887279748917,0.0015152990818023682,-0.008957051821933293,0.0,0.0,0.0,0.0,0.027160890304717304,0.008957051821933293,1,380,1788749225.6212783
1788749267.976307,42.340000,r2_2_L1_r18,-0.022424153052270412,-0.016117986291646957,0.0017181485891342163,-0.009835175964935754,0.0,0.0,0.0,0.0,0.027669191473256163,0.009835175964935754,1,380,1788749225.6362891
1788749268.018242,42.376000,r2_2_L1_r18,-0.022905281744897366,-0.016072016209363937,0.0019270777702331543,-0.010242336719062899,0.0,0.0,0.0,0.0,0.02804773191507136,0.010242336719062899,1,380,1788749225.642218
1788749268.065881,42.408000,r2_2_L1_r18,-0.023221478797495365,-0.016042768955230713,0.002084970474243164,-0.0097981983216136,0.0,0.0,0.0,0.0,0.02830114158778594,0.0097981983216136,1,380,1788749225.6578581
1788749268.111171,42.440000,r2_2_L1_r18,-0.023598563857376575,-0.016006015241146088,0.002283051609992981,-0.010567300273955204,0.0,0.0,0.0,0.0,0.028605892132292823,0.010567300273955204,1,380,1788749225.6711504
1788749268.157965,42.472000,r2_2_L1_r18,-0.02397210616618395,-0.015958623960614204,0.0025114864110946655,-0.009962596773730441,0.0,0.0,0.0,0.0,0.028907561584336328,0.009962596773730441,1,380,1788749225.6859286
1788749268.205269,42.508000,r2_2_L1_r18,-0.024232416413724422,-0.01593608967959881,0.002680465579032898,-0.009983486351839245,0.0,0.0,0.0,0.0,0.029126514642928644,0.009983486351839245,1,380,1788749225.6972532
1788749268.252630,42.540000,r2_2_L1_r18,-0.024467372335493565,-0.0159554872661829,0.002848520874977112,-0.01110378157109768,0.0,0.0,0.0,0.0,0.02934866187886904,0.01110378157109768,1,380,1788749225.7126117
1788749268.301814,42.572000,r2_2_L1_r18,-0.024617847986519337,-0.015991289168596268,0.002961680293083191,-0.010645906075894154,0.0,0.0,0.0,0.0,0.029504767732003515,0.010645906075894154,1,380,1788749225.7297952
1788749268.349801,42.604000,r2_2_L1_r18,-0.024784022010862827,-0.01608780026435852,0.0031228363513946533,-0.011205809438768111,0.0,0.0,0.0,0.0,0.029712239418435277,0.011205809438768111,1,380,1788749225.7457762
1788749268.394546,42.640000,r2_2_L1_r18,-0.0248203007504344,-0.01618901453912258,0.003226637840270996,-0.01169443820805523,0.0,0.0,0.0,0.0,0.029808433585852938,0.011694438208055232,1,380,1788749225.7545297
1788749268.443927,42.672000,r2_2_L1_r18,-0.024785147048532963,-0.016285883262753487,0.003308400511741638,-0.012015125271608933,0.0,0.0,0.0,0.0,0.029840895124166916,0.012015125271608933,1,379,1788749225.7719085
1788749268.491213,42.704000,r2_2_L1_r18,-0.024660843424499035,-0.016399605199694633,0.0033972859382629395,-0.012134657862691718,0.0,0.0,0.0,0.0,0.029810162711059254,0.012134657862691718,1,379,1788749225.7871916
1788749268.536372,42.736000,r2_2_L1_r18,-0.02448288071900606,-0.016510652378201485,0.0034592896699905396,-0.01198368578325708,0.0,0.0,0.0,0.0,0.02973179737714813,0.011983685783257078,1,379,1788749225.8003528
1788749268.585410,42.772000,r2_2_L1_r18,-0.02433949988335371,-0.016617313027381897,0.0035126209259033203,-0.012294263051258147,0.0,0.0,0.0,0.0,0.0296797043885357,0.012294263051258145,1,379,1788749225.8133917
1788749268.630865,42.804000,r2_2_L1_r18,-0.02410015556961298,-0.01680336892604828,0.003625825047492981,-0.01253623944687924,0.0,0.0,0.0,0.0,0.02960265719524955,0.01253623944687924,1,379,1788749225.8268392
1788749268.676623,42.836000,r2_2_L1_r18,-0.02387473825365305,-0.01695738546550274,0.0037438422441482544,-0.014217378013534253,0.0,0.0,0.0,0.0,0.029522405106209706,0.014217378013534253,1,379,1788749225.8406014
1788749268.723759,42.868000,r2_2_L1_r18,-0.02361545991152525,-0.01708032377064228,0.0038708001375198364,-0.014744061583536782,0.0,0.0,0.0,0.0,0.029400858842004045,0.014744061583536782,1,379,1788749225.8557405
1788749268.770745,42.904000,r2_2_L1_r18,-0.02330711204558611,-0.01716616004705429,0.004032030701637268,-0.016288272883836438,0.0,0.0,0.0,0.0,0.029225943855511898,0.016288272883836438,1,379,1788749225.866729
1788749268.815083,42.936000,r2_2_L1_r18,-0.02309114020317793,-0.017186777666211128,0.004158005118370056,-0.01571046541040072,0.0,0.0,0.0,0.0,0.029083931800824064,0.01571046541040072,1,379,1788749225.8790631
1788749268.863126,42.968000,r2_2_L1_r18,-0.02293697837740183,-0.017176544293761253,0.004255518317222595,-0.01616098649396153,0.0,0.0,0.0,0.0,0.028969778858478682,0.016160986493961534,1,379,1788749225.8951027
1788749268.906463,43.000000,r2_2_L1_r18,-0.022711249999701977,-0.017118506133556366,0.004430219531059265,-0.017241177983384117,0.0,0.0,0.0,0.0,0.028783171713467386,0.017241177983384117,1,379,1788749225.9064403
1788749268.953605,43.036000,r2_2_L1_r18,-0.022541447542607784,-0.017044391483068466,0.00455889105796814,-0.018245167102909802,0.0,0.0,0.0,0.0,0.028625366827739643,0.018245167102909802,1,379,1788749225.917572
1788749268.997180,43.068000,r2_2_L1_r18,-0.02234575431793928,-0.016953833401203156,0.0046757906675338745,-0.018420229486091632,0.0,0.0,0.0,0.0,0.028436389035882362,0.01842022948609163,1,379,1788749225.9291625
1788749269.041757,43.100000,r2_2_L1_r18,-0.022125878371298313,-0.016860945150256157,0.00478072464466095,-0.018970645129970425,0.0,0.0,0.0,0.0,0.028225897562159145,0.018970645129970425,1,379,1788749225.9417338
1788749269.091085,43.132000,r2_2_L1_r18,-0.021858609281480312,-0.01674683950841427,0.004930168390274048,-0.019370110578981217,0.0,0.0,0.0,0.0,0.027974309528520265,0.019370110578981217,1,379,1788749225.9590604
1788749269.134266,43.168000,r2_2_L1_r18,-0.02168018091470003,-0.016656488180160522,0.005029261112213135,-0.01956859336867946,0.0,0.0,0.0,0.0,0.027798602668565375,0.01956859336867946,1,379,1788749225.9662404
1788749269.177361,43.200000,r2_2_L1_r18,-0.021427574567496777,-0.016520360484719276,0.0051513612270355225,-0.019709029789330684,0.0,0.0,0.0,0.0,0.027542690225940417,0.019709029789330684,1,379,1788749225.9773374
1788749269.223032,43.232000,r2_2_L1_r18,-0.021169892512261868,-0.016367139294743538,0.005275115370750427,-0.019985329551246576,0.0,0.0,0.0,0.0,0.02727406166761721,0.019985329551246576,1,379,1788749225.9910102
1788749269.267763,43.264000,r2_2_L1_r18,-0.02086640428751707,-0.01615527831017971,0.005421772599220276,-0.021082716446517855,0.0,0.0,0.0,0.0,0.026940591368548865,0.021082716446517855,1,379,1788749226.003735
1788749269.312393,43.300000,r2_2_L1_r18,-0.0206772917881608,-0.015978366136550903,0.005537360906600952,-0.020840474354710526,0.0,0.0,0.0,0.0,0.026711812853050076,0.020840474354710526,1,379,1788749226.0123749
1788749269.357613,43.332000,r2_2_L1_r18,-0.020573166199028492,-0.015841415151953697,0.005628705024719238,-0.020570524105225443,0.0,0.0,0.0,0.0,0.026568551366694726,0.020570524105225443,1,379,1788749226.0255914
1788749269.400827,43.364000,r2_2_L1_r18,-0.02048496250063181,-0.015609987080097198,0.005784377455711365,-0.021267746846897962,0.0,0.0,0.0,0.0,0.02639629534315819,0.021267746846897962,1,379,1788749226.036805
1788749269.447786,43.396000,r2_2_L1_r18,-0.02049278002232313,-0.015415171161293983,0.005908221006393433,-0.02025685935913955,0.0,0.0,0.0,0.0,0.026315178328024005,0.02025685935913955,1,379,1788749226.0517695
1788749269.495999,43.432000,r2_2_L1_r18,-0.020525670610368252,-0.015231909230351448,0.0060096681118011475,-0.020376612236518578,0.0,0.0,0.0,0.0,0.026257005229481146,0.02037661223651858,1,379,1788749226.0639806
1788749269.540481,43.464000,r2_2_L1_r18,-0.020585459657013416,-0.015056386590003967,0.006105750799179077,-0.02063316871687421,0.0,0.0,0.0,0.0,0.026224723435335866,0.02063316871687421,1,379,1788749226.0764537
1788749269.585335,43.496000,r2_2_L1_r18,-0.02066051121801138,-0.014958025887608528,0.006181806325912476,-0.02056459457943857,0.0,0.0,0.0,0.0,0.026245266081619985,0.02056459457943857,1,379,1788749226.0893104
1788749269.629576,43.528000,r2_2_L1_r18,-0.02075448725372553,-0.014906896278262138,0.006240859627723694,-0.02023001485427506,0.0,0.0,0.0,0.0,0.026304232106428665,0.02023001485427506,1,379,1788749226.1015527
1788749269.673752,43.564000,r2_2_L1_r18,-0.020977881737053394,-0.01484309695661068,0.006360337138175964,-0.019943103207120495,0.0,0.0,0.0,0.0,0.02647343834767981,0.019943103207120498,1,379,1788749226.1097333
1788749269.717692,43.596000,r2_2_L1_r18,-0.021197556518018246,-0.014807581901550293,0.006484076380729675,-0.02044861130985207,0.0,0.0,0.0,0.0,0.026657909344448488,0.02044861130985207,1,379,1788749226.1216736
1788749269.762872,43.628000,r2_2_L1_r18,-0.021443639881908894,-0.014774225652217865,0.006619632244110107,-0.02018895490001075,0.0,0.0,0.0,0.0,0.02686869862972355,0.020188954900010745,1,379,1788749226.1348555
1788749269.814588,43.660000,r2_2_L1_r18,-0.021739291958510876,-0.014725476503372192,0.006808489561080933,-0.019881146954454004,0.0,0.0,0.0,0.0,0.02712548622996628,0.019881146954454004,1,379,1788749226.154564
1788749269.861854,43.696000,r2_2_L1_r18,-0.021965081803500652,-0.014673518016934395,0.006987482309341431,-0.01869921759053198,0.0,0.0,0.0,0.0,0.027324016151567713,0.01869921759053198,1,379,1788749226.165833
1788749269.906319,43.728000,r2_2_L1_r18,-0.022162222303450108,-0.01459924504160881,0.007127970457077026,-0.01850787390011848,0.0,0.0,0.0,0.0,0.027479265202138205,0.01850787390011848,1,379,1788749226.178304
1788749269.951530,43.760000,r2_2_L1_r18,-0.022438091225922108,-0.01448255404829979,0.007311984896659851,-0.017633370996330385,0.0,0.0,0.0,0.0,0.02768894062173035,0.017633370996330385,1,379,1788749226.1915116
1788749269.995695,43.792000,r2_2_L1_r18,-0.02280066441744566,-0.01431947760283947,0.00757405161857605,-0.017014954033579617,0.0,0.0,0.0,0.0,0.02796934026065056,0.017014954033579617,1,379,1788749226.2036762
1788749270.039799,43.828000,r2_2_L1_r18,-0.02310484927147627,-0.01421673409640789,0.007802590727806091,-0.016482469413933422,0.0,0.0,0.0,0.0,0.02822817759422754,0.016482469413933425,1,379,1788749226.2117772
1788749270.084614,43.860000,r2_2_L1_r18,-0.02342193480581045,-0.014144659042358398,0.008041471242904663,-0.016024837241547536,0.0,0.0,0.0,0.0,0.028518830081591163,0.016024837241547536,1,379,1788749226.224595
1788749270.129302,43.892000,r2_2_L1_r18,-0.023668776266276836,-0.014122186228632927,0.008207350969314575,-0.015597998238702258,0.0,0.0,0.0,0.0,0.028757741979383012,0.015597998238702258,1,379,1788749226.2372828
1788749270.176854,43.924000,r2_2_L1_r18,-0.024091246537864208,-0.014129707589745522,0.008467435836791992,-0.015919862516925676,0.0,0.0,0.0,0.0,0.02918448673473727,0.015919862516925676,1,379,1788749226.2528346
1788749270.220920,43.960000,r2_2_L1_r18,-0.024441483430564404,-0.014173105359077454,0.008655622601509094,-0.015171863359344409,0.0,0.0,0.0,0.0,0.029549667179611674,0.015171863359344409,1,379,1788749226.2609038
1788749270.267558,43.992000,r2_2_L1_r18,-0.024813991971313953,-0.014259552583098412,0.008841142058372498,-0.01472092560552073,0.0,0.0,0.0,0.0,0.02995387838525931,0.01472092560552073,1,379,1788749226.2755408
1788749270.314018,44.024000,r2_2_L1_r18,-0.025297868065536022,-0.014416564255952835,0.009027242660522461,-0.014451063641566366,0.0,0.0,0.0,0.0,0.030484595514115663,0.014451063641566366,1,379,1788749226.289997
1788749270.358886,44.056000,r2_2_L1_r18,-0.025736561976373196,-0.01458788849413395,0.009144142270088196,-0.01513128463535827,0.0,0.0,0.0,0.0,0.030964373898669385,0.015131284635358266,1,379,1788749226.3028607
1788749270.404268,44.092000,r2_2_L1_r18,-0.026098028756678104,-0.014741949737071991,0.009214013814926147,-0.014423825863966882,0.0,0.0,0.0,0.0,0.031358096843022924,0.014423825863966882,1,379,1788749226.312241
1788749270.451176,44.124000,r2_2_L1_r18,-0.026721823029220104,-0.015037916600704193,0.00932060182094574,-0.01372297548978581,0.0,0.0,0.0,0.0,0.032047907575991755,0.01372297548978581,1,379,1788749226.327156
1788749270.495129,44.156000,r2_2_L1_r18,-0.027252173982560635,-0.015308808535337448,0.009399190545082092,-0.01305945515914166,0.0,0.0,0.0,0.0,0.03264024185648961,0.01305945515914166,1,379,1788749226.3391073
1788749270.540924,44.188000,r2_2_L1_r18,-0.02783291880041361,-0.015598582103848457,0.009484544396400452,-0.012827520698065953,0.0,0.0,0.0,0.0,0.033285788484099486,0.012827520698065953,1,379,1788749226.3529062
1788749270.585679,44.224000,r2_2_L1_r18,-0.028626530431210995,-0.015982622280716896,0.009570404887199402,-0.0118952026579475,0.0,0.0,0.0,0.0,0.03415428390703057,0.0118952026579475,1,379,1788749226.3616633
1788749270.629662,44.256000,r2_2_L1_r18,-0.029292953200638294,-0.016314923763275146,0.009624436497688293,-0.009886463193782207,0.0,0.0,0.0,0.0,0.034883859054214456,0.009886463193782207,1,379,1788749226.3736434
1788749270.675413,44.288000,r2_2_L1_r18,-0.02980708982795477,-0.016572142019867897,0.009658411145210266,-0.008854406999321588,0.0,0.0,0.0,0.0,0.035445499022983974,0.00885440699932159,1,379,1788749226.3873901
1788749270.719291,44.320000,r2_2_L1_r18,-0.03068543877452612,-0.017068129032850266,0.009726464748382568,-0.007870436937045396,0.0,0.0,0.0,0.0,0.03643516567780015,0.007870436937045396,1,379,1788749226.3992705
1788749270.764327,44.356000,r2_2_L1_r18,-0.03139855805784464,-0.017543405294418335,0.009795591235160828,-0.0064625472680298465,0.0,0.0,0.0,0.0,0.037277260160618365,0.0064625472680298465,1,379,1788749226.4083097
1788749270.808729,44.388000,r2_2_L1_r18,-0.03208357561379671,-0.01805899105966091,0.009865939617156982,-0.005482249954028027,0.0,0.0,0.0,0.0,0.03811587263579979,0.005482249954028027,1,379,1788749226.4207065
1788749270.854061,44.420000,r2_2_L1_r18,-0.03274256084114313,-0.018600231036543846,0.009926527738571167,-0.004419359085968481,0.0,0.0,0.0,0.0,0.03894329002528409,0.004419359085968481,1,379,1788749226.4340408
1788749270.898950,44.452000,r2_2_L1_r18,-0.03349763620644808,-0.019280314445495605,0.009998932480812073,-0.0019929384855595315,0.0,0.0,0.0,0.0,0.0399224348868223,0.0019929384855595315,1,379,1788749226.4469297
1788749270.947712,44.488000,r2_2_L1_r18,-0.03387822676450014,-0.019677411764860153,0.010058045387268066,-0.0015416670882181364,0.0,0.0,0.0,0.0,0.04044872135782657,0.0015416670882181364,1,379,1788749226.459692
1788749270.991954,44.520000,r2_2_L1_r18,-0.03429123479872942,-0.020137596875429153,0.010153800249099731,-0.0008989941868186886,0.0,0.0,0.0,0.0,0.04104279780226371,0.0008989941868186886,1,379,1788749226.4719326
1788749271.037989,44.552000,r2_2_L1_r18,-0.03462167922407389,-0.020543288439512253,0.010268673300743103,-0.0009364587697611591,0.0,0.0,0.0,0.0,0.04154675707634786,0.0009364587697611594,1,379,1788749226.4859676
1788749271.081830,44.584000,r2_2_L1_r18,-0.03489099536091089,-0.020970601588487625,0.010448843240737915,6.904067713089727e-05,0.0,0.0,0.0,0.0,0.04202768151263759,6.904067713089727e-05,1,379,1788749226.4978104
1788749271.126664,44.620000,r2_2_L1_r18,-0.03499323967844248,-0.02123030461370945,0.010614097118377686,0.0002774773313900008,0.0,0.0,0.0,0.0,0.04228370507443934,0.0002774773313900008,1,379,1788749226.5066452
1788749271.172979,44.652000,r2_2_L1_r18,-0.03496814239770174,-0.02138487622141838,0.0107421875,-0.0005380678500393646,0.0,0.0,0.0,0.0,0.042373087048697404,0.0005380678500393646,1,379,1788749226.5209618
1788749271.215642,44.684000,r2_2_L1_r18,-0.03472038824111223,-0.02158510871231556,0.010971054434776306,-0.0011948305236034239,0.0,0.0,0.0,0.0,0.04232949696307376,0.0011948305236034239,1,379,1788749226.5316234
1788749271.261430,44.716000,r2_2_L1_r18,-0.03433210123330355,-0.021682679653167725,0.011170253157615662,-0.0018081267831639102,0.0007978230714797974,-0.0004138834774494171,0.0010707974433898926,-0.00011764105118828459,0.042290333152479,0.001690485731975626,1,373,1788749226.5454087
1788749271.308874,44.752000,r2_2_L1_r18,-0.03376163262873888,-0.02171768620610237,0.011365190148353577,-0.0030639892532702386,-0.0006834864616394043,-0.0009562034974806011,0.0004312396631576121,0.011570334103327666,0.040555569177674174,0.014634323356597903,1,369,1788749226.5568504
1788749271.352209,44.784000,r2_2_L1_r18,-0.03282054606825113,-0.02168223261833191,0.011590436100959778,0.00374036606730948,-0.0006580798653885722,-0.0008209754014387727,0.0008989125490188599,0.009297162819812363,0.03979855475744515,0.005556796752502884,1,346,1788749226.5681853
1788749271.396866,44.816000,r2_2_L1_r18,-0.0318990359082818,-0.02159947156906128,0.011771395802497864,0.0035582023200552457,-0.0012252181768417358,-0.0010707840556278825,0.001213923329487443,0.0199569196890282,0.038389716465014115,0.016398717368972953,1,341,1788749226.5808372
1788749271.440315,44.848000,r2_2_L1_r18,-0.031089098192751408,-0.021496474742889404,0.01190890371799469,0.0022344460063165547,-0.0017860605148598552,-0.0008997240802273154,0.0015394240617752075,0.020752437837817918,0.0372883395091891,0.018517991831501362,1,338,1788749226.5922923
1788749271.483689,44.884000,r2_2_L1_r18,-0.02955875638872385,-0.02124219387769699,0.012164369225502014,0.0007721949967748148,-0.002496786182746291,-0.0007871250854805112,0.0016408562660217285,0.020303129181176723,0.03551766315133746,0.019530934184401907,1,329,1788749226.599664
1788749271.527892,44.916000,r2_2_L1_r18,-0.028172125108540058,-0.02096872217953205,0.012380257248878479,0.0001448670964626925,-0.0034281315747648478,-0.0012118995655328035,0.00202672160230577,0.025208405737594215,0.033313555141794654,0.02506353864113152,1,320,1788749226.6118717
1788749271.572773,44.948000,r2_2_L1_r18,-0.026619155891239643,-0.02062865160405636,0.012590572237968445,0.01754918411461778,-0.004170157015323639,-0.0014320918126031756,0.0026922074612230062,0.02999138209125942,0.03115193547135121,0.012442197976641641,1,311,1788749226.6247518
1788749271.619028,44.980000,r2_2_L1_r18,-0.024434386752545834,-0.02015458419919014,0.012846991419792175,0.14474834370564138,-0.005816467106342316,-0.0020655691623687744,0.004217655397951603,0.06873028346289872,0.02735516106939741,0.07601806024274266,1,302,1788749226.639009
1788749271.667344,45.016000,r2_2_L1_r18,-0.02245746087282896,-0.019741376861929893,0.013050302863121033,0.3865765003735103,-0.006729594897478819,-0.002124861814081669,0.006650283932685852,0.20886962227766065,0.024467685073982136,0.17770687809584967,1,287,1788749226.6513104
1788749271.710716,45.048000,r2_2_L1_r18,-0.02082201186567545,-0.019422536715865135,0.013192519545555115,0.6745630669537577,-0.007441915571689606,-0.003114106832072139,0.007350788451731205,0.48274101399640773,0.021888757029202805,0.19182205295734997,1,269,1788749226.6626976
1788749271.754758,45.080000,r2_2_L1_r18,-0.01843550894409418,-0.01899717189371586,0.013377979397773743,1.2274895827248713,-0.008132986724376678,-0.004974900744855404,0.0061559840105473995,0.9360279534750253,0.018839407358859667,0.2914616292498461,1,257,1788749226.674739
1788749271.802173,45.112000,r2_2_L1_r18,-0.01497366651892662,-0.018417339771986008,0.013592526316642761,2.209439493631794,-0.008431756868958473,-0.006582124624401331,0.006710992660373449,1.5831803830791684,0.0151731474955044,0.6262591105526255,1,232,1788749226.6901553
1788749271.847922,45.148000,r2_2_L1_r18,-0.011691009625792503,-0.01788422465324402,0.013759121298789978,3.222039718367421,-0.00834385585039854,-0.00905300211161375,0.006232828833162785,2.551091487463354,0.012076382250247352,0.670948230904067,1,212,1788749226.6999044
1788749271.892247,45.180000,r2_2_L1_r18,-0.007951411418616772,-0.017237063497304916,0.013928160071372986,4.420709951866877,-0.008783088997006416,-0.011857649311423302,0.00697197113186121,3.626869487466956,0.008832799620723114,0.7938404643999218,1,195,1788749226.7122247
1788749271.935952,45.212000,r2_2_L1_r18,-0.004795921267941594,-0.016650868579745293,0.014043405652046204,5.452098501832147,-0.010945850983262062,-0.014850534498691559,0.009478569962084293,4.896494721972746,0.007867691096067213,0.5556037798594002,1,180,1788749226.7239275
1788749271.977276,45.244000,r2_2_L1_r18,0.0010589035227894783,-0.015550751239061356,0.014205917716026306,7.33415559060191,-0.009470077231526375,-0.018476881086826324,0.01059186365455389,6.328674352365113,0.011510128512313837,1.0054812382367961,1,417,1788749226.7332518
1788749272.023935,45.280000,r2_2_L1_r18,0.005829096771776676,-0.014719150960445404,0.014249637722969055,8.983682483837498,-0.012643004767596722,-0.022938989102840424,0.015108867548406124,8.099184014547289,0.020236663516029853,0.8844984692902091,1,287,1788749226.7439086
1788749272.073192,45.312000,r2_2_L1_r18,0.010588511824607849,-0.013888761401176453,0.014218524098396301,10.782603895048348,-0.016432438045740128,-0.02645670436322689,0.016011565923690796,9.797504271008123,0.029854646559295706,0.985099624040225,1,215,1788749226.7611754
1788749272.115912,45.344000,r2_2_L1_r18,0.016445009969174862,-0.012999720871448517,0.014048680663108826,13.197913124375264,-0.020010028034448624,-0.03231408819556236,0.01814386248588562,11.634319827925093,0.0414582331405721,1.5635932964501709,1,381,1788749226.7718906
1788749272.162472,45.376000,r2_2_L1_r18,0.021012340672314167,-0.012435819953680038,0.01387806236743927,15.204372295539498,-0.023616919293999672,-0.0347818061709404,0.01766503043472767,13.527737471291601,0.05005452099766289,1.676634824247896,1,198,1788749226.7864578
1788749272.215976,45.412000,r2_2_L1_r18,0.024348727427423,-0.012121075764298439,0.01371358335018158,16.758275056498864,-0.026124481111764908,-0.04085247963666916,0.01990225724875927,15.772247958719566,0.05840666086449873,0.986027097779298,1,352,1788749226.8039532
1788749272.261568,45.444000,r2_2_L1_r18,0.02960172016173601,-0.011740189045667648,0.013889893889427185,18.916687706501705,-0.029898911714553833,-0.048875413835048676,0.027945812791585922,17.59611573547739,0.07153264268863328,1.3205719710243145,1,189,1788749226.8175497
1788749272.307918,45.476000,r2_2_L1_r18,0.03377180080860853,-0.011283427476882935,0.01400776207447052,20.632472390284704,-0.021966401487588882,-0.05853792279958725,0.03286386653780937,18.931275936221766,0.07546712661117858,1.7011964540629378,1,353,1788749226.831901
1788749272.355207,45.508000,r2_2_L1_r18,0.03844491299241781,-0.010490872897207737,0.013909146189689636,22.31786336021149,-0.021826449781656265,-0.057873379439115524,0.030473360791802406,20.64651721433368,0.07843540209766775,1.6713461458778092,1,240,1788749226.8471882
1788749272.401048,45.544000,r2_2_L1_r18,0.04434373136609793,-0.009219501167535782,0.013625368475914001,24.325262041716357,-0.0036441944539546967,-0.06280682981014252,0.014410808682441711,22.45925459335916,0.07193788801375561,1.8660074483571998,1,383,1788749226.857032
1788749272.448849,45.576000,r2_2_L1_r18,0.04865333344787359,-0.008369031362235546,0.014051899313926697,25.854459063811895,-0.001937434310093522,-0.07272864878177643,0.024754609912633896,23.975441875850887,0.08255988221218533,1.8790171879610085,1,261,1788749226.872825
1788749272.496532,45.608000,r2_2_L1_r18,0.05234010051935911,-0.007597849704325199,0.014254376292228699,27.02169726828406,0.005871135741472244,-0.073237344622612,0.024326356127858162,25.240533637580935,0.08105154383764454,1.7811636307031251,1,191,1788749226.8885138
1788749272.543213,45.640000,r2_2_L1_r18,0.05821584444493055,-0.0062818750739097595,0.014655813574790955,29.031191594614484,0.016690436750650406,-0.07463441789150238,0.023870576173067093,26.66278737251887,0.0805067788670594,2.368404222095613,1,379,1788749226.9031873
1788749272.588128,45.676000,r2_2_L1_r18,0.0626020384952426,-0.005301919765770435,0.015024527907371521,30.51954241991043,0.023714249953627586,-0.08152595907449722,0.02389829233288765,28.387523154767003,0.08602969232349518,2.132019265143424,1,250,1788749226.912111
1788749272.634008,45.708000,r2_2_L1_r18,0.06678207498043776,-0.004410469904541969,0.01546575129032135,32.00893479318549,0.03141240030527115,-0.08309941738843918,0.022018974646925926,29.72023704179569,0.08652114816108374,2.2886977513897953,1,183,1788749226.9259903
1788749272.677871,45.740000,r2_2_L1_r18,0.07078517507761717,-0.0036834310740232468,0.015840545296669006,33.45384953805561,0.04006195813417435,-0.08577165007591248,0.016845516860485077,31.100045780500505,0.08765501540756272,2.353803757555105,1,373,1788749226.937854
1788749272.725444,45.772000,r2_2_L1_r18,0.07534396182745695,-0.0030218753963708878,0.016393885016441345,35.20964269048024,0.050496116280555725,-0.0891653299331665,0.01626848801970482,32.48345181351594,0.08965559610120509,2.7261908769642926,1,208,1788749226.9534254
1788749272.770985,45.808000,r2_2_L1_r18,0.07776893209666014,-0.0027359751984477043,0.016729846596717834,36.252860962976385,0.058637868613004684,-0.09241151064634323,0.015256823971867561,33.99937176555249,0.0917053381408942,2.2534891974238973,1,363,1788749226.96297
1788749272.818337,45.840000,r2_2_L1_r18,0.08065339457243681,-0.0025068814866244793,0.01721249520778656,37.55425591105124,0.06449509412050247,-0.09430263936519623,0.013320719823241234,35.31208629326093,0.09328825088745153,2.2421696177903074,1,231,1788749226.9783125
1788749272.866663,45.872000,r2_2_L1_r18,0.0830289451405406,-0.0025336872786283493,0.01765488088130951,38.661266019951725,0.07063223421573639,-0.0943240076303482,0.013525689020752907,36.4821603607045,0.09271564904289784,2.179105659247228,1,180,1788749226.994644
1788749272.912040,45.904000,r2_2_L1_r18,0.08493909519165754,-0.002772251609712839,0.01821361482143402,39.824414158579415,0.07520658522844315,-0.09638246893882751,0.01017756387591362,37.49119490302805,0.09445725304807011,2.3332192555513673,1,345,1788749227.0080225
1788749272.959418,45.940000,r2_2_L1_r18,0.08554514776915312,-0.003134538419544697,0.01862780749797821,40.54991430802459,0.0817430317401886,-0.09671767801046371,0.008932891301810741,38.424909680504356,0.09416077475276982,2.125004627520231,1,205,1788749227.0194004
1788749273.004608,45.972000,r2_2_L1_r18,0.08550466876477003,-0.0035165520384907722,0.018919244408607483,40.98895176586516,0.0825716108083725,-0.09859088063240051,0.008277403190732002,39.08992635605522,0.09571300627952703,1.8990254098099375,1,308,1788749227.03259
1788749273.052795,46.004000,r2_2_L1_r18,0.08463914971798658,-0.004488041624426842,0.019357755780220032,41.46911332716353,0.08653535693883896,-0.09859737008810043,0.010017083957791328,39.6026928548326,0.09459074719972525,1.8664204723309283,1,177,1788749227.0487773
1788749273.099227,46.036000,r2_2_L1_r18,0.08350500743836164,-0.005531172268092632,0.019703879952430725,41.58371170697803,0.08571530878543854,-0.09941980242729187,0.011009289883077145,39.880408547916815,0.09431625629598477,1.7033031590612093,1,292,1788749227.06321
1788749273.147251,46.072000,r2_2_L1_r18,0.08219008427113295,-0.006808804348111153,0.02006642520427704,41.58313228301264,0.08815936744213104,-0.0986575037240982,0.00865999050438404,39.92086477321355,0.09274655072399689,1.6622675097990869,1,192,1788749227.0752332
1788749273.195334,46.104000,r2_2_L1_r18,0.0802840692922473,-0.008681596256792545,0.02052558958530426,41.57779450766742,0.08672832697629929,-0.09937229752540588,0.009478375315666199,39.96668712262362,0.09158805979389795,1.6111073850437978,1,297,1788749227.091317
1788749273.242187,46.136000,r2_2_L1_r18,0.078564184717834,-0.010404416359961033,0.020914867520332336,41.57241135305022,0.08507470041513443,-0.1006651297211647,0.012802924029529095,40.0127111490732,0.09085805863167093,1.5597002039770265,1,265,1788749227.1061716
1788749273.290334,46.168000,r2_2_L1_r18,0.07717768382281065,-0.011811453849077225,0.02121780812740326,41.5686390247025,0.08655203133821487,-0.09959603101015091,0.009877770207822323,39.99279647078852,0.08900902672597649,1.5758425539139786,1,238,1788749227.1223161
1788749273.336867,46.204000,r2_2_L1_r18,0.07466280739754438,-0.014353910461068153,0.021751001477241516,41.56025752319929,0.08839843422174454,-0.09856601059436798,0.005197420250624418,39.97504472566713,0.08691585761264059,1.585212797532154,1,204,1788749227.1328492
1788749273.383960,46.236000,r2_2_L1_r18,0.07245564740151167,-0.016577336937189102,0.02219812572002411,41.55346722571305,0.09089198708534241,-0.0979006439447403,0.0016469850670546293,39.97385301599625,0.08588206020887106,1.579614209716804,1,187,1788749227.147945
1788749273.431975,46.268000,r2_2_L1_r18,0.07004836481064558,-0.0189448744058609,0.02267463505268097,41.54516131134364,0.09172306954860687,-0.09686440974473953,0.00010513374581933022,39.97246749861343,0.08396802487938482,1.5726938127302075,1,183,1788749227.1639588
1788749273.481452,46.300000,r2_2_L1_r18,0.06679137330502272,-0.022101670503616333,0.023303434252738953,41.53211900123657,0.09320669621229172,-0.09605062007904053,-0.0006089156959205866,39.98431363548201,0.08208542445325527,1.5478053657545676,1,182,1788749227.1814353
1788749273.528211,46.336000,r2_2_L1_r18,0.06397350411862135,-0.02477945014834404,0.023820504546165466,41.54013712581585,0.09549222141504288,-0.09443043917417526,-0.005041142925620079,39.984963364181034,0.08171710045684336,1.5551737616348176,1,172,1788749227.1921897
1788749273.576164,46.368000,r2_2_L1_r18,0.06171011459082365,-0.02686377987265587,0.02419157326221466,41.58328671282109,0.09963785111904144,-0.09326006472110748,-0.0036654332652688026,40.03684410522425,0.08138177100864104,1.5464426075968452,1,170,1788749227.2081468
1788749273.620994,46.400000,r2_2_L1_r18,0.058546929620206356,-0.029748475179076195,0.024662211537361145,41.769235485998564,0.10152603685855865,-0.09204716980457306,-0.006416899152100086,40.1404747137268,0.0818183483840543,1.6287607722717625,1,309,1788749227.220979
1788749273.672540,46.432000,r2_2_L1_r18,0.054567950777709484,-0.033394740894436836,0.025312259793281555,42.36305152947325,0.10410996526479721,-0.09111850708723068,-0.007790350820869207,40.43568535086416,0.08295919004179843,1.9273661786090912,1,209,1788749227.2405245
1788749273.720122,46.468000,r2_2_L1_r18,0.05198760610073805,-0.03575826250016689,0.026318863034248352,43.0815910352588,0.11220179498195648,-0.08891557902097702,-0.010801270604133606,41.10547946087621,0.08848363217933573,1.9761115743825992,1,176,1788749227.2521029
1788749273.767603,46.500000,r2_2_L1_r18,0.05006496887654066,-0.03746192716062069,0.02910880744457245,43.96198502038926,0.1305694729089737,-0.07957795262336731,-0.014782032929360867,41.91029521496065,0.10090163843574018,2.0516898054286097,1,168,1788749227.2675688
1788749273.816970,46.532000,r2_2_L1_r18,0.04886049311608076,-0.038372332230210304,0.03276266157627106,44.733832174640696,0.14807216823101044,-0.07353868335485458,-0.017530100420117378,42.88987874390153,0.11665757857832254,1.8439534307391692,1,297,1788749227.2849538
1788749273.866828,46.564000,r2_2_L1_r18,0.046843728981912136,-0.0394377987831831,0.04189901053905487,46.234045288233595,0.16403749585151672,-0.06545993685722351,-0.018742501735687256,43.98241884957643,0.1344950693296946,2.2516264386571634,1,213,1788749227.3028028
1788749273.913201,46.600000,r2_2_L1_r18,0.044737218879163265,-0.0400583203881979,0.05188529193401337,47.623300764711786,0.18458114564418793,-0.058609794825315475,-0.014727281406521797,45.488382287185395,0.15600549985145004,2.1349184775263876,1,178,1788749227.3131769
1788749273.961924,46.632000,r2_2_L1_r18,0.04174249526113272,-0.040704505518078804,0.06413577497005463,49.17352308754874,0.19928014278411865,-0.05399591475725174,-0.008598119020462036,47.00225947536563,0.17402583509830788,2.171263612183107,1,321,1788749227.329909
1788749274.009729,46.664000,r2_2_L1_r18,0.036286099813878536,-0.041835686191916466,0.08245573937892914,51.32723078284295,0.21088549494743347,-0.052402328699827194,-8.65831971168518e-05,48.7207371738983,0.19341622923410864,2.606493608944652,1,188,1788749227.3457026
1788749274.055083,46.696000,r2_2_L1_r18,0.030243462882936,-0.0431614276021719,0.09956716001033783,53.21141238976532,0.21232087910175323,-0.04014889523386955,0.006868808064609766,50.44147173734523,0.2043385555925375,2.769940652420093,1,312,1788749227.3590567
1788749274.101166,46.732000,r2_2_L1_r18,0.02457780670374632,-0.04450695775449276,0.11388121545314789,54.71535207715253,0.2154836803674698,-0.03119143471121788,0.008398866280913353,52.62323774747833,0.21851517507971555,2.0921143296742035,1,340,1788749227.3691516
1788749274.152491,46.764000,r2_2_L1_r18,0.013149659149348736,-0.04752500541508198,0.1404644399881363,57.38790547900374,0.21339309215545654,-0.036572180688381195,0.02011314034461975,54.769917786716704,0.23388422810751675,2.6179876922870324,1,182,1788749227.3884704
1788749274.196956,46.796000,r2_2_L1_r18,0.0021443767473101616,-0.05076193995773792,0.16428928077220917,59.67953531545853,0.20738182961940765,-0.04396156594157219,0.03504663333296776,57.049049725169816,0.24263618663606268,2.6304855902887154,1,380,1788749227.4009392
1788749274.243844,46.828000,r2_2_L1_r18,-0.01040061004459858,-0.05477931909263134,0.19039146602153778,62.109002522671645,0.19241325557231903,-0.03938959538936615,0.06305168569087982,59.28458903787555,0.23997026344278613,2.824413484796095,1,201,1788749227.4158244
1788749274.290406,46.864000,r2_2_L1_r18,-0.02804251667112112,-0.06093072332441807,0.22667105495929718,65.30423517566038,0.1759282946586609,-0.044784702360630035,0.08474931120872498,62.034249627996516,0.24901117889905203,3.2699855476638624,1,382,1788749227.4263895
1788749274.338147,46.896000,r2_2_L1_r18,-0.043645345605909824,-0.06680155731737614,0.2594427913427353,67.94908113764187,0.1639656275510788,-0.05448703467845917,0.11060120165348053,64.64296638512985,0.2557494525199237,3.3061147525120123,1,208,1788749227.4421284
1788749274.382359,46.928000,r2_2_L1_r18,-0.05601158086210489,-0.07177855260670185,0.2866635173559189,69.9602256885219,0.14544834196567535,-0.059904616326093674,0.13207605481147766,67.22929997837151,0.2542132460051996,2.7309257101503834,1,370,1788749227.454342
1788749274.428036,46.960000,r2_2_L1_r18,-0.07767197955399752,-0.08131089247763157,0.3381250947713852,73.33402671000367,0.12586039304733276,-0.05670512467622757,0.14433997869491577,69.80088858420349,0.2821055506695926,3.5331381258001744,1,202,1788749227.4680076
1788749274.478052,46.996000,r2_2_L1_r18,-0.09579368401318789,-0.09015672095119953,0.38546375930309296,76.02622582184398,0.1051287055015564,-0.06324402987957001,0.16670885682106018,72.74610398669071,0.29824118915561487,3.2801218351532744,1,398,1788749227.482028
1788749274.525697,47.028000,r2_2_L1_r18,-0.11420717556029558,-0.10001310892403126,0.43778233230113983,78.690562368804,0.08024106919765472,-0.07447666674852371,0.21161000430583954,75.29097346742329,0.29935956927956137,3.3995889013807017,1,218,1788749227.497667
1788749274.570503,47.060000,r2_2_L1_r18,-0.13262586761265993,-0.11079933680593967,0.49438928067684174,81.30063809115184,0.05711362510919571,-0.08490051329135895,0.2516985833644867,77.77090972489225,0.3091449477506363,3.5297283662596013,1,413,1788749227.5104837
1788749274.618274,47.092000,r2_2_L1_r18,-0.15520349610596895,-0.12536204047501087,0.5700996965169907,84.44012413168677,0.030200425535440445,-0.10257915407419205,0.32115212082862854,80.14774647551144,0.3112371595967925,4.292377656175324,1,225,1788749227.526253
1788749274.661809,47.128000,r2_2_L1_r18,-0.1683717416599393,-0.13462032563984394,0.6177886575460434,86.23961989206819,0.0074378568679094315,-0.12047062814235687,0.39304089546203613,82.73665240338582,0.2856935166145064,3.5029674886823674,1,378,1788749227.533794
1788749274.708761,47.160000,r2_2_L1_r18,-0.1852821158245206,-0.1473888624459505,0.6833389848470688,88.51537326810772,-0.015808191150426865,-0.138515442609787,0.4653528034687042,84.86204507459873,0.2762573510260867,3.653328193508998,1,228,1788749227.5487187
1788749274.754210,47.192000,r2_2_L1_r18,-0.2013016538694501,-0.16052517481148243,0.7507274001836777,90.63394915133705,-0.03559322655200958,-0.15739473700523376,0.5347972512245178,86.85507577859971,0.27220380554724655,3.7788733727373485,1,405,1788749227.5621905
1788749274.801439,47.224000,r2_2_L1_r18,-0.22025800216943026,-0.17629949934780598,0.8372497409582138,92.4263952783989,-0.05841585248708725,-0.17138373851776123,0.5980654954910278,88.63550908749214,0.2888358519956399,3.7908861909067624,1,262,1788749227.5774071
1788749274.846008,47.260000,r2_2_L1_r18,-0.23427601624280214,-0.1890216488391161,0.9080457538366318,93.54273013815936,-0.08277515321969986,-0.18923771381378174,0.667163074016571,90.41895414903689,0.2845646211638263,3.123775989122456,1,399,1788749227.5859911
1788749274.893450,47.292000,r2_2_L1_r18,-0.2442044960334897,-0.19822617061436176,0.9619331210851669,94.09017856071496,-0.09754887223243713,-0.2096860557794571,0.7414138317108154,91.90587126193337,0.26508104033793517,2.1843072987815986,1,243,1788749227.601432
1788749274.938969,47.324000,r2_2_L1_r18,-0.25925826001912355,-0.21342072077095509,1.0527736395597458,94.64107851973884,-0.1133788526058197,-0.22492343187332153,0.8155843019485474,93.1650763652493,0.27869678101190953,1.4760021544895305,1,178,1788749227.6149194
1788749274.982530,47.356000,r2_2_L1_r18,-0.27002852130681276,-0.22515315003693104,1.126413032412529,94.77448769502085,-0.12544824182987213,-0.20652832090854645,0.8642274737358093,93.84492351963439,0.2999860140945164,0.9295641753864582,1,381,1788749227.6265116
1788749275.028346,47.392000,r2_2_L1_r18,-0.27958171535283327,-0.2365580964833498,1.2007168978452682,94.66617244522581,-0.14480626583099365,-0.22589847445487976,0.8940203189849854,94.82109725079897,0.3351728521527445,0.15492480557316218,1,194,1788749227.6363065
1788749275.071781,47.424000,r2_2_L1_r18,-0.28983955550938845,-0.2502161581069231,1.2943569868803024,94.29155352842498,-0.1506320685148239,-0.24619874358177185,0.9281632900238037,95.59871979946146,0.3917814284422349,1.3071662710364733,1,387,1788749227.6477625
1788749275.117331,47.456000,r2_2_L1_r18,-0.296673228032887,-0.2607711274176836,1.3697411268949509,93.86063505487559,-0.15480679273605347,-0.26271629333496094,0.9979069232940674,96.22335726150207,0.3979830952462424,2.3627222066264837,1,227,1788749227.6613116
1788749275.164529,47.488000,r2_2_L1_r18,-0.30097647476941347,-0.26839286275207996,1.426541492342949,93.49184374778446,-0.16542112827301025,-0.2816266119480133,1.076926350593567,96.64417713623787,0.37520811747879507,3.152333388453416,1,172,1788749227.6764886
1788749275.207184,47.524000,r2_2_L1_r18,-0.30653293896466494,-0.28057259507477283,1.5216116160154343,92.78530942277379,-0.11612172424793243,-0.26865750551223755,1.0672063827514648,97.24301851397212,0.49283112327334533,4.457709091198324,1,401,1788749227.683168
1788749275.254048,47.556000,r2_2_L1_r18,-0.3095007436349988,-0.28978213854134083,1.5978168696165085,92.22324805279608,-0.12649431824684143,-0.25861111283302307,1.069434642791748,97.44356133578954,0.560045321560097,5.22031328299345,1,218,1788749227.6980276
1788749275.299796,47.588000,r2_2_L1_r18,-0.311261554248631,-0.2985673863440752,1.673975631594658,91.65219977901238,-0.12384254485368729,-0.2738238275051117,1.1428605318069458,97.63412333238261,0.5637564882190809,5.981923553370249,1,389,1788749227.7117786
1788749275.345309,47.620000,r2_2_L1_r18,-0.31184874940663576,-0.30900186486542225,1.7690023630857468,90.99787364756067,-0.11856644600629807,-0.2893219590187073,1.2360996007919312,97.7437233150539,0.5672131006616955,6.745849667493239,1,258,1788749227.725286
1788749275.392172,47.656000,r2_2_L1_r18,-0.3110496001318097,-0.3168394286185503,1.8449691981077194,90.51601171013102,-0.12554600834846497,-0.3039737641811371,1.3233041763305664,97.63868939127458,0.5538154050147897,7.12267768114356,1,195,1788749227.7361264
1788749275.438432,47.688000,r2_2_L1_r18,-0.3096909122541547,-0.32235813327133656,1.9019037932157516,90.19676501643248,-0.08947733789682388,-0.3152780532836914,1.3325119018554688,97.85998677261335,0.6105335959721654,7.6632217561808655,1,398,1788749227.750417
1788749275.484888,47.720000,r2_2_L1_r18,-0.3070029513910413,-0.3292858023196459,1.9775158613920212,89.82528108441271,-0.08612070232629776,-0.3171166479587555,1.3261619806289673,97.74717429902233,0.6878945662344261,7.921893214609614,1,251,1788749227.764872
1788749275.534867,47.752000,r2_2_L1_r18,-0.302210439927876,-0.33697584457695484,2.071538135409355,89.45945247553952,-0.07867113500833511,-0.31956222653388977,1.359220266342163,97.68116318496975,0.7467729250111352,8.221710709430232,1,209,1788749227.7828398
1788749275.578961,47.788000,r2_2_L1_r18,-0.29730089474469423,-0.3422974366694689,2.1466612070798874,89.24301554891558,-0.08755819499492645,-0.32875779271125793,1.409581184387207,97.4501006013657,0.7664608808735633,8.207085052450118,1,158,1788749227.7909307
1788749275.623615,47.820000,r2_2_L1_r18,-0.2915319101884961,-0.3468549568206072,2.221308633685112,89.09298784279524,-0.09306590259075165,-0.3420284688472748,1.4448423385620117,97.21531680628226,0.8014436715204245,8.12232896348703,1,402,1788749227.8035994
1788749275.670990,47.852000,r2_2_L1_r18,-0.2867327528074384,-0.3497664649039507,2.2769133299589157,89.021628093953,-0.08884864300489426,-0.34897446632385254,1.5039613246917725,97.06481041339006,0.7978806618916102,8.04318231943707,1,278,1788749227.8189738
1788749275.719657,47.884000,r2_2_L1_r18,-0.2778481440618634,-0.3536857385188341,2.3679088801145554,88.97529492442298,-0.086030013859272,-0.3551059663295746,1.5594241619110107,96.96923942027234,0.8309294504890999,7.9939444958493615,1,214,1788749227.835637
1788749275.765321,47.920000,r2_2_L1_r18,-0.2701043086126447,-0.35592341609299183,2.4390367716550827,88.9977515496812,-0.06770910322666168,-0.3580620586872101,1.6258463859558105,96.92576702882155,0.8380017877958919,7.928015479140365,1,397,1788749227.8452868
1788749275.814461,47.952000,r2_2_L1_r18,-0.2619342701509595,-0.35735628195106983,2.5083653181791306,89.06520556123195,-0.06401669979095459,-0.35983821749687195,1.7095468044281006,96.8384308164928,0.8229754203939905,7.7732252552608525,1,312,1788749227.8624454
1788749275.861183,47.984000,r2_2_L1_r18,-0.2513545351102948,-0.3581505734473467,2.5922533720731735,89.20155634387072,-0.0621209591627121,-0.35351333022117615,1.8011287450790405,96.77176245623696,0.8134549930557033,7.570206112366236,1,236,1788749227.8771684
1788749275.908973,48.016000,r2_2_L1_r18,-0.242754896171391,-0.357898922637105,2.657038137316704,89.34615492610746,-0.059472307562828064,-0.35009410977363586,1.8684953451156616,96.73729440439037,0.8096006160589958,7.391139478282906,1,197,1788749227.8929515
1788749275.953608,48.052000,r2_2_L1_r18,-0.23630017507821321,-0.35712981410324574,2.7045294493436813,89.47372761449132,-0.03696735203266144,-0.36591091752052307,1.881305456161499,96.86757931523199,0.8470586904526463,7.39385170074067,1,380,1788749227.9015584
1788749276.000128,48.084000,r2_2_L1_r18,-0.22559738624840975,-0.35483801551163197,2.7805937975645065,89.72065718391315,-0.03375081345438957,-0.37228086590766907,1.8903748989105225,96.82451950490568,0.9108232803587435,7.103862320992527,1,248,1788749227.9161134
1788749276.048223,48.116000,r2_2_L1_r18,-0.21716441679745913,-0.352082135155797,2.8390864580869675,89.94156993147448,-0.04199271649122238,-0.3801582157611847,1.9187207221984863,96.70208436041915,0.9373081023270223,6.760514428944676,1,167,1788749227.9322016
1788749276.095802,48.148000,r2_2_L1_r18,-0.20887522865086794,-0.3485639411956072,2.895523712038994,90.17557010636057,-0.02379230409860611,-0.3821694552898407,1.9506646394729614,96.79560540724124,0.9634021416566909,6.620035300880682,1,377,1788749227.947787
1788749276.141528,48.184000,r2_2_L1_r18,-0.19876194465905428,-0.3431128282099962,2.963341400027275,90.48401023526736,-0.01586347073316574,-0.3781862258911133,2.0107853412628174,96.87895259935176,0.9705900473826186,6.394942364084401,1,257,1788749227.9575117
1788749276.187432,48.216000,r2_2_L1_r18,-0.19089963007718325,-0.33795648999512196,3.015438959002495,90.7354640738301,-0.009914346039295197,-0.37139803171157837,2.0724594593048096,96.97171128385781,0.9607727861470396,6.236247210027714,1,207,1788749227.971416
1788749276.234591,48.248000,r2_2_L1_r18,-0.18512499798089266,-0.333714010193944,3.0532447546720505,90.92163490833366,-0.004933929070830345,-0.36379608511924744,2.1340177059173584,97.06276427159605,0.9372044172479254,6.141129363262395,1,180,1788749227.9865592
1788749276.283219,48.280000,r2_2_L1_r18,-0.17576775420457125,-0.3259487170726061,3.1136788576841354,91.23025282564758,-0.0033398615196347237,-0.3598100543022156,2.1894009113311768,97.16668934417206,0.9408335083579815,5.936436518524472,1,163,1788749228.0031977
1788749276.327284,48.316000,r2_2_L1_r18,-0.16857924032956362,-0.31911242194473743,3.1600698679685593,91.46858943373141,0.005381247028708458,-0.3729631304740906,2.2265782356262207,97.25576934128227,0.9510882070682007,5.787179907550871,1,376,1788749228.0112665
1788749276.372496,48.348000,r2_2_L1_r18,-0.1616920279338956,-0.3118483144789934,3.2044991701841354,91.69727054456088,0.012244625017046928,-0.384117990732193,2.2196249961853027,97.27212259821854,1.0027232938131048,5.574852053657659,1,238,1788749228.024476
1788749276.420789,48.380000,r2_2_L1_r18,-0.15506247151643038,-0.3042327482253313,3.247116729617119,91.91116199187961,0.01952543295919895,-0.3915507197380066,2.234328269958496,97.33428389097055,1.0314290225487963,5.423121899090947,1,179,1788749228.0407732
1788749276.472163,48.412000,r2_2_L1_r18,-0.14712582994252443,-0.2942729312926531,3.298057958483696,92.15487223906683,0.020957259461283684,-0.39646175503730774,2.2676267623901367,97.4031253915973,1.0490390510007945,5.248253152530464,1,150,1788749228.0601454
1788749276.517850,48.448000,r2_2_L1_r18,-0.14259322453290224,-0.28805861063301563,3.3275341242551804,92.28880173594048,0.03735269233584404,-0.3872702121734619,2.327157974243164,97.55598391161345,1.0212619234999503,5.267182175672969,1,385,1788749228.0698323
1788749276.562657,48.480000,r2_2_L1_r18,-0.136747975833714,-0.2795315105468035,3.365579769015312,92.45067612404432,0.041018083691596985,-0.380789190530777,2.3782341480255127,97.62511454869191,1.0083180376065015,5.174438424647598,1,268,1788749228.08264
1788749276.608342,48.512000,r2_2_L1_r18,-0.13108742702752352,-0.2708092946559191,3.4022690504789352,92.59344664108907,0.045168884098529816,-0.37203872203826904,2.4220235347747803,97.68739437256203,1.0010968760504786,5.093947731472959,1,245,1788749228.0963273
1788749276.660420,48.544000,r2_2_L1_r18,-0.12431318778544664,-0.25971180386841297,3.4461702555418015,92.74533155938398,0.04963941499590874,-0.3641250431537628,2.4589900970458984,97.75034885216273,1.0078126303437875,5.005017292778758,1,231,1788749228.1163957
1788749276.707541,48.580000,r2_2_L1_r18,-0.1191425146535039,-0.2506714481860399,3.4800547808408737,92.84606099351306,0.052626170217990875,-0.3519730269908905,2.5052411556243896,97.80486436484422,0.9950015552141324,4.958803371331155,1,214,1788749228.1275225
1788749276.753480,48.612000,r2_2_L1_r18,-0.11540618259459734,-0.24382800050079823,3.5046984404325485,92.91005844242011,0.05633718892931938,-0.3428635001182556,2.544728994369507,97.84953574304221,0.9802270926787652,4.9394773006221016,1,190,1788749228.1414626
1788749276.799429,48.644000,r2_2_L1_r18,-0.10936595220118761,-0.23239253647625446,3.544090673327446,92.99644933146597,0.05763407051563263,-0.33351677656173706,2.5842819213867188,97.85545436378817,0.979463097733805,4.859005032322195,1,175,1788749228.1554098
1788749276.845908,48.676000,r2_2_L1_r18,-0.10475352872163057,-0.22313672490417957,3.5745009630918503,93.0478442113237,0.055890653282403946,-0.329812228679657,2.6175551414489746,97.84653324168217,0.976182115118514,4.798689030358459,1,168,1788749228.1698837
1788749276.891777,48.712000,r2_2_L1_r18,-0.1003318028524518,-0.21380074508488178,3.6039885729551315,93.0867833273132,0.07691017538309097,-0.36958327889442444,2.606854200363159,97.82175340688951,1.0246754967761043,4.734970079576314,1,364,1788749228.179762
1788749276.938833,48.744000,r2_2_L1_r18,-0.09502599854022264,-0.20206125266849995,3.639641210436821,93.11694557867501,0.08560702949762344,-0.37950581312179565,2.617774486541748,97.78879761913008,1.0527708507821794,4.671852040455062,1,245,1788749228.1948185
1788749276.983764,48.776000,r2_2_L1_r18,-0.0909621762111783,-0.19264413602650166,3.6673552244901657,93.12583625531846,0.08969740569591522,-0.3754054009914398,2.6512513160705566,97.75400879785691,1.0480967117647282,4.628172542538448,1,210,1788749228.2077487
1788749277.032469,48.808000,r2_2_L1_r18,-0.08803093153983355,-0.18554106540977955,3.6877333372831345,93.12536134024378,0.09218733012676239,-0.37214046716690063,2.676799774169922,97.69216641297216,1.043687993417104,4.566805072728379,1,197,1788749228.224443
1788749277.078175,48.844000,r2_2_L1_r18,-0.08334035892039537,-0.17358711548149586,3.721029683947563,93.11570886336212,0.09623438864946365,-0.3695070147514343,2.7055256366729736,97.62162166583384,1.04970479989652,4.505912802471724,1,190,1788749228.23416
1788749277.123769,48.876000,r2_2_L1_r18,-0.07979479152709246,-0.1639972049742937,3.7469896525144577,93.10088546107278,0.09748824685811996,-0.3650103807449341,2.7276151180267334,97.5336205481121,1.054020879344691,4.4327350870393065,1,185,1788749228.2477381
1788749277.169343,48.908000,r2_2_L1_r18,-0.07636200357228518,-0.15460939891636372,3.7722338885068893,93.0790249938725,0.10001203417778015,-0.3607936203479767,2.7515010833740234,97.45408852806868,1.056179527274616,4.375063534196184,1,179,1788749228.2613225
1788749277.218407,48.940000,r2_2_L1_r18,-0.07222917396575212,-0.14324134774506092,3.8027772158384323,93.04015356861784,0.09863091260194778,-0.3599010407924652,2.77882981300354,97.36936646246349,1.060472948992872,4.329212893845645,1,175,1788749228.2783847
1788749277.264198,48.976000,r2_2_L1_r18,-0.06905159819871187,-0.13445760495960712,3.826557084918022,93.00094503471189,0.11503174155950546,-0.35531026124954224,2.819631338119507,97.3345878930284,1.0471685782779234,4.333642858316505,1,380,1788749228.288184
1788749277.309715,49.008000,r2_2_L1_r18,-0.06679578591138124,-0.12802873738110065,3.8440345972776413,92.96935679673375,0.1187422126531601,-0.3493165373802185,2.8554019927978516,97.25864079119819,1.0299451762012761,4.289283994464442,1,309,1788749228.3016915
1788749277.355460,49.040000,r2_2_L1_r18,-0.06382072810083628,-0.11971271224319935,3.8667940348386765,92.922354318975,0.12259884178638458,-0.34689438343048096,2.8796534538269043,97.16988513373968,1.029956452691395,4.247530814764684,1,275,1788749228.3154418
1788749277.399760,49.072000,r2_2_L1_r18,-0.06026048306375742,-0.1097408477216959,3.8944668024778366,92.85619810983681,0.12758703529834747,-0.34346872568130493,2.902644395828247,97.08972597098338,1.0361597837314895,4.233527861146573,1,257,1788749228.327743
1788749277.448625,49.108000,r2_2_L1_r18,-0.05759264249354601,-0.1020450759679079,3.9161862581968307,92.80008947745425,0.13249200582504272,-0.33965250849723816,2.927574872970581,96.99072407855944,1.034379976854998,4.190634601105199,1,253,1788749228.340608
1788749277.492982,49.140000,r2_2_L1_r18,-0.0550732696428895,-0.09469068981707096,3.9374117106199265,92.74149036766468,0.1369020789861679,-0.3368687629699707,2.948030948638916,96.90150952667372,1.0365225736931272,4.16001915900904,1,246,1788749228.3529656
1788749277.536090,49.172000,r2_2_L1_r18,-0.05327278841286898,-0.0893657673150301,3.9530905932188034,92.69708277276908,0.13931016623973846,-0.3343749940395355,2.9685754776000977,96.79756629170552,1.0326605097923431,4.10048351893644,1,244,1788749228.364073
1788749277.584070,49.204000,r2_2_L1_r18,-0.05034968722611666,-0.0808896366506815,3.978611871600151,92.6238346512044,0.14319303631782532,-0.3323080837726593,2.989574909210205,96.70662270691541,1.0386838471660012,4.08278805571101,1,239,1788749228.3800545
1788749277.628927,49.240000,r2_2_L1_r18,-0.04811555240303278,-0.07439119555056095,3.9986662119627,92.56592354155039,0.1485738605260849,-0.331021249294281,3.013366222381592,96.61377830079832,1.036996518369969,4.04785475924792,1,231,1788749228.3889065
1788749277.676050,49.272000,r2_2_L1_r18,-0.04595179948955774,-0.0681720245629549,4.018373414874077,92.50939716098021,0.1513548642396927,-0.3292817175388336,3.03175950050354,96.51842595829639,1.0394783342366871,4.009028797316171,1,221,1788749228.4040267
1788749277.721726,49.304000,r2_2_L1_r18,-0.043266587890684605,-0.06075546331703663,4.042491599917412,92.44046426677528,0.15548314154148102,-0.32629483938217163,3.0497331619262695,96.44072186173203,1.046700497464787,4.000257594956751,1,209,1788749228.4177098
1788749277.769268,49.336000,r2_2_L1_r18,-0.04115369636565447,-0.05509527213871479,4.061445876955986,92.38776034078968,0.159232497215271,-0.32432377338409424,3.0689966678619385,96.35863761114571,1.0476612262998406,3.97087727035603,1,202,1788749228.4332442
1788749277.816694,49.372000,r2_2_L1_r18,-0.039605685509741306,-0.05096237547695637,4.075569793581963,92.35016165550267,0.1654893010854721,-0.3220132887363434,3.090343952178955,96.29687995626527,1.0422103960686167,3.946718300762598,1,195,1788749228.4446783
1788749277.861525,49.404000,r2_2_L1_r18,-0.03702049795538187,-0.04449735768139362,4.098605319857597,92.29037624323539,0.16784417629241943,-0.32025769352912903,3.108905076980591,96.21835131526274,1.0476258245825745,3.9279750720273565,1,186,1788749228.4575102
1788749277.907393,49.436000,r2_2_L1_r18,-0.03497640881687403,-0.03963829390704632,4.116720363497734,92.24497196740053,0.16717934608459473,-0.3177524507045746,3.1253347396850586,96.14680778526403,1.0493140085567478,3.9018358178635077,1,182,1788749228.4713655
1788749277.950772,49.468000,r2_2_L1_r18,-0.03291544783860445,-0.03502045013010502,4.1345178335905075,92.20411217224961,0.18063265085220337,-0.3159135580062866,3.1492724418640137,96.13115974086713,1.0465238699738728,3.9270475686175303,1,372,1788749228.4827535
1788749278.002188,49.504000,r2_2_L1_r18,-0.030250065959990025,-0.029537538066506386,4.156320735812187,92.15725536187684,0.18619957566261292,-0.31290003657341003,3.1822500228881836,96.094313012069,1.0372841976502414,3.937057650192156,1,321,1788749228.4981732
1788749278.047323,49.536000,r2_2_L1_r18,-0.027994795702397823,-0.025304308161139488,4.173443004488945,92.12336176544328,0.18829089403152466,-0.3080979287624359,3.2062747478485107,96.04144218310549,1.0306144614206447,3.918080417662211,1,283,1788749228.511303
1788749278.092573,49.568000,r2_2_L1_r18,-0.026249215938150883,-0.02220962569117546,4.186086818575859,92.0995914643776,0.19285784661769867,-0.30410516262054443,3.2244486808776855,96.01338324723984,1.0257781955560186,3.913791782862252,1,274,1788749228.5245545
1788749278.137987,49.600000,r2_2_L1_r18,-0.023276821710169315,-0.017220837995409966,4.206793949007988,92.06530270788902,0.19695909321308136,-0.30076301097869873,3.2428081035614014,95.98690567397625,1.0286732874453077,3.9216029660872342,1,266,1788749228.5379689
1788749278.183017,49.636000,r2_2_L1_r18,-0.020878859795629978,-0.013269452378153801,4.223125144839287,92.04454554484943,0.20046943426132202,-0.298360139131546,3.2631723880767822,95.95529277356991,1.0255637777200284,3.9107472287204814,1,265,1788749228.547002
1788749278.227153,49.668000,r2_2_L1_r18,-0.018441411666572094,-0.009402931667864323,4.23917929828167,92.02795217960644,0.20412392914295197,-0.2959407567977905,3.2796502113342285,95.93339391030592,1.0258339655412263,3.9054417306994744,1,263,1788749228.5591345
1788749278.274089,49.700000,r2_2_L1_r18,-0.015981185249984264,-0.005616353824734688,4.255020305514336,92.0162391813642,0.20914088189601898,-0.29467666149139404,3.296110153198242,95.92846031686801,1.0265205730034381,3.9122211355038066,1,259,1788749228.5740724
1788749278.319880,49.732000,r2_2_L1_r18,-0.012881947681307793,-0.0009687240235507488,4.274489089846611,92.0094204303099,0.21270741522312164,-0.2921863794326782,3.3121585845947266,95.9220137495445,1.030426263648187,3.9125933192346114,1,256,1788749228.5878654
1788749278.364557,49.768000,r2_2_L1_r18,-0.011027456261217594,0.0018250562716275454,4.286036178469658,92.00960614389822,0.21644191443920135,-0.2899046838283539,3.330681800842285,95.91580812685459,1.024475740424063,3.9062019829563552,1,250,1788749228.5965412
1788749278.411097,49.800000,r2_2_L1_r18,-0.008497844450175762,0.005505282431840897,4.301220580935478,92.01481707493126,0.22156120836734772,-0.28761470317840576,3.346111297607422,95.93315085035941,1.0252220427043504,3.918333775428146,1,247,1788749228.6110806
1788749278.460687,49.832000,r2_2_L1_r18,-0.0059008109383285046,0.009116438683122396,4.316156551241875,92.0255466708593,0.22580142319202423,-0.2851441502571106,3.362391710281372,95.94561178352934,1.0246670636635407,3.920065112670043,1,241,1788749228.6286716
1788749278.506243,49.864000,r2_2_L1_r18,-0.0026045460253953934,0.013558404520154,4.334530517458916,92.0439944870451,0.2297750562429428,-0.2822727859020233,3.380140542984009,95.9588548171699,1.0258540813172248,3.9148603301248,1,238,1788749228.6422226
1788749278.550137,49.900000,r2_2_L1_r18,4.28913626819849e-05,0.017141743563115597,4.349035903811455,92.0649275037579,0.2347244769334793,-0.2800276577472687,3.3989648818969727,95.98534246686862,1.0227512143052306,3.9204149631107157,1,233,1788749228.6501184
1788749278.596508,49.932000,r2_2_L1_r18,0.0020323023200035095,0.019823281094431877,4.359784290194511,92.08239934395311,0.23788820207118988,-0.28123608231544495,3.411304473876953,95.99857107057598,1.0226821146895995,3.916171726622866,1,229,1788749228.66449
1788749278.642954,49.964000,r2_2_L1_r18,0.005385802127420902,0.02413974516093731,4.377340003848076,92.1159998925243,0.24264584481716156,-0.2833140194416046,3.4240734577178955,96.03064079983488,1.0293382598525986,3.914640907310587,1,222,1788749228.678938
1788749278.693431,49.996000,r2_2_L1_r18,0.008077195845544338,0.02753925882279873,4.391136810183525,92.1473026824705,0.24678736925125122,-0.28419846296310425,3.437544107437134,96.05873806530907,1.0312623317094516,3.9114353828385693,1,200,1788749228.6974056
1788749278.738683,50.032000,r2_2_L1_r18,0.010744782164692879,0.030887844040989876,4.404696151614189,92.18066179268295,0.25178059935569763,-0.284069687128067,3.451174020767212,96.10079453088933,1.032715336200641,3.9201327382063837,1,191,1788749228.7066648
1788749278.786326,50.064000,r2_2_L1_r18,0.014074300415813923,0.03500018082559109,4.421320125460625,92.22544212532094,0.25633588433265686,-0.28431716561317444,3.4626550674438477,96.13959897933017,1.0390827379188352,3.914156854009243,1,187,1788749228.7223084
1788749278.831214,50.096000,r2_2_L1_r18,0.01675718743354082,0.03819800354540348,4.434341594576836,92.26435567838976,0.2599286735057831,-0.28398168087005615,3.474708080291748,96.17407025300672,1.0410708921239586,3.90971457461696,1,183,1788749228.7351968
1788749278.876960,50.128000,r2_2_L1_r18,0.018768188543617725,0.04054799862205982,4.443966552615166,92.29401540648844,0.26329711079597473,-0.2836579978466034,3.4873013496398926,96.20829189264019,1.0392844810483117,3.9142764861517505,1,180,1788749228.748943
1788749278.923879,50.164000,r2_2_L1_r18,0.022097104229032993,0.04438325576484203,4.459707900881767,92.3453299140314,0.26930031180381775,-0.2836260199546814,3.5036470890045166,96.2677102739829,1.040553596313374,3.9223803599515095,1,178,1788749228.7598653
1788749278.970957,50.196000,r2_2_L1_r18,0.024718347005546093,0.04734157212078571,4.472022697329521,92.38747252294138,0.27281615138053894,-0.28354689478874207,3.5192997455596924,96.32045054617609,1.0386148087228708,3.9329780232347193,1,176,1788749228.7749314
1788749279.013790,50.228000,r2_2_L1_r18,0.027294558472931385,0.05018038488924503,4.48406808078289,92.42963773164689,0.255501925945282,-0.2470703125,3.518136978149414,96.28816686709928,1.0360788940528498,3.8585291354523936,1,405,1788749228.7857745
1788749279.059166,50.260000,r2_2_L1_r18,0.030467151664197445,0.05360572598874569,4.498728439211845,92.48271669373521,0.2583591938018799,-0.24267129600048065,3.5288898944854736,96.33427458328943,1.0393756103860887,3.851557889554213,1,326,1788749228.799148
1788749279.102450,50.296000,r2_2_L1_r18,0.03297318797558546,0.056272467598319054,4.51020447909832,92.52506711055405,0.26252779364585876,-0.23928791284561157,3.5443804264068604,96.39258148685064,1.0357931049345477,3.867514376296595,1,304,1788749228.8064349
1788749279.147361,50.328000,r2_2_L1_r18,0.03486822824925184,0.05824369005858898,4.518674060702324,92.55655255144087,0.2669082283973694,-0.2368631660938263,3.558527708053589,96.44591857654308,1.0309275613356983,3.8893660251021953,1,301,1788749228.8193417
1788749279.194407,50.360000,r2_2_L1_r18,0.03740938287228346,0.06073872558772564,4.529695674777031,92.59790615397948,0.26978686451911926,-0.23369044065475464,3.5723865032196045,96.48747681714914,1.0281676312055021,3.889570663169675,1,296,1788749228.8343933
1788749279.242834,50.392000,r2_2_L1_r18,0.040572802536189556,0.06378759630024433,4.543132945895195,92.64811770464273,0.2727670967578888,-0.23094582557678223,3.585732936859131,96.52872538042855,1.0282979906343832,3.880607675785833,1,291,1788749228.8508122
1788749279.289381,50.428000,r2_2_L1_r18,0.0430451100692153,0.06631948985159397,4.553635284304619,92.6866492409703,0.27615001797676086,-0.22697126865386963,3.6007049083709717,96.5778661831082,1.0239304998349925,3.8912169421379015,1,286,1788749228.8613653
1788749279.334610,50.460000,r2_2_L1_r18,0.04547214042395353,0.06890170089900494,4.5638696402311325,92.72363006904264,0.27862653136253357,-0.22490914165973663,3.6120011806488037,96.61237438102152,1.0231028030294187,3.8887443119788863,1,277,1788749228.874595
1788749279.379801,50.492000,r2_2_L1_r18,0.0472543528303504,0.07088152132928371,4.571401283144951,92.74944101973036,0.28153055906295776,-0.22321921586990356,3.6229820251464844,96.64907282066757,1.02023510690929,3.899631800937219,1,275,1788749228.8877861
1788749279.423686,50.524000,r2_2_L1_r18,0.05015649553388357,0.07416498474776745,4.5836378782987595,92.79100110231856,0.28636807203292847,-0.2218107134103775,3.6338417530059814,96.69889367324262,1.0225019327089508,3.9078925709240653,1,273,1788749228.8996677
1788749279.467850,50.560000,r2_2_L1_r18,0.05240838136523962,0.07680748961865902,4.5932227820158005,92.82345904542525,0.2904856503009796,-0.22038979828357697,3.6452572345733643,96.74043151846342,1.021589787076096,3.9169724730381694,1,270,1788749228.9078317
1788749279.511968,50.592000,r2_2_L1_r18,0.05462202709168196,0.07940308563411236,4.6026317328214645,92.85382221667167,0.2935151159763336,-0.21849893033504486,3.6555261611938477,96.7718242022257,1.021187780402514,3.9180019855540342,1,269,1788749228.91995
1788749279.558659,50.624000,r2_2_L1_r18,0.057317025028169155,0.08249547891318798,4.614074870944023,92.89036431489231,0.29649820923805237,-0.21650832891464233,3.665919780731201,96.80366265054057,1.022550238898837,3.9132983356482725,1,265,1788749228.9346423
1788749279.602633,50.656000,r2_2_L1_r18,0.05943468492478132,0.08485843054950237,4.6230398863554,92.91808694268471,0.2989499270915985,-0.21377329528331757,3.677351474761963,96.83094017223627,1.0202328316253286,3.9128532295515543,1,262,1788749228.9466155
1788749279.646713,50.692000,r2_2_L1_r18,0.06098795961588621,0.0865821149200201,4.629686996340752,92.93909804317909,0.3013705015182495,-0.21058450639247894,3.6897029876708984,96.8583894040878,1.0147224762607627,3.919291360908716,1,260,1788749228.9546895
1788749279.697303,50.724000,r2_2_L1_r18,0.06351534556597471,0.08928894065320492,4.640531703829765,92.97192396912408,0.3045808672904968,-0.208839550614357,3.698840379714966,96.88681594620265,1.016747625019539,3.914891977078573,1,256,1788749228.9732869
1788749279.744531,50.756000,r2_2_L1_r18,0.06547427456825972,0.09134498797357082,4.6490418165922165,92.9973678868182,0.30758512020111084,-0.20711667835712433,3.7083942890167236,96.91034333106109,1.0161273537189308,3.9129754442428872,1,254,1788749228.9885154
1788749279.790099,50.788000,r2_2_L1_r18,0.06737883668392897,0.09325961582362652,4.657430812716484,93.0211744367715,0.3100302517414093,-0.20525230467319489,3.7180233001708984,96.92860055203731,1.0151234164057013,3.9074261152658067,1,253,1788749229.0020773
1788749279.835429,50.824000,r2_2_L1_r18,0.06966519635170698,0.09543832205235958,4.667702361941338,93.05018465073626,0.3134625256061554,-0.20397625863552094,3.7277133464813232,96.95534972059187,1.0162015440185024,3.9051650698556064,1,253,1788749229.011414
1788749279.880063,50.856000,r2_2_L1_r18,0.07138743530958891,0.09703272394835949,4.6757752150297165,93.0718374533739,0.3153901994228363,-0.2023618370294571,3.736842393875122,96.96972496280485,1.0152680900527358,3.8978875094309475,1,252,1788749229.0240455
1788749279.926247,50.888000,r2_2_L1_r18,0.0726144714280963,0.0981412511318922,4.681724712252617,93.08747247194653,0.31722646951675415,-0.20086467266082764,3.746380090713501,96.98003296145214,1.0119827731311513,3.892560489505617,1,249,1788749229.0382228
1788749279.976757,50.920000,r2_2_L1_r18,0.07451109867542982,0.09984940104186535,4.691474601626396,93.11109072723018,0.31884291768074036,-0.1994178146123886,3.756315231323242,96.9858167039257,1.0118211067227671,3.8747259766955273,1,248,1788749229.0567377
1788749280.020010,50.956000,r2_2_L1_r18,0.07590122800320387,0.10113522224128246,4.699160739779472,93.12911065193691,0.32175683975219727,-0.1985369771718979,3.765787124633789,96.99782712633301,1.010660533700474,3.868716474396091,1,247,1788749229.0639896
1788749280.065692,50.988000,r2_2_L1_r18,0.07723109703511,0.1023650448769331,4.7067481726408005,93.14523153477198,0.3249535858631134,-0.19880637526512146,3.774178981781006,97.01183375017814,1.0108194455600932,3.8666022154061572,1,243,1788749229.0776775
1788749280.114231,51.020000,r2_2_L1_r18,0.0785089461132884,0.10356013290584087,4.714179202914238,93.15918695547741,0.3272651731967926,-0.19917678833007812,3.7807857990264893,97.01713706248172,1.0123006225491422,3.857950107004317,1,240,1788749229.0942075
1788749280.157809,51.052000,r2_2_L1_r18,0.08007356058806181,0.10500775091350079,4.723231479525566,93.17517863743083,0.3299553692340851,-0.1996208280324936,3.787569761276245,97.02522659613166,1.0152351158229975,3.8500479587008165,1,238,1788749229.1057913
1788749280.203938,51.088000,r2_2_L1_r18,0.08102067094296217,0.10588598065078259,4.728586360812187,93.18352661436855,0.33199313282966614,-0.19858095049858093,3.796299695968628,97.03070320978303,1.0123466373896401,3.847176595414486,1,237,1788749229.1159217
1788749280.251075,51.120000,r2_2_L1_r18,0.08225766848772764,0.1070337574928999,4.73557011783123,93.19242103135406,0.33364275097846985,-0.1980638951063156,3.8047420978546143,97.03378643442737,1.0112961188959524,3.841365403073316,1,236,1788749229.1310546
1788749280.301006,51.152000,r2_2_L1_r18,0.08345008175820112,0.10810959152877331,4.7423645704984665,93.19977688400483,0.3347298800945282,-0.19612489640712738,3.814178228378296,97.0310564961287,1.0085782301834534,3.8312796121238772,1,233,1788749229.1489842
1788749280.346402,51.184000,r2_2_L1_r18,0.08485485892742872,0.10935678891837597,4.750650569796562,93.20786193055638,0.3371523916721344,-0.19570736587047577,3.8226962089538574,97.0342489592347,1.00886940650071,3.8263870286783286,1,231,1788749229.162384
1788749280.391015,51.220000,r2_2_L1_r18,0.08585355710238218,0.11029884777963161,4.757125541567802,93.2124902211157,0.3395528793334961,-0.1949661523103714,3.830383062362671,97.03858174954058,1.0081674906203582,3.8260915284248784,1,225,1788749229.1709983
1788749280.437409,51.252000,r2_2_L1_r18,0.0865440322086215,0.11098319850862026,4.761899158358574,93.21481244764533,0.340707391500473,-0.1943298727273941,3.8368544578552246,97.03493466706699,1.0067386863548144,3.8201222194216617,1,222,1788749229.1853828
1788749280.483863,51.284000,r2_2_L1_r18,0.08764200937002897,0.11203440837562084,4.769676372408867,93.2176704013325,0.34218186140060425,-0.1954077035188675,3.8427159786224365,97.02918910527653,1.009240684914448,3.8115187039440266,1,221,1788749229.1998422
1788749280.527429,51.316000,r2_2_L1_r18,0.08847142290323973,0.11279549263417721,4.775779411196709,93.21992512188034,0.3437003493309021,-0.19649770855903625,3.848594903945923,97.02219571017726,1.010185725337497,3.8022705882969188,1,218,1788749229.2114127
1788749280.574156,51.352000,r2_2_L1_r18,0.08925452362746,0.11346436850726604,4.781788036227226,93.2218380333739,0.3458070158958435,-0.19752518832683563,3.8548238277435303,97.0178544353824,1.0108394182850187,3.796016402008502,1,217,1788749229.2221365
1788749280.622417,51.384000,r2_2_L1_r18,0.09013730566948652,0.11417465470731258,4.789132758975029,93.22403455010303,0.3473086655139923,-0.1978835165500641,3.8599579334259033,97.01328773853012,1.0133524890219685,3.789253188427106,1,216,1788749229.2384012
1788749280.667589,51.416000,r2_2_L1_r18,0.09078069310635328,0.11463616602122784,4.794860526919365,93.22610812882775,0.34904542565345764,-0.19801287353038788,3.8660032749176025,97.01355169676624,1.0135215284375763,3.787443567938491,1,216,1788749229.2515645
1788749280.714356,51.448000,r2_2_L1_r18,0.09122084360569715,0.11491936258971691,4.799111530184746,93.22767486546493,0.35101795196533203,-0.19766712188720703,3.872555732727051,97.0165667121534,1.0117857943221655,3.788891846688475,1,214,1788749229.2663374
1788749280.756938,51.484000,r2_2_L1_r18,0.09187841694802046,0.11527633480727673,4.806039020419121,93.23122674209529,0.3540059030056,-0.198083758354187,3.879629135131836,97.02462512015973,1.0124922925588264,3.7933983780644387,1,213,1788749229.2729232
1788749280.801651,51.516000,r2_2_L1_r18,0.09233953338116407,0.11546272598206997,4.811410591006279,93.23685470814029,0.3563784658908844,-0.1992025524377823,3.8851242065429688,97.02847628074724,1.0132804455658004,3.7916215726069544,1,210,1788749229.2856321
1788749280.847269,51.548000,r2_2_L1_r18,0.09274113457649946,0.11556140892207623,4.816569492220879,93.24356903527544,0.3578087389469147,-0.2005486786365509,3.888561487197876,97.03000522240463,1.0155714055297969,3.786436187129179,1,209,1788749229.2992516
1788749280.892140,51.580000,r2_2_L1_r18,0.09319944959133863,0.11554361693561077,4.822688743472099,93.25207803378632,0.3588207960128784,-0.2014099359512329,3.8929316997528076,97.04263851220253,1.0175767365206527,3.7905604784162046,1,206,1788749229.3121164
1788749280.938131,51.616000,r2_2_L1_r18,0.09358839970082045,0.11543790809810162,4.827361270785332,93.25877384934203,0.3572137653827667,-0.2018061876296997,3.8965253829956055,97.04266832845218,1.0181343721250051,3.783894479110141,1,204,1788749229.3221164
1788749280.983824,51.648000,r2_2_L1_r18,0.09393354039639235,0.11529096029698849,4.830754920840263,93.26236205635425,0.35663220286369324,-0.20171576738357544,3.901106357574463,97.05033720459154,1.0167351198021122,3.787975148237284,1,204,1788749229.3358078
1788749281.028714,51.680000,r2_2_L1_r18,0.09450930636376143,0.11496186815202236,4.835036918520927,93.26764872351461,0.3552371561527252,-0.20212021470069885,3.9056029319763184,97.04864633478857,1.0160549169538038,3.780997611273964,1,202,1788749229.3486986
1788749281.075221,51.712000,r2_2_L1_r18,0.09546688478440046,0.1143792923539877,4.840149566531181,93.2727104433113,0.3537026345729828,-0.20238222181797028,3.9087769985198975,97.04162207894619,1.0170931224687918,3.7689116356348977,1,200,1788749229.3632038
1788749281.120417,51.748000,r2_2_L1_r18,0.0964988199993968,0.1137834470719099,4.8442112654447556,93.2759886220328,0.35465702414512634,-0.20224034786224365,3.913867235183716,97.05052185465286,1.0159019204503388,3.7745332326200622,1,195,1788749229.372402
1788749281.164670,51.780000,r2_2_L1_r18,0.09782782476395369,0.11300604604184628,4.848327323794365,93.27972079216674,0.35526928305625916,-0.20321889221668243,3.917574167251587,97.05020924872665,1.0161573472836893,3.7704884565599,1,191,1788749229.384648
1788749281.209708,51.812000,r2_2_L1_r18,0.09902085643261671,0.1122956108301878,4.851447269320488,93.28287322337614,0.3573656380176544,-0.2054523378610611,3.9207544326782227,97.05057932541838,1.0168062456766007,3.7677061020422395,1,189,1788749229.3976922
1788749281.256745,51.844000,r2_2_L1_r18,0.10143494885414839,0.1108634676784277,4.856666728854179,93.28871530657835,0.35938259959220886,-0.20638637244701385,3.924783229827881,97.04939620776572,1.0176400676754036,3.7606809011873703,1,187,1788749229.41272
1788749281.302033,51.880000,r2_2_L1_r18,0.10374590288847685,0.10953978262841702,4.860844776034355,93.2947112032293,0.3628019392490387,-0.2074100226163864,3.9293408393859863,97.0543991764477,1.0174806106314616,3.759687973218402,1,185,1788749229.4220152
1788749281.348887,51.912000,r2_2_L1_r18,0.10636515449732542,0.10808550380170345,4.864994689822197,93.29963759391825,0.36694732308387756,-0.20919011533260345,3.932854175567627,97.06188496238936,1.0185542810263488,3.7622473684711144,1,183,1788749229.43687
1788749281.394262,51.944000,r2_2_L1_r18,0.11006222944706678,0.10608491860330105,4.870127364993095,93.30707418876352,0.3712729811668396,-0.21134799718856812,3.9362759590148926,97.06348870824198,1.0203299276653621,3.756414519478458,1,180,1788749229.4502473
1788749281.441785,51.976000,r2_2_L1_r18,0.11334692966192961,0.10434935055673122,4.8743626326322556,93.31351590441896,0.3760516345500946,-0.21406561136245728,3.940441370010376,97.0585510300881,1.021083138006706,3.7450351256691423,1,180,1788749229.4657643
1788749281.487448,52.012000,r2_2_L1_r18,0.11602404993027449,0.10299245081841946,4.87761227786541,93.3177444840398,0.3822166323661804,-0.21864253282546997,3.943632125854492,97.05532682786588,1.0230476420958305,3.7375823438260807,1,179,1788749229.4754272
1788749281.532526,52.044000,r2_2_L1_r18,0.12089962791651487,0.10057455860078335,4.883116886019707,93.3250378605778,0.38768118619918823,-0.22224128246307373,3.9464120864868164,97.0487307888358,1.0260596223170704,3.7236929282580036,1,177,1788749229.488508
1788749281.577767,52.076000,r2_2_L1_r18,0.1251744581386447,0.09852035902440548,4.887560531497002,93.33214952438522,0.3954463303089142,-0.22703269124031067,3.9498023986816406,97.05707165694817,1.0287963788254872,3.7249221325629436,1,177,1788749229.501751
1788749281.622239,52.108000,r2_2_L1_r18,0.1297925068065524,0.09639348648488522,4.892004176974297,93.33861408794202,0.40062418580055237,-0.23063628375530243,3.9529025554656982,97.0442247767919,1.0306357865367075,3.705610688849896,1,176,1788749229.5142126
1788749281.667116,52.144000,r2_2_L1_r18,0.1359604699537158,0.09363007359206676,4.897516891360283,93.34802159200244,0.4091891050338745,-0.2348816841840744,3.9572813510894775,97.05160913490278,1.0327713847765487,3.7035875429003378,1,175,1788749229.5231006
1788749281.713332,52.176000,r2_2_L1_r18,0.14121610950678587,0.09133895300328732,4.901985809206963,93.35550224801337,0.4146506190299988,-0.24004875123500824,3.9603235721588135,97.04895844428316,1.035042033060036,3.693456196269792,1,174,1788749229.5373154
1788749281.757255,52.208000,r2_2_L1_r18,0.1453346712514758,0.08957270346581936,4.905367538332939,93.3628433597819,0.3878327012062073,-0.20739100873470306,3.9579951763153076,97.01053995610005,1.0220113175550978,3.64769659631814,1,403,1788749229.5492287
1788749281.804663,52.240000,r2_2_L1_r18,0.15257109235972166,0.0865348856896162,4.911081477999687,93.37512666670521,0.39146262407302856,-0.20635023713111877,3.955570697784424,96.98765225921682,1.0275464516028598,3.6125255925116013,1,302,1788749229.5646455
1788749281.849132,52.276000,r2_2_L1_r18,0.1586922211572528,0.08403927646577358,4.915694400668144,93.38631486975076,0.4008770287036896,-0.21063224971294403,3.958061933517456,96.99397315038887,1.0307981041348073,3.607658280638106,1,276,1788749229.573114
1788749281.894407,52.308000,r2_2_L1_r18,0.1650933725759387,0.0815026294440031,4.920316383242607,93.39863209501482,0.40844810009002686,-0.21398554742336273,3.959908962249756,96.98955356500794,1.0338845198425188,3.5909214699931185,1,269,1788749229.5863826
1788749281.941450,52.340000,r2_2_L1_r18,0.1717617018148303,0.07889815233647823,4.9249254912137985,93.41258939230227,0.41616639494895935,-0.21746931970119476,3.9614098072052,96.98648657781946,1.0372703629423459,3.5738971855171835,1,267,1788749229.6014326
1788749281.986100,52.372000,r2_2_L1_r18,0.1803816808387637,0.07554457895457745,4.930653735995293,93.43254064850801,0.4232463836669922,-0.22037240862846375,3.9630579948425293,96.97971436562364,1.0405727488825713,3.5471737171156312,1,266,1788749229.6140819
1788749282.031050,52.408000,r2_2_L1_r18,0.18570382427424192,0.0735065471380949,4.934180423617363,93.44446222862958,0.43222683668136597,-0.22434230148792267,3.9653947353363037,96.97823693191658,1.0430883194113205,3.533774703287008,1,265,1788749229.6230316
1788749282.074823,52.440000,r2_2_L1_r18,0.19290497433394194,0.07077311538159847,4.938940212130547,93.4607494180146,0.44010797142982483,-0.22736987471580505,3.9680819511413574,96.97729791452471,1.045258019461396,3.516548496510118,1,263,1788749229.6348076
1788749282.122419,52.472000,r2_2_L1_r18,0.20021534990519285,0.06801569275557995,4.943717643618584,93.476294362403,0.44873136281967163,-0.23128949105739594,3.970729112625122,96.97903114603628,1.047879040336738,3.5027367836332712,1,262,1788749229.6504033
1788749282.169242,52.504000,r2_2_L1_r18,0.20956116449087858,0.06452774442732334,4.949731990695,93.49684651954752,0.4570930004119873,-0.23509763181209564,3.9742825031280518,96.97978056012472,1.05002337053787,3.482934040577197,1,258,1788749229.6652234
1788749282.212641,52.540000,r2_2_L1_r18,0.21722043585032225,0.06169862486422062,4.954565688967705,93.51319509966842,0.4664863348007202,-0.239171102643013,3.978785514831543,96.97936671557171,1.05109610861568,3.4661716159032823,1,253,1788749229.6726253
1788749282.263019,52.572000,r2_2_L1_r18,0.2230397118255496,0.05956329219043255,4.95817343890667,93.52441816460777,0.4743591248989105,-0.24224145710468292,3.984589099884033,96.97526912334659,1.0498161835648991,3.450850958738837,1,249,1788749229.6910033
1788749282.306962,52.604000,r2_2_L1_r18,0.23285945784300566,0.055995261296629906,4.964144870638847,93.54392888350398,0.4806692600250244,-0.24444840848445892,3.9930763244628906,96.96381418359631,1.0462553312367424,3.4198853000923384,1,243,1788749229.7029412
1788749282.351656,52.636000,r2_2_L1_r18,0.24085607659071684,0.053123315796256065,4.969010040163994,93.55958160254814,0.48858529329299927,-0.24817194044589996,3.9973249435424805,96.95713005751247,1.0470532571165196,3.397548454964331,1,238,1788749229.7156372
1788749282.400313,52.672000,r2_2_L1_r18,0.24894000124186277,0.05020465888082981,4.973932906985283,93.57430537767341,0.4982468783855438,-0.25271710753440857,4.001587390899658,96.95559032458523,1.0485090930512155,3.3812849469118205,1,236,1788749229.728275
1788749282.448616,52.704000,r2_2_L1_r18,0.25911475252360106,0.04648260958492756,4.980122730135918,93.5896382481778,0.50650554895401,-0.25626257061958313,4.005032539367676,96.95443308087005,1.050551155550257,3.3647948326922497,1,236,1788749229.744601
1788749282.494078,52.736000,r2_2_L1_r18,0.2672541243955493,0.04346754960715771,4.9850475043058395,93.60127142229204,0.5142677426338196,-0.2594480812549591,4.010581970214844,96.94820705732008,1.049931752137731,3.3469356350280344,1,234,1788749229.7580636
1788749282.539557,52.768000,r2_2_L1_r18,0.27337450813502073,0.041202569380402565,4.988736793398857,93.60948143323776,0.5201756954193115,-0.2623748481273651,4.015333652496338,96.93079129117528,1.049087102763403,3.3213098579375346,1,232,1788749229.771541
1788749282.585251,52.804000,r2_2_L1_r18,0.2835994763299823,0.03740946762263775,4.994864150881767,93.61984935431138,0.5274640321731567,-0.2658422887325287,4.020342826843262,96.91186350503058,1.0493442525381478,3.2920141507192073,1,231,1788749229.7812347
1788749282.629570,52.836000,r2_2_L1_r18,0.2917752666398883,0.03434648551046848,4.9998437613248825,93.62616813613276,0.5353598594665527,-0.2703262269496918,4.024545669555664,96.89900536887497,1.0504119588947196,3.2728372327422126,1,227,1788749229.7935543
1788749282.673433,52.868000,r2_2_L1_r18,0.29990852903574705,0.031237980350852013,5.004880115389824,93.63006564305586,0.5423642992973328,-0.2732502222061157,4.029422283172607,96.88501042049037,1.0502456133988007,3.254944777434516,1,225,1788749229.8054168
1788749282.719270,52.900000,r2_2_L1_r18,0.3100305600091815,0.027321308851242065,5.011183425784111,93.63283230341158,0.5491880774497986,-0.27689722180366516,4.034549713134766,96.86686428720581,1.0505039939121763,3.2340319837942384,1,218,1788749229.8192537
1788749282.763819,52.936000,r2_2_L1_r18,0.3180948896333575,0.024184266105294228,5.016230270266533,93.63288660915957,0.5564364790916443,-0.28137096762657166,4.039384841918945,96.84590910220889,1.0509032805211047,3.2130224930493263,1,214,1788749229.8278039
1788749282.808553,52.968000,r2_2_L1_r18,0.3241326315328479,0.02181837148964405,5.020026370882988,93.63102272892513,0.5623204112052917,-0.28559547662734985,4.044618129730225,96.82287548508334,1.0500752017394346,3.191852756158212,1,211,1788749229.8405337
1788749282.855568,53.000000,r2_2_L1_r18,0.3321310682222247,0.018611522391438484,5.024989768862724,93.62764229555854,0.5693255662918091,-0.28913938999176025,4.049352645874023,96.8065922705139,1.050161725517,3.1789499749553602,1,209,1788749229.855551
1788749282.900837,53.032000,r2_2_L1_r18,0.3421090943738818,0.014566709287464619,5.031175300478935,93.62113109262559,0.575865626335144,-0.29159948229789734,4.053424835205078,96.78941915179337,1.0508928705856202,3.168288059167788,1,203,1788749229.8688169
1788749282.944754,53.068000,r2_2_L1_r18,0.3500966830179095,0.011351309716701508,5.036240264773369,93.61473933378254,0.5853356122970581,-0.2965235412120819,4.0572919845581055,96.77622384405767,1.0528361757743903,3.1614845102751246,1,200,1788749229.8767385
1788749282.989196,53.100000,r2_2_L1_r18,0.3580691320821643,0.008142559323459864,5.041377708315849,93.60839095715164,0.5923085808753967,-0.3004550039768219,4.0604987144470215,96.75938805810084,1.054620394293109,3.150997100949196,1,199,1788749229.8891776
1788749283.033926,53.132000,r2_2_L1_r18,0.3640598161146045,0.005727546289563179,5.045273944735527,93.60319832503639,0.5999807119369507,-0.30491364002227783,4.0642852783203125,96.74285652188445,1.0556966322547152,3.1396581968480706,1,197,1788749229.9019077
1788749283.078847,53.164000,r2_2_L1_r18,0.37402332853525877,0.001662909286096692,5.051742240786552,93.5949085126015,0.6073770523071289,-0.30987659096717834,4.068614482879639,96.72718011676895,1.0573793117814125,3.132271604167436,1,196,1788749229.9148283
1788749283.123340,53.200000,r2_2_L1_r18,0.38200716208666563,-0.0015768841840326786,5.056875869631767,93.58898926683007,0.6153530478477478,-0.3137624263763428,4.07406759262085,96.71014407439583,1.0572711215751138,3.1211548075657642,1,194,1788749229.9233248
1788749283.171768,53.232000,r2_2_L1_r18,0.3899982078000903,-0.004811227321624756,5.061943218111992,93.58189657923779,0.6212397813796997,-0.3156099021434784,4.07835578918457,96.69350817730316,1.057124738130108,3.111611598065364,1,191,1788749229.939751
1788749283.216442,53.264000,r2_2_L1_r18,0.39991636108607054,-0.00889546237885952,5.06824366748333,93.5741306201347,0.628099799156189,-0.31805917620658875,4.0818400382995605,96.67970302500663,1.0586037988899173,3.1055724048719346,1,187,1788749229.9524224
1788749283.262685,53.296000,r2_2_L1_r18,0.4077745480462909,-0.012177854776382446,5.073384925723076,93.56824398961031,0.6348128914833069,-0.32139450311660767,4.085573196411133,96.66430766357871,1.0596854993665046,3.0960636739684073,1,184,1788749229.9666681
1788749283.307306,53.332000,r2_2_L1_r18,0.41364128421992064,-0.014637734740972519,5.07728736102581,93.56452021131504,0.6410073041915894,-0.3246467113494873,4.091739654541016,96.6448929885816,1.0578776651262918,3.080372777266568,1,181,1788749229.975286
1788749283.350426,53.364000,r2_2_L1_r18,0.4233609242364764,-0.018727265298366547,5.0837647169828415,93.55818303246681,0.6478599905967712,-0.32828235626220703,4.095214366912842,96.63217911598372,1.0599320637483303,3.0739960835169122,1,178,1788749229.9864085
1788749283.394696,53.396000,r2_2_L1_r18,0.4311422510072589,-0.021946996450424194,5.088930770754814,93.55273474753915,0.6547979116439819,-0.3322868049144745,4.098870754241943,96.6229578640484,1.061391298037542,3.070223116509243,1,176,1788749229.998681
1788749283.440548,53.428000,r2_2_L1_r18,0.43891320656985044,-0.025152768939733505,5.094026729464531,93.54724501980712,0.6621477007865906,-0.3356829285621643,4.103680610656738,96.61588460956087,1.0616251949162636,3.068639589753741,1,175,1788749230.0125327
1788749283.490521,53.464000,r2_2_L1_r18,0.44862676691263914,-0.02916843630373478,5.100297138094902,93.54141723753006,0.6696398258209229,-0.3395485579967499,4.108083724975586,96.60255652082607,1.0628593741996397,3.0611392832960136,1,173,1788749230.0264988
1788749283.537243,53.496000,r2_2_L1_r18,0.4564260942861438,-0.03238818980753422,5.105372115969658,93.53852638587485,0.6712211966514587,-0.3423248827457428,4.11504602432251,96.58311850381304,1.0596902648541766,3.04459211793819,1,173,1788749230.0412176
1788749283.580576,53.528000,r2_2_L1_r18,0.46227459143847227,-0.03479778580367565,5.109197780489922,93.53586572376359,0.6813356280326843,-0.33342230319976807,4.136662483215332,96.60876786969422,1.0406676917194817,3.0729021459306285,1,382,1788749230.0525575
1788749283.628483,53.560000,r2_2_L1_r18,0.47201318573206663,-0.038816509768366814,5.115581199526787,93.53262501215974,0.6898210644721985,-0.3375152051448822,4.143762111663818,96.61080611253726,1.0397564725433164,3.0781811003775243,1,341,1788749230.0684645
1788749283.673546,53.596000,r2_2_L1_r18,0.4797977013513446,-0.042063357308506966,5.120698615908623,93.53076708186337,0.698659360408783,-0.344431608915329,4.149018287658691,96.600919819618,1.040908087053336,3.070152737754635,1,325,1788749230.0775304
1788749283.718104,53.628000,r2_2_L1_r18,0.4875305397436023,-0.045346906408667564,5.125785991549492,93.5285239675763,0.7066808342933655,-0.3502289056777954,4.152036190032959,96.59562822988595,1.0436323878804623,3.0671042623096434,1,318,1788749230.0900857
1788749283.763037,53.660000,r2_2_L1_r18,0.4951542420312762,-0.04867602698504925,5.130825683474541,93.52581439481185,0.7140142917633057,-0.35499078035354614,4.15485954284668,96.58619797877525,1.0460584864872287,3.0603835839634024,1,315,1788749230.1030207
1788749283.810143,53.692000,r2_2_L1_r18,0.5045262379571795,-0.05288000963628292,5.137219116091728,93.52384164592019,0.7208799719810486,-0.35931405425071716,4.157566070556641,96.57693793510076,1.0490142284788155,3.0530962891805773,1,312,1788749230.1181257
1788749283.856360,53.728000,r2_2_L1_r18,0.510117213241756,-0.05539773590862751,5.14121501147747,93.5236607580835,0.728399932384491,-0.3641054332256317,4.160801887512207,96.5638485787932,1.0507890756486005,3.0401878207096966,1,308,1788749230.1283443
1788749283.900687,53.760000,r2_2_L1_r18,0.5175475282594562,-0.05876682884991169,5.146634742617607,93.52267226985401,0.7358097434043884,-0.3688068687915802,4.164600372314453,96.5621456535954,1.0526892824493448,3.0394733837413823,1,307,1788749230.1406715
1788749283.948283,53.792000,r2_2_L1_r18,0.5249602599069476,-0.06214469112455845,5.152117893099785,93.52164633771231,0.7428188323974609,-0.3729304075241089,4.168154716491699,96.55882037503879,1.0546248868892962,3.0371740373264786,1,307,1788749230.1562605
1788749283.996142,53.824000,r2_2_L1_r18,0.5342414183542132,-0.06635931320488453,5.159024879336357,93.52179042299012,0.748433530330658,-0.3745628595352173,4.175854682922363,96.55535076061877,1.052374135904268,3.033560337628635,1,305,1788749230.172124
1788749284.042361,53.860000,r2_2_L1_r18,0.5416717929765582,-0.06971433199942112,5.1645518988370895,93.52192887122597,0.754840612411499,-0.3767777681350708,4.184514999389648,96.55436023065624,1.0489047734037977,3.0324313594302823,1,300,1788749230.1823344
1788749284.091748,53.892000,r2_2_L1_r18,0.5472585959360003,-0.072202043607831,5.1686903685331345,93.52144488310287,0.7621456980705261,-0.3801279366016388,4.189947128295898,96.55705748838506,1.0483001252264983,3.035612605282181,1,295,1788749230.1997309
1788749284.138690,53.924000,r2_2_L1_r18,0.5565523905679584,-0.07631170190870762,5.175635501742363,93.52414181209497,0.7690114974975586,-0.3847053647041321,4.1952223777771,96.55423668483282,1.049502461651724,3.0300948727378487,1,294,1788749230.2146707
1788749284.186484,53.956000,r2_2_L1_r18,0.5640016002580523,-0.07955651916563511,5.181266471743584,93.52566632035013,0.775437593460083,-0.3892664909362793,4.200186729431152,96.54763507598811,1.0503061013872712,3.0219687556379737,1,293,1788749230.2304685
1788749284.231706,53.992000,r2_2_L1_r18,0.5714504523202777,-0.08279259689152241,5.186964198946953,93.5270187214887,0.7836065292358398,-0.3940412104129791,4.205865859985352,96.54922964507705,1.0509233326482212,3.022210923588349,1,293,1788749230.2396915
1788749284.277984,54.024000,r2_2_L1_r18,0.5807354254648089,-0.08681915141642094,5.19407145678997,93.52857015512957,0.7904567122459412,-0.39770200848579407,4.20993185043335,96.55331627240427,1.0531675715423994,3.0247461172747006,1,291,1788749230.2539687
1788749284.325350,54.056000,r2_2_L1_r18,0.5881392164155841,-0.0900562722235918,5.1997033804655075,93.5303101756671,0.79661625623703,-0.40074461698532104,4.214526176452637,96.5553382142375,1.0538330261526792,3.0250280385703947,1,287,1788749230.2693322
1788749284.371359,54.088000,r2_2_L1_r18,0.5936752958223224,-0.09249075688421726,5.203889533877373,93.53190718677826,0.8027994632720947,-0.40388935804367065,4.2187981605529785,96.55510892040725,1.0540906128098124,3.0232017336289956,1,283,1788749230.2833405
1788749284.415024,54.124000,r2_2_L1_r18,0.6028555436059833,-0.0965974573045969,5.210584804415703,93.53335121057111,0.808617115020752,-0.4075107276439667,4.225281238555908,96.54345991321605,1.0534837458832593,3.010108702644945,1,282,1788749230.2910054
1788749284.461923,54.156000,r2_2_L1_r18,0.6101755304262042,-0.09995814599096775,5.21551339328289,93.53323636532794,0.8167999982833862,-0.4113955497741699,4.228233814239502,96.54420571377653,1.0556551967326147,3.010969348448587,1,278,1788749230.3059037
1788749284.507437,54.188000,r2_2_L1_r18,0.6174319190904498,-0.10345515049993992,5.220020458102226,93.53463529395366,0.8264602422714233,-0.4136114716529846,4.2328081130981445,96.55352281326144,1.05568839984699,3.0188875193077793,1,272,1788749230.31942
1788749284.558614,54.220000,r2_2_L1_r18,0.6262922091409564,-0.10806223191320896,5.225090190768242,93.53860200762999,0.8369695544242859,-0.4163796901702881,4.236205577850342,96.558661569594,1.057041804541108,3.020059561964008,1,269,1788749230.3385954
1788749284.605241,54.256000,r2_2_L1_r18,0.6331326169893146,-0.11194966919720173,5.228749915957451,93.54179446847766,0.8480815291404724,-0.4195525348186493,4.23958158493042,96.56203076489433,1.0579586687958535,3.0202362964166736,1,263,1788749230.3492227
1788749284.651512,54.288000,r2_2_L1_r18,0.6380349202081561,-0.11502564139664173,5.23130576312542,93.54483524571452,0.856112539768219,-0.42400628328323364,4.240679740905762,96.5531458498437,1.0603616369486288,3.0083106041291874,1,256,1788749230.3634968
1788749284.695646,54.320000,r2_2_L1_r18,0.6441869540140033,-0.11929665692150593,5.234456226229668,93.54933040489446,0.8636535406112671,-0.42830997705459595,4.2432451248168945,96.55418871231497,1.0612041567089026,3.0048583074205095,1,252,1788749230.3756282
1788749284.742425,54.352000,r2_2_L1_r18,0.6512115402147174,-0.12497435696423054,5.238233730196953,93.55505212792416,0.8709837198257446,-0.4320230484008789,4.2456135749816895,96.55766811141311,1.0620138805041643,3.002615983488956,1,244,1788749230.39041
1788749284.786192,54.388000,r2_2_L1_r18,0.6562716765329242,-0.129810007289052,5.241194412112236,93.55936190442485,0.8782211542129517,-0.43724164366722107,4.248723030090332,96.55606405182372,1.062438339773685,2.9967021473988797,1,241,1788749230.398175
1788749284.830683,54.420000,r2_2_L1_r18,0.6607828540727496,-0.1348679829388857,5.244064971804619,93.56410784604368,0.8848459720611572,-0.44273272156715393,4.2509684562683105,96.56080143032699,1.0635909304350504,2.9966935842832956,1,239,1788749230.4106677
1788749284.873802,54.452000,r2_2_L1_r18,0.6637970013543963,-0.13878905959427357,5.246167346835136,93.56798638524917,0.8898752927780151,-0.44803035259246826,4.252559185028076,96.56043939427462,1.064893774213101,2.9924530090254566,1,238,1788749230.42178
1788749284.920093,54.484000,r2_2_L1_r18,0.6681017084047198,-0.1455595511943102,5.249514266848564,93.57323004659725,0.8933089971542358,-0.4529359042644501,4.253161907196045,96.55716904138234,1.0667317234983453,2.9839389947850945,1,238,1788749230.4360769
1788749284.965450,54.520000,r2_2_L1_r18,0.6709228558465838,-0.15118791349232197,5.252083942294121,93.57684617938705,0.8962047100067139,-0.4582213759422302,4.2553019523620605,96.5550552911623,1.0670500439673498,2.9782091117752483,1,235,1788749230.4454312
1788749285.010153,54.552000,r2_2_L1_r18,0.6732159657403827,-0.15699428506195545,5.25460259616375,93.58248014008025,0.8989928960800171,-0.4632830321788788,4.256263732910156,96.56010812529354,1.0683952942457768,2.9776279852132994,1,235,1788749230.4581344
1788749285.058311,54.584000,r2_2_L1_r18,0.6753904623910785,-0.16447064466774464,5.257700130343437,93.5909840663202,0.9016940593719482,-0.46916183829307556,4.257809162139893,96.56776992896805,1.069500813358424,2.976785862647842,1,234,1788749230.4742959
1788749285.104199,54.616000,r2_2_L1_r18,0.6766133708879352,-0.17065812833607197,5.2601567953825,93.59898575384429,0.9033249616622925,-0.47477373480796814,4.25885534286499,96.57377936939838,1.0707422875299561,2.974793615554084,1,233,1788749230.488177
1788749285.152278,54.652000,r2_2_L1_r18,0.677224556915462,-0.17543319053947926,5.261995002627373,93.60550543786351,0.9051103591918945,-0.4820038080215454,4.260712623596191,96.58330743721444,1.0716734040466112,2.9778019993509286,1,233,1788749230.5002534
1788749285.198169,54.684000,r2_2_L1_r18,0.6777066988870502,-0.18361902423202991,5.265019580721855,93.6180959109041,0.9061866402626038,-0.4890892505645752,4.26173210144043,96.59069755243031,1.0733596363146463,2.972601641526211,1,231,1788749230.5141497
1788749285.248709,54.716000,r2_2_L1_r18,0.677623669616878,-0.19035516865551472,5.26741187274456,93.6295954521279,0.9052562117576599,-0.4958716034889221,4.263547420501709,96.58920313465721,1.0737321382317055,2.9596076825293176,1,231,1788749230.5326788
1788749285.292519,54.748000,r2_2_L1_r18,0.6771330637857318,-0.1972519475966692,5.26977364718914,93.64248879857318,0.903916597366333,-0.5033804178237915,4.264612674713135,96.58708177242926,1.0749390643082104,2.9445929738560834,1,229,1788749230.5445032
1788749285.336844,54.784000,r2_2_L1_r18,0.6759821576997638,-0.206073435023427,5.272709056735039,93.66246625281235,0.9039098620414734,-0.5122581720352173,4.266266822814941,96.59396710170732,1.0763949562328583,2.931500848894966,1,229,1788749230.5528257
1788749285.381544,54.816000,r2_2_L1_r18,0.6746290726587176,-0.21327674575150013,5.2750794142484665,93.67976335370996,0.9043048620223999,-0.5200884342193604,4.267710208892822,96.60797941079781,1.0778112526315504,2.9282160570878553,1,227,1788749230.5655212
1788749285.426708,54.848000,r2_2_L1_r18,0.6734068794175982,-0.21873687393963337,5.2768446654081345,93.69300246998053,0.9029804468154907,-0.5270954370498657,4.268330097198486,96.61720230549491,1.0793010055504881,2.924199835514384,1,227,1788749230.5786903
1788749285.470614,54.880000,r2_2_L1_r18,0.6710232300683856,-0.22797340340912342,5.279760524630547,93.71544302528314,0.9009338021278381,-0.5341780185699463,4.270216464996338,96.62041343788616,1.0797218835576183,2.9049704126030216,1,225,1788749230.5905998
1788749285.518109,54.916000,r2_2_L1_r18,0.6688678069040179,-0.23552105017006397,5.282083198428154,93.73501978245883,0.8983604311943054,-0.5437309145927429,4.27250862121582,96.61897608590058,1.080231925136705,2.8839563034417535,1,225,1788749230.6020925
1788749285.564857,54.948000,r2_2_L1_r18,0.6665341658517718,-0.24317357130348682,5.284369632601738,93.75559703281729,0.898794412612915,-0.5526008605957031,4.27400541305542,96.63506849819166,1.081908464577164,2.8794714653743654,1,224,1788749230.6168425
1788749285.609677,54.980000,r2_2_L1_r18,0.6640214724466205,-0.25090483017265797,5.28666989505291,93.77790093826333,0.8981326818466187,-0.5621120929718018,4.274805545806885,96.64243932861825,1.0842174505424393,2.864538390354926,1,224,1788749230.6296608
1788749285.654752,55.012000,r2_2_L1_r18,0.660624603740871,-0.2606745082885027,5.289616271853447,93.80498555076889,0.8969882130622864,-0.5708823800086975,4.2756476402282715,96.64861094297126,1.086383479904058,2.843625392202375,1,224,1788749230.642737
1788749285.701326,55.048000,r2_2_L1_r18,0.658468465320766,-0.2666109520941973,5.291454955935478,93.8216865845891,0.8936997056007385,-0.5802773237228394,4.276974201202393,96.64420799312923,1.0876081697091755,2.8225214085401333,1,224,1788749230.6533077
1788749285.746256,55.080000,r2_2_L1_r18,0.6554433507844806,-0.27458629198372364,5.293948337435722,93.84401301541075,0.8921124339103699,-0.5871333479881287,4.27893590927124,96.65518053288231,1.0880938132592373,2.8111675174715645,1,223,1788749230.6662304
1788749285.794159,55.112000,r2_2_L1_r18,0.6522543830797076,-0.2826329190284014,5.296442672610283,93.8648089987713,0.8901870846748352,-0.5937930941581726,4.280119895935059,96.66226194727768,1.0891944782562863,2.7974529485063835,1,221,1788749230.6821444
1788749285.841664,55.144000,r2_2_L1_r18,0.6481026811525226,-0.2928088027983904,5.299563571810722,93.89042528902229,0.8868414759635925,-0.6005651354789734,4.282489776611328,96.65867476658234,1.0891048054866634,2.7682494775600595,1,220,1788749230.6976488
1788749285.888346,55.180000,r2_2_L1_r18,0.6446766657754779,-0.30103796906769276,5.302082225680351,93.91049568446465,0.8827672600746155,-0.6091002225875854,4.28378438949585,96.64833389048736,1.0901926280779508,2.737838206022715,1,217,1788749230.7083273
1788749285.933025,55.212000,r2_2_L1_r18,0.642061154358089,-0.30725118704140186,5.304033920168877,93.92513234598525,0.8795834183692932,-0.6172587275505066,4.284887313842773,96.64218659043617,1.09141252799275,2.717054244450921,1,215,1788749230.7210088
1788749285.979623,55.244000,r2_2_L1_r18,0.637576918117702,-0.31767347641289234,5.307411357760429,93.948975039188,0.8763711452484131,-0.6250357627868652,4.2861809730529785,96.63187097467572,1.0928887210716915,2.6828959354877275,1,215,1788749230.7356038
1788749286.030849,55.276000,r2_2_L1_r18,0.6338662309572101,-0.32606822438538074,5.310221835970879,93.96698581515176,0.8699072003364563,-0.6307069659233093,4.288468360900879,96.60190598920057,1.0920166051342477,2.63492017404881,1,214,1788749230.7548287
1788749286.076905,55.312000,r2_2_L1_r18,0.6300461692735553,-0.3344705421477556,5.313082858920097,93.98151124067057,0.8653790354728699,-0.6385893821716309,4.2903642654418945,96.58390079856882,1.0926221433858483,2.6023895578982437,1,209,1788749230.7648911
1788749286.122155,55.344000,r2_2_L1_r18,0.6251622838899493,-0.34496945329010487,5.3166701048612595,93.99783996803096,0.8626325130462646,-0.6457014083862305,4.29127836227417,96.57617383472562,1.094650649439025,2.5783338666946656,1,207,1788749230.778138
1788749286.167996,55.376000,r2_2_L1_r18,0.6212348146364093,-0.35333901830017567,5.319490596652031,94.00660143073115,0.8591638803482056,-0.6530896425247192,4.293828010559082,96.56226160115753,1.0947348617562005,2.5556601704263793,1,205,1788749230.7919796
1788749286.213215,55.408000,r2_2_L1_r18,0.6182970805093646,-0.3596081752330065,5.321606323122978,94.01120706441425,0.8555813431739807,-0.6605219841003418,4.2955827713012695,96.54464046461143,1.095252149309999,2.5334334001971808,1,204,1788749230.8051994
1788749286.260661,55.444000,r2_2_L1_r18,0.6134102148935199,-0.37001136131584644,5.3251659125089645,94.01521003894267,0.8511009216308594,-0.6693019270896912,4.296707630157471,96.51613289138352,1.0971773572982213,2.500922852440858,1,203,1788749230.8166442
1788749286.305712,55.476000,r2_2_L1_r18,0.6094971699640155,-0.378311337903142,5.328034088015556,94.01453414151982,0.8478437066078186,-0.6776198744773865,4.299843788146973,96.49694438617249,1.0970733632443,2.482410244652667,1,201,1788749230.8296878
1788749286.350514,55.508000,r2_2_L1_r18,0.6055728001520038,-0.3866108376532793,5.330887004733086,94.01306749971295,0.8451621532440186,-0.685026228427887,4.301904678344727,96.48229545378861,1.0978430814947149,2.4692279540756656,1,198,1788749230.8424985
1788749286.397447,55.540000,r2_2_L1_r18,0.600653569214046,-0.39694336242973804,5.334397956728935,94.00652478376875,0.8429089188575745,-0.6925668120384216,4.302229404449463,96.46696562546279,1.1006601649483585,2.460440841694049,1,198,1788749230.857433
1788749286.442942,55.576000,r2_2_L1_r18,0.5967001719400287,-0.40517482347786427,5.337150737643242,93.9987387887324,0.8395357728004456,-0.7002655267715454,4.304304122924805,96.4454424274753,1.1012809731176394,2.4467036387429,1,197,1788749230.8669248
1788749286.490115,55.608000,r2_2_L1_r18,0.5937126679345965,-0.4113214332610369,5.339193031191826,93.99138887361161,0.8351914882659912,-0.7072426676750183,4.306353569030762,96.41605281967401,1.1011987796228675,2.424663946062394,1,196,1788749230.882098
1788749286.535813,55.640000,r2_2_L1_r18,0.5896919770166278,-0.4194514472037554,5.341904804110527,93.97977480114196,0.8319535255432129,-0.7146240472793579,4.307431221008301,96.39076360384477,1.1027026416338401,2.4109888027028217,1,195,1788749230.8957932
1788749286.587008,55.672000,r2_2_L1_r18,0.584621767513454,-0.4295403081923723,5.34535376727581,93.96124703971952,0.8286491632461548,-0.7221758365631104,4.309121131896973,96.36460752243156,1.1040665727016086,2.4033604827120403,1,194,1788749230.914989
1788749286.630443,55.708000,r2_2_L1_r18,0.5805544061586261,-0.43758624978363514,5.348157092928886,93.94456594127612,0.8244450688362122,-0.73043292760849,4.3109049797058105,96.33025636661827,1.105049219917422,2.385690425342152,1,194,1788749230.922426
1788749286.679172,55.740000,r2_2_L1_r18,0.5764963431283832,-0.44562301225960255,5.3509484976530075,93.92724281470416,0.8205466866493225,-0.7378547191619873,4.312364101409912,96.29722189475515,1.106172449851923,2.3699790800509977,1,193,1788749230.9391534
1788749286.724358,55.772000,r2_2_L1_r18,0.5734519762918353,-0.45165342278778553,5.353011295199394,93.9144379433373,0.8179113268852234,-0.7456956505775452,4.313483238220215,96.27221372480174,1.107628000306517,2.357775781464447,1,192,1788749230.9523425
1788749286.769401,55.804000,r2_2_L1_r18,0.568369428627193,-0.46164858527481556,5.356334373354912,93.8929257997249,0.8155537247657776,-0.753078043460846,4.3148627281188965,96.25200699895565,1.1093666630950938,2.3590811992307446,1,192,1788749230.9653869
1788749286.815450,55.840000,r2_2_L1_r18,0.5643239421769977,-0.46958968229591846,5.358957931399345,93.87563596509608,0.8111563324928284,-0.7606203556060791,4.316467761993408,96.2179035281149,1.1101400069470568,2.342267563018827,1,192,1788749230.9754295
1788749286.858922,55.872000,r2_2_L1_r18,0.5602929396554828,-0.4774992186576128,5.361605808138847,93.85841625089296,0.8075501322746277,-0.7681680917739868,4.318090915679932,96.18882284806834,1.1111020852667797,2.3304065971753847,1,189,1788749230.9868855
1788749286.903203,55.904000,r2_2_L1_r18,0.5552480621263385,-0.4873278457671404,5.364928886294365,93.83617375003978,0.8050442337989807,-0.7759562134742737,4.319015979766846,96.16409163364072,1.1133904391849407,2.327917883600942,1,189,1788749230.9991875
1788749286.948885,55.936000,r2_2_L1_r18,0.5512300534173846,-0.495159151032567,5.367605850100517,93.81845052246935,0.8015821576118469,-0.7837264537811279,4.320491313934326,96.1368161079362,1.1146282412269626,2.318365585466856,1,187,1788749231.01287
1788749286.998165,55.972000,r2_2_L1_r18,0.5482175154611468,-0.5010289568454027,5.36961667239666,93.80673263335541,0.7978889346122742,-0.7918631434440613,4.322958946228027,96.1092653767711,1.1146356971602576,2.302532743415685,1,187,1788749231.0261438
1788749287.048206,56.004000,r2_2_L1_r18,0.5431885523721576,-0.5107980985194445,5.372900649905205,93.7873415097295,0.7945066690444946,-0.7996978163719177,4.324186325073242,96.08334034293432,1.1164343141675324,2.2959988332048207,1,186,1788749231.0441883
1788749287.092676,56.036000,r2_2_L1_r18,0.5391664309427142,-0.5186259169131517,5.375513240695,93.77330002898745,0.7912148833274841,-0.8075727224349976,4.324568271636963,96.06071804531375,1.1187063988192947,2.2874180163263005,1,185,1788749231.0566545
1788749287.139194,56.068000,r2_2_L1_r18,0.5351640386506915,-0.5264603514224291,5.378179714083672,93.75892297865441,0.7887778878211975,-0.8157566785812378,4.325775146484375,96.04335348703897,1.1205211837812434,2.284430508384551,1,185,1788749231.0711765
1788749287.185012,56.104000,r2_2_L1_r18,0.5301998062059283,-0.5362485069781542,5.381570503115654,93.74354642957883,0.7858896851539612,-0.8236212730407715,4.32792854309082,96.0257681843334,1.1216602876075772,2.282221754754571,1,184,1788749231.0809963
1788749287.230869,56.136000,r2_2_L1_r18,0.5262754959985614,-0.5440976042300463,5.384330913424492,93.73328124000302,0.7828014492988586,-0.8304881453514099,4.329840183258057,96.00871583908749,1.1223973479866012,2.275434599084468,1,183,1788749231.094841
1788749287.278139,56.168000,r2_2_L1_r18,0.5233344240114093,-0.5499708075076342,5.386391803622246,93.72643683482498,0.7785245776176453,-0.8366104960441589,4.331488132476807,95.98445854722247,1.1225444672430642,2.258021712397493,1,183,1788749231.1101222
1788749287.325747,56.200000,r2_2_L1_r18,0.5184688372537494,-0.5597443599253893,5.38980071246624,93.7145729671094,0.7785245776176453,-0.8366104960441589,4.331488132476807,95.98445469824038,1.1244151201355492,2.269881731130986,1,182,1788749231.1257265
1788749287.368844,56.236000,r2_2_L1_r18,0.5146275563165545,-0.5675558466464281,5.392519637942314,93.70676745677855,0.7706920504570007,-0.8508410453796387,4.334223747253418,95.94580827940717,1.1250820953289236,2.2390408226286205,1,180,1788749231.1328263
1788749287.412933,56.268000,r2_2_L1_r18,0.5108476085588336,-0.5753412265330553,5.395245239138603,93.69794480948576,0.7706920504570007,-0.8508410453796387,4.334223747253418,95.94579957941576,1.1265815063332676,2.2478547699300013,1,178,1788749231.1449182
1788749287.462400,56.300000,r2_2_L1_r18,0.5071364445611835,-0.5831162352114916,5.398035690188408,93.69040050079956,0.7624728679656982,-0.864611804485321,4.337742328643799,95.90833440316361,1.1263473963095818,2.217933902364045,1,177,1788749231.1623642
1788749287.506020,56.332000,r2_2_L1_r18,0.5025780005380511,-0.5928080100566149,5.401578113436699,93.6808739851509,0.7581449747085571,-0.8722661137580872,4.3398213386535645,95.88770178344832,1.127270490525222,2.20682779829742,1,177,1788749231.1740003
1788749287.551224,56.368000,r2_2_L1_r18,0.4998767180368304,-0.5986320395022631,5.403749153017998,93.67519639176972,0.753916323184967,-0.8798617720603943,4.342136383056641,95.87188931311063,1.1272302146427609,2.1966929213409063,1,177,1788749231.1832073
1788749287.596146,56.400000,r2_2_L1_r18,0.49628139566630125,-0.6064124125987291,5.406644508242607,93.66859254657781,0.745355486869812,-0.8865131735801697,4.344231605529785,95.84737002069136,1.1265946542842822,2.1787774741135464,1,177,1788749231.1961079
1788749287.643018,56.432000,r2_2_L1_r18,0.4926825864240527,-0.6142062563449144,5.409490272402763,93.66274972101368,0.7445119023323059,-0.894902765750885,4.3422136306762695,95.84163924101652,1.1319399121501537,2.178889520002842,1,355,1788749231.211002
1788749287.687633,56.464000,r2_2_L1_r18,0.48823494743555784,-0.6239735502749681,5.4129955023527145,93.65533201100045,0.7445119023323059,-0.894902765750885,4.3422136306762695,95.84162152878852,1.1338669825515055,2.18628951778808,1,328,1788749231.2236142
1788749287.733542,56.500000,r2_2_L1_r18,0.48474938701838255,-0.6318140644580126,5.41582028567791,93.65107048049633,0.7384681105613708,-0.9091523885726929,4.345068454742432,95.83735006552743,1.1348124162832824,2.1862795850310985,1,319,1788749231.233516
1788749287.779566,56.532000,r2_2_L1_r18,0.48219562601298094,-0.6377362031489611,5.417967960238457,93.64714586554231,0.7384681105613708,-0.9091523885726929,4.345068454742432,95.83733803818616,1.13598225379633,2.1901921726438407,1,312,1788749231.2475443
1788749287.824176,56.564000,r2_2_L1_r18,0.47802705597132444,-0.647631349042058,5.421510860323906,93.64128708323196,0.7324541211128235,-0.9221859574317932,4.348794937133789,95.82966240072466,1.1361482369524596,2.1883753174926914,1,309,1788749231.260158
1788749287.870886,56.596000,r2_2_L1_r18,0.4747462375089526,-0.6555867213755846,5.424335643649101,93.63754078245525,0.7324541211128235,-0.9221859574317932,4.348794937133789,95.8296690010954,1.1376626553195799,2.192128218640141,1,302,1788749231.2748551
1788749287.915755,56.632000,r2_2_L1_r18,0.47147176694124937,-0.6635598558932543,5.427101299166679,93.63405045806279,0.7255285978317261,-0.9373449087142944,4.352850437164307,95.82841259099824,1.1373293467519305,2.194362132935456,1,300,1788749231.2837389
1788749287.961815,56.664000,r2_2_L1_r18,0.46738247107714415,-0.6735349912196398,5.430433914065361,93.63092684408825,0.7255285978317261,-0.9373449087142944,4.352850437164307,95.82842289101109,1.139044004864208,2.1974960469228377,1,292,1788749231.2977922
1788749288.008107,56.696000,r2_2_L1_r18,0.46412650775164366,-0.6815177220851183,5.433068439364433,93.62815905671033,0.7199112176895142,-0.9512515068054199,4.355792045593262,95.8352071839691,1.1396080734332128,2.2070481272587728,1,290,1788749231.3120847
1788749288.053568,56.728000,r2_2_L1_r18,0.4616988403722644,-0.6875144261866808,5.435098811984062,93.62734266927663,0.7162801027297974,-0.9596768021583557,4.358227252960205,95.8316223898802,1.139533383746424,2.204279720603569,1,288,1788749231.32555
1788749288.097845,56.764000,r2_2_L1_r18,0.45760835241526365,-0.6975268144160509,5.438548728823662,93.62658971751422,0.712360143661499,-0.9679411053657532,4.360960483551025,95.83186107334801,1.1398327904753203,2.2052713558337844,1,286,1788749231.3338296
1788749288.143844,56.796000,r2_2_L1_r18,0.45425121020525694,-0.7055363077670336,5.4413415640592575,93.62720427964639,0.7091704607009888,-0.9742121696472168,4.363338947296143,95.83489824973354,1.139850948492165,2.207693970087144,1,284,1788749231.3478289
1788749288.188481,56.828000,r2_2_L1_r18,0.45078838896006346,-0.7135378737002611,5.44414059817791,93.62839153787445,0.7055911421775818,-0.9818002581596375,4.3653364181518555,95.83511029378701,1.1404856898728477,2.206718755912561,1,280,1788749231.3604655
1788749288.232733,56.860000,r2_2_L1_r18,0.4463838143274188,-0.7234981674700975,5.447593376040459,93.63238114066318,0.701815128326416,-0.9900217652320862,4.367606163024902,95.83367872491715,1.1413379712479372,2.2012975842539557,1,277,1788749231.372716
1788749288.281106,56.896000,r2_2_L1_r18,0.4428197545930743,-0.7314445991069078,5.450345680117607,93.63565590564113,0.69832444190979,-0.99840247631073,4.370352268218994,95.8396842506022,1.141461748455195,2.2040283449610794,1,276,1788749231.3850825
1788749288.327047,56.928000,r2_2_L1_r18,0.44012031983584166,-0.7373927850276232,5.452452823519707,93.638210341266,0.6950318813323975,-1.005739450454712,4.371822834014893,95.84576953355057,1.1422569812645598,2.2075591922845623,1,275,1788749231.39903
1788749288.373084,56.960000,r2_2_L1_r18,0.4364824993535876,-0.7452909965068102,5.455270454287529,93.6426385064199,0.6916029453277588,-1.0130205154418945,4.372713088989258,95.84714013924342,1.1439825114156275,2.2045016328235167,1,275,1788749231.413068
1788749288.416641,56.992000,r2_2_L1_r18,0.4319211943075061,-0.7551640290766954,5.458831951022148,93.64850095107779,0.6881200075149536,-1.020108938217163,4.373819828033447,95.85099816488083,1.14589918570562,2.202497213803047,1,272,1788749231.4246194
1788749288.463866,57.028000,r2_2_L1_r18,0.4283307595178485,-0.7631203550845385,5.461692497134209,93.65272402004712,0.6840227246284485,-1.028770089149475,4.377562522888184,95.85598230337914,1.1451139520980342,2.2032582833320147,1,271,1788749231.4358487
1788749288.510618,57.060000,r2_2_L1_r18,0.42478356789797544,-0.771147133782506,5.46455542743206,93.65667673004958,0.6812518835067749,-1.0355266332626343,4.381380558013916,95.86688959290706,1.1440892947648762,2.210212862857477,1,269,1788749231.4506006
1788749288.558883,57.092000,r2_2_L1_r18,0.4221560461446643,-0.7772268671542406,5.466698810458183,93.65871414199572,0.6784574389457703,-1.0427665710449219,4.384640693664551,95.87745200680364,1.1432635332298149,2.218737864807927,1,266,1788749231.466868
1788749288.609694,57.124000,r2_2_L1_r18,0.41782386135309935,-0.7874516863375902,5.470228835940361,93.66180598041888,0.6760203838348389,-1.0501172542572021,4.387060165405273,95.8892756784007,1.1440773634772017,2.227469697981815,1,262,1788749231.4856791
1788749288.655817,57.160000,r2_2_L1_r18,0.4143965346738696,-0.7957609910517931,5.473094627261162,93.66464546119892,0.6722997426986694,-1.0578892230987549,4.388165473937988,95.8928856490508,1.145555124154262,2.228240187851881,1,262,1788749231.4957945
1788749288.701933,57.192000,r2_2_L1_r18,0.4109781188890338,-0.8041362185031176,5.476006671786308,93.66683154908097,0.6683457493782043,-1.06525719165802,4.389894485473633,95.8943817167219,1.1463254080329344,2.227550167640939,1,258,1788749231.5099177
1788749288.748420,57.224000,r2_2_L1_r18,0.4066993100568652,-0.8146359343081713,5.479613468050957,93.66858361616005,0.6650062203407288,-1.0723145008087158,4.392331600189209,95.89823739266448,1.146866410579324,2.229653776504427,1,256,1788749231.5244033
1788749288.793876,57.256000,r2_2_L1_r18,0.40328706335276365,-0.8230722565203905,5.482503101229668,93.6702216644805,0.6618818044662476,-1.0793626308441162,4.394404888153076,95.90679790108202,1.147394316441831,2.236576236601525,1,256,1788749231.5378597
1788749288.842837,57.292000,r2_2_L1_r18,0.40073935221880674,-0.8294114489108324,5.484675094485283,93.67174083912965,0.6589766144752502,-1.08737313747406,4.3974609375,95.92115015401981,1.146850181816838,2.249409314890159,1,256,1788749231.5508127
1788749288.886599,57.324000,r2_2_L1_r18,0.3965071840211749,-0.8399209398776293,5.4882446974515915,93.67225489713577,0.6572017073631287,-1.0933341979980469,4.40084981918335,95.93286928023161,1.1465633585527224,2.260614383095849,1,255,1788749231.5625715
1788749288.930458,57.356000,r2_2_L1_r18,0.39314485620707273,-0.8483076710253954,5.491165801882744,93.67241982764526,0.654437243938446,-1.1001967191696167,4.403001308441162,95.94398391264187,1.147093618345224,2.271564084996609,1,250,1788749231.5744393
1788749288.976391,57.388000,r2_2_L1_r18,0.3897887272760272,-0.8566488046199083,5.494178935885429,93.67352742871118,0.6514103412628174,-1.1073707342147827,4.404858112335205,95.9492779284014,1.1480101094959787,2.275750499690216,1,248,1788749231.5883718
1788749289.024746,57.424000,r2_2_L1_r18,0.3855923814699054,-0.8669744748622179,5.497987911105156,93.67446461510346,0.6478675603866577,-1.115069031715393,4.407542705535889,95.95250939863644,1.148655703405067,2.278044783532978,1,247,1788749231.6007302
1788749289.075548,57.456000,r2_2_L1_r18,0.38223550748080015,-0.8751609344035387,5.501063987612724,93.67516996471409,0.6447705030441284,-1.1220999956130981,4.409817218780518,95.95944276199727,1.1492271465351083,2.2842727972831858,1,246,1788749231.619523
1788749289.123312,57.488000,r2_2_L1_r18,0.37970904540270567,-0.8812733311206102,5.503353759646416,93.6751114047038,0.6429104208946228,-1.1287721395492554,4.412353038787842,95.9714793305471,1.149266373452371,2.296367925843306,1,245,1788749231.6352973
1788749289.166507,57.520000,r2_2_L1_r18,0.37549115251749754,-0.8913985509425402,5.507121726870537,93.67768734500895,0.6408795714378357,-1.1356556415557861,4.4145989418029785,95.98442714376694,1.150521001591739,2.3067397987579787,1,242,1788749231.6464872
1788749289.212736,57.556000,r2_2_L1_r18,0.3721410734578967,-0.8994551915675402,5.510200664401054,93.68042007963422,0.6385545134544373,-1.142545223236084,4.4173173904418945,96.0003781442077,1.1508530466602138,2.319958064573486,1,241,1788749231.6567183
1788749289.260598,57.588000,r2_2_L1_r18,0.3688491089269519,-0.9074313063174486,5.513352081179619,93.68224733880936,0.6361397504806519,-1.1492124795913696,4.419827938079834,96.01090269271383,1.151389366962376,2.3286553539044617,1,241,1788749231.6725683
1788749289.306864,57.620000,r2_2_L1_r18,0.36561165284365416,-0.9153240937739611,5.51658122241497,93.68337787479777,0.6332525014877319,-1.1562085151672363,4.422599792480469,96.01401861615139,1.1517171082233832,2.330640741353614,1,238,1788749231.6868486
1788749289.353900,57.652000,r2_2_L1_r18,0.36160291265696287,-0.925059737637639,5.5206567496061325,93.68584821143878,0.6307711005210876,-1.1629459857940674,4.425010681152344,96.02075624134231,1.1530315207045483,2.334908029903537,1,236,1788749231.7018862
1788749289.400179,57.688000,r2_2_L1_r18,0.3592185778543353,-0.9308393616229296,5.523143455386162,93.68742159210818,0.6278976202011108,-1.1704139709472656,4.426844596862793,96.0285696685283,1.1538871731798261,2.3411480764201205,1,233,1788749231.712161
1788749289.447495,57.720000,r2_2_L1_r18,0.3560793502256274,-0.9384563583880663,5.526430293917656,93.69010159112031,0.6252213716506958,-1.1774744987487793,4.42874002456665,96.03373836777132,1.1552017254774807,2.3436367766510044,1,231,1788749231.7274773
1788749289.492544,57.752000,r2_2_L1_r18,0.35297519993036985,-0.9459912199527025,5.529663249850273,93.69276930119014,0.6234267354011536,-1.1834380626678467,4.431436061859131,96.04416873918932,1.1556937278521617,2.3513994379991763,1,225,1788749231.7405303
1788749289.538194,57.784000,r2_2_L1_r18,0.349161128513515,-0.9553064722567797,5.533719226717949,93.69538708688988,0.6203606128692627,-1.1901084184646606,4.433983325958252,96.04735761489722,1.1567627957699773,2.35197052800734,1,223,1788749231.7541769
1788749289.582999,57.820000,r2_2_L1_r18,0.3461594684049487,-0.9627133030444384,5.536989852786064,93.69910926333179,0.616334855556488,-1.1980503797531128,4.436798095703125,96.0392590187465,1.157065331711876,2.3401497554147106,1,222,1788749231.7629836
1788749289.630619,57.852000,r2_2_L1_r18,0.3439433379098773,-0.9682542700320482,5.539449855685234,93.70079937061446,0.6129487752914429,-1.2051241397857666,4.439882755279541,96.03411028569428,1.1565115947678928,2.3333109150798217,1,222,1788749231.7786014
1788749289.675017,57.884000,r2_2_L1_r18,0.34032274316996336,-0.9774650353938341,5.54348723590374,93.70571838649215,0.6096466183662415,-1.212356448173523,4.442805290222168,96.02913306602373,1.157242442661757,2.3234146795315853,1,220,1788749231.790988
1788749289.721786,57.916000,r2_2_L1_r18,0.33749015163630247,-0.984848977997899,5.54667441546917,93.70793037601362,0.606307327747345,-1.2190840244293213,4.443929195404053,96.0265631412089,1.1589545942466897,2.3186327651952685,1,218,1788749231.8057697
1788749289.769340,57.952000,r2_2_L1_r18,0.3347175223752856,-0.9922664184123278,5.549789115786552,93.71034369587079,0.603107750415802,-1.227233648300171,4.443273067474365,96.02643368759702,1.1625922237832256,2.3160899917262254,1,217,1788749231.8173242
1788749289.815418,57.984000,r2_2_L1_r18,0.3313669366762042,-1.0015900153666735,5.553713008761406,93.713349806924,0.6004651188850403,-1.235764503479004,4.441120147705078,96.02526592435898,1.168381100935939,2.3119161174349867,1,215,1788749231.8314023
1788749289.862548,58.016000,r2_2_L1_r18,0.32876188587397337,-1.0091003198176622,5.556919261813164,93.71360762264624,0.5972146987915039,-1.2449800968170166,4.439473628997803,96.02118885493802,1.1731968821381697,2.3075812322917844,1,213,1788749231.8465216
1788749289.906732,58.048000,r2_2_L1_r18,0.326864848844707,-1.0147751588374376,5.559368297457695,93.71325604902161,0.5948899388313293,-1.2518497705459595,4.440002918243408,96.01947772336064,1.1751683592416142,2.3062216743390307,1,210,1788749231.858716
1788749289.950281,58.084000,r2_2_L1_r18,0.3238301081582904,-1.024320961907506,5.563485309481621,93.71125068327402,0.5920482873916626,-1.2590888738632202,4.441205024719238,96.01726007367567,1.1775270704835816,2.306009390401654,1,209,1788749231.866267
1788749289.996696,58.116000,r2_2_L1_r18,0.3215218288823962,-1.0320179481059313,5.566779300570488,93.70904361124222,0.589417040348053,-1.2658045291900635,4.442246437072754,96.01534461713727,1.1794058550421267,2.3063010058950444,1,208,1788749231.8806772
1788749290.041383,58.148000,r2_2_L1_r18,0.3192969663068652,-1.0397425908595324,5.570035144686699,93.70580895598634,0.5875774621963501,-1.2728925943374634,4.443187236785889,96.02032038288415,1.181575031953917,2.3145114268978118,1,206,1788749231.893366
1788749290.092465,58.180000,r2_2_L1_r18,0.3166068894788623,-1.0493770856410265,5.574008151888847,93.7016307545198,0.586209237575531,-1.2797062397003174,4.4449238777160645,96.02785575384029,1.1834560589617114,2.3262249993204853,1,206,1788749231.9124408
1788749290.137633,58.216000,r2_2_L1_r18,0.3145418865606189,-1.057086469605565,5.577215358614922,93.69711937347768,0.5834085941314697,-1.2874577045440674,4.446981906890869,96.02633100306139,1.1843934598448043,2.329211629583705,1,206,1788749231.9216163
1788749290.182360,58.248000,r2_2_L1_r18,0.31303835939615965,-1.0628693122416735,5.579641506075859,93.6943952552072,0.5805776715278625,-1.2949047088623047,4.449082374572754,96.02073566663967,1.1847285168534831,2.326340411432471,1,204,1788749231.934343
1788749290.227134,58.280000,r2_2_L1_r18,0.31107313465327024,-1.070572854951024,5.582854434847832,93.69100502487947,0.5777674317359924,-1.3021767139434814,4.450754642486572,96.01459096455623,1.1859241693552975,2.323585939676762,1,203,1788749231.9471188
1788749290.273546,58.312000,r2_2_L1_r18,0.30868087243288755,-1.080172659829259,5.586855098605156,93.68894406787348,0.5745857954025269,-1.3088176250457764,4.4517083168029785,96.00503036940601,1.1880833996038294,2.31608630153254,1,202,1788749231.961528
1788749290.319513,58.348000,r2_2_L1_r18,0.30681950878351927,-1.0878589171916246,5.590028926730156,93.6882445959365,0.5719318985939026,-1.3158169984817505,4.453523635864258,96.00338869526671,1.1890726395904618,2.315144099330204,1,199,1788749231.9714968
1788749290.362827,58.380000,r2_2_L1_r18,0.30498651694506407,-1.095513941720128,5.593134567141533,93.68759949722492,0.5712161660194397,-1.3225802183151245,4.454326152801514,96.0132949709098,1.1913529806839824,2.3256954736848767,1,198,1788749231.9828112
1788749290.407617,58.412000,r2_2_L1_r18,0.3036485416814685,-1.1012256164103746,5.5954505652189255,93.68808661903999,0.5684420466423035,-1.3301912546157837,4.454128742218018,96.0088421596105,1.1937991319339991,2.3207555405705,1,197,1788749231.9956012
1788749290.455388,58.444000,r2_2_L1_r18,0.30147854518145323,-1.110633971169591,5.599293872714043,93.68906602934564,0.5662144422531128,-1.3371535539627075,4.455719470977783,96.00346406840492,1.1954742276157808,2.3143980390592924,1,194,1788749232.0113714
1788749290.501101,58.480000,r2_2_L1_r18,0.29977698158472776,-1.1180752534419298,5.602364704012871,93.69216493605747,0.5633981823921204,-1.3455924987792969,4.457274913787842,95.99391735903575,1.1968671029477902,2.301752422978281,1,193,1788749232.021087
1788749290.545073,58.512000,r2_2_L1_r18,0.2981146080419421,-1.1254807729274035,5.605404540896416,93.69456404727792,0.5608734488487244,-1.352691650390625,4.45940637588501,95.98896776621989,1.197488532500099,2.2944037189419593,1,192,1788749232.0330575
1788749290.591827,58.544000,r2_2_L1_r18,0.29609284829348326,-1.1347161550074816,5.609104320406914,93.69929706556951,0.5588622093200684,-1.359715223312378,4.46151065826416,95.98670332537823,1.1986006554405884,2.2874062598087184,1,192,1788749232.047811
1788749290.638798,58.576000,r2_2_L1_r18,0.2945319814607501,-1.1420857924968004,5.6119863241910934,93.70446379277733,0.556686520576477,-1.3663873672485352,4.463547229766846,95.98514704826785,1.1991449255269662,2.2806832554905117,1,191,1788749232.0627813
1788749290.685105,58.612000,r2_2_L1_r18,0.29340169858187437,-1.147634508088231,5.614121124148369,93.70838678530292,0.5549644231796265,-1.3736329078674316,4.465023040771484,95.98627285250788,1.199965308174444,2.277886067204953,1,191,1788749232.073086
1788749290.729717,58.644000,r2_2_L1_r18,0.29157413076609373,-1.1568803805857897,5.617652103304863,93.7172344837562,0.5529131293296814,-1.3795543909072876,4.466522216796875,95.98178719388095,1.2012417752703952,2.2645527101247427,1,191,1788749232.0857005
1788749290.775628,58.676000,r2_2_L1_r18,0.29020834993571043,-1.1643183249980211,5.6205383986234665,93.72319063873142,0.5501224398612976,-1.385769009590149,4.4681830406188965,95.9682684659067,1.2018812798983138,2.2450778271752774,1,188,1788749232.099613
1788749290.818964,58.708000,r2_2_L1_r18,0.28893742989748716,-1.171780588105321,5.623454734683037,93.7270099404443,0.5476980805397034,-1.3925189971923828,4.470704078674316,95.96133660554219,1.2018804410154968,2.2343266650978832,1,184,1788749232.110948
1788749290.864444,58.744000,r2_2_L1_r18,0.28745807241648436,-1.1811341065913439,5.627114459872246,93.7339757678785,0.5454840064048767,-1.4007785320281982,4.473270893096924,95.95673693551531,1.2025705936970457,2.222761167636799,1,183,1788749232.1204293
1788749290.910419,58.776000,r2_2_L1_r18,0.28634492587298155,-1.1886611003428698,5.630054160952568,93.73715107490003,0.5441466569900513,-1.4081004858016968,4.4748921394348145,95.9550515752427,1.2037502533393247,2.217900500342681,1,180,1788749232.1344013
1788749290.955161,58.808000,r2_2_L1_r18,0.28556166123598814,-1.1943171042948961,5.632221385836601,93.7393737725264,0.5423809289932251,-1.4150853157043457,4.476546764373779,95.95215114111754,1.204275122284575,2.2127773685911265,1,180,1788749232.1471438
1788749291.000024,58.840000,r2_2_L1_r18,0.28434897493571043,-1.2037495393306017,5.63542477786541,93.74139885413724,0.5413177013397217,-1.4221712350845337,4.477948188781738,95.95206798353826,1.2056089821341303,2.2106691294010083,1,180,1788749232.1600056
1788749291.044403,58.876000,r2_2_L1_r18,0.28346679639071226,-1.211296321824193,5.637057468295097,93.74326066710894,0.5401298999786377,-1.4300018548965454,4.4802165031433105,95.94986897882355,1.204985094344808,2.2066083117146125,1,180,1788749232.1683803
1788749291.089676,58.908000,r2_2_L1_r18,0.28265834879130125,-1.2188045997172594,5.637721225619316,93.74414479596287,0.5413533449172974,-1.4406085014343262,4.480806350708008,95.95340450293374,1.2060564247283754,2.209259706970869,1,180,1788749232.18166
1788749291.135648,58.940000,r2_2_L1_r18,0.281935284845531,-1.2263102550059557,5.637527152895927,93.7444788297763,0.5409659147262573,-1.4474674463272095,4.481431007385254,95.95477667041514,1.205224322752469,2.2102978406388396,1,178,1788749232.1956332
1788749291.181221,58.972000,r2_2_L1_r18,0.28111071418970823,-1.2357203979045153,5.636259242892265,93.74369614109149,0.5401952862739563,-1.4534509181976318,4.482274055480957,95.95604883120049,1.2025860500288124,2.212352690109009,1,177,1788749232.209206
1788749291.228345,59.008000,r2_2_L1_r18,0.2806866867467761,-1.2413697261363268,5.6350599974393845,93.74402464368623,0.5396670699119568,-1.4595098495483398,4.482118606567383,95.95932652687956,1.2016363023363008,2.215301883193328,1,177,1788749232.2203126
1788749291.272703,59.040000,r2_2_L1_r18,0.2801911039277911,-1.2489147204905748,5.633066818118095,93.74446897747556,0.5393660068511963,-1.4653016328811646,4.481515884399414,95.96517878829036,1.2000268659941142,2.220709810814804,1,175,1788749232.2326877
1788749291.317562,59.072000,r2_2_L1_r18,0.27976785134524107,-1.256488086655736,5.630617305636406,93.74400828898867,0.5384963750839233,-1.4733062982559204,4.475977897644043,95.96366948672586,1.2029724636775585,2.219661197737193,1,175,1788749232.245541
1788749291.365663,59.104000,r2_2_L1_r18,0.2793562514707446,-1.2660378236323595,5.6265880316495895,93.74203139646755,0.5388161540031433,-1.4803098440170288,4.472375392913818,95.96825883679483,1.2022640122532329,2.2262274403272806,1,173,1788749232.2616463
1788749291.412816,59.140000,r2_2_L1_r18,0.27912340592592955,-1.2737566251307726,5.622638389468193,93.74087294854282,0.5384641885757446,-1.4872788190841675,4.469845294952393,95.97244472672534,1.2007419737892921,2.231571778182527,1,173,1788749232.2728002
1788749291.462289,59.172000,r2_2_L1_r18,0.27898336481302977,-1.27956628985703,5.619332000613213,93.73937055962132,0.5353059768676758,-1.498694658279419,4.459653854370117,95.96494015726022,1.2077135116292261,2.2255695976388954,1,171,1788749232.2902658
1788749291.505868,59.204000,r2_2_L1_r18,0.27881215047091246,-1.289209010079503,5.613303825259209,93.73584261368465,0.5465817451477051,-1.5124410390853882,4.440396308898926,95.95933325474508,1.2236196862350268,2.2234906410604243,1,368,1788749232.3018508
1788749291.551764,59.236000,r2_2_L1_r18,0.2787727816030383,-1.296881439164281,5.608190700411797,93.73361940680446,0.5456315279006958,-1.5168040990829468,4.437932968139648,95.9545858137972,1.2202797739715305,2.2209664069927255,1,306,1788749232.315746
1788749291.600477,59.272000,r2_2_L1_r18,0.2788202567026019,-1.3045046348124743,5.603347942233086,93.73094974049592,0.544776439666748,-1.5244449377059937,4.438743591308594,95.94759979601554,1.2146644484325737,2.216650055519622,1,296,1788749232.3284545
1788749291.647954,59.304000,r2_2_L1_r18,0.2789912922307849,-1.313947083428502,5.5992700308561325,93.72632286453894,0.5439377427101135,-1.5299996137619019,4.440559387207031,95.94357010335096,1.2080917486643035,2.2172472388120186,1,294,1788749232.3439376
1788749291.693102,59.336000,r2_2_L1_r18,0.279230366460979,-1.321445943787694,5.597691223025322,93.72433697149998,0.5439010858535767,-1.5356545448303223,4.442211151123047,95.94623536005743,1.204603715346969,2.22189838855745,1,291,1788749232.357082
1788749291.738405,59.368000,r2_2_L1_r18,0.2794994218274951,-1.3270387668162584,5.5973779410123825,93.72334929180516,0.544119656085968,-1.5415961742401123,4.443953514099121,95.94955044076907,1.2026831079131528,2.226201148963917,1,289,1788749232.3703887
1788749291.782488,59.404000,r2_2_L1_r18,0.2801242573186755,-1.3363423366099596,5.5982252806425095,93.7233924170281,0.5447503328323364,-1.548309087753296,4.445356845855713,95.95329229589403,1.2016915125604328,2.229899878865929,1,288,1788749232.3784683
1788749291.827510,59.436000,r2_2_L1_r18,0.28076122235506773,-1.343786122277379,5.599923297762871,93.722731826968,0.5452190637588501,-1.5551964044570923,4.447445869445801,95.95476588393547,1.201181285265293,2.232034056967465,1,287,1788749232.391489
1788749291.872434,59.468000,r2_2_L1_r18,0.28148485254496336,-1.3512715119868517,5.602287456393242,93.72252542908923,0.5460362434387207,-1.5616919994354248,4.4486165046691895,95.95884494913547,1.2021734004767357,2.236319520046237,1,281,1788749232.4044187
1788749291.918625,59.500000,r2_2_L1_r18,0.2825051946565509,-1.3606418389827013,5.605806991457939,93.72276512892701,0.5464504361152649,-1.5685606002807617,4.450793266296387,95.96089278729528,1.2028940132447186,2.238127658368279,1,281,1788749232.4186094
1788749291.963906,59.536000,r2_2_L1_r18,0.28339774440973997,-1.3681563157588243,5.608896419405937,93.7229405570889,0.5470887422561646,-1.577889323234558,4.453243255615234,95.95566155762398,1.2037670504501776,2.2327210005350806,1,279,1788749232.427883
1788749292.007180,59.568000,r2_2_L1_r18,0.28410143684595823,-1.3737795371562243,5.611295863986015,93.72363852020241,0.5470623970031738,-1.5856246948242188,4.455572128295898,95.94903132022417,1.204044928826039,2.22539280002175,1,275,1788749232.439165
1788749292.052750,59.600000,r2_2_L1_r18,0.2850928409025073,-1.3812670726329088,5.614455386996269,93.72413789753693,0.5483788251876831,-1.5926791429519653,4.457691192626953,95.95182394355608,1.2050385779602644,2.227686046019139,1,274,1788749232.452732
1788749292.098830,59.632000,r2_2_L1_r18,0.28640760015696287,-1.3905935306102037,5.618385478854179,93.72466980001553,0.5498953461647034,-1.5992555618286133,4.459288597106934,95.9552953114133,1.2068434931028218,2.2306255113977658,1,272,1788749232.4668124
1788749292.144498,59.668000,r2_2_L1_r18,0.2875671787187457,-1.3980209846049547,5.621485397219658,93.72644497686797,0.5510510206222534,-1.606755018234253,4.460856914520264,95.95469953062417,1.2083261590284669,2.2282545537562037,1,272,1788749232.4764798
1788749292.190783,59.700000,r2_2_L1_r18,0.2888531191274524,-1.405409337952733,5.624385520815849,93.72807590578745,0.5518800616264343,-1.6134326457977295,4.462612628936768,95.94957115980061,1.2092035070211389,2.2214952540131647,1,268,1788749232.4907687
1788749292.236427,59.732000,r2_2_L1_r18,0.28991446923464537,-1.4109570998698473,5.626179859042168,93.72971655967704,0.5529718995094299,-1.6200910806655884,4.464588165283203,95.9458917688098,1.209227644637711,2.2161752091327593,1,265,1788749232.504404
1788749292.282245,59.764000,r2_2_L1_r18,0.2918330831453204,-1.4202156085520983,5.6282216757535934,93.73195566817989,0.5542383790016174,-1.6271133422851562,4.46628475189209,95.9429038282512,1.2090329303000973,2.2109481600713226,1,265,1788749232.5182273
1788749292.329839,59.800000,r2_2_L1_r18,0.2934788269922137,-1.4276183862239122,5.629093810915947,93.73447656692802,0.5548624396324158,-1.6338694095611572,4.46773624420166,95.93291585563028,1.2081441451039827,2.1984392887022577,1,263,1788749232.5298166
1788749292.378358,59.832000,r2_2_L1_r18,0.2952165110036731,-1.4349991101771593,5.62939278781414,93.73528021178124,0.5549102425575256,-1.640002965927124,4.468934535980225,95.92073794015327,1.2067024361167689,2.185457728372038,1,263,1788749232.5463407
1788749292.422826,59.864000,r2_2_L1_r18,0.2974956436082721,-1.4441957492381334,5.6290761679410934,93.73730755410749,0.5558587312698364,-1.6462647914886475,4.469371318817139,95.91266243268623,1.2051965482790232,2.1753548785787333,1,260,1788749232.558807
1788749292.467818,59.896000,r2_2_L1_r18,0.29941083025187254,-1.4515383262187243,5.628405258059502,93.74036148836636,0.5561502575874329,-1.6515320539474487,4.469939231872559,95.90263568175624,1.203310499625425,2.1622741933898766,1,257,1788749232.5718007
1788749292.512277,59.932000,r2_2_L1_r18,0.3009085161611438,-1.4570313710719347,5.627833053469658,93.74178053589335,0.556661069393158,-1.6576406955718994,4.469898223876953,95.89122653962391,1.2026913731896944,2.1494460037305654,1,256,1788749232.58026
1788749292.557351,59.964000,r2_2_L1_r18,0.30345005821436644,-1.4661368150264025,5.626898929476738,93.74401992795441,0.5580900311470032,-1.663321614265442,4.470716953277588,95.88753138505959,1.2002000345583423,2.143511457105181,1,254,1788749232.593335
1788749292.605250,59.996000,r2_2_L1_r18,0.30550895165652037,-1.4734060782939196,5.626215621829033,93.7458402148033,0.5596121549606323,-1.6690956354141235,4.471100330352783,95.8864644393129,1.1988136541170915,2.1406242245096108,1,253,1788749232.6092308
1788749292.649931,60.028000,r2_2_L1_r18,0.3075642390176654,-1.4806522149592638,5.6256114691495895,93.74897035668648,0.5613299012184143,-1.6739989519119263,4.47139310836792,95.88653442543108,1.1974973888772997,2.137564068744603,1,253,1788749232.621911
1788749292.699789,60.064000,r2_2_L1_r18,0.3101388616487384,-1.4896782655268908,5.624966785311699,93.75216732189175,0.5618734955787659,-1.6793155670166016,4.4715962409973145,95.8783451286439,1.1956572437484934,2.126177806752153,1,249,1788749232.6357734
1788749292.744383,60.096000,r2_2_L1_r18,0.31222863029688597,-1.4968779105693102,5.624547645449638,93.75383763142295,0.5597032904624939,-1.6794880628585815,4.471192836761475,95.86849272312433,1.1936571911010736,2.114655091701376,1,248,1788749232.6483667
1788749292.790577,60.128000,r2_2_L1_r18,0.3138238890096545,-1.5022575873881578,5.624325439333916,93.75379476561183,0.5584131479263306,-1.6793761253356934,4.471473693847656,95.8612888992029,1.1917474686915834,2.1074941335910804,1,242,1788749232.662548
1788749292.834261,60.160000,r2_2_L1_r18,0.31651128362864256,-1.511175038293004,5.624634429812431,93.75552057383102,0.5586699843406677,-1.6818335056304932,4.471397399902344,95.85621566310586,1.1906808119560663,2.1006950892748333,1,238,1788749232.6742373
1788749292.881221,60.196000,r2_2_L1_r18,0.31870497297495604,-1.5182883758097887,5.6255690306425095,93.756810611269,0.5598146319389343,-1.6854650974273682,4.471766471862793,95.85183698879831,1.1905218471507142,2.0950263775293068,1,236,1788749232.6852045
1788749292.926916,60.228000,r2_2_L1_r18,0.32094020675867796,-1.5253701228648424,5.627018138766289,93.75722231940222,0.5618425011634827,-1.6913764476776123,4.4731974601745605,95.8553465201594,1.1903336396461364,2.09812420075718,1,230,1788749232.698901
1788749292.972450,60.260000,r2_2_L1_r18,0.32324377726763487,-1.5324045438319445,5.6289025992155075,93.75734926479682,0.562351405620575,-1.6974881887435913,4.474353790283203,95.84442262580173,1.1905494613668453,2.0870733610049035,1,228,1788749232.712427
1788749293.018480,60.292000,r2_2_L1_r18,0.3261875016614795,-1.5410910863429308,5.631693050265312,93.75583235705885,0.5622650980949402,-1.7047849893569946,4.4739909172058105,95.83036639817279,1.1928128748099165,2.0745340411139237,1,226,1788749232.726467
1788749293.063768,60.328000,r2_2_L1_r18,0.32799873780459166,-1.5462454576045275,5.633583232760429,93.75354166355214,0.5634543299674988,-1.7119908332824707,4.474306583404541,95.81962544934848,1.1945012411802773,2.0660837857963315,1,224,1788749232.7357464
1788749293.108491,60.360000,r2_2_L1_r18,0.33047072123736143,-1.5530289430171251,5.636235877871513,93.75090628176093,0.5653630495071411,-1.717879056930542,4.475027084350586,95.81912638330057,1.1961420601615815,2.0682201015396364,1,222,1788749232.7484744
1788749293.152770,60.392000,r2_2_L1_r18,0.3330156905576587,-1.5597020406275988,5.63895671069622,93.7488614413218,0.5677003860473633,-1.726641297340393,4.47501277923584,95.81443673400996,1.1990459112612672,2.065575292688173,1,221,1788749232.7607539
1788749293.197126,60.424000,r2_2_L1_r18,0.33631459902971983,-1.5679173488169909,5.642428562045097,93.74597265986195,0.5695621967315674,-1.7357251644134521,4.474301338195801,95.80643380251338,1.2029485092500025,2.0604611426514294,1,220,1788749232.773111
1788749293.241855,60.460000,r2_2_L1_r18,0.3390520913526416,-1.5744601506739855,5.64521948993206,93.74124348838822,0.5717580914497375,-1.7447718381881714,4.471887588500977,95.7991653329573,1.2082491068902148,2.05792184456908,1,217,1788749232.7818387
1788749293.285890,60.492000,r2_2_L1_r18,0.34111473988741636,-1.5793495196849108,5.647286579012871,93.73778177260552,0.5737476944923401,-1.7507197856903076,4.473135471343994,95.79541835125121,1.2091801698998486,2.0576365786457074,1,214,1788749232.7938728
1788749293.332094,60.524000,r2_2_L1_r18,0.3445485634729266,-1.5874000806361437,5.650669261813164,93.73148064546655,0.5761635899543762,-1.7573132514953613,4.474469184875488,95.79045241324643,1.2107694359834287,2.058971767779884,1,213,1788749232.8080711
1788749293.376812,60.556000,r2_2_L1_r18,0.34732366632670164,-1.5937610883265734,5.653328105807304,93.72615748204306,0.5772572755813599,-1.7626699209213257,4.475877285003662,95.77888032835791,1.2115238725689919,2.052722846314851,1,210,1788749232.8207936
1788749293.422079,60.592000,r2_2_L1_r18,0.35011116694658995,-1.6000351924449205,5.655945464968681,93.72068262463598,0.5787212252616882,-1.76819908618927,4.477933406829834,95.76757573045468,1.2117153391133648,2.046893105818687,1,210,1788749232.8300636
1788749293.465065,60.624000,r2_2_L1_r18,0.35366619657725096,-1.6077559012919664,5.659183666110039,93.71291346810487,0.581312358379364,-1.7744743824005127,4.480292797088623,95.76277899747342,1.2121887262256004,2.049865529368557,1,210,1788749232.8410478
1788749293.511550,60.656000,r2_2_L1_r18,0.35657803248614073,-1.6138318795710802,5.661720916628838,93.70925662934097,0.5837563872337341,-1.7810664176940918,4.482555389404297,95.75731063108475,1.2124391680417494,2.0480540017437856,1,209,1788749232.8555338
1788749293.557345,60.688000,r2_2_L1_r18,0.35880894493311644,-1.6183208245784044,5.6635939329862595,93.70576175072551,0.5859224796295166,-1.7868989706039429,4.484916687011719,95.7515092687876,1.2121382755848562,2.045747518062094,1,208,1788749232.869327
1788749293.600609,60.724000,r2_2_L1_r18,0.36259574722498655,-1.6256792563945055,5.6666247099637985,93.7003165069342,0.5883267521858215,-1.7925158739089966,4.486623287200928,95.74574340598049,1.2129271623913385,2.0454268990462903,1,207,1788749232.8765712
1788749293.648695,60.756000,r2_2_L1_r18,0.36570517253130674,-1.6314667481929064,5.668947383761406,93.69731308526038,0.5907614231109619,-1.7974624633789062,4.488080978393555,95.74252045610034,1.2135280634214747,2.045207370839958,1,203,1788749232.8926785
1788749293.693629,60.788000,r2_2_L1_r18,0.3688995046541095,-1.6371747273951769,5.671200916171074,93.69433769483734,0.5933908224105835,-1.8028573989868164,4.489275932312012,95.73796034235673,1.2144108723508802,2.043622647519379,1,203,1788749232.9056113
1788749293.738108,60.820000,r2_2_L1_r18,0.3730306727811694,-1.6441696900874376,5.673974201083183,93.6909366281879,0.5960808396339417,-1.8090649843215942,4.490882873535156,95.73144552221879,1.215173618999759,2.0405088940308924,1,203,1788749232.918089
1788749293.782029,60.856000,r2_2_L1_r18,0.37645892333239317,-1.6496117133647203,5.67615906894207,93.68960976187616,0.5992406010627747,-1.8162012100219727,4.4933624267578125,95.72573847955724,1.215068571353582,2.0361287176810783,1,203,1788749232.9260113
1788749293.828538,60.888000,r2_2_L1_r18,0.3790841503068805,-1.6535871047526598,5.677789852023125,93.68836852269183,0.6018496751785278,-1.822059988975525,4.495140075683594,95.7204978940615,1.2151823259353527,2.0321293713696655,1,202,1788749232.9405143
1788749293.872496,60.920000,r2_2_L1_r18,0.38260198663920164,-1.6587797421962023,5.679896518588066,93.6878520198279,0.6049191355705261,-1.8282945156097412,4.4967803955078125,95.71563869548075,1.2156989486739083,2.0277866756528513,1,201,1788749232.9524782
1788749293.922050,60.952000,r2_2_L1_r18,0.3870576722547412,-1.6650761384516954,5.682464763522148,93.68967757598578,0.6073088049888611,-1.8342480659484863,4.497828483581543,95.70834738978387,1.216755036264555,2.0186698137980743,1,199,1788749232.9700363
1788749293.969510,60.988000,r2_2_L1_r18,0.39071090053766966,-1.670001508668065,5.684470817446709,93.69045698004201,0.6098097562789917,-1.8408271074295044,4.4980340003967285,95.69843433250975,1.218531088906249,2.007977352467727,1,199,1788749232.9814937
1788749294.014314,61.020000,r2_2_L1_r18,0.39440692495554686,-1.6748402137309313,5.6864258497953415,93.6926565250471,0.6118482351303101,-1.8457140922546387,4.498647689819336,95.68717957122058,1.2195472779061245,1.9945230461734735,1,198,1788749232.9942966
1788749294.061308,61.052000,r2_2_L1_r18,0.3972059590741992,-1.6784255523234606,5.687881156802177,93.69419626726942,0.6144866943359375,-1.8510838747024536,4.500272750854492,95.68108795309179,1.2196046654880472,1.98689168582237,1,197,1788749233.0092928
1788749294.110261,61.084000,r2_2_L1_r18,0.40185634326189756,-1.68431425280869,5.6902357786893845,93.69808904913731,0.6180739998817444,-1.8559730052947998,4.502110004425049,95.68195528812137,1.2197785281806253,1.9838662389840653,1,197,1788749233.0262423
1788749294.154821,61.120000,r2_2_L1_r18,0.40557176899164915,-1.688995124772191,5.692054912447929,93.70094128127666,0.6217769384384155,-1.8611897230148315,4.50400447845459,95.68292137830726,1.2197784588486598,1.9819800970306027,1,197,1788749233.034799
1788749294.203083,61.152000,r2_2_L1_r18,0.4092981917783618,-1.6936364192515612,5.693804427981377,93.70440311596762,0.625098705291748,-1.8658537864685059,4.505091667175293,95.68317349816598,1.220355157692628,1.9787703821983638,1,197,1788749233.0510683
1788749294.252124,61.184000,r2_2_L1_r18,0.4140075845643878,-1.6993687171489,5.695892974734306,93.70922850657782,0.6282429099082947,-1.8704544305801392,4.505904197692871,95.6811747827034,1.22116353755345,1.9719462761255688,1,196,1788749233.0681088
1788749294.303348,61.216000,r2_2_L1_r18,0.4178511006757617,-1.7038821000605822,5.697565242648125,93.71287079824972,0.631397545337677,-1.8763246536254883,4.507011413574219,95.67738518279053,1.2217843255788925,1.964514384540808,1,196,1788749233.0873308
1788749294.349091,61.252000,r2_2_L1_r18,0.42077393364161253,-1.7072315234690905,5.698877975344658,93.71535712005891,0.6354936957359314,-1.8829923868179321,4.50917387008667,95.67742949990446,1.221635099113758,1.9620723798455464,1,194,1788749233.0970747
1788749294.398725,61.284000,r2_2_L1_r18,0.4256146652624011,-1.7127392310649157,5.701122924685478,93.71867531875776,0.6391181349754333,-1.8885200023651123,4.510803699493408,95.67569750217062,1.2220239232520145,1.9570221834128543,1,193,1788749233.114707
1788749294.442600,61.316000,r2_2_L1_r18,0.42943743895739317,-1.7170579452067614,5.702964469790459,93.72201589483274,0.6417468786239624,-1.8928577899932861,4.5116705894470215,95.67059134082405,1.2227681681096472,1.948575445991303,1,192,1788749233.126573
1788749294.488252,61.348000,r2_2_L1_r18,0.4332354171201587,-1.7212815303355455,5.7048207968473434,93.72678871343626,0.6452288627624512,-1.8963463306427002,4.513173580169678,95.67128274975177,1.222952163544226,1.9444940363154999,1,191,1788749233.1402369
1788749294.533003,61.384000,r2_2_L1_r18,0.4379699630662799,-1.7264617700129747,5.707112476229668,93.73212036034502,0.6491860151290894,-1.9001840353012085,4.514255523681641,95.67290995733941,1.223805276728304,1.9407895969943978,1,190,1788749233.1489813
1788749294.578502,61.416000,r2_2_L1_r18,0.4417212409898639,-1.7305537480860949,5.70892970263958,93.73781824797562,0.6529931426048279,-1.9031811952590942,4.514841556549072,95.67495403559154,1.2248602175608998,1.937135787615909,1,190,1788749233.162484
1788749294.624193,61.448000,r2_2_L1_r18,0.44453717302531004,-1.7335989493876696,5.710263416171074,93.7418209845054,0.6559645533561707,-1.905872106552124,4.515890598297119,95.67160824053907,1.2251146909204667,1.9297872560336642,1,187,1788749233.176178
1788749294.670424,61.480000,r2_2_L1_r18,0.4492166442796588,-1.73862230964005,5.712407276034355,93.74775289019846,0.659649670124054,-1.9105644226074219,4.5165510177612305,95.67094269346008,1.226343483298505,1.9231898032616255,1,186,1788749233.190403
1788749294.716436,61.516000,r2_2_L1_r18,0.45295951794832945,-1.7425546664744616,5.714052364230156,93.75301928099144,0.6641339063644409,-1.9158105850219727,4.517092227935791,95.67331410118749,1.2277319754378335,1.9202948201960468,1,184,1788749233.2004201
1788749294.762118,61.548000,r2_2_L1_r18,0.4567132396623492,-1.746381165459752,5.715629741549492,93.75824636538492,0.6683285236358643,-1.9205988645553589,4.517148494720459,95.67729890340205,1.2294267501930451,1.9190525380171206,1,184,1788749233.2141023
1788749294.808855,61.580000,r2_2_L1_r18,0.46047527622431517,-1.7501506824046373,5.717147991061211,93.76351570844484,0.6724856495857239,-1.9240095615386963,4.5179009437561035,95.6819970136874,1.2301905497672356,1.9184813052425465,1,183,1788749233.2288377
1788749294.858750,61.612000,r2_2_L1_r18,0.46515245269984007,-1.7548116464167833,5.718938514590263,93.76967275539839,0.6752908229827881,-1.926843285560608,4.5170578956604,95.6797159755948,1.232181010116174,1.9100432201964164,1,181,1788749233.2467337
1788749294.904448,61.648000,r2_2_L1_r18,0.46791363786906004,-1.7575947064906359,5.719962760806084,93.77344193530506,0.6786510348320007,-1.929669737815857,4.51681661605835,95.67530516081597,1.2335236975857526,1.901863225510916,1,179,1788749233.2564273
1788749294.947754,61.680000,r2_2_L1_r18,0.47158173751085997,-1.7612892407923937,5.721260711550713,93.7771691210377,0.6823291182518005,-1.9325227737426758,4.517084121704102,95.672714385749,1.2344134804960676,1.895545264711296,1,179,1788749233.2677314
1788749294.993470,61.712000,r2_2_L1_r18,0.4752412838861346,-1.7649652976542711,5.7225000113248825,93.78098647944444,0.6861239671707153,-1.9354645013809204,4.517747402191162,95.67287909801735,1.2348968919692174,1.8918926185729097,1,179,1788749233.281454
1788749295.038964,61.744000,r2_2_L1_r18,0.47981206607073545,-1.769523622468114,5.7239977568387985,93.78436852442888,0.6896929740905762,-1.938046932220459,4.518435001373291,95.67144774456094,1.2352455864510121,1.8870792201320408,1,176,1788749233.294948
1788749295.084841,61.780000,r2_2_L1_r18,0.48346866201609373,-1.7731415051966906,5.725196525454521,93.78657225089091,0.6932376027107239,-1.940643548965454,4.5189385414123535,95.66674129579167,1.235766267225455,1.880169044900747,1,175,1788749233.3048234
1788749295.128497,61.812000,r2_2_L1_r18,0.4862279696390033,-1.7758543509989977,5.72608582675457,93.7883365426396,0.6964706182479858,-1.9424569606781006,4.518793106079102,95.6610716752113,1.2367352644127128,1.8727351325717005,1,175,1788749233.316481
1788749295.174162,61.844000,r2_2_L1_r18,0.4908796949312091,-1.7803477067500353,5.727513954043388,93.79112700948808,0.7003878355026245,-1.9465967416763306,4.515704154968262,95.65676589167796,1.2409735660819352,1.865638882189894,1,175,1788749233.330146
1788749295.218826,61.876000,r2_2_L1_r18,0.49467126559466124,-1.7838919181376696,5.728642150759697,93.7911319483512,0.7036709785461426,-1.9500727653503418,4.514486312866211,95.64853224735035,1.2431698808630123,1.8574002989991596,1,173,1788749233.342806
1788749295.264888,61.912000,r2_2_L1_r18,0.49852583836764097,-1.7873916644603014,5.729774162173271,93.79117661426736,0.7077462077140808,-1.9533385038375854,4.5143513679504395,95.63986178999905,1.244413148904015,1.8486851757316924,1,172,1788749233.352872
1788749295.312173,61.944000,r2_2_L1_r18,0.5034223003312945,-1.7916919011622667,5.731215164065361,93.79054674717653,0.7119333148002625,-1.957222580909729,4.514284133911133,95.63508568899712,1.2457119977124593,1.8445389418205902,1,172,1788749233.3681576
1788749295.358853,61.976000,r2_2_L1_r18,0.5074221296235919,-1.795110585168004,5.732392951846123,93.78864862219869,0.7159087061882019,-1.9597928524017334,4.514482021331787,95.62876153290115,1.2465528213498085,1.8401129107024554,1,172,1788749233.3828382
1788749295.402903,62.008000,r2_2_L1_r18,0.510469893924892,-1.7976735848933458,5.733287498354912,93.78647499277679,0.7184842228889465,-1.961454153060913,4.515655517578125,95.61660874328243,1.2460825318469313,1.8301337505056334,1,172,1788749233.394882
1788749295.446809,62.044000,r2_2_L1_r18,0.5156109733507037,-1.8019562978297472,5.7347661703825,93.78144238457993,0.7217416167259216,-1.9641801118850708,4.515862464904785,95.60168088117875,1.2468089874604853,1.8202384965988194,1,171,1788749233.4027934
1788749295.492471,62.076000,r2_2_L1_r18,0.5197531385347247,-1.8053929824382067,5.735882923007011,93.77735503370953,0.7241469621658325,-1.967385172843933,4.5158867835998535,95.58117579018888,1.2475611748765505,1.8038207564793518,1,169,1788749233.4164555
1788749295.536834,62.108000,r2_2_L1_r18,0.5239346427842975,-1.808827044442296,5.736799404025078,93.77291310907142,0.7263702154159546,-1.9710320234298706,4.515417575836182,95.56106062582188,1.2486249182621323,1.7881475167504612,1,167,1788749233.4287968
1788749295.579949,62.140000,r2_2_L1_r18,0.5292246742174029,-1.8130921144038439,5.73758952319622,93.76550158790955,0.7292348146438599,-1.973958969116211,4.515537738800049,95.54255761585664,1.2487164469823915,1.77705602794708,1,166,1788749233.4399285
1788749295.626287,62.176000,r2_2_L1_r18,0.5334886116907,-1.8164522666484118,5.7379748076200485,93.75953232466708,0.7336960434913635,-1.9768550395965576,4.515483856201172,95.53137790510385,1.2491181655947134,1.7718455804367739,1,165,1788749233.450272
1788749295.672130,62.208000,r2_2_L1_r18,0.5367215676233172,-1.8189584035426378,5.738147422671318,93.75510268782001,0.7373258471488953,-1.9794623851776123,4.514731407165527,95.51903816745445,1.2501001368213354,1.7639354796344318,1,164,1788749233.4641142
1788749295.717810,62.240000,r2_2_L1_r18,0.5410685939714313,-1.8222904223948717,5.738206550478935,93.74931624591127,0.741616427898407,-1.982600450515747,4.513370990753174,95.50935815864929,1.2514555074702565,1.760041912738015,1,164,1788749233.4777937
1788749295.761124,62.272000,r2_2_L1_r18,0.5465357108041644,-1.8264403361827135,5.738121196627617,93.74263236247297,0.7437474131584167,-1.9846616983413696,4.5124287605285645,95.4918799854922,1.2514984630031443,1.7492476230192315,1,162,1788749233.4891071
1788749295.807348,62.308000,r2_2_L1_r18,0.5509321494027972,-1.8297333735972643,5.738183185458183,93.73598418670171,0.7482190728187561,-1.9878013134002686,4.512278079986572,95.48045692241968,1.2516992176101502,1.7444727357179621,1,161,1788749233.4993322
1788749295.856476,62.340000,r2_2_L1_r18,0.555349032394588,-1.8330078143626451,5.738469287753105,93.73088940716333,0.751320481300354,-1.9916647672653198,4.510599613189697,95.47573521310491,1.2534914340365617,1.7448458059415808,1,161,1788749233.5164526
1788749295.900176,62.372000,r2_2_L1_r18,0.558691362850368,-1.8354481477290392,5.738837882876396,93.72773408158686,0.76351398229599,-1.986159324645996,4.509968280792236,95.53785818721629,1.2549050415114051,1.810124105629423,1,389,1788749233.52816
1788749295.948547,62.404000,r2_2_L1_r18,0.5643248958513141,-1.8394830245524645,5.739637538790703,93.72122430248108,0.76351398229599,-1.986159324645996,4.509968280792236,95.5378653910747,1.2543032780130536,1.81664108859364,1,353,1788749233.5445204
1788749295.994349,62.440000,r2_2_L1_r18,0.5688906712457538,-1.8426709193736315,5.740426227450371,93.71605757505135,0.7741572856903076,-1.9910565614700317,4.511332035064697,95.5352093432798,1.2549204020742037,1.8191517682284581,1,350,1788749233.554325
1788749296.041092,62.472000,r2_2_L1_r18,0.573463479988277,-1.845800282433629,5.741308853030205,93.7124617568612,0.7741572856903076,-1.9910565614700317,4.511332035064697,95.53521035791954,1.2546793865283756,1.8227486010583376,1,339,1788749233.5690742
1788749296.089881,62.504000,r2_2_L1_r18,0.5791976852342486,-1.8496739882975817,5.74248568713665,93.70795730924159,0.7830225825309753,-1.9956343173980713,4.5117998123168945,95.52071382446358,1.2559604806322575,1.8127565152219924,1,337,1788749233.585867
1788749296.133887,62.536000,r2_2_L1_r18,0.583835463039577,-1.8527479190379381,5.743477508425713,93.7050206220924,0.7830225825309753,-1.9956343173980713,4.5117998123168945,95.52070350043579,1.255835171708269,1.8156828783433814,1,334,1788749233.5978732
1788749296.181993,62.572000,r2_2_L1_r18,0.5873448057100177,-1.8550461549311876,5.744249984622002,93.70242641507089,0.7931473255157471,-2.00150203704834,4.511837005615234,95.51079197104885,1.258032492978395,1.8083655559779552,1,332,1788749233.6099775
1788749296.227590,62.604000,r2_2_L1_r18,0.5931914253160357,-1.8588365335017443,5.7455360144376755,93.6984741983871,0.7976611852645874,-2.0045244693756104,4.512733459472656,95.50270666737391,1.2581077048173916,1.8042324689868139,1,332,1788749233.6235626
1788749296.275468,62.636000,r2_2_L1_r18,0.5979113383218646,-1.8618325013667345,5.746583625674248,93.69633668330695,0.8019037246704102,-2.0074784755706787,4.513157367706299,95.49409905351575,1.2586365549016951,1.7977623702087997,1,332,1788749233.6394498
1788749296.322328,62.668000,r2_2_L1_r18,0.6026919288560748,-1.8647613544017076,5.747629806399345,93.69498560108775,0.8064074516296387,-2.010193347930908,4.5132832527160645,95.48551759192512,1.2594688934430165,1.7905319908373638,1,331,1788749233.6543086
1788749296.367142,62.704000,r2_2_L1_r18,0.6087767882272601,-1.8683265466243029,5.748905345797539,93.69200850755036,0.811694324016571,-2.0131514072418213,4.513720989227295,95.47590805087202,1.260091330538996,1.783899543321664,1,330,1788749233.6631274
1788749296.416090,62.736000,r2_2_L1_r18,0.6137637896463275,-1.8711268920451403,5.749951049685478,93.69031285471748,0.8159010410308838,-2.016275405883789,4.514404773712158,95.46652124786823,1.260357948972597,1.7762083931507529,1,330,1788749233.6800716
1788749296.463553,62.768000,r2_2_L1_r18,0.6175472540780902,-1.8732025641947985,5.75073067843914,93.68845172152243,0.8208429217338562,-2.019676685333252,4.515863418579102,95.46352150507072,1.260032121068795,1.7750697835482936,1,329,1788749233.6955345
1788749296.506648,62.800000,r2_2_L1_r18,0.623917262069881,-1.8766194600611925,5.752033397555351,93.6877470843773,0.8262689113616943,-2.0231058597564697,4.516496658325195,95.46359303252387,1.2605377777973525,1.775845948146568,1,326,1788749233.7066307
1788749296.554769,62.836000,r2_2_L1_r18,0.6290970845147967,-1.8793450612574816,5.753093406558037,93.68582985788683,0.8316424489021301,-2.0261409282684326,4.5171966552734375,95.46161215342657,1.260957743559284,1.775782295539741,1,323,1788749233.7187517
1788749296.600006,62.868000,r2_2_L1_r18,0.6343457503244281,-1.8820858020335436,5.754152938723564,93.68483670042241,0.8361140489578247,-2.02858829498291,4.517584800720215,95.4608079223087,1.261457168000113,1.7759712218862844,1,322,1788749233.7319863
1788749296.644440,62.900000,r2_2_L1_r18,0.639633814804256,-1.884855868294835,5.755200073122978,93.68350485194969,0.8415706753730774,-2.0316741466522217,4.518143653869629,95.46104251700015,1.2619994797669836,1.7775376650504702,1,321,1788749233.7444172
1788749296.688613,62.932000,r2_2_L1_r18,0.6462979121133685,-1.8883543033152819,5.756485149264336,93.6833341307842,0.8466792702674866,-2.035367727279663,4.518895149230957,95.45785747315327,1.2622973673837865,1.7745233423690667,1,319,1788749233.7565958
1788749296.734174,62.968000,r2_2_L1_r18,0.6503277225419879,-1.8904659766703844,5.7572805136442184,93.68222545029235,0.8524731397628784,-2.039602279663086,4.520281791687012,95.4543699647539,1.2622480915800591,1.7721445144615349,1,318,1788749233.766158
1788749296.780949,63.000000,r2_2_L1_r18,0.6556958360597491,-1.8932718057185411,5.7583300322294235,93.68234923827356,0.8578104972839355,-2.0427052974700928,4.521356582641602,95.45705867254388,1.2622535481130661,1.7747094342703267,1,314,1788749233.78093
1788749296.828192,63.032000,r2_2_L1_r18,0.6610835595056415,-1.8960739392787218,5.759347602725029,93.68185704817071,0.8633885979652405,-2.045668125152588,4.522420883178711,95.46034715307883,1.2622572869906596,1.7784901049081152,1,313,1788749233.7961752
1788749296.873329,63.064000,r2_2_L1_r18,0.6678558988496661,-1.899575950577855,5.76058928668499,93.68162331683496,0.8687463998794556,-2.048949718475342,4.523034572601318,95.46181804162333,1.262620761072227,1.7801947247883705,1,310,1788749233.8093104
1788749296.920508,63.100000,r2_2_L1_r18,0.673277179710567,-1.9023520965129137,5.761580154299736,93.68100188713423,0.8740716576576233,-2.052044153213501,4.523886680603027,95.46232986535267,1.2627791845943248,1.7813279782184421,1,307,1788749233.820494
1788749296.963959,63.132000,r2_2_L1_r18,0.6773344678804278,-1.9044190663844347,5.7623206824064255,93.6819205905978,0.8796327114105225,-2.0552453994750977,4.525118827819824,95.46519036266484,1.2626724005384227,1.7832697720670447,1,304,1788749233.8319383
1788749297.011683,63.164000,r2_2_L1_r18,0.6840411825105548,-1.9078679103404284,5.763344928622246,93.68291538953622,0.8846350312232971,-2.058056354522705,4.525508880615234,95.46351050408536,1.2629459777254528,1.7805951145491428,1,299,1788749233.8476658
1788749297.055915,63.196000,r2_2_L1_r18,0.6893764538690448,-1.9106526393443346,5.763671562075615,93.68312232630767,0.8887460827827454,-2.0611259937286377,4.525865077972412,95.45454695306776,1.2627570516139608,1.7714246267601046,1,299,1788749233.8598979
1788749297.101176,63.232000,r2_2_L1_r18,0.6946605844423175,-1.9134454745799303,5.7635132521390915,93.68278572222785,0.893818199634552,-2.0650973320007324,4.526534080505371,95.44783481654622,1.262053688479172,1.7650490943183772,1,299,1788749233.8691564
1788749297.147641,63.264000,r2_2_L1_r18,0.7012024922296405,-1.916962744668126,5.762716457247734,93.68383306248556,0.8988631963729858,-2.0678651332855225,4.5268778800964355,95.44799711768027,1.2606102782494775,1.7641640551947169,1,299,1788749233.8836224
1788749297.196706,63.296000,r2_2_L1_r18,0.7064124746248126,-1.9198389071971178,5.761700317263603,93.68535559347902,0.903799295425415,-2.0704312324523926,4.526894569396973,95.44816569001395,1.259517701509601,1.7628100965349327,1,298,1788749233.9006846
1788749297.242220,63.328000,r2_2_L1_r18,0.7103324336931109,-1.9220521468669176,5.760778114199638,93.68615432825037,0.9087225794792175,-2.072364568710327,4.526093006134033,95.45013490286478,1.2595236362150728,1.763980574614407,1,297,1788749233.914199
1788749297.288205,63.364000,r2_2_L1_r18,0.7168797655031085,-1.925848724320531,5.759164020419121,93.68871374481417,0.9139847755432129,-2.0738537311553955,4.525091171264648,95.45144188908134,1.2584481173458582,1.7627281442671772,1,294,1788749233.9241898
1788749297.334755,63.396000,r2_2_L1_r18,0.7221048278734088,-1.928995730355382,5.758267566561699,93.69048377086533,0.9184121489524841,-2.0762436389923096,4.524614334106445,95.44881438717745,1.257823043537718,1.758330616312128,1,292,1788749233.9387383
1788749297.381052,63.428000,r2_2_L1_r18,0.727300981990993,-1.932224990800023,5.75781075656414,93.69247681856478,0.9232932925224304,-2.0791032314300537,4.524902820587158,95.44658752449998,1.2569996746033973,1.75411070593519,1,291,1788749233.9530368
1788749297.426545,63.460000,r2_2_L1_r18,0.7337620062753558,-1.9363349694758654,5.757802173495293,93.69476796608402,0.928183913230896,-2.0816595554351807,4.525115966796875,95.44779439112588,1.256357591362033,1.7530264250418712,1,286,1788749233.966531
1788749297.474045,63.496000,r2_2_L1_r18,0.7389381332322955,-1.939679505303502,5.758181259036064,93.69648460381067,0.9336707592010498,-2.0842373371124268,4.52523946762085,95.44908539527204,1.2565680337220673,1.7526007914613577,1,283,1788749233.978028
1788749297.520719,63.528000,r2_2_L1_r18,0.7428058190271258,-1.942189933732152,5.7586681097745895,93.6978862388285,0.9376015663146973,-2.0864498615264893,4.525359630584717,95.4464326198338,1.2569033832280776,1.7485463810053057,1,282,1788749233.9926982
1788749297.569616,63.560000,r2_2_L1_r18,0.7479700250551105,-1.9455015677958727,5.759478732943535,93.69988030731716,0.9391122460365295,-2.0867395401000977,4.524991989135742,95.43307360180982,1.2571559307021087,1.7331932944926585,1,281,1788749234.0095959
1788749297.614431,63.592000,r2_2_L1_r18,0.7544500632211566,-1.949577810242772,5.760739013552666,93.7016938665286,0.9419214129447937,-2.088249444961548,4.523928165435791,95.42152136219816,1.2586009706266568,1.71982749566956,1,276,1788749234.0224137
1788749297.661010,63.628000,r2_2_L1_r18,0.7596901459619403,-1.9527546186000109,5.761878654360771,93.70338846592013,0.9478797912597656,-2.0921506881713867,4.523441791534424,95.41987099396054,1.2603858417232536,1.7164825280404106,1,273,1788749234.032995
1788749297.705485,63.660000,r2_2_L1_r18,0.7650052113458514,-1.9558613318949938,5.763092204928398,93.70431103809231,0.9527696967124939,-2.0951669216156006,4.5238871574401855,95.41957601978321,1.2610672856801375,1.7152649816908947,1,269,1788749234.0454705
1788749297.750863,63.692000,r2_2_L1_r18,0.769055943004787,-1.9581556338816881,5.76403634250164,93.7046036209721,0.9572873115539551,-2.0971133708953857,4.524226188659668,95.42095795013945,1.261693115758153,1.716354329167352,1,268,1788749234.0588477
1788749297.798229,63.724000,r2_2_L1_r18,0.7759026093408465,-1.9619182366877794,5.765637561678886,93.70597466339485,0.9607953429222107,-2.098363161087036,4.524540901184082,95.41656102549712,1.2621899464885877,1.7105863621022546,1,267,1788749234.0742118
1788749297.844138,63.760000,r2_2_L1_r18,0.7814625902101398,-1.9648826140910387,5.7669407576322556,93.70567307743717,0.9641998410224915,-2.099667549133301,4.524948596954346,95.40885368956849,1.2625784762675887,1.7031806121313227,1,265,1788749234.0841217
1788749297.888986,63.792000,r2_2_L1_r18,0.7870638770982623,-1.9677934665232897,5.768233463168144,93.70661533558881,0.9677760601043701,-2.1017191410064697,4.525041103363037,95.3996288113891,1.263376516660967,1.6930134758002957,1,261,1788749234.09697
1788749297.933643,63.824000,r2_2_L1_r18,0.7940546674653888,-1.9713354129344225,5.769801780581474,93.70578448431377,0.9724145531654358,-2.104748010635376,4.52553129196167,95.39259267733777,1.2640491362690047,1.6868081930240046,1,259,1788749234.1096244
1788749297.979296,63.856000,r2_2_L1_r18,0.7996559543535113,-1.9740780610591173,5.771035358309746,93.70540007922772,0.9773364067077637,-2.107974052429199,4.524842739105225,95.38915199503553,1.26589672715179,1.6837519158078282,1,259,1788749234.1232815
1788749298.026296,63.892000,r2_2_L1_r18,0.8038877053186297,-1.9760782737284899,5.771943733096123,93.7054722638523,0.982646107673645,-2.1108767986297607,4.523776531219482,95.38747982700137,1.268087762171309,1.6820075631490699,1,256,1788749234.134281
1788749298.073927,63.924000,r2_2_L1_r18,0.8109590215608478,-1.9792948979884386,5.77340142428875,93.7033379552683,0.9864367246627808,-2.1114084720611572,4.5234694480896,95.38536498466082,1.269084853689977,1.6820270293925206,1,253,1788749234.1499126
1788749298.118398,63.956000,r2_2_L1_r18,0.8166720075532794,-1.981785537675023,5.774522468447685,93.70282320438743,0.9906384348869324,-2.112287998199463,4.523188591003418,95.38286276868735,1.2700912104576871,1.6800395642999135,1,251,1788749234.1623795
1788749298.165957,63.988000,r2_2_L1_r18,0.8224235577508807,-1.9842185992747545,5.775554820895195,93.70155880671683,0.9955425262451172,-2.114370584487915,4.523139953613281,95.3812305371061,1.2710046090774845,1.6796717303892756,1,250,1788749234.17794
1788749298.214477,64.024000,r2_2_L1_r18,0.8296437067911029,-1.9872013349086046,5.776803180575371,93.69878328276617,1.0008554458618164,-2.116628408432007,4.522141456604004,95.37577622768553,1.2728868247237273,1.6769929449193732,1,247,1788749234.1904585
1788749298.262309,64.056000,r2_2_L1_r18,0.8354286355897784,-1.9895820636302233,5.7778026312589645,93.69677623577165,1.0061593055725098,-2.1195242404937744,4.522155284881592,95.37370723365481,1.2738462189233553,1.6769309978831621,1,244,1788749234.2062936
1788749298.306452,64.088000,r2_2_L1_r18,0.8397583765909076,-1.9913659114390612,5.7785350531339645,93.69609319244059,1.0118813514709473,-2.1221892833709717,4.52297306060791,95.37438310235576,1.2740396344702882,1.6782899099151822,1,242,1788749234.2184367
1788749298.351482,64.120000,r2_2_L1_r18,0.8469484252855182,-1.9943220634013414,5.779721900820732,93.69646740236574,1.017520785331726,-2.1235873699188232,4.523588180541992,95.37817316201051,1.2742356032940294,1.6817057596447702,1,241,1788749234.2314658
1788749298.397256,64.156000,r2_2_L1_r18,0.852694789879024,-1.9966557044535875,5.780658885836601,93.69592894000246,1.0231071710586548,-2.1256401538848877,4.523849964141846,95.37867733175271,1.2748513770263346,1.6827483917502541,1,239,1788749234.2412393
1788749298.442604,64.188000,r2_2_L1_r18,0.8584208292886615,-1.9989647883921862,5.781570121645927,93.69365607231026,1.0278795957565308,-2.1265389919281006,4.523524761199951,95.37931106247078,1.2758015440813204,1.6856549901605258,1,235,1788749234.2545757
1788749298.489965,64.220000,r2_2_L1_r18,0.8641388220712543,-2.001241447404027,5.782457992434502,93.69331525782047,1.0317891836166382,-2.126643657684326,4.522751808166504,95.37724891487025,1.276985524096699,1.6839336570497763,1,232,1788749234.2699485
1788749298.534104,64.252000,r2_2_L1_r18,0.8712797565385699,-2.004042150452733,5.783561870455742,93.69306094337196,1.0371445417404175,-2.1283228397369385,4.522706985473633,95.37710554124348,1.2777761375461116,1.6840445978715297,1,228,1788749234.2820866
1788749298.578156,64.288000,r2_2_L1_r18,0.8755576414987445,-2.0056912917643785,5.784255668520927,93.69306834566136,1.0441019535064697,-2.1308066844940186,4.524072647094727,95.38085464698086,1.277545417626676,1.6877863013194994,1,228,1788749234.2901323
1788749298.622890,64.320000,r2_2_L1_r18,0.8812352223321795,-2.007873060181737,5.785169765353203,93.69370057454621,1.0499277114868164,-2.133030652999878,4.525150775909424,95.38176586770301,1.277407308847159,1.688065293156793,1,226,1788749234.3028712
1788749298.668833,64.352000,r2_2_L1_r18,0.8868801398202777,-2.010042669251561,5.786067649722099,93.69408939323009,1.05558180809021,-2.135437488555908,4.526111125946045,95.38017907844996,1.2773701716383028,1.6860896852198737,1,223,1788749234.3168151
1788749298.717980,64.384000,r2_2_L1_r18,0.8938731951639056,-2.0127384681254625,5.787179633975029,93.69431631633644,1.0607213973999023,-2.1368658542633057,4.526778221130371,95.37745522256986,1.2774418390203162,1.683138906233436,1,222,1788749234.333952
1788749298.763349,64.420000,r2_2_L1_r18,0.8994438452646136,-2.0148932952433825,5.788067981600761,93.69493543035097,1.0665756464004517,-2.1399381160736084,4.527283191680908,95.37126870171274,1.2779466079068487,1.6763332713617716,1,220,1788749234.343334
1788749298.810039,64.452000,r2_2_L1_r18,0.9036119980737567,-2.016509296372533,5.788721725344658,93.6948047736585,1.0708860158920288,-2.1423802375793457,4.528079509735107,95.36086009518958,1.277905664223425,1.6660553215310734,1,220,1788749234.3580227
1788749298.857755,64.484000,r2_2_L1_r18,0.9105101628229022,-2.019186260178685,5.7897230833768845,93.69511564744855,1.0758298635482788,-2.1452689170837402,4.5276055335998535,95.35289725857633,1.2791278862081548,1.6577816111277968,1,218,1788749234.373736
1788749298.904177,64.516000,r2_2_L1_r18,0.9160011811181903,-2.0213348884135485,5.790468379855156,93.69505868085858,1.081242322921753,-2.147446393966675,4.5274128913879395,95.35182505672407,1.280046059219972,1.6567663758654816,1,216,1788749234.3881624
1788749298.949780,64.552000,r2_2_L1_r18,0.9214770002290606,-2.0235161799937487,5.791158363223076,93.695853002405,1.087343692779541,-2.1499059200286865,4.527631759643555,95.35086281323144,1.2806192267949654,1.6550098108264473,1,214,1788749234.397762
1788749298.996923,64.584000,r2_2_L1_r18,0.9283170504495502,-2.0262782592326403,5.791944190859795,93.69733083613188,1.0927456617355347,-2.1524887084960938,4.528017997741699,95.34877635762957,1.2808103947746212,1.6514455214976895,1,211,1788749234.4129078
1788749299.042709,64.616000,r2_2_L1_r18,0.9338069958612323,-2.028505565598607,5.792527362704277,93.69747215316491,1.096021056175232,-2.1537773609161377,4.527368545532227,95.34033076009092,1.2816525491465356,1.642858606926017,1,209,1788749234.4266891
1788749299.089699,64.648000,r2_2_L1_r18,0.9379237098619342,-2.0301945228129625,5.792946025729179,93.69729121102709,1.0992573499679565,-2.154741048812866,4.527004241943359,95.33065014905642,1.2822437289779693,1.6333589380293343,1,205,1788749234.4416838
1788749299.135016,64.684000,r2_2_L1_r18,0.9447951717302203,-2.0330300349742174,5.79364649951458,93.69669055285011,1.1038718223571777,-2.1569833755493164,4.5273919105529785,95.31964396578401,1.2822131240479218,1.6229534129338932,1,202,1788749234.4509978
1788749299.183295,64.716000,r2_2_L1_r18,0.9503127140924335,-2.0353257674723864,5.794228717684746,93.69825734835801,1.109060525894165,-2.1594796180725098,4.528000354766846,95.31732984877655,1.282165868142036,1.6190725004185331,1,199,1788749234.4672763
1788749299.231935,64.748000,r2_2_L1_r18,0.9558870596811175,-2.037627460435033,5.794826194643974,93.69889898233836,1.1153208017349243,-2.162170648574829,4.527844429016113,95.32080073441723,1.2830327035001083,1.6219017520788694,1,198,1788749234.4839196
1788749299.280724,64.780000,r2_2_L1_r18,0.9629103345796466,-2.0405027884989977,5.795574828982353,93.70125956111072,1.121508002281189,-2.164565086364746,4.527646064758301,95.32421683089976,1.283817753849366,1.622957269789051,1,197,1788749234.5007071
1788749299.324565,64.816000,r2_2_L1_r18,0.9685479803010821,-2.0427653808146715,5.79617802798748,93.70257112652223,1.1274861097335815,-2.166095018386841,4.5272746086120605,95.32510165129176,1.28475188896293,1.6225305247695307,1,197,1788749234.5085413
1788749299.370858,64.848000,r2_2_L1_r18,0.9728030366823077,-2.0444085616618395,5.796630546450615,93.70413822279914,1.130610466003418,-2.166642189025879,4.527441024780273,95.31620880286094,1.2847903666845024,1.6120705800618083,1,194,1788749234.522844
1788749299.415571,64.880000,r2_2_L1_r18,0.9784838957712054,-2.046557428315282,5.797102615237236,93.70559021458864,1.1341760158538818,-2.16754150390625,4.527979850769043,95.30702041859092,1.2843479957137116,1.6014302040022736,1,192,1788749234.5355499
1788749299.461933,64.912000,r2_2_L1_r18,0.9856301946565509,-2.0491409320384264,5.797309085726738,93.70583202200032,1.1395325660705566,-2.1682586669921875,4.529144287109375,95.31010862718884,1.2830108850510917,1.6042766051885167,1,188,1788749234.5499148
1788749299.507933,64.948000,r2_2_L1_r18,0.9914132161065936,-2.051105262711644,5.797161266207695,93.70540955361712,1.1460496187210083,-2.171732187271118,4.529273509979248,95.31848890483555,1.2829663418563289,1.6130793512184256,1,182,1788749234.5599163
1788749299.551803,64.980000,r2_2_L1_r18,0.9972579283639789,-2.052957536652684,5.7967821806669235,93.70510547605505,1.1528668403625488,-2.1757349967956543,4.530617713928223,95.32879508520682,1.2815853054105435,1.6236896091517736,1,176,1788749234.571788
1788749299.600012,65.012000,r2_2_L1_r18,1.0017037196084857,-2.0542750377207994,5.796362563967705,93.70563219617407,1.160134196281433,-2.178420066833496,4.530233383178711,95.34701534807462,1.282027810399454,1.641383151900554,1,173,1788749234.5879955
1788749299.644412,65.044000,r2_2_L1_r18,1.009218673221767,-2.0563075561076403,5.795426532626152,93.70533521647742,1.1686241626739502,-2.1836764812469482,4.5258002281188965,95.36291873634202,1.2859175347802763,1.6575835198646103,1,170,1788749234.6003938
1788749299.692707,65.080000,r2_2_L1_r18,1.015369395725429,-2.057776691392064,5.794790431857109,93.70119723039384,1.1743674278259277,-2.186608076095581,4.519038200378418,95.36775758891152,1.292061010950844,1.6665603585176667,1,165,1788749234.612677
1788749299.736635,65.112000,r2_2_L1_r18,1.021651010029018,-2.059089185670018,5.794953033328056,93.69290446688002,1.1767367124557495,-2.177643060684204,4.498473167419434,95.39076914947866,1.311093680514292,1.6978646825986339,1,360,1788749234.624621
1788749299.783722,65.144000,r2_2_L1_r18,1.0296023888513446,-2.060553314164281,5.7963501662015915,93.68336021612453,1.1835880279541016,-2.173391819000244,4.496074676513672,95.37339876245561,1.3142147671924325,1.6900385463310856,1,270,1788749234.6397026
1788749299.829403,65.176000,r2_2_L1_r18,1.036000113002956,-2.061694385483861,5.798323795199394,93.67904058494668,1.193015694618225,-2.170605421066284,4.496265411376953,95.36301772330994,1.3160059047830768,1.683977138363261,1,219,1788749234.6533875
1788749299.878151,65.212000,r2_2_L1_r18,1.0407818360254169,-2.0626115817576647,5.80020634829998,93.67674022356991,1.2031760215759277,-2.16817045211792,4.49606990814209,95.34628959219998,1.3184408978638524,1.6695493686300618,1,211,1788749234.6661336
1788749299.924699,65.244000,r2_2_L1_r18,1.0485503477975726,-2.0643947143107653,5.803850814700127,93.67667792195229,1.2119799852371216,-2.1667075157165527,4.496636867523193,95.3362507566048,1.3213574306065035,1.6595728346525187,1,206,1788749234.6806798
1788749299.972506,65.276000,r2_2_L1_r18,1.0544982952997088,-2.0661540050059557,5.80706612765789,93.67727328074463,1.220757246017456,-2.1633872985839844,4.496868133544922,95.33831026408794,1.324279100435948,1.6610369833433103,1,198,1788749234.6964908
1788749300.020950,65.308000,r2_2_L1_r18,1.0601095957681537,-2.068279029801488,5.810403987765312,93.67889452555205,1.2294659614562988,-2.162909746170044,4.497072696685791,95.33673386888013,1.32758262688547,1.6578393433280698,1,193,1788749234.7129314
1788749300.065677,65.344000,r2_2_L1_r18,1.066551904194057,-2.0714592952281237,5.81467168033123,93.68088380182257,1.2378127574920654,-2.1623775959014893,4.497743129730225,95.33837415889168,1.3311262992885986,1.6574903570691033,1,188,1788749234.7216609
1788749300.111314,65.376000,r2_2_L1_r18,1.0711777014657855,-2.074505092576146,5.818119212985039,93.68254468851417,1.2452392578125,-2.1631319522857666,4.498307704925537,95.34504517014875,1.3341868544046314,1.6625004816345743,1,184,1788749234.7352993
1788749300.162349,65.408000,r2_2_L1_r18,1.0743450922891498,-2.0770292300730944,5.820684596896172,93.68323631764557,1.2518601417541504,-2.164625644683838,4.498613357543945,95.34856783287627,1.336808545215638,1.665331515230708,1,181,1788749234.7543318
1788749300.205893,65.440000,r2_2_L1_r18,1.0790471835061908,-2.081732990220189,5.824851676821709,93.6829060663967,1.2518601417541504,-2.164625644683838,4.498613357543945,95.34854529772826,1.3400162649099254,1.6656392313315695,1,180,1788749234.7658794
1788749300.254653,65.476000,r2_2_L1_r18,1.0823105378076434,-2.0859684962779284,5.8280884474515915,93.68265175972606,1.2618366479873657,-2.17097544670105,4.500128269195557,95.34509239078204,1.3427337937544808,1.6624406310559818,1,179,1788749234.778637
1788749300.302929,65.508000,r2_2_L1_r18,1.085126738063991,-2.090592624619603,5.831179782748222,93.68266014119014,1.2618366479873657,-2.17097544670105,4.500128269195557,95.34507130436752,1.3451341650860509,1.662411163177381,1,175,1788749234.7949057
1788749300.347908,65.540000,r2_2_L1_r18,1.0874888701364398,-2.0955917853862047,5.834106132388115,93.68293210561563,1.2618366479873657,-2.17097544670105,4.500128269195557,95.34509963853792,1.3474334059695012,1.6621675329222845,1,174,1788749234.8078911
1788749300.393435,65.572000,r2_2_L1_r18,1.0898438496515155,-2.102320911362767,5.837557002902031,93.68373378664919,1.2618366479873657,-2.17097544670105,4.500128269195557,95.34507815609443,1.350189092551712,1.661344369445237,1,174,1788749234.821421
1788749300.439024,65.608000,r2_2_L1_r18,1.0909640593454242,-2.106637002900243,5.839517280459404,93.68520150780299,1.2702863216400146,-2.186176300048828,4.501706123352051,95.30912000067941,1.3521174747876963,1.6239184928764219,1,172,1788749234.8310072
1788749300.482639,65.640000,r2_2_L1_r18,1.0921445889398456,-2.112609626725316,5.841983959078789,93.68804656561596,1.2702863216400146,-2.186176300048828,4.501706123352051,95.30911826867292,1.3540646990796472,1.6210717030569552,1,170,1788749234.8426065
1788749300.531287,65.672000,r2_2_L1_r18,1.09298465680331,-2.1188099402934313,5.8442932814359665,93.69013117550276,1.2711632251739502,-2.1997387409210205,4.505070209503174,95.28079211766214,1.3534457910809494,1.5906609421593825,1,168,1788749234.8592684
1788749300.577969,65.704000,r2_2_L1_r18,1.0935594839975238,-2.1269023437052965,5.846970245242119,93.69522711151453,1.2731297016143799,-2.20577073097229,4.507404804229736,95.29104652988556,1.35384683635918,1.5958194183710372,1,167,1788749234.873955
1788749300.623776,65.740000,r2_2_L1_r18,1.0936345858499408,-2.1336631793528795,5.848987743258476,93.7024191510168,1.273876667022705,-2.2134149074554443,4.50935173034668,95.28799425866083,1.354057677150811,1.5855751076440279,1,165,1788749234.8837595
1788749300.667931,65.772000,r2_2_L1_r18,1.0934833092615008,-2.1388931293040514,5.850439235568047,93.70720777521873,1.273876667022705,-2.2134149074554443,4.50935173034668,95.28799611974591,1.3552162025315655,1.5807883445271762,1,165,1788749234.8959157
1788749300.716079,65.804000,r2_2_L1_r18,1.0929199261590838,-2.147847415879369,5.852704212069511,93.71861059108525,1.2730062007904053,-2.2274603843688965,4.51188850402832,95.28039019971592,1.3551959467148296,1.5617796086306674,1,165,1788749234.9120631
1788749300.760182,65.836000,r2_2_L1_r18,1.0921894116327167,-2.1552183646708727,5.854418441653252,93.72910604620185,1.2730062007904053,-2.2274603843688965,4.51188850402832,95.28038207805291,1.35657666722915,1.5512760318510541,1,164,1788749234.9241664
1788749300.806538,65.872000,r2_2_L1_r18,1.0912353796884418,-2.162782909348607,5.8560659140348434,93.7401157219468,1.2712085247039795,-2.243006467819214,4.515867233276367,95.27517947761842,1.3546064580413129,1.5350637556716262,1,164,1788749234.934523
1788749300.852960,65.904000,r2_2_L1_r18,1.0897562308236957,-2.172503950074315,5.858055755496025,93.75558038150265,1.2709797620773315,-2.2518372535705566,4.517992973327637,95.27899333057684,1.3545862842493814,1.5234129490741966,1,164,1788749234.9489424
1788749300.901625,65.936000,r2_2_L1_r18,1.0883914036676288,-2.180449964478612,5.859612628817558,93.76875198386574,1.2695538997650146,-2.260263204574585,4.520529747009277,95.27495425697367,1.3536369408518754,1.5062022731079359,1,163,1788749234.9656062
1788749300.946139,65.968000,r2_2_L1_r18,1.087287644855678,-2.186523200944066,5.860820934176445,93.78027709268413,1.2695538997650146,-2.260263204574585,4.520529747009277,95.27497733559755,1.3546361290811935,1.4947002429134193,1,163,1788749234.9781241
1788749300.993509,66.004000,r2_2_L1_r18,1.0852669281885028,-2.1968419570475817,5.862901374697685,93.80053901021232,1.267154574394226,-2.276184558868408,4.524483680725098,95.2805760714193,1.3530485164416153,1.480037061206992,1,163,1788749234.9894936
1788749301.038021,66.036000,r2_2_L1_r18,1.0834730667993426,-2.205263616517186,5.864619418978691,93.81638900892011,1.267154574394226,-2.276184558868408,4.524483680725098,95.28059093157643,1.3545229688863967,1.4642019226563123,1,163,1788749235.0020027
1788749301.085917,66.068000,r2_2_L1_r18,1.0815164847299457,-2.2138345260173082,5.866365596652031,93.8327760893825,1.262937307357788,-2.292886734008789,4.529598712921143,95.28310982546849,1.3513358087133198,1.4503337360859783,1,162,1788749235.0178945
1788749301.130018,66.100000,r2_2_L1_r18,1.0789096159860492,-2.2247109431773424,5.868568107485771,93.85389112168723,1.2582460641860962,-2.311683177947998,4.530496597290039,95.25631055251674,1.352834467949238,1.4024194308295146,1,388,1788749235.03
1788749301.175938,66.136000,r2_2_L1_r18,1.0767375035211444,-2.2335147876292467,5.8703810423612595,93.87048501829734,1.2538096904754639,-2.324110746383667,4.531970977783203,95.2316316789396,1.3531088973542578,1.3611466606422558,1,272,1788749235.0399227
1788749301.220894,66.168000,r2_2_L1_r18,1.07505355309695,-2.240159275010228,5.871806785464287,93.88179763713782,1.2522300481796265,-2.331408739089966,4.534109592437744,95.23000553640878,1.3524613692581804,1.3482078992709485,1,244,1788749235.0528786
1788749301.265963,66.200000,r2_2_L1_r18,1.0727200312539935,-2.248992683365941,5.873770400881767,93.89573109215779,1.2522300481796265,-2.331408739089966,4.534109592437744,95.23002331166222,1.3541445026652954,1.3342922195044475,1,234,1788749235.0659459
1788749301.313423,66.232000,r2_2_L1_r18,1.06971166562289,-2.260004522278905,5.8763357847929,93.90934576230067,1.2491072416305542,-2.3473761081695557,4.537973403930664,95.23108258628393,1.353155729847604,1.321736823983249,1,232,1788749235.081406
1788749301.357275,66.268000,r2_2_L1_r18,1.0672327084466815,-2.268836261704564,5.8784729689359665,93.91734190432437,1.2491072416305542,-2.3473761081695557,4.537973403930664,95.23111347497516,1.3550593850761674,1.3137715706507904,1,230,1788749235.0892606
1788749301.402924,66.300000,r2_2_L1_r18,1.0647034449502826,-2.277676345780492,5.880639240145683,93.92294916075319,1.244399905204773,-2.365250825881958,4.542008876800537,95.21643467883905,1.3534738109999003,1.2934855180858549,1,228,1788749235.1029103
1788749301.450532,66.332000,r2_2_L1_r18,1.062779407016933,-2.2843191642314196,5.88227479159832,93.92604129634,1.244399905204773,-2.365250825881958,4.542008876800537,95.21643393490412,1.354934928912918,1.2903926385641176,1,226,1788749235.1185136
1788749301.496663,66.364000,r2_2_L1_r18,1.0594997210428119,-2.295379402115941,5.8850013464689255,93.92865870518314,1.2402838468551636,-2.3814871311187744,4.546852111816406,95.20123899853938,1.3530487113703205,1.2725802933562431,1,226,1788749235.1326456
1788749301.541363,66.400000,r2_2_L1_r18,1.056842545978725,-2.3041977901011705,5.887274906039238,93.92934432661123,1.2402838468551636,-2.3814871311187744,4.546852111816406,95.20122646746741,1.3551227325870965,1.2718821408561782,1,221,1788749235.141338
1788749301.584916,66.432000,r2_2_L1_r18,1.0541647477075458,-2.312962533906102,5.889624282717705,93.92600916774235,1.235012173652649,-2.3994650840759277,4.55125093460083,95.17991984151661,1.3533039945283638,1.2539106737742645,1,217,1788749235.152899
1788749301.628608,66.464000,r2_2_L1_r18,1.0507486863061786,-2.323854686692357,5.892592117190361,93.91916269327884,1.235012173652649,-2.3994650840759277,4.55125093460083,95.17987905605958,1.356047983322222,1.260716362780738,1,216,1788749235.1645937
1788749301.677643,66.496000,r2_2_L1_r18,1.0480018658563495,-2.3325316924601793,5.894967243075371,93.91199026158166,1.2306925058364868,-2.415518283843994,4.556214809417725,95.16259145835609,1.3537062912279483,1.2506011967744257,1,213,1788749235.1816285
1788749301.721904,66.532000,r2_2_L1_r18,1.045951466076076,-2.3390045184642076,5.896740600466728,93.90417078828006,1.2306925058364868,-2.415518283843994,4.556214809417725,95.16253757006272,1.3553571501755202,1.2583667817826691,1,212,1788749235.189889
1788749301.765857,66.564000,r2_2_L1_r18,1.0425189537927508,-2.3497324008494616,5.899625465273857,93.89029924999832,1.2258836030960083,-2.4321470260620117,4.561406135559082,95.13572833533138,1.353235286077515,1.2454290853330512,1,210,1788749235.2018392
1788749301.809752,66.596000,r2_2_L1_r18,1.0397884650155902,-2.3582706470042467,5.901928588747978,93.87810306111794,1.2258836030960083,-2.4321470260620117,4.561406135559082,95.13571118666968,1.35539277233702,1.2576081255517397,1,209,1788749235.213737
1788749301.856183,66.628000,r2_2_L1_r18,1.0370741887018085,-2.366802217438817,5.904331371188164,93.86585933203453,1.2209563255310059,-2.448207378387451,4.565135955810547,95.10722721502854,1.3542096591895851,1.2413678829940102,1,209,1788749235.2281637
1788749301.899913,66.664000,r2_2_L1_r18,1.0336736245080829,-2.3774049300700426,5.907435581088066,93.84927526574516,1.2209563255310059,-2.448207378387451,4.565135955810547,95.10726283817661,1.3571499846407358,1.2579875724314507,1,209,1788749235.2358887
1788749301.944711,66.696000,r2_2_L1_r18,1.0309408707544208,-2.3858761806041002,5.90996091067791,93.83614972218763,1.2209563255310059,-2.448207378387451,4.565135955810547,95.10719441183419,1.3596121544415027,1.2710446896465577,1,209,1788749235.2486906
1788749301.991311,66.728000,r2_2_L1_r18,1.0288867754861712,-2.392208816483617,5.911865875124931,93.82617733065058,1.215373158454895,-2.47007417678833,4.570780277252197,95.07594684754616,1.3562266647540184,1.2497695168955805,1,204,1788749235.263294
1788749302.035513,66.760000,r2_2_L1_r18,1.0255241198465228,-2.4027602691203356,5.915027782320976,93.80907826364293,1.215373158454895,-2.47007417678833,4.570780277252197,95.07596531665178,1.3592553750159297,1.2668870530088456,1,201,1788749235.2754557
1788749302.080786,66.796000,r2_2_L1_r18,1.022899012081325,-2.411211969330907,5.9175402373075485,93.79750109117573,1.2087671756744385,-2.486872434616089,4.575504779815674,95.03797926107536,1.3569563918601335,1.2404781698996268,1,201,1788749235.2847705
1788749302.124876,66.828000,r2_2_L1_r18,1.0202805800363421,-2.4196457881480455,5.920121356844902,93.78766400633837,1.2087671756744385,-2.486872434616089,4.575504779815674,95.03797603876917,1.3594264812605266,1.2503120324307913,1,200,1788749235.2968624
1788749302.174540,66.860000,r2_2_L1_r18,1.0177068514749408,-2.428025247529149,5.922777816653252,93.77851816415509,1.2040337324142456,-2.5018153190612793,4.577690601348877,95.01474747260964,1.359934666810345,1.236229308454556,1,197,1788749235.314523
1788749302.218731,66.892000,r2_2_L1_r18,1.0144940419122577,-2.438462259247899,5.926154300570488,93.76928176800453,1.2040337324142456,-2.5018153190612793,4.577690601348877,95.01478578232145,1.3631923021282575,1.2455040143169176,1,197,1788749235.326717
1788749302.265208,66.928000,r2_2_L1_r18,1.0125809712335467,-2.4447333831340075,5.928218051791191,93.76512570735454,1.1993359327316284,-2.5182182788848877,4.579828262329102,94.99629304765143,1.3632433641405652,1.2311673402968921,1,195,1788749235.3371916
1788749302.311667,66.960000,r2_2_L1_r18,1.010004143230617,-2.4530627746134996,5.9309727400541306,93.75969131185825,1.1965274810791016,-2.5258278846740723,4.581953525543213,94.98380599919038,1.3637956437545622,1.2241146873321365,1,195,1788749235.3516479
1788749302.357158,66.992000,r2_2_L1_r18,1.007399539463222,-2.4613683242350817,5.933727905154228,93.75451472535956,1.1937071084976196,-2.5338621139526367,4.584059715270996,94.97172650546213,1.3643936684878746,1.2172117801025755,1,195,1788749235.3651404
1788749302.402185,67.024000,r2_2_L1_r18,1.00416789483279,-2.4716620463877916,5.937179252505302,93.74919146003609,1.1898789405822754,-2.5435822010040283,4.5838446617126465,94.95344369288098,1.3679092132847546,1.2042522328448921,1,195,1788749235.3781693
1788749302.446547,67.060000,r2_2_L1_r18,1.00158844422549,-2.4798305053263903,5.939966842532158,93.74480533556054,1.1898789405822754,-2.5435822010040283,4.5838446617126465,94.9534576998541,1.3706148105980493,1.2086523642935596,1,193,1788749235.3865237
1788749302.492290,67.092000,r2_2_L1_r18,0.99964330624789,-2.4859037417918444,5.942023918032646,93.74153105230917,1.18523371219635,-2.5614705085754395,4.583046913146973,94.9352734086454,1.3736712251591632,1.1937423563362195,1,187,1788749235.4002745
1788749302.536613,67.124000,r2_2_L1_r18,0.9963394207879901,-2.4959321040660143,5.9453980177640915,93.73462813919025,1.18523371219635,-2.5614705085754395,4.583046913146973,94.93525461137332,1.3769447585302002,1.200626472183083,1,185,1788749235.4125981
1788749302.584185,67.156000,r2_2_L1_r18,0.9936208529397845,-2.5039076823741198,5.948043987154961,93.72855842581352,1.1794780492782593,-2.576199531555176,4.58576774597168,94.91778603550736,1.376795397356217,1.1892276096938463,1,184,1788749235.428144
1788749302.626940,67.192000,r2_2_L1_r18,0.9907913012430072,-2.511878492310643,5.950609847903252,93.72093815611426,1.1794780492782593,-2.576199531555176,4.58576774597168,94.91781680628176,1.3793236923139567,1.1968786501674973,1,182,1788749235.4349217
1788749302.671443,67.224000,r2_2_L1_r18,0.9871370000764728,-2.5218250770121813,5.953733131289482,93.71361989063044,1.1729190349578857,-2.5911073684692383,4.587810516357422,94.89677602708447,1.3802389613313546,1.1831561364540282,1,180,1788749235.4474254
1788749302.716808,67.256000,r2_2_L1_r18,0.9841536683961749,-2.5297508258372545,5.956213638186455,93.70616890631212,1.1729190349578857,-2.5911073684692383,4.587810516357422,94.89678912043341,1.3827234332173481,1.190620214121288,1,178,1788749235.4607902
1788749302.761316,67.288000,r2_2_L1_r18,0.9819009704515338,-2.5356926936656237,5.958119556307793,93.70111346991851,1.1729190349578857,-2.5911073684692383,4.587810516357422,94.89679003333431,1.3846680295728107,1.1956765634158129,1,177,1788749235.4732893
1788749302.808264,67.324000,r2_2_L1_r18,0.9781119031831622,-2.545616151764989,5.9613329619169235,93.69341398915194,1.1629648208618164,-2.614886522293091,4.592431545257568,94.87947084697639,1.3830618474744365,1.186056857824444,1,175,1788749235.4842474
1788749302.852937,67.356000,r2_2_L1_r18,0.975033144466579,-2.5535995978862047,5.963908836245537,93.68757189327825,1.1629648208618164,-2.614886522293091,4.592431545257568,94.87944806759003,1.3856494368315806,1.1918761743117907,1,173,1788749235.4969225
1788749302.900622,67.388000,r2_2_L1_r18,0.971907059662044,-2.561654331162572,5.966437503695488,93.68290833490614,1.1584068536758423,-2.630645751953125,4.596157073974609,94.88456001221536,1.384633686353876,1.2016516773092112,1,173,1788749235.5126064
1788749302.947488,67.420000,r2_2_L1_r18,0.9679428739473224,-2.5718178767710924,5.969543620944023,93.67796592086135,1.1564055681228638,-2.6377577781677246,4.597480297088623,94.89188635185597,1.3865150638782218,1.2139204309946292,1,173,1788749235.527465
1788749302.996005,67.456000,r2_2_L1_r18,0.9647726221010089,-2.5800128001719713,5.97204415500164,93.67546678858,1.1524332761764526,-2.646146774291992,4.599559307098389,94.88971079429443,1.3868326796499073,1.2142440057144401,1,173,1788749235.5399897
1788749303.042466,67.488000,r2_2_L1_r18,0.9624072713777423,-2.586218835785985,5.973975345492363,93.67459455742485,1.1524332761764526,-2.646146774291992,4.599559307098389,94.88968997381751,1.3887838877622125,1.2150954163926668,1,173,1788749235.5544407
1788749303.088330,67.520000,r2_2_L1_r18,0.9592466754838824,-2.594521762803197,5.976589843630791,93.6730660238904,1.1479018926620483,-2.660135269165039,4.601773738861084,94.89578616685789,1.3892498857728173,1.2227201429674903,1,172,1788749235.5683122
1788749303.132895,67.552000,r2_2_L1_r18,0.9553490085527301,-2.6050117034465075,5.979917213320732,93.6728297754894,1.1461210250854492,-2.6674444675445557,4.602835655212402,94.9068368208398,1.3916340862478713,1.2340070453503886,1,171,1788749235.5808794
1788749303.177184,67.588000,r2_2_L1_r18,0.9522589845582843,-2.6135144252330065,5.982618972659111,93.67536707671576,1.1432833671569824,-2.675896644592285,4.605414867401123,94.91035732343148,1.3917877006134443,1.2349902467157265,1,171,1788749235.5891674
1788749303.222712,67.620000,r2_2_L1_r18,0.9491902394220233,-2.622041704133153,5.985311195254326,93.67830186779877,1.140781044960022,-2.684084892272949,4.607111930847168,94.9124266286546,1.3928350966190077,1.234124760855824,1,170,1788749235.6026945
1788749303.267139,67.652000,r2_2_L1_r18,0.9469063682481647,-2.6284446734935045,5.987319156527519,93.6798874638778,1.1368898153305054,-2.6915946006774902,4.608575344085693,94.90765960428092,1.3932035471585809,1.2277721404031252,1,170,1788749235.615122
1788749303.312758,67.684000,r2_2_L1_r18,0.943113605491817,-2.6390838641673326,5.990670844912529,93.6831673036368,1.1332902908325195,-2.6997318267822266,4.609473705291748,94.90724434400242,1.3955468052033013,1.22407704036563,1,170,1788749235.6287415
1788749303.357982,67.720000,r2_2_L1_r18,0.9401160283014178,-2.647571327164769,5.993446037173271,93.68689433654181,1.1308679580688477,-2.7089812755584717,4.61052942276001,94.91037202409979,1.3973603124791947,1.223477687557969,1,170,1788749235.6379635
1788749303.403429,67.752000,r2_2_L1_r18,0.9371470613405108,-2.6560342330485582,5.996258422732353,93.69082693323426,1.1283531188964844,-2.7171285152435303,4.611688613891602,94.91197804099146,1.399044610910007,1.2211511077571895,1,169,1788749235.651414
1788749303.450723,67.784000,r2_2_L1_r18,0.933469514362514,-2.666588069871068,5.999797031283379,93.69541452707156,1.1249719858169556,-2.725080728530884,4.613131523132324,94.91366028681593,1.4010481145150138,1.2182457597443586,1,169,1788749235.6667023
1788749303.495399,67.816000,r2_2_L1_r18,0.9305822057649493,-2.67503166384995,6.002645179629326,93.69762887393675,1.1227351427078247,-2.7332234382629395,4.614328384399414,94.92001209382352,1.4027589093292396,1.222383219886753,1,169,1788749235.6793838
1788749303.542208,67.852000,r2_2_L1_r18,0.9284702343866229,-2.681382181122899,6.0047857016325,93.70022229522368,1.1176270246505737,-2.7431135177612305,4.61662483215332,94.91871818026021,1.4023486188460081,1.2184958850365304,1,168,1788749235.6901643
1788749303.589817,67.884000,r2_2_L1_r18,0.9250427288934588,-2.6919474620372057,6.008188888430595,93.7037050525762,1.1176270246505737,-2.7431135177612305,4.61662483215332,94.91870125017604,1.4057585848763225,1.2149961975998451,1,376,1788749235.705801
1788749303.638631,67.916000,r2_2_L1_r18,0.922391097061336,-2.7004122752696276,6.010142967104912,93.7076793002413,1.1176270246505737,-2.7431135177612305,4.61662483215332,94.91868239566139,1.40777599637546,1.2110030954200857,1,347,1788749235.7226038
1788749303.686065,67.948000,r2_2_L1_r18,0.9197957320138812,-2.7088942546397448,6.0110203474760056,93.71010090479132,1.1085968017578125,-2.758025884628296,4.612779140472412,94.90117023531896,1.4117854773175174,1.191069330527637,1,344,1788749235.7380505
1788749303.730299,67.984000,r2_2_L1_r18,0.9165904922410846,-2.7194874305278063,6.010625526309013,93.71499686877559,1.1059479713439941,-2.7676584720611572,4.61480188369751,94.90143341458277,1.4094326324474906,1.1864365458071966,1,340,1788749235.7462804
1788749303.776947,68.016000,r2_2_L1_r18,0.9140767259523273,-2.7279877681285143,6.009324237704277,93.71790067568232,1.103833556175232,-2.775702953338623,4.616367816925049,94.90503489234409,1.406631431365714,1.1871342166617695,1,339,1788749235.7609313
1788749303.822223,68.048000,r2_2_L1_r18,0.9121907157823443,-2.734356166794896,6.007877990603447,93.72072635481918,1.101790189743042,-2.783639669418335,4.618337154388428,94.90865035505821,1.403282067036468,1.1879240002390374,1,339,1788749235.7742078
1788749303.868531,68.080000,r2_2_L1_r18,0.9090637369081378,-2.744964363053441,6.004789039492607,93.72403034942782,1.1016367673873901,-2.7901201248168945,4.619852542877197,94.92619756830307,1.3989898193145531,1.2021672188752472,1,333,1788749235.7885132
1788749303.916724,68.116000,r2_2_L1_r18,0.9065529508516192,-2.7534608859568834,6.00262276828289,93.72732000937532,1.1008186340332031,-2.7984471321105957,4.620997428894043,94.9423916207356,1.3959410791456628,1.2150716113602813,1,330,1788749235.8007023
1788749303.962349,68.148000,r2_2_L1_r18,0.9039768381044269,-2.7619168777018785,6.001295730471611,93.7304975572434,1.097974181175232,-2.80625319480896,4.623571395874023,94.94089286573346,1.3920219180298552,1.2103953084900623,1,327,1788749235.8143294
1788749304.008060,68.180000,r2_2_L1_r18,0.9012800855562091,-2.7703535575419664,6.000801727175713,93.73256848878847,1.0945686101913452,-2.814328908920288,4.625400543212891,94.93618272406722,1.389612428747961,1.2036142352787509,1,325,1788749235.8280425
1788749304.059135,68.212000,r2_2_L1_r18,0.8977314038202167,-2.7808470744639635,6.001196548342705,93.73536195886007,1.0918692350387573,-2.8219122886657715,4.626934051513672,94.93565892059227,1.3885147674830278,1.2002969617322077,1,324,1788749235.847116
1788749304.106544,68.248000,r2_2_L1_r18,0.8955306811258197,-2.7870938796550035,6.001921817660332,93.73662314349544,1.0876870155334473,-2.830946683883667,4.628625869750977,94.93000073980531,1.3873676102014014,1.1933775963098787,1,321,1788749235.8585293
1788749304.155152,68.280000,r2_2_L1_r18,0.8925123019143939,-2.795325757935643,6.003321811556816,93.73771513643693,1.0833170413970947,-2.8397605419158936,4.630184650421143,94.92187677078542,1.3870423792834052,1.1841616343484822,1,316,1788749235.875132
1788749304.200843,68.312000,r2_2_L1_r18,0.8893791837617755,-2.8034579772502184,6.005075141787529,93.73827196588074,1.0791064500808716,-2.847273826599121,4.632571697235107,94.9172632942207,1.3862474416738684,1.1789913283399525,1,313,1788749235.888825
1788749304.245840,68.344000,r2_2_L1_r18,0.885316233150661,-2.8134839553385973,6.007570907473564,93.73971764732447,1.0762542486190796,-2.854330539703369,4.634829044342041,94.92176238731548,1.3865590474260705,1.1820447399910263,1,308,1788749235.9018157
1788749304.297588,68.380000,r2_2_L1_r18,0.8819730086252093,-2.8214213866740465,6.0097243040800095,93.74072893563755,1.072507381439209,-2.8624932765960693,4.637816429138184,94.92452694752475,1.3856844751575979,1.1837980118872038,1,307,1788749235.917566
1788749304.341689,68.412000,r2_2_L1_r18,0.8794166250154376,-2.827319862321019,6.011389896273613,93.74089027419298,1.0696388483047485,-2.869900941848755,4.641020774841309,94.93005790697757,1.3841637083604026,1.1891676327845886,1,307,1788749235.9296522
1788749304.385466,68.444000,r2_2_L1_r18,0.8749929470941424,-2.8370418567210436,6.01419036090374,93.73995155500528,1.0666062831878662,-2.877448081970215,4.643087863922119,94.93495285930074,1.385016386486849,1.195001304295453,1,301,1788749235.9414492
1788749304.432355,68.476000,r2_2_L1_r18,0.8713021082803607,-2.8447365779429674,6.0164124220609665,93.73982439021032,1.0630979537963867,-2.884442090988159,4.644941806793213,94.93923907750776,1.3853858028240003,1.1994146872974478,1,301,1788749235.956339
1788749304.482424,68.512000,r2_2_L1_r18,0.8674889607354999,-2.852353097870946,6.018594905734062,93.73860344585837,1.0586047172546387,-2.893197536468506,4.646425247192383,94.94318530981569,1.3860169812728202,1.204581863957323,1,299,1788749235.9704072
1788749304.528737,68.544000,r2_2_L1_r18,0.8625829024240375,-2.8618004340678453,6.021346732974052,93.73567095476456,1.0549595355987549,-2.900583505630493,4.648522853851318,94.94496978264014,1.3867798306584447,1.209298827875584,1,297,1788749235.9847214
1788749304.579389,68.576000,r2_2_L1_r18,0.8585482640191913,-2.869299652054906,6.0235792845487595,93.73345289596905,1.0506863594055176,-2.907898426055908,4.650454998016357,94.94280131213439,1.3870390114622528,1.2093484161653316,1,296,1788749236.0033731
1788749304.623315,68.608000,r2_2_L1_r18,0.8554710550233722,-2.8749058265239,6.025280639529228,93.73253015670532,1.0456080436706543,-2.9153575897216797,4.652080059051514,94.93384244626952,1.3868915796925143,1.2013122895642105,1,293,1788749236.0152972
1788749304.668785,68.644000,r2_2_L1_r18,0.8502098126336932,-2.8841989059001207,6.028152629733086,93.73107419856714,1.041240930557251,-2.92415452003479,4.653573036193848,94.93260963482868,1.3883653690907518,1.2015354362615234,1,289,1788749236.024765
1788749304.713919,68.676000,r2_2_L1_r18,0.8458530707284808,-2.89160824008286,6.030453369021416,93.72888780870458,1.0365115404129028,-2.931736469268799,4.655986309051514,94.92913839503912,1.3882077026808024,1.2002505863345283,1,285,1788749236.0379055
1788749304.759127,68.708000,r2_2_L1_r18,0.8413406414911151,-2.898975135758519,6.032735988497734,93.72665301654084,1.0323976278305054,-2.9389102458953857,4.657330513000488,94.93155322290431,1.3891860232087487,1.2049002063634717,1,283,1788749236.0511117
1788749304.805521,68.740000,r2_2_L1_r18,0.8355174465104938,-2.9081826228648424,6.0356337279081345,93.72392676051385,1.0285539627075195,-2.9465246200561523,4.658491134643555,94.93405842774168,1.3911344031104955,1.2101316672278268,1,281,1788749236.065499
1788749304.851076,68.776000,r2_2_L1_r18,0.8307433528825641,-2.9155728835612535,6.0380775183439255,93.7232905669881,1.0236523151397705,-2.956202507019043,4.657937526702881,94.9352649588849,1.3941488552333343,1.211974391896798,1,278,1788749236.075058
1788749304.896293,68.808000,r2_2_L1_r18,0.827139894478023,-2.921144248917699,6.039991065859795,93.72205464625299,1.0193308591842651,-2.963585376739502,4.659957408905029,94.93568774767165,1.3939983897312958,1.2136331014186679,1,272,1788749236.0882778
1788749304.940636,68.840000,r2_2_L1_r18,0.8222859902307391,-2.9285521525889635,6.042573615908623,93.72078863365103,1.0147486925125122,-2.970597982406616,4.661842346191406,94.93511253940783,1.394714516576627,1.214323905756793,1,271,1788749236.1006188
1788749304.987691,68.872000,r2_2_L1_r18,0.816166321747005,-2.937800409272313,6.045868083834648,93.71894485698618,1.010233759880066,-2.97843599319458,4.663543701171875,94.9353265202634,1.3964720262605512,1.2163816632772275,1,267,1788749236.1156764
1788749305.033254,68.908000,r2_2_L1_r18,0.8112507862970233,-2.9452176112681627,6.048531696200371,93.71757637562625,1.005446434020996,-2.9863810539245605,4.666574954986572,94.93916841559344,1.3961414015752565,1.2215920399671913,1,266,1788749236.125238
1788749305.081079,68.940000,r2_2_L1_r18,0.8063200516626239,-2.952657701447606,6.051174804568291,93.714854683896,1.0012210607528687,-2.993147611618042,4.668425559997559,94.94173840504409,1.3970044056948911,1.2268837211481067,1,262,1788749236.1410573
1788749305.125484,68.972000,r2_2_L1_r18,0.8026108546182513,-2.9582569617778063,6.053179427981377,93.71355191006289,0.9967142343521118,-3.001328229904175,4.6685028076171875,94.9427740388819,1.3988783360769133,1.2292221288190062,1,259,1788749236.153466
1788749305.169493,69.004000,r2_2_L1_r18,0.7963888449594378,-2.9675929564982653,6.056574985384941,93.71166494474288,0.990743100643158,-3.010167360305786,4.668488502502441,94.9313015875505,1.402273240321959,1.2196366428076184,1,256,1788749236.1654785
1788749305.215214,69.040000,r2_2_L1_r18,0.7913874192163348,-2.975097658112645,6.059317275881767,93.71086257529048,0.9858986735343933,-3.018857717514038,4.670029163360596,94.93147554556417,1.4035209405092028,1.2206129702737034,1,249,1788749236.1751983
1788749305.259698,69.072000,r2_2_L1_r18,0.7863855166360736,-2.9826056975871325,6.062050029635429,93.71046106231589,0.9816604852676392,-3.0259313583374023,4.671960830688477,94.93750143453356,1.4044064252496453,1.2270403722176813,1,244,1788749236.187683
1788749305.303264,69.104000,r2_2_L1_r18,0.7801446719095111,-2.9919984359294176,6.065398380160332,93.70931219648423,0.9773430228233337,-3.031064510345459,4.673978328704834,94.9410901803553,1.4058673861235387,1.2317779838710712,1,241,1788749236.1992474
1788749305.349178,69.136000,r2_2_L1_r18,0.7751919431611896,-2.999572278931737,6.068029090762138,93.70839648805433,0.9744465351104736,-3.0358364582061768,4.676023960113525,94.95691635573333,1.4066612125396032,1.2485198676789881,1,234,1788749236.2131617
1788749305.394160,69.172000,r2_2_L1_r18,0.7715107006952167,-3.005289079621434,6.069997474551201,93.70747293982977,0.9696713089942932,-3.0438997745513916,4.678267955780029,94.96289794204212,1.406296364876007,1.2554250022123423,1,228,1788749236.2221434
1788749305.438511,69.204000,r2_2_L1_r18,0.7654253644868731,-3.0148394126445055,6.073287650942802,93.70619529718657,0.9655432105064392,-3.0519628524780273,4.680118083953857,94.96808069550326,1.4079583603447754,1.261885398316698,1,221,1788749236.2344935
1788749305.484287,69.236000,r2_2_L1_r18,0.7605782551690936,-3.0225508231669664,6.075938388705254,93.7045962719987,0.9612330198287964,-3.05770206451416,4.680910110473633,94.96697923498309,1.4098233369521054,1.2623829629843926,1,218,1788749236.2482686
1788749305.529400,69.268000,r2_2_L1_r18,0.7557371063157916,-3.030336143448949,6.078585311770439,93.70326691245471,0.9582377076148987,-3.063049554824829,4.682503700256348,94.98347868162051,1.4110707022747409,1.2802117691657942,1,209,1788749236.2613835
1788749305.574037,69.304000,r2_2_L1_r18,0.7497263951227069,-3.0401530284434557,6.081847354769707,93.70118598180977,0.953179657459259,-3.070018768310547,4.683753490447998,94.98716885326598,1.4131353954335737,1.285982871456219,1,204,1788749236.2700224
1788749305.619199,69.336000,r2_2_L1_r18,0.7449510497972369,-3.0480828303843737,6.084401294589043,93.70028337652768,0.9490897059440613,-3.0766870975494385,4.684813022613525,94.9915066763168,1.4146865822806465,1.2912232997891329,1,200,1788749236.283182
1788749305.668611,69.368000,r2_2_L1_r18,0.7413729233667254,-3.054041625931859,6.086266681551933,93.69858050580933,0.9444753527641296,-3.0840606689453125,4.686580657958984,94.99371056032665,1.4146634597712675,1.295130054517316,1,197,1788749236.300593
1788749305.712527,69.400000,r2_2_L1_r18,0.73541812133044,-3.0639870185405016,6.089393779635429,93.69713985021598,0.9391680955886841,-3.09253191947937,4.687197685241699,94.991135380671,1.4172094942219642,1.2939955304550257,1,194,1788749236.312504
1788749305.760667,69.436000,r2_2_L1_r18,0.7306576175615191,-3.071978809311986,6.0919787138700485,93.69510366476743,0.9327049255371094,-3.1019608974456787,4.684731483459473,94.98346295367259,1.4219939548982885,1.2883592889051587,1,190,1788749236.324652
1788749305.804793,69.468000,r2_2_L1_r18,0.7258749408647418,-3.0799713153392076,6.094618484377861,93.69292198866123,0.9278294444084167,-3.1102957725524902,4.6835551261901855,94.97604513787648,1.4257647053517395,1.2831231492152566,1,185,1788749236.3367689
1788749305.848205,69.500000,r2_2_L1_r18,0.7210702104493976,-3.0879433173686266,6.097286865115166,93.69156609115703,0.921424925327301,-3.119047164916992,4.682805061340332,94.96853725187984,1.4289395488669998,1.2769711607228087,1,181,1788749236.3481882
1788749305.894625,69.532000,r2_2_L1_r18,0.7150438232347369,-3.097829343751073,6.1006175726652145,93.69095008129985,0.9172660112380981,-3.12843656539917,4.682547092437744,94.97203269846115,1.4327436973270729,1.2810826171612935,1,176,1788749236.3626099
1788749305.940540,69.568000,r2_2_L1_r18,0.7113967342302203,-3.1037330646067858,6.1025988310575485,93.69013748408112,0.9088914394378662,-3.136324644088745,4.683257102966309,94.95311865655331,1.4333866577930783,1.262981172472197,1,173,1788749236.372518
1788749305.983832,69.600000,r2_2_L1_r18,0.7065374059602618,-3.111541273072362,6.10518042743206,93.68994737609987,0.9088914394378662,-3.136324644088745,4.683257102966309,94.95312232119633,1.4364634736056905,1.2631749450964587,1,363,1788749236.3838122
1788749306.028867,69.632000,r2_2_L1_r18,0.7016892833635211,-3.119281293824315,6.10773341357708,93.68922524088167,0.9088914394378662,-3.136324644088745,4.683257102966309,94.95311601149751,1.439567979902779,1.2638907706158535,1,318,1788749236.3968515
1788749306.075742,69.664000,r2_2_L1_r18,0.6956899566575885,-3.128861667588353,6.110918685793877,93.6897485363619,0.9029061794281006,-3.1475937366485596,4.680535316467285,94.9647637210144,1.4454362789956006,1.2750151846525017,1,301,1788749236.4117265
1788749306.120173,69.700000,r2_2_L1_r18,0.6909382743760943,-3.136481763795018,6.113451644778252,93.69059845897073,0.9029061794281006,-3.1475937366485596,4.680535316467285,94.96474737143194,1.448552060732722,1.2741489124612153,1,295,1788749236.4201517
1788749306.166105,69.732000,r2_2_L1_r18,0.6873692078515887,-3.142186166718602,6.115316078066826,93.69153136284349,0.8917263150215149,-3.1618967056274414,4.682799339294434,94.96140134725842,1.4471539446299513,1.269869984414931,1,290,1788749236.4340892
1788749306.210668,69.764000,r2_2_L1_r18,0.6813645763322711,-3.1516454238444567,6.118285343050957,93.69338590481927,0.8917263150215149,-3.1618967056274414,4.682799339294434,94.96139896853374,1.4508539612460754,1.2680130637144775,1,286,1788749236.4466467
1788749306.257829,69.796000,r2_2_L1_r18,0.6765300435945392,-3.159193517640233,6.120516464114189,93.69406284435769,0.8813037872314453,-3.1761984825134277,4.686225891113281,94.96397414334893,1.4489344024878024,1.2699112989912502,1,286,1788749236.461809
1788749306.304239,69.832000,r2_2_L1_r18,0.6716915769502521,-3.1667041797190905,6.122629806399345,93.69480251699686,0.8755419850349426,-3.1847219467163086,4.687378883361816,94.96721789398083,1.4497671678183155,1.272415376983963,1,281,1788749236.4722173
1788749306.354670,69.864000,r2_2_L1_r18,0.6656575603410602,-3.1760406512767076,6.125036880373955,93.69796530499434,0.8690742254257202,-3.1920878887176514,4.691466808319092,94.97539095836292,1.4480189932991334,1.2774256533685808,1,275,1788749236.4906495
1788749306.400548,69.896000,r2_2_L1_r18,0.6608803076669574,-3.1834769267588854,6.126764461398125,93.70159502649169,0.8642027378082275,-3.196357250213623,4.6937127113342285,95.00196136854704,1.4474609603343527,1.3003663420553537,1,267,1788749236.5045302
1788749306.445114,69.928000,r2_2_L1_r18,0.6573601169511676,-3.189046146348119,6.127950355410576,93.70400366922361,0.857452929019928,-3.203882932662964,4.694019794464111,95.01548394788308,1.4478998989177323,1.3114802786594713,1,263,1788749236.5170853
1788749306.494329,69.964000,r2_2_L1_r18,0.651744763366878,-3.1983160991221666,6.129751369357109,93.70723860238066,0.8490256667137146,-3.2114877700805664,4.693901538848877,95.02387007794128,1.4493991801818087,1.3166314755606385,1,256,1788749236.5303123
1788749306.540294,69.996000,r2_2_L1_r18,0.6475952668115497,-3.205739500001073,6.131063625216484,93.70963644577223,0.8412878513336182,-3.2192304134368896,4.693966865539551,95.02875824114416,1.4501537569230762,1.3191217953719367,1,253,1788749236.5442781
1788749306.584522,70.028000,r2_2_L1_r18,0.6438239021226764,-3.213139535859227,6.132246658205986,93.71121630108529,0.8349882960319519,-3.2265326976776123,4.694773197174072,95.0363729755333,1.4501907300259724,1.3251566744480066,1,251,1788749236.556503
1788749306.628432,70.060000,r2_2_L1_r18,0.6396476430818439,-3.222345592454076,6.133590862154961,93.711218963619,0.8279363512992859,-3.234321117401123,4.695969104766846,95.03262746518998,1.4499490915737845,1.321408501570969,1,248,1788749236.5684135
1788749306.673451,70.096000,r2_2_L1_r18,0.6367986602708697,-3.229691030457616,6.134572193026543,93.71112995100746,0.8230329751968384,-3.241819143295288,4.69710111618042,95.03753163837185,1.4495355835391208,1.3264016873643787,1,244,1788749236.5774343
1788749306.720448,70.128000,r2_2_L1_r18,0.6349676651880145,-3.2352347392588854,6.135257884860039,93.71115416079179,0.8190572261810303,-3.2484025955200195,4.698863983154297,95.03959550675802,1.4482022647967927,1.3284413459662345,1,240,1788749236.5924306
1788749306.765090,70.160000,r2_2_L1_r18,0.6329409284517169,-3.2426202315837145,6.136124297976494,93.71044292423407,0.8165820240974426,-3.25488018989563,4.701066970825195,95.04584003989001,1.446811629341706,1.335397115655933,1,239,1788749236.605067
1788749306.813861,70.192000,r2_2_L1_r18,0.631195823661983,-3.251873256638646,6.137172386050224,93.70854855563877,0.8155624270439148,-3.260869026184082,4.7031779289245605,95.05665930996653,1.445825740322613,1.348110754327752,1,237,1788749236.621843
1788749306.858800,70.228000,r2_2_L1_r18,0.6304578585550189,-3.2592949885874987,6.137983486056328,93.70638445155105,0.8149833679199219,-3.2683210372924805,4.70542573928833,95.06621399301511,1.44442127891644,1.359829541464069,1,236,1788749236.6307776
1788749306.905706,70.260000,r2_2_L1_r18,0.630235175602138,-3.2667129058390856,6.138754531741142,93.70319418353135,0.8152908086776733,-3.2752602100372314,4.707115173339844,95.07337110373103,1.4435753864158685,1.3701769201996836,1,235,1788749236.6456928
1788749306.950659,70.292000,r2_2_L1_r18,0.630396525375545,-3.2722764033824205,6.139272853732109,93.69963959031168,0.815300464630127,-3.283161163330078,4.708352088928223,95.07079005612432,1.4428590298078046,1.3711504658126357,1,234,1788749236.658642
1788749306.994212,70.324000,r2_2_L1_r18,0.6311940951272845,-3.2814922351390123,6.140041992068291,93.6937937525989,0.8158816695213318,-3.2907955646514893,4.70956563949585,95.06756370686928,1.4423795087786466,1.373769954270379,1,232,1788749236.6701987
1788749307.040076,70.360000,r2_2_L1_r18,0.63227270077914,-3.2888355273753405,6.140598461031914,93.6898066704688,0.8172579407691956,-3.2988457679748535,4.711848258972168,95.06660141866125,1.4407105482423606,1.3767947481924472,1,232,1788749236.6800585
1788749307.084785,70.392000,r2_2_L1_r18,0.6337191266939044,-3.296158315613866,6.141116306185722,93.68638515354581,0.8194614052772522,-3.3061490058898926,4.713970184326172,95.06762205266973,1.4392171695349802,1.381236899123921,1,231,1788749236.6927695
1788749307.128975,70.424000,r2_2_L1_r18,0.6359965605661273,-3.30528068728745,6.141719505190849,93.68310647131271,0.8212424516677856,-3.3133764266967773,4.716942310333252,95.06431071956474,1.4367921339403675,1.3812042482520308,1,231,1788749236.7049556
1788749307.174367,70.456000,r2_2_L1_r18,0.6381558580324054,-3.312520744279027,6.142196342349052,93.68190055159967,0.8230693340301514,-3.321394920349121,4.718708515167236,95.05937809545159,1.4354753006378411,1.3774775438519138,1,230,1788749236.718352
1788749307.223633,70.492000,r2_2_L1_r18,0.6399740977212787,-3.3179135341197252,6.1425344198942184,93.68195447336483,0.8253746628761292,-3.32966947555542,4.720682621002197,95.0520479982337,1.43393657800171,1.3700935248688761,1,227,1788749236.7316182
1788749307.269619,70.524000,r2_2_L1_r18,0.6433405680581927,-3.3268065471202135,6.143033191561699,93.68256932812581,0.8256831169128418,-3.3336024284362793,4.722283840179443,95.04005893644492,1.4324188314102728,1.3574896083191088,1,224,1788749236.7456048
1788749307.314222,70.556000,r2_2_L1_r18,0.6463583512231708,-3.333901407197118,6.143387958407402,93.68435082367711,0.8276112675666809,-3.339834213256836,4.724431037902832,95.03243438080938,1.4304987102820408,1.3480835571322627,1,220,1788749236.7582064
1788749307.358265,70.588000,r2_2_L1_r18,0.6495923204347491,-3.3409590739756823,6.143692180514336,93.68799931225871,0.830057680606842,-3.346660852432251,4.725664138793945,95.02818877200139,1.4294767516839775,1.3401894597426676,1,219,1788749236.770247
1788749307.403679,70.624000,r2_2_L1_r18,0.6539118094369769,-3.3497228641062975,6.144056484103203,93.69499823807949,0.8332487344741821,-3.353266954421997,4.727441310882568,95.02616471191688,1.4279260633019113,1.3311664738373812,1,218,1788749236.7796595
1788749307.447886,70.656000,r2_2_L1_r18,0.6575762433931231,-3.3567328471690416,6.144343540072441,93.70135177321588,0.8368832468986511,-3.3595263957977295,4.72866153717041,95.02765193740406,1.426994862906233,1.3263001641881784,1,218,1788749236.7918696
1788749307.493923,70.688000,r2_2_L1_r18,0.6604061527177691,-3.3619928378611803,6.14456669986248,93.70590567188289,0.8402292132377625,-3.3660669326782227,4.730658531188965,95.02556283171823,1.4253032101223406,1.3196571598353397,1,217,1788749236.8059075
1788749307.546950,70.720000,r2_2_L1_r18,0.6652752561494708,-3.370747806504369,6.1449829787015915,93.71528350598602,0.8431833386421204,-3.3728442192077637,4.732917308807373,95.020914604662,1.4232305283601256,1.3056310986759805,1,217,1788749236.8269355
1788749307.591673,70.756000,r2_2_L1_r18,0.6693100733682513,-3.3777451533824205,6.145352050662041,93.72290778899793,0.8462942838668823,-3.380377769470215,4.734912872314453,95.01172008965581,1.421502380318481,1.2888123006578909,1,217,1788749236.8356586
1788749307.635650,70.788000,r2_2_L1_r18,0.6734458012506366,-3.3847236651927233,6.145716354250908,93.72958326915729,0.8493689298629761,-3.3872382640838623,4.736532688140869,95.0060837341485,1.420124598484114,1.2765004649912162,1,216,1788749236.8476305
1788749307.683900,70.820000,r2_2_L1_r18,0.6776736183091998,-3.3916823882609606,6.1461111754179,93.73683006174629,0.8529868125915527,-3.3939805030822754,4.738142967224121,95.0024688050383,1.4188426525536983,1.2656387432920173,1,216,1788749236.8638844
1788749307.728406,70.852000,r2_2_L1_r18,0.6830496592447162,-3.400328876450658,6.146625682711601,93.7456116498694,0.8559193015098572,-3.401628017425537,4.739574432373047,94.99323257057412,1.4176314126258065,1.2476209207047197,1,216,1788749236.876392
1788749307.773510,70.888000,r2_2_L1_r18,0.6862974567338824,-3.405491115525365,6.1469690054655075,93.75214742757525,0.8597218990325928,-3.410613775253296,4.741361141204834,94.98478485218156,1.4162753075940986,1.232637424606296,1,215,1788749236.8854938
1788749307.818195,70.920000,r2_2_L1_r18,0.6906400723382831,-3.412377120926976,6.14752833545208,93.7608041357722,0.8622687458992004,-3.4199628829956055,4.740879535675049,94.9682814032713,1.4171008401975504,1.2074772674991006,1,215,1788749236.898179
1788749307.864267,70.952000,r2_2_L1_r18,0.694984476082027,-3.419266225770116,6.148230716586113,93.76835810048902,0.864232063293457,-3.429823160171509,4.7384772300720215,94.9461803074257,1.419915873345841,1.177822206936675,1,213,1788749236.9122398
1788749307.908982,70.984000,r2_2_L1_r18,0.700381021015346,-3.427867652848363,6.1492907255887985,93.77917687390588,0.8667171001434326,-3.4376368522644043,4.7382025718688965,94.93193531981602,1.4208915884210087,1.1527584459101474,1,209,1788749236.9249642
1788749307.954820,71.020000,r2_2_L1_r18,0.7046972317621112,-3.43474412150681,6.1502601355314255,93.78826587061096,0.8709281086921692,-3.445521116256714,4.739912509918213,94.92822148357733,1.4201511444679407,1.1399556129663762,1,208,1788749236.9348013
1788749308.000689,71.052000,r2_2_L1_r18,0.707927624695003,-3.4398949164897203,6.15103642642498,93.79416104880212,0.8751673698425293,-3.452820062637329,4.740361213684082,94.92803606802464,1.4206128070665578,1.1338750192225193,1,207,1788749236.9486732
1788749308.045517,71.084000,r2_2_L1_r18,0.7132981820032,-3.4485058803111315,6.152426406741142,93.80281304389128,0.878349781036377,-3.4602181911468506,4.741519451141357,94.9196528907547,1.4205765188571766,1.1168398468634217,1,206,1788749236.9615004
1788749308.093645,71.116000,r2_2_L1_r18,0.7175937099382281,-3.455423356965184,6.153597041964531,93.80876660015198,0.8815672397613525,-3.4676477909088135,4.743448734283447,94.90866787290506,1.4197024353447174,1.0999012727530828,1,206,1788749236.9776268
1788749308.140455,71.152000,r2_2_L1_r18,0.7218933505937457,-3.462376357987523,6.1548072546720505,93.81400253017732,0.8850948214530945,-3.4760725498199463,4.744454860687256,94.89533538141643,1.4198296309698593,1.0813328512391094,1,206,1788749236.9884374
1788749308.186306,71.184000,r2_2_L1_r18,0.727296213619411,-3.4711098689585924,6.156349822878838,93.81806644872464,0.8887426257133484,-3.483325719833374,4.74570369720459,94.8867203036917,1.4199072726309863,1.0686538549670683,1,205,1788749237.002291
1788749308.233191,71.216000,r2_2_L1_r18,0.7316453261300921,-3.478109361603856,6.1575915068387985,93.81991644821917,0.8921207785606384,-3.4896111488342285,4.746406555175781,94.87711158817544,1.420326592633692,1.0571951399562636,1,204,1788749237.017175
1788749308.280667,71.248000,r2_2_L1_r18,0.7349417610093951,-3.4833457488566637,6.158514186739922,93.82080398073305,0.8958115577697754,-3.495931386947632,4.747930526733398,94.86868623147409,1.4197829945711005,1.0478822507410461,1,203,1788749237.0326512
1788749308.328321,71.284000,r2_2_L1_r18,0.7405000133439898,-3.4920687694102526,6.160053417086601,93.82131593680285,0.9008474349975586,-3.503896951675415,4.749239921569824,94.86461159171635,1.4199457456744298,1.0432956549134975,1,202,1788749237.0443063
1788749308.373402,71.316000,r2_2_L1_r18,0.7449889583513141,-3.4990355987101793,6.161275550723076,93.82172333538172,0.9042628407478333,-3.5108611583709717,4.749568462371826,94.8521737955439,1.420712819952053,1.0304504601621913,1,201,1788749237.057386
1788749308.419260,71.348000,r2_2_L1_r18,0.7495173020288348,-3.5060029048472643,6.162491485476494,93.82015273306031,0.9089559316635132,-3.5166022777557373,4.751087188720703,94.84909997628408,1.4204207518290293,1.028947243223768,1,201,1788749237.0712388
1788749308.467575,71.380000,r2_2_L1_r18,0.7552227778360248,-3.5146935004740953,6.1640564650297165,93.81879407338371,0.9145078659057617,-3.523822069168091,4.748744964599609,94.85024237720991,1.4242758557588153,1.0314483038262006,1,195,1788749237.0875587
1788749308.514366,71.416000,r2_2_L1_r18,0.7598036332055926,-3.52163171954453,6.165343925356865,93.81775845705312,0.9195029735565186,-3.532224178314209,4.749116897583008,94.84026205473734,1.425242110551215,1.0225035976842245,1,189,1788749237.098347
1788749308.559740,71.448000,r2_2_L1_r18,0.7632612390443683,-3.5267925281077623,6.166318580508232,93.81729440397896,0.9231704473495483,-3.539503812789917,4.749281406402588,94.82717199422379,1.4260879651888134,1.0098775902448294,1,188,1788749237.1117249
1788749308.606158,71.480000,r2_2_L1_r18,0.7678923411294818,-3.533653737977147,6.1675893515348434,93.81685950785543,0.9269093871116638,-3.546015739440918,4.750128269195557,94.81516214891312,1.426406379661684,0.998302641057696,1,188,1788749237.126143
1788749308.650915,71.512000,r2_2_L1_r18,0.7737239999696612,-3.5421504992991686,6.1691481322050095,93.817429954447,0.9312381744384766,-3.5540313720703125,4.748723983764648,94.80319360582942,1.4291804056062767,0.9857636513824246,1,187,1788749237.1388974
1788749308.699575,71.548000,r2_2_L1_r18,0.7784402770921588,-3.548882247880101,6.170414611697197,93.81763410253448,0.9322481751441956,-3.5616226196289062,4.7480292320251465,94.76705778903514,1.4307338518677353,0.9494236865006552,1,185,1788749237.1515608
1788749308.744251,71.580000,r2_2_L1_r18,0.7831775946542621,-3.5555353183299303,6.1717564314603806,93.8190001006894,0.9312182664871216,-3.566964864730835,4.748447895050049,94.72516169301743,1.431032447174478,0.9061615923280237,1,184,1788749237.1642349
1788749308.791776,71.612000,r2_2_L1_r18,0.7867693705484271,-3.5604798812419176,6.1728126257658005,93.820519740838,0.9331789016723633,-3.5737812519073486,4.749571800231934,94.69477743102429,1.4308134486130024,0.8742576901862918,1,182,1788749237.1797466
1788749308.835227,71.644000,r2_2_L1_r18,0.7927779359742999,-3.5686910171061754,6.174631282687187,93.82458161351981,0.9369773864746094,-3.5794920921325684,4.750503063201904,94.68343440626703,1.4314507781550292,0.8588527927472113,1,180,1788749237.191205
1788749308.884207,71.680000,r2_2_L1_r18,0.7975919051095843,-3.5752856750041246,6.17609803378582,93.82651551841695,0.9385890960693359,-3.5846517086029053,4.7540483474731445,94.654787651144,1.42905326730178,0.8282721327270516,1,175,1788749237.2041905
1788749308.932393,71.712000,r2_2_L1_r18,0.8024272723123431,-3.581960203126073,6.177550956606865,93.82893190706925,0.9441972374916077,-3.591113805770874,4.755676746368408,94.66216288242174,1.4289537365532672,0.8332309753524966,1,174,1788749237.2203665
1788749308.975812,71.744000,r2_2_L1_r18,0.808511178009212,-3.590397836640477,6.179326221346855,93.82940467457283,0.9761821031570435,-3.6221253871917725,4.716434478759766,94.85314927807418,1.4728110629450766,1.0237446035013533,1,388,1788749237.2317944
1788749309.021717,71.776000,r2_2_L1_r18,0.8134317202493548,-3.597218992188573,6.180761501193047,93.8271169152533,0.9921767115592957,-3.6368865966796875,4.713749408721924,94.90389322582647,1.4783936452179969,1.0767763105731716,1,227,1788749237.2457018
1788749309.066612,71.812000,r2_2_L1_r18,0.817145268432796,-3.6023707408457994,6.181894943118095,93.82467584796949,1.0011407136917114,-3.6445891857147217,4.716561794281006,94.91808087015065,1.4774430473097762,1.093405022181162,1,220,1788749237.2545958
1788749309.113219,71.844000,r2_2_L1_r18,0.8232744736596942,-3.6109764594584703,6.18389718234539,93.81809810658561,0.9970366954803467,-3.6460087299346924,4.719203948974609,94.85510343132184,1.4753802349187555,1.037005324736237,1,219,1788749237.2692037
1788749309.161761,71.876000,r2_2_L1_r18,0.8281604452058673,-3.6178855914622545,6.185581848025322,93.81187443342279,0.9970366954803467,-3.6460087299346924,4.719203948974609,94.85511001549867,1.476338119012271,1.0432355820758863,1,210,1788749237.2857432
1788749309.208338,71.908000,r2_2_L1_r18,0.8330448074266315,-3.6248347777873278,6.187299892306328,93.80467084014576,0.9970366954803467,-3.6460087299346924,4.719203948974609,94.85510506499979,1.477378548112842,1.05043422485403,1,201,1788749237.3003237
1788749309.254066,71.944000,r2_2_L1_r18,0.839216629974544,-3.6336848754435778,6.189341232180595,93.79306834402513,1.00202476978302,-3.6649909019470215,4.714563846588135,94.74767856579102,1.4840670115389885,0.9546102217658942,1,197,1788749237.3100445
1788749309.303241,71.976000,r2_2_L1_r18,0.8442002339288592,-3.6408906001597643,6.190930053591728,93.78355120093396,1.00202476978302,-3.6649909019470215,4.714563846588135,94.74769318227962,1.4849735976932368,0.9641419813456603,1,195,1788749237.327225
1788749309.350069,72.008000,r2_2_L1_r18,0.8479612870141864,-3.6463487166911364,6.192105934023857,93.77543058924614,1.0083739757537842,-3.6765661239624023,4.716287612915039,94.70914388892723,1.4848181839307177,0.9337132996810914,1,194,1788749237.342043
1788749309.395707,72.040000,r2_2_L1_r18,0.854272942058742,-3.6555464286357164,6.194036170840263,93.76065059518706,1.0083739757537842,-3.6765661239624023,4.716287612915039,94.7091306776973,1.48591041339227,0.9484800825102415,1,194,1788749237.3556917
1788749309.443210,72.076000,r2_2_L1_r18,0.8593700332567096,-3.6629695910960436,6.195564910769463,93.74827884278886,1.0178461074829102,-3.6940088272094727,4.719368934631348,94.68101462177172,1.4850025792055095,0.9327357789828581,1,192,1788749237.367191
1788749309.490756,72.108000,r2_2_L1_r18,0.8644630713388324,-3.670456888154149,6.197040721774101,93.73685112211274,1.0178461074829102,-3.6940088272094727,4.719368934631348,94.68100936384232,1.4857977520940395,0.9441582417295816,1,192,1788749237.3827424
1788749309.538154,72.140000,r2_2_L1_r18,0.8695434732362628,-3.6780338305979967,6.198438331484795,93.72395456268389,1.0268365144729614,-3.7092297077178955,4.72090482711792,94.65342835529636,1.4862097900691635,0.929473792612466,1,192,1788749237.398137
1788749309.582648,72.172000,r2_2_L1_r18,0.875861088745296,-3.6876113433390856,6.200102016329765,93.70996128667413,1.0268365144729614,-3.7092297077178955,4.72090482711792,94.65344036816896,1.4870390907519173,0.9434790814948266,1,192,1788749237.4106302
1788749309.628511,72.208000,r2_2_L1_r18,0.8796508116647601,-3.693443777039647,6.201114818453789,93.70125267023859,1.037063479423523,-3.7233049869537354,4.72061014175415,94.63480672716278,1.4891489306170704,0.9335540569241939,1,192,1788749237.4204967
1788749309.676848,72.240000,r2_2_L1_r18,0.8846950335428119,-3.7013094443827868,6.2024571150541306,93.68972358860331,1.037063479423523,-3.7233049869537354,4.72061014175415,94.63480561225758,1.4898222711019613,0.9450820236542669,1,187,1788749237.4368234
1788749309.725296,72.272000,r2_2_L1_r18,0.8897173209115863,-3.709249736741185,6.203785106539726,93.67769782763114,1.044785737991333,-3.7388086318969727,4.723541259765625,94.6070797530172,1.4886375610507205,0.9293819253860749,1,185,1788749237.4532785
1788749309.770119,72.304000,r2_2_L1_r18,0.8959641261026263,-3.7192251700907946,6.205398723483086,93.66446105091484,1.044785737991333,-3.7388086318969727,4.723541259765625,94.6070913958133,1.4894404744455592,0.9426303448984692,1,185,1788749237.4661038
1788749309.815063,72.340000,r2_2_L1_r18,0.9009791417047381,-3.72722196765244,6.206700965762138,93.65464312069939,1.0528154373168945,-3.754135847091675,4.724288463592529,94.58140901131513,1.4904111661418982,0.9267658906157418,1,185,1788749237.4750469
1788749309.860652,72.372000,r2_2_L1_r18,0.9047207636758685,-3.733217718079686,6.207667514681816,93.64896882328544,1.0565741062164307,-3.7625248432159424,4.725298881530762,94.57202057133308,1.4904144087382607,0.9230517480476416,1,181,1788749237.4886293
1788749309.904127,72.404000,r2_2_L1_r18,0.9109032554551959,-3.743225099518895,6.2092811316251755,93.63974540991886,1.0565741062164307,-3.7625248432159424,4.725298881530762,94.57201047951975,1.491239684109685,0.9322650696008975,1,180,1788749237.5001125
1788749309.951434,72.436000,r2_2_L1_r18,0.9158039493486285,-3.7512354869395494,6.210682079195976,93.63398420420751,1.0643014907836914,-3.7763161659240723,4.726046562194824,94.55641786862846,1.4922543947369902,0.9224336644209475,1,177,1788749237.5154152
1788749310.001174,72.472000,r2_2_L1_r18,0.920667271129787,-3.759264947846532,6.21218316257,93.62845223226827,1.0643014907836914,-3.7763161659240723,4.726046562194824,94.55640668861842,1.493158909181537,0.9279544563501403,1,174,1788749237.529159
1788749310.050110,72.504000,r2_2_L1_r18,0.9266974730417132,-3.7692999858409166,6.2141591757535934,93.6242400298791,1.072736382484436,-3.7929792404174805,4.730196952819824,94.5409239045122,1.4913188623708395,0.9166838746331054,1,173,1788749237.546084
1788749310.093938,72.536000,r2_2_L1_r18,0.9314915938302875,-3.77734780497849,6.2157837599515915,93.62334903575714,1.0826387405395508,-3.8181514739990234,4.711498737335205,94.5982574968632,1.5124099406681613,0.9749084611060501,1,386,1788749237.557916
1788749310.140715,72.568000,r2_2_L1_r18,0.9350520176813006,-3.783399583771825,6.217022106051445,93.6227200212156,1.0905269384384155,-3.825277805328369,4.714345455169678,94.62912340539484,1.5112787147083144,1.0064033841792397,1,262,1788749237.5727003
1788749310.185169,72.604000,r2_2_L1_r18,0.9409604473039508,-3.7935020942240953,6.219095394015312,93.62155203369566,1.0994386672973633,-3.829468011856079,4.720614910125732,94.65882898617973,1.507266616774,1.0372769524840604,1,256,1788749237.5811462
1788749310.231297,72.636000,r2_2_L1_r18,0.945692996494472,-3.8016090411692858,6.220728084445,93.62041705372657,1.1041154861450195,-3.8369152545928955,4.724033355712891,94.65780363472072,1.5054698020710588,1.0373865809941565,1,243,1788749237.5952775
1788749310.280357,72.668000,r2_2_L1_r18,0.9504307908937335,-3.8097281474620104,6.222316429018974,93.62188326973514,1.1066880226135254,-3.8461482524871826,4.723165988922119,94.6345797575497,1.5077117723747375,1.0126964878145588,1,233,1788749237.6123316
1788749310.324044,72.700000,r2_2_L1_r18,0.9563724203035235,-3.8198835868388414,6.224227592349052,93.62493255989402,1.1066880226135254,-3.8461482524871826,4.723165988922119,94.63456622146512,1.5087977168070192,1.0096336615710984,1,223,1788749237.62403
1788749310.370533,72.736000,r2_2_L1_r18,0.9611879987642169,-3.827988149598241,6.2256809920072556,93.62675949152224,1.113726019859314,-3.858874559402466,4.727200508117676,94.62200391095986,1.5065409316670264,0.9952444194376331,1,214,1788749237.6345136
1788749310.415207,72.768000,r2_2_L1_r18,0.9647988481447101,-3.8340063113719225,6.226729556918144,93.62876708873537,1.113726019859314,-3.858874559402466,4.727200508117676,94.62198683619286,1.5071115089572693,0.9932197474574816,1,204,1788749237.647191
1788749310.461505,72.800000,r2_2_L1_r18,0.9695769948884845,-3.841972352936864,6.228065654635429,93.63136842006206,1.12588632106781,-3.876081705093384,4.728931903839111,94.63226196254068,1.5076465289091503,1.0008935424786207,1,200,1788749237.6614795
1788749310.509527,72.832000,r2_2_L1_r18,0.9754544300958514,-3.8518080729991198,6.229675933718681,93.63638410558173,1.12588632106781,-3.876081705093384,4.728931903839111,94.632255522919,1.5084600114870856,0.9958714173372692,1,199,1788749237.6774998
1788749310.555530,72.868000,r2_2_L1_r18,0.980102757923305,-3.859536411240697,6.230940982699394,93.6392629952681,1.136064052581787,-3.8918697834014893,4.733482360839844,94.6377612747546,1.5059056067922527,0.998498279486501,1,196,1788749237.687512
1788749310.600774,72.900000,r2_2_L1_r18,0.9847298068925738,-3.8671174068003893,6.232177421450615,93.64264441645021,1.136064052581787,-3.8918697834014893,4.733482360839844,94.63773223834119,1.5065197040745433,0.9950878218909669,1,191,1788749237.7007558
1788749310.649341,72.932000,r2_2_L1_r18,0.9881791872903705,-3.87268996424973,6.233095332980156,93.64615249152624,1.1479440927505493,-3.9065449237823486,4.736886024475098,94.66094756831929,1.5050957704275298,1.0147950767930465,1,190,1788749237.7173207
1788749310.699228,72.964000,r2_2_L1_r18,0.9938407940790057,-3.8817470092326403,6.234577342867851,93.65241938381642,1.1479440927505493,-3.9065449237823486,4.736886024475098,94.66093157193576,1.5058027920071375,1.008512188119334,1,189,1788749237.7352118
1788749310.747941,73.000000,r2_2_L1_r18,0.9983244938775897,-3.8887670058757067,6.235756084322929,93.65770257344869,1.1594113111495972,-3.920806646347046,4.740415096282959,94.67935497097992,1.5043337966597414,1.021652397531225,1,188,1788749237.7479265
1788749310.792037,73.032000,r2_2_L1_r18,1.002759794704616,-3.89557552523911,6.236913368105888,93.66347606814794,1.1594113111495972,-3.920806646347046,4.740415096282959,94.67934942374362,1.504886502247226,1.015873355595674,1,185,1788749237.7600229
1788749310.838219,73.064000,r2_2_L1_r18,1.0082026524469256,-3.903801204636693,6.238327190279961,93.67030924027449,1.1678800582885742,-3.932159423828125,4.741258144378662,94.6840613660979,1.5058276098969139,1.0137521258233941,1,184,1788749237.7742045
1788749310.889810,73.096000,r2_2_L1_r18,1.0124721331521869,-3.9100868720561266,6.239462062716484,93.67605323925474,1.1678800582885742,-3.932159423828125,4.741258144378662,94.68405013645815,1.5064042623611127,1.0079968972034108,1,182,1788749237.7937806
1788749310.937066,73.132000,r2_2_L1_r18,1.0156335635110736,-3.9146220702677965,6.240334674715996,93.68003447417657,1.1790016889572144,-3.9451136589050293,4.743343353271484,94.70639353146595,1.5061878693807067,1.0263590572893895,1,182,1788749237.8050485
1788749310.982423,73.164000,r2_2_L1_r18,1.020776609890163,-3.9218637961894274,6.2417823523283005,93.68797647572464,1.1835795640945435,-3.9501523971557617,4.745133876800537,94.71474439718048,1.5057429083817344,1.0267679214558392,1,180,1788749237.818404
1788749311.029813,73.196000,r2_2_L1_r18,1.0248176855966449,-3.927389385178685,6.242954894900322,93.6937762788241,1.1880395412445068,-3.9559874534606934,4.74481725692749,94.72262879296261,1.5072742305172637,1.0288525141384985,1,178,1788749237.8337958
1788749311.075802,73.228000,r2_2_L1_r18,1.0287928385660052,-3.9326856154948473,6.244121238589287,93.69830601349321,1.1923675537109375,-3.9615893363952637,4.745169639587402,94.72884384410344,1.5081273184538968,1.0305378306102373,1,178,1788749237.8477864
1788749311.123098,73.264000,r2_2_L1_r18,1.0336211724206805,-3.938999416306615,6.24555604159832,93.70488330086438,1.1968506574630737,-3.9680330753326416,4.747875690460205,94.73273819680716,1.5068288729410622,1.027854895942776,1,175,1788749237.8590827
1788749311.169627,73.296000,r2_2_L1_r18,1.0373437209054828,-3.9438655395060778,6.246678993105888,93.70925982675001,1.19926917552948,-3.97251296043396,4.749188423156738,94.7306705518581,1.506492128976331,1.0214107251080753,1,173,1788749237.8736117
1788749311.215618,73.328000,r2_2_L1_r18,1.0400529904291034,-3.9474327582865953,6.247502014040947,93.7127691609367,1.2021129131317139,-3.9772531986236572,4.751319408416748,94.73158856415442,1.50522924054135,1.0188194032177202,1,169,1788749237.8876004
1788749311.259776,73.360000,r2_2_L1_r18,1.0444388194009662,-3.953216316178441,6.248842880129814,93.71732862568928,1.2046408653259277,-3.9816880226135254,4.753050327301025,94.73046144238387,1.5046164609906187,1.0131328166945932,1,168,1788749237.8997595
1788749311.303877,73.396000,r2_2_L1_r18,1.0478688282892108,-3.957690956071019,6.249884769320488,93.72067636580493,1.2046408653259277,-3.9816880226135254,4.753050327301025,94.73048577480154,1.505213166835516,1.0098094089966063,1,167,1788749237.9078605
1788749311.348938,73.428000,r2_2_L1_r18,1.0512206358835101,-3.962047340348363,6.250921413302422,93.72363678313805,1.2046408653259277,-3.9816880226135254,4.753050327301025,94.73048178346404,1.5058357524912893,1.0068450003260005,1,163,1788749237.9209225
1788749311.395489,73.460000,r2_2_L1_r18,1.0544640822336078,-3.9663097877055407,6.251954719424248,93.72640165481573,1.2130740880966187,-3.9910523891448975,4.758585453033447,94.74054404866403,1.5019724019057237,1.0141423938483072,1,160,1788749237.9354606
1788749311.443073,73.492000,r2_2_L1_r18,1.058343748562038,-3.9715073127299547,6.253193065524101,93.72759515341662,1.2154178619384766,-3.995612382888794,4.760190010070801,94.74255277709642,1.5014364638882485,1.0149576236798106,1,159,1788749237.951046
1788749311.492208,73.528000,r2_2_L1_r18,1.0605711741372943,-3.974545719102025,6.253939315676689,93.72893392419917,1.212328314781189,-4.018260955810547,4.748780250549316,94.70582463895494,1.5134216408496342,0.9768907147557694,1,390,1788749237.9641938
1788749311.535675,73.560000,r2_2_L1_r18,1.0634306473657489,-3.9784934539347887,6.254921600222588,93.73076986981181,1.212328314781189,-4.018260955810547,4.748780250549316,94.70578531880068,1.5140058569116635,0.9750154489888779,1,256,1788749237.9756577
1788749311.580481,73.592000,r2_2_L1_r18,1.0661616129800677,-3.9823169726878405,6.255854293704033,93.73281045872893,1.2171677350997925,-4.02822208404541,4.753817558288574,94.70854093828831,1.5103060890772826,0.9757304795593673,1,233,1788749237.9884613
1788749311.625113,73.624000,r2_2_L1_r18,1.0694262785837054,-3.9869411010295153,6.257018253207207,93.73589606593863,1.2171677350997925,-4.02822208404541,4.753817558288574,94.7085416306384,1.511007606445485,0.9726455646997653,1,227,1788749238.0010986
1788749311.675164,73.660000,r2_2_L1_r18,1.0719435019418597,-3.9905304927378893,6.257948562502861,93.73760000988996,1.2224246263504028,-4.035946846008301,4.754638671875,94.7050536407644,1.511505157519217,0.967453630874454,1,222,1788749238.015146
1788749311.718718,73.692000,r2_2_L1_r18,1.0737517876550555,-3.9931597728282213,6.2586280554533005,93.73831799314013,1.2224246263504028,-4.035946846008301,4.754638671875,94.70505356902918,1.5119253991230146,0.9667355758890482,1,218,1788749238.0266993
1788749311.763292,73.724000,r2_2_L1_r18,1.076598267070949,-3.997445346787572,6.259696647524834,93.73965683562268,1.226800799369812,-4.042632102966309,4.756285667419434,94.70216729314375,1.5115711093906323,0.9625104575210658,1,218,1788749238.0392714
1788749311.807392,73.756000,r2_2_L1_r18,1.0787195963785052,-4.0007426757365465,6.260502979159355,93.73987320408688,1.226800799369812,-4.042632102966309,4.756285667419434,94.70213507342139,1.5120689427837166,0.96226186933451,1,216,1788749238.0513773
1788749311.857822,73.792000,r2_2_L1_r18,1.080695847980678,-4.003915073350072,6.261260196566582,93.74027526217716,1.226800799369812,-4.042632102966309,4.756285667419434,94.70213030977968,1.512545536036653,0.9618550476025074,1,214,1788749238.0658057
1788749311.905432,73.824000,r2_2_L1_r18,1.082980970852077,-4.007673026993871,6.262154266238213,93.73958769334466,1.2337870597839355,-4.050536632537842,4.758903980255127,94.70235838053807,1.5114037142495653,0.9627706871934079,1,211,1788749238.0814183
1788749311.950412,73.856000,r2_2_L1_r18,1.0846447749063373,-4.010502578690648,6.262829467654228,93.7402148987276,1.2337870597839355,-4.050536632537842,4.758903980255127,94.70234639374536,1.5118326687350605,0.9621314950177599,1,209,1788749238.0943942
1788749311.995307,73.888000,r2_2_L1_r18,1.0858065886422992,-4.0125248450785875,6.263326808810234,93.73837981956645,1.2337870597839355,-4.050536632537842,4.758903980255127,94.70233076023989,1.5121610902621776,0.9639509406734349,1,207,1788749238.107294
1788749312.043257,73.924000,r2_2_L1_r18,1.0876091523095965,-4.015718700364232,6.264126941561699,93.73770026141726,1.2384793758392334,-4.058762550354004,4.761377334594727,94.70027720702423,1.510917263985429,0.9625769456069709,1,207,1788749238.1192334
1788749312.089098,73.956000,r2_2_L1_r18,1.088931660167873,-4.0181095618754625,6.2647411078214645,93.73551620064364,1.2384793758392334,-4.058762550354004,4.761377334594727,94.70026524417305,1.5113304798704,0.9647490435294184,1,206,1788749238.1330848
1788749312.136413,73.988000,r2_2_L1_r18,1.0901554627344012,-4.0203559417277575,6.265357658267021,93.73347093722322,1.2384793758392334,-4.058762550354004,4.761377334594727,94.70025209322523,1.5117644872063636,0.9667811560020063,1,206,1788749238.1483965
1788749312.182537,74.020000,r2_2_L1_r18,1.0915385289117694,-4.0229570884257555,6.266097232699394,93.73067115945598,1.242390751838684,-4.065382480621338,4.7630462646484375,94.69729787370011,1.5111977103026126,0.9666267142441326,1,205,1788749238.16252
1788749312.227507,74.056000,r2_2_L1_r18,1.0925495428964496,-4.0248725432902575,6.266669914126396,93.72820564268132,1.242390751838684,-4.065382480621338,4.7630462646484375,94.69731205350838,1.5116142107658468,0.9691064108270754,1,205,1788749238.1714878
1788749312.273331,74.088000,r2_2_L1_r18,1.0932646794244647,-4.026185752823949,6.267104789614677,93.72632116953942,1.242390751838684,-4.065382480621338,4.7630462646484375,94.69730497548653,1.5119414722360567,0.970983805947108,1,201,1788749238.185312
1788749312.320543,74.120000,r2_2_L1_r18,1.0941581530496478,-4.027803184464574,6.267676040530205,93.72248959837921,1.242390751838684,-4.065382480621338,4.7630462646484375,94.69728285290856,1.51238086119648,0.9747932545293322,1,201,1788749238.20053
1788749312.373823,74.152000,r2_2_L1_r18,1.0951707167550921,-4.029606582596898,6.268386051058769,93.71744844786488,1.246096134185791,-4.072223663330078,4.764657020568848,94.6897218366872,1.5118848151678117,0.9722733888223225,1,198,1788749238.2218068
1788749312.418273,74.188000,r2_2_L1_r18,1.0958479447290301,-4.03089833445847,6.268961116671562,93.7138882657551,1.246096134185791,-4.072223663330078,4.764657020568848,94.68968763655975,1.5123535019276368,0.9757993708046439,1,198,1788749238.2302563
1788749312.462635,74.220000,r2_2_L1_r18,1.0963649554178119,-4.032076122239232,6.2695299834012985,93.71082676294064,1.246096134185791,-4.072223663330078,4.764657020568848,94.689718698337,1.5128363709321009,0.9788919353963678,1,198,1788749238.24261
1788749312.507658,74.252000,r2_2_L1_r18,1.0966532034799457,-4.032879592850804,6.269944831728935,93.70853459382477,1.2467118501663208,-4.077291488647461,4.765991687774658,94.6746055339668,1.512073104430984,0.9660709401420261,1,198,1788749238.255635
1788749312.555317,74.284000,r2_2_L1_r18,1.096921424381435,-4.034060241654515,6.270591422915459,93.70663898639728,1.2467118501663208,-4.077291488647461,4.765991687774658,94.67463017107181,1.5126554384125783,0.9679911846745295,1,198,1788749238.2713006
1788749312.602542,74.320000,r2_2_L1_r18,1.0969420475885272,-4.034862281754613,6.271051570773125,93.70619991777684,1.2467118501663208,-4.077291488647461,4.765991687774658,94.67461968775798,1.5130883922537723,0.968419769981143,1,197,1788749238.282526
1788749312.651445,74.352000,r2_2_L1_r18,1.0967933936044574,-4.035583736374974,6.271461173892021,93.70649272491667,1.2463082075119019,-4.081467151641846,4.76624870300293,94.65867772624775,1.5133157469260583,0.9521850013310678,1,197,1788749238.29943
1788749312.697215,74.384000,r2_2_L1_r18,1.096423010341823,-4.03636241145432,6.271921798586845,93.70950794896274,1.2463082075119019,-4.081467151641846,4.76624870300293,94.65867660289196,1.5137871318925094,0.9491686539292277,1,197,1788749238.3131933
1788749312.745891,74.416000,r2_2_L1_r18,1.095947484485805,-4.036894084885716,6.272272273898125,93.71335350826615,1.2453747987747192,-4.0842180252075195,4.76707124710083,94.64671379989642,1.5133400836080466,0.9333602916302713,1,197,1788749238.3298748
1788749312.790780,74.452000,r2_2_L1_r18,1.0955337090417743,-4.0372440833598375,6.272516414523125,93.71743770073897,1.2453747987747192,-4.0842180252075195,4.76707124710083,94.646721132325,1.5136129146846649,0.9292834315860241,1,197,1788749238.3387644
1788749312.842341,74.484000,r2_2_L1_r18,1.094779352657497,-4.037769557908177,6.272895023226738,93.72547093556975,1.244051218032837,-4.086627006530762,4.767879486083984,94.63499179658628,1.5131889859233159,0.9095208610165245,1,197,1788749238.3583186
1788749312.888137,74.516000,r2_2_L1_r18,1.0941262049600482,-4.038155319169164,6.27319161593914,93.73234070340224,1.2435117959976196,-4.087402820587158,4.7680230140686035,94.63222480924586,1.5133650885567784,0.8998841058436124,1,196,1788749238.3721209
1788749312.935849,74.548000,r2_2_L1_r18,1.0934691233560443,-4.038533927872777,6.273483917117119,93.73896582589283,1.2430367469787598,-4.088230609893799,4.768226623535156,94.63002863520434,1.5134859609926152,0.8910628093115109,1,196,1788749238.387826
1788749312.981658,74.584000,r2_2_L1_r18,1.092651586048305,-4.038987876847386,6.273835822939873,93.74844787214396,1.2424417734146118,-4.088583946228027,4.768316268920898,94.62932313709001,1.5137655029306005,0.8808752649460526,1,196,1788749238.3976371
1788749313.026788,74.616000,r2_2_L1_r18,1.0919878287240863,-4.0393216628581285,6.274099513888359,93.7549402699365,1.2420223951339722,-4.088747978210449,4.768413066864014,94.6287681433681,1.5139501340928987,0.8738278734316008,1,195,1788749238.4107714
1788749313.073326,74.648000,r2_2_L1_r18,1.0914634270593524,-4.039538146927953,6.2742850035429,93.76016154777818,1.2416435480117798,-4.089001178741455,4.768216609954834,94.62762135659601,1.5143456231687689,0.8674598088178164,1,195,1788749238.4253104
1788749313.118783,74.680000,r2_2_L1_r18,1.0905521912500262,-4.039843322709203,6.274575874209404,93.76874349953843,1.241167426109314,-4.089216232299805,4.7681355476379395,94.62798493906979,1.5147557858261842,0.8592414395313588,1,194,1788749238.4387648
1788749313.164079,74.716000,r2_2_L1_r18,1.0897731585428119,-4.040050746873021,6.274819061160088,93.77538450655054,1.2404881715774536,-4.089450836181641,4.768249988555908,94.62676483785023,1.5148946347865746,0.8513803312997018,1,194,1788749238.4480531
1788749313.211106,74.748000,r2_2_L1_r18,1.088953117839992,-4.040209533646703,6.275098487734795,93.78067057520681,1.2396823167800903,-4.089439392089844,4.768863677978516,94.62338404752917,1.51455807828455,0.842713472322358,1,194,1788749238.463091
1788749313.256903,74.780000,r2_2_L1_r18,1.0880934996530414,-4.040302993729711,6.275417014956474,93.78564916239692,1.2388157844543457,-4.0896735191345215,4.769214153289795,94.62020760481927,1.5145301965980627,0.8345584424223513,1,192,1788749238.4768848
1788749313.307253,74.812000,r2_2_L1_r18,1.086990456096828,-4.040338756516576,6.275845691561699,93.7899180804106,1.2378947734832764,-4.089763641357422,4.769615173339844,94.61505372832497,1.5145775999499922,0.8251356479143555,1,192,1788749238.4952338
1788749313.353415,74.848000,r2_2_L1_r18,1.0863116784021258,-4.040313484147191,6.276106521487236,93.79222984368087,1.2372775077819824,-4.0897369384765625,4.7696027755737305,94.6103683515204,1.5148554042975915,0.8181385078395387,1,192,1788749238.5053985
1788749313.399288,74.880000,r2_2_L1_r18,1.0854044957086444,-4.040211917832494,6.276449367403984,93.79448302602329,1.236443281173706,-4.089754104614258,4.769575119018555,94.60571289245382,1.515235012607956,0.8112298664305365,1,191,1788749238.519272
1788749313.445948,74.912000,r2_2_L1_r18,1.0845063729211688,-4.040038349106908,6.276778861880302,93.79553886740268,1.2357752323150635,-4.089874744415283,4.769243240356445,94.60104743468075,1.515925322792315,0.8055085672780582,1,191,1788749238.5339255
1788749313.490913,74.944000,r2_2_L1_r18,1.0833916468545794,-4.039715053513646,6.277153179049492,93.79707715247753,1.2350062131881714,-4.089953899383545,4.768962383270264,94.59656447312865,1.5166246717075536,0.7994873206511272,1,191,1788749238.5468967
1788749313.540276,74.980000,r2_2_L1_r18,1.0825393004342914,-4.039360286667943,6.277454540133476,93.79512156362081,1.2338628768920898,-4.089892387390137,4.768826007843018,94.58853827120403,1.5170406607722289,0.7934167075832137,1,190,1788749238.560259
1788749313.586398,75.012000,r2_2_L1_r18,1.0819345517084002,-4.039008857682347,6.277669593691826,93.79328766601903,1.2332690954208374,-4.089518070220947,4.768887519836426,94.58145915008373,1.5171936827772923,0.7881714840647067,1,188,1788749238.574385
1788749313.634620,75.044000,r2_2_L1_r18,1.080967883579433,-4.038287403061986,6.277977630496025,93.78777239667497,1.232146143913269,-4.088746070861816,4.769291877746582,94.57266923375873,1.5170806320373524,0.7848968370837726,1,188,1788749238.5906029
1788749313.679483,75.076000,r2_2_L1_r18,1.0802154345437884,-4.037595512345433,6.278187915682793,93.78160030233698,1.2313437461853027,-4.088634014129639,4.76922082901001,94.56670893831027,1.5173748264373366,0.7851086359732912,1,188,1788749238.6034691
1788749313.724723,75.112000,r2_2_L1_r18,1.0795069737359881,-4.036774875596166,6.278378650546074,93.77432122706429,1.2308663129806519,-4.0886125564575195,4.769429683685303,94.55934481276357,1.5174069260827348,0.7850235856992759,1,188,1788749238.6127098
1788749313.773228,75.144000,r2_2_L1_r18,1.0786983771249652,-4.035592319443822,6.2785841673612595,93.76324654432688,1.2294524908065796,-4.088313102722168,4.769308090209961,94.5443370277264,1.5177023953471984,0.781090483399516,1,187,1788749238.629214
1788749313.820603,75.176000,r2_2_L1_r18,1.0780961317941546,-4.034567596390843,6.2787062376737595,93.75409412413869,1.2284590005874634,-4.088223457336426,4.769227027893066,94.53124923562842,1.517898359076032,0.7771551114897258,1,185,1788749238.644589
1788749313.866368,75.208000,r2_2_L1_r18,1.0776734156534076,-4.033772232010961,6.278768226504326,93.74577499487239,1.2273685932159424,-4.087852954864502,4.769134044647217,94.51845264699708,1.5180015592222635,0.7726776521246886,1,185,1788749238.6583471
1788749313.912899,75.244000,r2_2_L1_r18,1.0770091814920306,-4.032394649460912,6.278803989291191,93.73391069349664,1.2267298698425293,-4.087574005126953,4.768677711486816,94.50858092917069,1.5185329830883365,0.7746702356740467,1,185,1788749238.6688805
1788749313.959064,75.276000,r2_2_L1_r18,1.076467732898891,-4.031252147629857,6.278786346316338,93.72476633494406,1.22598135471344,-4.087257385253906,4.7683305740356445,94.50018400304235,1.518870484855603,0.7754176680982813,1,185,1788749238.6830468
1788749314.008237,75.308000,r2_2_L1_r18,1.0758954090997577,-4.030063392594457,6.2787343710660934,93.71696449050211,1.2254140377044678,-4.086864471435547,4.768459796905518,94.49176984582262,1.5187203403567273,0.7748053553205084,1,184,1788749238.7002196
1788749314.055167,75.340000,r2_2_L1_r18,1.0751488013193011,-4.028532745316625,6.278618976473808,93.70821612923812,1.224848747253418,-4.086390018463135,4.768460750579834,94.48303375510287,1.5186623736380196,0.7748176258647328,1,184,1788749238.7151504
1788749314.102303,75.376000,r2_2_L1_r18,1.074515919201076,-4.027233364060521,6.2784973829984665,93.70249596054013,1.224230408668518,-4.085669994354248,4.768472671508789,94.47291593390044,1.5185532250882965,0.7704199733603071,1,184,1788749238.7262795
1788749314.149937,75.408000,r2_2_L1_r18,1.0739810271188617,-4.026233436539769,6.278382942080498,93.69882015201023,1.2237944602966309,-4.0854411125183105,4.768682479858398,94.4660059646736,1.5182704302227947,0.7671858126633784,1,184,1788749238.7419224
1788749314.193999,75.440000,r2_2_L1_r18,1.0732672018930316,-4.024876357987523,6.278216049075127,93.6948013933418,1.2232050895690918,-4.084802627563477,4.768534183502197,94.45776446655996,1.5182924168900434,0.7629630732181648,1,184,1788749238.7539818
1788749314.242428,75.472000,r2_2_L1_r18,1.0723193688318133,-4.023143054917455,6.278000995516777,93.68979730085016,1.2227659225463867,-4.084355354309082,4.768486976623535,94.45018701103302,1.5182271517650543,0.7603897101828512,1,182,1788749238.7704105
1788749314.286958,75.508000,r2_2_L1_r18,1.0715555949136615,-4.021768810227513,6.277847930788994,93.68738681796464,1.221742033958435,-4.084031105041504,4.768031597137451,94.43911132354756,1.518544672108608,0.7517245055829204,1,181,1788749238.7789433
1788749314.333786,75.540000,r2_2_L1_r18,1.0708272261545062,-4.020406963303685,6.2777029722929,93.68698873238448,1.220656156539917,-4.083851337432861,4.767667293548584,94.42901805684247,1.518776365390865,0.7420293244579882,1,181,1788749238.793772
1788749314.378964,75.572000,r2_2_L1_r18,1.0703158183023334,-4.019405605271459,6.277602359652519,93.68595047327385,1.219835638999939,-4.083384990692139,4.767667293548584,94.4207666804635,1.5186683121704183,0.7348162071896424,1,181,1788749238.8069463
1788749314.426396,75.604000,r2_2_L1_r18,1.0695242686197162,-4.017790557816625,6.2774364203214645,93.68423181923423,1.2193210124969482,-4.0829949378967285,4.7677764892578125,94.41568560140534,1.518474162808496,0.7314537821711039,1,180,1788749238.8223805
1788749314.472784,75.640000,r2_2_L1_r18,1.0689526600763202,-4.016573192551732,6.277317211031914,93.68446076172837,1.2189569473266602,-4.0824761390686035,4.767935752868652,94.4106678905808,1.5182479609076185,0.7262071288524325,1,180,1788749238.832766
1788749314.518367,75.672000,r2_2_L1_r18,1.068477134220302,-4.015423538163304,6.277230426669121,93.68541641098392,1.2187260389328003,-4.082022666931152,4.768205165863037,94.4062419794785,1.5179484230601548,0.7208255684945687,1,180,1788749238.846346
1788749314.565333,75.704000,r2_2_L1_r18,1.0680022044107318,-4.014024497941136,6.277169868350029,93.6864199309871,1.218591332435608,-4.0816874504089355,4.767955303192139,94.40122282172688,1.5182173639833896,0.7148028907397699,1,180,1788749238.8613188
1788749314.612061,75.736000,r2_2_L1_r18,1.0676783127710223,-4.0129497069865465,6.277169391512871,93.68757300735597,1.218212604522705,-4.081527233123779,4.767752170562744,94.39632511674272,1.518454410571844,0.7087521093867519,1,178,1788749238.876046
1788749314.658455,75.772000,r2_2_L1_r18,1.0674713654443622,-4.012181522324681,6.27719084918499,93.68789789443284,1.21796452999115,-4.081455707550049,4.7675347328186035,94.39347566441113,1.5187194260285162,0.7055777699782804,1,178,1788749238.8864355
1788749314.704438,75.804000,r2_2_L1_r18,1.0671881241723895,-4.010997535660863,6.277254745364189,93.68944416006887,1.2175921201705933,-4.081503868103027,4.767558574676514,94.39031638599529,1.5188071084623298,0.700872225926422,1,177,1788749238.9004157
1788749314.750904,75.836000,r2_2_L1_r18,1.0669987006112933,-4.010176422074437,6.2773367613554,93.69037645562535,1.2174360752105713,-4.081279277801514,4.7673659324646,94.38812413234872,1.519111228274625,0.6977476767233672,1,176,1788749238.9148865
1788749314.796482,75.868000,r2_2_L1_r18,1.0668561263009906,-4.009473564103246,6.2774597853422165,93.69206263491233,1.2173322439193726,-4.080892562866211,4.767081260681152,94.38647967483382,1.519535133886393,0.6944170399214878,1,176,1788749238.9284675
1788749314.844169,75.904000,r2_2_L1_r18,1.0668325228616595,-4.0087125319987535,6.277658149600029,93.69461852619573,1.2175140380859375,-4.080445766448975,4.766768455505371,94.38624798395797,1.5200783676101781,0.6916294577622474,1,176,1788749238.9401503
1788749314.891384,75.936000,r2_2_L1_r18,1.0669292015954852,-4.00818801112473,6.277807399630547,93.6969058794817,1.2177164554595947,-4.079903602600098,4.766499042510986,94.38563476453407,1.5205041506973813,0.6887288850523697,1,174,1788749238.9553692
1788749314.936567,75.968000,r2_2_L1_r18,1.0670375628396869,-4.007815124467015,6.277918979525566,93.69941627800124,1.2181251049041748,-4.079340934753418,4.766319751739502,94.38537260663159,1.5208141281391492,0.6859563286303515,1,174,1788749238.9685476
1788749314.982197,76.000000,r2_2_L1_r18,1.0673262877389789,-4.007228137925267,6.278114482760429,93.70298831567085,1.2186082601547241,-4.078571319580078,4.766202926635742,94.3862867586566,1.5211353122881617,0.6832984429857436,1,173,1788749238.9821758
1788749315.026971,76.036000,r2_2_L1_r18,1.0676653189584613,-4.00675511546433,6.278258487582207,93.7062716811605,1.2186082601547241,-4.078571319580078,4.766202926635742,94.38626926672335,1.5212670239177937,0.6799975855628482,1,172,1788749238.9909518
1788749315.071848,76.068000,r2_2_L1_r18,1.0681111617013812,-4.006289245560765,6.2784034460783005,93.70849226342251,1.2186082601547241,-4.078571319580078,4.766202926635742,94.3862728221263,1.5213889988657574,0.6777805587037886,1,171,1788749239.003831
1788749315.120119,76.100000,r2_2_L1_r18,1.0686685843393207,-4.005875350907445,6.278519317507744,93.71003655762158,1.2186082601547241,-4.078571319580078,4.766202926635742,94.38625507451826,1.52146885487183,0.6762185168966763,1,170,1788749239.0201018
1788749315.169428,76.132000,r2_2_L1_r18,1.0695068640634418,-4.005400421097875,6.2786757200956345,93.7127598231197,1.2208691835403442,-4.0767741203308105,4.766305923461914,94.39198461712529,1.5216001966579598,0.6792247940055978,1,170,1788749239.0374134
1788749315.216540,76.168000,r2_2_L1_r18,1.0701010031625628,-4.005142929032445,6.278779670596123,93.71370599278406,1.2215943336486816,-4.075903415679932,4.766144275665283,94.39299087931524,1.5218485843374638,0.6792848865311858,1,170,1788749239.0485241
1788749315.261082,76.200000,r2_2_L1_r18,1.0709420247003436,-4.004800083115697,6.278908893465996,93.7147003220637,1.2223247289657593,-4.075384616851807,4.766172409057617,94.39412440486987,1.5219298836719368,0.6794240828061693,1,169,1788749239.0610662
1788749315.305982,76.232000,r2_2_L1_r18,1.0718364519998431,-4.004468681290746,6.279029056429863,93.71498014294667,1.2223247289657593,-4.075384616851807,4.766172409057617,94.39408608824027,1.5219760270513665,0.6791059452936049,1,169,1788749239.0739653
1788749315.351604,76.264000,r2_2_L1_r18,1.0730336708948016,-4.004079582169652,6.279201194643974,93.71471968775856,1.2223247289657593,-4.075384616851807,4.766172409057617,94.3941236019246,1.5220474151628445,0.6794039141660456,1,168,1788749239.0875685
1788749315.398139,76.300000,r2_2_L1_r18,1.074088434688747,-4.003833057358861,6.2793752402067184,93.71509768921312,1.2223247289657593,-4.075384616851807,4.766172409057617,94.3941308186185,1.522128914647018,0.6790331294053853,1,167,1788749239.0981245
1788749315.443638,76.332000,r2_2_L1_r18,1.074916343204677,-4.003690483048558,6.279529735445976,93.71525372897108,1.2223247289657593,-4.075384616851807,4.766172409057617,94.39406831675451,1.5222088156188718,0.6788145877834393,1,166,1788749239.11162
1788749315.489232,76.364000,r2_2_L1_r18,1.076340894214809,-4.003507377579808,6.279818698763847,93.71435928032284,1.2264348268508911,-4.0718536376953125,4.765258312225342,94.40020557285082,1.5235132307786525,0.6858462925279875,1,165,1788749239.1252124
1788749315.534770,76.396000,r2_2_L1_r18,1.0775023503229022,-4.003380538895726,6.280054733157158,93.71429596032543,1.2264348268508911,-4.0718536376953125,4.765258312225342,94.40020843778652,1.5236396045954625,0.6859124774610915,1,165,1788749239.1387537
1788749315.581930,76.432000,r2_2_L1_r18,1.0786852641031146,-4.003222705796361,6.280330345034599,93.71348962547778,1.2264348268508911,-4.0718536376953125,4.765258312225342,94.4001978410369,1.523805565912611,0.6867082155591228,1,164,1788749239.149913
1788749315.627329,76.464000,r2_2_L1_r18,1.0802056593820453,-4.003026248887181,6.280719444155693,93.71329556446588,1.2264348268508911,-4.0718536376953125,4.765258312225342,94.4001966593876,1.524054664787454,0.686901094921714,1,162,1788749239.163314
1788749315.672716,76.496000,r2_2_L1_r18,1.0814281506463885,-4.002868892624974,6.281071826815605,93.71292604929766,1.2308098077774048,-4.068499565124512,4.764324188232422,94.40433907591222,1.5254984968224692,0.6914130266145607,1,162,1788749239.1766992
1788749315.720035,76.528000,r2_2_L1_r18,1.0823473734781146,-4.002764942124486,6.2813684195280075,93.7127696122466,1.2308098077774048,-4.068499565124512,4.764324188232422,94.40433887171275,1.5257081420659198,0.6915692594661429,1,162,1788749239.1920204
1788749315.768112,76.564000,r2_2_L1_r18,1.0838446421548724,-4.002658607438207,6.281873866915703,93.71096736952241,1.2308098077774048,-4.068499565124512,4.764324188232422,94.40437136006899,1.5260703846439183,0.6934039905465845,1,161,1788749239.2040913
1788749315.814357,76.596000,r2_2_L1_r18,1.0849809451028705,-4.002648593857884,6.28223292529583,93.71053513066624,1.2328505516052246,-4.067234516143799,4.764127254486084,94.39706716591316,1.5266569980284999,0.6865320352469043,1,161,1788749239.2183418
1788749315.860822,76.628000,r2_2_L1_r18,1.0860378546640277,-4.002707244828343,6.282594367861748,93.71060507435953,1.2328505516052246,-4.067234516143799,4.764127254486084,94.39710319072572,1.526911952644941,0.686498116366181,1,161,1788749239.2328057
1788749315.908084,76.660000,r2_2_L1_r18,1.0872193379327655,-4.002930881455541,6.283014938235283,93.71030120235372,1.2350680828094482,-4.066582679748535,4.764761924743652,94.39799626957542,1.526762265634031,0.6876950672216878,1,161,1788749239.2480702
1788749315.952255,76.696000,r2_2_L1_r18,1.0880062384530902,-4.003263236954808,6.283316299319267,93.70996450360373,1.2350680828094482,-4.066582679748535,4.764761924743652,94.39799691235052,1.5269721433097392,0.6880324087467837,1,161,1788749239.2562392
1788749315.997803,76.728000,r2_2_L1_r18,1.0885038180276752,-4.00358653254807,6.283528491854668,93.70973929080296,1.2350680828094482,-4.066582679748535,4.764761924743652,94.39796320571902,1.527121960960323,0.6882239149160614,1,161,1788749239.26979
1788749316.044810,76.760000,r2_2_L1_r18,1.0891207261011004,-4.004062416031957,6.283789798617363,93.71039996204965,1.237237572669983,-4.065751075744629,4.764469146728516,94.39561019076886,1.5277693982504714,0.6852102287192076,1,161,1788749239.2847955
1788749316.091532,76.792000,r2_2_L1_r18,1.0897836489602923,-4.004769088700414,6.284121200442314,93.70950687637313,1.237237572669983,-4.065751075744629,4.764469146728516,94.39559978312884,1.528006487786557,0.6860929067557083,1,161,1788749239.299511
1788749316.136496,76.828000,r2_2_L1_r18,1.0902591748163104,-4.00534320063889,6.284399196505547,93.70867970680085,1.237237572669983,-4.065751075744629,4.764469146728516,94.39562808784883,1.5282143557189976,0.6869483810479831,1,161,1788749239.30848
1788749316.180601,76.860000,r2_2_L1_r18,1.090699295513332,-4.005898239091039,6.284688636660576,93.70831674971184,1.237237572669983,-4.065751075744629,4.764469146728516,94.39563994194366,1.5284381329634555,0.687323192231817,1,159,1788749239.3205774
1788749316.230833,76.892000,r2_2_L1_r18,1.091019014827907,-4.006293537095189,6.284876510500908,93.70723628057557,1.2410439252853394,-4.064084053039551,4.7631964683532715,94.40218240212862,1.5301494594193434,0.6949461215530498,1,158,1788749239.3388174
1788749316.279422,76.924000,r2_2_L1_r18,1.091515521518886,-4.006888629868627,6.285195991396904,93.70718500312881,1.2410439252853394,-4.064084053039551,4.7631964683532715,94.40213535402984,1.5303962258544972,0.6949503509010316,1,158,1788749239.355401
1788749316.324630,76.960000,r2_2_L1_r18,1.0918644471094012,-4.007335426285863,6.285458728671074,93.70724957053021,1.2410439252853394,-4.064084053039551,4.7631964683532715,94.40215787207752,1.5306068445342649,0.6949083015473081,1,158,1788749239.3646152
1788749316.375701,76.992000,r2_2_L1_r18,1.0921895308420062,-4.007769348099828,6.2856761664152145,93.70683135434508,1.2425755262374878,-4.061380386352539,4.762928009033203,94.40104311208263,1.5310950466394744,0.6942117577375404,1,158,1788749239.3836722
1788749316.417417,77.024000,r2_2_L1_r18,1.0926018757745624,-4.008313896134496,6.285903617739677,93.70603620753005,1.2425755262374878,-4.061380386352539,4.762928009033203,94.40105503255596,1.5312618498911588,0.6950188250259126,1,377,1788749239.3934035
1788749316.462447,77.056000,r2_2_L1_r18,1.0929913325235248,-4.008813621476293,6.286047622561455,93.70621977358479,1.2425755262374878,-4.061380386352539,4.762928009033203,94.40102234673725,1.531349748716165,0.6948025731524552,1,348,1788749239.4064333
1788749316.509837,77.092000,r2_2_L1_r18,1.0933105750009418,-4.009221317246556,6.286138698458672,93.70673392595371,1.2425755262374878,-4.061380386352539,4.762928009033203,94.40099023328058,1.5313952456951345,0.6942563073268639,1,344,1788749239.4178152
1788749316.561725,77.124000,r2_2_L1_r18,1.0938689513131976,-4.009913684800267,6.2861854285001755,93.70782490299551,1.2442506551742554,-4.062130451202393,4.76185941696167,94.40041873715926,1.5326157499525237,0.6925938341637521,1,342,1788749239.4377081
1788749316.608122,77.156000,r2_2_L1_r18,1.0943237347528338,-4.010514022782445,6.2861267775297165,93.70804076552366,1.2442506551742554,-4.062130451202393,4.76185941696167,94.40040943695678,1.5324925199305093,0.6923686714331154,1,339,1788749239.4521031
1788749316.654326,77.188000,r2_2_L1_r18,1.0947698159143329,-4.0111420173197985,6.2859365195035934,93.70800654883698,1.2442506551742554,-4.062130451202393,4.76185941696167,94.40042871338589,1.5322386746810157,0.6924221645489146,1,335,1788749239.466312
1788749316.702622,77.224000,r2_2_L1_r18,1.0952876610681415,-4.011918308213353,6.285646602511406,93.70786644895156,1.2448221445083618,-4.060994625091553,4.761091709136963,94.39162746516553,1.53265673571352,0.6837610162139662,1,334,1788749239.4786086
1788749316.746822,77.256000,r2_2_L1_r18,1.0956252617761493,-4.0125248450785875,6.285397216677666,93.70820146780092,1.2450429201126099,-4.060887813568115,4.760830879211426,94.38813042649875,1.5326340498237325,0.6799289586978335,1,333,1788749239.4908056
1788749316.789851,77.288000,r2_2_L1_r18,1.095832328312099,-4.012971164658666,6.285237476229668,93.70841258859754,1.2450429201126099,-4.060887813568115,4.760830879211426,94.38812468938247,1.5324409544843502,0.6797121007849354,1,333,1788749239.5018377
1788749316.838710,77.320000,r2_2_L1_r18,1.0960432095453143,-4.013688804581761,6.28497140109539,93.70798625896497,1.2457327842712402,-4.060500144958496,4.760201454162598,94.38528636128073,1.5328149468996335,0.6773001023157792,1,330,1788749239.5186894
1788749316.884427,77.356000,r2_2_L1_r18,1.0960948271676898,-4.0141880530864,6.284766837954521,93.70733884083192,1.246046781539917,-4.060111999511719,4.76002311706543,94.3835794525256,1.532787660397238,0.6762406116936664,1,325,1788749239.52841
1788749316.930867,77.388000,r2_2_L1_r18,1.096083383075893,-4.0146210212260485,6.284579440951347,93.70770615225472,1.2462794780731201,-4.059709548950195,4.7598371505737305,94.38244326568577,1.5327853386403225,0.6747371134310473,1,324,1788749239.5428524
1788749316.976566,77.420000,r2_2_L1_r18,1.0960222287103534,-4.0149943847209215,6.284482166171074,93.7075332111464,1.2463970184326172,-4.059246063232422,4.759374141693115,94.38048679194436,1.5331422878396388,0.6729535807979671,1,323,1788749239.5565512
1788749317.024262,77.452000,r2_2_L1_r18,1.095905045978725,-4.0153558272868395,6.284452602267265,93.70494611128339,1.246424674987793,-4.058742523193359,4.758992671966553,94.37824538257529,1.5334818430786088,0.6732992712919004,1,321,1788749239.5722466
1788749317.070682,77.488000,r2_2_L1_r18,1.0957945389673114,-4.015490772202611,6.284460708498955,93.70380765105075,1.2465415000915527,-4.05834436416626,4.758803367614746,94.37675396404428,1.5336855604804576,0.6729463129935305,1,321,1788749239.5826654
1788749317.116866,77.520000,r2_2_L1_r18,1.0955959362909198,-4.015606643632054,6.284514591097832,93.70239009336655,1.2467063665390015,-4.057924270629883,4.758724689483643,94.37530581461338,1.533838312063017,0.672915721246837,1,318,1788749239.5968502
