t_wall,t_sim,exp_id,gt_x,gt_y,gt_z,gt_dyaw_deg,vslam_x,vslam_y,vslam_z,vslam_dyaw_deg,pos_error_m,yaw_error_deg,vo_state,feature_count,msg_age_s
1788683424.229542,35.644000,gate_sweep_poor_none_r20,0.005620406940579414,0.0059762317687273026,-0.00012828409671783447,0.003214897705405525,0.0,0.0,0.0,0.0,0.008204923957035155,0.0032148977054055248,1,,1788683388.5855215
1788683424.230032,35.676000,gate_sweep_poor_none_r20,0.00577191635966301,0.006109738256782293,-0.0001798868179321289,0.003033390680806575,0.0,0.0,0.0,0.0,0.008406918537526124,0.003033390680806575,1,,1788683388.554026
1788683424.230465,35.708000,gate_sweep_poor_none_r20,0.00577191635966301,0.006109738256782293,-0.0001798868179321289,0.003033390680806575,0.0,0.0,0.0,0.0,0.008406918537526124,0.003033390680806575,1,140,1788683388.5224593
1788683424.230814,35.740000,gate_sweep_poor_none_r20,0.00577191635966301,0.006109738256782293,-0.0001798868179321289,0.003033390680806575,0.0,0.0,0.0,0.0,0.008406918537526124,0.003033390680806575,1,140,1788683388.4908082
1788683424.231203,35.776000,gate_sweep_poor_none_r20,0.00577191635966301,0.006109738256782293,-0.0001798868179321289,0.003033390680806575,0.0,0.0,0.0,0.0,0.008406918537526124,0.003033390680806575,1,140,1788683388.455198
1788683424.231550,35.808000,gate_sweep_poor_none_r20,0.00577191635966301,0.006109738256782293,-0.0001798868179321289,0.003033390680806575,0.0,0.0,0.0,0.0,0.008406918537526124,0.003033390680806575,1,140,1788683388.423545
1788683424.231895,35.840000,gate_sweep_poor_none_r20,0.00577191635966301,0.006109738256782293,-0.0001798868179321289,0.003033390680806575,0.0,0.0,0.0,0.0,0.008406918537526124,0.003033390680806575,1,140,1788683388.391891
1788683424.232227,35.872000,gate_sweep_poor_none_r20,0.00577191635966301,0.006109738256782293,-0.0001798868179321289,0.003033390680806575,0.0,0.0,0.0,0.0,0.008406918537526124,0.003033390680806575,1,140,1788683388.360222
1788683424.237231,35.908000,gate_sweep_poor_none_r20,0.00577191635966301,0.006109738256782293,-0.0001798868179321289,0.003033390680806575,0.0,0.0,0.0,0.0,0.008406918537526124,0.003033390680806575,1,140,1788683388.3292165
1788683424.283888,35.940000,gate_sweep_poor_none_r20,0.006416786462068558,0.006580458488315344,-0.0003817826509475708,0.0032828393977851647,0.0,0.0,0.0,0.0,0.00919909454287716,0.0032828393977851643,1,140,1788683388.3438597
1788683424.328688,35.972000,gate_sweep_poor_none_r20,0.007123222574591637,0.006929002236574888,-0.0006264448165893555,0.003658004524306606,0.0,0.0,0.0,0.0,0.00995709821935404,0.003658004524306606,1,140,1788683388.3566678
1788683424.373785,36.004000,gate_sweep_poor_none_r20,0.00803523138165474,0.007260570768266916,-0.000922858715057373,0.002640113937069978,0.0,0.0,0.0,0.0,0.010868877561445731,0.002640113937069978,1,140,1788683388.3697686
1788683424.418549,36.040000,gate_sweep_poor_none_r20,0.008774163201451302,0.007465913891792297,-0.001129448413848877,0.0019632914069605176,0.0,0.0,0.0,0.0,0.01157590013108722,0.0019632914069605176,1,140,1788683388.378529
1788683424.463563,36.072000,gate_sweep_poor_none_r20,0.009329205378890038,0.007616733200848103,-0.0012171268463134766,0.002161600812321486,0.0,0.0,0.0,0.0,0.012104961603178655,0.002161600812321486,1,140,1788683388.3915458
1788683424.508986,36.104000,gate_sweep_poor_none_r20,0.010061590000987053,0.007792153861373663,-0.0013229846954345703,0.002154434823584242,0.0,0.0,0.0,0.0,0.012794668563571204,0.002154434823584242,1,140,1788683388.4049697
1788683424.552400,36.136000,gate_sweep_poor_none_r20,0.010923689231276512,0.007941661402583122,-0.0014578402042388916,0.002120897343238024,0.0,0.0,0.0,0.0,0.013583897464125687,0.002120897343238024,1,140,1788683388.4163783
1788683424.597848,36.172000,gate_sweep_poor_none_r20,0.011549200862646103,0.007975546177476645,-0.0015508532524108887,0.002708339404180602,0.0,0.0,0.0,0.0,0.01412085419531415,0.002708339404180602,1,140,1788683388.4258318
1788683424.644110,36.204000,gate_sweep_poor_none_r20,0.012129336595535278,0.007929552346467972,-0.0016029775142669678,0.0027800150477497957,0.0,0.0,0.0,0.0,0.014579716855083729,0.0027800150477497957,1,140,1788683388.440093
1788683424.688330,36.236000,gate_sweep_poor_none_r20,0.012538749724626541,0.007832134142518044,-0.0016172975301742554,0.004188362186938768,0.0,0.0,0.0,0.0,0.014872061766423873,0.004188362186938768,1,140,1788683388.4523118
1788683424.734753,36.268000,gate_sweep_poor_none_r20,0.013154294341802597,0.007538208272308111,-0.0016736090183258057,0.004885522424766543,0.0,0.0,0.0,0.0,0.015253229518160924,0.004885522424766543,1,140,1788683388.4667366
1788683424.779893,36.304000,gate_sweep_poor_none_r20,0.013535041362047195,0.007140505127608776,-0.0017886906862258911,0.00504639655501682,0.0,0.0,0.0,0.0,0.01540725713813873,0.00504639655501682,1,140,1788683388.4758778
1788683424.826583,36.336000,gate_sweep_poor_none_r20,0.013828568160533905,0.006589090451598167,-0.0019757896661758423,0.004147860294673806,0.0,0.0,0.0,0.0,0.015445036586387274,0.004147860294673806,1,140,1788683388.4905658
1788683424.871130,36.368000,gate_sweep_poor_none_r20,0.014149267226457596,0.0057983906008303165,-0.0022136420011520386,0.004718579061132402,0.0,0.0,0.0,0.0,0.01545067336768106,0.004718579061132402,1,140,1788683388.5031097
1788683424.916334,36.400000,gate_sweep_poor_none_r20,0.014371838420629501,0.005092720501124859,-0.002410292625427246,0.0033621672576477474,0.0,0.0,0.0,0.0,0.015436808356374988,0.0033621672576477474,1,140,1788683388.5163164
1788683424.960399,36.436000,gate_sweep_poor_none_r20,0.014490760862827301,0.004555407911539078,-0.00256936252117157,0.004042067259960132,0.0,0.0,0.0,0.0,0.0154056974976585,0.004042067259960132,1,140,1788683388.5243812
1788683425.005040,36.468000,gate_sweep_poor_none_r20,0.014618102461099625,0.003655713051557541,-0.002795502543449402,0.0036496939649281394,0.0,0.0,0.0,0.0,0.01532540348405115,0.0036496939649281403,1,140,1788683388.5370226
1788683425.057273,36.500000,gate_sweep_poor_none_r20,0.01464509591460228,0.002920095808804035,-0.0029485970735549927,0.003974173405465381,0.0,0.0,0.0,0.0,0.015221695653989155,0.003974173405465381,1,140,1788683388.5572577
1788683425.165904,36.532000,gate_sweep_poor_none_r20,0.014636192470788956,0.002153506502509117,-0.0031014829874038696,0.0032157428018648807,0.0,0.0,0.0,0.0,0.015115386763807402,0.0032157428018648807,1,140,1788683388.6338863
1788683425.210717,36.568000,gate_sweep_poor_none_r20,0.01462944969534874,0.0011533983051776886,-0.0033338814973831177,0.0034341410546019145,0.0,0.0,0.0,0.0,0.015048783734166678,0.0034341410546019145,1,140,1788683388.6427007
1788683425.256439,36.600000,gate_sweep_poor_none_r20,0.014607049524784088,0.0003376016393303871,-0.0035283565521240234,0.0024874044211629126,0.0,0.0,0.0,0.0,0.015030940444472866,0.0024874044211629126,1,140,1788683388.6564221
1788683425.302344,36.632000,gate_sweep_poor_none_r20,0.01460692286491394,-0.00027804914861917496,-0.0036651641130447388,0.0020946039142598753,0.0,0.0,0.0,0.0,0.015062301779148649,0.0020946039142598753,1,140,1788683388.6703286
1788683425.350710,36.664000,gate_sweep_poor_none_r20,0.014627333730459213,-0.001291879452764988,-0.003951236605644226,0.0015824236227167405,0.0,0.0,0.0,0.0,0.015206581315222996,0.0015824236227167405,1,140,1788683388.6866946
1788683425.394187,36.700000,gate_sweep_poor_none_r20,0.014645569026470184,-0.002064269967377186,-0.004153028130531311,0.001993131539602295,0.0,0.0,0.0,0.0,0.015362341789593885,0.001993131539602295,1,140,1788683388.6941688
1788683425.437439,36.732000,gate_sweep_poor_none_r20,0.014677744358778,-0.0028394097462296486,-0.004327490925788879,0.0016275282609554693,0.0,0.0,0.0,0.0,0.015563598712425363,0.0016275282609554693,1,140,1788683388.7054222
1788683425.481636,36.764000,gate_sweep_poor_none_r20,0.014743082225322723,-0.003633596934378147,-0.004486575722694397,0.0011803305145483018,0.0,0.0,0.0,0.0,0.01583322019993469,0.0011803305145483018,1,140,1788683388.7176178
1788683425.525354,36.796000,gate_sweep_poor_none_r20,0.014879025518894196,-0.004566640593111515,-0.004635706543922424,-0.0005075139753458651,0.0,0.0,0.0,0.0,0.01623974697647484,0.000507513975345865,1,140,1788683388.729332
1788683425.572173,36.832000,gate_sweep_poor_none_r20,0.014991402626037598,-0.00502797681838274,-0.004681676626205444,-0.0008076854532131972,0.0,0.0,0.0,0.0,0.016490627629490624,0.0008076854532131972,1,140,1788683388.7401555
1788683425.618955,36.864000,gate_sweep_poor_none_r20,0.015167545527219772,-0.005542567931115627,-0.004866302013397217,-0.0010398590641822272,0.0,0.0,0.0,0.0,0.01686580540255667,0.0010398590641822274,1,140,1788683388.7549372
1788683425.663637,36.896000,gate_sweep_poor_none_r20,0.01535702496767044,-0.005951610393822193,-0.00504380464553833,-0.0011419719135798171,0.0,0.0,0.0,0.0,0.01722497742929899,0.0011419719135798174,1,140,1788683388.7676194
1788683425.709259,36.928000,gate_sweep_poor_none_r20,0.01553916186094284,-0.006310577504336834,-0.005162179470062256,-0.0018214571731369092,0.0,0.0,0.0,0.0,0.01754813484846623,0.0018214571731369092,1,140,1788683388.7812417
1788683425.754267,36.964000,gate_sweep_poor_none_r20,0.015591345727443695,-0.00650434847921133,-0.005138188600540161,-0.001796830789714533,0.0,0.0,0.0,0.0,0.017657791278254942,0.001796830789714533,1,140,1788683388.790249
1788683425.803086,36.996000,gate_sweep_poor_none_r20,0.015576239675283432,-0.0065972814336419106,-0.005095720291137695,-0.0025007204141643123,0.0,0.0,0.0,0.0,0.01766662757919752,0.0025007204141643123,1,140,1788683388.8070674
1788683425.847207,37.028000,gate_sweep_poor_none_r20,0.015452299267053604,-0.006649731658399105,-0.005071505904197693,-0.001421372987671881,0.0,0.0,0.0,0.0,0.017570220713002235,0.001421372987671881,1,140,1788683388.8191893
1788683425.892118,37.060000,gate_sweep_poor_none_r20,0.01529180258512497,-0.006577313877642155,-0.0050754547119140625,-0.0015002229624921444,0.0,0.0,0.0,0.0,0.017402888400496898,0.0015002229624921444,1,140,1788683388.8321033
1788683425.939896,37.096000,gate_sweep_poor_none_r20,0.01509810984134674,-0.006413011811673641,-0.005061149597167969,-0.00011690807943544645,0.0,0.0,0.0,0.0,0.01716667925147291,0.00011690807943544645,1,140,1788683388.8438745
1788683425.984625,37.128000,gate_sweep_poor_none_r20,0.014830280095338821,-0.0061517683789134026,-0.005008518695831299,0.0010541831573049729,0.0,0.0,0.0,0.0,0.016818642080158947,0.0010541831573049729,1,140,1788683388.8566074
1788683426.028375,37.160000,gate_sweep_poor_none_r20,0.014633391052484512,-0.005964596755802631,-0.004932299256324768,0.002027889407154191,0.0,0.0,0.0,0.0,0.01655415730589168,0.002027889407154191,1,140,1788683388.8683605
1788683426.072972,37.192000,gate_sweep_poor_none_r20,0.014498203992843628,-0.005798197351396084,-0.004875272512435913,0.0022703360577178097,0.0,0.0,0.0,0.0,0.01635803452785073,0.0022703360577178097,1,140,1788683388.8809536
1788683426.120028,37.228000,gate_sweep_poor_none_r20,0.014293521642684937,-0.005452408455312252,-0.0048117488622665405,0.00392012998685664,0.0,0.0,0.0,0.0,0.016037033579405717,0.00392012998685664,1,140,1788683388.8920107
1788683426.163875,37.260000,gate_sweep_poor_none_r20,0.014118336141109467,-0.0051492443308234215,-0.004775315523147583,0.0037727829328791833,0.0,0.0,0.0,0.0,0.015768505665328253,0.0037727829328791833,1,140,1788683388.9038513
1788683426.210645,37.292000,gate_sweep_poor_none_r20,0.013965670019388199,-0.004840142093598843,-0.004652678966522217,0.003653052688177783,0.0,0.0,0.0,0.0,0.015495623128554206,0.003653052688177783,1,140,1788683388.9186265
1788683426.257166,37.324000,gate_sweep_poor_none_r20,0.013822462409734726,-0.0044854069128632545,-0.004386395215988159,0.005121271526252148,0.0,0.0,0.0,0.0,0.015179585146944393,0.005121271526252148,1,140,1788683388.9331493
1788683426.302732,37.360000,gate_sweep_poor_none_r20,0.013781845569610596,-0.004238656722009182,-0.004113897681236267,0.005432225185249613,0.0,0.0,0.0,0.0,0.014994319999363424,0.005432225185249613,1,140,1788683388.942715
1788683426.348806,37.392000,gate_sweep_poor_none_r20,0.013797633349895477,-0.004038714803755283,-0.0038948506116867065,0.005489887509137959,0.0,0.0,0.0,0.0,0.014894823416595992,0.005489887509137959,1,140,1788683388.9567897
1788683426.393162,37.424000,gate_sweep_poor_none_r20,0.013866696506738663,-0.0037800567224621773,-0.0036861002445220947,0.005988559257043994,0.0,0.0,0.0,0.0,0.014837837977538897,0.005988559257043995,1,140,1788683388.969144
1788683426.440009,37.456000,gate_sweep_poor_none_r20,0.014016389846801758,-0.003446594811975956,-0.003420725464820862,0.007348335209986665,0.0,0.0,0.0,0.0,0.014833730577340984,0.007348335209986665,1,140,1788683388.9839914
1788683426.485529,37.492000,gate_sweep_poor_none_r20,0.014103032648563385,-0.0031856996938586235,-0.0031961798667907715,0.006986286506325273,0.0,0.0,0.0,0.0,0.014807423076510456,0.006986286506325273,1,140,1788683388.993511
1788683426.531950,37.524000,gate_sweep_poor_none_r20,0.014120098203420639,-0.002957581542432308,-0.0029678046703338623,0.006702378170711697,0.0,0.0,0.0,0.0,0.014728622692418817,0.006702378170711697,1,140,1788683389.0079343
1788683426.577531,37.556000,gate_sweep_poor_none_r20,0.014133322983980179,-0.0027907369658350945,-0.0028121620416641235,0.006196829557274224,0.0,0.0,0.0,0.0,0.014678122725013489,0.006196829557274224,1,140,1788683389.0215132
1788683426.624583,37.588000,gate_sweep_poor_none_r20,0.014195065945386887,-0.0024983203038573265,-0.002624019980430603,0.005937708663736435,0.0,0.0,0.0,0.0,0.014650152981871804,0.005937708663736435,1,140,1788683389.0365665
1788683426.669322,37.624000,gate_sweep_poor_none_r20,0.01428278535604477,-0.0022733034566044807,-0.00250929594039917,0.005899924361885383,0.0,0.0,0.0,0.0,0.014678638637460918,0.005899924361885384,1,140,1788683389.045304
1788683426.713222,37.656000,gate_sweep_poor_none_r20,0.014396745711565018,-0.0020570987835526466,-0.0023948997259140015,0.005572224785473117,0.0,0.0,0.0,0.0,0.014738842803488422,0.005572224785473117,1,140,1788683389.0572062
1788683426.760433,37.688000,gate_sweep_poor_none_r20,0.014582708477973938,-0.0017414558678865433,-0.002293989062309265,0.004919532713193078,0.0,0.0,0.0,0.0,0.014864401801329375,0.004919532713193078,1,140,1788683389.0724158
1788683426.807442,37.720000,gate_sweep_poor_none_r20,0.01470131054520607,-0.0013986285775899887,-0.0022394508123397827,0.004813402644063408,0.0,0.0,0.0,0.0,0.014936526824718252,0.004813402644063408,1,140,1788683389.0874243
1788683426.852990,37.756000,gate_sweep_poor_none_r20,0.014762837439775467,-0.0010925689712166786,-0.0022164732217788696,0.00446137262058027,0.0,0.0,0.0,0.0,0.014968227342373061,0.00446137262058027,1,140,1788683389.0969732
1788683426.897796,37.788000,gate_sweep_poor_none_r20,0.014802124351263046,-0.0005410388112068176,-0.0021697282791137695,0.004901646049138624,0.0,0.0,0.0,0.0,0.014970081132401138,0.004901646049138624,1,140,1788683389.1097786
1788683426.941901,37.820000,gate_sweep_poor_none_r20,0.01474212110042572,-8.439738303422928e-05,-0.002198845148086548,0.005188629425224672,0.0,0.0,0.0,0.0,0.014905441202565727,0.005188629425224672,1,140,1788683389.1218832
1788683426.985791,37.852000,gate_sweep_poor_none_r20,0.014621932059526443,0.00037594977766275406,-0.0021925121545791626,0.005526770647302235,0.0,0.0,0.0,0.0,0.01479017731255137,0.005526770647302235,1,140,1788683389.1337745
1788683427.030245,37.888000,gate_sweep_poor_none_r20,0.01444241777062416,0.0009113112464547157,-0.0021307915449142456,0.006343318230805744,0.0,0.0,0.0,0.0,0.014627173064438441,0.006343318230805744,1,140,1788683389.1422253
1788683427.075500,37.920000,gate_sweep_poor_none_r20,0.014261286705732346,0.0013328110799193382,-0.002076581120491028,0.006800599223191894,0.0,0.0,0.0,0.0,0.014473177710089572,0.006800599223191895,1,140,1788683389.1554832
1788683427.119019,37.952000,gate_sweep_poor_none_r20,0.014145206660032272,0.001626044511795044,-0.002023160457611084,0.007387701431748617,0.0,0.0,0.0,0.0,0.014381379295693485,0.007387701431748617,1,140,1788683389.1670015
1788683427.164973,37.984000,gate_sweep_poor_none_r20,0.013992410153150558,0.0020813634619116783,-0.0019194185733795166,0.008603455808438023,0.0,0.0,0.0,0.0,0.014275986250147695,0.008603455808438023,1,140,1788683389.1809552
1788683427.209878,38.020000,gate_sweep_poor_none_r20,0.013902213424444199,0.002401452511548996,-0.001795351505279541,0.0088528442031843,0.0,0.0,0.0,0.0,0.014221877488275976,0.0088528442031843,1,140,1788683389.1898494
1788683427.253996,38.052000,gate_sweep_poor_none_r20,0.013782937079668045,0.0027002785354852676,-0.001689121127128601,0.009676880084236252,0.0,0.0,0.0,0.0,0.014146165165634217,0.009676880084236252,1,140,1788683389.2019782
1788683427.299601,38.084000,gate_sweep_poor_none_r20,0.013623818755149841,0.0030158627778291702,-0.0016128718852996826,0.009826645373166317,0.0,0.0,0.0,0.0,0.014046537704582513,0.00982664537316632,1,140,1788683389.2155821
1788683427.347254,38.116000,gate_sweep_poor_none_r20,0.013344556093215942,0.0034333495423197746,-0.0015568286180496216,0.009549439989213171,0.0,0.0,0.0,0.0,0.013866823059039602,0.009549439989213171,1,140,1788683389.2312362
1788683427.391799,38.152000,gate_sweep_poor_none_r20,0.013101637363433838,0.0037599606439471245,-0.0015800446271896362,0.009853413248864048,0.0,0.0,0.0,0.0,0.013721761791798737,0.009853413248864048,1,140,1788683389.2397795
1788683427.436306,38.184000,gate_sweep_poor_none_r20,0.01277128979563713,0.004187362268567085,-0.0016555041074752808,0.010560143042445898,0.0,0.0,0.0,0.0,0.013541807104749053,0.010560143042445898,1,140,1788683389.2522886
1788683427.479785,38.216000,gate_sweep_poor_none_r20,0.012444872409105301,0.0045812539756298065,-0.0017615556716918945,0.010372209132378074,0.0,0.0,0.0,0.0,0.013377810570216793,0.010372209132378074,1,140,1788683389.2637691
1788683427.523604,38.248000,gate_sweep_poor_none_r20,0.011994250118732452,0.005042719654738903,-0.001854628324508667,0.011362386993219634,0.0,0.0,0.0,0.0,0.013142705339810115,0.011362386993219634,1,140,1788683389.27559
1788683427.567677,38.284000,gate_sweep_poor_none_r20,0.011642463505268097,0.005408274941146374,-0.0018778741359710693,0.01074093456372519,0.0,0.0,0.0,0.0,0.012973927916443825,0.010740934563725189,1,140,1788683389.28366
1788683427.616241,38.316000,gate_sweep_poor_none_r20,0.011425284668803215,0.005669127218425274,-0.0019063800573349,0.010634560691214354,0.0,0.0,0.0,0.0,0.012896139659017512,0.010634560691214354,1,140,1788683389.3002234
1788683427.664143,38.348000,gate_sweep_poor_none_r20,0.011151444166898727,0.006093116942793131,-0.0019943416118621826,0.01105106519832364,0.0,0.0,0.0,0.0,0.012863054829659144,0.01105106519832364,1,140,1788683389.3161254
1788683427.707778,38.380000,gate_sweep_poor_none_r20,0.011046664789319038,0.006453605834394693,-0.002149522304534912,0.010695891183958781,0.0,0.0,0.0,0.0,0.012972982593490494,0.010695891183958781,1,140,1788683389.327761
1788683427.752800,38.416000,gate_sweep_poor_none_r20,0.011050974950194359,0.006848827935755253,-0.0022455155849456787,0.01085988903476537,0.0,0.0,0.0,0.0,0.013193666347366781,0.01085988903476537,1,140,1788683389.3367822
1788683427.797316,38.448000,gate_sweep_poor_none_r20,0.011146465316414833,0.007367127574980259,-0.0023638010025024414,0.010781532919169055,0.0,0.0,0.0,0.0,0.01356855972222199,0.010781532919169055,1,140,1788683389.3492992
1788683427.845735,38.480000,gate_sweep_poor_none_r20,0.0112219899892807,0.007770877797156572,-0.0024774372577667236,0.010514857900426444,0.0,0.0,0.0,0.0,0.013872897910098955,0.010514857900426444,1,140,1788683389.365718
1788683427.889201,38.512000,gate_sweep_poor_none_r20,0.011242089793086052,0.008067221380770206,-0.002558693289756775,0.00996460722370361,0.0,0.0,0.0,0.0,0.014071657865127757,0.00996460722370361,1,140,1788683389.3771846
1788683427.939227,38.548000,gate_sweep_poor_none_r20,0.011213069781661034,0.008600376546382904,-0.0026597976684570312,0.009981423195060861,0.0,0.0,0.0,0.0,0.014379636097798248,0.009981423195060861,1,140,1788683389.3912096
1788683427.987389,38.580000,gate_sweep_poor_none_r20,0.011112868785858154,0.009092091582715511,-0.0026679784059524536,0.009670558448805065,0.0,0.0,0.0,0.0,0.014604112118674498,0.009670558448805067,1,140,1788683389.4073691
1788683428.032010,38.612000,gate_sweep_poor_none_r20,0.010945180431008339,0.009606223087757826,-0.002611100673675537,0.009427781305311224,0.0,0.0,0.0,0.0,0.014795078350828975,0.009427781305311224,1,140,1788683389.4199932
1788683428.076967,38.644000,gate_sweep_poor_none_r20,0.010700332000851631,0.010290986858308315,-0.0024647563695907593,0.009376006788489433,0.0,0.0,0.0,0.0,0.015049137497137906,0.009376006788489433,1,140,1788683389.4329457
1788683428.122237,38.680000,gate_sweep_poor_none_r20,0.010458877310156822,0.010892791673541069,-0.0023065656423568726,0.009834235031656851,0.0,0.0,0.0,0.0,0.015276166734314601,0.009834235031656851,1,140,1788683389.442219
1788683428.168155,38.712000,gate_sweep_poor_none_r20,0.010267125442624092,0.01139118056744337,-0.0021723508834838867,0.010243951726785088,0.0,0.0,0.0,0.0,0.015488446272484909,0.010243951726785088,1,140,1788683389.456137
1788683428.215685,38.744000,gate_sweep_poor_none_r20,0.010030483826994896,0.012093015247955918,-0.002000957727432251,0.01006566438701875,0.0,0.0,0.0,0.0,0.015838417074249288,0.01006566438701875,1,140,1788683389.471666
1788683428.263245,38.776000,gate_sweep_poor_none_r20,0.009729843586683273,0.013081125798635185,-0.0017351210117340088,0.010389850169225097,0.0,0.0,0.0,0.0,0.01639501001239101,0.010389850169225097,1,140,1788683389.4872277
1788683428.309146,38.812000,gate_sweep_poor_none_r20,0.009471183642745018,0.013952163746580482,-0.0015456080436706543,0.011370250869587576,0.0,0.0,0.0,0.0,0.01693384472087349,0.011370250869587576,1,140,1788683389.497128
1788683428.357027,38.844000,gate_sweep_poor_none_r20,0.00918729417026043,0.014871527790091932,-0.0013451427221298218,0.010744682572925886,0.0,0.0,0.0,0.0,0.0175322024265429,0.010744682572925886,1,140,1788683389.5130086
1788683428.412367,38.876000,gate_sweep_poor_none_r20,0.008985523134469986,0.015581311658024788,-0.001217469573020935,0.011154183197748501,0.0,0.0,0.0,0.0,0.018027732279624807,0.011154183197748501,1,140,1788683389.536351
1788683428.510910,38.908000,gate_sweep_poor_none_r20,0.008668167516589165,0.016755053540691733,-0.0009961426258087158,0.011068446605937006,0.0,0.0,0.0,0.0,0.018890771487105846,0.011068446605937006,1,140,1788683389.6028924
1788683428.555870,38.944000,gate_sweep_poor_none_r20,0.008424442261457443,0.01769342925399542,-0.0007900893688201904,0.011478137359425196,0.0,0.0,0.0,0.0,0.019612570137376023,0.011478137359425196,1,140,1788683389.611847
1788683428.601237,38.976000,gate_sweep_poor_none_r20,0.008236415684223175,0.01837940514087677,-0.0006637275218963623,0.012109769568405152,0.0,0.0,0.0,0.0,0.020151466717813066,0.012109769568405152,1,140,1788683389.6252193
1788683428.645605,39.008000,gate_sweep_poor_none_r20,0.007924742996692657,0.01948644407093525,-0.00038518011569976807,0.012235994122701686,0.0,0.0,0.0,0.0,0.021039758026527952,0.012235994122701686,1,140,1788683389.6375854
1788683428.689986,39.040000,gate_sweep_poor_none_r20,0.007647262886166573,0.020368967205286026,-9.606778621673584e-05,0.011654704244389141,0.0,0.0,0.0,0.0,0.021757405260731503,0.011654704244389141,1,140,1788683389.6499665
1788683428.734915,39.076000,gate_sweep_poor_none_r20,0.00730869360268116,0.021256683859974146,0.0003921389579772949,0.012775173248857193,0.0,0.0,0.0,0.0,0.022481489805240253,0.012775173248857193,1,140,1788683389.6589005
1788683428.781411,39.108000,gate_sweep_poor_none_r20,0.0067849792540073395,0.02231582347303629,0.0010170191526412964,0.014271772202128677,0.0,0.0,0.0,0.0,0.023346653908298435,0.014271772202128677,1,140,1788683389.6733947
1788683428.828958,39.140000,gate_sweep_poor_none_r20,0.006318770349025726,0.02312199119478464,0.0015187561511993408,0.015201206735206951,0.0,0.0,0.0,0.0,0.024017909063493246,0.015201206735206951,1,140,1788683389.6889377
1788683428.879175,39.172000,gate_sweep_poor_none_r20,0.005945069715380669,0.02370239607989788,0.0018539279699325562,0.01589437585086382,0.0,0.0,0.0,0.0,0.024506825228225566,0.01589437585086382,1,140,1788683389.7071612
1788683428.926032,39.208000,gate_sweep_poor_none_r20,0.005305211991071701,0.02460209559649229,0.002482205629348755,0.01714835812471721,0.0,0.0,0.0,0.0,0.02528971583065984,0.01714835812471721,1,140,1788683389.718015
1788683428.971092,39.240000,gate_sweep_poor_none_r20,0.004796825349330902,0.025260891765356064,0.0030554234981536865,0.017192413392945406,0.0,0.0,0.0,0.0,0.02589319985954009,0.017192413392945406,1,140,1788683389.7310758
1788683429.015309,39.272000,gate_sweep_poor_none_r20,0.004318665713071823,0.025889468379318714,0.0035765618085861206,0.01740106138665291,0.0,0.0,0.0,0.0,0.026489757282309,0.01740106138665291,1,140,1788683389.7432933
1788683429.059657,39.304000,gate_sweep_poor_none_r20,0.003743458539247513,0.02662650402635336,0.004330992698669434,0.017879647484853715,0.0,0.0,0.0,0.0,0.027234935216673542,0.017879647484853715,1,140,1788683389.755641
1788683429.106375,39.340000,gate_sweep_poor_none_r20,0.0033377129584550858,0.02714395895600319,0.005024775862693787,0.019129820255747793,0.0,0.0,0.0,0.0,0.027806172121824586,0.019129820255747793,1,140,1788683389.7663565
1788683429.150768,39.372000,gate_sweep_poor_none_r20,0.0030837953090667725,0.027471086010336876,0.005562573671340942,0.018996731543725862,0.0,0.0,0.0,0.0,0.028197740795046757,0.018996731543725862,1,140,1788683389.7787514
1788683429.196194,39.404000,gate_sweep_poor_none_r20,0.0028119757771492004,0.02783751767128706,0.006279602646827698,0.01919170732428436,0.0,0.0,0.0,0.0,0.02867521590629334,0.01919170732428436,1,140,1788683389.7921758
1788683429.241759,39.436000,gate_sweep_poor_none_r20,0.0025535263121128082,0.02816610224545002,0.007131040096282959,0.018658866248604716,0.0,0.0,0.0,0.0,0.029166788393352332,0.018658866248604716,1,140,1788683389.805741
1788683429.286140,39.472000,gate_sweep_poor_none_r20,0.002434270456433296,0.02829541452229023,0.007693946361541748,0.01797197396996896,0.0,0.0,0.0,0.0,0.029423680365609915,0.01797197396996896,1,140,1788683389.8141224
1788683429.330735,39.504000,gate_sweep_poor_none_r20,0.002323593944311142,0.02826471347361803,0.008162006735801697,0.017077177030345597,0.0,0.0,0.0,0.0,0.029511209235120073,0.017077177030345597,1,140,1788683389.8267171
1788683429.374075,39.536000,gate_sweep_poor_none_r20,0.0022308602929115295,0.02817261777818203,0.008430197834968567,0.016646325735992396,0.0,0.0,0.0,0.0,0.029491377818927623,0.0166463257359924,1,140,1788683389.8380568
1788683429.418147,39.568000,gate_sweep_poor_none_r20,0.002019273117184639,0.027828666381537914,0.008856803178787231,0.016506692656639798,0.0,0.0,0.0,0.0,0.029273795432852547,0.016506692656639798,1,140,1788683389.8501291
1788683429.461244,39.604000,gate_sweep_poor_none_r20,0.0018001087009906769,0.02741391211748123,0.009186536073684692,0.016398146140142955,0.0,0.0,0.0,0.0,0.028968179334460716,0.016398146140142955,1,140,1788683389.8572247
1788683429.513551,39.636000,gate_sweep_poor_none_r20,0.0015365220606327057,0.026869961991906166,0.009518146514892578,0.015739153385573725,0.0,0.0,0.0,0.0,0.028547344369805307,0.015739153385573725,1,140,1788683389.877535
1788683429.560995,39.668000,gate_sweep_poor_none_r20,0.001188088208436966,0.02605590969324112,0.010000646114349365,0.01672339795464255,0.0,0.0,0.0,0.0,0.02793447522753586,0.016723397954642553,1,140,1788683389.8929791
1788683429.608076,39.700000,gate_sweep_poor_none_r20,0.0008842814713716507,0.02538414765149355,0.010423094034194946,0.016713252306825577,0.0,0.0,0.0,0.0,0.02745501402219833,0.016713252306825577,1,140,1788683389.9080586
1788683429.653292,39.736000,gate_sweep_poor_none_r20,0.0006407871842384338,0.024852563627064228,0.01076403260231018,0.01657000915663007,0.0,0.0,0.0,0.0,0.02709104879690627,0.01657000915663007,1,140,1788683389.9172704
1788683429.699139,39.768000,gate_sweep_poor_none_r20,0.00021282769739627838,0.02394587080925703,0.011381566524505615,0.01667632354296033,0.0,0.0,0.0,0.0,0.02651396011527048,0.01667632354296033,1,140,1788683389.9311237
1788683429.744968,39.800000,gate_sweep_poor_none_r20,-0.00013107992708683014,0.023221089504659176,0.011890798807144165,0.016997573341641144,0.0,0.0,0.0,0.0,0.026088834316670008,0.01699757334164114,1,140,1788683389.9449518
1788683429.790856,39.832000,gate_sweep_poor_none_r20,-0.0004616566002368927,0.02249422948807478,0.012411355972290039,0.01771528452384923,0.0,0.0,0.0,0.0,0.0256952377718054,0.01771528452384923,1,140,1788683389.9588382
1788683429.837098,39.868000,gate_sweep_poor_none_r20,-0.0008108522742986679,0.02166802529245615,0.013070523738861084,0.017862697485908158,0.0,0.0,0.0,0.0,0.02531796580085742,0.017862697485908158,1,140,1788683389.9690802
1788683429.883723,39.900000,gate_sweep_poor_none_r20,-0.0010464508086442947,0.021056488621979952,0.013594299554824829,0.01851578341658894,0.0,0.0,0.0,0.0,0.025085369297038345,0.01851578341658894,1,140,1788683389.9837072
1788683429.929164,39.932000,gate_sweep_poor_none_r20,-0.001216784119606018,0.020595788024365902,0.013950437307357788,0.018846933178468698,0.0,0.0,0.0,0.0,0.02490545620953086,0.018846933178468698,1,140,1788683389.997147
1788683429.977265,39.964000,gate_sweep_poor_none_r20,-0.0015082210302352905,0.01986604230478406,0.014577358961105347,0.019660245223784057,0.0,0.0,0.0,0.0,0.024686712251987552,0.019660245223784057,1,140,1788683390.013247
1788683430.021038,40.000000,gate_sweep_poor_none_r20,-0.001766849309206009,0.01934685232117772,0.015120059251785278,0.0205827102658363,0.0,0.0,0.0,0.0,0.024617852119882416,0.0205827102658363,1,140,1788683390.0210168
1788683430.069968,40.032000,gate_sweep_poor_none_r20,-0.002020718529820442,0.01889511663466692,0.015650391578674316,0.021375879812663694,0.0,0.0,0.0,0.0,0.024617950616984068,0.021375879812663694,1,140,1788683390.03795
1788683430.119138,40.064000,gate_sweep_poor_none_r20,-0.00225277803838253,0.018530033994466066,0.016189366579055786,0.02259206912837061,0.0,0.0,0.0,0.0,0.024708961106394884,0.02259206912837061,1,140,1788683390.0551186
1788683430.167782,40.096000,gate_sweep_poor_none_r20,-0.002513924613595009,0.018216887023299932,0.016878128051757812,0.023346449360504156,0.0,0.0,0.0,0.0,0.02496088933339608,0.023346449360504153,1,140,1788683390.0717652
1788683430.213582,40.132000,gate_sweep_poor_none_r20,-0.0026536360383033752,0.018062745220959187,0.017286360263824463,0.023305333792398908,0.0,0.0,0.0,0.0,0.0251420524283877,0.023305333792398904,1,140,1788683390.081568
1788683430.259274,40.164000,gate_sweep_poor_none_r20,-0.0028272345662117004,0.017865271773189306,0.01782137155532837,0.023893156975174433,0.0,0.0,0.0,0.0,0.025392173497661912,0.023893156975174433,1,140,1788683390.0952554
1788683430.306826,40.196000,gate_sweep_poor_none_r20,-0.0029934104532003403,0.0176857840269804,0.018356740474700928,0.024548884476937947,0.0,0.0,0.0,0.0,0.02566549013063743,0.024548884476937947,1,140,1788683390.1107986
1788683430.351537,40.228000,gate_sweep_poor_none_r20,-0.0031748078763484955,0.017469529761001468,0.01899641752243042,0.024187363437780524,0.0,0.0,0.0,0.0,0.026002456687950502,0.024187363437780524,1,140,1788683390.1235192
1788683430.396056,40.264000,gate_sweep_poor_none_r20,-0.0032521672546863556,0.017285934882238507,0.019598692655563354,0.02398874822564836,0.0,0.0,0.0,0.0,0.026334177230600487,0.02398874822564836,1,140,1788683390.1320379
1788683430.443487,40.296000,gate_sweep_poor_none_r20,-0.00325758196413517,0.017139553325250745,0.0200861394405365,0.024299778686594622,0.0,0.0,0.0,0.0,0.026605058279711557,0.024299778686594622,1,140,1788683390.147467
1788683430.488394,40.328000,gate_sweep_poor_none_r20,-0.0032126735895872116,0.016880305483937263,0.020908504724502563,0.02439148227103013,0.0,0.0,0.0,0.0,0.027063472701019352,0.02439148227103013,1,140,1788683390.1603782
1788683430.535126,40.360000,gate_sweep_poor_none_r20,-0.0031197145581245422,0.01665867888368666,0.021541088819503784,0.025467357733204504,0.0,0.0,0.0,0.0,0.02740917197953475,0.0254673577332045,1,140,1788683390.1751077
1788683430.579578,40.396000,gate_sweep_poor_none_r20,-0.002967260777950287,0.016440552659332752,0.02215901017189026,0.025214948033803784,0.0,0.0,0.0,0.0,0.027751002505613943,0.025214948033803784,1,140,1788683390.1835604
1788683430.628757,40.428000,gate_sweep_poor_none_r20,-0.0027064308524131775,0.016193006886169314,0.022932499647140503,0.024599997927434444,0.0,0.0,0.0,0.0,0.0282035065202985,0.024599997927434444,1,140,1788683390.2007396
1788683430.673162,40.460000,gate_sweep_poor_none_r20,-0.0024558119475841522,0.016052250284701586,0.02353993058204651,0.024077521898817678,0.0,0.0,0.0,0.0,0.02859779857492824,0.024077521898817678,1,140,1788683390.2131445
1788683430.715806,40.492000,gate_sweep_poor_none_r20,-0.0022362731397151947,0.015974048990756273,0.023977130651474,0.024094370789262562,0.0,0.0,0.0,0.0,0.02889764614968401,0.024094370789262562,1,140,1788683390.2237854
1788683430.760077,40.528000,gate_sweep_poor_none_r20,-0.0018735285848379135,0.01583084068261087,0.024645566940307617,0.02318219481672178,0.0,0.0,0.0,0.0,0.02935182440472135,0.02318219481672178,1,140,1788683390.232061
1788683430.806122,40.560000,gate_sweep_poor_none_r20,-0.001605793833732605,0.015714303590357304,0.025162190198898315,0.022556985131480703,0.0,0.0,0.0,0.0,0.029709488833904642,0.022556985131480703,1,140,1788683390.2461023
1788683430.849281,40.592000,gate_sweep_poor_none_r20,-0.0013449843972921371,0.015594312222674489,0.025653868913650513,0.02168566960812192,0.0,0.0,0.0,0.0,0.030051831008542196,0.02168566960812192,1,140,1788683390.2572641
1788683430.894430,40.624000,gate_sweep_poor_none_r20,-0.001011192798614502,0.015423576813191175,0.02620452642440796,0.022175253882461235,0.0,0.0,0.0,0.0,0.030423452100573223,0.022175253882461235,1,140,1788683390.2704144
1788683430.943584,40.660000,gate_sweep_poor_none_r20,-0.0007278583943843842,0.015250499825924635,0.026505589485168457,0.021270054425428904,0.0,0.0,0.0,0.0,0.03058845855447894,0.021270054425428904,1,140,1788683390.2835703
1788683430.991290,40.692000,gate_sweep_poor_none_r20,-0.0005218759179115295,0.015095298644155264,0.026710450649261475,0.021325015673966125,0.0,0.0,0.0,0.0,0.03068531520966608,0.021325015673966125,1,140,1788683390.2992733
1788683431.035520,40.724000,gate_sweep_poor_none_r20,-0.00024021975696086884,0.014889913611114025,0.02694573998451233,0.02081645888875979,0.0,0.0,0.0,0.0,0.030787012459656093,0.02081645888875979,1,140,1788683390.3115034
1788683431.080247,40.756000,gate_sweep_poor_none_r20,0.00015003979206085205,0.01464899757411331,0.027283161878585815,0.019812095914963045,0.0,0.0,0.0,0.0,0.03096750819744297,0.019812095914963045,1,140,1788683390.3242302
1788683431.125132,40.792000,gate_sweep_poor_none_r20,0.0004896149039268494,0.014475276577286422,0.027576923370361328,0.019473899838704917,0.0,0.0,0.0,0.0,0.031148997693631574,0.019473899838704917,1,140,1788683390.3331149
1788683431.170796,40.824000,gate_sweep_poor_none_r20,0.0008013006299734116,0.014326470613013953,0.027865171432495117,0.018551289905213524,0.0,0.0,0.0,0.0,0.03134258479907951,0.018551289905213524,1,140,1788683390.3467798
1788683431.215710,40.856000,gate_sweep_poor_none_r20,0.0010202005505561829,0.014218375377822667,0.0280437171459198,0.01911556347266004,0.0,0.0,0.0,0.0,0.031458752024013686,0.01911556347266004,1,140,1788683390.3596942
1788683431.258657,40.888000,gate_sweep_poor_none_r20,0.0013469569385051727,0.014026566699612886,0.028221219778060913,0.019371723423962796,0.0,0.0,0.0,0.0,0.03154355896430352,0.019371723423962796,1,140,1788683390.3706431
1788683431.302876,40.924000,gate_sweep_poor_none_r20,0.001533636823296547,0.01383975418866612,0.028268545866012573,0.018463455077805006,0.0,0.0,0.0,0.0,0.03151192668319932,0.018463455077805006,1,140,1788683390.378851
1788683431.349018,40.956000,gate_sweep_poor_none_r20,0.0016419701278209686,0.013585351302026538,0.02826559543609619,0.0181630824178276,0.0,0.0,0.0,0.0,0.03140384882872149,0.0181630824178276,1,140,1788683390.3930016
1788683431.394809,40.988000,gate_sweep_poor_none_r20,0.0017120279371738434,0.013216823252150789,0.02817782759666443,0.017585533816301277,0.0,0.0,0.0,0.0,0.031170585888038758,0.017585533816301277,1,140,1788683390.4067929
1788683431.438580,41.020000,gate_sweep_poor_none_r20,0.0017403531819581985,0.012854600965511054,0.02800491452217102,0.017838711786982576,0.0,0.0,0.0,0.0,0.030863325040808146,0.017838711786982573,1,140,1788683390.4185636
1788683431.482952,41.056000,gate_sweep_poor_none_r20,0.001745140179991722,0.012545298784971237,0.027859807014465332,0.017408022898112517,0.0,0.0,0.0,0.0,0.030603903063747835,0.017408022898112514,1,140,1788683390.426937
1788683431.532147,41.088000,gate_sweep_poor_none_r20,0.0017281416803598404,0.011989522958174348,0.027627170085906982,0.017247913547499678,0.0,0.0,0.0,0.0,0.030166134346111043,0.017247913547499678,1,140,1788683390.4441304
1788683431.580457,41.120000,gate_sweep_poor_none_r20,0.001675982028245926,0.011565862223505974,0.02744784951210022,0.016885130925124517,0.0,0.0,0.0,0.0,0.029832239734405228,0.016885130925124517,1,140,1788683390.460439
1788683431.624485,41.152000,gate_sweep_poor_none_r20,0.0015759039670228958,0.011177062289789319,0.027206212282180786,0.01718952934498034,0.0,0.0,0.0,0.0,0.02945484988055776,0.01718952934498034,1,140,1788683390.4724672
1788683431.669635,41.188000,gate_sweep_poor_none_r20,0.0014152079820632935,0.010662995744496584,0.02679663896560669,0.01787283363165661,0.0,0.0,0.0,0.0,0.02887493985678098,0.01787283363165661,1,140,1788683390.4816132
1788683431.717885,41.220000,gate_sweep_poor_none_r20,0.0012449193745851517,0.010172056267037988,0.026456892490386963,0.01760320551223237,0.0,0.0,0.0,0.0,0.028372305390942383,0.01760320551223237,1,140,1788683390.4978492
1788683431.763315,41.252000,gate_sweep_poor_none_r20,0.0011117029935121536,0.009737809421494603,0.02617257833480835,0.018081423252735485,0.0,0.0,0.0,0.0,0.02794753428420497,0.018081423252735485,1,140,1788683390.511297
1788683431.811045,41.284000,gate_sweep_poor_none_r20,0.0008950904011726379,0.008878084365278482,0.02574479579925537,0.018942638921347003,0.0,0.0,0.0,0.0,0.02724731325412894,0.018942638921347003,1,140,1788683390.5270243
1788683431.855313,41.320000,gate_sweep_poor_none_r20,0.0007240530103445053,0.008033350575715303,0.02532804012298584,0.01899410002873168,0.0,0.0,0.0,0.0,0.02658135795450855,0.01899410002873168,1,140,1788683390.5352979
1788683431.901126,41.352000,gate_sweep_poor_none_r20,0.0005362611263990402,0.007110727485269308,0.024885445833206177,0.021478172835836407,0.0,0.0,0.0,0.0,0.025886974247348604,0.02147817283583641,1,140,1788683390.549111
1788683431.944836,41.384000,gate_sweep_poor_none_r20,0.00031792186200618744,0.006175741087645292,0.024494975805282593,0.022048344512169263,0.0,0.0,0.0,0.0,0.025263505140683692,0.022048344512169263,1,140,1788683390.560818
1788683431.989089,41.416000,gate_sweep_poor_none_r20,-4.9212947487831116e-05,0.0050167180597782135,0.023918330669403076,0.02290632972423561,0.0,0.0,0.0,0.0,0.024438830250574865,0.02290632972423561,1,140,1788683390.5730712
1788683432.039054,41.452000,gate_sweep_poor_none_r20,-0.0003469698131084442,0.004329534247517586,0.02358841896057129,0.024071166428479604,0.0,0.0,0.0,0.0,0.02398496954159157,0.024071166428479604,1,140,1788683390.5870366
1788683432.084083,41.484000,gate_sweep_poor_none_r20,-0.0008288267999887466,0.0034059779718518257,0.023202449083328247,0.024932735912656694,0.0,0.0,0.0,0.0,0.023465747021425915,0.024932735912656694,1,140,1788683390.6000535
1788683432.132072,41.516000,gate_sweep_poor_none_r20,-0.0014082342386245728,0.0025182710960507393,0.022831708192825317,0.025373432162901267,0.0,0.0,0.0,0.0,0.023013294244552774,0.02537343216290127,1,140,1788683390.6160543
1788683432.178561,41.548000,gate_sweep_poor_none_r20,-0.002209531143307686,0.0015594037249684334,0.02230745553970337,0.026303233469120908,0.0,0.0,0.0,0.0,0.022470788604464564,0.026303233469120908,1,140,1788683390.6305413
1788683432.222393,41.584000,gate_sweep_poor_none_r20,-0.002937912940979004,0.0009069833904504776,0.021731942892074585,0.026966434544951883,0.0,0.0,0.0,0.0,0.02194837791691486,0.02696643454495188,1,140,1788683390.638379
1788683432.266110,41.616000,gate_sweep_poor_none_r20,-0.0035437550395727158,0.0005028536543250084,0.021338433027267456,0.026815369803839077,0.0,0.0,0.0,0.0,0.021636538208256506,0.026815369803839077,1,140,1788683390.65009
1788683432.310884,41.648000,gate_sweep_poor_none_r20,-0.0045993756502866745,-6.632599979639053e-05,0.020745515823364258,0.027819270246524832,0.0,0.0,0.0,0.0,0.021249354867575527,0.027819270246524832,1,140,1788683390.662858
1788683432.355678,41.680000,gate_sweep_poor_none_r20,-0.005498222075402737,-0.0004095733165740967,0.020326614379882812,0.028014139142903682,0.0,0.0,0.0,0.0,0.02106108849135187,0.028014139142903682,1,140,1788683390.6756601
1788683432.401098,41.716000,gate_sweep_poor_none_r20,-0.0064358944073319435,-0.0006313258782029152,0.019952863454818726,0.028813352349596266,0.0,0.0,0.0,0.0,0.020974653018189737,0.028813352349596266,1,140,1788683390.6850786
1788683432.449443,41.748000,gate_sweep_poor_none_r20,-0.0076103126630187035,-0.0007399935275316238,0.01954391598701477,0.029677152201835515,0.0,0.0,0.0,0.0,0.02098640277315727,0.029677152201835515,1,140,1788683390.7014232
1788683432.496595,41.780000,gate_sweep_poor_none_r20,-0.008520937524735928,-0.0007026325911283493,0.01929304003715515,0.02972760322072102,0.0,0.0,0.0,0.0,0.021102641131712407,0.02972760322072102,1,140,1788683390.716578
1788683432.546065,41.812000,gate_sweep_poor_none_r20,-0.009150366298854351,-0.0006004944443702698,0.01909467577934265,0.03007552805518073,0.0,0.0,0.0,0.0,0.021182455950600816,0.03007552805518073,1,128,1788683390.7340477
1788683432.591620,41.848000,gate_sweep_poor_none_r20,-0.010098623111844063,-0.0003379080444574356,0.018748492002487183,0.029214132821777285,0.0,0.0,0.0,0.0,0.021297941754284754,0.029214132821777285,1,119,1788683390.7436028
1788683432.636520,41.880000,gate_sweep_poor_none_r20,-0.010783078148961067,-8.824095129966736e-05,0.018480628728866577,0.027850295492479096,0.0,0.0,0.0,0.0,0.021396639900841827,0.027850295492479096,1,112,1788683390.756503
1788683432.685420,41.912000,gate_sweep_poor_none_r20,-0.011409958824515343,0.00017789006233215332,0.018229365348815918,0.027483995152928722,0.0,0.0,0.0,0.0,0.021506477309685624,0.027483995152928726,1,105,1788683390.7734005
1788683432.729016,41.944000,gate_sweep_poor_none_r20,-0.012081383261829615,0.000538940541446209,0.017992258071899414,0.027630664134239282,0.0,0.0,0.0,0.0,0.021678829049380427,0.027630664134239282,1,100,1788683390.7849998
1788683432.772928,41.980000,gate_sweep_poor_none_r20,-0.012480110861361027,0.0008852509781718254,0.017840921878814697,0.026847931137261655,0.0,0.0,0.0,0.0,0.021790716598868075,0.026847931137261655,1,100,1788683390.7929099
1788683432.821124,42.012000,gate_sweep_poor_none_r20,-0.012723918072879314,0.0011760741472244263,0.017771393060684204,0.026802862455162592,0.0,0.0,0.0,0.0,0.021888436509774956,0.026802862455162595,1,96,1788683390.8091009
1788683432.865447,42.044000,gate_sweep_poor_none_r20,-0.013002082239836454,0.001608903519809246,0.017728149890899658,0.025747476120561757,0.0,0.0,0.0,0.0,0.022043820260148436,0.025747476120561757,1,95,1788683390.821429
1788683432.913957,42.076000,gate_sweep_poor_none_r20,-0.013298203703016043,0.0022332267835736275,0.017739057540893555,0.025187372415314133,0.0,0.0,0.0,0.0,0.02228236266720638,0.025187372415314133,1,93,1788683390.8379383
1788683432.959266,42.112000,gate_sweep_poor_none_r20,-0.013509364798665047,0.00280168280005455,0.017786413431167603,0.02359497420425308,0.0,0.0,0.0,0.0,0.022510194724167782,0.023594974204253077,1,93,1788683390.8472483
1788683433.002962,42.144000,gate_sweep_poor_none_r20,-0.013692032545804977,0.0034623797982931137,0.017843931913375854,0.022737198485641204,0.0,0.0,0.0,0.0,0.02275666353471449,0.022737198485641204,1,92,1788683390.8589454
1788683433.046600,42.176000,gate_sweep_poor_none_r20,-0.013832008931785822,0.00397601630538702,0.017827630043029785,0.021561996508186562,0.0,0.0,0.0,0.0,0.02291195255103424,0.021561996508186566,1,90,1788683390.8705828
1788683433.091818,42.208000,gate_sweep_poor_none_r20,-0.014101183507591486,0.004882635548710823,0.017843157052993774,0.020495748514492252,0.0,0.0,0.0,0.0,0.02326073429266811,0.020495748514492252,1,90,1788683390.8838027
1788683433.142455,42.244000,gate_sweep_poor_none_r20,-0.014344252645969391,0.005683795548975468,0.017869949340820312,0.018442243103997814,0.0,0.0,0.0,0.0,0.023609282184290092,0.018442243103997814,1,90,1788683390.8984356
1788683433.185675,42.276000,gate_sweep_poor_none_r20,-0.014616275671869516,0.006571982055902481,0.01800847053527832,0.01782703219150292,0.0,0.0,0.0,0.0,0.02410666865577192,0.01782703219150292,1,89,1788683390.9096587
1788683433.234678,42.308000,gate_sweep_poor_none_r20,-0.014979689847677946,0.007764230947941542,0.0181826651096344,0.01671628429596507,0.0,0.0,0.0,0.0,0.024804912832636906,0.01671628429596507,1,89,1788683390.9266613
1788683433.279282,42.340000,gate_sweep_poor_none_r20,-0.015310234855860472,0.008779033087193966,0.01835682988166809,0.015927062009607647,0.0,0.0,0.0,0.0,0.02546464051566709,0.015927062009607647,1,88,1788683390.939266
1788683433.325650,42.376000,gate_sweep_poor_none_r20,-0.015609252732247114,0.00955221289768815,0.018552273511886597,0.015342883499707053,0.0,0.0,0.0,0.0,0.026059171025989543,0.015342883499707053,1,85,1788683390.949626
1788683433.368475,42.408000,gate_sweep_poor_none_r20,-0.016209399327635765,0.010830031475052238,0.018875449895858765,0.01426245945911656,0.0,0.0,0.0,0.0,0.027135158320607887,0.01426245945911656,1,85,1788683390.9604604
1788683433.413459,42.440000,gate_sweep_poor_none_r20,-0.016759244725108147,0.011844201595522463,0.019107520580291748,0.014593523003240407,0.0,0.0,0.0,0.0,0.028040234270021974,0.014593523003240407,1,85,1788683390.9734423
1788683433.458792,42.472000,gate_sweep_poor_none_r20,-0.01738958526402712,0.012875279528088868,0.019301772117614746,0.013855527565895689,0.0,0.0,0.0,0.0,0.02899532557950718,0.013855527565895689,1,84,1788683390.986776
1788683433.501783,42.508000,gate_sweep_poor_none_r20,-0.018287918181158602,0.014169716159813106,0.01950344443321228,0.012587261479201415,0.0,0.0,0.0,0.0,0.03025910032056173,0.012587261479201415,1,84,1788683390.9937637
1788683433.546511,42.540000,gate_sweep_poor_none_r20,-0.019098975404631346,0.015174554893746972,0.019629955291748047,0.011117965674567869,0.0,0.0,0.0,0.0,0.03131091059816179,0.011117965674567867,1,83,1788683391.006493
1788683433.590181,42.572000,gate_sweep_poor_none_r20,-0.01973338743846398,0.01591130904853344,0.01969003677368164,0.009979852329167758,0.0,0.0,0.0,0.0,0.03209787973657147,0.00997985232916776,1,82,1788683391.0181663
1788683433.635707,42.604000,gate_sweep_poor_none_r20,-0.02081138384528458,0.017096193740144372,0.019800156354904175,0.009159676614836722,0.0,0.0,0.0,0.0,0.03342812782126716,0.009159676614836722,1,82,1788683391.0316923
1788683433.685327,42.640000,gate_sweep_poor_none_r20,-0.021729525411501527,0.0180105515755713,0.0199146568775177,0.008499680394781248,0.0,0.0,0.0,0.0,0.03454194263811269,0.008499680394781248,1,82,1788683391.0453062
1788683433.732176,42.672000,gate_sweep_poor_none_r20,-0.022674197796732187,0.01888048369437456,0.0200192928314209,0.008762804801445152,0.0,0.0,0.0,0.0,0.03565619154829998,0.008762804801445152,1,82,1788683391.06016
1788683433.778229,42.704000,gate_sweep_poor_none_r20,-0.023624465335160494,0.019706343300640583,0.020154237747192383,0.009237194910926944,0.0,0.0,0.0,0.0,0.03677837173972301,0.009237194910926944,1,82,1788683391.0742095
1788683433.823048,42.736000,gate_sweep_poor_none_r20,-0.024828744120895863,0.02069001505151391,0.020324498414993286,0.009483297678828181,0.0,0.0,0.0,0.0,0.038178901153305314,0.009483297678828181,1,82,1788683391.0870318
1788683433.868294,42.772000,gate_sweep_poor_none_r20,-0.025533721316605806,0.0212539192289114,0.020432740449905396,0.009274570707868874,0.0,0.0,0.0,0.0,0.039002524138270586,0.009274570707868874,1,82,1788683391.0962772
1788683433.912450,42.804000,gate_sweep_poor_none_r20,-0.026440943125635386,0.02197069674730301,0.020571112632751465,0.01034401976726569,0.0,0.0,0.0,0.0,0.040062521936148544,0.01034401976726569,1,82,1788683391.1084332
1788683433.960490,42.836000,gate_sweep_poor_none_r20,-0.0273253140039742,0.022629874758422375,0.020715802907943726,0.01094193680097309,0.0,0.0,0.0,0.0,0.041084407104380126,0.01094193680097309,1,81,1788683391.1244738
1788683434.004257,42.868000,gate_sweep_poor_none_r20,-0.02839956432580948,0.023320223204791546,0.020831972360610962,0.012141356726586389,0.0,0.0,0.0,0.0,0.04224143861956346,0.012141356726586389,1,80,1788683391.136235
1788683434.049402,42.904000,gate_sweep_poor_none_r20,-0.029248015023767948,0.02376654092222452,0.020863085985183716,0.011775558239889199,0.0,0.0,0.0,0.0,0.04307624875802787,0.011775558239889197,1,80,1788683391.145383
1788683434.095500,42.936000,gate_sweep_poor_none_r20,-0.029869080521166325,0.02406771294772625,0.020863831043243408,0.01241818688297652,0.0,0.0,0.0,0.0,0.043665961841176416,0.01241818688297652,1,80,1788683391.1594849
1788683434.141514,42.968000,gate_sweep_poor_none_r20,-0.03084495384246111,0.024537605233490467,0.020893245935440063,0.012899654749856717,0.0,0.0,0.0,0.0,0.04460978562890611,0.012899654749856715,1,80,1788683391.1734943
1788683434.186207,43.000000,gate_sweep_poor_none_r20,-0.03156392555683851,0.024893644265830517,0.020915627479553223,0.012954424645280013,0.0,0.0,0.0,0.0,0.045314880494764655,0.012954424645280013,1,80,1788683391.1861897
1788683434.233907,43.036000,gate_sweep_poor_none_r20,-0.032226063311100006,0.025257881730794907,0.020941942930221558,0.013053777408739012,0.0,0.0,0.0,0.0,0.04598961534684222,0.013053777408739012,1,80,1788683391.1978896
1788683434.278925,43.068000,gate_sweep_poor_none_r20,-0.0329557815566659,0.025725869461894035,0.02107897400856018,0.014495850817095335,0.0,0.0,0.0,0.0,0.046821224277400604,0.014495850817095335,1,80,1788683391.2109056
1788683434.323568,43.100000,gate_sweep_poor_none_r20,-0.03346477448940277,0.026157859712839127,0.02118048071861267,0.014321508543686958,0.0,0.0,0.0,0.0,0.04746301212370194,0.014321508543686958,1,80,1788683391.223551
1788683434.371473,43.132000,gate_sweep_poor_none_r20,-0.033765463158488274,0.0265322457998991,0.02123311161994934,0.014020568829828096,0.0,0.0,0.0,0.0,0.04790523560696388,0.014020568829828096,1,79,1788683391.2394557
1788683434.415822,43.168000,gate_sweep_poor_none_r20,-0.03412584215402603,0.027260931208729744,0.021313786506652832,0.013904809091540894,0.0,0.0,0.0,0.0,0.0486005037868927,0.013904809091540892,1,79,1788683391.247806
1788683434.460895,43.200000,gate_sweep_poor_none_r20,-0.03428496979176998,0.02793972473591566,0.021346360445022583,0.012524352232078217,0.0,0.0,0.0,0.0,0.04910961694200172,0.012524352232078217,1,79,1788683391.2608764
1788683434.506025,43.232000,gate_sweep_poor_none_r20,-0.03436305560171604,0.028653748333454132,0.021329790353775024,0.013186999888333335,0.0,0.0,0.0,0.0,0.049566287337055495,0.013186999888333335,1,79,1788683391.274002
1788683434.551692,43.264000,gate_sweep_poor_none_r20,-0.03429736755788326,0.0296172508969903,0.021302223205566406,0.012210243739862256,0.0,0.0,0.0,0.0,0.05007270399724373,0.012210243739862256,1,79,1788683391.2876694
1788683434.596603,43.300000,gate_sweep_poor_none_r20,-0.034088035114109516,0.03045022953301668,0.02127644419670105,0.010621033575484367,0.0,0.0,0.0,0.0,0.05041723608260868,0.010621033575484365,1,79,1788683391.296586
1788683434.641417,43.332000,gate_sweep_poor_none_r20,-0.03385721705853939,0.03110662382096052,0.0212404727935791,0.009247793749302907,0.0,0.0,0.0,0.0,0.05064672622176653,0.009247793749302907,1,79,1788683391.3093984
1788683434.685985,43.364000,gate_sweep_poor_none_r20,-0.03349358309060335,0.032021273858845234,0.021214038133621216,0.006787733874185895,0.0,0.0,0.0,0.0,0.05096290319168494,0.0067877338741858945,1,79,1788683391.3219693
1788683434.730185,43.396000,gate_sweep_poor_none_r20,-0.0329451197758317,0.0332235312089324,0.02118721604347229,0.0038936968893204236,0.0,0.0,0.0,0.0,0.05136226306061262,0.003893696889320423,1,78,1788683391.3341699
1788683434.776980,43.432000,gate_sweep_poor_none_r20,-0.032435012981295586,0.03415482770651579,0.021149367094039917,0.002352863165721527,0.0,0.0,0.0,0.0,0.05163214164875451,0.002352863165721527,1,78,1788683391.3449616
1788683434.820720,43.464000,gate_sweep_poor_none_r20,-0.03182488773018122,0.03505340684205294,0.020957648754119873,0.00013861152551834433,0.0,0.0,0.0,0.0,0.051776325203457464,0.00013861152551834433,1,78,1788683391.3567011
1788683434.867805,43.496000,gate_sweep_poor_none_r20,-0.031323520466685295,0.035712151788175106,0.02077808976173401,-0.0012862233871413881,0.0,0.0,0.0,0.0,0.051848333955057675,0.0012862233871413881,1,78,1788683391.3717875
1788683434.911951,43.528000,gate_sweep_poor_none_r20,-0.030331562273204327,0.036781580187380314,0.02042567729949951,-0.0035718698181933526,0.0,0.0,0.0,0.0,0.05186614121136495,0.0035718698181933526,1,78,1788683391.3839347
1788683434.960063,43.564000,gate_sweep_poor_none_r20,-0.02947948221117258,0.03759180102497339,0.02015984058380127,-0.005706951092377944,0.0,0.0,0.0,0.0,0.05185173621108855,0.005706951092377943,1,77,1788683391.3960452
1788683435.004807,43.596000,gate_sweep_poor_none_r20,-0.02862267568707466,0.03832911420613527,0.019901126623153687,-0.007278620265681204,0.0,0.0,0.0,0.0,0.05181151802625756,0.007278620265681204,1,77,1788683391.4087868
1788683435.050398,43.628000,gate_sweep_poor_none_r20,-0.027556748129427433,0.03913560416549444,0.019536107778549194,-0.008839795631362847,0.0,0.0,0.0,0.0,0.05169747951304839,0.008839795631362847,1,77,1788683391.4223804
1788683435.095631,43.660000,gate_sweep_poor_none_r20,-0.026710678357630968,0.03968626540154219,0.019245237112045288,-0.011487594880148569,0.0,0.0,0.0,0.0,0.05156393265980888,0.011487594880148569,1,77,1788683391.4356136
1788683435.141474,43.696000,gate_sweep_poor_none_r20,-0.02610099408775568,0.04001337569206953,0.01901993155479431,-0.01215694084829719,0.0,0.0,0.0,0.0,0.051420714921058985,0.01215694084829719,1,77,1788683391.4454591
1788683435.186048,43.728000,gate_sweep_poor_none_r20,-0.025124098639935255,0.040458074770867825,0.018636345863342285,-0.01266925885669713,0.0,0.0,0.0,0.0,0.051140879282355355,0.012669258856697133,1,77,1788683391.4580328
1788683435.232655,43.760000,gate_sweep_poor_none_r20,-0.024379912298172712,0.04076163377612829,0.01834121346473694,-0.013980871163152173,0.0,0.0,0.0,0.0,0.050914546282225116,0.013980871163152173,1,77,1788683391.472637
1788683435.277482,43.792000,gate_sweep_poor_none_r20,-0.023667158093303442,0.0410118019208312,0.01804494857788086,-0.013105710424627052,0.0,0.0,0.0,0.0,0.05067269914051625,0.01310571042462705,1,77,1788683391.4854631
1788683435.322481,43.828000,gate_sweep_poor_none_r20,-0.022817311342805624,0.041249397210776806,0.01761394739151001,-0.013043930058438616,0.0,0.0,0.0,0.0,0.050322893496676534,0.013043930058438614,1,77,1788683391.4944665
1788683435.367291,43.860000,gate_sweep_poor_none_r20,-0.022157230181619525,0.04137685801833868,0.017240017652511597,-0.013580292046601163,0.0,0.0,0.0,0.0,0.0500020543322966,0.013580292046601165,1,77,1788683391.5072746
1788683435.412533,43.892000,gate_sweep_poor_none_r20,-0.02167406352236867,0.04143779817968607,0.016972601413726807,-0.013019410973021832,0.0,0.0,0.0,0.0,0.04974862155177073,0.013019410973021832,1,77,1788683391.5205152
1788683435.460024,43.924000,gate_sweep_poor_none_r20,-0.020918601425364614,0.041514684446156025,0.016603291034698486,-0.01293713801843231,0.0,0.0,0.0,0.0,0.04936320677832908,0.01293713801843231,1,77,1788683391.5360026
1788683435.503138,43.960000,gate_sweep_poor_none_r20,-0.020386832766234875,0.0415694760158658,0.016277343034744263,-0.012427733234965292,0.0,0.0,0.0,0.0,0.049077450858238426,0.012427733234965292,1,77,1788683391.5431225
1788683435.551984,43.992000,gate_sweep_poor_none_r20,-0.019901115883840248,0.04160402808338404,0.01592734456062317,-0.012694371922564146,0.0,0.0,0.0,0.0,0.048791698791268365,0.012694371922564146,1,77,1788683391.559965
1788683435.596678,44.024000,gate_sweep_poor_none_r20,-0.019468633232463617,0.04159447830170393,0.015574842691421509,-0.012209173512859484,0.0,0.0,0.0,0.0,0.04849437111659075,0.012209173512859484,1,77,1788683391.5726616
1788683435.639956,44.056000,gate_sweep_poor_none_r20,-0.019033015239983797,0.041494120843708515,0.015132367610931396,-0.011309802623405698,0.0,0.0,0.0,0.0,0.04809372394845409,0.011309802623405698,1,77,1788683391.5839398
1788683435.687340,44.092000,gate_sweep_poor_none_r20,-0.018814445182215422,0.041361610405147076,0.01487228274345398,-0.01090197422740215,0.0,0.0,0.0,0.0,0.047811619475008366,0.010901974227402147,1,73,1788683391.5953224
1788683435.732900,44.124000,gate_sweep_poor_none_r20,-0.018559584044851363,0.04108963068574667,0.014525651931762695,-0.01021553461077047,0.0,0.0,0.0,0.0,0.04736887663700372,0.01021553461077047,1,72,1788683391.608854
1788683435.779150,44.156000,gate_sweep_poor_none_r20,-0.01832025859039277,0.04071733448654413,0.014172106981277466,-0.00960938916457781,0.0,0.0,0.0,0.0,0.046844229300915495,0.00960938916457781,1,72,1788683391.6231332
1788683435.823784,44.188000,gate_sweep_poor_none_r20,-0.01797041401732713,0.040167695842683315,0.013746559619903564,-0.00846677817505639,-0.001135319471359253,-0.003592032939195633,-7.525086402893066e-05,0.036815670134469465,0.048881251175568616,0.04528244830952586,1,67,1788683391.6357665
1788683435.868726,44.224000,gate_sweep_poor_none_r20,-0.01765836658887565,0.039624099619686604,0.013494670391082764,-0.008096162953365618,0.0012991055846214294,0.0003269617445766926,-0.0016280108829960227,-0.008032473655357497,0.046177335190563856,6.36892980081205e-05,1,61,1788683391.6447113
1788683435.912967,44.256000,gate_sweep_poor_none_r20,-0.017385172192007303,0.03916200902312994,0.013352304697036743,0.0005194530337121933,-0.0008211303502321243,0.0010988323483616114,-0.0033988524228334427,-0.012971774777169738,0.044763536115518,0.01349122781088193,1,57,1788683391.6569452
1788683435.958312,44.288000,gate_sweep_poor_none_r20,-0.016779831144958735,0.03837158437818289,0.013154387474060059,0.15644263253044716,-0.001843550824560225,-0.0007989037549123168,-0.0013845888897776604,0.07451069369311691,0.04437117807882396,0.08193193883733026,1,138,1788683391.6702747
1788683436.005146,44.320000,gate_sweep_poor_none_r20,-0.016078202985227108,0.037745638750493526,0.01303449273109436,0.43214634907390787,0.0004168000305071473,0.0010918342741206288,-0.0031873604748398066,0.22150352213517954,0.04334437712686771,0.21064282693872832,1,89,1788683391.6851227
1788683436.051250,44.356000,gate_sweep_poor_none_r20,-0.015159789472818375,0.03715402167290449,0.012901782989501953,0.8855121531045023,-0.0017155102686956525,0.00038043392123654485,-0.006777229253202677,0.6353930133049691,0.043821329535929744,0.25011913979953315,1,82,1788683391.695232
1788683436.097548,44.388000,gate_sweep_poor_none_r20,-0.013700504321604967,0.03646709118038416,0.012704163789749146,1.6869035625814803,-0.0017767007229849696,0.0025936036836355925,-0.0004366789944469929,1.1430880047756933,0.03823966522512723,0.5438155578057869,1,67,1788683391.709533
1788683436.142741,44.420000,gate_sweep_poor_none_r20,-0.01225905166938901,0.035913427360355854,0.012547671794891357,2.497162581130416,0.0011760246707126498,0.0015926207415759563,-0.0006282174144871533,1.8488943208939475,0.039141066665151866,0.6482682602364687,1,196,1788683391.7227242
1788683436.189906,44.452000,gate_sweep_poor_none_r20,-0.011017919518053532,0.035484508611261845,0.012455135583877563,3.1946653239317975,0.0024895102251321077,-0.004504370503127575,-0.008022665046155453,2.720533019966448,0.04691376588737816,0.47413230396534933,1,102,1788683391.7378907
1788683436.239175,44.488000,gate_sweep_poor_none_r20,-0.00865377951413393,0.034728589467704296,0.012387633323669434,4.5129442302908584,0.005219686776399612,-0.008262227289378643,-0.01789836212992668,3.834699589772699,0.05438680826239851,0.678244640518159,1,193,1788683391.7511566
1788683436.284170,44.520000,gate_sweep_poor_none_r20,-0.006505636498332024,0.03407453466206789,0.012328773736953735,5.700856720323491,0.010085871443152428,-0.011404088698327541,-0.03720434010028839,4.910363196823596,0.0692611917666902,0.790493523499895,1,116,1788683391.7641313
1788683436.329111,44.552000,gate_sweep_poor_none_r20,-0.0041530439630150795,0.033447726629674435,0.01229172945022583,7.009587228071694,0.021191280335187912,-0.016000814735889435,-0.05824853479862213,6.10577779689887,0.08979655838400301,0.9038094311728239,1,202,1788683391.7770932
1788683436.374851,44.584000,gate_sweep_poor_none_r20,-0.000930173322558403,0.032752920873463154,0.012290626764297485,8.838141189858067,0.035945095121860504,-0.027501054108142853,-0.10289105772972107,7.500564458149243,0.1351190118629188,1.337576731708825,1,128,1788683391.7908337
1788683436.486264,44.620000,gate_sweep_poor_none_r20,0.001091180369257927,0.03238749410957098,0.012286990880966187,10.049980738784162,0.05203529819846153,-0.03339708223938942,-0.15272974967956543,9.121514627514092,0.1848064887714438,0.9284661112700701,1,276,1788683391.8662338
1788683436.531855,44.652000,gate_sweep_poor_none_r20,0.00391005165874958,0.03188163507729769,0.012255758047103882,11.743217244776684,0.06127168610692024,-0.03426264226436615,-0.1740138828754425,10.63867822942621,0.20581982815324396,1.1045390153504726,1,228,1788683391.879835
1788683436.576669,44.684000,gate_sweep_poor_none_r20,0.006851384416222572,0.0312517499551177,0.012226790189743042,13.507167736602922,0.06113150715827942,-0.02861029841005802,-0.16382238268852234,12.164099340552806,0.19370882228357275,1.3430683960501157,1,237,1788683391.8926396
1788683436.620246,44.716000,gate_sweep_poor_none_r20,0.01036662794649601,0.03041903953999281,0.01220792531967163,15.823369907558499,0.06200937181711197,-0.03750315308570862,-0.1583726853132248,13.926299682281757,0.19073054807623438,1.897070225276741,1,278,1788683391.9042325
1788683436.666126,44.752000,gate_sweep_poor_none_r20,0.01220843568444252,0.029960413463413715,0.012219369411468506,17.321191024269346,0.06845179945230484,-0.031601421535015106,-0.14656208455562592,15.771345460779656,0.17934526929975708,1.5498455634896906,1,147,1788683391.914102
1788683436.714345,44.784000,gate_sweep_poor_none_r20,0.01444358378648758,0.02924071718007326,0.012234717607498169,19.471839087523108,0.0662863701581955,-0.03728390485048294,-0.12442301213741302,17.583650162428963,0.1605880908851092,1.8881889250941448,1,282,1788683391.930326
1788683436.761818,44.816000,gate_sweep_poor_none_r20,0.016370169818401337,0.028503897599875927,0.012280523777008057,21.747463604809084,0.06850661337375641,-0.038548246026039124,-0.11130530387163162,19.46812867570223,0.14995884604460763,2.279334929106853,1,166,1788683391.9457982
1788683436.812706,44.848000,gate_sweep_poor_none_r20,0.018422532826662064,0.027478418312966824,0.012434840202331543,24.783049865920535,0.07223770767450333,-0.050059106200933456,-0.11303538084030151,21.66905926417372,0.1570061053594242,3.113990601746816,1,278,1788683391.9646883
1788683436.862115,44.884000,gate_sweep_poor_none_r20,0.01982024684548378,0.026520797051489353,0.012668877840042114,27.284894062165616,0.06889499723911285,-0.05730031430721283,-0.10932538658380508,24.167609971424532,0.15593880334259494,3.1172840907410837,1,288,1788683391.9780977
1788683436.906685,44.916000,gate_sweep_poor_none_r20,0.020756199955940247,0.02567621786147356,0.012919902801513672,29.25268596308234,0.06544174253940582,-0.062435850501060486,-0.10363101959228516,26.478751148665893,0.15278956711093825,2.7739348144164464,1,286,1788683391.9906704
1788683436.958779,44.948000,gate_sweep_poor_none_r20,0.02248527854681015,0.024050366133451462,0.013397246599197388,32.56936719274859,0.06908338516950607,-0.06799295544624329,-0.10419069230556488,28.966623619330804,0.15642979244412922,3.6027435734177815,1,163,1788683392.0107634
1788683437.004593,44.980000,gate_sweep_poor_none_r20,0.024461861699819565,0.022550221532583237,0.013850986957550049,35.408511283580836,0.07303416728973389,-0.07403170317411423,-0.10245846211910248,31.460336567448397,0.15879302564937992,3.948174716132435,1,269,1788683392.0245717
1788683437.052418,45.016000,gate_sweep_poor_none_r20,0.02750280499458313,0.021280973684042692,0.014638543128967285,38.41929723197931,0.08412844687700272,-0.0791027694940567,-0.1028984859585762,34.5737756141658,0.1646156505918216,3.845521617813506,1,287,1788683392.0363982
1788683437.101165,45.048000,gate_sweep_poor_none_r20,0.03286692872643471,0.02016265643760562,0.016871124505996704,42.65502062115586,0.10000492632389069,-0.08226995915174484,-0.10484164953231812,37.482490402158824,0.17266716775917051,5.172530218997036,1,263,1788683392.0531468
1788683437.149501,45.080000,gate_sweep_poor_none_r20,0.03827434405684471,0.01974560832604766,0.02009984850883484,46.27375639625877,0.11638426780700684,-0.08348846435546875,-0.10559801012277603,40.50437009966911,0.1804394236724369,5.769386296589662,1,257,1788683392.0694797
1788683437.198873,45.112000,gate_sweep_poor_none_r20,0.04283337667584419,0.019694890826940536,0.023562699556350708,49.212510222085776,0.1425085961818695,-0.081894651055336,-0.10345479846000671,43.753995494199465,0.19075908682356527,5.458514727886305,1,246,1788683392.0868402
1788683437.244925,45.148000,gate_sweep_poor_none_r20,0.05102548003196716,0.020131703466176987,0.031672507524490356,54.37968278507767,0.17869508266448975,-0.09524204581975937,-0.09532075375318527,47.821396219716775,0.21386425103457637,6.558286565360893,1,247,1788683392.0969107
1788683437.293629,45.180000,gate_sweep_poor_none_r20,0.057726942002773285,0.020888252649456263,0.04105904698371887,58.68003249048005,0.20888535678386688,-0.11194968223571777,-0.08890458196401596,51.60981905234301,0.2395523495041436,7.070213438137045,1,238,1788683392.1136043
1788683437.344953,45.212000,gate_sweep_poor_none_r20,0.064189113676548,0.021941320970654488,0.05400252342224121,63.066072511525874,0.24003836512565613,-0.12459752708673477,-0.08096916228532791,55.46880512958698,0.2657328530083194,7.597267381938886,1,268,1788683392.132927
1788683437.395180,45.244000,gate_sweep_poor_none_r20,0.07154475897550583,0.02358001470565796,0.07694482803344727,68.45638210938472,0.26814502477645874,-0.1377795934677124,-0.06748108565807343,59.358062359370116,0.29248492646374025,9.098319750014603,1,273,1788683392.151164
1788683437.443968,45.280000,gate_sweep_poor_none_r20,0.07657036185264587,0.02498895674943924,0.10143712162971497,72.61022546773825,0.2864523231983185,-0.1569388508796692,-0.043910227715969086,63.45072114141116,0.31348686870243325,9.159504326327086,1,319,1788683392.1639454
1788683437.491737,45.312000,gate_sweep_poor_none_r20,0.0797395408153534,0.02602660097181797,0.12334686517715454,75.57063034187036,0.307639479637146,-0.16556145250797272,-0.022238606587052345,67.00644402432162,0.3314204187130881,8.564186317548733,1,323,1788683392.1797163
1788683437.539204,45.344000,gate_sweep_poor_none_r20,0.08317297697067261,0.027265572920441628,0.15695858001708984,79.22028006342087,0.3179987668991089,-0.1869266778230667,0.00801374763250351,70.48314208585127,0.3510071722745228,8.737137977569606,1,335,1788683392.195187
1788683437.589823,45.376000,gate_sweep_poor_none_r20,0.08627760410308838,0.028425286523997784,0.20518562197685242,83.38252756931935,0.3161209523677826,-0.2116747349500656,0.03564601391553879,73.60003166315398,0.37312151339068494,9.782495906165366,1,175,1788683392.213764
1788683437.638891,45.412000,gate_sweep_poor_none_r20,0.08788665384054184,0.028911123983561993,0.24778762459754944,86.24304058473408,0.32977959513664246,-0.2269544005393982,0.06931759417057037,77.17259776778347,0.39475424437096956,9.07044281695061,1,379,1788683392.2268343
1788683437.684981,45.444000,gate_sweep_poor_none_r20,0.08881983160972595,0.028932721354067326,0.2931115925312042,88.82185283022281,0.3433113694190979,-0.2266135960817337,0.09283726662397385,80.12476425672342,0.41252838543447373,8.697088573499395,1,201,1788683392.2409632
1788683437.731940,45.476000,gate_sweep_poor_none_r20,0.08920485526323318,0.02862652577459812,0.32833316922187805,90.41613294486854,0.34601473808288574,-0.24758827686309814,0.1266796588897705,82.78177101362532,0.4276798701590789,7.634361931243219,1,360,1788683392.2559252
1788683437.777961,45.508000,gate_sweep_poor_none_r20,0.08925839513540268,0.027452858164906502,0.3891618549823761,92.73395243510814,0.356746643781662,-0.26278549432754517,0.15675395727157593,85.35089953092616,0.458041150268979,7.383052904181984,1,210,1788683392.2699435
1788683437.823286,45.544000,gate_sweep_poor_none_r20,0.08892589062452316,0.02590420190244913,0.4392600357532501,94.16335671009857,0.35871776938438416,-0.288269579410553,0.19846248626708984,87.83240669923936,0.47903682796610264,6.330950010859219,1,349,1788683392.2792633
1788683437.872556,45.576000,gate_sweep_poor_none_r20,0.08836138248443604,0.023867069743573666,0.4903539717197418,95.30965360054975,0.3605614900588989,-0.3099735677242279,0.25791090726852417,89.90616840194396,0.48946118130034605,5.4034851986057895,1,203,1788683392.29653
1788683437.919170,45.608000,gate_sweep_poor_none_r20,0.08744493871927261,0.020647752564400434,0.5554976463317871,96.30710660389124,0.3615257740020752,-0.3177890181541443,0.3015114963054657,91.54556583258645,0.5041514816490263,4.761540771304794,1,371,1788683392.3111534
1788683437.965689,45.640000,gate_sweep_poor_none_r20,0.08655395358800888,0.017595897428691387,0.608781099319458,96.87239029411464,0.3597525656223297,-0.31497490406036377,0.3355836570262909,92.95285313528039,0.5097819750600057,3.919537158834241,1,243,1788683392.325669
1788683438.011338,45.676000,gate_sweep_poor_none_r20,0.08585662394762039,0.015049358014948666,0.6495429277420044,97.13844005960553,0.35659360885620117,-0.3128502368927002,0.38830024003982544,94.25835694956145,0.4990635242289778,2.880083110044084,1,372,1788683392.3353226
1788683438.057145,45.708000,gate_sweep_poor_none_r20,0.08471260964870453,0.010370465693995357,0.7192139625549316,97.3590509784938,0.3504452407360077,-0.3161783516407013,0.44098061323165894,95.26675008608849,0.5046402263027752,2.0923008924053073,1,236,1788683392.3491173
1788683438.103312,45.740000,gate_sweep_poor_none_r20,0.08380141109228134,0.006267719902098179,0.7766733169555664,97.35575947010571,0.3377785384654999,-0.3265041708946228,0.5012397766113281,95.96139703682753,0.5011039290204559,1.3943624332781845,1,345,1788683392.3632958
1788683438.153445,45.772000,gate_sweep_poor_none_r20,0.0828937366604805,0.0018636621534824371,0.8360047340393066,97.20829191106317,0.33066844940185547,-0.33631420135498047,0.5612289309501648,96.49107405892528,0.5012567382135649,0.7172178521378811,1,240,1788683392.3814285
1788683438.201034,45.808000,gate_sweep_poor_none_r20,0.08177221566438675,-0.00400934461504221,0.9131737947463989,96.87300784206182,0.3296774923801422,-0.3392847776412964,0.6264417171478271,96.95340667317288,0.5060453799200729,0.08039883111105303,1,178,1788683392.3930085
1788683438.244275,45.840000,gate_sweep_poor_none_r20,0.08091340214014053,-0.008925612084567547,0.9777587652206421,96.49556024681823,0.32480666041374207,-0.34525394439697266,0.6884085536003113,97.15605486732169,0.5062847158586634,0.6604946205034494,1,340,1788683392.4042606
1788683438.289274,45.872000,gate_sweep_poor_none_r20,0.08025193959474564,-0.012671911157667637,1.0282626152038574,96.16922395660734,0.32567688822746277,-0.3484366834163666,0.7530679106712341,97.28471166438075,0.4987018278531829,1.115487707773412,1,234,1788683392.4172332
1788683438.335359,45.904000,gate_sweep_poor_none_r20,0.07909933477640152,-0.01893050316721201,1.1165950298309326,95.54807820640538,0.3153073191642761,-0.35365036129951477,0.8246428966522217,97.20652577815645,0.503058290245068,1.6584475717510665,1,171,1788683392.431337
1788683438.378849,45.940000,gate_sweep_poor_none_r20,0.07815755903720856,-0.02393478248268366,1.1911685466766357,95.01383487415117,0.30740147829055786,-0.35968783497810364,0.9028194546699524,97.02194152211393,0.4984256069221435,2.008106647962771,1,336,1788683392.4388099
1788683438.423587,45.972000,gate_sweep_poor_none_r20,0.07720451802015305,-0.0288928197696805,1.2688658237457275,94.45033612838036,0.2978537678718567,-0.36967459321022034,0.9775875806808472,96.794723494344,0.4996612086727991,2.344387365963642,1,221,1788683392.4515722
1788683438.469810,46.004000,gate_sweep_poor_none_r20,0.07620134204626083,-0.03373429272323847,1.3490177392959595,93.88471496000113,0.29069700837135315,-0.3800141513347626,1.0508449077606201,96.54807126281128,0.5048021085713335,2.6633563028101412,1,175,1788683392.4657857
1788683438.512911,46.036000,gate_sweep_poor_none_r20,0.07491069287061691,-0.03950619790703058,1.4521591663360596,93.17811419726651,0.28149285912513733,-0.39671605825424194,1.1298677921295166,96.21988124305945,0.5235903032253619,3.0417670457929433,1,361,1788683392.4768922
1788683438.560078,46.072000,gate_sweep_poor_none_r20,0.07410748302936554,-0.04277649614959955,1.5153288841247559,92.76790681201622,0.2754233777523041,-0.41700202226638794,1.2214446067810059,95.83312545199611,0.5166631420329328,3.0652186399799,1,239,1788683392.4880605
1788683438.607674,46.104000,gate_sweep_poor_none_r20,0.07294902950525284,-0.0468976991251111,1.6006704568862915,92.24088599971272,0.271112322807312,-0.43392521142959595,1.2981998920440674,95.47232313831474,0.5296672811198462,3.231437138602019,1,172,1788683392.5036519
1788683438.651011,46.136000,gate_sweep_poor_none_r20,0.07168935239315033,-0.05075306911021471,1.6870465278625488,91.74363532878363,0.25883349776268005,-0.44695499539375305,1.3798456192016602,95.02112218385209,0.535136707598118,3.277486855068471,1,374,1788683392.5149958
1788683438.698345,46.168000,gate_sweep_poor_none_r20,0.06996143609285355,-0.055187162943184376,1.7960765361785889,91.1721163382881,0.24858933687210083,-0.4622403681278229,1.46449613571167,94.64575161204036,0.5545681209388891,3.473635273752247,1,207,1788683392.5303211
1788683438.741679,46.204000,gate_sweep_poor_none_r20,0.06844349950551987,-0.05837176460772753,1.883937120437622,90.75731485900076,0.23570075631141663,-0.47178709506988525,1.5533180236816406,94.23970971976496,0.5551542241171454,3.4823948607642006,1,406,1788683392.537644
1788683438.787092,46.236000,gate_sweep_poor_none_r20,0.06718768179416656,-0.06054571736603975,1.9501307010650635,90.4718209798779,0.21978941559791565,-0.47178733348846436,1.6361439228057861,93.8327420909668,0.5394392022392649,3.3609211110889103,1,219,1788683392.5510654
1788683438.832734,46.268000,gate_sweep_poor_none_r20,0.06485985964536667,-0.06378642190247774,2.0607656240463257,90.04378048097288,0.2028130143880844,-0.4725644290447235,1.6983046531677246,93.41362619445658,0.5634789148112929,3.3698457134836968,1,397,1788683392.5647175
1788683438.881224,46.300000,gate_sweep_poor_none_r20,0.06280967593193054,-0.0659266235306859,2.1494868993759155,89.76410273416192,0.18678173422813416,-0.47528234124183655,1.7871029376983643,93.03373904049306,0.5605919287165357,3.2696363063311282,1,269,1788683392.5812044
1788683438.925945,46.336000,gate_sweep_poor_none_r20,0.060609668493270874,-0.06772058922797441,2.2381120920181274,89.54155898792213,0.17035746574401855,-0.4503176212310791,1.9319581985473633,92.60482629771218,0.5021506490947552,3.0632673097900516,1,392,1788683392.589923
1788683438.971131,46.368000,gate_sweep_poor_none_r20,0.057645924389362335,-0.06960122007876635,2.348239779472351,89.3205876188328,0.1648428738117218,-0.41801339387893677,2.071106195449829,92.33905900671215,0.45791402272783516,3.0184713878793437,1,222,1788683392.6031117
1788683439.015919,46.400000,gate_sweep_poor_none_r20,0.0550890788435936,-0.07084668148308992,2.435245394706726,89.19034707361999,0.1613493412733078,-0.40438008308410645,2.164152145385742,92.19002908927645,0.4427497297374509,2.999682015656452,1,412,1788683392.6159015
1788683439.062075,46.432000,gate_sweep_poor_none_r20,0.05308057367801666,-0.07166152913123369,2.4995821714401245,89.11573690062431,0.14137086272239685,-0.39316368103027344,2.257762908935547,91.9073234342961,0.4118681397407564,2.7915865336717873,1,213,1788683392.6300507
1788683439.108365,46.468000,gate_sweep_poor_none_r20,0.04956015199422836,-0.07283778209239244,2.604608654975891,89.03293157434364,0.13204313814640045,-0.376315176486969,2.3691251277923584,91.79693941018401,0.3928797061288587,2.7640078358403795,1,401,1788683392.6403415
1788683439.156818,46.500000,gate_sweep_poor_none_r20,0.04653109610080719,-0.07364678103476763,2.6863359212875366,88.9967913970744,0.12577137351036072,-0.36345672607421875,2.4454877376556396,91.7652104268198,0.3850671024204699,2.768419029745401,1,219,1788683392.656797
1788683439.202861,46.532000,gate_sweep_poor_none_r20,0.043332502245903015,-0.07435948122292757,2.7658320665359497,88.98807904402899,0.11567918211221695,-0.34380707144737244,2.529654026031494,91.709988652321,0.36553537829047894,2.721909608292011,1,399,1788683392.670827
1788683439.251886,46.564000,gate_sweep_poor_none_r20,0.039086636155843735,-0.07518129516392946,2.8617531061172485,89.00660101353914,0.10061431676149368,-0.3339323103427887,2.6052451133728027,91.63297619115993,0.3695052011522785,2.6263751776207798,1,201,1788683392.6878579
1788683439.297762,46.600000,gate_sweep_poor_none_r20,0.035474635660648346,-0.07580816466361284,2.935559391975403,89.04468841088959,0.08479059487581253,-0.3204551637172699,2.6935482025146484,91.6078906908583,0.3476400923418945,2.5632022799687033,1,382,1788683392.6977315
1788683439.343220,46.632000,gate_sweep_poor_none_r20,0.03262222930788994,-0.0762422801926732,2.9891289472579956,89.08522300325058,0.07084939628839493,-0.3108001947402954,2.765218496322632,91.60148397423187,0.3265189452548856,2.5162609709812886,1,207,1788683392.7111983
1788683439.385996,46.664000,gate_sweep_poor_none_r20,0.028628766536712646,-0.07676221150904894,3.0582045316696167,89.15424094994228,0.05939129739999771,-0.30221572518348694,2.8337020874023438,91.64667385192749,0.31965132193570633,2.4924329019852025,1,360,1788683392.7219617
1788683439.435524,46.696000,gate_sweep_poor_none_r20,0.023356381803750992,-0.07733256835490465,3.140743613243103,89.26287923506682,0.04280543327331543,-0.2919207215309143,2.903707265853882,91.66348549230263,0.32033197010317266,2.4006062572358022,1,178,1788683392.7395
1788683439.479893,46.732000,gate_sweep_poor_none_r20,0.018948890268802643,-0.07771400827914476,3.2036973237991333,89.36459432100754,0.02972342073917389,-0.28344595432281494,2.980875015258789,91.79187868112949,0.30346582231450864,2.4272843601219423,1,342,1788683392.747873
1788683439.528238,46.764000,gate_sweep_poor_none_r20,0.014451108872890472,-0.07797836977988482,3.2639447450637817,89.47787964546089,0.015772085636854172,-0.2726559638977051,3.046696662902832,91.84946385825756,0.2917153404154887,2.371584212796674,1,187,1788683392.7642205
1788683439.574769,46.796000,gate_sweep_poor_none_r20,0.011061124503612518,-0.07810809183865786,3.3074833154678345,89.56929794552777,0.005422343499958515,-0.2636154592037201,3.1080551147460938,91.91978714885892,0.2724268460358381,2.3504892033311493,1,322,1788683392.7787542
1788683439.617786,46.828000,gate_sweep_poor_none_r20,0.005375200882554054,-0.07820716965943575,3.3767436742782593,89.73481018578728,-0.007261685095727444,-0.25479644536972046,3.159708023071289,92.02041369330139,0.2800855888437402,2.285603507514116,1,191,1788683392.7897713
1788683439.665504,46.864000,gate_sweep_poor_none_r20,0.0007906146347522736,-0.078188163228333,3.429299473762512,89.87376626974904,-0.014756817370653152,-0.24310079216957092,3.218471050262451,92.25731976370848,0.26811662011481907,2.383553493959437,1,144,1788683392.8014874
1788683439.711695,46.896000,gate_sweep_poor_none_r20,-0.003810454159975052,-0.0781004698947072,3.4793728590011597,90.01950743025718,-0.012245879508554935,-0.22670888900756836,3.249953508377075,92.46712095716231,0.27347551457637276,2.4476135269051302,1,268,1788683392.8156536
1788683439.755289,46.928000,gate_sweep_poor_none_r20,-0.009552733972668648,-0.07787356246262789,3.5385481119155884,90.20871710052032,-0.015325766056776047,-0.2306838184595108,3.2839527130126953,92.68728383096357,0.29699009980098706,2.478566730443252,1,152,1788683392.8272755
1788683439.807533,46.960000,gate_sweep_poor_none_r20,-0.014094050042331219,-0.07759023178368807,3.5832308530807495,90.36410211032897,-0.03040391020476818,-0.23146095871925354,3.319845676422119,92.80579032268322,0.3054733432391369,2.4416882123542587,1,125,1788683392.8475156
1788683439.850757,46.996000,gate_sweep_poor_none_r20,-0.017434890614822507,-0.07730916608124971,3.6152697801589966,90.4829946724291,-0.023873209953308105,-0.22413219511508942,3.310274362564087,93.01324301781257,0.3385567287242559,2.530248345383477,1,319,1788683392.8547337
1788683439.897618,47.028000,gate_sweep_poor_none_r20,-0.022831614827737212,-0.07669722754508257,3.666112542152405,90.67930340319548,-0.02907303161919117,-0.2271495908498764,3.3076977729797363,93.19204726226334,0.388762158226157,2.512743859067861,1,165,1788683392.8695972
1788683439.943585,47.060000,gate_sweep_poor_none_r20,-0.02695871004834771,-0.07607858348637819,3.7046698331832886,90.8363658962589,-0.027776753529906273,-0.22952458262443542,3.3073837757110596,93.45669896416156,0.425890309009775,2.620333067902663,1,330,1788683392.883566
1788683439.988777,47.092000,gate_sweep_poor_none_r20,-0.03085298929363489,-0.07533946353942156,3.741317629814148,90.99231172788797,-0.03144807741045952,-0.2292904108762741,3.3175957202911377,93.65797186187494,0.4508231415151702,2.665660133986974,1,200,1788683392.8967614
1788683440.037104,47.128000,gate_sweep_poor_none_r20,-0.0353531688451767,-0.07426201272755861,3.784662127494812,91.18082652613144,-0.0419338122010231,-0.22867414355278015,3.3572139739990234,93.82142348515139,0.4545308954734776,2.640596959019948,1,169,1788683392.9090855
1788683440.081302,47.160000,gate_sweep_poor_none_r20,-0.03868149034678936,-0.07329399604350328,3.817503809928894,91.32679262760306,-0.03194708004593849,-0.218373641371727,3.381880760192871,94.08815954302376,0.459195924668302,2.7613669154206972,1,354,1788683392.9212787
1788683440.129113,47.192000,gate_sweep_poor_none_r20,-0.04100559093058109,-0.07251052279025316,3.841103434562683,91.43250112340696,-0.04317740350961685,-0.22004151344299316,3.408421277999878,94.20700925891583,0.4571476332441164,2.7745081355088748,1,190,1788683392.937098
1788683440.174260,47.224000,gate_sweep_poor_none_r20,-0.0445853378623724,-0.07107654679566622,3.8786591291427612,91.60083129179107,-0.05008350685238838,-0.21490545570850372,3.4371461868286133,94.34326003815205,0.46438202283485974,2.7424287463609867,1,343,1788683392.9502468
1788683440.221351,47.260000,gate_sweep_poor_none_r20,-0.04716082662343979,-0.06977298576384783,3.9071673154830933,91.72980441888582,-0.06530296057462692,-0.2114654779434204,3.473219633102417,94.42426427187071,0.45685499932464496,2.694459852984903,1,189,1788683392.9613323
1788683440.268655,47.292000,gate_sweep_poor_none_r20,-0.049468642100691795,-0.06831416208297014,3.9344552755355835,91.85014935698209,-0.06892219185829163,-0.19831247627735138,3.4990220069885254,94.56282175295367,0.454840778349003,2.712672395971579,1,339,1788683392.9766324
1788683440.316314,47.324000,gate_sweep_poor_none_r20,-0.051551107317209244,-0.06674966681748629,3.960711359977722,91.96295589003839,-0.07614967226982117,-0.19050174951553345,3.5268115997314453,94.68600611978397,0.45187240379515176,2.723050229745582,1,190,1788683392.9922972
1788683440.360814,47.356000,gate_sweep_poor_none_r20,-0.053792666643857956,-0.06463507283478975,3.992050051689148,92.09351138989568,-0.0854090228676796,-0.16828669607639313,3.5660152435302734,94.78908895039616,0.4396008538941433,2.695577560500477,1,359,1788683393.0047944
1788683440.407319,47.392000,gate_sweep_poor_none_r20,-0.054927706718444824,-0.06329141277819872,4.0100706815719604,92.1656201507248,-0.09482848644256592,-0.15280590951442719,3.6237478256225586,94.91649224349038,0.3985602418423536,2.750872092765579,1,207,1788683393.0153048
1788683440.453968,47.424000,gate_sweep_poor_none_r20,-0.0562579371035099,-0.06142720300704241,4.033310770988464,92.25478209688328,-0.10422058403491974,-0.1392725706100464,3.666412353515625,94.98855696790275,0.37812004112713704,2.7337748710194734,1,349,1788683393.0299468
1788683440.501399,47.456000,gate_sweep_poor_none_r20,-0.05739052593708038,-0.05945409554988146,4.055744051933289,92.33512804971122,-0.11354796588420868,-0.12671098113059998,3.7047252655029297,95.04115458418083,0.3617890754935465,2.7060265344696024,1,231,1788683393.04538
1788683440.549183,47.488000,gate_sweep_poor_none_r20,-0.05850569158792496,-0.05686559993773699,4.082757830619812,92.42287630991703,-0.12020502984523773,-0.12056925147771835,3.727534055709839,95.10551445553085,0.3661268821354271,2.682638145613831,1,149,1788683393.061161
1788683440.594138,47.524000,gate_sweep_poor_none_r20,-0.0592038556933403,-0.05469947773963213,4.103557467460632,92.48419279525093,-0.11908221989870071,-0.10927265882492065,3.7478668689727783,95.24986567553748,0.36480056530428406,2.7656728802865382,1,344,1788683393.0701234
1788683440.641142,47.556000,gate_sweep_poor_none_r20,-0.059654876589775085,-0.05296203214675188,4.118737101554871,92.52524972809883,-0.12589243054389954,-0.09231916069984436,3.777529001235962,95.34563826425482,0.3497990349400762,2.8203885361559853,1,179,1788683393.0851243
1788683440.689491,47.588000,gate_sweep_poor_none_r20,-0.06024580076336861,-0.04989498574286699,4.1433480978012085,92.58596582215395,-0.13845771551132202,-0.07396948337554932,3.809284210205078,95.36985749322878,0.34394093394163944,2.783891671074834,1,346,1788683393.1014564
1788683440.740116,47.620000,gate_sweep_poor_none_r20,-0.06057904660701752,-0.047248453833162785,4.162417769432068,92.62579847581287,-0.14715345203876495,-0.05771571397781372,3.8541181087493896,95.39857494993046,0.32039564914001395,2.7727764741175798,1,171,1788683393.1200953
1788683440.784165,47.656000,gate_sweep_poor_none_r20,-0.060856182128190994,-0.044449557550251484,4.180963397026062,92.65866092197543,-0.1576979160308838,-0.04391385614871979,3.890674114227295,95.38964666632539,0.30601711734655324,2.730985744349968,1,337,1788683393.128131
1788683440.828945,47.688000,gate_sweep_poor_none_r20,-0.061189472675323486,-0.04076570738106966,4.203470587730408,92.69219842829693,-0.16421464085578918,-0.03826075792312622,3.9083268642425537,95.39342501616598,0.31261842166557446,2.701226587869031,1,160,1788683393.1409276
1788683440.875704,47.720000,gate_sweep_poor_none_r20,-0.06147930771112442,-0.03773649130016565,4.220934271812439,92.71271439204075,-0.16993601620197296,-0.030068006366491318,3.9240620136260986,95.38103797105482,0.31615629197993833,2.6683235790140736,1,344,1788683393.1556742
1788683440.920346,47.752000,gate_sweep_poor_none_r20,-0.06167495623230934,-0.03546824026852846,4.233752608299255,92.72511607497322,-0.17264382541179657,-0.02396467514336109,3.9409611225128174,95.40356936762784,0.31332614970122274,2.678453292654618,1,198,1788683393.1683233
1788683440.967200,47.788000,gate_sweep_poor_none_r20,-0.061932772397994995,-0.031729293055832386,4.254643797874451,92.73771620485795,-0.17867541313171387,-0.017993424087762833,3.962650775909424,95.4104252888866,0.31476569561827855,2.6727090840286505,1,158,1788683393.179175
1788683441.013251,47.820000,gate_sweep_poor_none_r20,-0.06207260861992836,-0.02878159750252962,4.270831942558289,92.7432471029582,-0.18071025609970093,-0.010669996961951256,3.9748761653900146,95.43004928742845,0.3193630277802258,2.6868021844702494,1,314,1788683393.1932366
1788683441.059258,47.852000,gate_sweep_poor_none_r20,-0.06211695447564125,-0.025869731791317463,4.286611914634705,92.74462578796087,-0.17774097621440887,-0.006495303008705378,3.985039234161377,95.50537096722064,0.3235589042223491,2.760745179259765,1,176,1788683393.2072415
1788683441.104601,47.884000,gate_sweep_poor_none_r20,-0.062021978199481964,-0.02226122561842203,4.305731654167175,92.74035822687,-0.1797548532485962,-0.0021811225451529026,3.9974706172943115,95.51966870120833,0.3305890307628136,2.7793104743383195,1,138,1788683393.2205775
1788683441.150729,47.920000,gate_sweep_poor_none_r20,-0.061839502304792404,-0.01938812155276537,4.320519804954529,92.73184655848766,-0.17923766374588013,0.0026983083225786686,4.0089850425720215,95.53241496610086,0.3336525840857695,2.800568407613194,1,311,1788683393.2306943
1788683441.197773,47.952000,gate_sweep_poor_none_r20,-0.061638642102479935,-0.017236254177987576,4.331296801567078,92.724921997683,-0.17891967296600342,0.00515707116574049,4.016272068023682,95.56885697604663,0.33689298592349537,2.843934978363642,1,183,1788683393.245751
1788683441.241697,47.984000,gate_sweep_poor_none_r20,-0.06130463257431984,-0.014392123557627201,4.345268607139587,92.71320065749639,-0.1797429323196411,0.008505170233547688,4.026951313018799,95.58617557589496,0.3404083087204285,2.8729749183985644,1,151,1788683393.2576666
1788683441.288070,48.016000,gate_sweep_poor_none_r20,-0.06080770492553711,-0.010951279662549496,4.362115740776062,92.69667623503366,-0.18248984217643738,0.016545187681913376,4.040851593017578,95.57007314365097,0.34463495306970393,2.8733969086173046,1,129,1788683393.2720456
1788683441.333408,48.052000,gate_sweep_poor_none_r20,-0.06032433360815048,-0.00833501573652029,4.375087141990662,92.6808131967879,-0.17840273678302765,0.02111639268696308,4.055290222167969,95.6062321927195,0.3421694970077513,2.9254189959316115,1,278,1788683393.2813935
1788683441.378563,48.084000,gate_sweep_poor_none_r20,-0.05975353345274925,-0.005842353217303753,4.387642741203308,92.6641531710887,-0.177573561668396,0.023839659988880157,4.065131187438965,95.61999999822504,0.34463935246602173,2.9558468271363414,1,172,1788683393.2945404
1788683441.423912,48.116000,gate_sweep_poor_none_r20,-0.05927947536110878,-0.004046517424285412,4.396844744682312,92.65151783666491,-0.17638780176639557,0.025469239801168442,4.0742106437683105,95.63038915667475,0.3444971743144277,2.9788713200098496,1,150,1788683393.3078969
1788683441.468817,48.148000,gate_sweep_poor_none_r20,-0.05840505659580231,-0.001246151514351368,4.411693453788757,92.62965441389566,-0.17772985994815826,0.026792772114276886,4.085130214691162,95.61366340247213,0.34880960288278134,2.984008988576458,1,124,1788683393.3207932
1788683441.515803,48.184000,gate_sweep_poor_none_r20,-0.05769107863306999,0.0008091451600193977,4.423256278038025,92.61219383011964,-0.1833086609840393,0.03072173148393631,4.099120140075684,95.56721651222743,0.3489108421207777,2.955022682107792,1,112,1788683393.3317804
1788683441.563302,48.216000,gate_sweep_poor_none_r20,-0.05696723610162735,0.0026511671021580696,4.434439539909363,92.59596413305836,-0.17017169296741486,0.030845588073134422,4.108270645141602,95.70256735776047,0.346404853231287,3.1066032247021047,1,231,1788683393.3472888
1788683441.610574,48.248000,gate_sweep_poor_none_r20,-0.05606525391340256,0.004669218324124813,4.447956442832947,92.57540654641775,-0.15973082184791565,0.02874305285513401,4.11289119720459,95.78990411571132,0.35156054714970897,3.2144975692935756,1,141,1788683393.362561
1788683441.658846,48.280000,gate_sweep_poor_none_r20,-0.055379368364810944,0.006060839630663395,4.458462595939636,92.56068334237273,-0.15572316944599152,0.02917671948671341,4.117069721221924,95.82756060139545,0.3565842358054581,3.2668772590227246,1,123,1788683393.3788319
1788683441.704156,48.316000,gate_sweep_poor_none_r20,-0.054880041629076004,0.006961878854781389,4.466195464134216,92.55052247918245,-0.1580224186182022,0.03391605615615845,4.123242378234863,95.80277758951945,0.3591402187626027,3.2522551103370163,1,115,1788683393.3881407
1788683441.751494,48.348000,gate_sweep_poor_none_r20,-0.054075419902801514,0.008247981313616037,4.478836417198181,92.53500246779983,-0.16257703304290771,0.04133860394358635,4.131911277770996,95.77036591381302,0.3649995092142127,3.2353634460131904,1,106,1788683393.4034781
1788683441.800458,48.380000,gate_sweep_poor_none_r20,-0.05345267429947853,0.009112831205129623,4.488769888877869,92.52521266191489,-0.16989345848560333,0.04821431264281273,4.144488334655762,95.72273327452265,0.3655368252995732,3.1975206126077516,1,95,1788683393.4204366
1788683441.846086,48.412000,gate_sweep_poor_none_r20,-0.05284785479307175,0.009824574925005436,4.498490214347839,92.5170565788698,-0.14074501395225525,0.02182246744632721,4.173635005950928,95.83202365084593,0.3367503027998771,3.314967071976125,1,191,1788683393.434052
1788683441.894724,48.448000,gate_sweep_poor_none_r20,-0.05204061418771744,0.01056265877559781,4.510372519493103,92.50927141103479,-0.12336548417806625,-0.006343986839056015,4.1952433586120605,95.89915847629265,0.32354205257225777,3.389887065257874,1,115,1788683393.4467072
1788683441.939529,48.480000,gate_sweep_poor_none_r20,-0.051336921751499176,0.01108141802251339,4.519660830497742,92.50552099159692,-0.12336548417806625,-0.006343986839056015,4.1952433586120605,95.89914084456923,0.33277387908987716,3.3936198529723143,1,101,1788683393.4595094
1788683441.986150,48.512000,gate_sweep_poor_none_r20,-0.05075756832957268,0.011434399522840977,4.526507258415222,92.50497075413229,-0.12336548417806625,-0.006343986839056015,4.1952433586120605,95.89911060878784,0.3395935096233347,3.394139854655548,1,93,1788683393.4741342
1788683442.029296,48.544000,gate_sweep_poor_none_r20,-0.049695488065481186,0.011914744391106069,4.537687182426453,92.50585068518446,-0.12336548417806625,-0.006343986839056015,4.1952433586120605,95.89914797753833,0.35075407632982114,3.393297292353878,1,82,1788683393.485284
1788683442.076828,48.580000,gate_sweep_poor_none_r20,-0.04878223314881325,0.012237020884640515,4.546419024467468,92.50981947474095,-0.12399786710739136,-0.01955369859933853,4.203936576843262,95.87444231759737,0.3520827578393569,3.3646228428564315,1,72,1788683393.496813
1788683442.123261,48.612000,gate_sweep_poor_none_r20,-0.04779946990311146,0.012526396661996841,4.554974436759949,92.51592692259109,0.012477949261665344,-0.16089469194412231,4.2553300857543945,96.25189908690422,0.35141852302352733,3.735972164313127,1,176,1788683393.5112414
1788683442.169278,48.644000,gate_sweep_poor_none_r20,-0.046779558062553406,0.012825753830838948,4.563384413719177,92.52435829268038,0.07329089194536209,-0.2574499547481537,4.248133659362793,96.46463439326126,0.43226023381205125,3.9402761005808884,1,95,1788683393.525263
1788683442.213439,48.676000,gate_sweep_poor_none_r20,-0.045459261164069176,0.013237201928859577,4.573642611503601,92.53847191651262,0.09227093309164047,-0.311688095331192,4.217769145965576,96.43096584456221,0.5011905612472088,3.8924939280495825,1,74,1788683393.5374098
1788683442.258814,48.712000,gate_sweep_poor_none_r20,-0.04466516897082329,0.013475979700160678,4.579638361930847,92.54845301116039,0.15812651813030243,-0.35725945234298706,4.231340408325195,96.6219224126897,0.5476136351620777,4.073469401529308,1,170,1788683393.5467997
1788683442.304543,48.744000,gate_sweep_poor_none_r20,-0.04361846297979355,0.013766011164989322,4.587443709373474,92.56273524492507,0.15812651813030243,-0.35725945234298706,4.231340408325195,96.62190737667669,0.5524223863964084,4.0591721317516125,1,107,1788683393.5605268
1788683442.353364,48.776000,gate_sweep_poor_none_r20,-0.04259621724486351,0.014027606492163613,4.595040202140808,92.58019060100722,0.15812651813030243,-0.35725945234298706,4.231340408325195,96.62191488099003,0.5571545894780593,4.041724279982817,1,87,1788683393.5773454
1788683442.398881,48.808000,gate_sweep_poor_none_r20,-0.04139341786503792,0.014352552476339042,4.604182600975037,92.60603219327876,0.15812651813030243,-0.35725945234298706,4.231340408325195,96.62191065670386,0.5629520295774454,4.015878463425089,1,83,1788683393.5908566
1788683442.444211,48.844000,gate_sweep_poor_none_r20,-0.04051210358738899,0.01463947701267898,4.611203551292419,92.62913482606015,0.15812651813030243,-0.35725945234298706,4.231340408325195,96.62190352645473,0.5675051744951164,3.992768700394587,1,79,1788683393.6001914
1788683442.488261,48.876000,gate_sweep_poor_none_r20,-0.03990956395864487,0.014849702594801784,4.61630380153656,92.64646540633944,0.15812651813030243,-0.35725945234298706,4.231340408325195,96.62192412607126,0.5708592883631337,3.975458719731827,1,70,1788683393.6122468
1788683442.538045,48.908000,gate_sweep_poor_none_r20,-0.03896523639559746,0.015196670778095722,4.624618887901306,92.6781454173537,0.16850608587265015,-0.39025846123695374,4.2399396896362305,96.7032242984836,0.5961680125761006,4.025078881129909,1,62,1788683393.6300194
1788683442.586316,48.940000,gate_sweep_poor_none_r20,-0.038247061893343925,0.015455563087016344,4.631077170372009,92.70407679432857,0.3543166220188141,-0.5839477777481079,4.350462913513184,97.08950787068656,0.7695030682742102,4.385431076357987,1,171,1788683393.6462855
1788683442.631973,48.976000,gate_sweep_poor_none_r20,-0.037575436756014824,0.015631712274625897,4.637407183647156,92.7294858125866,0.4289839565753937,-0.6947602033615112,4.422242641448975,97.30212220777955,0.8767155305606862,4.572636395192951,1,80,1788683393.6559591
1788683442.683951,49.008000,gate_sweep_poor_none_r20,-0.03680545091629028,0.015725380973890424,4.645106673240662,92.76148442085588,0.4204549491405487,-0.7101233005523682,4.411357879638672,97.19841817564149,0.8891467148024188,4.4369337547856125,1,60,1788683393.6759348
1788683442.729305,49.040000,gate_sweep_poor_none_r20,-0.03627786040306091,0.015722184209153056,4.651128649711609,92.78824449635785,0.447802871465683,-0.7308571338653564,4.413082599639893,97.26490057604134,0.9210758682638062,4.476656079683503,1,172,1788683393.6892898
1788683442.774820,49.072000,gate_sweep_poor_none_r20,-0.03595828637480736,0.015693669207394123,4.655600428581238,92.8073986812162,0.447802871465683,-0.7308571338653564,4.413082599639893,97.26488887716017,0.9220508970540423,4.457490195943976,1,114,1788683393.7027755
1788683442.818557,49.108000,gate_sweep_poor_none_r20,-0.03555269166827202,0.01567919855006039,4.662944674491882,92.83847061428268,0.447802871465683,-0.7308571338653564,4.413082599639893,97.26489010322686,0.9237857719613058,4.426419488944182,1,97,1788683393.7105196
1788683442.864329,49.140000,gate_sweep_poor_none_r20,-0.03528393805027008,0.015697100898250937,4.668758749961853,92.8629425925212,0.447802871465683,-0.7308571338653564,4.413082599639893,97.26488671325515,0.925249363585426,4.401944120733953,1,91,1788683393.7243133
1788683442.908226,49.172000,gate_sweep_poor_none_r20,-0.035002526827156544,0.015688627026975155,4.674521803855896,92.88682052054486,0.447802871465683,-0.7308571338653564,4.413082599639893,97.26488661292028,0.9267049601831832,4.378066092375426,1,83,1788683393.7362077
1788683442.956539,49.204000,gate_sweep_poor_none_r20,-0.03470272198319435,0.01558741508051753,4.6816405057907104,92.91479998931486,0.447802871465683,-0.7308571338653564,4.413082599639893,97.26485347149242,0.9285011907997609,4.350053482177563,1,78,1788683393.752526
1788683443.002711,49.240000,gate_sweep_poor_none_r20,-0.03457080852240324,0.015470146667212248,4.687233328819275,92.93796942928948,0.447802871465683,-0.7308571338653564,4.413082599639893,97.26488446547798,0.9299717195280591,4.326915036188492,1,73,1788683393.7626739
1788683443.050590,49.272000,gate_sweep_poor_none_r20,-0.034494368359446526,0.015395062160678208,4.691388010978699,92.95408883385205,0.447802871465683,-0.7308571338653564,4.413082599639893,97.26488049531932,0.9311051871819208,4.310791661467269,1,65,1788683393.778572
1788683443.096203,49.304000,gate_sweep_poor_none_r20,-0.034365459345281124,0.015304467524401844,4.696878790855408,92.97473040503782,0.4517476558685303,-0.7406569719314575,4.4109883308410645,97.34885064785188,0.9431420963217918,4.374120242814055,1,64,1788683393.792179
1788683443.141971,49.336000,gate_sweep_poor_none_r20,-0.03412714879959822,0.015195489511825144,4.703679919242859,92.99912880143913,0.47983890771865845,-0.8035224080085754,4.4345173835754395,97.28376278995594,1.0034483412613067,4.284633988516815,1,158,1788683393.805951
1788683443.185715,49.372000,gate_sweep_poor_none_r20,-0.03388745617121458,0.015121636562980711,4.709096312522888,93.01808981078669,0.5166389346122742,-0.8535295724868774,4.453137397766113,97.39093924674259,1.0597873352594571,4.372849435955896,1,160,1788683393.8137023
1788683443.233264,49.404000,gate_sweep_poor_none_r20,-0.03359677270054817,0.015031401882879436,4.714491248130798,93.03428804567417,0.5166389346122742,-0.8535295724868774,4.453137397766113,97.39094479333909,1.0608785674621906,4.356656747664915,1,121,1788683393.82925
1788683443.279655,49.436000,gate_sweep_poor_none_r20,-0.03335754480212927,0.014943996560759842,4.718551516532898,93.04666786008522,0.5166389346122742,-0.8535295724868774,4.453137397766113,97.39095501911707,1.0616906903346797,4.344287159031858,1,95,1788683393.8436313
1788683443.326244,49.468000,gate_sweep_poor_none_r20,-0.03291566111147404,0.014685945003293455,4.725340723991394,93.06549605803909,0.5298661589622498,-0.8656058311462402,4.467822074890137,97.50197052492076,1.076082172883154,4.4364744668816805,1,90,1788683393.8582048
1788683443.373677,49.504000,gate_sweep_poor_none_r20,-0.03256284259259701,0.014371528872288764,4.730738520622253,93.07904402927494,0.5298661589622498,-0.8656058311462402,4.467822074890137,97.50198894346988,1.0769454922936308,4.422944914194941,1,85,1788683393.8696625
1788683443.422486,49.536000,gate_sweep_poor_none_r20,-0.03222078178077936,0.013996336085256189,4.736045718193054,93.09221958215545,0.5298661589622498,-0.8656058311462402,4.467822074890137,97.50197312017035,1.0777688176872133,4.409753538014891,1,78,1788683393.8864691
1788683443.469687,49.568000,gate_sweep_poor_none_r20,-0.03184168878942728,0.013482899441441987,4.741498351097107,93.10629482784428,0.5298661589622498,-0.8656058311462402,4.467822074890137,97.50197812406195,1.0785227891104563,4.395683296217675,1,74,1788683393.9016707
1788683443.515347,49.600000,gate_sweep_poor_none_r20,-0.03160970285534859,0.01305425848113373,4.743291258811951,93.11192905930054,0.5298661589622498,-0.8656058311462402,4.467822074890137,97.50196118188956,1.078509141267866,4.390032122589029,1,73,1788683393.9153275
1788683443.560194,49.636000,gate_sweep_poor_none_r20,-0.03144352324306965,0.01272685913136229,4.742926001548767,93.1123266766939,0.5298661589622498,-0.8656058311462402,4.467822074890137,97.50199222905793,1.0780626348272742,4.389665552364036,1,72,1788683393.9241726
1788683443.609401,49.668000,gate_sweep_poor_none_r20,-0.031120439991354942,0.012172853923402727,4.7393940687179565,93.10494304325401,0.5298661589622498,-0.8656058311462402,4.467822074890137,97.50197161845936,1.0765466696802983,4.3970285752053595,1,70,1788683393.9413874
1788683443.658741,49.700000,gate_sweep_poor_none_r20,-0.03083057329058647,0.0117121203802526,4.734335780143738,93.09090974366347,0.5298661589622498,-0.8656058311462402,4.467822074890137,97.50195214112331,1.0747544690382327,4.4110423974598385,1,70,1788683393.958699
1788683443.705364,49.732000,gate_sweep_poor_none_r20,-0.030509965494275093,0.01120263384655118,4.727559447288513,93.06909879051277,0.5298661589622498,-0.8656058311462402,4.467822074890137,97.5019800742548,1.072510134107992,4.432881283742038,1,66,1788683393.9733462
1788683443.752562,49.768000,gate_sweep_poor_none_r20,-0.030065597966313362,0.010468953289091587,4.717346549034119,93.03037512085218,0.5298661589622498,-0.8656058311462402,4.467822074890137,97.50196159330783,1.069248831440723,4.471586472455649,1,64,1788683393.984548
1788683443.798114,49.800000,gate_sweep_poor_none_r20,-0.029708738438785076,0.009795634541660547,4.708190321922302,92.990969338271,0.5298661589622498,-0.8656058311462402,4.467822074890137,97.50199048865278,1.0664092488867583,4.511021150381781,1,61,1788683393.998099
1788683443.845682,49.832000,gate_sweep_poor_none_r20,-0.029455487616360188,0.009265655186027288,4.700963377952576,92.95664475474643,0.507983922958374,-0.8329936265945435,4.46220064163208,97.2846488887253,1.027253358251844,4.328004133978862,1,57,1788683394.0136564
1788683443.892294,49.864000,gate_sweep_poor_none_r20,-0.029102458618581295,0.008375297300517559,4.688562750816345,92.89252167075934,0.5207518339157104,-0.8189979195594788,4.455410480499268,97.37145158841479,1.0204147020450327,4.478929917655459,1,203,1788683394.0282624
1788683443.938297,49.900000,gate_sweep_poor_none_r20,-0.028917874209582806,0.007672379724681377,4.678569674491882,92.83637594788507,0.5116773247718811,-0.8021639585494995,4.414330959320068,97.21006417193813,1.0089103838036326,4.373688224053054,1,96,1788683394.0382736
1788683443.985124,49.932000,gate_sweep_poor_none_r20,-0.028806857764720917,0.007005860563367605,4.668681979179382,92.7764604364829,0.5264989733695984,-0.806691586971283,4.412746906280518,97.2771493116631,1.0178265391293007,4.500688875180189,1,212,1788683394.0531023
1788683444.030335,49.964000,gate_sweep_poor_none_r20,-0.028742678463459015,0.006395501084625721,4.659048438072205,92.7140162063383,0.5264989733695984,-0.806691586971283,4.412746906280518,97.27713769716637,1.0149228292123844,4.563121490828067,1,120,1788683394.066318
1788683444.077929,49.996000,gate_sweep_poor_none_r20,-0.02874929830431938,0.005726205185055733,4.647365927696228,92.63205130201214,0.5277798771858215,-0.7971363067626953,4.404068946838379,97.19718900207243,1.0067305285712427,4.5651377000602915,1,106,1788683394.0819137
1788683444.127061,50.032000,gate_sweep_poor_none_r20,-0.028840946964919567,0.0053630489856004715,4.640590071678162,92.58344214885163,0.5254640579223633,-0.7917963862419128,4.401226997375488,97.09828827963373,1.0000059424598264,4.514846130782106,1,90,1788683394.0950394
1788683444.178104,50.064000,gate_sweep_poor_none_r20,-0.02906879596412182,0.0049181487411260605,4.631909728050232,92.51770152290285,0.5157502293586731,-0.7888440489768982,4.394093036651611,96.8914597706016,0.9916869342628322,4.373758247698744,1,83,1788683394.1140862
1788683444.225267,50.096000,gate_sweep_poor_none_r20,-0.029406907968223095,0.004530284553766251,4.623647570610046,92.45291744580794,0.5332366824150085,-0.7991268038749695,4.367475986480713,96.93820180575148,1.0139311643777493,4.485284359943543,1,198,1788683394.1292424
1788683444.268612,50.128000,gate_sweep_poor_none_r20,-0.029918912798166275,0.004143629223108292,4.613882422447205,92.37421899725842,0.5332366824150085,-0.7991268038749695,4.367475986480713,96.938199581704,1.0114859093409,4.563980584445582,1,110,1788683394.1405914
1788683444.312393,50.164000,gate_sweep_poor_none_r20,-0.03038004506379366,0.003937825560569763,4.6065415143966675,92.31292577878607,0.5332366824150085,-0.7991268038749695,4.367475986480713,96.93823554608711,1.0098162908084265,4.625309767301049,1,91,1788683394.1483538
1788683444.361680,50.196000,gate_sweep_poor_none_r20,-0.030750755220651627,0.0038366643711924553,4.601310610771179,92.26916136154487,0.519850492477417,-0.7893322706222534,4.359410762786865,96.67350517512614,0.9953864726125935,4.40434381358126,1,79,1788683394.1656563
1788683444.405535,50.228000,gate_sweep_poor_none_r20,-0.03138727694749832,0.003744916059076786,4.5931090116500854,92.19904226825061,0.5342696309089661,-0.7729612588882446,4.323310852050781,96.75000350897464,0.9980136604927847,4.550961240724041,1,201,1788683394.1775107
1788683444.448930,50.260000,gate_sweep_poor_none_r20,-0.03190323989838362,0.0037205740809440613,4.587037920951843,92.14775054120571,0.5342696309089661,-0.7729612588882446,4.323310852050781,96.75000548831999,0.9966636123455898,4.602254947114275,1,128,1788683394.1889148
1788683444.494088,50.296000,gate_sweep_poor_none_r20,-0.0324309142306447,0.0037313830107450485,4.581410765647888,92.10099895054995,0.5342696309089661,-0.7729612588882446,4.323310852050781,96.75002931340258,0.9954981332179375,4.649030362852637,1,111,1788683394.1980734
1788683444.540104,50.328000,gate_sweep_poor_none_r20,-0.03310754895210266,0.0037560584023594856,4.575040221214294,92.0471879770764,0.5342696309089661,-0.7729612588882446,4.323310852050781,96.75000500761581,0.9942707531179185,4.702817030539399,1,104,1788683394.2120821
1788683444.588960,50.360000,gate_sweep_poor_none_r20,-0.03372354805469513,0.0037348223850131035,4.570450186729431,92.00927709336665,0.5329297780990601,-0.7551829218864441,4.301999568939209,96.63419101378807,0.9844378440527075,4.624913920421424,1,96,1788683394.2289445
1788683444.636012,50.392000,gate_sweep_poor_none_r20,-0.034243677742779255,0.0037044594064354897,4.567298769950867,91.98453717811879,0.5329297780990601,-0.7551829218864441,4.301999568939209,96.63422439491363,0.9838594678888664,4.649687216794838,1,95,1788683394.2439988
1788683444.685768,50.428000,gate_sweep_poor_none_r20,-0.03517979849129915,0.0036441143602132797,4.562566637992859,91.94942672089086,0.5329297780990601,-0.7551829218864441,4.301999568939209,96.63422844287044,0.9830880730777749,4.68480172197958,1,87,1788683394.2577496
1788683444.730673,50.460000,gate_sweep_poor_none_r20,-0.035969892516732216,0.0035610301420092583,4.559207320213318,91.92553755467743,0.5329297780990601,-0.7551829218864441,4.301999568939209,96.63424051285422,0.9825960753442875,4.708702958176786,1,86,1788683394.2706578
1788683444.782137,50.492000,gate_sweep_poor_none_r20,-0.03678415156900883,0.0034513799473643303,4.556175112724304,91.90749599962543,0.5329297780990601,-0.7551829218864441,4.301999568939209,96.63426624365559,0.9821940605782302,4.7267702440301695,1,84,1788683394.290115
1788683444.828639,50.524000,gate_sweep_poor_none_r20,-0.037828633561730385,0.0032837148755788803,4.552882075309753,91.89174189993588,0.5265066027641296,-0.7385205030441284,4.298057556152344,96.50863405661578,0.9662728870491182,4.616892156679893,1,80,1788683394.3046205
1788683444.874934,50.560000,gate_sweep_poor_none_r20,-0.038647355511784554,0.003125621937215328,4.550587058067322,91.88307787704863,0.5133688449859619,-0.7266628742218018,4.2921342849731445,96.35430597678986,0.9508475012629934,4.471228099741225,1,77,1788683394.314909
1788683444.919125,50.592000,gate_sweep_poor_none_r20,-0.03925033286213875,0.002991868183016777,4.549033999443054,91.87931331284018,0.5620862245559692,-0.7647064924240112,4.264861583709717,96.57313120300327,1.0157363782152833,4.693817890163077,1,161,1788683394.3271031
1788683444.962436,50.624000,gate_sweep_poor_none_r20,-0.0400237962603569,0.0028352877125144005,4.547151446342468,91.87817677481564,0.5961641669273376,-0.8186956644058228,4.237867832183838,96.68528881391235,1.0841146543518325,4.807112039096712,1,104,1788683394.338422
1788683445.005971,50.656000,gate_sweep_poor_none_r20,-0.04091343469917774,0.0027015432715415955,4.545057654380798,91.88279860275281,0.5961641669273376,-0.8186956644058228,4.237867832183838,96.68526745665693,1.083940418166868,4.80246885390412,1,95,1788683394.3499572
1788683445.051254,50.692000,gate_sweep_poor_none_r20,-0.041577475145459175,0.002695199102163315,4.5435813665390015,91.89091221353334,0.5961641669273376,-0.8186956644058228,4.237867832183838,96.68527271442845,1.0839087220684351,4.794360500895108,1,90,1788683394.359238
1788683445.094985,50.724000,gate_sweep_poor_none_r20,-0.042223479598760605,0.0027544572949409485,4.542235732078552,91.90223309009806,0.5961641669273376,-0.8186956644058228,4.237867832183838,96.68530657862715,1.083955215018429,4.783073488529086,1,85,1788683394.3709695
1788683445.142622,50.756000,gate_sweep_poor_none_r20,-0.042691439390182495,0.0028240876272320747,4.541319251060486,91.91211674931962,0.5961641669273376,-0.8186956644058228,4.237867832183838,96.68527543602693,1.0840267304462694,4.773158686707317,1,83,1788683394.386606
1788683445.186734,50.788000,gate_sweep_poor_none_r20,-0.04343070462346077,0.002985481172800064,4.539982199668884,91.9328331979811,0.5961641669273376,-0.8186956644058228,4.237867832183838,96.68529296718442,1.084211508772329,4.752459769203334,1,76,1788683394.3987198
1788683445.234320,50.824000,gate_sweep_poor_none_r20,-0.044010061770677567,0.003171541728079319,4.538936018943787,91.9511910323845,0.5722431540489197,-0.8117407560348511,4.229682445526123,96.59882086869615,1.067467962856426,4.647629836311642,1,65,1788683394.4103014
1788683445.279788,50.856000,gate_sweep_poor_none_r20,-0.044598087668418884,0.003377276472747326,4.537876009941101,91.97267472940806,0.5722431540489197,-0.8117407560348511,4.229682445526123,96.59882188688732,1.067658090190514,4.62614715747926,1,165,1788683394.4237611
1788683445.327328,50.888000,gate_sweep_poor_none_r20,-0.04535355418920517,0.0036119893193244934,4.53656280040741,92.00057160477841,0.5722431540489197,-0.8117407560348511,4.229682445526123,96.59881277691348,1.0678957559589901,4.598241172135065,1,68,1788683394.4392874
1788683445.373364,50.920000,gate_sweep_poor_none_r20,-0.0460380595177412,0.003765534609556198,4.535580039024353,92.02549998014327,0.6132571697235107,-0.8222268223762512,4.229806900024414,96.96441194010758,1.1001957942262461,4.938911959964306,1,66,1788683394.4533432
1788683445.417925,50.956000,gate_sweep_poor_none_r20,-0.046609003096818924,0.0038559753447771072,4.534890532493591,92.04414648317088,0.6132571697235107,-0.8222268223762512,4.229806900024414,96.96441455451026,1.1004145480334848,4.920268071339374,1,64,1788683394.461908
1788683445.464947,50.988000,gate_sweep_poor_none_r20,-0.047683946788311005,0.003996528685092926,4.533841013908386,92.07739117503746,0.6132571697235107,-0.8222268223762512,4.229806900024414,96.96440732654192,1.1008746194458945,4.887016151504459,1,58,1788683394.4769275
1788683445.510243,51.020000,gate_sweep_poor_none_r20,-0.04864351637661457,0.004119114018976688,4.53307569026947,92.10270879569934,0.6132571697235107,-0.8222268223762512,4.229806900024414,96.964401548303,1.1013319590357045,4.8616927526036635,1,160,1788683394.4902253
1788683445.553981,51.052000,gate_sweep_poor_none_r20,-0.04968585819005966,0.0042310962453484535,4.532372355461121,92.12880307007498,0.6523249745368958,-0.8328236937522888,4.226352691650391,97.34269751432356,1.1345166218979845,5.213894444248577,1,56,1788683394.5019648
1788683445.599923,51.088000,gate_sweep_poor_none_r20,-0.05105745419859886,0.004379137419164181,4.531597971916199,92.16078948086928,0.6655399203300476,-0.8552457690238953,4.224262714385986,97.33869978234131,1.1605695745967795,5.177910301472032,1,55,1788683394.5119054
1788683445.643432,51.120000,gate_sweep_poor_none_r20,-0.05222121253609657,0.004529149271547794,4.530969977378845,92.18608651951308,0.6655399203300476,-0.8552457690238953,4.224262714385986,97.33867842494286,1.161233524815658,5.152591905429775,1,160,1788683394.5234122
1788683445.692646,51.152000,gate_sweep_poor_none_r20,-0.05313747003674507,0.004659244790673256,4.5305317640304565,92.20416894124357,0.6750344634056091,-0.8721449375152588,4.228933334350586,97.36924855719842,1.1789747883427,5.16507961595485,1,54,1788683394.5406258
1788683445.737466,51.184000,gate_sweep_poor_none_r20,-0.05468904227018356,0.0049758851528167725,4.529877543449402,92.23311932160965,0.681453287601471,-0.8852189779281616,4.236105918884277,97.428535172619,1.191911989823184,5.195415851009332,1,169,1788683394.5534484
1788683445.786470,51.220000,gate_sweep_poor_none_r20,-0.05591624230146408,0.005346880294382572,4.529435038566589,92.2549188570732,0.6822494268417358,-0.8886045217514038,4.238406181335449,97.50506374694845,1.1952972266605988,5.250144889875246,1,145,1788683394.5664551
1788683445.834486,51.252000,gate_sweep_poor_none_r20,-0.05713723972439766,0.005787918344140053,4.5290549993515015,92.27585420129887,0.6822494268417358,-0.8886045217514038,4.238406181335449,97.50505890876832,1.1962889345847716,5.229204707469441,1,127,1788683394.582471
1788683445.881738,51.284000,gate_sweep_poor_none_r20,-0.05835031718015671,0.006291970144957304,4.528778910636902,92.2956916140842,0.6822494268417358,-0.8886045217514038,4.238406181335449,97.5050572300379,1.1973487520249402,5.209365615953702,1,110,1788683394.5977185
1788683445.926060,51.316000,gate_sweep_poor_none_r20,-0.05985332652926445,0.007089485414326191,4.528470396995544,92.31751867337547,0.6822494268417358,-0.8886045217514038,4.238406181335449,97.50507923536209,1.1988000251250952,5.187560561986611,1,107,1788683394.6100433
1788683445.970429,51.352000,gate_sweep_poor_none_r20,-0.060728657990694046,0.007674722000956535,4.528288722038269,92.32923656532506,0.6822494268417358,-0.8886045217514038,4.238406181335449,97.50504148667353,1.1997353061100144,5.175804921348469,1,102,1788683394.6184115
1788683446.017186,51.384000,gate_sweep_poor_none_r20,-0.06185489892959595,0.008573011495172977,4.52804172039032,92.3453844752395,0.6822494268417358,-0.8886045217514038,4.238406181335449,97.50506305824943,1.2010443452585864,5.159678583009944,1,99,1788683394.6331558
1788683446.063616,51.416000,gate_sweep_poor_none_r20,-0.06291978433728218,0.009624443482607603,4.527784705162048,92.35874090187494,0.6822494268417358,-0.8886045217514038,4.238406181335449,97.50505739090757,1.2024276931801698,5.14631648903262,1,91,1788683394.6476035
1788683446.112674,51.448000,gate_sweep_poor_none_r20,-0.06416728347539902,0.011132491985335946,4.527484774589539,92.37438249571235,0.6787773966789246,-0.8853318691253662,4.233980178833008,97.61101737973999,1.2007331494722022,5.236634884027646,1,87,1788683394.664638
1788683446.155779,51.484000,gate_sweep_poor_none_r20,-0.06512564793229103,0.012486902647651732,4.527280688285828,92.38494194592796,0.6787773966789246,-0.8853318691253662,4.233980178833008,97.61102561103421,1.2022876010236196,5.2260836651062474,1,84,1788683394.6717656
1788683446.201544,51.516000,gate_sweep_poor_none_r20,-0.06583713740110397,0.013580536907284113,4.5271605253219604,92.3915288674838,0.6787773966789246,-0.8853318691253662,4.233980178833008,97.61104667625752,1.2035152818514638,5.219517808773713,1,76,1788683394.6855204
1788683446.250243,51.548000,gate_sweep_poor_none_r20,-0.0670207291841507,0.015476754866540432,4.527010798454285,92.40021927046392,0.6787773966789246,-0.8853318691253662,4.233980178833008,97.61104837478766,1.205627623121956,5.210829104323748,1,75,1788683394.7022266
1788683446.295262,51.580000,gate_sweep_poor_none_r20,-0.06802908331155777,0.017059831181541085,4.526932597160339,92.40534066092584,0.6787773966789246,-0.8853318691253662,4.233980178833008,97.61103969977114,1.2074153464083508,5.2056990388453075,1,73,1788683394.7152426
1788683446.340818,51.616000,gate_sweep_poor_none_r20,-0.06908119842410088,0.018653044011443853,4.526880145072937,92.40897245048413,0.6787773966789246,-0.8853318691253662,4.233980178833008,97.61102976731146,1.2092442233361254,5.202057316827327,1,71,1788683394.724804
1788683446.385707,51.648000,gate_sweep_poor_none_r20,-0.07041184604167938,0.02063996810466051,4.526925444602966,92.41218018486285,0.6745095252990723,-0.8767341375350952,4.2298712730407715,97.69818300395103,1.2035070900478482,5.2860028190881785,1,71,1788683394.7376924
1788683446.430189,51.680000,gate_sweep_poor_none_r20,-0.0714048407971859,0.02220545243471861,4.527135729789734,92.41371934417758,0.6745095252990723,-0.8767341375350952,4.2298712730407715,97.69815254625335,1.2053409414809302,5.284433202075777,1,70,1788683394.7501726
1788683446.475124,51.712000,gate_sweep_poor_none_r20,-0.07211542129516602,0.023342076689004898,4.527368426322937,92.41437602926615,0.6745095252990723,-0.8767341375350952,4.2298712730407715,97.6981844091819,1.2066857745493769,5.283808379915753,1,67,1788683394.7631016
1788683446.522024,51.748000,gate_sweep_poor_none_r20,-0.07328568398952484,0.025145425461232662,4.52780282497406,92.41659286530677,0.6650935411453247,-0.8620706796646118,4.225828170776367,97.60847279365163,1.1931240459747807,5.1918799283448624,1,67,1788683394.7740068
1788683446.565014,51.780000,gate_sweep_poor_none_r20,-0.0742250457406044,0.026551644317805767,4.528106093406677,92.41659595799246,0.6892127394676208,-0.8682533502578735,4.210392951965332,97.77746726568147,1.2183820707995296,5.360871307689004,1,191,1788683394.7849982
1788683446.611955,51.812000,gate_sweep_poor_none_r20,-0.07519412785768509,0.028023955412209034,4.528271555900574,92.41412138896463,0.6980128884315491,-0.8738132119178772,4.205778121948242,97.77994252541617,1.2309189174593185,5.3658211364515465,1,117,1788683394.7999203
1788683446.656583,51.844000,gate_sweep_poor_none_r20,-0.0765676386654377,0.030071082524955273,4.528262972831726,92.40833972251241,0.6998891830444336,-0.8774653673171997,4.201955795288086,97.68004871240383,1.23813730171108,5.271708989891425,1,100,1788683394.8125682
1788683446.700702,51.880000,gate_sweep_poor_none_r20,-0.07787567004561424,0.032012724317610264,4.528092265129089,92.40416653148505,0.7007868885993958,-0.8786287307739258,4.208488941192627,97.57847737165348,1.2400522265767917,5.174310840168433,1,86,1788683394.8206825
1788683446.749590,51.912000,gate_sweep_poor_none_r20,-0.0789969377219677,0.03371917176991701,4.52791154384613,92.40280451898643,0.6942323446273804,-0.8821709752082825,4.211404800415039,97.38127809246362,1.23972368012053,4.978473573477177,1,81,1788683394.837567
1788683446.795735,51.944000,gate_sweep_poor_none_r20,-0.08070185407996178,0.036418539471924305,4.5275877714157104,92.407765829478,0.7382873296737671,-0.9478782415390015,4.233361721038818,97.4926957147463,1.3138311934698668,5.084929885268314,1,328,1788683394.8517213
1788683446.843364,51.976000,gate_sweep_poor_none_r20,-0.0832531750202179,0.040602958761155605,4.527028918266296,92.42566911619005,0.743759036064148,-0.9706951379776001,4.235756874084473,97.34363749532542,1.3384739225969027,4.917968379135367,1,170,1788683394.8673437
1788683446.892110,52.012000,gate_sweep_poor_none_r20,-0.0857325941324234,0.04474940989166498,4.526440501213074,92.45663182076055,0.7649635076522827,-0.9822096228599548,4.251760005950928,97.38817104239858,1.3615351949249404,4.931539221638024,1,358,1788683394.8800895
1788683446.942320,52.044000,gate_sweep_poor_none_r20,-0.08867888152599335,0.04971753340214491,4.525747179985046,92.50562146100403,0.7648932337760925,-0.9840808510780334,4.258580684661865,97.39968025189046,1.3670048983081133,4.894058790886425,1,220,1788683394.8982863
1788683446.993381,52.076000,gate_sweep_poor_none_r20,-0.09116417914628983,0.05396746378391981,4.5251582860946655,92.55638352902429,0.7606617212295532,-0.9779733419418335,4.260859966278076,97.37348182938963,1.3639511695551658,4.817098300365344,1,175,1788683394.9173625
1788683447.039592,52.108000,gate_sweep_poor_none_r20,-0.09594622999429703,0.062177679501473904,4.524042963981628,92.67120047242585,0.7623074054718018,-0.968448281288147,4.257978439331055,97.47868294485158,1.36732567631923,4.807482472425737,1,369,1788683394.9315703
1788683447.088671,52.144000,gate_sweep_poor_none_r20,-0.10038777440786362,0.06976884882897139,4.523068308830261,92.79041703900008,0.7603273987770081,-0.966202974319458,4.25105094909668,97.60867941168144,1.374067564461287,4.8182623726813585,1,227,1788683394.9446552
1788683447.135267,52.176000,gate_sweep_poor_none_r20,-0.10543078184127808,0.07832783740013838,4.522032141685486,92.93573948013149,0.756976842880249,-0.9641703963279724,4.241322994232178,97.68045589867161,1.3817912664248606,4.744716418540126,1,164,1788683394.9592476
1788683447.182495,52.208000,gate_sweep_poor_none_r20,-0.11262988299131393,0.09050119947642088,4.520648837089539,93.15225931681212,0.7643677592277527,-0.9650247693061829,4.216792583465576,97.90116219966579,1.4055563162316358,4.748902882853668,1,376,1788683394.9744706
1788683447.227845,52.240000,gate_sweep_poor_none_r20,-0.11910005658864975,0.10147699993103743,4.519467711448669,93.3482169448148,0.75969398021698,-0.9544031620025635,4.20261812210083,98.07731703635723,1.4098069150631785,4.729100091542434,1,239,1788683394.9878283
1788683447.271682,52.276000,gate_sweep_poor_none_r20,-0.12434101104736328,0.11041983496397734,4.518549799919128,93.50618514326361,0.7567737698554993,-0.9493072628974915,4.177257061004639,98.33248333345409,1.4198117877744023,4.826298190190489,1,382,1788683394.9956658
1788683447.321592,52.308000,gate_sweep_poor_none_r20,-0.13375699520111084,0.12662297021597624,4.517001032829285,93.77933631353396,0.7512199282646179,-0.9425801634788513,4.172005653381348,98.53692128846856,1.4301752717796976,4.75758497493461,1,202,1788683395.013552
1788683447.369445,52.340000,gate_sweep_poor_none_r20,-0.1418461799621582,0.140707622282207,4.515758395195007,94.00162172599278,0.7469038367271423,-0.9465088248252869,4.155877590179443,98.75779824504491,1.449631121646098,4.756176519052138,1,386,1788683395.0294235
1788683447.414428,52.372000,gate_sweep_poor_none_r20,-0.1504601538181305,0.15584699343889952,4.514574885368347,94.21493291176013,0.7404403686523438,-0.9441781044006348,4.15180778503418,99.00155362314722,1.4612867363730846,4.7866207113870844,1,216,1788683395.0424013
1788683447.460616,52.408000,gate_sweep_poor_none_r20,-0.1618739515542984,0.17622297536581755,4.513086676597595,94.4607703830697,0.7271437644958496,-0.9344469904899597,4.147038459777832,99.18138733166272,1.4689899827915858,4.720616948593022,1,164,1788683395.0525947
1788683447.504947,52.440000,gate_sweep_poor_none_r20,-0.17150531709194183,0.1936537129804492,4.511892199516296,94.62536234829112,0.7245951294898987,-0.9325631260871887,4.1315999031066895,99.40567875042136,1.488617684186295,4.780316402130248,1,378,1788683395.0649273
1788683447.551504,52.472000,gate_sweep_poor_none_r20,-0.1789703220129013,0.20739131700247526,4.51103675365448,94.72732900535716,0.7177596092224121,-0.9255789518356323,4.113919258117676,99.55486284514517,1.4984820669283325,4.827533839788005,1,217,1788683395.0794904
1788683447.598939,52.504000,gate_sweep_poor_none_r20,-0.1918332725763321,0.2314652604982257,4.5097373723983765,94.83804625358545,0.7058733701705933,-0.9138807654380798,4.098396301269531,99.67175632578414,1.5122487270146634,4.8337100721986985,1,367,1788683395.0949016
1788683447.646050,52.540000,gate_sweep_poor_none_r20,-0.20245636999607086,0.25174891483038664,4.508798003196716,94.86830929400377,0.6921523809432983,-0.8914451599121094,4.085611343383789,99.74003334771847,1.512053060850469,4.871724053714695,1,208,1788683395.1060338
1788683447.690176,52.572000,gate_sweep_poor_none_r20,-0.2133415937423706,0.2729442222043872,4.5079344511032104,94.83815373369785,0.6757498383522034,-0.8689088225364685,4.080306053161621,99.7397761969282,1.5090321391985106,4.901622463230349,1,356,1788683395.1181567
1788683447.738216,52.604000,gate_sweep_poor_none_r20,-0.22438649833202362,0.29498014878481627,4.507146239280701,94.7416763361496,0.6611331105232239,-0.850368082523346,4.076533317565918,99.65213779734088,1.5104287593182366,4.910461461191284,1,187,1788683395.1341972
1788683447.784829,52.636000,gate_sweep_poor_none_r20,-0.23844145238399506,0.32370547484606504,4.506291747093201,94.52207669125254,0.6462957262992859,-0.8269782662391663,4.072722434997559,99.52676500255018,1.5148647780357967,5.004688311297649,1,341,1788683395.1488118
1788683447.833769,52.672000,gate_sweep_poor_none_r20,-0.24698670208454132,0.34153858851641417,4.505842089653015,94.33479752068216,0.6312116384506226,-0.8044636845588684,4.070062637329102,99.30732910371304,1.5081303876920458,4.97253158303088,1,167,1788683395.1617434
1788683447.882293,52.704000,gate_sweep_poor_none_r20,-0.2584802210330963,0.3659460050985217,4.505304217338562,94.0174681792027,0.6176959872245789,-0.7832270860671997,4.0643415451049805,99.05482615668437,1.5108711459550603,5.037357977481676,1,327,1788683395.178272
1788683447.928822,52.736000,gate_sweep_poor_none_r20,-0.27005085349082947,0.39102164935320616,4.504830718040466,93.621792810769,0.6016746163368225,-0.7588413953781128,4.057051181793213,98.67702443593042,1.510826538510237,5.05523162516142,1,169,1788683395.192795
1788683447.976432,52.768000,gate_sweep_poor_none_r20,-0.2845224440097809,0.42328409384936094,4.504372954368591,93.01761311840134,0.5883588194847107,-0.7336336970329285,4.050827980041504,98.26691451264772,1.5185794410425342,5.249301394246369,1,319,1788683395.2084115
1788683448.024584,52.804000,gate_sweep_poor_none_r20,-0.2960197925567627,0.44982416462153196,4.504087805747986,92.4455947866198,0.5737665295600891,-0.7115502953529358,4.039978504180908,97.68131046384732,1.5233897486275882,5.2357156772275255,1,157,1788683395.220567
1788683448.071937,52.836000,gate_sweep_poor_none_r20,-0.3045431673526764,0.47012809943407774,4.503929972648621,91.9665697927616,0.562046468257904,-0.683551549911499,4.034812927246094,97.1252414711988,1.5172426082037795,5.158671678437208,1,314,1788683395.2359118
1788683448.121437,52.868000,gate_sweep_poor_none_r20,-0.31843554973602295,0.5046506626531482,4.503817915916443,91.07318514557412,0.5465161800384521,-0.6564695239067078,4.02566385269165,96.41828333847369,1.5247861786673664,5.345098192899577,1,169,1788683395.2534192
1788683448.169458,52.900000,gate_sweep_poor_none_r20,-0.32924625277519226,0.5327906711027026,4.503829836845398,90.2794205144706,0.5346269607543945,-0.6303932666778564,4.022505283355713,95.66882034687173,1.5267439628034123,5.389399832401131,1,325,1788683395.2694178
1788683448.218205,52.936000,gate_sweep_poor_none_r20,-0.3397930860519409,0.5613274080678821,4.503904700279236,89.41964203185881,0.5213912725448608,-0.6057405471801758,4.01922607421875,94.74714106224975,1.5292480120041183,5.327499030390945,1,176,1788683395.28218
1788683448.262948,52.968000,gate_sweep_poor_none_r20,-0.35257086157798767,0.5975513560697436,4.504118800163269,88.26216429708847,0.5096277594566345,-0.5773887634277344,4.021026134490967,93.8732942559147,1.5353336022327926,5.611129958826228,1,339,1788683395.294927
1788683448.311654,53.000000,gate_sweep_poor_none_r20,-0.36243733763694763,0.6269991500303149,4.504348635673523,87.27410554131257,0.493344783782959,-0.5490963459014893,4.012406349182129,92.87761083828285,1.5354383309437774,5.603505296970286,1,206,1788683395.311636
1788683448.357107,53.032000,gate_sweep_poor_none_r20,-0.36958953738212585,0.6493457658216357,4.504554629325867,86.50248146541935,0.47951802611351013,-0.5201157331466675,4.003896236419678,91.89690916956145,1.5294713721878204,5.394427704142104,1,328,1788683395.3250842
1788683448.401992,53.068000,gate_sweep_poor_none_r20,-0.3810105323791504,0.6870668632909656,4.50495183467865,85.16258467464091,0.464526891708374,-0.4879692792892456,3.997452735900879,90.73136206996962,1.5340139527274834,5.5687773953287065,1,173,1788683395.333974
1788683448.446719,53.100000,gate_sweep_poor_none_r20,-0.38967165350914,0.7176521522924304,4.5052632093429565,84.04929744409355,0.450371116399765,-0.46179643273353577,3.9912192821502686,89.6237463157989,1.5365584854081087,5.574448871705349,1,328,1788683395.346705
1788683448.495152,53.132000,gate_sweep_poor_none_r20,-0.39788690209388733,0.7485706908628345,4.505597949028015,82.90826300494001,0.4369085729122162,-0.4301595091819763,3.986117124557495,88.48220658370258,1.5349751452648726,5.573943578762561,1,169,1788683395.3631341
1788683448.539899,53.164000,gate_sweep_poor_none_r20,-0.40751832723617554,0.7875804407522082,4.506069540977478,81.4530115695216,0.42424654960632324,-0.3973289430141449,3.980517625808716,87.32877726274337,1.540145406649622,5.875765693221766,1,356,1788683395.3758774
1788683448.587943,53.200000,gate_sweep_poor_none_r20,-0.414692223072052,0.8190773827955127,4.506493449211121,80.27478648705372,0.41111859679222107,-0.3613221347332001,3.9800758361816406,86.04475104870768,1.533760748778823,5.769964561653968,1,189,1788683395.3879206
1788683448.635290,53.232000,gate_sweep_poor_none_r20,-0.4197317063808441,0.8428427083417773,4.5068429708480835,79.38663546707231,0.3982004225254059,-0.33047932386398315,3.979951858520508,84.87514674588029,1.5242413860692656,5.488511278807988,1,363,1788683395.4032762
1788683448.683391,53.264000,gate_sweep_poor_none_r20,-0.42596831917762756,0.8747386438772082,4.507419466972351,78.20220450577433,0.384675532579422,-0.3016192615032196,3.981330156326294,83.69232050963281,1.522409714471954,5.490116003858473,1,211,1788683395.419369
1788683448.726518,53.296000,gate_sweep_poor_none_r20,-0.43299147486686707,0.9148864252492785,4.508365035057068,76.72645529737713,0.37283092737197876,-0.26953259110450745,3.973611831665039,82.52546573182828,1.5291040313819368,5.799010434451149,1,375,1788683395.4305038
1788683448.775785,53.332000,gate_sweep_poor_none_r20,-0.43798840045928955,0.9471661550924182,4.5093220472335815,75.55811236936397,0.362652450799942,-0.23389291763305664,3.9691388607025146,81.25650934411247,1.5256881008197982,5.698396974748507,1,213,1788683395.4437666
1788683448.821349,53.364000,gate_sweep_poor_none_r20,-0.44241514801979065,0.9796003205701709,4.510430693626404,74.4044009225895,0.35291802883148193,-0.20144939422607422,3.963503837585449,80.12796325272487,1.5253072729386274,5.723562330135368,1,375,1788683395.4573312
1788683448.872298,53.396000,gate_sweep_poor_none_r20,-0.44533559679985046,1.0039864284917712,4.511357665061951,73.54929111236882,0.3433947265148163,-0.167233407497406,3.9583983421325684,79.01953555517441,1.516448297814698,5.47024444280559,1,223,1788683395.4762795
1788683448.916500,53.428000,gate_sweep_poor_none_r20,-0.4494026005268097,1.0446919305250049,4.513141989707947,72.15218708597746,0.332133024930954,-0.1363838165998459,3.952040672302246,77.91525058093772,1.5233425559277844,5.763063494960272,1,379,1788683395.4884734
1788683448.967769,53.464000,gate_sweep_poor_none_r20,-0.4519161880016327,1.0772879226133227,4.514841437339783,71.05877883953863,0.3233126699924469,-0.09918250888586044,3.9462952613830566,76.73093393682116,1.519311427145105,5.672155097282521,1,226,1788683395.5037448
1788683449.016284,53.496000,gate_sweep_poor_none_r20,-0.4537568986415863,1.1098833186551929,4.516813635826111,69.99433412177814,0.3155287504196167,-0.0627119392156601,3.94160795211792,75.68013524774956,1.5157973569059078,5.685801125971417,1,405,1788683395.5202699
1788683449.070268,53.528000,gate_sweep_poor_none_r20,-0.455022931098938,1.1504786117002368,4.519682288169861,68.6969259075879,0.31171780824661255,-0.020938824862241745,3.9454822540283203,74.7384402593734,1.5132137493635578,6.041514351785505,1,243,1788683395.5422537
1788683449.125242,53.560000,gate_sweep_poor_none_r20,-0.45518648624420166,1.1827801568433642,4.522414565086365,67.6935554070454,0.30431175231933594,0.015261922031641006,3.9406278133392334,73.76020333467606,1.5094410314773732,6.066647927630671,1,166,1788683395.5652196
1788683449.176443,53.596000,gate_sweep_poor_none_r20,-0.4547964632511139,1.206879029981792,4.524673342704773,66.95463192256555,0.3061549961566925,0.04265782982110977,3.9377691745758057,73.03455322885576,1.509607442034387,6.079921306290198,1,377,1788683395.580425
1788683449.225833,53.628000,gate_sweep_poor_none_r20,-0.4531901478767395,1.246750126592815,4.528709292411804,65.7631137547742,0.2963651418685913,0.0638684630393982,3.931875228881836,72.15717898533632,1.5222526274392827,6.394065230562113,1,228,1788683395.5978131
1788683449.278766,53.660000,gate_sweep_poor_none_r20,-0.45104044675827026,1.278308759443462,4.532103896141052,64.83996247016053,0.29110607504844666,0.09762400388717651,3.9325664043426514,71.30936535073336,1.5179733712765617,6.4694028805728285,1,378,1788683395.6187427
1788683449.325564,53.692000,gate_sweep_poor_none_r20,-0.44810882210731506,1.3095175130292773,4.5356234312057495,63.9473637788,0.28787848353385925,0.1340680718421936,3.931917667388916,70.49994542861812,1.512553917094412,6.55258164981811,1,224,1788683395.6335483
1788683449.383218,53.728000,gate_sweep_poor_none_r20,-0.44327759742736816,1.3479502303525805,4.540161967277527,62.86547180380811,0.2873542308807373,0.17471791803836823,3.9275996685028076,69.65160861859138,1.5117967777036592,6.786136814783263,1,159,1788683395.6551995
1788683449.433401,53.760000,gate_sweep_poor_none_r20,-0.4384654760360718,1.3781551225110888,4.543857455253601,62.03191747938244,0.29555895924568176,0.19068436324596405,3.9180502891540527,69.27547365030277,1.5298736172775635,7.243556170920321,1,349,1788683395.6733859
1788683449.482781,53.792000,gate_sweep_poor_none_r20,-0.4342896342277527,1.4004535777494311,4.54663360118866,61.423001099745726,0.2992774546146393,0.2225993424654007,3.912790298461914,68.70002314550973,1.5255224042342934,7.277022045764007,1,218,1788683395.6907666
1788683449.535273,53.824000,gate_sweep_poor_none_r20,-0.426352858543396,1.4369059903547168,4.55121123790741,60.439884924798136,0.29975926876068115,0.2528296411037445,3.9073033332824707,68.04653397693923,1.5309777960218895,7.606649052141101,1,149,1788683395.7112582
1788683449.587827,53.860000,gate_sweep_poor_none_r20,-0.41915184259414673,1.465333472006023,4.5548094511032104,59.68064526253003,0.3054352402687073,0.2959751784801483,3.9221577644348145,67.31487154351188,1.5141576588763181,7.6342262809818555,1,327,1788683395.7278051
1788683449.636607,53.892000,gate_sweep_poor_none_r20,-0.4112684726715088,1.4930760962888598,4.558340430259705,58.94528501195585,0.3126862943172455,0.3360416889190674,3.9340462684631348,66.81405751329015,1.5008605281426353,7.868772501334306,1,189,1788683395.7445865
1788683449.686090,53.924000,gate_sweep_poor_none_r20,-0.4027700126171112,1.5201262338086963,4.561794638633728,58.23504376255316,0.31047913432121277,0.3647845387458801,3.9433794021606445,66.1904853783459,1.4919705703065753,7.955441615792741,1,316,1788683395.7620735
1788683449.738385,53.956000,gate_sweep_poor_none_r20,-0.39127668738365173,1.552882800810039,4.566007494926453,57.374201916749435,0.3081836998462677,0.3919084966182709,3.948617458343506,65.45504037549911,1.489388003701279,8.080838458749684,1,225,1788683395.7823699
1788683449.791628,53.992000,gate_sweep_poor_none_r20,-0.38393038511276245,1.571951518766582,4.56848418712616,56.87521260581321,0.3103592097759247,0.4229595959186554,3.952476978302002,64.78282395711362,1.4770529312329341,7.907611351300405,1,161,1788683395.7996037
1788683449.842265,54.024000,gate_sweep_poor_none_r20,-0.3736802935600281,1.5967003209516406,4.571714282035828,56.22706427905008,0.3200541138648987,0.45433908700942993,3.9585177898406982,64.4147218415283,1.4704647411276464,8.187657562478229,1,327,1788683395.8182456
1788683449.894200,54.056000,gate_sweep_poor_none_r20,-0.36296728253364563,1.6206349236890674,4.574832320213318,55.59772453592453,0.3268722891807556,0.49576467275619507,3.947148323059082,63.940895202234024,1.4612319858326435,8.343170666309494,1,218,1788683395.838184
1788683449.944142,54.088000,gate_sweep_poor_none_r20,-0.34896332025527954,1.6493162019178271,4.578547835350037,54.825898541380234,0.3325985074043274,0.5197347402572632,3.946269989013672,63.38249261228513,1.4629614070158077,8.556594070904895,1,135,1788683395.8561168
1788683449.993090,54.124000,gate_sweep_poor_none_r20,-0.3372330367565155,1.6712339026853442,4.581379294395447,54.212841535259074,0.3511005938053131,0.5520544648170471,3.9549498558044434,63.08485103536216,1.4556028450930787,8.87200950010309,1,297,1788683395.8690705
1788683450.045253,54.156000,gate_sweep_poor_none_r20,-0.3281269371509552,1.687065969221294,4.583438754081726,53.74662934741624,0.36241477727890015,0.5837668776512146,3.9543800354003906,62.702627168512784,1.4456249916130013,8.955997821096545,1,194,1788683395.8892298
1788683450.097742,54.188000,gate_sweep_poor_none_r20,-0.3124515414237976,1.7123335702344775,4.586817145347595,52.941478943054896,0.37832656502723694,0.6069225072860718,3.9621126651763916,62.318991128406495,1.4454631430744869,9.3775121853516,1,299,1788683395.9097254
1788683450.146947,54.220000,gate_sweep_poor_none_r20,-0.29946064949035645,1.7314977748319507,4.58947217464447,52.254201250947965,0.4130837917327881,0.614140510559082,3.9699866771698,62.18537858878648,1.4628633286547286,9.931177337838507,1,190,1788683395.9269316
1788683450.198155,54.256000,gate_sweep_poor_none_r20,-0.28605860471725464,1.7497427565976977,4.592146277427673,51.50752793115697,0.44566357135772705,0.610080361366272,3.9744186401367188,61.842998504997674,1.4885681549521346,10.335470573840702,1,122,1788683395.9421382
1788683450.247817,54.288000,gate_sweep_poor_none_r20,-0.268667995929718,1.771326552145183,4.595606207847595,50.4595573608375,0.47102364897727966,0.6197471022605896,3.9328653812408447,61.216022637720975,1.520692066854142,10.756465276883477,1,263,1788683395.9597979
1788683450.299035,54.320000,gate_sweep_poor_none_r20,-0.25422100722789764,1.7876244885846972,4.59849488735199,49.504476987560594,0.4851605296134949,0.6363962888717651,3.9313061237335205,60.483286982617685,1.5222195213355267,10.978809995057087,1,126,1788683395.9790177
1788683450.351044,54.352000,gate_sweep_poor_none_r20,-0.2430761158466339,1.7992680175229907,4.600802779197693,48.70816424805886,0.4724697768688202,0.672002911567688,3.932594060897827,59.3157536298467,1.493062435030205,10.607589381787834,1,263,1788683395.9990258
1788683450.402479,54.388000,gate_sweep_poor_none_r20,-0.22390303015708923,1.817536006681621,4.605005145072937,47.20849917524443,0.44845131039619446,0.7294895052909851,3.9239861965179443,57.52921684705201,1.4490315237220315,10.320717671807591,1,159,1788683396.014461
1788683450.448547,54.420000,gate_sweep_poor_none_r20,-0.20797105133533478,1.8311085803434253,4.608583331108093,45.84272770606667,0.4221896231174469,0.7875354886054993,3.9140350818634033,55.75284212815236,1.4030483042130455,9.910114422085693,1,230,1788683396.0285294
1788683450.501195,54.452000,gate_sweep_poor_none_r20,-0.19155430793762207,1.8437920911237597,4.612303137779236,44.324098304058595,0.3864990174770355,0.8586468696594238,3.897237777709961,53.66010064324184,1.3475812493382213,9.336002339183242,1,123,1788683396.0491817
1788683450.554161,54.484000,gate_sweep_poor_none_r20,-0.17028504610061646,1.858394275419414,4.6170958280563354,42.21127531608256,0.339476078748703,0.9425668120384216,3.8625524044036865,51.183270458703674,1.2914844657478337,8.971995142621113,1,153,1788683396.0701456
1788683450.605146,54.520000,gate_sweep_poor_none_r20,-0.1526404321193695,1.8690917594358325,4.620987296104431,40.35806786849174,0.29196983575820923,1.0526636838912964,3.8395066261291504,48.37672977752517,1.2144731904758297,8.018661909033431,1,151,1788683396.085115
1788683450.653604,54.552000,gate_sweep_poor_none_r20,-0.13898856937885284,1.876561771146953,4.623878836631775,38.882280287447976,0.2805864214897156,1.1472172737121582,3.809481143951416,45.858525823107286,1.1709953760557148,6.976245535659304,1,178,1788683396.1015813
1788683450.698957,54.584000,gate_sweep_poor_none_r20,-0.12024105340242386,1.8857923848554492,4.627605319023132,36.81410792375824,0.27397096157073975,1.224551796913147,3.77255916595459,43.29941231393021,1.150541677545319,6.485304390171966,1,193,1788683396.1149428
1788683450.752130,54.616000,gate_sweep_poor_none_r20,-0.09590627253055573,1.896185408346355,4.631955504417419,34.0987749504343,0.25821033120155334,1.2522907257080078,3.761823892593384,40.68575759937834,1.1389152528894306,6.586982648944045,1,181,1788683396.1361098
1788683450.797662,54.652000,gate_sweep_poor_none_r20,-0.07565459981560707,1.903658757917583,4.635159373283386,31.85195764859252,0.22272524237632751,1.2917665243148804,3.749345302581787,37.5757089899236,1.117188078893937,5.723751341331077,1,195,1788683396.1456478
1788683450.846943,54.684000,gate_sweep_poor_none_r20,-0.054700758308172226,1.9104426009580493,4.638126730918884,29.568893798169185,0.21602925658226013,1.3070380687713623,3.748060703277588,35.20187353149387,1.1088774972859559,5.632979733324683,1,118,1788683396.162905
1788683450.894325,54.716000,gate_sweep_poor_none_r20,-0.038596464321017265,1.9151411158964038,4.640165209770203,27.846774762123363,0.22221645712852478,1.3394187688827515,3.7431509494781494,32.5281715763346,1.0973213677010272,4.681396814211236,1,193,1788683396.1783042
1788683450.941514,54.748000,gate_sweep_poor_none_r20,-0.01088509801775217,1.9222948653623462,4.643179774284363,24.998506437140083,0.2502651512622833,1.356632113456726,3.7605886459350586,30.135208826063906,1.0803429554698645,5.136702388923823,1,133,1788683396.1934888
1788683450.986062,54.784000,gate_sweep_poor_none_r20,0.012040037661790848,1.9275183780118823,4.64530074596405,22.769729508664334,0.2660789489746094,1.388084888458252,3.7724978923797607,27.209002534325645,1.0570284193615078,4.439273025661311,1,234,1788683396.2020483
1788683451.033273,54.816000,gate_sweep_poor_none_r20,0.03560033440589905,1.9324060780927539,4.647207617759705,20.61573164577718,0.27921974658966064,1.404877781867981,3.7829113006591797,24.86343777186346,1.0414627430033703,4.247706126086277,1,129,1788683396.217234
1788683451.077742,54.848000,gate_sweep_poor_none_r20,0.06589126586914062,1.9381972653791308,4.649400115013123,18.070342181298287,0.28932395577430725,1.4310712814331055,3.7822399139404297,22.513968767869194,1.0291091996653785,4.443626586570909,1,171,1788683396.229724
1788683451.126831,54.880000,gate_sweep_poor_none_r20,0.09079024940729141,1.9427691800519824,4.651109576225281,16.184147377605555,0.28725379705429077,1.454356074333191,3.785600423812866,20.212934810420315,1.013040660734591,4.028787432814758,1,83,1788683396.246816
1788683451.172062,54.916000,gate_sweep_poor_none_r20,0.10986661911010742,1.9462668998166919,4.652485728263855,14.87294454678845,0.29115739464759827,1.4796850681304932,3.785942316055298,17.853630858716468,1.0007309509536928,2.9806863119280202,1,119,1788683396.256044
1788683451.221569,54.948000,gate_sweep_poor_none_r20,0.14239342510700226,1.9522998435422778,4.654979586601257,12.913598120439632,0.30410701036453247,1.4920423030853271,3.7862253189086914,16.067502330088825,0.9963544875386333,3.1539042096491916,1,74,1788683396.2735493
1788683451.265897,54.980000,gate_sweep_poor_none_r20,0.16902804374694824,1.9573491914197803,4.657180190086365,11.566006282933682,0.3204224407672882,1.5151973962783813,3.788257598876953,14.285817426146242,0.9866331349138808,2.719811143212559,1,120,1788683396.2858803
1788683451.310735,55.012000,gate_sweep_poor_none_r20,0.1962299346923828,1.962719808332622,4.659607291221619,10.430886511232925,0.3335917294025421,1.5321837663650513,3.7846627235412598,12.835742722747751,0.9847626833874585,2.404856211514825,1,73,1788683396.2987156
1788683451.356424,55.048000,gate_sweep_poor_none_r20,0.2309723198413849,1.9699519975110888,4.662972331047058,9.324245614569678,0.33225521445274353,1.562990665435791,3.7784013748168945,11.278095847424815,0.9789491953882502,1.953850232855137,1,56,1788683396.3084092
1788683451.403401,55.080000,gate_sweep_poor_none_r20,0.25937315821647644,1.9762039287015796,4.665883421897888,8.693597212428443,0.33660387992858887,1.5899646282196045,3.774434804916382,10.037559236978163,0.9745901796812954,1.3439620245497195,1,43,1788683396.323384
1788683451.449965,55.112000,gate_sweep_poor_none_r20,0.281016081571579,1.9811709029600024,4.668162226676941,8.370653899123594,0.3179544508457184,1.5918517112731934,3.684866189956665,10.474385756137293,1.0582083783310852,2.1037318570137002,1,171,1788683396.337934
1788683451.498331,55.144000,gate_sweep_poor_none_r20,0.3176533579826355,1.9900143248960376,4.672112345695496,8.114703763425089,0.35406166315078735,1.570565938949585,3.6565182209014893,10.847823601650772,1.099406175839669,2.733119838225683,1,93,1788683396.3543146
1788683451.540884,55.180000,gate_sweep_poor_none_r20,0.3473855257034302,1.9976923568174243,4.675355315208435,8.158914777152956,0.41077351570129395,1.5608468055725098,3.6330666542053223,11.309108228401739,1.1319088858093236,3.150193451248782,1,201,1788683396.360845
1788683451.588849,55.212000,gate_sweep_poor_none_r20,0.37744444608688354,2.0060132844373584,4.678526282310486,8.411945915438086,0.44715625047683716,1.5630881786346436,3.6239402294158936,11.580078341740354,1.1459468259834071,3.1681324263022677,1,103,1788683396.3768222
1788683451.633657,55.244000,gate_sweep_poor_none_r20,0.40779614448547363,2.0149523122236133,4.681568503379822,8.867560315431097,0.4845753014087677,1.5654329061508179,3.617222547531128,12.185564804836766,1.1579270482657187,3.3180044894056673,1,202,1788683396.3896437
1788683451.678469,55.276000,gate_sweep_poor_none_r20,0.4744783639907837,1.949221740476787,4.671387076377869,16.342222087590457,0.5085380673408508,1.5861847400665283,3.604783535003662,13.947729743127226,1.1272085173255086,2.394492344463229,1,113,1788683396.4024463
1788683451.724665,55.312000,gate_sweep_poor_none_r20,0.5180826485157013,1.9019970996305346,4.663884997367859,20.979721501423832,0.59861820936203,1.5928500890731812,3.6085848808288574,18.221109541370442,1.1025952052610293,2.7586119600533894,1,169,1788683396.412646
1788683451.772435,55.344000,gate_sweep_poor_none_r20,0.578649491071701,1.8347847564145923,4.654890418052673,26.965077281743568,0.6797260046005249,1.489448070526123,3.6004040241241455,24.175561330109137,1.1141882440539228,2.78951595163443,1,115,1788683396.4284081
1788683451.821192,55.376000,gate_sweep_poor_none_r20,0.6416797339916229,1.7633234364911914,4.647307753562927,32.64237934674282,0.7542237043380737,1.4135888814926147,3.597568988800049,28.594075113619944,1.1121743921109175,4.048304233122878,1,126,1788683396.4451733
1788683451.868635,55.408000,gate_sweep_poor_none_r20,0.7229636609554291,1.6695736749097705,4.638959288597107,39.20850958261422,0.7519020438194275,1.36458420753479,3.620434522628784,31.10856843736591,1.0636017601072707,8.099941145248312,1,73,1788683396.4606173
1788683451.921517,55.444000,gate_sweep_poor_none_r20,0.7874639928340912,1.5970193250104785,4.633026480674744,44.06249432845099,0.7062125205993652,1.3483762741088867,3.648061990737915,31.053127796205352,1.019107558081324,13.009366532245636,1,62,1788683396.4774923
1788683451.972279,55.476000,gate_sweep_poor_none_r20,0.8347675502300262,1.5459507806226611,4.6290000677108765,47.49812579360742,0.665771484375,1.2483527660369873,3.713031768798828,34.96569716923314,0.977814999461372,12.53242862437428,1,197,1788683396.496255
1788683452.022747,55.508000,gate_sweep_poor_none_r20,0.9113979041576385,1.466781030409038,4.6226266622543335,52.858413606697454,0.5982755422592163,1.1982723474502563,3.7758185863494873,38.33894544018861,0.9419269843054576,14.51946816650884,1,207,1788683396.5147297
1788683452.072790,55.540000,gate_sweep_poor_none_r20,0.9705776870250702,1.4096441371366382,4.617723345756531,56.856468904009795,0.8057515621185303,1.1746941804885864,3.8258872032165527,42.01055430912707,0.842243201345799,14.845914594882716,1,212,1788683396.5327675
1788683452.123040,55.576000,gate_sweep_poor_none_r20,1.0277170240879059,1.358274589292705,4.612841963768005,60.63285893395381,0.9495153427124023,1.0944945812225342,3.8670690059661865,45.75436600674086,0.7949042082011698,14.878492927212953,1,135,1788683396.5470195
1788683452.174194,55.608000,gate_sweep_poor_none_r20,1.0961178839206696,1.3023606641218066,4.60667884349823,65.07379122012489,1.0349371433258057,1.0865873098373413,3.8687381744384766,48.93270284058473,0.771270156619107,16.141088379540165,1,331,1788683396.5661707
1788683452.226631,55.640000,gate_sweep_poor_none_r20,1.148280531167984,1.2644801242277026,4.6016610860824585,68.40913285841563,1.063173532485962,1.049690842628479,3.8884263038635254,51.80970139043202,0.7497209422721638,16.599431467983603,1,188,1788683396.586604
1788683452.275848,55.672000,gate_sweep_poor_none_r20,1.1858743727207184,1.2401521308347583,4.597825407981873,70.78472042269532,1.0752654075622559,0.9809085726737976,3.9324963092803955,54.759701395903335,0.722567903522085,16.025019026791988,1,336,1788683396.6038327
1788683452.327340,55.708000,gate_sweep_poor_none_r20,1.2456866800785065,1.2070627314969897,4.591228365898132,74.5043629585529,1.1069570779800415,0.9479252696037292,3.9338314533233643,57.70136870625209,0.7201172316489286,16.802994252300813,1,205,1788683396.6193204
1788683452.378018,55.740000,gate_sweep_poor_none_r20,1.290872722864151,1.187467466108501,4.585729956626892,77.26852948836869,1.1235136985778809,0.944664478302002,3.919980049133301,60.072333518063814,0.7281382239832905,17.196195970304874,1,146,1788683396.6379957
1788683452.429121,55.772000,gate_sweep_poor_none_r20,1.3339383900165558,1.173138271085918,4.579635500907898,80.015292632386,1.187278389930725,0.9443594813346863,3.862532377243042,61.857344639451064,0.7668675115266703,18.157947992934925,1,349,1788683396.6571019
1788683452.474855,55.804000,gate_sweep_poor_none_r20,1.384578377008438,1.162754069082439,4.570816397666931,83.27852583759478,1.2114291191101074,0.9129965901374817,3.8581206798553467,64.24329908091839,0.7747868416452702,19.03522675667639,1,220,1788683396.6708386
1788683452.528067,55.840000,gate_sweep_poor_none_r20,1.4223486483097076,1.1600456340238452,4.563103556632996,85.568807238978,1.2624107599258423,0.9109447598457336,3.8323073387145996,66.98705335749804,0.7884760527630632,18.581753881479955,1,161,1788683396.688043
1788683452.576611,55.872000,gate_sweep_poor_none_r20,1.3954788744449615,1.096182475797832,4.55580461025238,49.53144416960502,1.0356695652008057,0.7325723767280579,3.6379847526550293,55.44082479486098,1.0507465603866184,5.909380625255963,1,337,1788683396.704594
1788683452.623846,55.904000,gate_sweep_poor_none_r20,1.3450025618076324,0.9976028902456164,4.544866442680359,-6.910875129497205,1.251784086227417,1.0340934991836548,3.6584670543670654,17.100814547862306,0.892034261860131,24.011689677359513,1,290,1788683396.7198322
1788683452.674292,55.936000,gate_sweep_poor_none_r20,1.2813372910022736,0.8745791418477893,4.530019164085388,-81.95346486291706,1.2581523656845093,1.0452003479003906,3.6505048274993896,7.995762240166818,0.8962112501955907,89.94922710308387,1,115,1788683396.7382736
1788683452.723886,55.972000,gate_sweep_poor_none_r20,1.2285113632678986,0.774468551389873,4.515522837638855,-134.4209001020896,1.256007194519043,1.052864670753479,3.6443724632263184,-1.4896196812819724,0.9149663353654107,132.93128042080764,1,225,1788683396.7518444
1788683452.771827,56.004000,gate_sweep_poor_none_r20,1.1716068089008331,0.6725610001012683,4.498433947563171,170.44953255360818,1.2912760972976685,0.9658882021903992,3.463024139404297,-8.795477048410245,1.0827904030339575,179.24500960201843,1,367,1788683396.7678006
1788683452.822237,56.036000,gate_sweep_poor_none_r20,1.1259044706821442,0.5959943635389209,4.484085440635681,128.34340260373236,1.4199211597442627,1.125862717628479,3.5873796939849854,-123.30042664243027,1.0822603578571146,108.35617075383742,1,395,1788683396.786203
1788683452.869304,56.068000,gate_sweep_poor_none_r20,1.0452868044376373,0.4706188542768359,4.459572196006775,62.854049711360915,0.47163331508636475,1.0684683322906494,3.320801258087158,-102.6864971312658,1.4082974022757422,165.5405468426267,1,389,1788683396.8012843
1788683452.916393,56.104000,gate_sweep_poor_none_r20,0.9791996777057648,0.37264157366007566,4.4397653341293335,10.174383229390235,1.4191513061523438,0.8985681533813477,3.5113518238067627,112.32451498177385,1.1541697660134709,102.15013175238361,1,351,1788683396.8123746
1788683452.968763,56.136000,gate_sweep_poor_none_r20,0.9130266606807709,0.2751109404489398,4.420692324638367,-43.00639808465559,1.4064881801605225,0.8908235430717468,3.503556728363037,104.11074204895242,1.209852876258564,147.11714013360802,1,200,1788683396.8327384
1788683453.015913,56.168000,gate_sweep_poor_none_r20,0.8297058641910553,0.15077903401106596,4.397909998893738,-105.83001141613532,1.2203395366668701,0.5357474088668823,3.288226366043091,92.17856062480948,1.2378178705801917,161.99142795905522,1,203,1788683396.8478932
1788683453.063161,56.200000,gate_sweep_poor_none_r20,0.7607167661190033,0.048241990618407726,4.379447340965271,-156.48029139748166,1.1623822450637817,0.24794307351112366,2.8694255352020264,80.6562301914203,1.5752401510134737,122.86347841109801,1,378,1788683396.8631399
1788683453.110122,56.236000,gate_sweep_poor_none_r20,0.7066554725170135,-0.030055043287575245,4.364709734916687,165.02754684459103,1.0129162073135376,0.16738654673099518,2.8138818740844727,67.13957203979905,1.5930617919844132,97.88797480479198,1,412,1788683396.8741007
1788683453.160231,56.268000,gate_sweep_poor_none_r20,0.6117621958255768,-0.16073827911168337,4.338794589042664,104.10357990500967,0.9208707213401794,0.17646381258964539,2.65926194190979,57.199377296214536,1.7407134295968192,46.904202608795124,1,354,1788683396.892207
1788683453.212021,56.300000,gate_sweep_poor_none_r20,0.5329953730106354,-0.2638977961614728,4.317438960075378,56.33101299878842,1.386587142944336,0.6025512218475342,2.484450340270996,47.55935681120693,2.1998181949515043,8.771656187581485,1,392,1788683396.911999
1788683453.265422,56.332000,gate_sweep_poor_none_r20,0.4533289670944214,-0.3662142949178815,4.295615077018738,7.888231536321152,0.8995437622070312,0.41818392276763916,2.5332601070404053,-48.932597450959506,1.979970516824162,56.820828987280656,1,393,1788683396.9334025
1788683453.313507,56.368000,gate_sweep_poor_none_r20,0.35411202907562256,-0.4948221342638135,4.2687753438949585,-50.44176696785557,0.6528312563896179,0.17451532185077667,2.2548909187316895,-36.34661303100625,2.143123021396628,14.095153936849323,1,268,1788683396.945489
1788683453.366810,56.400000,gate_sweep_poor_none_r20,0.2751762568950653,-0.6003725426271558,4.247109770774841,-96.03888171067278,0.7149915099143982,0.5333680510520935,2.373122453689575,-39.81178712352507,2.233972617365994,56.22709458714771,1,355,1788683396.9667797
1788683453.416511,56.432000,gate_sweep_poor_none_r20,0.2156369984149933,-0.6819208757951856,4.230379939079285,-130.755489414104,0.8214874267578125,1.1515437364578247,2.288686990737915,-44.94099123110193,2.73839710990679,85.81449818300207,1,364,1788683396.9844904
1788683453.467404,56.464000,gate_sweep_poor_none_r20,0.1140059381723404,-0.8219411270692945,4.200882315635681,172.45852718821752,1.0361343622207642,1.9619965553283691,2.2143969535827637,-51.576516673777455,3.5421397408292936,135.96495613800505,1,343,1788683397.0033667
1788683453.516587,56.500000,gate_sweep_poor_none_r20,0.029948662966489792,-0.9364235894754529,4.175901770591736,129.2487634514877,1.0056384801864624,1.1269619464874268,2.1598927974700928,-146.72600773102968,3.0452951694629777,84.02522881748264,1,399,1788683397.0165594
1788683453.562819,56.532000,gate_sweep_poor_none_r20,-0.056033939123153687,-1.0516787664964795,4.150224089622498,85.96046932530405,0.972140908241272,0.9815148711204529,2.136814832687378,-154.39413896185994,3.040532308776025,119.64539171283607,1,379,1788683397.0307932
1788683453.609914,56.564000,gate_sweep_poor_none_r20,-0.14245280623435974,-1.1667249100282788,4.124034285545349,42.53856059759197,0.997026801109314,0.8232547044754028,2.02103590965271,-166.11446216361622,3.1114361331544944,151.34697723879182,1,380,1788683397.0458837
1788683453.659681,56.596000,gate_sweep_poor_none_r20,-0.24909527599811554,-1.3112523453310132,4.091279864311218,-9.439185289915558,1.2862482070922852,0.9455052614212036,2.0273597240448,-175.58923375750902,3.4219878509573216,166.15004846759348,1,396,1788683397.0636625
1788683453.706537,56.632000,gate_sweep_poor_none_r20,-0.3115404546260834,-1.3991343872621655,4.071488738059998,-40.016885740503234,2.4250974655151367,0.8234177827835083,1.4118282794952393,175.41732340922468,4.416188289620642,144.56579085027212,1,374,1788683397.0745132
1788683453.757073,56.664000,gate_sweep_poor_none_r20,-0.3927783966064453,-1.5187277691438794,4.0443867444992065,-81.52644403529354,1.1726363897323608,0.7545815706253052,2.078117609024048,100.86159758669194,3.388904413035606,177.61195837801455,1,332,1788683397.0930583
1788683453.807556,56.696000,gate_sweep_poor_none_r20,-0.47231847047805786,-1.6422155993059278,4.016396880149841,-122.80432021682368,1.1587436199188232,0.751059889793396,2.0791878700256348,94.33586217317766,3.4843808428987577,142.8598176099987,1,214,1788683397.1115344
1788683453.855754,56.728000,gate_sweep_poor_none_r20,-0.5709002912044525,-1.8021650211885571,3.979517340660095,-171.2057103071924,1.257614016532898,0.9050959348678589,1.7229911088943481,81.6452356005618,3.9704706386566597,107.14905409224585,1,224,1788683397.127734
1788683453.905657,56.764000,gate_sweep_poor_none_r20,-0.6497139036655426,-1.933747281320393,3.9487870931625366,151.02176725524765,1.3177571296691895,0.7896596193313599,1.7110167741775513,70.91048629721479,4.03676893245811,80.11128095803285,1,301,1788683397.1416357
1788683453.958579,56.796000,gate_sweep_poor_none_r20,-0.708780437707901,-2.0338798658922315,3.9251431226730347,121.87991384071982,1.3469808101654053,0.7819648385047913,1.7796149253845215,62.332491372587356,4.093705772634187,59.54742246813247,1,350,1788683397.1625638
1788683454.007036,56.828000,gate_sweep_poor_none_r20,-0.8063240945339203,-2.2017997400835156,3.884950041770935,73.71040682516798,1.1858735084533691,0.907595694065094,1.6008355617523193,-13.84684823624178,4.34216192847333,87.55725506140975,1,398,1788683397.1790206
1788683454.062267,56.860000,gate_sweep_poor_none_r20,-0.8821706473827362,-2.3368743555620313,3.8525489568710327,37.85781564863597,1.1855672597885132,0.9202212691307068,1.5912706851959229,-19.604130746352116,4.471866655334827,57.46194639498808,1,396,1788683397.2022445
1788683454.116125,56.896000,gate_sweep_poor_none_r20,-0.9546436369419098,-2.472663273103535,3.8197792768478394,2.876208803951001,1.3686851263046265,0.6424309015274048,2.4640955924987793,-25.09525542490926,4.115768034153351,27.971464228860263,1,407,1788683397.2201033
1788683454.162584,56.928000,gate_sweep_poor_none_r20,-1.0391580760478973,-2.64440690446645,3.7774146795272827,-43.159556276444235,1.7472537755966187,0.4235416054725647,3.24726939201355,-32.97656195596925,4.178211709870032,10.18299432047498,1,411,1788683397.2345629
1788683454.213675,56.960000,gate_sweep_poor_none_r20,-1.1014085710048676,-2.7847105162218213,3.7423635721206665,-80.22542393563108,1.4768476486206055,0.7576701045036316,2.327021598815918,-100.7225102815552,4.604243531518165,20.497086345924114,1,371,1788683397.2536538
1788683454.259175,56.992000,gate_sweep_poor_none_r20,-1.1451749503612518,-2.8921424048021436,3.7150360345840454,-105.95427168834564,1.4859223365783691,0.7552981972694397,2.3168859481811523,-105.9192863562435,4.709704825473648,0.03498533210213558,1,334,1788683397.267152
1788683454.310090,57.028000,gate_sweep_poor_none_r20,-1.2136220633983612,-3.0753375189378858,3.6673768758773804,-145.07661466219878,1.4938911199569702,0.7511667013168335,2.306898593902588,-111.0234159624407,4.880949020569174,34.05319869975806,1,287,1788683397.282068
1788683454.356616,57.060000,gate_sweep_poor_none_r20,-1.2645096480846405,-3.2253328459337354,3.6278213262557983,-177.2361480437052,1.5002923011779785,0.7449983358383179,2.296983003616333,-115.99965200697662,5.017847163137163,61.23649603672858,1,217,1788683397.296578
1788683454.401442,57.092000,gate_sweep_poor_none_r20,-1.31241175532341,-3.3773366110399365,3.5873271226882935,147.74383732286225,1.5066509246826172,0.738268256187439,2.2873451709747314,-121.00485617750228,5.155120841622379,91.25130649963548,1,329,1788683397.3094225
1788683454.452893,57.124000,gate_sweep_poor_none_r20,-1.3674602210521698,-3.5692354338243604,3.5357033014297485,105.54277638964005,1.5134700536727905,0.7312348484992981,2.278005361557007,-126.0938522900196,5.326876008030964,128.36337132034038,1,314,1788683397.3288753
1788683454.500382,57.160000,gate_sweep_poor_none_r20,-1.406932920217514,-3.72316085267812,3.493879199028015,76.18313194228853,1.850454568862915,0.05918627977371216,2.9988648891448975,-160.10051659922033,5.016150142427294,123.71635145849118,1,386,1788683397.3403645
1788683454.550796,57.192000,gate_sweep_poor_none_r20,-1.4333406388759613,-3.8382528917863965,3.4620217084884644,55.33429278450058,1.5984055995941162,-0.5132401585578918,3.7169721126556396,171.08326146271065,4.506905217462884,115.74896867821005,1,406,1788683397.358778
1788683454.600595,57.224000,gate_sweep_poor_none_r20,-1.4637416303157806,-3.9908436434343457,3.418291449546814,26.107691859314162,0.9382251501083374,-0.9795569181442261,4.180630683898926,127.67539050288667,3.926633833756601,101.56769864357251,1,392,1788683397.3765676
1788683454.651107,57.256000,gate_sweep_poor_none_r20,-1.4926278293132782,-4.180351604707539,3.36139714717865,-15.008390891340504,-0.033460259437561035,-1.0671439170837402,4.263238430023193,64.44961781620736,3.5545111904029247,79.45800870754786,1,411,1788683397.3950903
1788683454.701674,57.292000,gate_sweep_poor_none_r20,-1.5077590644359589,-4.331486095674336,3.31377375125885,-47.49091162814008,-1.1909900903701782,-0.7927712798118591,4.5842604637146,23.110829872836177,3.7731924967409105,70.60174150097626,1,408,1788683397.4096556
1788683454.750623,57.324000,gate_sweep_poor_none_r20,-1.5161504447460175,-4.482550491578877,3.2635780572891235,-75.1954895924061,-0.46297019720077515,0.30437415838241577,4.496248245239258,-11.18969059980483,5.054039179753905,64.00579899260127,1,317,1788683397.4266052
1788683454.801940,57.356000,gate_sweep_poor_none_r20,-1.51860710978508,-4.595928539521992,3.2243365049362183,-93.26825027822044,-1.2482258081436157,-0.8387126326560974,4.391660690307617,24.610882688160284,3.943656066752835,117.87913296638072,1,214,1788683397.4459243
1788683454.847152,57.388000,gate_sweep_poor_none_r20,-1.5149060189723969,-4.7846616404131055,3.155828833580017,-123.23255587812685,-1.2404918670654297,-0.8382167220115662,4.378329753875732,25.412555229808454,4.14056024239088,148.6451111079353,1,176,1788683397.45913
1788683454.895321,57.424000,gate_sweep_poor_none_r20,-1.5052154958248138,-4.935034145601094,3.09884250164032,-150.77100098128918,-1.231645941734314,-0.8372740745544434,4.365230560302734,26.26556606696539,4.29769899084525,177.03656704825457,1,120,1788683397.4713051
1788683454.942069,57.456000,gate_sweep_poor_none_r20,-1.4896560609340668,-5.084225048311055,3.040179133415222,178.05695938423054,-1.221656084060669,-0.8358039855957031,4.352266788482666,27.14098575839717,4.454489816837385,150.91597362583337,1,66,1788683397.486051
1788683454.989879,57.488000,gate_sweep_poor_none_r20,-1.4624260365962982,-5.267941822297871,2.9637874364852905,141.3795283331084,-1.2105778455734253,-0.8337922096252441,4.3397297859191895,28.080991556052457,4.649551338339214,113.29853677705594,1,144,1788683397.501845
1788683455.040118,57.520000,gate_sweep_poor_none_r20,-1.434525340795517,-5.41172491479665,2.899539589881897,118.51736458356771,-1.1993317604064941,-0.8311460018157959,4.327300071716309,28.772834847341645,4.8036984909327005,89.74452973622606,1,174,1788683397.5201018
1788683455.089232,57.556000,gate_sweep_poor_none_r20,-1.4100862443447113,-5.517192711122334,2.849200129508972,103.85941426702774,-0.436082124710083,-0.7040858268737793,5.872777938842773,2.9525724020316404,5.766862636942365,100.90684186499611,1,345,1788683397.5332031
1788683455.141796,57.588000,gate_sweep_poor_none_r20,-1.3621113002300262,-5.687629093416035,2.7618688344955444,79.02478301779156,-0.08334964513778687,-0.5006490349769592,5.509848594665527,-155.0776555778738,6.007610694734035,125.89756140433464,1,405,1788683397.5537658
1788683455.193120,57.620000,gate_sweep_poor_none_r20,-1.3169171512126923,-5.818641533143818,2.689186930656433,54.980403836285284,0.024200215935707092,-0.480217307806015,5.394039630889893,-157.2751646730624,6.13299251035747,147.74443149065232,1,404,1788683397.573101
1788683455.244923,57.652000,gate_sweep_poor_none_r20,-1.2656534612178802,-5.944502224214375,2.6131709814071655,26.60568741878808,0.03418664261698723,-0.5491761565208435,5.265420436859131,-160.67992694010923,6.150898702321152,172.7143856411027,1,182,1788683397.5929034
1788683455.293371,57.688000,gate_sweep_poor_none_r20,-1.193498581647873,-6.094591011293232,2.512776732444763,-7.452441178306567,0.02625313773751259,-0.6001328229904175,5.152166366577148,-165.98664613277307,6.216368930550772,158.5342049544665,1,387,1788683397.6053479
1788683455.338545,57.720000,gate_sweep_poor_none_r20,-1.129350870847702,-6.20859991479665,2.4284948110580444,-28.59432025596937,0.05003079026937485,-0.645313024520874,5.041599750518799,-174.68219470506673,6.258547718978244,146.08787444909737,1,381,1788683397.6185217
1788683455.386726,57.752000,gate_sweep_poor_none_r20,-1.0776768624782562,-6.290333618409932,2.36310350894928,-41.634229847267946,-0.02070894092321396,-0.7003481984138489,4.968958377838135,168.37040937051052,6.257443390129624,149.99536078222155,1,287,1788683397.6347065
1788683455.437181,57.784000,gate_sweep_poor_none_r20,-0.985503762960434,-6.418957103975117,2.2503193616867065,-61.46841702028566,-0.5730118751525879,-0.5748316645622253,4.718626022338867,130.50229042000424,6.357396438804177,168.0292925597101,1,197,1788683397.6531467
1788683455.481663,57.820000,gate_sweep_poor_none_r20,-0.906876415014267,-6.514324535615742,2.1564067602157593,-78.62667728681222,-0.6587387919425964,-0.5775587558746338,4.696352005004883,73.13581662216984,6.462049369202899,151.76249390898207,1,118,1788683397.6616383
1788683455.528122,57.852000,gate_sweep_poor_none_r20,-0.8242654502391815,-6.602291931398213,2.0593341588974,-99.91532515751886,-0.5908836722373962,-0.5951530337333679,4.612110614776611,51.05409240078393,6.531221357742556,150.9694175583028,1,75,1788683397.676109
1788683455.573416,57.884000,gate_sweep_poor_none_r20,-0.7381280362606049,-6.682671417482197,1.9592180252075195,-126.55787223100249,-0.5898712873458862,-0.596076488494873,4.607402324676514,48.630441196900655,6.63938987988558,175.18831342790313,1,0,1788683397.689401
1788683455.619464,57.916000,gate_sweep_poor_none_r20,-0.6262900531291962,-6.7716258661821485,1.8286645412445068,-160.43690534827266,-0.5895050764083862,-0.5970693230628967,4.603092670440674,46.24794838197495,6.769339190996715,153.3151462697524,1,0,1788683397.7034514
1788683455.667494,57.952000,gate_sweep_poor_none_r20,-0.5573658645153046,-6.818440784700215,1.7471959590911865,-176.00993874484195,-0.5898550152778625,-0.5981549620628357,4.599363327026367,43.833167677575446,6.843089211382177,140.15689357758265,1,0,1788683397.715477
1788683455.716983,57.984000,gate_sweep_poor_none_r20,-0.46366626024246216,-6.8726814882829785,1.6352884769439697,169.35377336497723,-0.5913525223731995,-0.59940505027771,4.5965657234191895,41.25234528924025,6.938260875728214,128.10142807573698,1,0,1788683397.7329674
1788683455.763117,58.016000,gate_sweep_poor_none_r20,-0.3686724007129669,-6.916891445405781,1.5193843841552734,159.3276533243565,-0.5937169194221497,-0.600721538066864,4.594433784484863,38.563731710841374,7.028554342696806,120.76392161351514,1,0,1788683397.7470982
1788683455.807604,58.048000,gate_sweep_poor_none_r20,-0.2496710568666458,-6.957215656526387,1.368037223815918,149.6618547794528,-0.5963855385780334,-0.602067232131958,4.592965602874756,35.84484816023532,7.135004238118605,113.81700661921747,1,0,1788683397.759591
1788683455.856849,58.084000,gate_sweep_poor_none_r20,-0.1556846797466278,-6.977460731752217,1.2404353618621826,138.88730493889787,-0.598876416683197,-0.6034788489341736,4.59225606918335,33.16043180710981,7.2151760901732995,105.72687313178805,1,0,1788683397.7728302
1788683455.907618,58.116000,gate_sweep_poor_none_r20,-0.08636890351772308,-6.985620369203389,1.1403204202651978,126.47346404656615,-0.5989648699760437,-0.6046950221061707,4.59021520614624,31.080488192759123,7.271914255799933,95.39297585380703,1,0,1788683397.7916033
1788683455.959900,58.148000,gate_sweep_poor_none_r20,0.02718387544155121,-6.9856809275224805,0.9658299684524536,94.63415682493402,-0.5961154699325562,-0.6060836911201477,4.587917804718018,29.578675993582127,7.362559559438486,65.0554808313519,1,0,1788683397.8118527
1788683456.010464,58.180000,gate_sweep_poor_none_r20,0.11537148058414459,-6.973575939424336,0.8190326690673828,64.50114907973514,-0.59151691198349,-0.6077424883842468,4.5860466957092285,28.409146040616836,7.430607068257898,36.0920030391183,1,0,1788683397.8304505
1788683456.062539,58.216000,gate_sweep_poor_none_r20,0.2004067748785019,-6.95112978387624,0.6660845279693604,42.705560902349646,-0.5854181051254272,-0.6095225214958191,4.584133625030518,27.578365774742238,7.495639541712971,15.12719512760741,1,0,1788683397.8465176
1788683456.114115,58.248000,gate_sweep_poor_none_r20,0.30101296305656433,-6.909046997316182,0.4671221077442169,27.057301974333335,-0.40626224875450134,-0.5149893164634705,4.471126556396484,22.461833788034696,7.577352009517645,4.595468186298637,1,339,1788683397.8660946
1788683456.165631,58.280000,gate_sweep_poor_none_r20,0.3756135404109955,-6.864738334901631,0.3020091950893402,19.523475490357082,-0.8696331977844238,-0.610776424407959,4.272261142730713,21.230676283224863,7.511696182929798,1.7072007928677786,1,369,1788683397.8856053
1788683456.213191,58.312000,gate_sweep_poor_none_r20,0.42726263403892517,-6.825638641603291,0.1748335063457489,15.249739795276943,-0.9644409418106079,-0.6026691794395447,4.182994365692139,19.070284675630766,7.531768799189956,3.8205448803538236,1,397,1788683397.9011743
1788683456.259974,58.348000,gate_sweep_poor_none_r20,0.5036546885967255,-6.749690403230488,-0.04296204447746277,8.838257538023559,-1.1569721698760986,-0.5714491605758667,4.043778419494629,11.748205547708675,7.591428985071695,2.9099480096851162,1,249,1788683397.911954
1788683456.305159,58.380000,gate_sweep_poor_none_r20,0.5512284934520721,-6.653918613679707,-0.1426568329334259,-1.592482433877062,-1.2109627723693848,-0.5772193670272827,3.967956304550171,-1.2677798510145082,7.5451131308719495,0.32470258286255377,1,410,1788683397.9251397
1788683456.356701,58.412000,gate_sweep_poor_none_r20,0.5996489226818085,-6.5214217798784375,-0.16140690445899963,-36.45473184955167,-1.081150770187378,-0.6758713126182556,4.071046352386475,-36.96522897885173,7.410074793429331,0.5104971293000559,1,362,1788683397.9446876
1788683456.403130,58.444000,gate_sweep_poor_none_r20,0.6481194794178009,-6.354677070863545,-0.18705645203590393,-80.91380094761624,-1.0763576030731201,-0.6708404421806335,4.0643415451049805,-55.04708430294194,7.304396276194731,25.866716644674298,1,202,1788683397.9590895
1788683456.449413,58.480000,gate_sweep_poor_none_r20,0.6747815310955048,-6.22683893609792,-0.2034609317779541,-125.34457512277056,-1.0670993328094482,-0.66623854637146,4.060666084289551,-69.70213014998106,7.220609728230787,55.64244497278951,1,13,1788683397.969384
1788683456.497911,58.512000,gate_sweep_poor_none_r20,0.6934089958667755,-6.130506386049092,-0.21598026156425476,-169.71597706842675,-1.0625938177108765,-0.6754113435745239,4.0682878494262695,-79.658424884123,7.155177220067547,90.05755218430376,1,9,1788683397.9858975
1788683456.544591,58.544000,gate_sweep_poor_none_r20,0.7075845897197723,-6.005659450776875,-0.21919286251068115,-179.72814654881267,-1.0558850765228271,-0.6839503049850464,4.076796531677246,-90.30846742875164,7.062997831738116,89.41967912006102,1,1,1788683398.0005748
1788683456.593608,58.576000,gate_sweep_poor_none_r20,0.700281947851181,-5.865475525148213,-0.21011795103549957,-158.79283454196508,-1.0547627210617065,-0.6869814991950989,4.077116012573242,-87.30275988257645,6.948190931849236,71.49007465938863,1,0,1788683398.0175803
1788683456.640976,58.612000,gate_sweep_poor_none_r20,0.6782574355602264,-5.762821068055928,-0.20827707648277283,-138.3130155859891,-1.053901195526123,-0.6897650361061096,4.07701301574707,-84.34225169843344,6.862942677970771,53.97076388755564,1,0,1788683398.0289626
1788683456.687313,58.644000,gate_sweep_poor_none_r20,0.6438429057598114,-5.666457046754658,-0.21130149066448212,-118.26538034114434,-1.0529935359954834,-0.6928389072418213,4.077165126800537,-81.63893554274237,6.78285170388324,36.62644479840197,1,0,1788683398.0432997
1788683456.733364,58.676000,gate_sweep_poor_none_r20,0.610180526971817,-5.597121109254658,-0.21599805355072021,-106.32612292818672,-1.0522561073303223,-0.6954585313796997,4.0767717361450195,-78.90125834770153,6.724422953513113,27.424864580485192,1,0,1788683398.0573509
1788683456.778813,58.708000,gate_sweep_poor_none_r20,0.538745254278183,-5.487862934358418,-0.22643086314201355,-91.73269368456931,-1.0513520240783691,-0.6979143023490906,4.07626485824585,-76.31118580866493,6.632134477132861,15.421507875904378,1,0,1788683398.0707939
1788683456.827299,58.744000,gate_sweep_poor_none_r20,0.4691031873226166,-5.406916012056172,-0.23615431785583496,-83.20126001572474,-1.0504133701324463,-0.7002502083778381,4.0756306648254395,-73.86373981553146,6.5614878871160665,9.337520200193278,1,0,1788683398.0832825
1788683456.873229,58.776000,gate_sweep_poor_none_r20,0.3892281949520111,-5.332046856172383,-0.24438947439193726,-76.29380132028851,-1.0494917631149292,-0.7025235295295715,4.0749030113220215,-71.55537730788511,6.492972272142792,4.738424012403401,1,0,1788683398.0972133
1788683456.922399,58.808000,gate_sweep_poor_none_r20,0.27662307024002075,-5.248704780824482,-0.2503477931022644,-68.91929950080059,-1.0485506057739258,-0.7049057483673096,4.074237823486328,-69.40503759756123,6.411258509385189,0.485738096760641,1,0,1788683398.1143804
1788683456.972127,58.840000,gate_sweep_poor_none_r20,0.17759741842746735,-5.191732277162373,-0.25028708577156067,-63.51484599094819,-1.0474460124969482,-0.7077110409736633,4.0739264488220215,-67.42565716676599,6.348700697544712,3.910811175817805,1,0,1788683398.1320984
1788683457.019214,58.876000,gate_sweep_poor_none_r20,0.09884172677993774,-5.155392994172871,-0.24683451652526855,-59.59542012530197,-1.0461163520812988,-0.7111601233482361,4.074141025543213,-65.58713512084562,6.303408954496114,5.991714995543645,1,0,1788683398.1431901
1788683457.069518,58.908000,gate_sweep_poor_none_r20,-0.039397625252604485,-5.107945312745869,-0.23346006870269775,-53.21692768080354,-1.0446350574493408,-0.7151854038238525,4.074791431427002,-63.84832233235328,6.234410389194142,10.631394651549734,1,0,1788683398.1614993
1788683457.120044,58.940000,gate_sweep_poor_none_r20,-0.1549077033996582,-5.082566608674824,-0.2148737907409668,-48.23226602225565,-1.0430512428283691,-0.7197557687759399,4.075835227966309,-62.19131229739989,6.183292104905291,13.959046275144235,1,0,1788683398.18003
1788683457.171954,58.972000,gate_sweep_poor_none_r20,-0.27389246225357056,-5.0692027704790235,-0.18862618505954742,-43.36551977584156,-1.0414320230484009,-0.7248286604881287,4.077223300933838,-60.606756904622976,6.136788673410087,17.24123712878141,1,0,1788683398.1999311
1788683457.222388,59.008000,gate_sweep_poor_none_r20,-0.42590147256851196,-5.069110264070332,-0.14657506346702576,-37.49285954258072,-1.0398203134536743,-0.7302036881446838,4.078805446624756,-59.083491871286824,6.08743353744976,21.590632328706107,1,0,1788683398.2143722
1788683457.274131,59.040000,gate_sweep_poor_none_r20,-0.549028068780899,-5.081605781801045,-0.10718461871147156,-33.01429255143611,-1.0383223295211792,-0.7358806133270264,4.0805583000183105,-57.63302615701581,6.054909319459156,24.618733605579706,1,0,1788683398.2341168
1788683457.323547,59.072000,gate_sweep_poor_none_r20,-0.6417349874973297,-5.097730030305684,-0.0751715749502182,-29.814661556021164,-0.1201428771018982,-0.4215697944164276,5.280581474304199,-44.52253147697857,7.128998780048753,14.70786992095741,1,195,1788683398.2515256
1788683457.374305,59.104000,gate_sweep_poor_none_r20,-0.7959851920604706,-5.1356819765642285,-0.01861444115638733,-24.80109559418815,-0.1858414113521576,-0.37142449617385864,5.387394428253174,-32.91488793291404,7.231552853207081,8.113792338725888,1,74,1788683398.270274
1788683457.422118,59.140000,gate_sweep_poor_none_r20,-0.918563038110733,-5.174816955812275,0.02897283434867859,-21.069390053005673,-0.19229662418365479,-0.45140358805656433,5.455374717712402,-23.774755695159037,7.230763040403496,2.7053656421533634,1,207,1788683398.282096
1788683457.467256,59.172000,gate_sweep_poor_none_r20,-1.0398577153682709,-5.220270027406514,0.07836762070655823,-17.572482207413927,-0.12783455848693848,-0.40599650144577026,5.459903240203857,-20.543439844938863,7.278045166483405,2.9709576375249367,1,127,1788683398.2952418
1788683457.514679,59.204000,gate_sweep_poor_none_r20,-1.1593750417232513,-5.270251621492207,0.12942379713058472,-14.300611969636016,-0.11244761198759079,-0.40296146273612976,5.499981880187988,-15.601018205564129,7.323214093289223,1.3004062359281134,1,84,1788683398.3106513
1788683457.559588,59.236000,gate_sweep_poor_none_r20,-1.305685132741928,-5.337581981904805,0.19591203331947327,-10.535468209877138,-0.1421811282634735,-0.4846348762512207,5.570474624633789,-11.770674971774843,7.33421844688745,1.2352067618977056,1,248,1788683398.3235693
1788683457.609247,59.272000,gate_sweep_poor_none_r20,-1.3915104568004608,-5.379645218141377,0.23735976219177246,-8.459140456082043,-0.17749594151973724,-0.5211454033851624,5.614538192749023,-8.551759387484687,7.347986089218501,0.09261893140264466,1,132,1788683398.3372276
1788683457.654774,59.304000,gate_sweep_poor_none_r20,-1.5034253299236298,-5.4364761011675,0.2942562401294708,-5.914728397105572,-0.20985665917396545,-0.5421176552772522,5.597573757171631,-6.502907378642887,7.3316601932555825,0.5881789815373154,1,248,1788683398.350752
1788683457.703287,59.336000,gate_sweep_poor_none_r20,-1.6121947467327118,-5.493208278901875,0.35307005047798157,-3.637320568633303,-0.243709534406662,-0.5437384247779846,5.571501731872559,-4.527759861550597,7.3213409172513515,0.8904392929172937,1,127,1788683398.3672624
1788683457.748110,59.368000,gate_sweep_poor_none_r20,-1.7434121072292328,-5.562438358552754,0.429349809885025,-1.1798523395259242,-0.2986586093902588,-0.5633397698402405,5.5444560050964355,-3.3487291039181506,7.296753439542517,2.168876764392227,1,243,1788683398.3800879
1788683457.797901,59.404000,gate_sweep_poor_none_r20,-1.8443053662776947,-5.615387310273945,0.49252429604530334,0.4751957093403843,-0.3133120834827423,-0.5320717692375183,5.522663593292236,-2.770072961297236,7.313435490343344,3.24526867063762,1,108,1788683398.393849
1788683457.841699,59.436000,gate_sweep_poor_none_r20,-1.9174467027187347,-5.653181423433125,0.5411314964294434,1.5380237693816456,-0.3427099287509918,-0.4755474925041199,5.509727954864502,-3.341432570396867,7.346743482439487,4.879456339778513,1,221,1788683398.4056842
1788683457.888769,59.468000,gate_sweep_poor_none_r20,-2.0346775949001312,-5.711707939393818,0.6240977048873901,2.9851973775598926,-0.3580261468887329,-0.43939071893692017,5.488276481628418,-3.449335121319653,7.366730897986088,6.434532498879546,1,112,1788683398.4207454
1788683457.935400,59.500000,gate_sweep_poor_none_r20,-2.123785823583603,-5.754060138948262,0.6924059391021729,3.872288988069313,-0.39558014273643494,-0.38847383856773376,5.469013214111328,-3.5966850462133673,7.388652670264993,7.468974034282678,1,211,1788683398.435382
1788683457.981060,59.536000,gate_sweep_poor_none_r20,-2.208462566137314,-5.792113651521504,0.7624496221542358,4.541310939863138,-0.44063079357147217,-0.36641719937324524,5.455779075622559,-3.3993826306654897,7.388555510094023,7.9406935705286275,1,138,1788683398.4450438
1788683458.029879,59.568000,gate_sweep_poor_none_r20,-2.307835668325424,-5.833463062532246,0.8522379398345947,5.096634145645785,-0.4672257900238037,-0.3352501690387726,5.440465450286865,-3.586044260619732,7.393917867676812,8.682678406265516,1,103,1788683398.4618306
1788683458.078675,59.600000,gate_sweep_poor_none_r20,-2.3818276822566986,-5.861523498781025,0.9259599447250366,5.3334436280799595,-0.5002613663673401,-0.3342422842979431,5.463772773742676,-3.8542866495299988,7.394786994651306,9.187730277609958,1,274,1788683398.4786415
1788683458.128449,59.632000,gate_sweep_poor_none_r20,-2.433985561132431,-5.8796323435381055,0.9823930263519287,5.395153742712501,-0.490555077791214,-0.31146225333213806,5.465953350067139,-3.806295189729558,7.408356995544791,9.201448932442057,1,170,1788683398.4964302
1788683458.175820,59.668000,gate_sweep_poor_none_r20,-2.514485687017441,-5.904404987581074,1.0784441232681274,5.233225495435733,-0.5141003131866455,-0.28928059339523315,5.449667453765869,-3.8770259472696846,7.3918033666423275,9.110251442705419,1,134,1788683398.5077999
1788683458.219624,59.700000,gate_sweep_poor_none_r20,-2.5727683007717133,-5.91953741479665,1.1569569110870361,4.862136364092836,-0.5401772260665894,-0.2636667490005493,5.440328121185303,-5.202456518349843,7.38021465735804,10.06459288244268,1,297,1788683398.5196085
1788683458.264297,59.732000,gate_sweep_poor_none_r20,-2.6257799565792084,-5.930747379548848,1.2362680435180664,4.294582803821434,-0.5708950757980347,-0.23375621438026428,5.4396514892578125,-6.461592467103586,7.372020930599078,10.756175270925022,1,211,1788683398.5322752
1788683458.309378,59.764000,gate_sweep_poor_none_r20,-2.68396720290184,-5.939462532289326,1.3362077474594116,3.345736922956913,-0.6114473938941956,-0.20549066364765167,5.433839321136475,-7.70572634277349,7.346043578872804,11.051463265730403,1,154,1788683398.5453525
1788683458.358770,59.800000,gate_sweep_poor_none_r20,-2.7236500680446625,-5.942370285280049,1.4168972969055176,2.427205967257515,-0.6193296909332275,-0.08698610216379166,5.398196220397949,-8.828486965120822,7.386773943990464,11.255692932378336,1,304,1788683398.5587568
1788683458.404713,59.832000,gate_sweep_poor_none_r20,-2.7492848336696625,-5.942268718965352,1.4777226448059082,1.6608842280013025,-0.6920168399810791,-0.043083202093839645,5.388608455657959,-10.129350252356678,7.370737356998006,11.790234480357983,1,210,1788683398.5726988
1788683458.450849,59.864000,gate_sweep_poor_none_r20,-2.7782226502895355,-5.939290394075215,1.5585691928863525,0.5635610154747719,-0.7236112356185913,0.0021721720695495605,5.390421390533447,-11.35562937421155,7.362438234362889,11.919190389686323,1,164,1788683398.5868335
1788683458.499562,59.896000,gate_sweep_poor_none_r20,-2.8062685430049896,-5.931435932405293,1.6580512523651123,-0.8926499203412485,-0.7519476413726807,0.05525597184896469,5.4014387130737305,-12.686147048863614,7.353479720808195,11.793497128522366,1,129,1788683398.6035302
1788683458.546699,59.932000,gate_sweep_poor_none_r20,-2.8225105702877045,-5.922177662141621,1.7355339527130127,-2.0997323191140747,-0.7065849304199219,0.16481219232082367,5.325550556182861,-12.49292246975229,7.376774770519146,10.393190150638217,1,303,1788683398.6146827
1788683458.594439,59.964000,gate_sweep_poor_none_r20,-2.833658069372177,-5.910557617433369,1.8104262351989746,-3.3248601697782503,-0.7428189516067505,0.18017467856407166,5.341670036315918,-12.794530245152604,7.34427061734596,9.469670075374353,1,194,1788683398.630422
1788683458.645734,59.996000,gate_sweep_poor_none_r20,-2.839172452688217,-5.90044151712209,1.8646187782287598,-4.246920667157558,-0.7649754881858826,0.2193913459777832,5.338995456695557,-13.849046467751727,7.336616428824793,9.602125800594171,1,149,1788683398.649717
1788683458.690368,60.028000,gate_sweep_poor_none_r20,-2.8427291810512543,-5.881274570710957,1.9509105682373047,-5.775136548101049,-0.7202223539352417,0.3625365197658539,5.239768028259277,-14.573296641053686,7.369314456383137,8.798160092952637,1,278,1788683398.662352
1788683458.737014,60.064000,gate_sweep_poor_none_r20,-2.8409617841243744,-5.864061226136982,2.016087532043457,-6.977502308231491,-0.8418828248977661,0.4061439633369446,5.223607540130615,-15.302592856252009,7.321200339125255,8.325090548020516,1,160,1788683398.6729875
1788683458.785818,60.096000,gate_sweep_poor_none_r20,-2.8353396356105804,-5.845363010652363,2.0777705907821655,-8.15165081452519,-0.9992731809616089,0.4740368723869324,5.197556972503662,-16.162378862570023,7.2827894364192085,8.010728048044834,1,123,1788683398.6897848
1788683458.834681,60.128000,gate_sweep_poor_none_r20,-2.8231965005397797,-5.820112575776875,2.150046706199646,-9.565539204991182,-0.9350709319114685,0.6131239533424377,5.1361212730407715,-16.860989173015117,7.339495331508735,7.2954499680239335,1,281,1788683398.706663
1788683458.884151,60.160000,gate_sweep_poor_none_r20,-2.809619039297104,-5.798509945161641,2.2039579153060913,-10.646868032362063,-0.8748900294303894,0.6374448537826538,5.127293109893799,-17.54848908042588,7.328750178276586,6.901621048063819,1,143,1788683398.7241082
1788683458.930341,60.196000,gate_sweep_poor_none_r20,-2.797327846288681,-5.781552662141621,2.24211585521698,-11.422436308805171,-0.7778130173683167,0.7434811592102051,5.2727484703063965,-17.958463157014265,7.472565861981959,6.536026848209093,1,314,1788683398.7343254
1788683458.981559,60.228000,gate_sweep_poor_none_r20,-2.7742932736873627,-5.752357830293477,2.2980371713638306,-12.56584720504516,-0.7408214807510376,0.7866601943969727,5.319953918457031,-18.387511291129105,7.485034741820281,5.821664086083946,1,188,1788683398.7535348
1788683459.029873,60.260000,gate_sweep_poor_none_r20,-2.7546001374721527,-5.728472580201924,2.333715796470642,-13.354407832229015,-0.6788020730018616,0.8463448286056519,5.408398151397705,-18.157808785279553,7.5492273212109335,4.803400953050537,1,295,1788683398.769849
1788683459.078691,60.292000,gate_sweep_poor_none_r20,-2.734004110097885,-5.704306949861348,2.3610912561416626,-14.076213751860278,-0.6424328088760376,0.8545733094215393,5.426976203918457,-17.53240166518507,7.536128401023294,3.4561879133247926,1,189,1788683398.7866762
1788683459.125400,60.328000,gate_sweep_poor_none_r20,-2.707277625799179,-5.6738127367571,2.384436249732971,-14.887948391945153,-0.6142347455024719,0.8827473521232605,5.4304914474487305,-17.193534617534095,7.526470684550015,2.30558622558894,1,129,1788683398.7973661
1788683459.172883,60.360000,gate_sweep_poor_none_r20,-2.6852398812770844,-5.649277080781758,2.395039677619934,-15.434153001160867,-0.6452350616455078,0.8427990078926086,5.423435211181641,-16.238473623732478,7.448479785362515,0.8043206225716105,1,289,1788683398.8128545
1788683459.219159,60.392000,gate_sweep_poor_none_r20,-2.66835555434227,-5.630827774293721,2.3989888429641724,-15.755614978831016,-0.6148403286933899,0.8466361165046692,5.418911457061768,-15.722470162986793,7.436020160926598,0.033144815844221194,1,152,1788683398.8271325
1788683459.263667,60.424000,gate_sweep_poor_none_r20,-2.639556974172592,-5.599988331086934,2.399830460548401,-16.046791824510137,-0.5780810117721558,0.8877212405204773,5.443148612976074,-14.994836883003602,7.456664402128944,1.0519549415065361,1,269,1788683398.8396528
1788683459.310483,60.460000,gate_sweep_poor_none_r20,-2.6159344613552094,-5.57537876535207,2.396786332130432,-15.982262050934299,-0.573552668094635,0.9197537899017334,5.44221305847168,-14.14967664294827,7.458732750626855,1.8325854079860282,1,146,1788683398.850455
1788683459.355067,60.492000,gate_sweep_poor_none_r20,-2.5919221341609955,-5.5509041445329785,2.391605496406555,-15.594570471610893,-0.5455542206764221,0.9539369940757751,5.450501441955566,-12.978383586155813,7.473782461483089,2.6161868854550807,1,184,1788683398.86305
1788683459.401551,60.524000,gate_sweep_poor_none_r20,-2.5676389634609222,-5.526573051698506,2.3848031759262085,-14.869115164046809,-0.5253890752792358,0.9640946984291077,5.454165935516357,-11.084175947541103,7.464619226610532,3.784939216505704,1,105,1788683398.8775325
1788683459.450235,60.556000,gate_sweep_poor_none_r20,-2.5371740758419037,-5.496674885042012,2.373940348625183,-13.49304486022272,-0.4927418828010559,0.9802048206329346,5.4651594161987305,-8.775732411403066,7.462258976841802,4.717312448819657,1,229,1788683398.8942153
1788683459.500444,60.592000,gate_sweep_poor_none_r20,-2.5189758241176605,-5.479148258455098,2.3662511110305786,-12.419894818331182,-0.4559785723686218,1.0003037452697754,5.463243007659912,-6.100643573118696,7.471988673511632,6.319251245212486,1,154,1788683398.9084213
1788683459.546829,60.624000,gate_sweep_poor_none_r20,-2.4948626458644867,-5.456287254579365,2.35466992855072,-10.704761908760425,-0.3926682472229004,1.0351359844207764,5.457197666168213,-3.844800190322473,7.495563709301461,6.85996171843795,1,338,1788683398.9228117
1788683459.591743,60.656000,gate_sweep_poor_none_r20,-2.470970958471298,-5.434126247651875,2.3415616750717163,-8.667005811842133,-0.3704345226287842,1.0400972366333008,5.4538493156433105,-0.6313116905390235,7.484260644875107,8.035694121303111,1,204,1788683398.9357283
1788683459.638039,60.688000,gate_sweep_poor_none_r20,-2.4414587914943695,-5.407547344453633,2.323222279548645,-5.679614821322517,-0.34412115812301636,1.0498815774917603,5.4505133628845215,2.5188849715378265,7.4751028722181925,8.198499792860343,1,144,1788683398.9500227
1788683459.683502,60.724000,gate_sweep_poor_none_r20,-2.4181405007839203,-5.3873299257829785,2.3071101903915405,-2.954715647631231,-0.3575897216796875,1.0525609254837036,5.455460548400879,4.85972463027823,7.458563780398536,7.81444027790946,1,360,1788683398.9594803
1788683459.728614,60.756000,gate_sweep_poor_none_r20,-2.400808423757553,-5.3728245394304395,2.2942389249801636,-0.7296658609872667,-0.30665382742881775,1.0529536008834839,5.46101713180542,8.443230198496574,7.463550923862208,9.17289605948384,1,214,1788683398.9725814
1788683459.776448,60.788000,gate_sweep_poor_none_r20,-2.372119754552841,-5.349691261537373,2.271509289741516,3.3029108476381084,-0.2682713568210602,1.0677883625030518,5.46626091003418,12.136199228603898,7.471054859989666,8.83328838096579,1,164,1788683398.988433
1788683459.823184,60.820000,gate_sweep_poor_none_r20,-2.349447339773178,-5.332334388978779,2.2523339986801147,6.804630852254305,-0.24457086622714996,1.0818785429000854,5.458087921142578,13.527816557539941,7.473251682885643,6.723185705285636,1,397,1788683399.0031674
1788683459.870580,60.856000,gate_sweep_poor_none_r20,-2.327037423849106,-5.316038955934346,2.2324925661087036,10.540083275235078,-0.22607438266277313,1.0852272510528564,5.463677406311035,18.178437172534608,7.472001754864664,7.638353897299529,1,251,1788683399.014566
1788683459.920184,60.888000,gate_sweep_poor_none_r20,-2.2994891107082367,-5.297238220460713,2.207062840461731,15.523242748360328,-0.2206733375787735,1.1041183471679688,5.462368965148926,21.893182208826044,7.476353314949787,6.369939460465716,1,180,1788683399.0321634
1788683459.965245,60.920000,gate_sweep_poor_none_r20,-2.277987092733383,-5.283543457277119,2.186506152153015,19.75489002403674,-0.15136313438415527,1.3157449960708618,5.291479587554932,23.517575801876617,7.596972922504627,3.7626857778398795,1,418,1788683399.0452294
1788683460.010299,60.952000,gate_sweep_poor_none_r20,-2.2622946202754974,-5.2741426127031446,2.171101927757263,23.064783228968327,-0.1405443698167801,1.3355793952941895,5.27570104598999,27.48916801736682,7.604523971509154,4.424384788398492,1,285,1788683399.058284
1788683460.059554,60.988000,gate_sweep_poor_none_r20,-2.237145036458969,-5.260216583497822,2.1464048624038696,28.80063009498346,-0.11170494556427002,1.342146873474121,5.277921199798584,32.06949679266254,7.610196670869353,3.2688666976790777,1,200,1788683399.071506
1788683460.106990,61.020000,gate_sweep_poor_none_r20,-2.2182205617427826,-5.2509797709062696,2.1288334131240845,33.53508995882895,-0.10352857410907745,1.4750291109085083,5.16253662109375,33.685846511016585,7.675576384536793,0.15075655218764017,1,430,1788683399.0869708
1788683460.154208,61.052000,gate_sweep_poor_none_r20,-2.2004946172237396,-5.24352013040334,2.113860249519348,38.33576064591675,-0.10144651681184769,1.4881590604782104,5.152553558349609,37.087783652877114,7.678226662577776,1.2479769930396316,1,274,1788683399.102191
1788683460.203019,61.084000,gate_sweep_poor_none_r20,-2.180473655462265,-5.237120498903096,2.0985831022262573,44.32089572809869,-0.08492574095726013,1.4954454898834229,5.1663618087768555,40.27856046271185,7.689605454619667,4.0423352653868365,1,185,1788683399.1189764
1788683460.251214,61.120000,gate_sweep_poor_none_r20,-2.1662860810756683,-5.234508384950459,2.0889233350753784,49.006373176719464,-0.07537470757961273,1.6259219646453857,5.026409149169922,41.560830878668504,7.75024114860161,7.445542298050957,1,394,1788683399.1311946
1788683460.303278,61.152000,gate_sweep_poor_none_r20,-2.1567767560482025,-5.234061588533223,2.082964062690735,52.41346070402681,-0.08865726739168167,1.6526169776916504,5.020995140075684,43.587675950456656,7.767592066113008,8.825784753570154,1,212,1788683399.1512463
1788683460.352463,61.184000,gate_sweep_poor_none_r20,-2.1455515325069427,-5.235476364381611,2.0765351057052612,56.762539920195316,-0.08276529610157013,1.6553994417190552,5.036041259765625,45.80003373984771,7.778041727075532,10.9625061803476,1,402,1788683399.1684475
1788683460.406458,61.216000,gate_sweep_poor_none_r20,-2.1339262425899506,-5.240460743196309,2.070533871650696,61.82094177233538,-0.06803278625011444,1.65084707736969,5.04589319229126,47.643360511108824,7.785293978885096,14.177581261226555,1,247,1788683399.1904337
1788683460.452727,61.252000,gate_sweep_poor_none_r20,-2.126497358083725,-5.246985306032002,2.066756844520569,65.52633372363368,-0.049507468938827515,1.6330946683883667,5.067209243774414,49.48300696416804,7.787945945768914,16.043326759465636,1,371,1788683399.2007082
1788683460.503881,61.284000,gate_sweep_poor_none_r20,-2.1206515729427338,-5.25554405618459,2.063292145729065,68.90949613584796,-0.03397224843502045,1.6308512687683105,5.083521366119385,50.62827115780303,7.803746261800204,18.28122497804493,1,232,1788683399.219848
1788683460.554073,61.316000,gate_sweep_poor_none_r20,-2.117050975561142,-5.26305138040334,2.0605849027633667,71.23034491215931,-0.021888311952352524,1.6150413751602173,5.1048054695129395,51.63083213534696,7.808018019967504,19.599512776812357,1,377,1788683399.2380545
1788683460.601744,61.348000,gate_sweep_poor_none_r20,-2.112919181585312,-5.277837623842061,2.055677056312561,74.68290675243887,-0.02323930338025093,1.6035293340682983,5.112215042114258,52.457373906411874,7.814243255840215,22.225532846027004,1,240,1788683399.2537227
1788683460.655721,61.384000,gate_sweep_poor_none_r20,-2.11113104224205,-5.291414608247578,2.0511871576309204,77.07348733024837,-0.018917640671133995,1.595736026763916,5.113708019256592,53.15680426240864,7.822354812647188,23.916683067839724,1,169,1788683399.2716944
1788683460.704556,61.416000,gate_sweep_poor_none_r20,-2.1106503903865814,-5.306371559388936,2.045976996421814,79.1391369722735,-0.018726861104369164,1.607586145401001,5.129787921905518,53.282983237401524,7.854224660660104,25.856153734871977,1,372,1788683399.2885382
1788683460.750438,61.448000,gate_sweep_poor_none_r20,-2.1117685735225677,-5.326802124269307,2.03827965259552,81.26597992612147,-0.0339590460062027,1.6147327423095703,5.125914096832275,53.44727207694651,7.876273560371378,27.818707849174967,1,224,1788683399.3024235
1788683460.800281,61.480000,gate_sweep_poor_none_r20,-2.113987296819687,-5.344467987306416,2.031196117401123,82.60377566571705,-0.04114501550793648,1.5951130390167236,5.112105846405029,53.55026975431063,7.870607645053128,29.053505911406432,1,165,1788683399.3202624
1788683460.849432,61.516000,gate_sweep_poor_none_r20,-2.11639341711998,-5.358413566835225,2.025446653366089,83.40685925635059,-0.04078926518559456,1.5735524892807007,5.117273807525635,53.36408608920789,7.868905969057513,30.042773167142695,1,355,1788683399.3334157
1788683460.897665,61.548000,gate_sweep_poor_none_r20,-2.1216395795345306,-5.382740844972432,2.015155553817749,84.37993901443782,-0.054681625217199326,1.5591444969177246,5.136873245239258,52.78789382580607,7.887154659939104,31.592045188631754,1,227,1788683399.3496516
1788683460.947460,61.580000,gate_sweep_poor_none_r20,-2.1268018186092377,-5.402900566346943,2.006402015686035,84.84522866211455,-0.06838282197713852,1.5465980768203735,5.144198417663574,52.177050788921726,7.8979988868917586,32.66817787319283,1,154,1788683399.3674326
1788683460.992147,61.612000,gate_sweep_poor_none_r20,-2.132936328649521,-5.423583378084004,1.997405767440796,85.04801505823538,-0.07641631364822388,1.502129316329956,5.021108627319336,51.80010533335965,7.83182928073035,33.24790972487572,1,374,1788683399.3801322
1788683461.044747,61.648000,gate_sweep_poor_none_r20,-2.141847461462021,-5.4498909609392285,1.986229658126831,84.9540991685223,-0.0844431221485138,1.4790239334106445,5.012903213500977,51.04027123822803,7.836040265297948,33.913827930294275,1,231,1788683399.39673
1788683461.090319,61.680000,gate_sweep_poor_none_r20,-2.1498731076717377,-5.4711617128923535,1.9777677059173584,84.62031171689857,-0.09352799504995346,1.4592957496643066,5.002505779266357,50.31221387719395,7.8363790282807155,34.30809783970463,1,153,1788683399.4102972
1788683461.136950,61.712000,gate_sweep_poor_none_r20,-2.1563890874385834,-5.487139095552266,1.971864938735962,84.23009489350001,-0.1722603589296341,1.5178039073944092,4.890163421630859,48.866096009026,7.84362539398031,35.36399888447401,1,407,1788683399.424929
1788683461.186164,61.744000,gate_sweep_poor_none_r20,-2.168003648519516,-5.513582576997578,1.9633748531341553,83.33320889759503,-0.19028392434120178,1.4804178476333618,4.8893609046936035,48.12581529361205,7.835101251487575,35.207393603982986,1,240,1788683399.442142
1788683461.235046,61.780000,gate_sweep_poor_none_r20,-2.1780029237270355,-5.534410347230732,1.9583442211151123,82.4174090856982,-0.23353256285190582,1.4568864107131958,4.905913829803467,47.00422634159277,7.832455677501301,35.41318274410543,1,191,1788683399.4550254
1788683461.280248,61.812000,gate_sweep_poor_none_r20,-2.1885505616664886,-5.55483662057668,1.9552102088928223,81.34542712038893,-0.3897004723548889,1.3946647644042969,4.792198657989502,46.13734874768317,7.718803962012304,35.208078372705764,1,417,1788683399.4682317
1788683461.331007,61.844000,gate_sweep_poor_none_r20,-2.199445813894272,-5.574746479280293,1.953871488571167,80.14122707167621,-0.4174492359161377,1.4186557531356812,4.755537986755371,45.05116341964259,7.741609765115667,35.09006365203362,1,196,1788683399.4869874
1788683461.375093,61.876000,gate_sweep_poor_none_r20,-2.2136407792568207,-5.598827709443867,1.9543828964233398,78.48606727733201,-0.4825734496116638,1.4066345691680908,4.781713485717773,44.20413680186457,7.7502834850074915,34.28193047546744,1,413,1788683399.4990783
1788683461.420283,61.912000,gate_sweep_poor_none_r20,-2.222430318593979,-5.612804283387959,1.955611228942871,77.43234288019833,-0.5068005323410034,1.3925801515579224,4.784316539764404,43.28158913520775,7.74728148322561,34.15075374499058,1,263,1788683399.5082695
1788683461.472119,61.944000,gate_sweep_poor_none_r20,-2.2343450486660004,-5.630889286287129,1.9579906463623047,75.97872219818524,-0.5231881737709045,1.3753798007965088,4.771164894104004,42.45799932811345,7.741434861786387,33.520722870071786,1,196,1788683399.5280828
1788683461.521692,61.976000,gate_sweep_poor_none_r20,-2.2464822232723236,-5.648304809816182,1.9608452320098877,74.4912332364513,-0.5579785108566284,1.333256483078003,4.800797462463379,41.974153790993206,7.723896137606827,32.51707944545809,1,421,1788683399.5456736
1788683461.570019,62.008000,gate_sweep_poor_none_r20,-2.261922687292099,-5.669080127961934,1.965000867843628,72.61699767720238,-0.590097188949585,1.3201481103897095,4.802366733551025,41.1750793362684,7.726251155674509,31.441918340933974,1,256,1788683399.562005
1788683461.622146,62.044000,gate_sweep_poor_none_r20,-2.2744565904140472,-5.6848996775224805,1.968583106994629,71.12850683242824,-0.6136035323143005,1.316563367843628,4.788938045501709,40.24778974344495,7.728733378464276,30.8807170889833,1,175,1788683399.5781226
1788683461.672090,62.076000,gate_sweep_poor_none_r20,-2.2839110791683197,-5.696278442628682,1.9713959693908691,70.02961645351503,-0.6490060687065125,1.283634066581726,4.813745975494385,39.80599446269719,7.711747310866825,30.223621990817833,1,396,1788683399.5960674
1788683461.724203,62.108000,gate_sweep_poor_none_r20,-2.299595683813095,-5.714341034181416,1.975961685180664,68.25079414478095,-0.6661741733551025,1.2752716541290283,4.813654899597168,39.10568147192146,7.718500770393348,29.14511267285949,1,264,1788683399.6161847
1788683461.774464,62.140000,gate_sweep_poor_none_r20,-2.312159389257431,-5.727947105653584,1.979506254196167,66.89211941803389,-0.6811082363128662,1.2733047008514404,4.795784950256348,38.36815568455634,7.7207046579631635,28.52396373347754,1,179,1788683399.6344373
1788683461.827247,62.176000,gate_sweep_poor_none_r20,-2.3247192800045013,-5.740776409395039,1.982928991317749,65.60405349181292,-0.7669240832328796,1.2128409147262573,4.8274102210998535,37.90637663367493,7.672717460716722,27.697676858137996,1,414,1788683399.6512263
1788683461.877734,62.208000,gate_sweep_poor_none_r20,-2.340296596288681,-5.755730022676289,1.987034797668457,64.10544916588556,-0.8125083446502686,1.2036795616149902,4.80963659286499,37.22320263212562,7.663850181078462,26.882246533759936,1,252,1788683399.6697161
1788683461.928282,62.240000,gate_sweep_poor_none_r20,-2.352637141942978,-5.766845573671162,1.9901940822601318,63.007485158209256,-0.8519914150238037,1.1920832395553589,4.8041510581970215,36.623932705482,7.654866536243394,26.38355245272726,1,413,1788683399.6882527
1788683461.980636,62.272000,gate_sweep_poor_none_r20,-2.361827701330185,-5.77470385003835,1.992487907409668,62.24754450859806,-0.8571991324424744,1.1847151517868042,4.799318313598633,36.10218605146179,7.653477438549421,26.14535845713627,1,242,1788683399.7086174
1788683462.033025,62.308000,gate_sweep_poor_none_r20,-2.3769987523555756,-5.7869270937517285,1.9961767196655273,61.10484245700254,-0.8731781840324402,1.1758785247802734,4.806241989135742,35.62600522464993,7.657584815191749,25.478837232352607,1,399,1788683399.72501
1788683462.086093,62.340000,gate_sweep_poor_none_r20,-2.3889711797237396,-5.795966972596943,1.9990205764770508,60.3075461322043,-0.8874540328979492,1.1691769361495972,4.796666622161865,35.21973759547902,7.654711412502549,25.087808536725287,1,242,1788683399.7460768
1788683462.136607,62.372000,gate_sweep_poor_none_r20,-2.4007383286952972,-5.804335941560566,2.0018773078918457,59.61714625418943,-0.900749683380127,1.1703829765319824,4.78044319152832,34.74334666629827,7.656180398356682,24.87379958789115,1,395,1788683399.7645884
1788683462.189725,62.404000,gate_sweep_poor_none_r20,-2.415127843618393,-5.813840736635029,2.0053277015686035,58.903013327147086,-0.9126442670822144,1.1664561033248901,4.771003723144531,34.407570148137665,7.657085916197848,24.49544317900942,1,209,1788683399.7857027
1788683462.240110,62.440000,gate_sweep_poor_none_r20,-2.4263802468776703,-5.8206747667863965,2.007965326309204,58.451534810112825,-0.9248024225234985,1.155743956565857,4.780477046966553,34.16970960985963,7.655845832258802,24.281825200253195,1,400,1788683399.800084
1788683462.292670,62.472000,gate_sweep_poor_none_r20,-2.434673637151718,-5.825372566469014,2.009840965270996,58.180529586241875,-0.9351032972335815,1.151450514793396,4.7768731117248535,33.95457704763683,7.653838149001267,24.22595253860504,1,248,1788683399.8206515
1788683462.343769,62.504000,gate_sweep_poor_none_r20,-2.4455200135707855,-5.831096996553242,2.0121586322784424,57.90669291414487,-0.9427617192268372,1.1451846361160278,4.770526885986328,33.8120173735013,7.650842001544774,24.094675540643575,1,193,1788683399.83972
1788683462.394425,62.536000,gate_sweep_poor_none_r20,-2.458684056997299,-5.837442745454609,2.0147972106933594,57.69996357561882,-0.9588678479194641,1.1275570392608643,4.7594990730285645,33.84146795363472,7.6350546150768,23.858495621984098,1,420,1788683399.8584096
1788683462.442576,62.572000,gate_sweep_poor_none_r20,-2.4688969552516937,-5.841869224794209,2.0166919231414795,57.63612921541962,-0.9695578217506409,1.1181398630142212,4.752535820007324,33.80378532826698,7.627226636703653,23.832343887152636,1,267,1788683399.8705585
1788683462.493990,62.604000,gate_sweep_poor_none_r20,-2.4788375794887543,-5.845735897310078,2.0184249877929688,57.65695022312441,-0.9789913296699524,1.1162389516830444,4.747677326202393,33.76610016360584,7.626758872405869,23.89085005951857,1,183,1788683399.8899555
1788683462.547427,62.636000,gate_sweep_poor_none_r20,-2.4860983788967133,-5.848277439363301,2.0196001529693604,57.72494233795751,-0.9824374318122864,1.1125409603118896,4.736664295196533,33.82717579358705,7.622101192585952,23.89776654437046,1,414,1788683399.911402
1788683462.598023,62.668000,gate_sweep_poor_none_r20,-2.4978416860103607,-5.851890434511006,2.0212433338165283,57.92896773983471,-0.9882560968399048,1.1086044311523438,4.727977275848389,33.924381911001596,7.6193008904297965,24.00458582883311,1,254,1788683399.9300008
1788683462.647782,62.704000,gate_sweep_poor_none_r20,-2.506887525320053,-5.854230274446309,2.02237868309021,58.16607009601048,-0.9979138970375061,1.1058932542800903,4.723748683929443,34.02726223751116,7.616936446329139,24.138807858499316,1,196,1788683399.9437685
1788683462.703115,62.736000,gate_sweep_poor_none_r20,-2.5156229436397552,-5.856094707734883,2.023430585861206,58.46081965702099,-1.0022190809249878,1.1025750637054443,4.718184471130371,34.176984738930294,7.6141430733740885,24.2838349180907,1,182,1788683399.9670725
1788683462.755529,62.768000,gate_sweep_poor_none_r20,-2.526127904653549,-5.857830394990742,2.0247745513916016,58.889174193535055,-1.036797285079956,1.100600242614746,4.696641445159912,34.271695927669086,7.601100928864272,24.61747826586597,1,409,1788683399.9875085
1788683462.805583,62.800000,gate_sweep_poor_none_r20,-2.5342062413692474,-5.85874115396291,2.0263545513153076,59.24826609576638,-1.067475438117981,1.1096490621566772,4.682121276855469,34.0772489890741,7.60018804726591,25.17101710669228,1,241,1788683400.0055654
1788683462.856191,62.836000,gate_sweep_poor_none_r20,-2.5399740636348724,-5.859154571779072,2.027888536453247,59.51192507753675,-1.0855679512023926,1.1128720045089722,4.667667865753174,33.82167759043322,7.595583363228062,25.69024748710353,1,198,1788683400.0201688
1788683462.905613,62.868000,gate_sweep_poor_none_r20,-2.5488925874233246,-5.859339584596455,2.031040668487549,59.91744480109512,-1.0940415859222412,1.110778570175171,4.659212112426758,33.64113329493364,7.589889568813451,26.276311506161477,1,171,1788683400.0375881
1788683462.956098,62.900000,gate_sweep_poor_none_r20,-2.555241197347641,-5.8590611116960645,2.0339701175689697,60.190595076868426,-1.1827528476715088,1.1610161066055298,4.572142124176025,33.02919607918406,7.589962157747392,27.161398997684365,1,369,1788683400.056081
1788683463.004115,62.932000,gate_sweep_poor_none_r20,-2.5607164800167084,-5.858435501344502,2.0372389554977417,60.40068510246881,-1.2130155563354492,1.1791092157363892,4.54979133605957,32.72101303450433,7.593171464524648,27.679672067964486,1,211,1788683400.0720913
1788683463.056012,62.968000,gate_sweep_poor_none_r20,-2.5660170018672943,-5.857189525850117,2.041854500770569,60.54849536103025,-1.2346668243408203,1.1951501369476318,4.530048847198486,32.444113384633965,7.595992306490699,28.104381976396283,1,371,1788683400.0879962
1788683463.107052,63.000000,gate_sweep_poor_none_r20,-2.5688560903072357,-5.855869640596211,2.0459307432174683,60.55684868482177,-1.2354304790496826,1.1927789449691772,4.5255327224731445,32.347941135350425,7.590118360017793,28.20890754947135,1,226,1788683400.10703
1788683463.158029,63.032000,gate_sweep_poor_none_r20,-2.5701070725917816,-5.854748119600117,2.0492018461227417,60.4891202437769,-1.2393383979797363,1.193856954574585,4.518056869506836,32.178415938661864,7.586107294488982,28.310704305115042,1,166,1788683400.1260097
1788683463.210222,63.064000,gate_sweep_poor_none_r20,-2.57047376036644,-5.852615226991475,2.0549405813217163,60.21425441837826,-1.2427072525024414,1.1869659423828125,4.523427963256836,32.107140627875424,7.577077067998405,28.10711379050284,1,381,1788683400.146203
1788683463.261898,63.100000,gate_sweep_poor_none_r20,-2.569131463766098,-5.850770820863545,2.059841275215149,59.83118355255128,-1.239766240119934,1.190112829208374,4.520242214202881,31.912979400594924,7.575937384394198,27.918204151956356,1,229,1788683400.1618776
1788683463.314641,63.132000,gate_sweep_poor_none_r20,-2.566279023885727,-5.8488048212602735,2.065053105354309,59.29305238886025,-1.2434873580932617,1.1944769620895386,4.509182453155518,31.615876086969077,7.571747773106317,27.67717630189117,1,184,1788683400.182618
1788683463.365028,63.164000,gate_sweep_poor_none_r20,-2.5619064271450043,-5.846724857576191,2.0704554319381714,58.58982767306161,-1.2445118427276611,1.1994363069534302,4.491299152374268,31.360407722692266,7.566002905521016,27.22941995036935,1,401,1788683400.2010098
1788683463.416967,63.196000,gate_sweep_poor_none_r20,-2.5541671216487885,-5.844089378602803,2.077579379081726,57.47302206155927,-1.2457261085510254,1.2069793939590454,4.4982218742370605,30.98957016768566,7.568956256281641,26.48345189387361,1,249,1788683400.220934
1788683463.472548,63.232000,gate_sweep_poor_none_r20,-2.5482705533504486,-5.842501510865986,2.082046866416931,56.675822997740184,-1.2527754306793213,1.215011477470398,4.496401786804199,30.429379225247782,7.57072697136805,26.246443772492405,1,185,1788683400.2405272
1788683463.521774,63.264000,gate_sweep_poor_none_r20,-2.538959115743637,-5.840347637422383,2.0881444215774536,55.46711123247782,-1.2700412273406982,1.2486259937286377,4.464655876159668,29.742613937314523,7.583634118575601,25.724497295163292,1,399,1788683400.257753
1788683463.573704,63.296000,gate_sweep_poor_none_r20,-2.5279854238033295,-5.838164200074971,2.0943602323532104,54.10046498637146,-1.2774039506912231,1.2590383291244507,4.469983100891113,29.053016208626357,7.588005124858981,25.047448777745103,1,248,1788683400.2776885
1788683463.624753,63.328000,gate_sweep_poor_none_r20,-2.51202592253685,-5.835394253022969,2.1022850275039673,52.185854359495835,-1.2747600078582764,1.2614068984985352,4.470746994018555,28.28289136059632,7.583206816030306,23.90296299889952,1,196,1788683400.2967315
1788683463.674941,63.364000,gate_sweep_poor_none_r20,-2.49747571349144,-5.833125461824238,2.1086803674697876,50.509827303353084,-1.3008655309677124,1.2948013544082642,4.400082111358643,27.325400794182155,7.582198795757255,23.18442650917093,1,380,1788683400.3109207
1788683463.726577,63.396000,gate_sweep_poor_none_r20,-2.485525459051132,-5.831423153169453,2.1134191751480103,49.18173013480971,-1.313412070274353,1.3154654502868652,4.409885883331299,26.235873457671147,7.597738206081977,22.945856677138565,1,249,1788683400.3305573
1788683463.779273,63.428000,gate_sweep_poor_none_r20,-2.4638355672359467,-5.828470100648701,2.1211549043655396,46.85912115043791,-1.3022611141204834,1.3176602125167847,4.427267074584961,25.176590026521467,7.598327908461655,21.682531123916444,1,195,1788683400.3512537
1788683463.828131,63.460000,gate_sweep_poor_none_r20,-2.4449020326137543,-5.8260482447221875,2.127151846885681,44.93159977219584,-1.3911417722702026,1.3815698623657227,4.282177925109863,24.341133754698163,7.5963350940915655,20.590466017497675,1,428,1788683400.368115
1788683463.876933,63.496000,gate_sweep_poor_none_r20,-2.4246204793453217,-5.823489059694111,2.1329466104507446,42.96767985142154,-1.3999685049057007,1.4312057495117188,4.255490303039551,22.947944568711932,7.627955176217906,20.019735282709608,1,296,1788683400.3809204
1788683463.927199,63.528000,gate_sweep_poor_none_r20,-2.397467702627182,-5.820045818574727,2.1399694681167603,40.50109985760219,-1.390679121017456,1.4617671966552734,4.240545749664307,21.599741614005932,7.645315215962835,18.90135824359626,1,219,1788683400.3991818
1788683463.975435,63.560000,gate_sweep_poor_none_r20,-2.3742972314357758,-5.8169773714616895,2.1454931497573853,38.55102272824482,-1.3965613842010498,1.4924675226211548,4.2142014503479,20.750213692250455,7.6592105389219896,17.80080903599436,1,434,1788683400.4154212
1788683464.023062,63.592000,gate_sweep_poor_none_r20,-2.3561123311519623,-5.814484943635762,2.149598002433777,37.118026899576854,-1.3988317251205444,1.5136723518371582,4.214636325836182,19.455843918479747,7.6735036836504795,17.662182981097107,1,299,1788683400.4310439
1788683464.072549,63.628000,gate_sweep_poor_none_r20,-2.324392169713974,-5.809827198274434,2.156405806541443,34.816853300697915,-1.3758420944213867,1.5201281309127808,4.215076923370361,18.083489093701694,7.672425896708501,16.733364206996225,1,226,1788683400.4445324
1788683464.116558,63.660000,gate_sweep_poor_none_r20,-2.297785133123398,-5.805540909059346,2.1619428396224976,33.08223718835838,-1.4474775791168213,1.5929458141326904,4.1267409324646,17.320323935299363,7.702016636913052,15.761913253059014,1,417,1788683400.4565406
1788683464.162928,63.692000,gate_sweep_poor_none_r20,-2.27020201086998,-5.800644268281758,2.1675909757614136,31.466959898596734,-1.5601160526275635,1.6450222730636597,4.069415092468262,16.19201505806054,7.717454715376791,15.274944840536193,1,237,1788683400.4709158
1788683464.212518,63.724000,gate_sweep_poor_none_r20,-2.234299749135971,-5.793583740480244,2.1748651266098022,29.64375311836392,-1.5772979259490967,1.6800367832183838,4.032514572143555,15.034402553083611,7.729004890049694,14.609350565280312,1,189,1788683400.4884923
1788683464.259211,63.760000,gate_sweep_poor_none_r20,-2.2044399678707123,-5.787058700807393,2.18099844455719,28.362095598248818,-1.6434035301208496,1.7739031314849854,3.9531807899475098,14.231882829863183,7.786111736879859,14.130212768385634,1,420,1788683400.4991894
1788683464.303476,63.792000,gate_sweep_poor_none_r20,-2.1814261376857758,-5.781613220460713,2.185792088508606,27.512634738082568,-1.6838804483413696,1.8183562755584717,3.9185402393341064,13.412876303701768,7.810858096752014,14.0997584343808,1,240,1788683400.5114553
1788683464.352672,63.824000,gate_sweep_poor_none_r20,-2.1499951779842377,-5.773567547090352,2.192465662956238,26.53725255621267,-1.667663335800171,1.8526899814605713,3.8866069316864014,12.565012317703708,7.827040471096272,13.972240238508961,1,183,1788683400.5286305
1788683464.401158,63.856000,gate_sweep_poor_none_r20,-2.109548658132553,-5.762214054353535,2.201276421546936,25.577649918534696,-1.728670597076416,1.9228814840316772,3.831763505935669,12.42633088546903,7.865382995370324,13.151319033065668,1,374,1788683400.5451386
1788683464.448344,63.892000,gate_sweep_poor_none_r20,-2.0762945115566254,-5.752087463624775,2.208654046058655,25.021268931280478,-1.7360000610351562,1.9475802183151245,3.8151862621307373,12.085473482022936,7.87284119531462,12.935795449257542,1,228,1788683400.5563273
1788683464.494809,63.924000,gate_sweep_poor_none_r20,-2.04231795668602,-5.740982879884541,2.2163246870040894,24.653621660451428,-1.6945453882217407,1.9630070924758911,3.8097574710845947,11.824916551103568,7.874733982236409,12.828705109347858,1,181,1788683400.570762
1788683464.541459,63.956000,gate_sweep_poor_none_r20,-2.016449064016342,-5.73202692437917,2.2222076654434204,24.49893449185639,-1.8604578971862793,2.1017019748687744,3.693713665008545,11.775157961467919,7.972262641044735,12.723776530388468,1,408,1788683400.5854445
1788683464.587836,63.988000,gate_sweep_poor_none_r20,-1.9726525247097015,-5.715930332429707,2.2322503328323364,24.465580690568714,-1.911811113357544,2.1581883430480957,3.6710050106048584,11.734203701139856,8.004714961549595,12.731376989428856,1,217,1788683400.599821
1788683464.639343,64.024000,gate_sweep_poor_none_r20,-1.937018245458603,-5.702074398286641,2.240416646003723,24.629960540140246,-1.9989162683486938,2.2501466274261475,3.6047348976135254,11.897318603138576,8.068643931832776,12.732641937001667,1,170,1788683400.615326
1788683464.682946,64.056000,gate_sweep_poor_none_r20,-1.9008748233318329,-5.68730150628835,2.248646378517151,24.957167144909743,-2.105229616165161,2.370260000228882,3.457710027694702,12.25355731296881,8.150330865702614,12.70360983194093,1,395,1788683400.6269238
1788683464.726949,64.088000,gate_sweep_poor_none_r20,-1.854992836713791,-5.667533268220723,2.2588361501693726,25.577761686200166,-2.124950647354126,2.398800849914551,3.449963331222534,12.841146151365388,8.158272322395382,12.736615534834778,1,238,1788683400.6389158
1788683464.773309,64.120000,gate_sweep_poor_none_r20,-1.8177762925624847,-5.650686134584248,2.2668882608413696,26.22699718999678,-2.098688840866089,2.4095680713653564,3.4552083015441895,13.657396000146173,8.152221429982056,12.56960118985061,1,186,1788683400.6532948
1788683464.822760,64.156000,gate_sweep_poor_none_r20,-1.7896176278591156,-5.637480606324971,2.272821068763733,26.79341217204189,-2.0229499340057373,2.4060850143432617,3.464449405670166,14.862565318041401,8.134701589634743,11.930846854000487,1,159,1788683400.6667378
1788683464.873219,64.188000,gate_sweep_poor_none_r20,-1.7423084676265717,-5.614348758943379,2.282472014427185,27.873085945218335,-2.0148706436157227,2.545513391494751,3.4059665203094482,15.912082478847587,8.241351852619834,11.961003466370748,1,401,1788683400.6851966
1788683464.921170,64.220000,gate_sweep_poor_none_r20,-1.7041400372982025,-5.594913830049336,2.289880156517029,28.83801785925363,-2.0720643997192383,2.5729079246520996,3.357682466506958,17.312033149611427,8.245537115692148,11.525984709642202,1,406,1788683400.7011554
1788683464.970038,64.252000,gate_sweep_poor_none_r20,-1.6657712161540985,-5.574724067933857,2.296988368034363,29.876702340893562,-2.034623861312866,2.5721843242645264,3.376127004623413,18.641706193247675,8.226342372020044,11.234996147645886,1,233,1788683400.7180207
1788683465.022544,64.288000,gate_sweep_poor_none_r20,-1.617630809545517,-5.548560013063252,2.305346369743347,31.254786182487845,-1.9900763034820557,2.579160690307617,3.3849692344665527,20.132985770671915,8.207566326749376,11.121800411815926,1,184,1788683400.7345164
1788683465.066715,64.320000,gate_sweep_poor_none_r20,-1.5790158212184906,-5.526963581331074,2.3116644620895386,32.401713253644296,-1.981768012046814,2.5482218265533447,3.4073050022125244,21.159170060019235,8.159121085759633,11.24254319362506,1,402,1788683400.7466993
1788683465.117294,64.352000,gate_sweep_poor_none_r20,-1.5500199496746063,-5.510440696962178,2.316184163093567,33.27784621076118,-1.9394577741622925,2.5576162338256836,3.4199728965759277,22.32981869222383,8.152518262827648,10.948027518537353,1,257,1788683400.7652676
1788683465.161199,64.384000,gate_sweep_poor_none_r20,-1.5017026364803314,-5.482365478761494,2.323320984840393,34.752934988226095,-1.8948489427566528,2.5534276962280273,3.445228099822998,23.89725350401866,8.123251291447009,10.855681484207432,1,398,1788683400.7771847
1788683465.207253,64.420000,gate_sweep_poor_none_r20,-1.463103860616684,-5.459530224092305,2.3287590742111206,35.93188852132124,-1.849307656288147,2.5677688121795654,3.469022750854492,25.283403263308657,8.117073637820134,10.648485258012583,1,233,1788683400.7872353
1788683465.252851,64.452000,gate_sweep_poor_none_r20,-1.4246556460857391,-5.43647085595876,2.3339866399765015,37.09487691548853,-1.805045485496521,2.570530652999878,3.4940731525421143,26.694111867305732,8.099541364239675,10.400765048182794,1,388,1788683400.8008354
1788683465.301306,64.484000,gate_sweep_poor_none_r20,-1.3864316642284393,-5.413262237794697,2.339044213294983,38.23322281195506,-1.7619905471801758,2.5802268981933594,3.5136709213256836,27.866394023003835,8.08805668531954,10.366828788951223,1,224,1788683400.817286
1788683465.346363,64.516000,gate_sweep_poor_none_r20,-1.339081734418869,-5.384269108064473,2.345159888267517,39.60764407162061,-1.7197389602661133,2.5872628688812256,3.537000894546509,29.076998575290695,8.06912058202786,10.530645496329916,1,369,1788683400.8303502
1788683465.394801,64.552000,gate_sweep_poor_none_r20,-1.3109520375728607,-5.3669417994096875,2.348744511604309,40.39817407787471,-1.6742167472839355,2.5941343307495117,3.561098098754883,30.387249445918084,8.061048047232376,10.01092463195662,1,206,1788683400.8427827
1788683465.442065,64.584000,gate_sweep_poor_none_r20,-1.2738098800182343,-5.34392820764333,2.353450894355774,41.410374055393596,-1.6350098848342896,2.599679946899414,3.583770751953125,31.544023553688632,8.046431687922011,9.86635050170496,1,147,1788683400.8580456
1788683465.486813,64.616000,gate_sweep_poor_none_r20,-1.2371799647808075,-5.321090091951191,2.3581143617630005,42.36674653502114,-1.5813530683517456,2.5867364406585693,3.6123709678649902,32.45446882504248,8.014071077112995,9.91227770997866,1,370,1788683400.8707974
1788683465.533762,64.648000,gate_sweep_poor_none_r20,-1.1922117173671722,-5.292865146882832,2.363874316215515,43.47723066997489,-1.5399835109710693,2.5855302810668945,3.623037815093994,33.48543178913221,7.985959707916984,9.991798880842678,1,186,1788683400.8857348
1788683465.581237,64.684000,gate_sweep_poor_none_r20,-1.1570236384868622,-5.270627369172871,2.3683630228042603,44.2939423052245,-1.48423433303833,2.585484504699707,3.6494815349578857,34.65771635313834,7.966606884716559,9.636225952086157,1,397,1788683400.8972068
1788683465.631574,64.716000,gate_sweep_poor_none_r20,-1.1311616599559784,-5.254167904146016,2.371662974357605,44.86332198669182,-1.4410094022750854,2.593506097793579,3.6680874824523926,35.56313571835796,7.960069683697981,9.300186268333862,1,227,1788683400.9155328
1788683465.679710,64.748000,gate_sweep_poor_none_r20,-1.089000552892685,-5.227083553560078,2.3770030736923218,45.729471271178305,-1.420149803161621,2.600501537322998,3.703249454498291,36.38507434239271,7.946047926080589,9.34439692878559,1,397,1788683400.9316938
1788683465.730149,64.780000,gate_sweep_poor_none_r20,-1.056262344121933,-5.205879558809102,2.3811076879501343,46.34651599292099,-1.3952126502990723,2.6174845695495605,3.7268500328063965,37.05796139559874,7.945497848070056,9.288554597322248,1,238,1788683400.9501278
1788683465.779377,64.816000,gate_sweep_poor_none_r20,-1.0244576632976532,-5.18515192437917,2.385036587715149,46.89673051037867,-1.3688629865646362,2.639580726623535,3.7484288215637207,37.63709245458256,7.9500877020119125,9.25963805579611,1,162,1788683400.963358
1788683465.827033,64.848000,gate_sweep_poor_none_r20,-0.9860661327838898,-5.159836162813008,2.389708638191223,47.49406501705389,-1.3241984844207764,2.63291072845459,3.77597713470459,38.15561736041953,7.922308877026301,9.338447656634367,1,408,1788683400.9790163
1788683465.879450,64.880000,gate_sweep_poor_none_r20,-0.9565494358539581,-5.140068401582539,2.393250823020935,47.90195767034667,-1.293526530265808,2.623372793197632,3.793846845626831,38.822656212345656,7.895963650214423,9.07930145800101,1,226,1788683400.9994287
1788683465.926174,64.912000,gate_sweep_poor_none_r20,-0.935145229101181,-5.1255525248125196,2.395821452140808,48.17004660685686,-1.241571307182312,2.6143059730529785,3.8220772743225098,39.60792556326963,7.876135612000097,8.56212104358723,1,409,1788683401.0141587
1788683465.977874,64.948000,gate_sweep_poor_none_r20,-0.900836855173111,-5.10191856790334,2.3999732732772827,48.5498082538361,-1.193361520767212,2.6281111240386963,3.839280128479004,40.137087103021095,7.868324722691425,8.412721150815003,1,237,1788683401.0298457
1788683466.023791,64.980000,gate_sweep_poor_none_r20,-0.8746709525585175,-5.083523620851338,2.403180956840515,48.797503262538505,-1.149121880531311,2.640475034713745,3.8673410415649414,40.57515346019232,7.866336078298243,8.222349802346187,1,410,1788683401.043775
1788683466.076705,65.012000,gate_sweep_poor_none_r20,-0.8495249450206757,-5.0655220644548535,2.406150221824646,49.010864356187014,-1.124031662940979,2.6531713008880615,3.883371591567993,40.94141380466435,7.863571973448105,8.069450551522666,1,245,1788683401.0646853
1788683466.127403,65.044000,gate_sweep_poor_none_r20,-0.8197357952594757,-5.043778290040791,2.409237504005432,49.23500481394181,-1.0794588327407837,2.6464312076568604,3.9005885124206543,41.826699276417436,7.837787060451361,7.4083055375243765,1,414,1788683401.0833898
1788683466.176563,65.080000,gate_sweep_poor_none_r20,-0.7974357306957245,-5.027125705964863,2.411471724510193,49.37596979330325,-1.0361807346343994,2.6433560848236084,3.915414571762085,43.00615872877411,7.820174816941328,6.369811064529136,1,262,1788683401.0965493
1788683466.228457,65.112000,gate_sweep_poor_none_r20,-0.7817374765872955,-5.015122761018574,2.413258194923401,49.452528050355205,-1.001723289489746,2.6537926197052,3.9277589321136475,44.136137879379945,7.820125916986876,5.316390170975265,1,172,1788683401.116412
1788683466.278369,65.144000,gate_sweep_poor_none_r20,-0.7622551620006561,-4.99976431299001,2.415850043296814,49.51130782511286,-0.9640302658081055,2.6403086185455322,3.945652484893799,45.140343523904114,7.794339170321926,4.370964301208748,1,405,1788683401.1343565
1788683466.330485,65.176000,gate_sweep_poor_none_r20,-0.740492969751358,-4.981770862825215,2.4193981885910034,49.52562718416724,-0.9180174469947815,2.6527774333953857,3.9592766761779785,46.21338984393451,7.79031888845884,3.3122373402327323,1,265,1788683401.1544693
1788683466.381883,65.212000,gate_sweep_poor_none_r20,-0.7253897488117218,-4.968381275422871,2.4225879907608032,49.512172292617784,-0.8974025845527649,2.6534969806671143,3.973493814468384,47.21453681567396,7.779969501246588,2.2976354769438267,1,184,1788683401.1698174
1788683466.432536,65.244000,gate_sweep_poor_none_r20,-0.7124293148517609,-4.955918659456074,2.4260562658309937,49.505157971291176,-0.8584923148155212,2.655827760696411,3.9870340824127197,47.75548181442238,7.771529431747836,1.7496761568687957,1,406,1788683401.1885211
1788683466.480830,65.276000,gate_sweep_poor_none_r20,-0.7040564715862274,-4.947061886079609,2.4287556409835815,49.52661263458381,-0.8407036662101746,2.652257204055786,3.994194746017456,48.362494827500825,7.760085223827384,1.1641178070829938,1,269,1788683401.2048109
1788683466.534341,65.308000,gate_sweep_poor_none_r20,-0.6930668652057648,-4.933496822603047,2.433643937110901,49.67334057880234,-0.8161436915397644,2.6730215549468994,3.996676206588745,48.792475361422426,7.7664238622814405,0.8808652173799082,1,203,1788683401.2263145
1788683466.585148,65.344000,gate_sweep_poor_none_r20,-0.6869783103466034,-4.923673500306904,2.437977910041809,49.958895520888355,-0.8039438128471375,2.731693744659424,4.0191802978515625,48.831862971188116,7.81783407187015,1.1270325497002405,1,404,1788683401.241125
1788683466.638091,65.376000,gate_sweep_poor_none_r20,-0.6834085881710052,-4.914836754091084,2.4428778886795044,50.461190898259595,-0.8003877401351929,2.771402359008789,4.038832664489746,48.80968646415926,7.851052634658114,1.6515044341003322,1,278,1788683401.2620742
1788683466.692087,65.408000,gate_sweep_poor_none_r20,-0.6823723018169403,-4.905047287233174,2.4490305185317993,51.467697804747,-0.8015262484550476,2.796861410140991,4.053994178771973,48.900675724778026,7.868259248167842,2.567022079968971,1,181,1788683401.2840617
1788683466.739829,65.440000,gate_sweep_poor_none_r20,-0.6841295659542084,-4.898149360902607,2.4531112909317017,52.610873988869045,-0.804250955581665,2.8030014038085938,3.980771064758301,49.21370423850712,7.852126885986108,3.3971697503619254,1,378,1788683401.2998157
1788683466.788913,65.476000,gate_sweep_poor_none_r20,-0.686902791261673,-4.893468250520527,2.4553555250167847,53.665309578345436,-0.802680492401123,2.8012118339538574,3.983139753341675,49.441443136230696,7.845739654539026,4.223866442114739,1,253,1788683401.3128955
1788683466.839880,65.508000,gate_sweep_poor_none_r20,-0.6940455138683319,-4.886633266694844,2.45759379863739,55.78325485010202,-0.7818938493728638,2.793242931365967,3.9853436946868896,49.733370009215875,7.830851517713201,6.049884840886145,1,175,1788683401.3318524
1788683466.895388,65.540000,gate_sweep_poor_none_r20,-0.7018349468708038,-4.881986488588154,2.458064913749695,57.79017062847514,-0.7763042449951172,2.872849941253662,3.9279842376708984,49.47043729367346,7.893269066033532,8.319733334801677,1,385,1788683401.3553703
1788683466.945665,65.572000,gate_sweep_poor_none_r20,-0.7115172445774078,-4.878095497377217,2.457291007041931,60.06112166365123,-0.8023134469985962,2.88718318939209,3.9232044219970703,49.365464157122204,7.90295509121197,10.695657506529024,1,225,1788683401.373651
1788683466.999348,65.608000,gate_sweep_poor_none_r20,-0.7261107861995697,-4.87426268029958,2.4550338983535767,63.254598626318206,-0.7985731959342957,2.88800048828125,3.9287707805633545,49.4593774030951,7.901258171779762,13.795221223223109,1,162,1788683401.391331
