[INFO] [launch]: All log files can be found below /home/admin/.ros/log/2026-09-07-10-33-22-599216-T21-A15-152856
[INFO] [launch]: Default logging verbosity is set to INFO
[INFO] [component_container_mt-1]: process started with pid [152907]
[component_container_mt-1] [INFO] [1788752003.011976822] [nvblox_container]: Load Library: /workspaces/isaac_ros-dev/ros2_ws/install/nvblox_ros/lib/libnvblox_ros_lib.so
[component_container_mt-1] [INFO] [1788752003.042556006] [nvblox_container]: Found class: rclcpp_components::NodeFactoryTemplate<nvblox::NvbloxNode>
[component_container_mt-1] [INFO] [1788752003.042602354] [nvblox_container]: Instantiate class: rclcpp_components::NodeFactoryTemplate<nvblox::NvbloxNode>
[component_container_mt-1] [INFO] [1788752003.163321032] [nvblox_node]: Create nvblox cuda stream with type: kBlocking
[component_container_mt-1] WARNING: Logging before InitGoogleLogging() is written to STDERR
[component_container_mt-1] I0907 10:33:23.179864 152907 block_memory_pool_impl.h:65] Expanding the memory pool with 2048 blocks. Number of allocated blocks: 2048
[component_container_mt-1] I0907 10:33:23.186379 152907 gpu_hash_interface_impl.cuh:83] Creating a GPUHashImpl with requested capacity of 4096 blocks. Real capacity: 4096
[component_container_mt-1] I0907 10:33:23.186462 152907 layer_cake_impl.h:32] Adding Layer with type: N6nvblox15VoxelBlockLayerINS_9TsdfVoxelEEE, voxel_size: 0.05, and memory_type: kDevice to LayerCake.
[component_container_mt-1] I0907 10:33:23.192525 152907 block_memory_pool_impl.h:65] Expanding the memory pool with 2048 blocks. Number of allocated blocks: 2048
[component_container_mt-1] I0907 10:33:23.192688 152907 gpu_hash_interface_impl.cuh:83] Creating a GPUHashImpl with requested capacity of 4096 blocks. Real capacity: 4096
[component_container_mt-1] I0907 10:33:23.195032 152907 layer_cake_impl.h:32] Adding Layer with type: N6nvblox15VoxelBlockLayerINS_10ColorVoxelEEE, voxel_size: 0.05, and memory_type: kDevice to LayerCake.
[component_container_mt-1] I0907 10:33:23.201401 152907 block_memory_pool_impl.h:65] Expanding the memory pool with 2048 blocks. Number of allocated blocks: 2048
[component_container_mt-1] I0907 10:33:23.201996 152907 gpu_hash_interface_impl.cuh:83] Creating a GPUHashImpl with requested capacity of 4096 blocks. Real capacity: 4096
[component_container_mt-1] I0907 10:33:23.204406 152907 layer_cake_impl.h:32] Adding Layer with type: N6nvblox15VoxelBlockLayerINS_14FreespaceVoxelEEE, voxel_size: 0.05, and memory_type: kDevice to LayerCake.
[component_container_mt-1] I0907 10:33:23.208921 152907 block_memory_pool_impl.h:65] Expanding the memory pool with 2048 blocks. Number of allocated blocks: 2048
[component_container_mt-1] I0907 10:33:23.209192 152907 gpu_hash_interface_impl.cuh:83] Creating a GPUHashImpl with requested capacity of 4096 blocks. Real capacity: 4096
[component_container_mt-1] I0907 10:33:23.211838 152907 layer_cake_impl.h:32] Adding Layer with type: N6nvblox15VoxelBlockLayerINS_14OccupancyVoxelEEE, voxel_size: 0.05, and memory_type: kDevice to LayerCake.
[component_container_mt-1] I0907 10:33:23.219162 152907 block_memory_pool_impl.h:65] Expanding the memory pool with 2048 blocks. Number of allocated blocks: 2048
[component_container_mt-1] I0907 10:33:23.219475 152907 gpu_hash_interface_impl.cuh:83] Creating a GPUHashImpl with requested capacity of 4096 blocks. Real capacity: 4096
[component_container_mt-1] I0907 10:33:23.219542 152907 layer_cake_impl.h:32] Adding Layer with type: N6nvblox15VoxelBlockLayerINS_9EsdfVoxelEEE, voxel_size: 0.05, and memory_type: kDevice to LayerCake.
[component_container_mt-1] I0907 10:33:23.219918 152907 block_memory_pool_impl.h:65] Expanding the memory pool with 2048 blocks. Number of allocated blocks: 2048
[component_container_mt-1] I0907 10:33:23.220176 152907 gpu_hash_interface_impl.cuh:83] Creating a GPUHashImpl with requested capacity of 4096 blocks. Real capacity: 4096
[component_container_mt-1] I0907 10:33:23.220252 152907 layer_cake_impl.h:32] Adding Layer with type: N6nvblox10BlockLayerINS_9MeshBlockEEE, voxel_size: 0.05, and memory_type: kDevice to LayerCake.
[component_container_mt-1] I0907 10:33:23.220273 152907 layer_cake_streamer_impl.h:79] Adding Streamer with type: N6nvblox25LayerStreamerOldestBlocksINS_15VoxelBlockLayerINS_9TsdfVoxelEEEEE to LayerCake.
[component_container_mt-1] I0907 10:33:23.220281 152907 layer_cake_streamer_impl.h:79] Adding Streamer with type: N6nvblox25LayerStreamerOldestBlocksINS_15VoxelBlockLayerINS_10ColorVoxelEEEEE to LayerCake.
[component_container_mt-1] I0907 10:33:23.220288 152907 layer_cake_streamer_impl.h:79] Adding Streamer with type: N6nvblox25LayerStreamerOldestBlocksINS_15VoxelBlockLayerINS_14FreespaceVoxelEEEEE to LayerCake.
[component_container_mt-1] I0907 10:33:23.220295 152907 layer_cake_streamer_impl.h:79] Adding Streamer with type: N6nvblox25LayerStreamerOldestBlocksINS_15VoxelBlockLayerINS_14OccupancyVoxelEEEEE to LayerCake.
[component_container_mt-1] I0907 10:33:23.220302 152907 layer_cake_streamer_impl.h:79] Adding Streamer with type: N6nvblox25LayerStreamerOldestBlocksINS_15VoxelBlockLayerINS_9EsdfVoxelEEEEE to LayerCake.
[component_container_mt-1] I0907 10:33:23.220310 152907 layer_cake_streamer_impl.h:79] Adding Streamer with type: N6nvblox25LayerStreamerOldestBlocksINS_10BlockLayerINS_9MeshBlockEEEEE to LayerCake.
[component_container_mt-1] I0907 10:33:23.226387 152907 block_memory_pool_impl.h:65] Expanding the memory pool with 2048 blocks. Number of allocated blocks: 2048
[component_container_mt-1] I0907 10:33:23.226524 152907 gpu_hash_interface_impl.cuh:83] Creating a GPUHashImpl with requested capacity of 4096 blocks. Real capacity: 4096
[component_container_mt-1] I0907 10:33:23.226555 152907 layer_cake_impl.h:32] Adding Layer with type: N6nvblox15VoxelBlockLayerINS_9TsdfVoxelEEE, voxel_size: 0.05, and memory_type: kDevice to LayerCake.
[component_container_mt-1] I0907 10:33:23.233629 152907 block_memory_pool_impl.h:65] Expanding the memory pool with 2048 blocks. Number of allocated blocks: 2048
[component_container_mt-1] I0907 10:33:23.233980 152907 gpu_hash_interface_impl.cuh:83] Creating a GPUHashImpl with requested capacity of 4096 blocks. Real capacity: 4096
[component_container_mt-1] I0907 10:33:23.234018 152907 layer_cake_impl.h:32] Adding Layer with type: N6nvblox15VoxelBlockLayerINS_10ColorVoxelEEE, voxel_size: 0.05, and memory_type: kDevice to LayerCake.
[component_container_mt-1] I0907 10:33:23.239746 152907 block_memory_pool_impl.h:65] Expanding the memory pool with 2048 blocks. Number of allocated blocks: 2048
[component_container_mt-1] I0907 10:33:23.239876 152907 gpu_hash_interface_impl.cuh:83] Creating a GPUHashImpl with requested capacity of 4096 blocks. Real capacity: 4096
[component_container_mt-1] I0907 10:33:23.239907 152907 layer_cake_impl.h:32] Adding Layer with type: N6nvblox15VoxelBlockLayerINS_14FreespaceVoxelEEE, voxel_size: 0.05, and memory_type: kDevice to LayerCake.
[component_container_mt-1] I0907 10:33:23.244267 152907 block_memory_pool_impl.h:65] Expanding the memory pool with 2048 blocks. Number of allocated blocks: 2048
[component_container_mt-1] I0907 10:33:23.244393 152907 gpu_hash_interface_impl.cuh:83] Creating a GPUHashImpl with requested capacity of 4096 blocks. Real capacity: 4096
[component_container_mt-1] I0907 10:33:23.244423 152907 layer_cake_impl.h:32] Adding Layer with type: N6nvblox15VoxelBlockLayerINS_14OccupancyVoxelEEE, voxel_size: 0.05, and memory_type: kDevice to LayerCake.
[component_container_mt-1] I0907 10:33:23.250630 152907 block_memory_pool_impl.h:65] Expanding the memory pool with 2048 blocks. Number of allocated blocks: 2048
[component_container_mt-1] I0907 10:33:23.250900 152907 gpu_hash_interface_impl.cuh:83] Creating a GPUHashImpl with requested capacity of 4096 blocks. Real capacity: 4096
[component_container_mt-1] I0907 10:33:23.250962 152907 layer_cake_impl.h:32] Adding Layer with type: N6nvblox15VoxelBlockLayerINS_9EsdfVoxelEEE, voxel_size: 0.05, and memory_type: kDevice to LayerCake.
[component_container_mt-1] I0907 10:33:23.251400 152907 block_memory_pool_impl.h:65] Expanding the memory pool with 2048 blocks. Number of allocated blocks: 2048
[component_container_mt-1] I0907 10:33:23.251574 152907 gpu_hash_interface_impl.cuh:83] Creating a GPUHashImpl with requested capacity of 4096 blocks. Real capacity: 4096
[component_container_mt-1] I0907 10:33:23.251633 152907 layer_cake_impl.h:32] Adding Layer with type: N6nvblox10BlockLayerINS_9MeshBlockEEE, voxel_size: 0.05, and memory_type: kDevice to LayerCake.
[component_container_mt-1] I0907 10:33:23.251643 152907 layer_cake_streamer_impl.h:79] Adding Streamer with type: N6nvblox25LayerStreamerOldestBlocksINS_15VoxelBlockLayerINS_9TsdfVoxelEEEEE to LayerCake.
[component_container_mt-1] I0907 10:33:23.251648 152907 layer_cake_streamer_impl.h:79] Adding Streamer with type: N6nvblox25LayerStreamerOldestBlocksINS_15VoxelBlockLayerINS_10ColorVoxelEEEEE to LayerCake.
[component_container_mt-1] I0907 10:33:23.251653 152907 layer_cake_streamer_impl.h:79] Adding Streamer with type: N6nvblox25LayerStreamerOldestBlocksINS_15VoxelBlockLayerINS_14FreespaceVoxelEEEEE to LayerCake.
[component_container_mt-1] I0907 10:33:23.251657 152907 layer_cake_streamer_impl.h:79] Adding Streamer with type: N6nvblox25LayerStreamerOldestBlocksINS_15VoxelBlockLayerINS_14OccupancyVoxelEEEEE to LayerCake.
[component_container_mt-1] I0907 10:33:23.251662 152907 layer_cake_streamer_impl.h:79] Adding Streamer with type: N6nvblox25LayerStreamerOldestBlocksINS_15VoxelBlockLayerINS_9EsdfVoxelEEEEE to LayerCake.
[component_container_mt-1] I0907 10:33:23.251667 152907 layer_cake_streamer_impl.h:79] Adding Streamer with type: N6nvblox25LayerStreamerOldestBlocksINS_10BlockLayerINS_9MeshBlockEEEEE to LayerCake.
[component_container_mt-1] [INFO] [1788752003.253920162] [nvblox_node]: Initialize Mapper:
[component_container_mt-1] [INFO] [1788752003.253967051] [nvblox_node]: static_mapper.do_depth_preprocessing: 0
[component_container_mt-1] [INFO] [1788752003.253979726] [nvblox_node]: static_mapper.depth_preprocessing_num_dilations: 3
[component_container_mt-1] [INFO] [1788752003.253995806] [nvblox_node]: static_mapper.esdf_slice_min_height: 0
[component_container_mt-1] [INFO] [1788752003.254001166] [nvblox_node]: static_mapper.esdf_slice_max_height: 1
[component_container_mt-1] [INFO] [1788752003.254006186] [nvblox_node]: static_mapper.esdf_slice_height: 1
[component_container_mt-1] [INFO] [1788752003.254010705] [nvblox_node]: static_mapper.exclude_last_view_from_decay: 1
[component_container_mt-1] [INFO] [1788752003.254015704] [nvblox_node]: static_mapper.projective_integrator_max_integration_distance_m: 5
[component_container_mt-1] [INFO] [1788752003.254021836] [nvblox_node]: static_mapper.lidar_projective_integrator_max_integration_distance_m: 10
[component_container_mt-1] [INFO] [1788752003.254027096] [nvblox_node]: static_mapper.projective_integrator_truncation_distance_vox: 4
[component_container_mt-1] [INFO] [1788752003.254035482] [nvblox_node]: static_mapper.projective_integrator_weighting_mode: inverse_square_tsdf_distance_penalty
[component_container_mt-1] [INFO] [1788752003.254042455] [nvblox_node]: static_mapper.projective_integrator_max_weight: 5
[component_container_mt-1] [INFO] [1788752003.254050410] [nvblox_node]: static_mapper.projective_tsdf_integrator_invalid_depth_decay_factor: -1
[component_container_mt-1] [INFO] [1788752003.254055730] [nvblox_node]: static_mapper.free_region_occupancy_probability: 0.45
[component_container_mt-1] [INFO] [1788752003.254060670] [nvblox_node]: static_mapper.occupied_region_occupancy_probability: 0.55
[component_container_mt-1] [INFO] [1788752003.254065569] [nvblox_node]: static_mapper.unobserved_region_occupancy_probability: 0.5
[component_container_mt-1] [INFO] [1788752003.254070669] [nvblox_node]: static_mapper.occupied_region_half_width_m: 0.1
[component_container_mt-1] [INFO] [1788752003.254075308] [nvblox_node]: static_mapper.raycast_subsampling_factor: 4
[component_container_mt-1] [INFO] [1788752003.254079736] [nvblox_node]: static_mapper.workspace_bounds_type: unbounded
[component_container_mt-1] [INFO] [1788752003.254086569] [nvblox_node]: static_mapper.workspace_bounds_min_height_m: -0.5
[component_container_mt-1] [INFO] [1788752003.254091529] [nvblox_node]: static_mapper.workspace_bounds_max_height_m: 2
[component_container_mt-1] [INFO] [1788752003.254096077] [nvblox_node]: static_mapper.workspace_bounds_min_corner_x_m: 0
[component_container_mt-1] [INFO] [1788752003.254101167] [nvblox_node]: static_mapper.workspace_bounds_max_corner_x_m: 0
[component_container_mt-1] [INFO] [1788752003.254105766] [nvblox_node]: static_mapper.workspace_bounds_min_corner_y_m: 0
[component_container_mt-1] [INFO] [1788752003.254110565] [nvblox_node]: static_mapper.workspace_bounds_max_corner_y_m: 0
[component_container_mt-1] [INFO] [1788752003.254115404] [nvblox_node]: static_mapper.esdf_integrator_min_weight: 0.1
[component_container_mt-1] [INFO] [1788752003.254120073] [nvblox_node]: static_mapper.esdf_integrator_max_site_distance_vox: 2
[component_container_mt-1] [INFO] [1788752003.254127026] [nvblox_node]: static_mapper.esdf_integrator_max_distance_m: 2
[component_container_mt-1] [INFO] [1788752003.254131826] [nvblox_node]: static_mapper.mesh_integrator_min_weight: 0.1
[component_container_mt-1] [INFO] [1788752003.254136254] [nvblox_node]: static_mapper.mesh_integrator_weld_vertices: 1
[component_container_mt-1] [INFO] [1788752003.254140783] [nvblox_node]: static_mapper.decay_integrator_deallocate_decayed_blocks: 1
[component_container_mt-1] [INFO] [1788752003.254145702] [nvblox_node]: static_mapper.tsdf_decay_factor: 0.95
[component_container_mt-1] [INFO] [1788752003.254150621] [nvblox_node]: static_mapper.tsdf_decayed_weight_threshold: 0.001
[component_container_mt-1] [INFO] [1788752003.254155130] [nvblox_node]: static_mapper.tsdf_set_free_distance_on_decayed: 0
[component_container_mt-1] [INFO] [1788752003.254159969] [nvblox_node]: static_mapper.tsdf_decayed_free_distance_vox: 4
[component_container_mt-1] [INFO] [1788752003.254164628] [nvblox_node]: static_mapper.free_region_decay_probability: 0.55
[component_container_mt-1] [INFO] [1788752003.254169508] [nvblox_node]: static_mapper.occupied_region_decay_probability: 0.4
[component_container_mt-1] [INFO] [1788752003.254173946] [nvblox_node]: static_mapper.occupancy_decay_to_free: 0
[component_container_mt-1] [INFO] [1788752003.254210856] [nvblox_node]: static_mapper.max_tsdf_distance_for_occupancy_m: 0.15
[component_container_mt-1] [INFO] [1788752003.254222949] [nvblox_node]: static_mapper.max_unobserved_to_keep_consecutive_occupancy_ms: 200
[component_container_mt-1] [INFO] [1788752003.254227759] [nvblox_node]: static_mapper.min_duration_since_occupied_for_freespace_ms: 1000
[component_container_mt-1] [INFO] [1788752003.254232127] [nvblox_node]: static_mapper.min_consecutive_occupancy_duration_for_reset_ms: 2000
[component_container_mt-1] [INFO] [1788752003.254239220] [nvblox_node]: static_mapper.check_neighborhood: 1
[component_container_mt-1] [INFO] [1788752003.254243288] [nvblox_node]: Initialize Mapper:
[component_container_mt-1] [INFO] [1788752003.254248268] [nvblox_node]: dynamic_mapper.do_depth_preprocessing: 0
[component_container_mt-1] [INFO] [1788752003.254252917] [nvblox_node]: dynamic_mapper.depth_preprocessing_num_dilations: 4
[component_container_mt-1] [INFO] [1788752003.254257736] [nvblox_node]: dynamic_mapper.esdf_slice_min_height: 0
[component_container_mt-1] [INFO] [1788752003.254262335] [nvblox_node]: dynamic_mapper.esdf_slice_max_height: 1
[component_container_mt-1] [INFO] [1788752003.254266893] [nvblox_node]: dynamic_mapper.esdf_slice_height: 1
[component_container_mt-1] [INFO] [1788752003.254271171] [nvblox_node]: dynamic_mapper.exclude_last_view_from_decay: 0
[component_container_mt-1] [INFO] [1788752003.254276001] [nvblox_node]: dynamic_mapper.projective_integrator_max_integration_distance_m: 7
[component_container_mt-1] [INFO] [1788752003.254280920] [nvblox_node]: dynamic_mapper.lidar_projective_integrator_max_integration_distance_m: 10
[component_container_mt-1] [INFO] [1788752003.254285879] [nvblox_node]: dynamic_mapper.projective_integrator_truncation_distance_vox: 4
[component_container_mt-1] [INFO] [1788752003.254290468] [nvblox_node]: dynamic_mapper.projective_integrator_weighting_mode: kInverseSquareWeight
[component_container_mt-1] [WARN] [1788752003.254294817] [nvblox_node]: Requested weighting function: "kInverseSquareWeight" not recognized. Defaulting to: kInverseSquareWeight
[component_container_mt-1] [INFO] [1788752003.254301399] [nvblox_node]: dynamic_mapper.projective_integrator_max_weight: 5
[component_container_mt-1] [INFO] [1788752003.254308272] [nvblox_node]: dynamic_mapper.projective_tsdf_integrator_invalid_depth_decay_factor: -1
[component_container_mt-1] [INFO] [1788752003.254313071] [nvblox_node]: dynamic_mapper.free_region_occupancy_probability: 0.3
[component_container_mt-1] [INFO] [1788752003.254317680] [nvblox_node]: dynamic_mapper.occupied_region_occupancy_probability: 0.7
[component_container_mt-1] [INFO] [1788752003.254322389] [nvblox_node]: dynamic_mapper.unobserved_region_occupancy_probability: 0.5
[component_container_mt-1] [INFO] [1788752003.254327178] [nvblox_node]: dynamic_mapper.occupied_region_half_width_m: 0.1
[component_container_mt-1] [INFO] [1788752003.254331506] [nvblox_node]: dynamic_mapper.raycast_subsampling_factor: 4
[component_container_mt-1] [INFO] [1788752003.254336025] [nvblox_node]: dynamic_mapper.workspace_bounds_type: kUnbounded
[component_container_mt-1] [WARN] [1788752003.254340574] [nvblox_node]: Requested workspace bounds type: "kUnbounded" not recognized. Defaulting to: kUnbounded
[component_container_mt-1] [INFO] [1788752003.254345794] [nvblox_node]: dynamic_mapper.workspace_bounds_min_height_m: 0
[component_container_mt-1] [INFO] [1788752003.254350603] [nvblox_node]: dynamic_mapper.workspace_bounds_max_height_m: 1
[component_container_mt-1] [INFO] [1788752003.254355282] [nvblox_node]: dynamic_mapper.workspace_bounds_min_corner_x_m: 0
[component_container_mt-1] [INFO] [1788752003.254359921] [nvblox_node]: dynamic_mapper.workspace_bounds_max_corner_x_m: 0
[component_container_mt-1] [INFO] [1788752003.254364519] [nvblox_node]: dynamic_mapper.workspace_bounds_min_corner_y_m: 2
[component_container_mt-1] [INFO] [1788752003.254371002] [nvblox_node]: dynamic_mapper.workspace_bounds_max_corner_y_m: 2
[component_container_mt-1] [INFO] [1788752003.254376102] [nvblox_node]: dynamic_mapper.esdf_integrator_min_weight: 0.0001
[component_container_mt-1] [INFO] [1788752003.254380680] [nvblox_node]: dynamic_mapper.esdf_integrator_max_site_distance_vox: 1
[component_container_mt-1] [INFO] [1788752003.254385119] [nvblox_node]: dynamic_mapper.esdf_integrator_max_distance_m: 2
[component_container_mt-1] [INFO] [1788752003.254389838] [nvblox_node]: dynamic_mapper.mesh_integrator_min_weight: 0.0001
[component_container_mt-1] [INFO] [1788752003.254394236] [nvblox_node]: dynamic_mapper.mesh_integrator_weld_vertices: 1
[component_container_mt-1] [INFO] [1788752003.254398705] [nvblox_node]: dynamic_mapper.decay_integrator_deallocate_decayed_blocks: 1
[component_container_mt-1] [INFO] [1788752003.254403464] [nvblox_node]: dynamic_mapper.tsdf_decay_factor: 0.95
[component_container_mt-1] [INFO] [1788752003.254408083] [nvblox_node]: dynamic_mapper.tsdf_decayed_weight_threshold: 0.001
[component_container_mt-1] [INFO] [1788752003.254412341] [nvblox_node]: dynamic_mapper.tsdf_set_free_distance_on_decayed: 0
[component_container_mt-1] [INFO] [1788752003.254417000] [nvblox_node]: dynamic_mapper.tsdf_decayed_free_distance_vox: 4
[component_container_mt-1] [INFO] [1788752003.254428692] [nvblox_node]: dynamic_mapper.free_region_decay_probability: 0.55
[component_container_mt-1] [INFO] [1788752003.254434012] [nvblox_node]: dynamic_mapper.occupied_region_decay_probability: 0.4
[component_container_mt-1] [INFO] [1788752003.254438430] [nvblox_node]: dynamic_mapper.occupancy_decay_to_free: 0
[component_container_mt-1] [INFO] [1788752003.254443089] [nvblox_node]: dynamic_mapper.max_tsdf_distance_for_occupancy_m: 0.15
[component_container_mt-1] [INFO] [1788752003.254449772] [nvblox_node]: dynamic_mapper.max_unobserved_to_keep_consecutive_occupancy_ms: 200
[component_container_mt-1] [INFO] [1788752003.254454190] [nvblox_node]: dynamic_mapper.min_duration_since_occupied_for_freespace_ms: 1000
[component_container_mt-1] [INFO] [1788752003.254458469] [nvblox_node]: dynamic_mapper.min_consecutive_occupancy_duration_for_reset_ms: 2000
[component_container_mt-1] [INFO] [1788752003.254462887] [nvblox_node]: dynamic_mapper.check_neighborhood: 1
[component_container_mt-1] [INFO] [1788752003.254468488] [nvblox_node]: Initialize MultiMapper:
[component_container_mt-1] [INFO] [1788752003.254473537] [nvblox_node]: multi_mapper.connected_mask_component_size_threshold: 2000
[component_container_mt-1] [INFO] [1788752003.254478166] [nvblox_node]: multi_mapper.remove_small_connected_components: 1
[component_container_mt-1] [INFO] [1788752003.254565793] [nvblox_node]: NvbloxNode::subscribeToTopics()
[component_container_mt-1] [INFO] [1788752003.254649974] [nvblox_node]: Subscribing input topics with QoS: SYSTEM_DEFAULT
[component_container_mt-1] [INFO] [1788752003.255918513] [NitrosContext]: [NitrosContext] Loading extension: gxf/lib/std/libgxf_std.so
[component_container_mt-1] [INFO] [1788752003.256913712] [NitrosContext]: [NitrosContext] Loading extension: gxf/lib/libgxf_isaac_gxf_helpers.so
[component_container_mt-1] [INFO] [1788752003.259497019] [NitrosContext]: [NitrosContext] Loading extension: gxf/lib/libgxf_isaac_sight.so
[component_container_mt-1] [INFO] [1788752003.263020449] [NitrosContext]: [NitrosContext] Loading extension: gxf/lib/libgxf_isaac_atlas.so
[component_container_mt-1] [33m2026-09-07 10:33:23.270 WARN  external/com_nvidia_gxf/gxf/std/program.cpp@538: No GXF scheduler specified.[0m
[component_container_mt-1] [INFO] [1788752003.271045615] [NitrosContext]: [NitrosContext] Loading extension: gxf/lib/multimedia/libgxf_multimedia.so
[component_container_mt-1] [INFO] [1788752003.274116823] [nvblox_node.ManagedNitrosSubscriber]: Starting Managed Nitros Subscriber
[component_container_mt-1] [INFO] [1788752003.274814915] [nvblox_node]: NvbloxNode::setupTimers()
[component_container_mt-1] [INFO] [1788752003.274852396] [nvblox_node]: NvbloxNode::advertiseTopics()
[component_container_mt-1] [INFO] [1788752003.277796071] [nvblox_node]: NvbloxNode::advertiseServices()
[component_container_mt-1] [INFO] [1788752003.280432229] [nvblox_node]: Started up nvblox node in frame map and voxel size 0.05
[component_container_mt-1] [INFO] [1788752003.280459170] [nvblox_node]: Mapping type: kStaticTsdf
[component_container_mt-1] [INFO] [1788752003.281029277] [nvblox_node]: nvblox parameters:
[component_container_mt-1] nvblox_node
[component_container_mt-1]     cuda_stream_type: kBlocking
[component_container_mt-1]     global_frame: map
[component_container_mt-1]     voxel_size: 0.050000
[component_container_mt-1]     max_back_projection_distance: 7.000000
[component_container_mt-1]     layer_visualization_min_tsdf_weight: 0.100000
[component_container_mt-1]     layer_visualization_exclusion_height_m: 2.000000
[component_container_mt-1]     layer_visualization_exclusion_radius_m: 7.000000
[component_container_mt-1]     layer_streamer_bandwidth_limit_mbps: -1.000000
[component_container_mt-1]     distance_map_unknown_value_optimistic: 1000.000000
[component_container_mt-1]     distance_map_unknown_value_pessimistic: -1000.000000
[component_container_mt-1]     esdf_mode: 3d
[component_container_mt-1]     mapping_type: static_tsdf
[component_container_mt-1]     pose_frame: camera_link_optical_gt
[component_container_mt-1]     map_clearing_frame_id: base_link_gt
[component_container_mt-1]     after_shutdown_map_save_path: 
[component_container_mt-1]     esdf_slice_bounds_visualization_attachment_frame_id: base_link
[component_container_mt-1]     workspace_height_bounds_visualization_attachment_frame_id: base_link
[component_container_mt-1]     publish_esdf_distance_slice: 1
[component_container_mt-1]     use_color: 0
[component_container_mt-1]     use_depth: 1
[component_container_mt-1]     use_segmentation: 0
[component_container_mt-1]     use_lidar: 0
[component_container_mt-1]     use_non_equal_vertical_fov_lidar_params: 0
[component_container_mt-1]     print_timings_to_console: 0
[component_container_mt-1]     print_rates_to_console: 0
[component_container_mt-1]     print_queue_drops_to_console: 0
[component_container_mt-1]     print_delays_to_console: 0
[component_container_mt-1]     layer_visualization_undo_gamma_correction: 0
[component_container_mt-1]     output_pessimistic_distance_map: 1
[component_container_mt-1]     num_cameras: 1
[component_container_mt-1]     lidar_width: 1800
[component_container_mt-1]     lidar_height: 31
[component_container_mt-1]     tick_period_ms: 10
[component_container_mt-1]     print_statistics_on_console_period_ms: 10000
[component_container_mt-1]     maximum_input_queue_length: 10
[component_container_mt-1]     back_projection_subsampling: 1
[component_container_mt-1]     lidar_vertical_fov_rad: 0.523599
[component_container_mt-1]     lidar_min_valid_range_m: 0.100000
[component_container_mt-1]     lidar_max_valid_range_m: 50.000000
[INFO] [launch_ros.actions.load_composable_nodes]: Loaded node '/nvblox_node' in container '/nvblox_container'
[component_container_mt-1]     min_angle_below_zero_elevation_rad: 0.349066
[component_container_mt-1]     max_angle_above_zero_elevation_rad: 0.261799
[component_container_mt-1]     esdf_slice_bounds_visualization_side_length: 10.000000
[component_container_mt-1]     workspace_height_bounds_visualization_side_length: 10.000000
[component_container_mt-1]     integrate_depth_rate_hz: 640.000000
[component_container_mt-1]     integrate_color_rate_hz: 5.000000
[component_container_mt-1]     integrate_lidar_rate_hz: 40.000000
[component_container_mt-1]     update_mesh_rate_hz: 5.000000
[component_container_mt-1]     update_esdf_rate_hz: 10.000000
[component_container_mt-1]     publish_layer_rate_hz: 2.000000
[component_container_mt-1]     publish_debug_vis_rate_hz: 2.000000
[component_container_mt-1]     decay_tsdf_rate_hz: 5.000000
[component_container_mt-1]     decay_dynamic_occupancy_rate_hz: 10.000000
[component_container_mt-1]     clear_map_outside_radius_rate_hz: 1.000000
[component_container_mt-1]     map_clearing_radius_m: 7.000000
[component_container_mt-1]     esdf_and_gradients_unobserved_value: -1000.000000
[component_container_mt-1]     multi_mapper
[component_container_mt-1]         connected_mask_component_size_threshold: 2000
[component_container_mt-1]         background_mapper
[component_container_mt-1]             voxel_size_m: 0.050000
[component_container_mt-1]             memory_type: kDevice
[component_container_mt-1]             projective_layer_type: kTsdf
[component_container_mt-1]             esdf_mode: kUnset
[component_container_mt-1]             do_depth_preprocessing: 0
[component_container_mt-1]             depth_preprocessing_num_dilations: 3
[component_container_mt-1]             exclude_last_view_from_decay: 1
[component_container_mt-1]             camera_tsdf_integrator
[component_container_mt-1]                 max_weight:: 5.000000
[component_container_mt-1]                 marked_unobserved_voxels_distance_m:: -1.000000
[component_container_mt-1]                 marked_unobserved_voxels_weight:: 0.100000
[component_container_mt-1]                 weighting_function_type:: kInverseSquareTsdfDistancePenalty
[component_container_mt-1]                 invalid_depth_decay_factor:: -1.000000
[component_container_mt-1]                 projective_integrator
[component_container_mt-1]                     lidar_linear_interpolation_max_allowable_difference_vox:: 2.000000
[component_container_mt-1]                     lidar_nearest_interpolation_max_allowable_dist_to_ray_vox:: 0.500000
[component_container_mt-1]                     truncation_distance_vox:: 4.000000
[component_container_mt-1]                     max_integration_distance_m:: 5.000000
[component_container_mt-1]                     view_calculator
[component_container_mt-1]                         raycast_subsampling_factor: 4
[component_container_mt-1]                         workspace_bounds_type: kUnbounded
[component_container_mt-1]                         workspace_bounds_min_height_m: -0.500000
[component_container_mt-1]                         workspace_bounds_max_height_m: 2.000000
[component_container_mt-1]                         workspace_bounds_min_corner_x_m: 0.000000
[component_container_mt-1]                         workspace_bounds_max_corner_x_m: 0.000000
[component_container_mt-1]                         workspace_bounds_min_corner_y_m: 0.000000
[component_container_mt-1]                         workspace_bounds_max_corner_y_m: 0.000000
[component_container_mt-1]             lidar_tsdf_integrator
[component_container_mt-1]                 max_weight:: 5.000000
[component_container_mt-1]                 marked_unobserved_voxels_distance_m:: -1.000000
[component_container_mt-1]                 marked_unobserved_voxels_weight:: 0.100000
[component_container_mt-1]                 weighting_function_type:: kInverseSquareWeight
[component_container_mt-1]                 invalid_depth_decay_factor:: -1.000000
[component_container_mt-1]                 projective_integrator
[component_container_mt-1]                     lidar_linear_interpolation_max_allowable_difference_vox:: 2.000000
[component_container_mt-1]                     lidar_nearest_interpolation_max_allowable_dist_to_ray_vox:: 0.500000
[component_container_mt-1]                     truncation_distance_vox:: 4.000000
[component_container_mt-1]                     max_integration_distance_m:: 10.000000
[component_container_mt-1]                     view_calculator
[component_container_mt-1]                         raycast_subsampling_factor: 4
[component_container_mt-1]                         workspace_bounds_type: kUnbounded
[component_container_mt-1]                         workspace_bounds_min_height_m: 0.000000
[component_container_mt-1]                         workspace_bounds_max_height_m: 1.000000
[component_container_mt-1]                         workspace_bounds_min_corner_x_m: 0.000000
[component_container_mt-1]                         workspace_bounds_max_corner_x_m: 0.000000
[component_container_mt-1]                         workspace_bounds_min_corner_y_m: 2.000000
[component_container_mt-1]                         workspace_bounds_max_corner_y_m: 2.000000
[component_container_mt-1]             projective_color_integrator
[component_container_mt-1]                 sphere_tracing_ray_subsampling_factor:: 4
[component_container_mt-1]                 max_weight:: 5.000000
[component_container_mt-1]                 weighting_function_type:: kInverseSquareTsdfDistancePenalty
[component_container_mt-1]                 projective_integrator
[component_container_mt-1]                     lidar_linear_interpolation_max_allowable_difference_vox:: 2.000000
[component_container_mt-1]                     lidar_nearest_interpolation_max_allowable_dist_to_ray_vox:: 0.500000
[component_container_mt-1]                     truncation_distance_vox:: 4.000000
[component_container_mt-1]                     max_integration_distance_m:: 5.000000
[component_container_mt-1]                     view_calculator
[component_container_mt-1]                         raycast_subsampling_factor: 4
[component_container_mt-1]                         workspace_bounds_type: kUnbounded
[component_container_mt-1]                         workspace_bounds_min_height_m: 0.000000
[component_container_mt-1]                         workspace_bounds_max_height_m: 1.000000
[component_container_mt-1]                         workspace_bounds_min_corner_x_m: 0.000000
[component_container_mt-1]                         workspace_bounds_max_corner_x_m: 0.000000
[component_container_mt-1]                         workspace_bounds_min_corner_y_m: 2.000000
[component_container_mt-1]                         workspace_bounds_max_corner_y_m: 2.000000
[component_container_mt-1]                 view_calculator
[component_container_mt-1]                     raycast_subsampling_factor: 4
[component_container_mt-1]                     workspace_bounds_type: kUnbounded
[component_container_mt-1]                     workspace_bounds_min_height_m: -0.500000
[component_container_mt-1]                     workspace_bounds_max_height_m: 2.000000
[component_container_mt-1]                     workspace_bounds_min_corner_x_m: 0.000000
[component_container_mt-1]                     workspace_bounds_max_corner_x_m: 0.000000
[component_container_mt-1]                     workspace_bounds_min_corner_y_m: 0.000000
[component_container_mt-1]                     workspace_bounds_max_corner_y_m: 0.000000
[component_container_mt-1]             camera_occupancy_integrator
[component_container_mt-1]                 free_region_log_odds:: -0.200671
[component_container_mt-1]                 occupied_region_log_odds:: 0.200671
[component_container_mt-1]                 unobserved_region_log_odds:: 0.000000
[component_container_mt-1]                 occupied_region_half_width_m:: 0.100000
[component_container_mt-1]                 projective_integrator
[component_container_mt-1]                     lidar_linear_interpolation_max_allowable_difference_vox:: 2.000000
[component_container_mt-1]                     lidar_nearest_interpolation_max_allowable_dist_to_ray_vox:: 0.500000
[component_container_mt-1]                     truncation_distance_vox:: 4.000000
[component_container_mt-1]                     max_integration_distance_m:: 5.000000
[component_container_mt-1]                     view_calculator
[component_container_mt-1]                         raycast_subsampling_factor: 4
[component_container_mt-1]                         workspace_bounds_type: kUnbounded
[component_container_mt-1]                         workspace_bounds_min_height_m: 0.000000
[component_container_mt-1]                         workspace_bounds_max_height_m: 1.000000
[component_container_mt-1]                         workspace_bounds_min_corner_x_m: 0.000000
[component_container_mt-1]                         workspace_bounds_max_corner_x_m: 0.000000
[component_container_mt-1]                         workspace_bounds_min_corner_y_m: 2.000000
[component_container_mt-1]                         workspace_bounds_max_corner_y_m: 2.000000
[component_container_mt-1]             lidar_occupancy_integrator
[component_container_mt-1]                 free_region_log_odds:: -0.200671
[component_container_mt-1]                 occupied_region_log_odds:: 0.200671
[component_container_mt-1]                 unobserved_region_log_odds:: 0.000000
[component_container_mt-1]                 occupied_region_half_width_m:: 0.100000
[component_container_mt-1]                 projective_integrator
[component_container_mt-1]                     lidar_linear_interpolation_max_allowable_difference_vox:: 2.000000
[component_container_mt-1]                     lidar_nearest_interpolation_max_allowable_dist_to_ray_vox:: 0.500000
[component_container_mt-1]                     truncation_distance_vox:: 4.000000
[component_container_mt-1]                     max_integration_distance_m:: 10.000000
[component_container_mt-1]                     view_calculator
[component_container_mt-1]                         raycast_subsampling_factor: 4
[component_container_mt-1]                         workspace_bounds_type: kUnbounded
[component_container_mt-1]                         workspace_bounds_min_height_m: 0.000000
[component_container_mt-1]                         workspace_bounds_max_height_m: 1.000000
[component_container_mt-1]                         workspace_bounds_min_corner_x_m: 0.000000
[component_container_mt-1]                         workspace_bounds_max_corner_x_m: 0.000000
[component_container_mt-1]                         workspace_bounds_min_corner_y_m: 2.000000
[component_container_mt-1]                         workspace_bounds_max_corner_y_m: 2.000000
[component_container_mt-1]             esdf_integrator
[component_container_mt-1]                 max_esdf_distance_m:: 2.000000
[component_container_mt-1]                 max_tsdf_site_distance_vox:: 2.000000
[component_container_mt-1]                 tsdf_min_weight:: 0.100000
[component_container_mt-1]                 occupied_threshold_log_odds:: 0.000000
[component_container_mt-1]                 esdf_slice_min_height:: 0.000000
[component_container_mt-1]                 esdf_slice_max_height:: 1.000000
[component_container_mt-1]                 esdf_slice_height:: 1.000000
[component_container_mt-1]                 slice_height_above_plane_m:: 0.000000
[component_container_mt-1]                 slice_height_thickness_m:: 0.100000
[component_container_mt-1]             mesh_integrator
[component_container_mt-1]                 min_weight:: 0.100000
[component_container_mt-1]                 cutoff_distance_vox:: 5.000000
[component_container_mt-1]                 weld_vertices:: 1
[component_container_mt-1]             occupancy_decay_integrator
[component_container_mt-1]                 free_space_decay_log_odds:: 0.200671
[component_container_mt-1]                 occupied_space_decay_log_odds:: -0.405465
[component_container_mt-1]                 decay_to_log_odds_:: 0.000000
[component_container_mt-1]                 decay_integrator
[component_container_mt-1]                     deallocate_decayed_blocks:: 1
[component_container_mt-1]             tsdf_decay_integrator
[component_container_mt-1]                 decay_factor:: 0.950000
[component_container_mt-1]                 decayed_weight_theshold:: 0.001000
[component_container_mt-1]                 set_free_distance_on_decayed:: 0
[component_container_mt-1]                 free_distance_vox:: 4.000000
[component_container_mt-1]                 decay_integrator
[component_container_mt-1]                     deallocate_decayed_blocks:: 1
[component_container_mt-1]             freespace_integrator
[component_container_mt-1]                 max_tsdf_distance_for_occupancy_m:: 0.150000
[component_container_mt-1]                 max_unobserved_to_keep_consecutive_occupancy_ms:: 200
[component_container_mt-1]                 min_duration_since_occupied_for_freespace_ms:: 1000
[component_container_mt-1]                 min_consecutive_occupancy_duration_for_reset_ms:: 2000
[component_container_mt-1]                 check_neighborhood:: 1
[component_container_mt-1]         foreground_mapper
[component_container_mt-1]             voxel_size_m: 0.050000
[component_container_mt-1]             memory_type: kDevice
[component_container_mt-1]             projective_layer_type: kNone
[component_container_mt-1]             esdf_mode: kUnset
[component_container_mt-1]             do_depth_preprocessing: 0
[component_container_mt-1]             depth_preprocessing_num_dilations: 4
[component_container_mt-1]             exclude_last_view_from_decay: 0
[component_container_mt-1]             camera_tsdf_integrator
[component_container_mt-1]                 max_weight:: 5.000000
[component_container_mt-1]                 marked_unobserved_voxels_distance_m:: -1.000000
[component_container_mt-1]                 marked_unobserved_voxels_weight:: 0.100000
[component_container_mt-1]                 weighting_function_type:: kInverseSquareWeight
[component_container_mt-1]                 invalid_depth_decay_factor:: -1.000000
[component_container_mt-1]                 projective_integrator
[component_container_mt-1]                     lidar_linear_interpolation_max_allowable_difference_vox:: 2.000000
[component_container_mt-1]                     lidar_nearest_interpolation_max_allowable_dist_to_ray_vox:: 0.500000
[component_container_mt-1]                     truncation_distance_vox:: 4.000000
[component_container_mt-1]                     max_integration_distance_m:: 7.000000
[component_container_mt-1]                     view_calculator
[component_container_mt-1]                         raycast_subsampling_factor: 4
[component_container_mt-1]                         workspace_bounds_type: kUnbounded
[component_container_mt-1]                         workspace_bounds_min_height_m: 0.000000
[component_container_mt-1]                         workspace_bounds_max_height_m: 1.000000
[component_container_mt-1]                         workspace_bounds_min_corner_x_m: 0.000000
[component_container_mt-1]                         workspace_bounds_max_corner_x_m: 0.000000
[component_container_mt-1]                         workspace_bounds_min_corner_y_m: 2.000000
[component_container_mt-1]                         workspace_bounds_max_corner_y_m: 2.000000
[component_container_mt-1]             lidar_tsdf_integrator
[component_container_mt-1]                 max_weight:: 5.000000
[component_container_mt-1]                 marked_unobserved_voxels_distance_m:: -1.000000
[component_container_mt-1]                 marked_unobserved_voxels_weight:: 0.100000
[component_container_mt-1]                 weighting_function_type:: kInverseSquareWeight
[component_container_mt-1]                 invalid_depth_decay_factor:: -1.000000
[component_container_mt-1]                 projective_integrator
[component_container_mt-1]                     lidar_linear_interpolation_max_allowable_difference_vox:: 2.000000
[component_container_mt-1]                     lidar_nearest_interpolation_max_allowable_dist_to_ray_vox:: 0.500000
[component_container_mt-1]                     truncation_distance_vox:: 4.000000
[component_container_mt-1]                     max_integration_distance_m:: 10.000000
[component_container_mt-1]                     view_calculator
[component_container_mt-1]                         raycast_subsampling_factor: 4
[component_container_mt-1]                         workspace_bounds_type: kUnbounded
[component_container_mt-1]                         workspace_bounds_min_height_m: 0.000000
[component_container_mt-1]                         workspace_bounds_max_height_m: 1.000000
[component_container_mt-1]                         workspace_bounds_min_corner_x_m: 0.000000
[component_container_mt-1]                         workspace_bounds_max_corner_x_m: 0.000000
[component_container_mt-1]                         workspace_bounds_min_corner_y_m: 2.000000
[component_container_mt-1]                         workspace_bounds_max_corner_y_m: 2.000000
[component_container_mt-1]             projective_color_integrator
[component_container_mt-1]                 sphere_tracing_ray_subsampling_factor:: 4
[component_container_mt-1]                 max_weight:: 5.000000
[component_container_mt-1]                 weighting_function_type:: kInverseSquareWeight
[component_container_mt-1]                 projective_integrator
[component_container_mt-1]                     lidar_linear_interpolation_max_allowable_difference_vox:: 2.000000
[component_container_mt-1]                     lidar_nearest_interpolation_max_allowable_dist_to_ray_vox:: 0.500000
[component_container_mt-1]                     truncation_distance_vox:: 4.000000
[component_container_mt-1]                     max_integration_distance_m:: 7.000000
[component_container_mt-1]                     view_calculator
[component_container_mt-1]                         raycast_subsampling_factor: 4
[component_container_mt-1]                         workspace_bounds_type: kUnbounded
[component_container_mt-1]                         workspace_bounds_min_height_m: 0.000000
[component_container_mt-1]                         workspace_bounds_max_height_m: 1.000000
[component_container_mt-1]                         workspace_bounds_min_corner_x_m: 0.000000
[component_container_mt-1]                         workspace_bounds_max_corner_x_m: 0.000000
[component_container_mt-1]                         workspace_bounds_min_corner_y_m: 2.000000
[component_container_mt-1]                         workspace_bounds_max_corner_y_m: 2.000000
[component_container_mt-1]                 view_calculator
[component_container_mt-1]                     raycast_subsampling_factor: 4
[component_container_mt-1]                     workspace_bounds_type: kUnbounded
[component_container_mt-1]                     workspace_bounds_min_height_m: 0.000000
[component_container_mt-1]                     workspace_bounds_max_height_m: 1.000000
[component_container_mt-1]                     workspace_bounds_min_corner_x_m: 0.000000
[component_container_mt-1]                     workspace_bounds_max_corner_x_m: 0.000000
[component_container_mt-1]                     workspace_bounds_min_corner_y_m: 2.000000
[component_container_mt-1]                     workspace_bounds_max_corner_y_m: 2.000000
[component_container_mt-1]             camera_occupancy_integrator
[component_container_mt-1]                 free_region_log_odds:: -0.847298
[component_container_mt-1]                 occupied_region_log_odds:: 0.847298
[component_container_mt-1]                 unobserved_region_log_odds:: 0.000000
[component_container_mt-1]                 occupied_region_half_width_m:: 0.100000
[component_container_mt-1]                 projective_integrator
[component_container_mt-1]                     lidar_linear_interpolation_max_allowable_difference_vox:: 2.000000
[component_container_mt-1]                     lidar_nearest_interpolation_max_allowable_dist_to_ray_vox:: 0.500000
[component_container_mt-1]                     truncation_distance_vox:: 4.000000
[component_container_mt-1]                     max_integration_distance_m:: 7.000000
[component_container_mt-1]                     view_calculator
[component_container_mt-1]                         raycast_subsampling_factor: 4
[component_container_mt-1]                         workspace_bounds_type: kUnbounded
[component_container_mt-1]                         workspace_bounds_min_height_m: 0.000000
[component_container_mt-1]                         workspace_bounds_max_height_m: 1.000000
[component_container_mt-1]                         workspace_bounds_min_corner_x_m: 0.000000
[component_container_mt-1]                         workspace_bounds_max_corner_x_m: 0.000000
[component_container_mt-1]                         workspace_bounds_min_corner_y_m: 2.000000
[component_container_mt-1]                         workspace_bounds_max_corner_y_m: 2.000000
[component_container_mt-1]             lidar_occupancy_integrator
[component_container_mt-1]                 free_region_log_odds:: -0.847298
[component_container_mt-1]                 occupied_region_log_odds:: 0.847298
[component_container_mt-1]                 unobserved_region_log_odds:: 0.000000
[component_container_mt-1]                 occupied_region_half_width_m:: 0.100000
[component_container_mt-1]                 projective_integrator
[component_container_mt-1]                     lidar_linear_interpolation_max_allowable_difference_vox:: 2.000000
[component_container_mt-1]                     lidar_nearest_interpolation_max_allowable_dist_to_ray_vox:: 0.500000
[component_container_mt-1]                     truncation_distance_vox:: 4.000000
[component_container_mt-1]                     max_integration_distance_m:: 10.000000
[component_container_mt-1]                     view_calculator
[component_container_mt-1]                         raycast_subsampling_factor: 4
[component_container_mt-1]                         workspace_bounds_type: kUnbounded
[component_container_mt-1]                         workspace_bounds_min_height_m: 0.000000
[component_container_mt-1]                         workspace_bounds_max_height_m: 1.000000
[component_container_mt-1]                         workspace_bounds_min_corner_x_m: 0.000000
[component_container_mt-1]                         workspace_bounds_max_corner_x_m: 0.000000
[component_container_mt-1]                         workspace_bounds_min_corner_y_m: 2.000000
[component_container_mt-1]                         workspace_bounds_max_corner_y_m: 2.000000
[component_container_mt-1]             esdf_integrator
[component_container_mt-1]                 max_esdf_distance_m:: 2.000000
[component_container_mt-1]                 max_tsdf_site_distance_vox:: 1.000000
[component_container_mt-1]                 tsdf_min_weight:: 0.000100
[component_container_mt-1]                 occupied_threshold_log_odds:: 0.000000
[component_container_mt-1]                 esdf_slice_min_height:: 0.000000
[component_container_mt-1]                 esdf_slice_max_height:: 1.000000
[component_container_mt-1]                 esdf_slice_height:: 1.000000
[component_container_mt-1]                 slice_height_above_plane_m:: 0.000000
[component_container_mt-1]                 slice_height_thickness_m:: 0.100000
[component_container_mt-1]             mesh_integrator
[component_container_mt-1]                 min_weight:: 0.000100
[component_container_mt-1]                 cutoff_distance_vox:: 5.000000
[component_container_mt-1]                 weld_vertices:: 1
[component_container_mt-1]             occupancy_decay_integrator
[component_container_mt-1]                 free_space_decay_log_odds:: 0.200671
[component_container_mt-1]                 occupied_space_decay_log_odds:: -0.405465
[component_container_mt-1]                 decay_to_log_odds_:: 0.000000
[component_container_mt-1]                 decay_integrator
[component_container_mt-1]                     deallocate_decayed_blocks:: 1
[component_container_mt-1]             tsdf_decay_integrator
[component_container_mt-1]                 decay_factor:: 0.950000
[component_container_mt-1]                 decayed_weight_theshold:: 0.001000
[component_container_mt-1]                 set_free_distance_on_decayed:: 0
[component_container_mt-1]                 free_distance_vox:: 4.000000
[component_container_mt-1]                 decay_integrator
[component_container_mt-1]                     deallocate_decayed_blocks:: 1
[component_container_mt-1]             freespace_integrator
[component_container_mt-1]                 max_tsdf_distance_for_occupancy_m:: 0.150000
[component_container_mt-1]                 max_unobserved_to_keep_consecutive_occupancy_ms:: 200
[component_container_mt-1]                 min_duration_since_occupied_for_freespace_ms:: 1000
[component_container_mt-1]                 min_consecutive_occupancy_duration_for_reset_ms:: 2000
[component_container_mt-1]                 check_neighborhood:: 1
[component_container_mt-1]         image_masker
[component_container_mt-1]             occlusion_threshold_m:: 0.250000
[component_container_mt-1]         ground_plane_estimator
[component_container_mt-1]             ground_points_candidates_min_z_m:: -0.100000
[component_container_mt-1]             ground_points_candidates_max_z_m:: 0.150000
[component_container_mt-1]             ransac_plane_fitter
[component_container_mt-1]                 num_ransac_iterations:: 1000
[component_container_mt-1]                 ransac_distance_threshold_m:: 0.200000
[component_container_mt-1]             tsdf_zero_crossings_extractor
[component_container_mt-1]                 min_tsdf_weight:: 0.100000
[component_container_mt-1]                 max_crossings:: 360000
[component_container_mt-1] 
[component_container_mt-1] I0907 10:33:23.356509 152923 mapper.cpp:304] Allocating space for last depth image
[component_container_mt-1] I0907 10:33:39.106189 152919 block_memory_pool_impl.h:65] Expanding the memory pool with 4096 blocks. Number of allocated blocks: 6144
[component_container_mt-1] I0907 10:33:39.106444 152919 gpu_layer_view_impl.cuh:100] Resizing GPU hash capacity from 4096 to 8192 in order to accomodate space for 158 new elements.
[component_container_mt-1] I0907 10:33:39.106559 152919 gpu_hash_interface_impl.cuh:83] Creating a GPUHashImpl with requested capacity of 8192 blocks. Real capacity: 8192
[component_container_mt-1] I0907 10:33:39.217239 152928 block_memory_pool_impl.h:65] Expanding the memory pool with 4096 blocks. Number of allocated blocks: 6144
[component_container_mt-1] I0907 10:33:39.217425 152928 gpu_layer_view_impl.cuh:100] Resizing GPU hash capacity from 4096 to 8192 in order to accomodate space for 254 new elements.
[component_container_mt-1] I0907 10:33:39.217724 152928 gpu_hash_interface_impl.cuh:83] Creating a GPUHashImpl with requested capacity of 8192 blocks. Real capacity: 8192
[component_container_mt-1] I0907 10:33:42.126191 152922 gpu_layer_view_impl.cuh:100] Resizing GPU hash capacity from 8192 to 16384 in order to accomodate space for 23 new elements.
[component_container_mt-1] I0907 10:33:42.126596 152922 gpu_hash_interface_impl.cuh:83] Creating a GPUHashImpl with requested capacity of 16384 blocks. Real capacity: 16384
[component_container_mt-1] I0907 10:33:42.136051 152920 gpu_layer_view_impl.cuh:100] Resizing GPU hash capacity from 8192 to 16384 in order to accomodate space for 81 new elements.
[component_container_mt-1] I0907 10:33:42.136296 152920 gpu_hash_interface_impl.cuh:83] Creating a GPUHashImpl with requested capacity of 16384 blocks. Real capacity: 16384
[component_container_mt-1] [INFO] [1788752024.413880088] [nvblox_node]: 
[component_container_mt-1] Received request for ESDF with:
[component_container_mt-1] update_esdf: 1
[component_container_mt-1] use_aabb: 1
[component_container_mt-1] visualize_esdf: 0
[component_container_mt-1] aabb_min_m: [-1.52, -1.45, 3.23],
[component_container_mt-1] aabb_size_m: [3.00, 3.00, 3.00]
[component_container_mt-1] [INFO] [1788752024.420159776] [nvblox_node]: Successfully wrote requested ESDF to MultiArrayMsg.
[component_container_mt-1] [INFO] [1788752024.713364595] [nvblox_node]: 
[component_container_mt-1] Received request for ESDF with:
[component_container_mt-1] update_esdf: 1
[component_container_mt-1] use_aabb: 1
[component_container_mt-1] visualize_esdf: 0
[component_container_mt-1] aabb_min_m: [-1.52, -1.44, 3.27],
[component_container_mt-1] aabb_size_m: [3.00, 3.00, 3.00]
[component_container_mt-1] [INFO] [1788752024.719347808] [nvblox_node]: Successfully wrote requested ESDF to MultiArrayMsg.
[component_container_mt-1] [INFO] [1788752025.013240750] [nvblox_node]: 
[component_container_mt-1] Received request for ESDF with:
[component_container_mt-1] update_esdf: 1
[component_container_mt-1] use_aabb: 1
[component_container_mt-1] visualize_esdf: 0
[component_container_mt-1] aabb_min_m: [-1.52, -1.44, 3.29],
[component_container_mt-1] aabb_size_m: [3.00, 3.00, 3.00]
[component_container_mt-1] [INFO] [1788752025.020042194] [nvblox_node]: Successfully wrote requested ESDF to MultiArrayMsg.
[component_container_mt-1] [INFO] [1788752025.313177713] [nvblox_node]: 
[component_container_mt-1] Received request for ESDF with:
[component_container_mt-1] update_esdf: 1
[component_container_mt-1] use_aabb: 1
[component_container_mt-1] visualize_esdf: 0
[component_container_mt-1] aabb_min_m: [-1.50, -1.45, 3.31],
[component_container_mt-1] aabb_size_m: [3.00, 3.00, 3.00]
[component_container_mt-1] [INFO] [1788752025.319246099] [nvblox_node]: Successfully wrote requested ESDF to MultiArrayMsg.
[component_container_mt-1] [INFO] [1788752025.613277728] [nvblox_node]: 
[component_container_mt-1] Received request for ESDF with:
[component_container_mt-1] update_esdf: 1
[component_container_mt-1] use_aabb: 1
[component_container_mt-1] visualize_esdf: 0
[component_container_mt-1] aabb_min_m: [-1.48, -1.48, 3.32],
[component_container_mt-1] aabb_size_m: [3.00, 3.00, 3.00]
[component_container_mt-1] [INFO] [1788752025.615875523] [nvblox_node]: Successfully wrote requested ESDF to MultiArrayMsg.
[component_container_mt-1] [INFO] [1788752025.913349378] [nvblox_node]: 
[component_container_mt-1] Received request for ESDF with:
[component_container_mt-1] update_esdf: 1
[component_container_mt-1] use_aabb: 1
[component_container_mt-1] visualize_esdf: 0
[component_container_mt-1] aabb_min_m: [-1.44, -1.51, 3.34],
[component_container_mt-1] aabb_size_m: [3.00, 3.00, 3.00]
[component_container_mt-1] [INFO] [1788752025.917909636] [nvblox_node]: Successfully wrote requested ESDF to MultiArrayMsg.
[component_container_mt-1] [INFO] [1788752026.213315699] [nvblox_node]: 
[component_container_mt-1] Received request for ESDF with:
[component_container_mt-1] update_esdf: 1
[component_container_mt-1] use_aabb: 1
[component_container_mt-1] visualize_esdf: 0
[component_container_mt-1] aabb_min_m: [-1.41, -1.55, 3.35],
[component_container_mt-1] aabb_size_m: [3.00, 3.00, 3.00]
[component_container_mt-1] [INFO] [1788752026.217963765] [nvblox_node]: Successfully wrote requested ESDF to MultiArrayMsg.
[component_container_mt-1] [INFO] [1788752026.513376782] [nvblox_node]: 
[component_container_mt-1] Received request for ESDF with:
[component_container_mt-1] update_esdf: 1
[component_container_mt-1] use_aabb: 1
[component_container_mt-1] visualize_esdf: 0
[component_container_mt-1] aabb_min_m: [-1.36, -1.59, 3.36],
[component_container_mt-1] aabb_size_m: [3.00, 3.00, 3.00]
[component_container_mt-1] [INFO] [1788752026.518303079] [nvblox_node]: Successfully wrote requested ESDF to MultiArrayMsg.
[component_container_mt-1] [INFO] [1788752026.813060044] [nvblox_node]: 
[component_container_mt-1] Received request for ESDF with:
[component_container_mt-1] update_esdf: 1
[component_container_mt-1] use_aabb: 1
[component_container_mt-1] visualize_esdf: 0
[component_container_mt-1] aabb_min_m: [-1.32, -1.64, 3.38],
[component_container_mt-1] aabb_size_m: [3.00, 3.00, 3.00]
[component_container_mt-1] [INFO] [1788752026.818200880] [nvblox_node]: Successfully wrote requested ESDF to MultiArrayMsg.
[component_container_mt-1] [INFO] [1788752027.114341135] [nvblox_node]: 
[component_container_mt-1] Received request for ESDF with:
[component_container_mt-1] update_esdf: 1
[component_container_mt-1] use_aabb: 1
[component_container_mt-1] visualize_esdf: 0
[component_container_mt-1] aabb_min_m: [-1.29, -1.68, 3.39],
[component_container_mt-1] aabb_size_m: [3.00, 3.00, 3.00]
[component_container_mt-1] [INFO] [1788752027.118697255] [nvblox_node]: Successfully wrote requested ESDF to MultiArrayMsg.
[component_container_mt-1] [INFO] [1788752027.413115586] [nvblox_node]: 
[component_container_mt-1] Received request for ESDF with:
[component_container_mt-1] update_esdf: 1
[component_container_mt-1] use_aabb: 1
[component_container_mt-1] visualize_esdf: 0
[component_container_mt-1] aabb_min_m: [-1.24, -1.74, 3.40],
[component_container_mt-1] aabb_size_m: [3.00, 3.00, 3.00]
[component_container_mt-1] [INFO] [1788752027.420144825] [nvblox_node]: Successfully wrote requested ESDF to MultiArrayMsg.
[component_container_mt-1] [INFO] [1788752027.713276642] [nvblox_node]: 
[component_container_mt-1] Received request for ESDF with:
[component_container_mt-1] update_esdf: 1
[component_container_mt-1] use_aabb: 1
[component_container_mt-1] visualize_esdf: 0
[component_container_mt-1] aabb_min_m: [-1.21, -1.78, 3.42],
[component_container_mt-1] aabb_size_m: [3.00, 3.00, 3.00]
[component_container_mt-1] [INFO] [1788752027.718369918] [nvblox_node]: Successfully wrote requested ESDF to MultiArrayMsg.
[component_container_mt-1] [INFO] [1788752028.014224259] [nvblox_node]: 
[component_container_mt-1] Received request for ESDF with:
[component_container_mt-1] update_esdf: 1
[component_container_mt-1] use_aabb: 1
[component_container_mt-1] visualize_esdf: 0
[component_container_mt-1] aabb_min_m: [-1.17, -1.82, 3.43],
[component_container_mt-1] aabb_size_m: [3.00, 3.00, 3.00]
[component_container_mt-1] [INFO] [1788752028.018957939] [nvblox_node]: Successfully wrote requested ESDF to MultiArrayMsg.
[component_container_mt-1] [INFO] [1788752028.313210006] [nvblox_node]: 
[component_container_mt-1] Received request for ESDF with:
[component_container_mt-1] update_esdf: 1
[component_container_mt-1] use_aabb: 1
[component_container_mt-1] visualize_esdf: 0
[component_container_mt-1] aabb_min_m: [-1.13, -1.87, 3.44],
[component_container_mt-1] aabb_size_m: [3.00, 3.00, 3.00]
[component_container_mt-1] [INFO] [1788752028.318571994] [nvblox_node]: Successfully wrote requested ESDF to MultiArrayMsg.
[component_container_mt-1] [INFO] [1788752028.613438103] [nvblox_node]: 
[component_container_mt-1] Received request for ESDF with:
[component_container_mt-1] update_esdf: 1
[component_container_mt-1] use_aabb: 1
[component_container_mt-1] visualize_esdf: 0
[component_container_mt-1] aabb_min_m: [-1.09, -1.91, 3.46],
[component_container_mt-1] aabb_size_m: [3.00, 3.00, 3.00]
[component_container_mt-1] [INFO] [1788752028.616171487] [nvblox_node]: Successfully wrote requested ESDF to MultiArrayMsg.
[component_container_mt-1] [INFO] [1788752028.913163230] [nvblox_node]: 
[component_container_mt-1] Received request for ESDF with:
[component_container_mt-1] update_esdf: 1
[component_container_mt-1] use_aabb: 1
[component_container_mt-1] visualize_esdf: 0
[component_container_mt-1] aabb_min_m: [-1.06, -1.95, 3.46],
[component_container_mt-1] aabb_size_m: [3.00, 3.00, 3.00]
[component_container_mt-1] [INFO] [1788752028.918194898] [nvblox_node]: Successfully wrote requested ESDF to MultiArrayMsg.
[component_container_mt-1] [INFO] [1788752029.213220603] [nvblox_node]: 
[component_container_mt-1] Received request for ESDF with:
[component_container_mt-1] update_esdf: 1
[component_container_mt-1] use_aabb: 1
[component_container_mt-1] visualize_esdf: 0
[component_container_mt-1] aabb_min_m: [-1.05, -2.00, 3.46],
[component_container_mt-1] aabb_size_m: [3.00, 3.00, 3.00]
[component_container_mt-1] [INFO] [1788752029.218641524] [nvblox_node]: Successfully wrote requested ESDF to MultiArrayMsg.
[component_container_mt-1] [INFO] [1788752029.513123222] [nvblox_node]: 
[component_container_mt-1] Received request for ESDF with:
[component_container_mt-1] update_esdf: 1
[component_container_mt-1] use_aabb: 1
[component_container_mt-1] visualize_esdf: 0
[component_container_mt-1] aabb_min_m: [-1.04, -2.06, 3.45],
[component_container_mt-1] aabb_size_m: [3.00, 3.00, 3.00]
[component_container_mt-1] [INFO] [1788752029.518439583] [nvblox_node]: Successfully wrote requested ESDF to MultiArrayMsg.
[component_container_mt-1] [INFO] [1788752029.813113338] [nvblox_node]: 
[component_container_mt-1] Received request for ESDF with:
[component_container_mt-1] update_esdf: 1
[component_container_mt-1] use_aabb: 1
[component_container_mt-1] visualize_esdf: 0
[component_container_mt-1] aabb_min_m: [-1.05, -2.13, 3.45],
[component_container_mt-1] aabb_size_m: [3.00, 3.00, 3.00]
[component_container_mt-1] [INFO] [1788752029.818246670] [nvblox_node]: Successfully wrote requested ESDF to MultiArrayMsg.
[component_container_mt-1] [INFO] [1788752030.114343640] [nvblox_node]: 
[component_container_mt-1] Received request for ESDF with:
[component_container_mt-1] update_esdf: 1
[component_container_mt-1] use_aabb: 1
[component_container_mt-1] visualize_esdf: 0
[component_container_mt-1] aabb_min_m: [-1.07, -2.18, 3.45],
[component_container_mt-1] aabb_size_m: [3.00, 3.00, 3.00]
[component_container_mt-1] [INFO] [1788752030.118428883] [nvblox_node]: Successfully wrote requested ESDF to MultiArrayMsg.
[component_container_mt-1] [INFO] [1788752030.413562327] [nvblox_node]: 
[component_container_mt-1] Received request for ESDF with:
[component_container_mt-1] update_esdf: 1
[component_container_mt-1] use_aabb: 1
[component_container_mt-1] visualize_esdf: 0
[component_container_mt-1] aabb_min_m: [-1.09, -2.24, 3.46],
[component_container_mt-1] aabb_size_m: [3.00, 3.00, 3.00]
[component_container_mt-1] [INFO] [1788752030.416059490] [nvblox_node]: Successfully wrote requested ESDF to MultiArrayMsg.
[component_container_mt-1] [INFO] [1788752030.713331173] [nvblox_node]: 
[component_container_mt-1] Received request for ESDF with:
[component_container_mt-1] update_esdf: 1
[component_container_mt-1] use_aabb: 1
[component_container_mt-1] visualize_esdf: 0
[component_container_mt-1] aabb_min_m: [-1.11, -2.31, 3.47],
[component_container_mt-1] aabb_size_m: [3.00, 3.00, 3.00]
[component_container_mt-1] [INFO] [1788752030.716208782] [nvblox_node]: Successfully wrote requested ESDF to MultiArrayMsg.
[component_container_mt-1] [INFO] [1788752031.013289831] [nvblox_node]: 
[component_container_mt-1] Received request for ESDF with:
[component_container_mt-1] update_esdf: 1
[component_container_mt-1] use_aabb: 1
[component_container_mt-1] visualize_esdf: 0
[component_container_mt-1] aabb_min_m: [-1.13, -2.36, 3.48],
[component_container_mt-1] aabb_size_m: [3.00, 3.00, 3.00]
[component_container_mt-1] [INFO] [1788752031.018641320] [nvblox_node]: Successfully wrote requested ESDF to MultiArrayMsg.
[component_container_mt-1] [INFO] [1788752031.313244495] [nvblox_node]: 
[component_container_mt-1] Received request for ESDF with:
[component_container_mt-1] update_esdf: 1
[component_container_mt-1] use_aabb: 1
[component_container_mt-1] visualize_esdf: 0
[component_container_mt-1] aabb_min_m: [-1.15, -2.42, 3.50],
[component_container_mt-1] aabb_size_m: [3.00, 3.00, 3.00]
[component_container_mt-1] [INFO] [1788752031.318468179] [nvblox_node]: Successfully wrote requested ESDF to MultiArrayMsg.
[component_container_mt-1] [INFO] [1788752031.613296213] [nvblox_node]: 
[component_container_mt-1] Received request for ESDF with:
[component_container_mt-1] update_esdf: 1
[component_container_mt-1] use_aabb: 1
[component_container_mt-1] visualize_esdf: 0
[component_container_mt-1] aabb_min_m: [-1.17, -2.49, 3.52],
[component_container_mt-1] aabb_size_m: [3.00, 3.00, 3.00]
[component_container_mt-1] [INFO] [1788752031.618657430] [nvblox_node]: Successfully wrote requested ESDF to MultiArrayMsg.
[component_container_mt-1] [INFO] [1788752031.913244064] [nvblox_node]: 
[component_container_mt-1] Received request for ESDF with:
[component_container_mt-1] update_esdf: 1
[component_container_mt-1] use_aabb: 1
[component_container_mt-1] visualize_esdf: 0
[component_container_mt-1] aabb_min_m: [-1.18, -2.55, 3.53],
[component_container_mt-1] aabb_size_m: [3.00, 3.00, 3.00]
[component_container_mt-1] [INFO] [1788752031.918392244] [nvblox_node]: Successfully wrote requested ESDF to MultiArrayMsg.
[component_container_mt-1] [INFO] [1788752032.213688193] [nvblox_node]: 
[component_container_mt-1] Received request for ESDF with:
[component_container_mt-1] update_esdf: 1
[component_container_mt-1] use_aabb: 1
[component_container_mt-1] visualize_esdf: 0
[component_container_mt-1] aabb_min_m: [-1.20, -2.60, 3.54],
[component_container_mt-1] aabb_size_m: [3.00, 3.00, 3.00]
[component_container_mt-1] [INFO] [1788752032.218960590] [nvblox_node]: Successfully wrote requested ESDF to MultiArrayMsg.
[component_container_mt-1] [INFO] [1788752032.513110263] [nvblox_node]: 
[component_container_mt-1] Received request for ESDF with:
[component_container_mt-1] update_esdf: 1
[component_container_mt-1] use_aabb: 1
[component_container_mt-1] visualize_esdf: 0
[component_container_mt-1] aabb_min_m: [-1.21, -2.66, 3.55],
[component_container_mt-1] aabb_size_m: [3.00, 3.00, 3.00]
[component_container_mt-1] [INFO] [1788752032.518999968] [nvblox_node]: Successfully wrote requested ESDF to MultiArrayMsg.
[component_container_mt-1] [INFO] [1788752032.813353860] [nvblox_node]: 
[component_container_mt-1] Received request for ESDF with:
[component_container_mt-1] update_esdf: 1
[component_container_mt-1] use_aabb: 1
[component_container_mt-1] visualize_esdf: 0
[component_container_mt-1] aabb_min_m: [-1.22, -2.72, 3.58],
[component_container_mt-1] aabb_size_m: [3.00, 3.00, 3.00]
[component_container_mt-1] [INFO] [1788752032.818652237] [nvblox_node]: Successfully wrote requested ESDF to MultiArrayMsg.
[component_container_mt-1] [INFO] [1788752033.113919252] [nvblox_node]: 
[component_container_mt-1] Received request for ESDF with:
[component_container_mt-1] update_esdf: 1
[component_container_mt-1] use_aabb: 1
[component_container_mt-1] visualize_esdf: 0
[component_container_mt-1] aabb_min_m: [-1.22, -2.77, 3.60],
[component_container_mt-1] aabb_size_m: [3.00, 3.00, 3.00]
[component_container_mt-1] [INFO] [1788752033.119069767] [nvblox_node]: Successfully wrote requested ESDF to MultiArrayMsg.
[component_container_mt-1] [INFO] [1788752033.413155701] [nvblox_node]: 
[component_container_mt-1] Received request for ESDF with:
[component_container_mt-1] update_esdf: 1
[component_container_mt-1] use_aabb: 1
[component_container_mt-1] visualize_esdf: 0
[component_container_mt-1] aabb_min_m: [-1.22, -2.83, 3.62],
[component_container_mt-1] aabb_size_m: [3.00, 3.00, 3.00]
[component_container_mt-1] [INFO] [1788752033.418911390] [nvblox_node]: Successfully wrote requested ESDF to MultiArrayMsg.
[component_container_mt-1] [INFO] [1788752033.713163611] [nvblox_node]: 
[component_container_mt-1] Received request for ESDF with:
[component_container_mt-1] update_esdf: 1
[component_container_mt-1] use_aabb: 1
[component_container_mt-1] visualize_esdf: 0
[component_container_mt-1] aabb_min_m: [-1.21, -2.89, 3.63],
[component_container_mt-1] aabb_size_m: [3.00, 3.00, 3.00]
[component_container_mt-1] [INFO] [1788752033.718592898] [nvblox_node]: Successfully wrote requested ESDF to MultiArrayMsg.
[component_container_mt-1] [INFO] [1788752034.013484238] [nvblox_node]: 
[component_container_mt-1] Received request for ESDF with:
[component_container_mt-1] update_esdf: 1
[component_container_mt-1] use_aabb: 1
[component_container_mt-1] visualize_esdf: 0
[component_container_mt-1] aabb_min_m: [-1.20, -2.94, 3.60],
[component_container_mt-1] aabb_size_m: [3.00, 3.00, 3.00]
[component_container_mt-1] [INFO] [1788752034.018895290] [nvblox_node]: Successfully wrote requested ESDF to MultiArrayMsg.
[component_container_mt-1] [INFO] [1788752034.313124249] [nvblox_node]: 
[component_container_mt-1] Received request for ESDF with:
[component_container_mt-1] update_esdf: 1
[component_container_mt-1] use_aabb: 1
[component_container_mt-1] visualize_esdf: 0
[component_container_mt-1] aabb_min_m: [-1.19, -3.00, 3.60],
[component_container_mt-1] aabb_size_m: [3.00, 3.00, 3.00]
[component_container_mt-1] [INFO] [1788752034.316262456] [nvblox_node]: Successfully wrote requested ESDF to MultiArrayMsg.
[component_container_mt-1] [INFO] [1788752034.613278371] [nvblox_node]: 
[component_container_mt-1] Received request for ESDF with:
[component_container_mt-1] update_esdf: 1
[component_container_mt-1] use_aabb: 1
[component_container_mt-1] visualize_esdf: 0
[component_container_mt-1] aabb_min_m: [-1.18, -3.04, 3.62],
[component_container_mt-1] aabb_size_m: [3.00, 3.00, 3.00]
[component_container_mt-1] [INFO] [1788752034.619498106] [nvblox_node]: Successfully wrote requested ESDF to MultiArrayMsg.
[component_container_mt-1] [INFO] [1788752034.913301594] [nvblox_node]: 
[component_container_mt-1] Received request for ESDF with:
[component_container_mt-1] update_esdf: 1
[component_container_mt-1] use_aabb: 1
[component_container_mt-1] visualize_esdf: 0
[component_container_mt-1] aabb_min_m: [-1.17, -3.09, 3.64],
[component_container_mt-1] aabb_size_m: [3.00, 3.00, 3.00]
[component_container_mt-1] [INFO] [1788752034.918698869] [nvblox_node]: Successfully wrote requested ESDF to MultiArrayMsg.
[component_container_mt-1] [INFO] [1788752035.213316482] [nvblox_node]: 
[component_container_mt-1] Received request for ESDF with:
[component_container_mt-1] update_esdf: 1
[component_container_mt-1] use_aabb: 1
[component_container_mt-1] visualize_esdf: 0
[component_container_mt-1] aabb_min_m: [-1.15, -3.12, 3.65],
[component_container_mt-1] aabb_size_m: [3.00, 3.00, 3.00]
[component_container_mt-1] [INFO] [1788752035.219076820] [nvblox_node]: Successfully wrote requested ESDF to MultiArrayMsg.
[component_container_mt-1] [INFO] [1788752035.513557342] [nvblox_node]: 
[component_container_mt-1] Received request for ESDF with:
[component_container_mt-1] update_esdf: 1
[component_container_mt-1] use_aabb: 1
[component_container_mt-1] visualize_esdf: 0
[component_container_mt-1] aabb_min_m: [-1.13, -3.16, 3.66],
[component_container_mt-1] aabb_size_m: [3.00, 3.00, 3.00]
[component_container_mt-1] [INFO] [1788752035.519555334] [nvblox_node]: Successfully wrote requested ESDF to MultiArrayMsg.
[component_container_mt-1] [INFO] [1788752035.813206604] [nvblox_node]: 
[component_container_mt-1] Received request for ESDF with:
[component_container_mt-1] update_esdf: 1
[component_container_mt-1] use_aabb: 1
[component_container_mt-1] visualize_esdf: 0
[component_container_mt-1] aabb_min_m: [-1.11, -3.19, 3.65],
[component_container_mt-1] aabb_size_m: [3.00, 3.00, 3.00]
[component_container_mt-1] [INFO] [1788752035.819465413] [nvblox_node]: Successfully wrote requested ESDF to MultiArrayMsg.
[component_container_mt-1] [INFO] [1788752036.113923142] [nvblox_node]: 
[component_container_mt-1] Received request for ESDF with:
[component_container_mt-1] update_esdf: 1
[component_container_mt-1] use_aabb: 1
[component_container_mt-1] visualize_esdf: 0
[component_container_mt-1] aabb_min_m: [-1.07, -3.22, 3.66],
[component_container_mt-1] aabb_size_m: [3.00, 3.00, 3.00]
[component_container_mt-1] [INFO] [1788752036.119479542] [nvblox_node]: Successfully wrote requested ESDF to MultiArrayMsg.
[component_container_mt-1] [INFO] [1788752036.413810581] [nvblox_node]: 
[component_container_mt-1] Received request for ESDF with:
[component_container_mt-1] update_esdf: 1
[component_container_mt-1] use_aabb: 1
[component_container_mt-1] visualize_esdf: 0
[component_container_mt-1] aabb_min_m: [-1.04, -3.25, 3.68],
[component_container_mt-1] aabb_size_m: [3.00, 3.00, 3.00]
[component_container_mt-1] [INFO] [1788752036.419706358] [nvblox_node]: Successfully wrote requested ESDF to MultiArrayMsg.
[component_container_mt-1] [INFO] [1788752036.713082395] [nvblox_node]: 
[component_container_mt-1] Received request for ESDF with:
[component_container_mt-1] update_esdf: 1
[component_container_mt-1] use_aabb: 1
[component_container_mt-1] visualize_esdf: 0
[component_container_mt-1] aabb_min_m: [-1.01, -3.28, 3.69],
[component_container_mt-1] aabb_size_m: [3.00, 3.00, 3.00]
[component_container_mt-1] [INFO] [1788752036.718932344] [nvblox_node]: Successfully wrote requested ESDF to MultiArrayMsg.
[component_container_mt-1] [INFO] [1788752037.013174203] [nvblox_node]: 
[component_container_mt-1] Received request for ESDF with:
[component_container_mt-1] update_esdf: 1
[component_container_mt-1] use_aabb: 1
[component_container_mt-1] visualize_esdf: 0
[component_container_mt-1] aabb_min_m: [-0.98, -3.31, 3.70],
[component_container_mt-1] aabb_size_m: [3.00, 3.00, 3.00]
[component_container_mt-1] [INFO] [1788752037.019127420] [nvblox_node]: Successfully wrote requested ESDF to MultiArrayMsg.
[component_container_mt-1] [INFO] [1788752037.313486706] [nvblox_node]: 
[component_container_mt-1] Received request for ESDF with:
[component_container_mt-1] update_esdf: 1
[component_container_mt-1] use_aabb: 1
[component_container_mt-1] visualize_esdf: 0
[component_container_mt-1] aabb_min_m: [-0.95, -3.33, 3.71],
[component_container_mt-1] aabb_size_m: [3.00, 3.00, 3.00]
[component_container_mt-1] [INFO] [1788752037.319204553] [nvblox_node]: Successfully wrote requested ESDF to MultiArrayMsg.
[component_container_mt-1] [INFO] [1788752037.613345061] [nvblox_node]: 
[component_container_mt-1] Received request for ESDF with:
[component_container_mt-1] update_esdf: 1
[component_container_mt-1] use_aabb: 1
[component_container_mt-1] visualize_esdf: 0
[component_container_mt-1] aabb_min_m: [-0.92, -3.35, 3.72],
[component_container_mt-1] aabb_size_m: [3.00, 3.00, 3.00]
[component_container_mt-1] [INFO] [1788752037.618753729] [nvblox_node]: Successfully wrote requested ESDF to MultiArrayMsg.
[component_container_mt-1] [INFO] [1788752037.913045095] [nvblox_node]: 
[component_container_mt-1] Received request for ESDF with:
[component_container_mt-1] update_esdf: 1
[component_container_mt-1] use_aabb: 1
[component_container_mt-1] visualize_esdf: 0
[component_container_mt-1] aabb_min_m: [-0.89, -3.38, 3.73],
[component_container_mt-1] aabb_size_m: [3.00, 3.00, 3.00]
[component_container_mt-1] [INFO] [1788752037.919268257] [nvblox_node]: Successfully wrote requested ESDF to MultiArrayMsg.
[component_container_mt-1] [INFO] [1788752038.213243742] [nvblox_node]: 
[component_container_mt-1] Received request for ESDF with:
[component_container_mt-1] update_esdf: 1
[component_container_mt-1] use_aabb: 1
[component_container_mt-1] visualize_esdf: 0
[component_container_mt-1] aabb_min_m: [-0.85, -3.40, 3.74],
[component_container_mt-1] aabb_size_m: [3.00, 3.00, 3.00]
[component_container_mt-1] [INFO] [1788752038.219341194] [nvblox_node]: Successfully wrote requested ESDF to MultiArrayMsg.
[component_container_mt-1] [INFO] [1788752038.513243430] [nvblox_node]: 
[component_container_mt-1] Received request for ESDF with:
[component_container_mt-1] update_esdf: 1
[component_container_mt-1] use_aabb: 1
[component_container_mt-1] visualize_esdf: 0
[component_container_mt-1] aabb_min_m: [-0.82, -3.43, 3.75],
[component_container_mt-1] aabb_size_m: [3.00, 3.00, 3.00]
[component_container_mt-1] [INFO] [1788752038.519431785] [nvblox_node]: Successfully wrote requested ESDF to MultiArrayMsg.
[component_container_mt-1] [INFO] [1788752038.813319474] [nvblox_node]: 
[component_container_mt-1] Received request for ESDF with:
[component_container_mt-1] update_esdf: 1
[component_container_mt-1] use_aabb: 1
[component_container_mt-1] visualize_esdf: 0
[component_container_mt-1] aabb_min_m: [-0.79, -3.45, 3.76],
[component_container_mt-1] aabb_size_m: [3.00, 3.00, 3.00]
[component_container_mt-1] [INFO] [1788752038.818688586] [nvblox_node]: Successfully wrote requested ESDF to MultiArrayMsg.
[component_container_mt-1] [INFO] [1788752039.114284244] [nvblox_node]: 
[component_container_mt-1] Received request for ESDF with:
[component_container_mt-1] update_esdf: 1
[component_container_mt-1] use_aabb: 1
[component_container_mt-1] visualize_esdf: 0
[component_container_mt-1] aabb_min_m: [-0.75, -3.47, 3.77],
[component_container_mt-1] aabb_size_m: [3.00, 3.00, 3.00]
[component_container_mt-1] [INFO] [1788752039.118766364] [nvblox_node]: Successfully wrote requested ESDF to MultiArrayMsg.
[component_container_mt-1] [INFO] [1788752039.413565324] [nvblox_node]: 
[component_container_mt-1] Received request for ESDF with:
[component_container_mt-1] update_esdf: 1
[component_container_mt-1] use_aabb: 1
[component_container_mt-1] visualize_esdf: 0
[component_container_mt-1] aabb_min_m: [-0.71, -3.49, 3.78],
[component_container_mt-1] aabb_size_m: [3.00, 3.00, 3.00]
[component_container_mt-1] [INFO] [1788752039.419858158] [nvblox_node]: Successfully wrote requested ESDF to MultiArrayMsg.
[component_container_mt-1] [INFO] [1788752039.712985449] [nvblox_node]: 
[component_container_mt-1] Received request for ESDF with:
[component_container_mt-1] update_esdf: 1
[component_container_mt-1] use_aabb: 1
[component_container_mt-1] visualize_esdf: 0
[component_container_mt-1] aabb_min_m: [-0.68, -3.51, 3.79],
[component_container_mt-1] aabb_size_m: [3.00, 3.00, 3.00]
[component_container_mt-1] [INFO] [1788752039.716598461] [nvblox_node]: Successfully wrote requested ESDF to MultiArrayMsg.
[component_container_mt-1] [INFO] [1788752040.013266216] [nvblox_node]: 
[component_container_mt-1] Received request for ESDF with:
[component_container_mt-1] update_esdf: 1
[component_container_mt-1] use_aabb: 1
[component_container_mt-1] visualize_esdf: 0
[component_container_mt-1] aabb_min_m: [-0.64, -3.52, 3.80],
[component_container_mt-1] aabb_size_m: [3.00, 3.00, 3.00]
[component_container_mt-1] [INFO] [1788752040.019538662] [nvblox_node]: Successfully wrote requested ESDF to MultiArrayMsg.
[component_container_mt-1] [INFO] [1788752040.313163204] [nvblox_node]: 
[component_container_mt-1] Received request for ESDF with:
[component_container_mt-1] update_esdf: 1
[component_container_mt-1] use_aabb: 1
[component_container_mt-1] visualize_esdf: 0
[component_container_mt-1] aabb_min_m: [-0.60, -3.54, 3.81],
[component_container_mt-1] aabb_size_m: [3.00, 3.00, 3.00]
[component_container_mt-1] [INFO] [1788752040.316466495] [nvblox_node]: Successfully wrote requested ESDF to MultiArrayMsg.
[component_container_mt-1] [INFO] [1788752040.613300960] [nvblox_node]: 
[component_container_mt-1] Received request for ESDF with:
[component_container_mt-1] update_esdf: 1
[component_container_mt-1] use_aabb: 1
[component_container_mt-1] visualize_esdf: 0
[component_container_mt-1] aabb_min_m: [-0.56, -3.56, 3.82],
[component_container_mt-1] aabb_size_m: [3.00, 3.00, 3.00]
[component_container_mt-1] [INFO] [1788752040.619300686] [nvblox_node]: Successfully wrote requested ESDF to MultiArrayMsg.
[component_container_mt-1] [INFO] [1788752040.913137903] [nvblox_node]: 
[component_container_mt-1] Received request for ESDF with:
[component_container_mt-1] update_esdf: 1
[component_container_mt-1] use_aabb: 1
[component_container_mt-1] visualize_esdf: 0
[component_container_mt-1] aabb_min_m: [-0.52, -3.58, 3.82],
[component_container_mt-1] aabb_size_m: [3.00, 3.00, 3.00]
[component_container_mt-1] [INFO] [1788752040.918911678] [nvblox_node]: Successfully wrote requested ESDF to MultiArrayMsg.
[component_container_mt-1] [INFO] [1788752041.213193545] [nvblox_node]: 
[component_container_mt-1] Received request for ESDF with:
[component_container_mt-1] update_esdf: 1
[component_container_mt-1] use_aabb: 1
[component_container_mt-1] visualize_esdf: 0
[component_container_mt-1] aabb_min_m: [-0.47, -3.59, 3.82],
[component_container_mt-1] aabb_size_m: [3.00, 3.00, 3.00]
[component_container_mt-1] [INFO] [1788752041.218778359] [nvblox_node]: Successfully wrote requested ESDF to MultiArrayMsg.
[component_container_mt-1] [INFO] [1788752041.513607161] [nvblox_node]: 
[component_container_mt-1] Received request for ESDF with:
[component_container_mt-1] update_esdf: 1
[component_container_mt-1] use_aabb: 1
[component_container_mt-1] visualize_esdf: 0
[component_container_mt-1] aabb_min_m: [-0.43, -3.59, 3.82],
[component_container_mt-1] aabb_size_m: [3.00, 3.00, 3.00]
[component_container_mt-1] [INFO] [1788752041.519575597] [nvblox_node]: Successfully wrote requested ESDF to MultiArrayMsg.
[component_container_mt-1] [INFO] [1788752041.813179251] [nvblox_node]: 
[component_container_mt-1] Received request for ESDF with:
[component_container_mt-1] update_esdf: 1
[component_container_mt-1] use_aabb: 1
[component_container_mt-1] visualize_esdf: 0
[component_container_mt-1] aabb_min_m: [-0.37, -3.58, 3.82],
[component_container_mt-1] aabb_size_m: [3.00, 3.00, 3.00]
[component_container_mt-1] [INFO] [1788752041.819090408] [nvblox_node]: Successfully wrote requested ESDF to MultiArrayMsg.
[component_container_mt-1] [INFO] [1788752042.114405378] [nvblox_node]: 
[component_container_mt-1] Received request for ESDF with:
[component_container_mt-1] update_esdf: 1
[component_container_mt-1] use_aabb: 1
[component_container_mt-1] visualize_esdf: 0
[component_container_mt-1] aabb_min_m: [-0.33, -3.58, 3.84],
[component_container_mt-1] aabb_size_m: [3.00, 3.00, 3.00]
[component_container_mt-1] [INFO] [1788752042.119322679] [nvblox_node]: Successfully wrote requested ESDF to MultiArrayMsg.
[component_container_mt-1] [INFO] [1788752042.413337861] [nvblox_node]: 
[component_container_mt-1] Received request for ESDF with:
[component_container_mt-1] update_esdf: 1
[component_container_mt-1] use_aabb: 1
[component_container_mt-1] visualize_esdf: 0
[component_container_mt-1] aabb_min_m: [-0.31, -3.60, 3.86],
[component_container_mt-1] aabb_size_m: [3.00, 3.00, 3.00]
[component_container_mt-1] [INFO] [1788752042.416434999] [nvblox_node]: Successfully wrote requested ESDF to MultiArrayMsg.
[component_container_mt-1] [INFO] [1788752042.713405299] [nvblox_node]: 
[component_container_mt-1] Received request for ESDF with:
[component_container_mt-1] update_esdf: 1
[component_container_mt-1] use_aabb: 1
[component_container_mt-1] visualize_esdf: 0
[component_container_mt-1] aabb_min_m: [-0.31, -3.63, 3.88],
[component_container_mt-1] aabb_size_m: [3.00, 3.00, 3.00]
[component_container_mt-1] [INFO] [1788752042.720439207] [nvblox_node]: Successfully wrote requested ESDF to MultiArrayMsg.
[component_container_mt-1] [INFO] [1788752043.013080499] [nvblox_node]: 
[component_container_mt-1] Received request for ESDF with:
[component_container_mt-1] update_esdf: 1
[component_container_mt-1] use_aabb: 1
[component_container_mt-1] visualize_esdf: 0
[component_container_mt-1] aabb_min_m: [-0.33, -3.67, 3.89],
[component_container_mt-1] aabb_size_m: [3.00, 3.00, 3.00]
[component_container_mt-1] [INFO] [1788752043.020498169] [nvblox_node]: Successfully wrote requested ESDF to MultiArrayMsg.
[component_container_mt-1] [INFO] [1788752043.313084749] [nvblox_node]: 
[component_container_mt-1] Received request for ESDF with:
[component_container_mt-1] update_esdf: 1
[component_container_mt-1] use_aabb: 1
[component_container_mt-1] visualize_esdf: 0
[component_container_mt-1] aabb_min_m: [-0.35, -3.73, 3.90],
[component_container_mt-1] aabb_size_m: [3.00, 3.00, 3.00]
[component_container_mt-1] [INFO] [1788752043.320490607] [nvblox_node]: Successfully wrote requested ESDF to MultiArrayMsg.
[component_container_mt-1] [INFO] [1788752043.613095702] [nvblox_node]: 
[component_container_mt-1] Received request for ESDF with:
[component_container_mt-1] update_esdf: 1
[component_container_mt-1] use_aabb: 1
[component_container_mt-1] visualize_esdf: 0
[component_container_mt-1] aabb_min_m: [-0.37, -3.78, 3.92],
[component_container_mt-1] aabb_size_m: [3.00, 3.00, 3.00]
[component_container_mt-1] [INFO] [1788752043.620059847] [nvblox_node]: Successfully wrote requested ESDF to MultiArrayMsg.
[component_container_mt-1] [INFO] [1788752043.913137994] [nvblox_node]: 
[component_container_mt-1] Received request for ESDF with:
[component_container_mt-1] update_esdf: 1
[component_container_mt-1] use_aabb: 1
[component_container_mt-1] visualize_esdf: 0
[component_container_mt-1] aabb_min_m: [-0.39, -3.84, 3.93],
[component_container_mt-1] aabb_size_m: [3.00, 3.00, 3.00]
[component_container_mt-1] [INFO] [1788752043.919833207] [nvblox_node]: Successfully wrote requested ESDF to MultiArrayMsg.
[component_container_mt-1] [INFO] [1788752044.213156884] [nvblox_node]: 
[component_container_mt-1] Received request for ESDF with:
[component_container_mt-1] update_esdf: 1
[component_container_mt-1] use_aabb: 1
[component_container_mt-1] visualize_esdf: 0
[component_container_mt-1] aabb_min_m: [-0.41, -3.90, 3.95],
[component_container_mt-1] aabb_size_m: [3.00, 3.00, 3.00]
[component_container_mt-1] [INFO] [1788752044.219789317] [nvblox_node]: Successfully wrote requested ESDF to MultiArrayMsg.
[component_container_mt-1] [INFO] [1788752044.513142652] [nvblox_node]: 
[component_container_mt-1] Received request for ESDF with:
[component_container_mt-1] update_esdf: 1
[component_container_mt-1] use_aabb: 1
[component_container_mt-1] visualize_esdf: 0
[component_container_mt-1] aabb_min_m: [-0.44, -3.96, 3.97],
[component_container_mt-1] aabb_size_m: [3.00, 3.00, 3.00]
[component_container_mt-1] [INFO] [1788752044.519794762] [nvblox_node]: Successfully wrote requested ESDF to MultiArrayMsg.
[component_container_mt-1] [INFO] [1788752044.813144931] [nvblox_node]: 
[component_container_mt-1] Received request for ESDF with:
[component_container_mt-1] update_esdf: 1
[component_container_mt-1] use_aabb: 1
[component_container_mt-1] visualize_esdf: 0
[component_container_mt-1] aabb_min_m: [-0.46, -4.02, 3.98],
[component_container_mt-1] aabb_size_m: [3.00, 3.00, 3.00]
[component_container_mt-1] [INFO] [1788752044.820578652] [nvblox_node]: Successfully wrote requested ESDF to MultiArrayMsg.
[component_container_mt-1] [INFO] [1788752045.113803573] [nvblox_node]: 
[component_container_mt-1] Received request for ESDF with:
[component_container_mt-1] update_esdf: 1
[component_container_mt-1] use_aabb: 1
[component_container_mt-1] visualize_esdf: 0
[component_container_mt-1] aabb_min_m: [-0.48, -4.07, 4.00],
[component_container_mt-1] aabb_size_m: [3.00, 3.00, 3.00]
[component_container_mt-1] [INFO] [1788752045.119625259] [nvblox_node]: Successfully wrote requested ESDF to MultiArrayMsg.
[component_container_mt-1] [INFO] [1788752045.413180652] [nvblox_node]: 
[component_container_mt-1] Received request for ESDF with:
[component_container_mt-1] update_esdf: 1
[component_container_mt-1] use_aabb: 1
[component_container_mt-1] visualize_esdf: 0
[component_container_mt-1] aabb_min_m: [-0.50, -4.13, 4.02],
[component_container_mt-1] aabb_size_m: [3.00, 3.00, 3.00]
[component_container_mt-1] [INFO] [1788752045.420806209] [nvblox_node]: Successfully wrote requested ESDF to MultiArrayMsg.
[component_container_mt-1] [INFO] [1788752045.713627261] [nvblox_node]: 
[component_container_mt-1] Received request for ESDF with:
[component_container_mt-1] update_esdf: 1
[component_container_mt-1] use_aabb: 1
[component_container_mt-1] visualize_esdf: 0
[component_container_mt-1] aabb_min_m: [-0.52, -4.18, 4.04],
[component_container_mt-1] aabb_size_m: [3.00, 3.00, 3.00]
[component_container_mt-1] [INFO] [1788752045.721095979] [nvblox_node]: Successfully wrote requested ESDF to MultiArrayMsg.
[component_container_mt-1] [INFO] [1788752046.013364727] [nvblox_node]: 
[component_container_mt-1] Received request for ESDF with:
[component_container_mt-1] update_esdf: 1
[component_container_mt-1] use_aabb: 1
[component_container_mt-1] visualize_esdf: 0
[component_container_mt-1] aabb_min_m: [-0.54, -4.24, 4.06],
[component_container_mt-1] aabb_size_m: [3.00, 3.00, 3.00]
[component_container_mt-1] [INFO] [1788752046.019767361] [nvblox_node]: Successfully wrote requested ESDF to MultiArrayMsg.
[component_container_mt-1] [INFO] [1788752046.313243055] [nvblox_node]: 
[component_container_mt-1] Received request for ESDF with:
[component_container_mt-1] update_esdf: 1
[component_container_mt-1] use_aabb: 1
[component_container_mt-1] visualize_esdf: 0
[component_container_mt-1] aabb_min_m: [-0.55, -4.29, 4.07],
[component_container_mt-1] aabb_size_m: [3.00, 3.00, 3.00]
[component_container_mt-1] [INFO] [1788752046.319961351] [nvblox_node]: Successfully wrote requested ESDF to MultiArrayMsg.
[component_container_mt-1] [INFO] [1788752046.613253164] [nvblox_node]: 
[component_container_mt-1] Received request for ESDF with:
[component_container_mt-1] update_esdf: 1
[component_container_mt-1] use_aabb: 1
[component_container_mt-1] visualize_esdf: 0
[component_container_mt-1] aabb_min_m: [-0.57, -4.34, 4.05],
[component_container_mt-1] aabb_size_m: [3.00, 3.00, 3.00]
[component_container_mt-1] [INFO] [1788752046.621121995] [nvblox_node]: Successfully wrote requested ESDF to MultiArrayMsg.
[component_container_mt-1] [INFO] [1788752046.913165527] [nvblox_node]: 
[component_container_mt-1] Received request for ESDF with:
[component_container_mt-1] update_esdf: 1
[component_container_mt-1] use_aabb: 1
[component_container_mt-1] visualize_esdf: 0
[component_container_mt-1] aabb_min_m: [-0.58, -4.39, 4.06],
[component_container_mt-1] aabb_size_m: [3.00, 3.00, 3.00]
[component_container_mt-1] [INFO] [1788752046.916614807] [nvblox_node]: Successfully wrote requested ESDF to MultiArrayMsg.
[component_container_mt-1] [INFO] [1788752047.213535154] [nvblox_node]: 
[component_container_mt-1] Received request for ESDF with:
[component_container_mt-1] update_esdf: 1
[component_container_mt-1] use_aabb: 1
[component_container_mt-1] visualize_esdf: 0
[component_container_mt-1] aabb_min_m: [-0.59, -4.44, 4.05],
[component_container_mt-1] aabb_size_m: [3.00, 3.00, 3.00]
[component_container_mt-1] [INFO] [1788752047.221183084] [nvblox_node]: Successfully wrote requested ESDF to MultiArrayMsg.
[component_container_mt-1] [INFO] [1788752047.513094015] [nvblox_node]: 
[component_container_mt-1] Received request for ESDF with:
[component_container_mt-1] update_esdf: 1
[component_container_mt-1] use_aabb: 1
[component_container_mt-1] visualize_esdf: 0
[component_container_mt-1] aabb_min_m: [-0.62, -4.49, 4.06],
[component_container_mt-1] aabb_size_m: [3.00, 3.00, 3.00]
[component_container_mt-1] [INFO] [1788752047.519952088] [nvblox_node]: Successfully wrote requested ESDF to MultiArrayMsg.
[component_container_mt-1] [INFO] [1788752047.813065403] [nvblox_node]: 
[component_container_mt-1] Received request for ESDF with:
[component_container_mt-1] update_esdf: 1
[component_container_mt-1] use_aabb: 1
[component_container_mt-1] visualize_esdf: 0
[component_container_mt-1] aabb_min_m: [-0.65, -4.54, 4.07],
[component_container_mt-1] aabb_size_m: [3.00, 3.00, 3.00]
[component_container_mt-1] [INFO] [1788752047.820480799] [nvblox_node]: Successfully wrote requested ESDF to MultiArrayMsg.
[component_container_mt-1] [INFO] [1788752048.113768297] [nvblox_node]: 
[component_container_mt-1] Received request for ESDF with:
[component_container_mt-1] update_esdf: 1
[component_container_mt-1] use_aabb: 1
[component_container_mt-1] visualize_esdf: 0
[component_container_mt-1] aabb_min_m: [-0.69, -4.59, 4.09],
[component_container_mt-1] aabb_size_m: [3.00, 3.00, 3.00]
[component_container_mt-1] [INFO] [1788752048.118976032] [nvblox_node]: Successfully wrote requested ESDF to MultiArrayMsg.
[component_container_mt-1] [INFO] [1788752048.413314767] [nvblox_node]: 
[component_container_mt-1] Received request for ESDF with:
[component_container_mt-1] update_esdf: 1
[component_container_mt-1] use_aabb: 1
[component_container_mt-1] visualize_esdf: 0
[component_container_mt-1] aabb_min_m: [-0.72, -4.65, 4.11],
[component_container_mt-1] aabb_size_m: [3.00, 3.00, 3.00]
[component_container_mt-1] [INFO] [1788752048.416699835] [nvblox_node]: Successfully wrote requested ESDF to MultiArrayMsg.
[component_container_mt-1] [INFO] [1788752048.713510466] [nvblox_node]: 
[component_container_mt-1] Received request for ESDF with:
[component_container_mt-1] update_esdf: 1
[component_container_mt-1] use_aabb: 1
[component_container_mt-1] visualize_esdf: 0
[component_container_mt-1] aabb_min_m: [-0.76, -4.69, 4.12],
[component_container_mt-1] aabb_size_m: [3.00, 3.00, 3.00]
[component_container_mt-1] [INFO] [1788752048.718770680] [nvblox_node]: Successfully wrote requested ESDF to MultiArrayMsg.
[component_container_mt-1] [INFO] [1788752049.013174730] [nvblox_node]: 
[component_container_mt-1] Received request for ESDF with:
[component_container_mt-1] update_esdf: 1
[component_container_mt-1] use_aabb: 1
[component_container_mt-1] visualize_esdf: 0
[component_container_mt-1] aabb_min_m: [-0.78, -4.75, 4.11],
[component_container_mt-1] aabb_size_m: [3.00, 3.00, 3.00]
[component_container_mt-1] [INFO] [1788752049.016648207] [nvblox_node]: Successfully wrote requested ESDF to MultiArrayMsg.
[component_container_mt-1] [INFO] [1788752049.313118380] [nvblox_node]: 
[component_container_mt-1] Received request for ESDF with:
[component_container_mt-1] update_esdf: 1
[component_container_mt-1] use_aabb: 1
[component_container_mt-1] visualize_esdf: 0
[component_container_mt-1] aabb_min_m: [-0.79, -4.79, 4.12],
[component_container_mt-1] aabb_size_m: [3.00, 3.00, 3.00]
[component_container_mt-1] [INFO] [1788752049.319120721] [nvblox_node]: Successfully wrote requested ESDF to MultiArrayMsg.
[component_container_mt-1] [INFO] [1788752049.613206256] [nvblox_node]: 
[component_container_mt-1] Received request for ESDF with:
[component_container_mt-1] update_esdf: 1
[component_container_mt-1] use_aabb: 1
[component_container_mt-1] visualize_esdf: 0
[component_container_mt-1] aabb_min_m: [-0.77, -4.84, 4.12],
[component_container_mt-1] aabb_size_m: [3.00, 3.00, 3.00]
[component_container_mt-1] [INFO] [1788752049.618767896] [nvblox_node]: Successfully wrote requested ESDF to MultiArrayMsg.
[component_container_mt-1] [INFO] [1788752049.913156118] [nvblox_node]: 
[component_container_mt-1] Received request for ESDF with:
[component_container_mt-1] update_esdf: 1
[component_container_mt-1] use_aabb: 1
[component_container_mt-1] visualize_esdf: 0
[component_container_mt-1] aabb_min_m: [-0.74, -4.88, 4.13],
[component_container_mt-1] aabb_size_m: [3.00, 3.00, 3.00]
[component_container_mt-1] [INFO] [1788752049.918854559] [nvblox_node]: Successfully wrote requested ESDF to MultiArrayMsg.
[component_container_mt-1] [INFO] [1788752050.213400073] [nvblox_node]: 
[component_container_mt-1] Received request for ESDF with:
[component_container_mt-1] update_esdf: 1
[component_container_mt-1] use_aabb: 1
[component_container_mt-1] visualize_esdf: 0
[component_container_mt-1] aabb_min_m: [-0.71, -4.92, 4.14],
[component_container_mt-1] aabb_size_m: [3.00, 3.00, 3.00]
[component_container_mt-1] [INFO] [1788752050.216775873] [nvblox_node]: Successfully wrote requested ESDF to MultiArrayMsg.
[component_container_mt-1] [INFO] [1788752050.513675108] [nvblox_node]: 
[component_container_mt-1] Received request for ESDF with:
[component_container_mt-1] update_esdf: 1
[component_container_mt-1] use_aabb: 1
[component_container_mt-1] visualize_esdf: 0
[component_container_mt-1] aabb_min_m: [-0.68, -4.97, 4.14],
[component_container_mt-1] aabb_size_m: [3.00, 3.00, 3.00]
[component_container_mt-1] [INFO] [1788752050.518881671] [nvblox_node]: Successfully wrote requested ESDF to MultiArrayMsg.
[component_container_mt-1] [INFO] [1788752050.813290955] [nvblox_node]: 
[component_container_mt-1] Received request for ESDF with:
[component_container_mt-1] update_esdf: 1
[component_container_mt-1] use_aabb: 1
[component_container_mt-1] visualize_esdf: 0
[component_container_mt-1] aabb_min_m: [-0.65, -5.01, 4.15],
[component_container_mt-1] aabb_size_m: [3.00, 3.00, 3.00]
[component_container_mt-1] [INFO] [1788752050.818892361] [nvblox_node]: Successfully wrote requested ESDF to MultiArrayMsg.
[component_container_mt-1] [INFO] [1788752051.114120148] [nvblox_node]: 
[component_container_mt-1] Received request for ESDF with:
[component_container_mt-1] update_esdf: 1
[component_container_mt-1] use_aabb: 1
[component_container_mt-1] visualize_esdf: 0
[component_container_mt-1] aabb_min_m: [-0.63, -5.06, 4.16],
[component_container_mt-1] aabb_size_m: [3.00, 3.00, 3.00]
[component_container_mt-1] [INFO] [1788752051.119077476] [nvblox_node]: Successfully wrote requested ESDF to MultiArrayMsg.
[component_container_mt-1] [INFO] [1788752051.413153146] [nvblox_node]: 
[component_container_mt-1] Received request for ESDF with:
[component_container_mt-1] update_esdf: 1
[component_container_mt-1] use_aabb: 1
[component_container_mt-1] visualize_esdf: 0
[component_container_mt-1] aabb_min_m: [-0.59, -5.11, 4.17],
[component_container_mt-1] aabb_size_m: [3.00, 3.00, 3.00]
[component_container_mt-1] [INFO] [1788752051.419104129] [nvblox_node]: Successfully wrote requested ESDF to MultiArrayMsg.
[component_container_mt-1] [INFO] [1788752051.713560526] [nvblox_node]: 
[component_container_mt-1] Received request for ESDF with:
[component_container_mt-1] update_esdf: 1
[component_container_mt-1] use_aabb: 1
[component_container_mt-1] visualize_esdf: 0
[component_container_mt-1] aabb_min_m: [-0.56, -5.16, 4.18],
[component_container_mt-1] aabb_size_m: [3.00, 3.00, 3.00]
[component_container_mt-1] [INFO] [1788752051.718932545] [nvblox_node]: Successfully wrote requested ESDF to MultiArrayMsg.
[component_container_mt-1] [INFO] [1788752052.013311845] [nvblox_node]: 
[component_container_mt-1] Received request for ESDF with:
[component_container_mt-1] update_esdf: 1
[component_container_mt-1] use_aabb: 1
[component_container_mt-1] visualize_esdf: 0
[component_container_mt-1] aabb_min_m: [-0.53, -5.20, 4.19],
[component_container_mt-1] aabb_size_m: [3.00, 3.00, 3.00]
[component_container_mt-1] [INFO] [1788752052.018819182] [nvblox_node]: Successfully wrote requested ESDF to MultiArrayMsg.
[component_container_mt-1] [INFO] [1788752052.313247478] [nvblox_node]: 
[component_container_mt-1] Received request for ESDF with:
[component_container_mt-1] update_esdf: 1
[component_container_mt-1] use_aabb: 1
[component_container_mt-1] visualize_esdf: 0
[component_container_mt-1] aabb_min_m: [-0.50, -5.25, 4.20],
[component_container_mt-1] aabb_size_m: [3.00, 3.00, 3.00]
[component_container_mt-1] [INFO] [1788752052.318728264] [nvblox_node]: Successfully wrote requested ESDF to MultiArrayMsg.
[component_container_mt-1] [INFO] [1788752052.613362272] [nvblox_node]: 
[component_container_mt-1] Received request for ESDF with:
[component_container_mt-1] update_esdf: 1
[component_container_mt-1] use_aabb: 1
[component_container_mt-1] visualize_esdf: 0
[component_container_mt-1] aabb_min_m: [-0.46, -5.30, 4.22],
[component_container_mt-1] aabb_size_m: [3.00, 3.00, 3.00]
[component_container_mt-1] [INFO] [1788752052.619568552] [nvblox_node]: Successfully wrote requested ESDF to MultiArrayMsg.
[component_container_mt-1] [INFO] [1788752052.913252088] [nvblox_node]: 
[component_container_mt-1] Received request for ESDF with:
[component_container_mt-1] update_esdf: 1
[component_container_mt-1] use_aabb: 1
[component_container_mt-1] visualize_esdf: 0
[component_container_mt-1] aabb_min_m: [-0.42, -5.35, 4.23],
[component_container_mt-1] aabb_size_m: [3.00, 3.00, 3.00]
[component_container_mt-1] [INFO] [1788752052.918917817] [nvblox_node]: Successfully wrote requested ESDF to MultiArrayMsg.
[component_container_mt-1] [INFO] [1788752053.213250382] [nvblox_node]: 
[component_container_mt-1] Received request for ESDF with:
[component_container_mt-1] update_esdf: 1
[component_container_mt-1] use_aabb: 1
[component_container_mt-1] visualize_esdf: 0
[component_container_mt-1] aabb_min_m: [-0.38, -5.40, 4.25],
[component_container_mt-1] aabb_size_m: [3.00, 3.00, 3.00]
[component_container_mt-1] [INFO] [1788752053.218621148] [nvblox_node]: Successfully wrote requested ESDF to MultiArrayMsg.
[component_container_mt-1] [INFO] [1788752053.513498293] [nvblox_node]: 
[component_container_mt-1] Received request for ESDF with:
[component_container_mt-1] update_esdf: 1
[component_container_mt-1] use_aabb: 1
[component_container_mt-1] visualize_esdf: 0
[component_container_mt-1] aabb_min_m: [-0.35, -5.44, 4.26],
[component_container_mt-1] aabb_size_m: [3.00, 3.00, 3.00]
[component_container_mt-1] [INFO] [1788752053.519256278] [nvblox_node]: Successfully wrote requested ESDF to MultiArrayMsg.
